# Blender 4.3.2
# www.blender.org
mtllib background_texture.mtl
o test
v 0.584807 -0.017941 1.373224
v -0.750096 0.028522 1.446810
v 0.398483 0.029440 0.849855
v 0.649977 -0.017484 0.536959
v -0.508517 0.004591 1.665212
v -0.902106 0.002835 1.747169
v -0.982385 -0.007574 1.812570
v -1.100000 0.020583 -0.000000
v -0.909326 -0.019397 1.432386
v -0.407005 0.015329 1.383037
v -0.751998 -0.025547 0.695260
v -0.784251 0.002501 0.776750
v -0.577602 -0.020407 0.139592
v 0.067109 -0.015880 0.149502
v 0.725706 0.016293 1.098811
v -0.959056 0.003229 1.744367
v -0.588596 -0.019139 1.380691
v 0.411369 0.022076 0.454920
v 1.083969 0.007762 0.528884
v 0.949722 -0.001840 1.457486
v -0.848932 0.014815 0.698611
v 0.963291 0.025702 0.410113
v 0.917895 0.016198 1.754574
v 0.895694 0.001361 0.974181
v -1.059936 -0.025083 1.557113
v -0.208283 0.012890 1.408228
v -0.271929 -0.018878 0.592559
v 0.219604 -0.026043 1.666476
v 0.630839 0.001604 1.333557
v 0.407872 -0.023842 0.641626
v -0.022127 0.015578 0.640134
v 0.311066 0.016103 1.621238
v 0.479041 -0.028300 0.323769
v -0.255114 -0.027039 1.083459
v -0.406560 0.024244 1.299179
v 1.071125 -0.004151 0.985801
v 0.340001 0.000812 0.424143
v -0.527061 -0.008499 0.665013
v 0.066021 -0.027707 0.646769
v 0.433696 0.022168 0.274985
v -0.656037 0.020659 1.238811
v 0.479317 0.014523 1.242626
v 0.954773 0.004506 1.391694
v -0.479854 -0.000163 0.043512
v -0.451206 0.016602 0.534404
v 0.435699 -0.006397 0.137005
v 1.061662 -0.012392 0.576419
v 0.406397 0.021147 1.183210
v 0.463520 0.015433 0.323909
v -0.853876 0.027932 0.169157
v -0.244471 0.000234 1.785588
v 0.475422 -0.022885 0.648471
v -0.759770 0.027434 1.733004
v 0.825300 0.017753 0.247650
v 0.704411 0.028146 0.820928
v 0.694734 0.013184 1.162656
v 0.651425 0.008851 0.689641
v -0.915968 -0.012241 0.231036
v -0.561369 -0.008443 0.755344
v 0.552127 -0.026531 1.349145
v 0.985291 -0.027560 0.571488
v 0.861448 -0.007194 0.606862
v -0.187321 -0.007819 0.633258
v -0.072749 0.022325 0.707520
v 0.234284 0.028370 0.388093
v -0.822793 0.002948 1.603318
v 0.182806 -0.012920 0.878532
v -0.787568 -0.016777 0.366744
v 0.907043 -0.020200 0.398520
v 1.001719 -0.024661 0.492803
v 0.328799 0.010536 1.121825
v 0.551795 -0.010922 0.907124
v -0.062349 -0.025165 0.364079
v -0.087338 -0.029284 1.227436
v 0.641678 0.005736 0.752568
v 0.545726 -0.004413 1.855391
v -0.541809 -0.003182 0.147862
v -0.357913 0.020741 1.538161
v 0.307729 -0.013265 0.600916
v -0.599637 -0.013273 0.934878
v -0.406592 0.010551 0.291075
v 0.728583 -0.008603 0.638126
v 0.387433 0.024498 1.108561
v 0.951810 -0.027540 1.607672
v 0.280606 0.019186 1.749336
v -0.538703 0.010381 1.850961
v 0.089813 -0.000108 0.381314
v -0.673612 0.003928 1.684682
v -0.975357 -0.016197 0.320726
v -0.069695 0.014799 0.146243
v -0.701498 -0.007846 0.476009
v -0.999230 -0.026760 0.681262
v 1.052607 -0.021932 1.418751
v -0.286705 -0.012377 0.122677
v -0.444789 -0.006814 1.273755
v -0.862227 -0.024384 0.492941
v -0.828394 -0.017945 0.301846
v 0.416154 0.011951 1.037029
v 0.928470 -0.028821 0.111251
v -0.631133 -0.027834 1.356852
v 0.675077 -0.004559 0.553229
v 0.837648 0.002733 1.586271
v 0.938085 -0.023813 1.818001
v -0.711810 0.010139 0.441785
v 0.601459 -0.015974 1.589342
v 1.027460 0.028174 1.514262
v -0.823339 0.026923 0.552278
v -0.502990 -0.026962 0.785904
v 0.492383 -0.022510 1.773486
v -0.714673 -0.013636 1.027107
v 0.725170 -0.015458 0.825286
v 0.610473 -0.002619 0.532616
v 0.958882 -0.015861 0.084662
v 0.941669 -0.002825 0.389770
v 0.580454 0.024313 1.401175
v -0.343649 -0.014798 1.438024
v 0.688955 -0.001666 0.977953
v -0.009276 -0.013678 1.700667
v -0.332791 0.004755 0.178031
v -0.996569 -0.009366 1.103377
v -1.025730 0.018305 1.228621
v -0.250719 0.009306 1.411964
v -0.830572 0.017919 0.658630
v 0.403171 0.024922 0.082325
v 0.584698 0.006993 1.673357
v -0.029591 -0.025432 1.784921
v 0.070564 0.004952 0.527024
v -0.496356 -0.027851 0.238715
v -0.473833 -0.010953 1.079295
v -0.974004 -0.011691 1.091323
v -0.986202 0.024249 0.779820
v -0.412069 0.014373 0.290938
v 1.005148 0.023717 0.319416
v 0.942051 0.021002 1.534649
v 0.594149 -0.025390 1.137356
v 0.806431 0.015581 1.320251
v 0.828158 -0.001100 1.810153
v 0.303342 0.023062 0.770164
v 0.554186 0.027282 1.762380
v -0.564197 -0.024713 1.267522
v -1.000165 -0.005796 0.398325
v -0.827816 -0.011982 1.200750
v -0.612155 -0.014469 1.231499
v 0.878350 0.019242 0.200075
v 0.218592 -0.012655 0.891392
v 0.740104 0.014388 1.181989
v 0.719868 -0.020470 0.731964
v -0.559506 0.006823 0.742678
v 0.271791 -0.010227 0.910040
v 1.009803 -0.002753 1.639086
v -0.256784 0.025743 0.570945
v 0.569670 0.009161 0.007339
v 0.244291 0.014123 0.090845
v 0.059566 0.001183 1.364934
v -0.319911 0.015242 1.823123
v 0.173667 -0.006640 1.758975
v -0.398714 -0.013890 0.155757
v 0.033301 0.025926 1.576604
v 0.641389 -0.014016 1.431807
v 0.100606 -0.013370 0.458214
v 1.100000 0.007208 -0.000000
v -0.716304 0.020145 1.352578
v 1.087745 0.018100 1.633655
v 0.758469 -0.003327 0.371602
v -0.419788 -0.026376 0.734061
v 0.210539 0.015103 1.043344
v -0.012221 -0.003041 0.191084
v -0.200995 0.021555 0.778845
v -1.082893 0.005214 0.800433
v 0.729976 0.011876 0.911354
v 0.234021 -0.002161 1.431378
v 0.435456 0.020778 0.163892
v -0.267353 -0.008837 1.878904
v 0.677409 0.004197 1.728142
v 0.029679 -0.004926 0.223047
v -1.070628 0.009766 1.179764
v -1.071828 -0.018548 0.003121
v 0.092244 -0.005942 1.382333
v -0.416705 0.003586 0.193031
v -0.862347 -0.024345 1.448550
v -0.479545 0.003140 1.565865
v 1.052894 -0.025146 0.591764
v -0.290681 -0.024333 0.614503
v -0.107001 -0.024056 1.659533
v -0.903881 0.027494 1.428839
v -1.076960 -0.025617 1.331804
v -0.796217 -0.027880 1.197284
v 0.487593 -0.022933 1.260225
v -0.570165 0.011469 1.645233
v 0.558610 -0.027339 0.055442
v 0.593393 -0.024173 1.336849
v 0.936185 0.023202 0.714431
v -0.067415 -0.000060 0.206340
v -0.754874 -0.005430 0.370591
v -0.540588 0.026503 0.579654
v 0.986125 0.007658 1.291323
v -0.230774 0.007752 0.572802
v 1.040872 0.013166 1.620040
v -0.517222 -0.018391 1.233360
v -0.148467 -0.002589 1.439297
v -0.436605 0.011420 0.181921
v -0.174405 -0.029314 1.424975
v 1.039454 0.014925 0.407859
v 0.404522 0.013256 0.879085
v 0.338472 -0.011292 1.521371
v 0.754001 0.010287 0.881178
v 0.589447 0.020879 0.164019
v -0.058590 -0.020561 1.082229
v 1.009134 -0.018596 0.280055
v -1.082981 0.023433 1.586420
v 0.980548 0.024288 1.565976
v -0.723881 0.007049 0.080884
v 0.136725 -0.013015 1.213411
v -0.177057 -0.027973 1.397051
v -0.212619 -0.002002 1.128621
v -0.614938 -0.002429 1.655516
v 0.746786 -0.007449 1.761924
v -0.789953 0.029959 0.872096
v -0.645650 -0.010627 1.385889
v 0.435952 -0.029310 1.450819
v -0.037314 -0.008788 0.870086
v -0.972594 -0.007108 0.376270
v 0.954753 0.027586 0.080395
v 0.158987 -0.026088 1.778929
v -0.709712 0.000160 0.698500
v 0.286347 0.007293 0.728879
v 0.868294 -0.017721 0.770089
v -0.500194 0.014509 1.800656
v -0.287846 -0.006264 1.470015
v 0.180228 0.017158 0.666035
v 0.323502 0.008603 0.547336
v -0.980396 -0.014838 1.652549
v -0.545532 0.006519 0.372022
v -0.941636 -0.016345 0.940699
v -0.531624 0.013212 1.856058
v 0.607057 -0.011992 1.162662
v -0.409251 0.015131 1.410056
v -0.376238 -0.003161 1.454535
v 0.735759 -0.004245 1.861669
v 0.517068 0.002525 1.379230
v 0.540199 -0.027365 0.688752
v -0.668893 -0.019154 0.736277
v 0.278231 0.007526 0.863948
v 0.719873 -0.018365 1.060193
v -0.180702 0.025183 0.759066
v 0.415707 -0.014152 0.683440
v 1.005436 0.021874 0.539620
v 0.531396 -0.019936 0.497628
v 0.986434 0.015345 1.481065
v 0.611061 0.018875 1.743995
v 0.072449 0.025220 0.176182
v 0.033733 -0.013475 1.788708
v 0.216707 -0.013539 1.460037
v 0.663246 0.003976 0.018643
v -0.424929 -0.007812 0.311544
v 0.359595 0.020172 1.481600
v -0.764662 0.016467 0.130206
v 0.232873 -0.014796 0.277125
v 0.276202 0.027741 0.691793
v -0.522819 -0.024921 0.902912
v -0.937695 0.000927 1.540406
v -0.319699 0.028117 0.236366
v 0.682355 -0.016702 1.430984
v 0.958794 0.010912 1.249366
v -1.035586 -0.004564 1.145174
v -0.333524 0.009837 0.566179
v 0.329997 -0.022500 0.209491
v 0.438438 0.029537 0.545435
v -0.505313 0.026732 1.696445
v -0.103814 0.002706 1.391664
v 1.020636 0.003070 1.759854
v 0.723366 0.018508 1.656151
v 0.800750 -0.026910 0.328926
v 0.381632 0.026163 1.213798
v -0.795077 0.024720 0.698826
v -0.570912 0.025501 0.258581
v -0.337829 0.013148 1.554176
v -0.246904 -0.003967 0.101271
v -0.011904 -0.004369 1.045799
v 0.882178 -0.019485 1.777307
v -0.775309 0.011341 0.110228
v -0.402155 0.024884 0.167412
v 0.535483 0.026623 1.007984
v -0.641904 0.016312 1.212344
v 0.353361 -0.000440 1.201412
v -0.777583 -0.012201 0.470121
v -0.987593 -0.028515 0.699287
v -0.025792 -0.024155 0.369349
v -0.793246 -0.017319 0.699162
v -0.688148 0.018659 1.774193
v -0.936363 0.027566 0.651765
v -0.580914 0.000224 0.379754
v 0.708609 0.024963 1.073750
v 0.726258 0.020469 0.333555
v 0.588021 0.000736 0.810369
v 0.057839 -0.016666 0.401457
v 0.329177 0.005174 0.301636
v -0.446309 -0.011501 0.078047
v -0.635667 -0.003714 0.353142
v -0.332719 -0.020315 0.513004
v 0.322918 -0.011171 0.134242
v -0.871572 0.002991 0.520559
v 0.696031 0.013699 1.763165
v 0.657286 0.007693 0.876614
v -0.201925 -0.012722 0.078008
v -0.770626 -0.021423 0.640751
v 0.510311 0.025654 1.511044
v 0.140556 -0.025439 0.738572
v 0.409832 -0.012714 0.261829
v 0.733025 0.011937 0.591811
v 0.560061 0.003776 0.400131
v -0.264669 -0.024952 0.567648
v -0.052250 0.018872 0.023665
v 1.071769 0.023152 1.004497
v 0.621979 -0.003413 0.183031
v -0.814629 -0.007391 0.901173
v -0.436067 -0.022999 1.393785
v 0.322675 0.012511 1.553213
v 0.191281 0.016214 1.687273
v 0.743093 0.014081 1.436364
v 0.520986 0.028219 1.730602
v 1.033959 0.028039 1.793640
v -1.031234 0.021496 0.176296
v 0.373792 0.000310 0.325214
v 0.539507 -0.010715 0.921920
v -0.268931 -0.006857 0.639585
v -0.491638 -0.029085 0.553558
v 0.469534 0.000495 1.310635
v -0.065341 0.017842 0.599724
v -0.210584 0.005766 0.237249
v 0.518914 -0.028410 0.330994
v -0.813516 0.021717 0.485910
v -0.981021 0.008410 1.083475
v -0.570306 0.028640 0.719257
v -0.006271 0.001602 1.107027
v 0.378583 0.001704 1.066602
v 0.528272 -0.028483 1.710149
v 0.269554 0.021585 1.705570
v 0.160292 0.023917 0.154954
v 0.794091 0.020645 0.661612
v 0.679973 0.014653 0.536736
v 0.902028 0.027102 1.206521
v 0.209680 -0.010440 0.646771
v 0.673300 -0.017267 1.293990
v 0.102636 0.028249 0.102718
v -0.723683 0.027592 0.974025
v 1.100000 0.003678 1.881000
v 0.902656 -0.008089 1.414090
v 0.418270 0.021896 1.099730
v -0.688438 -0.013501 1.208849
v 0.009469 -0.026150 1.756968
v 0.759562 -0.003253 1.155048
v -0.681360 -0.028129 1.444000
v -0.120708 -0.027744 0.573137
v -0.561245 0.008081 0.365686
v 0.598757 0.012963 1.841150
v -0.808070 -0.012356 0.147851
v 0.621267 -0.016120 0.985987
v -0.499257 -0.022862 1.093825
v -0.277777 -0.017550 0.343015
v -0.795229 -0.007702 0.069789
v -0.286698 0.027018 1.817798
v -0.050495 -0.018537 0.452073
v -0.512463 0.012821 0.600050
v 0.462261 0.024645 1.731616
v -0.742569 -0.024598 0.224199
v -0.444588 0.009738 1.670194
v 0.983188 0.017908 0.402230
v 0.339656 0.015226 1.190818
v -1.063525 0.013268 0.313341
v -0.545361 -0.015972 1.387349
v 0.086683 0.022795 0.907653
v 0.929777 0.028139 0.260909
v 1.078461 -0.015824 0.631714
v 0.712950 -0.026649 0.939268
v -0.302645 -0.019316 0.313864
v 0.783827 -0.015295 1.198150
v -0.976726 0.016418 1.568896
v 0.569780 0.026507 0.906125
v -0.596574 0.019707 1.621225
v 1.024895 0.017901 1.350772
v 0.694857 0.018707 1.504518
v -1.041941 -0.007140 0.035916
v 0.750990 -0.012473 0.427664
v 1.034843 -0.013272 1.859391
v 1.000891 0.020191 0.790745
v 0.360360 -0.018604 0.202943
v -0.568404 0.006024 0.780494
v 0.823419 0.027877 1.364380
v 0.150700 -0.000889 0.228636
v -0.267422 -0.028348 1.866189
v 0.026789 -0.019865 1.535416
v -1.023303 0.004867 1.313424
v 0.637291 -0.003156 1.848138
v 0.784573 0.028762 1.566680
v -1.013260 0.003944 0.974849
v 0.137238 -0.019185 1.695109
v 0.426409 0.026522 0.293587
v 0.651417 -0.005531 1.426999
v -1.043857 0.026543 0.075790
v 0.376491 0.004091 1.092597
v -0.418289 0.024652 1.369856
v 1.003368 0.029449 1.615894
v 0.455420 0.009067 0.519553
v -0.699856 0.007859 0.107703
v 0.333150 0.015284 1.426576
v 0.137904 0.022613 0.166552
v 1.003782 0.024949 0.981603
v 0.105292 -0.004705 0.472048
v -0.164209 0.017349 0.897552
v -0.768955 -0.018481 1.229424
v -0.011592 -0.020812 0.421687
v -0.191421 -0.016007 0.279004
v 0.946290 -0.015891 1.757867
v 0.004532 0.017944 1.440852
v -0.764798 0.000091 1.639263
v -0.201616 0.000520 1.602508
v 0.146520 -0.023196 0.601145
v -0.941582 -0.029187 1.160716
v -0.439240 -0.014644 0.464658
v 0.906776 0.028805 1.002079
v 0.636154 0.004482 1.451724
v -0.441448 0.027732 1.402703
v 0.126071 -0.016843 1.880559
v -0.598327 -0.006175 0.978913
v -1.078180 -0.014858 0.060017
v -0.816922 0.010357 0.343737
v 0.784845 -0.005538 0.589346
v 0.249833 -0.026603 0.931183
v -0.962296 -0.013736 1.602701
v -0.084642 0.005967 1.471890
v -0.774109 -0.004863 0.211462
v -1.044837 0.029788 0.399531
v -0.077227 0.018860 1.668918
v 1.053146 -0.026098 0.531126
v 0.482772 0.006742 1.631115
v 0.978961 -0.024642 0.916532
v -0.758962 0.014643 1.870756
v -0.894893 -0.016454 0.591312
v 1.037712 -0.015031 1.170913
v 0.995797 0.014549 0.208261
v -0.603327 0.002028 1.624063
v 0.636971 0.029324 0.257187
v 0.591372 0.003837 1.213968
v -0.197833 0.027037 0.137437
v 0.912164 -0.008762 1.781505
v -1.018842 0.022727 0.792578
v 0.388283 0.000170 1.299271
v 0.870030 0.025022 1.269420
v -0.981884 -0.017677 1.352486
v -0.363274 0.029262 0.987087
v 0.672993 0.013034 0.289372
v 0.444930 -0.009215 1.267166
v 0.407654 -0.026729 0.278522
v 0.146497 -0.008897 1.067220
v -0.457319 -0.013592 0.527996
v -0.664683 0.003316 0.404530
v 0.666634 -0.000111 1.509988
v 0.055366 0.029563 0.095509
v -0.995098 -0.024318 0.589861
v -0.590066 -0.001455 0.610096
v -1.099512 -0.012264 0.479419
v -0.696500 0.028864 1.733141
v 0.423120 -0.008851 1.391537
v -0.577387 0.026453 1.754974
v -0.728231 0.011353 0.930072
v 0.611514 -0.021838 0.057993
v -0.277653 -0.026485 0.675331
v -0.287902 0.017583 1.639722
v 0.793322 -0.012955 1.292004
v -0.643174 0.012045 1.129128
v -0.958246 -0.001531 0.158275
v 0.479191 -0.013425 1.528070
v 0.929497 -0.019469 1.353802
v -0.369076 -0.017367 1.791414
v 0.263231 0.012893 1.147498
v 0.647352 0.017437 0.054115
v -0.113607 -0.017237 1.350712
v 0.009775 0.016215 0.998772
v 0.858550 -0.001091 0.098828
v 0.060950 -0.013110 1.001909
v -0.564617 -0.005724 1.849205
v 0.503067 -0.014277 0.377365
v -0.548215 -0.028792 0.013962
v 0.651097 -0.005077 1.432314
v 0.271979 -0.026465 1.820869
v 0.340760 0.020171 1.866254
v -0.007539 -0.023056 0.678131
v -0.164719 0.008644 0.147032
v -0.387312 0.016865 0.160179
v -1.054510 0.025037 1.556214
v 1.039848 -0.009522 0.448907
v 0.712107 -0.020469 0.883804
v 0.892815 0.016148 0.861241
v 0.097925 -0.003891 0.450830
v -1.056869 0.015080 0.178343
v -0.129511 -0.008679 0.829089
v 0.182884 -0.021099 1.490140
v -0.506734 0.017051 1.072719
v -0.528687 0.001273 0.027946
v -0.030357 -0.003580 1.054039
v 1.085319 0.002286 0.562464
v -0.127442 0.019306 1.766105
v 0.004675 -0.002480 1.847840
v -0.869107 -0.020530 0.898748
v 0.906768 0.029593 1.101176
v -0.115133 -0.016051 0.687983
v 0.867491 -0.023892 1.862867
v -0.909137 -0.022356 1.863809
v -0.035861 -0.028364 0.817035
v 0.185701 -0.002137 1.052412
v 0.433904 -0.005289 0.979466
v 0.856309 0.007232 1.019850
v 0.991566 -0.017539 1.092041
v 0.899503 0.022088 0.313613
v -0.492809 0.027894 1.877984
v -0.892939 0.003694 0.571926
v 0.310876 -0.022001 0.997591
v -0.318813 -0.015355 0.148738
v 0.936795 0.015568 0.143747
v 0.075940 -0.019935 1.250630
v -0.579333 0.014447 1.435822
v -0.612792 0.004352 0.869402
v -0.402586 -0.008339 1.391297
v -0.517359 0.015343 1.351568
v 0.266309 -0.017894 0.008103
v -0.497834 0.004937 1.315412
v -0.878620 -0.012615 1.227634
v 0.712674 -0.010111 0.389366
v -0.747778 -0.018981 1.517367
v -0.994045 0.001253 0.597691
v 1.098010 0.027642 1.182781
v -0.358741 0.020433 1.708182
v 0.136583 -0.004936 1.645610
v 0.582405 0.005161 0.269915
v -0.836138 -0.001597 0.083741
v 1.022071 -0.029102 1.629890
v 0.474881 -0.028902 0.488053
v -0.114072 -0.004969 1.695042
v 0.249256 0.011959 0.918333
v 0.623217 -0.005831 0.313677
v 0.353585 -0.013452 0.175087
v 0.513531 0.007763 0.171248
v -0.563848 -0.000697 0.709567
v 0.134301 0.021442 0.559998
v -0.306791 0.020904 1.340751
v -0.415533 0.006780 0.736145
v 0.103575 0.014745 0.910014
v -0.589739 0.011155 0.869428
v -0.177827 0.022793 1.216733
v -0.786380 -0.000384 1.559961
v 0.636696 0.021115 0.367124
v 0.209623 0.007742 0.891604
v -0.070082 0.026124 1.170953
v -0.587393 0.023397 0.679257
v 0.314321 -0.014201 0.861003
v -0.772663 0.022586 0.082456
v 0.860438 0.015910 0.283765
v -1.002715 0.018406 0.594023
v -0.075129 -0.023179 1.401334
v -0.468899 -0.018368 1.107831
v -0.925341 -0.013115 1.315835
v -0.323780 -0.008163 1.192471
v -0.752471 -0.000665 1.376176
v -0.687664 0.023951 0.051798
v 0.037261 0.023347 0.741084
v -0.102167 0.000849 1.497956
v -1.070088 0.000283 1.138707
v -0.690532 0.001703 1.609596
v -0.018706 0.014052 0.246129
v 0.459630 0.008180 0.761074
v -0.943420 0.015557 0.601605
v -1.078904 0.006073 0.793401
v -0.512207 0.017287 0.792466
v -0.728670 -0.003778 1.068405
v 0.769194 0.012308 1.221302
v 0.261973 -0.022992 0.326262
v 0.692140 -0.005837 1.730697
v -0.515252 0.021316 1.560410
v -0.594760 0.007301 1.522637
v 1.018132 -0.002987 1.085997
v 1.087213 -0.000135 0.926902
v 0.547755 0.017222 1.059596
v -0.963118 -0.012940 1.219680
v -0.425506 0.015955 0.808720
v 0.266983 0.016341 1.352047
v 0.959367 0.018127 0.743395
v 0.274367 0.020977 0.284409
v 1.050165 -0.018815 0.500000
v -0.975044 0.029823 0.819977
v -0.562857 -0.015178 0.835680
v -0.937412 0.020787 0.130430
v 0.629602 0.001916 0.908440
v -0.300243 -0.000236 1.102589
v -0.838463 0.015406 1.126616
v 0.391875 -0.018927 0.172735
v -0.979413 -0.017018 1.051887
v 0.386634 -0.024053 1.857764
v 0.291135 -0.000562 0.501184
v 1.071245 0.020029 0.898176
v 1.047709 -0.019193 0.303730
v 0.831009 -0.007983 1.706965
v -1.038472 -0.016141 1.180566
v 1.090218 -0.013507 0.689328
v -0.940280 -0.003601 1.703966
v 0.771678 -0.012489 1.316220
v 0.869032 0.026187 1.283982
v 0.204565 0.013711 0.944352
v -0.916760 0.015987 1.751948
v -0.073185 -0.001051 0.575438
v -0.961836 -0.024477 0.859066
v -0.697119 -0.021276 1.144410
v 0.859907 0.020089 0.623859
v -0.708637 0.015785 1.480529
v 1.014553 0.010734 0.514888
v 0.345856 0.008460 0.909589
v -0.734134 0.001273 0.998133
v -0.973656 -0.018493 1.283899
v 0.283968 0.012754 0.775901
v 0.868073 0.028119 0.835061
v -0.822623 0.026034 0.976656
v 0.328737 -0.019804 1.654592
v 0.299498 -0.002585 0.784975
v 0.717254 0.003382 1.495240
v -0.190815 -0.019108 0.497014
v 0.077034 0.005013 1.158138
v -0.986970 0.019388 1.011209
v 1.060041 -0.005918 1.485135
v -0.556187 0.001773 1.626235
v 0.571687 -0.021201 0.266469
v 1.091435 0.008082 0.737872
v -0.531675 0.009711 1.182048
v -0.537137 -0.007721 0.620803
v 0.744324 -0.023524 0.765798
v 0.138855 0.004296 0.471399
v -0.503768 -0.010641 1.505083
v -0.367418 -0.020593 0.331083
v 0.295199 -0.023481 1.234460
v -0.829091 0.029230 0.502648
v -0.739025 -0.009964 1.451224
v 0.868198 0.000303 1.038505
v -0.583536 0.025825 1.259321
v 0.103967 -0.005971 0.230408
v -0.870084 0.011307 0.389562
v -0.296518 -0.001786 0.904992
v -0.333947 0.010346 1.758950
v 0.006717 0.006051 0.442039
v 0.461928 -0.000464 0.222860
v -0.993087 -0.017971 1.754221
v 0.673705 0.029790 0.400860
v 0.223440 0.012819 0.742336
v 0.284329 0.002214 0.614023
v -0.092421 0.009896 1.058985
v -0.799392 -0.003349 0.945035
v 1.059325 0.023787 0.578324
v -0.656293 -0.023869 0.807291
v -0.773843 0.011850 1.629474
v -0.013487 0.009316 0.606389
v 0.456317 -0.021628 1.808447
v 0.925730 -0.008332 0.798036
v 0.460531 -0.003409 1.220840
v -0.106753 0.027167 0.962668
v -0.374457 0.011870 1.509365
v 0.611116 0.027688 1.648052
v 0.560989 0.015165 0.348426
v -0.334872 -0.004207 1.536680
v -0.456938 -0.017707 0.924287
v 0.986014 -0.029746 1.442613
v 0.124826 -0.007489 1.632551
v -0.772132 0.029886 1.723021
v -0.102137 -0.013378 1.159820
v -0.987463 0.018116 1.313236
v -1.010825 0.013582 0.517314
v 0.107098 0.016653 0.834039
v -0.657619 0.023194 1.243545
v -0.741732 0.018976 0.605267
v 0.044586 0.024834 1.630366
v -0.280276 0.016165 1.032008
v -0.623862 0.003660 1.743373
v 0.782522 -0.002191 0.524900
v -1.012033 -0.005795 0.340264
v 0.090091 -0.019717 1.705747
v 0.931808 0.001205 0.746894
v -0.287833 -0.024623 1.342093
v -0.925970 -0.000984 0.360446
v -0.900434 -0.011836 1.709298
v 0.096821 -0.029328 0.287837
v -0.529481 -0.004122 0.829921
v -0.620312 -0.006408 1.187436
v -0.962879 -0.017029 0.024339
v 0.558153 0.016488 0.548463
v -0.970102 0.014152 1.140336
v 1.046397 0.018238 1.675721
v -0.987273 0.011701 1.763972
v 0.287816 0.027564 0.291113
v 0.149402 -0.006737 1.718419
v 0.114692 0.014209 1.375118
v 0.597877 -0.028402 0.558560
v -0.607532 0.010489 1.736761
v 0.180560 0.006174 1.113341
v -0.496534 0.002309 0.013632
v -0.308445 0.014129 0.696402
v -0.627026 -0.019504 0.875948
v -0.713373 -0.021948 1.613797
v 0.213723 -0.029808 1.305642
v -0.064982 0.014252 0.854474
v -0.443313 0.002232 1.007176
v 0.652640 0.010340 1.191520
v 0.134748 -0.010897 1.693933
v -1.060329 -0.009028 1.160365
v -0.057108 -0.014331 0.795658
v -0.159641 0.025592 1.023884
v 0.527428 -0.015995 0.171789
v -0.190644 0.014873 0.185701
v -0.215514 -0.025561 1.254259
v -1.057622 0.008258 1.369654
v -0.627919 -0.029383 1.278563
v 0.797862 0.020467 1.139042
v -0.794525 -0.000832 1.513134
v 0.723668 0.006321 0.273644
v -0.268787 -0.001034 1.857629
v 0.706366 0.021033 1.877818
v -0.853800 0.004237 1.741484
v -0.220501 -0.015377 1.001383
v 0.546613 0.023715 1.595093
v 0.958653 -0.009155 0.974459
v -1.047977 -0.012244 0.661688
v 0.650605 -0.024125 1.614193
v -0.705752 -0.004943 0.850672
v 0.543275 -0.003089 1.250216
v -0.776185 -0.014046 0.405359
v -0.829393 -0.028265 1.015023
v -0.723916 0.017657 0.158278
v -0.776795 0.009028 0.677576
v 0.028168 0.007833 0.333956
v -0.327299 0.001752 0.917886
v 0.194220 -0.011964 1.721434
v -0.457414 -0.025545 1.335288
v 0.671352 -0.014908 0.315004
v -0.137679 0.022040 1.812885
v -0.513256 -0.010393 1.195264
v 0.992366 0.011193 0.987070
v -0.377521 0.001518 0.567416
v -0.709589 -0.028270 0.416500
v 0.279176 -0.016142 1.756585
v -0.104533 0.028026 1.291569
v 0.770160 -0.013111 0.240504
v -1.021561 0.001210 0.364404
v 0.961275 0.001220 1.490839
v -0.410034 0.021710 0.152325
v -0.298015 -0.014125 0.149609
v -0.584182 -0.009002 0.264918
v 0.012301 0.023973 1.283345
v 0.622698 0.017307 0.465070
v 0.647089 -0.029694 1.120206
v 0.519687 0.028190 0.669335
v 0.287378 -0.026178 1.231148
v 0.660682 -0.007023 0.075353
v -0.230767 -0.010017 1.292059
v 0.030446 0.024410 0.692274
v 0.989169 -0.003615 0.967910
v 0.299628 0.011632 0.192437
v -1.039349 0.023143 1.506130
v 0.221421 -0.005937 1.208108
v 1.016685 0.010759 1.817838
v 0.242455 0.004877 0.143875
v 0.894191 0.007226 0.939995
v -0.960128 0.016591 1.125952
v 0.274573 -0.013781 1.236688
v 0.022825 0.014482 1.829420
v 0.284349 -0.025367 1.212217
v -0.627937 -0.020543 0.803236
v 0.847954 0.027365 0.672062
v 0.987964 0.026430 1.685355
v 0.576809 -0.029057 1.347615
v -0.339995 0.024282 1.183616
v 0.558252 -0.017209 0.686538
v -0.809122 -0.016362 1.373623
v 0.070323 0.028156 0.972546
v -0.035289 0.027501 1.779577
v -0.272725 -0.029135 0.349306
v -0.703325 -0.005315 1.052947
v 0.788765 0.015740 0.050776
v -0.275255 0.013303 0.284762
v -0.453959 0.018043 1.268112
v 0.906566 -0.029985 1.709827
v -0.074781 -0.022085 0.916152
v 0.519645 0.002838 1.344872
v 0.285612 0.008311 1.320890
v -0.636871 -0.014921 0.656091
v 0.512457 -0.026756 1.071638
v -1.093820 0.023087 0.887795
v 0.533106 -0.014694 0.245714
v -0.672002 -0.015231 0.834232
v 0.299554 -0.029535 0.195315
v -0.183387 0.013910 0.376444
v 0.528534 -0.024667 1.522298
v -0.997728 -0.015893 0.214354
v -0.228276 0.029241 1.166948
v 0.399774 0.021724 1.820124
v -1.050273 -0.016206 0.235952
v 0.127859 0.024125 0.811345
v -0.773843 -0.014316 1.361957
v 0.713345 -0.007419 0.591730
v -0.890280 -0.005817 0.246667
v 0.277705 -0.003529 1.792228
v 0.451975 -0.012640 1.740820
v -0.624561 -0.021281 1.570106
v 0.482128 0.022546 0.214723
v 0.997738 -0.000245 1.042026
v -0.807348 -0.026785 1.644350
v 0.351703 0.024051 1.268186
v -0.625490 0.024106 1.825079
v 0.548823 -0.007695 0.067668
v 0.942697 -0.020802 1.528901
v -0.005297 -0.023532 1.242499
v -0.265137 -0.022094 1.436007
v 0.552683 0.020405 0.806642
v -0.270411 -0.025704 0.529154
v 0.572353 0.029317 1.682869
v -0.179723 0.016095 0.725869
v -0.593567 0.012484 1.807578
v 0.658635 0.020095 0.820755
v -0.514135 0.026490 0.552801
v -0.921625 0.024570 0.976018
v 0.671571 -0.014700 1.724070
v -0.600980 -0.008718 1.428448
v 1.042322 0.021275 1.766688
v -0.407527 0.026999 0.727080
v -1.094384 0.012804 0.073128
v 0.298790 0.028606 0.612425
v -0.122355 -0.019771 0.105815
v -0.595430 -0.018066 0.172553
v -0.820133 0.008461 1.019653
v -0.528797 -0.021547 1.598537
v 0.068378 0.006659 1.775427
v 0.484498 0.010369 1.713237
v -0.217893 -0.001718 1.372661
v 0.538283 -0.006074 1.370613
v 0.260077 -0.000039 1.532943
v 0.540631 0.016827 0.708697
v -0.637322 0.002424 0.238503
v -0.853451 -0.004962 0.373557
v 0.538351 -0.001099 0.631048
v -0.171004 -0.012756 0.385768
v -0.688339 0.025974 1.660688
v 0.526456 -0.004677 1.363251
v -1.023025 -0.026908 0.995127
v 0.297727 -0.018803 1.159439
v 0.966072 0.029151 1.025772
v 0.360534 0.018026 0.404772
v -0.952834 0.006863 0.353137
v 0.773226 0.015288 1.185116
v 0.272550 0.006772 1.397989
v -0.414470 -0.004887 1.230510
v -0.688192 -0.020103 1.149381
v 1.071396 -0.025552 1.498657
v 1.078530 -0.000828 0.750411
v -0.984374 -0.022966 1.585990
v -0.831024 -0.008239 1.644217
v 0.761521 -0.018881 0.470004
v 0.325890 0.008032 0.533973
v -0.712747 0.017755 0.967817
v 0.713999 0.021817 1.559951
v -0.151665 0.017437 1.168902
v 0.870418 -0.005044 1.557156
v 0.389303 -0.017734 0.815885
v 1.067588 -0.022593 1.630491
v 0.155870 0.028980 0.687496
v -0.565558 0.020953 1.224996
v -0.975683 -0.000683 0.312769
v -0.024864 -0.004425 0.033265
v 0.613510 -0.018252 0.938829
v -0.047142 0.016842 0.740628
v 0.723143 -0.021563 0.088638
v 0.330559 -0.007931 0.077016
v -0.441033 -0.023766 0.906241
v -0.208019 -0.023051 0.106446
v 0.460529 -0.008950 0.813947
v 0.612850 0.005486 1.075610
v 0.672741 0.011085 1.362932
v -0.742338 -0.010097 0.741140
v 0.892636 0.008980 0.641266
v -1.091062 0.022829 0.571280
v 0.057470 -0.015588 0.128969
v 0.542360 0.022121 1.560842
v 1.050019 0.010567 1.797922
v 0.151984 -0.009249 1.294837
v -0.863249 0.009975 0.815568
v 0.090782 -0.015663 0.641914
v -0.142723 -0.007121 1.807255
v -0.201477 0.021752 1.566038
v 0.598503 -0.026575 1.692816
v -0.193916 -0.000546 1.370363
v -0.480516 -0.008305 1.201997
v -1.060884 0.000351 0.635664
v -0.728575 0.028917 0.683965
v -0.741971 -0.012008 1.007104
v -0.024214 0.002225 1.679034
v 0.842908 -0.003795 0.835557
v -1.006046 0.020652 1.315335
v -0.911661 -0.005319 1.265228
v 0.602140 0.019785 0.988639
v -0.322676 -0.011338 0.404214
v -0.898733 0.013880 0.054297
v -0.913816 -0.011962 1.721159
v 0.740541 0.023071 1.768913
v -0.784874 0.011516 0.313473
v -1.093958 -0.020989 0.452573
v 0.813803 -0.014226 1.008806
v 0.335956 0.016687 1.593773
v -0.177793 -0.012512 1.149088
v -0.418896 -0.023672 0.078555
v 0.416238 0.029275 1.803140
v 0.460315 -0.012940 1.455719
v 0.545847 -0.011536 1.500843
v -0.727526 0.006170 1.683463
v 0.317171 0.017205 0.739950
v 1.028240 -0.025370 1.443632
v -0.343129 -0.022896 0.537386
v -1.054257 -0.021499 0.028924
v 0.975458 0.012305 1.423019
v -0.688314 0.016691 0.761894
v -0.986898 -0.013776 1.830259
v 0.295710 0.007761 0.927564
v 0.900692 0.006712 0.622619
v -1.013507 0.028432 0.321992
v -0.129194 -0.001097 1.814961
v 0.491868 -0.018393 1.249446
v -0.162376 0.010091 0.797772
v -1.029378 -0.003598 1.753544
v 0.808379 -0.010346 1.046332
v 0.947056 -0.021576 0.869129
v 0.871760 -0.021061 1.870779
v -0.309526 -0.012399 1.530131
v 0.340141 0.000252 0.113460
v 0.055962 0.017009 0.016967
v -1.055937 0.004926 1.021090
v 0.928761 -0.018453 1.776061
v -0.377166 -0.024266 1.256860
v 1.073913 -0.013251 0.644234
v 0.345083 -0.019959 0.186276
v -0.783790 -0.017607 1.562204
v -0.389593 -0.029788 0.104086
v 0.139202 -0.014632 1.646730
v 1.027806 0.010858 0.517025
v -0.681813 -0.014432 0.346238
v 1.098527 0.009820 1.695320
v -0.720034 -0.015703 0.702563
v -0.876818 -0.012951 0.191451
v 0.088740 0.009172 1.159557
v -0.941288 -0.019943 0.893501
v -0.714249 0.005827 1.529900
v -1.069625 0.028812 1.301588
v 0.792921 -0.008064 1.337727
v -0.264012 0.007806 0.515487
v 0.761566 -0.022613 1.559000
v 0.667028 -0.007797 0.531960
v -0.578744 -0.029570 0.806329
v 0.807876 -0.019856 1.637817
v -0.550673 0.005032 0.574842
v -1.021543 -0.028454 1.601194
v 0.666576 -0.004938 1.167126
v -0.525049 -0.023582 1.471392
v -0.815463 0.021264 0.961431
v -0.989918 -0.027664 0.389773
v 0.570584 0.000860 1.011872
v -0.993419 -0.007779 1.373363
v 0.868777 0.006803 1.160073
v 0.936397 -0.013694 1.485016
v -0.475449 0.017494 1.751961
v 0.465433 -0.012826 1.648548
v 0.169556 -0.003348 0.779121
v 0.820758 -0.022212 1.649115
v -0.371469 0.027173 0.963602
v 0.330010 0.002843 0.159553
v -0.045727 -0.008144 1.347857
v -0.927754 -0.024315 0.173924
v -0.946071 -0.026278 0.204883
v 0.459188 0.009997 1.245415
v -0.580192 0.025726 0.233333
v 0.192873 0.006573 1.370137
v 0.819212 -0.005630 1.759046
v 0.844786 0.028761 0.782841
v -0.207450 0.001567 1.474769
v -0.266170 0.020150 0.039809
v 1.050280 0.018842 1.041372
v 0.398592 -0.013050 1.108047
v -0.323725 -0.023608 1.492027
v -0.750683 0.018467 0.786603
v -0.226743 -0.021948 1.501407
v 0.085514 -0.019625 0.413847
v -0.135917 -0.016585 1.175321
v 0.593372 0.003626 0.117407
v 1.070023 0.023444 1.751024
v -0.729444 -0.001927 0.708018
v -0.414038 0.015532 1.129535
v 0.336199 0.026353 0.723601
v -0.977596 -0.001030 0.068863
v 0.994632 -0.025599 0.964682
v -0.996237 0.020056 0.341072
v 0.662561 -0.026729 0.145148
v 0.210262 0.016826 0.655197
v -1.042332 0.005212 0.519713
v 1.040941 0.005146 0.168652
v 0.298112 0.020396 1.372257
v 0.468625 -0.014350 0.354462
v -0.893172 -0.017749 0.040130
v 0.860259 0.013495 1.305985
v 0.783025 -0.010394 0.906501
v 0.930335 -0.025739 0.300790
v 0.681066 0.022654 1.701836
v -0.646712 -0.026426 1.093546
v 0.927751 0.017612 0.622232
v 0.455092 -0.029029 0.779636
v -0.412747 0.025618 0.036325
v 0.060742 0.011940 1.304999
v 0.416409 -0.010212 0.828203
v 0.603871 -0.008986 1.164234
v 0.789467 0.021092 1.633905
v 0.947478 0.015990 1.229775
v 0.858295 -0.002582 0.022916
v -0.572364 -0.023828 1.117956
v -0.981110 0.008521 1.764130
v 1.086309 -0.019729 0.482917
v 0.309655 -0.015399 0.946432
v -1.019471 0.011977 0.010046
v -0.343835 0.009783 1.423234
v 0.391755 -0.019855 0.309951
v -0.320465 -0.000925 1.763014
v 0.650127 -0.011805 1.396887
v -0.128081 -0.013107 0.343191
v -1.033406 0.028423 1.355144
v -0.412792 0.021307 0.671308
v 0.619532 -0.025136 1.476649
v -0.218830 -0.016351 0.262385
v 0.608314 -0.020272 0.998961
v 0.143809 -0.000860 0.307927
v 0.144098 0.007964 0.031530
v 0.224938 0.005291 0.315544
v -0.741517 -0.025792 1.166582
v 0.149523 -0.018631 1.845502
v -0.504626 0.008279 1.517995
v -0.399754 -0.017099 1.279398
v 0.311373 0.006574 0.728987
v -0.988861 -0.011166 0.673790
v 0.493153 -0.000662 0.404061
v 0.463048 0.025240 1.489011
v 0.148725 0.025462 0.870155
v 0.516292 -0.014303 1.649591
v 0.065265 0.000632 0.285476
v -0.332441 -0.029026 1.001890
v -0.924287 -0.009558 0.349384
v 0.102652 0.025848 1.012445
v 0.253003 0.002619 0.412584
v 0.886862 0.022805 0.661800
v 0.550993 0.001266 1.784390
v -0.553804 -0.014679 0.595521
v 0.637045 -0.009679 1.113568
v -1.064617 -0.018140 0.861198
v 0.848761 0.028000 0.504194
v -1.098657 -0.013399 1.612885
v 0.524216 -0.026736 0.220443
v -0.342012 0.010325 0.487078
v 0.254418 -0.027584 0.356520
v -0.042686 0.011013 0.197881
v 0.218527 -0.019845 0.253988
v -0.844758 0.012032 1.485404
v 0.120409 -0.008051 0.221985
v 0.946859 0.016161 0.266146
v -0.979348 0.005701 1.103936
v -0.133265 0.025177 0.234965
v -0.374068 0.025848 1.143210
v -0.776897 -0.028556 0.525965
v -0.357816 -0.007618 0.765754
v 0.215913 -0.002895 1.147758
v -0.315821 -0.020442 1.507210
v 1.046180 0.022474 1.364116
v -0.394954 0.003299 1.539564
v -0.879683 -0.021383 0.891050
v -0.295235 -0.020368 0.796436
v 0.683857 -0.008793 0.365404
v -0.670706 0.009992 1.450875
v 1.069143 0.027351 1.294951
v -0.742191 -0.001279 0.248527
v -0.090617 0.017879 1.065414
v -0.753051 -0.019395 1.448276
v -1.031915 -0.024532 1.237355
v 0.650818 0.023728 0.623897
v 0.773987 -0.004336 1.034178
v 0.678998 -0.023325 1.791325
v 0.744195 -0.028751 0.358163
v -0.987736 -0.001731 1.014041
v 0.163269 -0.011571 0.986795
v -0.915387 0.004953 0.245596
v 0.548785 0.000259 1.494599
v -0.616671 -0.024510 0.181503
v -0.885713 -0.022170 0.290444
v -0.686778 -0.026240 0.218643
v 0.953814 0.021000 1.189973
v -0.734520 -0.003123 1.844088
v 0.538625 -0.008039 0.790076
v -0.484584 0.017572 0.935113
v 1.067688 -0.002865 1.057367
v -0.048923 0.023301 0.296623
v 0.337547 -0.011301 1.540139
v 0.224860 0.028265 1.859457
v -0.703751 -0.016457 0.577008
v -0.401605 -0.026595 0.259083
v -1.063382 -0.014927 0.001235
v 0.702870 0.025556 0.291592
v -0.239159 0.014826 0.057452
v -0.660486 0.018062 0.471529
v 0.065417 -0.017762 1.047174
v -1.087975 0.029490 0.715106
v -0.665361 -0.019705 0.315653
v 0.698797 0.025988 1.320760
v -0.625826 0.006009 1.050906
v -0.311652 0.007704 0.315953
v -0.801830 0.026541 0.106823
v -0.868515 -0.020894 1.542586
v -1.087004 0.029421 1.561889
v 0.311213 -0.022740 1.300090
v 0.496716 -0.026899 1.116734
v 0.704626 0.023000 1.268839
v 0.154732 -0.022508 1.309960
v -0.445079 -0.013992 0.706545
v -0.944259 0.027303 1.150061
v -0.817434 0.027972 0.704949
v 0.667873 0.028079 1.795060
v 1.023241 -0.013188 0.837373
v -0.331046 0.029001 1.056078
v 0.091046 -0.003022 0.128019
v -0.808736 -0.021960 1.115829
v 0.777778 -0.016283 0.386197
v 0.554828 0.028228 0.234292
v -0.418790 0.020432 1.386989
v -0.771437 0.025382 1.604135
v 0.414458 0.028027 0.353840
v 0.759030 -0.000146 0.066755
v 0.576328 0.024537 0.309500
v 0.715736 -0.013229 0.107137
v 0.279718 0.014941 0.657340
v 0.135580 0.004078 0.000152
v 0.247246 0.027819 0.596531
v -0.195619 0.017270 1.217107
v -0.160419 -0.024520 0.743043
v 0.426274 -0.027770 1.011427
v 0.730128 0.001354 1.434090
v -0.535353 0.018886 0.416348
v -0.015110 0.013914 0.380976
v 0.132879 0.006749 0.952820
v 0.462872 -0.025271 1.145630
v 0.073842 -0.002900 0.062204
v 0.053140 0.007326 0.296067
v -0.783028 -0.001268 0.985555
v -0.260471 0.001726 0.042612
v 0.463048 -0.002695 1.325454
v -1.044667 0.005741 0.968776
v -0.834309 -0.000761 0.759666
v 0.078155 0.006759 0.573395
v 0.785132 0.026816 1.190882
v 0.019908 0.029146 1.206416
v 0.811840 0.016675 1.541061
v -1.009951 0.009744 1.657910
v -0.146141 0.012239 0.534923
v 0.878748 0.020837 1.082053
v 0.786558 -0.022052 1.280569
v 1.050485 0.015132 0.860915
v -0.724491 0.008349 0.065666
v 0.727634 0.016666 1.217672
v 0.491816 -0.026629 0.883133
v -0.488118 0.013210 0.440801
v -0.830085 -0.011064 0.311274
v 0.952246 -0.014677 1.661573
v -0.933603 -0.007540 1.528853
v 0.042930 0.015860 0.389271
v -0.452389 0.016600 0.470013
v 0.617581 0.006554 0.574781
v 1.061584 -0.001313 1.143738
v -0.992933 0.003043 1.224947
v -0.291977 0.007943 1.341806
v -0.746047 0.013957 0.089530
v -0.003936 -0.018531 0.928909
v -0.738149 0.007509 0.377552
v 0.264301 -0.013442 1.498794
v -1.047830 -0.014007 1.836579
v 0.074916 -0.017948 1.288747
v 0.735906 -0.002390 1.715011
v 0.530347 -0.006470 1.305419
v -0.498359 -0.014892 0.445480
v -0.864273 -0.010767 1.636989
v -0.263829 0.005385 0.245238
v 0.613036 0.006336 1.567348
v 0.551882 0.015109 1.132075
v -0.693071 0.016921 1.591404
v -0.719599 0.006019 1.462646
v -1.027292 -0.000135 1.282604
v -0.543460 0.000289 1.554525
v -0.261317 -0.001611 1.634392
v 0.744289 -0.013225 0.391867
v -0.871302 -0.020452 1.415229
v -0.641208 0.000331 0.352607
v -0.792103 0.026624 1.580231
v -0.695036 -0.016301 0.278675
v -0.013860 0.007199 1.760388
v -0.217832 -0.010343 1.009085
v 0.392545 -0.018007 0.846517
v 0.654446 -0.013241 0.361055
v 0.100698 -0.012739 0.984125
v 0.328061 0.009540 1.558491
v 0.188053 0.021338 0.032274
v 0.216799 -0.008899 1.433617
v -0.260678 0.015138 0.715227
v 0.651017 0.003154 0.914616
v 0.963166 -0.005077 0.721654
v 0.096454 0.010240 1.561063
v 0.171728 -0.018676 0.009585
v -0.022903 -0.026974 1.614120
v 0.270685 0.029420 0.834190
v 0.371190 -0.019491 0.807802
v 0.039278 0.028738 0.901125
v -0.249802 -0.021351 0.215845
v -0.104777 -0.009233 1.100631
v -1.018788 -0.020895 0.106387
v 0.891707 0.018685 0.390459
v -0.017144 0.025436 1.555730
v -0.238684 -0.008511 0.106578
v 0.874181 0.025721 1.536888
v -0.189357 -0.011978 0.068293
v -0.524648 0.014373 1.555750
v -0.007957 0.010949 1.031723
v 0.359724 -0.013069 1.745426
v -0.097137 0.009831 1.704772
v -0.291414 0.011168 1.264043
v 0.600784 0.002925 0.067834
v 0.830302 -0.017086 0.435963
v 0.186556 0.014098 0.804287
v 0.892553 0.014986 0.815894
v -0.778576 -0.016611 1.151935
v -0.760052 0.007434 1.487910
v -0.127964 -0.029250 1.309830
v 0.526469 -0.007991 0.875451
v 0.201097 -0.029570 0.817418
v 0.970624 0.009832 0.451226
v -1.014506 0.008848 0.284183
v 0.819295 0.015412 0.682314
v -0.021535 0.017524 1.105407
v 0.228078 -0.016188 0.922100
v 0.568160 0.026033 0.436750
v 0.070402 0.029645 0.698450
v -0.897960 0.008710 0.078080
v 0.553174 0.003052 0.086388
v 0.288033 0.021960 0.086812
v 1.048971 -0.021893 0.544574
v -0.015720 0.017602 1.013284
v -0.212230 0.015715 1.687174
v -0.984250 -0.012867 0.750520
v -0.170087 -0.007422 1.098327
v -0.544701 -0.005819 0.222295
v 0.195452 -0.019735 0.644404
v 0.610163 -0.003004 1.019071
v 0.577409 -0.000366 0.589481
v -0.621444 0.026480 1.529594
v -0.302744 0.018989 0.104572
v -0.858568 0.025521 0.652552
v -0.199405 -0.010940 1.185382
v -0.017183 0.017186 1.223043
v -0.080328 -0.020741 1.350209
v 1.097862 0.010791 1.154832
v 0.175778 0.020843 1.320705
v 0.905464 -0.007880 1.609287
v 0.678834 0.009222 0.627738
v -0.030743 -0.015720 1.770546
v -0.331666 -0.000347 0.231708
v 0.893553 0.025860 1.786638
v -0.410425 0.029436 0.266761
v -1.089386 -0.006412 1.339000
v 0.606418 -0.029439 0.073409
v -0.386071 -0.011216 1.195095
v -0.235546 -0.016172 1.750330
v 0.682329 0.025347 1.610451
v -0.920265 -0.007315 1.269240
v 0.900187 -0.025011 1.367356
v 0.890813 -0.006040 0.664568
v -0.910863 0.001474 0.191532
v -0.076199 0.009606 1.745144
v 0.192612 0.028703 0.738771
v -0.092728 0.008138 0.550428
v -0.413139 0.004678 0.732250
v 0.212435 0.028188 1.593146
v -0.258277 0.002063 0.036073
v -0.036635 0.020722 0.979982
v 0.117718 -0.021593 1.233761
v 0.032836 0.003072 1.844642
v -0.909745 -0.015824 0.573689
v 0.303744 -0.027011 1.230954
v -0.553751 -0.007906 0.875775
v -0.535419 -0.003482 1.694639
v -0.832444 0.019846 1.368934
v 0.894508 0.011049 1.557119
v -0.761775 -0.007841 0.185266
v -0.403037 -0.023618 0.833356
v -0.656985 -0.007808 1.183278
v -0.904644 0.028641 1.374728
v -0.764229 0.029591 1.256279
v 0.246697 -0.015245 0.200008
v 0.647794 -0.005067 1.224032
v -0.717171 0.024770 0.674463
v -0.759503 0.005622 0.582139
v 0.257004 -0.018620 0.898092
v 0.419633 0.017472 0.046422
v 0.699320 -0.021431 1.255265
v -0.233808 0.023892 0.981860
v 0.333271 -0.019826 1.360360
v -0.810521 0.010658 0.153458
v -0.410109 0.011766 0.773734
v -0.496702 0.012585 0.997098
v -0.261643 -0.025183 0.974314
v 0.436979 -0.028705 1.312975
v -0.106860 0.004683 0.264889
v 0.863026 -0.011231 1.759217
v 1.077971 -0.021025 1.385227
v 0.367982 0.023325 1.010643
v -0.447473 -0.024987 1.829278
v -0.844493 -0.012377 1.373849
v -0.606027 0.004462 0.851785
v 0.536640 0.007748 1.696392
v -0.857153 0.012364 1.083157
v 0.218699 -0.002339 1.502725
v -0.284208 0.017547 1.073837
v 0.441409 0.026080 0.428230
v 0.540621 -0.002578 1.777052
v -0.699473 0.017080 0.381044
v -0.533431 0.011598 0.353032
v -0.138871 0.001539 0.317736
v 0.942574 -0.000816 1.195550
v -0.055027 -0.013653 1.590398
v -0.450455 0.007522 1.338746
v -0.257196 -0.020825 1.393081
v 0.681047 -0.026816 1.220433
v -0.061287 0.013190 1.573084
v 0.716460 0.024370 1.140236
v -0.934071 0.019772 0.763139
v 0.566925 -0.027939 0.429265
v 0.673472 -0.005303 0.375423
v 0.681897 0.002291 1.664765
v 0.528527 -0.007911 1.804963
v -0.684184 0.024800 1.091219
v -0.068048 0.023368 1.546684
v 0.239964 0.020032 0.800064
v 0.030068 -0.012802 1.788460
v 0.576459 0.013859 0.850859
v -0.906422 0.005935 1.535912
v -0.956599 0.022496 1.643945
v 0.959265 -0.009388 0.406710
v 0.421318 -0.018124 0.405032
v 0.304619 0.019057 1.324880
v -0.758003 0.021243 1.693092
v 0.820432 0.008705 1.018145
v -0.200737 0.011853 0.748131
v -0.417376 -0.027034 1.073426
v -0.275297 0.027341 1.595591
v -0.172573 0.025039 0.778932
v -0.415192 0.022826 1.703691
v -1.005896 -0.013780 1.176075
v 0.725654 0.019888 1.071366
v 1.016262 0.028567 1.807962
v 0.687587 0.029776 1.010143
v -0.455996 0.029413 0.639907
v -0.828011 -0.010159 0.979773
v 0.187671 -0.000577 1.520636
v 0.508203 0.025976 0.827246
v 0.959880 0.015424 0.821185
v -0.363504 -0.007766 1.022015
v 0.774005 -0.001260 0.262516
v 0.714843 -0.024876 0.107431
v 0.046138 0.028509 1.073516
v 0.994650 0.011530 1.206602
v 0.408645 -0.011170 0.877817
v 0.733003 0.025577 1.256929
v -0.083222 0.001018 0.108361
v -1.022858 -0.004486 1.793329
v -0.779134 -0.003180 1.575336
v -0.777202 0.014228 1.747132
v 0.962341 -0.020684 0.705173
v -0.662283 -0.026785 1.265636
v -1.031433 -0.024294 1.722015
v 0.602588 0.020864 1.876296
v 0.593586 0.023754 1.465543
v -0.035052 -0.029308 0.597254
v 0.519690 0.002657 0.490865
v 0.760645 -0.013904 1.191809
v 0.543695 -0.027716 1.146658
v -0.890064 -0.018099 0.706516
v 0.390064 0.016072 0.409561
v 0.045567 -0.028918 0.745526
v -0.829738 -0.012485 0.568264
v -0.160158 0.012033 1.736268
v -0.446792 0.026696 1.262028
v 0.820362 -0.028715 1.782075
v 0.688646 -0.012241 0.646172
v 0.509962 0.000108 1.102931
v -0.461378 0.022215 0.826144
v -0.870567 -0.020819 0.040630
v -0.482184 0.020030 1.083707
v -0.846283 0.024710 0.646671
v -0.586894 0.000043 0.412064
v -1.019707 0.013338 1.197249
v 0.369474 0.011112 0.770684
v 0.177523 0.017454 1.798714
v -0.715995 0.023553 0.127537
v 0.732592 0.000872 0.459892
v -0.607874 -0.021026 1.143562
v 0.249496 -0.001641 0.311432
v 0.339075 0.006610 0.382275
v 1.088176 -0.023773 1.033856
v -0.414750 -0.003368 1.244780
v 0.012515 0.009413 0.551215
v 0.063504 -0.002510 1.519536
v 1.044202 0.024398 0.432057
v -0.012305 0.004502 1.287859
v -0.587570 -0.025029 1.367817
v 0.404281 0.011373 0.146136
v 0.992052 -0.023153 0.390999
v -0.954748 0.023132 0.187162
v 0.333333 -0.024820 1.146119
v 0.544724 -0.004181 0.633754
v 0.115862 -0.014113 1.575261
v 0.400595 -0.022903 1.659650
v -0.652546 0.023881 1.800356
v 1.042909 -0.009745 0.403801
v -0.056724 0.018514 0.086917
v -0.432076 0.028982 1.626918
v 0.225958 0.023282 0.506474
v 0.889615 0.024438 0.360844
v -0.635723 -0.026453 0.309619
v -0.724260 -0.023738 1.123507
v 0.339696 -0.025058 0.572231
v -1.029007 -0.012409 0.768035
v -0.730173 -0.003982 0.607956
v 0.348791 -0.022783 1.098657
v 0.962231 0.007026 0.638848
v 0.490158 0.014448 1.833600
v 0.632921 -0.024683 1.208608
v -1.083853 -0.022555 0.636807
v 0.650210 0.006283 1.410098
v 0.605005 0.012505 1.456067
v -0.489559 0.001808 0.992547
v -0.521443 -0.007531 1.605038
v 0.589126 0.004715 1.739736
v -0.450089 0.009432 0.162783
v 0.324768 -0.023706 0.229434
v -0.641246 0.012513 0.806912
v 0.957208 -0.008105 0.554758
v -0.681469 -0.015924 0.085619
v -0.691587 0.008493 1.196431
v -0.389868 0.018917 0.012517
v 0.444399 0.001221 0.252623
v -1.040583 -0.018378 0.392443
v 0.009336 0.024021 1.112979
v 0.333424 -0.000202 0.458435
v -0.092411 0.019090 1.478938
v -0.464178 0.006644 0.982659
v 1.085896 -0.009592 0.863796
v 0.656969 -0.015839 1.003581
v -0.586040 -0.003941 1.085661
v 0.998276 -0.022241 0.233686
v 0.171143 -0.008054 1.228965
v 0.473296 0.005034 0.959144
v 0.198298 -0.014626 1.816310
v -0.094973 0.025630 0.989101
v -0.103402 0.006596 0.598110
v -0.639854 0.002173 1.390769
v 0.932469 0.008602 1.425617
v -0.153164 0.010113 1.331928
v 0.819440 0.005515 0.980132
v 0.814746 -0.006052 0.648144
v -0.965386 0.015647 0.475184
v -0.103299 -0.025442 1.353704
v -0.407489 0.004301 0.532719
v 0.906158 0.011535 0.648123
v -0.858201 -0.008076 1.104341
v 0.051019 0.003969 1.184131
v 0.645993 0.000204 0.194139
v -0.636624 -0.007146 1.695388
v 0.636742 -0.013516 1.724977
v -0.714140 -0.028486 0.096632
v 0.215930 -0.029516 1.682306
v -1.082506 -0.011313 0.327880
v 0.869114 0.026223 0.511120
v -0.864934 -0.018830 0.817450
v 0.194161 0.014660 1.176737
v 0.829184 0.024487 0.594005
v 0.273742 -0.002724 0.464673
v -0.430889 -0.005929 0.983767
v 0.543102 -0.021693 1.316015
v -0.195504 -0.026429 0.509728
v 0.717110 0.011520 1.626313
v 0.219922 0.027314 1.580341
v 0.194168 0.006225 1.102535
v -0.275136 0.008193 0.866193
v -0.560192 0.029351 1.152688
v 0.577944 0.017021 0.086159
v 1.030798 -0.015055 1.234187
v -0.868850 -0.008853 0.520490
v -0.450304 -0.029152 1.007671
v -0.156092 0.001813 1.065352
v -1.100000 -0.001098 1.881000
v -0.551439 0.011337 1.804159
v 0.863082 0.014462 0.742797
v 0.532022 0.029907 0.601756
v -0.743039 0.010095 0.109865
v -0.680583 0.028344 0.235722
v 0.434790 -0.009103 1.672560
v 0.224047 0.008966 0.480191
v 0.178476 0.023466 1.846769
v 1.003683 0.008390 0.890765
v 1.034420 0.013236 0.274885
v -1.090165 -0.013753 0.611999
v -0.539842 0.026068 1.471962
v 0.690384 0.025936 1.157705
v -0.138891 0.015810 0.346894
v 0.353638 -0.029240 1.342716
v 0.173768 -0.016161 1.627433
v -0.400372 -0.017103 1.306290
v 0.825333 -0.026554 0.765561
v 0.165337 -0.008478 0.551327
v -1.030248 -0.029310 0.102699
v 0.462001 -0.001093 0.535666
v -0.785605 -0.021211 0.891652
v 0.844749 0.015903 1.385661
v -0.196891 0.011926 1.082216
v -1.071822 -0.001417 0.113494
v -0.545521 -0.002302 0.538683
v -0.826534 -0.015649 1.056387
v 0.614531 -0.027168 0.720857
v -0.514791 0.016038 0.817513
v -1.063646 0.025978 0.679874
v -0.774768 0.012360 1.629320
v 0.952140 0.026767 1.338538
v -0.463741 -0.021934 1.824382
v -0.147256 0.003585 1.874073
v -0.647698 -0.011670 0.579116
v 1.034821 0.019586 0.042095
v 0.384773 -0.026470 0.774632
v 0.685313 0.015096 0.553416
v -0.141138 0.023727 1.162816
v 0.870065 0.022551 1.102040
v -0.763456 0.023972 1.117717
v -0.799308 -0.016995 0.463266
v -0.070443 0.026524 0.393976
v 1.071464 -0.000542 0.801729
v 0.142386 0.005098 1.486581
v 0.357711 -0.017092 0.088436
v -0.419211 0.023437 0.796476
v -0.787263 0.010565 1.164550
v -0.203356 0.014320 0.996115
v -0.270000 0.012851 0.036917
v -0.829624 -0.000881 0.730796
v 0.335551 0.001849 0.841103
v -0.058094 -0.011425 0.589504
v 0.557453 0.029462 1.137270
v 0.045884 0.018536 1.652112
v 0.157846 -0.017420 1.825497
v -0.505829 0.020800 1.102431
v 0.780760 -0.014914 1.188296
v 0.886060 -0.026261 0.462071
v 0.666736 -0.009773 0.590869
v -0.391452 0.018300 0.910963
v 0.680314 0.025247 0.013857
v -0.029760 0.019592 0.018815
v 0.197216 -0.000171 0.225888
v 0.159609 -0.025155 0.351672
v -0.488288 0.020318 1.517314
v 0.206988 0.011824 1.361882
v -0.008414 0.003358 1.792409
v 0.415158 0.022909 1.381737
v 0.270295 0.018624 0.784368
v 0.108932 0.004372 0.161555
v -0.181121 0.010073 0.541020
v 0.023942 -0.021270 0.229413
v -0.516333 -0.021992 1.659466
v 0.289933 -0.029339 0.159758
v 0.969017 -0.004314 1.001762
v -0.429850 -0.011370 0.491611
v -0.659133 0.017212 0.072381
v -0.642429 0.003025 0.599698
v 0.149612 -0.008291 1.687533
v -0.697592 0.016666 1.066681
v -1.015620 -0.024812 0.808809
v -1.018887 0.001452 1.743562
v 0.171733 -0.021982 1.253310
v -0.417355 0.007637 0.158271
v -0.101753 -0.007362 0.948236
v -0.217961 -0.012024 0.884549
v 0.134074 0.003402 1.029466
v -0.789589 0.008244 1.758165
v 0.304127 0.008510 0.630626
v -0.985932 -0.025634 0.805988
v 0.177729 0.000666 0.731275
v -0.050129 -0.009051 1.539984
v -0.234369 -0.028802 0.287959
v -0.495784 0.022123 0.767232
v -0.337697 0.007289 0.127426
v 0.435745 0.019821 0.248896
v -0.785557 -0.008021 1.264387
v 0.090448 0.017730 1.012553
v -0.526346 -0.016320 1.300386
v -0.930177 -0.006928 1.601338
v 1.066932 0.021691 1.794200
v 0.351117 -0.011220 1.451167
v 0.075207 -0.021462 0.615695
v -0.108866 0.011680 1.408319
v 0.983824 -0.012365 0.290275
v -0.886552 0.007581 1.019363
v 0.486134 0.014996 0.893875
v 0.292090 -0.018235 0.252165
v -0.825855 -0.002738 0.789290
v -0.090567 -0.012347 1.431345
v 0.037651 -0.024113 1.416712
v -0.000424 -0.017163 0.868139
v -0.273679 -0.004200 1.157414
v 0.345208 -0.017876 0.975804
v 0.740856 -0.013433 0.225528
v -0.092453 -0.001573 1.412393
v -0.833952 -0.009620 0.877450
v 0.464782 0.011405 0.813352
v -0.872388 -0.016579 0.241804
v -0.031937 -0.015222 0.160784
v -0.671634 -0.004500 1.857256
v 0.042873 -0.020196 1.527203
v -0.489294 0.025993 1.282950
v 0.159909 -0.016944 1.580710
v 0.215580 0.022070 1.012151
v 0.799072 -0.014626 1.829842
v -0.563251 0.016470 0.887886
v -0.078384 0.023627 1.354075
v -0.699513 0.002658 1.495431
v -0.018938 -0.013587 0.158376
v -0.815219 -0.017074 1.693376
v 0.252199 0.004579 0.217544
v -0.369610 0.026980 1.811990
v -0.545673 -0.017624 1.294052
v -0.401310 -0.028465 0.126587
v -0.741621 -0.014416 0.049766
v -0.716907 0.017083 0.012076
v -0.365639 0.016536 1.514450
v 0.812476 0.014878 0.229842
v -0.138201 0.001360 0.833025
v 0.487319 0.029211 0.867050
v 0.953159 0.022676 1.620701
v -0.487014 0.012921 1.862940
v 0.476399 0.004174 0.988789
v -0.865112 -0.022845 0.949750
v 0.540464 -0.025306 1.548907
v -0.999276 0.028720 0.304382
v 0.922782 -0.015108 0.178006
v 0.865892 0.009921 1.342840
v -0.476110 0.012240 1.202308
v 0.516303 0.029691 1.551956
v 0.420101 -0.028339 0.942421
v 0.415355 0.028951 1.651457
v 0.473757 -0.021523 0.015790
v -0.163766 0.019585 0.764495
v 0.929723 0.005753 1.192849
v 0.157976 -0.013874 1.096398
v 0.413086 -0.000295 1.840371
v 0.573529 0.013857 0.764227
v 0.427800 0.013454 0.021002
v 0.110996 0.018753 0.993919
v 0.624039 -0.011783 0.126100
v -0.812479 -0.012337 0.980684
v -0.740437 0.004308 0.857729
v 0.702388 0.026270 0.636632
v -0.528253 -0.010359 1.004654
v 0.641874 0.010036 1.285413
v 0.251426 -0.005125 1.697179
v -0.915690 -0.011273 0.246618
v -0.690099 0.018981 0.528864
v 0.250378 0.013277 0.452066
v -1.062953 0.008619 0.293879
v 1.092627 -0.021280 1.672680
v 1.037978 0.003648 0.046900
v 0.011105 -0.019683 0.229079
v 0.255114 0.023374 0.618057
v -0.090287 0.001158 1.373305
v -0.859939 -0.014032 1.472054
v -0.069701 0.020435 1.292773
v -1.077782 -0.018880 0.214174
v -1.061904 -0.016342 1.436553
v -0.915908 0.013277 0.000399
v -0.383525 -0.005604 0.220777
v -0.472362 -0.003560 1.521691
v -0.949393 -0.011247 0.963929
v 0.124776 -0.019234 0.145465
v -1.066899 -0.022868 0.870377
v 0.943846 -0.024533 0.328093
v 0.202984 0.016754 1.789253
v 1.024225 -0.004575 1.047819
v 0.151923 -0.015265 0.850926
v 0.290588 -0.001667 1.322600
v 0.862110 0.028370 1.441208
v -0.207690 -0.011556 1.008729
v -0.994872 -0.025996 0.694375
v -0.172209 0.023930 0.450444
v -0.184268 -0.003937 0.632329
v 0.518507 -0.015905 1.195443
v 1.065422 0.000204 1.203732
v 0.338289 0.023144 0.393938
v 0.590285 0.029886 0.295643
v -0.417123 -0.014912 1.526231
v -0.501014 -0.010623 1.821465
v 0.219659 -0.003643 1.612099
v 0.155741 0.017502 1.590710
v 1.055587 0.012212 1.647022
v -0.651722 0.001623 1.438182
v 0.628711 0.006356 0.261288
v 0.377414 0.018038 0.384264
v -0.149045 -0.026986 0.239054
v -0.426100 0.012619 0.558668
v -1.041534 0.020569 0.116523
v -0.088592 -0.022887 1.755246
v 0.823638 -0.001882 1.244733
v -1.034468 -0.024080 1.728583
v -0.830045 0.004034 0.451839
v 0.031314 0.000416 1.743337
v -0.199996 0.015425 0.173283
v 0.966887 -0.012973 1.649069
v 0.971243 -0.015556 1.195866
v -0.182081 -0.016242 0.151493
v 0.721670 0.028232 1.734879
v -0.573867 0.022769 1.440581
v -0.647239 -0.012422 1.443480
v 0.985975 0.004839 0.268626
v 0.351586 0.012575 0.030616
v 0.222009 -0.002720 0.914169
v -1.068082 0.024897 0.425748
v -0.549203 0.013132 1.355257
v 0.901777 0.006027 1.266966
v -0.033036 0.003336 1.636642
v 0.533471 -0.016630 0.939169
v -0.806905 0.021191 0.963956
v -0.107924 0.019613 0.800632
v -1.029734 -0.017276 0.081351
v 0.495466 0.001472 1.482361
v 1.062164 0.029669 0.103764
v -0.618584 0.003163 0.228707
v -0.237842 0.020124 1.798261
v -1.000585 -0.024967 1.239551
v -0.693070 0.028539 0.140149
v 0.002181 0.011146 0.903206
v -0.592680 -0.012396 0.195460
v 0.109629 0.019137 0.534193
v 0.457328 -0.028262 0.848148
v 0.799425 0.015336 1.410284
v 0.115669 0.018649 1.194098
v 0.680203 0.011656 1.414744
v 0.851597 0.003359 0.296118
v -0.870488 -0.000485 0.440845
v -0.331958 0.015426 1.576499
v -0.547571 -0.001615 0.080583
v 0.386261 0.011670 1.166545
v -0.548125 0.023111 1.015507
v 0.211922 0.025760 0.653735
v -0.378203 0.017571 0.612656
v 0.150766 0.014808 0.550950
v -0.729583 -0.001464 0.463836
v -0.833919 -0.007199 0.623502
v 0.281778 0.005171 1.715782
v 0.562988 -0.002499 0.399292
v -0.346028 -0.002424 1.576671
v -0.403539 0.012167 1.368293
v -0.891563 0.022677 1.313402
v -0.343016 0.003205 1.191192
v -1.032719 -0.018366 0.455283
v 0.315018 0.006859 1.469301
v 0.871923 -0.025913 0.437028
v -0.774698 -0.012660 1.752483
v -0.918310 -0.015483 1.574400
v -0.063980 0.023297 1.785531
v -1.074614 0.028972 1.497766
v -0.151209 -0.023852 0.019617
v -0.118861 0.012299 1.572942
v 1.084352 0.011224 0.904877
v -0.332659 -0.015807 1.302989
v 0.562670 -0.000302 1.399058
v 0.086735 -0.025270 1.538299
v 0.625980 0.008935 0.752924
v -0.146959 -0.002004 1.363497
v -0.086974 -0.025625 0.088269
v -0.204821 0.004237 1.303907
v -0.670768 0.003890 0.775629
v -0.371008 0.007310 0.049116
v 0.987125 0.023383 1.325370
v -0.452201 -0.004571 0.943989
v -0.499370 0.027785 0.084896
v 0.610250 0.006115 0.655407
v 0.192841 0.022161 0.496710
v 0.608341 -0.014062 1.872002
v -1.071108 0.026652 0.522995
v 1.034952 0.017965 1.798162
v 0.118995 0.020804 0.287662
v -0.073981 -0.018226 1.095759
v 0.468361 -0.021097 1.775344
v 1.068846 -0.010557 0.477839
v -0.534545 0.025649 0.791790
v 0.750406 0.016644 0.294853
v -0.694542 -0.024668 1.038961
v -0.725021 0.023378 0.303623
v 0.638361 0.018715 1.594896
v -0.302285 -0.026982 0.230977
v -0.129414 -0.023767 1.809293
v 0.215354 -0.009322 0.971183
v 0.433088 0.023053 1.716138
v 0.924705 -0.011739 0.226369
v -1.050490 -0.007902 0.049061
v 0.127298 0.015835 1.587481
v 0.969030 0.021004 1.163313
v 0.609099 0.004236 0.511917
v -0.085275 -0.011521 1.374352
v -0.382825 0.028774 1.842946
v 0.543673 0.004742 1.059552
v -0.332267 0.028660 1.677077
v 0.430104 -0.005799 0.221805
v -0.688809 0.025340 1.450595
v -0.751871 -0.008279 1.307292
v 0.497324 -0.025542 1.589416
v -0.897850 -0.001337 1.374959
v 0.305514 0.004780 1.541690
v -0.307076 -0.019275 1.664544
v 0.059692 -0.014006 0.531233
v 0.206311 -0.005744 0.315842
v -1.022434 -0.019835 0.808402
v 0.569173 0.029655 1.696575
v -0.731786 -0.014401 1.563961
v 0.596645 0.002450 0.160216
v -0.673782 -0.025681 1.211758
v 0.764782 0.025649 0.606168
v -0.900717 0.003500 0.087568
v -0.342674 0.003185 0.560986
v 0.844892 0.000884 0.231191
v -0.407380 0.027390 0.648817
v -0.468518 0.011455 1.500587
v -0.708278 0.010084 0.685925
v -0.060618 -0.026459 1.046355
v -1.058917 0.004112 0.344391
v 1.056616 0.011496 1.834057
v -0.472425 -0.003205 1.238528
v -1.007081 -0.000560 1.286507
v -0.532011 -0.027723 0.505539
v -0.229678 0.006010 1.054309
v -1.065264 -0.024547 1.856044
v 0.526701 0.021984 0.641791
v -0.518933 0.014674 1.450662
v -0.064749 -0.014880 0.972234
v 0.494788 0.004337 1.358561
v 0.876808 -0.022326 0.203342
v -0.358990 -0.012912 1.422398
v 0.670783 -0.010778 0.222273
v -0.550998 0.021937 1.407066
v 0.422568 -0.023523 1.413929
v 0.331078 -0.015032 1.398424
v 0.572970 -0.002936 0.621262
v -0.947255 0.029812 0.299847
v -0.223948 -0.012761 1.454125
v -0.339781 -0.000637 0.583405
v 1.040644 -0.023079 1.198617
v 0.541579 -0.000028 0.098822
v 0.311586 0.004164 0.427203
v -0.785946 0.020262 1.320973
v -0.504234 0.002474 0.043926
v 0.412798 -0.022295 0.609477
v -0.962616 -0.007085 1.659264
v 0.930693 -0.025439 0.138551
v 0.679265 0.013599 1.086964
v -0.793745 -0.006211 0.704070
v -0.171446 0.021122 0.116307
v 0.549584 -0.002595 0.305147
v 0.936901 -0.021596 1.371993
v 0.289828 -0.004442 0.200000
v -0.996734 -0.002481 1.779065
v 0.344893 -0.002312 0.910061
v 0.914320 -0.000711 0.284733
v -0.439585 0.012213 1.707744
v 0.028489 0.029752 1.851650
v 0.949879 0.029955 0.348291
v -0.548705 -0.026025 1.271492
v 0.083031 -0.016626 1.536370
v -0.656693 -0.014873 0.876004
v 0.931681 -0.014788 0.224311
v 0.540069 -0.005111 1.877607
v -0.495781 -0.001344 1.520331
v -0.126662 0.018094 0.172977
v 0.752827 -0.003043 1.566038
v 0.669955 0.024068 1.125354
v -0.104730 -0.024562 1.076745
v -0.418644 -0.002866 1.106130
v -0.866681 0.004363 1.771464
v 0.516421 -0.009869 0.436711
v -0.087011 0.023660 1.725257
v -0.718242 -0.016154 0.581284
v -0.744960 0.007588 0.486545
v 0.282921 0.015701 0.669385
v -0.309955 -0.025021 0.939218
v -0.273200 -0.019420 0.554185
v 1.000407 0.026523 1.775868
v 0.269761 0.014209 1.380843
v 0.625199 -0.019288 0.148863
v -0.895985 0.016836 1.605858
v 0.927646 -0.011299 0.229693
v -0.070954 -0.016868 0.264116
v 0.836315 -0.000948 0.819537
v 0.503868 0.027852 1.526843
v -0.883389 0.023773 0.351919
v 0.417848 0.006394 1.427642
v -0.225269 0.008548 0.677351
v -0.983264 -0.024769 0.984232
v -0.075359 -0.029032 1.582116
v -0.204590 0.016707 1.777139
v 0.536776 -0.029728 0.244223
v 0.073211 -0.025642 0.915921
v 0.303521 0.006605 1.161485
v 0.583340 -0.025276 1.212738
v -0.279339 0.010178 1.290021
v -0.701303 0.017734 1.237926
v 0.113346 0.020943 0.702858
v -0.607911 0.006711 1.351196
v 0.246100 -0.003024 0.804208
v 0.501123 0.028805 0.175615
v -0.005639 0.027722 1.208978
v 0.133504 -0.002006 1.233806
v 0.498422 0.018130 1.085827
v 0.897697 0.024760 1.195048
v 0.399156 -0.015682 1.231825
v 0.628002 0.028747 1.353512
v 0.042112 -0.006319 0.131744
v 0.822532 -0.001773 1.244299
v -0.189372 0.013328 1.770974
v 0.598291 -0.011766 1.112383
v 0.481420 0.009320 1.331302
v 0.568378 0.021321 0.112032
v 0.919698 0.013074 1.246285
v 0.559751 -0.012864 1.533968
v 1.015438 0.018856 0.714294
v -1.086415 0.003503 0.248696
v 0.980750 0.008030 0.504021
v 0.923843 0.017718 0.839955
v -0.753119 0.010669 1.050861
v -0.987476 -0.018211 1.475652
v 0.609447 0.023730 1.681020
v -0.578843 0.027549 0.595182
v -1.009099 -0.029943 0.411297
v 0.443364 0.011876 0.811230
v -0.327827 -0.005017 1.140827
v -0.552651 -0.025001 1.522154
v -0.825548 -0.028604 1.413297
v -0.966507 0.016358 1.560448
v 1.023123 0.016939 1.725316
v 0.317728 -0.029708 1.086866
v 1.038147 -0.025549 0.723736
v -0.170019 0.011495 1.137891
v -0.417824 0.007208 0.545848
v -0.300075 -0.015112 1.844165
v -0.036372 -0.008005 0.638052
v -0.159350 0.003725 1.716180
v -0.746819 -0.017746 0.211007
v -0.601999 -0.014450 1.256089
v 0.272688 0.005177 0.026214
v -0.931496 -0.007643 1.050698
v -0.840464 0.027864 0.077264
v 0.273787 -0.025306 0.368053
v 0.672584 0.001209 1.274434
v -0.055265 0.029546 0.086861
v 0.039583 0.021608 1.230390
v 0.192834 0.023398 0.456480
v -0.732220 0.026858 0.895762
v 0.996400 -0.013960 0.646940
v -1.026329 0.027106 1.864552
v 0.915553 0.012100 1.362766
v 0.523617 -0.029721 0.069401
v 0.589475 0.021491 0.338276
v -0.763751 0.005795 1.605203
v -0.794970 0.000078 1.005474
v 0.254509 -0.019015 1.539899
v 0.820061 0.002955 0.774463
v 0.100812 -0.006829 1.265633
v 0.221199 0.012769 1.099128
v -0.408988 0.026060 1.752301
v -0.064684 -0.008596 0.757780
v -0.936332 -0.007140 1.304676
v 1.080079 0.005812 1.277889
v 0.207301 -0.002060 0.178507
v 0.847470 0.003051 0.416478
v 0.440017 0.007630 0.247816
v 0.796984 -0.005870 1.879609
v 0.906742 0.007985 1.035437
v 0.291070 0.008411 1.376362
v -0.223943 -0.018154 1.762268
v -0.162799 -0.000019 1.445729
v 0.295491 -0.021823 0.997858
v -0.187894 0.026142 1.032281
v -0.022244 0.003286 0.405295
v 0.497187 0.019599 1.052557
vn -0.0152 -0.9820 -0.1882
vn -0.0180 -0.7778 -0.6283
vn -0.8617 -0.1139 -0.4944
vn -0.8425 -0.5068 0.1825
vn 0.0060 -0.9964 0.0849
vn -0.6239 -0.3426 0.7024
vn -0.5377 -0.8370 0.1016
vn -0.1573 -0.9860 -0.0549
vn 0.2643 -0.9641 0.0245
vn 0.5593 -0.8290 0.0004
vn 0.0221 -0.8051 -0.5927
vn -0.2289 -0.9676 0.1065
vn 0.8036 -0.5943 0.0319
vn 0.6278 -0.7629 -0.1543
vn 0.0692 -0.8991 -0.4322
vn -0.0955 -0.9925 0.0759
vn 0.0892 -0.9958 -0.0211
vn -0.4052 -0.9083 -0.1039
vn -0.2413 -0.9388 0.2458
vn -0.2427 -0.9700 -0.0124
vn 0.5437 -0.8386 -0.0349
vn -0.0786 -0.4364 -0.8963
vn -0.0031 -0.7688 -0.6395
vn -0.1046 -0.9907 -0.0865
vn -0.0326 -0.9980 -0.0544
vn -0.2377 -0.8290 0.5062
vn -0.0992 -0.8884 -0.4483
vn -0.0915 -0.9957 0.0110
vn -0.0883 -0.9922 -0.0877
vn 0.0824 -0.5585 0.8254
vn -0.0166 -0.9734 -0.2284
vn 0.8472 -0.5299 0.0387
vn 0.1970 -0.5378 -0.8197
vn 0.0073 -0.9923 -0.1233
vn -0.5012 -0.8613 0.0833
vn -0.0049 -0.9873 0.1588
vn 0.2809 -0.9170 0.2833
vn -0.1162 -0.9303 0.3480
vn 0.0435 -0.9423 -0.3319
vn -0.0379 -0.9592 -0.2803
vn -0.2100 -0.9708 0.1162
vn -0.1083 -0.9519 0.2866
vn 0.0411 -0.9564 0.2892
vn -0.2235 -0.9728 -0.0606
vn 0.0773 -0.9888 -0.1275
vn -0.5554 -0.8211 0.1314
vn 0.0705 -0.9354 0.3464
vn -0.1089 -0.9778 0.1791
vn -0.0162 -0.9985 -0.0515
vn 0.1896 -0.9816 -0.0245
vn -0.8428 -0.5294 0.0969
vn -0.0057 -0.9634 -0.2680
vn 0.1230 -0.9920 -0.0292
vn 0.8628 -0.5042 0.0370
vn 0.0910 -0.9953 0.0340
vn -0.2885 -0.9551 -0.0674
vn 0.1879 -0.9791 -0.0784
vn 0.2092 -0.9147 -0.3457
vn -0.4257 -0.9041 0.0368
vn 0.4544 -0.8908 -0.0049
vn -0.6145 -0.7737 -0.1538
vn 0.0315 -0.9954 0.0907
vn -0.1186 -0.9795 0.1626
vn -0.0925 -0.9939 0.0596
vn 0.0606 -0.9847 -0.1632
vn -0.0112 -0.9637 0.2669
vn -0.0474 -0.9265 -0.3733
vn -0.1085 -0.9862 0.1251
vn -0.0870 -0.9583 0.2721
vn 0.0671 -0.9789 0.1928
vn 0.0555 -0.6825 0.7287
vn -0.0297 -0.9887 0.1471
vn -0.0227 -0.9994 -0.0277
vn 0.0356 -0.9903 -0.1342
vn 0.0311 -0.6346 -0.7722
vn -0.2184 -0.9657 -0.1404
vn 0.0207 -0.9362 0.3509
vn 0.0258 -0.9566 0.2904
vn 0.1196 -0.8376 -0.5330
vn 0.0177 -0.9745 -0.2238
vn -0.0628 -0.9810 -0.1835
vn 0.0010 -0.9999 0.0130
vn -0.0610 -0.8283 0.5570
vn -0.1038 -0.9893 -0.1023
vn -0.0821 -0.9927 -0.0880
vn 0.0051 -0.9882 0.1531
vn -0.1854 -0.9721 -0.1437
vn -0.0104 -0.9886 0.1505
vn 0.3986 -0.9012 -0.1701
vn 0.5526 -0.8334 -0.0099
vn -0.0853 -0.8264 0.5566
vn -0.1400 -0.9513 0.2746
vn -0.2455 -0.8599 0.4476
vn -0.0845 -0.9839 -0.1575
vn -0.2846 -0.9582 -0.0293
vn -0.3655 -0.9206 -0.1373
vn -0.1438 -0.9766 0.1600
vn 0.1977 -0.9742 -0.1088
vn 0.0085 -0.9770 0.2130
vn -0.1186 -0.9929 0.0090
vn -0.2715 -0.9593 0.0781
vn -0.1589 -0.9727 0.1691
vn -0.1772 -0.9795 0.0962
vn -0.2367 -0.9713 0.0214
vn 0.0306 -0.9923 -0.1200
vn 0.1956 -0.9739 0.1155
vn 0.0128 -0.9980 0.0615
vn 0.4930 -0.8683 0.0555
vn 0.4650 -0.8811 -0.0862
vn -0.3704 -0.9287 -0.0176
vn -0.0111 -0.9996 0.0269
vn 0.5288 -0.8106 -0.2515
vn 0.0573 -0.9888 -0.1379
vn -0.2061 -0.9704 -0.1256
vn -0.0095 -0.9986 -0.0515
vn -0.0253 -0.9991 0.0331
vn 0.0382 -0.9924 -0.1166
vn -0.2251 -0.9636 -0.1443
vn -0.0611 -0.9943 0.0876
vn -0.2713 -0.9623 -0.0212
vn -0.2293 -0.7755 -0.5882
vn -0.2107 -0.9496 -0.2322
vn 0.0622 -0.8654 -0.4972
vn 0.1239 -0.9413 0.3139
vn 0.1087 -0.9698 0.2182
vn -0.0294 -0.9983 0.0497
vn 0.0021 -0.9548 -0.2971
vn 0.1705 -0.9773 -0.1261
vn 0.2341 -0.9718 -0.0275
vn 0.1442 -0.9716 0.1878
vn -0.0994 -0.9932 0.0601
vn -0.0160 -0.9326 0.3607
vn -0.2907 -0.9479 0.1304
vn 0.0240 -0.9885 -0.1494
vn -0.0753 -0.9813 -0.1774
vn -0.1585 -0.9315 0.3273
vn 0.3670 -0.8134 0.4514
vn -0.0209 -0.9618 0.2731
vn 0.3390 -0.9367 0.0870
vn -0.1375 -0.9877 0.0738
vn 0.1884 -0.9458 -0.2646
vn 0.7443 -0.6678 -0.0068
vn -0.2243 -0.8254 -0.5181
vn -0.5088 -0.8597 0.0442
vn -0.3355 -0.9230 0.1883
vn 0.0449 -0.8718 -0.4877
vn -0.1365 -0.9441 0.3000
vn -0.1314 -0.9902 0.0479
vn 0.1501 -0.9321 0.3296
vn 0.0363 -0.9987 -0.0347
vn 0.0618 -0.9290 0.3649
vn 0.1034 -0.9896 -0.1005
vn 0.0729 -0.9754 0.2079
vn 0.0164 -0.9970 -0.0761
vn -0.0631 -0.9911 0.1173
vn 0.2496 -0.9481 -0.1970
vn 0.4164 -0.9091 0.0101
vn 0.0602 -0.9978 0.0270
vn 0.1824 -0.9536 -0.2394
vn 0.0618 -0.9929 0.1012
vn -0.1062 -0.9755 0.1929
vn 0.0373 -0.9645 -0.2614
vn -0.0393 -0.9684 0.2464
vn 0.1132 -0.9855 -0.1264
vn -0.0178 -0.9116 -0.4108
vn 0.4164 -0.8983 -0.1400
vn 0.0102 -0.8886 -0.4586
vn 0.2486 -0.9066 0.3410
vn 0.3732 -0.9276 -0.0152
vn 0.3911 -0.8927 0.2239
vn -0.5255 -0.8463 -0.0879
vn 0.0110 -0.9882 -0.1530
vn -0.1277 -0.9619 0.2417
vn 0.2037 -0.9731 0.1079
vn -0.0121 -0.9346 0.3554
vn -0.1854 -0.9818 0.0411
vn 0.1284 -0.9817 -0.1405
vn -0.1005 -0.9946 0.0265
vn 0.0922 -0.9933 0.0702
vn 0.0686 -0.9828 0.1712
vn 0.3783 -0.9245 -0.0465
vn -0.1971 -0.9594 -0.2015
vn 0.0023 -0.7649 -0.6442
vn -0.0524 -0.9914 -0.1202
vn -0.2254 -0.9411 -0.2521
vn -0.0246 -0.9922 -0.1226
vn 0.0236 -0.9896 -0.1419
vn 0.0710 -0.9898 0.1239
vn -0.2979 -0.9065 0.2993
vn -0.3236 -0.9399 -0.1092
vn 0.0994 -0.9914 -0.0852
vn -0.3006 -0.9473 -0.1106
vn -0.2645 -0.9472 0.1810
vn -0.2117 -0.9770 -0.0273
vn -0.1654 -0.8439 0.5103
vn -0.1207 -0.9322 0.3412
vn -0.3059 -0.9310 0.1991
vn 0.6101 -0.7073 0.3571
vn -0.0128 -0.9984 0.0545
vn 0.0339 -0.9980 -0.0536
vn 0.1941 -0.9773 0.0847
vn 0.1443 -0.9827 -0.1160
vn 0.1813 -0.9082 -0.3773
vn 0.1710 -0.9837 0.0560
vn 0.0927 -0.9902 -0.1043
vn 0.0182 -0.9998 -0.0020
vn -0.0835 -0.9949 0.0567
vn -0.0027 -0.9502 -0.3115
vn -0.3972 -0.8902 0.2231
vn -0.1498 -0.9353 -0.3205
vn 0.3400 -0.9355 -0.0961
vn -0.0918 -0.9957 0.0161
vn -0.1931 -0.9571 0.2162
vn -0.3658 -0.9306 0.0133
vn -0.0661 -0.5875 0.8065
vn -0.1133 -0.9929 -0.0357
vn -0.4980 -0.8636 0.0788
vn -0.1165 -0.9852 0.1259
vn 0.1102 -0.9904 -0.0840
vn 0.0667 -0.7725 0.6315
vn -0.0508 -0.9986 -0.0113
vn 0.2280 -0.9644 -0.1339
vn 0.0899 -0.9956 -0.0276
vn -0.2390 -0.9693 -0.0570
vn 0.0974 -0.9947 -0.0344
vn -0.0952 -0.9290 -0.3577
vn 0.1823 -0.9642 -0.1923
vn -0.5254 -0.8398 -0.1366
vn 0.1323 -0.9912 -0.0102
vn 0.3503 -0.9357 -0.0413
vn 0.1847 -0.9793 0.0825
vn -0.0397 -0.9732 0.2266
vn -0.0177 -0.9982 0.0566
vn -0.1673 -0.9513 0.2588
vn -0.6713 -0.7395 -0.0499
vn -0.3341 -0.9337 -0.1288
vn -0.0831 -0.9769 -0.1971
vn -0.1999 -0.9703 0.1361
vn 0.2212 -0.9563 0.1913
vn 0.4202 -0.8622 0.2829
vn 0.1480 -0.9575 -0.2475
vn 0.0317 -0.8439 -0.5356
vn 0.1809 -0.9679 0.1747
vn -0.0174 -0.9990 0.0417
vn -0.0835 -0.9952 0.0501
vn -0.1523 -0.9589 0.2394
vn 0.6878 -0.7251 0.0344
vn -0.1810 -0.9835 -0.0001
vn 0.3042 -0.9525 0.0124
vn -0.2151 -0.9644 0.1538
vn -0.0484 -0.9745 0.2192
vn 0.0126 -0.9700 0.2428
vn -0.1978 -0.9722 -0.1252
vn 0.1323 -0.9912 0.0105
vn -0.1475 -0.8991 -0.4121
vn 0.2610 -0.9622 -0.0781
vn -0.0213 -0.9860 -0.1656
vn -0.0410 -0.9514 -0.3052
vn 0.4222 -0.9013 -0.0973
vn 0.0494 -0.9911 -0.1234
vn -0.0044 -1.0000 0.0068
vn -0.0380 -0.9943 0.0995
vn 0.1578 -0.8944 0.4186
vn -0.3223 -0.8684 -0.3768
vn -0.0160 -0.9993 0.0349
vn -0.0710 -0.9485 -0.3089
vn 0.4883 -0.8649 -0.1162
vn 0.0351 -0.9939 -0.1046
vn 0.0914 -0.9512 0.2947
vn -0.1505 -0.9728 -0.1762
vn -0.2994 -0.9506 -0.0816
vn 0.0234 -0.9875 -0.1558
vn 0.0784 -0.9966 0.0263
vn -0.1949 -0.9709 0.1392
vn -0.1673 -0.9347 -0.3135
vn 0.0351 -0.9928 -0.1145
vn 0.0301 -0.9633 -0.2667
vn 0.5359 -0.8192 -0.2043
vn -0.7352 -0.6741 0.0711
vn -0.0802 -0.9926 -0.0915
vn 0.1486 -0.9886 0.0241
vn -0.1942 -0.9771 -0.0872
vn 0.5576 -0.8121 -0.1720
vn -0.3041 -0.9478 -0.0957
vn 0.0960 -0.4280 -0.8987
vn 0.0467 -0.9682 0.2456
vn 0.1577 -0.9634 0.2170
vn 0.2406 -0.9691 0.0535
vn -0.0133 -0.9951 -0.0977
vn 0.2256 -0.9736 0.0338
vn -0.1153 -0.9889 0.0937
vn 0.0454 -0.9989 0.0120
vn 0.0385 -0.9753 0.2175
vn 0.0243 -0.9787 0.2037
vn 0.0459 -0.9938 0.1013
vn 0.0272 -0.9989 -0.0391
vn -0.2340 -0.9570 0.1715
vn 0.0219 -0.9855 -0.1680
vn 0.1192 -0.9087 -0.4001
vn 0.0480 -0.9938 -0.1001
vn 0.2068 -0.9060 -0.3692
vn 0.0202 -0.9410 -0.3379
vn -0.0388 -0.9704 -0.2386
vn -0.2687 -0.9504 0.1566
vn 0.3719 -0.8609 0.3472
vn 0.2364 -0.9185 -0.3170
vn -0.7186 -0.6863 -0.1124
vn -0.2049 -0.9781 -0.0375
vn -0.2388 -0.8910 0.3862
vn 0.0890 -0.9766 0.1958
vn -0.0689 -0.9755 0.2090
vn -0.3282 -0.7533 0.5699
vn -0.2946 -0.9549 0.0360
vn 0.2325 -0.8660 -0.4427
vn -0.1687 -0.9838 0.0602
vn -0.5705 -0.8123 0.1213
vn 0.0256 -0.9940 -0.1068
vn -0.2219 -0.9743 0.0389
vn -0.2395 -0.9370 -0.2543
vn -0.3427 -0.9097 0.2346
vn 0.1128 -0.9936 -0.0029
vn -0.2571 -0.9586 0.1227
vn -0.1320 -0.9911 -0.0175
vn 0.0349 -0.9822 0.1844
vn -0.0454 -0.9969 -0.0643
vn 0.1847 -0.9591 -0.2146
vn 0.0172 -0.9989 -0.0430
vn 0.1723 -0.9735 -0.1504
vn -0.1582 -0.9869 0.0305
vn -0.0880 -0.9953 -0.0411
vn 0.3209 -0.9276 -0.1912
vn 0.0151 -0.9982 0.0580
vn -0.1672 -0.9857 -0.0186
vn 0.2870 -0.9579 -0.0069
vn -0.4163 -0.9092 -0.0027
vn -0.4239 -0.8843 0.1958
vn -0.3062 -0.9520 0.0020
vn -0.0612 -0.8073 0.5870
vn 0.1240 -0.9677 -0.2196
vn 0.0416 -0.9990 0.0145
vn 0.2193 -0.9754 0.0211
vn -0.2001 -0.9767 -0.0770
vn -0.0930 -0.9956 0.0091
vn 0.0032 -0.9965 0.0839
vn -0.0114 -0.9769 0.2135
vn -0.1776 -0.9657 0.1895
vn -0.0766 -0.9886 0.1296
vn 0.1645 -0.9580 -0.2349
vn 0.1573 -0.9004 -0.4057
vn -0.2092 -0.9728 -0.0993
vn 0.0168 -0.9661 0.2577
vn -0.2259 -0.9694 -0.0962
vn -0.0583 -0.9972 0.0463
vn -0.0340 -0.9530 -0.3011
vn 0.0515 -0.9942 0.0944
vn -0.1745 -0.9157 -0.3619
vn 0.0226 -0.8980 0.4394
vn 0.0862 -0.9815 -0.1711
vn 0.2189 -0.9313 0.2910
vn 0.2388 -0.9707 0.0258
vn 0.1349 -0.9210 0.3654
vn 0.0453 -0.9954 -0.0842
vn -0.1371 -0.9906 -0.0039
vn -0.0133 -0.9887 -0.1494
vn 0.1069 -0.6490 -0.7532
vn 0.0369 -0.9922 -0.1194
vn 0.2622 -0.9066 0.3305
vn -0.2681 -0.9203 -0.2848
vn -0.0659 -0.9779 0.1985
vn -0.5428 -0.7354 0.4056
vn -0.1339 -0.9763 -0.1698
vn -0.4112 -0.9096 0.0590
vn 0.0162 -0.9954 0.0940
vn 0.3866 -0.8523 -0.3522
vn 0.1958 -0.9792 0.0535
vn -0.2648 -0.9589 0.1020
vn 0.2603 -0.9650 0.0315
vn -0.2339 -0.9696 -0.0717
vn -0.2580 -0.8818 0.3948
vn 0.0053 -0.9619 0.2733
vn -0.0232 -0.9939 0.1078
vn 0.3253 -0.9456 0.0076
vn -0.2147 -0.9734 -0.0800
vn -0.5431 -0.8309 -0.1209
vn -0.0162 -0.9371 0.3486
vn -0.1370 -0.9887 -0.0606
vn -0.3464 -0.6523 -0.6742
vn 0.1072 -0.9938 -0.0283
vn 0.2143 -0.9327 -0.2899
vn -0.0567 -0.9348 0.3506
vn 0.0174 -0.9998 -0.0072
vn -0.0856 -0.9580 -0.2736
vn 0.1106 -0.9928 -0.0457
vn 0.4085 -0.8986 0.1604
vn 0.1311 -0.9905 -0.0406
vn 0.1197 -0.9764 0.1798
vn 0.3377 -0.9403 0.0412
vn 0.1359 -0.9733 0.1852
vn -0.0029 -1.0000 0.0080
vn -0.1240 -0.9832 -0.1339
vn 0.3596 -0.8902 -0.2796
vn -0.1465 -0.9892 0.0010
vn 0.4027 -0.8912 0.2087
vn 0.3271 -0.9414 0.0825
vn -0.1278 -0.9846 0.1197
vn -0.0987 -0.9070 -0.4093
vn 0.0128 -0.9949 -0.0999
vn 0.1428 -0.9897 0.0128
vn -0.2160 -0.9760 0.0261
vn -0.0711 -0.9945 0.0774
vn -0.0039 -0.9936 -0.1132
vn 0.1551 -0.9382 -0.3094
vn -0.0613 -0.9975 0.0351
vn -0.2249 -0.9546 0.1952
vn 0.0710 -0.9975 0.0013
vn 0.0316 -0.9980 0.0545
vn 0.1622 -0.9855 0.0496
vn 0.3595 -0.8132 0.4577
vn 0.1137 -0.9911 -0.0692
vn -0.0718 -0.9706 -0.2298
vn -0.1177 -0.9879 -0.1009
vn 0.0445 -0.9469 0.3183
vn -0.0144 -0.9955 -0.0936
vn 0.3068 -0.9342 -0.1820
vn -0.2255 -0.9445 -0.2389
vn -0.3361 -0.9410 0.0400
vn -0.0487 -0.9601 -0.2755
vn 0.0428 -0.9991 0.0035
vn 0.0351 -0.9781 0.2052
vn 0.0716 -0.9896 0.1251
vn 0.3130 -0.9496 -0.0152
vn 0.0907 -0.9716 0.2185
vn -0.0898 -0.9880 -0.1258
vn 0.1423 -0.9898 0.0074
vn 0.1464 -0.9855 -0.0854
vn 0.1973 -0.9731 0.1192
vn -0.0801 -0.9867 -0.1414
vn 0.2458 -0.9676 0.0575
vn -0.0662 -0.9958 0.0625
vn 0.2667 -0.9148 0.3033
vn 0.2809 -0.8777 0.3882
vn 0.3128 -0.9476 0.0651
vn -0.0599 -0.9694 0.2380
vn -0.0695 -0.9976 -0.0031
vn 0.0626 -0.9949 -0.0787
vn -0.1564 -0.9874 -0.0229
vn 0.1145 -0.9855 -0.1249
vn -0.1254 -0.8258 0.5498
vn 0.1895 -0.9155 -0.3548
vn 0.0620 -0.9855 -0.1581
vn 0.1654 -0.9847 0.0543
vn 0.0862 -0.9959 -0.0286
vn -0.1060 -0.9500 0.2936
vn 0.1273 -0.9864 -0.1035
vn 0.1454 -0.9894 0.0058
vn 0.0386 -0.9740 0.2231
vn -0.2066 -0.9481 0.2417
vn -0.1158 -0.9806 -0.1584
vn 0.2238 -0.8858 -0.4066
vn -0.0441 -0.9980 0.0457
vn -0.0716 -0.9808 -0.1816
vn 0.3429 -0.9394 -0.0035
vn -0.2654 -0.9050 -0.3326
vn -0.0174 -0.9581 0.2857
vn 0.0329 -0.9972 -0.0671
vn 0.0727 -0.9748 -0.2109
vn -0.1615 -0.9788 0.1263
vn -0.0493 -0.9565 0.2875
vn 0.0621 -0.9976 -0.0317
vn -0.1423 -0.9867 -0.0788
vn 0.2105 -0.9742 0.0809
vn -0.0294 -0.9609 0.2755
vn 0.2192 -0.9527 0.2103
vn -0.0314 -0.9961 0.0824
vn -0.0697 -0.9706 -0.2305
vn 0.3609 -0.9326 0.0001
vn -0.0060 -0.9997 -0.0246
vn -0.1271 -0.9775 0.1682
vn -0.3282 -0.9214 -0.2082
vn -0.1064 -0.9930 -0.0516
vn -0.0019 -0.9547 -0.2976
vn 0.1750 -0.9283 -0.3281
vn -0.0813 -0.9616 0.2621
vn 0.2515 -0.9614 -0.1117
vn -0.3498 -0.9118 -0.2148
vn 0.0558 -0.9798 -0.1919
vn -0.0940 -0.9955 -0.0150
vn 0.0858 -0.9960 -0.0250
vn -0.3745 -0.5673 0.7335
vn -0.5160 -0.5256 0.6763
vn -0.0563 -0.8926 0.4474
vn 0.3139 -0.9472 -0.0660
vn 0.0289 -0.9386 -0.3438
vn 0.1561 -0.9826 -0.1010
vn 0.3132 -0.9497 -0.0036
vn -0.3183 -0.9297 -0.1852
vn -0.1771 -0.9312 -0.3186
vn 0.0959 -0.9937 0.0586
vn 0.0326 -0.9677 -0.2501
vn 0.2802 -0.8067 0.5203
vn 0.4400 -0.8963 -0.0544
vn -0.2914 -0.9464 -0.1391
vn -0.0031 -0.9248 -0.3805
vn 0.1709 -0.9847 0.0332
vn -0.1263 -0.9314 0.3413
vn -0.1039 -0.9850 0.1377
vn -0.2063 -0.9704 0.1259
vn -0.0098 -0.9998 0.0152
vn 0.1655 -0.9778 -0.1285
vn -0.6989 -0.7110 -0.0776
vn 0.2484 -0.9679 -0.0373
vn 0.4895 -0.8719 -0.0161
vn 0.5484 -0.8336 0.0668
vn 0.3440 -0.9389 -0.0130
vn 0.0519 -0.9906 -0.1268
vn 0.3635 -0.9232 -0.1251
vn 0.1670 -0.9846 -0.0522
vn 0.0431 -0.9301 -0.3647
vn -0.0513 -0.9980 -0.0361
vn 0.1905 -0.9764 -0.1013
vn 0.1613 -0.9869 0.0032
vn 0.0363 -0.9954 -0.0886
vn -0.1277 -0.9348 -0.3315
vn 0.1476 -0.9314 0.3327
vn -0.2471 -0.9637 0.1016
vn -0.2912 -0.9517 -0.0973
vn 0.3593 -0.9332 0.0092
vn 0.0576 -0.9948 0.0839
vn 0.0500 -0.9230 -0.3816
vn -0.0386 -0.9308 0.3634
vn 0.1433 -0.9889 0.0384
vn -0.0676 -0.9935 0.0921
vn 0.0990 -0.9949 -0.0216
vn -0.0360 -0.9976 -0.0595
vn -0.0282 -0.9931 0.1139
vn 0.0103 -0.9826 0.1854
vn 0.2210 -0.9609 0.1669
vn -0.1386 -0.9899 0.0309
vn 0.2206 -0.9476 -0.2310
vn 0.0048 -0.9998 -0.0182
vn 0.1882 -0.9505 0.2474
vn -0.0827 -0.9877 -0.1326
vn -0.2993 -0.9486 -0.1031
vn 0.0853 -0.9883 0.1267
vn 0.2142 -0.8156 -0.5375
vn -0.0168 -0.9752 0.2206
vn -0.0360 -0.8459 -0.5322
vn 0.2124 -0.9767 -0.0303
vn -0.3991 -0.9088 0.1216
vn -0.0335 -0.9982 -0.0492
vn 0.0400 -0.9992 0.0029
vn -0.0051 -0.9848 0.1735
vn 0.2483 -0.9595 -0.1335
vn 0.0730 -0.9272 -0.3673
vn -0.4560 -0.5891 0.6671
vn -0.0293 -0.9471 0.3197
vn -0.1245 -0.9481 -0.2926
vn 0.0031 -0.9998 -0.0211
vn 0.0889 -0.9321 -0.3512
vn 0.0139 -0.9985 0.0534
vn 0.0221 -0.9997 0.0059
vn 0.0009 -0.9988 -0.0492
vn -0.0354 -0.8610 -0.5074
vn 0.4900 -0.8465 -0.2083
vn -0.0154 -0.9993 -0.0347
vn -0.0428 -0.9912 -0.1250
vn -0.2417 -0.9447 0.2217
vn 0.0230 -0.9835 0.1793
vn -0.2273 -0.9627 0.1466
vn -0.2454 -0.9294 0.2758
vn -0.1130 -0.9662 0.2315
vn -0.1119 -0.9363 0.3329
vn 0.1617 -0.9855 -0.0519
vn 0.3102 -0.9029 -0.2976
vn 0.1767 -0.9820 0.0661
vn 0.2941 -0.9557 0.0093
vn 0.3350 -0.8324 0.4415
vn -0.5232 -0.8066 0.2752
vn -0.2285 -0.9612 -0.1546
vn -0.2709 -0.9622 -0.0290
vn -0.0331 -0.9801 -0.1957
vn -0.3292 -0.9441 -0.0170
vn -0.0650 -0.9930 -0.0981
vn 0.5081 -0.8610 0.0244
vn -0.3815 -0.8490 -0.3656
vn -0.2472 -0.8965 -0.3676
vn -0.3182 -0.9195 0.2308
vn -0.0282 -0.9993 -0.0244
vn -0.0577 -0.9705 0.2340
vn 0.0698 -0.8185 -0.5703
vn -0.5513 -0.8277 -0.1050
vn 0.0483 -0.8737 0.4840
vn -0.2415 -0.9693 0.0464
vn 0.5648 -0.8251 -0.0122
vn -0.1587 -0.9872 -0.0177
vn -0.1110 -0.9935 0.0240
vn -0.2863 -0.9543 0.0858
vn -0.1098 -0.9918 -0.0654
vn 0.3108 -0.9503 0.0187
vn 0.3373 -0.9407 0.0349
vn -0.2599 -0.9489 0.1789
vn 0.1505 -0.9487 0.2780
vn 0.0631 -0.9602 -0.2722
vn -0.2052 -0.9604 0.1885
vn 0.0009 -0.9863 -0.1652
vn -0.2154 -0.9750 0.0545
vn -0.0094 -0.9873 -0.1586
vn -0.0581 -0.9475 -0.3144
vn 0.0256 -0.9987 0.0433
vn -0.0503 -0.9872 -0.1511
vn 0.0558 -0.9959 0.0713
vn 0.2023 -0.9595 -0.1962
vn 0.3399 -0.9343 -0.1076
vn -0.5221 -0.8528 0.0115
vn -0.0066 -0.9972 0.0739
vn -0.0352 -0.8834 0.4673
vn 0.2980 -0.9197 -0.2555
vn 0.0616 -0.9838 0.1684
vn 0.2389 -0.9629 -0.1256
vn -0.1844 -0.9818 -0.0453
vn -0.0173 -0.9728 -0.2312
vn 0.1422 -0.9880 0.0610
vn 0.4260 -0.8621 0.2743
vn 0.3681 -0.8399 0.3987
vn -0.0732 -0.9929 -0.0939
vn -0.1067 -0.9194 0.3786
vn -0.1114 -0.9933 -0.0315
vn 0.0002 -0.9967 -0.0814
vn 0.0317 -0.8233 0.5668
vn 0.1628 -0.9693 -0.1843
vn -0.3192 -0.9468 -0.0401
vn -0.2508 -0.9679 0.0134
vn 0.1471 -0.9232 -0.3552
vn 0.1889 -0.9817 0.0246
vn 0.3236 -0.9053 0.2751
vn 0.0426 -0.9533 0.2989
vn 0.4159 -0.8817 0.2227
vn -0.3067 -0.9309 0.1983
vn -0.2169 -0.9420 -0.2561
vn -0.5005 -0.8045 -0.3198
vn 0.2385 -0.9314 0.2750
vn 0.0317 -0.9932 0.1117
vn -0.3058 -0.9330 0.1898
vn 0.0135 -0.9999 0.0090
vn -0.0624 -0.9807 0.1851
vn -0.3349 -0.9422 0.0130
vn 0.0661 -0.9978 -0.0111
vn 0.2739 -0.9407 -0.2003
vn 0.3321 -0.9432 -0.0103
vn 0.3789 -0.8879 0.2607
vn -0.1553 -0.9826 0.1019
vn 0.1238 -0.9905 0.0607
vn 0.1433 -0.9821 -0.1221
vn 0.1959 -0.9789 -0.0580
vn 0.1606 -0.9862 0.0413
vn 0.3430 -0.9227 -0.1761
vn -0.3166 -0.8906 -0.3265
vn -0.0104 -0.9947 0.1024
vn -0.0704 -0.9973 0.0227
vn 0.1087 -0.9765 -0.1861
vn -0.2006 -0.9572 0.2087
vn 0.1238 -0.9808 0.1510
vn 0.0167 -0.9997 0.0187
vn -0.0428 -0.9902 0.1331
vn -0.0543 -0.9493 0.3096
vn -0.1362 -0.9691 -0.2058
vn -0.2064 -0.9649 0.1623
vn 0.3061 -0.9311 -0.1983
vn -0.7656 -0.5040 0.3997
vn 0.1415 -0.9849 0.1001
vn 0.2223 -0.9706 -0.0920
vn 0.4789 -0.6413 -0.5995
vn 0.1853 -0.9389 -0.2899
vn 0.4046 -0.9079 -0.1098
vn -0.0526 -0.9826 -0.1780
vn -0.5984 -0.4666 -0.6513
vn 0.1018 -0.9559 -0.2756
vn 0.2715 -0.9078 -0.3196
vn 0.3665 -0.9294 -0.0439
vn -0.0759 -0.9664 -0.2456
vn -0.3583 -0.8463 -0.3942
vn 0.0510 -0.9841 0.1700
vn 0.0187 -0.9242 0.3814
vn 0.1119 -0.9462 0.3037
vn 0.0131 -0.9821 -0.1882
vn -0.2271 -0.9736 -0.0206
vn 0.0503 -0.9431 0.3286
vn 0.1112 -0.9528 -0.2824
vn 0.1998 -0.9798 -0.0024
vn 0.1649 -0.9700 -0.1787
vn -0.5292 -0.7236 0.4432
vn 0.5054 -0.8408 -0.1939
vn 0.2071 -0.9336 0.2924
vn 0.2134 -0.9769 0.0128
vn 0.1900 -0.9758 0.1081
vn 0.0372 -0.9978 0.0551
vn -0.3608 -0.9029 0.2337
vn -0.0655 -0.9965 0.0520
vn 0.1829 -0.9713 0.1522
vn -0.1718 -0.9802 -0.0987
vn -0.4056 -0.8651 0.2951
vn 0.3260 -0.8959 -0.3018
vn 0.2581 -0.8301 0.4944
vn 0.1851 -0.9815 -0.0487
vn -0.1234 -0.9919 0.0316
vn -0.2672 -0.9618 0.0600
vn -0.0734 -0.9969 -0.0282
vn -0.1152 -0.9852 -0.1270
vn -0.1246 -0.9241 -0.3614
vn 0.1180 -0.9905 0.0705
vn 0.0332 -0.9994 0.0084
vn 0.1863 -0.9752 0.1192
vn -0.0641 -0.9807 0.1847
vn 0.1114 -0.9853 0.1293
vn 0.0645 -0.9937 -0.0917
vn -0.0540 -0.9985 -0.0029
vn -0.1189 -0.9790 0.1656
vn -0.4596 -0.8880 -0.0127
vn 0.1428 -0.9688 -0.2027
vn -0.1520 -0.9871 -0.0497
vn 0.0673 -0.9617 -0.2656
vn -0.0535 -0.9897 0.1326
vn 0.1808 -0.9646 0.1921
vn 0.5657 -0.8178 0.1057
vn -0.0709 -0.9045 -0.4205
vn -0.2447 -0.9686 0.0438
vn -0.2184 -0.8092 0.5454
vn 0.2275 -0.9085 0.3506
vn 0.0169 -0.9542 0.2988
vn -0.1022 -0.9220 0.3736
vn -0.2102 -0.9715 -0.1098
vn 0.4594 -0.8611 -0.2179
vn 0.2481 -0.9686 0.0149
vn -0.0881 -0.8369 -0.5402
vn -0.4173 -0.8503 -0.3207
vn -0.1272 -0.9726 -0.1946
vn 0.0649 -0.9190 -0.3889
vn -0.1191 -0.8612 -0.4942
vn 0.0259 -0.9626 0.2696
vn -0.1501 -0.9850 -0.0850
vn -0.1028 -0.9923 -0.0692
vn 0.1782 -0.9619 -0.2075
vn 0.1389 -0.9782 -0.1542
vn 0.1382 -0.9484 -0.2854
vn 0.0159 -0.9662 -0.2572
vn -0.1399 -0.9729 0.1841
vn 0.1788 -0.9673 -0.1801
vn 0.0784 -0.9843 0.1582
vn 0.3886 -0.9213 -0.0153
vn -0.1234 -0.9728 -0.1959
vn 0.1370 -0.9562 0.2588
vn 0.0712 -0.9913 0.1103
vn 0.0541 -0.9672 -0.2482
vn 0.1474 -0.9883 0.0404
vn 0.1503 -0.9820 0.1147
vn 0.2155 -0.8870 -0.4084
vn 0.1169 -0.9865 -0.1149
vn 0.1141 -0.9821 -0.1501
vn 0.0387 -0.9249 0.3782
vn 0.2578 -0.9659 0.0254
vn 0.1790 -0.9748 -0.1333
vn 0.1692 -0.9843 -0.0497
vn -0.0743 -0.9908 -0.1135
vn 0.1068 -0.9821 -0.1554
vn -0.1107 -0.9708 -0.2128
vn 0.0096 -0.9866 -0.1627
vn 0.1924 -0.9527 0.2351
vn -0.0032 -0.9919 0.1274
vn 0.0434 -0.9930 0.1102
vn 0.1643 -0.9725 -0.1650
vn -0.2708 -0.9386 0.2137
vn -0.0984 -0.9938 -0.0515
vn 0.3668 -0.9123 0.1820
vn 0.2438 -0.9544 -0.1726
vn 0.5363 -0.8409 -0.0726
vn 0.4701 -0.8795 0.0745
vn -0.2139 -0.9747 0.0646
vn -0.0110 -0.9975 0.0692
vn -0.1474 -0.9740 -0.1721
vn -0.2574 -0.9482 0.1863
vn -0.1994 -0.9315 -0.3041
vn -0.1458 -0.6793 -0.7192
vn 0.0051 -0.8156 0.5786
vn 0.0793 -0.9760 0.2026
vn 0.0136 -0.9549 0.2967
vn 0.5332 -0.7986 0.2792
vn 0.0609 -0.9277 -0.3683
vn -0.0708 -0.9946 -0.0762
vn -0.2195 -0.9326 0.2866
vn 0.1834 -0.9829 0.0161
vn 0.1580 -0.8933 0.4207
vn -0.0187 -0.9085 -0.4174
vn -0.3850 -0.9188 0.0873
vn 0.0435 -0.9989 -0.0193
vn -0.1391 -0.9693 -0.2025
vn 0.0464 -0.9977 -0.0488
vn -0.0387 -0.9314 -0.3620
vn -0.0211 -0.9929 -0.1169
vn 0.0825 -0.9769 0.1971
vn 0.1323 -0.9878 0.0819
vn -0.2689 -0.9632 -0.0015
vn -0.7795 -0.5462 -0.3066
vn -0.0958 -0.9593 -0.2658
vn -0.1791 -0.9703 -0.1624
vn -0.2457 -0.9691 -0.0228
vn -0.0091 -0.9554 0.2952
vn -0.0744 -0.9961 0.0467
vn -0.1344 -0.9906 0.0259
vn -0.1566 -0.9660 0.2055
vn -0.1548 -0.9524 -0.2625
vn 0.0201 -0.9639 0.2656
vn -0.1351 -0.9906 -0.0226
vn 0.0917 -0.9884 0.1209
vn 0.1673 -0.9859 -0.0108
vn 0.1329 -0.9680 0.2130
vn -0.4477 -0.8612 0.2407
vn 0.1257 -0.9911 0.0436
vn 0.2343 -0.9680 -0.0903
vn -0.0069 -0.9756 0.2195
vn -0.3023 -0.9415 0.1492
vn 0.0053 -0.8988 -0.4383
vn -0.1956 -0.9612 0.1943
vn 0.1311 -0.9095 -0.3945
vn -0.4146 -0.8961 0.1583
vn -0.3184 -0.9350 -0.1564
vn 0.0408 -0.9641 0.2625
vn 0.1048 -0.9937 -0.0391
vn -0.1214 -0.9887 -0.0876
vn 0.2359 -0.9665 0.1011
vn 0.0266 -0.9991 0.0334
vn 0.3076 -0.9202 -0.2422
vn -0.0537 -0.9022 0.4279
vn 0.2332 -0.9525 -0.1959
vn -0.0757 -0.9744 0.2115
vn 0.0034 -0.9981 -0.0618
vn -0.1799 -0.9773 -0.1116
vn -0.1396 -0.9745 -0.1755
vn 0.1165 -0.9929 -0.0248
vn -0.3133 -0.9481 -0.0537
vn 0.4704 -0.8371 -0.2793
vn -0.1290 -0.9713 0.1999
vn -0.0684 -0.8279 0.5567
vn 0.1807 -0.8895 0.4197
vn -0.3422 -0.9164 0.2075
vn 0.3456 -0.9339 -0.0917
vn 0.0879 -0.9725 -0.2157
vn 0.2010 -0.9795 0.0098
vn -0.1096 -0.9939 0.0087
vn -0.2522 -0.9652 -0.0687
vn 0.2237 -0.9558 -0.1906
vn -0.1892 -0.9692 0.1576
vn -0.4528 -0.8913 -0.0229
vn 0.1821 -0.9623 -0.2020
vn 0.0762 -0.9970 0.0108
vn 0.1761 -0.9711 0.1609
vn 0.1491 -0.9643 0.2190
vn 0.0925 -0.9870 0.1315
vn 0.0217 -0.9663 0.2567
vn -0.0643 -0.9613 0.2680
vn 0.1243 -0.9839 0.1286
vn 0.0670 -0.9882 -0.1378
vn 0.0663 -0.9861 0.1523
vn -0.1481 -0.9289 -0.3395
vn 0.0080 -0.9975 -0.0699
vn -0.0266 -0.9880 0.1521
vn 0.8502 -0.4832 0.2090
vn -0.3100 -0.9220 -0.2321
vn 0.0633 -0.9791 -0.1933
vn -0.0518 -0.9947 -0.0892
vn 0.0117 -0.9864 0.1640
vn 0.0120 -0.9467 -0.3219
vn -0.0228 -0.9947 -0.1001
vn -0.0393 -0.9976 -0.0570
vn 0.2609 -0.9597 -0.1045
vn 0.2841 -0.9413 0.1822
vn -0.2458 -0.9464 -0.2096
vn -0.1477 -0.9513 0.2705
vn 0.0380 -0.9947 0.0952
vn -0.2022 -0.9707 0.1300
vn 0.1394 -0.9577 0.2518
vn 0.0926 -0.9736 0.2086
vn 0.3456 -0.9234 -0.1670
vn 0.1906 -0.9205 0.3410
vn 0.0857 -0.9874 -0.1332
vn -0.0594 -0.9982 -0.0049
vn 0.3029 -0.9437 0.1328
vn 0.0921 -0.9954 0.0259
vn -0.1080 -0.9916 -0.0716
vn -0.1685 -0.9294 0.3284
vn 0.1706 -0.9296 -0.3267
vn 0.0460 -0.9838 -0.1735
vn -0.2359 -0.9408 0.2435
vn 0.0880 -0.9955 0.0337
vn -0.0191 -0.9993 0.0322
vn -0.0141 -0.9182 0.3959
vn -0.1302 -0.9909 0.0344
vn 0.0327 -0.9727 0.2297
vn 0.2292 -0.9005 0.3696
vn -0.2782 -0.9279 0.2483
vn 0.2245 -0.9738 0.0358
vn 0.1135 -0.9869 -0.1148
vn -0.1814 -0.9617 -0.2054
vn -0.1135 -0.9494 -0.2927
vn 0.1377 -0.9901 0.0285
vn -0.0927 -0.9676 0.2347
vn -0.2437 -0.9629 0.1155
vn 0.2683 -0.9544 0.1306
vn 0.1011 -0.9322 -0.3476
vn -0.1050 -0.9775 -0.1831
vn -0.0734 -0.9964 0.0423
vn -0.4357 -0.8313 -0.3451
vn -0.1952 -0.9600 -0.2009
vn -0.2899 -0.8930 0.3442
vn -0.2360 -0.9696 0.0651
vn 0.3974 -0.9176 -0.0050
vn 0.2724 -0.8598 -0.4319
vn 0.3620 -0.8608 -0.3576
vn 0.0218 -0.9998 0.0012
vn 0.0593 -0.9437 0.3254
vn -0.3033 -0.9520 -0.0405
vn 0.1356 -0.9903 0.0319
vn 0.0887 -0.9934 -0.0722
vn 0.1832 -0.8673 0.4629
vn 0.2094 -0.9697 0.1259
vn -0.0030 -0.9921 -0.1254
vn -0.2589 -0.9416 -0.2153
vn 0.0266 -0.9784 0.2051
vn 0.0090 -0.9733 0.2295
vn 0.2897 -0.9086 -0.3009
vn -0.4010 -0.9149 -0.0459
vn -0.0178 -0.9980 -0.0611
vn -0.1061 -0.9899 -0.0940
vn -0.1958 -0.9722 0.1281
vn -0.3718 -0.9123 0.1718
vn 0.4389 -0.8985 -0.0093
vn -0.0207 -0.9663 -0.2565
vn 0.3307 -0.8558 -0.3977
vn 0.0639 -0.8959 -0.4397
vn -0.0620 -0.9343 -0.3510
vn 0.1478 -0.8930 -0.4252
vn 0.2269 -0.9734 0.0305
vn 0.2810 -0.9472 -0.1546
vn 0.0456 -0.9944 0.0950
vn -0.2336 -0.9594 0.1583
vn 0.6380 -0.4826 -0.6000
vn 0.1133 -0.9902 -0.0814
vn 0.1839 -0.9808 0.0648
vn 0.3546 -0.9220 0.1552
vn 0.0881 -0.9862 -0.1400
vn 0.4084 -0.8973 -0.1674
vn 0.0494 -0.9737 -0.2222
vn 0.0913 -0.9898 -0.1095
vn 0.0525 -0.9238 0.3792
vn -0.0317 -0.9802 0.1955
vn 0.0612 -0.8756 -0.4792
vn 0.2018 -0.9769 0.0703
vn -0.4917 -0.8704 0.0263
vn 0.1208 -0.9869 -0.1071
vn 0.0010 -0.9928 -0.1195
vn 0.0143 -0.9996 0.0246
vn 0.1314 -0.9773 0.1663
vn 0.2427 -0.9422 0.2310
vn 0.1855 -0.9762 -0.1121
vn 0.5234 -0.8176 -0.2399
vn 0.1057 -0.9845 -0.1397
vn -0.3060 -0.9400 -0.1508
vn -0.0740 -0.9943 0.0762
vn 0.0070 -0.9996 0.0286
vn -0.2131 -0.9674 0.1370
vn -0.5350 -0.8284 -0.1662
vn -0.3804 -0.9208 0.0858
vn 0.1831 -0.9740 -0.1337
vn -0.1458 -0.8460 -0.5129
vn 0.3090 -0.9295 -0.2012
vn 0.4533 -0.8912 0.0179
vn 0.1821 -0.9727 -0.1439
vn 0.5292 -0.7766 0.3418
vn -0.3204 -0.9037 -0.2840
vn 0.4023 -0.8898 -0.2153
vn -0.2989 -0.9533 -0.0433
vn 0.3592 -0.9245 -0.1277
vn -0.0816 -0.9963 0.0267
vn -0.0952 -0.9954 -0.0141
vn -0.2031 -0.9636 -0.1738
vn 0.5201 -0.8164 0.2509
vn -0.0749 -0.9751 -0.2088
vn 0.0860 -0.9644 0.2500
vn 0.2582 -0.9620 -0.0890
vn 0.1615 -0.9815 -0.1027
vn 0.3020 -0.9530 -0.0250
vn -0.2947 -0.9424 0.1579
vn -0.1442 -0.9503 0.2760
vn 0.0294 -0.9679 0.2496
vn -0.4750 -0.8772 0.0698
vn -0.0474 -0.9762 -0.2115
vn 0.0663 -0.9970 -0.0395
vn -0.2543 -0.9670 0.0124
vn -0.1611 -0.9478 0.2752
vn 0.0838 -0.9921 -0.0931
vn -0.4386 -0.8803 -0.1807
vn -0.0972 -0.9934 -0.0617
vn 0.2573 -0.9650 0.0504
vn 0.2017 -0.9275 0.3148
vn -0.2715 -0.9607 -0.0574
vn -0.2908 -0.6644 -0.6885
vn -0.0513 -0.9793 -0.1959
vn -0.2247 -0.9121 0.3428
vn 0.3366 -0.9115 -0.2365
vn -0.0514 -0.9948 0.0881
vn 0.1876 -0.8425 -0.5050
vn -0.3402 -0.9197 -0.1959
vn 0.1302 -0.9805 -0.1474
vn -0.0392 -0.9875 0.1525
vn -0.0456 -0.9986 0.0258
vn -0.2034 -0.9701 -0.1325
vn 0.3873 -0.9219 -0.0061
vn -0.2740 -0.9504 0.1469
vn -0.2045 -0.9527 -0.2249
vn 0.4121 -0.8961 -0.1646
vn -0.1283 -0.9916 0.0136
vn 0.3598 -0.9050 0.2269
vn 0.1935 -0.9663 -0.1695
vn -0.0199 -0.9988 0.0437
vn 0.0428 -0.9978 -0.0511
vn 0.1516 -0.9884 -0.0106
vn 0.0891 -0.7798 -0.6197
vn -0.7587 -0.6504 -0.0378
vn 0.3451 -0.9374 -0.0474
vn -0.3909 -0.8664 0.3107
vn 0.0757 -0.8533 -0.5159
vn 0.2162 -0.9633 0.1591
vn 0.2377 -0.9573 -0.1645
vn 0.1409 -0.9743 0.1759
vn -0.1942 -0.9690 -0.1525
vn -0.1522 -0.9800 -0.1284
vn 0.1142 -0.9887 -0.0974
vn 0.0180 -0.8376 -0.5460
vn 0.0660 -0.9978 -0.0063
vn -0.9208 -0.3810 0.0832
vn 0.3924 -0.9013 0.1837
vn -0.0450 -0.9842 -0.1712
vn -0.0239 -0.9859 0.1656
vn 0.1445 -0.9887 -0.0399
vn -0.2177 -0.9584 0.1845
vn 0.1467 -0.9860 -0.0791
vn 0.0392 -0.9135 0.4049
vn -0.2529 -0.9592 0.1261
vn -0.1398 -0.9656 0.2191
vn -0.0357 -0.9398 -0.3398
vn -0.1620 -0.9429 -0.2909
vn 0.0632 -0.9976 0.0275
vn -0.4456 -0.8781 0.1745
vn -0.1406 -0.9068 -0.3975
vn 0.1278 -0.9917 -0.0158
vn -0.0079 -1.0000 0.0036
vn -0.2632 -0.9567 0.1245
vn 0.0595 -0.8227 -0.5653
vn -0.3455 -0.9158 0.2046
vn -0.2113 -0.9171 -0.3381
vn -0.3951 -0.8863 -0.2418
vn 0.4094 -0.8838 -0.2266
vn -0.0285 -0.9839 0.1762
vn -0.0301 -0.9321 0.3610
vn 0.0851 -0.9608 -0.2638
vn 0.5116 -0.8200 -0.2566
vn -0.0141 -0.9850 0.1722
vn 0.0558 -0.9966 -0.0608
vn -0.0794 -0.9827 0.1675
vn 0.0990 -0.9912 -0.0874
vn -0.5561 -0.8191 -0.1409
vn -0.1482 -0.9811 0.1243
vn 0.0002 -0.9866 0.1630
vn 0.2389 -0.9624 0.1293
vn -0.1188 -0.9664 -0.2278
vn 0.0213 -0.7978 -0.6025
vn -0.3453 -0.9350 0.0815
vn 0.2348 -0.8856 -0.4007
vn 0.1991 -0.9776 -0.0684
vn -0.0967 -0.9385 -0.3314
vn -0.0743 -0.9923 -0.0996
vn 0.1695 -0.9854 -0.0156
vn 0.0342 -0.9652 0.2593
vn 0.3996 -0.9057 0.1414
vn -0.0060 -0.9999 -0.0104
vn 0.0859 -0.9853 0.1478
vn 0.1122 -0.9921 0.0553
vn 0.2302 -0.9653 -0.1230
vn 0.1879 -0.9715 -0.1444
vn -0.0895 -0.9589 0.2692
vn 0.0245 -0.9959 0.0871
vn -0.1568 -0.9857 -0.0613
vn 0.1450 -0.9313 0.3341
vn -0.3527 -0.9223 0.1577
vn -0.4155 -0.6919 0.5904
vn -0.1394 -0.9673 0.2118
vn 0.0954 -0.9902 0.1024
vn 0.1434 -0.9732 -0.1799
vn -0.0178 -0.9595 -0.2812
vn -0.0168 -0.9954 -0.0940
vn -0.2206 -0.9718 -0.0827
vn -0.0882 -0.9786 -0.1858
vn 0.6020 -0.7904 0.1135
vn 0.1074 -0.9654 0.2376
vn -0.1076 -0.9925 0.0580
vn -0.1504 -0.9792 -0.1365
vn 0.1485 -0.9462 -0.2873
vn -0.0553 -0.9972 -0.0508
vn 0.0365 -0.9988 0.0315
vn -0.0523 -0.9971 0.0560
vn 0.0516 -0.9986 0.0145
vn 0.1266 -0.9913 0.0372
vn 0.1908 -0.9816 -0.0048
vn -0.1938 -0.9491 -0.2484
vn 0.2886 -0.9036 0.3165
vn 0.3170 -0.9416 -0.1136
vn -0.2016 -0.9751 -0.0920
vn -0.0453 -0.9321 0.3594
vn -0.2395 -0.8082 -0.5380
vn -0.6645 -0.7013 -0.2581
vn -0.0059 -0.9945 -0.1045
vn 0.1727 -0.9809 0.0899
vn 0.2093 -0.9477 0.2408
vn -0.0756 -0.9678 0.2402
vn -0.1332 -0.9202 -0.3680
vn -0.1049 -0.9509 0.2913
vn 0.4383 -0.8988 0.0051
vn 0.0824 -0.9966 0.0003
vn -0.0985 -0.9740 -0.2039
vn -0.0033 -0.9991 -0.0413
vn -0.1614 -0.8501 0.5013
vn -0.3831 -0.9193 0.0902
vn -0.1276 -0.9128 0.3879
vn -0.0092 -0.9981 0.0606
vn 0.1183 -0.9101 0.3971
vn -0.0673 -0.9953 -0.0703
vn 0.0169 -0.9991 0.0394
vn 0.0077 -0.9590 -0.2832
vn -0.3090 -0.8583 0.4097
vn 0.3935 -0.8534 0.3418
vn 0.2564 -0.9385 0.2313
vn 0.5754 -0.7927 -0.2013
vn 0.1548 -0.9843 0.0845
vn -0.2686 -0.9431 0.1962
vn -0.4130 -0.8902 -0.1923
vn -0.2419 -0.9680 -0.0670
vn -0.0278 -0.9806 -0.1942
vn -0.1638 -0.9353 -0.3137
vn 0.0384 -0.9924 -0.1170
vn -0.2126 -0.9704 0.1142
vn 0.1062 -0.9517 0.2882
vn 0.2469 -0.9655 0.0822
vn 0.0198 -0.9998 0.0046
vn -0.0817 -0.9745 0.2090
vn -0.2405 -0.8913 -0.3843
vn -0.1724 -0.8910 -0.4200
vn 0.2484 -0.9674 -0.0500
vn 0.1467 -0.9427 -0.2997
vn 0.1940 -0.9547 0.2255
vn 0.1792 -0.9572 0.2274
vn -0.0525 -0.9941 -0.0951
vn -0.0245 -0.9875 -0.1558
vn -0.0305 -0.9949 -0.0963
vn -0.0022 -0.9466 -0.3225
vn -0.1520 -0.9793 0.1336
vn -0.0048 -0.9618 0.2736
vn 0.1509 -0.9761 -0.1565
vn -0.4501 -0.8503 0.2729
vn 0.3448 -0.9159 -0.2054
vn 0.1081 -0.9430 -0.3147
vn -0.2218 -0.9421 -0.2514
vn 0.0173 -0.9924 0.1220
vn -0.3465 -0.8553 -0.3852
vn -0.0702 -0.9869 -0.1451
vn -0.0761 -0.9908 -0.1119
vn 0.2496 -0.6874 0.6821
vn -0.3815 -0.9130 -0.1445
vn 0.0037 -0.9977 0.0682
vn -0.1857 -0.9570 -0.2227
vn -0.3762 -0.9118 0.1645
vn 0.3373 -0.9313 -0.1375
vn -0.1651 -0.9815 -0.0973
vn -0.1741 -0.8700 -0.4614
vn -0.1384 -0.9590 0.2473
vn 0.0350 -0.9979 -0.0546
vn -0.1776 -0.9823 0.0594
vn 0.0086 -0.9941 0.1079
vn 0.1306 -0.9913 0.0176
vn 0.0531 -0.9930 0.1054
vn -0.0834 -0.9965 -0.0081
vn -0.0030 -0.9977 0.0670
vn -0.0171 -0.9718 0.2353
vn 0.1320 -0.8262 -0.5478
vn 0.0455 -0.9752 0.2164
vn 0.1861 -0.9684 -0.1658
vn 0.4429 -0.7622 -0.4721
vn -0.2754 -0.8871 0.3704
vn -0.0094 -0.9974 -0.0719
vn -0.2320 -0.9658 0.1154
vn -0.0781 -0.9901 -0.1167
vn -0.7256 -0.6186 0.3013
vn 0.3384 -0.9191 -0.2018
vn -0.0213 -0.9935 0.1116
vn -0.1785 -0.9621 -0.2059
vn 0.1673 -0.9857 -0.0207
vn -0.1000 -0.9942 0.0394
vn -0.0929 -0.8478 -0.5222
vn 0.0449 -0.8392 -0.5419
vn 0.2063 -0.9105 -0.3583
vn -0.0090 -0.9891 -0.1470
vn -0.0765 -0.9838 0.1623
vn -0.3327 -0.9335 -0.1335
vn -0.0905 -0.9792 0.1815
vn 0.1387 -0.9756 0.1700
vn 0.2766 -0.8949 0.3501
vn 0.1850 -0.9802 0.0700
vn -0.1070 -0.9784 -0.1766
vn 0.1724 -0.9550 0.2413
vn 0.2059 -0.9326 0.2963
vn -0.0813 -0.9812 -0.1748
vn -0.4970 -0.8108 -0.3092
vn -0.0010 -0.9931 -0.1169
vn -0.0190 -0.9646 0.2631
vn 0.0277 -0.9813 -0.1905
vn 0.0125 -0.9968 0.0789
vn 0.2667 -0.9495 0.1652
vn 0.0262 -0.9968 0.0759
vn -0.2000 -0.9791 -0.0362
vn -0.2747 -0.8364 0.4743
vn -0.0856 -0.9823 -0.1665
vn -0.3126 -0.9411 -0.1291
vn -0.2383 -0.5745 0.7830
vn 0.1223 -0.9703 0.2085
vn 0.2457 -0.9539 0.1726
vn 0.0054 -0.9953 -0.0964
vn 0.3863 -0.9223 -0.0113
vn -0.1236 -0.9881 -0.0919
vn -0.0119 -0.9642 0.2649
vn -0.3525 -0.9357 -0.0163
vn 0.1626 -0.9857 -0.0440
vn 0.1658 -0.9705 0.1753
vn 0.3318 -0.9281 0.1688
vn -0.0413 -0.9955 0.0858
vn 0.2258 -0.9207 0.3182
vn -0.2340 -0.9357 0.2642
vn 0.0820 -0.9795 -0.1841
vn 0.0469 -0.9871 -0.1532
vn 0.1141 -0.9593 -0.2583
vn -0.0840 -0.9964 -0.0071
vn 0.1316 -0.9840 -0.1205
vn -0.0586 -0.9704 -0.2343
vn -0.0024 -0.9878 -0.1558
vn 0.1183 -0.9569 0.2651
vn -0.0861 -0.9709 0.2235
vn -0.1403 -0.9901 -0.0045
vn 0.0984 -0.9927 0.0698
vn -0.0077 -0.9923 0.1237
vn -0.0312 -0.9995 -0.0054
vn 0.1917 -0.9361 -0.2951
vn -0.2811 -0.9413 -0.1870
vn 0.0863 -0.9755 -0.2025
vn -0.3080 -0.8849 -0.3493
vn -0.2294 -0.9705 0.0743
vn 0.6052 -0.7951 0.0398
vn 0.2115 -0.9133 -0.3480
vn 0.3509 -0.8321 0.4295
vn -0.2467 -0.9635 0.1041
vn -0.3553 -0.9321 0.0703
vn 0.6684 -0.6581 0.3467
vn 0.1266 -0.9875 0.0937
vn -0.0285 -0.9015 -0.4318
vn 0.0069 -0.9651 0.2619
vn 0.1328 -0.9907 -0.0312
vn 0.1995 -0.9798 -0.0150
vn 0.0143 -0.9496 -0.3132
vn -0.2199 -0.9690 -0.1125
vn 0.2299 -0.9500 0.2111
vn 0.2473 -0.9664 0.0704
vn -0.0373 -0.7026 0.7106
vn -0.0580 -0.9979 -0.0275
vn -0.1096 -0.9832 0.1460
vn 0.0909 -0.9511 -0.2951
vn 0.1702 -0.9295 0.3273
vn -0.2461 -0.9692 -0.0102
vn 0.1779 -0.9762 -0.1243
vn 0.0650 -0.9946 0.0812
vn 0.0387 -0.9465 -0.3203
vn 0.0860 -0.7906 -0.6063
vn -0.2290 -0.9411 0.2486
vn -0.1677 -0.9801 -0.1060
vn 0.3902 -0.9132 0.1173
vn 0.5604 -0.7796 0.2797
vn -0.3238 -0.8669 -0.3790
vn 0.1885 -0.9752 -0.1164
vn -0.0480 -0.8995 0.4342
vn -0.2642 -0.9198 0.2900
vn 0.1742 -0.9711 0.1634
vn -0.0087 -0.9996 -0.0282
vn 0.5985 -0.8011 0.0085
vn 0.4095 -0.8872 -0.2126
vn -0.1360 -0.9756 0.1724
vn -0.1941 -0.9745 -0.1129
vn -0.1927 -0.9811 0.0200
vn -0.6573 -0.7310 0.1834
vn 0.0867 -0.9834 0.1593
vn 0.4921 -0.8621 -0.1213
vn -0.0830 -0.9962 -0.0261
vn 0.0054 -0.9835 0.1806
vn 0.1730 -0.9793 -0.1054
vn 0.1029 -0.9488 0.2986
vn -0.3939 -0.8762 -0.2776
vn 0.7562 -0.6485 0.0870
vn -0.1647 -0.9803 -0.1092
vn -0.2401 -0.4701 0.8493
vn -0.3336 -0.9158 -0.2235
vn -0.3611 -0.8242 -0.4364
vn 0.0927 -0.9911 -0.0956
vn 0.0618 -0.9955 0.0711
vn 0.0522 -0.9813 -0.1851
vn -0.2155 -0.7999 0.5601
vn 0.0838 -0.9881 0.1288
vn -0.2721 -0.9574 0.0964
vn 0.4406 -0.8976 0.0101
vn -0.3287 -0.8763 0.3522
vn 0.3435 -0.9235 0.1707
vn 0.2351 -0.9418 0.2404
vn 0.1657 -0.9687 -0.1850
vn -0.2611 -0.9653 -0.0087
vn -0.0984 -0.9643 0.2459
vn -0.4293 -0.8375 0.3382
vn -0.1717 -0.9840 0.0481
vn -0.0496 -0.9533 -0.2981
vn -0.0158 -0.9509 -0.3090
vn 0.1590 -0.9770 0.1423
vn -0.0250 -0.9369 0.3487
vn -0.0318 -0.9690 -0.2449
vn -0.2692 -0.9578 0.1009
vn -0.0387 -0.9808 -0.1911
vn -0.2132 -0.9722 -0.0968
vn 0.3917 -0.9147 0.0992
vn -0.1973 -0.9464 0.2558
vn 0.2990 -0.8315 -0.4682
vn -0.0850 -0.9813 0.1728
vn 0.1714 -0.9829 -0.0679
vn 0.3435 -0.9359 0.0777
vn 0.3367 -0.9410 -0.0335
vn 0.3213 -0.9459 0.0459
vn 0.1041 -0.9633 -0.2476
vn -0.4329 -0.8182 -0.3783
vn -0.1870 -0.9799 -0.0696
vn 0.1724 -0.9828 0.0664
vn -0.0372 -0.9990 -0.0242
vn -0.0375 -0.9934 -0.1081
vn 0.1696 -0.9561 -0.2390
vn 0.0749 -0.9935 0.0857
vn 0.1994 -0.9423 0.2691
vn 0.4362 -0.8963 0.0795
vn 0.0039 -0.9988 -0.0493
vn -0.0020 -0.9999 0.0140
vn 0.1802 -0.8953 -0.4074
vn -0.0197 -0.9903 -0.1378
vn -0.6100 -0.7763 0.1589
vn -0.0799 -0.9968 0.0083
vn 0.0722 -0.9826 0.1711
vn -0.3461 -0.9165 0.2005
vn -0.9083 -0.3993 0.1250
vn -0.1664 -0.9427 0.2892
vn 0.1798 -0.6379 0.7488
vn 0.0901 -0.8755 0.4748
vn 0.3176 -0.9290 -0.1902
vn -0.3453 -0.6590 -0.6682
vn 0.1286 -0.9182 0.3747
vn 0.1461 -0.9477 0.2837
vn -0.3049 -0.9295 0.2075
vn 0.4075 -0.8901 -0.2041
vn -0.0985 -0.9875 0.1229
vn 0.2683 -0.9609 0.0678
vn -0.3890 -0.9207 -0.0303
vn 0.0145 -0.9999 0.0057
vn 0.0335 -0.9987 0.0389
vn 0.2286 -0.9159 0.3300
vn 0.5371 -0.8421 0.0490
vn 0.4570 -0.8011 -0.3865
vn 0.2833 -0.9525 0.1121
vn 0.2074 -0.9765 0.0581
vn -0.2977 -0.9293 0.2186
vn -0.2307 -0.9722 -0.0407
vn 0.2535 -0.8867 -0.3867
vn 0.0419 -0.9965 -0.0728
vn 0.1307 -0.9709 0.2008
vn -0.1235 -0.9922 0.0189
vn 0.2762 -0.9466 -0.1666
vn 0.0093 -0.9992 -0.0382
vn 0.0642 -0.9906 -0.1211
vn 0.0628 -0.9554 0.2887
vn -0.2386 -0.9029 -0.3575
vn 0.1388 -0.9791 0.1488
vn 0.5986 -0.7728 -0.2109
vn 0.0774 -0.9967 -0.0255
vn -0.0293 -0.8880 -0.4590
vn -0.2484 -0.8754 0.4147
vn -0.0476 -0.8719 -0.4874
vn 0.0942 -0.8810 -0.4636
vn 0.3110 -0.9307 -0.1928
vn -0.2320 -0.9725 -0.0220
vn -0.0601 -0.9576 0.2817
vn 0.0364 -0.9347 0.3537
vn 0.4020 -0.9041 -0.1451
vn -0.0000 -0.9989 0.0477
vn 0.2218 -0.9716 -0.0822
vn 0.0474 -0.9828 -0.1786
vn 0.4872 -0.8733 -0.0057
vn -0.0638 -0.9673 -0.2455
vn 0.1114 -0.9690 -0.2207
vn 0.0927 -0.7397 -0.6665
vn -0.1522 -0.9832 0.1005
vn -0.3471 -0.8713 -0.3470
vn -0.1364 -0.9439 0.3006
vn 0.0283 -0.7995 0.6000
vn 0.1361 -0.9665 0.2178
vn 0.0745 -0.9971 0.0180
vn 0.1662 -0.9818 0.0914
vn -0.0367 -0.9931 0.1110
vn 0.4276 -0.8931 0.1397
vn -0.3257 -0.5249 -0.7864
vn 0.0558 -0.9493 -0.3095
vn 0.7561 -0.4997 0.4226
vn -0.2429 -0.9511 -0.1910
vn -0.0029 -0.9530 0.3028
vn -0.0919 -0.9854 0.1433
vn -0.4264 -0.9042 -0.0240
vn 0.1645 -0.9524 0.2567
vn -0.1851 -0.9798 0.0764
vn 0.3774 -0.7614 0.5271
vn -0.2149 -0.9757 -0.0432
vn 0.2420 -0.9626 -0.1222
vn 0.0201 -0.9998 -0.0043
vn -0.5044 -0.8622 -0.0477
vn -0.4786 -0.8305 -0.2850
vn -0.2897 -0.9571 0.0006
vn -0.0117 -0.9535 0.3013
vn -0.1305 -0.9809 -0.1441
vn 0.1390 -0.9719 -0.1898
vn 0.0206 -0.9998 0.0036
vn -0.2611 -0.9467 -0.1887
vn 0.3518 -0.8258 0.4409
vn -0.1834 -0.9787 -0.0926
vn -0.2481 -0.9624 -0.1103
vn -0.2466 -0.9669 -0.0660
vn 0.4816 -0.8477 0.2224
vn 0.0840 -0.9863 0.1421
vn -0.0241 -0.8611 -0.5078
vn -0.4146 -0.9090 -0.0435
vn -0.3982 -0.9158 -0.0517
vn 0.2093 -0.9578 0.1971
vn 0.0988 -0.9082 -0.4068
vn 0.0001 -0.9995 0.0303
vn 0.5893 -0.8012 -0.1035
vn -0.4975 -0.6676 -0.5538
vn -0.3689 -0.8640 0.3426
vn -0.2149 -0.9759 -0.0377
vn 0.0393 -0.9830 -0.1795
vn 0.1080 -0.9483 0.2983
vn -0.0158 -0.9824 0.1860
vn 0.3996 -0.9131 -0.0815
vn -0.0154 -0.9439 0.3298
vn -0.1848 -0.9630 0.1963
vn -0.2173 -0.9656 0.1429
vn 0.0356 -0.9785 -0.2031
vn -0.1295 -0.9756 0.1773
vn 0.1645 -0.9538 0.2514
vn -0.1527 -0.9669 0.2045
vn 0.0003 -0.9715 -0.2371
vn -0.2485 -0.9652 -0.0814
vn -0.0997 -0.9894 0.1057
vn -0.0569 -0.9752 -0.2138
vn 0.4101 -0.9039 -0.1214
vn -0.0911 -0.9310 0.3534
vn -0.4131 -0.9070 -0.0823
vn -0.5086 -0.8404 -0.1871
vn -0.2977 -0.8858 -0.3560
vn 0.2604 -0.9521 -0.1604
vn 0.1519 -0.9865 -0.0613
vn -0.1051 -0.9942 0.0237
vn -0.3976 -0.9107 -0.1124
vn -0.3005 -0.9467 0.1158
vn -0.4922 -0.8371 -0.2388
vn -0.4741 -0.8561 -0.2058
vn 0.0083 -0.9918 0.1275
vn -0.1220 -0.9295 -0.3481
vn 0.2208 -0.9350 0.2776
vn -0.1764 -0.9351 0.3075
vn 0.0754 -0.9861 0.1483
vn 0.0522 -0.9687 0.2427
vn 0.6147 -0.7353 0.2854
vn -0.1969 -0.9724 -0.1255
vn -0.2034 -0.9627 0.1782
vn 0.2342 -0.9711 -0.0457
vn -0.2824 -0.9227 -0.2625
vn 0.3331 -0.7782 0.5325
vn -0.0227 -0.9943 -0.1044
vn 0.3372 -0.9373 0.0883
vn -0.0149 -0.9981 -0.0592
vn -0.1824 -0.8982 -0.3999
vn -0.0277 -0.9698 -0.2424
vn 0.0101 -0.9790 -0.2037
vn 0.1109 -0.9912 0.0727
vn 0.2990 -0.9015 -0.3129
vn 0.3890 -0.8288 0.4023
vn 0.5408 -0.8152 -0.2072
vn 0.3964 -0.9019 0.1719
vn -0.1471 -0.9645 0.2193
vn 0.4452 -0.7781 0.4432
vn 0.0802 -0.9474 -0.3098
vn 0.1138 -0.9906 -0.0759
vn 0.4994 -0.8316 0.2429
vn -0.2432 -0.9677 0.0659
vn -0.2401 -0.9641 -0.1137
vn -0.0003 -0.8216 -0.5701
vn -0.3849 -0.8724 -0.3013
vn 0.0153 -0.9989 0.0444
vn 0.2584 -0.9628 0.0794
vn -0.3941 -0.9190 -0.0149
vn -0.0705 -0.9763 0.2046
vn 0.2489 -0.9080 -0.3370
vn -0.0198 -0.9926 0.1194
vn 0.0003 -0.9333 -0.3591
vn 0.1164 -0.9510 -0.2863
vn 0.2877 -0.9553 0.0678
vn -0.0982 -0.9938 0.0531
vn -0.0607 -0.9974 0.0383
vn -0.2492 -0.9598 -0.1294
vn 0.2380 -0.9525 -0.1902
vn -0.0875 -0.9961 0.0085
vn -0.0402 -0.9989 -0.0226
vn 0.0661 -0.9978 0.0112
vn 0.0035 -0.9974 0.0717
vn -0.2498 -0.9602 0.1247
vn 0.1801 -0.8906 0.4176
vn 0.4225 -0.8863 -0.1896
vn -0.0253 -0.9368 0.3491
vn 0.1425 -0.9898 -0.0011
vn -0.4236 -0.9018 0.0860
vn -0.1341 -0.9829 0.1258
vn -0.0072 -0.9999 0.0116
vn -0.5590 -0.8263 -0.0686
vn 0.0479 -0.9983 0.0327
vn -0.1229 -0.9902 0.0669
vn -0.2800 -0.9373 -0.2074
vn 0.3511 -0.9302 0.1070
vn 0.1906 -0.9774 0.0909
vn -0.2064 -0.9769 -0.0557
vn 0.1030 -0.9907 -0.0886
vn -0.0390 -0.9973 0.0626
vn -0.1086 -0.9762 0.1877
vn 0.1745 -0.9597 -0.2201
vn 0.1246 -0.9279 0.3514
vn -0.0164 -0.9933 0.1142
vn -0.1187 -0.9725 -0.2002
vn -0.0131 -0.9965 0.0820
vn 0.0804 -0.9933 0.0828
vn -0.1171 -0.9749 0.1893
vn 0.2020 -0.9477 0.2472
vn 0.2757 -0.8753 -0.3973
vn 0.0644 -0.9494 0.3075
vn 0.3046 -0.9308 0.2021
vn 0.0237 -0.9967 0.0772
vn -0.0351 -0.9992 -0.0193
vn -0.1481 -0.9478 0.2824
vn -0.3917 -0.7818 -0.4851
vn -0.4011 -0.8840 -0.2403
vn 0.5347 -0.8077 -0.2485
vn -0.1299 -0.9915 -0.0054
vn -0.0949 -0.9039 -0.4170
vn -0.5850 -0.7057 -0.3998
vn -0.0231 -0.9997 0.0119
vn 0.1600 -0.9680 -0.1935
vn 0.1594 -0.9493 0.2708
vn 0.2004 -0.9720 -0.1231
vn -0.0632 -0.9977 0.0224
vn 0.2739 -0.9353 -0.2242
vn 0.1900 -0.9321 -0.3084
vn 0.2708 -0.9626 0.0071
vn -0.3583 -0.8256 0.4359
vn -0.1345 -0.9774 0.1633
vn 0.2787 -0.9106 -0.3053
vn -0.1720 -0.9795 0.1045
vn -0.3636 -0.9266 -0.0961
vn -0.2102 -0.9673 -0.1421
vn -0.2346 -0.9537 0.1883
vn 0.0427 -0.9912 0.1250
vn -0.2748 -0.9589 -0.0707
vn -0.3986 -0.8881 -0.2288
vn -0.2277 -0.9697 -0.0885
vn 0.1375 -0.8801 -0.4545
vn 0.0467 -0.9956 0.0817
vn 0.4704 -0.8820 0.0289
vn 0.0151 -0.9486 0.3161
vn 0.0958 -0.9818 0.1639
vn 0.0886 -0.9858 -0.1427
vn 0.7133 -0.6988 -0.0535
vn -0.2289 -0.9734 0.0083
vn 0.0442 -0.9932 -0.1078
vn -0.2672 -0.9583 0.1012
vn -0.3825 -0.8155 -0.4343
vn 0.2401 -0.9521 0.1894
vn -0.1951 -0.7385 -0.6454
vn -0.2769 -0.9591 -0.0590
vn 0.2494 -0.9664 -0.0621
vn 0.1574 -0.9500 -0.2698
vn 0.3266 -0.9448 -0.0249
vn -0.6506 -0.7450 0.1472
vn -0.3025 -0.9277 0.2187
vn -0.1132 -0.9926 0.0437
vn -0.0237 -0.9959 -0.0869
vn 0.4739 -0.8632 -0.1740
vn 0.0898 -0.9889 -0.1185
vn -0.0402 -0.9967 -0.0699
vn -0.1133 -0.9632 0.2437
vn 0.1273 -0.9863 0.1046
vn 0.0817 -0.9822 -0.1692
vn 0.0791 -0.9968 -0.0121
vn -0.2899 -0.7776 -0.5579
vn -0.4514 -0.8732 -0.1838
vn 0.0321 -0.9994 -0.0097
vn -0.1573 -0.9872 0.0243
vn 0.5954 -0.8030 0.0257
vn 0.0419 -0.9590 -0.2803
vn -0.1286 -0.9232 -0.3623
vn 0.0653 -0.9979 -0.0005
vn 0.0380 -0.9962 -0.0785
vn -0.1089 -0.9692 -0.2210
vn -0.1429 -0.8751 0.4624
vn 0.1490 -0.9114 0.3836
vn -0.0057 -0.8325 0.5539
vn -0.2668 -0.8836 -0.3849
vn 0.2319 -0.9718 -0.0433
vn 0.1498 -0.9126 -0.3805
vn 0.1416 -0.9411 -0.3070
vn -0.0019 -0.9240 0.3823
vn 0.3927 -0.9114 -0.1227
vn 0.0621 -0.9906 0.1216
vn -0.1356 -0.9802 -0.1444
vn -0.1055 -0.9253 -0.3643
vn 0.2297 -0.7510 -0.6190
vn -0.6569 -0.6235 -0.4240
vn -0.1797 -0.9799 0.0871
vn 0.0928 -0.9953 0.0278
vn -0.3245 -0.9456 -0.0242
vn 0.1298 -0.9891 0.0697
vn 0.7314 -0.6464 -0.2175
vn 0.1649 -0.9859 -0.0294
vn 0.2095 -0.9762 0.0566
vn -0.1611 -0.9835 -0.0818
vn -0.0727 -0.3750 -0.9242
vn -0.1266 -0.7695 0.6260
vn 0.4428 -0.8966 -0.0097
vn -0.2242 -0.9186 0.3255
vn 0.3218 -0.9353 0.1472
vn -0.2547 -0.9666 0.0291
vn 0.1123 -0.9452 -0.3066
vn 0.0224 -0.8558 0.5168
vn -0.0243 -0.9963 -0.0830
vn -0.2335 -0.9707 0.0566
vn 0.2408 -0.9626 0.1240
vn -0.7388 -0.5774 -0.3474
vn -0.0865 -0.8420 0.5325
vn 0.1401 -0.9803 -0.1390
vn -0.1466 -0.9772 0.1538
vn -0.0953 -0.9595 -0.2652
vn -0.2079 -0.9285 0.3077
vn -0.3852 -0.7777 0.4968
vn -0.1015 -0.9794 0.1746
vn -0.3443 -0.8725 0.3467
vn 0.1269 -0.9894 0.0708
vn 0.2877 -0.9575 -0.0202
vn -0.3169 -0.9472 0.0492
vn 0.9732 -0.2277 -0.0322
vn 0.0607 -0.9735 -0.2205
vn 0.3277 -0.9109 -0.2506
vn -0.0089 -0.9059 0.4235
vn -0.2764 -0.9489 0.1521
vn -0.1590 -0.9744 -0.1589
vn -0.0190 -0.4983 -0.8668
vn -0.1209 -0.9409 0.3165
vn -0.2304 -0.9703 -0.0733
vn 0.1580 -0.9652 0.2085
vn 0.3936 -0.6890 -0.6086
vn -0.5161 -0.8532 0.0757
vn -0.1426 -0.9898 -0.0035
vn -0.6439 -0.7468 -0.1664
vn 0.3081 -0.9496 0.0568
vn 0.0842 -0.9854 -0.1480
vn -0.1190 -0.9923 0.0351
vn -0.4060 -0.9052 -0.1253
vn 0.1499 -0.9537 0.2606
vn 0.1935 -0.8669 -0.4594
vn 0.0216 -0.7087 0.7052
vn 0.0072 -0.9586 0.2846
vn 0.0143 -0.9971 0.0744
vn 0.2712 -0.9397 -0.2083
vn 0.0245 -0.9924 -0.1207
vn 0.6220 -0.7829 -0.0148
vn 0.3192 -0.9412 0.1111
vn 0.4863 -0.8726 -0.0457
vn -0.4918 -0.8706 -0.0113
vn -0.3267 -0.8980 0.2946
vn 0.1934 -0.8518 -0.4868
vn -0.5085 -0.7946 0.3317
vn -0.0101 -0.9778 -0.2095
vn -0.1406 -0.9887 -0.0516
vn -0.1227 -0.9911 0.0524
vn -0.0123 -0.9959 -0.0896
vn 0.0524 -0.9767 0.2083
vn 0.0650 -0.9791 -0.1927
vn 0.3134 -0.9496 -0.0044
vn 0.0520 -0.8792 -0.4736
vn 0.0595 -0.8963 0.4394
vn 0.1816 -0.9548 0.2354
vn -0.2578 -0.9306 -0.2597
vn -0.3000 -0.9199 -0.2524
vn -0.3691 -0.8228 -0.4322
vn 0.0681 -0.9919 0.1068
vn -0.4197 -0.8701 -0.2585
vn 0.0845 -0.9920 -0.0940
vn -0.2015 -0.6946 0.6906
vn -0.0962 -0.9947 0.0368
vn 0.1167 -0.9018 -0.4162
vn -0.1361 -0.9535 -0.2690
vn -0.1174 -0.9903 -0.0749
vn -0.2560 -0.9349 0.2457
vn 0.0175 -0.9665 0.2560
vn -0.0368 -0.9978 -0.0558
vn 0.2929 -0.9555 -0.0349
vn 0.0272 -0.9961 0.0843
vn -0.1094 -0.9502 0.2919
vn 0.0308 -0.9977 -0.0604
vn 0.0110 -0.9993 -0.0368
vn 0.2898 -0.8596 0.4209
vn -0.3450 -0.9352 0.0802
vn -0.3825 -0.8480 -0.3668
vn -0.2066 -0.7738 -0.5988
vn -0.4294 -0.8547 0.2918
vn -0.0621 -0.8587 -0.5087
vn 0.0762 -0.9954 0.0580
vn -0.2848 -0.9567 0.0595
vn 0.0938 -0.9897 0.1077
vn 0.0153 -0.8295 -0.5583
vn -0.1261 -0.9920 -0.0055
vn 0.5986 -0.7941 0.1053
vn 0.1302 -0.7803 -0.6117
vn -0.0238 -0.9947 -0.0997
vn -0.0545 -0.9368 0.3457
vn 0.0779 -0.7211 -0.6884
vn -0.2765 -0.9610 -0.0038
vn -0.3936 -0.9147 -0.0914
vn 0.0681 -0.9740 0.2163
vn -0.3999 -0.9083 0.1232
vn -0.3710 -0.9008 -0.2257
vn 0.3812 -0.8691 0.3153
vn -0.3274 -0.9118 -0.2477
vn -0.0822 -0.9419 -0.3257
vn -0.2106 -0.9596 -0.1867
vn -0.3160 -0.9189 -0.2361
vn -0.1737 -0.9726 -0.1546
vn -0.0358 -0.9406 -0.3377
vn -0.0244 -0.8779 -0.4783
vn -0.4096 -0.8775 0.2495
vn -0.2552 -0.8544 0.4527
vn 0.0629 -0.9978 0.0196
vn -0.4656 -0.8850 0.0043
vn 0.0180 -0.9780 -0.2080
vn 0.0881 -0.9926 -0.0830
vn -0.1263 -0.9884 -0.0838
vn 0.0086 -0.9994 0.0332
vn -0.2355 -0.9477 -0.2152
vn -0.1347 -0.9767 0.1672
vn 0.0020 -0.8922 -0.4516
vn 0.0958 -0.9675 -0.2341
vn -0.1329 -0.9809 0.1423
vn -0.4796 -0.7584 -0.4415
vn -0.1594 -0.9524 0.2599
vn 0.0107 -0.9957 -0.0916
vn 0.3743 -0.8666 -0.3299
vn 0.3341 -0.9397 0.0733
vn 0.0626 -0.9941 0.0889
vn -0.3874 -0.9214 0.0312
vn -0.1083 -0.9937 -0.0285
vn -0.0526 -0.8961 -0.4407
vn -0.0646 -0.9808 -0.1840
vn -0.0133 -0.9996 -0.0268
vn -0.3085 -0.9132 0.2662
vn 0.0374 -0.9991 -0.0197
vn -0.1085 -0.9861 0.1262
vn 0.3072 -0.9516 -0.0077
vn -0.2386 -0.9683 -0.0742
vn 0.0283 -0.9966 -0.0776
vn -0.1861 -0.9817 -0.0398
vn 0.0186 -0.9756 -0.2188
vn 0.1075 -0.9912 0.0774
vn -0.2317 -0.9435 0.2370
vn 0.1476 -0.9889 0.0180
vn 0.5396 -0.7795 0.3181
vn -0.3328 -0.8573 0.3928
vn -0.2752 -0.7087 0.6496
vn -0.3601 -0.8653 0.3486
vn 0.2053 -0.9484 -0.2418
vn 0.7543 -0.6477 -0.1074
vn 0.3148 -0.9491 -0.0108
vn 0.2444 -0.8788 -0.4099
vn 0.1478 -0.9772 -0.1525
vn -0.4422 -0.6977 -0.5636
vn 0.0948 -0.9625 0.2540
vn 0.0371 -0.9949 0.0942
vn -0.0377 -0.9239 -0.3807
vn 0.3397 -0.9363 -0.0892
vn 0.1809 -0.9727 0.1452
vn -0.0334 -0.9994 0.0034
vn 0.3790 -0.7814 -0.4957
vn 0.2622 -0.9571 0.1235
vn 0.2779 -0.8721 0.4027
vn 0.1155 -0.9892 0.0898
vn 0.1689 -0.9521 -0.2550
vn -0.1132 -0.9756 -0.1882
vn -0.2824 -0.9550 0.0907
vn -0.5648 -0.8249 -0.0239
vn -0.2796 -0.8503 0.4458
vn -0.0788 -0.9366 -0.3415
vn -0.2812 -0.9430 0.1779
vn 0.5455 -0.8273 -0.1341
vn 0.2580 -0.9497 -0.1778
vn 0.2111 -0.9766 0.0418
vn -0.0091 -0.9800 -0.1986
vn -0.0097 -0.9753 0.2206
vn 0.1364 -0.9890 -0.0580
vn 0.0298 -0.9897 0.1400
vn 0.8770 -0.1414 0.4592
vn 0.3440 -0.8853 -0.3129
vn -0.8159 -0.5312 -0.2283
vn 0.1380 -0.8444 -0.5177
vn -0.3101 -0.8338 -0.4567
vn 0.1804 -0.9835 -0.0137
vn -0.1100 -0.8662 0.4874
vn -0.7206 -0.6930 -0.0223
vn -0.5207 -0.7925 0.3176
vn 0.1134 -0.8396 0.5312
vn -0.0220 -0.9782 -0.2065
vn -0.2073 -0.9754 0.0756
vn 0.1291 -0.9684 0.2134
vn -0.3095 -0.9502 -0.0369
vn 0.2825 -0.9592 0.0101
vn -0.2825 -0.9494 0.1373
vn -0.0014 -0.9585 -0.2851
vn -0.1649 -0.9664 -0.1972
vn 0.8242 -0.5515 -0.1286
vn -0.3092 -0.6631 -0.6816
vn -0.4827 -0.8131 -0.3255
vn 0.1453 -0.9886 -0.0389
vn 0.1405 -0.9898 0.0225
vn -0.4773 -0.8682 0.1355
vn -0.2013 -0.9578 -0.2049
vn 0.3199 -0.9366 0.1433
vn 0.2106 -0.9310 0.2982
vn -0.2773 -0.9605 0.0224
vn -0.3760 -0.8206 -0.4304
vn 0.2466 -0.9556 -0.1611
vn -0.3402 -0.7754 -0.5320
vn -0.5307 -0.7974 0.2873
vn -0.1673 -0.9846 0.0506
vn 0.0177 -0.9985 -0.0523
vn 0.1936 -0.9798 0.0508
vn 0.1009 -0.9842 0.1457
vn 0.9426 -0.3328 -0.0265
vn 0.1340 -0.9809 -0.1412
vn 0.4735 -0.8712 -0.1296
vn 0.2017 -0.9596 -0.1962
vn -0.1184 -0.9836 0.1361
vn 0.5460 -0.7478 0.3777
vn -0.3350 -0.9422 0.0035
vn -0.2708 -0.9615 -0.0476
vn 0.2450 -0.9397 0.2385
vn -0.0010 -0.9712 -0.2384
vn -0.1059 -0.8605 -0.4983
vn -0.3675 -0.9285 -0.0524
vn 0.1442 -0.9888 0.0396
vn 0.2501 -0.8873 -0.3875
vn 0.1083 -0.9779 -0.1791
vn -0.4378 -0.8950 -0.0855
vn -0.3042 -0.9261 -0.2231
vn 0.1545 -0.9794 0.1301
vn 0.0278 -0.9861 -0.1635
vn -0.0099 -0.9162 0.4005
vn 0.2616 -0.9317 0.2519
vn -0.5672 -0.7628 0.3105
vn 0.0190 -0.9690 0.2463
vn 0.1527 -0.8983 0.4120
vn 0.0894 -0.9959 -0.0109
vn 0.0571 -0.9903 0.1269
vn 0.1794 -0.9778 -0.1079
vn 0.1926 -0.9528 0.2346
vn -0.3934 -0.5984 0.6979
vn -0.3733 -0.8734 0.3127
vn -0.0115 -0.9642 -0.2648
vn -0.1588 -0.9830 0.0917
vn -0.2105 -0.8962 0.3906
vn 0.3389 -0.6408 0.6889
vn -0.0338 -0.9694 0.2433
vn -0.0638 -0.9663 0.2492
vn -0.0180 -0.9982 0.0571
vn -0.0846 -0.9828 0.1644
vn -0.1301 -0.9594 0.2504
vn -0.1316 -0.9876 -0.0858
vn 0.0493 -0.9493 0.3104
vn 0.2876 -0.9465 -0.1463
vn -0.4213 -0.8991 0.1189
vn -0.0435 -0.9704 0.2377
vn 0.0082 -0.9888 -0.1492
vn -0.0207 -0.9892 -0.1450
vn 0.0968 -0.9841 -0.1489
vn 0.0907 -0.9384 -0.3334
vn -0.5143 -0.8357 0.1924
vn -0.0396 -0.9851 0.1672
vn -0.3848 -0.9169 0.1059
vn 0.3593 -0.9325 -0.0360
vn 0.3713 -0.9168 -0.1468
vn -0.3327 -0.9427 0.0243
vn 0.3195 -0.9470 0.0338
vn 0.5946 -0.7201 0.3577
vn -0.2733 -0.9223 0.2732
vn 0.1222 -0.9225 0.3661
vn 0.1800 -0.7928 -0.5823
vn -0.1704 -0.8649 -0.4722
vn 0.0921 -0.9616 0.2586
vn 0.2179 -0.8834 0.4148
vn 0.2331 -0.9671 -0.1016
vn -0.0143 -0.9268 -0.3752
vn -0.3584 -0.8991 0.2512
vn 0.0226 -0.9650 0.2613
vn -0.0462 -0.9944 0.0946
vn -0.0841 -0.9662 -0.2436
vn 0.1555 -0.9694 0.1900
vn 0.4646 -0.8843 0.0462
vn 0.0612 -0.8860 0.4596
vn -0.0488 -0.7290 -0.6828
vn 0.1325 -0.9514 0.2780
vn 0.0529 -0.9746 0.2174
vn 0.2119 -0.9156 -0.3418
vn -0.6889 -0.7197 -0.0857
vn 0.1827 -0.8917 0.4141
vn 0.3836 -0.9085 0.1659
vn 0.0651 -0.7476 0.6609
vn 0.5997 -0.7051 0.3784
vn -0.4346 -0.8979 0.0703
vn 0.0265 -0.8414 0.5397
vn 0.1869 -0.9781 -0.0913
vn -0.0250 -0.9750 0.2206
vn -0.2895 -0.9330 -0.2140
vn -0.6973 -0.6741 0.2437
vn 0.0184 -0.9003 -0.4349
vn 0.2505 -0.9576 -0.1422
vn 0.0718 -0.9726 0.2212
vn -0.1773 -0.9355 -0.3056
vn -0.1451 -0.9884 -0.0452
vn 0.1459 -0.9844 -0.0984
vn -0.1052 -0.9876 -0.1167
vn 0.1073 -0.9857 0.1296
vn 0.0702 -0.9934 0.0907
vn 0.2176 -0.9749 0.0475
vn -0.3266 -0.9424 0.0722
vn 0.2122 -0.9745 0.0729
vn 0.1394 -0.7122 -0.6880
vn -0.3112 -0.6798 -0.6641
vn 0.7894 -0.6098 0.0712
vn -0.8653 -0.4926 -0.0930
vn 0.0300 -0.9605 0.2767
vn 0.2998 -0.9510 0.0750
vn -0.3776 -0.9091 0.1760
vn 0.1163 -0.9851 -0.1269
vn 0.1700 -0.9846 0.0406
vn -0.1797 -0.9484 -0.2612
vn 0.1031 -0.9578 0.2682
vn -0.3675 -0.9267 0.0789
vn 0.1528 -0.9780 -0.1419
vn -0.1524 -0.6949 0.7028
vn -0.0903 -0.9877 -0.1273
vn 0.0983 -0.9908 0.0930
vn 0.1820 -0.9807 0.0720
vn 0.2757 -0.9591 0.0641
vn -0.1301 -0.9551 0.2663
vn -0.3319 -0.8567 -0.3949
vn -0.2752 -0.8048 -0.5260
vn -0.3101 -0.9413 0.1334
vn -0.3043 -0.9183 -0.2531
vn 0.1305 -0.9829 -0.1300
vn -0.5347 -0.8167 -0.2169
vn -0.1349 -0.9865 -0.0928
vn -0.8340 -0.5096 -0.2117
vn -0.0717 -0.9965 0.0432
vn 0.0212 -0.9873 0.1573
vn 0.0982 -0.9897 0.1041
vn -0.2519 -0.9670 0.0374
vn 0.2858 -0.9136 -0.2891
vn -0.4201 -0.8993 0.1217
vn 0.0509 -0.9560 0.2889
vn -0.7827 -0.5691 0.2522
vt 0.721160 0.001379
vt 0.717911 0.349794
vt 0.721160 0.796215
vt 0.693432 0.001379
vt 0.700667 0.444314
vt 0.694481 0.796202
vt 0.727750 0.174585
vt 0.731784 0.680951
vt 0.739617 0.001379
vt 0.269556 0.012186
vt 0.197194 0.005214
vt 0.360207 0.003612
vt 0.718925 0.729691
vt 0.804907 0.429516
vt 0.811293 0.384022
vt 0.808324 0.452315
vt 0.764546 0.575620
vt 0.761950 0.732449
vt 0.761895 0.384022
vt 0.697548 0.686716
vt 0.745593 0.680953
vt 0.753777 0.428683
vt 0.745593 0.001379
vt 0.725627 0.312515
vt 0.723919 0.315831
vt 0.740521 0.322124
vt 0.312049 0.017298
vt 0.098244 0.001864
vt 0.727340 0.584086
vt 0.697278 0.302188
vt 0.683723 0.220782
vt 0.368877 0.791105
vt 0.391301 0.785891
vt 0.414371 0.793106
vt 0.307437 0.791929
vt 0.324799 0.785768
vt 0.346078 0.791581
vt 0.704327 0.934357
vt 0.689047 0.937663
vt 0.699251 0.942672
vt 0.680896 0.447773
vt 0.674821 0.419008
vt 0.674154 0.388038
vt 0.795724 0.663032
vt 0.785827 0.766662
vt 0.780110 0.706938
vt 0.759136 0.418600
vt 0.756536 0.267965
vt 0.759136 0.001379
vt 0.747670 0.418596
vt 0.812271 0.534662
vt 0.799784 0.490955
vt 0.263731 0.795428
vt 0.298943 0.784527
vt 0.708412 0.782908
vt 0.370586 0.051295
vt 0.366499 0.013338
vt 0.369816 0.014162
vt 0.734254 0.351381
vt 0.330950 0.021370
vt 0.937146 0.520500
vt 0.951970 0.512676
vt 0.951970 0.534690
vt 0.692942 0.345593
vt 0.683710 0.409119
vt 0.693354 0.410656
vt 0.419909 0.907008
vt 0.413397 0.909208
vt 0.419909 0.916752
vt 0.409841 0.788444
vt 0.395269 0.760394
vt 0.378423 0.768469
vt 0.902879 0.563669
vt 0.893444 0.566556
vt 0.886188 0.543081
vt 0.318044 0.786001
vt 0.304722 0.778238
vt 0.326315 0.761439
vt 0.700732 0.921435
vt 0.689047 0.918911
vt 0.914807 0.576837
vt 0.905125 0.591841
vt 0.914807 0.605573
vt 0.658478 0.425468
vt 0.643841 0.435870
vt 0.646446 0.418793
vt 0.812428 0.444358
vt 0.356456 0.785812
vt 0.354035 0.790547
vt 0.332429 0.758133
vt 0.902879 0.534968
vt 0.777352 0.650602
vt 0.769552 0.633064
vt 0.777036 0.384022
vt 0.767304 0.558491
vt 0.857897 0.175919
vt 0.842122 0.111603
vt 0.857897 0.001379
vt 0.009186 0.772660
vt 0.018339 0.780527
vt 0.001379 0.796200
vt 0.818310 0.485710
vt 0.815186 0.514646
vt 0.819079 0.569257
vt 0.707085 0.785951
vt 0.780110 0.455924
vt 0.781082 0.384022
vt 0.797026 0.516775
vt 0.328756 0.032717
vt 0.017428 0.020227
vt 0.033053 0.029249
vt 0.019711 0.042241
vt 0.742381 0.696139
vt 0.723919 0.710466
vt 0.733734 0.683710
vt 0.970366 0.959390
vt 0.978363 0.959390
vt 0.976549 0.977263
vt 0.780110 0.576837
vt 0.766362 0.191214
vt 0.761984 0.381263
vt 0.761895 0.001379
vt 0.358145 0.058719
vt 0.341093 0.058593
vt 0.695324 0.400475
vt 0.411090 0.909025
vt 0.781612 0.846614
vt 0.776186 0.884301
vt 0.776186 0.844564
vt 0.831857 0.235335
vt 0.819036 0.277106
vt 0.819036 0.195652
vt 0.014515 0.410653
vt 0.014204 0.452810
vt 0.001538 0.444337
vt 0.687565 0.521924
vt 0.696950 0.593899
vt 0.687715 0.654011
vt 0.687645 0.616518
vt 0.369918 0.778312
vt 0.815179 0.848496
vt 0.803671 0.852066
vt 0.814729 0.865575
vt 0.633355 0.414004
vt 0.649570 0.378824
vt 0.729568 0.963000
vt 0.729568 0.947190
vt 0.738471 0.950961
vt 0.569703 0.450745
vt 0.589190 0.477740
vt 0.566843 0.473326
vt 0.598349 0.453235
vt 0.668933 0.389807
vt 0.781102 0.737906
vt 0.788791 0.708691
vt 0.780355 0.698813
vt 0.672402 0.379913
vt 0.913520 0.343118
vt 0.908490 0.335960
vt 0.918575 0.341371
vt 0.894699 0.535212
vt 0.331262 0.756159
vt 0.324340 0.757314
vt 0.328896 0.745134
vt 0.319032 0.748879
vt 0.908490 0.362765
vt 0.304486 0.759255
vt 0.391122 0.980704
vt 0.385370 0.994146
vt 0.397505 0.994146
vt 0.483208 0.515665
vt 0.499882 0.503972
vt 0.488036 0.516528
vt 0.328997 0.722388
vt 0.341348 0.721845
vt 0.419478 0.773854
vt 0.431909 0.792666
vt 0.190958 0.826802
vt 0.174952 0.823219
vt 0.179889 0.852112
vt 0.190958 0.798959
vt 0.448201 0.786776
vt 0.507467 0.479734
vt 0.501499 0.468460
vt 0.516033 0.468457
vt 0.497971 0.480424
vt 0.068462 0.795668
vt 0.253633 0.795482
vt 0.789663 0.380930
vt 0.775494 0.269241
vt 0.791092 0.195652
vt 0.286416 0.757025
vt 0.310358 0.747815
vt 0.180493 0.788242
vt 0.219272 0.789003
vt 0.815186 0.559831
vt 0.718228 0.767103
vt 0.615377 0.175997
vt 0.594784 0.168537
vt 0.601960 0.150669
vt 0.820954 0.824854
vt 0.807404 0.770039
vt 0.820954 0.752834
vt 0.371069 0.131283
vt 0.396766 0.127581
vt 0.373619 0.143814
vt 0.836135 0.299793
vt 0.825808 0.279864
vt 0.820838 0.301827
vt 0.413191 0.130596
vt 0.400325 0.115454
vt 0.534502 0.118368
vt 0.544548 0.132110
vt 0.530477 0.142428
vt 0.449764 0.234046
vt 0.479114 0.244847
vt 0.446545 0.251611
vt 0.480961 0.221170
vt 0.833342 0.297550
vt 0.313840 0.842262
vt 0.320919 0.842194
vt 0.313101 0.848590
vt 0.385537 0.822454
vt 0.372661 0.847907
vt 0.369649 0.824417
vt 0.383345 0.808236
vt 0.373160 0.813976
vt 0.377059 0.822580
vt 0.369649 0.798959
vt 0.959969 0.727354
vt 0.945136 0.724230
vt 0.945136 0.739071
vt 0.370196 0.803004
vt 0.834865 0.464636
vt 0.832640 0.473483
vt 0.819266 0.482951
vt 0.822483 0.384022
vt 0.772028 0.710773
vt 0.767304 0.733891
vt 0.767304 0.653360
vt 0.117189 0.049608
vt 0.114137 0.045916
vt 0.136813 0.023291
vt 0.112148 0.067021
vt 0.102416 0.062733
vt 0.007590 0.070335
vt 0.007322 0.027995
vt 0.742381 0.752551
vt 0.005080 0.124590
vt 0.040953 0.085673
vt 0.817793 0.576837
vt 0.825606 0.608177
vt 0.815751 0.673091
vt 0.769120 0.097521
vt 0.772209 0.001379
vt 0.772209 0.220749
vt 0.729776 0.806988
vt 0.827152 0.646812
vt 0.056445 0.025055
vt 0.001379 0.001379
vt 0.058818 0.026151
vt 0.101924 0.051129
vt 0.081978 0.033912
vt 0.663207 0.264751
vt 0.676429 0.257937
vt 0.667614 0.301244
vt 0.406497 0.097369
vt 0.386301 0.086913
vt 0.405243 0.061326
vt 0.425700 0.077225
vt 0.932042 0.847163
vt 0.941758 0.843373
vt 0.941758 0.866824
vt 0.819037 0.317755
vt 0.838502 0.356647
vt 0.838861 0.321581
vt 0.914883 0.847915
vt 0.905499 0.843373
vt 0.905499 0.871981
vt 0.674012 0.798959
vt 0.674012 0.838750
vt 0.653822 0.823480
vt 0.281587 0.391010
vt 0.257907 0.373470
vt 0.285073 0.372062
vt 0.323607 0.364478
vt 0.311040 0.341114
vt 0.333156 0.360222
vt 0.795421 0.860790
vt 0.919404 0.694593
vt 0.911578 0.685030
vt 0.919404 0.677605
vt 0.039521 0.423494
vt 0.006707 0.521900
vt 0.033451 0.499120
vt 0.050360 0.528752
vt 0.359134 0.761403
vt 0.366950 0.740945
vt 0.905130 0.653918
vt 0.908819 0.665479
vt 0.898967 0.659319
vt 0.902631 0.648864
vt 0.798482 0.863933
vt 0.801526 0.869655
vt 0.599342 0.470041
vt 0.616460 0.473684
vt 0.602357 0.489905
vt 0.809894 0.576837
vt 0.799086 0.686339
vt 0.806579 0.733642
vt 0.611916 0.394375
vt 0.617300 0.424964
vt 0.597503 0.289580
vt 0.616632 0.278558
vt 0.626900 0.291122
vt 0.505305 0.945716
vt 0.487383 0.962093
vt 0.505305 0.965717
vt 0.660195 0.312386
vt 0.667919 0.305479
vt 0.673864 0.344161
vt 0.747658 0.731641
vt 0.747658 0.683711
vt 0.750986 0.688407
vt 0.642722 0.354585
vt 0.656278 0.330378
vt 0.940278 0.918676
vt 0.948409 0.908654
vt 0.948409 0.930759
vt 0.641802 0.368723
vt 0.628116 0.373610
vt 0.140747 0.657921
vt 0.162018 0.667256
vt 0.124193 0.692093
vt 0.302393 0.768824
vt 0.986810 0.313972
vt 0.986100 0.326609
vt 0.996152 0.326609
vt 0.515327 0.519250
vt 0.465435 0.488115
vt 0.672672 0.708877
vt 0.665743 0.772652
vt 0.651906 0.743725
vt 0.680951 0.796200
vt 0.617505 0.579837
vt 0.603376 0.572974
vt 0.621740 0.556112
vt 0.655878 0.587963
vt 0.631454 0.556200
vt 0.664180 0.550396
vt 0.881332 0.746419
vt 0.873050 0.771950
vt 0.871657 0.748090
vt 0.673364 0.553346
vt 0.675247 0.569950
vt 0.678300 0.604602
vt 0.798482 0.611383
vt 0.810961 0.628105
vt 0.841413 0.147791
vt 0.826912 0.117703
vt 0.755329 0.799067
vt 0.762223 0.769585
vt 0.746554 0.771352
vt 0.873948 0.548537
vt 0.858607 0.572181
vt 0.854543 0.552502
vt 0.926333 0.211087
vt 0.926333 0.233456
vt 0.914829 0.217240
vt 0.596525 0.759449
vt 0.584798 0.740873
vt 0.599912 0.735390
vt 0.823713 0.829544
vt 0.839970 0.826054
vt 0.826493 0.813377
vt 0.607632 0.528982
vt 0.600817 0.554179
vt 0.586357 0.546855
vt 0.598061 0.516123
vt 0.571976 0.517716
vt 0.589849 0.504317
vt 0.563929 0.566251
vt 0.552890 0.568096
vt 0.553115 0.548526
vt 0.534620 0.551005
vt 0.580831 0.482923
vt 0.823713 0.878767
vt 0.826640 0.859191
vt 0.839110 0.876620
vt 0.578199 0.497914
vt 0.568436 0.488928
vt 0.563079 0.493436
vt 0.547980 0.497704
vt 0.753837 0.975725
vt 0.767624 0.966652
vt 0.758908 0.964689
vt 0.002529 0.653987
vt 0.008363 0.664607
vt 0.001882 0.686726
vt 0.048337 0.785370
vt 0.075543 0.776835
vt 0.792051 0.358578
vt 0.774967 0.310250
vt 0.267739 0.782321
vt 0.874589 0.580930
vt 0.865545 0.576837
vt 0.865545 0.616810
vt 0.213108 0.785052
vt 0.235061 0.771199
vt 0.214419 0.755059
vt 0.229577 0.745185
vt 0.192941 0.769066
vt 0.166840 0.751206
vt 0.178157 0.743732
vt 0.223219 0.724586
vt 0.230690 0.731061
vt 0.197361 0.742781
vt 0.214160 0.831652
vt 0.213694 0.798959
vt 0.228491 0.821449
vt 0.595706 0.019345
vt 0.603509 0.038328
vt 0.578281 0.032267
vt 0.978498 0.033044
vt 0.978498 0.050228
vt 0.964842 0.034388
vt 0.879145 0.959367
vt 0.894469 0.949688
vt 0.879145 0.938393
vt 0.567747 0.014557
vt 0.556529 0.016222
vt 0.562494 0.007699
vt 0.553809 0.079637
vt 0.556765 0.103650
vt 0.545992 0.090453
vt 0.540209 0.084444
vt 0.550729 0.064253
vt 0.572622 0.056563
vt 0.982686 0.769888
vt 0.982686 0.787630
vt 0.972528 0.777070
vt 0.830964 0.548886
vt 0.527136 0.012911
vt 0.536608 0.021309
vt 0.707873 0.746594
vt 0.677322 0.030473
vt 0.672158 0.050919
vt 0.656072 0.045602
vt 0.603574 0.009406
vt 0.591102 0.006287
vt 0.616519 0.016962
vt 0.617259 0.026223
vt 0.623769 0.052592
vt 0.785894 0.535509
vt 0.780110 0.574079
vt 0.892346 0.411153
vt 0.904377 0.384022
vt 0.892079 0.391636
vt 0.798482 0.797827
vt 0.571900 0.099506
vt 0.604554 0.119118
vt 0.567699 0.115229
vt 0.513079 0.240100
vt 0.504979 0.275227
vt 0.503341 0.243493
vt 0.486335 0.201703
vt 0.465923 0.189664
vt 0.471727 0.164788
vt 0.941143 0.097933
vt 0.942283 0.110147
vt 0.951198 0.102781
vt 0.354745 0.209905
vt 0.381115 0.207498
vt 0.382480 0.232102
vt 0.379558 0.156007
vt 0.364467 0.161538
vt 0.659415 0.842447
vt 0.820855 0.313632
vt 0.838050 0.302166
vt 0.388743 0.031864
vt 0.388890 0.029402
vt 0.734064 0.290561
vt 0.391769 0.007560
vt 0.394310 0.009001
vt 0.436155 0.118147
vt 0.443000 0.098719
vt 0.449459 0.120376
vt 0.455691 0.097510
vt 0.858578 0.780534
vt 0.858578 0.796135
vt 0.863087 0.794048
vt 0.426583 0.112024
vt 0.429766 0.127106
vt 0.405692 0.150114
vt 0.892933 0.236906
vt 0.897970 0.232363
vt 0.885871 0.222021
vt 0.400730 0.156453
vt 0.571258 0.136852
vt 0.580271 0.147686
vt 0.566911 0.158407
vt 0.569091 0.169114
vt 0.555862 0.152463
vt 0.510596 0.160168
vt 0.534802 0.158652
vt 0.532080 0.186755
vt 0.489882 0.149469
vt 0.464164 0.213646
vt 0.438420 0.249655
vt 0.488489 0.251571
vt 0.498309 0.206584
vt 0.490196 0.233568
vt 0.470944 0.139302
vt 0.490929 0.118111
vt 0.505171 0.129649
vt 0.430086 0.039360
vt 0.403474 0.027028
vt 0.435325 0.014513
vt 0.422596 0.005724
vt 0.742835 0.259734
vt 0.463602 0.057949
vt 0.473688 0.070115
vt 0.467321 0.075481
vt 0.445480 0.060498
vt 0.359031 0.080976
vt 0.385621 0.086304
vt 0.363944 0.097498
vt 0.686288 0.963053
vt 0.681139 0.950404
vt 0.686288 0.943526
vt 0.897788 0.920438
vt 0.903442 0.911071
vt 0.903442 0.933537
vt 0.332701 0.055791
vt 0.383267 0.835433
vt 0.331296 0.141287
vt 0.343196 0.182152
vt 0.327287 0.182625
vt 0.100783 0.075086
vt 0.054798 0.147157
vt 0.051101 0.173399
vt 0.039967 0.150174
vt 0.118719 0.017814
vt 0.124430 0.060017
vt 0.128604 0.061495
vt 0.126053 0.071315
vt 0.009957 0.156140
vt 0.014715 0.133421
vt 0.029140 0.199565
vt 0.046910 0.190190
vt 0.030406 0.218078
vt 0.010390 0.206723
vt 0.007904 0.222840
vt 0.002469 0.220747
vt 0.012866 0.194804
vt 0.065338 0.059083
vt 0.050742 0.052300
vt 0.081488 0.051014
vt 0.047182 0.040005
vt 0.087023 0.053187
vt 0.950548 0.387492
vt 0.950548 0.409486
vt 0.940851 0.398993
vt 0.938755 0.612870
vt 0.938755 0.636515
vt 0.931162 0.622207
vt 0.063412 0.073479
vt 0.048003 0.067581
vt 0.798049 0.983857
vt 0.791152 0.983857
vt 0.792625 0.968416
vt 0.441703 0.890212
vt 0.456150 0.917307
vt 0.456150 0.889033
vt 0.411606 0.415252
vt 0.367308 0.398637
vt 0.385771 0.385834
vt 0.921873 0.515195
vt 0.920698 0.535533
vt 0.934218 0.535533
vt 0.922054 0.543034
vt 0.929990 0.561930
vt 0.929990 0.538304
vt 0.445196 0.088604
vt 0.428555 0.092086
vt 0.891972 0.049860
vt 0.891972 0.035060
vt 0.895341 0.046955
vt 0.447320 0.093043
vt 0.395795 0.100423
vt 0.845819 0.229272
vt 0.856987 0.254418
vt 0.856987 0.195652
vt 0.139835 0.010551
vt 0.161950 0.015143
vt 0.206434 0.029088
vt 0.210710 0.012353
vt 0.217569 0.027647
vt 0.217101 0.047025
vt 0.240302 0.050832
vt 0.222397 0.066314
vt 0.256056 0.035377
vt 0.238400 0.040061
vt 0.274165 0.051912
vt 0.281972 0.088737
vt 0.265455 0.057646
vt 0.244169 0.396753
vt 0.239087 0.392582
vt 0.209873 0.324792
vt 0.214153 0.315418
vt 0.227810 0.320928
vt 0.224275 0.293507
vt 0.356682 0.339464
vt 0.326223 0.314319
vt 0.361379 0.320044
vt 0.289961 0.377622
vt 0.300146 0.387822
vt 0.962172 0.357551
vt 0.967954 0.357551
vt 0.962247 0.338317
vt 0.419909 0.847900
vt 0.410259 0.811122
vt 0.418371 0.813225
vt 0.281002 0.396524
vt 0.302922 0.376890
vt 0.314870 0.393110
vt 0.320113 0.402321
vt 0.326901 0.385554
vt 0.345353 0.397368
vt 0.302626 0.422424
vt 0.318979 0.420810
vt 0.329588 0.424196
vt 0.640297 0.798959
vt 0.636187 0.820873
vt 0.651064 0.817348
vt 0.063041 0.897402
vt 0.068070 0.919953
vt 0.048468 0.899655
vt 0.169118 0.412392
vt 0.193994 0.382269
vt 0.187825 0.420310
vt 0.160397 0.400427
vt 0.044005 0.283011
vt 0.024213 0.295211
vt 0.022289 0.283212
vt 0.053668 0.340928
vt 0.044275 0.317883
vt 0.048588 0.313691
vt 0.031271 0.312862
vt 0.028022 0.347227
vt 0.003882 0.345589
vt 0.038902 0.324875
vt 0.077297 0.844597
vt 0.097232 0.798959
vt 0.097232 0.854661
vt 0.894234 0.530252
vt 0.886188 0.523711
vt 0.886188 0.532210
vt 0.907135 0.424196
vt 0.913248 0.417906
vt 0.907135 0.414839
vt 0.129551 0.248091
vt 0.131191 0.228134
vt 0.138816 0.229522
vt 0.115232 0.225539
vt 0.093175 0.242688
vt 0.101079 0.210402
vt 0.131683 0.219673
vt 0.124734 0.256100
vt 0.079581 0.287849
vt 0.077540 0.238168
vt 0.065438 0.248788
vt 0.033386 0.395750
vt 0.046190 0.402211
vt 0.034812 0.409653
vt 0.020014 0.407036
vt 0.013359 0.400479
vt 0.066530 0.395439
vt 0.051114 0.410103
vt 0.034723 0.410977
vt 0.419909 0.889166
vt 0.369649 0.872305
vt 0.382677 0.881369
vt 0.371112 0.886796
vt 0.382677 0.850665
vt 0.684495 0.480062
vt 0.131970 0.421733
vt 0.143876 0.450231
vt 0.064695 0.431338
vt 0.997951 0.908654
vt 0.985980 0.917387
vt 0.997951 0.921668
vt 0.004630 0.618573
vt 0.015776 0.615110
vt 0.013252 0.629032
vt 0.700270 0.618553
vt 0.023372 0.543221
vt 0.123966 0.509167
vt 0.095227 0.511172
vt 0.124613 0.490739
vt 0.891816 0.627837
vt 0.891422 0.644340
vt 0.898484 0.625272
vt 0.127126 0.492751
vt 0.139463 0.494277
vt 0.079501 0.645147
vt 0.085539 0.619575
vt 0.097772 0.633842
vt 0.073628 0.618972
vt 0.965708 0.331701
vt 0.965708 0.311644
vt 0.958799 0.327613
vt 0.349824 0.752471
vt 0.624969 0.456701
vt 0.620779 0.448612
vt 0.628972 0.486385
vt 0.898967 0.675044
vt 0.744289 0.966709
vt 0.600752 0.442291
vt 0.622584 0.438145
vt 0.597709 0.436351
vt 0.608692 0.487917
vt 0.881699 0.612870
vt 0.888664 0.630211
vt 0.881699 0.632808
vt 0.669291 0.466730
vt 0.576961 0.433770
vt 0.577814 0.422369
vt 0.553898 0.456454
vt 0.540740 0.483433
vt 0.510643 0.448956
vt 0.531436 0.429684
vt 0.540315 0.414300
vt 0.543311 0.393331
vt 0.560299 0.408966
vt 0.538615 0.373340
vt 0.534525 0.390753
vt 0.517625 0.380547
vt 0.623733 0.391948
vt 0.600368 0.409512
vt 0.638932 0.336849
vt 0.618347 0.326535
vt 0.626220 0.333007
vt 0.613861 0.329913
vt 0.568396 0.245270
vt 0.561337 0.266048
vt 0.138099 0.904439
vt 0.150222 0.908911
vt 0.137935 0.892660
vt 0.597239 0.278965
vt 0.601188 0.260229
vt 0.953956 0.124157
vt 0.961177 0.111782
vt 0.961177 0.132659
vt 0.869427 0.225327
vt 0.859745 0.196326
vt 0.870144 0.195652
vt 0.566803 0.286195
vt 0.602970 0.308541
vt 0.665556 0.304686
vt 0.644364 0.309588
vt 0.642447 0.312557
vt 0.652768 0.325838
vt 0.642494 0.323636
vt 0.225318 0.969507
vt 0.216486 0.985723
vt 0.214387 0.969507
vt 0.985992 0.598127
vt 0.995712 0.598127
vt 0.986304 0.611080
vt 0.649061 0.367368
vt 0.914741 0.178904
vt 0.903847 0.176314
vt 0.903847 0.198885
vt 0.283882 0.966546
vt 0.283882 0.947070
vt 0.267460 0.951368
vt 0.106750 0.616086
vt 0.104744 0.629418
vt 0.702782 0.855553
vt 0.703610 0.861256
vt 0.688700 0.861786
vt 0.704327 0.870325
vt 0.684626 0.859725
vt 0.104672 0.596271
vt 0.820645 0.902144
vt 0.838680 0.909592
vt 0.824252 0.920968
vt 0.216554 0.630688
vt 0.197971 0.613172
vt 0.229270 0.595065
vt 0.131307 0.521074
vt 0.124526 0.520740
vt 0.288600 0.766623
vt 0.382082 0.582395
vt 0.373551 0.607054
vt 0.364666 0.588994
vt 0.375120 0.540609
vt 0.377076 0.520018
vt 0.389107 0.532894
vt 0.386186 0.539438
vt 0.300681 0.578415
vt 0.283638 0.549903
vt 0.306291 0.549139
vt 0.358010 0.574421
vt 0.341646 0.591523
vt 0.334429 0.569783
vt 0.401090 0.537802
vt 0.516597 0.547410
vt 0.387868 0.558969
vt 0.542842 0.521292
vt 0.513073 0.497688
vt 0.481767 0.458523
vt 0.645247 0.708969
vt 0.645249 0.594453
vt 0.662607 0.683757
vt 0.775258 0.587230
vt 0.006730 0.841418
vt 0.016887 0.843965
vt 0.018010 0.850439
vt 0.447223 0.758772
vt 0.422889 0.765650
vt 0.804708 0.143761
vt 0.785613 0.133847
vt 0.807248 0.128697
vt 0.854543 0.530639
vt 0.562417 0.739785
vt 0.550585 0.720192
vt 0.567648 0.723764
vt 0.650364 0.745217
vt 0.643463 0.782531
vt 0.620020 0.774863
vt 0.804948 0.305798
vt 0.816278 0.232296
vt 0.804948 0.195652
vt 0.571219 0.777309
vt 0.479033 0.938717
vt 0.464534 0.933664
vt 0.467656 0.920080
vt 0.464534 0.943081
vt 0.344567 0.836212
vt 0.334885 0.798959
vt 0.334885 0.848546
vt 0.721160 0.883754
vt 0.707215 0.869698
vt 0.721160 0.845302
vt 0.477884 0.927543
vt 0.382195 0.984496
vt 0.370584 0.985457
vt 0.370584 0.968653
vt 0.917754 0.113700
vt 0.926438 0.100076
vt 0.917754 0.088206
vt 0.753837 0.929794
vt 0.766296 0.925079
vt 0.753837 0.904321
vt 0.597967 0.733932
vt 0.599168 0.732869
vt 0.458512 0.425961
vt 0.481807 0.403311
vt 0.473794 0.427026
vt 0.521250 0.401217
vt 0.482091 0.365289
vt 0.412758 0.479515
vt 0.391902 0.485485
vt 0.390377 0.466189
vt 0.831670 0.847253
vt 0.839970 0.844930
vt 0.417620 0.502242
vt 0.431019 0.498577
vt 0.459116 0.501513
vt 0.457658 0.490958
vt 0.443466 0.499847
vt 0.453117 0.508666
vt 0.363553 0.464834
vt 0.385633 0.471443
vt 0.358831 0.474523
vt 0.373527 0.453677
vt 0.379573 0.496584
vt 0.390405 0.487701
vt 0.618545 0.540367
vt 0.669890 0.525812
vt 0.678024 0.495003
vt 0.580326 0.546068
vt 0.568971 0.540324
vt 0.484188 0.913145
vt 0.478064 0.892552
vt 0.484188 0.889067
vt 0.552147 0.490707
vt 0.619595 0.897033
vt 0.633005 0.915979
vt 0.633005 0.887112
vt 0.834756 0.866501
vt 0.824294 0.884146
vt 0.839110 0.892464
vt 0.983222 0.908654
vt 0.983222 0.924415
vt 0.977872 0.909581
vt 0.033777 0.644100
vt 0.041874 0.666334
vt 0.144441 0.737094
vt 0.154387 0.741908
vt 0.142337 0.746082
vt 0.188120 0.776756
vt 0.168382 0.779078
vt 0.878941 0.605599
vt 0.781926 0.305175
vt 0.144398 0.781764
vt 0.960748 0.138569
vt 0.972180 0.138256
vt 0.972180 0.157334
vt 0.778210 0.373057
vt 0.085911 0.780155
vt 0.076641 0.793537
vt 0.090740 0.791773
vt 0.790055 0.363463
vt 0.774967 0.357680
vt 0.790136 0.353709
vt 0.703131 0.713712
vt 0.005072 0.713741
vt 0.019862 0.687480
vt 0.246064 0.783708
vt 0.247912 0.774756
vt 0.257921 0.773697
vt 0.260667 0.748883
vt 0.985980 0.924426
vt 0.994573 0.934277
vt 0.985980 0.934849
vt 0.202119 0.755421
vt 0.215368 0.838158
vt 0.226479 0.842172
vt 0.165901 0.735674
vt 0.170065 0.724904
vt 0.185274 0.737276
vt 0.574778 0.014764
vt 0.984852 0.176967
vt 0.989857 0.182183
vt 0.984852 0.191206
vt 0.593592 0.083611
vt 0.576019 0.078797
vt 0.619838 0.090299
vt 0.554725 0.064861
vt 0.553369 0.054548
vt 0.548453 0.114255
vt 0.509276 0.050013
vt 0.521682 0.084298
vt 0.502860 0.087282
vt 0.564621 0.032628
vt 0.545012 0.047409
vt 0.862477 0.139316
vt 0.870471 0.135438
vt 0.874005 0.171937
vt 0.557728 0.038867
vt 0.983664 0.831133
vt 0.976485 0.824592
vt 0.976485 0.841983
vt 0.926243 0.051379
vt 0.923230 0.033044
vt 0.935005 0.042830
vt 0.955530 0.959390
vt 0.950019 0.977748
vt 0.967608 0.977748
vt 0.619595 0.930237
vt 0.623414 0.918737
vt 0.632249 0.942282
vt 0.661335 0.074093
vt 0.667976 0.022355
vt 0.642516 0.030720
vt 0.633829 0.060119
vt 0.654801 0.160657
vt 0.630519 0.190112
vt 0.651838 0.200962
vt 0.675907 0.200729
vt 0.045356 0.903779
vt 0.037207 0.920993
vt 0.037207 0.894999
vt 0.786203 0.523891
vt 0.144710 0.908637
vt 0.945023 0.292444
vt 0.938280 0.302181
vt 0.938280 0.279864
vt 0.464534 0.872413
vt 0.479996 0.886309
vt 0.475288 0.872127
vt 0.479996 0.858681
vt 0.627535 0.106848
vt 0.650697 0.096708
vt 0.568493 0.098895
vt 0.666990 0.919741
vt 0.660358 0.937039
vt 0.677699 0.929443
vt 0.288721 0.187064
vt 0.285872 0.165144
vt 0.301278 0.172690
vt 0.869687 0.823338
vt 0.875207 0.798894
vt 0.883194 0.808984
vt 0.267803 0.179176
vt 0.277053 0.192005
vt 0.677699 0.942479
vt 0.218727 0.254366
vt 0.220766 0.238095
vt 0.231234 0.248948
vt 0.210204 0.278606
vt 0.186611 0.252998
vt 0.209012 0.254142
vt 0.196562 0.287952
vt 0.174179 0.239302
vt 0.171523 0.250935
vt 0.156853 0.211308
vt 0.265700 0.150158
vt 0.286713 0.151606
vt 0.273017 0.166422
vt 0.267496 0.146933
vt 0.487881 0.235777
vt 0.309266 0.929925
vt 0.303691 0.939557
vt 0.303691 0.917516
vt 0.973727 0.843062
vt 0.965862 0.835156
vt 0.973727 0.824592
vt 0.379994 0.348860
vt 0.368011 0.299388
vt 0.399568 0.326174
vt 0.393213 0.292127
vt 0.422552 0.304611
vt 0.364487 0.172256
vt 0.360174 0.195297
vt 0.366842 0.185727
vt 0.515230 0.917176
vt 0.527825 0.905790
vt 0.515230 0.889105
vt 0.379874 0.253180
vt 0.425689 0.237991
vt 0.837623 0.402815
vt 0.844742 0.385837
vt 0.858859 0.384022
vt 0.951198 0.088206
vt 0.435548 0.186575
vt 0.421096 0.192748
vt 0.414947 0.157131
vt 0.443917 0.168700
vt 0.461308 0.134991
vt 0.437280 0.139689
vt 0.048400 0.978896
vt 0.053879 0.985199
vt 0.053879 0.969831
vt 0.014295 0.986534
vt 0.023581 0.986534
vt 0.022637 0.970647
vt 0.568043 0.919731
vt 0.567390 0.928720
vt 0.580680 0.942888
vt 0.385598 0.212805
vt 0.394892 0.205668
vt 0.394647 0.213738
vt 0.953463 0.211087
vt 0.953463 0.232744
vt 0.942434 0.228521
vt 0.379035 0.195439
vt 0.124967 0.966610
vt 0.118081 0.947459
vt 0.132728 0.947459
vt 0.838861 0.312865
vt 0.857594 0.985825
vt 0.857594 0.968515
vt 0.871352 0.978987
vt 0.775464 0.945138
vt 0.795581 0.954775
vt 0.775464 0.965657
vt 0.931839 0.137076
vt 0.939061 0.159512
vt 0.939061 0.135929
vt 0.475648 0.099020
vt 0.919351 0.308166
vt 0.921051 0.319259
vt 0.934216 0.311323
vt 0.917600 0.311782
vt 0.416928 0.099061
vt 0.433847 0.135568
vt 0.934216 0.332742
vt 0.425157 0.135255
vt 0.958561 0.363948
vt 0.964807 0.376624
vt 0.958561 0.384044
vt 0.961866 0.381097
vt 0.983693 0.862200
vt 0.977782 0.846998
vt 0.983693 0.845821
vt 0.433139 0.142901
vt 0.977630 0.954424
vt 0.983553 0.946363
vt 0.977630 0.938011
vt 0.148632 0.889901
vt 0.133420 0.879874
vt 0.150222 0.869311
vt 0.145693 0.868178
vt 0.591163 0.130649
vt 0.133420 0.855176
vt 0.595789 0.152907
vt 0.553561 0.167133
vt 0.860655 0.117811
vt 0.868501 0.128817
vt 0.875682 0.110327
vt 0.543287 0.146083
vt 0.860655 0.103416
vt 0.490400 0.968476
vt 0.505305 0.979288
vt 0.490400 0.985737
vt 0.429354 0.287354
vt 0.530532 0.205376
vt 0.543753 0.188916
vt 0.511144 0.235350
vt 0.895084 0.121936
vt 0.891803 0.132908
vt 0.901612 0.132908
vt 0.228791 0.879802
vt 0.225675 0.854005
vt 0.213694 0.866562
vt 0.481234 0.213042
vt 0.471533 0.203485
vt 0.213694 0.889175
vt 0.862019 0.112882
vt 0.864913 0.088206
vt 0.521342 0.141625
vt 0.513376 0.135204
vt 0.508978 0.145351
vt 0.511105 0.117863
vt 0.513582 0.110014
vt 0.470635 0.124395
vt 0.481423 0.101332
vt 0.938329 0.697355
vt 0.927805 0.721353
vt 0.942229 0.721353
vt 0.462279 0.130815
vt 0.932748 0.538304
vt 0.940629 0.543870
vt 0.932748 0.561625
vt 0.851673 0.574001
vt 0.842288 0.553538
vt 0.833723 0.574001
vt 0.332126 0.817987
vt 0.317894 0.823307
vt 0.313101 0.812935
vt 0.966785 0.805612
vt 0.981796 0.800863
vt 0.981796 0.818913
vt 0.865815 0.905385
vt 0.867743 0.887111
vt 0.876387 0.915919
vt 0.434823 0.037786
vt 0.874384 0.885818
vt 0.820954 0.836778
vt 0.817961 0.833095
vt 0.820954 0.827612
vt 0.834283 0.313693
vt 0.409802 0.043198
vt 0.823374 0.332367
vt 0.465016 0.039659
vt 0.437523 0.041532
vt 0.441895 0.020174
vt 0.322157 0.823676
vt 0.492883 0.083906
vt 0.312673 0.078494
vt 0.299297 0.100178
vt 0.289626 0.089116
vt 0.275048 0.137127
vt 0.344933 0.135693
vt 0.305593 0.147864
vt 0.928461 0.279864
vt 0.935521 0.284910
vt 0.928461 0.304087
vt 0.099433 0.149313
vt 0.097915 0.141061
vt 0.106005 0.148395
vt 0.082842 0.176623
vt 0.080974 0.150105
vt 0.068438 0.168789
vt 0.989315 0.858498
vt 0.986452 0.845821
vt 0.992170 0.845821
vt 0.815186 0.462773
vt 0.833296 0.462575
vt 0.834865 0.441469
vt 0.118394 0.015854
vt 0.832738 0.444476
vt 0.054847 0.124298
vt 0.045757 0.113525
vt 0.919998 0.902632
vt 0.919998 0.877501
vt 0.931901 0.893652
vt 0.815751 0.625136
vt 0.022888 0.217782
vt 0.879146 0.857351
vt 0.879146 0.877221
vt 0.887588 0.860705
vt 0.852402 0.806661
vt 0.843168 0.801266
vt 0.843086 0.798894
vt 0.826355 0.192894
vt 0.817915 0.184838
vt 0.826355 0.178853
vt 0.980682 0.077711
vt 0.967266 0.081117
vt 0.967266 0.063103
vt 0.845819 0.257177
vt 0.856939 0.265497
vt 0.855708 0.272396
vt 0.845819 0.276995
vt 0.069164 0.104266
vt 0.051784 0.090327
vt 0.059127 0.068644
vt 0.102468 0.029724
vt 0.107806 0.007528
vt 0.107961 0.043153
vt 0.616026 0.913797
vt 0.601880 0.888420
vt 0.601880 0.916806
vt 0.083914 0.044590
vt 0.643347 0.258037
vt 0.634915 0.276786
vt 0.635218 0.253804
vt 0.652571 0.247450
vt 0.627215 0.283608
vt 0.879443 0.777758
vt 0.871657 0.785857
vt 0.879443 0.796063
vt 0.643171 0.289414
vt 0.667828 0.249672
vt 0.557082 0.923068
vt 0.546787 0.937767
vt 0.562408 0.942974
vt 0.676026 0.219401
vt 0.524187 0.932204
vt 0.527825 0.926505
vt 0.510794 0.919934
vt 0.387827 0.444983
vt 0.349962 0.371773
vt 0.338370 0.362028
vt 0.366605 0.385309
vt 0.920038 0.563364
vt 0.372245 0.375313
vt 0.937871 0.018678
vt 0.953563 0.028576
vt 0.953563 0.008429
vt 0.365878 0.113394
vt 0.186119 0.016690
vt 0.184779 0.039885
vt 0.147824 0.042032
vt 0.163456 0.070266
vt 0.149124 0.088109
vt 0.184286 0.071958
vt 0.644302 0.918601
vt 0.638067 0.931377
vt 0.648478 0.930087
vt 0.233123 0.037296
vt 0.223847 0.069423
vt 0.237429 0.081360
vt 0.261605 0.058613
vt 0.273925 0.095868
vt 0.276785 0.798959
vt 0.262350 0.826477
vt 0.281972 0.832172
vt 0.784741 0.769420
vt 0.788337 0.784213
vt 0.783154 0.841806
vt 0.795724 0.828144
vt 0.268968 0.048309
vt 0.267220 0.024651
vt 0.275177 0.840145
vt 0.262350 0.850370
vt 0.301353 0.062257
vt 0.286676 0.046899
vt 0.383320 0.842028
vt 0.328333 0.065823
vt 0.315619 0.042215
vt 0.115920 0.134408
vt 0.128225 0.140744
vt 0.965877 0.408315
vt 0.965877 0.390105
vt 0.978550 0.398214
vt 0.140678 0.146068
vt 0.128336 0.174273
vt 0.176221 0.334822
vt 0.185863 0.328731
vt 0.188344 0.345696
vt 0.148143 0.323842
vt 0.139766 0.361879
vt 0.115169 0.326000
vt 0.482774 0.824689
vt 0.468216 0.821875
vt 0.464534 0.798959
vt 0.261929 0.361890
vt 0.283313 0.360936
vt 0.259354 0.316318
vt 0.172194 0.836434
vt 0.156505 0.827737
vt 0.172194 0.798959
vt 0.222778 0.525854
vt 0.236229 0.508527
vt 0.246902 0.526453
vt 0.308208 0.395915
vt 0.184145 0.440226
vt 0.163011 0.477115
vt 0.209478 0.420735
vt 0.684300 0.295245
vt 0.699504 0.290359
vt 0.688512 0.283230
vt 0.831539 0.265233
vt 0.839111 0.258035
vt 0.835339 0.967582
vt 0.819560 0.967582
vt 0.820362 0.948589
vt 0.694457 0.301680
vt 0.854987 0.381113
vt 0.847286 0.364771
vt 0.854715 0.363290
vt 0.035850 0.310467
vt 0.854987 0.351216
vt 0.841619 0.356584
vt 0.916421 0.642382
vt 0.909818 0.618109
vt 0.916421 0.613262
vt 0.070829 0.819571
vt 0.078001 0.370889
vt 0.065047 0.363696
vt 0.068562 0.357578
vt 0.920698 0.487967
vt 0.934388 0.491338
vt 0.920698 0.512437
vt 0.312228 0.965918
vt 0.312228 0.945965
vt 0.321718 0.953780
vt 0.060926 0.341219
vt 0.081391 0.360132
vt 0.041130 0.330373
vt 0.854460 0.345609
vt 0.901242 0.620501
vt 0.908731 0.612870
vt 0.921333 0.338316
vt 0.931414 0.341992
vt 0.921333 0.362765
vt 0.923041 0.341410
vt 0.939676 0.211087
vt 0.929092 0.220247
vt 0.939675 0.235116
vt 0.075053 0.278748
vt 0.840327 0.781155
vt 0.823713 0.774494
vt 0.825835 0.810619
vt 0.071405 0.322115
vt 0.101993 0.325949
vt 0.033745 0.265449
vt 0.047876 0.251030
vt 0.020065 0.237126
vt 0.047999 0.227018
vt 0.068708 0.205352
vt 0.939538 0.449086
vt 0.939538 0.427034
vt 0.949565 0.431398
vt 0.943061 0.455817
vt 0.943061 0.477364
vt 0.952405 0.472629
vt 0.284731 0.826100
vt 0.293575 0.832206
vt 0.284731 0.850296
vt 0.301194 0.832340
vt 0.084072 0.415367
vt 0.074346 0.390042
vt 0.044954 0.393782
vt 0.050462 0.371260
vt 0.298843 0.821813
vt 0.299152 0.798959
vt 0.287948 0.816523
vt 0.089661 0.386854
vt 0.106369 0.378909
vt 0.091929 0.414898
vt 0.124582 0.380679
vt 0.126233 0.408468
vt 0.112675 0.355847
vt 0.532389 0.896528
vt 0.543436 0.889200
vt 0.543436 0.917281
vt 0.704327 0.497016
vt 0.023103 0.497051
vt 0.034526 0.472124
vt 0.021431 0.455817
vt 0.129200 0.414279
vt 0.089356 0.857419
vt 0.105944 0.861220
vt 0.089356 0.863231
vt 0.111352 0.410821
vt 0.116967 0.433637
vt 0.002605 0.593907
vt 0.010631 0.595951
vt 0.003079 0.616494
vt 0.036283 0.597854
vt 0.028850 0.589737
vt 0.029509 0.549169
vt 0.635065 0.965857
vt 0.652242 0.965857
vt 0.639303 0.952648
vt 0.016058 0.548030
vt 0.048947 0.500168
vt 0.061069 0.500591
vt 0.083176 0.517557
vt 0.863023 0.376826
vt 0.857745 0.381113
vt 0.857745 0.368164
vt 0.119803 0.515367
vt 0.684451 0.883975
vt 0.106723 0.578464
vt 0.084309 0.548850
vt 0.128887 0.571913
vt 0.070829 0.875738
vt 0.086597 0.867239
vt 0.086597 0.891245
vt 0.105149 0.520165
vt 0.076397 0.610031
vt 0.925176 0.765938
vt 0.916149 0.764077
vt 0.925176 0.740054
vt 0.084983 0.585317
vt 0.068075 0.592668
vt 0.061989 0.573830
vt 0.072960 0.605571
vt 0.082613 0.660129
vt 0.090650 0.684010
vt 0.061348 0.664660
vt 0.299595 0.870425
vt 0.302035 0.856032
vt 0.284731 0.862850
vt 0.289265 0.853055
vt 0.871584 0.946262
vt 0.857594 0.945382
vt 0.876387 0.953596
vt 0.814743 0.827612
vt 0.798482 0.839581
vt 0.813835 0.835663
vt 0.806688 0.845758
vt 0.906137 0.678934
vt 0.886116 0.646072
vt 0.608695 0.503500
vt 0.798482 0.720506
vt 0.812993 0.714744
vt 0.669560 0.450850
vt 0.677488 0.460832
vt 0.808012 0.730578
vt 0.573988 0.417988
vt 0.577024 0.441781
vt 0.324476 0.945965
vt 0.324476 0.965770
vt 0.335841 0.962238
vt 0.210470 0.937578
vt 0.193716 0.944460
vt 0.193716 0.922061
vt 0.573787 0.381115
vt 0.547512 0.389472
vt 0.549416 0.376264
vt 0.879403 0.085448
vt 0.860655 0.069828
vt 0.879403 0.072236
vt 0.905261 0.105299
vt 0.891803 0.100230
vt 0.904151 0.088206
vt 0.900869 0.113823
vt 0.543189 0.431238
vt 0.528603 0.394602
vt 0.891803 0.119178
vt 0.609460 0.383368
vt 0.622863 0.387252
vt 0.594585 0.344942
vt 0.585252 0.360183
vt 0.566159 0.348618
vt 0.321074 0.985215
vt 0.306588 0.968676
vt 0.321718 0.968676
vt 0.580152 0.329633
vt 0.800851 0.920397
vt 0.809661 0.917986
vt 0.813155 0.931698
vt 0.627831 0.339280
vt 0.813155 0.906526
vt 0.953898 0.380848
vt 0.940851 0.370846
vt 0.940851 0.384733
vt 0.676102 0.954991
vt 0.659709 0.965671
vt 0.657690 0.953577
vt 0.955802 0.363948
vt 0.676656 0.945237
vt 0.662621 0.945237
vt 0.534916 0.282213
vt 0.148887 0.914318
vt 0.623082 0.258861
vt 0.913148 0.528776
vt 0.908063 0.532136
vt 0.908063 0.518073
vt 0.101154 0.920217
vt 0.089356 0.906286
vt 0.101154 0.893853
vt 0.147413 0.910706
vt 0.620468 0.253498
vt 0.859745 0.226788
vt 0.411671 0.874093
vt 0.397288 0.872831
vt 0.415460 0.850658
vt 0.518214 0.336574
vt 0.951614 0.623712
vt 0.941514 0.634617
vt 0.941514 0.612870
vt 0.977802 0.757763
vt 0.967148 0.760106
vt 0.967148 0.741946
vt 0.756536 0.502585
vt 0.758949 0.513800
vt 0.756536 0.517016
vt 0.636605 0.915324
vt 0.649461 0.905877
vt 0.648650 0.915842
vt 0.636605 0.886983
vt 0.652732 0.903599
vt 0.118378 0.713257
vt 0.107859 0.701417
vt 0.099544 0.725918
vt 0.142998 0.566081
vt 0.145675 0.528705
vt 0.720895 0.887613
vt 0.707215 0.899485
vt 0.720895 0.915651
vt 0.140979 0.597056
vt 0.151476 0.613242
vt 0.126756 0.601018
vt 0.908087 0.688395
vt 0.898967 0.694384
vt 0.898967 0.681692
vt 0.147464 0.622616
vt 0.114696 0.620269
vt 0.393364 0.959830
vt 0.385959 0.962437
vt 0.397505 0.977946
vt 0.747750 0.907808
vt 0.751079 0.904321
vt 0.751079 0.919313
vt 0.981121 0.963904
vt 0.990000 0.959390
vt 0.989688 0.972365
vt 0.117047 0.594735
vt 0.937211 0.957257
vt 0.927419 0.935685
vt 0.927419 0.956785
vt 0.079045 0.857419
vt 0.117712 0.673930
vt 0.117369 0.656745
vt 0.137395 0.649829
vt 0.244749 0.918643
vt 0.244749 0.895127
vt 0.247761 0.902261
vt 0.890347 0.862563
vt 0.899724 0.859518
vt 0.902741 0.874743
vt 0.841868 0.920987
vt 0.841868 0.894902
vt 0.853466 0.907039
vt 0.199161 0.626701
vt 0.203784 0.651253
vt 0.188548 0.641839
vt 0.213455 0.642041
vt 0.902741 0.843373
vt 0.866157 0.679938
vt 0.859654 0.680575
vt 0.850828 0.656087
vt 0.176281 0.633669
vt 0.191951 0.625676
vt 0.169829 0.644535
vt 0.858727 0.691544
vt 0.964925 0.620771
vt 0.962687 0.633575
vt 0.954372 0.630091
vt 0.217301 0.403234
vt 0.280858 0.944312
vt 0.267460 0.940765
vt 0.280858 0.921447
vt 0.463663 0.971362
vt 0.457207 0.984163
vt 0.457207 0.968027
vt 0.527825 0.950831
vt 0.511143 0.965477
vt 0.511143 0.945850
vt 0.385435 0.877889
vt 0.385435 0.850665
vt 0.391559 0.860928
vt 0.213150 0.453699
vt 0.215350 0.425856
vt 0.223700 0.435211
vt 0.207686 0.454692
vt 0.881143 0.001379
vt 0.881143 0.034676
vt 0.889214 0.010649
vt 0.150119 0.512600
vt 0.352748 0.626254
vt 0.364246 0.636256
vt 0.384427 0.636743
vt 0.316784 0.592250
vt 0.315380 0.604932
vt 0.323719 0.570904
vt 0.723919 0.944432
vt 0.744289 0.944432
vt 0.742091 0.921931
vt 0.353584 0.604641
vt 0.341769 0.620440
vt 0.347878 0.593704
vt 0.058063 0.884827
vt 0.068070 0.874184
vt 0.058620 0.891391
vt 0.721160 0.831697
vt 0.707580 0.830297
vt 0.707580 0.842543
vt 0.381736 0.549231
vt 0.898651 0.035126
vt 0.906856 0.038991
vt 0.898651 0.052401
vt 0.657690 0.845206
vt 0.665976 0.861103
vt 0.674012 0.845206
vt 0.938904 0.981159
vt 0.931603 0.995573
vt 0.944193 0.995573
vt 0.374530 0.564014
vt 0.363812 0.546426
vt 0.835914 0.920968
vt 0.954728 0.525742
vt 0.959496 0.524764
vt 0.959988 0.512676
vt 0.542123 0.535143
vt 0.563457 0.533834
vt 0.970712 0.338316
vt 0.980387 0.339576
vt 0.970712 0.356096
vt 0.517628 0.489247
vt 0.526610 0.511360
vt 0.463768 0.451725
vt 0.449039 0.431588
vt 0.448140 0.469403
vt 0.369800 0.721348
vt 0.151307 0.825185
vt 0.133420 0.843759
vt 0.150827 0.839486
vt 0.704327 0.823225
vt 0.691693 0.816593
vt 0.703768 0.815708
vt 0.687708 0.842483
vt 0.691012 0.817424
vt 0.756536 0.481673
vt 0.757339 0.499827
vt 0.757339 0.480767
vt 0.886913 0.294841
vt 0.877486 0.279864
vt 0.877738 0.299094
vt 0.567625 0.623947
vt 0.558738 0.611757
vt 0.574141 0.612049
vt 0.143568 0.824569
vt 0.137508 0.798959
vt 0.135076 0.825834
vt 0.881332 0.774999
vt 0.619082 0.584320
vt 0.675945 0.644575
vt 0.782855 0.153138
vt 0.774967 0.159042
vt 0.775704 0.192894
vt 0.781437 0.001379
vt 0.774967 0.088535
vt 0.648928 0.660049
vt 0.653728 0.637483
vt 0.656834 0.673014
vt 0.642245 0.657373
vt 0.816378 0.684373
vt 0.823429 0.675849
vt 0.819936 0.690782
vt 0.596306 0.599239
vt 0.621694 0.611747
vt 0.614825 0.623500
vt 0.153747 0.846244
vt 0.133420 0.852418
vt 0.618887 0.589340
vt 0.815751 0.691239
vt 0.642138 0.657050
vt 0.823429 0.733412
vt 0.002719 0.856973
vt 0.777236 0.575098
vt 0.467157 0.779182
vt 0.573969 0.706457
vt 0.578432 0.709651
vt 0.466421 0.968467
vt 0.466421 0.985779
vt 0.480357 0.969765
vt 0.536973 0.726488
vt 0.517931 0.749459
vt 0.514013 0.718908
vt 0.027836 0.804166
vt 0.021677 0.829963
vt 0.009940 0.807862
vt 0.761199 0.799000
vt 0.664007 0.773793
vt 0.764546 0.821193
vt 0.583901 0.755005
vt 0.579772 0.763372
vt 0.576080 0.754228
vt 0.379348 0.982004
vt 0.473056 0.372349
vt 0.473887 0.355180
vt 0.461874 0.393917
vt 0.630172 0.818830
vt 0.616514 0.814464
vt 0.631744 0.798959
vt 0.399469 0.460047
vt 0.965019 0.009961
vt 0.956322 0.021267
vt 0.965019 0.030285
vt 0.868899 0.762238
vt 0.858578 0.777733
vt 0.858578 0.760386
vt 0.417581 0.511283
vt 0.397354 0.506993
vt 0.402517 0.532274
vt 0.397573 0.496443
vt 0.837675 0.856433
vt 0.975024 0.845821
vt 0.975024 0.864238
vt 0.965862 0.851169
vt 0.439114 0.501004
vt 0.419527 0.520253
vt 0.463851 0.509967
vt 0.574552 0.888378
vt 0.578706 0.906451
vt 0.567390 0.896976
vt 0.881789 0.530639
vt 0.876706 0.557579
vt 0.883430 0.560595
vt 0.358907 0.477763
vt 0.368822 0.499310
vt 0.295607 0.535565
vt 0.286215 0.534809
vt 0.872984 0.736400
vt 0.628155 0.544849
vt 0.450750 0.798959
vt 0.459758 0.808974
vt 0.447891 0.813352
vt 0.983834 0.666557
vt 0.978030 0.657484
vt 0.983834 0.650845
vt 0.600436 0.565676
vt 0.441703 0.835582
vt 0.446464 0.846793
vt 0.457497 0.836027
vt 0.649001 0.528024
vt 0.639960 0.521677
vt 0.648131 0.487048
vt 0.649588 0.502851
vt 0.442679 0.819254
vt 0.461775 0.825176
vt 0.444878 0.830668
vt 0.574884 0.552844
vt 0.461775 0.846951
vt 0.969158 0.527284
vt 0.962746 0.512676
vt 0.962746 0.531764
vt 0.566951 0.480056
vt 0.753837 0.956990
vt 0.050877 0.619555
vt 0.286555 0.863144
vt 0.100128 0.742662
vt 0.126510 0.739136
vt 0.115192 0.753045
vt 0.133875 0.769993
vt 0.794523 0.315361
vt 0.095659 0.774839
vt 0.159392 0.770275
vt 0.777324 0.357833
vt 0.984852 0.174209
vt 0.986852 0.161059
vt 0.996663 0.174209
vt 0.673964 0.914989
vt 0.681861 0.890035
vt 0.673964 0.887320
vt 0.855160 0.815941
vt 0.855213 0.840615
vt 0.866394 0.817269
vt 0.044399 0.668590
vt 0.037119 0.695172
vt 0.045439 0.694757
vt 0.064255 0.699019
vt 0.236655 0.741097
vt 0.248906 0.749683
vt 0.249020 0.739325
vt 0.283116 0.726389
vt 0.306866 0.726380
vt 0.290025 0.716266
vt 0.245027 0.758139
vt 0.985182 0.224044
vt 0.975777 0.228773
vt 0.975777 0.211087
vt 0.992153 0.196785
vt 0.979510 0.208326
vt 0.979510 0.194057
vt 0.982970 0.217494
vt 0.993667 0.077734
vt 0.993667 0.063103
vt 0.986610 0.072367
vt 0.226013 0.831377
vt 0.224522 0.851247
vt 0.606931 0.056991
vt 0.591853 0.067967
vt 0.547063 0.126067
vt 0.517710 0.098909
vt 0.324528 0.798959
vt 0.970914 0.985663
vt 0.978363 0.980022
vt 0.978363 0.990858
vt 0.947425 0.341969
vt 0.959413 0.345047
vt 0.957743 0.338316
vt 0.940124 0.034975
vt 0.947425 0.359282
vt 0.570984 0.037769
vt 0.869912 0.143401
vt 0.860655 0.146921
vt 0.874005 0.131576
vt 0.940124 0.056385
vt 0.632249 0.921648
vt 0.649315 0.073377
vt 0.469472 0.849457
vt 0.807106 0.761875
vt 0.892473 0.708036
vt 0.881138 0.705560
vt 0.880365 0.697355
vt 0.811326 0.736400
vt 0.880365 0.730734
vt 0.651561 0.026765
vt 0.670502 0.017905
vt 0.680505 0.014609
vt 0.894419 0.324715
vt 0.889671 0.327992
vt 0.889671 0.314108
vt 0.679824 0.011557
vt 0.638854 0.022502
vt 0.913391 0.747299
vt 0.902481 0.736400
vt 0.902481 0.765938
vt 0.630318 0.148396
vt 0.929800 0.174034
vt 0.917499 0.195595
vt 0.917499 0.170175
vt 0.662238 0.150349
vt 0.676588 0.139784
vt 0.025742 0.959070
vt 0.028687 0.948896
vt 0.014295 0.950042
vt 0.618611 0.183671
vt 0.622141 0.236181
vt 0.627531 0.203044
vt 0.650280 0.218376
vt 0.611213 0.248242
vt 0.137935 0.919312
vt 0.584575 0.250510
vt 0.575841 0.249917
vt 0.575791 0.251895
vt 0.756536 0.545115
vt 0.758940 0.544912
vt 0.756536 0.535850
vt 0.843501 0.733434
vt 0.829910 0.733434
vt 0.835945 0.719769
vt 0.941903 0.585365
vt 0.930497 0.602309
vt 0.930497 0.578823
vt 0.625510 0.105963
vt 0.876763 0.146576
vt 0.884193 0.150412
vt 0.884340 0.167272
vt 0.914379 0.798894
vt 0.897715 0.798894
vt 0.901510 0.828945
vt 0.618116 0.063609
vt 0.964775 0.044374
vt 0.973546 0.051350
vt 0.611754 0.069711
vt 0.905732 0.362765
vt 0.897345 0.346568
vt 0.905732 0.331984
vt 0.914218 0.817748
vt 0.906546 0.806812
vt 0.010954 0.970934
vt 0.001379 0.984443
vt 0.010954 0.986091
vt 0.980921 0.020246
vt 0.967777 0.027756
vt 0.967777 0.009961
vt 0.214889 0.297870
vt 0.196077 0.294801
vt 0.226870 0.262526
vt 0.250595 0.274864
vt 0.250133 0.281814
vt 0.883112 0.215665
vt 0.874662 0.198954
vt 0.872902 0.221512
vt 0.196180 0.293304
vt 0.211145 0.208630
vt 0.205716 0.218931
vt 0.192654 0.211877
vt 0.217444 0.222016
vt 0.198535 0.233534
vt 0.211581 0.251907
vt 0.191321 0.200372
vt 0.213433 0.201648
vt 0.483746 0.247837
vt 0.391697 0.359799
vt 0.393494 0.378158
vt 0.392730 0.340126
vt 0.399537 0.336442
vt 0.623052 0.829753
vt 0.633429 0.816667
vt 0.631488 0.831160
vt 0.150222 0.966984
vt 0.142467 0.958819
vt 0.150222 0.947292
vt 0.464865 0.361432
vt 0.464282 0.375183
vt 0.450434 0.385649
vt 0.432395 0.357194
vt 0.107988 0.915634
vt 0.107988 0.893853
vt 0.103912 0.907769
vt 0.486803 0.274823
vt 0.364549 0.198729
vt 0.636192 0.968615
vt 0.629074 0.975400
vt 0.636192 0.984524
vt 0.984104 0.279864
vt 0.990280 0.287019
vt 0.984104 0.294577
vt 0.391663 0.895863
vt 0.385435 0.880647
vt 0.385435 0.907451
vt 0.388775 0.245062
vt 0.393199 0.247336
vt 0.603885 0.871505
vt 0.602953 0.885614
vt 0.613756 0.862456
vt 0.602953 0.847971
vt 0.403764 0.219672
vt 0.412635 0.196650
vt 0.424597 0.195081
vt 0.401415 0.250625
vt 0.894859 0.974905
vt 0.879145 0.980145
vt 0.879145 0.962125
vt 0.418270 0.251557
vt 0.955164 0.471030
vt 0.963927 0.476291
vt 0.955164 0.455817
vt 0.373216 0.179843
vt 0.390756 0.171927
vt 0.389639 0.189700
vt 0.460534 0.185609
vt 0.456666 0.204732
vt 0.464291 0.166692
vt 0.884911 0.440817
vt 0.882793 0.459685
vt 0.895981 0.438893
vt 0.428478 0.111542
vt 0.986895 0.693742
vt 0.996426 0.681917
vt 0.986895 0.681437
vt 0.990810 0.691761
vt 0.428596 0.142383
vt 0.897970 0.204813
vt 0.894005 0.209029
vt 0.888168 0.209995
vt 0.553367 0.169134
vt 0.548835 0.196022
vt 0.473271 0.199841
vt 0.703971 0.960315
vt 0.696228 0.958515
vt 0.693683 0.945430
vt 0.465800 0.198710
vt 0.882793 0.427034
vt 0.869889 0.469741
vt 0.867674 0.485208
vt 0.878974 0.485208
vt 0.689047 0.965928
vt 0.704303 0.965928
vt 0.894838 0.520537
vt 0.892055 0.487967
vt 0.883712 0.508312
vt 0.520007 0.218741
vt 0.428311 0.041990
vt 0.727212 0.222484
vt 0.494055 0.033597
vt 0.355373 0.104479
vt 0.937481 0.030285
vt 0.337823 0.086240
vt 0.028031 0.894999
vt 0.034449 0.920866
vt 0.017994 0.920866
vt 0.333603 0.104177
vt 0.314241 0.099145
vt 0.277822 0.106608
vt 0.287522 0.944311
vt 0.287522 0.925749
vt 0.297617 0.939738
vt 0.301294 0.126701
vt 0.329053 0.137336
vt 0.324888 0.115896
vt 0.339527 0.109984
vt 0.358813 0.114965
vt 0.114672 0.857141
vt 0.109185 0.872079
vt 0.114672 0.881247
vt 0.357328 0.134252
vt 0.294955 0.135534
vt 0.920472 0.032301
vt 0.908947 0.020831
vt 0.914203 0.022371
vt 0.912648 0.400423
vt 0.907135 0.397425
vt 0.916245 0.412080
vt 0.920472 0.005947
vt 0.123642 0.085011
vt 0.110042 0.112617
vt 0.101701 0.101529
vt 0.017994 0.859732
vt 0.027372 0.888843
vt 0.017994 0.892240
vt 0.117365 0.114685
vt 0.134283 0.111742
vt 0.113700 0.173147
vt 0.857885 0.287183
vt 0.857885 0.321033
vt 0.874728 0.291097
vt 0.072305 0.155426
vt 0.959225 0.211088
vt 0.956222 0.231594
vt 0.956222 0.211411
vt 0.117203 0.212638
vt 0.961610 0.230137
vt 0.053490 0.179299
vt 0.081415 0.212248
vt 0.093421 0.197849
vt 0.086558 0.192799
vt 0.047810 0.118905
vt 0.888998 0.579661
vt 0.881699 0.576837
vt 0.881699 0.610111
vt 0.324887 0.853838
vt 0.313101 0.863838
vt 0.324887 0.887091
vt 0.027905 0.184344
vt 0.021582 0.172811
vt 0.030514 0.163036
vt 0.012232 0.204166
vt 0.047427 0.026894
vt 0.051033 0.030684
vt 0.038206 0.038687
vt 0.850584 0.810270
vt 0.010395 0.013929
vt 0.843086 0.847316
vt 0.851574 0.856316
vt 0.043602 0.044332
vt 0.986706 0.809596
vt 0.992542 0.800863
vt 0.992542 0.815348
vt 0.089536 0.086543
vt 0.069267 0.124937
vt 0.058454 0.119832
vt 0.086877 0.107109
vt 0.380358 0.931251
vt 0.381247 0.922649
vt 0.370584 0.920332
vt 0.101406 0.120083
vt 0.049730 0.072875
vt 0.141945 0.934214
vt 0.150222 0.943882
vt 0.150222 0.922070
vt 0.636630 0.295208
vt 0.136539 0.944534
vt 0.905377 0.461227
vt 0.905377 0.484629
vt 0.902721 0.460230
vt 0.898740 0.462359
vt 0.753777 0.687369
vt 0.898819 0.459995
vt 0.665231 0.225427
vt 0.510794 0.943092
vt 0.355391 0.412980
vt 0.068070 0.894149
vt 0.379628 0.437482
vt 0.353032 0.430107
vt 0.352179 0.436210
vt 0.366580 0.452522
vt 0.567390 0.916856
vt 0.447285 0.422642
vt 0.449682 0.390796
vt 0.704327 0.889862
vt 0.685465 0.886733
vt 0.685465 0.916152
vt 0.329700 0.375397
vt 0.982094 0.191206
vt 0.965705 0.191206
vt 0.978285 0.173146
vt 0.262350 0.858888
vt 0.277751 0.862649
vt 0.276826 0.853128
vt 0.944376 0.753316
vt 0.951915 0.741946
vt 0.951915 0.763418
vt 0.262350 0.885991
vt 0.275491 0.859668
vt 0.943290 0.172241
vt 0.952350 0.182869
vt 0.943290 0.193782
vt 0.354639 0.399578
vt 0.385435 0.919614
vt 0.391038 0.933348
vt 0.391038 0.910209
vt 0.929197 0.112114
vt 0.938385 0.105392
vt 0.929197 0.088206
vt 0.247142 0.099714
vt 0.259486 0.130893
vt 0.216159 0.034949
vt 0.862639 0.642503
vt 0.853450 0.645870
vt 0.852989 0.632174
vt 0.254434 0.023608
vt 0.282321 0.038747
vt 0.238227 0.959776
vt 0.230650 0.947237
vt 0.230650 0.961614
vt 0.300923 0.044945
vt 0.314596 0.041938
vt 0.230900 0.966042
vt 0.143396 0.124196
vt 0.132753 0.128631
vt 0.116555 0.115620
vt 0.916245 0.384022
vt 0.156650 0.131793
vt 0.152523 0.138811
vt 0.157715 0.126726
vt 0.976498 0.297208
vt 0.981346 0.283577
vt 0.976498 0.279864
vt 0.174674 0.371647
vt 0.199749 0.343454
vt 0.189079 0.932060
vt 0.178634 0.921981
vt 0.174065 0.935029
vt 0.155453 0.262862
vt 0.358084 0.879187
vt 0.366890 0.880337
vt 0.358929 0.850712
vt 0.141908 0.281834
vt 0.161419 0.274635
vt 0.158635 0.339973
vt 0.160959 0.345151
vt 0.149861 0.294796
vt 0.162147 0.303000
vt 0.130662 0.837653
vt 0.117891 0.853750
vt 0.117430 0.825288
vt 0.419909 0.798959
vt 0.298359 0.365400
vt 0.276032 0.888472
vt 0.296058 0.342396
vt 0.308006 0.330907
vt 0.289966 0.327657
vt 0.262798 0.299914
vt 0.927934 0.739188
vt 0.927934 0.724230
vt 0.942378 0.726317
vt 0.273200 0.321974
vt 0.289517 0.306622
vt 0.404035 0.945803
vt 0.413208 0.965881
vt 0.400583 0.965881
vt 0.293397 0.215716
vt 0.249185 0.259309
vt 0.349335 0.280542
vt 0.163302 0.852464
vt 0.651064 0.831708
vt 0.876706 0.566556
vt 0.181539 0.432116
vt 0.956337 0.508431
vt 0.961557 0.498864
vt 0.956337 0.487967
vt 0.006730 0.302175
vt 0.506236 0.879609
vt 0.512472 0.871360
vt 0.506236 0.849460
vt 0.704327 0.302139
vt 0.042889 0.352747
vt 0.250750 0.965798
vt 0.260054 0.950778
vt 0.244749 0.966632
vt 0.244749 0.947103
vt 0.933951 0.241861
vt 0.941427 0.251282
vt 0.934105 0.248311
vt 0.897346 0.324874
vt 0.903852 0.314195
vt 0.903852 0.329225
vt 0.934660 0.889917
vt 0.941947 0.877501
vt 0.941947 0.900487
vt 0.887098 0.156876
vt 0.903496 0.165643
vt 0.903496 0.147236
vt 0.788393 0.985824
vt 0.784191 0.968463
vt 0.775464 0.984136
vt 0.775464 0.968416
vt 0.063815 0.269183
vt 0.843060 0.240064
vt 0.567390 0.832779
vt 0.580849 0.824084
vt 0.580849 0.845398
vt 0.836700 0.211959
vt 0.567488 0.798959
vt 0.021834 0.231248
vt 0.880776 0.843373
vt 0.063973 0.239975
vt 0.068056 0.216229
vt 0.091139 0.443887
vt 0.945390 0.768696
vt 0.936881 0.774472
vt 0.945390 0.791235
vt 0.944744 0.458924
vt 0.973739 0.298677
vt 0.963155 0.290836
vt 0.973739 0.279864
vt 0.559947 0.960940
vt 0.564762 0.964953
vt 0.564762 0.945732
vt 0.327699 0.882854
vt 0.330852 0.876472
vt 0.330852 0.887002
vt 0.975328 0.435666
vt 0.982801 0.447080
vt 0.982801 0.429281
vt 0.903312 0.279864
vt 0.914842 0.280469
vt 0.903312 0.308963
vt 0.097798 0.390515
vt 0.814234 0.994489
vt 0.800851 0.994489
vt 0.802009 0.979765
vt 0.122162 0.374205
vt 0.109361 0.371564
vt 0.769381 0.943677
vt 0.753837 0.932553
vt 0.753837 0.954232
vt 0.699957 0.470411
vt 0.688626 0.472144
vt 0.038256 0.456229
vt 0.142590 0.464863
vt 0.131572 0.466592
vt 0.153466 0.477082
vt 0.891422 0.612870
vt 0.138043 0.477802
vt 0.111837 0.440649
vt 0.125191 0.430126
vt 0.829114 0.178853
vt 0.829114 0.192802
vt 0.839019 0.190433
vt 0.110002 0.478244
vt 0.098528 0.478149
vt 0.018504 0.575875
vt 0.040222 0.576679
vt 0.027591 0.563649
vt 0.906460 0.268014
vt 0.906460 0.239665
vt 0.916965 0.253557
vt 0.038934 0.594107
vt 0.997139 0.663116
vt 0.994281 0.662228
vt 0.998142 0.650845
vt 0.052024 0.562080
vt 0.703600 0.538442
vt 0.009774 0.538474
vt 0.687078 0.543247
vt 0.695050 0.548028
vt 0.046328 0.499651
vt 0.855820 0.767014
vt 0.843086 0.768016
vt 0.855820 0.796135
vt 0.684455 0.928272
vt 0.686288 0.927078
vt 0.680847 0.918911
vt 0.680847 0.940767
vt 0.117896 0.517312
vt 0.741619 0.876928
vt 0.723919 0.856032
vt 0.723919 0.885058
vt 0.081349 0.543518
vt 0.738578 0.889899
vt 0.085360 0.566943
vt 0.076685 0.555872
vt 0.055715 0.587013
vt 0.760217 0.884917
vt 0.747052 0.884018
vt 0.753094 0.894386
vt 0.093393 0.657869
vt 0.115169 0.670773
vt 0.873741 0.957783
vt 0.068009 0.604422
vt 0.605266 0.518012
vt 0.632452 0.515454
vt 0.623234 0.503537
vt 0.592029 0.392032
vt 0.585531 0.373155
vt 0.535912 0.419686
vt 0.930049 0.840574
vt 0.930049 0.827565
vt 0.917137 0.828186
vt 0.454122 0.968702
vt 0.441573 0.968702
vt 0.444115 0.985311
vt 0.518074 0.434168
vt 0.487957 0.438397
vt 0.510409 0.436830
vt 0.490547 0.424283
vt 0.606404 0.374434
vt 0.544949 0.332535
vt 0.554753 0.300259
vt 0.595237 0.322710
vt 0.592351 0.303473
vt 0.394580 0.886407
vt 0.862736 0.236906
vt 0.557026 0.298434
vt 0.771698 0.779072
vt 0.771698 0.756848
vt 0.767304 0.758687
vt 0.487693 0.345992
vt 0.609121 0.985676
vt 0.624608 0.974069
vt 0.609121 0.968556
vt 0.911578 0.674847
vt 0.911578 0.648864
vt 0.921021 0.650464
vt 0.494715 0.303407
vt 0.499557 0.917246
vt 0.499557 0.889052
vt 0.488602 0.913533
vt 0.397445 0.847657
vt 0.388295 0.836379
vt 0.402024 0.834718
vt 0.693985 0.845241
vt 0.145400 0.577793
vt 0.387259 0.977609
vt 0.397505 0.961291
vt 0.900729 0.235636
vt 0.901860 0.210098
vt 0.912071 0.236906
vt 0.967683 0.648051
vt 0.967683 0.633465
vt 0.979196 0.635805
vt 0.407501 0.825637
vt 0.156796 0.556292
vt 0.170124 0.551456
vt 0.155026 0.565094
vt 0.583607 0.831797
vt 0.584626 0.845249
vt 0.595263 0.834143
vt 0.388295 0.798959
vt 0.912071 0.207163
vt 0.171508 0.633699
vt 0.163665 0.630512
vt 0.174731 0.608498
vt 0.981121 0.974439
vt 0.942131 0.940830
vt 0.947260 0.947346
vt 0.684451 0.869339
vt 0.114937 0.682242
vt 0.923230 0.005947
vt 0.934723 0.005947
vt 0.932442 0.030285
vt 0.263987 0.901722
vt 0.267520 0.891542
vt 0.135419 0.639633
vt 0.162840 0.662572
vt 0.839110 0.895223
vt 0.242427 0.536667
vt 0.259499 0.538339
vt 0.253478 0.545614
vt 0.965671 0.538304
vt 0.958344 0.556946
vt 0.965671 0.558638
vt 0.250730 0.521502
vt 0.266879 0.519217
vt 0.284026 0.524802
vt 0.288286 0.513579
vt 0.193716 0.810908
vt 0.202058 0.798959
vt 0.203322 0.808305
vt 0.866174 0.656236
vt 0.850828 0.673340
vt 0.431835 0.965882
vt 0.419977 0.951932
vt 0.431835 0.945837
vt 0.220521 0.641783
vt 0.238730 0.632826
vt 0.240030 0.644840
vt 0.250476 0.634577
vt 0.953956 0.109024
vt 0.962408 0.094264
vt 0.953956 0.088206
vt 0.260904 0.649785
vt 0.259289 0.639612
vt 0.947937 0.328295
vt 0.956041 0.311644
vt 0.945818 0.323061
vt 0.193145 0.369769
vt 0.213895 0.373608
vt 0.214330 0.361024
vt 0.879145 0.911506
vt 0.879145 0.935635
vt 0.894846 0.915899
vt 0.185945 0.468471
vt 0.203804 0.462295
vt 0.223146 0.559535
vt 0.207442 0.568424
vt 0.206597 0.556663
vt 0.211548 0.539070
vt 0.202088 0.566081
vt 0.199975 0.572718
vt 0.799472 0.192893
vt 0.791307 0.178912
vt 0.785641 0.185440
vt 0.225654 0.574949
vt 0.205498 0.595003
vt 0.190127 0.577548
vt 0.178214 0.551656
vt 0.267055 0.566017
vt 0.353223 0.598144
vt 0.055840 0.879965
vt 0.055840 0.857753
vt 0.796043 0.933136
vt 0.775900 0.924647
vt 0.796043 0.918708
vt 0.790139 0.942379
vt 0.367701 0.574850
vt 0.889044 0.123347
vt 0.878440 0.116079
vt 0.889044 0.103476
vt 0.315847 0.943207
vt 0.322127 0.927916
vt 0.312228 0.920344
vt 0.327294 0.920344
vt 0.531892 0.490195
vt 0.960782 0.600276
vt 0.973365 0.597723
vt 0.960782 0.581286
vt 0.447284 0.474543
vt 0.432571 0.455103
vt 0.427021 0.439740
vt 0.318918 0.726392
vt 0.312497 0.708159
vt 0.028687 0.946138
vt 0.017994 0.946138
vt 0.022988 0.923624
vt 0.917565 0.602309
vt 0.917565 0.576837
vt 0.927739 0.583456
vt 0.305758 0.712454
vt 0.384272 0.745578
vt 0.377490 0.732558
vt 0.392635 0.733240
vt 0.412376 0.745392
vt 0.531736 0.945908
vt 0.540231 0.945908
vt 0.534749 0.965942
vt 0.440855 0.720625
vt 0.422840 0.737017
vt 0.412592 0.710606
vt 0.167922 0.889534
vt 0.171541 0.879546
vt 0.161026 0.880346
vt 0.498795 0.705432
vt 0.496293 0.712785
vt 0.466348 0.698359
vt 0.491314 0.681501
vt 0.483895 0.557190
vt 0.764546 0.757870
vt 0.749549 0.735208
vt 0.640758 0.734230
vt 0.630895 0.735033
vt 0.138876 0.852274
vt 0.592179 0.591392
vt 0.589683 0.559343
vt 0.563979 0.571859
vt 0.570707 0.597345
vt 0.569134 0.607007
vt 0.974775 0.529254
vt 0.984324 0.531763
vt 0.984324 0.514126
vt 0.915883 0.236906
vt 0.687708 0.813088
vt 0.701751 0.798960
vt 0.616641 0.732175
vt 0.605710 0.758554
vt 0.582089 0.660238
vt 0.600648 0.641132
vt 0.599472 0.666448
vt 0.576406 0.641930
vt 0.594061 0.677035
vt 0.586109 0.678424
vt 0.334885 0.920250
vt 0.355588 0.925290
vt 0.340504 0.928039
vt 0.973592 0.669638
vt 0.975272 0.650845
vt 0.962288 0.650845
vt 0.584681 0.605330
vt 0.962289 0.656436
vt 0.339855 0.940915
vt 0.334885 0.942937
vt 0.588034 0.628916
vt 0.654430 0.617878
vt 0.635394 0.624244
vt 0.638534 0.613165
vt 0.660921 0.600606
vt 0.452724 0.788419
vt 0.477743 0.790896
vt 0.484206 0.777765
vt 0.489875 0.790409
vt 0.523446 0.698763
vt 0.964507 0.081116
vt 0.955495 0.066126
vt 0.964507 0.060673
vt 0.562116 0.688087
vt 0.022121 0.798959
vt 0.822916 0.143689
vt 0.441703 0.867223
vt 0.455943 0.872472
vt 0.446425 0.886275
vt 0.449074 0.849709
vt 0.457724 0.852194
vt 0.657690 0.887320
vt 0.671206 0.895903
vt 0.666716 0.887658
vt 0.923779 0.673400
vt 0.923779 0.648864
vt 0.930880 0.668020
vt 0.896208 0.662381
vt 0.884493 0.658457
vt 0.884493 0.681200
vt 0.888721 0.648864
vt 0.657690 0.916130
vt 0.027836 0.828702
vt 0.467974 0.377801
vt 0.546787 0.904216
vt 0.552314 0.913188
vt 0.562544 0.888637
vt 0.773383 0.855466
vt 0.767304 0.857176
vt 0.773383 0.866583
vt 0.562544 0.916929
vt 0.414118 0.449570
vt 0.873364 0.858713
vt 0.856684 0.848753
vt 0.855160 0.883060
vt 0.416755 0.463000
vt 0.876387 0.843373
vt 0.413620 0.513378
vt 0.400632 0.501382
vt 0.987785 0.781657
vt 0.995239 0.787630
vt 0.985444 0.787630
vt 0.986818 0.774393
vt 0.951728 0.825017
vt 0.951728 0.840485
vt 0.944627 0.832251
vt 0.356486 0.491641
vt 0.350678 0.478998
vt 0.320443 0.505545
vt 0.320539 0.511104
vt 0.455365 0.808474
vt 0.453007 0.810153
vt 0.591420 0.557760
vt 0.561369 0.586264
vt 0.544616 0.580539
vt 0.651209 0.544448
vt 0.653127 0.518215
vt 0.671481 0.497307
vt 0.807443 0.684113
vt 0.810384 0.655635
vt 0.460371 0.818418
vt 0.581604 0.555477
vt 0.032428 0.640081
vt 0.057747 0.628833
vt 0.652097 0.858783
vt 0.636187 0.849107
vt 0.636187 0.884225
vt 0.914995 0.088206
vt 0.908019 0.101172
vt 0.914995 0.116051
vt 0.652732 0.846158
vt 0.066108 0.644847
vt 0.289265 0.888327
vt 0.055681 0.648848
vt 0.128586 0.739370
vt 0.125701 0.714616
vt 0.917279 0.563364
vt 0.905638 0.545778
vt 0.917279 0.534968
vt 0.888871 0.257213
vt 0.903702 0.254347
vt 0.890559 0.271070
vt 0.912324 0.170175
vt 0.118392 0.721960
vt 0.888871 0.239665
vt 0.074821 0.903829
vt 0.072896 0.920256
vt 0.083044 0.917161
vt 0.086597 0.894003
vt 0.031394 0.778143
vt 0.032738 0.784254
vt 0.039361 0.760219
vt 0.032941 0.772341
vt 0.027766 0.765947
vt 0.045147 0.767528
vt 0.057625 0.768426
vt 0.072062 0.755724
vt 0.045865 0.740668
vt 0.972570 0.447870
vt 0.972570 0.429281
vt 0.965322 0.440607
vt 0.026975 0.697989
vt 0.024140 0.737703
vt 0.039292 0.734335
vt 0.423451 0.899757
vt 0.435955 0.917275
vt 0.435955 0.888866
vt 0.085155 0.695315
vt 0.171441 0.687608
vt 0.209122 0.709586
vt 0.191846 0.734601
vt 0.261837 0.712664
vt 0.250707 0.682444
vt 0.269436 0.687043
vt 0.249202 0.723112
vt 0.231251 0.696356
vt 0.249996 0.734682
vt 0.251035 0.743386
vt 0.983440 0.076508
vt 0.245056 0.724677
vt 0.252790 0.678143
vt 0.263653 0.673206
vt 0.992487 0.311201
vt 0.992750 0.297335
vt 0.984104 0.297335
vt 0.852284 0.859191
vt 0.849965 0.872675
vt 0.841868 0.874310
vt 0.981433 0.701647
vt 0.981433 0.719499
vt 0.974786 0.706166
vt 0.958024 0.583316
vt 0.944661 0.581286
vt 0.944661 0.602309
vt 0.852285 0.892144
vt 0.967608 0.994943
vt 0.958131 0.980507
vt 0.953988 0.994943
vt 0.947247 0.664348
vt 0.959530 0.650845
vt 0.959530 0.671807
vt 0.986053 0.648051
vt 0.981954 0.633503
vt 0.993600 0.633503
vt 0.652742 0.074373
vt 0.977350 0.693742
vt 0.984136 0.688151
vt 0.977350 0.676512
vt 0.467788 0.850761
vt 0.653037 0.095145
vt 0.861900 0.384037
vt 0.861617 0.404634
vt 0.876082 0.384022
vt 0.659268 0.009262
vt 0.945695 0.855463
vt 0.944516 0.864238
vt 0.959653 0.847729
vt 0.963104 0.862197
vt 0.643848 0.026579
vt 0.259931 0.939877
vt 0.259931 0.921401
vt 0.264640 0.923453
vt 0.642040 0.145944
vt 0.650019 0.152587
vt 0.634874 0.140113
vt 0.976471 0.138256
vt 0.984971 0.155936
vt 0.974939 0.155936
vt 0.657227 0.137044
vt 0.014295 0.967888
vt 0.651729 0.137264
vt 0.610335 0.184665
vt 0.652242 0.985770
vt 0.638951 0.979993
vt 0.652242 0.968615
vt 0.600640 0.201999
vt 0.585241 0.187735
vt 0.553407 0.206071
vt 0.546546 0.201699
vt 0.587349 0.253697
vt 0.347325 0.798959
vt 0.347325 0.825195
vt 0.366890 0.819305
vt 0.364335 0.830131
vt 0.360108 0.847954
vt 0.594708 0.219465
vt 0.235360 0.211927
vt 0.233493 0.228111
vt 0.861617 0.439466
vt 0.861825 0.460619
vt 0.880034 0.464456
vt 0.247563 0.985749
vt 0.256053 0.969390
vt 0.260055 0.985749
vt 0.877590 0.458694
vt 0.875395 0.466958
vt 0.192788 0.179162
vt 0.179727 0.201760
vt 0.459610 0.262152
vt 0.458942 0.293772
vt 0.470177 0.276033
vt 0.381416 0.352000
vt 0.413375 0.381758
vt 0.413211 0.412252
vt 0.436966 0.298479
vt 0.436236 0.317404
vt 0.452502 0.332217
vt 0.849469 0.422558
vt 0.858859 0.423474
vt 0.847586 0.435315
vt 0.855126 0.342851
vt 0.855126 0.316709
vt 0.850412 0.319649
vt 0.858768 0.447555
vt 0.841619 0.319442
vt 0.842224 0.279864
vt 0.440694 0.208372
vt 0.967565 0.381845
vt 0.980640 0.363948
vt 0.975876 0.379567
vt 0.981626 0.381845
vt 0.441703 0.920066
vt 0.458154 0.929518
vt 0.441703 0.943022
vt 0.580680 0.919614
vt 0.001379 0.948894
vt 0.001379 0.968175
vt 0.008938 0.963179
vt 0.902203 0.032301
vt 0.891972 0.001379
vt 0.906189 0.001379
vt 0.415748 0.247128
vt 0.039588 0.967983
vt 0.044090 0.948716
vt 0.033916 0.948716
vt 0.404298 0.269517
vt 0.389428 0.167119
vt 0.183509 0.985702
vt 0.184608 0.969268
vt 0.172592 0.969268
vt 0.964957 0.462261
vt 0.974018 0.244787
vt 0.982009 0.254881
vt 0.974018 0.262601
vt 0.366852 0.177399
vt 0.903688 0.487967
vt 0.905304 0.494123
vt 0.897597 0.498647
vt 0.905304 0.518620
vt 0.472488 0.144537
vt 0.426266 0.103465
vt 0.985714 0.129671
vt 0.996672 0.126847
vt 0.985714 0.116567
vt 0.996697 0.118685
vt 0.933383 0.412244
vt 0.935695 0.424197
vt 0.941869 0.412244
vt 0.604718 0.128977
vt 0.599952 0.130513
vt 0.623768 0.137252
vt 0.633910 0.122531
vt 0.205547 0.859756
vt 0.203967 0.872625
vt 0.194394 0.854696
vt 0.193716 0.876044
vt 0.521698 0.222441
vt 0.205547 0.889740
vt 0.670654 0.985834
vt 0.657690 0.985834
vt 0.657861 0.968429
vt 0.474558 0.004608
vt 0.492002 0.011817
vt 0.493188 0.022214
vt 0.740428 0.207773
vt 0.507746 0.001555
vt 0.516466 0.025687
vt 0.532357 0.034220
vt 0.937146 0.509918
vt 0.953578 0.509918
vt 0.938528 0.487967
vt 0.601337 0.965761
vt 0.601337 0.945574
vt 0.583607 0.958842
vt 0.517445 0.003562
vt 0.356250 0.084797
vt 0.326977 0.099644
vt 0.543002 0.981823
vt 0.531736 0.985248
vt 0.537597 0.969840
vt 0.312569 0.102490
vt 0.912843 0.707542
vt 0.925047 0.713013
vt 0.912843 0.723166
vt 0.967931 0.881412
vt 0.984072 0.877501
vt 0.973379 0.893421
vt 0.723919 0.919173
vt 0.743567 0.919173
vt 0.735131 0.908260
vt 0.428053 0.886108
vt 0.438945 0.863386
vt 0.423451 0.871223
vt 0.423451 0.850050
vt 0.277140 0.122967
vt 0.304825 0.963653
vt 0.309470 0.960577
vt 0.304825 0.945965
vt 0.320343 0.133560
vt 0.957360 0.423968
vt 0.957360 0.411073
vt 0.953306 0.412179
vt 0.992182 0.020379
vt 0.983679 0.013097
vt 0.983679 0.027756
vt 0.948858 0.197917
vt 0.949436 0.207171
vt 0.946552 0.208283
vt 0.295578 0.146762
vt 0.251156 0.861549
vt 0.244749 0.866678
vt 0.246917 0.853415
vt 0.258834 0.861597
vt 0.657690 0.918888
vt 0.258834 0.888784
vt 0.144301 0.093594
vt 0.130075 0.870297
vt 0.117430 0.890505
vt 0.120842 0.865131
vt 0.170352 0.100534
vt 0.094206 0.180818
vt 0.103428 0.207745
vt 0.119329 0.202447
vt 0.118886 0.209244
vt 0.131024 0.199127
vt 0.925354 0.824807
vt 0.925354 0.798894
vt 0.917137 0.814628
vt 0.079339 0.215072
vt 0.894957 0.821070
vt 0.885952 0.817138
vt 0.894957 0.798894
vt 0.889998 0.830916
vt 0.049743 0.118000
vt 0.315445 0.856292
vt 0.315955 0.851349
vt 0.026102 0.043871
vt 0.891726 0.692619
vt 0.884493 0.694535
vt 0.884493 0.683958
vt 0.984554 0.808314
vt 0.987095 0.802704
vt 0.086925 0.098555
vt 0.072746 0.135947
vt 0.088714 0.122482
vt 0.546787 0.919687
vt 0.652754 0.237546
vt 0.665082 0.216619
vt 0.670855 0.207785
vt 0.355224 0.877437
vt 0.334885 0.881698
vt 0.334885 0.867139
vt 0.876387 0.874252
vt 0.428614 0.424225
vt 0.352072 0.886872
vt 0.280858 0.902966
vt 0.270279 0.891542
vt 0.270279 0.918689
vt 0.169271 0.947267
vt 0.169271 0.966776
vt 0.156505 0.954365
vt 0.205744 0.035323
vt 0.191362 0.025438
vt 0.206502 0.042037
vt 0.088684 0.945310
vt 0.088684 0.923015
vt 0.072896 0.935033
vt 0.199794 0.009703
vt 0.776186 0.839286
vt 0.994716 0.861256
vt 0.988236 0.873770
vt 0.986452 0.861256
vt 0.952406 0.877501
vt 0.952406 0.898768
vt 0.944705 0.894158
vt 0.157616 0.087239
vt 0.169654 0.084004
vt 0.117430 0.856509
vt 0.850549 0.522590
vt 0.851784 0.542104
vt 0.835012 0.544810
vt 0.940302 0.479815
vt 0.940302 0.455817
vt 0.928174 0.467825
vt 0.833723 0.550779
vt 0.834109 0.538665
vt 0.203707 0.114841
vt 0.224151 0.114982
vt 0.208650 0.127152
vt 0.183763 0.126935
vt 0.300932 0.891086
vt 0.300932 0.918697
vt 0.284731 0.912576
vt 0.287473 0.914861
vt 0.159260 0.152626
vt 0.248394 0.111131
vt 0.236782 0.120980
vt 0.233710 0.145421
vt 0.223699 0.159519
vt 0.862639 0.621900
vt 0.209595 0.060510
vt 0.205563 0.064480
vt 0.833723 0.502660
vt 0.846534 0.500694
vt 0.206442 0.076684
vt 0.186380 0.098042
vt 0.834391 0.485710
vt 0.261732 0.015712
vt 0.254723 0.011991
vt 0.781467 0.777283
vt 0.233917 0.025977
vt 0.776186 0.805161
vt 0.282119 0.044969
vt 0.961916 0.208283
vt 0.957415 0.201693
vt 0.961916 0.196902
vt 0.236267 0.966971
vt 0.289511 0.044364
vt 0.146062 0.142772
vt 0.149183 0.368210
vt 0.191882 0.361470
vt 0.184422 0.367981
vt 0.178168 0.361284
vt 0.883112 0.236906
vt 0.166762 0.274568
vt 0.177656 0.305869
vt 0.167064 0.269093
vt 0.358084 0.884771
vt 0.894587 0.359906
vt 0.886896 0.362765
vt 0.886896 0.330837
vt 0.135644 0.263505
vt 0.104492 0.299330
vt 0.111390 0.278859
vt 0.128142 0.286963
vt 0.119455 0.276738
vt 0.833728 0.743759
vt 0.840134 0.744505
vt 0.111328 0.273776
vt 0.125241 0.269482
vt 0.840327 0.736400
vt 0.689047 0.968941
vt 0.699642 0.973103
vt 0.689047 0.985281
vt 0.178130 0.944275
vt 0.189079 0.944601
vt 0.702499 0.968686
vt 0.138519 0.316872
vt 0.854542 0.501672
vt 0.864916 0.494110
vt 0.864916 0.527881
vt 0.136423 0.284689
vt 0.249545 0.440579
vt 0.253146 0.417222
vt 0.262024 0.430850
vt 0.262536 0.426621
vt 0.278852 0.402163
vt 0.293109 0.415459
vt 0.797281 0.381262
vt 0.801148 0.377054
vt 0.797281 0.371616
vt 0.606081 0.942815
vt 0.593809 0.923082
vt 0.597750 0.919566
vt 0.583607 0.942815
vt 0.586588 0.921999
vt 0.945416 0.148551
vt 0.957990 0.138703
vt 0.941820 0.135929
vt 0.260846 0.347799
vt 0.954775 0.808906
vt 0.964027 0.820311
vt 0.964027 0.800863
vt 0.296036 0.366051
vt 0.990650 0.033044
vt 0.981257 0.047733
vt 0.994391 0.047733
vt 0.758692 0.478008
vt 0.756536 0.475985
vt 0.758692 0.458668
vt 0.300048 0.315811
vt 0.308105 0.297531
vt 0.321073 0.325321
vt 0.284145 0.337340
vt 0.268791 0.280352
vt 0.883194 0.837929
vt 0.282662 0.216043
vt 0.253898 0.206705
vt 0.264505 0.196402
vt 0.249124 0.213359
vt 0.314067 0.200762
vt 0.353994 0.291663
vt 0.328949 0.304263
vt 0.351836 0.257365
vt 0.318986 0.278685
vt 0.597271 0.816632
vt 0.586913 0.822708
vt 0.181754 0.548779
vt 0.165169 0.549751
vt 0.175725 0.518402
vt 0.583607 0.798959
vt 0.640022 0.828108
vt 0.278937 0.971990
vt 0.267460 0.985744
vt 0.267460 0.969304
vt 0.057915 0.931335
vt 0.068070 0.922712
vt 0.067671 0.938175
vt 0.336714 0.446797
vt 0.644132 0.843400
vt 0.314321 0.917586
vt 0.327294 0.889849
vt 0.313101 0.889849
vt 0.195852 0.526553
vt 0.057646 0.367354
vt 0.708171 0.965431
vt 0.719982 0.956694
vt 0.708171 0.944710
vt 0.719416 0.950313
vt 0.937537 0.249319
vt 0.896850 0.167272
vt 0.132527 0.216477
vt 0.933951 0.264944
vt 0.888011 0.135929
vt 0.130849 0.183913
vt 0.870884 0.279864
vt 0.900413 0.309211
vt 0.889671 0.311349
vt 0.895923 0.290333
vt 0.045474 0.278141
vt 0.972028 0.700959
vt 0.966610 0.716190
vt 0.972028 0.719499
vt 0.092988 0.461569
vt 0.106256 0.455056
vt 0.118894 0.392596
vt 0.105392 0.879437
vt 0.092690 0.891095
vt 0.886111 0.879980
vt 0.879145 0.894472
vt 0.887519 0.889082
vt 0.382968 0.956410
vt 0.370584 0.965895
vt 0.382204 0.946217
vt 0.370584 0.949048
vt 0.887519 0.908748
vt 0.893275 0.996013
vt 0.882239 0.982903
vt 0.894859 0.982903
vt 0.968429 0.538304
vt 0.985080 0.538304
vt 0.971377 0.544917
vt 0.686170 0.463298
vt 0.700915 0.455793
vt 0.977796 0.555855
vt 0.799784 0.553014
vt 0.807768 0.537583
vt 0.807768 0.574079
vt 0.688341 0.462946
vt 0.031108 0.462926
vt 0.045465 0.461533
vt 0.816642 0.958475
vt 0.816642 0.975265
vt 0.806896 0.960997
vt 0.800851 0.977007
vt 0.125888 0.428787
vt 0.681062 0.842642
vt 0.677679 0.842963
vt 0.681062 0.865546
vt 0.990422 0.736823
vt 0.990422 0.722257
vt 0.984718 0.730247
vt 0.531736 0.929236
vt 0.543436 0.920040
vt 0.543436 0.943150
vt 0.933638 0.648864
vt 0.944489 0.648864
vt 0.939361 0.671807
vt 0.832305 0.179088
vt 0.107422 0.444780
vt 0.952323 0.427034
vt 0.962564 0.432662
vt 0.952323 0.447870
vt 0.681135 0.871397
vt 0.677679 0.868304
vt 0.677679 0.884327
vt 0.583607 0.884730
vt 0.597457 0.868605
vt 0.584486 0.863906
vt 0.595362 0.885662
vt 0.078883 0.478129
vt 0.067790 0.489626
vt 0.071369 0.467896
vt 0.600029 0.810142
vt 0.613756 0.829491
vt 0.613756 0.798959
vt 0.604323 0.825839
vt 0.607599 0.832788
vt 0.611865 0.845213
vt 0.055349 0.565797
vt 0.039551 0.568000
vt 0.648788 0.945361
vt 0.941143 0.118007
vt 0.948182 0.133120
vt 0.948182 0.112905
vt 0.616026 0.919564
vt 0.616026 0.942426
vt 0.609121 0.931599
vt 0.059027 0.468958
vt 0.853142 0.736400
vt 0.060941 0.555257
vt 0.515756 0.875805
vt 0.528683 0.882568
vt 0.528683 0.849239
vt 0.515230 0.886347
vt 0.091658 0.573207
vt 0.877607 0.705089
vt 0.868932 0.708827
vt 0.877607 0.730734
vt 0.874174 0.691208
vt 0.756253 0.885441
vt 0.766296 0.876518
vt 0.746400 0.869357
vt 0.754934 0.899549
vt 0.099124 0.645303
vt 0.729568 0.969467
vt 0.729568 0.985532
vt 0.745532 0.971533
vt 0.625589 0.952262
vt 0.609121 0.965798
vt 0.609121 0.945185
vt 0.052415 0.611631
vt 0.069367 0.615018
vt 0.857594 0.965757
vt 0.986592 0.650845
vt 0.766296 0.901563
vt 0.617696 0.526534
vt 0.955991 0.700959
vt 0.955991 0.721353
vt 0.963851 0.712513
vt 0.969769 0.768696
vt 0.969769 0.787630
vt 0.964012 0.784794
vt 0.936974 0.311866
vt 0.943059 0.310099
vt 0.943059 0.332742
vt 0.598068 0.407440
vt 0.515407 0.435137
vt 0.505907 0.812691
vt 0.509318 0.813705
vt 0.512472 0.798959
vt 0.512472 0.846702
vt 0.489026 0.420355
vt 0.536609 0.831143
vt 0.543466 0.829660
vt 0.544029 0.846416
vt 0.544029 0.798959
vt 0.481903 0.453259
vt 0.677679 0.821585
vt 0.684950 0.817350
vt 0.677679 0.798960
vt 0.681848 0.839883
vt 0.965167 0.106589
vt 0.977242 0.106589
vt 0.972218 0.088206
vt 0.596063 0.350644
vt 0.555625 0.348611
vt 0.753061 0.978484
vt 0.765768 0.993626
vt 0.767624 0.978484
vt 0.419909 0.886407
vt 0.769662 0.736649
vt 0.576917 0.314116
vt 0.474008 0.315415
vt 0.452166 0.331114
vt 0.476401 0.278293
vt 0.478277 0.274988
vt 0.544029 0.886442
vt 0.532390 0.865199
vt 0.544029 0.861146
vt 0.534626 0.861778
vt 0.920606 0.673714
vt 0.487383 0.890971
vt 0.466421 0.965708
vt 0.466421 0.945840
vt 0.479033 0.949286
vt 0.496796 0.328158
vt 0.182660 0.585597
vt 0.188433 0.588989
vt 0.238686 0.850923
vt 0.231249 0.821067
vt 0.241991 0.818803
vt 0.241634 0.826164
vt 0.165554 0.519151
vt 0.156670 0.525642
vt 0.231249 0.798959
vt 0.175882 0.497257
vt 0.715696 0.886512
vt 0.154900 0.617367
vt 0.163962 0.645313
vt 0.917939 0.487967
vt 0.908063 0.503552
vt 0.917939 0.506384
vt 0.288250 0.644196
vt 0.283970 0.660975
vt 0.274381 0.640833
vt 0.895231 0.715421
vt 0.910085 0.708327
vt 0.907845 0.697355
vt 0.235915 0.542998
vt 0.231005 0.564686
vt 0.910085 0.727991
vt 0.210936 0.813751
vt 0.280448 0.538763
vt 0.193716 0.828071
vt 0.859086 0.648864
vt 0.175496 0.602073
vt 0.917600 0.305408
vt 0.917600 0.279864
vt 0.925702 0.283609
vt 0.172592 0.951002
vt 0.189079 0.947359
vt 0.189079 0.966510
vt 0.215671 0.394344
vt 0.232058 0.396876
vt 0.235199 0.447022
vt 0.209326 0.590395
vt 0.163820 0.483337
vt 0.192481 0.495246
vt 0.188927 0.473571
vt 0.209246 0.476004
vt 0.919723 0.264944
vt 0.931193 0.254926
vt 0.919723 0.239664
vt 0.361648 0.656062
vt 0.382790 0.660781
vt 0.362597 0.671197
vt 0.249059 0.586117
vt 0.242810 0.609540
vt 0.266684 0.595217
vt 0.242366 0.612442
vt 0.568251 0.968769
vt 0.578858 0.971326
vt 0.568251 0.985315
vt 0.962946 0.173146
vt 0.962946 0.193782
vt 0.955108 0.177349
vt 0.869387 0.362765
vt 0.869387 0.330818
vt 0.884138 0.338539
vt 0.292352 0.620202
vt 0.318375 0.636141
vt 0.877298 0.323791
vt 0.288661 0.578861
vt 0.837623 0.480326
vt 0.853343 0.473834
vt 0.846026 0.464283
vt 0.852324 0.482752
vt 0.298138 0.596684
vt 0.422668 0.818001
vt 0.432679 0.813774
vt 0.423331 0.801039
vt 0.277495 0.578245
vt 0.438945 0.818304
vt 0.438669 0.847292
vt 0.223874 0.963522
vt 0.214387 0.951674
vt 0.227892 0.947237
vt 0.227892 0.966749
vt 0.775464 0.937293
vt 0.891205 0.783834
vt 0.884090 0.796111
vt 0.898740 0.782936
vt 0.898561 0.783701
vt 0.527716 0.521626
vt 0.532984 0.539713
vt 0.444768 0.475354
vt 0.955164 0.885959
vt 0.965172 0.877501
vt 0.965172 0.897963
vt 0.441923 0.685681
vt 0.416506 0.658865
vt 0.450408 0.662014
vt 0.434443 0.694787
vt 0.384867 0.700936
vt 0.386183 0.721254
vt 0.402732 0.712489
vt 0.379258 0.712409
vt 0.426185 0.746467
vt 0.450147 0.746427
vt 0.420230 0.746765
vt 0.156505 0.873504
vt 0.474483 0.754758
vt 0.456150 0.733970
vt 0.446788 0.693143
vt 0.461703 0.710016
vt 0.365786 0.953525
vt 0.366861 0.945524
vt 0.358444 0.945993
vt 0.446796 0.726169
vt 0.171541 0.855222
vt 0.845993 0.717010
vt 0.848070 0.693157
vt 0.836301 0.693654
vt 0.411112 0.735436
vt 0.468031 0.682341
vt 0.555071 0.601465
vt 0.534971 0.576957
vt 0.533488 0.826539
vt 0.533850 0.832556
vt 0.526751 0.832727
vt 0.487038 0.644452
vt 0.514800 0.663462
vt 0.481012 0.646381
vt 0.512930 0.623760
vt 0.536128 0.642188
vt 0.692514 0.822686
vt 0.971917 0.518898
vt 0.578082 0.729118
vt 0.629018 0.737237
vt 0.015236 0.883258
vt 0.001379 0.892424
vt 0.001379 0.877689
vt 0.002696 0.867838
vt 0.009658 0.859731
vt 0.867674 0.501032
vt 0.880953 0.508068
vt 0.879648 0.487967
vt 0.608668 0.716122
vt 0.877486 0.310795
vt 0.886706 0.315238
vt 0.591480 0.696956
vt 0.640476 0.604135
vt 0.930099 0.385641
vt 0.931326 0.401064
vt 0.938093 0.401720
vt 0.930099 0.409486
vt 0.623068 0.614347
vt 0.627170 0.624663
vt 0.628512 0.638161
vt 0.586553 0.625932
vt 0.984728 0.630706
vt 0.993546 0.630706
vt 0.992412 0.616468
vt 0.583436 0.609203
vt 0.914672 0.163979
vt 0.906254 0.164421
vt 0.906254 0.135929
vt 0.841868 0.923745
vt 0.841868 0.946229
vt 0.851308 0.942740
vt 0.556469 0.848416
vt 0.559606 0.862896
vt 0.550087 0.853033
vt 0.661400 0.632667
vt 0.472701 0.782350
vt 0.088571 0.977799
vt 0.076845 0.981374
vt 0.076845 0.969825
vt 0.079431 0.985759
vt 0.525324 0.846381
vt 0.523161 0.604056
vt 0.496005 0.618847
vt 0.501167 0.590774
vt 0.523061 0.713800
vt 0.574426 0.669898
vt 0.551553 0.667654
vt 0.575604 0.652724
vt 0.541425 0.679787
vt 0.546698 0.672811
vt 0.526444 0.670109
vt 0.534014 0.745355
vt 0.103053 0.973234
vt 0.115322 0.969816
vt 0.115322 0.985738
vt 0.540134 0.738998
vt 0.444968 0.879648
vt 0.457724 0.879984
vt 0.907566 0.431476
vt 0.898740 0.434618
vt 0.907566 0.457236
vt 0.402705 0.508382
vt 0.901050 0.427034
vt 0.814394 0.186798
vt 0.803864 0.191159
vt 0.802230 0.180098
vt 0.340471 0.550565
vt 0.352170 0.496983
vt 0.815157 0.192894
vt 0.815157 0.182997
vt 0.866929 0.804844
vt 0.287522 0.969470
vt 0.298844 0.977348
vt 0.287522 0.985684
vt 0.975975 0.276998
vt 0.964486 0.276998
vt 0.971694 0.265360
vt 0.056637 0.981433
vt 0.068070 0.969831
vt 0.068070 0.985692
vt 0.855160 0.798894
vt 0.043951 0.650254
vt 0.056604 0.643526
vt 0.145869 0.755171
vt 0.086597 0.915086
vt 0.855049 0.615448
vt 0.858633 0.614723
vt 0.852989 0.609393
vt 0.862787 0.619142
vt 0.031307 0.772700
vt 0.042678 0.775362
vt 0.950097 0.420663
vt 0.944627 0.412244
vt 0.944627 0.424173
vt 0.939882 0.069343
vt 0.924662 0.083524
vt 0.924662 0.059492
vt 0.097157 0.761289
vt 0.001379 0.923930
vt 0.001379 0.946136
vt 0.012496 0.936409
vt 0.085172 0.748109
vt 0.088778 0.763614
vt 0.241690 0.934353
vt 0.236246 0.921089
vt 0.236246 0.942839
vt 0.621393 0.884354
vt 0.633005 0.881920
vt 0.630306 0.866211
vt 0.325340 0.968528
vt 0.335841 0.968528
vt 0.327420 0.985805
vt 0.080654 0.742819
vt 0.045377 0.710586
vt 0.035470 0.721615
vt 0.007930 0.712199
vt 0.024198 0.766100
vt 0.859184 0.607650
vt 0.862787 0.576837
vt 0.978627 0.487967
vt 0.964315 0.502408
vt 0.978627 0.506410
vt 0.815914 0.875829
vt 0.819188 0.872413
vt 0.819188 0.891715
vt 0.089237 0.690661
vt 0.160268 0.710255
vt 0.222332 0.713116
vt 0.156505 0.939976
vt 0.156505 0.922017
vt 0.168120 0.944509
vt 0.195807 0.711621
vt 0.282804 0.713129
vt 0.873479 0.255095
vt 0.859745 0.261385
vt 0.862619 0.239664
vt 0.868824 0.255223
vt 0.611784 0.082011
vt 0.597482 0.067867
vt 0.803907 0.381257
vt 0.809547 0.375388
vt 0.809547 0.381262
vt 0.903388 0.531249
vt 0.903388 0.521379
vt 0.897958 0.529038
vt 0.591835 0.077147
vt 0.897597 0.528993
vt 0.929950 0.965018
vt 0.927419 0.978401
vt 0.944193 0.969915
vt 0.927419 0.960016
vt 0.663226 0.019266
vt 0.457565 0.945840
vt 0.463662 0.954159
vt 0.457565 0.965269
vt 0.944516 0.843373
vt 0.639948 0.011559
vt 0.876237 0.276582
vt 0.876237 0.239664
vt 0.886113 0.261730
vt 0.653570 0.021663
vt 0.864944 0.424276
vt 0.876082 0.411488
vt 0.882793 0.465908
vt 0.894808 0.473303
vt 0.893554 0.481339
vt 0.887694 0.478285
vt 0.894955 0.462443
vt 0.598324 0.175306
vt 0.985992 0.582520
vt 0.988939 0.595369
vt 0.998621 0.582520
vt 0.596652 0.189177
vt 0.587531 0.192529
vt 0.735918 0.818783
vt 0.723919 0.822863
vt 0.734670 0.809747
vt 0.735918 0.853274
vt 0.615227 0.241052
vt 0.623771 0.248007
vt 0.904123 0.404261
vt 0.904377 0.414892
vt 0.507579 0.905044
vt 0.502316 0.897048
vt 0.502316 0.917024
vt 0.222805 0.234782
vt 0.236390 0.249049
vt 0.879322 0.452559
vt 0.181284 0.251746
vt 0.186047 0.247669
vt 0.179857 0.247488
vt 0.928403 0.625248
vt 0.919179 0.612870
vt 0.919179 0.638282
vt 0.219029 0.171934
vt 0.190745 0.170773
vt 0.394580 0.917169
vt 0.398598 0.889166
vt 0.407227 0.917169
vt 0.238382 0.194464
vt 0.475954 0.262398
vt 0.534602 0.849174
vt 0.404753 0.339624
vt 0.911686 0.917982
vt 0.924661 0.908654
vt 0.924661 0.933431
vt 0.854067 0.923745
vt 0.854067 0.936247
vt 0.857392 0.928220
vt 0.906200 0.914600
vt 0.406714 0.333505
vt 0.425337 0.372507
vt 0.412503 0.340833
vt 0.449881 0.301630
vt 0.894838 0.498655
vt 0.394580 0.940053
vt 0.408140 0.931690
vt 0.394580 0.919927
vt 0.418708 0.333859
vt 0.413208 0.943045
vt 0.757978 0.421359
vt 0.757151 0.455909
vt 0.756536 0.421359
vt 0.196771 0.954886
vt 0.194470 0.947218
vt 0.210470 0.954861
vt 0.194470 0.966666
vt 0.614018 0.123574
vt 0.884340 0.131576
vt 0.451297 0.015511
vt 0.450884 0.007213
vt 0.459847 0.004932
vt 0.724032 0.231446
vt 0.857394 0.915919
vt 0.890567 0.738904
vt 0.899722 0.737610
vt 0.887236 0.757615
vt 0.899722 0.768599
vt 0.467845 0.039278
vt 0.466341 0.036527
vt 0.884090 0.736400
vt 0.310343 0.853026
vt 0.305245 0.856790
vt 0.310343 0.879864
vt 0.902481 0.796110
vt 0.917989 0.796110
vt 0.913567 0.768696
vt 0.543247 0.968701
vt 0.317691 0.111581
vt 0.317102 0.130729
vt 0.309876 0.140591
vt 0.300540 0.144691
vt 0.309315 0.914758
vt 0.303691 0.911562
vt 0.309315 0.891086
vt 0.095231 0.183258
vt 0.887636 0.037593
vt 0.882161 0.041688
vt 0.887636 0.050050
vt 0.867046 0.192199
vt 0.872717 0.192877
vt 0.872717 0.174695
vt 0.860655 0.175714
vt 0.092307 0.118880
vt 0.101020 0.122860
vt 0.111810 0.117302
vt 0.373271 0.931275
vt 0.192322 0.044052
vt 0.839764 0.523586
vt 0.497946 0.930456
vt 0.507111 0.920005
vt 0.507111 0.942958
vt 0.487383 0.922567
vt 0.227080 0.122687
vt 0.366861 0.917353
vt 0.352355 0.899332
vt 0.366861 0.889630
vt 0.969726 0.695264
vt 0.974591 0.676512
vt 0.963156 0.676512
vt 0.192289 0.140002
vt 0.188900 0.119214
vt 0.180254 0.165528
vt 0.724881 0.909349
vt 0.736285 0.900786
vt 0.726425 0.892657
vt 0.260220 0.114366
vt 0.300932 0.921456
vt 0.984072 0.895101
vt 0.248702 0.148932
vt 0.237072 0.028212
vt 0.791625 0.801828
vt 0.652242 0.942602
vt 0.636606 0.942602
vt 0.156877 0.149935
vt 0.485532 0.824550
vt 0.503148 0.832921
vt 0.485532 0.846392
vt 0.163832 0.366070
vt 0.146637 0.365403
vt 0.861659 0.711834
vt 0.856997 0.709145
vt 0.850828 0.733570
vt 0.850828 0.694303
vt 0.253684 0.850656
vt 0.244749 0.837492
vt 0.259592 0.821636
vt 0.898651 0.055160
vt 0.908051 0.069187
vt 0.898651 0.085448
vt 0.244749 0.798959
vt 0.207733 0.352559
vt 0.241367 0.334544
vt 0.026340 0.970647
vt 0.031136 0.977664
vt 0.026340 0.984362
vt 0.907587 0.834320
vt 0.903807 0.831703
vt 0.903807 0.839799
vt 0.172183 0.323541
vt 0.185033 0.320069
vt 0.033916 0.970741
vt 0.044999 0.977239
vt 0.033916 0.986257
vt 0.170834 0.308209
vt 0.997487 0.829473
vt 0.997487 0.841983
vt 0.986423 0.840736
vt 0.974939 0.169828
vt 0.979336 0.161910
vt 0.974939 0.158694
vt 0.178300 0.253343
vt 0.867149 0.459899
vt 0.771925 0.357854
vt 0.769120 0.349620
vt 0.769120 0.361550
vt 0.330852 0.872070
vt 0.327645 0.873714
vt 0.327645 0.851348
vt 0.133807 0.266691
vt 0.838047 0.767264
vt 0.088549 0.294776
vt 0.125776 0.277806
vt 0.916150 0.736952
vt 0.925046 0.737296
vt 0.923105 0.731194
vt 0.916150 0.725967
vt 0.155602 0.317881
vt 0.166133 0.335780
vt 0.861472 0.485710
vt 0.266380 0.493891
vt 0.283856 0.478705
vt 0.266287 0.476795
vt 0.237500 0.367236
vt 0.256328 0.349685
vt 0.464534 0.846699
vt 0.241232 0.328116
vt 0.252694 0.326748
vt 0.957990 0.157334
vt 0.959759 0.821500
vt 0.684619 0.985769
vt 0.685921 0.968429
vt 0.673413 0.968429
vt 0.258648 0.343996
vt 0.265806 0.334556
vt 0.948148 0.768696
vt 0.948148 0.789556
vt 0.961254 0.770427
vt 0.772108 0.315091
vt 0.772108 0.330961
vt 0.769120 0.317278
vt 0.291942 0.360953
vt 0.965705 0.196534
vt 0.976752 0.208326
vt 0.976752 0.193964
vt 0.316387 0.320091
vt 0.954775 0.824259
vt 0.954775 0.840403
vt 0.962195 0.835106
vt 0.269851 0.337365
vt 0.864260 0.474780
vt 0.856101 0.482752
vt 0.856101 0.469779
vt 0.130075 0.922169
vt 0.118081 0.939424
vt 0.125633 0.937961
vt 0.130075 0.944701
vt 0.975441 0.128753
vt 0.963936 0.113966
vt 0.963936 0.132659
vt 0.282605 0.290317
vt 0.985639 0.426461
vt 0.990698 0.411200
vt 0.979879 0.411200
vt 0.280712 0.229385
vt 0.199390 0.969848
vt 0.210470 0.969424
vt 0.199961 0.985790
vt 0.341628 0.286809
vt 0.353542 0.239452
vt 0.347023 0.233706
vt 0.332819 0.264585
vt 0.951167 0.908654
vt 0.951167 0.929467
vt 0.962243 0.914155
vt 0.068070 0.945331
vt 0.637130 0.832544
vt 0.309023 0.447228
vt 0.315173 0.435876
vt 0.321866 0.438891
vt 0.910810 0.076988
vt 0.921903 0.085448
vt 0.921903 0.059492
vt 0.769120 0.277356
vt 0.772099 0.274105
vt 0.772099 0.292501
vt 0.339774 0.472696
vt 0.965322 0.421622
vt 0.977121 0.426522
vt 0.977121 0.411200
vt 0.330080 0.476593
vt 0.315279 0.476675
vt 0.344531 0.489050
vt 0.324440 0.457776
vt 0.300733 0.465880
vt 0.211252 0.511226
vt 0.918248 0.957802
vt 0.897788 0.957802
vt 0.910584 0.936295
vt 0.156776 0.156476
vt 0.499001 0.817566
vt 0.499825 0.825016
vt 0.086421 0.448135
vt 0.068963 0.447472
vt 0.597018 0.863609
vt 0.105376 0.475539
vt 0.109869 0.456562
vt 0.583607 0.853650
vt 0.593721 0.848007
vt 0.351495 0.968662
vt 0.346284 0.971333
vt 0.355413 0.985220
vt 0.073164 0.476801
vt 0.339414 0.985220
vt 0.613653 0.523462
vt 0.611427 0.507040
vt 0.132728 0.985874
vt 0.122821 0.974780
vt 0.126222 0.983889
vt 0.132728 0.969368
vt 0.941320 0.827565
vt 0.932807 0.831113
vt 0.941320 0.840274
vt 0.610387 0.507013
vt 0.598189 0.402802
vt 0.953306 0.398818
vt 0.963119 0.408315
vt 0.963119 0.387492
vt 0.901049 0.834978
vt 0.897715 0.831703
vt 0.897715 0.840274
vt 0.169504 0.902808
vt 0.156505 0.892293
vt 0.156505 0.919259
vt 0.478634 0.447310
vt 0.618458 0.353029
vt 0.233278 0.921938
vt 0.233278 0.944479
vt 0.214387 0.943807
vt 0.954373 0.642267
vt 0.963168 0.648062
vt 0.963168 0.636333
vt 0.556962 0.352516
vt 0.874393 0.048617
vt 0.863841 0.045002
vt 0.241690 0.891352
vt 0.231691 0.893398
vt 0.241690 0.918331
vt 0.944661 0.578528
vt 0.954477 0.566496
vt 0.944661 0.562438
vt 0.541580 0.337009
vt 0.586156 0.319730
vt 0.485490 0.333354
vt 0.359683 0.932335
vt 0.366861 0.920112
vt 0.366861 0.942766
vt 0.876387 0.918677
vt 0.876387 0.942624
vt 0.870799 0.926141
vt 0.963844 0.951436
vt 0.974872 0.935685
vt 0.974872 0.954424
vt 0.044746 0.882117
vt 0.030595 0.857753
vt 0.030595 0.891427
vt 0.501389 0.329852
vt 0.903442 0.908313
vt 0.890347 0.896299
vt 0.903442 0.877501
vt 0.919004 0.424104
vt 0.930625 0.424104
vt 0.927478 0.412244
vt 0.156469 0.628621
vt 0.052447 0.885513
vt 0.048193 0.890306
vt 0.048193 0.883361
vt 0.163482 0.634020
vt 0.909756 0.515314
vt 0.165402 0.634135
vt 0.269004 0.657634
vt 0.262693 0.648213
vt 0.959988 0.533579
vt 0.253920 0.666176
vt 0.302930 0.690843
vt 0.293024 0.654798
vt 0.316004 0.647203
vt 0.257172 0.926853
vt 0.244749 0.921401
vt 0.244749 0.944345
vt 0.882161 0.052808
vt 0.882161 0.076447
vt 0.895892 0.071821
vt 0.280633 0.542794
vt 0.886754 0.085448
vt 0.894735 0.082941
vt 0.214173 0.685403
vt 0.218304 0.682959
vt 0.231408 0.695956
vt 0.236433 0.413090
vt 0.245094 0.405982
vt 0.956041 0.332742
vt 0.229121 0.426226
vt 0.917430 0.161458
vt 0.929080 0.149500
vt 0.917430 0.135929
vt 0.228152 0.460834
vt 0.236948 0.460621
vt 0.242567 0.448186
vt 0.193529 0.598264
vt 0.185773 0.593262
vt 0.184830 0.610070
vt 0.194082 0.607181
vt 0.195073 0.586528
vt 0.990617 0.381845
vt 0.990617 0.367200
vt 0.984385 0.369663
vt 0.182077 0.496250
vt 0.353448 0.681683
vt 0.350517 0.633991
vt 0.341610 0.656366
vt 0.327634 0.647697
vt 0.229548 0.576493
vt 0.239883 0.565172
vt 0.108097 0.951209
vt 0.115322 0.967058
vt 0.115322 0.947570
vt 0.278639 0.628943
vt 0.260334 0.616958
vt 0.965002 0.908654
vt 0.975114 0.924212
vt 0.965002 0.927139
vt 0.244302 0.627453
vt 0.994602 0.408315
vt 0.989072 0.394757
vt 0.981309 0.408315
vt 0.323773 0.616332
vt 0.312779 0.619231
vt 0.320044 0.618563
vt 0.324732 0.623243
vt 0.105594 0.936178
vt 0.115322 0.944812
vt 0.115322 0.922169
vt 0.993857 0.393636
vt 0.772369 0.915309
vt 0.772369 0.928166
vt 0.769247 0.919113
vt 0.843537 0.469668
vt 0.847002 0.466783
vt 0.982701 0.565893
vt 0.968429 0.558613
vt 0.968429 0.576246
vt 0.298154 0.595209
vt 0.837623 0.450313
vt 0.538628 0.521008
vt 0.772711 0.808070
vt 0.767304 0.810625
vt 0.771813 0.781830
vt 0.444240 0.474754
vt 0.772207 0.223508
vt 0.769120 0.224626
vt 0.772207 0.247655
vt 0.414046 0.468377
vt 0.938631 0.765033
vt 0.928819 0.765938
vt 0.941618 0.759668
vt 0.757664 0.533092
vt 0.756536 0.530022
vt 0.757664 0.519774
vt 0.746401 0.866599
vt 0.764546 0.844345
vt 0.748757 0.845511
vt 0.384364 0.653281
vt 0.746401 0.823951
vt 0.404282 0.667701
vt 0.071876 0.948068
vt 0.071876 0.963982
vt 0.088684 0.967067
vt 0.777612 0.903795
vt 0.795421 0.911195
vt 0.795421 0.887059
vt 0.480527 0.744612
vt 0.775464 0.915949
vt 0.438147 0.705141
vt 0.358444 0.965625
vt 0.449273 0.721283
vt 0.441855 0.719197
vt 0.467140 0.663619
vt 0.921644 0.433013
vt 0.910324 0.448277
vt 0.920012 0.453059
vt 0.910324 0.427034
vt 0.461953 0.675092
vt 0.941999 0.685035
vt 0.933639 0.694323
vt 0.933639 0.674566
vt 0.503610 0.586545
vt 0.504626 0.570356
vt 0.523175 0.585364
vt 0.872779 0.669393
vt 0.868932 0.688450
vt 0.881734 0.671470
vt 0.526239 0.558263
vt 0.321903 0.935565
vt 0.960667 0.243928
vt 0.961727 0.264944
vt 0.944185 0.264944
vt 0.536391 0.601130
vt 0.548316 0.628817
vt 0.449143 0.546147
vt 0.597913 0.692323
vt 0.867674 0.527881
vt 0.649741 0.598642
vt 0.564029 0.873595
vt 0.546787 0.875975
vt 0.564029 0.885878
vt 0.649824 0.607591
vt 0.556740 0.869517
vt 0.885871 0.191444
vt 0.901089 0.182839
vt 0.891789 0.199125
vt 0.610812 0.632176
vt 0.547116 0.869774
vt 0.659999 0.619719
vt 0.901089 0.202055
vt 0.674216 0.638409
vt 0.085848 0.948954
vt 0.083694 0.961865
vt 0.446670 0.570551
vt 0.460758 0.547926
vt 0.488764 0.639775
vt 0.525324 0.825086
vt 0.527582 0.798959
vt 0.048321 0.943815
vt 0.055157 0.931201
vt 0.048321 0.922712
vt 0.923134 0.468932
vt 0.910324 0.481040
vt 0.925416 0.481583
vt 0.511147 0.673914
vt 0.991870 0.437534
vt 0.985559 0.442687
vt 0.985559 0.429281
vt 0.539377 0.667688
vt 0.186275 0.866468
vt 0.178345 0.854870
vt 0.174952 0.882810
vt 0.560444 0.661174
vt 0.567146 0.641338
vt 0.548937 0.645855
vt 0.315824 0.531735
vt 0.327088 0.555552
vt 0.302035 0.882777
vt 0.295635 0.885954
vt 0.982956 0.124557
vt 0.978200 0.129671
vt 0.978200 0.113966
vt 0.616514 0.866712
vt 0.633005 0.859134
vt 0.095421 0.743149
vt 0.619893 0.846529
vt 0.188532 0.907730
vt 0.174952 0.917774
vt 0.174952 0.892219
vt 0.038842 0.717505
vt 0.063221 0.726316
vt 0.217071 0.712756
vt 0.908019 0.133162
vt 0.914017 0.126216
vt 0.908019 0.118809
vt 0.213694 0.836922
vt 0.169656 0.933842
vt 0.944320 0.351074
vt 0.934172 0.347320
vt 0.944667 0.338316
vt 0.944667 0.349951
vt 0.871209 0.410140
vt 0.303952 0.798959
vt 0.310343 0.814395
vt 0.303952 0.850268
vt 0.813683 0.308556
vt 0.804948 0.360048
vt 0.813683 0.372075
vt 0.799310 0.222072
vt 0.797458 0.368857
vt 0.797281 0.195652
vt 0.802189 0.285501
vt 0.641259 0.130343
vt 0.882823 0.483324
vt 0.651161 0.119640
vt 0.641128 0.118684
vt 0.642358 0.109103
vt 0.915928 0.994563
vt 0.926972 0.994563
vt 0.920960 0.981250
vt 0.751079 0.935811
vt 0.747419 0.934712
vt 0.751079 0.922072
vt 0.225003 0.237372
vt 0.950019 0.935685
vt 0.961085 0.947688
vt 0.950019 0.956632
vt 0.511631 0.904815
vt 0.509757 0.889052
vt 0.873515 0.441117
vt 0.197286 0.236048
vt 0.441703 0.965944
vt 0.454122 0.954378
vt 0.441703 0.945781
vt 0.880034 0.427034
vt 0.221584 0.200552
vt 0.251952 0.174682
vt 0.236032 0.177629
vt 0.616514 0.843771
vt 0.435955 0.396066
vt 0.350105 0.851304
vt 0.464534 0.917322
vt 0.464534 0.889067
vt 0.475306 0.903355
vt 0.407179 0.375421
vt 0.047505 0.867674
vt 0.052447 0.857753
vt 0.052447 0.880603
vt 0.410665 0.326267
vt 0.195277 0.955456
vt 0.943290 0.196541
vt 0.543247 0.982639
vt 0.954657 0.196541
vt 0.326647 0.105255
vt 0.989991 0.262601
vt 0.989991 0.248262
vt 0.984767 0.250457
vt 0.921967 0.697355
vt 0.092251 0.119214
vt 0.375008 0.940144
vt 0.370584 0.943458
vt 0.568251 0.945647
vt 0.574157 0.966011
vt 0.580680 0.945647
vt 0.184604 0.093689
vt 0.184203 0.074412
vt 0.568619 0.870572
vt 0.577161 0.862467
vt 0.571944 0.885620
vt 0.567390 0.848157
vt 0.567390 0.871327
vt 0.184686 0.106468
vt 0.253454 0.161433
vt 0.986311 0.950636
vt 0.986311 0.938011
vt 0.995782 0.945050
vt 0.913635 0.322944
vt 0.908490 0.333202
vt 0.908490 0.311841
vt 0.971259 0.254350
vt 0.964486 0.243928
vt 0.964486 0.262601
vt 0.986895 0.678678
vt 0.986895 0.667137
vt 0.998281 0.675140
vt 0.978733 0.265471
vt 0.984719 0.271879
vt 0.988715 0.265360
vt 0.978733 0.276998
vt 0.192963 0.357746
vt 0.772145 0.296156
vt 0.769120 0.295259
vt 0.769120 0.312332
vt 0.054188 0.958256
vt 0.051610 0.967073
vt 0.058680 0.956235
vt 0.062284 0.955094
vt 0.068070 0.967073
vt 0.057520 0.948089
vt 0.983341 0.331701
vt 0.976333 0.323636
vt 0.983341 0.313972
vt 0.090474 0.304381
vt 0.981121 0.992049
vt 0.992968 0.992049
vt 0.983300 0.977198
vt 0.295384 0.451717
vt 0.284842 0.455864
vt 0.130662 0.798959
vt 0.304009 0.474854
vt 0.282625 0.468939
vt 0.813156 0.880064
vt 0.813156 0.903768
vt 0.798482 0.883539
vt 0.801385 0.872413
vt 0.206102 0.818755
vt 0.242999 0.501520
vt 0.917239 0.877501
vt 0.906201 0.897718
vt 0.917239 0.905896
vt 0.255817 0.468937
vt 0.358444 0.968383
vt 0.367263 0.973897
vt 0.358444 0.984443
vt 0.738676 0.835994
vt 0.741786 0.837979
vt 0.738676 0.853045
vt 0.382677 0.890864
vt 0.370584 0.893555
vt 0.382677 0.902396
vt 0.374979 0.917574
vt 0.319169 0.319127
vt 0.373289 0.889554
vt 0.316515 0.323755
vt 0.937520 0.919906
vt 0.927419 0.908654
vt 0.927419 0.932926
vt 0.964368 0.229681
vt 0.973019 0.229681
vt 0.968095 0.211088
vt 0.246579 0.226780
vt 0.272870 0.249205
vt 0.291021 0.227602
vt 0.316898 0.236103
vt 0.293141 0.247999
vt 0.941869 0.824807
vt 0.928112 0.816265
vt 0.941869 0.800863
vt 0.320717 0.219340
vt 0.130075 0.919411
vt 0.130075 0.893263
vt 0.112136 0.907154
vt 0.324334 0.267545
vt 0.325534 0.243117
vt 0.963690 0.578429
vt 0.958344 0.568027
vt 0.963690 0.561397
vt 0.985460 0.562781
vt 0.985460 0.576246
vt 0.990663 0.564973
vt 0.807442 0.178946
vt 0.555787 0.985049
vt 0.562365 0.968771
vt 0.546787 0.968771
vt 0.086017 0.449081
vt 0.769055 0.874757
vt 0.772482 0.873927
vt 0.770989 0.869357
vt 0.772482 0.891517
vt 0.060117 0.452766
vt 0.769120 0.364308
vt 0.769120 0.373855
vt 0.771962 0.365344
vt 0.623308 0.518017
vt 0.991427 0.103399
vt 0.980001 0.103399
vt 0.980749 0.088206
vt 0.865764 0.927657
vt 0.466870 0.300547
vt 0.972634 0.936856
vt 0.860162 0.935034
vt 0.475870 0.303170
vt 0.480734 0.300087
vt 0.940531 0.186023
vt 0.932821 0.195595
vt 0.932558 0.181968
vt 0.313113 0.695197
vt 0.307321 0.678418
vt 0.316487 0.692802
vt 0.227446 0.651442
vt 0.205424 0.677583
vt 0.226845 0.663611
vt 0.203968 0.690139
vt 0.929197 0.120241
vt 0.935611 0.123230
vt 0.929197 0.132931
vt 0.235215 0.441319
vt 0.935099 0.114873
vt 0.183696 0.503948
vt 0.878016 0.186736
vt 0.883024 0.186354
vt 0.876763 0.170030
vt 0.876763 0.195812
vt 0.326847 0.694839
vt 0.940531 0.172241
vt 0.351695 0.662517
vt 0.001379 0.904319
vt 0.013548 0.921171
vt 0.013548 0.895182
vt 0.981960 0.722257
vt 0.977903 0.738959
vt 0.966610 0.722257
vt 0.379079 0.703318
vt 0.033916 0.945958
vt 0.034303 0.940092
vt 0.045356 0.944514
vt 0.098776 0.967734
vt 0.098776 0.948317
vt 0.091443 0.961038
vt 0.708425 0.937903
vt 0.719982 0.934171
vt 0.707215 0.918410
vt 0.232012 0.571959
vt 0.785614 0.192893
vt 0.707215 0.941952
vt 0.279067 0.614942
vt 0.954372 0.612870
vt 0.260902 0.618109
vt 0.962016 0.050413
vt 0.942882 0.054126
vt 0.959633 0.040547
vt 0.942882 0.033044
vt 0.983234 0.600276
vt 0.983234 0.582520
vt 0.976123 0.585255
vt 0.534714 0.529044
vt 0.772711 0.816852
vt 0.862545 0.736400
vt 0.440325 0.463903
vt 0.927934 0.755122
vt 0.941618 0.741946
vt 0.401151 0.695063
vt 0.088684 0.973372
vt 0.485996 0.762036
vt 0.494159 0.770118
vt 0.455562 0.709459
vt 0.987082 0.527125
vt 0.997729 0.531763
vt 0.997729 0.520861
vt 0.456010 0.724194
vt 0.990037 0.760106
vt 0.980560 0.747831
vt 0.990037 0.745064
vt 0.467170 0.656509
vt 0.467481 0.639670
vt 0.937546 0.365607
vt 0.930099 0.372240
vt 0.937546 0.382883
vt 0.487425 0.565703
vt 0.868932 0.648864
vt 0.839305 0.605675
vt 0.829910 0.646106
vt 0.850231 0.609617
vt 0.463547 0.591000
vt 0.503148 0.860420
vt 0.487383 0.871903
vt 0.487383 0.849151
vt 0.525865 0.603610
vt 0.501206 0.886293
vt 0.196128 0.892499
vt 0.206372 0.905254
vt 0.193716 0.906018
vt 0.550508 0.635230
vt 0.942640 0.073571
vt 0.952737 0.081116
vt 0.952737 0.059492
vt 0.545318 0.642103
vt 0.208867 0.898236
vt 0.474214 0.521516
vt 0.769055 0.912550
vt 0.772369 0.897792
vt 0.769055 0.894276
vt 0.434036 0.548977
vt 0.718718 0.798973
vt 0.597426 0.704034
vt 0.607487 0.715565
vt 0.893664 0.180056
vt 0.900637 0.170175
vt 0.656504 0.597070
vt 0.409062 0.630617
vt 0.389526 0.598464
vt 0.388179 0.611231
vt 0.404850 0.605996
vt 0.482801 0.600441
vt 0.486958 0.633615
vt 0.481079 0.642683
vt 0.473293 0.621911
vt 0.910324 0.464089
vt 0.915117 0.455817
vt 0.539885 0.720948
vt 0.530485 0.704966
vt 0.208867 0.919303
vt 0.540280 0.656266
vt 0.186275 0.889460
vt 0.564632 0.845658
vt 0.546787 0.824074
vt 0.561026 0.828143
vt 0.315541 0.552795
vt 0.564632 0.798959
vt 0.369886 0.512348
vt 0.919004 0.388812
vt 0.927341 0.409486
vt 0.927341 0.384022
vt 0.352333 0.523741
vt 0.857885 0.323791
vt 0.866629 0.341074
vt 0.862745 0.341369
vt 0.339022 0.510663
vt 0.189079 0.919222
vt 0.037325 0.728339
vt 0.944987 0.709715
vt 0.953233 0.721353
vt 0.953233 0.700129
vt 0.047055 0.730409
vt 0.905855 0.375622
vt 0.913382 0.381003
vt 0.908026 0.369026
vt 0.913382 0.365523
vt 0.899259 0.371220
vt 0.180336 0.703983
vt 0.186950 0.724012
vt 0.938293 0.361187
vt 0.241028 0.661671
vt 0.400583 0.968639
vt 0.414643 0.981914
vt 0.400583 0.985633
vt 0.861304 0.264589
vt 0.940638 0.567237
vt 0.932748 0.564383
vt 0.932748 0.575868
vt 0.873479 0.276983
vt 0.648606 0.129256
vt 0.662972 0.130855
vt 0.882793 0.485092
vt 0.984191 0.719499
vt 0.991669 0.719499
vt 0.986288 0.704913
vt 0.030595 0.854995
vt 0.054240 0.835585
vt 0.057425 0.852002
vt 0.068070 0.850278
vt 0.068070 0.830727
vt 0.053668 0.833030
vt 0.159447 0.164954
vt 0.494648 0.814497
vt 0.896501 0.381209
vt 0.896501 0.365523
vt 0.885954 0.376242
vt 0.062774 0.815002
vt 0.869387 0.380154
vt 0.883195 0.365523
vt 0.883195 0.381185
vt 0.225981 0.187968
vt 0.334885 0.917491
vt 0.349596 0.911446
vt 0.339248 0.896554
vt 0.349596 0.889630
vt 0.967731 0.630706
vt 0.981970 0.612870
vt 0.967684 0.612870
vt 0.431835 0.985632
vt 0.430329 0.984641
vt 0.431835 0.968640
vt 0.335827 0.898944
vt 0.800851 0.955717
vt 0.800851 0.934653
vt 0.801786 0.954017
vt 0.993195 0.231685
vt 0.984767 0.234423
vt 0.993195 0.245504
vt 0.172150 0.359458
vt 0.170679 0.365388
vt 0.802160 0.890901
vt 0.262066 0.506353
vt 0.236159 0.502614
vt 0.278721 0.464023
vt 0.234158 0.497988
vt 0.244483 0.478785
vt 0.299409 0.279189
vt 0.292993 0.296110
vt 0.583607 0.905981
vt 0.599122 0.891873
vt 0.599122 0.916808
vt 0.246691 0.225188
vt 0.522566 0.834293
vt 0.515230 0.833155
vt 0.516334 0.798959
vt 0.515230 0.846481
vt 0.281326 0.247541
vt 0.208306 0.983943
vt 0.925058 0.116459
vt 0.917754 0.125089
vt 0.925058 0.132842
vt 0.199390 0.984519
vt 0.209211 0.972386
vt 0.875297 0.627723
vt 0.865545 0.619569
vt 0.865545 0.646079
vt 0.317988 0.207941
vt 0.917641 0.843373
vt 0.929283 0.851261
vt 0.917641 0.868735
vt 0.343111 0.223718
vt 0.339905 0.235418
vt 0.231691 0.867173
vt 0.241991 0.862428
vt 0.241991 0.888594
vt 0.189477 0.519195
vt 0.202295 0.508843
vt 0.228791 0.892968
vt 0.214387 0.905385
vt 0.228791 0.910091
vt 0.215730 0.919180
vt 0.897788 0.981696
vt 0.911129 0.993994
vt 0.897788 0.995331
vt 0.221330 0.891933
vt 0.097617 0.985780
vt 0.091443 0.979174
vt 0.097617 0.970492
vt 0.777298 0.742605
vt 0.777298 0.736649
vt 0.774456 0.737952
vt 0.071275 0.452842
vt 0.068538 0.448371
vt 0.293886 0.660956
vt 0.222542 0.653359
vt 0.960397 0.279864
vt 0.952606 0.294029
vt 0.947781 0.280887
vt 0.913170 0.968148
vt 0.897788 0.978938
vt 0.897788 0.960560
vt 0.960397 0.300757
vt 0.270045 0.613445
vt 0.033916 0.923751
vt 0.043515 0.925736
vt 0.838260 0.704121
vt 0.829910 0.688220
vt 0.398125 0.703996
vt 0.404368 0.696968
vt 0.848070 0.677311
vt 0.837243 0.677593
vt 0.841103 0.648864
vt 0.498857 0.753118
vt 0.860655 0.033151
vt 0.878385 0.001379
vt 0.878385 0.042243
vt 0.557189 0.966013
vt 0.557189 0.945732
vt 0.546787 0.958883
vt 0.843191 0.599995
vt 0.829910 0.588109
vt 0.493246 0.563325
vt 0.848763 0.576837
vt 0.770320 0.838828
vt 0.767304 0.852708
vt 0.772463 0.838029
vt 0.536694 0.602188
vt 0.767304 0.819610
vt 0.405989 0.564846
vt 0.408933 0.624945
vt 0.488527 0.619343
vt 0.910810 0.056733
vt 0.920391 0.039037
vt 0.910810 0.035077
vt 0.916140 0.372702
vt 0.927234 0.365523
vt 0.927234 0.381113
vt 0.345839 0.505625
vt 0.352162 0.523394
vt 0.954673 0.762655
vt 0.964390 0.761671
vt 0.954673 0.741946
vt 0.671718 0.884561
vt 0.673941 0.857276
vt 0.363353 0.544936
vt 0.658389 0.852362
vt 0.328411 0.523507
vt 0.857885 0.365288
vt 0.197654 0.685258
vt 0.188025 0.696277
vt 0.845405 0.986292
vt 0.840686 0.970831
vt 0.851309 0.970831
vt 0.239716 0.676686
vt 0.250372 0.673597
vt 0.248081 0.681973
vt 0.164878 0.181666
vt 0.878840 0.384022
vt 0.889320 0.390250
vt 0.878840 0.418539
vt 0.048946 0.826250
vt 0.500946 0.798959
vt 0.955586 0.544363
vt 0.943388 0.538304
vt 0.943388 0.559641
vt 0.845819 0.190798
vt 0.850485 0.192894
vt 0.850485 0.178724
vt 0.186783 0.186511
vt 0.182132 0.186140
vt 0.973574 0.313669
vt 0.968466 0.316005
vt 0.973574 0.331701
vt 0.091443 0.945559
vt 0.101717 0.930178
vt 0.091443 0.923015
vt 0.223018 0.194955
vt 0.819560 0.945831
vt 0.839110 0.945831
vt 0.832458 0.923726
vt 0.922229 0.967818
vt 0.915928 0.978492
vt 0.915928 0.960560
vt 0.984769 0.476291
vt 0.977462 0.463654
vt 0.984769 0.458601
vt 0.967715 0.463828
vt 0.196632 0.969424
vt 0.187901 0.972076
vt 0.196632 0.984783
vt 0.853243 0.181837
vt 0.857653 0.178724
vt 0.857653 0.192444
vt 0.986491 0.241088
vt 0.808945 0.947487
vt 0.812997 0.934457
vt 0.242953 0.166881
vt 0.152161 0.977117
vt 0.142467 0.969742
vt 0.142467 0.985926
vt 0.422393 0.977257
vt 0.261327 0.508447
vt 0.196094 0.832786
vt 0.205297 0.833131
vt 0.194543 0.851938
vt 0.234963 0.505440
vt 0.758620 0.547873
vt 0.758620 0.556108
vt 0.756536 0.550015
vt 0.311715 0.267462
vt 0.317076 0.238629
vt 0.111763 0.917724
vt 0.585969 0.888420
vt 0.920747 0.768696
vt 0.920747 0.793050
vt 0.934122 0.768978
vt 0.267930 0.263646
vt 0.253332 0.275956
vt 0.325934 0.231090
vt 0.239870 0.853681
vt 0.203737 0.501976
vt 0.743124 0.822496
vt 0.739872 0.820822
vt 0.738676 0.833235
vt 0.738676 0.809747
vt 0.419977 0.939376
vt 0.435955 0.943079
vt 0.435955 0.920033
vt 0.355588 0.945707
vt 0.342734 0.951197
vt 0.339414 0.945696
vt 0.297922 0.658867
vt 0.355588 0.965903
vt 0.271953 0.598175
vt 0.438945 0.798959
vt 0.282482 0.583030
vt 0.494931 0.765330
vt 0.431796 0.634138
vt 0.099990 0.828964
vt 0.114672 0.833525
vt 0.100356 0.854383
vt 0.113466 0.827620
vt 0.884090 0.771357
vt 0.156505 0.973297
vt 0.167333 0.969534
vt 0.167333 0.985730
vt 0.108235 0.798959
vt 0.998540 0.893025
vt 0.986831 0.895101
vt 0.986831 0.882862
vt 0.880800 0.088206
vt 0.114672 0.825785
vt 0.449084 0.589078
vt 0.900553 0.292081
vt 0.045698 0.806963
vt 0.032095 0.818222
vt 0.889671 0.279864
vt 0.055497 0.798959
vt 0.898203 0.597366
vt 0.902366 0.596641
vt 0.891757 0.576837
vt 0.322362 0.221921
vt 0.891757 0.608016
vt 0.923780 0.694221
vt 0.930830 0.688103
vt 0.923780 0.676159
vt 0.713421 0.968638
vt 0.723689 0.985588
vt 0.723689 0.968189
vt 0.391038 0.957071
vt 0.385959 0.954804
vt 0.391038 0.936106
vt 0.769120 0.255226
vt 0.771813 0.250413
vt 0.771813 0.271347
vt 0.838116 0.381181
vt 0.838116 0.359406
vt 0.819037 0.371832
vt 0.708171 0.978730
vt 0.936780 0.433644
vt 0.924403 0.439285
vt 0.924403 0.427034
vt 0.001379 0.824552
vt 0.839366 0.964425
vt 0.851308 0.968072
vt 0.851308 0.948987
vt 0.924740 0.444062
vt 0.936070 0.451259
vt 0.447501 0.647586
vt 0.819560 0.977735
vt 0.831740 0.986095
vt 0.832019 0.970340
vt 0.456500 0.605794
vt 0.451987 0.595589
vt 0.432917 0.600476
vt 0.771921 0.333719
vt 0.770152 0.335567
vt 0.771921 0.346862
vt 0.983145 0.350873
vt 0.992079 0.353061
vt 0.992079 0.338316
vt 0.769120 0.344851
vt 0.455548 0.633919
vt 0.957680 0.681622
vt 0.944987 0.676512
vt 0.960398 0.676512
vt 0.584827 0.985670
vt 0.586371 0.968519
vt 0.601337 0.985670
vt 0.946993 0.697371
vt 0.301957 0.956747
vt 0.297396 0.947623
vt 0.287522 0.947069
vt 0.287522 0.966711
vt 0.439132 0.586544
vt 0.395511 0.593386
vt 0.424912 0.594110
vt 0.420518 0.620809
vt 0.444164 0.619262
vt 0.981386 0.487967
vt 0.992623 0.493535
vt 0.981386 0.502694
vt 0.467982 0.607398
vt 0.244265 0.985751
vt 0.244265 0.969729
vt 0.230650 0.979267
vt 0.821235 0.986095
vt 0.454161 0.644041
vt 0.450947 0.652550
vt 0.944627 0.800863
vt 0.944627 0.822258
vt 0.952017 0.802046
vt 0.950304 0.815786
vt 0.515519 0.968235
vt 0.513024 0.985573
vt 0.527825 0.985573
s 1
usemtl Material.001
f 161/1/1 1144/2/2 8/3/3
f 1509/4/4 424/5/5 347/6/6
f 462/7/7 1509/8/4 8/9/3
f 568/10/8 1278/11/9 792/12/10
f 1144/2/2 1692/13/11 8/3/3
f 1465/14/12 631/15/13 582/16/14
f 152/17/15 1144/18/2 161/19/1
f 424/5/5 1996/20/16 347/6/6
f 347/21/6 532/22/17 161/23/1
f 1060/24/18 1697/25/19 792/26/10
f 938/27/20 568/10/8 792/12/10
f 1278/11/9 1062/28/21 792/12/10
f 462/7/7 1062/29/21 1509/8/4
f 1062/29/21 462/7/7 792/26/10
f 173/30/22 424/5/5 1509/4/4
f 516/31/23 173/30/22 1509/4/4
f 1465/32/12 1553/33/24 631/34/13
f 1417/35/25 36/36/26 582/37/14
f 987/38/27 1417/39/25 1104/40/28
f 1144/41/2 937/42/29 1572/43/30
f 1783/44/31 1144/45/2 1572/46/30
f 1270/47/32 631/48/13 161/49/1
f 532/22/17 1270/50/32 161/23/1
f 631/15/13 1270/51/32 582/16/14
f 1270/51/32 1417/52/25 582/16/14
f 1417/35/25 1270/53/32 1104/54/28
f 1692/13/11 1110/55/33 8/3/3
f 611/56/34 1697/57/19 1060/58/18
f 1697/25/19 1159/59/35 792/26/10
f 1159/60/35 938/27/20 792/12/10
f 1979/61/36 1187/62/37 924/63/38
f 424/5/5 1543/64/39 1886/65/40
f 173/30/22 1543/64/39 424/5/5
f 1295/66/41 424/5/5 1886/65/40
f 770/67/42 1295/68/41 1886/69/40
f 1553/33/24 858/70/43 631/34/13
f 858/70/43 1553/33/24 386/71/44
f 1553/33/24 1131/72/45 386/71/44
f 36/73/26 314/74/46 408/75/47
f 314/76/46 987/77/27 408/78/47
f 1417/39/25 314/79/46 36/80/26
f 987/38/27 314/79/46 1417/39/25
f 937/81/29 1154/82/48 459/83/49
f 1154/84/48 345/85/50 459/86/49
f 1154/84/48 937/42/29 1144/41/2
f 1785/87/51 1465/14/12 582/16/14
f 600/88/52 1785/89/51 582/37/14
f 1785/89/51 600/88/52 1465/32/12
f 1000/90/53 600/88/52 582/37/14
f 36/36/26 1000/90/53 582/37/14
f 1000/91/53 36/73/26 408/75/47
f 631/92/13 604/93/54 161/94/1
f 604/93/54 1025/95/55 161/94/1
f 1025/96/55 601/97/56 161/98/1
f 385/99/57 1848/100/58 347/101/6
f 1946/102/59 1490/103/60 462/104/7
f 1110/55/33 177/105/61 8/3/3
f 1647/106/62 1692/107/11 484/108/63
f 611/56/34 396/109/64 1697/57/19
f 396/109/64 1159/60/35 1697/57/19
f 1187/110/37 1383/111/65 924/112/38
f 1853/113/66 1979/114/36 1509/115/4
f 1853/116/66 1187/117/37 1979/118/36
f 1783/44/31 1458/119/67 1144/45/2
f 1458/120/67 1692/121/11 1144/122/2
f 396/109/64 952/123/68 234/124/69
f 952/123/68 396/109/64 611/56/34
f 1543/64/39 504/125/70 1886/65/40
f 504/126/70 770/67/42 1886/69/40
f 1653/127/71 1822/128/72 516/129/23
f 1822/130/72 173/131/22 516/132/23
f 1295/133/41 1042/134/73 424/135/5
f 487/136/74 1892/137/75 424/5/5
f 722/138/76 1892/137/75 1389/139/77
f 1892/137/75 1996/20/16 424/5/5
f 1892/137/75 722/138/76 1996/20/16
f 1169/140/78 1553/33/24 1465/32/12
f 1169/140/78 1131/72/45 1553/33/24
f 600/88/52 1169/140/78 1465/32/12
f 345/141/50 1133/142/79 459/143/49
f 1937/144/80 1974/145/81 459/86/49
f 251/146/82 1937/147/80 14/148/83
f 1038/149/84 1067/150/85 1833/151/86
f 1067/150/85 1038/149/84 390/152/87
f 1974/145/81 872/153/88 459/86/49
f 937/154/29 872/155/88 1572/46/30
f 872/153/88 937/42/29 459/86/49
f 313/156/89 1783/44/31 1572/46/30
f 872/155/88 313/156/89 1572/46/30
f 313/157/89 872/153/88 1974/145/81
f 742/158/90 761/159/91 408/160/47
f 761/161/91 1000/91/53 408/75/47
f 761/162/91 742/163/90 726/164/92
f 742/163/90 1585/165/93 726/164/92
f 810/166/94 742/158/90 408/160/47
f 810/167/94 1585/165/93 742/163/90
f 1585/168/93 810/169/94 850/170/95
f 231/171/96 599/172/97 862/173/98
f 24/174/99 767/175/100 726/164/92
f 1961/176/101 604/177/54 631/34/13
f 858/70/43 1961/176/101 631/34/13
f 1961/176/101 858/70/43 386/71/44
f 1945/178/102 1961/179/101 386/180/44
f 941/181/103 1961/179/101 1945/178/102
f 1961/176/101 941/182/103 604/177/54
f 1516/183/104 1799/184/105 1976/185/106
f 1799/184/105 1516/183/104 1435/186/107
f 948/187/108 532/188/17 347/101/6
f 948/189/108 1323/190/109 532/191/17
f 810/167/94 514/192/110 850/193/95
f 1323/194/109 1992/195/111 532/188/17
f 1490/103/60 909/196/112 462/104/7
f 1027/197/113 1110/55/33 1692/13/11
f 1097/198/114 842/199/115 1099/200/116
f 1647/201/62 1405/202/117 1692/203/11
f 1674/204/118 990/205/119 729/206/120
f 1834/207/121 573/208/122 447/209/123
f 882/210/124 990/205/119 12/211/125
f 731/212/126 1185/213/127 744/214/128
f 1370/215/129 1721/216/130 1843/217/131
f 1721/216/130 1370/215/129 327/218/132
f 573/208/122 1440/219/133 447/209/123
f 1296/220/134 517/221/135 439/222/136
f 1918/223/137 825/224/138 627/225/139
f 848/226/140 1918/223/137 627/225/139
f 848/226/140 396/227/64 1918/223/137
f 1093/228/141 848/226/140 627/225/139
f 848/226/140 1093/228/141 938/229/20
f 1159/230/35 848/231/140 938/232/20
f 396/227/64 848/226/140 1159/233/35
f 1122/234/142 210/235/143 1062/236/21
f 1122/234/142 1062/236/21 1278/237/9
f 1782/238/144 1122/239/142 1278/240/9
f 1958/241/145 378/242/146 763/243/147
f 1958/241/145 1780/244/148 1610/245/149
f 509/246/150 1979/247/36 924/112/38
f 1979/114/36 509/248/150 1509/115/4
f 438/249/151 509/246/150 1899/250/152
f 438/251/151 1631/252/153 516/253/23
f 438/254/151 516/255/23 1509/256/4
f 509/248/150 438/257/151 1509/115/4
f 1631/252/153 482/258/154 516/253/23
f 1062/28/21 1725/259/155 1509/260/4
f 1388/261/156 1725/259/155 1062/28/21
f 430/262/157 1958/241/145 1610/245/149
f 1958/241/145 430/262/157 378/242/146
f 1165/263/158 1388/261/156 1062/28/21
f 1794/264/159 1458/265/67 1559/266/160
f 1160/267/161 889/268/162 1344/269/163
f 1395/270/164 1160/267/161 1344/269/163
f 1492/271/165 889/272/162 1627/273/166
f 590/274/167 1492/275/165 611/276/34
f 889/277/162 1492/278/165 1344/279/163
f 1492/280/165 590/281/167 1344/282/163
f 1248/283/168 554/284/169 1804/285/170
f 1472/286/171 712/287/172 662/288/173
f 1325/289/174 1822/128/72 1653/127/71
f 1352/290/175 351/291/176 1727/292/177
f 836/293/178 1042/134/73 1295/133/41
f 487/294/74 806/295/179 1233/296/180
f 1000/90/53 1518/297/181 600/88/52
f 1518/297/181 1169/140/78 600/88/52
f 1131/72/45 1518/297/181 933/298/182
f 1169/140/78 1518/297/181 1131/72/45
f 885/299/183 1133/300/79 14/301/83
f 1937/302/80 885/299/183 14/301/83
f 1133/142/79 885/303/183 459/143/49
f 885/303/183 1937/304/80 459/143/49
f 1573/305/184 390/152/87 1993/306/185
f 1573/305/184 1067/150/85 390/152/87
f 1573/305/184 1642/307/186 1067/150/85
f 152/308/15 526/309/187 1144/310/2
f 167/311/188 1937/144/80 251/312/82
f 1812/313/189 119/314/190 751/315/191
f 1812/316/189 784/317/192 262/318/193
f 1112/319/194 1292/320/195 1783/321/31
f 1458/322/67 1292/323/195 1559/324/160
f 1292/320/195 1458/265/67 1783/321/31
f 832/325/196 1230/326/197 1783/321/31
f 1230/326/197 1112/319/194 1783/321/31
f 1382/327/198 1974/328/81 90/329/199
f 832/325/196 1382/330/198 90/331/199
f 624/332/200 320/333/201 1164/334/202
f 987/77/27 1700/335/203 408/78/47
f 1700/335/203 810/167/94 408/78/47
f 1700/336/203 987/337/27 1104/338/28
f 599/172/97 1462/339/204 862/173/98
f 599/172/97 1145/340/205 1435/186/107
f 231/171/96 1145/340/205 599/172/97
f 1022/341/206 1545/342/207 223/343/208
f 1545/342/207 1022/341/206 161/344/1
f 1930/345/209 809/346/210 172/347/211
f 1981/348/212 46/349/213 1312/350/214
f 46/351/213 1930/352/209 172/353/211
f 1670/354/215 1664/355/216 1312/350/214
f 1664/355/216 1981/348/212 1312/350/214
f 1981/348/212 1664/355/216 152/356/15
f 1664/357/216 526/309/187 152/308/15
f 526/309/187 1664/357/216 1670/358/215
f 1432/359/217 601/97/56 1025/96/55
f 1432/359/217 133/360/218 601/97/56
f 1545/361/207 113/362/219 223/363/208
f 1698/364/220 133/365/218 1887/366/221
f 133/367/218 1698/368/220 1615/369/222
f 1468/370/223 1070/371/224 1891/372/225
f 1238/373/226 1244/374/227 1701/375/228
f 387/376/229 1825/377/230 309/378/231
f 1453/379/232 387/376/229 309/378/231
f 297/380/233 1453/379/232 309/378/231
f 1453/379/232 297/380/233 1618/381/234
f 49/382/235 1007/383/236 1139/384/237
f 1007/383/236 1357/385/238 1139/384/237
f 1067/150/85 258/386/239 1833/151/86
f 258/386/239 1642/307/186 1618/381/234
f 1642/307/186 258/386/239 1067/150/85
f 588/387/240 258/388/239 1618/389/234
f 258/386/239 588/390/240 1415/391/241
f 577/392/242 297/380/233 1972/393/243
f 588/394/240 577/395/242 1415/396/241
f 722/397/76 239/398/244 1996/399/16
f 948/187/108 995/400/245 693/401/246
f 1323/190/109 163/402/247 857/403/248
f 948/189/108 163/402/247 1323/190/109
f 1270/53/32 1180/404/249 1104/54/28
f 1180/404/249 1270/53/32 532/188/17
f 1084/405/250 1992/406/111 1323/407/109
f 1084/408/250 1505/409/251 1992/195/111
f 1505/409/251 196/410/252 264/411/253
f 196/410/252 1084/408/250 381/412/254
f 1084/408/250 196/410/252 1505/409/251
f 922/413/255 43/414/256 381/412/254
f 1740/415/257 1943/416/258 264/411/253
f 196/410/252 1740/415/257 264/411/253
f 1740/415/257 196/410/252 1541/417/259
f 474/418/260 1740/419/257 1541/420/259
f 801/421/261 798/422/262 1246/423/263
f 1426/424/264 798/425/262 472/426/265
f 1426/427/264 979/428/266 798/429/262
f 370/430/267 1847/431/268 1490/432/60
f 1915/433/269 427/434/270 843/435/271
f 1915/433/269 644/436/272 685/437/273
f 644/436/272 1915/433/269 843/435/271
f 798/422/262 1865/438/274 1246/423/263
f 1001/439/275 966/440/276 748/441/277
f 1738/442/278 909/196/112 1490/103/60
f 1847/431/268 1738/443/278 1490/432/60
f 1738/443/278 1847/431/268 433/444/279
f 690/445/280 1027/197/113 1692/13/11
f 1027/446/113 690/447/280 999/448/281
f 1690/449/282 801/421/261 1946/450/59
f 801/421/261 1690/449/282 496/451/283
f 798/422/262 323/452/284 472/453/265
f 801/421/261 323/452/284 798/422/262
f 323/452/284 801/421/261 496/451/283
f 1692/107/11 701/454/285 484/108/63
f 1458/455/67 701/454/285 1692/107/11
f 361/456/286 1647/457/62 1646/458/287
f 361/459/286 1405/202/117 1647/201/62
f 97/460/288 432/461/289 908/462/290
f 420/463/291 1064/464/292 1586/465/293
f 1535/466/294 1952/467/295 1544/468/296
f 544/469/297 148/470/298 334/471/299
f 260/472/300 688/473/301 1404/474/302
f 794/475/303 1890/476/304 729/206/120
f 590/281/167 131/477/305 1344/282/163
f 1440/219/133 131/478/305 447/209/123
f 1591/479/306 1834/207/121 447/209/123
f 1591/479/306 590/274/167 611/276/34
f 1591/480/306 611/56/34 1060/58/18
f 1834/481/121 1591/480/306 1060/58/18
f 169/482/307 1060/24/18 792/26/10
f 169/483/307 1834/481/121 1060/58/18
f 169/483/307 573/484/122 1834/481/121
f 734/485/308 123/486/309 306/487/310
f 123/486/309 1769/488/311 306/487/310
f 1769/489/311 123/490/309 1407/491/312
f 1877/492/313 882/210/124 12/211/125
f 882/210/124 1877/492/313 11/493/314
f 882/210/124 923/494/315 990/205/119
f 990/205/119 923/494/315 729/206/120
f 1793/495/316 923/496/315 242/497/317
f 923/494/315 794/475/303 729/206/120
f 794/475/303 923/494/315 1793/498/316
f 1810/499/318 1205/500/319 1116/501/320
f 1437/502/321 1205/500/319 842/199/115
f 1205/500/319 1437/502/321 1116/501/320
f 947/503/322 1810/499/318 1116/501/320
f 1810/499/318 947/503/322 1185/213/127
f 1113/504/323 457/505/324 1408/506/325
f 1680/507/326 1113/504/323 1544/468/296
f 1113/504/323 1535/466/294 1544/468/296
f 1370/215/129 364/508/327 327/218/132
f 1034/509/328 1370/215/129 1843/217/131
f 1064/464/292 1481/510/329 1586/465/293
f 1851/511/330 1113/504/323 1408/506/325
f 1113/504/323 1851/511/330 1535/466/294
f 1851/511/330 456/512/331 327/218/132
f 1902/513/332 1074/514/333 1680/507/326
f 1074/514/333 1903/515/334 1680/507/326
f 1705/516/335 1440/517/133 1539/518/336
f 1440/517/133 1115/519/337 1539/518/336
f 1115/519/337 1440/517/133 573/484/122
f 169/483/307 1115/519/337 573/484/122
f 462/7/7 1115/520/337 792/26/10
f 1115/520/337 169/482/307 792/26/10
f 572/521/338 1296/522/134 439/523/136
f 291/524/339 572/521/338 439/523/136
f 952/123/68 1080/525/340 234/124/69
f 1080/525/340 1492/526/165 1627/527/166
f 1080/525/340 952/123/68 611/56/34
f 1492/526/165 1080/525/340 611/56/34
f 825/528/138 1695/529/341 234/530/69
f 1695/531/341 825/532/138 1918/533/137
f 1695/534/341 396/109/64 234/124/69
f 396/227/64 1695/535/341 1918/223/137
f 863/536/342 80/537/343 425/538/344
f 80/537/343 863/536/342 1890/476/304
f 1780/244/148 1910/539/345 1610/245/149
f 463/540/346 679/541/347 290/542/348
f 378/242/146 491/543/349 763/243/147
f 261/544/350 1958/241/145 1176/545/351
f 1958/241/145 261/544/350 1780/244/148
f 1354/546/352 261/544/350 1176/545/351
f 261/544/350 1354/546/352 1780/244/148
f 1631/547/153 1101/548/353 290/542/348
f 438/249/151 1101/548/353 1631/547/153
f 1510/549/354 465/550/355 228/551/356
f 235/552/357 1653/553/71 516/554/23
f 482/555/154 235/552/357 516/554/23
f 605/556/358 16/557/359 1388/261/156
f 1165/263/158 605/556/358 1388/261/156
f 605/556/358 1165/263/158 1874/558/360
f 16/557/359 649/559/361 1388/261/156
f 1355/560/362 430/262/157 1610/245/149
f 1910/561/345 1355/562/362 1610/563/149
f 1355/564/362 605/565/358 1874/566/360
f 605/556/358 1355/560/362 686/567/363
f 509/246/150 609/568/364 1899/250/152
f 430/569/157 859/570/365 378/571/146
f 859/572/365 491/573/349 378/574/146
f 1397/575/366 1622/576/367 510/577/368
f 410/578/369 1595/579/370 662/580/173
f 510/581/368 706/582/371 711/583/372
f 1266/584/373 1395/270/164 291/524/339
f 1266/584/373 291/524/339 439/523/136
f 1395/270/164 1266/584/373 21/585/374
f 1769/488/311 1266/584/373 439/523/136
f 1266/586/373 1769/587/311 1407/588/312
f 1266/584/373 123/486/309 21/585/374
f 123/486/309 1266/584/373 1407/589/312
f 1619/590/375 1160/267/161 12/211/125
f 1160/267/161 1619/590/375 889/268/162
f 889/268/162 1619/590/375 1627/527/166
f 1691/591/376 1782/592/144 1278/593/9
f 1782/594/144 1691/595/376 763/243/147
f 393/596/377 954/597/378 1198/598/379
f 618/599/380 584/600/381 1283/601/382
f 1366/602/383 584/600/381 1181/603/384
f 768/604/385 1483/605/386 1128/606/387
f 554/284/169 1931/607/388 1268/608/389
f 1792/609/390 759/610/391 715/611/392
f 759/610/391 1235/612/393 715/611/392
f 410/613/369 1314/614/394 1596/615/395
f 208/616/396 1248/283/168 1804/285/170
f 1248/283/168 208/616/396 501/617/397
f 335/618/398 1248/619/168 501/620/397
f 1931/621/388 335/622/398 1461/623/399
f 1248/283/168 335/624/398 554/284/169
f 335/624/398 1931/607/388 554/284/169
f 501/617/397 1846/625/400 1256/626/401
f 208/616/396 1846/625/400 501/617/397
f 479/627/402 1293/628/403 1184/629/404
f 1293/628/403 479/627/402 1256/626/401
f 1846/625/400 1293/628/403 1256/626/401
f 1114/630/405 479/627/402 481/631/406
f 779/632/407 479/627/402 1184/629/404
f 479/633/402 779/634/407 481/635/406
f 548/636/408 779/637/407 1922/638/409
f 1621/639/410 977/640/411 154/641/412
f 977/640/411 1621/639/410 415/642/413
f 1030/643/414 362/644/415 155/645/416
f 1399/646/417 1999/647/418 1281/648/419
f 1749/649/420 891/650/421 1543/651/39
f 891/650/421 1749/649/420 1920/652/422
f 928/653/423 504/654/70 1543/655/39
f 1575/656/424 1694/657/425 1893/658/426
f 1694/659/425 1575/660/424 1844/661/427
f 1712/662/428 1694/663/425 1844/664/427
f 181/665/429 1434/666/430 1450/667/431
f 1712/662/428 181/665/429 1694/663/425
f 1694/663/425 181/665/429 1893/668/426
f 1434/666/430 181/665/429 1079/669/432
f 181/665/429 1712/662/428 1079/669/432
f 1030/643/414 1831/670/433 1281/648/419
f 367/671/434 1434/666/430 1365/672/435
f 1577/673/436 351/674/176 1352/675/175
f 1577/673/436 1352/675/175 770/676/42
f 504/677/70 1577/673/436 770/676/42
f 351/674/176 118/678/437 1727/679/177
f 252/680/438 1352/675/175 1727/679/177
f 836/293/178 252/680/438 1727/679/177
f 1352/675/175 252/680/438 770/676/42
f 252/681/438 1295/68/41 770/67/42
f 252/680/438 836/293/178 1295/133/41
f 184/682/439 434/683/440 539/684/441
f 184/682/439 1338/685/442 434/683/440
f 1107/686/443 487/136/74 424/5/5
f 1420/687/444 1621/639/410 1554/688/445
f 1621/639/410 1420/687/444 415/642/413
f 682/689/446 836/293/178 1727/679/177
f 356/690/447 1800/691/448 1389/692/77
f 1800/693/448 356/694/447 394/695/449
f 1800/696/448 722/138/76 1389/139/77
f 1800/693/448 394/695/449 722/397/76
f 800/697/450 487/294/74 1233/296/180
f 1830/698/451 32/699/452 1985/700/453
f 840/701/454 1830/702/451 1985/703/453
f 1830/698/451 840/704/454 1186/705/455
f 1347/706/456 664/707/457 728/708/458
f 1347/706/456 1951/709/459 664/707/457
f 761/710/91 437/711/460 1000/712/53
f 437/713/460 1518/297/181 1000/90/53
f 437/713/460 761/162/91 726/164/92
f 1518/297/181 437/713/460 933/298/182
f 767/175/100 437/713/460 726/164/92
f 437/713/460 767/175/100 933/298/182
f 390/152/87 339/714/461 1993/306/185
f 407/715/462 339/714/461 390/152/87
f 339/714/461 766/716/463 1993/306/185
f 1133/300/79 1580/717/464 14/301/83
f 1580/718/464 251/146/82 14/148/83
f 1069/719/465 407/715/462 390/152/87
f 1069/719/465 1580/720/464 407/715/462
f 251/312/82 1069/719/465 643/721/466
f 1580/720/464 1069/719/465 251/312/82
f 1307/722/467 1573/305/184 1993/306/185
f 1573/723/184 1307/724/467 1642/725/186
f 766/716/463 1307/722/467 1993/306/185
f 1212/726/468 339/714/461 345/85/50
f 687/727/469 1051/728/470 643/721/466
f 1574/729/471 1038/149/84 1833/151/86
f 65/730/472 1574/729/471 1833/151/86
f 1574/729/471 65/730/472 1976/185/106
f 1799/184/105 635/731/473 1976/185/106
f 635/731/473 1574/729/471 1976/185/106
f 1574/729/471 635/731/473 992/732/474
f 1177/733/475 1151/734/476 735/735/477
f 1552/736/478 2003/737/479 363/738/480
f 167/311/188 1640/739/481 1937/144/80
f 1937/144/80 1640/739/481 1974/145/81
f 175/740/482 167/311/188 251/312/82
f 175/740/482 251/312/82 643/721/466
f 1051/728/470 175/740/482 643/721/466
f 1878/741/483 1230/326/197 832/325/196
f 1728/742/484 1731/743/485 714/744/486
f 255/745/487 637/746/488 420/463/291
f 157/747/489 750/748/490 1645/749/491
f 119/314/190 1275/750/492 1693/751/493
f 1275/752/492 1812/753/189 262/754/193
f 1275/750/492 119/314/190 1812/313/189
f 1119/755/494 1275/756/492 262/757/193
f 637/746/488 1275/750/492 1119/758/494
f 1223/759/495 1728/742/484 714/744/486
f 1223/759/495 1812/313/189 751/315/191
f 1728/742/484 1223/759/495 751/315/191
f 1157/760/496 1292/320/195 1112/319/194
f 278/761/497 1157/760/496 1112/319/194
f 1228/762/498 278/761/497 1112/319/194
f 1228/762/498 1728/742/484 751/315/191
f 1230/326/197 305/763/499 1112/319/194
f 1228/762/498 305/763/499 878/764/500
f 305/763/499 1228/762/498 1112/319/194
f 305/765/499 1878/766/483 878/767/500
f 1878/741/483 305/763/499 1230/326/197
f 1791/768/501 1382/769/198 832/770/196
f 313/157/89 1791/771/501 1783/321/31
f 1791/771/501 832/325/196 1783/321/31
f 1229/772/502 866/773/503 1164/774/202
f 664/775/457 1811/776/504 728/777/458
f 105/778/505 1811/779/504 664/707/457
f 307/780/506 1914/781/507 473/782/508
f 1914/781/507 1661/783/509 473/782/508
f 797/784/510 1914/781/507 307/780/506
f 1914/781/507 797/784/510 1661/783/509
f 725/785/511 105/778/505 664/707/457
f 755/786/512 1896/787/513 963/788/514
f 1677/789/515 191/790/516 730/791/517
f 1830/698/451 205/792/518 1106/793/519
f 581/794/520 514/192/110 810/167/94
f 1700/335/203 581/794/520 810/167/94
f 581/794/520 1700/335/203 1104/54/28
f 1180/404/249 581/794/520 1104/54/28
f 1373/795/521 1353/796/522 1243/797/523
f 1208/798/524 1561/799/525 1221/800/526
f 867/801/527 1208/798/524 1221/800/526
f 2004/802/528 349/803/529 98/804/530
f 1617/805/531 1742/806/532 1470/807/533
f 1546/808/534 867/801/527 1221/800/526
f 1462/339/204 18/809/535 862/173/98
f 1546/808/534 1954/810/536 867/801/527
f 297/380/233 1416/811/537 1972/393/243
f 1495/812/538 1462/339/204 599/172/97
f 1495/812/538 599/172/97 1435/186/107
f 1516/183/104 1495/812/538 1435/186/107
f 1528/813/539 1799/184/105 1435/186/107
f 1145/340/205 1528/813/539 1435/186/107
f 480/814/540 1022/341/206 223/343/208
f 1869/815/541 46/349/213 1981/348/212
f 480/814/540 783/816/542 1022/341/206
f 604/93/54 502/817/543 1025/95/55
f 589/818/544 1806/819/545 1025/820/55
f 1978/821/546 941/182/103 1945/822/102
f 114/823/547 1436/824/548 1887/825/221
f 1436/826/548 1698/364/220 1887/366/221
f 1698/827/220 1436/828/548 515/829/549
f 113/830/219 1747/831/550 1005/832/551
f 601/833/56 1747/834/550 161/835/1
f 1005/832/551 1747/831/550 601/836/56
f 133/837/218 209/838/552 601/839/56
f 209/838/552 133/837/218 1615/840/222
f 1519/841/553 1005/842/551 601/843/56
f 1519/844/553 1468/845/223 1005/846/551
f 209/838/552 1519/847/553 601/839/56
f 1519/848/553 209/849/552 1468/850/223
f 1468/851/223 441/852/554 1005/853/551
f 441/854/554 1468/855/223 1891/856/225
f 1891/372/225 1911/857/555 1816/858/556
f 1070/371/224 1911/857/555 1891/372/225
f 1613/859/557 1419/860/558 1161/861/559
f 647/862/560 1419/860/558 363/738/480
f 1419/860/558 1289/863/561 363/738/480
f 651/864/562 1351/865/563 1238/866/226
f 1244/374/227 1351/867/563 1929/868/564
f 1351/867/563 1244/374/227 1238/373/226
f 226/869/565 651/864/562 259/870/566
f 1145/340/205 652/871/567 1686/872/568
f 652/871/567 1143/873/569 1686/872/568
f 1143/873/569 652/871/567 1599/874/570
f 67/875/571 1244/876/227 553/877/572
f 1244/876/227 67/875/571 1701/878/228
f 1220/879/573 1244/876/227 1929/880/564
f 1825/377/230 596/881/574 172/347/211
f 596/881/574 1825/377/230 387/376/229
f 1736/882/575 1670/354/215 1312/350/214
f 1736/882/575 526/883/187 1670/354/215
f 454/884/576 297/380/233 309/378/231
f 454/884/576 1029/885/577 297/380/233
f 65/886/472 1065/887/578 1972/888/243
f 1065/889/578 577/392/242 1972/393/243
f 1065/890/578 65/891/472 1833/892/86
f 577/893/242 695/894/579 297/895/233
f 695/896/579 577/897/242 588/898/240
f 297/895/233 695/894/579 1618/389/234
f 695/894/579 588/387/240 1618/389/234
f 239/398/244 1091/899/580 907/900/581
f 1091/899/580 239/398/244 722/397/76
f 970/901/582 20/902/583 749/903/584
f 1078/904/585 922/413/255 381/412/254
f 1078/904/585 93/905/586 922/413/255
f 93/905/586 1078/904/585 1323/194/109
f 1084/408/250 1078/904/585 381/412/254
f 1078/906/585 1084/405/250 1323/407/109
f 628/907/587 1323/190/109 857/403/248
f 628/908/587 93/905/586 1323/194/109
f 1683/909/588 948/910/108 693/911/246
f 1683/912/588 163/402/247 948/189/108
f 1716/913/589 1683/914/588 693/401/246
f 1683/914/588 1716/913/589 163/915/247
f 1716/916/589 537/917/590 198/918/591
f 1996/20/16 934/919/592 347/6/6
f 934/920/592 385/99/57 347/101/6
f 1636/921/593 239/398/244 907/900/581
f 239/398/244 1636/921/593 1996/399/16
f 1992/195/111 1709/922/594 532/188/17
f 1709/922/594 1180/404/249 532/188/17
f 1505/409/251 1709/922/594 1992/195/111
f 1709/922/594 1505/409/251 1868/923/595
f 440/924/596 1819/925/597 514/192/110
f 1709/922/594 440/924/596 1180/404/249
f 440/926/596 1709/927/594 1868/928/595
f 581/794/520 440/924/596 514/192/110
f 440/924/596 581/794/520 1180/404/249
f 1795/929/598 196/410/252 381/412/254
f 196/410/252 1795/929/598 1541/417/259
f 43/414/256 1795/929/598 381/412/254
f 1795/929/598 43/414/256 1541/417/259
f 1880/930/599 474/418/260 1541/420/259
f 43/931/256 1880/930/599 1541/420/259
f 20/902/583 1475/932/600 922/413/255
f 1475/932/600 43/414/256 922/413/255
f 1475/932/600 970/901/582 348/933/601
f 970/901/582 1475/932/600 20/902/583
f 1880/934/599 1475/932/600 348/933/601
f 1475/932/600 1880/934/599 43/414/256
f 1682/935/602 801/421/261 1246/423/263
f 801/421/261 1682/935/602 1946/450/59
f 1682/935/602 1490/432/60 1946/450/59
f 1682/936/602 370/937/267 1490/938/60
f 1629/939/603 97/460/288 1098/940/604
f 432/461/289 1629/939/603 50/941/605
f 1629/939/603 432/461/289 97/460/288
f 1915/433/269 1053/942/606 1098/940/604
f 1053/942/606 1915/433/269 685/437/273
f 1053/942/606 1865/438/274 1098/940/604
f 852/943/607 1053/942/606 685/437/273
f 1865/438/274 1053/942/606 852/943/607
f 843/435/271 68/944/608 731/212/126
f 427/434/270 68/944/608 843/435/271
f 68/944/608 427/434/270 908/462/290
f 1479/945/609 1760/946/610 96/947/611
f 1760/946/610 1479/945/609 685/437/273
f 644/436/272 1760/946/610 685/437/273
f 927/948/612 1847/431/268 370/430/267
f 927/948/612 1682/935/602 1246/423/263
f 1682/935/602 927/948/612 370/430/267
f 222/949/613 852/943/607 685/437/273
f 1479/945/609 222/949/613 685/437/273
f 966/950/276 222/951/613 1479/952/609
f 222/949/613 1001/953/275 852/943/607
f 222/954/613 966/955/276 1001/956/275
f 1460/957/614 1847/958/268 748/959/277
f 1847/960/268 1460/961/614 433/962/279
f 1460/963/614 1953/964/615 433/965/279
f 690/447/280 905/966/616 999/448/281
f 383/967/617 1027/446/113 999/448/281
f 1225/968/618 592/969/619 472/453/265
f 592/969/619 1225/968/618 999/448/281
f 323/452/284 1225/968/618 472/453/265
f 1097/198/114 1587/970/620 13/971/621
f 1587/970/620 1762/972/622 13/971/621
f 1762/972/622 1587/970/620 484/973/63
f 500/974/623 1762/975/622 484/976/63
f 701/454/285 500/977/623 484/108/63
f 750/748/490 1594/978/624 1645/749/491
f 1594/979/624 1452/980/625 1645/981/491
f 1971/982/626 361/983/286 536/984/627
f 361/983/286 1971/982/626 1405/985/117
f 357/986/628 50/941/605 536/987/627
f 427/434/270 1174/988/629 908/462/290
f 1174/988/629 97/460/288 908/462/290
f 1174/988/629 427/434/270 1915/433/269
f 1174/988/629 1915/433/269 1098/940/604
f 97/460/288 1174/988/629 1098/940/604
f 1349/989/630 1013/990/631 471/991/632
f 1467/992/633 1013/993/631 1118/994/634
f 1503/995/635 1414/996/636 1023/997/637
f 1414/998/636 1467/992/633 1023/999/637
f 1013/990/631 1414/1000/636 471/991/632
f 1414/998/636 1013/993/631 1467/992/633
f 1044/1001/638 95/1002/639 1418/1003/640
f 1786/1004/641 1773/1005/642 1526/1006/643
f 1044/1001/638 1786/1004/641 1526/1006/643
f 1786/1004/641 546/1007/644 1773/1005/642
f 1844/664/427 423/1008/645 237/1009/646
f 1855/1010/647 423/1008/645 1844/664/427
f 856/1011/648 1349/1012/630 471/1013/632
f 856/1011/648 612/1014/649 1349/1012/630
f 45/1015/650 1721/216/130 327/218/132
f 456/1016/331 45/1017/650 327/1018/132
f 45/1019/650 456/1020/331 1586/1021/293
f 1481/510/329 45/1015/650 1586/465/293
f 1650/1022/651 410/613/369 1596/615/395
f 1502/1023/652 168/1024/653 1596/615/395
f 1081/1025/654 168/1024/653 1502/1023/652
f 168/1024/653 1081/1025/654 1214/1026/655
f 703/1027/656 80/537/343 1890/476/304
f 794/475/303 703/1027/656 1890/476/304
f 1637/1028/657 80/537/343 549/1029/658
f 80/1030/343 1637/1031/657 260/1032/300
f 1303/1033/659 1081/1025/654 1502/1023/652
f 1034/509/328 1127/1034/660 1370/215/129
f 772/1035/661 1793/1036/316 242/1037/317
f 555/1038/662 544/469/297 334/471/299
f 555/1039/662 334/1040/299 242/1041/317
f 790/1042/663 555/1039/662 242/1041/317
f 1441/1043/664 790/1042/663 1309/1044/665
f 1441/1045/664 676/1046/666 1902/1047/332
f 1441/1043/664 1309/1044/665 306/487/310
f 676/1048/666 1441/1049/664 306/1050/310
f 688/1051/301 1538/1052/667 1404/1053/302
f 1538/1054/667 1807/1055/668 574/1056/669
f 1807/1055/668 1538/1054/667 688/473/301
f 1807/1057/668 591/1058/670 959/1059/671
f 591/1060/670 1807/1055/668 688/473/301
f 1600/1061/672 131/1062/305 590/1063/167
f 1591/479/306 1600/1064/672 590/274/167
f 131/478/305 1600/1064/672 447/209/123
f 1600/1064/672 1591/479/306 447/209/123
f 1398/1065/673 1506/1066/674 107/1067/675
f 1506/1068/674 1398/1069/673 517/1070/135
f 517/1071/135 1398/1072/673 439/1073/136
f 1398/1074/673 1769/488/311 439/523/136
f 289/1075/676 734/1076/308 11/1077/314
f 1877/1078/313 289/1075/676 11/1077/314
f 1160/267/161 1560/1079/677 12/211/125
f 1560/1079/677 1877/492/313 12/211/125
f 1560/1079/677 1395/270/164 21/585/374
f 1560/1079/677 1160/267/161 1395/270/164
f 1309/1044/665 897/1080/678 306/487/310
f 897/1080/678 734/485/308 306/487/310
f 734/1076/308 897/1081/678 11/1077/314
f 996/1082/679 882/210/124 11/493/314
f 897/1083/678 996/1084/679 11/1085/314
f 996/1084/679 897/1083/678 949/1086/680
f 996/1082/679 923/494/315 882/210/124
f 923/1087/315 996/1088/679 949/1089/680
f 1845/1090/681 790/1042/663 242/1041/317
f 790/1042/663 1845/1090/681 1309/1044/665
f 1845/1090/681 897/1080/678 1309/1044/665
f 897/1091/678 1845/1092/681 949/1093/680
f 842/1094/115 1514/1095/682 1099/1096/116
f 1205/1097/319 1514/1095/682 842/1094/115
f 1085/1098/683 1205/500/319 1810/499/318
f 1085/1098/683 1810/499/318 908/462/290
f 432/461/289 1085/1098/683 908/462/290
f 1514/1095/682 1085/1099/683 1099/1096/116
f 1085/1098/683 1514/1100/682 1205/500/319
f 1437/502/321 1203/1101/684 1116/501/320
f 1203/1101/684 947/503/322 1116/501/320
f 947/503/322 1203/1101/684 457/505/324
f 1334/1102/685 457/1103/324 744/1104/128
f 1334/1105/685 947/503/322 457/505/324
f 1185/1106/127 1334/1102/685 744/1104/128
f 947/503/322 1334/1105/685 1185/213/127
f 702/1107/686 468/1108/687 1214/1109/655
f 702/1110/686 1034/509/328 1843/217/131
f 1081/1025/654 702/1110/686 1214/1026/655
f 1150/1111/688 1851/511/330 1408/506/325
f 1150/1111/688 1408/506/325 292/1112/689
f 1851/511/330 1178/1113/690 456/512/331
f 1178/1114/690 420/1115/291 1586/1116/293
f 456/512/331 1178/1113/690 1586/465/293
f 824/1117/691 1851/1118/330 327/1119/132
f 1851/511/330 824/1120/691 1535/466/294
f 824/1120/691 195/1121/692 1535/466/294
f 364/1122/327 824/1117/691 327/1119/132
f 195/1121/692 824/1120/691 364/508/327
f 104/1123/693 731/1124/126 744/1104/128
f 104/1125/693 1768/1126/694 731/212/126
f 457/1103/324 104/1123/693 744/1104/128
f 1113/504/323 104/1125/693 457/505/324
f 91/1127/695 1113/504/323 1680/507/326
f 1903/515/334 91/1127/695 1680/507/326
f 1768/1126/694 91/1127/695 1903/515/334
f 91/1127/695 104/1125/693 1113/504/323
f 104/1125/693 91/1127/695 1768/1126/694
f 286/1128/696 1768/1126/694 1903/515/334
f 1074/514/333 286/1128/696 1903/515/334
f 1768/1126/694 286/1128/696 731/212/126
f 286/1128/696 1551/1129/697 731/212/126
f 1074/514/333 1310/1130/698 107/1131/675
f 1310/1132/698 1398/1133/673 107/1134/675
f 676/1135/666 1310/1130/698 1902/513/332
f 1310/1130/698 1074/514/333 1902/513/332
f 1310/1136/698 676/1137/666 306/1138/310
f 1769/488/311 1310/1130/698 306/487/310
f 1398/1074/673 1310/1130/698 1769/488/311
f 639/1139/699 1074/1140/333 107/1141/675
f 639/1142/699 1506/1143/674 96/1144/611
f 1506/1145/674 639/1146/699 107/1147/675
f 727/1148/700 92/1149/701 1539/1150/336
f 92/1151/701 1705/516/335 1539/518/336
f 92/1149/701 727/1148/700 1046/1152/702
f 1705/1153/335 92/1154/701 1046/1155/702
f 1258/1156/703 131/478/305 1440/219/133
f 1705/516/335 1258/1157/703 1440/517/133
f 131/478/305 1258/1156/703 1344/1158/163
f 531/1159/704 291/524/339 1046/1160/702
f 531/1159/704 572/521/338 291/524/339
f 727/1161/700 531/1159/704 1046/1160/702
f 302/1162/705 517/221/135 1296/220/134
f 302/1162/705 1506/1143/674 517/221/135
f 1479/945/609 302/1163/705 1296/522/134
f 302/1163/705 1479/945/609 96/947/611
f 1506/1143/674 302/1162/705 96/1144/611
f 1616/1164/706 1536/1165/707 1329/1166/708
f 612/1014/649 1438/1167/709 1349/1012/630
f 863/536/342 466/1168/710 1890/476/304
f 1118/994/634 1809/1169/711 425/538/344
f 1809/1169/711 863/536/342 425/538/344
f 704/1170/712 569/1171/713 846/1172/714
f 569/1173/713 704/1174/712 1196/1175/715
f 569/1173/713 216/1176/716 846/1177/714
f 463/540/346 1486/1178/717 679/541/347
f 629/1179/718 835/1180/719 1450/1181/431
f 1122/234/142 25/1182/720 210/235/143
f 25/1182/720 491/1183/349 210/235/143
f 25/1182/720 1122/234/142 1782/1184/144
f 25/1185/720 1782/594/144 763/243/147
f 491/1183/349 25/1182/720 763/1186/147
f 53/1187/721 463/540/346 290/542/348
f 1598/1188/722 438/249/151 1899/250/152
f 1598/1188/722 1101/548/353 438/249/151
f 1598/1189/722 1641/1190/723 670/1191/724
f 813/1192/725 482/258/154 1631/252/153
f 235/552/357 1713/1193/726 1653/553/71
f 1713/1194/726 1510/1195/354 228/1196/356
f 1592/1197/727 1725/1198/155 1388/1199/156
f 649/1200/361 1592/1201/727 1388/1202/156
f 1355/1203/362 232/1204/728 430/1205/157
f 1165/1206/158 232/1207/728 1874/1208/360
f 232/1207/728 1355/1209/362 1874/1208/360
f 1641/1210/723 723/1211/729 686/567/363
f 723/1211/729 1598/1188/722 1899/250/152
f 1598/1188/722 723/1211/729 1641/1210/723
f 906/1212/730 605/556/358 686/567/363
f 605/556/358 906/1212/730 16/557/359
f 906/1212/730 609/568/364 16/557/359
f 491/543/349 962/1213/731 210/1214/143
f 859/1215/365 962/1213/731 491/543/349
f 210/1216/143 962/1217/731 1062/1218/21
f 962/1213/731 1165/263/158 1062/28/21
f 962/1213/731 232/1219/728 1165/263/158
f 962/1213/731 859/1215/365 430/262/157
f 232/1219/728 962/1213/731 430/262/157
f 944/1220/732 1605/1221/733 1645/1222/491
f 1605/1221/733 944/1220/732 1794/264/159
f 913/1223/734 944/1220/732 1645/1222/491
f 944/1220/732 913/1223/734 1794/264/159
f 119/314/190 519/1224/735 751/315/191
f 1605/1225/733 519/1226/735 119/1227/190
f 1265/1228/736 519/1224/735 1605/1221/733
f 1265/1228/736 1157/760/496 278/761/497
f 1265/1228/736 1794/264/159 1559/266/160
f 1265/1228/736 1605/1221/733 1794/264/159
f 1794/264/159 1016/1229/737 1458/265/67
f 913/1230/734 1016/1231/737 1794/1232/159
f 1016/1229/737 701/1233/285 1458/265/67
f 372/1234/738 548/1235/408 1922/1236/409
f 802/1237/739 1238/866/226 1701/878/228
f 787/1238/740 1595/1239/370 410/613/369
f 1650/1022/651 787/1238/740 410/613/369
f 1622/576/367 221/1240/741 510/577/368
f 221/1241/741 706/582/371 510/581/368
f 221/1240/741 787/1238/740 706/1242/371
f 787/1238/740 221/1240/741 1184/629/404
f 1531/1243/742 218/1244/743 1674/1245/118
f 218/1246/743 1619/590/375 12/211/125
f 1619/590/375 218/1246/743 1627/527/166
f 990/205/119 218/1246/743 12/211/125
f 1674/204/118 218/1246/743 990/205/119
f 716/1247/744 1691/595/376 1278/11/9
f 1691/595/376 716/1247/744 968/1248/745
f 1691/595/376 1950/1249/746 763/243/147
f 1950/1249/746 1691/595/376 968/1248/745
f 9/1250/747 1950/1249/746 968/1248/745
f 1950/1249/746 9/1250/747 1176/545/351
f 1958/241/145 1950/1249/746 1176/545/351
f 1950/1249/746 1958/241/145 763/243/147
f 1688/1251/748 1354/546/352 1176/545/351
f 9/1250/747 1688/1251/748 1176/545/351
f 1305/1252/749 9/1250/747 968/1248/745
f 584/1253/381 1750/1254/750 1181/1255/384
f 1750/1256/750 584/600/381 618/599/380
f 584/600/381 902/1257/751 1283/601/382
f 902/1257/751 584/600/381 528/1258/752
f 1366/602/383 419/1259/753 584/600/381
f 584/600/381 419/1259/753 528/1258/752
f 528/1258/752 419/1259/753 595/1260/754
f 419/1259/753 1483/605/386 595/1260/754
f 1483/1261/386 419/1262/753 1128/1263/387
f 568/1264/8 176/1265/755 1278/1266/9
f 176/1265/755 954/1267/378 1278/1266/9
f 692/1268/756 1366/602/383 265/1269/757
f 692/1268/756 768/604/385 1128/606/387
f 419/1262/753 692/1270/756 1128/1263/387
f 692/1270/756 419/1262/753 1366/1271/383
f 1970/1272/758 1616/1164/706 1329/1166/708
f 1970/1272/758 768/604/385 130/1273/759
f 1970/1274/758 1093/228/141 627/225/139
f 1483/605/386 1970/1272/758 1329/1166/708
f 768/604/385 1970/1272/758 1483/605/386
f 825/1275/138 1970/1272/758 627/1276/139
f 1616/1164/706 1970/1272/758 825/1275/138
f 1836/1277/760 953/1278/761 1196/1175/715
f 704/1279/712 1836/1280/760 1196/1281/715
f 953/1278/761 1639/1282/762 1264/1283/763
f 214/1284/764 894/1285/765 1790/1286/766
f 985/1287/767 567/1288/768 892/1289/769
f 554/1290/169 671/1291/770 1804/1292/170
f 671/1293/770 1224/1294/771 1804/285/170
f 1235/612/393 799/1295/772 715/611/392
f 1314/1296/394 1319/1297/773 1596/1298/395
f 812/1299/774 1297/1300/775 285/1301/776
f 479/627/402 1232/1302/777 1256/626/401
f 1114/630/405 1232/1302/777 479/627/402
f 1232/1302/777 501/617/397 1256/626/401
f 697/1303/778 1213/1304/779 1554/688/445
f 1017/1305/780 697/1303/778 154/641/412
f 362/1306/415 1964/1307/781 155/1308/416
f 1822/130/72 1964/1309/781 173/131/22
f 1964/1309/781 1822/130/72 155/1310/416
f 721/1311/782 362/1312/415 1749/1313/420
f 721/1314/782 1964/1307/781 362/1306/415
f 362/1315/415 51/1316/783 1749/1317/420
f 51/1318/783 362/644/415 1030/643/414
f 51/1318/783 1030/643/414 1281/648/419
f 1999/647/418 51/1318/783 1281/648/419
f 1749/1317/420 51/1316/783 1920/1319/422
f 51/1316/783 1999/1320/418 1920/1319/422
f 1781/1321/784 928/1322/423 1813/1323/785
f 928/653/423 1781/1324/784 504/654/70
f 434/1325/440 1234/1326/786 539/1327/441
f 1723/1328/787 1781/1329/784 1813/1330/785
f 1781/1331/784 1723/1332/787 1287/1333/788
f 1399/646/417 1966/1334/789 539/1327/441
f 1966/1334/789 184/1335/439 539/1327/441
f 1939/1336/790 891/650/421 1920/652/422
f 1999/1320/418 1939/1337/790 1920/1319/422
f 1399/646/417 1939/1336/790 1999/647/418
f 740/1338/791 891/1339/421 1813/1323/785
f 928/1322/423 740/1338/791 1813/1323/785
f 891/1340/421 740/1341/791 1543/1342/39
f 740/1341/791 928/1343/423 1543/1342/39
f 964/1344/792 1855/1345/647 1844/1346/427
f 1434/666/430 1824/1347/793 1365/672/435
f 1824/1348/793 1831/1349/433 1030/1350/414
f 1831/670/433 1257/1351/794 1281/648/419
f 1257/1351/794 1399/646/417 1281/648/419
f 1257/1351/794 1966/1334/789 1399/646/417
f 184/1335/439 1257/1351/794 417/1352/795
f 1966/1334/789 1257/1351/794 184/1335/439
f 475/1353/796 1030/643/414 155/645/416
f 1989/1354/797 475/1353/796 1325/1355/174
f 971/1356/798 1989/1354/797 1325/1355/174
f 465/550/355 971/1356/798 228/551/356
f 1299/1357/799 971/1356/798 465/550/355
f 971/1358/798 1299/1359/799 269/1360/800
f 126/1361/801 1781/1362/784 780/1363/802
f 126/1364/801 1577/1365/436 504/1366/70
f 1781/1367/784 126/1364/801 504/1366/70
f 1564/1368/803 118/678/437 899/1369/804
f 118/678/437 1564/1368/803 1727/679/177
f 1564/1368/803 682/689/446 1727/679/177
f 118/678/437 1206/1370/805 1287/1371/788
f 1206/1372/805 118/1373/437 351/1374/176
f 1577/1365/436 1206/1372/805 351/1374/176
f 126/1364/801 1206/1372/805 1577/1365/436
f 434/1325/440 1741/1375/806 899/1369/804
f 1338/1376/442 1741/1375/806 434/1325/440
f 1741/1375/806 1564/1368/803 899/1369/804
f 1564/1368/803 1741/1375/806 677/1377/807
f 1602/1378/808 415/642/413 392/1379/809
f 567/1288/768 1784/1380/810 892/1289/769
f 1784/1380/810 417/1352/795 892/1289/769
f 1784/1380/810 184/1335/439 417/1352/795
f 486/1381/811 806/1382/179 487/1383/74
f 1107/686/443 486/1384/811 487/136/74
f 486/1385/811 1699/1386/812 806/295/179
f 836/293/178 1565/1387/813 1042/134/73
f 415/642/413 1632/1388/814 392/1379/809
f 1420/687/444 1632/1388/814 415/642/413
f 1632/1389/814 158/1390/815 392/1391/809
f 158/1392/815 1217/1393/816 677/1377/807
f 1892/1394/75 76/1395/817 1389/1396/77
f 76/1395/817 356/694/447 1389/1396/77
f 76/1395/817 1057/1397/818 356/694/447
f 1057/1397/818 76/1395/817 1348/1398/819
f 914/1399/820 800/697/450 1233/296/180
f 1668/1400/821 914/1401/820 659/1402/822
f 914/1399/820 1668/1403/821 800/697/450
f 85/1404/823 1770/1405/824 1233/296/180
f 1770/1405/824 622/1406/825 1233/296/180
f 318/1407/826 1830/1408/451 1106/1409/519
f 1830/698/451 318/1410/826 32/699/452
f 1661/783/509 1828/1411/827 473/782/508
f 1828/1412/827 1663/1413/828 473/1414/508
f 1828/1415/827 725/1416/511 1050/1417/829
f 911/1418/830 1106/793/519 473/1414/508
f 1663/1413/828 911/1418/830 473/1414/508
f 318/1410/826 911/1418/830 32/699/452
f 911/1418/830 622/1406/825 32/699/452
f 1951/709/459 125/1419/831 664/707/457
f 125/1419/831 725/785/511 664/707/457
f 125/1420/831 820/1421/832 1050/1422/829
f 725/785/511 125/1419/831 1050/1423/829
f 1328/1424/833 837/1425/834 1050/1423/829
f 820/1426/832 1328/1424/833 1050/1423/829
f 272/1427/835 1020/1428/836 1189/1429/837
f 1487/1430/838 893/1431/839 1951/1432/459
f 893/1431/839 125/1433/831 1951/1432/459
f 125/1434/831 893/1435/839 820/1436/832
f 339/1437/461 1696/1438/840 345/141/50
f 1696/1438/840 339/1437/461 407/1439/462
f 1580/1440/464 1696/1438/840 407/1439/462
f 1696/1438/840 1133/142/79 345/141/50
f 1696/1441/840 1580/717/464 1133/300/79
f 1307/724/467 1881/1442/841 1642/725/186
f 1642/307/186 1881/1443/841 1618/381/234
f 1881/1443/841 1453/379/232 1618/381/234
f 526/309/187 1218/1444/842 1144/310/2
f 1212/1445/468 1218/1444/842 526/309/187
f 1039/1446/843 1212/726/468 345/85/50
f 1039/1446/843 1154/84/48 1144/41/2
f 1154/84/48 1039/1446/843 345/85/50
f 1218/1447/842 1039/1446/843 1144/41/2
f 1039/1448/843 1218/1444/842 1212/1445/468
f 687/727/469 1155/1449/844 1051/728/470
f 1038/149/84 1803/1450/845 390/152/87
f 687/1451/469 1803/1452/845 1038/1453/84
f 1803/1454/845 687/1455/469 643/1456/466
f 1069/719/465 1803/1450/845 643/721/466
f 1803/1450/845 1069/719/465 390/152/87
f 1105/1457/846 288/1458/847 73/1459/848
f 288/1460/847 1552/1461/478 73/1462/848
f 1151/1463/476 288/1464/847 735/1465/477
f 288/1458/847 1105/1457/846 735/735/477
f 288/1458/847 2003/737/479 1552/736/478
f 2003/1466/479 288/1464/847 1151/1463/476
f 87/1467/849 1574/729/471 992/732/474
f 87/1467/849 687/727/469 1038/149/84
f 1574/729/471 87/1467/849 1038/149/84
f 87/1467/849 1177/733/475 735/735/477
f 1155/1449/844 87/1467/849 735/735/477
f 87/1467/849 1155/1449/844 687/727/469
f 1177/733/475 412/1468/850 1151/734/476
f 412/1469/850 2003/1466/479 1151/1463/476
f 412/1468/850 1177/733/475 647/862/560
f 412/1468/850 647/862/560 363/738/480
f 2003/737/479 412/1468/850 363/738/480
f 1066/1470/851 1630/1471/852 167/311/188
f 1630/1471/852 1640/739/481 167/311/188
f 1630/1471/852 1066/1470/851 90/331/199
f 1974/145/81 1630/1471/852 90/331/199
f 1640/739/481 1630/1471/852 1974/145/81
f 1720/1472/853 1321/1473/854 1336/1474/855
f 1321/1473/854 1105/1457/846 1336/1474/855
f 1105/1475/846 1321/1476/854 1912/1477/856
f 413/1478/857 1720/1472/853 1336/1474/855
f 1731/1479/485 489/1480/858 714/1481/486
f 489/1482/858 1878/741/483 832/325/196
f 489/1480/858 1731/1479/485 1878/1483/483
f 445/1484/859 1731/1485/485 1728/1486/484
f 445/1487/859 1228/1488/498 878/1489/500
f 1228/1490/498 445/1484/859 1728/1486/484
f 1878/1491/483 445/1487/859 878/1489/500
f 1731/1492/485 445/1487/859 1878/1491/483
f 904/1493/860 1064/464/292 420/463/291
f 637/746/488 904/1493/860 420/463/291
f 904/1493/860 637/746/488 1119/758/494
f 157/747/489 282/1494/861 750/748/490
f 282/1494/861 1594/978/624 750/748/490
f 490/1495/862 1605/1221/733 119/314/190
f 490/1496/862 282/1497/861 157/1498/489
f 1605/1499/733 490/1500/862 1645/1501/491
f 490/1502/862 157/747/489 1645/749/491
f 490/1495/862 119/314/190 1693/751/493
f 282/1503/861 490/1495/862 1693/751/493
f 376/1504/863 1119/755/494 262/757/193
f 784/1505/192 376/1506/863 262/1507/193
f 1706/1508/864 1552/736/478 363/738/480
f 1193/1509/865 784/1510/192 1812/1511/189
f 1223/1512/495 1193/1513/865 1812/1514/189
f 1382/1515/198 1433/1516/866 1974/1517/81
f 1791/1518/501 1433/1519/866 1382/1520/198
f 1433/1519/866 313/1521/89 1974/1522/81
f 1433/1519/866 1791/1518/501 313/1521/89
f 866/1523/503 102/1524/867 1164/334/202
f 102/1524/867 866/1523/503 1272/1525/868
f 1048/1526/869 205/792/518 256/1527/870
f 1106/793/519 1048/1526/869 473/1414/508
f 205/792/518 1048/1526/869 1106/793/519
f 1390/1528/871 1035/1529/872 1944/1530/873
f 1096/1531/874 1390/1532/871 1944/1533/873
f 1194/1534/875 1811/1535/504 105/1536/505
f 1035/1537/872 1194/1538/875 1944/1533/873
f 1194/1538/875 105/778/505 1944/1533/873
f 916/1539/876 797/1540/510 307/1541/506
f 916/1542/876 1096/1543/874 1944/1544/873
f 797/1545/510 916/1546/876 1944/1547/873
f 105/778/505 886/1548/877 1944/1533/873
f 725/785/511 886/1548/877 105/778/505
f 886/1549/877 1828/1550/827 1661/1551/509
f 1828/1415/827 886/1552/877 725/1416/511
f 957/1553/878 624/332/200 1164/334/202
f 624/332/200 864/1554/879 382/1555/880
f 957/1553/878 864/1554/879 624/332/200
f 864/1556/879 957/1557/878 1895/1558/881
f 1936/1559/882 29/1560/883 881/1561/884
f 1117/1562/885 29/1563/883 344/1564/886
f 29/1565/883 1117/1566/885 881/1567/884
f 29/1565/883 1677/789/515 344/1568/886
f 29/1560/883 1936/1559/882 191/1569/516
f 1677/789/515 29/1565/883 191/790/516
f 1031/1570/887 1447/1571/888 115/1572/889
f 1031/1573/887 1936/1574/882 881/1567/884
f 1758/1575/890 1031/1573/887 881/1567/884
f 1031/1570/887 1758/1576/890 1447/1571/888
f 708/1577/891 1308/1578/892 1445/1579/893
f 753/1580/894 1017/1305/780 154/641/412
f 1271/1581/895 888/1582/896 705/1583/897
f 888/1584/896 1271/1585/895 1126/1586/898
f 1271/1587/895 697/1588/778 1126/1589/898
f 753/1590/894 1188/1591/899 1017/1592/780
f 888/1593/896 1188/1594/899 1987/1595/900
f 1188/1594/899 888/1593/896 1126/1596/898
f 1188/1597/899 697/1598/778 1017/1599/780
f 697/1303/778 1188/1594/899 1126/1596/898
f 1777/1600/901 1830/698/451 1186/705/455
f 1777/1600/901 205/792/518 1830/698/451
f 205/792/518 1777/1600/901 256/1527/870
f 593/1601/902 1353/796/522 304/1602/903
f 1353/796/522 823/1603/904 304/1602/903
f 283/1604/905 1742/806/532 967/1605/906
f 1654/1606/907 283/1604/905 2004/802/528
f 1742/806/532 1654/1606/907 1470/807/533
f 283/1604/905 1654/1606/907 1742/806/532
f 1742/1607/532 379/1608/908 873/1609/909
f 379/1610/908 593/1601/902 873/1611/909
f 593/1601/902 379/1610/908 1353/796/522
f 325/1612/910 1617/805/531 1243/797/523
f 1617/805/531 325/1612/910 1742/806/532
f 325/1613/910 379/1614/908 1742/1615/532
f 1410/1616/911 1546/1617/534 1221/1618/526
f 1954/810/536 1018/1619/912 867/801/527
f 1208/1620/524 1018/1621/912 3/1622/913
f 1018/1619/912 1208/798/524 867/801/527
f 1018/1623/912 1380/1624/914 3/1625/913
f 1755/1626/915 1018/1627/912 1954/1628/536
f 1755/1629/915 1617/805/531 1380/1630/914
f 1018/1619/912 1755/1629/915 1380/1630/914
f 1896/787/513 1522/1631/916 963/788/514
f 1522/1632/916 56/1633/917 963/1634/514
f 1357/385/238 1719/1635/918 1139/384/237
f 1029/885/577 324/1636/919 297/380/233
f 324/1636/919 1416/811/537 297/380/233
f 324/1636/919 1719/1635/918 1416/811/537
f 324/1637/919 1029/1638/577 1139/1639/237
f 1719/1635/918 324/1636/919 1139/384/237
f 1681/1640/920 1495/812/538 1516/183/104
f 1681/1640/920 1516/183/104 1976/185/106
f 1495/812/538 1870/1641/921 1462/339/204
f 418/1642/922 1613/859/557 1161/861/559
f 1613/859/557 418/1642/922 890/1643/923
f 418/1642/922 1528/813/539 1145/340/205
f 1261/1644/924 418/1642/922 1145/340/205
f 767/175/100 494/1645/925 933/298/182
f 1930/1646/209 1063/1647/926 809/1648/210
f 373/1649/927 1911/1650/555 1070/1651/224
f 373/1649/927 558/1652/928 1816/1653/556
f 1911/1654/555 373/1655/927 1816/1656/556
f 739/1657/929 541/1658/930 452/1659/931
f 541/1660/930 1982/1661/932 1711/1662/933
f 543/1663/934 1869/1664/541 713/1665/935
f 1063/1647/926 543/1663/934 713/1665/935
f 543/1663/934 1063/1647/926 1930/1646/209
f 46/351/213 543/1666/934 1930/352/209
f 1869/815/541 543/1667/934 46/349/213
f 783/816/542 1571/1668/936 1022/341/206
f 1571/1669/936 254/1670/937 152/1671/15
f 1571/1669/936 152/1671/15 161/1672/1
f 1022/1673/206 1571/1669/936 161/1672/1
f 1571/1668/936 875/1674/938 758/1675/939
f 1140/1676/940 480/814/540 1142/1677/941
f 1140/1676/940 783/816/542 480/814/540
f 875/1678/938 1140/1679/940 1142/1680/941
f 1140/1676/940 1571/1668/936 783/816/542
f 1571/1668/936 1140/1676/940 875/1674/938
f 1136/1681/942 207/1682/943 315/1683/944
f 1063/1647/926 1136/1684/942 1921/1685/945
f 1136/1684/942 1063/1647/926 713/1665/935
f 207/1682/943 1136/1681/942 713/1686/935
f 1377/1687/946 875/1678/938 1142/1680/941
f 875/1674/938 1377/1688/946 758/1675/939
f 1625/1689/947 1377/1687/946 1142/1680/941
f 19/1690/948 589/818/544 1025/820/55
f 502/817/543 19/1691/948 1025/95/55
f 1978/821/546 182/1692/949 941/182/103
f 1759/1693/950 558/1694/928 515/829/549
f 1436/828/548 1759/1693/950 515/829/549
f 69/1695/951 1436/1696/548 114/1697/547
f 69/1698/951 1245/1699/952 1568/1700/953
f 368/1701/954 492/1702/955 1245/1703/952
f 492/1702/955 1806/819/545 589/818/544
f 1684/1704/956 113/362/219 1545/361/207
f 1684/1705/956 1747/831/550 113/830/219
f 1684/1704/956 1545/361/207 161/1706/1
f 1747/831/550 1684/1705/956 161/344/1
f 1735/1707/957 209/1708/552 1615/1709/222
f 209/849/552 1735/1710/957 1468/850/223
f 1070/371/224 1735/1707/957 1615/1709/222
f 1735/1707/957 1070/371/224 1468/370/223
f 1419/860/558 610/1711/958 1289/863/561
f 1289/863/561 610/1711/958 354/1712/959
f 658/1713/960 1419/860/558 1613/859/557
f 658/1714/960 1391/1715/961 1419/1716/558
f 973/1717/962 651/864/562 1238/866/226
f 973/1718/962 1288/1719/963 651/1720/562
f 1288/1721/963 973/1722/962 1601/1723/964
f 802/1237/739 973/1717/962 1238/866/226
f 1045/1724/965 226/869/565 259/870/566
f 1220/879/573 623/1725/966 1561/799/525
f 1561/799/525 623/1725/966 1221/800/526
f 623/1725/966 1410/1726/911 1221/800/526
f 1579/1727/967 1351/865/563 651/864/562
f 226/869/565 1579/1727/967 651/864/562
f 1351/867/563 1579/1728/967 1929/868/564
f 1579/1729/967 1220/1730/573 1929/1731/564
f 1579/1727/967 623/1725/966 1220/879/573
f 1143/873/569 1904/1732/968 259/870/566
f 1045/1724/965 1904/1732/968 998/1733/969
f 1904/1732/968 1045/1724/965 259/870/566
f 1904/1732/968 1599/874/570 998/1733/969
f 1904/1732/968 1143/873/569 1599/874/570
f 79/1734/970 1145/340/205 231/171/96
f 79/1734/970 652/871/567 1145/340/205
f 67/1735/571 1049/1736/971 1701/1737/228
f 1244/1738/227 145/1739/972 553/1740/572
f 1220/879/573 145/1741/972 1244/876/227
f 145/1741/972 1220/879/573 243/1742/973
f 349/803/529 336/1743/974 98/804/530
f 401/1744/975 336/1743/974 349/803/529
f 1424/1745/976 46/351/213 172/353/211
f 596/881/574 1424/1746/976 172/347/211
f 1825/1747/230 1606/1748/977 309/1749/231
f 1459/1750/978 648/1751/979 809/1752/210
f 809/346/210 648/1753/979 172/347/211
f 648/1753/979 1825/377/230 172/347/211
f 33/1754/980 1007/1755/236 49/1756/235
f 1555/1757/981 1424/1746/976 936/1758/982
f 153/1759/983 1254/1760/984 766/716/463
f 339/714/461 153/1759/983 766/716/463
f 1212/726/468 153/1759/983 339/714/461
f 454/1761/576 398/1762/985 1029/1763/577
f 398/1764/985 49/382/235 1139/384/237
f 1029/1763/577 398/1762/985 1139/1765/237
f 1040/1766/986 1065/1767/578 1833/1768/86
f 258/386/239 1040/1769/986 1833/151/86
f 1040/1769/986 258/386/239 1415/391/241
f 577/395/242 1040/1770/986 1415/396/241
f 1065/889/578 1040/1769/986 577/392/242
f 1057/1397/818 250/1771/987 356/694/447
f 250/1772/987 893/1431/839 1487/1430/838
f 84/1773/988 134/1774/989 211/1775/990
f 106/1776/991 211/1775/990 749/903/584
f 106/1777/991 628/907/587 857/403/248
f 198/918/591 106/1777/991 857/403/248
f 211/1775/990 106/1776/991 198/1778/591
f 93/905/586 919/1779/992 922/413/255
f 628/908/587 919/1779/992 93/905/586
f 106/1776/991 919/1779/992 628/908/587
f 868/1780/993 1716/916/589 198/918/591
f 1716/1781/589 868/1782/993 163/1783/247
f 868/1780/993 198/918/591 857/403/248
f 163/402/247 868/1780/993 857/403/248
f 217/1784/994 983/1785/995 1401/1786/996
f 217/1787/994 1636/1788/593 907/1789/581
f 1636/921/593 217/1790/994 1401/1791/996
f 983/1792/995 217/1790/994 1189/1429/837
f 1020/1428/836 602/1793/997 1189/1429/837
f 602/1793/997 983/1792/995 1189/1429/837
f 1943/416/258 1021/1794/998 264/411/253
f 1730/1795/999 1021/1794/998 1337/1796/1000
f 1819/925/597 506/1797/1001 514/192/110
f 1997/1798/1002 506/1797/1001 1167/1799/1003
f 514/192/110 506/1797/1001 850/193/95
f 506/1797/1001 1997/1798/1002 850/193/95
f 440/924/596 1379/1800/1004 1819/925/597
f 1379/1801/1004 1730/1802/999 1819/1803/597
f 1379/1800/1004 440/924/596 1868/923/595
f 1505/409/251 1379/1800/1004 1868/923/595
f 1379/1800/1004 1505/409/251 264/411/253
f 1021/1794/998 1379/1800/1004 264/411/253
f 1379/1804/1004 1021/1805/998 1730/1806/999
f 1730/1802/999 1100/1807/1005 1819/1803/597
f 1100/1808/1005 1730/1809/999 1337/1810/1000
f 1980/1811/1006 1880/930/599 348/1812/601
f 1880/930/599 1980/1811/1006 474/418/260
f 979/1813/266 1679/1814/1007 798/422/262
f 1679/1814/1007 1865/438/274 798/422/262
f 1865/438/274 1679/1814/1007 1098/940/604
f 194/1815/1008 1185/213/127 731/212/126
f 68/944/608 194/1815/1008 731/212/126
f 194/1815/1008 68/944/608 908/462/290
f 1810/499/318 194/1815/1008 908/462/290
f 194/1815/1008 1810/499/318 1185/213/127
f 1760/946/610 1726/1816/1009 96/947/611
f 1726/1817/1009 639/1142/699 96/1144/611
f 1551/1129/697 1726/1816/1009 731/212/126
f 1726/1816/1009 843/435/271 731/212/126
f 1726/1816/1009 644/436/272 843/435/271
f 1726/1816/1009 1760/946/610 644/436/272
f 681/1818/1010 1001/1819/275 748/1820/277
f 681/1821/1010 927/1822/612 1001/1823/275
f 1847/958/268 681/1824/1010 748/959/277
f 927/1822/612 681/1821/1010 1847/1825/268
f 1865/438/274 1657/1826/1011 1246/423/263
f 1657/1826/1011 927/948/612 1246/423/263
f 927/948/612 1657/1826/1011 1001/953/275
f 141/1827/1012 966/950/276 1479/952/609
f 1953/1828/615 141/1827/1012 1479/952/609
f 966/950/276 141/1827/1012 748/1829/277
f 141/1830/1012 1460/957/614 748/959/277
f 141/1831/1012 1953/964/615 1460/963/614
f 1840/1832/1013 592/969/619 999/448/281
f 1840/1833/1013 1971/982/626 536/984/627
f 50/941/605 1840/1832/1013 536/987/627
f 592/969/619 1840/1832/1013 50/941/605
f 1405/202/117 1008/1834/1014 1692/203/11
f 905/1835/616 1008/1836/1014 1405/1837/117
f 1008/1834/1014 690/1838/280 1692/203/11
f 1008/1836/1014 905/1835/616 690/1839/280
f 1745/1840/1015 383/967/617 999/448/281
f 1225/968/618 1745/1840/1015 999/448/281
f 1027/446/113 921/1841/1016 1110/1842/33
f 383/1843/617 921/1844/1016 1027/1845/113
f 921/1841/1016 177/1846/61 1110/1842/33
f 1722/1847/1017 323/452/284 496/451/283
f 1722/1848/1017 1225/1849/618 323/1850/284
f 1751/1851/1018 1587/970/620 1097/198/114
f 1587/1852/620 1751/1853/1018 1456/1854/1019
f 1751/1851/1018 1097/198/114 1099/200/116
f 565/1855/1020 1647/1856/62 484/973/63
f 1587/970/620 565/1855/1020 484/973/63
f 565/1857/1020 1587/1858/620 1456/1859/1019
f 833/1860/1021 1097/198/114 13/971/621
f 1452/1861/625 77/1862/1022 1797/1863/1023
f 77/1862/1022 833/1860/1021 13/971/621
f 1762/972/622 77/1862/1022 13/971/621
f 77/1862/1022 1762/972/622 1797/1863/1023
f 179/1864/1024 282/1503/861 1693/751/493
f 282/1494/861 179/1865/1024 1594/978/624
f 1277/1866/1025 132/1867/1026 255/745/487
f 81/1868/1027 132/1867/1026 1277/1866/1025
f 81/1868/1027 637/746/488 255/745/487
f 132/1869/1026 81/1870/1027 255/1871/487
f 361/1872/286 1120/1873/1028 536/1874/627
f 1120/1875/1028 357/1876/628 536/1877/627
f 1316/1878/1029 432/461/289 50/941/605
f 357/1879/628 1316/1880/1029 50/1881/605
f 978/1882/1030 592/1883/619 50/1884/605
f 592/969/619 978/1885/1030 472/453/265
f 978/1886/1030 1426/424/264 472/426/265
f 978/1886/1030 979/1887/266 1426/424/264
f 978/1885/1030 1286/1888/1031 979/1813/266
f 1629/1889/603 950/1890/1032 50/1891/605
f 950/1892/1032 978/1882/1030 50/1884/605
f 978/1882/1030 950/1892/1032 1286/1893/1031
f 35/1894/1033 1044/1895/638 1526/1896/643
f 1044/1897/638 35/1898/1033 95/1899/639
f 1925/1900/1034 1786/1004/641 1235/612/393
f 1925/1900/1034 759/610/391 684/1901/1035
f 1925/1900/1034 1235/612/393 759/610/391
f 1925/1900/1034 546/1007/644 1786/1004/641
f 1786/1004/641 940/1902/1036 1235/612/393
f 940/1902/1036 1775/1903/1037 563/1904/1038
f 1235/612/393 940/1902/1036 563/1904/1038
f 940/1902/1036 1786/1004/641 1044/1001/638
f 940/1902/1036 1044/1001/638 1418/1003/640
f 1182/1905/1039 1925/1906/1034 684/1907/1035
f 1925/1900/1034 1182/1908/1039 546/1007/644
f 1609/1909/1040 527/1910/1041 525/1911/1042
f 527/1910/1041 1609/1909/1040 1633/1912/1043
f 527/1910/1041 738/1913/1044 525/1911/1042
f 738/1913/1044 423/1008/645 525/1911/1042
f 35/1914/1033 738/1913/1044 95/1002/639
f 95/1002/639 738/1913/1044 1633/1912/1043
f 738/1913/1044 527/1910/1041 1633/1912/1043
f 1609/1909/1040 1739/1915/1045 1644/1916/1046
f 1739/1915/1045 1609/1909/1040 525/1911/1042
f 45/1015/650 1963/1917/1047 1721/216/130
f 1963/1917/1047 45/1015/650 1481/510/329
f 706/1242/371 1744/1918/1048 711/1919/372
f 930/1920/1049 168/1024/653 1364/1921/1050
f 930/1920/1049 1650/1022/651 1596/615/395
f 168/1024/653 930/1920/1049 1596/615/395
f 1391/1715/961 1965/1922/1051 329/1923/1052
f 1965/1922/1051 658/1714/960 31/1924/1053
f 658/1714/960 1965/1922/1051 1391/1715/961
f 610/1925/958 1473/1926/1054 354/1927/959
f 1473/1928/1054 610/1711/958 329/1929/1052
f 1965/1930/1051 1473/1928/1054 329/1929/1052
f 1473/1928/1054 1965/1930/1051 507/1931/1055
f 920/1932/1056 1064/1933/292 300/1934/1057
f 920/1935/1056 1481/510/329 1064/464/292
f 1298/1936/1058 688/473/301 260/472/300
f 1637/1937/657 1298/1938/1058 260/1939/300
f 1298/1936/1058 591/1060/670 688/473/301
f 1298/1940/1058 1637/1941/657 549/1942/658
f 591/1060/670 1298/1936/1058 549/1029/658
f 585/1943/1059 1303/1944/659 1404/1945/302
f 1303/1033/659 585/1946/1059 1556/1947/1060
f 388/1948/1061 1807/1949/668 959/1950/671
f 772/1951/661 388/1948/1061 959/1950/671
f 1604/1952/1062 148/1953/298 544/1954/297
f 1556/1947/1060 1604/1952/1062 1317/1955/1063
f 1604/1952/1062 585/1946/1059 1404/474/302
f 585/1946/1059 1604/1952/1062 1556/1947/1060
f 829/1956/1064 1127/1957/660 1034/1958/328
f 702/1110/686 829/1959/1064 1034/509/328
f 656/1960/1065 794/1961/303 1793/1962/316
f 1327/1963/1066 703/1027/656 794/475/303
f 1327/1963/1066 772/1964/661 959/1965/671
f 1327/1963/1066 591/1060/670 549/1029/658
f 591/1060/670 1327/1963/1066 959/1965/671
f 555/1039/662 461/1966/1067 633/1967/1068
f 461/1966/1067 555/1039/662 790/1042/663
f 1441/1043/664 1588/1968/1069 790/1042/663
f 1588/1968/1069 461/1966/1067 790/1042/663
f 1952/467/295 1588/1968/1069 1544/468/296
f 461/1969/1067 1588/1970/1069 1952/1971/295
f 275/1972/1070 123/486/309 734/485/308
f 289/1973/676 275/1974/1070 734/1975/308
f 275/1974/1070 289/1973/676 1877/1976/313
f 225/1977/1071 1845/1090/681 242/1041/317
f 1845/1978/681 225/1979/1071 949/1980/680
f 923/496/315 225/1979/1071 242/497/317
f 225/1979/1071 923/496/315 949/1980/680
f 299/1981/1072 1203/1101/684 1437/502/321
f 299/1981/1072 355/1982/1073 292/1112/689
f 355/1982/1073 299/1981/1072 1437/502/321
f 1408/506/325 299/1981/1072 292/1112/689
f 457/505/324 299/1981/1072 1408/506/325
f 1203/1101/684 299/1981/1072 457/505/324
f 961/1983/1074 1952/467/295 1535/466/294
f 195/1984/692 961/1985/1074 1535/1986/294
f 461/1966/1067 1058/1987/1075 633/1967/1068
f 1058/1988/1075 461/1969/1067 1952/1971/295
f 1058/1987/1075 364/508/327 633/1967/1068
f 1058/1989/1075 195/1990/692 364/1991/327
f 961/1985/1074 1058/1992/1075 1952/1993/295
f 1058/1992/1075 961/1985/1074 195/1984/692
f 702/1994/686 183/1995/1076 468/1996/687
f 1150/1111/688 1191/1997/1077 1851/511/330
f 1191/1997/1077 1178/1113/690 1851/511/330
f 1258/1157/703 287/1998/1078 1344/269/163
f 287/1998/1078 1258/1157/703 1705/516/335
f 287/1998/1078 1395/270/164 1344/269/163
f 1395/270/164 287/1998/1078 291/524/339
f 291/524/339 287/1998/1078 1046/1160/702
f 287/1998/1078 1705/516/335 1046/1160/702
f 1520/1999/1079 1115/520/337 462/7/7
f 673/2000/1080 1479/945/609 1296/522/134
f 218/1246/743 316/2001/1081 1627/527/166
f 316/2002/1081 218/1244/743 1531/1243/742
f 1655/2003/1082 1616/1164/706 825/1275/138
f 1655/2004/1082 825/2005/138 234/2006/69
f 1080/525/340 1655/2003/1082 234/124/69
f 1655/2003/1082 316/2001/1081 965/2007/1083
f 732/2008/1084 1536/1165/707 1616/1164/706
f 1536/1165/707 1134/2009/1085 1329/1166/708
f 1483/2010/386 1134/2011/1085 595/2012/754
f 1134/2009/1085 1483/605/386 1329/1166/708
f 1134/2009/1085 1536/1165/707 1949/2013/1086
f 466/1168/710 346/2014/1087 1156/2015/1088
f 346/2014/1087 466/1168/710 863/536/342
f 466/1168/710 654/2016/1089 1531/2017/742
f 654/2016/1089 316/2001/1081 1531/2017/742
f 316/2018/1081 654/2019/1089 965/2020/1083
f 654/2016/1089 466/1168/710 1156/2015/1088
f 1977/2021/1090 1531/2017/742 1674/204/118
f 1977/2021/1090 466/1168/710 1531/2017/742
f 1977/2021/1090 1674/204/118 729/206/120
f 1890/476/304 1977/2021/1090 729/206/120
f 466/1168/710 1977/2021/1090 1890/476/304
f 1438/1167/709 575/2022/1091 1349/1012/630
f 1204/2023/1092 943/2024/1093 1384/2025/1094
f 551/2026/1095 943/2027/1093 1204/2028/1092
f 943/2024/1093 1836/2029/760 1384/2025/1094
f 1121/2030/1096 1204/2031/1092 66/2032/1097
f 1121/2033/1096 551/2034/1095 1204/2035/1092
f 1910/539/345 1121/2030/1096 66/2032/1097
f 551/2036/1095 1121/2030/1096 719/2037/1098
f 1121/2030/1096 1910/539/345 1780/244/148
f 1354/546/352 1121/2030/1096 1780/244/148
f 1688/1251/748 1121/2030/1096 1354/546/352
f 808/2038/1099 569/1173/713 1196/1175/715
f 808/2039/1099 953/2040/761 1264/2041/763
f 953/1278/761 808/2038/1099 1196/1175/715
f 216/1176/716 88/2042/1100 846/1177/714
f 1486/1178/717 88/2042/1100 216/1176/716
f 88/2042/1100 1486/1178/717 463/540/346
f 579/2043/1101 835/2044/719 1231/2045/1102
f 181/665/429 579/2046/1101 1893/668/426
f 579/2046/1101 181/665/429 1450/667/431
f 835/2044/719 579/2043/1101 1450/2047/431
f 699/2048/1103 1299/1357/799 465/550/355
f 679/541/347 699/2048/1103 465/550/355
f 1486/1178/717 699/2048/1103 679/541/347
f 699/2048/1103 1486/1178/717 216/1176/716
f 1299/1357/799 699/2048/1103 216/1176/716
f 1583/2049/1104 629/2050/718 1450/667/431
f 189/2051/1105 1299/1357/799 216/1176/716
f 1583/2049/1104 189/2051/1105 629/2050/718
f 189/2051/1105 1583/2049/1104 1299/1357/799
f 1101/548/353 1779/2052/1106 290/542/348
f 1598/2053/722 1779/2054/1106 1101/2055/353
f 1779/2056/1106 53/2057/721 290/2058/348
f 822/2059/1107 1510/549/354 482/555/154
f 813/2060/725 822/2059/1107 482/555/154
f 1510/549/354 822/2059/1107 465/550/355
f 822/2059/1107 679/541/347 465/550/355
f 679/541/347 1431/2061/1108 290/542/348
f 1431/2061/1108 1631/547/153 290/542/348
f 1431/2061/1108 813/2060/725 1631/547/153
f 822/2059/1107 1431/2061/1108 679/541/347
f 1431/2061/1108 822/2059/1107 813/2060/725
f 1713/1193/726 86/2062/1109 1510/549/354
f 86/2062/1109 1713/1193/726 235/552/357
f 1510/549/354 86/2062/1109 482/555/154
f 86/2062/1109 235/552/357 482/555/154
f 931/2063/1110 1592/2064/727 649/559/361
f 1882/2065/1111 931/2063/1110 649/559/361
f 931/2063/1110 1882/2065/1111 1383/111/65
f 1592/1197/727 931/2066/1110 1725/1198/155
f 931/2063/1110 1383/111/65 1187/110/37
f 1853/2067/66 931/2063/1110 1187/110/37
f 931/2066/1110 1853/2068/66 1509/2069/4
f 1725/1198/155 931/2066/1110 1509/2069/4
f 609/568/364 1024/2070/1112 16/557/359
f 1024/2071/1112 649/2072/361 16/2073/359
f 1192/2074/1113 1910/539/345 66/2032/1097
f 1355/560/362 1192/2074/1113 686/567/363
f 1192/2074/1113 1355/560/362 1910/539/345
f 1192/2074/1113 1641/1210/723 686/567/363
f 1641/1210/723 1359/2075/1114 670/2076/724
f 811/2077/1115 1359/2075/1114 1641/1210/723
f 1359/2075/1114 53/1187/721 670/2076/724
f 1138/2078/1116 1204/2079/1092 1384/2080/1094
f 1204/2031/1092 1138/2081/1116 66/2032/1097
f 906/1212/730 6/2082/1117 609/568/364
f 609/568/364 6/2082/1117 1899/250/152
f 6/2082/1117 723/1211/729 1899/250/152
f 723/1211/729 6/2082/1117 686/567/363
f 6/2082/1117 906/1212/730 686/567/363
f 94/2083/1118 1265/2084/736 278/2085/497
f 94/2086/1118 1228/762/498 751/315/191
f 1228/762/498 94/2086/1118 278/761/497
f 519/1224/735 94/2086/1118 751/315/191
f 1265/2084/736 94/2083/1118 519/2087/735
f 986/2088/1119 1265/2089/736 1559/2090/160
f 1265/2089/736 986/2088/1119 1157/2091/496
f 1292/323/195 986/2092/1119 1559/324/160
f 1157/2091/496 986/2088/1119 1292/2093/195
f 1016/1229/737 44/2094/1120 701/1233/285
f 1222/2095/1121 372/1234/738 1922/1236/409
f 1222/2096/1121 779/632/407 1184/629/404
f 779/637/407 1222/2097/1121 1922/638/409
f 1397/575/366 674/2098/1122 1622/576/367
f 802/1237/739 674/2098/1122 1397/575/366
f 674/2098/1122 1222/2096/1121 1622/576/367
f 1222/2096/1121 674/2098/1122 372/2099/738
f 372/2099/738 674/2098/1122 548/2100/408
f 674/2098/1122 1049/2101/971 548/2100/408
f 674/2098/1122 802/1237/739 1701/878/228
f 1049/1736/971 674/2102/1122 1701/1737/228
f 39/2103/1123 1613/859/557 890/1643/923
f 39/2103/1123 658/1713/960 1613/859/557
f 658/1713/960 39/2103/1123 31/2104/1053
f 566/2105/1124 1397/2106/366 510/2107/368
f 787/1238/740 1856/2108/1125 1595/1239/370
f 1293/2109/403 1856/2110/1125 1184/2111/404
f 1856/2108/1125 787/1238/740 1184/629/404
f 1856/2112/1125 1472/2113/171 662/2114/173
f 1595/2115/370 1856/2116/1125 662/2117/173
f 1856/2112/1125 1846/2118/400 1472/2113/171
f 1856/2112/1125 1293/2119/403 1846/2118/400
f 221/2120/741 1752/2121/1126 1184/2122/404
f 1752/2123/1126 221/1240/741 1622/576/367
f 1752/2124/1126 1222/2125/1121 1184/2126/404
f 1222/2096/1121 1752/2123/1126 1622/576/367
f 716/2127/744 1033/2128/1127 968/2129/745
f 142/2130/1128 528/1258/752 595/1260/754
f 1041/2131/1129 1438/1167/709 612/1014/649
f 1750/1256/750 1850/2132/1130 1198/598/379
f 1850/2132/1130 1750/1256/750 618/599/380
f 672/2133/1131 1850/2134/1130 618/2135/380
f 1850/2132/1130 393/596/377 1198/598/379
f 1366/602/383 603/2136/1132 265/1269/757
f 120/2137/1133 692/1268/756 265/1269/757
f 120/2137/1133 265/1269/757 568/10/8
f 938/27/20 120/2137/1133 568/10/8
f 333/2138/1134 597/2139/1135 130/2140/759
f 597/2141/1135 1970/1272/758 130/1273/759
f 1970/1272/758 597/2141/1135 1093/2142/141
f 1093/2142/141 597/2141/1135 938/27/20
f 597/2141/1135 120/2137/1133 938/27/20
f 120/2143/1133 597/2139/1135 333/2138/1134
f 1241/2144/1136 530/2145/1137 719/2037/1098
f 1836/1277/760 530/2145/1137 953/1278/761
f 530/2145/1137 1639/1282/762 953/1278/761
f 943/2146/1093 530/2145/1137 1836/1277/760
f 530/2145/1137 551/2036/1095 719/2037/1098
f 530/2147/1137 943/2027/1093 551/2026/1095
f 1241/2144/1136 640/2148/1138 1197/2149/1139
f 640/2148/1138 1241/2144/1136 1087/2150/1140
f 2/2151/1141 640/2152/1138 1087/2153/1140
f 560/2154/1142 977/640/411 415/642/413
f 894/1285/765 1476/2155/1143 1790/1286/766
f 1476/2155/1143 894/1285/765 1792/609/390
f 26/2156/1144 894/2157/765 214/2158/764
f 238/2159/1145 1844/664/427 237/1009/646
f 238/2159/1145 1712/662/428 1844/664/427
f 116/2160/1146 1028/2161/1147 817/2162/1148
f 989/2163/1149 238/2159/1145 116/2164/1146
f 567/1288/768 2000/2165/1150 200/2166/1151
f 985/1287/767 2000/2165/1150 567/1288/768
f 229/2167/1152 116/2164/1146 817/2168/1148
f 229/2167/1152 989/2163/1149 116/2164/1146
f 1378/2169/1153 1232/2170/777 1114/2171/405
f 335/622/398 1378/2172/1153 1461/623/399
f 1472/286/171 653/2173/1154 712/287/172
f 1846/2118/400 653/2174/1154 1472/2113/171
f 653/2173/1154 1508/2175/1155 712/287/172
f 1508/2175/1155 2002/2176/1156 712/287/172
f 2002/2176/1156 1508/2175/1155 1533/2177/1157
f 1623/2178/1158 1235/612/393 563/1904/1038
f 1623/2178/1158 799/1295/772 1235/612/393
f 799/2179/772 215/2180/1159 912/2181/1160
f 1533/2177/1157 215/2182/1159 34/2183/1161
f 215/2182/1159 1623/2178/1158 34/2183/1161
f 1623/2184/1158 215/2185/1159 799/2186/772
f 1467/992/633 499/2187/1162 1023/999/637
f 940/1902/1036 1280/2188/1163 1775/1903/1037
f 736/2189/1164 1303/1033/659 1502/1023/652
f 678/2190/1165 1319/1297/773 1314/1296/394
f 779/634/407 1210/2191/1166 481/635/406
f 145/1739/972 1737/2192/1167 553/1740/572
f 1621/639/410 178/2193/1168 1554/688/445
f 178/2193/1168 697/1303/778 1554/688/445
f 178/2193/1168 1621/639/410 154/641/412
f 697/2194/778 178/2195/1168 154/2196/412
f 391/2197/1169 1749/649/420 1543/651/39
f 391/2198/1169 721/2199/782 1749/2200/420
f 391/2201/1169 1543/64/39 173/30/22
f 1964/1307/781 391/2201/1169 173/30/22
f 721/1314/782 391/2201/1169 1964/1307/781
f 503/2202/1170 1939/1336/790 1399/646/417
f 1939/1336/790 503/2202/1170 891/650/421
f 891/2203/421 503/2204/1170 1813/2205/785
f 503/2204/1170 1723/2206/787 1813/2205/785
f 503/2202/1170 1399/646/417 539/1327/441
f 1234/1326/786 503/2202/1170 539/1327/441
f 636/2207/1171 1575/2208/424 1893/2209/426
f 1575/2210/424 636/2211/1171 1844/2212/427
f 636/2213/1171 964/2214/792 1844/2215/427
f 1521/2216/1172 636/2217/1171 1956/2218/1173
f 636/2219/1171 1521/2220/1172 964/2221/792
f 964/2221/792 1521/2220/1172 1855/2222/647
f 533/2223/1174 1989/1354/797 1365/672/435
f 1824/1347/793 533/2223/1174 1365/672/435
f 1822/130/72 1643/2224/1175 155/1310/416
f 1643/2225/1175 475/2226/796 155/2227/416
f 1325/2228/174 1643/2224/1175 1822/130/72
f 475/2226/796 1643/2225/1175 1325/2229/174
f 971/1356/798 1542/2230/1176 228/551/356
f 1542/2230/1176 971/1356/798 1325/1355/174
f 1542/2231/1176 1713/1194/726 228/1196/356
f 1542/2230/1176 1325/1355/174 1653/553/71
f 1713/1193/726 1542/2230/1176 1653/553/71
f 1989/1354/797 1885/2232/1177 1365/672/435
f 971/1356/798 1885/2232/1177 1989/1354/797
f 1885/2232/1177 367/671/434 1365/672/435
f 367/671/434 1885/2232/1177 269/2233/800
f 1885/2232/1177 971/1356/798 269/2233/800
f 1564/1368/803 669/2234/1178 682/689/446
f 669/2234/1178 1564/1368/803 677/1377/807
f 1206/2235/805 1274/2236/1179 1287/2237/788
f 1781/1362/784 1274/2238/1179 780/1363/802
f 1274/2239/1179 1781/2240/784 1287/2241/788
f 1274/2242/1179 126/2243/801 780/2244/802
f 1274/2245/1179 1206/2246/805 126/2247/801
f 1219/2248/1180 1741/2249/806 1338/2250/442
f 1741/2251/806 1219/2252/1180 677/2253/807
f 1219/2254/1180 158/1392/815 677/1377/807
f 1602/2255/808 1350/2256/1181 567/2257/768
f 1350/2258/1181 1784/1380/810 567/1288/768
f 1919/2259/1182 1338/1376/442 184/1335/439
f 1784/1380/810 1919/2259/1182 184/1335/439
f 1350/2260/1181 1919/2261/1182 1784/2262/810
f 1471/2263/1183 486/1384/811 1107/686/443
f 486/1384/811 1471/2263/1183 1699/2264/812
f 224/2265/1184 1565/1387/813 836/293/178
f 498/2266/1185 1372/2267/1186 1554/688/445
f 1213/1304/779 498/2266/1185 1554/688/445
f 253/2268/1187 498/2266/1185 1213/1304/779
f 1330/2269/1188 840/701/454 1985/703/453
f 1372/2267/1186 1330/2270/1188 1985/700/453
f 840/704/454 1330/2270/1188 1186/705/455
f 1330/2270/1188 253/2268/1187 1186/705/455
f 1330/2270/1188 498/2266/1185 253/2268/1187
f 498/2266/1185 1330/2270/1188 1372/2267/1186
f 1372/2267/1186 1429/2271/1189 1554/688/445
f 1429/2271/1189 1788/2272/1190 1554/688/445
f 1788/2273/1190 1429/2274/1189 1217/2275/816
f 1217/1393/816 1429/2271/1189 677/1377/807
f 1429/2271/1189 669/2234/1178 677/1377/807
f 32/699/452 1500/2276/1191 1985/700/453
f 1714/2277/1192 1500/2276/1191 32/699/452
f 1500/2276/1191 1372/2267/1186 1985/700/453
f 76/1395/817 1444/2278/1193 1348/1398/819
f 109/2279/1194 1444/2278/1193 659/2280/822
f 1444/2278/1193 109/2279/1194 1348/1398/819
f 1444/2278/1193 76/1395/817 1892/1394/75
f 1668/1403/821 1444/2278/1193 1892/1394/75
f 1444/2281/1193 1668/2282/821 659/2283/822
f 1333/2284/1195 1057/1397/818 1348/1398/819
f 109/2279/1194 1333/2284/1195 1348/1398/819
f 1057/2285/818 1333/2286/1195 139/2287/1196
f 807/2288/1197 914/1399/820 1233/296/180
f 598/2289/1198 1892/137/75 487/136/74
f 598/2290/1198 1668/1403/821 1892/1394/75
f 800/2291/450 598/2289/1198 487/136/74
f 1668/2292/821 598/2289/1198 800/2291/450
f 1699/1386/812 745/2293/1199 806/295/179
f 806/295/179 745/2293/1199 1233/296/180
f 745/2294/1199 85/2295/823 1233/2296/180
f 1211/2297/1200 318/2298/826 1106/2299/519
f 911/2300/830 1211/2297/1200 1106/2299/519
f 1211/2301/1200 911/1418/830 318/1410/826
f 1430/2302/1201 911/2303/830 1663/2304/828
f 911/1418/830 1430/2305/1201 622/1406/825
f 622/1406/825 1430/2305/1201 1233/296/180
f 1515/2306/1202 1430/2302/1201 1663/2304/828
f 972/2307/1203 1515/2308/1202 1663/1413/828
f 837/1425/834 972/2307/1203 1050/1423/829
f 1515/2308/1202 972/2307/1203 837/1425/834
f 321/2309/1204 109/2279/1194 837/1425/834
f 1333/2310/1195 321/2311/1204 139/2312/1196
f 321/2309/1204 1333/2284/1195 109/2279/1194
f 1499/2313/1205 1895/2314/881 1020/1428/836
f 272/1427/835 1499/2313/1205 1020/1428/836
f 1499/2313/1205 864/1554/879 1895/2314/881
f 1499/2313/1205 272/1427/835 1347/706/456
f 893/1435/839 1835/2315/1206 820/1436/832
f 1835/2316/1206 1328/1424/833 820/1426/832
f 1453/379/232 267/2317/1207 387/376/229
f 301/2318/1208 1254/1760/984 936/1758/982
f 1584/2319/1209 1307/722/467 766/716/463
f 1584/2319/1209 1881/1443/841 1307/722/467
f 1254/1760/984 1584/2319/1209 766/716/463
f 301/2318/1208 1584/2319/1209 1254/1760/984
f 570/2320/1210 1105/1457/846 1912/2321/856
f 1105/1457/846 570/2320/1210 735/735/477
f 570/2320/1210 1155/1449/844 735/735/477
f 570/2320/1210 1066/1470/851 167/311/188
f 296/2322/1211 87/1467/849 992/732/474
f 87/2323/849 296/2324/1211 1177/2325/475
f 1177/2326/475 296/2327/1211 647/2328/560
f 635/731/473 495/2329/1212 992/732/474
f 296/2322/1211 495/2329/1212 647/862/560
f 495/2329/1212 296/2322/1211 992/732/474
f 1754/2330/1213 409/2331/1214 635/731/473
f 1754/2330/1213 127/2332/1215 409/2331/1214
f 127/2332/1215 1754/2330/1213 1161/861/559
f 1066/1470/851 193/2333/1216 90/331/199
f 1321/1473/854 193/2333/1216 1912/2321/856
f 193/2333/1216 570/2320/1210 1912/2321/856
f 570/2320/1210 193/2333/1216 1066/1470/851
f 796/2334/1217 413/1478/857 1336/1474/855
f 796/2334/1217 904/1493/860 781/2335/1218
f 796/2334/1217 1706/1508/864 904/1493/860
f 1720/1472/853 330/2336/1219 714/744/486
f 413/1478/857 330/2336/1219 1720/1472/853
f 330/2336/1219 1223/759/495 714/744/486
f 330/2336/1219 1193/2337/865 1223/759/495
f 360/2338/1220 376/1506/863 784/1505/192
f 376/1504/863 360/2339/1220 1119/755/494
f 360/2340/1220 904/1493/860 1119/758/494
f 904/2341/860 360/2342/1220 781/2343/1218
f 1289/863/561 1166/2344/1221 363/738/480
f 1166/2344/1221 1706/1508/864 363/738/480
f 1166/2345/1221 1289/2346/561 354/2347/959
f 1906/2348/1222 920/2349/1056 300/2350/1057
f 904/1493/860 956/2351/1223 1064/464/292
f 1706/1508/864 956/2351/1223 904/1493/860
f 1064/2352/292 956/2353/1223 300/2354/1057
f 1746/2355/1224 1048/2356/869 915/2357/1225
f 1746/2358/1224 307/780/506 473/782/508
f 1048/1526/869 1746/2359/1224 473/1414/508
f 1746/2360/1224 916/1539/876 307/1541/506
f 916/1539/876 1746/2360/1224 1096/2361/874
f 1612/2362/1226 1916/2363/1227 256/2364/870
f 1777/2365/901 1612/2366/1226 256/2367/870
f 1048/2356/869 220/2368/1228 915/2357/1225
f 220/2369/1228 1862/2370/1229 915/2371/1225
f 1862/2372/1229 220/2373/1228 1916/2374/1227
f 220/2368/1228 1048/2356/869 256/2375/870
f 1916/2363/1227 220/2376/1228 256/2364/870
f 1447/2377/888 159/2378/1230 115/2379/889
f 1656/2380/1231 797/1545/510 1944/1547/873
f 886/1549/877 1656/2381/1231 1944/2382/873
f 797/784/510 1656/2383/1231 1661/783/509
f 1656/2381/1231 886/1549/877 1661/1551/509
f 395/2384/1232 102/1524/867 1020/1428/836
f 1895/2385/881 395/2386/1232 1020/2387/836
f 957/1557/878 395/2388/1232 1895/1558/881
f 102/1524/867 395/2384/1232 1164/334/202
f 395/2388/1232 957/1557/878 1164/2389/202
f 1194/1538/875 458/2390/1233 1811/779/504
f 458/2390/1233 864/1554/879 1811/779/504
f 864/1554/879 458/2390/1233 382/1555/880
f 458/2390/1233 1194/1538/875 1035/1537/872
f 1149/2391/1234 1758/1575/890 881/1567/884
f 1117/1566/885 1149/2391/1234 881/1567/884
f 624/332/200 1149/2391/1234 320/333/201
f 755/786/512 1876/2392/1235 1896/787/513
f 274/2393/1236 812/1299/774 285/1301/776
f 1763/2394/1237 274/2393/1236 285/1301/776
f 274/2393/1236 1763/2394/1237 48/2395/1238
f 1297/2396/775 369/2397/1239 285/2398/776
f 369/2399/1239 1763/2394/1237 285/1301/776
f 1763/2394/1237 369/2399/1239 1427/2400/1240
f 336/1743/974 1442/2401/1241 1960/2402/1242
f 1442/2403/1241 336/2404/974 401/2405/975
f 1/2406/1243 1031/1570/887 115/1572/889
f 1031/1570/887 1/2406/1243 1936/2407/882
f 1936/2408/882 1/2409/1243 191/2410/516
f 1677/789/515 1973/2411/1244 344/1568/886
f 1308/2412/892 1973/2411/1244 1677/789/515
f 1341/2413/1245 1308/2412/892 708/2414/891
f 1341/2415/1245 708/2416/891 963/2417/514
f 56/2418/917 1341/2413/1245 963/2419/514
f 1341/2413/1245 1973/2411/1244 1308/2412/892
f 1931/2420/388 816/2421/1246 1268/2422/389
f 1269/2423/1247 1689/2424/1248 977/640/411
f 1689/2424/1248 1269/2423/1247 746/2425/1249
f 816/2426/1246 1689/2427/1248 1268/2428/389
f 697/1303/778 982/2429/1250 1213/1304/779
f 1271/2430/895 982/2429/1250 697/1303/778
f 453/2431/1251 328/2432/1252 1320/2433/1253
f 448/2434/1254 453/2431/1251 1320/2433/1253
f 328/2432/1252 1158/2435/1255 1320/2433/1253
f 1158/2435/1255 328/2432/1252 1941/2436/1256
f 188/2437/1257 453/2438/1251 980/2439/1258
f 453/2431/1251 188/2440/1257 328/2432/1252
f 191/790/516 1497/2441/1259 730/791/517
f 1857/2442/1260 1862/2370/1229 464/2443/1261
f 1158/2435/1255 1857/2442/1260 464/2443/1261
f 1857/2442/1260 1158/2435/1255 1941/2436/1256
f 1763/2394/1237 1153/2444/1262 48/2395/1238
f 72/2445/1263 325/1612/910 1243/797/523
f 325/1613/910 72/2446/1263 379/1614/908
f 1353/796/522 72/2445/1263 1243/797/523
f 379/1614/908 72/2446/1263 1353/2447/522
f 1651/2448/1264 1755/2449/915 1373/2450/521
f 1755/2449/915 1651/2448/1264 1617/2451/531
f 1651/2452/1264 1373/795/521 1243/797/523
f 1755/2453/915 1628/2454/1265 1373/2455/521
f 18/2456/535 1396/2457/1266 1357/2458/238
f 1396/2457/1266 1719/2459/918 1357/2458/238
f 65/730/472 1055/2460/1267 1976/185/106
f 1055/2460/1267 1681/1640/920 1976/185/106
f 1055/2461/1267 65/2462/472 1972/2463/243
f 1870/1641/921 1055/2460/1267 1972/393/243
f 1681/1640/920 1055/2460/1267 1495/812/538
f 1055/2460/1267 1870/1641/921 1495/812/538
f 343/2464/1268 1145/340/205 1686/872/568
f 343/2464/1268 1261/1644/924 1145/340/205
f 869/2465/1269 1927/2466/1270 890/1643/923
f 418/1642/922 869/2465/1269 890/1643/923
f 421/2467/1271 513/2468/1272 24/174/99
f 421/2469/1271 24/2470/99 726/2471/92
f 1585/165/93 421/2467/1271 726/164/92
f 421/2472/1271 1585/2473/93 850/2474/95
f 1997/1798/1002 421/2467/1271 850/193/95
f 641/2475/1273 1997/1798/1002 1167/1799/1003
f 641/2475/1273 421/2467/1271 1997/1798/1002
f 421/2467/1271 641/2475/1273 513/2468/1272
f 1131/72/45 1374/2476/1274 386/71/44
f 1374/2476/1274 1131/72/45 933/298/182
f 494/1645/925 1948/2477/1275 933/298/182
f 1948/2477/1275 1374/2476/1274 933/298/182
f 1374/2476/1274 1948/2477/1275 660/2478/1276
f 1374/2476/1274 587/2479/1277 386/71/44
f 587/2479/1277 1374/2476/1274 660/2478/1276
f 587/2479/1277 1945/822/102 386/71/44
f 587/2480/1277 1216/2481/1278 1945/2482/102
f 1285/2483/1279 192/2484/1280 1511/2485/1281
f 587/2486/1277 192/2487/1280 1216/2488/1278
f 1061/2489/1282 1568/1700/953 1491/2490/1283
f 1494/2491/1284 1061/2489/1282 1491/2490/1283
f 680/2492/1285 1061/2489/1282 1494/2491/1284
f 18/809/535 268/2493/1286 862/173/98
f 99/2494/1287 480/2495/540 223/363/208
f 99/2496/1287 1875/2497/1288 480/814/540
f 113/362/219 99/2494/1287 223/363/208
f 1063/1647/926 793/2498/1289 809/1648/210
f 793/2498/1289 1063/1647/926 1921/1685/945
f 793/2499/1289 1459/2500/978 809/346/210
f 793/2499/1289 33/2501/980 1459/2500/978
f 33/2501/980 793/2499/1289 1879/2502/1290
f 1982/1661/932 1141/2503/1291 1711/1662/933
f 1011/2504/1292 1698/2505/220 515/2506/549
f 1698/368/220 1011/2507/1292 1615/369/222
f 1011/2508/1292 1070/1651/224 1615/2509/222
f 1658/2510/1293 441/2511/554 1891/372/225
f 1658/2510/1293 1891/372/225 1816/858/556
f 720/2512/1294 1860/2513/1295 1625/2514/947
f 1860/2513/1295 720/2512/1294 452/2515/931
f 747/2516/1296 720/2512/1294 1625/2514/947
f 720/2512/1294 747/2516/1296 1376/2517/1297
f 630/2518/1298 1136/2519/942 535/2520/1299
f 1136/2521/942 630/2522/1298 1921/2523/945
f 630/2524/1298 1141/2503/1291 1879/2502/1290
f 630/2522/1298 793/2525/1289 1921/2523/945
f 793/2499/1289 630/2524/1298 1879/2502/1290
f 630/2518/1298 535/2520/1299 1711/2526/933
f 1141/2527/1291 630/2518/1298 1711/2526/933
f 443/2528/1300 1860/2513/1295 452/2515/931
f 1279/2529/1301 758/1675/939 1672/2530/1302
f 994/2531/1303 1279/2529/1301 1672/2530/1302
f 190/2532/1304 1981/348/212 152/356/15
f 182/1692/949 374/2533/1305 941/182/103
f 941/182/103 374/2533/1305 604/177/54
f 374/2533/1305 502/2534/543 604/177/54
f 1255/2535/1306 19/2536/948 502/2534/543
f 1061/2489/1282 1237/2537/1307 1568/1700/953
f 273/2538/1308 164/2539/1309 1092/2540/1310
f 273/2541/1308 1759/1693/950 1436/828/548
f 22/2542/1311 368/1701/954 1245/1703/952
f 1425/2543/1312 114/823/547 1887/825/221
f 1425/2544/1312 368/2545/954 114/2546/547
f 133/360/218 1425/2543/1312 1887/825/221
f 1432/359/217 1425/2543/1312 133/360/218
f 1425/2544/1312 1432/2547/217 203/2548/1313
f 368/2545/954 1425/2544/1312 203/2548/1313
f 1432/2549/217 1421/2550/1314 203/2551/1313
f 1421/2552/1314 368/2553/954 203/2554/1313
f 1421/2555/1314 492/2556/955 368/2557/954
f 492/2556/955 1421/2555/1314 1806/2558/545
f 1421/2550/1314 1432/2549/217 1025/2559/55
f 1806/819/545 1421/2560/1314 1025/820/55
f 1562/2561/1315 610/1711/958 1419/860/558
f 1391/2562/961 1562/2563/1315 1419/2564/558
f 610/2565/958 1562/2566/1315 329/2567/1052
f 1562/2563/1315 1391/2562/961 329/2568/1052
f 308/2569/1316 973/1717/962 802/1237/739
f 308/2569/1316 802/1237/739 1397/575/366
f 1927/2570/1270 308/2571/1316 1397/2572/366
f 973/1717/962 308/2569/1316 1601/2573/964
f 308/2569/1316 869/2465/1269 1601/2573/964
f 869/2574/1269 308/2571/1316 1927/2570/1270
f 1410/1726/911 918/2575/1317 998/1733/969
f 918/2575/1317 1045/1724/965 998/1733/969
f 1045/1724/965 918/2575/1317 226/869/565
f 619/2576/1318 1579/1727/967 226/869/565
f 1579/1727/967 619/2576/1318 623/1725/966
f 652/2577/567 831/2578/1319 1599/2579/570
f 831/2578/1319 79/2580/970 1599/2579/570
f 79/2581/970 831/2582/1319 652/2583/567
f 1311/2584/1320 145/1741/972 243/1742/973
f 1311/2584/1320 1737/2585/1167 145/1741/972
f 2001/2586/1321 518/2587/1322 1960/2402/1242
f 1606/1748/977 1995/2588/1323 1459/2589/978
f 1995/2590/1323 648/1753/979 1459/2500/978
f 1995/2588/1323 1606/1748/977 1825/1747/230
f 648/1753/979 1995/2590/1323 1825/377/230
f 331/2591/1324 33/2501/980 1879/2502/1290
f 1007/383/236 331/2591/1324 483/2592/1325
f 33/2501/980 331/2591/1324 1007/383/236
f 124/2593/1326 1736/882/575 1312/350/214
f 124/2593/1326 1555/1757/981 1736/882/575
f 46/349/213 124/2593/1326 1312/350/214
f 1424/1746/976 124/2593/1326 46/349/213
f 1555/1757/981 124/2593/1326 1424/1746/976
f 1555/1757/981 876/2594/1327 1736/882/575
f 1254/1760/984 876/2594/1327 936/1758/982
f 876/2594/1327 1555/1757/981 936/1758/982
f 153/1759/983 1969/2595/1328 1254/1760/984
f 1969/2595/1328 876/2594/1327 1254/1760/984
f 1969/2596/1328 1212/1445/468 526/309/187
f 1969/2595/1328 153/1759/983 1212/726/468
f 1736/2597/575 1969/2596/1328 526/309/187
f 876/2594/1327 1969/2595/1328 1736/882/575
f 40/2598/1329 454/1761/576 309/1749/231
f 40/2598/1329 398/1762/985 454/1761/576
f 1606/1748/977 40/2598/1329 309/1749/231
f 40/2598/1329 1606/1748/977 1459/2589/978
f 398/1764/985 40/2599/1329 49/382/235
f 40/2598/1329 33/1754/980 49/1756/235
f 33/1754/980 40/2598/1329 1459/2589/978
f 1130/2600/1330 250/1771/987 1487/2601/838
f 250/1771/987 1130/2600/1330 356/694/447
f 356/694/447 1130/2600/1330 394/695/449
f 394/695/449 1130/2600/1330 722/397/76
f 1130/2602/1330 1091/2603/580 722/2604/76
f 1091/2605/580 303/2606/1331 907/2607/581
f 1130/2602/1330 303/2608/1331 1091/2603/580
f 1347/706/456 1012/2609/1332 1951/709/459
f 1012/2610/1332 1487/1430/838 1951/1432/459
f 578/2611/1333 1012/2609/1332 1189/1429/837
f 1012/2609/1332 272/1427/835 1189/1429/837
f 272/1427/835 1012/2609/1332 1347/706/456
f 970/901/582 815/2612/1334 1229/2613/502
f 815/2612/1334 970/901/582 749/903/584
f 211/2614/990 815/2615/1334 749/2616/584
f 134/2617/989 815/2618/1334 211/2619/990
f 1301/2620/1335 866/773/503 1229/772/502
f 815/2612/1334 1301/2621/1335 1229/2613/502
f 1301/2622/1335 815/2618/1334 134/2617/989
f 866/1523/503 1301/2621/1335 1272/1525/868
f 1301/2621/1335 84/1773/988 1272/1525/868
f 1301/2621/1335 134/1774/989 84/1773/988
f 668/2623/1336 20/2624/583 922/2625/255
f 919/2626/992 668/2623/1336 922/2625/255
f 887/2627/1337 1611/2628/1338 1848/100/58
f 1848/100/58 1611/2628/1338 347/101/6
f 1611/2628/1338 948/187/108 347/101/6
f 1611/2628/1338 995/400/245 948/187/108
f 1907/2629/1339 322/2630/1340 1368/2631/1341
f 322/2630/1340 1907/2629/1339 271/2632/1342
f 1959/2633/1343 774/2634/1344 693/401/246
f 995/400/245 1959/2633/1343 693/401/246
f 774/2634/1344 1959/2633/1343 414/2635/1345
f 1959/2633/1343 1907/2629/1339 414/2635/1345
f 1907/2636/1339 1959/2637/1343 271/2638/1342
f 137/2639/1346 1636/921/593 1401/1791/996
f 934/920/592 103/2640/1347 385/99/57
f 103/2640/1347 1907/2629/1339 1368/2631/1341
f 1907/2629/1339 103/2640/1347 414/2635/1345
f 103/2640/1347 939/2641/1348 414/2635/1345
f 974/2642/1349 602/2643/997 1020/2644/836
f 974/2645/1349 102/1524/867 1272/1525/868
f 320/333/201 1756/2646/1350 1164/334/202
f 1009/2647/1351 1740/415/257 474/2648/260
f 969/2649/1352 1162/2650/1353 718/2651/1354
f 969/2649/1352 1934/2652/1355 1724/2653/1356
f 1666/2654/1357 506/1797/1001 1819/925/597
f 1666/2654/1357 969/2649/1352 506/1797/1001
f 969/2649/1352 1666/2654/1357 1934/2652/1355
f 1100/2655/1005 1666/2654/1357 1819/925/597
f 1666/2656/1357 1100/1808/1005 1337/1810/1000
f 1021/1794/998 1666/2654/1357 1337/1796/1000
f 1934/2652/1355 342/2657/1358 1724/2653/1356
f 1740/415/257 342/2657/1358 1943/416/258
f 1666/2654/1357 342/2657/1358 1934/2652/1355
f 342/2657/1358 1021/1794/998 1943/416/258
f 342/2657/1358 1666/2654/1357 1021/1794/998
f 718/2651/1354 853/2658/1359 352/2659/1360
f 332/2660/1361 1726/2661/1009 1551/2662/697
f 1726/2663/1009 332/2664/1361 639/2665/699
f 286/2666/696 332/2667/1361 1551/2668/697
f 332/2669/1361 286/2670/696 1074/2671/333
f 639/2665/699 332/2664/1361 1074/2672/333
f 1657/2673/1011 89/2674/1362 1001/2675/275
f 89/2676/1362 1865/2677/274 852/2678/607
f 1001/2679/275 89/2680/1362 852/2681/607
f 905/966/616 1252/2682/1363 999/448/281
f 1252/2682/1363 1840/1832/1013 999/448/281
f 1252/2683/1363 905/2684/616 1405/2685/117
f 1971/982/626 1252/2686/1363 1405/985/117
f 1840/1832/1013 1252/2682/1363 1971/2687/626
f 177/2688/61 426/2689/1364 8/2690/3
f 921/1841/1016 426/2691/1364 177/1846/61
f 1745/2692/1015 1529/2693/1365 400/2694/1366
f 1529/2693/1365 1722/2695/1017 400/2694/1366
f 1529/2696/1365 1745/1840/1015 1225/968/618
f 1722/2697/1017 1529/2698/1365 1225/2699/618
f 1751/1851/1018 405/2700/1367 1456/2701/1019
f 405/2700/1367 1751/1851/1018 1412/2702/1368
f 1647/2703/62 1170/2704/1369 1646/2705/287
f 565/1855/1020 1170/2706/1369 1647/1856/62
f 1170/2707/1369 565/1857/1020 1456/1859/1019
f 212/2708/1370 1170/2706/1369 1456/2701/1019
f 833/1860/1021 1753/2709/1371 1097/198/114
f 981/2710/1372 1753/2711/1371 1260/2712/1373
f 1753/2709/1371 77/1862/1022 1260/2713/1373
f 77/1862/1022 1753/2709/1371 833/1860/1021
f 752/2714/1374 1437/502/321 842/199/115
f 752/2714/1374 355/1982/1073 1437/502/321
f 752/2714/1374 1335/2715/1375 355/1982/1073
f 1335/2715/1375 233/2716/1376 355/1982/1073
f 233/2716/1376 1335/2715/1375 1150/1111/688
f 355/1982/1073 233/2716/1376 292/1112/689
f 233/2716/1376 1150/1111/688 292/1112/689
f 1109/2717/1377 179/1864/1024 1693/751/493
f 179/2718/1024 1109/2719/1377 1277/2720/1025
f 1275/750/492 1109/2717/1377 1693/751/493
f 1109/2719/1377 81/2721/1027 1277/2720/1025
f 1109/2717/1377 1275/750/492 637/746/488
f 81/2721/1027 1109/2719/1377 637/2722/488
f 128/2723/1378 179/1864/1024 1277/1866/1025
f 128/2723/1378 1277/1866/1025 255/745/487
f 1335/2715/1375 128/2723/1378 255/745/487
f 128/2723/1378 77/1862/1022 1452/1861/625
f 77/1862/1022 128/2723/1378 1260/2713/1373
f 199/2724/1379 1849/2725/1380 1633/1912/1043
f 738/2726/1044 317/2727/1381 423/2728/645
f 423/2729/645 317/2730/1381 237/2731/646
f 317/2727/1381 1137/2732/1382 237/2733/646
f 1739/1915/1045 1928/2734/1383 1644/1916/1046
f 371/2735/1384 1739/1915/1045 525/1911/1042
f 423/1008/645 371/2735/1384 525/1911/1042
f 371/2735/1384 423/1008/645 1855/1010/647
f 1721/216/130 1766/2736/1385 1843/217/131
f 1766/2736/1385 702/1110/686 1843/217/131
f 183/2737/1076 1766/2736/1385 1867/2738/1386
f 1766/2736/1385 183/2737/1076 702/1110/686
f 497/2739/1387 1744/1918/1048 706/1242/371
f 787/1238/740 497/2739/1387 706/1242/371
f 497/2739/1387 787/1238/740 1650/1022/651
f 930/1920/1049 497/2739/1387 1650/1022/651
f 497/2739/1387 930/1920/1049 1744/1918/1048
f 874/2740/1388 510/577/368 711/1919/372
f 874/2740/1388 566/2741/1124 510/577/368
f 468/2742/687 1917/2743/1389 1214/1026/655
f 1707/2744/1390 1473/1928/1054 507/1931/1055
f 1473/1928/1054 1707/2744/1390 354/1712/959
f 388/2745/1061 59/2746/1391 1807/2747/668
f 1604/2748/1062 59/2749/1391 148/2750/298
f 59/2746/1391 1604/2751/1062 1807/2747/668
f 148/2750/298 59/2749/1391 334/2752/299
f 59/2746/1391 388/2745/1061 772/1035/661
f 334/2752/299 59/2749/1391 242/2753/317
f 59/2746/1391 772/1035/661 242/1037/317
f 38/2754/1392 1604/1952/1062 544/1954/297
f 1604/1952/1062 38/2754/1392 1127/1034/660
f 1127/1034/660 38/2754/1392 1370/215/129
f 38/2754/1392 555/1039/662 633/1967/1068
f 555/1039/662 38/2754/1392 544/1954/297
f 364/508/327 38/2754/1392 633/1967/1068
f 38/2754/1392 364/508/327 1370/215/129
f 1807/2755/668 108/2756/1393 574/2757/669
f 1604/2758/1062 108/2756/1393 1807/2755/668
f 108/2759/1393 1604/2760/1062 1404/2761/302
f 1538/1052/667 108/2762/1393 1404/1053/302
f 108/2763/1393 1538/2764/667 574/2765/669
f 1604/2766/1062 165/2767/1394 1317/2768/1063
f 165/2769/1394 1604/1952/1062 1127/1034/660
f 829/2770/1064 165/2771/1394 1127/2772/660
f 1075/2773/1395 702/1110/686 1081/1025/654
f 1075/2773/1395 829/1959/1064 702/1110/686
f 829/1959/1064 1075/2773/1395 1317/1955/1063
f 1303/1033/659 1075/2773/1395 1081/1025/654
f 1075/2773/1395 1556/1947/1060 1317/1955/1063
f 1075/2773/1395 1303/1033/659 1556/1947/1060
f 1454/2774/1396 1327/1963/1066 794/475/303
f 1327/2775/1066 1454/2776/1396 772/2777/661
f 656/1960/1065 1454/2778/1396 794/1961/303
f 772/2779/661 1454/2780/1396 1793/2781/316
f 1454/2778/1396 656/1960/1065 1793/1962/316
f 523/2782/1397 1327/1963/1066 549/1029/658
f 1327/2783/1066 523/2784/1397 703/2785/656
f 80/537/343 523/2782/1397 549/1029/658
f 703/2785/656 523/2784/1397 80/2786/343
f 1108/2787/1398 1441/1043/664 1902/513/332
f 1108/2787/1398 1588/1968/1069 1441/1043/664
f 1588/1968/1069 1108/2787/1398 1544/468/296
f 1108/2787/1398 1680/507/326 1544/468/296
f 1108/2787/1398 1902/513/332 1680/507/326
f 123/486/309 1129/2788/1399 21/585/374
f 275/1972/1070 1129/2788/1399 123/486/309
f 1129/2788/1399 1560/1079/677 21/585/374
f 1560/2789/677 1129/2790/1399 1877/2791/313
f 1129/2790/1399 275/2792/1070 1877/2791/313
f 366/2793/1400 1085/2794/683 432/2795/289
f 1967/2796/1401 366/2797/1400 432/461/289
f 1085/1098/683 366/2797/1400 1099/200/116
f 366/2797/1400 1967/2796/1401 1099/200/116
f 1751/1851/1018 733/2798/1402 1412/2702/1368
f 733/2798/1402 257/2799/1403 1412/2702/1368
f 733/2798/1402 1751/1851/1018 1099/200/116
f 1967/2796/1401 733/2798/1402 1099/200/116
f 1178/2800/690 1173/2801/1404 420/2802/291
f 1191/2803/1077 1173/2801/1404 1178/2800/690
f 1173/2804/1404 255/745/487 420/463/291
f 1173/2804/1404 1335/2715/1375 255/745/487
f 1335/2715/1375 1173/2804/1404 1150/1111/688
f 1173/2801/1404 1191/2803/1077 1150/2805/688
f 1004/2806/1405 1801/2807/1406 462/2808/7
f 884/2809/1407 1801/2810/1406 1004/2811/1405
f 884/2812/1407 1520/1999/1079 462/7/7
f 1801/2810/1406 884/2809/1407 462/2813/7
f 1776/2814/1408 1953/2815/615 1479/945/609
f 673/2000/1080 1776/2814/1408 1479/945/609
f 1776/2814/1408 1738/443/278 433/444/279
f 1953/2816/615 1776/2817/1408 433/2818/279
f 1776/2814/1408 673/2000/1080 1004/2811/1405
f 1738/2819/278 1776/2820/1408 909/2821/112
f 909/2822/112 1776/2814/1408 462/2813/7
f 1776/2814/1408 1004/2811/1405 462/2813/7
f 505/2823/1409 1655/2003/1082 1080/525/340
f 1655/2003/1082 505/2823/1409 316/2001/1081
f 505/2823/1409 1080/525/340 1627/527/166
f 316/2001/1081 505/2823/1409 1627/527/166
f 1655/2003/1082 1371/2824/1410 1616/1164/706
f 1371/2824/1410 732/2008/1084 1616/1164/706
f 1371/2825/1410 1655/2826/1082 965/2827/1083
f 1536/1165/707 834/2828/1411 1949/2013/1086
f 732/2829/1084 834/2830/1411 1536/2831/707
f 1134/2832/1085 1550/2833/1412 1240/2834/1413
f 1550/2835/1412 1041/2836/1129 1240/2837/1413
f 1041/2838/1129 1550/2839/1412 1438/2840/709
f 1550/2839/1412 575/2841/1091 1438/2840/709
f 1550/2842/1412 1134/2009/1085 1949/2013/1086
f 575/2022/1091 1550/2842/1412 1949/2013/1086
f 617/2843/1414 898/2844/1415 1156/2845/1088
f 346/2014/1087 617/2846/1414 1156/2015/1088
f 617/2847/1414 346/2848/1087 863/2849/342
f 1743/2850/1416 654/2851/1089 1156/2852/1088
f 654/2853/1089 1743/2854/1416 965/2855/1083
f 575/2022/1091 1590/2856/1417 1349/1012/630
f 782/2857/1418 1590/2858/1417 575/2859/1091
f 1590/2858/1417 782/2857/1418 1809/2860/711
f 1590/2861/1417 1013/990/631 1349/989/630
f 1013/993/631 1590/2856/1417 1118/994/634
f 1590/2858/1417 1809/2860/711 1118/2862/634
f 1121/2030/1096 1068/2863/1419 719/2037/1098
f 1068/2864/1419 1121/2865/1096 1688/2866/748
f 1068/2863/1419 1241/2144/1136 719/2037/1098
f 1087/2150/1140 1068/2863/1419 1957/2867/1420
f 1241/2144/1136 1068/2863/1419 1087/2150/1140
f 569/1173/713 442/2868/1421 216/1176/716
f 808/2038/1099 442/2868/1421 569/1173/713
f 442/2868/1421 189/2051/1105 216/1176/716
f 835/2869/719 1199/2870/1422 1231/2871/1102
f 1231/2871/1102 1199/2870/1422 1956/2872/1173
f 629/2873/718 1199/2874/1422 835/2875/719
f 1434/666/430 5/2876/1423 1450/667/431
f 5/2877/1423 1583/2878/1104 1450/2879/431
f 367/671/434 5/2876/1423 1434/666/430
f 5/2876/1423 367/671/434 269/2233/800
f 1299/1357/799 5/2876/1423 269/2233/800
f 1583/2878/1104 5/2877/1423 1299/2880/799
f 1385/2881/1424 1598/1188/722 670/2076/724
f 1385/2882/1424 1779/2056/1106 1598/2883/722
f 53/1187/721 1385/2881/1424 670/2076/724
f 1779/2056/1106 1385/2882/1424 53/2057/721
f 7/2884/1425 1024/2070/1112 609/568/364
f 7/2884/1425 509/246/150 924/112/38
f 7/2884/1425 609/568/364 509/246/150
f 1024/2070/1112 7/2884/1425 1882/2065/1111
f 1383/111/65 7/2884/1425 924/112/38
f 1882/2065/1111 7/2884/1425 1383/111/65
f 694/2885/1426 1882/2886/1111 649/2887/361
f 1024/2071/1112 694/2888/1426 649/2072/361
f 694/2888/1426 1024/2071/1112 1882/2889/1111
f 811/2077/1115 860/2890/1427 66/2032/1097
f 860/2890/1427 1192/2074/1113 66/2032/1097
f 860/2890/1427 811/2077/1115 1641/1210/723
f 1192/2074/1113 860/2890/1427 1641/1210/723
f 917/2891/1428 704/1174/712 846/1177/714
f 88/2042/1100 917/2891/1428 846/1177/714
f 917/2891/1428 88/2042/1100 463/540/346
f 53/1187/721 917/2891/1428 463/540/346
f 1359/2075/1114 917/2891/1428 53/1187/721
f 416/2892/1429 1359/2075/1114 811/2077/1115
f 416/2892/1429 917/2891/1428 1359/2075/1114
f 917/2891/1428 416/2892/1429 704/1174/712
f 298/2893/1430 1016/1231/737 913/1230/734
f 298/2894/1430 44/2094/1120 1016/1229/737
f 44/2094/1120 298/2894/1430 1797/1863/1023
f 298/2894/1430 1452/1861/625 1797/1863/1023
f 1452/1861/625 298/2894/1430 1645/1222/491
f 298/2894/1430 913/1223/734 1645/1222/491
f 1872/2895/1431 44/2094/1120 1797/1863/1023
f 1762/972/622 1872/2895/1431 1797/1863/1023
f 500/2896/623 1872/2895/1431 1762/972/622
f 1872/2895/1431 500/2896/623 701/1233/285
f 44/2094/1120 1872/2895/1431 701/1233/285
f 39/2897/1123 1251/2898/1432 760/2899/1433
f 1251/2900/1432 1927/2570/1270 1397/2572/366
f 1927/2466/1270 1251/2901/1432 890/1643/923
f 1251/2898/1432 39/2897/1123 890/2902/923
f 566/2903/1124 1251/2904/1432 1397/2905/366
f 1251/2906/1432 566/2907/1124 760/2908/1433
f 901/2909/1434 1033/2910/1127 393/596/377
f 1850/2132/1130 901/2909/1434 393/596/377
f 901/2909/1434 1850/2132/1130 672/2911/1131
f 393/2912/377 186/2913/1435 954/2914/378
f 1033/2910/1127 186/2915/1435 393/596/377
f 954/1267/378 186/2916/1435 1278/1266/9
f 186/2917/1435 716/2918/744 1278/2919/9
f 186/2920/1435 1033/2921/1127 716/2922/744
f 180/2923/1436 1688/1251/748 9/1250/747
f 180/2923/1436 1202/2924/1437 1957/2867/1420
f 1068/2863/1419 180/2923/1436 1957/2867/1420
f 180/2925/1436 1068/2864/1419 1688/2866/748
f 1305/2926/749 185/2927/1438 9/2928/747
f 185/2929/1438 180/2930/1436 9/2931/747
f 180/2932/1436 185/2927/1438 1202/2933/1437
f 1871/2934/1439 1607/2935/1440 1827/2936/1441
f 142/2130/1128 1607/2935/1440 528/1258/752
f 564/2937/1442 1087/2150/1140 1957/2867/1420
f 564/2938/1442 2/2939/1141 1087/2940/1140
f 564/2938/1442 640/2941/1138 2/2939/1141
f 564/2937/1442 353/2942/1443 640/2148/1138
f 187/2943/1444 1041/2131/1129 411/2944/1445
f 1607/2935/1440 187/2943/1444 411/2944/1445
f 187/2943/1444 1607/2935/1440 142/2130/1128
f 1926/2945/1446 1387/2946/1447 1827/2936/1441
f 1991/2947/1448 672/2133/1131 618/2135/380
f 1991/2948/1448 618/599/380 1283/601/382
f 562/2949/1449 1991/2948/1448 1283/601/382
f 562/2950/1449 1774/2951/1450 1305/2926/749
f 1774/2952/1450 1871/2934/1439 1300/2953/1451
f 902/1257/751 1774/2952/1450 1283/601/382
f 1774/2951/1450 562/2950/1449 1283/2954/382
f 1774/2952/1450 1607/2935/1440 1871/2934/1439
f 1774/2952/1450 902/1257/751 528/1258/752
f 1607/2935/1440 1774/2952/1450 528/1258/752
f 603/2136/1132 710/2955/1452 265/1269/757
f 710/2955/1452 603/2136/1132 176/2956/755
f 265/1269/757 710/2955/1452 568/10/8
f 710/2957/1452 176/1265/755 568/1264/8
f 1088/2958/1453 1750/1256/750 1198/598/379
f 954/597/378 1088/2958/1453 1198/598/379
f 176/1265/755 1088/2959/1453 954/1267/378
f 692/1268/756 1071/2960/1454 768/604/385
f 120/2137/1133 1071/2960/1454 692/1268/756
f 768/2961/385 1071/2962/1454 130/2963/759
f 1071/2964/1454 333/2138/1134 130/2140/759
f 1071/2960/1454 120/2137/1133 333/2965/1134
f 614/2966/1455 530/2145/1137 1241/2144/1136
f 530/2145/1137 614/2966/1455 1639/1282/762
f 614/2966/1455 1241/2144/1136 1197/2149/1139
f 1602/1378/808 431/2967/1456 415/642/413
f 1269/2423/1247 1480/2968/1457 746/2425/1249
f 560/2154/1142 1821/2969/1458 977/640/411
f 1821/2969/1458 560/2154/1142 270/2970/1459
f 1340/2971/1460 1182/1905/1039 684/1907/1035
f 1028/2972/1147 1340/2973/1460 817/2168/1148
f 1182/1908/1039 1340/2973/1460 546/1007/644
f 1340/2973/1460 1028/2972/1147 546/1007/644
f 238/2159/1145 1859/2974/1461 116/2164/1146
f 1859/2975/1461 1028/2161/1147 116/2160/1146
f 1859/2974/1461 238/2159/1145 237/1009/646
f 546/1007/644 1859/2974/1461 1773/1005/642
f 1028/2976/1147 1859/2977/1461 546/2978/644
f 989/2163/1149 663/2979/1462 238/2159/1145
f 1712/662/428 663/2979/1462 1079/669/432
f 238/2159/1145 663/2979/1462 1712/662/428
f 1363/2980/1463 1761/2981/1464 935/2982/1465
f 417/1352/795 1363/2980/1463 892/1289/769
f 1761/2981/1464 277/2983/1466 935/2982/1465
f 1824/1348/793 1772/2984/1467 1831/1349/433
f 1772/2984/1467 1761/2985/1464 1831/1349/433
f 1772/2986/1467 1824/1347/793 1434/666/430
f 1772/2986/1467 1434/666/430 1079/669/432
f 78/2987/1468 1772/2986/1467 1079/669/432
f 277/2983/1466 1772/2986/1467 78/2987/1468
f 1772/2984/1467 277/2988/1466 1761/2985/1464
f 202/2989/1469 2000/2990/1150 985/2991/767
f 202/2992/1469 26/2156/1144 214/2158/764
f 202/2992/1469 214/2158/764 200/2993/1151
f 2000/2990/1150 202/2989/1469 200/2994/1151
f 229/2167/1152 991/2995/1470 935/2982/1465
f 991/2996/1470 985/2997/767 892/2998/769
f 1363/2980/1463 991/2995/1470 892/1289/769
f 991/2995/1470 1363/2980/1463 935/2982/1465
f 1077/2999/1471 229/2167/1152 935/2982/1465
f 229/2167/1152 1077/2999/1471 989/2163/1149
f 1757/3000/1472 1484/3001/1473 951/3002/1474
f 626/3003/1475 1484/3001/1473 1461/3004/399
f 1484/3001/1473 626/3003/1475 951/3002/1474
f 1378/3005/1153 626/3003/1475 1461/3004/399
f 626/3003/1475 1378/3005/1153 951/3002/1474
f 1232/3006/777 279/3007/1476 501/3008/397
f 1378/3009/1153 279/3010/1476 1232/3011/777
f 279/3010/1476 335/3012/398 501/3013/397
f 279/3010/1476 1378/3009/1153 335/3012/398
f 1267/3014/1477 799/3015/772 912/3016/1160
f 1548/3017/1478 1224/1294/771 671/1293/770
f 993/3018/1479 1548/3019/1478 671/3020/770
f 1086/3021/1480 208/616/396 1804/285/170
f 1086/3022/1480 1846/3023/400 208/3024/396
f 1086/3025/1480 653/3026/1154 1846/3027/400
f 1852/3028/1481 1533/2177/1157 34/2183/1161
f 1852/3028/1481 2002/2176/1156 1533/2177/1157
f 678/3029/1165 1852/3028/1481 34/2183/1161
f 2002/2176/1156 1558/3030/1482 712/287/172
f 1558/3030/1482 1314/614/394 410/613/369
f 1558/3030/1482 410/613/369 662/288/173
f 712/287/172 1558/3030/1482 662/288/173
f 1508/2175/1155 1259/3031/1483 1533/2177/1157
f 1259/3031/1483 215/2182/1159 1533/2177/1157
f 1259/3031/1483 1508/2175/1155 1224/1294/771
f 1955/3032/1484 1623/2178/1158 563/1904/1038
f 1566/3033/1485 1503/995/635 1023/997/637
f 499/2187/1162 1566/3034/1485 1023/999/637
f 1566/3034/1485 632/3035/1486 1503/3036/635
f 632/3035/1486 1566/3034/1485 741/3037/1487
f 1764/3038/1488 499/2187/1162 1467/992/633
f 1764/3038/1488 1118/994/634 425/538/344
f 1764/3038/1488 1467/992/633 1118/994/634
f 645/3039/1489 736/2189/1164 1502/1023/652
f 645/3039/1489 1502/1023/652 1596/615/395
f 1319/3040/773 645/3039/1489 1596/615/395
f 736/2189/1164 1570/3041/1490 1303/1033/659
f 678/3029/1165 1052/3042/1491 1319/3040/773
f 1862/2372/1229 1578/3043/1492 464/3044/1261
f 1578/3045/1492 448/2434/1254 1320/2433/1253
f 1578/3045/1492 1916/3046/1227 1863/3047/1493
f 1578/3043/1492 1862/2372/1229 1916/2374/1227
f 1578/3043/1492 1158/3048/1255 464/3044/1261
f 1158/2435/1255 1578/3045/1492 1320/2433/1253
f 1210/2191/1166 1608/3049/1494 481/635/406
f 1608/3050/1494 1114/3051/405 481/3052/406
f 1210/3053/1166 1152/3054/1495 1671/3055/1496
f 548/2100/408 1152/3056/1495 779/632/407
f 1152/3057/1495 1210/2191/1166 779/634/407
f 1049/2101/971 1152/3056/1495 548/2100/408
f 1152/3058/1495 1049/3059/971 67/3060/571
f 1524/3061/1497 1578/3045/1492 1863/3047/1493
f 1578/3045/1492 1524/3061/1497 448/2434/1254
f 448/2434/1254 1524/3061/1497 812/1299/774
f 1901/3062/1498 503/2202/1170 1234/1326/786
f 503/3063/1170 1901/3064/1498 1723/3065/787
f 1723/3065/787 1901/3064/1498 1287/3066/788
f 118/678/437 1901/3062/1498 899/1369/804
f 1901/3062/1498 118/678/437 1287/1371/788
f 1901/3062/1498 434/1325/440 899/1369/804
f 1901/3062/1498 1234/1326/786 434/1325/440
f 1043/3067/1499 636/2207/1171 1893/2209/426
f 636/2217/1171 1043/3068/1499 1956/2218/1173
f 1043/3069/1499 1231/2871/1102 1956/2872/1173
f 579/3070/1101 1043/3067/1499 1893/2209/426
f 1043/3069/1499 579/2046/1101 1231/2871/1102
f 580/3071/1500 1521/2216/1172 1956/2218/1173
f 1199/2870/1422 580/3072/1500 1956/2872/1173
f 580/3073/1500 808/2039/1099 1264/2041/763
f 580/3072/1500 1199/2870/1422 808/2038/1099
f 1717/3074/1501 353/3075/1443 219/3076/1502
f 646/3077/1503 475/1353/796 1989/1354/797
f 533/2223/1174 646/3077/1503 1989/1354/797
f 475/3078/796 646/3079/1503 1030/3080/414
f 646/3077/1503 1824/1347/793 1030/643/414
f 646/3077/1503 533/2223/1174 1824/1347/793
f 1525/3081/1504 669/2234/1178 1715/3082/1505
f 1219/2254/1180 1227/3083/1506 158/1392/815
f 158/1390/815 1227/3084/1506 392/1391/809
f 1227/3084/1506 1602/3085/808 392/1391/809
f 1227/3083/1506 1219/2254/1180 1338/1376/442
f 1919/3086/1182 1342/3087/1507 1338/3088/442
f 1342/3089/1507 1919/3090/1182 1350/3091/1181
f 1342/3089/1507 1350/3091/1181 1602/3092/808
f 1342/3087/1507 1227/3093/1506 1338/3088/442
f 1227/3094/1506 1342/3095/1507 1602/3096/808
f 1565/3097/813 1517/3098/1508 1042/3099/73
f 1471/2263/1183 1517/3100/1508 1565/3101/813
f 1517/3100/1508 1471/2263/1183 1107/686/443
f 1042/3099/73 1517/3098/1508 424/3102/5
f 1517/3103/1508 1107/3104/443 424/3105/5
f 1471/2263/1183 1411/3106/1509 1699/2264/812
f 1411/3107/1509 156/3108/1510 1699/1386/812
f 156/3109/1510 1411/3110/1509 224/3111/1184
f 1411/3106/1509 1471/2263/1183 1565/3101/813
f 224/3111/1184 1411/3110/1509 1565/3112/813
f 1889/3113/1511 1420/687/444 1554/688/445
f 1788/3114/1190 1889/3115/1511 1554/3116/445
f 1889/3117/1511 1632/3118/814 1420/3119/444
f 1632/3120/814 1889/3121/1511 158/3122/815
f 1889/3123/1511 1217/3124/816 158/3125/815
f 1889/3126/1511 1788/2273/1190 1217/2275/816
f 669/2234/1178 1818/3127/1512 1715/3082/1505
f 1429/3128/1189 1818/3129/1512 669/3130/1178
f 1291/3131/1513 1500/3132/1191 1714/3133/1192
f 1291/3134/1513 1525/3135/1504 1715/3136/1505
f 1525/3135/1504 1291/3134/1513 1714/3137/1192
f 28/3138/1514 1714/2277/1192 32/699/452
f 1678/3139/1515 28/3138/1514 32/699/452
f 1525/3081/1504 28/3138/1514 319/3140/1516
f 28/3138/1514 1525/3081/1504 1714/2277/1192
f 622/3141/825 338/3142/1517 32/3143/452
f 338/3142/1517 1678/3144/1515 32/3143/452
f 338/3142/1517 622/3141/825 1770/3145/824
f 85/3146/823 338/3142/1517 1770/3145/824
f 1678/3144/1515 338/3142/1517 85/3146/823
f 109/2279/1194 365/3147/1518 837/1425/834
f 1805/3148/1519 109/2279/1194 659/2280/822
f 914/1401/820 1805/3149/1519 659/1402/822
f 807/2288/1197 1805/3148/1519 914/1399/820
f 1805/3150/1519 365/3151/1518 109/3152/1194
f 365/3153/1518 1805/3154/1519 807/3155/1197
f 737/3156/1520 1678/3139/1515 85/1404/823
f 745/2294/1199 737/3157/1520 85/2295/823
f 737/3156/1520 745/2293/1199 1699/1386/812
f 156/3108/1510 737/3156/1520 1699/1386/812
f 1430/2305/1201 1815/3158/1521 1233/296/180
f 1815/3158/1521 1430/2305/1201 1515/2308/1202
f 1815/3159/1521 807/3160/1197 1233/3161/180
f 1815/3159/1521 365/3162/1518 807/3160/1197
f 1815/3158/1521 1515/2308/1202 837/1425/834
f 365/3147/1518 1815/3158/1521 837/1425/834
f 1828/1412/827 436/3163/1522 1663/1413/828
f 436/3164/1522 972/3165/1203 1663/3166/828
f 436/3163/1522 1828/1412/827 1050/1423/829
f 972/3165/1203 436/3164/1522 1050/3167/829
f 1328/3168/833 337/3169/1523 837/3170/834
f 337/3169/1523 321/2311/1204 837/3170/834
f 1835/3171/1206 337/3169/1523 1328/3168/833
f 321/2311/1204 337/3169/1523 139/2312/1196
f 1499/2313/1205 1282/3172/1524 864/1554/879
f 1811/3173/504 1282/3174/1524 728/3175/458
f 864/1554/879 1282/3172/1524 1811/779/504
f 1282/3176/1524 1347/3177/456 728/3178/458
f 1282/3172/1524 1499/2313/1205 1347/706/456
f 250/1771/987 1451/3179/1525 893/3180/839
f 1451/3181/1525 1835/2315/1206 893/1435/839
f 1451/3182/1525 1057/2285/818 139/2287/1196
f 1451/3179/1525 250/1771/987 1057/1397/818
f 337/3169/1523 1451/3183/1525 139/2312/1196
f 1451/3183/1525 337/3169/1523 1835/3171/1206
f 542/3184/1526 596/881/574 387/376/229
f 1424/1746/976 542/3184/1526 936/1758/982
f 542/3185/1526 1424/3186/976 596/3187/574
f 1584/3188/1209 762/3189/1527 1881/3190/841
f 1582/3191/1528 175/3192/482 1051/3193/470
f 1155/1449/844 1582/3194/1528 1051/728/470
f 409/2331/1214 160/3195/1529 635/731/473
f 160/3196/1529 495/3197/1212 635/3198/473
f 127/2332/1215 160/3195/1529 409/2331/1214
f 495/3197/1212 160/3196/1529 647/3199/560
f 160/3195/1529 127/2332/1215 647/862/560
f 1419/860/558 1832/3200/1530 1161/861/559
f 1832/3201/1530 127/3202/1215 1161/3203/559
f 1832/3200/1530 1419/860/558 647/862/560
f 127/3202/1215 1832/3201/1530 647/3204/560
f 1767/3205/1531 1754/2330/1213 635/731/473
f 1767/3205/1531 635/731/473 1799/184/105
f 1528/3206/539 1767/3207/1531 1799/3208/105
f 418/3209/922 1767/3207/1531 1528/3206/539
f 1072/3210/1532 1321/3211/854 1720/3212/853
f 1072/3213/1532 193/2333/1216 1321/1473/854
f 1523/3214/1533 796/2334/1217 1336/1474/855
f 1193/3215/865 1603/3216/1534 784/3217/192
f 1603/3218/1534 360/2338/1220 784/1505/192
f 360/2342/1220 1603/3219/1534 781/2343/1218
f 1603/3220/1534 796/2334/1217 781/2335/1218
f 796/2334/1217 1603/3220/1534 413/1478/857
f 197/3221/1535 1707/2744/1390 63/3222/1536
f 266/3223/1537 183/2737/1076 1867/2738/1386
f 1841/3224/1538 266/3223/1537 1867/2738/1386
f 1906/3225/1222 266/3226/1537 920/3227/1056
f 266/3226/1537 1841/3228/1538 920/3227/1056
f 819/3229/1539 1906/2348/1222 300/2350/1057
f 956/2353/1223 819/3230/1539 300/2354/1057
f 197/3231/1535 819/3232/1539 956/3233/1223
f 1498/3234/1540 197/3221/1535 956/2351/1223
f 240/3235/1541 1746/2359/1224 915/2371/1225
f 240/3235/1541 1857/2442/1260 847/3236/1542
f 1862/2370/1229 240/3235/1541 915/2371/1225
f 1857/2442/1260 240/3235/1541 1862/2370/1229
f 1916/3237/1227 406/3238/1543 1863/3239/1493
f 1612/3240/1226 406/3238/1543 1916/3237/1227
f 406/3241/1543 1612/3242/1226 1777/1600/901
f 406/3238/1543 854/3243/1544 1863/3239/1493
f 854/3244/1544 406/3241/1543 1777/1600/901
f 1390/1528/871 1448/3245/1545 1035/1529/872
f 1448/3246/1545 1390/1532/871 115/2379/889
f 159/2378/1230 1448/3246/1545 115/2379/889
f 263/3247/1546 624/332/200 382/1555/880
f 458/2390/1233 263/3247/1546 382/1555/880
f 263/3247/1546 1149/2391/1234 624/332/200
f 1149/3248/1234 263/3249/1546 1758/3250/890
f 1876/3251/1235 15/3252/1547 1896/3253/513
f 15/3252/1547 718/2651/1354 352/2659/1360
f 1935/3254/1548 274/3255/1236 48/3256/1238
f 453/2431/1251 1935/3257/1548 980/3258/1258
f 1935/3257/1548 453/2431/1251 448/2434/1254
f 1935/3257/1548 448/2434/1254 812/1299/774
f 274/3255/1236 1935/3254/1548 812/3259/774
f 83/3260/1549 1442/2403/1241 401/2405/975
f 83/3261/1549 1763/2394/1237 1427/2400/1240
f 1442/2403/1241 83/3260/1549 1427/3262/1240
f 1787/3263/1550 1/2406/1243 115/1572/889
f 240/3235/1541 1787/3264/1550 1746/2359/1224
f 1746/2359/1224 1787/3264/1550 1096/1531/874
f 1390/3265/871 1787/3266/1550 115/3267/889
f 1787/3264/1550 1390/1532/871 1096/1531/874
f 816/3268/1246 1975/3269/1551 753/3270/894
f 1689/2424/1248 1422/3271/1552 977/640/411
f 977/640/411 1422/3271/1552 154/641/412
f 1422/3271/1552 753/1580/894 154/641/412
f 1422/3271/1552 816/3272/1246 753/1580/894
f 1422/3271/1552 1689/2424/1248 816/3272/1246
f 1932/3273/1553 888/1593/896 1987/1595/900
f 1190/3274/1554 188/2440/1257 730/791/517
f 1497/2441/1259 1190/3274/1554 730/791/517
f 188/2440/1257 1190/3274/1554 328/2432/1252
f 328/2432/1252 1190/3274/1554 1941/2436/1256
f 171/3275/1555 1777/1600/901 1186/705/455
f 171/3275/1555 854/3244/1544 1777/1600/901
f 253/2268/1187 171/3275/1555 1186/705/455
f 171/3275/1555 253/2268/1187 1213/1304/779
f 586/3276/1556 1576/3277/1557 705/3278/897
f 1576/3279/1557 1271/3280/895 705/3281/897
f 1576/3277/1557 982/2429/1250 1271/2430/895
f 982/2429/1250 1576/3277/1557 1213/1304/779
f 1576/3277/1557 171/3275/1555 1213/1304/779
f 493/3282/1558 111/3283/1559 206/3284/1560
f 1708/3285/1561 1924/3286/1562 730/791/517
f 1924/3286/1562 1708/3285/1561 1394/3287/1563
f 444/3288/1564 1677/789/515 730/791/517
f 1924/3289/1562 444/3290/1564 730/3291/517
f 444/3288/1564 1308/2412/892 1677/789/515
f 1308/3292/892 444/3293/1564 1445/3294/893
f 1876/3295/1235 1466/3296/1565 1369/3297/1566
f 880/3298/1567 1466/3299/1565 1876/3251/1235
f 1466/3296/1565 117/3300/1568 1369/3297/1566
f 2004/802/528 1933/3301/1569 349/803/529
f 791/3302/1570 1933/3303/1569 2004/3304/528
f 1403/3305/1571 1933/3303/1569 791/3302/1570
f 583/3306/1572 283/1604/905 967/1605/906
f 1124/3307/1573 1403/3308/1571 1394/3309/1563
f 1708/3285/1561 1124/3310/1573 1394/3287/1563
f 1124/3310/1573 1708/3285/1561 1153/2444/1262
f 1124/3307/1573 1933/3311/1569 1403/3308/1571
f 1124/3310/1573 1153/2444/1262 349/803/529
f 1933/3311/1569 1124/3307/1573 349/3312/529
f 1617/3313/531 1172/3314/1574 1243/3315/523
f 1172/3314/1574 1651/3316/1264 1243/3315/523
f 1651/2448/1264 1172/3317/1574 1617/2451/531
f 879/3318/1575 1755/3319/915 1954/3320/536
f 879/3318/1575 1628/3321/1265 1755/3319/915
f 37/3322/1576 18/809/535 1462/339/204
f 37/3322/1576 1396/3323/1266 18/809/535
f 1870/1641/921 37/3322/1576 1462/339/204
f 1143/873/569 1765/3324/1577 1686/872/568
f 1765/3325/1577 343/3326/1268 1686/3327/568
f 1765/3324/1577 1143/873/569 259/870/566
f 340/3328/1578 147/3329/1579 82/3330/1580
f 147/3329/1579 340/3328/1578 1247/3331/1581
f 111/3283/1559 1913/3332/1582 206/3284/1560
f 1239/3333/1583 227/3334/1584 660/2478/1276
f 1948/2477/1275 1239/3333/1583 660/2478/1276
f 1239/3333/1583 494/1645/925 620/3335/1585
f 1239/3333/1583 1948/2477/1275 494/1645/925
f 1386/3336/1586 1443/3337/1587 1978/821/546
f 1386/3336/1586 1978/821/546 1945/822/102
f 1216/3338/1278 1386/3336/1586 1945/822/102
f 192/2487/1280 1386/3339/1586 1216/2488/1278
f 61/3340/1588 182/1692/949 1978/821/546
f 1443/3337/1587 61/3340/1588 1978/821/546
f 61/3340/1588 1443/3337/1587 1014/3341/1589
f 340/3328/1578 1478/3342/1590 1247/3331/1581
f 62/3343/1591 1494/2491/1284 1491/2490/1283
f 1056/3344/1592 1482/3345/1593 1285/3346/1279
f 1443/3337/1587 1482/3347/1593 1014/3341/1589
f 1482/3347/1593 192/2484/1280 1285/2483/1279
f 1386/3336/1586 1482/3347/1593 1443/3337/1587
f 1482/3348/1593 1386/3339/1586 192/2487/1280
f 683/3349/1594 227/3350/1584 1511/3351/1281
f 192/2484/1280 683/3352/1594 1511/2485/1281
f 227/3334/1584 683/3352/1594 660/2478/1276
f 683/3352/1594 587/2479/1277 660/2478/1276
f 683/3352/1594 192/2484/1280 587/2479/1277
f 428/3353/1595 680/2492/1285 1494/2491/1284
f 1478/3342/1590 428/3353/1595 1494/2491/1284
f 331/2591/1324 665/3354/1596 483/2592/1325
f 665/3354/1596 331/2591/1324 1879/2502/1290
f 665/3354/1596 1141/2503/1291 1982/1661/932
f 1141/2503/1291 665/3354/1596 1879/2502/1290
f 1047/3355/1597 1007/383/236 483/2592/1325
f 1007/383/236 1047/3355/1597 1357/385/238
f 341/3356/1598 1547/3357/1599 101/3358/1600
f 680/2492/1285 341/3359/1598 1413/3360/1601
f 1547/3361/1599 341/3359/1598 680/2492/1285
f 754/3362/1602 650/3363/1603 1413/3360/1601
f 1884/3364/1604 373/1649/927 1070/1651/224
f 1011/2508/1292 1884/3364/1604 1070/1651/224
f 1884/3365/1604 1011/2504/1292 515/2506/549
f 558/1694/928 1884/3366/1604 515/829/549
f 373/1649/927 1884/3364/1604 558/1652/928
f 1658/2510/1293 520/3367/1605 441/2511/554
f 520/3368/1605 1658/3369/1293 1875/3370/1288
f 441/2511/554 520/3367/1605 1005/832/551
f 520/3367/1605 113/830/219 1005/832/551
f 520/3368/1605 99/3371/1287 113/3372/219
f 99/3371/1287 520/3368/1605 1875/3370/1288
f 1858/3373/1606 144/3374/1607 1816/3375/556
f 144/3376/1607 1658/2510/1293 1816/858/556
f 1875/2497/1288 144/3376/1607 480/814/540
f 1658/2510/1293 144/3376/1607 1875/2497/1288
f 1111/3377/1608 739/1657/929 452/1659/931
f 720/3378/1294 1111/3377/1608 452/1659/931
f 1759/1693/950 54/3379/1609 558/1694/928
f 54/3379/1609 273/2541/1308 1376/2517/1297
f 273/2541/1308 54/3379/1609 1759/1693/950
f 1942/3380/1610 994/2531/1303 207/1682/943
f 1869/815/541 1942/3380/1610 713/1686/935
f 1942/3380/1610 207/1682/943 713/1686/935
f 994/3381/1303 1837/3382/1611 207/3383/943
f 207/3383/943 1837/3382/1611 315/3384/944
f 1837/3385/1611 1909/3386/1612 315/1683/944
f 1837/3385/1611 994/2531/1303 1672/2530/1302
f 1909/3386/1612 1837/3385/1611 1672/2530/1302
f 1860/2513/1295 1002/3387/1613 1625/2514/947
f 1002/3387/1613 1377/1688/946 1625/2514/947
f 1002/3387/1613 1909/3386/1612 1672/2530/1302
f 758/1675/939 1002/3387/1613 1672/2530/1302
f 1377/1688/946 1002/3387/1613 758/1675/939
f 541/1660/930 1718/3388/1614 452/2515/931
f 1718/3389/1614 443/3390/1300 452/3391/931
f 1718/3388/1614 541/1660/930 1711/1662/933
f 535/3392/1299 1718/3388/1614 1711/1662/933
f 1136/1681/942 1718/3388/1614 535/3392/1299
f 1718/3388/1614 1136/1681/942 315/1683/944
f 443/3393/1300 1718/3394/1614 315/3395/944
f 1279/3396/1301 477/3397/1615 758/3398/939
f 1571/3399/936 477/3400/1615 254/3401/937
f 477/3402/1615 1571/1668/936 758/1675/939
f 374/2533/1305 47/3403/1616 502/2534/543
f 47/3403/1616 374/2533/1305 182/1692/949
f 47/3403/1616 1255/2535/1306 502/2534/543
f 19/3404/948 435/3405/1617 589/3406/544
f 1255/3407/1306 435/3405/1617 19/3404/948
f 1547/3357/1599 1569/3408/1618 101/3358/1600
f 1250/3409/1619 1820/3410/1620 248/3411/1621
f 1820/3410/1620 1250/3409/1619 754/3362/1602
f 1778/3412/1622 69/1698/951 1568/1700/953
f 1237/2537/1307 1778/3412/1622 1568/1700/953
f 1808/3413/1623 720/2512/1294 1376/2517/1297
f 273/2541/1308 1808/3413/1623 1376/2517/1297
f 1808/3413/1623 273/2541/1308 1092/3414/1310
f 1808/3413/1623 1111/3415/1608 720/2512/1294
f 273/2541/1308 1135/3416/1624 164/3417/1309
f 384/3418/1625 1135/3416/1624 1237/2537/1307
f 69/1698/951 1356/3419/1626 1245/1699/952
f 1356/3420/1626 22/3421/1311 1245/3422/952
f 1356/3419/1626 69/1698/951 114/3423/547
f 368/2545/954 1356/3424/1626 114/2546/547
f 22/3425/1311 1356/3424/1626 368/2545/954
f 623/3426/966 138/3427/1627 1410/3428/911
f 138/3429/1627 918/2575/1317 1410/1726/911
f 619/3430/1318 138/3427/1627 623/3426/966
f 918/2575/1317 138/3429/1627 226/869/565
f 138/3429/1627 619/2576/1318 226/869/565
f 1311/3431/1320 540/3432/1628 1737/3433/1167
f 1617/805/531 1662/3434/1629 1380/1630/914
f 1662/3434/1629 1617/805/531 1470/807/533
f 149/3435/1630 1311/2584/1320 243/1742/973
f 540/3432/1628 149/3436/1630 429/3437/1631
f 149/3436/1630 540/3432/1628 1311/3431/1320
f 1732/3438/1632 217/1787/994 907/1789/581
f 303/3439/1331 1732/3440/1632 907/3441/581
f 1732/3442/1632 303/3443/1331 578/3444/1333
f 1732/3445/1632 578/3446/1333 1189/3447/837
f 217/1787/994 1732/3438/1632 1189/3448/837
f 303/3449/1331 174/3450/1633 578/2611/1333
f 174/3450/1633 1012/2609/1332 578/2611/1333
f 174/3450/1633 1130/2600/1330 1487/2601/838
f 174/3450/1633 303/3449/1331 1130/2600/1330
f 20/902/583 249/3451/1634 749/903/584
f 668/2623/1336 249/3452/1634 20/2624/583
f 249/3451/1634 106/1776/991 749/903/584
f 249/3451/1634 919/1779/992 106/1776/991
f 249/3452/1634 668/2623/1336 919/2626/992
f 322/3453/1340 1802/3454/1635 1368/3455/1341
f 1802/3454/1635 322/3453/1340 887/3456/1337
f 1802/3457/1635 887/2627/1337 1848/100/58
f 828/3458/1636 322/2630/1340 271/2632/1342
f 828/3458/1636 1959/2633/1343 995/400/245
f 1959/2633/1343 828/3458/1636 271/2632/1342
f 322/3459/1340 828/3460/1636 887/3461/1337
f 1611/2628/1338 828/3458/1636 995/400/245
f 828/3458/1636 1611/2628/1338 887/2627/1337
f 403/3462/1637 84/3463/988 211/3464/990
f 403/3465/1637 211/1775/990 198/1778/591
f 537/3466/590 403/3467/1637 198/3468/591
f 1729/3469/1638 150/3470/1639 774/2634/1344
f 774/2634/1344 150/3470/1639 693/401/246
f 150/3471/1639 403/3472/1637 537/3473/590
f 403/3474/1637 150/3475/1639 1729/3476/1638
f 150/3470/1639 1716/913/589 693/401/246
f 150/3477/1639 537/3478/590 1716/3479/589
f 1175/3480/1640 1729/3469/1638 774/2634/1344
f 602/1793/997 1322/3481/1641 983/1792/995
f 983/1792/995 1322/3481/1641 1401/1791/996
f 1322/3481/1641 137/2639/1346 1401/1791/996
f 1276/3482/1642 508/3483/1643 137/2639/1346
f 137/2639/1346 508/3483/1643 1636/921/593
f 508/3483/1643 103/2640/1347 934/920/592
f 103/2640/1347 508/3483/1643 1276/3482/1642
f 508/3483/1643 934/920/592 1996/399/16
f 1636/921/593 508/3483/1643 1996/399/16
f 103/2640/1347 765/3484/1644 385/99/57
f 765/3485/1644 103/3486/1347 1368/3455/1341
f 385/99/57 765/3484/1644 1848/100/58
f 765/3484/1644 1802/3457/1635 1848/100/58
f 1802/3454/1635 765/3485/1644 1368/3455/1341
f 102/3487/867 960/3488/1645 1020/3489/836
f 960/3490/1645 974/3491/1349 1020/3492/836
f 974/2645/1349 960/3493/1645 102/1524/867
f 970/901/582 1703/3494/1646 348/933/601
f 1703/3494/1646 970/901/582 1229/2613/502
f 1703/3494/1646 1229/2613/502 1164/334/202
f 1756/2646/1350 1703/3494/1646 1164/334/202
f 449/3495/1647 342/2657/1358 1740/415/257
f 342/2657/1358 449/3495/1647 1724/2653/1356
f 1980/3496/1006 1659/3497/1648 474/3498/260
f 1659/3499/1648 1009/2647/1351 474/2648/260
f 506/1797/1001 1549/3500/1649 1167/1799/1003
f 969/2649/1352 1549/3500/1649 506/1797/1001
f 1549/3500/1649 969/2649/1352 718/2651/1354
f 1162/3501/1353 1567/3502/1650 718/3503/1354
f 1567/3502/1650 853/3504/1359 718/3503/1354
f 950/3505/1032 58/3506/1651 1286/1888/1031
f 1286/1888/1031 58/3506/1651 979/1813/266
f 58/3506/1651 1679/1814/1007 979/1813/266
f 58/3507/1651 1095/3508/1652 1679/3509/1007
f 1095/3510/1652 805/3511/1653 1679/3512/1007
f 805/3513/1653 1629/939/603 1098/940/604
f 1679/1814/1007 805/3513/1653 1098/940/604
f 58/3514/1651 805/3511/1653 1095/3510/1652
f 805/3513/1653 950/3505/1032 1629/939/603
f 805/3513/1653 58/3506/1651 950/3505/1032
f 871/3515/1654 1657/3516/1011 1865/3517/274
f 89/3518/1362 871/3515/1654 1865/3517/274
f 871/3515/1654 89/3518/1362 1657/3516/1011
f 1817/3519/1655 921/1841/1016 383/967/617
f 1817/3519/1655 426/2691/1364 921/1841/1016
f 426/3520/1364 1817/3521/1655 400/3522/1366
f 1817/3523/1655 1745/2692/1015 400/2694/1366
f 1745/1840/1015 1817/3519/1655 383/967/617
f 1534/3524/1656 1722/1847/1017 496/451/283
f 1690/3525/282 1534/3526/1656 496/3527/283
f 1722/1847/1017 1534/3524/1656 400/3528/1366
f 1534/3529/1656 426/2689/1364 400/3530/1366
f 1488/3531/1657 405/3532/1367 1412/3533/1368
f 1488/3531/1657 212/3534/1370 1456/3535/1019
f 405/3532/1367 1488/3531/1657 1456/3535/1019
f 1748/3536/1658 752/2714/1374 842/199/115
f 752/3537/1374 1748/3538/1658 981/3539/1372
f 1748/3536/1658 1753/2709/1371 981/3540/1372
f 1097/198/114 1748/3536/1658 842/199/115
f 1753/2709/1371 1748/3536/1658 1097/198/114
f 276/3541/1659 981/3540/1372 1260/2713/1373
f 276/3542/1659 752/3543/1374 981/3544/1372
f 128/2723/1378 276/3541/1659 1260/2713/1373
f 752/3543/1374 276/3542/1659 1335/3545/1375
f 276/3541/1659 128/2723/1378 1335/2715/1375
f 201/3546/1660 128/2723/1378 1452/1861/625
f 128/2723/1378 201/3546/1660 179/1864/1024
f 1594/3547/624 201/3546/1660 1452/1861/625
f 179/1864/1024 201/3546/1660 1594/3547/624
f 557/3548/1661 361/456/286 1646/458/287
f 557/3548/1661 1120/3549/1028 361/456/286
f 785/3550/1662 95/3551/639 1633/3552/1043
f 1849/2725/1380 785/3553/1662 1633/1912/1043
f 855/3554/1663 940/1902/1036 1418/1003/640
f 855/3554/1663 1280/2188/1163 940/1902/1036
f 317/2727/1381 402/3555/1664 1137/2732/1382
f 10/3556/1665 402/3557/1664 1773/1005/642
f 402/3557/1664 10/3556/1665 1137/3558/1382
f 1773/1005/642 402/3557/1664 1526/1006/643
f 1861/3559/1666 371/3560/1384 1855/3561/647
f 717/3562/1667 100/3563/1668 1387/2946/1447
f 100/3564/1668 717/3565/1667 1928/3566/1383
f 1928/2734/1383 717/3562/1667 1644/1916/1046
f 199/2724/1379 870/3567/1669 741/3037/1487
f 870/3567/1669 632/3035/1486 741/3037/1487
f 632/3035/1486 870/3567/1669 1503/3036/635
f 920/1935/1056 743/3568/1670 1481/510/329
f 1841/3228/1538 743/3569/1670 920/3227/1056
f 743/3568/1670 1963/1917/1047 1481/510/329
f 1963/1917/1047 743/3568/1670 1721/216/130
f 743/3568/1670 1766/2736/1385 1721/216/130
f 1766/2736/1385 743/3568/1670 1867/2738/1386
f 743/3568/1670 1841/3224/1538 1867/2738/1386
f 930/1920/1049 1665/3570/1671 1744/1918/1048
f 1665/3571/1671 1147/3572/1672 1744/3573/1048
f 1665/3574/1671 930/3575/1049 1364/3576/1050
f 1665/3571/1671 245/3577/1673 1147/3572/1672
f 168/1024/653 245/3578/1673 1364/1921/1050
f 245/3578/1673 1665/3570/1671 1364/1921/1050
f 1965/1930/1051 64/3579/1674 507/1931/1055
f 64/3579/1674 1147/3580/1672 507/1931/1055
f 1917/2743/1389 326/3581/1675 63/3222/1536
f 326/3581/1675 197/3221/1535 63/3222/1536
f 183/1995/1076 326/3582/1675 468/1996/687
f 326/3581/1675 1917/2743/1389 468/2742/687
f 1147/3583/1672 821/3584/1676 507/3585/1055
f 821/3586/1676 1917/2743/1389 63/3222/1536
f 245/3587/1673 821/3584/1676 1147/3583/1672
f 821/3586/1676 1707/2744/1390 507/1931/1055
f 1707/3588/1390 821/3589/1676 63/3590/1536
f 547/3591/1677 829/3592/1064 1317/3593/1063
f 165/3594/1394 547/3591/1677 1317/3593/1063
f 733/2798/1402 1302/3595/1678 257/2799/1403
f 1316/1878/1029 1302/3595/1678 432/461/289
f 1302/3595/1678 1967/2796/1401 432/461/289
f 1302/3595/1678 733/2798/1402 1967/2796/1401
f 1302/3596/1678 1316/1880/1029 357/1879/628
f 257/2799/1403 1302/3595/1678 357/986/628
f 896/3597/1679 1446/3598/1680 1520/3599/1079
f 1115/519/337 1446/3598/1680 1539/518/336
f 1520/1999/1079 1446/3600/1680 1115/520/337
f 1446/3601/1680 727/1148/700 1539/1150/336
f 1446/3598/1680 896/3597/1679 727/1161/700
f 531/3602/704 460/3603/1681 572/3604/338
f 572/3604/338 460/3603/1681 1296/3605/134
f 460/3606/1681 673/2000/1080 1296/522/134
f 559/3607/1682 896/3597/1679 1520/3599/1079
f 884/2809/1407 559/3607/1682 1520/3599/1079
f 559/3608/1682 460/3603/1681 531/3602/704
f 559/3607/1682 884/2809/1407 1004/2811/1405
f 559/3609/1682 531/3610/704 727/3611/700
f 896/3597/1679 559/3607/1682 727/1161/700
f 673/2000/1080 559/3607/1682 1004/2811/1405
f 460/3612/1681 559/3613/1682 673/3614/1080
f 621/3615/1683 1371/2825/1410 965/2827/1083
f 834/2828/1411 1984/3616/1684 1949/2013/1086
f 898/3617/1415 1984/3616/1684 1156/2015/1088
f 1984/3616/1684 898/3617/1415 1949/2013/1086
f 617/2846/1414 110/3618/1685 898/3617/1415
f 782/3619/1418 110/3618/1685 1809/1169/711
f 1809/1169/711 110/3618/1685 863/536/342
f 110/3618/1685 617/2846/1414 863/536/342
f 898/3617/1415 110/3618/1685 1949/2013/1086
f 110/3618/1685 575/2022/1091 1949/2013/1086
f 110/3618/1685 782/3619/1418 575/2022/1091
f 380/3620/1686 442/3621/1421 808/3622/1099
f 1199/2870/1422 380/3623/1686 808/2038/1099
f 380/3623/1686 1199/2870/1422 629/2050/718
f 189/2051/1105 380/3623/1686 629/2050/718
f 442/3624/1421 380/3625/1686 189/3626/1105
f 1540/3627/1687 416/3628/1429 811/3629/1115
f 1540/3627/1687 811/3629/1115 66/3630/1097
f 1138/2081/1116 1540/3631/1687 66/2032/1097
f 416/2892/1429 1983/3632/1688 704/1174/712
f 1983/3632/1688 1836/1277/760 704/1174/712
f 1836/1277/760 1983/3632/1688 1384/3633/1094
f 1983/3634/1688 1138/2078/1116 1384/2080/1094
f 1033/2910/1127 450/3635/1689 968/1248/745
f 901/2909/1434 450/3635/1689 1033/2910/1127
f 450/3635/1689 901/2909/1434 672/2911/1131
f 450/3635/1689 1305/1252/749 968/1248/745
f 450/3635/1689 562/2949/1449 1305/1252/749
f 1991/2948/1448 450/3635/1689 672/2911/1131
f 450/3635/1689 1991/2948/1448 562/2949/1449
f 1829/3636/1690 185/2927/1438 1305/2926/749
f 185/2927/1438 1829/3636/1690 1202/2933/1437
f 1774/2951/1450 1829/3636/1690 1305/2926/749
f 1607/3637/1440 1306/3638/1691 1827/3639/1441
f 1306/3638/1691 1607/3637/1440 411/3640/1445
f 1306/3641/1691 1926/2945/1446 1827/2936/1441
f 1926/3642/1446 1306/3643/1691 411/3644/1445
f 803/3645/1692 1871/3646/1439 1827/3647/1441
f 1387/2946/1447 162/3648/1693 1827/2936/1441
f 100/3563/1668 162/3648/1693 1387/2946/1447
f 162/3648/1693 803/3649/1692 1827/2936/1441
f 803/3649/1692 162/3648/1693 564/2937/1442
f 162/3648/1693 100/3563/1668 219/3650/1502
f 353/2942/1443 162/3648/1693 219/3650/1502
f 564/2937/1442 162/3648/1693 353/2942/1443
f 1557/3651/1694 187/3652/1444 142/3653/1128
f 1557/3654/1694 142/2130/1128 595/1260/754
f 1041/2836/1129 1557/3651/1694 1240/2837/1413
f 187/3652/1444 1557/3651/1694 1041/2836/1129
f 1134/2011/1085 1557/3655/1694 595/2012/754
f 1557/3656/1694 1134/2832/1085 1240/2834/1413
f 1041/2131/1129 1457/3657/1695 411/2944/1445
f 1457/3657/1695 1926/2945/1446 411/2944/1445
f 856/1011/648 1457/3657/1695 612/1014/649
f 1457/3657/1695 1041/2131/1129 612/1014/649
f 603/2136/1132 121/3658/1696 176/2956/755
f 121/3659/1696 1088/2959/1453 176/1265/755
f 1750/1254/750 121/3660/1696 1181/1255/384
f 1088/3661/1453 121/3660/1696 1750/1254/750
f 614/2966/1455 1826/3662/1697 1639/1282/762
f 1826/3662/1697 614/2966/1455 1197/2149/1139
f 640/2148/1138 1826/3662/1697 1197/2149/1139
f 353/3663/1443 1826/3664/1697 640/3665/1138
f 1620/3666/1698 560/2154/1142 415/642/413
f 431/2967/1456 1620/3666/1698 415/642/413
f 1463/3667/1699 1602/1378/808 567/1288/768
f 1463/3668/1699 431/3669/1456 1602/3670/808
f 1463/3667/1699 567/1288/768 200/2166/1151
f 1620/3666/1698 1463/3667/1699 200/2166/1151
f 1463/3668/1699 1620/3671/1698 431/3669/1456
f 1480/3672/1457 1242/3673/1700 746/3674/1249
f 1242/3675/1700 1476/3676/1143 1792/3677/390
f 1242/3673/1700 550/3678/1701 746/3674/1249
f 1242/3679/1700 1792/609/390 715/611/392
f 550/3680/1701 1242/3679/1700 715/611/392
f 1480/3681/1457 1687/3682/1702 270/3683/1459
f 1687/3684/1702 1821/3685/1458 270/3686/1459
f 26/3687/1144 838/3688/1703 894/1285/765
f 838/3688/1703 1340/2973/1460 684/1901/1035
f 894/1285/765 838/3688/1703 1792/609/390
f 759/610/391 838/3688/1703 684/1901/1035
f 838/3688/1703 759/610/391 1792/609/390
f 1340/3689/1460 122/3690/1704 817/3691/1148
f 122/3692/1704 838/3688/1703 26/3687/1144
f 838/3693/1703 122/3694/1704 1340/3695/1460
f 524/3696/1705 10/3697/1665 1773/3698/642
f 1859/2974/1461 524/3699/1705 1773/1005/642
f 524/3699/1705 1859/2974/1461 237/1009/646
f 1137/2732/1382 524/3700/1705 237/2733/646
f 10/3701/1665 524/3702/1705 1137/3703/1382
f 1648/3704/1706 663/3705/1462 989/3706/1149
f 1077/2999/1471 1648/3707/1706 989/2163/1149
f 1648/3707/1706 78/2987/1468 1079/669/432
f 663/2979/1462 1648/3707/1706 1079/669/432
f 1761/2985/1464 469/3708/1707 1831/1349/433
f 1363/2980/1463 469/3709/1707 1761/2981/1464
f 277/2983/1466 666/3710/1708 935/2982/1465
f 666/3711/1708 277/3712/1466 78/3713/1468
f 666/3710/1708 1077/2999/1471 935/2982/1465
f 1648/3714/1706 666/3711/1708 78/3713/1468
f 666/3710/1708 1648/3707/1706 1077/2999/1471
f 1866/3715/1709 202/3716/1469 985/1287/767
f 202/3716/1469 1866/3715/1709 26/3687/1144
f 1866/3715/1709 122/3692/1704 26/3687/1144
f 122/3692/1704 1866/3715/1709 817/2168/1148
f 991/2996/1470 1866/3717/1709 985/2997/767
f 1866/3715/1709 229/2167/1152 817/2168/1148
f 1866/3715/1709 991/2995/1470 229/2167/1152
f 476/3718/1710 1988/3719/1711 1960/2402/1242
f 476/3718/1710 1076/3720/1712 1988/3719/1711
f 550/3680/1701 74/3721/1713 746/2425/1249
f 74/3721/1713 550/3680/1701 993/3722/1479
f 74/3721/1713 1689/2424/1248 746/2425/1249
f 74/3723/1713 671/1291/770 554/1290/169
f 74/3721/1713 993/3722/1479 671/1293/770
f 74/3721/1713 554/284/169 1268/608/389
f 1689/2424/1248 74/3721/1713 1268/608/389
f 1146/3724/1714 550/3680/1701 715/611/392
f 550/3680/1701 1146/3724/1714 1267/3725/1477
f 799/1295/772 1146/3724/1714 715/611/392
f 1267/3014/1477 1146/3726/1714 799/3015/772
f 865/3727/1715 1548/3019/1478 993/3018/1479
f 550/3728/1701 865/3729/1715 993/3730/1479
f 865/3731/1715 550/3680/1701 1267/3725/1477
f 865/3731/1715 1267/3725/1477 912/3732/1160
f 1897/3733/1716 1508/3734/1155 653/3735/1154
f 1086/3736/1480 1897/3737/1716 653/3738/1154
f 1508/2175/1155 1897/3739/1716 1224/1294/771
f 1224/1294/771 1897/3739/1716 1804/285/170
f 1897/3740/1716 1086/3741/1480 1804/3742/170
f 1852/3028/1481 1207/3743/1717 2002/2176/1156
f 1207/3743/1717 1852/3028/1481 678/3029/1165
f 215/3744/1159 1962/3745/1718 912/3746/1160
f 1259/3031/1483 1962/3747/1718 215/2182/1159
f 1962/3748/1718 865/3749/1715 912/3750/1160
f 865/3731/1715 1962/3747/1718 1548/3017/1478
f 1548/3017/1478 1962/3747/1718 1224/1294/771
f 1962/3747/1718 1259/3031/1483 1224/1294/771
f 1280/3751/1163 776/3752/1719 1775/3753/1037
f 1775/3753/1037 776/3752/1719 563/3754/1038
f 776/3755/1719 1955/3756/1484 563/3757/1038
f 1623/2178/1158 594/3758/1720 34/2183/1161
f 1955/3032/1484 594/3758/1720 1623/2178/1158
f 359/3759/1721 1566/3760/1485 499/3761/1162
f 1566/3034/1485 561/3762/1722 741/3037/1487
f 359/3763/1721 561/3764/1722 1566/3765/1485
f 1905/3766/1723 645/3039/1489 1319/3040/773
f 645/3039/1489 1905/3766/1723 736/2189/1164
f 1052/3042/1491 1905/3766/1723 1319/3040/773
f 1570/3041/1490 877/3767/1724 1303/1033/659
f 1303/1033/659 877/3767/1724 1404/474/302
f 877/3767/1724 260/472/300 1404/474/302
f 877/3767/1724 667/3768/1725 260/472/300
f 975/3769/1726 1570/3041/1490 736/2189/1164
f 1905/3770/1723 975/3771/1726 736/3772/1164
f 1054/3773/1727 1210/3053/1166 1671/3055/1496
f 1054/3774/1727 1608/3049/1494 1210/2191/1166
f 1597/3775/1728 1054/3776/1727 1671/3777/1496
f 1054/3778/1727 1597/3779/1728 1114/3780/405
f 1608/3781/1494 1054/3782/1727 1114/3783/405
f 608/3784/1729 1152/3056/1495 67/875/571
f 608/3784/1729 67/875/571 553/877/572
f 1737/2585/1167 608/3784/1729 553/877/572
f 1814/3785/1730 608/3786/1729 429/3787/1631
f 1814/3788/1730 2001/2586/1321 1635/3789/1731
f 2001/2586/1321 1814/3788/1730 429/3790/1631
f 1094/3791/1732 1597/3775/1728 1671/3777/1496
f 1152/3056/1495 1094/3791/1732 1671/3777/1496
f 1094/3791/1732 1814/3788/1730 1635/3789/1731
f 608/3784/1729 1094/3791/1732 1152/3056/1495
f 1814/3788/1730 1094/3791/1732 608/3784/1729
f 511/3792/1733 1094/3791/1732 1635/3789/1731
f 1094/3791/1732 511/3792/1733 1597/3775/1728
f 1524/3061/1497 1123/3793/1734 812/1299/774
f 812/3794/774 1123/3795/1734 1297/3796/775
f 1639/1282/762 1083/3797/1735 1264/1283/763
f 1826/3662/1697 1083/3797/1735 1639/1282/762
f 1717/3798/1501 1083/3799/1735 353/3663/1443
f 1083/3799/1735 1826/3664/1697 353/3663/1443
f 669/2234/1178 534/3800/1736 682/689/446
f 534/3800/1736 709/3801/1737 682/689/446
f 1634/3802/1738 1291/3134/1513 1715/3136/1505
f 1291/3803/1513 1634/3804/1738 1500/2276/1191
f 1500/2276/1191 1634/3804/1738 1372/2267/1186
f 1634/3804/1738 1429/2271/1189 1372/2267/1186
f 1818/3805/1512 1634/3802/1738 1715/3136/1505
f 1634/3802/1738 1818/3805/1512 1429/3806/1189
f 28/3807/1514 1489/3808/1739 319/3809/1516
f 1489/3810/1739 28/3138/1514 1678/3139/1515
f 1489/3808/1739 737/3811/1520 319/3809/1516
f 737/3156/1520 1489/3810/1739 1678/3139/1515
f 267/2317/1207 942/3812/1740 387/376/229
f 942/3812/1740 542/3184/1526 387/376/229
f 762/3813/1527 942/3812/1740 267/2317/1207
f 762/3814/1527 795/3815/1741 1881/3816/841
f 795/3815/1741 762/3814/1527 267/3817/1207
f 1881/3818/841 795/3819/1741 1453/3820/232
f 795/3821/1741 267/2317/1207 1453/379/232
f 570/2320/1210 1685/3822/1742 1155/1449/844
f 1685/3822/1742 1582/3194/1528 1155/1449/844
f 1685/3823/1742 570/3824/1210 167/3825/188
f 175/740/482 1685/3822/1742 167/311/188
f 1582/3826/1528 1685/3827/1742 175/3828/482
f 545/3829/1743 418/3830/922 1161/3831/559
f 545/3832/1743 1767/3205/1531 418/1642/922
f 1754/2330/1213 545/3832/1743 1161/861/559
f 1767/3205/1531 545/3832/1743 1754/2330/1213
f 1072/3213/1532 1894/3833/1744 193/2333/1216
f 193/2333/1216 1894/3833/1744 90/331/199
f 489/1482/858 1894/3833/1744 714/744/486
f 1894/3833/1744 832/325/196 90/331/199
f 1894/3833/1744 489/1482/858 832/325/196
f 1894/3833/1744 1720/1472/853 714/744/486
f 1894/3834/1744 1072/3835/1532 1720/3836/853
f 1032/3837/1745 1523/3838/1533 1336/3839/855
f 1105/1457/846 1032/3840/1745 1336/1474/855
f 1032/3840/1745 1105/1457/846 73/1459/848
f 1552/1461/478 1032/3841/1745 73/1462/848
f 1523/3842/1533 1032/3841/1745 1552/1461/478
f 796/3843/1217 845/3844/1746 1706/3845/864
f 1523/3846/1533 845/3847/1746 796/3848/1217
f 1706/1508/864 845/3849/1746 1552/736/478
f 845/3849/1746 1523/3214/1533 1552/736/478
f 330/2336/1219 1036/3850/1747 1193/2337/865
f 1036/3850/1747 1603/3220/1534 1193/2337/865
f 1036/3850/1747 330/2336/1219 413/1478/857
f 1603/3220/1534 1036/3850/1747 413/1478/857
f 197/3221/1535 1581/3851/1748 1707/2744/1390
f 1581/3851/1748 1166/2344/1221 354/1712/959
f 1707/2744/1390 1581/3851/1748 354/1712/959
f 1581/3852/1748 1498/3853/1540 1166/3854/1221
f 1498/3234/1540 1581/3851/1748 197/3221/1535
f 819/3855/1539 151/3856/1749 1906/3857/1222
f 151/3858/1749 819/3859/1539 197/3860/1535
f 625/3861/1750 956/3862/1223 1706/3863/864
f 625/3864/1750 1498/3234/1540 956/2351/1223
f 1166/3865/1221 625/3866/1750 1706/3867/864
f 1498/3234/1540 625/3864/1750 1166/2344/1221
f 1448/3868/1545 422/3869/1751 1035/3870/872
f 422/3871/1751 1448/3246/1545 159/2378/1230
f 485/3872/1752 422/3873/1751 159/3874/1230
f 422/3871/1751 458/2390/1233 1035/1537/872
f 422/3871/1751 263/3247/1546 458/2390/1233
f 422/3871/1751 485/3875/1752 263/3247/1546
f 263/3249/1546 399/3876/1753 1758/3250/890
f 485/3875/1752 399/3877/1753 263/3247/1546
f 1758/1575/890 399/3877/1753 1447/2377/888
f 399/3877/1753 159/2378/1230 1447/2377/888
f 399/3877/1753 485/3875/1752 159/2378/1230
f 1343/3878/1754 1522/3879/916 1896/3253/513
f 15/3252/1547 1343/3878/1754 1896/3253/513
f 1522/1632/916 1343/3880/1754 56/1633/917
f 1343/3878/1754 15/3252/1547 352/2659/1360
f 146/3881/1755 1343/3878/1754 352/2659/1360
f 1343/3878/1754 146/3881/1755 56/2418/917
f 15/3252/1547 932/3882/1756 718/2651/1354
f 932/3882/1756 1549/3500/1649 718/2651/1354
f 641/2475/1273 932/3882/1756 513/2468/1272
f 932/3882/1756 641/2475/1273 1167/1799/1003
f 1549/3500/1649 932/3882/1756 1167/1799/1003
f 293/3883/1757 1876/3251/1235 1369/3884/1566
f 293/3883/1757 15/3252/1547 1876/3251/1235
f 83/3885/1549 988/3886/1758 1763/3887/1237
f 1153/3888/1262 988/3889/1758 349/3890/529
f 988/3891/1758 1153/2444/1262 1763/2394/1237
f 988/3889/1758 401/3892/975 349/3890/529
f 988/3889/1758 83/3893/1549 401/3892/975
f 1009/2647/1351 470/3894/1759 1724/2653/1356
f 470/3894/1759 1168/3895/1760 1724/2653/1356
f 1168/3895/1760 1938/3896/1761 1724/2653/1356
f 1938/3896/1761 969/2649/1352 1724/2653/1356
f 969/2649/1352 1938/3896/1761 1162/2650/1353
f 1975/3897/1551 1163/3898/1762 1484/3001/1473
f 1163/3898/1762 1931/607/388 1461/3004/399
f 1484/3001/1473 1163/3898/1762 1461/3004/399
f 1163/3899/1762 816/2421/1246 1931/2420/388
f 1163/3898/1762 1975/3897/1551 816/3272/1246
f 521/3900/1763 1188/1594/899 753/1580/894
f 1975/3897/1551 521/3900/1763 753/1580/894
f 1188/1594/899 521/3900/1763 1987/1595/900
f 1757/3000/1472 521/3900/1763 1484/3001/1473
f 521/3901/1763 1975/3902/1551 1484/3903/1473
f 1932/3273/1553 1593/3904/1764 888/1593/896
f 1593/3904/1764 1932/3273/1553 1469/3905/1765
f 888/1593/896 1593/3904/1764 705/3278/897
f 1932/3273/1553 213/3906/1766 1469/3905/1765
f 60/3907/1767 839/3908/1768 847/3236/1542
f 839/3908/1768 240/3235/1541 847/3236/1542
f 839/3908/1768 1787/3264/1550 240/3235/1541
f 1787/3264/1550 839/3908/1768 1/3909/1243
f 839/3908/1768 60/3907/1767 1/3909/1243
f 1/3909/1243 775/3910/1769 191/790/516
f 60/3907/1767 775/3910/1769 1/3909/1243
f 775/3910/1769 1497/2441/1259 191/790/516
f 775/3910/1769 60/3907/1767 1497/2441/1259
f 1857/2442/1260 788/3911/1770 847/3236/1542
f 788/3912/1770 1190/3913/1554 1497/3914/1259
f 788/3911/1770 1857/2442/1260 1941/2436/1256
f 1190/3274/1554 788/3911/1770 1941/2436/1256
f 788/3911/1770 60/3907/1767 847/3236/1542
f 60/3907/1767 788/3911/1770 1497/2441/1259
f 1908/3915/1771 1576/3277/1557 586/3276/1556
f 171/3275/1555 1908/3915/1771 854/3244/1544
f 1576/3277/1557 1908/3915/1771 171/3275/1555
f 1010/3916/1772 494/1645/925 767/175/100
f 1215/3917/1773 375/3918/1774 117/3919/1568
f 593/1601/902 1215/3917/1773 873/1611/909
f 1215/3917/1773 593/1601/902 304/1602/903
f 493/3282/1558 1215/3917/1773 304/1602/903
f 375/3918/1774 1215/3917/1773 493/3282/1558
f 188/2440/1257 929/3920/1775 730/791/517
f 929/3920/1775 1708/3285/1561 730/791/517
f 1708/3285/1561 661/3921/1776 1153/2444/1262
f 1153/2444/1262 661/3921/1776 48/2395/1238
f 1935/3257/1548 661/3921/1776 980/3258/1258
f 661/3921/1776 1935/3257/1548 48/2395/1238
f 1059/3922/1777 1876/3923/1235 755/3924/512
f 1059/3925/1777 880/3298/1567 1876/3251/1235
f 1019/3926/1778 1924/3286/1562 1394/3287/1563
f 1019/3927/1778 444/3928/1564 1924/3929/1562
f 444/3288/1564 1019/3926/1778 1445/3930/893
f 903/3931/1779 1037/3932/1780 967/3933/906
f 1742/806/532 903/3934/1779 967/1605/906
f 903/3934/1779 1742/806/532 873/1611/909
f 1262/3935/1781 1466/3299/1565 880/3298/1567
f 1037/3936/1780 1262/3935/1781 967/1605/906
f 1262/3935/1781 583/3306/1572 967/1605/906
f 583/3306/1572 1262/3935/1781 880/3298/1567
f 1466/3299/1565 358/3937/1782 117/3919/1568
f 1215/3917/1773 358/3937/1782 873/1611/909
f 358/3937/1782 1215/3917/1773 117/3919/1568
f 358/3938/1782 903/3939/1779 873/3940/909
f 903/3931/1779 358/3941/1782 1037/3932/1780
f 358/3942/1782 1262/3943/1781 1037/3944/1780
f 1262/3935/1781 358/3937/1782 1466/3299/1565
f 1823/3945/1783 1403/3305/1571 791/3302/1570
f 1823/3945/1783 583/3946/1572 1403/3305/1571
f 1823/3947/1783 791/3948/1570 2004/3949/528
f 283/1604/905 1823/3950/1783 2004/802/528
f 583/3946/1572 1823/3945/1783 283/3951/905
f 1710/3952/1784 37/3322/1576 1870/1641/921
f 1416/3953/537 1710/3954/1784 1972/3955/243
f 1710/3952/1784 1870/1641/921 1972/393/243
f 651/864/562 1003/3956/1785 259/870/566
f 1003/3957/1785 1765/3958/1577 259/3959/566
f 1288/3960/963 1003/3956/1785 651/864/562
f 343/3961/1268 1003/3962/1785 1261/3963/924
f 1765/3964/1577 1003/3965/1785 343/3966/1268
f 493/3967/1558 55/3968/1786 111/3969/1559
f 823/1603/904 55/3970/1786 304/1602/903
f 55/3970/1786 493/3282/1558 304/1602/903
f 55/3968/1786 634/3971/1787 111/3969/1559
f 634/3972/1787 55/3970/1786 147/3329/1579
f 634/3972/1787 147/3329/1579 1247/3331/1581
f 247/3973/1788 1255/3974/1306 182/3975/949
f 61/3976/1588 247/3977/1788 182/3978/949
f 1455/3979/1789 61/3340/1588 1014/3341/1589
f 1455/3979/1789 62/3343/1591 1491/2490/1283
f 1455/3980/1789 247/3977/1788 61/3976/1588
f 1478/3342/1590 773/3981/1790 1247/3331/1581
f 773/3981/1790 1511/2485/1281 1247/3331/1581
f 773/3981/1790 1285/2483/1279 1511/2485/1281
f 773/3982/1790 1056/3344/1592 1285/3346/1279
f 883/3983/1791 1482/3347/1593 1056/3984/1592
f 310/3985/1792 1547/3361/1599 680/2492/1285
f 428/3353/1595 310/3985/1792 680/2492/1285
f 1839/3986/1793 1478/3987/1590 340/3988/1578
f 1839/3986/1793 428/3989/1595 1478/3987/1590
f 1839/3990/1793 340/3328/1578 82/3330/1580
f 310/3985/1792 1839/3990/1793 82/3330/1580
f 1839/3991/1793 310/3992/1792 428/3993/1595
f 1392/3994/1794 538/3995/1795 1900/3996/1796
f 1392/3997/1794 1250/3998/1619 248/3999/1621
f 1250/3409/1619 1392/3994/1794 1900/3996/1796
f 538/3995/1795 1332/4000/1797 1900/3996/1796
f 1332/4000/1797 1047/3355/1597 1900/3996/1796
f 1332/4000/1797 538/3995/1795 18/809/535
f 1332/4001/1797 18/2456/535 1357/2458/238
f 1047/4002/1597 1332/4003/1797 1357/4004/238
f 311/4005/1798 1047/3355/1597 483/2592/1325
f 1047/3355/1597 311/4005/1798 1900/3996/1796
f 665/3354/1596 311/4005/1798 483/2592/1325
f 552/4006/1799 650/3363/1603 754/3362/1602
f 541/1660/930 552/4006/1799 1982/1661/932
f 1599/874/570 30/4007/1800 998/1733/969
f 747/2516/1296 1649/4008/1801 1376/2517/1297
f 1649/4008/1801 54/3379/1609 1376/2517/1297
f 1649/4009/1801 144/3374/1607 1858/3373/1606
f 144/3376/1607 1649/4008/1801 480/814/540
f 1649/4008/1801 747/2516/1296 1625/2514/947
f 1649/4008/1801 1625/2514/947 1142/1677/941
f 480/814/540 1649/4008/1801 1142/1677/941
f 1253/4010/1802 1942/3380/1610 1869/815/541
f 1253/4010/1802 1869/815/541 1981/348/212
f 1504/4011/1803 1279/4012/1301 994/4013/1303
f 1942/3380/1610 1504/4014/1803 994/2531/1303
f 1279/4012/1301 1504/4011/1803 1236/4015/1804
f 1253/4010/1802 1504/4014/1803 1942/3380/1610
f 1504/4016/1803 190/4017/1304 1236/4018/1804
f 1485/4019/1805 1002/3387/1613 1860/2513/1295
f 1485/4019/1805 443/2528/1300 315/1683/944
f 443/2528/1300 1485/4019/1805 1860/2513/1295
f 1909/3386/1612 1485/4019/1805 315/1683/944
f 1002/3387/1613 1485/4019/1805 1909/3386/1612
f 467/4020/1806 1279/4012/1301 1236/4015/1804
f 467/4020/1806 477/3400/1615 1279/4012/1301
f 467/4021/1806 190/2532/1304 152/356/15
f 190/4017/1304 467/4022/1806 1236/4018/1804
f 254/4023/937 467/4021/1806 152/356/15
f 477/3400/1615 467/4020/1806 254/3401/937
f 1255/3974/1306 655/4024/1807 182/3975/949
f 655/4024/1807 47/4025/1616 182/3975/949
f 47/4025/1616 655/4024/1807 1255/3974/1306
f 52/4026/1808 30/4007/1800 1873/4027/1809
f 52/4026/1808 1873/4027/1809 268/2493/1286
f 958/4028/1810 754/3362/1602 1413/3360/1601
f 341/3356/1598 958/4029/1810 1413/4030/1601
f 958/4029/1810 341/3356/1598 101/3358/1600
f 69/4031/951 1226/4032/1811 1436/4033/548
f 1778/4034/1622 1226/4035/1811 69/4036/951
f 384/3418/1625 861/4037/1812 1413/3360/1601
f 861/4037/1812 384/3418/1625 1237/2537/1307
f 861/4037/1812 680/2492/1285 1413/3360/1601
f 680/2492/1285 861/4037/1812 1061/2489/1282
f 861/4037/1812 1237/2537/1307 1061/2489/1282
f 164/4038/1309 1201/4039/1813 1092/4040/1310
f 1135/3416/1624 1201/4041/1813 164/3417/1309
f 1201/4041/1813 1135/3416/1624 384/3418/1625
f 294/4042/1814 1808/4043/1623 1092/4044/1310
f 1808/3413/1623 294/4045/1814 1111/3415/1608
f 1111/3415/1608 294/4045/1814 739/4046/929
f 294/4045/1814 1082/4047/1815 739/4046/929
f 336/1743/974 1324/4048/1816 98/804/530
f 1324/4048/1816 336/1743/974 1960/2402/1242
f 518/2587/1322 1324/4048/1816 1960/2402/1242
f 1654/1606/907 512/4049/1817 1470/807/533
f 512/4049/1817 1662/3434/1629 1470/807/533
f 512/4049/1817 1324/4048/1816 1662/3434/1629
f 1012/2610/1332 826/4050/1818 1487/1430/838
f 826/4050/1818 174/4051/1633 1487/1430/838
f 174/4052/1633 826/4053/1818 1012/4054/1332
f 403/3474/1637 1652/4055/1819 84/4056/988
f 1652/4055/1819 403/3474/1637 1729/3476/1638
f 1175/3480/1640 1652/4057/1819 1729/3469/1638
f 84/4056/988 1652/4055/1819 1272/4058/868
f 1652/4057/1819 1175/3480/1640 1272/1525/868
f 280/4059/1820 1276/4060/1642 137/4061/1346
f 1322/3481/1641 280/4062/1820 137/2639/1346
f 786/4063/1821 1322/3481/1641 602/1793/997
f 1175/3480/1640 786/4063/1821 1272/1525/868
f 786/4063/1821 974/2645/1349 1272/1525/868
f 974/2645/1349 786/4063/1821 602/1793/997
f 786/4063/1821 774/2634/1344 414/2635/1345
f 786/4063/1821 1175/3480/1640 774/2634/1344
f 607/4064/1822 1009/2647/1351 1724/2653/1356
f 449/3495/1647 607/4064/1822 1724/2653/1356
f 1009/4065/1351 607/4066/1822 1740/4067/257
f 607/4064/1822 449/3495/1647 1740/415/257
f 1284/4068/1823 1980/1811/1006 348/1812/601
f 1284/4069/1823 1659/3497/1648 1980/3496/1006
f 853/4070/1359 1393/4071/1824 352/4072/1360
f 1393/4071/1824 146/4073/1755 352/4072/1360
f 426/2689/1364 830/4074/1825 8/2690/3
f 1534/3529/1656 830/4074/1825 426/2689/1364
f 830/4075/1825 1534/4076/1656 1690/4077/282
f 830/4078/1825 1690/4079/282 1946/4080/59
f 830/4081/1825 462/4082/7 8/4083/3
f 830/4081/1825 1946/4084/59 462/4082/7
f 257/2799/1403 1513/4085/1826 1412/2702/1368
f 1513/4086/1826 1488/3531/1657 1412/3533/1368
f 557/4087/1661 281/4088/1827 1120/4089/1028
f 1120/4090/1028 281/4091/1827 357/4092/628
f 281/4088/1827 257/2799/1403 357/986/628
f 281/4088/1827 1513/4085/1826 257/2799/1403
f 1400/4093/1828 785/4094/1662 1849/4095/1380
f 1400/4096/1828 855/3554/1663 1418/1003/640
f 855/4097/1663 1400/4098/1828 1849/4099/1380
f 95/3551/639 1400/4100/1828 1418/4101/640
f 785/3550/1662 1400/4100/1828 95/3551/639
f 1339/4102/1829 317/2727/1381 738/2726/1044
f 1339/4102/1829 402/3555/1664 317/2727/1381
f 402/3557/1664 1339/4103/1829 1526/1006/643
f 1339/4104/1829 35/4105/1033 1526/4106/643
f 1339/4102/1829 738/2726/1044 35/4107/1033
f 1888/4108/1830 870/3567/1669 199/2724/1379
f 1888/4108/1830 1609/1909/1040 1644/1916/1046
f 1888/4108/1830 199/2724/1379 1633/1912/1043
f 1609/1909/1040 1888/4108/1830 1633/1912/1043
f 689/4109/1831 1414/998/636 1503/3036/635
f 870/3567/1669 689/4109/1831 1503/3036/635
f 689/4109/1831 870/3567/1669 143/4110/1832
f 1414/998/636 689/4109/1831 471/1013/632
f 488/4111/1833 1965/1922/1051 31/1924/1053
f 488/4112/1833 64/3579/1674 1965/1930/1051
f 39/2103/1123 488/4112/1833 31/2104/1053
f 488/4113/1833 39/2897/1123 760/2899/1433
f 64/3579/1674 488/4112/1833 874/2740/1388
f 566/4114/1124 488/4115/1833 760/4116/1433
f 874/2740/1388 488/4112/1833 566/2741/1124
f 1147/3580/1672 1990/4117/1834 1744/1918/1048
f 64/3579/1674 1990/4117/1834 1147/3580/1672
f 1990/4117/1834 64/3579/1674 874/2740/1388
f 1744/1918/1048 1990/4117/1834 711/1919/372
f 1990/4118/1834 874/4119/1388 711/4120/372
f 1361/4121/1835 245/3578/1673 168/1024/653
f 1361/4121/1835 821/3586/1676 245/3578/1673
f 1361/4121/1835 168/1024/653 1214/1026/655
f 1917/2743/1389 1361/4121/1835 1214/1026/655
f 821/3586/1676 1361/4121/1835 1917/2743/1389
f 1290/4122/1836 165/3594/1394 829/3592/1064
f 547/3591/1677 1290/4122/1836 829/3592/1064
f 1290/4122/1836 547/3591/1677 165/3594/1394
f 1743/2854/1416 1673/4123/1837 965/2855/1083
f 1673/4124/1837 621/3615/1683 965/2827/1083
f 1673/4123/1837 1743/2854/1416 1156/4125/1088
f 1984/3616/1684 1673/4126/1837 1156/2015/1088
f 621/4127/1683 1673/4128/1837 1371/4129/1410
f 1371/2824/1410 1673/4126/1837 732/2008/1084
f 1673/4130/1837 834/2830/1411 732/2829/1084
f 1673/4126/1837 1984/3616/1684 834/2828/1411
f 1540/3631/1687 657/4131/1838 416/2892/1429
f 657/4132/1838 1983/3634/1688 416/4133/1429
f 657/4131/1838 1540/3631/1687 1138/2081/1116
f 1983/3634/1688 657/4132/1838 1138/2078/1116
f 1326/4134/1839 1774/4135/1450 1300/4136/1451
f 1326/4137/1839 1829/4138/1690 1774/2952/1450
f 1829/4138/1690 1326/4137/1839 1202/2924/1437
f 1326/4139/1839 1300/4140/1451 1957/4141/1420
f 1202/2924/1437 1326/4137/1839 1957/2867/1420
f 1871/4142/1439 778/4143/1840 1300/4140/1451
f 803/3649/1692 778/4144/1840 1871/2934/1439
f 1300/4140/1451 778/4143/1840 1957/4141/1420
f 778/4144/1840 564/2937/1442 1957/2867/1420
f 778/4144/1840 803/3649/1692 564/2937/1442
f 1304/4145/1841 1457/3657/1695 856/1011/648
f 1304/4145/1841 856/1011/648 471/1013/632
f 689/4109/1831 1304/4145/1841 471/1013/632
f 1409/4146/1842 603/4147/1132 1366/4148/383
f 1409/4149/1842 121/4150/1696 603/4151/1132
f 1409/4152/1842 1366/4153/383 1181/4154/384
f 121/4155/1696 1409/4156/1842 1181/4157/384
f 560/4158/1142 1626/4159/1843 270/4160/1459
f 1620/4161/1698 1626/4159/1843 560/4158/1142
f 1242/3679/1700 478/4162/1844 1476/2155/1143
f 478/4162/1844 1242/3679/1700 1480/2968/1457
f 1476/2155/1143 478/4162/1844 1790/1286/766
f 478/4162/1844 270/2970/1459 1790/1286/766
f 478/4163/1844 1480/4164/1457 270/4165/1459
f 1687/4166/1702 1638/4167/1845 1821/4168/1458
f 1638/4167/1845 1269/4169/1247 977/4170/411
f 1821/4168/1458 1638/4167/1845 977/4170/411
f 1638/4167/1845 1480/4171/1457 1269/4169/1247
f 1638/4172/1845 1687/4173/1702 1480/4174/1457
f 1200/4175/1846 1257/1351/794 1831/670/433
f 469/4176/1707 1200/4177/1846 1831/4178/433
f 1257/1351/794 1200/4175/1846 417/1352/795
f 1200/4175/1846 1363/2980/1463 417/1352/795
f 1200/4175/1846 469/3709/1707 1363/2980/1463
f 455/4179/1847 511/3792/1733 1667/4180/1848
f 511/3792/1733 455/4179/1847 1597/3775/1728
f 1597/3775/1728 455/4179/1847 1114/630/405
f 455/4181/1847 1378/2169/1153 1114/2171/405
f 1378/3005/1153 455/4179/1847 951/3002/1474
f 455/4179/1847 1667/4180/1848 951/3002/1474
f 166/4182/1849 511/3792/1733 1635/3789/1731
f 511/3792/1733 166/4182/1849 1988/3719/1711
f 2001/2586/1321 166/4182/1849 1635/3789/1731
f 166/4182/1849 2001/2586/1321 1960/2402/1242
f 1988/3719/1711 166/4182/1849 1960/2402/1242
f 511/3792/1733 1501/4183/1850 1667/4180/1848
f 1501/4183/1850 511/3792/1733 1988/3719/1711
f 1076/3720/1712 1501/4183/1850 1988/3719/1711
f 71/4184/1851 476/4185/1710 1960/4186/1242
f 1442/4187/1241 71/4184/1851 1960/4186/1242
f 71/4188/1851 1442/2403/1241 1427/3262/1240
f 771/4189/1852 369/2399/1239 1297/1300/775
f 1493/4190/1853 213/4191/1766 1757/4192/1472
f 213/3906/1766 1493/4193/1853 1469/3905/1765
f 1704/4194/1854 1558/4195/1482 2002/4196/1156
f 1207/4197/1717 1704/4198/1854 2002/4199/1156
f 1558/4200/1482 724/4201/1855 1314/4202/394
f 724/4201/1855 678/4203/1165 1314/4202/394
f 724/4204/1855 1207/3743/1717 678/3029/1165
f 1704/4205/1854 724/4201/1855 1558/4200/1482
f 724/4204/1855 1704/4206/1854 1207/3743/1717
f 1331/4207/1856 678/4208/1165 34/4209/1161
f 594/4210/1720 1331/4211/1856 34/4212/1161
f 855/3554/1663 1660/4213/1857 1280/2188/1163
f 1660/4213/1857 855/3554/1663 1849/2725/1380
f 1660/4213/1857 997/4214/1858 1280/2188/1163
f 997/4214/1858 1660/4213/1857 561/3762/1722
f 129/4215/1859 1507/4216/1860 1362/4217/1861
f 667/4218/1725 1103/4219/1862 260/4220/300
f 1318/4221/1863 129/4215/1859 499/2187/1162
f 129/4215/1859 1318/4221/1863 1507/4216/1860
f 451/4222/1864 1905/4223/1723 1052/4224/1491
f 451/4225/1864 975/3769/1726 1905/3766/1723
f 975/3769/1726 1496/4226/1865 1570/3041/1490
f 451/4225/1864 1496/4226/1865 975/3769/1726
f 608/4227/1729 1249/4228/1866 429/4229/1631
f 1249/4230/1866 608/4231/1729 1737/4232/1167
f 1249/4233/1866 540/3432/1628 429/3437/1631
f 540/3432/1628 1249/4233/1866 1737/3433/1167
f 1358/4234/1867 1123/4235/1734 1524/4236/1497
f 1525/3081/1504 945/4237/1868 669/2234/1178
f 945/4238/1868 534/4239/1736 669/4240/1178
f 534/4239/1736 945/4238/1868 709/4241/1737
f 696/4242/1869 737/3156/1520 156/3108/1510
f 696/4242/1869 156/3108/1510 224/2265/1184
f 737/3156/1520 696/4242/1869 319/3140/1516
f 682/689/446 696/4242/1869 836/293/178
f 696/4242/1869 224/2265/1184 836/293/178
f 709/3801/1737 696/4242/1869 682/689/446
f 397/4243/1870 696/4244/1869 709/4245/1737
f 942/3812/1740 976/4246/1871 542/3184/1526
f 976/4246/1871 301/2318/1208 936/1758/982
f 542/3184/1526 976/4246/1871 936/1758/982
f 976/4246/1871 1584/2319/1209 301/2318/1208
f 976/4247/1871 762/4248/1527 1584/4249/1209
f 976/4246/1871 942/3812/1740 762/3813/1527
f 151/3856/1749 312/4250/1872 1906/3857/1222
f 326/3581/1675 27/4251/1873 197/3221/1535
f 27/4252/1873 151/3858/1749 197/3860/1535
f 27/4251/1873 326/3581/1675 183/2737/1076
f 27/4253/1873 312/4250/1872 151/3856/1749
f 312/4254/1872 27/4251/1873 1906/4255/1222
f 266/3223/1537 27/4251/1873 183/2737/1076
f 27/4251/1873 266/3223/1537 1906/4255/1222
f 1360/4256/1874 932/4257/1756 910/4258/1875
f 932/3882/1756 1360/4259/1874 513/2468/1272
f 1090/4260/1876 932/3882/1756 15/3252/1547
f 932/3882/1756 1090/4260/1876 910/4261/1875
f 117/3919/1568 1090/4260/1876 1369/3884/1566
f 375/3918/1774 1090/4260/1876 117/3919/1568
f 1341/2413/1245 1313/4262/1877 1973/2411/1244
f 470/3894/1759 606/4263/1878 1168/3895/1760
f 1381/4264/1879 606/4263/1878 1117/1566/885
f 606/4263/1878 1381/4264/1879 1168/3895/1760
f 1659/3499/1648 136/4265/1880 1009/2647/1351
f 136/4265/1880 470/3894/1759 1009/2647/1351
f 136/4265/1880 606/4263/1878 470/3894/1759
f 1294/4266/1881 1932/4267/1553 1987/4268/900
f 521/3900/1763 1294/4269/1881 1987/1595/900
f 1294/4269/1881 521/3900/1763 1757/3000/1472
f 213/3906/1766 1294/4269/1881 1757/3000/1472
f 1294/4266/1881 213/4270/1766 1932/4267/1553
f 1908/3915/1771 1998/4271/1882 854/3244/1544
f 854/3244/1544 1998/4271/1882 1863/3047/1493
f 1998/4272/1882 1006/4273/1883 1863/4274/1493
f 1006/4273/1883 1998/4272/1882 586/4275/1556
f 1998/4271/1882 1908/3915/1771 586/3276/1556
f 1010/3916/1772 1477/4276/1884 375/3918/1774
f 1090/4260/1876 1477/4276/1884 910/4261/1875
f 1477/4276/1884 1090/4260/1876 375/3918/1774
f 1477/4276/1884 1010/3916/1772 767/175/100
f 24/174/99 1477/4276/1884 767/175/100
f 513/2468/1272 1477/4276/1884 24/174/99
f 1477/4277/1884 1360/4256/1874 910/4258/1875
f 1360/4259/1874 1477/4276/1884 513/2468/1272
f 1010/3916/1772 170/4278/1885 206/3284/1560
f 170/4279/1885 1010/4280/1772 375/4281/1774
f 170/4278/1885 493/3282/1558 206/3284/1560
f 170/4282/1885 375/4283/1774 493/4284/1558
f 1913/3332/1582 900/4285/1886 206/3284/1560
f 900/4285/1886 1010/3916/1772 206/3284/1560
f 900/4286/1886 1913/4287/1582 620/4288/1585
f 494/4289/925 900/4290/1886 620/4291/1585
f 1010/3916/1772 900/4285/1886 494/1645/925
f 929/4292/1775 42/4293/1887 1708/4294/1561
f 42/4295/1887 661/3921/1776 1708/3285/1561
f 661/3921/1776 42/4295/1887 980/3258/1258
f 42/4296/1887 188/2437/1257 980/2439/1258
f 42/4293/1887 929/4292/1775 188/4297/1257
f 1940/4298/1888 583/3306/1572 880/3298/1567
f 1059/3925/1777 1940/4298/1888 880/3298/1567
f 236/4299/1889 708/1577/891 1445/1579/893
f 1019/3926/1778 236/4300/1889 1445/3930/893
f 708/4301/891 236/4302/1889 963/4303/514
f 236/4302/1889 755/4304/512 963/4303/514
f 236/4305/1889 1059/4306/1777 755/4307/512
f 37/3322/1576 851/4308/1890 1396/3323/1266
f 1710/3952/1784 851/4308/1890 37/3322/1576
f 1396/3323/1266 851/4308/1890 1719/1635/918
f 1719/1635/918 851/4308/1890 1416/811/537
f 851/4309/1890 1710/3954/1784 1416/3953/537
f 230/4310/1891 1288/1721/963 1601/1723/964
f 230/4311/1891 1003/3956/1785 1288/3960/963
f 869/2465/1269 230/4311/1891 1601/2573/964
f 1003/3962/1785 230/4312/1891 1261/3963/924
f 230/4312/1891 418/4313/922 1261/3963/924
f 230/4311/1891 869/2465/1269 418/1642/922
f 1986/4314/1892 1913/3332/1582 111/3283/1559
f 634/3972/1787 1986/4314/1892 111/3283/1559
f 946/4315/1893 435/3405/1617 1255/3407/1306
f 247/4316/1788 946/4317/1893 1255/2535/1306
f 435/3405/1617 946/4315/1893 589/3406/544
f 773/3981/1790 613/4318/1894 1056/3984/1592
f 613/4318/1894 883/3983/1791 1056/3984/1592
f 613/4318/1894 773/3981/1790 1478/3342/1590
f 613/4318/1894 1478/3342/1590 1494/2491/1284
f 62/4319/1591 613/4320/1894 1494/4321/1284
f 1482/3347/1593 926/4322/1895 1014/3341/1589
f 883/3983/1791 926/4322/1895 1482/3347/1593
f 926/4322/1895 1455/3979/1789 1014/3341/1589
f 1455/3979/1789 926/4322/1895 62/3343/1591
f 926/4323/1895 613/4324/1894 62/4325/1591
f 613/4318/1894 926/4322/1895 883/3983/1791
f 804/4326/1896 310/3985/1792 82/3330/1580
f 804/4326/1896 1569/4327/1618 1547/3361/1599
f 310/4328/1792 804/4329/1896 1547/4330/1599
f 1392/3994/1794 1530/4331/1897 538/3995/1795
f 1530/4332/1897 1392/3997/1794 248/3999/1621
f 1530/4333/1897 52/4334/1808 268/4335/1286
f 52/4026/1808 1530/4331/1897 1512/4336/1898
f 1345/4337/1899 1250/4338/1619 1900/4339/1796
f 311/4005/1798 1345/4340/1899 1900/3996/1796
f 1250/4338/1619 1345/4337/1899 754/4341/1602
f 1345/4340/1899 552/4006/1799 754/3362/1602
f 552/4342/1799 1346/4343/1900 650/4344/1603
f 1082/4047/1815 1209/4345/1901 739/4046/929
f 1209/4345/1901 541/1660/930 739/4046/929
f 1209/4346/1901 552/4347/1799 541/4348/930
f 1346/4349/1900 1209/4345/1901 1082/4047/1815
f 1209/4350/1901 1346/4343/1900 552/4342/1799
f 30/4007/1800 1439/4351/1902 1873/4027/1809
f 1439/4351/1902 79/1734/970 231/171/96
f 79/1734/970 1439/4351/1902 1599/874/570
f 1439/4351/1902 30/4007/1800 1599/874/570
f 1873/4027/1809 1439/4351/1902 268/2493/1286
f 1439/4352/1902 231/4353/96 862/4354/98
f 268/2493/1286 1439/4351/1902 862/173/98
f 30/4007/1800 246/4355/1903 998/1733/969
f 246/4355/1903 1410/1726/911 998/1733/969
f 1410/1616/911 246/4356/1903 1546/1617/534
f 52/4026/1808 246/4355/1903 30/4007/1800
f 1842/4357/1904 1649/4008/1801 1858/4358/1606
f 1649/4008/1801 1842/4357/1904 54/3379/1609
f 54/3379/1609 1842/4357/1904 558/1694/928
f 558/1694/928 1842/4357/1904 1816/858/556
f 1842/4357/1904 1858/4358/1606 1816/858/556
f 190/4017/1304 814/4359/1905 1981/4360/212
f 814/4361/1905 1253/4010/1802 1981/348/212
f 1504/4016/1803 814/4359/1905 190/4017/1304
f 814/4361/1905 1504/4014/1803 1253/4010/1802
f 75/4362/1906 55/3970/1786 823/1603/904
f 55/3970/1786 75/4362/1906 147/3329/1579
f 818/4363/1907 1353/796/522 1373/795/521
f 295/4364/1908 823/1603/904 1353/796/522
f 818/4363/1907 295/4364/1908 1353/796/522
f 295/4364/1908 818/4363/1907 1669/4365/1909
f 691/4366/1910 1530/4331/1897 248/3411/1621
f 1530/4331/1897 691/4366/1910 1512/4336/1898
f 1820/3410/1620 691/4366/1910 248/3411/1621
f 4/4367/1911 958/4028/1810 101/4368/1600
f 4/4367/1911 1820/3410/1620 754/3362/1602
f 958/4028/1810 4/4367/1911 754/3362/1602
f 1569/4327/1618 4/4367/1911 101/4368/1600
f 4/4367/1911 1569/4327/1618 1179/4369/1912
f 1994/4370/1913 1778/4034/1622 1237/4371/1307
f 1994/4370/1913 1226/4035/1811 1778/4034/1622
f 1226/4372/1811 1994/4373/1913 1436/828/548
f 1135/3416/1624 1994/4373/1913 1237/2537/1307
f 1994/4373/1913 273/2541/1308 1436/828/548
f 1994/4373/1913 1135/3416/1624 273/2541/1308
f 1346/4343/1900 529/4374/1914 650/4344/1603
f 529/4375/1914 1346/4349/1900 1082/4047/1815
f 529/4375/1914 1201/4041/1813 384/3418/1625
f 1201/4041/1813 529/4375/1914 1092/3414/1310
f 650/3363/1603 529/4375/1914 1413/3360/1601
f 529/4375/1914 384/3418/1625 1413/3360/1601
f 529/4376/1914 294/4042/1814 1092/4044/1310
f 294/4045/1814 529/4375/1914 1082/4047/1815
f 1324/4377/1816 1148/4378/1915 98/4379/530
f 512/4049/1817 1148/4380/1915 1324/4048/1816
f 1148/4380/1915 512/4049/1817 1654/1606/907
f 1148/4378/1915 2004/4381/528 98/4379/530
f 1148/4380/1915 1654/1606/907 2004/802/528
f 556/4382/1916 149/3435/1630 243/1742/973
f 556/4383/1916 1220/4384/573 1561/4385/525
f 1220/879/573 556/4382/1916 243/1742/973
f 1208/798/524 616/4386/1917 1561/799/525
f 616/4386/1917 556/4382/1916 1561/799/525
f 556/4387/1916 616/4388/1917 1883/4389/1918
f 1026/4390/1919 518/2587/1322 2001/2586/1321
f 1026/4390/1919 2001/2586/1321 429/3790/1631
f 280/4059/1820 446/4391/1920 1276/4060/1642
f 103/2640/1347 446/4392/1920 939/2641/1348
f 446/4393/1920 103/4394/1347 1276/4395/1642
f 23/4396/1921 280/4062/1820 1322/3481/1641
f 786/4063/1821 23/4396/1921 1322/3481/1641
f 23/4396/1921 446/4392/1920 280/4062/1820
f 446/4397/1920 23/4398/1921 939/4399/1348
f 939/4399/1348 23/4398/1921 414/4400/1345
f 23/4398/1921 786/4401/1821 414/4400/1345
f 1703/3494/1646 1532/4402/1922 348/933/601
f 1532/4402/1922 1284/4403/1823 348/933/601
f 1284/4403/1823 1532/4402/1922 1659/3499/1648
f 1532/4402/1922 1703/3494/1646 1756/2646/1350
f 1393/4071/1824 1171/4404/1923 146/4073/1755
f 1171/4405/1923 1341/2413/1245 56/2418/917
f 146/3881/1755 1171/4405/1923 56/2418/917
f 1171/4405/1923 1313/4262/1877 1341/2413/1245
f 1313/4406/1877 1171/4407/1923 1381/4408/1879
f 1567/3502/1650 377/4409/1924 853/3504/1359
f 377/4410/1924 1393/4411/1824 853/4412/1359
f 377/4409/1924 1567/3502/1650 1162/3501/1353
f 1938/4413/1761 377/4409/1924 1162/3501/1353
f 1183/4414/1925 557/4087/1661 1646/4415/287
f 1488/3531/1657 1183/4416/1925 212/3534/1370
f 1513/4417/1826 1183/4418/1925 1488/4419/1657
f 1183/4414/1925 281/4088/1827 557/4087/1661
f 281/4088/1827 1183/4414/1925 1513/4085/1826
f 1170/2706/1369 1183/4414/1925 1646/4415/287
f 1183/4414/1925 1170/2706/1369 212/2708/1370
f 580/4420/1500 1733/4421/1926 1521/4422/1172
f 1521/4422/1172 1733/4421/1926 1855/4423/647
f 1733/4421/1926 1861/4424/1666 1855/4423/647
f 1733/4421/1926 522/4425/1927 1861/4424/1666
f 1734/4426/1928 580/3072/1500 1264/1283/763
f 1083/3797/1735 1734/4426/1928 1264/1283/763
f 1734/4427/1928 1083/3799/1735 1717/3798/1501
f 17/4428/1929 100/4429/1668 1928/4430/1383
f 522/4425/1927 17/4431/1929 1861/4424/1666
f 1861/4432/1666 17/4433/1929 371/4434/1384
f 870/3567/1669 642/4435/1930 143/4110/1832
f 1926/4436/1446 675/4437/1931 1387/4438/1447
f 675/4437/1931 717/4439/1667 1387/4438/1447
f 717/4440/1667 675/4441/1931 143/4442/1832
f 675/4443/1931 41/4444/1932 143/4445/1832
f 1838/4446/1933 675/4437/1931 1926/4436/1446
f 675/4447/1931 1838/4448/1933 41/4449/1932
f 1304/4450/1841 1838/4451/1933 1457/4452/1695
f 1614/4453/1934 1620/3666/1698 200/2166/1151
f 1614/4453/1934 1626/4454/1843 1620/3666/1698
f 1626/4454/1843 1614/4453/1934 270/2970/1459
f 214/1284/764 1614/4453/1934 200/2166/1151
f 1614/4453/1934 214/1284/764 1790/1286/766
f 270/2970/1459 1614/4453/1934 1790/1286/766
f 71/4184/1851 849/4455/1935 476/4185/1710
f 849/4456/1935 771/4189/1852 476/3718/1710
f 757/4457/1936 771/4189/1852 1297/1300/775
f 700/4458/1937 1501/4183/1850 1076/3720/1712
f 1493/4193/1853 700/4458/1937 1076/3720/1712
f 1501/4183/1850 700/4458/1937 1667/4180/1848
f 700/4458/1937 1493/4193/1853 1757/3000/1472
f 1667/4180/1848 700/4458/1937 951/3002/1474
f 700/4458/1937 1757/3000/1472 951/3002/1474
f 757/4457/1936 769/4459/1938 771/4189/1852
f 771/4189/1852 764/4460/1939 476/3718/1710
f 764/4460/1939 1076/3720/1712 476/3718/1710
f 764/4460/1939 1493/4193/1853 1076/3720/1712
f 769/4459/1938 764/4460/1939 771/4189/1852
f 1493/4193/1853 764/4460/1939 1469/3905/1765
f 764/4460/1939 1593/3904/1764 1469/3905/1765
f 1593/3904/1764 764/4460/1939 705/3278/897
f 764/4460/1939 769/4459/1938 705/3278/897
f 1132/4461/1940 1331/4462/1856 594/3758/1720
f 1132/4463/1940 1052/4464/1491 678/4465/1165
f 1331/4462/1856 1132/4461/1940 678/3029/1165
f 1132/4461/1940 594/3758/1720 1955/3032/1484
f 561/3762/1722 895/4466/1941 741/3037/1487
f 1660/4467/1857 895/4468/1941 561/4469/1722
f 895/4466/1941 199/2724/1379 741/3037/1487
f 895/4466/1941 1849/2725/1380 199/2724/1379
f 895/4468/1941 1660/4467/1857 1849/4470/1380
f 1898/4471/1942 997/4214/1858 561/3762/1722
f 1898/4471/1942 129/4215/1859 1362/4217/1861
f 129/4215/1859 1898/4471/1942 561/3762/1722
f 1406/4472/1943 561/3764/1722 359/3763/1721
f 1406/4473/1943 129/4474/1859 561/4475/1722
f 1406/4472/1943 359/3763/1721 499/4476/1162
f 129/4477/1859 1406/4472/1943 499/4476/1162
f 1764/4478/1488 1676/4479/1944 499/4480/1162
f 1676/4481/1944 1318/4221/1863 499/2187/1162
f 1676/4482/1944 1764/4483/1488 425/4484/344
f 1103/4485/1862 1676/4481/1944 260/472/300
f 1318/4221/1863 1676/4481/1944 1103/4485/1862
f 80/537/343 1676/4481/1944 425/538/344
f 1676/4481/1944 80/537/343 260/472/300
f 1796/4486/1945 1103/4485/1862 667/3768/1725
f 1496/4226/1865 1796/4486/1945 1570/3041/1490
f 877/3767/1724 1796/4486/1945 667/3768/1725
f 1796/4486/1945 877/3767/1724 1570/3041/1490
f 1507/4487/1860 707/4488/1946 1362/4489/1861
f 1315/4490/1947 1358/4491/1867 1524/3061/1497
f 1358/4492/1867 1315/4493/1947 1006/4494/1883
f 1315/4490/1947 1524/3061/1497 1863/3047/1493
f 1006/4494/1883 1315/4493/1947 1863/4495/1493
f 1702/4496/1948 1006/4497/1883 586/4498/1556
f 1702/4499/1948 1358/4492/1867 1006/4494/1883
f 1358/4500/1867 1702/4501/1948 1123/4502/1734
f 1589/4503/1949 397/4504/1870 709/4505/1737
f 945/4237/1868 1589/4506/1949 709/3801/1737
f 696/4242/1869 1589/4506/1949 319/3140/1516
f 1589/4506/1949 696/4242/1869 397/4507/1870
f 1589/4506/1949 1525/3081/1504 319/3140/1516
f 1589/4506/1949 945/4237/1868 1525/3081/1504
f 293/3883/1757 1367/4508/1950 15/3252/1547
f 1367/4508/1950 1090/4260/1876 15/3252/1547
f 1973/2411/1244 1125/4509/1951 344/1568/886
f 1313/4510/1877 1125/4511/1951 1973/4512/1244
f 1125/4513/1951 1117/4514/885 344/4515/886
f 1125/4509/1951 1381/4264/1879 1117/1566/885
f 1125/4511/1951 1313/4510/1877 1381/4516/1879
f 135/4517/1952 236/4300/1889 1019/3926/1778
f 135/4517/1952 1940/4298/1888 1059/3925/1777
f 236/4300/1889 135/4517/1952 1059/3925/1777
f 1986/4518/1892 984/4519/1953 1913/4287/1582
f 1239/4520/1583 984/4521/1953 227/3350/1584
f 1913/4287/1582 984/4519/1953 620/4288/1585
f 984/4522/1953 1239/3333/1583 620/3335/1585
f 1527/4523/1954 634/3972/1787 1247/3331/1581
f 1527/4524/1954 1986/4525/1892 634/4526/1787
f 1511/2485/1281 1527/4523/1954 1247/3331/1581
f 1527/4524/1954 984/4521/1953 1986/4525/1892
f 227/3350/1584 1527/4524/1954 1511/3351/1281
f 984/4521/1953 1527/4524/1954 227/3350/1584
f 1455/3979/1789 1947/4527/1955 247/4316/1788
f 1245/1699/952 1947/4527/1955 1568/1700/953
f 1568/4528/953 1947/4529/1955 1491/4530/1283
f 1947/4527/1955 1455/3979/1789 1491/2490/1283
f 1675/4531/1956 804/4532/1896 82/4533/1580
f 404/4534/1957 1530/4333/1897 268/4335/1286
f 1530/4333/1897 404/4534/1957 538/4535/1795
f 404/4536/1957 268/2493/1286 18/809/535
f 538/4535/1795 404/4534/1957 18/4537/535
f 1771/4538/1958 1345/4539/1899 311/4540/1798
f 1345/4340/1899 1771/4541/1958 552/4006/1799
f 552/4006/1799 1771/4541/1958 1982/1661/932
f 1771/4541/1958 665/3354/1596 1982/1661/932
f 1771/4538/1958 311/4540/1798 665/4542/1596
f 571/4543/1959 246/4355/1903 52/4026/1808
f 246/4355/1903 571/4543/1959 1546/808/534
f 1789/4544/1960 295/4364/1908 1669/4365/1909
f 1789/4544/1960 75/4362/1906 823/1603/904
f 295/4364/1908 1789/4544/1960 823/1603/904
f 112/4545/1961 691/4366/1910 1820/3410/1620
f 691/4546/1910 112/4547/1961 698/4548/1962
f 4/4367/1911 112/4545/1961 1820/3410/1620
f 698/4549/1962 112/4550/1961 1179/4551/1912
f 112/4545/1961 4/4367/1911 1179/4369/1912
f 556/4382/1916 925/4552/1963 149/3435/1630
f 925/4552/1963 556/4382/1916 1883/4553/1918
f 1026/4390/1919 925/4552/1963 1883/4553/1918
f 149/3435/1630 925/4552/1963 429/3790/1631
f 925/4554/1963 1026/4555/1919 429/4556/1631
f 1662/4557/1629 204/4558/1964 1380/1624/914
f 616/4386/1917 204/4559/1964 1662/3434/1629
f 204/4559/1964 616/4386/1917 1208/798/524
f 1380/1624/914 204/4558/1964 3/1625/913
f 204/4558/1964 1208/4560/524 3/1625/913
f 1624/4561/1965 1026/4390/1919 1883/4553/1918
f 616/4388/1917 1624/4562/1965 1883/4389/1918
f 1624/4561/1965 1324/4048/1816 518/2587/1322
f 1026/4390/1919 1624/4561/1965 518/2587/1322
f 1324/4048/1816 1624/4561/1965 1662/3434/1629
f 1624/4561/1965 616/4386/1917 1662/3434/1629
f 136/4265/1880 955/4563/1966 606/4263/1878
f 955/4563/1966 1756/2646/1350 320/333/201
f 1149/2391/1234 955/4563/1966 320/333/201
f 955/4563/1966 1149/2391/1234 1117/1566/885
f 606/4263/1878 955/4563/1966 1117/1566/885
f 389/4564/1967 136/4265/1880 1659/3499/1648
f 1532/4402/1922 389/4564/1967 1659/3499/1648
f 389/4565/1967 955/4566/1966 136/4567/1880
f 389/4564/1967 1532/4402/1922 1756/2646/1350
f 955/4563/1966 389/4564/1967 1756/2646/1350
f 576/4568/1968 1171/4405/1923 1393/4569/1824
f 377/4570/1924 576/4568/1968 1393/4569/1824
f 1171/4405/1923 576/4568/1968 1381/4264/1879
f 1381/4264/1879 576/4568/1968 1168/3895/1760
f 576/4568/1968 1938/3896/1761 1168/3895/1760
f 576/4568/1968 377/4570/1924 1938/3896/1761
f 1734/4426/1928 827/4571/1969 580/3072/1500
f 827/4572/1969 1733/4573/1926 580/4574/1500
f 1733/4421/1926 827/4575/1969 522/4425/1927
f 827/4575/1969 17/4431/1929 522/4425/1927
f 827/4576/1969 1734/4427/1928 1717/3798/1501
f 1423/4577/1970 1928/4578/1383 1739/4579/1045
f 1423/4580/1970 17/4581/1929 1928/4582/1383
f 371/2735/1384 1423/4583/1970 1739/1915/1045
f 17/4584/1929 1423/4583/1970 371/2735/1384
f 1888/4585/1830 140/4586/1971 870/4587/1669
f 140/4588/1971 642/4589/1930 870/4590/1669
f 140/4591/1971 1888/4108/1830 1644/1916/1046
f 717/3562/1667 140/4591/1971 1644/1916/1046
f 642/4592/1930 140/4593/1971 717/4594/1667
f 1968/4595/1972 717/4596/1667 143/4597/1832
f 642/4598/1930 1968/4599/1972 143/4600/1832
f 1968/4599/1972 642/4598/1930 717/4601/1667
f 1457/4602/1695 350/4603/1973 1926/4604/1446
f 350/4605/1973 1838/4606/1933 1926/4607/1446
f 1838/4451/1933 350/4608/1973 1457/4452/1695
f 284/4609/1974 1838/4448/1933 1304/4610/1841
f 1838/4448/1933 284/4609/1974 41/4449/1932
f 284/4611/1974 1304/4145/1841 689/4109/1831
f 284/4612/1974 689/4613/1831 143/4614/1832
f 41/4444/1932 284/4615/1974 143/4445/1832
f 771/4189/1852 1923/4616/1975 369/2399/1239
f 849/4617/1935 1923/4618/1975 771/4619/1852
f 369/2399/1239 1923/4616/1975 1427/2400/1240
f 1923/4618/1975 71/4188/1851 1427/3262/1240
f 1923/4618/1975 849/4617/1935 71/4188/1851
f 1123/3793/1734 638/4620/1976 1297/1300/775
f 638/4620/1976 757/4457/1936 1297/1300/775
f 769/4459/1938 638/4620/1976 1123/3793/1734
f 638/4621/1976 769/4622/1938 757/4623/1936
f 1375/4624/1977 1132/4461/1940 1362/4217/1861
f 707/4625/1946 1375/4624/1977 1362/4217/1861
f 1375/4626/1977 451/4222/1864 1052/4224/1491
f 1132/4463/1940 1375/4627/1977 1052/4464/1491
f 1375/4628/1977 1496/4629/1865 451/4630/1864
f 1375/4624/1977 707/4625/1946 1496/4226/1865
f 1073/4631/1978 1132/4461/1940 1955/3032/1484
f 1898/4471/1942 1073/4631/1978 997/4214/1858
f 1132/4461/1940 1073/4631/1978 1362/4217/1861
f 1073/4631/1978 1898/4471/1942 1362/4217/1861
f 997/4214/1858 1073/4631/1978 1280/2188/1163
f 1073/4631/1978 776/4632/1719 1280/2188/1163
f 776/4632/1719 1073/4631/1978 1955/3032/1484
f 1796/4486/1945 1464/4633/1979 1103/4485/1862
f 1464/4633/1979 1796/4486/1945 1496/4226/1865
f 1464/4634/1979 707/4488/1946 1507/4487/1860
f 707/4625/1946 1464/4633/1979 1496/4226/1865
f 789/4635/1980 586/3276/1556 705/3278/897
f 789/4636/1980 1702/4637/1948 586/4638/1556
f 769/4459/1938 789/4635/1980 705/3278/897
f 789/4635/1980 769/4459/1938 1123/3793/1734
f 1702/4637/1948 789/4636/1980 1123/4639/1734
f 244/4640/1981 293/4641/1757 1369/4642/1566
f 244/4643/1981 1367/4644/1950 293/4645/1757
f 1090/4260/1876 244/4646/1981 1369/3884/1566
f 1367/4644/1950 244/4643/1981 1090/4647/1876
f 1940/4298/1888 1195/4648/1982 583/3306/1572
f 1403/3308/1571 1195/4649/1982 1394/3309/1563
f 583/3306/1572 1195/4648/1982 1403/4650/1571
f 615/4651/1983 946/4317/1893 247/4316/1788
f 1947/4527/1955 615/4651/1983 247/4316/1788
f 75/4362/1906 57/4652/1984 147/3329/1579
f 1015/4653/1985 1954/4654/536 1546/4655/534
f 571/4656/1959 1015/4653/1985 1546/4655/534
f 1015/4657/1985 879/3318/1575 1954/3320/536
f 879/3318/1575 1015/4657/1985 1628/3321/1265
f 1102/4658/1986 818/4659/1907 1373/4660/521
f 1102/4661/1986 1015/4653/1985 571/4656/1959
f 818/4662/1907 1102/4663/1986 1669/4664/1909
f 1628/2454/1265 1102/4665/1986 1373/2455/521
f 1015/4653/1985 1102/4661/1986 1628/4666/1265
f 1854/4667/1987 52/4026/1808 1512/4336/1898
f 1474/4668/1988 1717/3074/1501 219/3076/1502
f 1474/4669/1988 827/4575/1969 1717/4670/1501
f 827/4575/1969 1474/4669/1988 17/4431/1929
f 100/4671/1668 1474/4668/1988 219/3076/1502
f 17/4431/1929 1474/4669/1988 100/4672/1668
f 1449/4673/1989 1318/4674/1863 1103/4675/1862
f 1464/4633/1979 1449/4676/1989 1103/4485/1862
f 1318/4674/1863 1449/4673/1989 1507/4677/1860
f 1449/4678/1989 1464/4679/1979 1507/4680/1860
f 135/4681/1952 1563/4682/1990 1940/4683/1888
f 1563/4684/1990 1195/4685/1982 1940/4686/1888
f 1195/4687/1982 1563/4688/1990 1394/4689/1563
f 1563/4690/1990 1019/4691/1778 1394/4692/1563
f 1563/4682/1990 135/4681/1952 1019/4693/1778
f 70/4694/1991 615/4695/1983 1947/4696/1955
f 492/1702/955 70/4697/1991 1245/1703/952
f 70/4698/1991 1947/4699/1955 1245/4700/952
f 70/4697/1991 492/1702/955 589/818/544
f 946/4701/1893 70/4694/1991 589/4702/544
f 615/4695/1983 70/4694/1991 946/4701/1893
f 57/4652/1984 1402/4703/1992 147/3329/1579
f 147/3329/1579 1402/4703/1992 82/3330/1580
f 1402/4704/1992 1675/4705/1956 82/4706/1580
f 1864/4707/1993 1428/4708/1994 1512/4336/1898
f 1864/4707/1993 777/4709/1995 1428/4708/1994
f 1428/4710/1994 844/4711/1996 1512/4712/1898
f 844/4713/1996 1854/4714/1987 1512/4715/1898
f 1854/4716/1987 844/4711/1996 1428/4710/1994
f 1089/4717/1997 1402/4703/1992 57/4652/1984
f 1569/4327/1618 1089/4717/1997 1179/4369/1912
f 1089/4717/1997 1864/4707/1993 1179/4369/1912
f 1789/4718/1960 1537/4719/1998 75/4720/1906
f 1537/4721/1998 57/4722/1984 75/4723/1906
f 1537/4719/1998 1789/4718/1960 1669/4724/1909
f 756/4725/1999 1854/4726/1987 1428/4727/1994
f 777/4728/1995 756/4725/1999 1428/4727/1994
f 1854/4667/1987 756/4729/1999 52/4026/1808
f 756/4729/1999 571/4543/1959 52/4026/1808
f 1102/4730/1986 841/4731/2000 1669/4365/1909
f 841/4731/2000 1537/4732/1998 1669/4365/1909
f 1537/4732/1998 841/4731/2000 777/4709/1995
f 841/4731/2000 1102/4730/1986 571/4543/1959
f 756/4729/1999 841/4731/2000 571/4543/1959
f 1864/4707/1993 1798/4733/2001 777/4709/1995
f 1537/4732/1998 1798/4733/2001 57/4652/1984
f 1798/4733/2001 1537/4732/1998 777/4709/1995
f 1798/4733/2001 1089/4717/1997 57/4652/1984
f 1089/4717/1997 1798/4733/2001 1864/4707/1993
f 1263/4734/2002 698/4735/1962 1179/4736/1912
f 1864/4707/1993 1263/4737/2002 1179/4369/1912
f 1263/4738/2002 691/4739/1910 698/4740/1962
f 691/4366/1910 1263/4737/2002 1512/4336/1898
f 1263/4737/2002 1864/4707/1993 1512/4336/1898
f 1402/4704/1992 1273/4741/2003 1675/4705/1956
f 1089/4717/1997 1273/4742/2003 1402/4703/1992
f 1273/4742/2003 1089/4717/1997 1569/4327/1618
f 804/4326/1896 1273/4742/2003 1569/4327/1618
f 1675/4743/1956 1273/4742/2003 804/4326/1896
f 241/4744/2004 756/4745/1999 777/4746/1995
f 841/4747/2000 241/4744/2004 777/4746/1995
f 241/4748/2004 841/4749/2000 756/4750/1999
