# Blender 4.3.2
# www.blender.org
mtllib ./background_texture_reali.mtl
o test
v 0.584807 -0.017941 1.373224
v -0.750096 0.028522 1.446810
v 0.398483 0.029440 0.849855
v 0.649977 -0.017484 0.536959
v -0.508517 0.004591 1.665212
v -0.902106 0.002835 1.747169
v -0.982385 -0.007574 1.812570
v -1.100000 0.020583 -0.000000
v -0.909326 -0.019397 1.432386
v -0.407005 0.015329 1.383037
v -0.751998 -0.025547 0.695260
v -0.784251 0.002501 0.776750
v -0.577602 -0.020407 0.139592
v 0.067109 -0.015880 0.149502
v 0.725706 0.016293 1.098811
v -0.959056 0.003229 1.744367
v -0.588596 -0.019139 1.380691
v 0.411369 0.022076 0.454920
v 1.083969 0.007762 0.528884
v 0.949722 -0.001840 1.457486
v -0.848932 0.014815 0.698611
v 0.963291 0.025702 0.410113
v 0.917895 0.016198 1.754574
v 0.895694 0.001361 0.974181
v -1.059936 -0.025083 1.557113
v -0.208283 0.012890 1.408228
v -0.271929 -0.018878 0.592559
v 0.219604 -0.026043 1.666476
v 0.630839 0.001604 1.333557
v 0.407872 -0.023842 0.641626
v -0.022127 0.015578 0.640134
v 0.311066 0.016103 1.621238
v 0.479041 -0.028300 0.323769
v -0.255114 -0.027039 1.083459
v -0.406560 0.024244 1.299179
v 1.071125 -0.004151 0.985801
v 0.340001 0.000812 0.424143
v -0.527061 -0.008499 0.665013
v 0.066021 -0.027707 0.646769
v 0.433696 0.022168 0.274985
v -0.656037 0.020659 1.238811
v 0.479317 0.014523 1.242626
v 0.954773 0.004506 1.391694
v -0.479854 -0.000163 0.043512
v -0.451206 0.016602 0.534404
v 0.435699 -0.006397 0.137005
v 1.061662 -0.012392 0.576419
v 0.406397 0.021147 1.183210
v 0.463520 0.015433 0.323909
v -0.853876 0.027932 0.169157
v -0.244471 0.000234 1.785588
v 0.475422 -0.022885 0.648471
v -0.759770 0.027434 1.733004
v 0.825300 0.017753 0.247650
v 0.704411 0.028146 0.820928
v 0.694734 0.013184 1.162656
v 0.651425 0.008851 0.689641
v -0.915968 -0.012241 0.231036
v -0.561369 -0.008443 0.755344
v 0.552127 -0.026531 1.349145
v 0.985291 -0.027560 0.571488
v 0.861448 -0.007194 0.606862
v -0.187321 -0.007819 0.633258
v -0.072749 0.022325 0.707520
v 0.234284 0.028370 0.388093
v -0.822793 0.002948 1.603318
v 0.182806 -0.012920 0.878532
v -0.787568 -0.016777 0.366744
v 0.907043 -0.020200 0.398520
v 1.001719 -0.024661 0.492803
v 0.328799 0.010536 1.121825
v 0.551795 -0.010922 0.907124
v -0.062349 -0.025165 0.364079
v -0.087338 -0.029284 1.227436
v 0.641678 0.005736 0.752568
v 0.545726 -0.004413 1.855391
v -0.541809 -0.003182 0.147862
v -0.357913 0.020741 1.538161
v 0.307729 -0.013265 0.600916
v -0.599637 -0.013273 0.934878
v -0.406592 0.010551 0.291075
v 0.728583 -0.008603 0.638126
v 0.387433 0.024498 1.108561
v 0.951810 -0.027540 1.607672
v 0.280606 0.019186 1.749336
v -0.538703 0.010381 1.850961
v 0.089813 -0.000108 0.381314
v -0.673612 0.003928 1.684682
v -0.975357 -0.016197 0.320726
v -0.069695 0.014799 0.146243
v -0.701498 -0.007846 0.476009
v -0.999230 -0.026760 0.681262
v 1.052607 -0.021932 1.418751
v -0.286705 -0.012377 0.122677
v -0.444789 -0.006814 1.273755
v -0.862227 -0.024384 0.492941
v -0.828394 -0.017945 0.301846
v 0.416154 0.011951 1.037029
v 0.928470 -0.028821 0.111251
v -0.631133 -0.027834 1.356852
v 0.675077 -0.004559 0.553229
v 0.837648 0.002733 1.586271
v 0.938085 -0.023813 1.818001
v -0.711810 0.010139 0.441785
v 0.601459 -0.015974 1.589342
v 1.027460 0.028174 1.514262
v -0.823339 0.026923 0.552278
v -0.502990 -0.026962 0.785904
v 0.492383 -0.022510 1.773486
v -0.714673 -0.013636 1.027107
v 0.725170 -0.015458 0.825286
v 0.610473 -0.002619 0.532616
v 0.958882 -0.015861 0.084662
v 0.941669 -0.002825 0.389770
v 0.580454 0.024313 1.401175
v -0.343649 -0.014798 1.438024
v 0.688955 -0.001666 0.977953
v -0.009276 -0.013678 1.700667
v -0.332791 0.004755 0.178031
v -0.996569 -0.009366 1.103377
v -1.025730 0.018305 1.228621
v -0.250719 0.009306 1.411964
v -0.830572 0.017919 0.658630
v 0.403171 0.024922 0.082325
v 0.584698 0.006993 1.673357
v -0.029591 -0.025432 1.784921
v 0.070564 0.004952 0.527024
v -0.496356 -0.027851 0.238715
v -0.473833 -0.010953 1.079295
v -0.974004 -0.011691 1.091323
v -0.986202 0.024249 0.779820
v -0.412069 0.014373 0.290938
v 1.005148 0.023717 0.319416
v 0.942051 0.021002 1.534649
v 0.594149 -0.025390 1.137356
v 0.806431 0.015581 1.320251
v 0.828158 -0.001100 1.810153
v 0.303342 0.023062 0.770164
v 0.554186 0.027282 1.762380
v -0.564197 -0.024713 1.267522
v -1.000165 -0.005796 0.398325
v -0.827816 -0.011982 1.200750
v -0.612155 -0.014469 1.231499
v 0.878350 0.019242 0.200075
v 0.218592 -0.012655 0.891392
v 0.740104 0.014388 1.181989
v 0.719868 -0.020470 0.731964
v -0.559506 0.006823 0.742678
v 0.271791 -0.010227 0.910040
v 1.009803 -0.002753 1.639086
v -0.256784 0.025743 0.570945
v 0.569670 0.009161 0.007339
v 0.244291 0.014123 0.090845
v 0.059566 0.001183 1.364934
v -0.319911 0.015242 1.823123
v 0.173667 -0.006640 1.758975
v -0.398714 -0.013890 0.155757
v 0.033301 0.025926 1.576604
v 0.641389 -0.014016 1.431807
v 0.100606 -0.013370 0.458214
v 1.100000 0.007208 -0.000000
v -0.716304 0.020145 1.352578
v 1.087745 0.018100 1.633655
v 0.758469 -0.003327 0.371602
v -0.419788 -0.026376 0.734061
v 0.210539 0.015103 1.043344
v -0.012221 -0.003041 0.191084
v -0.200995 0.021555 0.778845
v -1.082893 0.005214 0.800433
v 0.729976 0.011876 0.911354
v 0.234021 -0.002161 1.431378
v 0.435456 0.020778 0.163892
v -0.267353 -0.008837 1.878904
v 0.677409 0.004197 1.728142
v 0.029679 -0.004926 0.223047
v -1.070628 0.009766 1.179764
v -1.071828 -0.018548 0.003121
v 0.092244 -0.005942 1.382333
v -0.416705 0.003586 0.193031
v -0.862347 -0.024345 1.448550
v -0.479545 0.003140 1.565865
v 1.052894 -0.025146 0.591764
v -0.290681 -0.024333 0.614503
v -0.107001 -0.024056 1.659533
v -0.903881 0.027494 1.428839
v -1.076960 -0.025617 1.331804
v -0.796217 -0.027880 1.197284
v 0.487593 -0.022933 1.260225
v -0.570165 0.011469 1.645233
v 0.558610 -0.027339 0.055442
v 0.593393 -0.024173 1.336849
v 0.936185 0.023202 0.714431
v -0.067415 -0.000060 0.206340
v -0.754874 -0.005430 0.370591
v -0.540588 0.026503 0.579654
v 0.986125 0.007658 1.291323
v -0.230774 0.007752 0.572802
v 1.040872 0.013166 1.620040
v -0.517222 -0.018391 1.233360
v -0.148467 -0.002589 1.439297
v -0.436605 0.011420 0.181921
v -0.174405 -0.029314 1.424975
v 1.039454 0.014925 0.407859
v 0.404522 0.013256 0.879085
v 0.338472 -0.011292 1.521371
v 0.754001 0.010287 0.881178
v 0.589447 0.020879 0.164019
v -0.058590 -0.020561 1.082229
v 1.009134 -0.018596 0.280055
v -1.082981 0.023433 1.586420
v 0.980548 0.024288 1.565976
v -0.723881 0.007049 0.080884
v 0.136725 -0.013015 1.213411
v -0.177057 -0.027973 1.397051
v -0.212619 -0.002002 1.128621
v -0.614938 -0.002429 1.655516
v 0.746786 -0.007449 1.761924
v -0.789953 0.029959 0.872096
v -0.645650 -0.010627 1.385889
v 0.435952 -0.029310 1.450819
v -0.037314 -0.008788 0.870086
v -0.972594 -0.007108 0.376270
v 0.954753 0.027586 0.080395
v 0.158987 -0.026088 1.778929
v -0.709712 0.000160 0.698500
v 0.286347 0.007293 0.728879
v 0.868294 -0.017721 0.770089
v -0.500194 0.014509 1.800656
v -0.287846 -0.006264 1.470015
v 0.180228 0.017158 0.666035
v 0.323502 0.008603 0.547336
v -0.980396 -0.014838 1.652549
v -0.545532 0.006519 0.372022
v -0.941636 -0.016345 0.940699
v -0.531624 0.013212 1.856058
v 0.607057 -0.011992 1.162662
v -0.409251 0.015131 1.410056
v -0.376238 -0.003161 1.454535
v 0.735759 -0.004245 1.861669
v 0.517068 0.002525 1.379230
v 0.540199 -0.027365 0.688752
v -0.668893 -0.019154 0.736277
v 0.278231 0.007526 0.863948
v 0.719873 -0.018365 1.060193
v -0.180702 0.025183 0.759066
v 0.415707 -0.014152 0.683440
v 1.005436 0.021874 0.539620
v 0.531396 -0.019936 0.497628
v 0.986434 0.015345 1.481065
v 0.611061 0.018875 1.743995
v 0.072449 0.025220 0.176182
v 0.033733 -0.013475 1.788708
v 0.216707 -0.013539 1.460037
v 0.663246 0.003976 0.018643
v -0.424929 -0.007812 0.311544
v 0.359595 0.020172 1.481600
v -0.764662 0.016467 0.130206
v 0.232873 -0.014796 0.277125
v 0.276202 0.027741 0.691793
v -0.522819 -0.024921 0.902912
v -0.937695 0.000927 1.540406
v -0.319699 0.028117 0.236366
v 0.682355 -0.016702 1.430984
v 0.958794 0.010912 1.249366
v -1.035586 -0.004564 1.145174
v -0.333524 0.009837 0.566179
v 0.329997 -0.022500 0.209491
v 0.438438 0.029537 0.545435
v -0.505313 0.026732 1.696445
v -0.103814 0.002706 1.391664
v 1.020636 0.003070 1.759854
v 0.723366 0.018508 1.656151
v 0.800750 -0.026910 0.328926
v 0.381632 0.026163 1.213798
v -0.795077 0.024720 0.698826
v -0.570912 0.025501 0.258581
v -0.337829 0.013148 1.554176
v -0.246904 -0.003967 0.101271
v -0.011904 -0.004369 1.045799
v 0.882178 -0.019485 1.777307
v -0.775309 0.011341 0.110228
v -0.402155 0.024884 0.167412
v 0.535483 0.026623 1.007984
v -0.641904 0.016312 1.212344
v 0.353361 -0.000440 1.201412
v -0.777583 -0.012201 0.470121
v -0.987593 -0.028515 0.699287
v -0.025792 -0.024155 0.369349
v -0.793246 -0.017319 0.699162
v -0.688148 0.018659 1.774193
v -0.936363 0.027566 0.651765
v -0.580914 0.000224 0.379754
v 0.708609 0.024963 1.073750
v 0.726258 0.020469 0.333555
v 0.588021 0.000736 0.810369
v 0.057839 -0.016666 0.401457
v 0.329177 0.005174 0.301636
v -0.446309 -0.011501 0.078047
v -0.635667 -0.003714 0.353142
v -0.332719 -0.020315 0.513004
v 0.322918 -0.011171 0.134242
v -0.871572 0.002991 0.520559
v 0.696031 0.013699 1.763165
v 0.657286 0.007693 0.876614
v -0.201925 -0.012722 0.078008
v -0.770626 -0.021423 0.640751
v 0.510311 0.025654 1.511044
v 0.140556 -0.025439 0.738572
v 0.409832 -0.012714 0.261829
v 0.733025 0.011937 0.591811
v 0.560061 0.003776 0.400131
v -0.264669 -0.024952 0.567648
v -0.052250 0.018872 0.023665
v 1.071769 0.023152 1.004497
v 0.621979 -0.003413 0.183031
v -0.814629 -0.007391 0.901173
v -0.436067 -0.022999 1.393785
v 0.322675 0.012511 1.553213
v 0.191281 0.016214 1.687273
v 0.743093 0.014081 1.436364
v 0.520986 0.028219 1.730602
v 1.033959 0.028039 1.793640
v -1.031234 0.021496 0.176296
v 0.373792 0.000310 0.325214
v 0.539507 -0.010715 0.921920
v -0.268931 -0.006857 0.639585
v -0.491638 -0.029085 0.553558
v 0.469534 0.000495 1.310635
v -0.065341 0.017842 0.599724
v -0.210584 0.005766 0.237249
v 0.518914 -0.028410 0.330994
v -0.813516 0.021717 0.485910
v -0.981021 0.008410 1.083475
v -0.570306 0.028640 0.719257
v -0.006271 0.001602 1.107027
v 0.378583 0.001704 1.066602
v 0.528272 -0.028483 1.710149
v 0.269554 0.021585 1.705570
v 0.160292 0.023917 0.154954
v 0.794091 0.020645 0.661612
v 0.679973 0.014653 0.536736
v 0.902028 0.027102 1.206521
v 0.209680 -0.010440 0.646771
v 0.673300 -0.017267 1.293990
v 0.102636 0.028249 0.102718
v -0.723683 0.027592 0.974025
v 1.100000 0.003678 1.881000
v 0.902656 -0.008089 1.414090
v 0.418270 0.021896 1.099730
v -0.688438 -0.013501 1.208849
v 0.009469 -0.026150 1.756968
v 0.759562 -0.003253 1.155048
v -0.681360 -0.028129 1.444000
v -0.120708 -0.027744 0.573137
v -0.561245 0.008081 0.365686
v 0.598757 0.012963 1.841150
v -0.808070 -0.012356 0.147851
v 0.621267 -0.016120 0.985987
v -0.499257 -0.022862 1.093825
v -0.277777 -0.017550 0.343015
v -0.795229 -0.007702 0.069789
v -0.286698 0.027018 1.817798
v -0.050495 -0.018537 0.452073
v -0.512463 0.012821 0.600050
v 0.462261 0.024645 1.731616
v -0.742569 -0.024598 0.224199
v -0.444588 0.009738 1.670194
v 0.983188 0.017908 0.402230
v 0.339656 0.015226 1.190818
v -1.063525 0.013268 0.313341
v -0.545361 -0.015972 1.387349
v 0.086683 0.022795 0.907653
v 0.929777 0.028139 0.260909
v 1.078461 -0.015824 0.631714
v 0.712950 -0.026649 0.939268
v -0.302645 -0.019316 0.313864
v 0.783827 -0.015295 1.198150
v -0.976726 0.016418 1.568896
v 0.569780 0.026507 0.906125
v -0.596574 0.019707 1.621225
v 1.024895 0.017901 1.350772
v 0.694857 0.018707 1.504518
v -1.041941 -0.007140 0.035916
v 0.750990 -0.012473 0.427664
v 1.034843 -0.013272 1.859391
v 1.000891 0.020191 0.790745
v 0.360360 -0.018604 0.202943
v -0.568404 0.006024 0.780494
v 0.823419 0.027877 1.364380
v 0.150700 -0.000889 0.228636
v -0.267422 -0.028348 1.866189
v 0.026789 -0.019865 1.535416
v -1.023303 0.004867 1.313424
v 0.637291 -0.003156 1.848138
v 0.784573 0.028762 1.566680
v -1.013260 0.003944 0.974849
v 0.137238 -0.019185 1.695109
v 0.426409 0.026522 0.293587
v 0.651417 -0.005531 1.426999
v -1.043857 0.026543 0.075790
v 0.376491 0.004091 1.092597
v -0.418289 0.024652 1.369856
v 1.003368 0.029449 1.615894
v 0.455420 0.009067 0.519553
v -0.699856 0.007859 0.107703
v 0.333150 0.015284 1.426576
v 0.137904 0.022613 0.166552
v 1.003782 0.024949 0.981603
v 0.105292 -0.004705 0.472048
v -0.164209 0.017349 0.897552
v -0.768955 -0.018481 1.229424
v -0.011592 -0.020812 0.421687
v -0.191421 -0.016007 0.279004
v 0.946290 -0.015891 1.757867
v 0.004532 0.017944 1.440852
v -0.764798 0.000091 1.639263
v -0.201616 0.000520 1.602508
v 0.146520 -0.023196 0.601145
v -0.941582 -0.029187 1.160716
v -0.439240 -0.014644 0.464658
v 0.906776 0.028805 1.002079
v 0.636154 0.004482 1.451724
v -0.441448 0.027732 1.402703
v 0.126071 -0.016843 1.880559
v -0.598327 -0.006175 0.978913
v -1.078180 -0.014858 0.060017
v -0.816922 0.010357 0.343737
v 0.784845 -0.005538 0.589346
v 0.249833 -0.026603 0.931183
v -0.962296 -0.013736 1.602701
v -0.084642 0.005967 1.471890
v -0.774109 -0.004863 0.211462
v -1.044837 0.029788 0.399531
v -0.077227 0.018860 1.668918
v 1.053146 -0.026098 0.531126
v 0.482772 0.006742 1.631115
v 0.978961 -0.024642 0.916532
v -0.758962 0.014643 1.870756
v -0.894893 -0.016454 0.591312
v 1.037712 -0.015031 1.170913
v 0.995797 0.014549 0.208261
v -0.603327 0.002028 1.624063
v 0.636971 0.029324 0.257187
v 0.591372 0.003837 1.213968
v -0.197833 0.027037 0.137437
v 0.912164 -0.008762 1.781505
v -1.018842 0.022727 0.792578
v 0.388283 0.000170 1.299271
v 0.870030 0.025022 1.269420
v -0.981884 -0.017677 1.352486
v -0.363274 0.029262 0.987087
v 0.672993 0.013034 0.289372
v 0.444930 -0.009215 1.267166
v 0.407654 -0.026729 0.278522
v 0.146497 -0.008897 1.067220
v -0.457319 -0.013592 0.527996
v -0.664683 0.003316 0.404530
v 0.666634 -0.000111 1.509988
v 0.055366 0.029563 0.095509
v -0.995098 -0.024318 0.589861
v -0.590066 -0.001455 0.610096
v -1.099512 -0.012264 0.479419
v -0.696500 0.028864 1.733141
v 0.423120 -0.008851 1.391537
v -0.577387 0.026453 1.754974
v -0.728231 0.011353 0.930072
v 0.611514 -0.021838 0.057993
v -0.277653 -0.026485 0.675331
v -0.287902 0.017583 1.639722
v 0.793322 -0.012955 1.292004
v -0.643174 0.012045 1.129128
v -0.958246 -0.001531 0.158275
v 0.479191 -0.013425 1.528070
v 0.929497 -0.019469 1.353802
v -0.369076 -0.017367 1.791414
v 0.263231 0.012893 1.147498
v 0.647352 0.017437 0.054115
v -0.113607 -0.017237 1.350712
v 0.009775 0.016215 0.998772
v 0.858550 -0.001091 0.098828
v 0.060950 -0.013110 1.001909
v -0.564617 -0.005724 1.849205
v 0.503067 -0.014277 0.377365
v -0.548215 -0.028792 0.013962
v 0.651097 -0.005077 1.432314
v 0.271979 -0.026465 1.820869
v 0.340760 0.020171 1.866254
v -0.007539 -0.023056 0.678131
v -0.164719 0.008644 0.147032
v -0.387312 0.016865 0.160179
v -1.054510 0.025037 1.556214
v 1.039848 -0.009522 0.448907
v 0.712107 -0.020469 0.883804
v 0.892815 0.016148 0.861241
v 0.097925 -0.003891 0.450830
v -1.056869 0.015080 0.178343
v -0.129511 -0.008679 0.829089
v 0.182884 -0.021099 1.490140
v -0.506734 0.017051 1.072719
v -0.528687 0.001273 0.027946
v -0.030357 -0.003580 1.054039
v 1.085319 0.002286 0.562464
v -0.127442 0.019306 1.766105
v 0.004675 -0.002480 1.847840
v -0.869107 -0.020530 0.898748
v 0.906768 0.029593 1.101176
v -0.115133 -0.016051 0.687983
v 0.867491 -0.023892 1.862867
v -0.909137 -0.022356 1.863809
v -0.035861 -0.028364 0.817035
v 0.185701 -0.002137 1.052412
v 0.433904 -0.005289 0.979466
v 0.856309 0.007232 1.019850
v 0.991566 -0.017539 1.092041
v 0.899503 0.022088 0.313613
v -0.492809 0.027894 1.877984
v -0.892939 0.003694 0.571926
v 0.310876 -0.022001 0.997591
v -0.318813 -0.015355 0.148738
v 0.936795 0.015568 0.143747
v 0.075940 -0.019935 1.250630
v -0.579333 0.014447 1.435822
v -0.612792 0.004352 0.869402
v -0.402586 -0.008339 1.391297
v -0.517359 0.015343 1.351568
v 0.266309 -0.017894 0.008103
v -0.497834 0.004937 1.315412
v -0.878620 -0.012615 1.227634
v 0.712674 -0.010111 0.389366
v -0.747778 -0.018981 1.517367
v -0.994045 0.001253 0.597691
v 1.098010 0.027642 1.182781
v -0.358741 0.020433 1.708182
v 0.136583 -0.004936 1.645610
v 0.582405 0.005161 0.269915
v -0.836138 -0.001597 0.083741
v 1.022071 -0.029102 1.629890
v 0.474881 -0.028902 0.488053
v -0.114072 -0.004969 1.695042
v 0.249256 0.011959 0.918333
v 0.623217 -0.005831 0.313677
v 0.353585 -0.013452 0.175087
v 0.513531 0.007763 0.171248
v -0.563848 -0.000697 0.709567
v 0.134301 0.021442 0.559998
v -0.306791 0.020904 1.340751
v -0.415533 0.006780 0.736145
v 0.103575 0.014745 0.910014
v -0.589739 0.011155 0.869428
v -0.177827 0.022793 1.216733
v -0.786380 -0.000384 1.559961
v 0.636696 0.021115 0.367124
v 0.209623 0.007742 0.891604
v -0.070082 0.026124 1.170953
v -0.587393 0.023397 0.679257
v 0.314321 -0.014201 0.861003
v -0.772663 0.022586 0.082456
v 0.860438 0.015910 0.283765
v -1.002715 0.018406 0.594023
v -0.075129 -0.023179 1.401334
v -0.468899 -0.018368 1.107831
v -0.925341 -0.013115 1.315835
v -0.323780 -0.008163 1.192471
v -0.752471 -0.000665 1.376176
v -0.687664 0.023951 0.051798
v 0.037261 0.023347 0.741084
v -0.102167 0.000849 1.497956
v -1.070088 0.000283 1.138707
v -0.690532 0.001703 1.609596
v -0.018706 0.014052 0.246129
v 0.459630 0.008180 0.761074
v -0.943420 0.015557 0.601605
v -1.078904 0.006073 0.793401
v -0.512207 0.017287 0.792466
v -0.728670 -0.003778 1.068405
v 0.769194 0.012308 1.221302
v 0.261973 -0.022992 0.326262
v 0.692140 -0.005837 1.730697
v -0.515252 0.021316 1.560410
v -0.594760 0.007301 1.522637
v 1.018132 -0.002987 1.085997
v 1.087213 -0.000135 0.926902
v 0.547755 0.017222 1.059596
v -0.963118 -0.012940 1.219680
v -0.425506 0.015955 0.808720
v 0.266983 0.016341 1.352047
v 0.959367 0.018127 0.743395
v 0.274367 0.020977 0.284409
v 1.050165 -0.018815 0.500000
v -0.975044 0.029823 0.819977
v -0.562857 -0.015178 0.835680
v -0.937412 0.020787 0.130430
v 0.629602 0.001916 0.908440
v -0.300243 -0.000236 1.102589
v -0.838463 0.015406 1.126616
v 0.391875 -0.018927 0.172735
v -0.979413 -0.017018 1.051887
v 0.386634 -0.024053 1.857764
v 0.291135 -0.000562 0.501184
v 1.071245 0.020029 0.898176
v 1.047709 -0.019193 0.303730
v 0.831009 -0.007983 1.706965
v -1.038472 -0.016141 1.180566
v 1.090218 -0.013507 0.689328
v -0.940280 -0.003601 1.703966
v 0.771678 -0.012489 1.316220
v 0.869032 0.026187 1.283982
v 0.204565 0.013711 0.944352
v -0.916760 0.015987 1.751948
v -0.073185 -0.001051 0.575438
v -0.961836 -0.024477 0.859066
v -0.697119 -0.021276 1.144410
v 0.859907 0.020089 0.623859
v -0.708637 0.015785 1.480529
v 1.014553 0.010734 0.514888
v 0.345856 0.008460 0.909589
v -0.734134 0.001273 0.998133
v -0.973656 -0.018493 1.283899
v 0.283968 0.012754 0.775901
v 0.868073 0.028119 0.835061
v -0.822623 0.026034 0.976656
v 0.328737 -0.019804 1.654592
v 0.299498 -0.002585 0.784975
v 0.717254 0.003382 1.495240
v -0.190815 -0.019108 0.497014
v 0.077034 0.005013 1.158138
v -0.986970 0.019388 1.011209
v 1.060041 -0.005918 1.485135
v -0.556187 0.001773 1.626235
v 0.571687 -0.021201 0.266469
v 1.091435 0.008082 0.737872
v -0.531675 0.009711 1.182048
v -0.537137 -0.007721 0.620803
v 0.744324 -0.023524 0.765798
v 0.138855 0.004296 0.471399
v -0.503768 -0.010641 1.505083
v -0.367418 -0.020593 0.331083
v 0.295199 -0.023481 1.234460
v -0.829091 0.029230 0.502648
v -0.739025 -0.009964 1.451224
v 0.868198 0.000303 1.038505
v -0.583536 0.025825 1.259321
v 0.103967 -0.005971 0.230408
v -0.870084 0.011307 0.389562
v -0.296518 -0.001786 0.904992
v -0.333947 0.010346 1.758950
v 0.006717 0.006051 0.442039
v 0.461928 -0.000464 0.222860
v -0.993087 -0.017971 1.754221
v 0.673705 0.029790 0.400860
v 0.223440 0.012819 0.742336
v 0.284329 0.002214 0.614023
v -0.092421 0.009896 1.058985
v -0.799392 -0.003349 0.945035
v 1.059325 0.023787 0.578324
v -0.656293 -0.023869 0.807291
v -0.773843 0.011850 1.629474
v -0.013487 0.009316 0.606389
v 0.456317 -0.021628 1.808447
v 0.925730 -0.008332 0.798036
v 0.460531 -0.003409 1.220840
v -0.106753 0.027167 0.962668
v -0.374457 0.011870 1.509365
v 0.611116 0.027688 1.648052
v 0.560989 0.015165 0.348426
v -0.334872 -0.004207 1.536680
v -0.456938 -0.017707 0.924287
v 0.986014 -0.029746 1.442613
v 0.124826 -0.007489 1.632551
v -0.772132 0.029886 1.723021
v -0.102137 -0.013378 1.159820
v -0.987463 0.018116 1.313236
v -1.010825 0.013582 0.517314
v 0.107098 0.016653 0.834039
v -0.657619 0.023194 1.243545
v -0.741732 0.018976 0.605267
v 0.044586 0.024834 1.630366
v -0.280276 0.016165 1.032008
v -0.623862 0.003660 1.743373
v 0.782522 -0.002191 0.524900
v -1.012033 -0.005795 0.340264
v 0.090091 -0.019717 1.705747
v 0.931808 0.001205 0.746894
v -0.287833 -0.024623 1.342093
v -0.925970 -0.000984 0.360446
v -0.900434 -0.011836 1.709298
v 0.096821 -0.029328 0.287837
v -0.529481 -0.004122 0.829921
v -0.620312 -0.006408 1.187436
v -0.962879 -0.017029 0.024339
v 0.558153 0.016488 0.548463
v -0.970102 0.014152 1.140336
v 1.046397 0.018238 1.675721
v -0.987273 0.011701 1.763972
v 0.287816 0.027564 0.291113
v 0.149402 -0.006737 1.718419
v 0.114692 0.014209 1.375118
v 0.597877 -0.028402 0.558560
v -0.607532 0.010489 1.736761
v 0.180560 0.006174 1.113341
v -0.496534 0.002309 0.013632
v -0.308445 0.014129 0.696402
v -0.627026 -0.019504 0.875948
v -0.713373 -0.021948 1.613797
v 0.213723 -0.029808 1.305642
v -0.064982 0.014252 0.854474
v -0.443313 0.002232 1.007176
v 0.652640 0.010340 1.191520
v 0.134748 -0.010897 1.693933
v -1.060329 -0.009028 1.160365
v -0.057108 -0.014331 0.795658
v -0.159641 0.025592 1.023884
v 0.527428 -0.015995 0.171789
v -0.190644 0.014873 0.185701
v -0.215514 -0.025561 1.254259
v -1.057622 0.008258 1.369654
v -0.627919 -0.029383 1.278563
v 0.797862 0.020467 1.139042
v -0.794525 -0.000832 1.513134
v 0.723668 0.006321 0.273644
v -0.268787 -0.001034 1.857629
v 0.706366 0.021033 1.877818
v -0.853800 0.004237 1.741484
v -0.220501 -0.015377 1.001383
v 0.546613 0.023715 1.595093
v 0.958653 -0.009155 0.974459
v -1.047977 -0.012244 0.661688
v 0.650605 -0.024125 1.614193
v -0.705752 -0.004943 0.850672
v 0.543275 -0.003089 1.250216
v -0.776185 -0.014046 0.405359
v -0.829393 -0.028265 1.015023
v -0.723916 0.017657 0.158278
v -0.776795 0.009028 0.677576
v 0.028168 0.007833 0.333956
v -0.327299 0.001752 0.917886
v 0.194220 -0.011964 1.721434
v -0.457414 -0.025545 1.335288
v 0.671352 -0.014908 0.315004
v -0.137679 0.022040 1.812885
v -0.513256 -0.010393 1.195264
v 0.992366 0.011193 0.987070
v -0.377521 0.001518 0.567416
v -0.709589 -0.028270 0.416500
v 0.279176 -0.016142 1.756585
v -0.104533 0.028026 1.291569
v 0.770160 -0.013111 0.240504
v -1.021561 0.001210 0.364404
v 0.961275 0.001220 1.490839
v -0.410034 0.021710 0.152325
v -0.298015 -0.014125 0.149609
v -0.584182 -0.009002 0.264918
v 0.012301 0.023973 1.283345
v 0.622698 0.017307 0.465070
v 0.647089 -0.029694 1.120206
v 0.519687 0.028190 0.669335
v 0.287378 -0.026178 1.231148
v 0.660682 -0.007023 0.075353
v -0.230767 -0.010017 1.292059
v 0.030446 0.024410 0.692274
v 0.989169 -0.003615 0.967910
v 0.299628 0.011632 0.192437
v -1.039349 0.023143 1.506130
v 0.221421 -0.005937 1.208108
v 1.016685 0.010759 1.817838
v 0.242455 0.004877 0.143875
v 0.894191 0.007226 0.939995
v -0.960128 0.016591 1.125952
v 0.274573 -0.013781 1.236688
v 0.022825 0.014482 1.829420
v 0.284349 -0.025367 1.212217
v -0.627937 -0.020543 0.803236
v 0.847954 0.027365 0.672062
v 0.987964 0.026430 1.685355
v 0.576809 -0.029057 1.347615
v -0.339995 0.024282 1.183616
v 0.558252 -0.017209 0.686538
v -0.809122 -0.016362 1.373623
v 0.070323 0.028156 0.972546
v -0.035289 0.027501 1.779577
v -0.272725 -0.029135 0.349306
v -0.703325 -0.005315 1.052947
v 0.788765 0.015740 0.050776
v -0.275255 0.013303 0.284762
v -0.453959 0.018043 1.268112
v 0.906566 -0.029985 1.709827
v -0.074781 -0.022085 0.916152
v 0.519645 0.002838 1.344872
v 0.285612 0.008311 1.320890
v -0.636871 -0.014921 0.656091
v 0.512457 -0.026756 1.071638
v -1.093820 0.023087 0.887795
v 0.533106 -0.014694 0.245714
v -0.672002 -0.015231 0.834232
v 0.299554 -0.029535 0.195315
v -0.183387 0.013910 0.376444
v 0.528534 -0.024667 1.522298
v -0.997728 -0.015893 0.214354
v -0.228276 0.029241 1.166948
v 0.399774 0.021724 1.820124
v -1.050273 -0.016206 0.235952
v 0.127859 0.024125 0.811345
v -0.773843 -0.014316 1.361957
v 0.713345 -0.007419 0.591730
v -0.890280 -0.005817 0.246667
v 0.277705 -0.003529 1.792228
v 0.451975 -0.012640 1.740820
v -0.624561 -0.021281 1.570106
v 0.482128 0.022546 0.214723
v 0.997738 -0.000245 1.042026
v -0.807348 -0.026785 1.644350
v 0.351703 0.024051 1.268186
v -0.625490 0.024106 1.825079
v 0.548823 -0.007695 0.067668
v 0.942697 -0.020802 1.528901
v -0.005297 -0.023532 1.242499
v -0.265137 -0.022094 1.436007
v 0.552683 0.020405 0.806642
v -0.270411 -0.025704 0.529154
v 0.572353 0.029317 1.682869
v -0.179723 0.016095 0.725869
v -0.593567 0.012484 1.807578
v 0.658635 0.020095 0.820755
v -0.514135 0.026490 0.552801
v -0.921625 0.024570 0.976018
v 0.671571 -0.014700 1.724070
v -0.600980 -0.008718 1.428448
v 1.042322 0.021275 1.766688
v -0.407527 0.026999 0.727080
v -1.094384 0.012804 0.073128
v 0.298790 0.028606 0.612425
v -0.122355 -0.019771 0.105815
v -0.595430 -0.018066 0.172553
v -0.820133 0.008461 1.019653
v -0.528797 -0.021547 1.598537
v 0.068378 0.006659 1.775427
v 0.484498 0.010369 1.713237
v -0.217893 -0.001718 1.372661
v 0.538283 -0.006074 1.370613
v 0.260077 -0.000039 1.532943
v 0.540631 0.016827 0.708697
v -0.637322 0.002424 0.238503
v -0.853451 -0.004962 0.373557
v 0.538351 -0.001099 0.631048
v -0.171004 -0.012756 0.385768
v -0.688339 0.025974 1.660688
v 0.526456 -0.004677 1.363251
v -1.023025 -0.026908 0.995127
v 0.297727 -0.018803 1.159439
v 0.966072 0.029151 1.025772
v 0.360534 0.018026 0.404772
v -0.952834 0.006863 0.353137
v 0.773226 0.015288 1.185116
v 0.272550 0.006772 1.397989
v -0.414470 -0.004887 1.230510
v -0.688192 -0.020103 1.149381
v 1.071396 -0.025552 1.498657
v 1.078530 -0.000828 0.750411
v -0.984374 -0.022966 1.585990
v -0.831024 -0.008239 1.644217
v 0.761521 -0.018881 0.470004
v 0.325890 0.008032 0.533973
v -0.712747 0.017755 0.967817
v 0.713999 0.021817 1.559951
v -0.151665 0.017437 1.168902
v 0.870418 -0.005044 1.557156
v 0.389303 -0.017734 0.815885
v 1.067588 -0.022593 1.630491
v 0.155870 0.028980 0.687496
v -0.565558 0.020953 1.224996
v -0.975683 -0.000683 0.312769
v -0.024864 -0.004425 0.033265
v 0.613510 -0.018252 0.938829
v -0.047142 0.016842 0.740628
v 0.723143 -0.021563 0.088638
v 0.330559 -0.007931 0.077016
v -0.441033 -0.023766 0.906241
v -0.208019 -0.023051 0.106446
v 0.460529 -0.008950 0.813947
v 0.612850 0.005486 1.075610
v 0.672741 0.011085 1.362932
v -0.742338 -0.010097 0.741140
v 0.892636 0.008980 0.641266
v -1.091062 0.022829 0.571280
v 0.057470 -0.015588 0.128969
v 0.542360 0.022121 1.560842
v 1.050019 0.010567 1.797922
v 0.151984 -0.009249 1.294837
v -0.863249 0.009975 0.815568
v 0.090782 -0.015663 0.641914
v -0.142723 -0.007121 1.807255
v -0.201477 0.021752 1.566038
v 0.598503 -0.026575 1.692816
v -0.193916 -0.000546 1.370363
v -0.480516 -0.008305 1.201997
v -1.060884 0.000351 0.635664
v -0.728575 0.028917 0.683965
v -0.741971 -0.012008 1.007104
v -0.024214 0.002225 1.679034
v 0.842908 -0.003795 0.835557
v -1.006046 0.020652 1.315335
v -0.911661 -0.005319 1.265228
v 0.602140 0.019785 0.988639
v -0.322676 -0.011338 0.404214
v -0.898733 0.013880 0.054297
v -0.913816 -0.011962 1.721159
v 0.740541 0.023071 1.768913
v -0.784874 0.011516 0.313473
v -1.093958 -0.020989 0.452573
v 0.813803 -0.014226 1.008806
v 0.335956 0.016687 1.593773
v -0.177793 -0.012512 1.149088
v -0.418896 -0.023672 0.078555
v 0.416238 0.029275 1.803140
v 0.460315 -0.012940 1.455719
v 0.545847 -0.011536 1.500843
v -0.727526 0.006170 1.683463
v 0.317171 0.017205 0.739950
v 1.028240 -0.025370 1.443632
v -0.343129 -0.022896 0.537386
v -1.054257 -0.021499 0.028924
v 0.975458 0.012305 1.423019
v -0.688314 0.016691 0.761894
v -0.986898 -0.013776 1.830259
v 0.295710 0.007761 0.927564
v 0.900692 0.006712 0.622619
v -1.013507 0.028432 0.321992
v -0.129194 -0.001097 1.814961
v 0.491868 -0.018393 1.249446
v -0.162376 0.010091 0.797772
v -1.029378 -0.003598 1.753544
v 0.808379 -0.010346 1.046332
v 0.947056 -0.021576 0.869129
v 0.871760 -0.021061 1.870779
v -0.309526 -0.012399 1.530131
v 0.340141 0.000252 0.113460
v 0.055962 0.017009 0.016967
v -1.055937 0.004926 1.021090
v 0.928761 -0.018453 1.776061
v -0.377166 -0.024266 1.256860
v 1.073913 -0.013251 0.644234
v 0.345083 -0.019959 0.186276
v -0.783790 -0.017607 1.562204
v -0.389593 -0.029788 0.104086
v 0.139202 -0.014632 1.646730
v 1.027806 0.010858 0.517025
v -0.681813 -0.014432 0.346238
v 1.098527 0.009820 1.695320
v -0.720034 -0.015703 0.702563
v -0.876818 -0.012951 0.191451
v 0.088740 0.009172 1.159557
v -0.941288 -0.019943 0.893501
v -0.714249 0.005827 1.529900
v -1.069625 0.028812 1.301588
v 0.792921 -0.008064 1.337727
v -0.264012 0.007806 0.515487
v 0.761566 -0.022613 1.559000
v 0.667028 -0.007797 0.531960
v -0.578744 -0.029570 0.806329
v 0.807876 -0.019856 1.637817
v -0.550673 0.005032 0.574842
v -1.021543 -0.028454 1.601194
v 0.666576 -0.004938 1.167126
v -0.525049 -0.023582 1.471392
v -0.815463 0.021264 0.961431
v -0.989918 -0.027664 0.389773
v 0.570584 0.000860 1.011872
v -0.993419 -0.007779 1.373363
v 0.868777 0.006803 1.160073
v 0.936397 -0.013694 1.485016
v -0.475449 0.017494 1.751961
v 0.465433 -0.012826 1.648548
v 0.169556 -0.003348 0.779121
v 0.820758 -0.022212 1.649115
v -0.371469 0.027173 0.963602
v 0.330010 0.002843 0.159553
v -0.045727 -0.008144 1.347857
v -0.927754 -0.024315 0.173924
v -0.946071 -0.026278 0.204883
v 0.459188 0.009997 1.245415
v -0.580192 0.025726 0.233333
v 0.192873 0.006573 1.370137
v 0.819212 -0.005630 1.759046
v 0.844786 0.028761 0.782841
v -0.207450 0.001567 1.474769
v -0.266170 0.020150 0.039809
v 1.050280 0.018842 1.041372
v 0.398592 -0.013050 1.108047
v -0.323725 -0.023608 1.492027
v -0.750683 0.018467 0.786603
v -0.226743 -0.021948 1.501407
v 0.085514 -0.019625 0.413847
v -0.135917 -0.016585 1.175321
v 0.593372 0.003626 0.117407
v 1.070023 0.023444 1.751024
v -0.729444 -0.001927 0.708018
v -0.414038 0.015532 1.129535
v 0.336199 0.026353 0.723601
v -0.977596 -0.001030 0.068863
v 0.994632 -0.025599 0.964682
v -0.996237 0.020056 0.341072
v 0.662561 -0.026729 0.145148
v 0.210262 0.016826 0.655197
v -1.042332 0.005212 0.519713
v 1.040941 0.005146 0.168652
v 0.298112 0.020396 1.372257
v 0.468625 -0.014350 0.354462
v -0.893172 -0.017749 0.040130
v 0.860259 0.013495 1.305985
v 0.783025 -0.010394 0.906501
v 0.930335 -0.025739 0.300790
v 0.681066 0.022654 1.701836
v -0.646712 -0.026426 1.093546
v 0.927751 0.017612 0.622232
v 0.455092 -0.029029 0.779636
v -0.412747 0.025618 0.036325
v 0.060742 0.011940 1.304999
v 0.416409 -0.010212 0.828203
v 0.603871 -0.008986 1.164234
v 0.789467 0.021092 1.633905
v 0.947478 0.015990 1.229775
v 0.858295 -0.002582 0.022916
v -0.572364 -0.023828 1.117956
v -0.981110 0.008521 1.764130
v 1.086309 -0.019729 0.482917
v 0.309655 -0.015399 0.946432
v -1.019471 0.011977 0.010046
v -0.343835 0.009783 1.423234
v 0.391755 -0.019855 0.309951
v -0.320465 -0.000925 1.763014
v 0.650127 -0.011805 1.396887
v -0.128081 -0.013107 0.343191
v -1.033406 0.028423 1.355144
v -0.412792 0.021307 0.671308
v 0.619532 -0.025136 1.476649
v -0.218830 -0.016351 0.262385
v 0.608314 -0.020272 0.998961
v 0.143809 -0.000860 0.307927
v 0.144098 0.007964 0.031530
v 0.224938 0.005291 0.315544
v -0.741517 -0.025792 1.166582
v 0.149523 -0.018631 1.845502
v -0.504626 0.008279 1.517995
v -0.399754 -0.017099 1.279398
v 0.311373 0.006574 0.728987
v -0.988861 -0.011166 0.673790
v 0.493153 -0.000662 0.404061
v 0.463048 0.025240 1.489011
v 0.148725 0.025462 0.870155
v 0.516292 -0.014303 1.649591
v 0.065265 0.000632 0.285476
v -0.332441 -0.029026 1.001890
v -0.924287 -0.009558 0.349384
v 0.102652 0.025848 1.012445
v 0.253003 0.002619 0.412584
v 0.886862 0.022805 0.661800
v 0.550993 0.001266 1.784390
v -0.553804 -0.014679 0.595521
v 0.637045 -0.009679 1.113568
v -1.064617 -0.018140 0.861198
v 0.848761 0.028000 0.504194
v -1.098657 -0.013399 1.612885
v 0.524216 -0.026736 0.220443
v -0.342012 0.010325 0.487078
v 0.254418 -0.027584 0.356520
v -0.042686 0.011013 0.197881
v 0.218527 -0.019845 0.253988
v -0.844758 0.012032 1.485404
v 0.120409 -0.008051 0.221985
v 0.946859 0.016161 0.266146
v -0.979348 0.005701 1.103936
v -0.133265 0.025177 0.234965
v -0.374068 0.025848 1.143210
v -0.776897 -0.028556 0.525965
v -0.357816 -0.007618 0.765754
v 0.215913 -0.002895 1.147758
v -0.315821 -0.020442 1.507210
v 1.046180 0.022474 1.364116
v -0.394954 0.003299 1.539564
v -0.879683 -0.021383 0.891050
v -0.295235 -0.020368 0.796436
v 0.683857 -0.008793 0.365404
v -0.670706 0.009992 1.450875
v 1.069143 0.027351 1.294951
v -0.742191 -0.001279 0.248527
v -0.090617 0.017879 1.065414
v -0.753051 -0.019395 1.448276
v -1.031915 -0.024532 1.237355
v 0.650818 0.023728 0.623897
v 0.773987 -0.004336 1.034178
v 0.678998 -0.023325 1.791325
v 0.744195 -0.028751 0.358163
v -0.987736 -0.001731 1.014041
v 0.163269 -0.011571 0.986795
v -0.915387 0.004953 0.245596
v 0.548785 0.000259 1.494599
v -0.616671 -0.024510 0.181503
v -0.885713 -0.022170 0.290444
v -0.686778 -0.026240 0.218643
v 0.953814 0.021000 1.189973
v -0.734520 -0.003123 1.844088
v 0.538625 -0.008039 0.790076
v -0.484584 0.017572 0.935113
v 1.067688 -0.002865 1.057367
v -0.048923 0.023301 0.296623
v 0.337547 -0.011301 1.540139
v 0.224860 0.028265 1.859457
v -0.703751 -0.016457 0.577008
v -0.401605 -0.026595 0.259083
v -1.063382 -0.014927 0.001235
v 0.702870 0.025556 0.291592
v -0.239159 0.014826 0.057452
v -0.660486 0.018062 0.471529
v 0.065417 -0.017762 1.047174
v -1.087975 0.029490 0.715106
v -0.665361 -0.019705 0.315653
v 0.698797 0.025988 1.320760
v -0.625826 0.006009 1.050906
v -0.311652 0.007704 0.315953
v -0.801830 0.026541 0.106823
v -0.868515 -0.020894 1.542586
v -1.087004 0.029421 1.561889
v 0.311213 -0.022740 1.300090
v 0.496716 -0.026899 1.116734
v 0.704626 0.023000 1.268839
v 0.154732 -0.022508 1.309960
v -0.445079 -0.013992 0.706545
v -0.944259 0.027303 1.150061
v -0.817434 0.027972 0.704949
v 0.667873 0.028079 1.795060
v 1.023241 -0.013188 0.837373
v -0.331046 0.029001 1.056078
v 0.091046 -0.003022 0.128019
v -0.808736 -0.021960 1.115829
v 0.777778 -0.016283 0.386197
v 0.554828 0.028228 0.234292
v -0.418790 0.020432 1.386989
v -0.771437 0.025382 1.604135
v 0.414458 0.028027 0.353840
v 0.759030 -0.000146 0.066755
v 0.576328 0.024537 0.309500
v 0.715736 -0.013229 0.107137
v 0.279718 0.014941 0.657340
v 0.135580 0.004078 0.000152
v 0.247246 0.027819 0.596531
v -0.195619 0.017270 1.217107
v -0.160419 -0.024520 0.743043
v 0.426274 -0.027770 1.011427
v 0.730128 0.001354 1.434090
v -0.535353 0.018886 0.416348
v -0.015110 0.013914 0.380976
v 0.132879 0.006749 0.952820
v 0.462872 -0.025271 1.145630
v 0.073842 -0.002900 0.062204
v 0.053140 0.007326 0.296067
v -0.783028 -0.001268 0.985555
v -0.260471 0.001726 0.042612
v 0.463048 -0.002695 1.325454
v -1.044667 0.005741 0.968776
v -0.834309 -0.000761 0.759666
v 0.078155 0.006759 0.573395
v 0.785132 0.026816 1.190882
v 0.019908 0.029146 1.206416
v 0.811840 0.016675 1.541061
v -1.009951 0.009744 1.657910
v -0.146141 0.012239 0.534923
v 0.878748 0.020837 1.082053
v 0.786558 -0.022052 1.280569
v 1.050485 0.015132 0.860915
v -0.724491 0.008349 0.065666
v 0.727634 0.016666 1.217672
v 0.491816 -0.026629 0.883133
v -0.488118 0.013210 0.440801
v -0.830085 -0.011064 0.311274
v 0.952246 -0.014677 1.661573
v -0.933603 -0.007540 1.528853
v 0.042930 0.015860 0.389271
v -0.452389 0.016600 0.470013
v 0.617581 0.006554 0.574781
v 1.061584 -0.001313 1.143738
v -0.992933 0.003043 1.224947
v -0.291977 0.007943 1.341806
v -0.746047 0.013957 0.089530
v -0.003936 -0.018531 0.928909
v -0.738149 0.007509 0.377552
v 0.264301 -0.013442 1.498794
v -1.047830 -0.014007 1.836579
v 0.074916 -0.017948 1.288747
v 0.735906 -0.002390 1.715011
v 0.530347 -0.006470 1.305419
v -0.498359 -0.014892 0.445480
v -0.864273 -0.010767 1.636989
v -0.263829 0.005385 0.245238
v 0.613036 0.006336 1.567348
v 0.551882 0.015109 1.132075
v -0.693071 0.016921 1.591404
v -0.719599 0.006019 1.462646
v -1.027292 -0.000135 1.282604
v -0.543460 0.000289 1.554525
v -0.261317 -0.001611 1.634392
v 0.744289 -0.013225 0.391867
v -0.871302 -0.020452 1.415229
v -0.641208 0.000331 0.352607
v -0.792103 0.026624 1.580231
v -0.695036 -0.016301 0.278675
v -0.013860 0.007199 1.760388
v -0.217832 -0.010343 1.009085
v 0.392545 -0.018007 0.846517
v 0.654446 -0.013241 0.361055
v 0.100698 -0.012739 0.984125
v 0.328061 0.009540 1.558491
v 0.188053 0.021338 0.032274
v 0.216799 -0.008899 1.433617
v -0.260678 0.015138 0.715227
v 0.651017 0.003154 0.914616
v 0.963166 -0.005077 0.721654
v 0.096454 0.010240 1.561063
v 0.171728 -0.018676 0.009585
v -0.022903 -0.026974 1.614120
v 0.270685 0.029420 0.834190
v 0.371190 -0.019491 0.807802
v 0.039278 0.028738 0.901125
v -0.249802 -0.021351 0.215845
v -0.104777 -0.009233 1.100631
v -1.018788 -0.020895 0.106387
v 0.891707 0.018685 0.390459
v -0.017144 0.025436 1.555730
v -0.238684 -0.008511 0.106578
v 0.874181 0.025721 1.536888
v -0.189357 -0.011978 0.068293
v -0.524648 0.014373 1.555750
v -0.007957 0.010949 1.031723
v 0.359724 -0.013069 1.745426
v -0.097137 0.009831 1.704772
v -0.291414 0.011168 1.264043
v 0.600784 0.002925 0.067834
v 0.830302 -0.017086 0.435963
v 0.186556 0.014098 0.804287
v 0.892553 0.014986 0.815894
v -0.778576 -0.016611 1.151935
v -0.760052 0.007434 1.487910
v -0.127964 -0.029250 1.309830
v 0.526469 -0.007991 0.875451
v 0.201097 -0.029570 0.817418
v 0.970624 0.009832 0.451226
v -1.014506 0.008848 0.284183
v 0.819295 0.015412 0.682314
v -0.021535 0.017524 1.105407
v 0.228078 -0.016188 0.922100
v 0.568160 0.026033 0.436750
v 0.070402 0.029645 0.698450
v -0.897960 0.008710 0.078080
v 0.553174 0.003052 0.086388
v 0.288033 0.021960 0.086812
v 1.048971 -0.021893 0.544574
v -0.015720 0.017602 1.013284
v -0.212230 0.015715 1.687174
v -0.984250 -0.012867 0.750520
v -0.170087 -0.007422 1.098327
v -0.544701 -0.005819 0.222295
v 0.195452 -0.019735 0.644404
v 0.610163 -0.003004 1.019071
v 0.577409 -0.000366 0.589481
v -0.621444 0.026480 1.529594
v -0.302744 0.018989 0.104572
v -0.858568 0.025521 0.652552
v -0.199405 -0.010940 1.185382
v -0.017183 0.017186 1.223043
v -0.080328 -0.020741 1.350209
v 1.097862 0.010791 1.154832
v 0.175778 0.020843 1.320705
v 0.905464 -0.007880 1.609287
v 0.678834 0.009222 0.627738
v -0.030743 -0.015720 1.770546
v -0.331666 -0.000347 0.231708
v 0.893553 0.025860 1.786638
v -0.410425 0.029436 0.266761
v -1.089386 -0.006412 1.339000
v 0.606418 -0.029439 0.073409
v -0.386071 -0.011216 1.195095
v -0.235546 -0.016172 1.750330
v 0.682329 0.025347 1.610451
v -0.920265 -0.007315 1.269240
v 0.900187 -0.025011 1.367356
v 0.890813 -0.006040 0.664568
v -0.910863 0.001474 0.191532
v -0.076199 0.009606 1.745144
v 0.192612 0.028703 0.738771
v -0.092728 0.008138 0.550428
v -0.413139 0.004678 0.732250
v 0.212435 0.028188 1.593146
v -0.258277 0.002063 0.036073
v -0.036635 0.020722 0.979982
v 0.117718 -0.021593 1.233761
v 0.032836 0.003072 1.844642
v -0.909745 -0.015824 0.573689
v 0.303744 -0.027011 1.230954
v -0.553751 -0.007906 0.875775
v -0.535419 -0.003482 1.694639
v -0.832444 0.019846 1.368934
v 0.894508 0.011049 1.557119
v -0.761775 -0.007841 0.185266
v -0.403037 -0.023618 0.833356
v -0.656985 -0.007808 1.183278
v -0.904644 0.028641 1.374728
v -0.764229 0.029591 1.256279
v 0.246697 -0.015245 0.200008
v 0.647794 -0.005067 1.224032
v -0.717171 0.024770 0.674463
v -0.759503 0.005622 0.582139
v 0.257004 -0.018620 0.898092
v 0.419633 0.017472 0.046422
v 0.699320 -0.021431 1.255265
v -0.233808 0.023892 0.981860
v 0.333271 -0.019826 1.360360
v -0.810521 0.010658 0.153458
v -0.410109 0.011766 0.773734
v -0.496702 0.012585 0.997098
v -0.261643 -0.025183 0.974314
v 0.436979 -0.028705 1.312975
v -0.106860 0.004683 0.264889
v 0.863026 -0.011231 1.759217
v 1.077971 -0.021025 1.385227
v 0.367982 0.023325 1.010643
v -0.447473 -0.024987 1.829278
v -0.844493 -0.012377 1.373849
v -0.606027 0.004462 0.851785
v 0.536640 0.007748 1.696392
v -0.857153 0.012364 1.083157
v 0.218699 -0.002339 1.502725
v -0.284208 0.017547 1.073837
v 0.441409 0.026080 0.428230
v 0.540621 -0.002578 1.777052
v -0.699473 0.017080 0.381044
v -0.533431 0.011598 0.353032
v -0.138871 0.001539 0.317736
v 0.942574 -0.000816 1.195550
v -0.055027 -0.013653 1.590398
v -0.450455 0.007522 1.338746
v -0.257196 -0.020825 1.393081
v 0.681047 -0.026816 1.220433
v -0.061287 0.013190 1.573084
v 0.716460 0.024370 1.140236
v -0.934071 0.019772 0.763139
v 0.566925 -0.027939 0.429265
v 0.673472 -0.005303 0.375423
v 0.681897 0.002291 1.664765
v 0.528527 -0.007911 1.804963
v -0.684184 0.024800 1.091219
v -0.068048 0.023368 1.546684
v 0.239964 0.020032 0.800064
v 0.030068 -0.012802 1.788460
v 0.576459 0.013859 0.850859
v -0.906422 0.005935 1.535912
v -0.956599 0.022496 1.643945
v 0.959265 -0.009388 0.406710
v 0.421318 -0.018124 0.405032
v 0.304619 0.019057 1.324880
v -0.758003 0.021243 1.693092
v 0.820432 0.008705 1.018145
v -0.200737 0.011853 0.748131
v -0.417376 -0.027034 1.073426
v -0.275297 0.027341 1.595591
v -0.172573 0.025039 0.778932
v -0.415192 0.022826 1.703691
v -1.005896 -0.013780 1.176075
v 0.725654 0.019888 1.071366
v 1.016262 0.028567 1.807962
v 0.687587 0.029776 1.010143
v -0.455996 0.029413 0.639907
v -0.828011 -0.010159 0.979773
v 0.187671 -0.000577 1.520636
v 0.508203 0.025976 0.827246
v 0.959880 0.015424 0.821185
v -0.363504 -0.007766 1.022015
v 0.774005 -0.001260 0.262516
v 0.714843 -0.024876 0.107431
v 0.046138 0.028509 1.073516
v 0.994650 0.011530 1.206602
v 0.408645 -0.011170 0.877817
v 0.733003 0.025577 1.256929
v -0.083222 0.001018 0.108361
v -1.022858 -0.004486 1.793329
v -0.779134 -0.003180 1.575336
v -0.777202 0.014228 1.747132
v 0.962341 -0.020684 0.705173
v -0.662283 -0.026785 1.265636
v -1.031433 -0.024294 1.722015
v 0.602588 0.020864 1.876296
v 0.593586 0.023754 1.465543
v -0.035052 -0.029308 0.597254
v 0.519690 0.002657 0.490865
v 0.760645 -0.013904 1.191809
v 0.543695 -0.027716 1.146658
v -0.890064 -0.018099 0.706516
v 0.390064 0.016072 0.409561
v 0.045567 -0.028918 0.745526
v -0.829738 -0.012485 0.568264
v -0.160158 0.012033 1.736268
v -0.446792 0.026696 1.262028
v 0.820362 -0.028715 1.782075
v 0.688646 -0.012241 0.646172
v 0.509962 0.000108 1.102931
v -0.461378 0.022215 0.826144
v -0.870567 -0.020819 0.040630
v -0.482184 0.020030 1.083707
v -0.846283 0.024710 0.646671
v -0.586894 0.000043 0.412064
v -1.019707 0.013338 1.197249
v 0.369474 0.011112 0.770684
v 0.177523 0.017454 1.798714
v -0.715995 0.023553 0.127537
v 0.732592 0.000872 0.459892
v -0.607874 -0.021026 1.143562
v 0.249496 -0.001641 0.311432
v 0.339075 0.006610 0.382275
v 1.088176 -0.023773 1.033856
v -0.414750 -0.003368 1.244780
v 0.012515 0.009413 0.551215
v 0.063504 -0.002510 1.519536
v 1.044202 0.024398 0.432057
v -0.012305 0.004502 1.287859
v -0.587570 -0.025029 1.367817
v 0.404281 0.011373 0.146136
v 0.992052 -0.023153 0.390999
v -0.954748 0.023132 0.187162
v 0.333333 -0.024820 1.146119
v 0.544724 -0.004181 0.633754
v 0.115862 -0.014113 1.575261
v 0.400595 -0.022903 1.659650
v -0.652546 0.023881 1.800356
v 1.042909 -0.009745 0.403801
v -0.056724 0.018514 0.086917
v -0.432076 0.028982 1.626918
v 0.225958 0.023282 0.506474
v 0.889615 0.024438 0.360844
v -0.635723 -0.026453 0.309619
v -0.724260 -0.023738 1.123507
v 0.339696 -0.025058 0.572231
v -1.029007 -0.012409 0.768035
v -0.730173 -0.003982 0.607956
v 0.348791 -0.022783 1.098657
v 0.962231 0.007026 0.638848
v 0.490158 0.014448 1.833600
v 0.632921 -0.024683 1.208608
v -1.083853 -0.022555 0.636807
v 0.650210 0.006283 1.410098
v 0.605005 0.012505 1.456067
v -0.489559 0.001808 0.992547
v -0.521443 -0.007531 1.605038
v 0.589126 0.004715 1.739736
v -0.450089 0.009432 0.162783
v 0.324768 -0.023706 0.229434
v -0.641246 0.012513 0.806912
v 0.957208 -0.008105 0.554758
v -0.681469 -0.015924 0.085619
v -0.691587 0.008493 1.196431
v -0.389868 0.018917 0.012517
v 0.444399 0.001221 0.252623
v -1.040583 -0.018378 0.392443
v 0.009336 0.024021 1.112979
v 0.333424 -0.000202 0.458435
v -0.092411 0.019090 1.478938
v -0.464178 0.006644 0.982659
v 1.085896 -0.009592 0.863796
v 0.656969 -0.015839 1.003581
v -0.586040 -0.003941 1.085661
v 0.998276 -0.022241 0.233686
v 0.171143 -0.008054 1.228965
v 0.473296 0.005034 0.959144
v 0.198298 -0.014626 1.816310
v -0.094973 0.025630 0.989101
v -0.103402 0.006596 0.598110
v -0.639854 0.002173 1.390769
v 0.932469 0.008602 1.425617
v -0.153164 0.010113 1.331928
v 0.819440 0.005515 0.980132
v 0.814746 -0.006052 0.648144
v -0.965386 0.015647 0.475184
v -0.103299 -0.025442 1.353704
v -0.407489 0.004301 0.532719
v 0.906158 0.011535 0.648123
v -0.858201 -0.008076 1.104341
v 0.051019 0.003969 1.184131
v 0.645993 0.000204 0.194139
v -0.636624 -0.007146 1.695388
v 0.636742 -0.013516 1.724977
v -0.714140 -0.028486 0.096632
v 0.215930 -0.029516 1.682306
v -1.082506 -0.011313 0.327880
v 0.869114 0.026223 0.511120
v -0.864934 -0.018830 0.817450
v 0.194161 0.014660 1.176737
v 0.829184 0.024487 0.594005
v 0.273742 -0.002724 0.464673
v -0.430889 -0.005929 0.983767
v 0.543102 -0.021693 1.316015
v -0.195504 -0.026429 0.509728
v 0.717110 0.011520 1.626313
v 0.219922 0.027314 1.580341
v 0.194168 0.006225 1.102535
v -0.275136 0.008193 0.866193
v -0.560192 0.029351 1.152688
v 0.577944 0.017021 0.086159
v 1.030798 -0.015055 1.234187
v -0.868850 -0.008853 0.520490
v -0.450304 -0.029152 1.007671
v -0.156092 0.001813 1.065352
v -1.100000 -0.001098 1.881000
v -0.551439 0.011337 1.804159
v 0.863082 0.014462 0.742797
v 0.532022 0.029907 0.601756
v -0.743039 0.010095 0.109865
v -0.680583 0.028344 0.235722
v 0.434790 -0.009103 1.672560
v 0.224047 0.008966 0.480191
v 0.178476 0.023466 1.846769
v 1.003683 0.008390 0.890765
v 1.034420 0.013236 0.274885
v -1.090165 -0.013753 0.611999
v -0.539842 0.026068 1.471962
v 0.690384 0.025936 1.157705
v -0.138891 0.015810 0.346894
v 0.353638 -0.029240 1.342716
v 0.173768 -0.016161 1.627433
v -0.400372 -0.017103 1.306290
v 0.825333 -0.026554 0.765561
v 0.165337 -0.008478 0.551327
v -1.030248 -0.029310 0.102699
v 0.462001 -0.001093 0.535666
v -0.785605 -0.021211 0.891652
v 0.844749 0.015903 1.385661
v -0.196891 0.011926 1.082216
v -1.071822 -0.001417 0.113494
v -0.545521 -0.002302 0.538683
v -0.826534 -0.015649 1.056387
v 0.614531 -0.027168 0.720857
v -0.514791 0.016038 0.817513
v -1.063646 0.025978 0.679874
v -0.774768 0.012360 1.629320
v 0.952140 0.026767 1.338538
v -0.463741 -0.021934 1.824382
v -0.147256 0.003585 1.874073
v -0.647698 -0.011670 0.579116
v 1.034821 0.019586 0.042095
v 0.384773 -0.026470 0.774632
v 0.685313 0.015096 0.553416
v -0.141138 0.023727 1.162816
v 0.870065 0.022551 1.102040
v -0.763456 0.023972 1.117717
v -0.799308 -0.016995 0.463266
v -0.070443 0.026524 0.393976
v 1.071464 -0.000542 0.801729
v 0.142386 0.005098 1.486581
v 0.357711 -0.017092 0.088436
v -0.419211 0.023437 0.796476
v -0.787263 0.010565 1.164550
v -0.203356 0.014320 0.996115
v -0.270000 0.012851 0.036917
v -0.829624 -0.000881 0.730796
v 0.335551 0.001849 0.841103
v -0.058094 -0.011425 0.589504
v 0.557453 0.029462 1.137270
v 0.045884 0.018536 1.652112
v 0.157846 -0.017420 1.825497
v -0.505829 0.020800 1.102431
v 0.780760 -0.014914 1.188296
v 0.886060 -0.026261 0.462071
v 0.666736 -0.009773 0.590869
v -0.391452 0.018300 0.910963
v 0.680314 0.025247 0.013857
v -0.029760 0.019592 0.018815
v 0.197216 -0.000171 0.225888
v 0.159609 -0.025155 0.351672
v -0.488288 0.020318 1.517314
v 0.206988 0.011824 1.361882
v -0.008414 0.003358 1.792409
v 0.415158 0.022909 1.381737
v 0.270295 0.018624 0.784368
v 0.108932 0.004372 0.161555
v -0.181121 0.010073 0.541020
v 0.023942 -0.021270 0.229413
v -0.516333 -0.021992 1.659466
v 0.289933 -0.029339 0.159758
v 0.969017 -0.004314 1.001762
v -0.429850 -0.011370 0.491611
v -0.659133 0.017212 0.072381
v -0.642429 0.003025 0.599698
v 0.149612 -0.008291 1.687533
v -0.697592 0.016666 1.066681
v -1.015620 -0.024812 0.808809
v -1.018887 0.001452 1.743562
v 0.171733 -0.021982 1.253310
v -0.417355 0.007637 0.158271
v -0.101753 -0.007362 0.948236
v -0.217961 -0.012024 0.884549
v 0.134074 0.003402 1.029466
v -0.789589 0.008244 1.758165
v 0.304127 0.008510 0.630626
v -0.985932 -0.025634 0.805988
v 0.177729 0.000666 0.731275
v -0.050129 -0.009051 1.539984
v -0.234369 -0.028802 0.287959
v -0.495784 0.022123 0.767232
v -0.337697 0.007289 0.127426
v 0.435745 0.019821 0.248896
v -0.785557 -0.008021 1.264387
v 0.090448 0.017730 1.012553
v -0.526346 -0.016320 1.300386
v -0.930177 -0.006928 1.601338
v 1.066932 0.021691 1.794200
v 0.351117 -0.011220 1.451167
v 0.075207 -0.021462 0.615695
v -0.108866 0.011680 1.408319
v 0.983824 -0.012365 0.290275
v -0.886552 0.007581 1.019363
v 0.486134 0.014996 0.893875
v 0.292090 -0.018235 0.252165
v -0.825855 -0.002738 0.789290
v -0.090567 -0.012347 1.431345
v 0.037651 -0.024113 1.416712
v -0.000424 -0.017163 0.868139
v -0.273679 -0.004200 1.157414
v 0.345208 -0.017876 0.975804
v 0.740856 -0.013433 0.225528
v -0.092453 -0.001573 1.412393
v -0.833952 -0.009620 0.877450
v 0.464782 0.011405 0.813352
v -0.872388 -0.016579 0.241804
v -0.031937 -0.015222 0.160784
v -0.671634 -0.004500 1.857256
v 0.042873 -0.020196 1.527203
v -0.489294 0.025993 1.282950
v 0.159909 -0.016944 1.580710
v 0.215580 0.022070 1.012151
v 0.799072 -0.014626 1.829842
v -0.563251 0.016470 0.887886
v -0.078384 0.023627 1.354075
v -0.699513 0.002658 1.495431
v -0.018938 -0.013587 0.158376
v -0.815219 -0.017074 1.693376
v 0.252199 0.004579 0.217544
v -0.369610 0.026980 1.811990
v -0.545673 -0.017624 1.294052
v -0.401310 -0.028465 0.126587
v -0.741621 -0.014416 0.049766
v -0.716907 0.017083 0.012076
v -0.365639 0.016536 1.514450
v 0.812476 0.014878 0.229842
v -0.138201 0.001360 0.833025
v 0.487319 0.029211 0.867050
v 0.953159 0.022676 1.620701
v -0.487014 0.012921 1.862940
v 0.476399 0.004174 0.988789
v -0.865112 -0.022845 0.949750
v 0.540464 -0.025306 1.548907
v -0.999276 0.028720 0.304382
v 0.922782 -0.015108 0.178006
v 0.865892 0.009921 1.342840
v -0.476110 0.012240 1.202308
v 0.516303 0.029691 1.551956
v 0.420101 -0.028339 0.942421
v 0.415355 0.028951 1.651457
v 0.473757 -0.021523 0.015790
v -0.163766 0.019585 0.764495
v 0.929723 0.005753 1.192849
v 0.157976 -0.013874 1.096398
v 0.413086 -0.000295 1.840371
v 0.573529 0.013857 0.764227
v 0.427800 0.013454 0.021002
v 0.110996 0.018753 0.993919
v 0.624039 -0.011783 0.126100
v -0.812479 -0.012337 0.980684
v -0.740437 0.004308 0.857729
v 0.702388 0.026270 0.636632
v -0.528253 -0.010359 1.004654
v 0.641874 0.010036 1.285413
v 0.251426 -0.005125 1.697179
v -0.915690 -0.011273 0.246618
v -0.690099 0.018981 0.528864
v 0.250378 0.013277 0.452066
v -1.062953 0.008619 0.293879
v 1.092627 -0.021280 1.672680
v 1.037978 0.003648 0.046900
v 0.011105 -0.019683 0.229079
v 0.255114 0.023374 0.618057
v -0.090287 0.001158 1.373305
v -0.859939 -0.014032 1.472054
v -0.069701 0.020435 1.292773
v -1.077782 -0.018880 0.214174
v -1.061904 -0.016342 1.436553
v -0.915908 0.013277 0.000399
v -0.383525 -0.005604 0.220777
v -0.472362 -0.003560 1.521691
v -0.949393 -0.011247 0.963929
v 0.124776 -0.019234 0.145465
v -1.066899 -0.022868 0.870377
v 0.943846 -0.024533 0.328093
v 0.202984 0.016754 1.789253
v 1.024225 -0.004575 1.047819
v 0.151923 -0.015265 0.850926
v 0.290588 -0.001667 1.322600
v 0.862110 0.028370 1.441208
v -0.207690 -0.011556 1.008729
v -0.994872 -0.025996 0.694375
v -0.172209 0.023930 0.450444
v -0.184268 -0.003937 0.632329
v 0.518507 -0.015905 1.195443
v 1.065422 0.000204 1.203732
v 0.338289 0.023144 0.393938
v 0.590285 0.029886 0.295643
v -0.417123 -0.014912 1.526231
v -0.501014 -0.010623 1.821465
v 0.219659 -0.003643 1.612099
v 0.155741 0.017502 1.590710
v 1.055587 0.012212 1.647022
v -0.651722 0.001623 1.438182
v 0.628711 0.006356 0.261288
v 0.377414 0.018038 0.384264
v -0.149045 -0.026986 0.239054
v -0.426100 0.012619 0.558668
v -1.041534 0.020569 0.116523
v -0.088592 -0.022887 1.755246
v 0.823638 -0.001882 1.244733
v -1.034468 -0.024080 1.728583
v -0.830045 0.004034 0.451839
v 0.031314 0.000416 1.743337
v -0.199996 0.015425 0.173283
v 0.966887 -0.012973 1.649069
v 0.971243 -0.015556 1.195866
v -0.182081 -0.016242 0.151493
v 0.721670 0.028232 1.734879
v -0.573867 0.022769 1.440581
v -0.647239 -0.012422 1.443480
v 0.985975 0.004839 0.268626
v 0.351586 0.012575 0.030616
v 0.222009 -0.002720 0.914169
v -1.068082 0.024897 0.425748
v -0.549203 0.013132 1.355257
v 0.901777 0.006027 1.266966
v -0.033036 0.003336 1.636642
v 0.533471 -0.016630 0.939169
v -0.806905 0.021191 0.963956
v -0.107924 0.019613 0.800632
v -1.029734 -0.017276 0.081351
v 0.495466 0.001472 1.482361
v 1.062164 0.029669 0.103764
v -0.618584 0.003163 0.228707
v -0.237842 0.020124 1.798261
v -1.000585 -0.024967 1.239551
v -0.693070 0.028539 0.140149
v 0.002181 0.011146 0.903206
v -0.592680 -0.012396 0.195460
v 0.109629 0.019137 0.534193
v 0.457328 -0.028262 0.848148
v 0.799425 0.015336 1.410284
v 0.115669 0.018649 1.194098
v 0.680203 0.011656 1.414744
v 0.851597 0.003359 0.296118
v -0.870488 -0.000485 0.440845
v -0.331958 0.015426 1.576499
v -0.547571 -0.001615 0.080583
v 0.386261 0.011670 1.166545
v -0.548125 0.023111 1.015507
v 0.211922 0.025760 0.653735
v -0.378203 0.017571 0.612656
v 0.150766 0.014808 0.550950
v -0.729583 -0.001464 0.463836
v -0.833919 -0.007199 0.623502
v 0.281778 0.005171 1.715782
v 0.562988 -0.002499 0.399292
v -0.346028 -0.002424 1.576671
v -0.403539 0.012167 1.368293
v -0.891563 0.022677 1.313402
v -0.343016 0.003205 1.191192
v -1.032719 -0.018366 0.455283
v 0.315018 0.006859 1.469301
v 0.871923 -0.025913 0.437028
v -0.774698 -0.012660 1.752483
v -0.918310 -0.015483 1.574400
v -0.063980 0.023297 1.785531
v -1.074614 0.028972 1.497766
v -0.151209 -0.023852 0.019617
v -0.118861 0.012299 1.572942
v 1.084352 0.011224 0.904877
v -0.332659 -0.015807 1.302989
v 0.562670 -0.000302 1.399058
v 0.086735 -0.025270 1.538299
v 0.625980 0.008935 0.752924
v -0.146959 -0.002004 1.363497
v -0.086974 -0.025625 0.088269
v -0.204821 0.004237 1.303907
v -0.670768 0.003890 0.775629
v -0.371008 0.007310 0.049116
v 0.987125 0.023383 1.325370
v -0.452201 -0.004571 0.943989
v -0.499370 0.027785 0.084896
v 0.610250 0.006115 0.655407
v 0.192841 0.022161 0.496710
v 0.608341 -0.014062 1.872002
v -1.071108 0.026652 0.522995
v 1.034952 0.017965 1.798162
v 0.118995 0.020804 0.287662
v -0.073981 -0.018226 1.095759
v 0.468361 -0.021097 1.775344
v 1.068846 -0.010557 0.477839
v -0.534545 0.025649 0.791790
v 0.750406 0.016644 0.294853
v -0.694542 -0.024668 1.038961
v -0.725021 0.023378 0.303623
v 0.638361 0.018715 1.594896
v -0.302285 -0.026982 0.230977
v -0.129414 -0.023767 1.809293
v 0.215354 -0.009322 0.971183
v 0.433088 0.023053 1.716138
v 0.924705 -0.011739 0.226369
v -1.050490 -0.007902 0.049061
v 0.127298 0.015835 1.587481
v 0.969030 0.021004 1.163313
v 0.609099 0.004236 0.511917
v -0.085275 -0.011521 1.374352
v -0.382825 0.028774 1.842946
v 0.543673 0.004742 1.059552
v -0.332267 0.028660 1.677077
v 0.430104 -0.005799 0.221805
v -0.688809 0.025340 1.450595
v -0.751871 -0.008279 1.307292
v 0.497324 -0.025542 1.589416
v -0.897850 -0.001337 1.374959
v 0.305514 0.004780 1.541690
v -0.307076 -0.019275 1.664544
v 0.059692 -0.014006 0.531233
v 0.206311 -0.005744 0.315842
v -1.022434 -0.019835 0.808402
v 0.569173 0.029655 1.696575
v -0.731786 -0.014401 1.563961
v 0.596645 0.002450 0.160216
v -0.673782 -0.025681 1.211758
v 0.764782 0.025649 0.606168
v -0.900717 0.003500 0.087568
v -0.342674 0.003185 0.560986
v 0.844892 0.000884 0.231191
v -0.407380 0.027390 0.648817
v -0.468518 0.011455 1.500587
v -0.708278 0.010084 0.685925
v -0.060618 -0.026459 1.046355
v -1.058917 0.004112 0.344391
v 1.056616 0.011496 1.834057
v -0.472425 -0.003205 1.238528
v -1.007081 -0.000560 1.286507
v -0.532011 -0.027723 0.505539
v -0.229678 0.006010 1.054309
v -1.065264 -0.024547 1.856044
v 0.526701 0.021984 0.641791
v -0.518933 0.014674 1.450662
v -0.064749 -0.014880 0.972234
v 0.494788 0.004337 1.358561
v 0.876808 -0.022326 0.203342
v -0.358990 -0.012912 1.422398
v 0.670783 -0.010778 0.222273
v -0.550998 0.021937 1.407066
v 0.422568 -0.023523 1.413929
v 0.331078 -0.015032 1.398424
v 0.572970 -0.002936 0.621262
v -0.947255 0.029812 0.299847
v -0.223948 -0.012761 1.454125
v -0.339781 -0.000637 0.583405
v 1.040644 -0.023079 1.198617
v 0.541579 -0.000028 0.098822
v 0.311586 0.004164 0.427203
v -0.785946 0.020262 1.320973
v -0.504234 0.002474 0.043926
v 0.412798 -0.022295 0.609477
v -0.962616 -0.007085 1.659264
v 0.930693 -0.025439 0.138551
v 0.679265 0.013599 1.086964
v -0.793745 -0.006211 0.704070
v -0.171446 0.021122 0.116307
v 0.549584 -0.002595 0.305147
v 0.936901 -0.021596 1.371993
v 0.289828 -0.004442 0.200000
v -0.996734 -0.002481 1.779065
v 0.344893 -0.002312 0.910061
v 0.914320 -0.000711 0.284733
v -0.439585 0.012213 1.707744
v 0.028489 0.029752 1.851650
v 0.949879 0.029955 0.348291
v -0.548705 -0.026025 1.271492
v 0.083031 -0.016626 1.536370
v -0.656693 -0.014873 0.876004
v 0.931681 -0.014788 0.224311
v 0.540069 -0.005111 1.877607
v -0.495781 -0.001344 1.520331
v -0.126662 0.018094 0.172977
v 0.752827 -0.003043 1.566038
v 0.669955 0.024068 1.125354
v -0.104730 -0.024562 1.076745
v -0.418644 -0.002866 1.106130
v -0.866681 0.004363 1.771464
v 0.516421 -0.009869 0.436711
v -0.087011 0.023660 1.725257
v -0.718242 -0.016154 0.581284
v -0.744960 0.007588 0.486545
v 0.282921 0.015701 0.669385
v -0.309955 -0.025021 0.939218
v -0.273200 -0.019420 0.554185
v 1.000407 0.026523 1.775868
v 0.269761 0.014209 1.380843
v 0.625199 -0.019288 0.148863
v -0.895985 0.016836 1.605858
v 0.927646 -0.011299 0.229693
v -0.070954 -0.016868 0.264116
v 0.836315 -0.000948 0.819537
v 0.503868 0.027852 1.526843
v -0.883389 0.023773 0.351919
v 0.417848 0.006394 1.427642
v -0.225269 0.008548 0.677351
v -0.983264 -0.024769 0.984232
v -0.075359 -0.029032 1.582116
v -0.204590 0.016707 1.777139
v 0.536776 -0.029728 0.244223
v 0.073211 -0.025642 0.915921
v 0.303521 0.006605 1.161485
v 0.583340 -0.025276 1.212738
v -0.279339 0.010178 1.290021
v -0.701303 0.017734 1.237926
v 0.113346 0.020943 0.702858
v -0.607911 0.006711 1.351196
v 0.246100 -0.003024 0.804208
v 0.501123 0.028805 0.175615
v -0.005639 0.027722 1.208978
v 0.133504 -0.002006 1.233806
v 0.498422 0.018130 1.085827
v 0.897697 0.024760 1.195048
v 0.399156 -0.015682 1.231825
v 0.628002 0.028747 1.353512
v 0.042112 -0.006319 0.131744
v 0.822532 -0.001773 1.244299
v -0.189372 0.013328 1.770974
v 0.598291 -0.011766 1.112383
v 0.481420 0.009320 1.331302
v 0.568378 0.021321 0.112032
v 0.919698 0.013074 1.246285
v 0.559751 -0.012864 1.533968
v 1.015438 0.018856 0.714294
v -1.086415 0.003503 0.248696
v 0.980750 0.008030 0.504021
v 0.923843 0.017718 0.839955
v -0.753119 0.010669 1.050861
v -0.987476 -0.018211 1.475652
v 0.609447 0.023730 1.681020
v -0.578843 0.027549 0.595182
v -1.009099 -0.029943 0.411297
v 0.443364 0.011876 0.811230
v -0.327827 -0.005017 1.140827
v -0.552651 -0.025001 1.522154
v -0.825548 -0.028604 1.413297
v -0.966507 0.016358 1.560448
v 1.023123 0.016939 1.725316
v 0.317728 -0.029708 1.086866
v 1.038147 -0.025549 0.723736
v -0.170019 0.011495 1.137891
v -0.417824 0.007208 0.545848
v -0.300075 -0.015112 1.844165
v -0.036372 -0.008005 0.638052
v -0.159350 0.003725 1.716180
v -0.746819 -0.017746 0.211007
v -0.601999 -0.014450 1.256089
v 0.272688 0.005177 0.026214
v -0.931496 -0.007643 1.050698
v -0.840464 0.027864 0.077264
v 0.273787 -0.025306 0.368053
v 0.672584 0.001209 1.274434
v -0.055265 0.029546 0.086861
v 0.039583 0.021608 1.230390
v 0.192834 0.023398 0.456480
v -0.732220 0.026858 0.895762
v 0.996400 -0.013960 0.646940
v -1.026329 0.027106 1.864552
v 0.915553 0.012100 1.362766
v 0.523617 -0.029721 0.069401
v 0.589475 0.021491 0.338276
v -0.763751 0.005795 1.605203
v -0.794970 0.000078 1.005474
v 0.254509 -0.019015 1.539899
v 0.820061 0.002955 0.774463
v 0.100812 -0.006829 1.265633
v 0.221199 0.012769 1.099128
v -0.408988 0.026060 1.752301
v -0.064684 -0.008596 0.757780
v -0.936332 -0.007140 1.304676
v 1.080079 0.005812 1.277889
v 0.207301 -0.002060 0.178507
v 0.847470 0.003051 0.416478
v 0.440017 0.007630 0.247816
v 0.796984 -0.005870 1.879609
v 0.906742 0.007985 1.035437
v 0.291070 0.008411 1.376362
v -0.223943 -0.018154 1.762268
v -0.162799 -0.000019 1.445729
v 0.295491 -0.021823 0.997858
v -0.187894 0.026142 1.032281
v -0.022244 0.003286 0.405295
v 0.497187 0.019599 1.052557
vn -0.0152 -0.9820 -0.1883
vn -0.0180 -0.7778 -0.6283
vn -0.8617 -0.1139 -0.4944
vn -0.8425 -0.5068 0.1825
vn 0.0060 -0.9964 0.0849
vn -0.6239 -0.3426 0.7024
vn -0.5377 -0.8370 0.1016
vn -0.1573 -0.9860 -0.0549
vn 0.2643 -0.9641 0.0245
vn 0.5593 -0.8290 0.0004
vn 0.0221 -0.8051 -0.5927
vn -0.2289 -0.9676 0.1065
vn 0.8036 -0.5943 0.0319
vn 0.6278 -0.7629 -0.1543
vn 0.0692 -0.8991 -0.4322
vn -0.0955 -0.9925 0.0759
vn 0.0892 -0.9958 -0.0211
vn -0.4052 -0.9083 -0.1038
vn -0.2413 -0.9388 0.2458
vn -0.2427 -0.9700 -0.0124
vn 0.5437 -0.8386 -0.0349
vn -0.0786 -0.4364 -0.8963
vn -0.0031 -0.7688 -0.6395
vn -0.1046 -0.9907 -0.0865
vn -0.0326 -0.9980 -0.0544
vn -0.2377 -0.8290 0.5062
vn -0.0992 -0.8884 -0.4483
vn -0.0915 -0.9957 0.0110
vn -0.0883 -0.9922 -0.0877
vn 0.0824 -0.5585 0.8254
vn -0.0166 -0.9734 -0.2284
vn 0.8472 -0.5299 0.0387
vn 0.1970 -0.5378 -0.8197
vn 0.0073 -0.9923 -0.1233
vn -0.5012 -0.8613 0.0833
vn -0.0049 -0.9873 0.1588
vn 0.2809 -0.9170 0.2833
vn -0.1162 -0.9302 0.3480
vn 0.0435 -0.9423 -0.3319
vn -0.0379 -0.9592 -0.2803
vn -0.2100 -0.9708 0.1162
vn -0.1083 -0.9519 0.2866
vn 0.0411 -0.9564 0.2892
vn -0.2235 -0.9728 -0.0606
vn 0.0773 -0.9888 -0.1275
vn -0.5554 -0.8211 0.1314
vn 0.0705 -0.9354 0.3464
vn -0.1089 -0.9778 0.1791
vn -0.0162 -0.9985 -0.0515
vn 0.1896 -0.9816 -0.0245
vn -0.8428 -0.5294 0.0969
vn -0.0057 -0.9634 -0.2680
vn 0.1230 -0.9920 -0.0292
vn 0.8628 -0.5041 0.0370
vn 0.0910 -0.9953 0.0340
vn -0.2885 -0.9551 -0.0674
vn 0.1879 -0.9791 -0.0784
vn 0.2092 -0.9147 -0.3457
vn -0.4257 -0.9041 0.0368
vn 0.4544 -0.8908 -0.0049
vn -0.6145 -0.7737 -0.1538
vn 0.0314 -0.9954 0.0907
vn -0.1186 -0.9795 0.1626
vn -0.0925 -0.9939 0.0596
vn 0.0606 -0.9847 -0.1632
vn -0.0112 -0.9637 0.2669
vn -0.0474 -0.9265 -0.3733
vn -0.1085 -0.9862 0.1251
vn -0.0870 -0.9583 0.2721
vn 0.0671 -0.9789 0.1928
vn 0.0555 -0.6825 0.7287
vn -0.0297 -0.9887 0.1471
vn -0.0227 -0.9994 -0.0277
vn 0.0356 -0.9903 -0.1341
vn 0.0311 -0.6346 -0.7722
vn -0.2184 -0.9657 -0.1404
vn 0.0207 -0.9362 0.3509
vn 0.0258 -0.9566 0.2904
vn 0.1196 -0.8376 -0.5330
vn 0.0177 -0.9745 -0.2238
vn -0.0628 -0.9810 -0.1835
vn 0.0010 -0.9999 0.0130
vn -0.0610 -0.8283 0.5570
vn -0.1038 -0.9893 -0.1023
vn -0.0821 -0.9927 -0.0880
vn 0.0051 -0.9882 0.1531
vn -0.1854 -0.9721 -0.1437
vn -0.0104 -0.9886 0.1505
vn 0.3986 -0.9012 -0.1701
vn 0.5526 -0.8334 -0.0099
vn -0.0853 -0.8264 0.5566
vn -0.1400 -0.9513 0.2746
vn -0.2455 -0.8599 0.4476
vn -0.0845 -0.9839 -0.1575
vn -0.2846 -0.9582 -0.0293
vn -0.3655 -0.9206 -0.1373
vn -0.1438 -0.9766 0.1600
vn 0.1977 -0.9742 -0.1088
vn 0.0085 -0.9770 0.2130
vn -0.1186 -0.9929 0.0090
vn -0.2715 -0.9593 0.0781
vn -0.1589 -0.9727 0.1691
vn -0.1772 -0.9795 0.0962
vn -0.2367 -0.9713 0.0214
vn 0.0306 -0.9923 -0.1200
vn 0.1956 -0.9739 0.1155
vn 0.0128 -0.9980 0.0615
vn 0.4930 -0.8683 0.0555
vn 0.4650 -0.8811 -0.0862
vn -0.3704 -0.9287 -0.0176
vn -0.0111 -0.9996 0.0269
vn 0.5288 -0.8106 -0.2515
vn 0.0573 -0.9888 -0.1379
vn -0.2061 -0.9704 -0.1256
vn -0.0095 -0.9986 -0.0515
vn -0.0253 -0.9991 0.0331
vn 0.0382 -0.9924 -0.1166
vn -0.2251 -0.9636 -0.1443
vn -0.0611 -0.9943 0.0876
vn -0.2713 -0.9623 -0.0212
vn -0.2293 -0.7755 -0.5882
vn -0.2107 -0.9496 -0.2322
vn 0.0622 -0.8654 -0.4972
vn 0.1239 -0.9413 0.3139
vn 0.1087 -0.9698 0.2182
vn -0.0294 -0.9983 0.0497
vn 0.0021 -0.9548 -0.2971
vn 0.1705 -0.9773 -0.1261
vn 0.2341 -0.9718 -0.0275
vn 0.1442 -0.9716 0.1878
vn -0.0994 -0.9932 0.0601
vn -0.0160 -0.9326 0.3607
vn -0.2907 -0.9479 0.1304
vn 0.0240 -0.9885 -0.1494
vn -0.0753 -0.9813 -0.1774
vn -0.1585 -0.9315 0.3273
vn 0.3670 -0.8134 0.4514
vn -0.0209 -0.9618 0.2731
vn 0.3390 -0.9367 0.0870
vn -0.1375 -0.9877 0.0738
vn 0.1885 -0.9458 -0.2646
vn 0.7443 -0.6678 -0.0068
vn -0.2243 -0.8254 -0.5181
vn -0.5088 -0.8597 0.0442
vn -0.3355 -0.9230 0.1883
vn 0.0449 -0.8718 -0.4877
vn -0.1365 -0.9441 0.3000
vn -0.1314 -0.9902 0.0479
vn 0.1501 -0.9321 0.3296
vn 0.0363 -0.9987 -0.0347
vn 0.0618 -0.9290 0.3649
vn 0.1034 -0.9896 -0.1005
vn 0.0729 -0.9754 0.2079
vn 0.0164 -0.9970 -0.0761
vn -0.0631 -0.9911 0.1173
vn 0.2496 -0.9481 -0.1970
vn 0.4164 -0.9091 0.0101
vn 0.0602 -0.9978 0.0270
vn 0.1824 -0.9536 -0.2394
vn 0.0618 -0.9929 0.1012
vn -0.1062 -0.9755 0.1929
vn 0.0373 -0.9645 -0.2614
vn -0.0393 -0.9684 0.2464
vn 0.1132 -0.9855 -0.1264
vn -0.0178 -0.9116 -0.4108
vn 0.4164 -0.8983 -0.1400
vn 0.0102 -0.8886 -0.4586
vn 0.2486 -0.9066 0.3410
vn 0.3732 -0.9276 -0.0152
vn 0.3911 -0.8927 0.2239
vn -0.5255 -0.8463 -0.0879
vn 0.0110 -0.9882 -0.1530
vn -0.1277 -0.9619 0.2417
vn 0.2037 -0.9731 0.1079
vn -0.0121 -0.9346 0.3554
vn -0.1854 -0.9818 0.0411
vn 0.1284 -0.9817 -0.1405
vn -0.1005 -0.9946 0.0265
vn 0.0922 -0.9933 0.0702
vn 0.0686 -0.9828 0.1712
vn 0.3783 -0.9245 -0.0465
vn -0.1971 -0.9594 -0.2015
vn 0.0023 -0.7648 -0.6442
vn -0.0524 -0.9914 -0.1202
vn -0.2254 -0.9411 -0.2521
vn -0.0246 -0.9922 -0.1226
vn 0.0236 -0.9896 -0.1419
vn 0.0710 -0.9898 0.1239
vn -0.2979 -0.9065 0.2993
vn -0.3236 -0.9399 -0.1092
vn 0.0994 -0.9914 -0.0852
vn -0.3006 -0.9473 -0.1106
vn -0.2645 -0.9472 0.1810
vn -0.2117 -0.9770 -0.0273
vn -0.1654 -0.8439 0.5103
vn -0.1207 -0.9322 0.3412
vn -0.3059 -0.9310 0.1991
vn 0.6101 -0.7073 0.3571
vn -0.0128 -0.9984 0.0545
vn 0.0339 -0.9980 -0.0536
vn 0.1941 -0.9773 0.0847
vn 0.1443 -0.9827 -0.1160
vn 0.1813 -0.9082 -0.3773
vn 0.1710 -0.9837 0.0560
vn 0.0927 -0.9902 -0.1043
vn 0.0182 -0.9998 -0.0020
vn -0.0835 -0.9949 0.0567
vn -0.0027 -0.9502 -0.3115
vn -0.3972 -0.8902 0.2231
vn -0.1498 -0.9353 -0.3205
vn 0.3400 -0.9355 -0.0961
vn -0.0918 -0.9956 0.0161
vn -0.1931 -0.9571 0.2162
vn -0.3658 -0.9306 0.0133
vn -0.0661 -0.5875 0.8065
vn -0.1133 -0.9929 -0.0357
vn -0.4980 -0.8636 0.0788
vn -0.1165 -0.9852 0.1259
vn 0.1102 -0.9904 -0.0840
vn 0.0667 -0.7725 0.6315
vn -0.0508 -0.9986 -0.0113
vn 0.2280 -0.9644 -0.1339
vn 0.0899 -0.9956 -0.0276
vn -0.2390 -0.9693 -0.0570
vn 0.0974 -0.9947 -0.0344
vn -0.0952 -0.9290 -0.3577
vn 0.1823 -0.9643 -0.1923
vn -0.5254 -0.8398 -0.1366
vn 0.1323 -0.9912 -0.0102
vn 0.3503 -0.9357 -0.0413
vn 0.1847 -0.9793 0.0825
vn -0.0397 -0.9732 0.2266
vn -0.0177 -0.9982 0.0566
vn -0.1673 -0.9513 0.2588
vn -0.6713 -0.7395 -0.0499
vn -0.3341 -0.9337 -0.1288
vn -0.0831 -0.9769 -0.1971
vn -0.1999 -0.9703 0.1361
vn 0.2212 -0.9563 0.1913
vn 0.4202 -0.8622 0.2829
vn 0.1480 -0.9575 -0.2475
vn 0.0317 -0.8439 -0.5356
vn 0.1809 -0.9679 0.1747
vn -0.0174 -0.9990 0.0417
vn -0.0835 -0.9952 0.0501
vn -0.1523 -0.9589 0.2394
vn 0.6878 -0.7251 0.0344
vn -0.1810 -0.9835 -0.0001
vn 0.3042 -0.9525 0.0124
vn -0.2150 -0.9644 0.1538
vn -0.0484 -0.9745 0.2192
vn 0.0126 -0.9700 0.2428
vn -0.1978 -0.9722 -0.1252
vn 0.1323 -0.9912 0.0105
vn -0.1475 -0.8991 -0.4121
vn 0.2610 -0.9622 -0.0781
vn -0.0213 -0.9860 -0.1656
vn -0.0410 -0.9514 -0.3052
vn 0.4222 -0.9013 -0.0973
vn 0.0494 -0.9911 -0.1234
vn -0.0044 -1.0000 0.0068
vn -0.0380 -0.9943 0.0995
vn 0.1578 -0.8944 0.4186
vn -0.3223 -0.8684 -0.3768
vn -0.0160 -0.9993 0.0349
vn -0.0710 -0.9485 -0.3089
vn 0.4883 -0.8649 -0.1162
vn 0.0351 -0.9939 -0.1046
vn 0.0914 -0.9512 0.2947
vn -0.1505 -0.9728 -0.1762
vn -0.2994 -0.9506 -0.0816
vn 0.0234 -0.9875 -0.1558
vn 0.0784 -0.9966 0.0263
vn -0.1949 -0.9709 0.1392
vn -0.1673 -0.9347 -0.3135
vn 0.0351 -0.9928 -0.1145
vn 0.0301 -0.9633 -0.2667
vn 0.5359 -0.8192 -0.2043
vn -0.7352 -0.6741 0.0711
vn -0.0802 -0.9926 -0.0915
vn 0.1486 -0.9886 0.0241
vn -0.1942 -0.9771 -0.0872
vn 0.5576 -0.8121 -0.1720
vn -0.3041 -0.9478 -0.0957
vn 0.0960 -0.4280 -0.8987
vn 0.0467 -0.9683 0.2456
vn 0.1577 -0.9634 0.2170
vn 0.2406 -0.9691 0.0535
vn -0.0132 -0.9951 -0.0977
vn 0.2256 -0.9736 0.0338
vn -0.1153 -0.9889 0.0937
vn 0.0454 -0.9989 0.0120
vn 0.0385 -0.9753 0.2175
vn 0.0243 -0.9787 0.2036
vn 0.0459 -0.9938 0.1013
vn 0.0272 -0.9989 -0.0391
vn -0.2339 -0.9570 0.1715
vn 0.0219 -0.9855 -0.1680
vn 0.1192 -0.9087 -0.4001
vn 0.0480 -0.9938 -0.1001
vn 0.2068 -0.9060 -0.3692
vn 0.0202 -0.9410 -0.3379
vn -0.0388 -0.9704 -0.2386
vn -0.2687 -0.9504 0.1566
vn 0.3719 -0.8609 0.3472
vn 0.2364 -0.9185 -0.3169
vn -0.7186 -0.6863 -0.1124
vn -0.2049 -0.9781 -0.0375
vn -0.2388 -0.8910 0.3862
vn 0.0890 -0.9766 0.1958
vn -0.0689 -0.9755 0.2090
vn -0.3282 -0.7533 0.5699
vn -0.2946 -0.9549 0.0360
vn 0.2325 -0.8660 -0.4427
vn -0.1687 -0.9838 0.0602
vn -0.5705 -0.8123 0.1213
vn 0.0256 -0.9940 -0.1068
vn -0.2219 -0.9743 0.0389
vn -0.2395 -0.9370 -0.2543
vn -0.3427 -0.9097 0.2346
vn 0.1128 -0.9936 -0.0029
vn -0.2571 -0.9586 0.1227
vn -0.1320 -0.9911 -0.0175
vn 0.0349 -0.9822 0.1844
vn -0.0454 -0.9969 -0.0643
vn 0.1847 -0.9591 -0.2146
vn 0.0172 -0.9989 -0.0430
vn 0.1723 -0.9735 -0.1504
vn -0.1582 -0.9869 0.0305
vn -0.0880 -0.9953 -0.0411
vn 0.3209 -0.9276 -0.1912
vn 0.0151 -0.9982 0.0580
vn -0.1672 -0.9857 -0.0186
vn 0.2870 -0.9579 -0.0069
vn -0.4163 -0.9092 -0.0027
vn -0.4239 -0.8843 0.1958
vn -0.3062 -0.9520 0.0020
vn -0.0612 -0.8073 0.5870
vn 0.1240 -0.9677 -0.2196
vn 0.0416 -0.9990 0.0145
vn 0.2193 -0.9754 0.0211
vn -0.2001 -0.9767 -0.0770
vn -0.0930 -0.9956 0.0091
vn 0.0032 -0.9965 0.0839
vn -0.0114 -0.9769 0.2135
vn -0.1776 -0.9657 0.1895
vn -0.0766 -0.9886 0.1296
vn 0.1645 -0.9580 -0.2349
vn 0.1573 -0.9004 -0.4057
vn -0.2092 -0.9728 -0.0993
vn 0.0168 -0.9661 0.2577
vn -0.2259 -0.9694 -0.0962
vn -0.0583 -0.9972 0.0463
vn -0.0340 -0.9530 -0.3011
vn 0.0515 -0.9942 0.0944
vn -0.1745 -0.9157 -0.3619
vn 0.0226 -0.8980 0.4394
vn 0.0862 -0.9815 -0.1711
vn 0.2189 -0.9313 0.2910
vn 0.2388 -0.9707 0.0258
vn 0.1349 -0.9210 0.3654
vn 0.0453 -0.9954 -0.0842
vn -0.1371 -0.9906 -0.0039
vn -0.0133 -0.9887 -0.1494
vn 0.1069 -0.6490 -0.7532
vn 0.0369 -0.9922 -0.1194
vn 0.2622 -0.9066 0.3305
vn -0.2681 -0.9203 -0.2848
vn -0.0659 -0.9779 0.1985
vn -0.5428 -0.7354 0.4056
vn -0.1339 -0.9763 -0.1698
vn -0.4112 -0.9096 0.0590
vn 0.0162 -0.9954 0.0940
vn 0.3866 -0.8523 -0.3522
vn 0.1958 -0.9792 0.0535
vn -0.2648 -0.9589 0.1020
vn 0.2603 -0.9650 0.0315
vn -0.2339 -0.9696 -0.0717
vn -0.2580 -0.8818 0.3948
vn 0.0053 -0.9619 0.2733
vn -0.0232 -0.9939 0.1078
vn 0.3253 -0.9456 0.0076
vn -0.2147 -0.9734 -0.0800
vn -0.5431 -0.8309 -0.1209
vn -0.0162 -0.9371 0.3486
vn -0.1370 -0.9887 -0.0606
vn -0.3464 -0.6523 -0.6742
vn 0.1072 -0.9938 -0.0283
vn 0.2143 -0.9327 -0.2899
vn -0.0567 -0.9348 0.3506
vn 0.0174 -0.9998 -0.0072
vn -0.0856 -0.9580 -0.2736
vn 0.1106 -0.9928 -0.0457
vn 0.4085 -0.8986 0.1604
vn 0.1311 -0.9905 -0.0406
vn 0.1197 -0.9764 0.1798
vn 0.3377 -0.9403 0.0412
vn 0.1359 -0.9733 0.1852
vn -0.0029 -1.0000 0.0080
vn -0.1240 -0.9832 -0.1339
vn 0.3596 -0.8902 -0.2796
vn -0.1465 -0.9892 0.0010
vn 0.4027 -0.8912 0.2087
vn 0.3271 -0.9414 0.0825
vn -0.1278 -0.9846 0.1197
vn -0.0987 -0.9070 -0.4093
vn 0.0128 -0.9949 -0.0999
vn 0.1428 -0.9897 0.0128
vn -0.2160 -0.9760 0.0261
vn -0.0711 -0.9945 0.0774
vn -0.0039 -0.9936 -0.1132
vn 0.1551 -0.9382 -0.3094
vn -0.0613 -0.9975 0.0351
vn -0.2249 -0.9546 0.1952
vn 0.0710 -0.9975 0.0013
vn 0.0316 -0.9980 0.0545
vn 0.1622 -0.9855 0.0496
vn 0.3595 -0.8132 0.4577
vn 0.1137 -0.9911 -0.0692
vn -0.0718 -0.9706 -0.2298
vn -0.1177 -0.9879 -0.1010
vn 0.0445 -0.9469 0.3183
vn -0.0144 -0.9955 -0.0936
vn 0.3068 -0.9342 -0.1820
vn -0.2255 -0.9445 -0.2389
vn -0.3361 -0.9410 0.0400
vn -0.0487 -0.9601 -0.2755
vn 0.0428 -0.9991 0.0035
vn 0.0351 -0.9781 0.2052
vn 0.0716 -0.9896 0.1251
vn 0.3130 -0.9496 -0.0152
vn 0.0907 -0.9716 0.2185
vn -0.0898 -0.9880 -0.1258
vn 0.1423 -0.9898 0.0074
vn 0.1464 -0.9855 -0.0854
vn 0.1973 -0.9731 0.1192
vn -0.0801 -0.9867 -0.1414
vn 0.2458 -0.9676 0.0575
vn -0.0662 -0.9958 0.0625
vn 0.2667 -0.9148 0.3033
vn 0.2809 -0.8777 0.3882
vn 0.3128 -0.9476 0.0651
vn -0.0599 -0.9694 0.2381
vn -0.0695 -0.9976 -0.0031
vn 0.0626 -0.9949 -0.0787
vn -0.1564 -0.9874 -0.0229
vn 0.1145 -0.9855 -0.1249
vn -0.1254 -0.8258 0.5498
vn 0.1895 -0.9155 -0.3548
vn 0.0620 -0.9855 -0.1581
vn 0.1654 -0.9847 0.0543
vn 0.0863 -0.9959 -0.0286
vn -0.1060 -0.9500 0.2936
vn 0.1273 -0.9864 -0.1035
vn 0.1454 -0.9894 0.0058
vn 0.0386 -0.9740 0.2231
vn -0.2066 -0.9481 0.2417
vn -0.1158 -0.9806 -0.1584
vn 0.2238 -0.8858 -0.4066
vn -0.0441 -0.9980 0.0457
vn -0.0716 -0.9808 -0.1816
vn 0.3429 -0.9394 -0.0035
vn -0.2654 -0.9050 -0.3326
vn -0.0174 -0.9581 0.2857
vn 0.0329 -0.9972 -0.0671
vn 0.0727 -0.9748 -0.2109
vn -0.1615 -0.9788 0.1263
vn -0.0493 -0.9565 0.2875
vn 0.0621 -0.9976 -0.0317
vn -0.1423 -0.9867 -0.0788
vn 0.2105 -0.9742 0.0809
vn -0.0294 -0.9609 0.2755
vn 0.2192 -0.9527 0.2103
vn -0.0314 -0.9961 0.0824
vn -0.0697 -0.9706 -0.2305
vn 0.3609 -0.9326 0.0001
vn -0.0060 -0.9997 -0.0246
vn -0.1271 -0.9775 0.1682
vn -0.3282 -0.9214 -0.2082
vn -0.1064 -0.9930 -0.0516
vn -0.0019 -0.9547 -0.2976
vn 0.1750 -0.9283 -0.3281
vn -0.0813 -0.9616 0.2621
vn 0.2515 -0.9614 -0.1117
vn -0.3499 -0.9118 -0.2148
vn 0.0558 -0.9798 -0.1919
vn -0.0940 -0.9955 -0.0150
vn 0.0858 -0.9960 -0.0250
vn -0.3745 -0.5673 0.7335
vn -0.5160 -0.5257 0.6763
vn -0.0563 -0.8926 0.4474
vn 0.3139 -0.9472 -0.0660
vn 0.0289 -0.9386 -0.3438
vn 0.1561 -0.9826 -0.1010
vn 0.3132 -0.9497 -0.0036
vn -0.3183 -0.9297 -0.1852
vn -0.1771 -0.9312 -0.3186
vn 0.0960 -0.9937 0.0586
vn 0.0326 -0.9677 -0.2501
vn 0.2802 -0.8067 0.5203
vn 0.4400 -0.8963 -0.0544
vn -0.2914 -0.9464 -0.1391
vn -0.0031 -0.9248 -0.3805
vn 0.1709 -0.9847 0.0332
vn -0.1263 -0.9314 0.3413
vn -0.1039 -0.9850 0.1377
vn -0.2063 -0.9704 0.1259
vn -0.0098 -0.9998 0.0152
vn 0.1655 -0.9778 -0.1285
vn -0.6989 -0.7110 -0.0776
vn 0.2484 -0.9679 -0.0373
vn 0.4895 -0.8719 -0.0161
vn 0.5484 -0.8336 0.0668
vn 0.3440 -0.9389 -0.0130
vn 0.0519 -0.9906 -0.1268
vn 0.3635 -0.9232 -0.1251
vn 0.1670 -0.9846 -0.0522
vn 0.0431 -0.9301 -0.3647
vn -0.0513 -0.9980 -0.0361
vn 0.1905 -0.9764 -0.1013
vn 0.1613 -0.9869 0.0032
vn 0.0363 -0.9954 -0.0886
vn -0.1277 -0.9348 -0.3315
vn 0.1476 -0.9314 0.3327
vn -0.2471 -0.9637 0.1016
vn -0.2912 -0.9517 -0.0973
vn 0.3593 -0.9332 0.0092
vn 0.0576 -0.9948 0.0839
vn 0.0500 -0.9230 -0.3816
vn -0.0386 -0.9308 0.3634
vn 0.1433 -0.9889 0.0384
vn -0.0676 -0.9934 0.0921
vn 0.0990 -0.9949 -0.0216
vn -0.0360 -0.9976 -0.0595
vn -0.0282 -0.9931 0.1139
vn 0.0103 -0.9826 0.1854
vn 0.2210 -0.9609 0.1669
vn -0.1386 -0.9899 0.0309
vn 0.2206 -0.9476 -0.2310
vn 0.0048 -0.9998 -0.0182
vn 0.1881 -0.9505 0.2474
vn -0.0827 -0.9877 -0.1326
vn -0.2993 -0.9486 -0.1031
vn 0.0853 -0.9883 0.1267
vn 0.2142 -0.8156 -0.5375
vn -0.0168 -0.9752 0.2206
vn -0.0360 -0.8459 -0.5322
vn 0.2124 -0.9767 -0.0303
vn -0.3991 -0.9088 0.1216
vn -0.0335 -0.9982 -0.0492
vn 0.0400 -0.9992 0.0029
vn -0.0051 -0.9848 0.1735
vn 0.2483 -0.9595 -0.1335
vn 0.0730 -0.9272 -0.3673
vn -0.4560 -0.5891 0.6671
vn -0.0292 -0.9471 0.3197
vn -0.1245 -0.9481 -0.2926
vn 0.0031 -0.9998 -0.0211
vn 0.0889 -0.9321 -0.3512
vn 0.0139 -0.9985 0.0534
vn 0.0221 -0.9997 0.0059
vn 0.0009 -0.9988 -0.0492
vn -0.0354 -0.8610 -0.5074
vn 0.4900 -0.8465 -0.2083
vn -0.0154 -0.9993 -0.0347
vn -0.0428 -0.9912 -0.1250
vn -0.2417 -0.9447 0.2217
vn 0.0230 -0.9835 0.1793
vn -0.2273 -0.9627 0.1466
vn -0.2454 -0.9293 0.2758
vn -0.1130 -0.9662 0.2315
vn -0.1119 -0.9363 0.3329
vn 0.1617 -0.9855 -0.0519
vn 0.3102 -0.9029 -0.2976
vn 0.1767 -0.9820 0.0661
vn 0.2941 -0.9557 0.0093
vn 0.3350 -0.8324 0.4415
vn -0.5232 -0.8066 0.2752
vn -0.2285 -0.9612 -0.1546
vn -0.2709 -0.9622 -0.0290
vn -0.0331 -0.9801 -0.1957
vn -0.3292 -0.9441 -0.0170
vn -0.0650 -0.9930 -0.0981
vn 0.5081 -0.8610 0.0244
vn -0.3815 -0.8490 -0.3656
vn -0.2472 -0.8965 -0.3676
vn -0.3182 -0.9195 0.2308
vn -0.0282 -0.9993 -0.0244
vn -0.0577 -0.9705 0.2340
vn 0.0698 -0.8185 -0.5703
vn -0.5513 -0.8277 -0.1049
vn 0.0483 -0.8737 0.4840
vn -0.2415 -0.9693 0.0464
vn 0.5648 -0.8251 -0.0122
vn -0.1587 -0.9872 -0.0177
vn -0.1110 -0.9935 0.0240
vn -0.2863 -0.9543 0.0858
vn -0.1098 -0.9918 -0.0654
vn 0.3108 -0.9503 0.0187
vn 0.3373 -0.9407 0.0349
vn -0.2599 -0.9489 0.1789
vn 0.1505 -0.9487 0.2780
vn 0.0631 -0.9602 -0.2722
vn -0.2052 -0.9604 0.1885
vn 0.0009 -0.9863 -0.1652
vn -0.2154 -0.9750 0.0545
vn -0.0094 -0.9873 -0.1586
vn -0.0581 -0.9475 -0.3144
vn 0.0256 -0.9987 0.0433
vn -0.0503 -0.9872 -0.1511
vn 0.0558 -0.9959 0.0713
vn 0.2023 -0.9595 -0.1962
vn 0.3399 -0.9343 -0.1076
vn -0.5221 -0.8528 0.0115
vn -0.0066 -0.9972 0.0739
vn -0.0352 -0.8834 0.4673
vn 0.2980 -0.9197 -0.2555
vn 0.0616 -0.9838 0.1684
vn 0.2389 -0.9629 -0.1256
vn -0.1844 -0.9818 -0.0453
vn -0.0173 -0.9728 -0.2312
vn 0.1422 -0.9880 0.0610
vn 0.4260 -0.8621 0.2743
vn 0.3681 -0.8399 0.3987
vn -0.0732 -0.9929 -0.0939
vn -0.1067 -0.9194 0.3786
vn -0.1114 -0.9933 -0.0315
vn 0.0002 -0.9967 -0.0814
vn 0.0317 -0.8233 0.5668
vn 0.1628 -0.9693 -0.1843
vn -0.3192 -0.9468 -0.0401
vn -0.2508 -0.9679 0.0134
vn 0.1471 -0.9232 -0.3552
vn 0.1889 -0.9817 0.0246
vn 0.3236 -0.9053 0.2751
vn 0.0426 -0.9533 0.2989
vn 0.4159 -0.8817 0.2227
vn -0.3067 -0.9309 0.1983
vn -0.2169 -0.9420 -0.2561
vn -0.5005 -0.8045 -0.3198
vn 0.2385 -0.9314 0.2750
vn 0.0317 -0.9932 0.1117
vn -0.3057 -0.9330 0.1898
vn 0.0135 -0.9999 0.0090
vn -0.0624 -0.9807 0.1851
vn -0.3349 -0.9422 0.0130
vn 0.0661 -0.9978 -0.0111
vn 0.2739 -0.9407 -0.2003
vn 0.3321 -0.9432 -0.0103
vn 0.3789 -0.8879 0.2607
vn -0.1553 -0.9826 0.1019
vn 0.1238 -0.9905 0.0607
vn 0.1433 -0.9821 -0.1221
vn 0.1959 -0.9789 -0.0580
vn 0.1606 -0.9862 0.0413
vn 0.3430 -0.9227 -0.1761
vn -0.3166 -0.8906 -0.3266
vn -0.0104 -0.9947 0.1024
vn -0.0704 -0.9973 0.0227
vn 0.1087 -0.9765 -0.1861
vn -0.2006 -0.9572 0.2087
vn 0.1238 -0.9808 0.1510
vn 0.0167 -0.9997 0.0187
vn -0.0428 -0.9902 0.1332
vn -0.0543 -0.9493 0.3097
vn -0.1362 -0.9691 -0.2058
vn -0.2064 -0.9649 0.1623
vn 0.3061 -0.9311 -0.1983
vn -0.7656 -0.5040 0.3997
vn 0.1415 -0.9849 0.1001
vn 0.2223 -0.9706 -0.0920
vn 0.4789 -0.6413 -0.5995
vn 0.1853 -0.9389 -0.2899
vn 0.4046 -0.9079 -0.1098
vn -0.0526 -0.9826 -0.1780
vn -0.5984 -0.4666 -0.6513
vn 0.1018 -0.9559 -0.2756
vn 0.2715 -0.9078 -0.3196
vn 0.3665 -0.9294 -0.0439
vn -0.0759 -0.9664 -0.2456
vn -0.3583 -0.8463 -0.3942
vn 0.0510 -0.9841 0.1700
vn 0.0187 -0.9242 0.3814
vn 0.1119 -0.9462 0.3037
vn 0.0131 -0.9821 -0.1882
vn -0.2271 -0.9736 -0.0206
vn 0.0503 -0.9431 0.3286
vn 0.1112 -0.9528 -0.2824
vn 0.1998 -0.9798 -0.0024
vn 0.1649 -0.9700 -0.1787
vn -0.5292 -0.7235 0.4432
vn 0.5054 -0.8408 -0.1939
vn 0.2071 -0.9336 0.2924
vn 0.2134 -0.9769 0.0128
vn 0.1900 -0.9758 0.1081
vn 0.0372 -0.9978 0.0551
vn -0.3608 -0.9029 0.2337
vn -0.0655 -0.9965 0.0520
vn 0.1829 -0.9713 0.1522
vn -0.1718 -0.9802 -0.0987
vn -0.4056 -0.8651 0.2951
vn 0.3260 -0.8959 -0.3018
vn 0.2581 -0.8301 0.4944
vn 0.1851 -0.9815 -0.0487
vn -0.1234 -0.9919 0.0316
vn -0.2672 -0.9618 0.0600
vn -0.0734 -0.9969 -0.0282
vn -0.1152 -0.9852 -0.1270
vn -0.1246 -0.9241 -0.3614
vn 0.1180 -0.9905 0.0705
vn 0.0332 -0.9994 0.0084
vn 0.1863 -0.9752 0.1192
vn -0.0641 -0.9807 0.1847
vn 0.1114 -0.9853 0.1293
vn 0.0645 -0.9937 -0.0917
vn -0.0540 -0.9985 -0.0029
vn -0.1189 -0.9790 0.1656
vn -0.4596 -0.8880 -0.0127
vn 0.1428 -0.9688 -0.2027
vn -0.1520 -0.9871 -0.0497
vn 0.0673 -0.9617 -0.2656
vn -0.0535 -0.9897 0.1326
vn 0.1808 -0.9646 0.1921
vn 0.5657 -0.8178 0.1057
vn -0.0709 -0.9045 -0.4205
vn -0.2447 -0.9686 0.0438
vn -0.2184 -0.8092 0.5454
vn 0.2275 -0.9085 0.3506
vn 0.0169 -0.9542 0.2988
vn -0.1022 -0.9220 0.3736
vn -0.2102 -0.9715 -0.1098
vn 0.4594 -0.8611 -0.2179
vn 0.2482 -0.9686 0.0149
vn -0.0881 -0.8369 -0.5402
vn -0.4173 -0.8503 -0.3207
vn -0.1272 -0.9726 -0.1946
vn 0.0649 -0.9190 -0.3889
vn -0.1191 -0.8612 -0.4942
vn 0.0259 -0.9626 0.2696
vn -0.1501 -0.9850 -0.0850
vn -0.1028 -0.9923 -0.0692
vn 0.1782 -0.9619 -0.2075
vn 0.1389 -0.9782 -0.1542
vn 0.1382 -0.9484 -0.2854
vn 0.0159 -0.9662 -0.2572
vn -0.1399 -0.9729 0.1841
vn 0.1788 -0.9673 -0.1801
vn 0.0784 -0.9843 0.1582
vn 0.3886 -0.9213 -0.0153
vn -0.1234 -0.9728 -0.1959
vn 0.1370 -0.9562 0.2588
vn 0.0712 -0.9913 0.1103
vn 0.0541 -0.9672 -0.2482
vn 0.1474 -0.9883 0.0404
vn 0.1503 -0.9820 0.1147
vn 0.2155 -0.8870 -0.4084
vn 0.1169 -0.9865 -0.1149
vn 0.1141 -0.9821 -0.1501
vn 0.0387 -0.9249 0.3782
vn 0.2578 -0.9659 0.0254
vn 0.1790 -0.9748 -0.1333
vn 0.1692 -0.9843 -0.0497
vn -0.0743 -0.9908 -0.1135
vn 0.1068 -0.9821 -0.1554
vn -0.1107 -0.9708 -0.2128
vn 0.0096 -0.9866 -0.1627
vn 0.1924 -0.9527 0.2351
vn -0.0032 -0.9919 0.1274
vn 0.0434 -0.9930 0.1102
vn 0.1643 -0.9725 -0.1650
vn -0.2708 -0.9386 0.2137
vn -0.0984 -0.9938 -0.0515
vn 0.3668 -0.9123 0.1820
vn 0.2438 -0.9544 -0.1726
vn 0.5363 -0.8409 -0.0726
vn 0.4701 -0.8795 0.0745
vn -0.2139 -0.9747 0.0646
vn -0.0110 -0.9975 0.0692
vn -0.1474 -0.9740 -0.1721
vn -0.2574 -0.9482 0.1863
vn -0.1994 -0.9315 -0.3041
vn -0.1458 -0.6793 -0.7192
vn 0.0051 -0.8156 0.5786
vn 0.0793 -0.9760 0.2026
vn 0.0136 -0.9549 0.2967
vn 0.5332 -0.7986 0.2792
vn 0.0609 -0.9277 -0.3683
vn -0.0708 -0.9946 -0.0762
vn -0.2195 -0.9326 0.2866
vn 0.1834 -0.9829 0.0161
vn 0.1580 -0.8933 0.4207
vn -0.0187 -0.9085 -0.4174
vn -0.3850 -0.9188 0.0873
vn 0.0435 -0.9989 -0.0193
vn -0.1391 -0.9693 -0.2025
vn 0.0464 -0.9977 -0.0488
vn -0.0387 -0.9314 -0.3620
vn -0.0211 -0.9929 -0.1169
vn 0.0825 -0.9769 0.1971
vn 0.1323 -0.9878 0.0819
vn -0.2689 -0.9632 -0.0015
vn -0.7795 -0.5462 -0.3066
vn -0.0958 -0.9593 -0.2658
vn -0.1791 -0.9703 -0.1624
vn -0.2457 -0.9691 -0.0228
vn -0.0091 -0.9554 0.2952
vn -0.0744 -0.9961 0.0467
vn -0.1344 -0.9906 0.0259
vn -0.1566 -0.9660 0.2055
vn -0.1548 -0.9524 -0.2625
vn 0.0201 -0.9639 0.2656
vn -0.1351 -0.9906 -0.0226
vn 0.0917 -0.9884 0.1209
vn 0.1673 -0.9859 -0.0108
vn 0.1329 -0.9680 0.2130
vn -0.4477 -0.8612 0.2407
vn 0.1257 -0.9911 0.0436
vn 0.2343 -0.9680 -0.0903
vn -0.0069 -0.9756 0.2195
vn -0.3023 -0.9415 0.1492
vn 0.0053 -0.8988 -0.4382
vn -0.1956 -0.9612 0.1943
vn 0.1311 -0.9095 -0.3945
vn -0.4145 -0.8962 0.1583
vn -0.3184 -0.9350 -0.1564
vn 0.0408 -0.9641 0.2625
vn 0.1048 -0.9937 -0.0391
vn -0.1214 -0.9887 -0.0876
vn 0.2359 -0.9665 0.1011
vn 0.0266 -0.9991 0.0334
vn 0.3076 -0.9202 -0.2422
vn -0.0537 -0.9022 0.4279
vn 0.2332 -0.9525 -0.1958
vn -0.0757 -0.9744 0.2115
vn 0.0034 -0.9981 -0.0618
vn -0.1799 -0.9773 -0.1116
vn -0.1396 -0.9745 -0.1755
vn 0.1165 -0.9929 -0.0248
vn -0.3133 -0.9481 -0.0537
vn 0.4704 -0.8371 -0.2793
vn -0.1290 -0.9713 0.1999
vn -0.0684 -0.8279 0.5567
vn 0.1807 -0.8895 0.4197
vn -0.3422 -0.9164 0.2075
vn 0.3456 -0.9339 -0.0917
vn 0.0879 -0.9725 -0.2157
vn 0.2010 -0.9795 0.0098
vn -0.1096 -0.9939 0.0087
vn -0.2522 -0.9652 -0.0687
vn 0.2237 -0.9558 -0.1906
vn -0.1892 -0.9692 0.1576
vn -0.4528 -0.8913 -0.0229
vn 0.1821 -0.9623 -0.2020
vn 0.0762 -0.9970 0.0108
vn 0.1761 -0.9711 0.1609
vn 0.1491 -0.9643 0.2190
vn 0.0925 -0.9870 0.1315
vn 0.0217 -0.9662 0.2567
vn -0.0643 -0.9613 0.2681
vn 0.1243 -0.9839 0.1286
vn 0.0670 -0.9882 -0.1378
vn 0.0663 -0.9861 0.1523
vn -0.1481 -0.9289 -0.3395
vn 0.0080 -0.9975 -0.0699
vn -0.0266 -0.9880 0.1521
vn 0.8502 -0.4832 0.2090
vn -0.3100 -0.9220 -0.2321
vn 0.0633 -0.9791 -0.1933
vn -0.0518 -0.9947 -0.0892
vn 0.0117 -0.9864 0.1640
vn 0.0120 -0.9467 -0.3219
vn -0.0228 -0.9947 -0.1001
vn -0.0393 -0.9976 -0.0570
vn 0.2609 -0.9597 -0.1045
vn 0.2841 -0.9413 0.1822
vn -0.2458 -0.9464 -0.2096
vn -0.1477 -0.9513 0.2705
vn 0.0380 -0.9947 0.0952
vn -0.2022 -0.9707 0.1300
vn 0.1394 -0.9577 0.2518
vn 0.0926 -0.9736 0.2086
vn 0.3456 -0.9234 -0.1670
vn 0.1906 -0.9205 0.3410
vn 0.0857 -0.9874 -0.1332
vn -0.0594 -0.9982 -0.0049
vn 0.3029 -0.9437 0.1328
vn 0.0921 -0.9954 0.0259
vn -0.1080 -0.9916 -0.0716
vn -0.1685 -0.9294 0.3284
vn 0.1706 -0.9296 -0.3267
vn 0.0460 -0.9838 -0.1735
vn -0.2359 -0.9408 0.2435
vn 0.0880 -0.9955 0.0337
vn -0.0191 -0.9993 0.0322
vn -0.0141 -0.9182 0.3959
vn -0.1302 -0.9909 0.0344
vn 0.0327 -0.9727 0.2297
vn 0.2292 -0.9005 0.3696
vn -0.2782 -0.9279 0.2483
vn 0.2245 -0.9738 0.0358
vn 0.1135 -0.9869 -0.1148
vn -0.1814 -0.9617 -0.2054
vn -0.1135 -0.9494 -0.2927
vn 0.1377 -0.9901 0.0285
vn -0.0927 -0.9676 0.2347
vn -0.2437 -0.9629 0.1155
vn 0.2683 -0.9544 0.1306
vn 0.1011 -0.9322 -0.3476
vn -0.1050 -0.9775 -0.1831
vn -0.0734 -0.9964 0.0423
vn -0.4357 -0.8313 -0.3451
vn -0.1952 -0.9600 -0.2009
vn -0.2899 -0.8930 0.3442
vn -0.2360 -0.9696 0.0651
vn 0.3974 -0.9176 -0.0050
vn 0.2724 -0.8598 -0.4319
vn 0.3620 -0.8608 -0.3576
vn 0.0218 -0.9998 0.0012
vn 0.0593 -0.9437 0.3254
vn -0.3033 -0.9520 -0.0405
vn 0.1356 -0.9903 0.0319
vn 0.0887 -0.9934 -0.0722
vn 0.1832 -0.8673 0.4629
vn 0.2095 -0.9697 0.1259
vn -0.0030 -0.9921 -0.1254
vn -0.2589 -0.9416 -0.2153
vn 0.0266 -0.9784 0.2051
vn 0.0090 -0.9733 0.2295
vn 0.2897 -0.9086 -0.3009
vn -0.4010 -0.9149 -0.0459
vn -0.0178 -0.9980 -0.0611
vn -0.1061 -0.9899 -0.0940
vn -0.1959 -0.9722 0.1281
vn -0.3718 -0.9123 0.1718
vn 0.4389 -0.8985 -0.0093
vn -0.0207 -0.9663 -0.2565
vn 0.3307 -0.8558 -0.3977
vn 0.0639 -0.8959 -0.4397
vn -0.0620 -0.9343 -0.3510
vn 0.1478 -0.8930 -0.4252
vn 0.2269 -0.9734 0.0305
vn 0.2810 -0.9472 -0.1546
vn 0.0456 -0.9944 0.0950
vn -0.2336 -0.9594 0.1583
vn 0.6380 -0.4826 -0.6000
vn 0.1133 -0.9902 -0.0814
vn 0.1839 -0.9808 0.0648
vn 0.3546 -0.9220 0.1552
vn 0.0881 -0.9862 -0.1400
vn 0.4084 -0.8973 -0.1674
vn 0.0494 -0.9737 -0.2222
vn 0.0913 -0.9898 -0.1095
vn 0.0525 -0.9238 0.3792
vn -0.0317 -0.9802 0.1955
vn 0.0612 -0.8756 -0.4792
vn 0.2018 -0.9769 0.0703
vn -0.4917 -0.8704 0.0263
vn 0.1208 -0.9869 -0.1071
vn 0.0010 -0.9928 -0.1195
vn 0.0143 -0.9996 0.0246
vn 0.1314 -0.9773 0.1663
vn 0.2427 -0.9422 0.2310
vn 0.1855 -0.9762 -0.1121
vn 0.5234 -0.8176 -0.2399
vn 0.1057 -0.9845 -0.1397
vn -0.3060 -0.9400 -0.1508
vn -0.0740 -0.9943 0.0762
vn 0.0070 -0.9996 0.0286
vn -0.2131 -0.9674 0.1370
vn -0.5350 -0.8284 -0.1662
vn -0.3804 -0.9208 0.0858
vn 0.1831 -0.9740 -0.1337
vn -0.1458 -0.8460 -0.5129
vn 0.3090 -0.9295 -0.2012
vn 0.4533 -0.8912 0.0179
vn 0.1821 -0.9727 -0.1439
vn 0.5292 -0.7766 0.3418
vn -0.3204 -0.9037 -0.2840
vn 0.4023 -0.8898 -0.2153
vn -0.2989 -0.9533 -0.0433
vn 0.3593 -0.9245 -0.1277
vn -0.0816 -0.9963 0.0267
vn -0.0952 -0.9954 -0.0141
vn -0.2031 -0.9636 -0.1738
vn 0.5201 -0.8164 0.2509
vn -0.0749 -0.9751 -0.2088
vn 0.0860 -0.9644 0.2500
vn 0.2582 -0.9620 -0.0890
vn 0.1615 -0.9815 -0.1027
vn 0.3020 -0.9530 -0.0250
vn -0.2947 -0.9424 0.1579
vn -0.1442 -0.9503 0.2760
vn 0.0294 -0.9679 0.2496
vn -0.4750 -0.8772 0.0698
vn -0.0474 -0.9762 -0.2115
vn 0.0663 -0.9970 -0.0395
vn -0.2543 -0.9670 0.0124
vn -0.1611 -0.9478 0.2752
vn 0.0838 -0.9921 -0.0931
vn -0.4386 -0.8803 -0.1807
vn -0.0972 -0.9934 -0.0617
vn 0.2573 -0.9650 0.0504
vn 0.2017 -0.9275 0.3148
vn -0.2715 -0.9607 -0.0574
vn -0.2908 -0.6644 -0.6885
vn -0.0513 -0.9793 -0.1959
vn -0.2247 -0.9121 0.3428
vn 0.3366 -0.9115 -0.2365
vn -0.0514 -0.9948 0.0881
vn 0.1876 -0.8425 -0.5050
vn -0.3402 -0.9197 -0.1959
vn 0.1302 -0.9805 -0.1474
vn -0.0392 -0.9875 0.1525
vn -0.0456 -0.9986 0.0258
vn -0.2034 -0.9701 -0.1325
vn 0.3873 -0.9219 -0.0061
vn -0.2740 -0.9504 0.1469
vn -0.2045 -0.9527 -0.2249
vn 0.4121 -0.8961 -0.1646
vn -0.1283 -0.9916 0.0136
vn 0.3598 -0.9050 0.2269
vn 0.1935 -0.9663 -0.1695
vn -0.0199 -0.9988 0.0437
vn 0.0428 -0.9978 -0.0511
vn 0.1516 -0.9884 -0.0106
vn 0.0891 -0.7798 -0.6197
vn -0.7587 -0.6504 -0.0378
vn 0.3451 -0.9374 -0.0474
vn -0.3909 -0.8664 0.3107
vn 0.0757 -0.8533 -0.5159
vn 0.2162 -0.9633 0.1591
vn 0.2377 -0.9573 -0.1645
vn 0.1409 -0.9743 0.1759
vn -0.1942 -0.9690 -0.1525
vn -0.1522 -0.9800 -0.1284
vn 0.1142 -0.9887 -0.0974
vn 0.0180 -0.8376 -0.5460
vn 0.0660 -0.9978 -0.0063
vn -0.9208 -0.3810 0.0832
vn 0.3924 -0.9013 0.1837
vn -0.0450 -0.9842 -0.1712
vn -0.0239 -0.9859 0.1656
vn 0.1445 -0.9887 -0.0399
vn -0.2177 -0.9584 0.1845
vn 0.1467 -0.9860 -0.0791
vn 0.0392 -0.9135 0.4049
vn -0.2529 -0.9592 0.1261
vn -0.1398 -0.9656 0.2191
vn -0.0357 -0.9398 -0.3398
vn -0.1620 -0.9429 -0.2909
vn 0.0632 -0.9976 0.0275
vn -0.4456 -0.8781 0.1745
vn -0.1406 -0.9068 -0.3975
vn 0.1278 -0.9917 -0.0158
vn -0.0079 -1.0000 0.0036
vn -0.2632 -0.9567 0.1245
vn 0.0595 -0.8227 -0.5653
vn -0.3455 -0.9158 0.2046
vn -0.2113 -0.9171 -0.3381
vn -0.3951 -0.8863 -0.2418
vn 0.4094 -0.8838 -0.2266
vn -0.0285 -0.9839 0.1762
vn -0.0301 -0.9321 0.3610
vn 0.0851 -0.9608 -0.2638
vn 0.5116 -0.8200 -0.2566
vn -0.0141 -0.9850 0.1722
vn 0.0558 -0.9966 -0.0608
vn -0.0794 -0.9827 0.1675
vn 0.0990 -0.9912 -0.0874
vn -0.5561 -0.8191 -0.1409
vn -0.1482 -0.9811 0.1243
vn 0.0002 -0.9866 0.1630
vn 0.2389 -0.9624 0.1294
vn -0.1188 -0.9664 -0.2278
vn 0.0213 -0.7978 -0.6025
vn -0.3453 -0.9350 0.0815
vn 0.2348 -0.8856 -0.4007
vn 0.1991 -0.9776 -0.0684
vn -0.0967 -0.9385 -0.3314
vn -0.0743 -0.9923 -0.0996
vn 0.1695 -0.9854 -0.0156
vn 0.0342 -0.9652 0.2593
vn 0.3996 -0.9057 0.1414
vn -0.0060 -0.9999 -0.0104
vn 0.0859 -0.9853 0.1478
vn 0.1122 -0.9921 0.0553
vn 0.2302 -0.9653 -0.1230
vn 0.1879 -0.9715 -0.1444
vn -0.0894 -0.9589 0.2692
vn 0.0245 -0.9959 0.0871
vn -0.1568 -0.9857 -0.0613
vn 0.1450 -0.9313 0.3341
vn -0.3527 -0.9223 0.1577
vn -0.4155 -0.6919 0.5904
vn -0.1394 -0.9673 0.2119
vn 0.0954 -0.9902 0.1024
vn 0.1434 -0.9732 -0.1799
vn -0.0178 -0.9595 -0.2812
vn -0.0168 -0.9954 -0.0940
vn -0.2206 -0.9718 -0.0827
vn -0.0882 -0.9786 -0.1858
vn 0.6020 -0.7904 0.1135
vn 0.1074 -0.9654 0.2376
vn -0.1076 -0.9925 0.0580
vn -0.1504 -0.9792 -0.1365
vn 0.1485 -0.9462 -0.2873
vn -0.0553 -0.9972 -0.0508
vn 0.0365 -0.9988 0.0315
vn -0.0523 -0.9971 0.0560
vn 0.0516 -0.9986 0.0145
vn 0.1266 -0.9913 0.0372
vn 0.1908 -0.9816 -0.0048
vn -0.1938 -0.9491 -0.2484
vn 0.2886 -0.9036 0.3165
vn 0.3170 -0.9416 -0.1136
vn -0.2016 -0.9751 -0.0920
vn -0.0453 -0.9321 0.3594
vn -0.2395 -0.8082 -0.5380
vn -0.6645 -0.7013 -0.2581
vn -0.0059 -0.9945 -0.1045
vn 0.1727 -0.9809 0.0899
vn 0.2093 -0.9477 0.2408
vn -0.0756 -0.9678 0.2402
vn -0.1332 -0.9202 -0.3680
vn -0.1049 -0.9509 0.2913
vn 0.4383 -0.8988 0.0051
vn 0.0824 -0.9966 0.0003
vn -0.0985 -0.9740 -0.2039
vn -0.0033 -0.9991 -0.0413
vn -0.1614 -0.8501 0.5013
vn -0.3831 -0.9193 0.0902
vn -0.1276 -0.9128 0.3879
vn -0.0092 -0.9981 0.0606
vn 0.1183 -0.9101 0.3971
vn -0.0673 -0.9953 -0.0703
vn 0.0169 -0.9991 0.0394
vn 0.0077 -0.9590 -0.2832
vn -0.3090 -0.8583 0.4097
vn 0.3935 -0.8534 0.3418
vn 0.2564 -0.9385 0.2313
vn 0.5754 -0.7927 -0.2013
vn 0.1548 -0.9843 0.0845
vn -0.2686 -0.9431 0.1962
vn -0.4130 -0.8902 -0.1923
vn -0.2419 -0.9680 -0.0670
vn -0.0278 -0.9806 -0.1942
vn -0.1638 -0.9353 -0.3137
vn 0.0384 -0.9924 -0.1170
vn -0.2126 -0.9704 0.1142
vn 0.1062 -0.9517 0.2882
vn 0.2469 -0.9655 0.0822
vn 0.0198 -0.9998 0.0046
vn -0.0817 -0.9745 0.2090
vn -0.2405 -0.8913 -0.3843
vn -0.1724 -0.8910 -0.4200
vn 0.2484 -0.9674 -0.0500
vn 0.1467 -0.9427 -0.2997
vn 0.1940 -0.9547 0.2255
vn 0.1793 -0.9572 0.2274
vn -0.0525 -0.9941 -0.0951
vn -0.0245 -0.9875 -0.1558
vn -0.0305 -0.9949 -0.0963
vn -0.0022 -0.9466 -0.3225
vn -0.1520 -0.9793 0.1336
vn -0.0048 -0.9618 0.2736
vn 0.1509 -0.9761 -0.1565
vn -0.4501 -0.8503 0.2729
vn 0.3448 -0.9159 -0.2054
vn 0.1081 -0.9430 -0.3147
vn -0.2218 -0.9421 -0.2514
vn 0.0173 -0.9924 0.1220
vn -0.3465 -0.8553 -0.3852
vn -0.0702 -0.9869 -0.1451
vn -0.0761 -0.9908 -0.1119
vn 0.2496 -0.6874 0.6821
vn -0.3815 -0.9130 -0.1445
vn 0.0037 -0.9977 0.0682
vn -0.1857 -0.9570 -0.2227
vn -0.3762 -0.9118 0.1645
vn 0.3373 -0.9313 -0.1375
vn -0.1651 -0.9815 -0.0973
vn -0.1741 -0.8700 -0.4614
vn -0.1384 -0.9590 0.2473
vn 0.0350 -0.9979 -0.0546
vn -0.1776 -0.9823 0.0594
vn 0.0086 -0.9941 0.1079
vn 0.1306 -0.9913 0.0176
vn 0.0531 -0.9930 0.1054
vn -0.0834 -0.9965 -0.0081
vn -0.0030 -0.9977 0.0670
vn -0.0171 -0.9718 0.2353
vn 0.1320 -0.8262 -0.5478
vn 0.0455 -0.9752 0.2164
vn 0.1861 -0.9684 -0.1658
vn 0.4429 -0.7622 -0.4721
vn -0.2754 -0.8871 0.3704
vn -0.0094 -0.9974 -0.0719
vn -0.2320 -0.9658 0.1154
vn -0.0781 -0.9901 -0.1167
vn -0.7256 -0.6186 0.3013
vn 0.3384 -0.9191 -0.2018
vn -0.0213 -0.9935 0.1116
vn -0.1785 -0.9621 -0.2059
vn 0.1673 -0.9857 -0.0207
vn -0.1000 -0.9942 0.0394
vn -0.0929 -0.8477 -0.5222
vn 0.0449 -0.8392 -0.5419
vn 0.2063 -0.9105 -0.3583
vn -0.0090 -0.9891 -0.1470
vn -0.0765 -0.9838 0.1623
vn -0.3327 -0.9335 -0.1335
vn -0.0905 -0.9792 0.1815
vn 0.1387 -0.9756 0.1700
vn 0.2766 -0.8949 0.3501
vn 0.1850 -0.9803 0.0700
vn -0.1070 -0.9784 -0.1766
vn 0.1724 -0.9550 0.2413
vn 0.2059 -0.9326 0.2963
vn -0.0813 -0.9812 -0.1748
vn -0.4970 -0.8108 -0.3092
vn -0.0010 -0.9931 -0.1169
vn -0.0190 -0.9646 0.2631
vn 0.0277 -0.9813 -0.1905
vn 0.0125 -0.9968 0.0789
vn 0.2667 -0.9495 0.1652
vn 0.0262 -0.9968 0.0759
vn -0.2000 -0.9791 -0.0362
vn -0.2747 -0.8364 0.4743
vn -0.0856 -0.9823 -0.1665
vn -0.3126 -0.9411 -0.1291
vn -0.2384 -0.5745 0.7830
vn 0.1223 -0.9703 0.2085
vn 0.2457 -0.9539 0.1726
vn 0.0054 -0.9953 -0.0964
vn 0.3863 -0.9223 -0.0113
vn -0.1236 -0.9881 -0.0919
vn -0.0119 -0.9642 0.2649
vn -0.3525 -0.9357 -0.0163
vn 0.1626 -0.9857 -0.0440
vn 0.1658 -0.9705 0.1753
vn 0.3318 -0.9281 0.1688
vn -0.0413 -0.9955 0.0858
vn 0.2258 -0.9207 0.3182
vn -0.2340 -0.9356 0.2642
vn 0.0820 -0.9795 -0.1841
vn 0.0469 -0.9871 -0.1532
vn 0.1142 -0.9593 -0.2583
vn -0.0840 -0.9964 -0.0071
vn 0.1316 -0.9840 -0.1205
vn -0.0586 -0.9704 -0.2343
vn -0.0024 -0.9878 -0.1558
vn 0.1183 -0.9569 0.2651
vn -0.0861 -0.9709 0.2235
vn -0.1403 -0.9901 -0.0045
vn 0.0984 -0.9927 0.0698
vn -0.0077 -0.9923 0.1237
vn -0.0312 -0.9995 -0.0054
vn 0.1917 -0.9361 -0.2951
vn -0.2811 -0.9413 -0.1870
vn 0.0863 -0.9755 -0.2025
vn -0.3080 -0.8849 -0.3493
vn -0.2294 -0.9705 0.0743
vn 0.6052 -0.7951 0.0398
vn 0.2115 -0.9133 -0.3480
vn 0.3509 -0.8321 0.4295
vn -0.2467 -0.9635 0.1041
vn -0.3553 -0.9321 0.0703
vn 0.6684 -0.6581 0.3467
vn 0.1266 -0.9875 0.0937
vn -0.0285 -0.9015 -0.4318
vn 0.0069 -0.9651 0.2619
vn 0.1328 -0.9907 -0.0312
vn 0.1995 -0.9798 -0.0150
vn 0.0143 -0.9496 -0.3132
vn -0.2199 -0.9690 -0.1125
vn 0.2299 -0.9500 0.2111
vn 0.2473 -0.9664 0.0704
vn -0.0373 -0.7026 0.7106
vn -0.0580 -0.9979 -0.0275
vn -0.1096 -0.9832 0.1460
vn 0.0909 -0.9511 -0.2951
vn 0.1702 -0.9295 0.3273
vn -0.2461 -0.9692 -0.0102
vn 0.1779 -0.9762 -0.1243
vn 0.0650 -0.9946 0.0812
vn 0.0387 -0.9465 -0.3203
vn 0.0860 -0.7906 -0.6063
vn -0.2290 -0.9412 0.2486
vn -0.1677 -0.9801 -0.1060
vn 0.3902 -0.9132 0.1173
vn 0.5604 -0.7796 0.2797
vn -0.3238 -0.8669 -0.3790
vn 0.1885 -0.9752 -0.1164
vn -0.0480 -0.8995 0.4342
vn -0.2642 -0.9198 0.2900
vn 0.1742 -0.9711 0.1634
vn -0.0087 -0.9996 -0.0282
vn 0.5985 -0.8011 0.0085
vn 0.4095 -0.8872 -0.2126
vn -0.1360 -0.9756 0.1724
vn -0.1941 -0.9745 -0.1129
vn -0.1927 -0.9811 0.0200
vn -0.6573 -0.7310 0.1834
vn 0.0867 -0.9834 0.1593
vn 0.4921 -0.8621 -0.1213
vn -0.0830 -0.9962 -0.0261
vn 0.0054 -0.9835 0.1806
vn 0.1730 -0.9793 -0.1054
vn 0.1029 -0.9488 0.2986
vn -0.3939 -0.8762 -0.2776
vn 0.7562 -0.6485 0.0870
vn -0.1647 -0.9803 -0.1092
vn -0.2401 -0.4701 0.8493
vn -0.3336 -0.9158 -0.2235
vn -0.3611 -0.8242 -0.4364
vn 0.0927 -0.9911 -0.0956
vn 0.0618 -0.9955 0.0711
vn 0.0522 -0.9813 -0.1851
vn -0.2155 -0.7999 0.5601
vn 0.0838 -0.9881 0.1288
vn -0.2721 -0.9574 0.0964
vn 0.4406 -0.8976 0.0101
vn -0.3287 -0.8763 0.3522
vn 0.3435 -0.9235 0.1707
vn 0.2351 -0.9418 0.2404
vn 0.1657 -0.9687 -0.1850
vn -0.2611 -0.9653 -0.0087
vn -0.0984 -0.9643 0.2459
vn -0.4293 -0.8375 0.3382
vn -0.1717 -0.9840 0.0481
vn -0.0496 -0.9533 -0.2981
vn -0.0158 -0.9509 -0.3090
vn 0.1590 -0.9770 0.1423
vn -0.0250 -0.9369 0.3487
vn -0.0318 -0.9690 -0.2449
vn -0.2692 -0.9578 0.1009
vn -0.0387 -0.9808 -0.1911
vn -0.2132 -0.9722 -0.0968
vn 0.3917 -0.9147 0.0992
vn -0.1973 -0.9464 0.2558
vn 0.2990 -0.8315 -0.4682
vn -0.0850 -0.9813 0.1728
vn 0.1714 -0.9829 -0.0679
vn 0.3435 -0.9359 0.0777
vn 0.3367 -0.9410 -0.0335
vn 0.3213 -0.9459 0.0459
vn 0.1041 -0.9633 -0.2476
vn -0.4329 -0.8182 -0.3783
vn -0.1870 -0.9799 -0.0696
vn 0.1724 -0.9828 0.0664
vn -0.0372 -0.9990 -0.0242
vn -0.0375 -0.9934 -0.1081
vn 0.1696 -0.9561 -0.2390
vn 0.0749 -0.9935 0.0857
vn 0.1994 -0.9423 0.2691
vn 0.4362 -0.8963 0.0795
vn 0.0039 -0.9988 -0.0493
vn -0.0020 -0.9999 0.0140
vn 0.1802 -0.8953 -0.4074
vn -0.0197 -0.9903 -0.1378
vn -0.6100 -0.7763 0.1589
vn -0.0799 -0.9968 0.0083
vn 0.0722 -0.9826 0.1711
vn -0.3461 -0.9165 0.2005
vn -0.9083 -0.3993 0.1250
vn -0.1664 -0.9427 0.2892
vn 0.1798 -0.6379 0.7488
vn 0.0901 -0.8755 0.4748
vn 0.3176 -0.9289 -0.1902
vn -0.3453 -0.6589 -0.6682
vn 0.1286 -0.9182 0.3747
vn 0.1461 -0.9477 0.2837
vn -0.3049 -0.9295 0.2075
vn 0.4075 -0.8901 -0.2041
vn -0.0985 -0.9875 0.1229
vn 0.2683 -0.9609 0.0678
vn -0.3890 -0.9207 -0.0303
vn 0.0145 -0.9999 0.0057
vn 0.0335 -0.9987 0.0389
vn 0.2286 -0.9159 0.3300
vn 0.5371 -0.8421 0.0490
vn 0.4570 -0.8011 -0.3865
vn 0.2833 -0.9525 0.1121
vn 0.2074 -0.9765 0.0581
vn -0.2977 -0.9293 0.2186
vn -0.2307 -0.9722 -0.0407
vn 0.2535 -0.8867 -0.3867
vn 0.0419 -0.9965 -0.0728
vn 0.1307 -0.9709 0.2008
vn -0.1236 -0.9922 0.0189
vn 0.2762 -0.9466 -0.1666
vn 0.0093 -0.9992 -0.0382
vn 0.0642 -0.9906 -0.1211
vn 0.0628 -0.9554 0.2887
vn -0.2386 -0.9029 -0.3575
vn 0.1388 -0.9791 0.1488
vn 0.5986 -0.7728 -0.2109
vn 0.0774 -0.9967 -0.0255
vn -0.0293 -0.8880 -0.4590
vn -0.2484 -0.8754 0.4147
vn -0.0476 -0.8719 -0.4874
vn 0.0942 -0.8810 -0.4636
vn 0.3110 -0.9307 -0.1928
vn -0.2320 -0.9725 -0.0220
vn -0.0601 -0.9576 0.2817
vn 0.0364 -0.9347 0.3537
vn 0.4020 -0.9041 -0.1451
vn -0.0000 -0.9989 0.0477
vn 0.2218 -0.9716 -0.0822
vn 0.0474 -0.9828 -0.1786
vn 0.4872 -0.8733 -0.0057
vn -0.0638 -0.9673 -0.2455
vn 0.1114 -0.9690 -0.2207
vn 0.0927 -0.7397 -0.6665
vn -0.1522 -0.9832 0.1005
vn -0.3471 -0.8713 -0.3470
vn -0.1364 -0.9439 0.3006
vn 0.0283 -0.7995 0.6000
vn 0.1361 -0.9665 0.2178
vn 0.0745 -0.9971 0.0180
vn 0.1662 -0.9818 0.0914
vn -0.0367 -0.9931 0.1110
vn 0.4276 -0.8931 0.1397
vn -0.3257 -0.5249 -0.7864
vn 0.0558 -0.9493 -0.3095
vn 0.7561 -0.4998 0.4226
vn -0.2429 -0.9511 -0.1910
vn -0.0029 -0.9530 0.3028
vn -0.0919 -0.9854 0.1433
vn -0.4264 -0.9042 -0.0240
vn 0.1645 -0.9524 0.2567
vn -0.1851 -0.9798 0.0764
vn 0.3774 -0.7614 0.5271
vn -0.2149 -0.9757 -0.0432
vn 0.2420 -0.9626 -0.1222
vn 0.0201 -0.9998 -0.0043
vn -0.5044 -0.8622 -0.0477
vn -0.4786 -0.8305 -0.2850
vn -0.2897 -0.9571 0.0006
vn -0.0118 -0.9535 0.3013
vn -0.1305 -0.9809 -0.1441
vn 0.1390 -0.9719 -0.1898
vn 0.0206 -0.9998 0.0036
vn -0.2611 -0.9467 -0.1887
vn 0.3518 -0.8258 0.4409
vn -0.1834 -0.9787 -0.0926
vn -0.2481 -0.9624 -0.1103
vn -0.2466 -0.9669 -0.0660
vn 0.4816 -0.8477 0.2225
vn 0.0840 -0.9863 0.1421
vn -0.0241 -0.8611 -0.5078
vn -0.4146 -0.9090 -0.0435
vn -0.3983 -0.9158 -0.0517
vn 0.2093 -0.9578 0.1971
vn 0.0988 -0.9082 -0.4068
vn 0.0001 -0.9995 0.0303
vn 0.5893 -0.8012 -0.1035
vn -0.4975 -0.6676 -0.5538
vn -0.3689 -0.8640 0.3426
vn -0.2149 -0.9759 -0.0377
vn 0.0393 -0.9830 -0.1795
vn 0.1080 -0.9483 0.2983
vn -0.0158 -0.9824 0.1860
vn 0.3996 -0.9131 -0.0815
vn -0.0154 -0.9439 0.3298
vn -0.1848 -0.9630 0.1963
vn -0.2173 -0.9656 0.1429
vn 0.0356 -0.9785 -0.2031
vn -0.1295 -0.9756 0.1773
vn 0.1645 -0.9538 0.2514
vn -0.1527 -0.9669 0.2045
vn 0.0003 -0.9715 -0.2371
vn -0.2485 -0.9652 -0.0814
vn -0.0997 -0.9894 0.1057
vn -0.0569 -0.9752 -0.2138
vn 0.4101 -0.9039 -0.1214
vn -0.0911 -0.9310 0.3534
vn -0.4131 -0.9070 -0.0823
vn -0.5086 -0.8405 -0.1871
vn -0.2977 -0.8858 -0.3560
vn 0.2604 -0.9521 -0.1604
vn 0.1519 -0.9865 -0.0613
vn -0.1051 -0.9942 0.0237
vn -0.3976 -0.9107 -0.1124
vn -0.3005 -0.9467 0.1158
vn -0.4922 -0.8371 -0.2388
vn -0.4741 -0.8561 -0.2058
vn 0.0083 -0.9918 0.1275
vn -0.1220 -0.9295 -0.3481
vn 0.2208 -0.9350 0.2776
vn -0.1764 -0.9351 0.3075
vn 0.0754 -0.9861 0.1483
vn 0.0522 -0.9687 0.2427
vn 0.6147 -0.7353 0.2854
vn -0.1969 -0.9724 -0.1255
vn -0.2034 -0.9627 0.1782
vn 0.2342 -0.9711 -0.0457
vn -0.2825 -0.9227 -0.2625
vn 0.3331 -0.7782 0.5325
vn -0.0227 -0.9943 -0.1044
vn 0.3372 -0.9373 0.0883
vn -0.0149 -0.9981 -0.0592
vn -0.1824 -0.8982 -0.3999
vn -0.0277 -0.9698 -0.2424
vn 0.0101 -0.9790 -0.2037
vn 0.1109 -0.9912 0.0727
vn 0.2990 -0.9015 -0.3129
vn 0.3890 -0.8288 0.4023
vn 0.5408 -0.8152 -0.2072
vn 0.3964 -0.9019 0.1719
vn -0.1471 -0.9645 0.2193
vn 0.4452 -0.7781 0.4432
vn 0.0802 -0.9474 -0.3098
vn 0.1138 -0.9906 -0.0759
vn 0.4994 -0.8316 0.2429
vn -0.2432 -0.9677 0.0659
vn -0.2401 -0.9641 -0.1137
vn -0.0003 -0.8216 -0.5701
vn -0.3849 -0.8724 -0.3013
vn 0.0153 -0.9989 0.0444
vn 0.2584 -0.9628 0.0794
vn -0.3941 -0.9190 -0.0149
vn -0.0705 -0.9763 0.2046
vn 0.2489 -0.9080 -0.3370
vn -0.0198 -0.9926 0.1194
vn 0.0003 -0.9333 -0.3591
vn 0.1163 -0.9510 -0.2863
vn 0.2877 -0.9553 0.0678
vn -0.0982 -0.9938 0.0531
vn -0.0607 -0.9974 0.0383
vn -0.2492 -0.9598 -0.1294
vn 0.2380 -0.9525 -0.1902
vn -0.0875 -0.9961 0.0085
vn -0.0402 -0.9989 -0.0226
vn 0.0661 -0.9978 0.0112
vn 0.0035 -0.9974 0.0717
vn -0.2498 -0.9602 0.1247
vn 0.1801 -0.8906 0.4176
vn 0.4225 -0.8863 -0.1896
vn -0.0253 -0.9368 0.3491
vn 0.1425 -0.9898 -0.0011
vn -0.4236 -0.9018 0.0860
vn -0.1341 -0.9829 0.1258
vn -0.0072 -0.9999 0.0116
vn -0.5590 -0.8263 -0.0686
vn 0.0479 -0.9983 0.0327
vn -0.1229 -0.9902 0.0669
vn -0.2800 -0.9373 -0.2074
vn 0.3511 -0.9302 0.1070
vn 0.1906 -0.9774 0.0909
vn -0.2064 -0.9769 -0.0557
vn 0.1030 -0.9907 -0.0886
vn -0.0390 -0.9973 0.0626
vn -0.1086 -0.9762 0.1877
vn 0.1745 -0.9597 -0.2201
vn 0.1246 -0.9279 0.3514
vn -0.0164 -0.9933 0.1142
vn -0.1187 -0.9725 -0.2002
vn -0.0131 -0.9965 0.0820
vn 0.0804 -0.9933 0.0828
vn -0.1171 -0.9749 0.1893
vn 0.2020 -0.9477 0.2472
vn 0.2757 -0.8753 -0.3973
vn 0.0644 -0.9494 0.3075
vn 0.3046 -0.9308 0.2021
vn 0.0237 -0.9967 0.0772
vn -0.0351 -0.9992 -0.0193
vn -0.1481 -0.9478 0.2824
vn -0.3917 -0.7818 -0.4851
vn -0.4011 -0.8840 -0.2403
vn 0.5347 -0.8077 -0.2485
vn -0.1299 -0.9915 -0.0054
vn -0.0949 -0.9039 -0.4170
vn -0.5850 -0.7057 -0.3998
vn -0.0231 -0.9997 0.0119
vn 0.1600 -0.9680 -0.1935
vn 0.1594 -0.9493 0.2708
vn 0.2004 -0.9720 -0.1231
vn -0.0632 -0.9977 0.0224
vn 0.2739 -0.9353 -0.2242
vn 0.1900 -0.9321 -0.3084
vn 0.2708 -0.9626 0.0071
vn -0.3583 -0.8256 0.4359
vn -0.1345 -0.9774 0.1633
vn 0.2787 -0.9106 -0.3053
vn -0.1720 -0.9795 0.1045
vn -0.3636 -0.9266 -0.0961
vn -0.2102 -0.9673 -0.1421
vn -0.2346 -0.9537 0.1883
vn 0.0427 -0.9912 0.1250
vn -0.2748 -0.9589 -0.0707
vn -0.3986 -0.8881 -0.2288
vn -0.2277 -0.9697 -0.0885
vn 0.1375 -0.8801 -0.4545
vn 0.0467 -0.9956 0.0817
vn 0.4704 -0.8820 0.0289
vn 0.0151 -0.9486 0.3161
vn 0.0958 -0.9818 0.1639
vn 0.0886 -0.9858 -0.1427
vn 0.7133 -0.6988 -0.0535
vn -0.2289 -0.9734 0.0083
vn 0.0442 -0.9932 -0.1078
vn -0.2672 -0.9583 0.1012
vn -0.3825 -0.8155 -0.4343
vn 0.2401 -0.9521 0.1894
vn -0.1951 -0.7385 -0.6454
vn -0.2769 -0.9591 -0.0590
vn 0.2494 -0.9664 -0.0621
vn 0.1574 -0.9500 -0.2698
vn 0.3266 -0.9448 -0.0249
vn -0.6506 -0.7450 0.1472
vn -0.3025 -0.9277 0.2187
vn -0.1132 -0.9926 0.0437
vn -0.0237 -0.9959 -0.0869
vn 0.4739 -0.8632 -0.1740
vn 0.0898 -0.9889 -0.1185
vn -0.0402 -0.9967 -0.0699
vn -0.1133 -0.9632 0.2437
vn 0.1273 -0.9863 0.1046
vn 0.0817 -0.9822 -0.1692
vn 0.0791 -0.9968 -0.0121
vn -0.2899 -0.7776 -0.5579
vn -0.4514 -0.8732 -0.1838
vn 0.0321 -0.9994 -0.0097
vn -0.1573 -0.9872 0.0243
vn 0.5954 -0.8030 0.0257
vn 0.0419 -0.9590 -0.2803
vn -0.1286 -0.9232 -0.3623
vn 0.0653 -0.9979 -0.0005
vn 0.0380 -0.9962 -0.0785
vn -0.1089 -0.9692 -0.2210
vn -0.1429 -0.8751 0.4624
vn 0.1490 -0.9114 0.3836
vn -0.0057 -0.8325 0.5539
vn -0.2668 -0.8836 -0.3849
vn 0.2319 -0.9718 -0.0433
vn 0.1498 -0.9126 -0.3805
vn 0.1416 -0.9411 -0.3070
vn -0.0019 -0.9240 0.3823
vn 0.3927 -0.9114 -0.1227
vn 0.0621 -0.9906 0.1216
vn -0.1356 -0.9802 -0.1444
vn -0.1055 -0.9253 -0.3643
vn 0.2297 -0.7510 -0.6190
vn -0.6569 -0.6235 -0.4240
vn -0.1797 -0.9799 0.0871
vn 0.0928 -0.9953 0.0278
vn -0.3245 -0.9456 -0.0242
vn 0.1298 -0.9891 0.0697
vn 0.7313 -0.6464 -0.2175
vn 0.1649 -0.9859 -0.0294
vn 0.2095 -0.9762 0.0567
vn -0.1611 -0.9835 -0.0818
vn -0.0727 -0.3750 -0.9242
vn -0.1266 -0.7695 0.6260
vn 0.4428 -0.8966 -0.0097
vn -0.2242 -0.9186 0.3255
vn 0.3218 -0.9353 0.1472
vn -0.2547 -0.9666 0.0290
vn 0.1123 -0.9452 -0.3066
vn 0.0224 -0.8558 0.5168
vn -0.0243 -0.9963 -0.0830
vn -0.2335 -0.9707 0.0566
vn 0.2408 -0.9626 0.1240
vn -0.7388 -0.5774 -0.3474
vn -0.0865 -0.8420 0.5325
vn 0.1401 -0.9803 -0.1390
vn -0.1466 -0.9772 0.1538
vn -0.0953 -0.9595 -0.2652
vn -0.2079 -0.9285 0.3077
vn -0.3852 -0.7777 0.4968
vn -0.1015 -0.9794 0.1746
vn -0.3443 -0.8725 0.3467
vn 0.1269 -0.9894 0.0708
vn 0.2877 -0.9575 -0.0202
vn -0.3169 -0.9472 0.0492
vn 0.9732 -0.2277 -0.0322
vn 0.0607 -0.9735 -0.2205
vn 0.3277 -0.9109 -0.2506
vn -0.0089 -0.9059 0.4235
vn -0.2764 -0.9489 0.1520
vn -0.1590 -0.9744 -0.1589
vn -0.0190 -0.4983 -0.8668
vn -0.1209 -0.9409 0.3165
vn -0.2304 -0.9703 -0.0733
vn 0.1580 -0.9652 0.2085
vn 0.3936 -0.6890 -0.6086
vn -0.5161 -0.8532 0.0757
vn -0.1426 -0.9898 -0.0035
vn -0.6439 -0.7468 -0.1664
vn 0.3081 -0.9496 0.0568
vn 0.0842 -0.9854 -0.1480
vn -0.1190 -0.9923 0.0351
vn -0.4060 -0.9052 -0.1253
vn 0.1499 -0.9537 0.2606
vn 0.1935 -0.8669 -0.4594
vn 0.0216 -0.7087 0.7052
vn 0.0072 -0.9586 0.2846
vn 0.0143 -0.9971 0.0744
vn 0.2712 -0.9397 -0.2083
vn 0.0245 -0.9924 -0.1207
vn 0.6220 -0.7829 -0.0149
vn 0.3192 -0.9412 0.1111
vn 0.4863 -0.8726 -0.0457
vn -0.4918 -0.8706 -0.0113
vn -0.3267 -0.8980 0.2946
vn 0.1934 -0.8518 -0.4868
vn -0.5085 -0.7946 0.3317
vn -0.0101 -0.9778 -0.2095
vn -0.1406 -0.9887 -0.0516
vn -0.1227 -0.9911 0.0524
vn -0.0123 -0.9959 -0.0896
vn 0.0524 -0.9767 0.2083
vn 0.0650 -0.9791 -0.1927
vn 0.3134 -0.9496 -0.0044
vn 0.0520 -0.8792 -0.4736
vn 0.0595 -0.8963 0.4394
vn 0.1816 -0.9548 0.2354
vn -0.2578 -0.9306 -0.2597
vn -0.3000 -0.9199 -0.2524
vn -0.3691 -0.8228 -0.4322
vn 0.0681 -0.9919 0.1068
vn -0.4197 -0.8701 -0.2585
vn 0.0845 -0.9920 -0.0940
vn -0.2015 -0.6946 0.6906
vn -0.0962 -0.9947 0.0368
vn 0.1167 -0.9018 -0.4162
vn -0.1361 -0.9535 -0.2690
vn -0.1174 -0.9903 -0.0749
vn -0.2560 -0.9349 0.2457
vn 0.0175 -0.9665 0.2560
vn -0.0368 -0.9978 -0.0558
vn 0.2929 -0.9555 -0.0349
vn 0.0272 -0.9961 0.0843
vn -0.1094 -0.9502 0.2919
vn 0.0308 -0.9977 -0.0604
vn 0.0111 -0.9993 -0.0368
vn 0.2898 -0.8596 0.4209
vn -0.3450 -0.9352 0.0802
vn -0.3825 -0.8480 -0.3668
vn -0.2065 -0.7738 -0.5988
vn -0.4294 -0.8547 0.2918
vn -0.0621 -0.8587 -0.5087
vn 0.0762 -0.9954 0.0580
vn -0.2848 -0.9567 0.0595
vn 0.0938 -0.9897 0.1077
vn 0.0153 -0.8295 -0.5583
vn -0.1261 -0.9920 -0.0055
vn 0.5986 -0.7941 0.1053
vn 0.1302 -0.7803 -0.6117
vn -0.0238 -0.9947 -0.0997
vn -0.0545 -0.9368 0.3457
vn 0.0779 -0.7211 -0.6884
vn -0.2765 -0.9610 -0.0038
vn -0.3936 -0.9147 -0.0914
vn 0.0681 -0.9740 0.2163
vn -0.3999 -0.9082 0.1232
vn -0.3710 -0.9008 -0.2257
vn 0.3812 -0.8691 0.3153
vn -0.3274 -0.9118 -0.2477
vn -0.0822 -0.9419 -0.3257
vn -0.2106 -0.9596 -0.1867
vn -0.3160 -0.9189 -0.2361
vn -0.1737 -0.9726 -0.1546
vn -0.0358 -0.9406 -0.3377
vn -0.0244 -0.8778 -0.4783
vn -0.4096 -0.8775 0.2495
vn -0.2552 -0.8544 0.4527
vn 0.0629 -0.9978 0.0196
vn -0.4656 -0.8850 0.0043
vn 0.0180 -0.9780 -0.2080
vn 0.0881 -0.9926 -0.0830
vn -0.1263 -0.9884 -0.0838
vn 0.0086 -0.9994 0.0332
vn -0.2355 -0.9477 -0.2152
vn -0.1347 -0.9767 0.1672
vn 0.0020 -0.8922 -0.4516
vn 0.0958 -0.9675 -0.2341
vn -0.1329 -0.9809 0.1423
vn -0.4796 -0.7584 -0.4415
vn -0.1594 -0.9524 0.2599
vn 0.0107 -0.9957 -0.0916
vn 0.3743 -0.8666 -0.3299
vn 0.3342 -0.9397 0.0733
vn 0.0626 -0.9941 0.0889
vn -0.3874 -0.9214 0.0312
vn -0.1083 -0.9937 -0.0285
vn -0.0526 -0.8961 -0.4407
vn -0.0646 -0.9808 -0.1840
vn -0.0133 -0.9996 -0.0268
vn -0.3085 -0.9132 0.2662
vn 0.0374 -0.9991 -0.0197
vn -0.1085 -0.9861 0.1262
vn 0.3072 -0.9516 -0.0077
vn -0.2386 -0.9683 -0.0742
vn 0.0283 -0.9966 -0.0776
vn -0.1861 -0.9817 -0.0398
vn 0.0186 -0.9756 -0.2188
vn 0.1075 -0.9912 0.0774
vn -0.2317 -0.9435 0.2370
vn 0.1476 -0.9889 0.0180
vn 0.5396 -0.7795 0.3181
vn -0.3329 -0.8573 0.3928
vn -0.2752 -0.7087 0.6496
vn -0.3601 -0.8653 0.3486
vn 0.2053 -0.9484 -0.2418
vn 0.7543 -0.6477 -0.1074
vn 0.3148 -0.9491 -0.0108
vn 0.2444 -0.8788 -0.4099
vn 0.1478 -0.9772 -0.1525
vn -0.4422 -0.6977 -0.5637
vn 0.0948 -0.9625 0.2540
vn 0.0371 -0.9949 0.0942
vn -0.0377 -0.9239 -0.3807
vn 0.3397 -0.9363 -0.0892
vn 0.1809 -0.9727 0.1452
vn -0.0334 -0.9994 0.0034
vn 0.3790 -0.7814 -0.4957
vn 0.2622 -0.9571 0.1235
vn 0.2779 -0.8721 0.4027
vn 0.1155 -0.9892 0.0898
vn 0.1689 -0.9521 -0.2550
vn -0.1132 -0.9756 -0.1882
vn -0.2824 -0.9550 0.0907
vn -0.5648 -0.8249 -0.0239
vn -0.2796 -0.8503 0.4458
vn -0.0788 -0.9366 -0.3415
vn -0.2812 -0.9430 0.1779
vn 0.5455 -0.8273 -0.1341
vn 0.2580 -0.9497 -0.1778
vn 0.2111 -0.9766 0.0418
vn -0.0091 -0.9800 -0.1986
vn -0.0097 -0.9753 0.2206
vn 0.1364 -0.9890 -0.0580
vn 0.0298 -0.9897 0.1400
vn 0.8770 -0.1414 0.4592
vn 0.3440 -0.8853 -0.3129
vn -0.8159 -0.5312 -0.2282
vn 0.1380 -0.8444 -0.5177
vn -0.3101 -0.8338 -0.4567
vn 0.1804 -0.9835 -0.0137
vn -0.1100 -0.8662 0.4874
vn -0.7206 -0.6930 -0.0223
vn -0.5207 -0.7925 0.3176
vn 0.1134 -0.8396 0.5312
vn -0.0220 -0.9782 -0.2065
vn -0.2073 -0.9753 0.0756
vn 0.1291 -0.9684 0.2134
vn -0.3095 -0.9502 -0.0369
vn 0.2825 -0.9592 0.0101
vn -0.2825 -0.9494 0.1373
vn -0.0014 -0.9585 -0.2851
vn -0.1649 -0.9664 -0.1972
vn 0.8242 -0.5515 -0.1286
vn -0.3092 -0.6631 -0.6816
vn -0.4827 -0.8131 -0.3255
vn 0.1453 -0.9886 -0.0389
vn 0.1405 -0.9898 0.0225
vn -0.4773 -0.8682 0.1355
vn -0.2013 -0.9578 -0.2049
vn 0.3199 -0.9366 0.1433
vn 0.2106 -0.9310 0.2982
vn -0.2773 -0.9605 0.0224
vn -0.3760 -0.8206 -0.4304
vn 0.2466 -0.9556 -0.1611
vn -0.3402 -0.7754 -0.5320
vn -0.5307 -0.7974 0.2873
vn -0.1673 -0.9846 0.0506
vn 0.0177 -0.9985 -0.0523
vn 0.1936 -0.9798 0.0508
vn 0.1009 -0.9842 0.1457
vn 0.9426 -0.3328 -0.0265
vn 0.1340 -0.9809 -0.1412
vn 0.4735 -0.8712 -0.1296
vn 0.2017 -0.9596 -0.1962
vn -0.1184 -0.9836 0.1361
vn 0.5460 -0.7478 0.3777
vn -0.3350 -0.9422 0.0035
vn -0.2708 -0.9615 -0.0476
vn 0.2450 -0.9397 0.2385
vn -0.0010 -0.9712 -0.2384
vn -0.1059 -0.8605 -0.4983
vn -0.3675 -0.9285 -0.0524
vn 0.1442 -0.9888 0.0396
vn 0.2501 -0.8873 -0.3875
vn 0.1083 -0.9779 -0.1791
vn -0.4378 -0.8950 -0.0855
vn -0.3042 -0.9261 -0.2231
vn 0.1545 -0.9794 0.1301
vn 0.0278 -0.9861 -0.1635
vn -0.0099 -0.9162 0.4005
vn 0.2616 -0.9317 0.2519
vn -0.5672 -0.7628 0.3105
vn 0.0190 -0.9690 0.2463
vn 0.1527 -0.8983 0.4121
vn 0.0894 -0.9959 -0.0109
vn 0.0571 -0.9903 0.1269
vn 0.1794 -0.9778 -0.1079
vn 0.1926 -0.9528 0.2346
vn -0.3934 -0.5984 0.6979
vn -0.3733 -0.8734 0.3127
vn -0.0115 -0.9642 -0.2648
vn -0.1588 -0.9830 0.0917
vn -0.2105 -0.8962 0.3906
vn 0.3389 -0.6408 0.6889
vn -0.0338 -0.9694 0.2433
vn -0.0638 -0.9663 0.2492
vn -0.0180 -0.9982 0.0571
vn -0.0846 -0.9828 0.1644
vn -0.1301 -0.9594 0.2504
vn -0.1316 -0.9876 -0.0858
vn 0.0493 -0.9493 0.3104
vn 0.2876 -0.9465 -0.1463
vn -0.4213 -0.8991 0.1189
vn -0.0434 -0.9704 0.2377
vn 0.0082 -0.9888 -0.1492
vn -0.0207 -0.9892 -0.1450
vn 0.0968 -0.9841 -0.1489
vn 0.0907 -0.9384 -0.3334
vn -0.5143 -0.8357 0.1924
vn -0.0396 -0.9851 0.1672
vn -0.3848 -0.9169 0.1059
vn 0.3593 -0.9325 -0.0360
vn 0.3713 -0.9168 -0.1468
vn -0.3327 -0.9427 0.0243
vn 0.3195 -0.9470 0.0338
vn 0.5946 -0.7201 0.3577
vn -0.2733 -0.9223 0.2732
vn 0.1222 -0.9225 0.3661
vn 0.1800 -0.7928 -0.5823
vn -0.1704 -0.8649 -0.4722
vn 0.0921 -0.9616 0.2586
vn 0.2179 -0.8834 0.4148
vn 0.2331 -0.9671 -0.1016
vn -0.0143 -0.9268 -0.3752
vn -0.3584 -0.8991 0.2512
vn 0.0226 -0.9650 0.2613
vn -0.0462 -0.9944 0.0946
vn -0.0841 -0.9662 -0.2436
vn 0.1555 -0.9694 0.1900
vn 0.4646 -0.8843 0.0462
vn 0.0612 -0.8860 0.4596
vn -0.0488 -0.7290 -0.6828
vn 0.1325 -0.9514 0.2780
vn 0.0529 -0.9746 0.2174
vn 0.2119 -0.9156 -0.3418
vn -0.6889 -0.7197 -0.0857
vn 0.1827 -0.8917 0.4141
vn 0.3836 -0.9085 0.1659
vn 0.0651 -0.7476 0.6610
vn 0.5997 -0.7051 0.3784
vn -0.4346 -0.8979 0.0703
vn 0.0265 -0.8414 0.5397
vn 0.1869 -0.9781 -0.0913
vn -0.0250 -0.9750 0.2206
vn -0.2895 -0.9330 -0.2140
vn -0.6973 -0.6741 0.2437
vn 0.0184 -0.9003 -0.4349
vn 0.2505 -0.9576 -0.1422
vn 0.0718 -0.9726 0.2212
vn -0.1773 -0.9355 -0.3056
vn -0.1451 -0.9884 -0.0452
vn 0.1459 -0.9844 -0.0984
vn -0.1052 -0.9876 -0.1167
vn 0.1073 -0.9857 0.1296
vn 0.0702 -0.9934 0.0907
vn 0.2176 -0.9749 0.0475
vn -0.3266 -0.9424 0.0722
vn 0.2122 -0.9745 0.0729
vn 0.1394 -0.7122 -0.6880
vn -0.3112 -0.6798 -0.6641
vn 0.7894 -0.6098 0.0712
vn -0.8653 -0.4926 -0.0930
vn 0.0300 -0.9605 0.2767
vn 0.2998 -0.9510 0.0750
vn -0.3776 -0.9091 0.1760
vn 0.1163 -0.9851 -0.1269
vn 0.1700 -0.9846 0.0406
vn -0.1797 -0.9484 -0.2612
vn 0.1031 -0.9578 0.2682
vn -0.3675 -0.9267 0.0789
vn 0.1528 -0.9780 -0.1419
vn -0.1524 -0.6949 0.7028
vn -0.0903 -0.9877 -0.1273
vn 0.0983 -0.9908 0.0930
vn 0.1820 -0.9807 0.0720
vn 0.2757 -0.9591 0.0641
vn -0.1301 -0.9551 0.2663
vn -0.3319 -0.8567 -0.3949
vn -0.2752 -0.8048 -0.5260
vn -0.3101 -0.9413 0.1334
vn -0.3043 -0.9183 -0.2531
vn 0.1305 -0.9829 -0.1300
vn -0.5347 -0.8167 -0.2169
vn -0.1349 -0.9865 -0.0928
vn -0.8340 -0.5096 -0.2117
vn -0.0717 -0.9965 0.0432
vn 0.0212 -0.9873 0.1573
vn 0.0982 -0.9897 0.1041
vn -0.2519 -0.9670 0.0374
vn 0.2858 -0.9136 -0.2891
vn -0.4201 -0.8993 0.1217
vn 0.0509 -0.9560 0.2889
vn -0.7826 -0.5691 0.2521
s 1
usemtl Material.001
f 161//1 1144//2 8//3
f 1509//4 424//5 347//6
f 462//7 1509//4 8//3
f 568//8 1278//9 792//10
f 1144//2 1692//11 8//3
f 1465//12 631//13 582//14
f 152//15 1144//2 161//1
f 424//5 1996//16 347//6
f 347//6 532//17 161//1
f 1060//18 1697//19 792//10
f 938//20 568//8 792//10
f 1278//9 1062//21 792//10
f 462//7 1062//21 1509//4
f 1062//21 462//7 792//10
f 173//22 424//5 1509//4
f 516//23 173//22 1509//4
f 1465//12 1553//24 631//13
f 1417//25 36//26 582//14
f 987//27 1417//25 1104//28
f 1144//2 937//29 1572//30
f 1783//31 1144//2 1572//30
f 1270//32 631//13 161//1
f 532//17 1270//32 161//1
f 631//13 1270//32 582//14
f 1270//32 1417//25 582//14
f 1417//25 1270//32 1104//28
f 1692//11 1110//33 8//3
f 611//34 1697//19 1060//18
f 1697//19 1159//35 792//10
f 1159//35 938//20 792//10
f 1979//36 1187//37 924//38
f 424//5 1543//39 1886//40
f 173//22 1543//39 424//5
f 1295//41 424//5 1886//40
f 770//42 1295//41 1886//40
f 1553//24 858//43 631//13
f 858//43 1553//24 386//44
f 1553//24 1131//45 386//44
f 36//26 314//46 408//47
f 314//46 987//27 408//47
f 1417//25 314//46 36//26
f 987//27 314//46 1417//25
f 937//29 1154//48 459//49
f 1154//48 345//50 459//49
f 1154//48 937//29 1144//2
f 1785//51 1465//12 582//14
f 600//52 1785//51 582//14
f 1785//51 600//52 1465//12
f 1000//53 600//52 582//14
f 36//26 1000//53 582//14
f 1000//53 36//26 408//47
f 631//13 604//54 161//1
f 604//54 1025//55 161//1
f 1025//55 601//56 161//1
f 385//57 1848//58 347//6
f 1946//59 1490//60 462//7
f 1110//33 177//61 8//3
f 1647//62 1692//11 484//63
f 611//34 396//64 1697//19
f 396//64 1159//35 1697//19
f 1187//37 1383//65 924//38
f 1853//66 1979//36 1509//4
f 1853//66 1187//37 1979//36
f 1783//31 1458//67 1144//2
f 1458//67 1692//11 1144//2
f 396//64 952//68 234//69
f 952//68 396//64 611//34
f 1543//39 504//70 1886//40
f 504//70 770//42 1886//40
f 1653//71 1822//72 516//23
f 1822//72 173//22 516//23
f 1295//41 1042//73 424//5
f 487//74 1892//75 424//5
f 722//76 1892//75 1389//77
f 1892//75 1996//16 424//5
f 1892//75 722//76 1996//16
f 1169//78 1553//24 1465//12
f 1169//78 1131//45 1553//24
f 600//52 1169//78 1465//12
f 345//50 1133//79 459//49
f 1937//80 1974//81 459//49
f 251//82 1937//80 14//83
f 1038//84 1067//85 1833//86
f 1067//85 1038//84 390//87
f 1974//81 872//88 459//49
f 937//29 872//88 1572//30
f 872//88 937//29 459//49
f 313//89 1783//31 1572//30
f 872//88 313//89 1572//30
f 313//89 872//88 1974//81
f 742//90 761//91 408//47
f 761//91 1000//53 408//47
f 761//91 742//90 726//92
f 742//90 1585//93 726//92
f 810//94 742//90 408//47
f 810//94 1585//93 742//90
f 1585//93 810//94 850//95
f 231//96 599//97 862//98
f 24//99 767//100 726//92
f 1961//101 604//54 631//13
f 858//43 1961//101 631//13
f 1961//101 858//43 386//44
f 1945//102 1961//101 386//44
f 941//103 1961//101 1945//102
f 1961//101 941//103 604//54
f 1516//104 1799//105 1976//106
f 1799//105 1516//104 1435//107
f 948//108 532//17 347//6
f 948//108 1323//109 532//17
f 810//94 514//110 850//95
f 1323//109 1992//111 532//17
f 1490//60 909//112 462//7
f 1027//113 1110//33 1692//11
f 1097//114 842//115 1099//116
f 1647//62 1405//117 1692//11
f 1674//118 990//119 729//120
f 1834//121 573//122 447//123
f 882//124 990//119 12//125
f 731//126 1185//127 744//128
f 1370//129 1721//130 1843//131
f 1721//130 1370//129 327//132
f 573//122 1440//133 447//123
f 1296//134 517//135 439//136
f 1918//137 825//138 627//139
f 848//140 1918//137 627//139
f 848//140 396//64 1918//137
f 1093//141 848//140 627//139
f 848//140 1093//141 938//20
f 1159//35 848//140 938//20
f 396//64 848//140 1159//35
f 1122//142 210//143 1062//21
f 1122//142 1062//21 1278//9
f 1782//144 1122//142 1278//9
f 1958//145 378//146 763//147
f 1958//145 1780//148 1610//149
f 509//150 1979//36 924//38
f 1979//36 509//150 1509//4
f 438//151 509//150 1899//152
f 438//151 1631//153 516//23
f 438//151 516//23 1509//4
f 509//150 438//151 1509//4
f 1631//153 482//154 516//23
f 1062//21 1725//155 1509//4
f 1388//156 1725//155 1062//21
f 430//157 1958//145 1610//149
f 1958//145 430//157 378//146
f 1165//158 1388//156 1062//21
f 1794//159 1458//67 1559//160
f 1160//161 889//162 1344//163
f 1395//164 1160//161 1344//163
f 1492//165 889//162 1627//166
f 590//167 1492//165 611//34
f 889//162 1492//165 1344//163
f 1492//165 590//167 1344//163
f 1248//168 554//169 1804//170
f 1472//171 712//172 662//173
f 1325//174 1822//72 1653//71
f 1352//175 351//176 1727//177
f 836//178 1042//73 1295//41
f 487//74 806//179 1233//180
f 1000//53 1518//181 600//52
f 1518//181 1169//78 600//52
f 1131//45 1518//181 933//182
f 1169//78 1518//181 1131//45
f 885//183 1133//79 14//83
f 1937//80 885//183 14//83
f 1133//79 885//183 459//49
f 885//183 1937//80 459//49
f 1573//184 390//87 1993//185
f 1573//184 1067//85 390//87
f 1573//184 1642//186 1067//85
f 152//15 526//187 1144//2
f 167//188 1937//80 251//82
f 1812//189 119//190 751//191
f 1812//189 784//192 262//193
f 1112//194 1292//195 1783//31
f 1458//67 1292//195 1559//160
f 1292//195 1458//67 1783//31
f 832//196 1230//197 1783//31
f 1230//197 1112//194 1783//31
f 1382//198 1974//81 90//199
f 832//196 1382//198 90//199
f 624//200 320//201 1164//202
f 987//27 1700//203 408//47
f 1700//203 810//94 408//47
f 1700//203 987//27 1104//28
f 599//97 1462//204 862//98
f 599//97 1145//205 1435//107
f 231//96 1145//205 599//97
f 1022//206 1545//207 223//208
f 1545//207 1022//206 161//1
f 1930//209 809//210 172//211
f 1981//212 46//213 1312//214
f 46//213 1930//209 172//211
f 1670//215 1664//216 1312//214
f 1664//216 1981//212 1312//214
f 1981//212 1664//216 152//15
f 1664//216 526//187 152//15
f 526//187 1664//216 1670//215
f 1432//217 601//56 1025//55
f 1432//217 133//218 601//56
f 1545//207 113//219 223//208
f 1698//220 133//218 1887//221
f 133//218 1698//220 1615//222
f 1468//223 1070//224 1891//225
f 1238//226 1244//227 1701//228
f 387//229 1825//230 309//231
f 1453//232 387//229 309//231
f 297//233 1453//232 309//231
f 1453//232 297//233 1618//234
f 49//235 1007//236 1139//237
f 1007//236 1357//238 1139//237
f 1067//85 258//239 1833//86
f 258//239 1642//186 1618//234
f 1642//186 258//239 1067//85
f 588//240 258//239 1618//234
f 258//239 588//240 1415//241
f 577//242 297//233 1972//243
f 588//240 577//242 1415//241
f 722//76 239//244 1996//16
f 948//108 995//245 693//246
f 1323//109 163//247 857//248
f 948//108 163//247 1323//109
f 1270//32 1180//249 1104//28
f 1180//249 1270//32 532//17
f 1084//250 1992//111 1323//109
f 1084//250 1505//251 1992//111
f 1505//251 196//252 264//253
f 196//252 1084//250 381//254
f 1084//250 196//252 1505//251
f 922//255 43//256 381//254
f 1740//257 1943//258 264//253
f 196//252 1740//257 264//253
f 1740//257 196//252 1541//259
f 474//260 1740//257 1541//259
f 801//261 798//262 1246//263
f 1426//264 798//262 472//265
f 1426//264 979//266 798//262
f 370//267 1847//268 1490//60
f 1915//269 427//270 843//271
f 1915//269 644//272 685//273
f 644//272 1915//269 843//271
f 798//262 1865//274 1246//263
f 1001//275 966//276 748//277
f 1738//278 909//112 1490//60
f 1847//268 1738//278 1490//60
f 1738//278 1847//268 433//279
f 690//280 1027//113 1692//11
f 1027//113 690//280 999//281
f 1690//282 801//261 1946//59
f 801//261 1690//282 496//283
f 798//262 323//284 472//265
f 801//261 323//284 798//262
f 323//284 801//261 496//283
f 1692//11 701//285 484//63
f 1458//67 701//285 1692//11
f 361//286 1647//62 1646//287
f 361//286 1405//117 1647//62
f 97//288 432//289 908//290
f 420//291 1064//292 1586//293
f 1535//294 1952//295 1544//296
f 544//297 148//298 334//299
f 260//300 688//301 1404//302
f 794//303 1890//304 729//120
f 590//167 131//305 1344//163
f 1440//133 131//305 447//123
f 1591//306 1834//121 447//123
f 1591//306 590//167 611//34
f 1591//306 611//34 1060//18
f 1834//121 1591//306 1060//18
f 169//307 1060//18 792//10
f 169//307 1834//121 1060//18
f 169//307 573//122 1834//121
f 734//308 123//309 306//310
f 123//309 1769//311 306//310
f 1769//311 123//309 1407//312
f 1877//313 882//124 12//125
f 882//124 1877//313 11//314
f 882//124 923//315 990//119
f 990//119 923//315 729//120
f 1793//316 923//315 242//317
f 923//315 794//303 729//120
f 794//303 923//315 1793//316
f 1810//318 1205//319 1116//320
f 1437//321 1205//319 842//115
f 1205//319 1437//321 1116//320
f 947//322 1810//318 1116//320
f 1810//318 947//322 1185//127
f 1113//323 457//324 1408//325
f 1680//326 1113//323 1544//296
f 1113//323 1535//294 1544//296
f 1370//129 364//327 327//132
f 1034//328 1370//129 1843//131
f 1064//292 1481//329 1586//293
f 1851//330 1113//323 1408//325
f 1113//323 1851//330 1535//294
f 1851//330 456//331 327//132
f 1902//332 1074//333 1680//326
f 1074//333 1903//334 1680//326
f 1705//335 1440//133 1539//336
f 1440//133 1115//337 1539//336
f 1115//337 1440//133 573//122
f 169//307 1115//337 573//122
f 462//7 1115//337 792//10
f 1115//337 169//307 792//10
f 572//338 1296//134 439//136
f 291//339 572//338 439//136
f 952//68 1080//340 234//69
f 1080//340 1492//165 1627//166
f 1080//340 952//68 611//34
f 1492//165 1080//340 611//34
f 825//138 1695//341 234//69
f 1695//341 825//138 1918//137
f 1695//341 396//64 234//69
f 396//64 1695//341 1918//137
f 863//342 80//343 425//344
f 80//343 863//342 1890//304
f 1780//148 1910//345 1610//149
f 463//346 679//347 290//348
f 378//146 491//349 763//147
f 261//350 1958//145 1176//351
f 1958//145 261//350 1780//148
f 1354//352 261//350 1176//351
f 261//350 1354//352 1780//148
f 1631//153 1101//353 290//348
f 438//151 1101//353 1631//153
f 1510//354 465//355 228//356
f 235//357 1653//71 516//23
f 482//154 235//357 516//23
f 605//358 16//359 1388//156
f 1165//158 605//358 1388//156
f 605//358 1165//158 1874//360
f 16//359 649//361 1388//156
f 1355//362 430//157 1610//149
f 1910//345 1355//362 1610//149
f 1355//362 605//358 1874//360
f 605//358 1355//362 686//363
f 509//150 609//364 1899//152
f 430//157 859//365 378//146
f 859//365 491//349 378//146
f 1397//366 1622//367 510//368
f 410//369 1595//370 662//173
f 510//368 706//371 711//372
f 1266//373 1395//164 291//339
f 1266//373 291//339 439//136
f 1395//164 1266//373 21//374
f 1769//311 1266//373 439//136
f 1266//373 1769//311 1407//312
f 1266//373 123//309 21//374
f 123//309 1266//373 1407//312
f 1619//375 1160//161 12//125
f 1160//161 1619//375 889//162
f 889//162 1619//375 1627//166
f 1691//376 1782//144 1278//9
f 1782//144 1691//376 763//147
f 393//377 954//378 1198//379
f 618//380 584//381 1283//382
f 1366//383 584//381 1181//384
f 768//385 1483//386 1128//387
f 554//169 1931//388 1268//389
f 1792//390 759//391 715//392
f 759//391 1235//393 715//392
f 410//369 1314//394 1596//395
f 208//396 1248//168 1804//170
f 1248//168 208//396 501//397
f 335//398 1248//168 501//397
f 1931//388 335//398 1461//399
f 1248//168 335//398 554//169
f 335//398 1931//388 554//169
f 501//397 1846//400 1256//401
f 208//396 1846//400 501//397
f 479//402 1293//403 1184//404
f 1293//403 479//402 1256//401
f 1846//400 1293//403 1256//401
f 1114//405 479//402 481//406
f 779//407 479//402 1184//404
f 479//402 779//407 481//406
f 548//408 779//407 1922//409
f 1621//410 977//411 154//412
f 977//411 1621//410 415//413
f 1030//414 362//415 155//416
f 1399//417 1999//418 1281//419
f 1749//420 891//421 1543//39
f 891//421 1749//420 1920//422
f 928//423 504//70 1543//39
f 1575//424 1694//425 1893//426
f 1694//425 1575//424 1844//427
f 1712//428 1694//425 1844//427
f 181//429 1434//430 1450//431
f 1712//428 181//429 1694//425
f 1694//425 181//429 1893//426
f 1434//430 181//429 1079//432
f 181//429 1712//428 1079//432
f 1030//414 1831//433 1281//419
f 367//434 1434//430 1365//435
f 1577//436 351//176 1352//175
f 1577//436 1352//175 770//42
f 504//70 1577//436 770//42
f 351//176 118//437 1727//177
f 252//438 1352//175 1727//177
f 836//178 252//438 1727//177
f 1352//175 252//438 770//42
f 252//438 1295//41 770//42
f 252//438 836//178 1295//41
f 184//439 434//440 539//441
f 184//439 1338//442 434//440
f 1107//443 487//74 424//5
f 1420//444 1621//410 1554//445
f 1621//410 1420//444 415//413
f 682//446 836//178 1727//177
f 356//447 1800//448 1389//77
f 1800//448 356//447 394//449
f 1800//448 722//76 1389//77
f 1800//448 394//449 722//76
f 800//450 487//74 1233//180
f 1830//451 32//452 1985//453
f 840//454 1830//451 1985//453
f 1830//451 840//454 1186//455
f 1347//456 664//457 728//458
f 1347//456 1951//459 664//457
f 761//91 437//460 1000//53
f 437//460 1518//181 1000//53
f 437//460 761//91 726//92
f 1518//181 437//460 933//182
f 767//100 437//460 726//92
f 437//460 767//100 933//182
f 390//87 339//461 1993//185
f 407//462 339//461 390//87
f 339//461 766//463 1993//185
f 1133//79 1580//464 14//83
f 1580//464 251//82 14//83
f 1069//465 407//462 390//87
f 1069//465 1580//464 407//462
f 251//82 1069//465 643//466
f 1580//464 1069//465 251//82
f 1307//467 1573//184 1993//185
f 1573//184 1307//467 1642//186
f 766//463 1307//467 1993//185
f 1212//468 339//461 345//50
f 687//469 1051//470 643//466
f 1574//471 1038//84 1833//86
f 65//472 1574//471 1833//86
f 1574//471 65//472 1976//106
f 1799//105 635//473 1976//106
f 635//473 1574//471 1976//106
f 1574//471 635//473 992//474
f 1177//475 1151//476 735//477
f 1552//478 2003//479 363//480
f 167//188 1640//481 1937//80
f 1937//80 1640//481 1974//81
f 175//482 167//188 251//82
f 175//482 251//82 643//466
f 1051//470 175//482 643//466
f 1878//483 1230//197 832//196
f 1728//484 1731//485 714//486
f 255//487 637//488 420//291
f 157//489 750//490 1645//491
f 119//190 1275//492 1693//493
f 1275//492 1812//189 262//193
f 1275//492 119//190 1812//189
f 1119//494 1275//492 262//193
f 637//488 1275//492 1119//494
f 1223//495 1728//484 714//486
f 1223//495 1812//189 751//191
f 1728//484 1223//495 751//191
f 1157//496 1292//195 1112//194
f 278//497 1157//496 1112//194
f 1228//498 278//497 1112//194
f 1228//498 1728//484 751//191
f 1230//197 305//499 1112//194
f 1228//498 305//499 878//500
f 305//499 1228//498 1112//194
f 305//499 1878//483 878//500
f 1878//483 305//499 1230//197
f 1791//501 1382//198 832//196
f 313//89 1791//501 1783//31
f 1791//501 832//196 1783//31
f 1229//502 866//503 1164//202
f 664//457 1811//504 728//458
f 105//505 1811//504 664//457
f 307//506 1914//507 473//508
f 1914//507 1661//509 473//508
f 797//510 1914//507 307//506
f 1914//507 797//510 1661//509
f 725//511 105//505 664//457
f 755//512 1896//513 963//514
f 1677//515 191//516 730//517
f 1830//451 205//518 1106//519
f 581//520 514//110 810//94
f 1700//203 581//520 810//94
f 581//520 1700//203 1104//28
f 1180//249 581//520 1104//28
f 1373//521 1353//522 1243//523
f 1208//524 1561//525 1221//526
f 867//527 1208//524 1221//526
f 2004//528 349//529 98//530
f 1617//531 1742//532 1470//533
f 1546//534 867//527 1221//526
f 1462//204 18//535 862//98
f 1546//534 1954//536 867//527
f 297//233 1416//537 1972//243
f 1495//538 1462//204 599//97
f 1495//538 599//97 1435//107
f 1516//104 1495//538 1435//107
f 1528//539 1799//105 1435//107
f 1145//205 1528//539 1435//107
f 480//540 1022//206 223//208
f 1869//541 46//213 1981//212
f 480//540 783//542 1022//206
f 604//54 502//543 1025//55
f 589//544 1806//545 1025//55
f 1978//546 941//103 1945//102
f 114//547 1436//548 1887//221
f 1436//548 1698//220 1887//221
f 1698//220 1436//548 515//549
f 113//219 1747//550 1005//551
f 601//56 1747//550 161//1
f 1005//551 1747//550 601//56
f 133//218 209//552 601//56
f 209//552 133//218 1615//222
f 1519//553 1005//551 601//56
f 1519//553 1468//223 1005//551
f 209//552 1519//553 601//56
f 1519//553 209//552 1468//223
f 1468//223 441//554 1005//551
f 441//554 1468//223 1891//225
f 1891//225 1911//555 1816//556
f 1070//224 1911//555 1891//225
f 1613//557 1419//558 1161//559
f 647//560 1419//558 363//480
f 1419//558 1289//561 363//480
f 651//562 1351//563 1238//226
f 1244//227 1351//563 1929//564
f 1351//563 1244//227 1238//226
f 226//565 651//562 259//566
f 1145//205 652//567 1686//568
f 652//567 1143//569 1686//568
f 1143//569 652//567 1599//570
f 67//571 1244//227 553//572
f 1244//227 67//571 1701//228
f 1220//573 1244//227 1929//564
f 1825//230 596//574 172//211
f 596//574 1825//230 387//229
f 1736//575 1670//215 1312//214
f 1736//575 526//187 1670//215
f 454//576 297//233 309//231
f 454//576 1029//577 297//233
f 65//472 1065//578 1972//243
f 1065//578 577//242 1972//243
f 1065//578 65//472 1833//86
f 577//242 695//579 297//233
f 695//579 577//242 588//240
f 297//233 695//579 1618//234
f 695//579 588//240 1618//234
f 239//244 1091//580 907//581
f 1091//580 239//244 722//76
f 970//582 20//583 749//584
f 1078//585 922//255 381//254
f 1078//585 93//586 922//255
f 93//586 1078//585 1323//109
f 1084//250 1078//585 381//254
f 1078//585 1084//250 1323//109
f 628//587 1323//109 857//248
f 628//587 93//586 1323//109
f 1683//588 948//108 693//246
f 1683//588 163//247 948//108
f 1716//589 1683//588 693//246
f 1683//588 1716//589 163//247
f 1716//589 537//590 198//591
f 1996//16 934//592 347//6
f 934//592 385//57 347//6
f 1636//593 239//244 907//581
f 239//244 1636//593 1996//16
f 1992//111 1709//594 532//17
f 1709//594 1180//249 532//17
f 1505//251 1709//594 1992//111
f 1709//594 1505//251 1868//595
f 440//596 1819//597 514//110
f 1709//594 440//596 1180//249
f 440//596 1709//594 1868//595
f 581//520 440//596 514//110
f 440//596 581//520 1180//249
f 1795//598 196//252 381//254
f 196//252 1795//598 1541//259
f 43//256 1795//598 381//254
f 1795//598 43//256 1541//259
f 1880//599 474//260 1541//259
f 43//256 1880//599 1541//259
f 20//583 1475//600 922//255
f 1475//600 43//256 922//255
f 1475//600 970//582 348//601
f 970//582 1475//600 20//583
f 1880//599 1475//600 348//601
f 1475//600 1880//599 43//256
f 1682//602 801//261 1246//263
f 801//261 1682//602 1946//59
f 1682//602 1490//60 1946//59
f 1682//602 370//267 1490//60
f 1629//603 97//288 1098//604
f 432//289 1629//603 50//605
f 1629//603 432//289 97//288
f 1915//269 1053//606 1098//604
f 1053//606 1915//269 685//273
f 1053//606 1865//274 1098//604
f 852//607 1053//606 685//273
f 1865//274 1053//606 852//607
f 843//271 68//608 731//126
f 427//270 68//608 843//271
f 68//608 427//270 908//290
f 1479//609 1760//610 96//611
f 1760//610 1479//609 685//273
f 644//272 1760//610 685//273
f 927//612 1847//268 370//267
f 927//612 1682//602 1246//263
f 1682//602 927//612 370//267
f 222//613 852//607 685//273
f 1479//609 222//613 685//273
f 966//276 222//613 1479//609
f 222//613 1001//275 852//607
f 222//613 966//276 1001//275
f 1460//614 1847//268 748//277
f 1847//268 1460//614 433//279
f 1460//614 1953//615 433//279
f 690//280 905//616 999//281
f 383//617 1027//113 999//281
f 1225//618 592//619 472//265
f 592//619 1225//618 999//281
f 323//284 1225//618 472//265
f 1097//114 1587//620 13//621
f 1587//620 1762//622 13//621
f 1762//622 1587//620 484//63
f 500//623 1762//622 484//63
f 701//285 500//623 484//63
f 750//490 1594//624 1645//491
f 1594//624 1452//625 1645//491
f 1971//626 361//286 536//627
f 361//286 1971//626 1405//117
f 357//628 50//605 536//627
f 427//270 1174//629 908//290
f 1174//629 97//288 908//290
f 1174//629 427//270 1915//269
f 1174//629 1915//269 1098//604
f 97//288 1174//629 1098//604
f 1349//630 1013//631 471//632
f 1467//633 1013//631 1118//634
f 1503//635 1414//636 1023//637
f 1414//636 1467//633 1023//637
f 1013//631 1414//636 471//632
f 1414//636 1013//631 1467//633
f 1044//638 95//639 1418//640
f 1786//641 1773//642 1526//643
f 1044//638 1786//641 1526//643
f 1786//641 546//644 1773//642
f 1844//427 423//645 237//646
f 1855//647 423//645 1844//427
f 856//648 1349//630 471//632
f 856//648 612//649 1349//630
f 45//650 1721//130 327//132
f 456//331 45//650 327//132
f 45//650 456//331 1586//293
f 1481//329 45//650 1586//293
f 1650//651 410//369 1596//395
f 1502//652 168//653 1596//395
f 1081//654 168//653 1502//652
f 168//653 1081//654 1214//655
f 703//656 80//343 1890//304
f 794//303 703//656 1890//304
f 1637//657 80//343 549//658
f 80//343 1637//657 260//300
f 1303//659 1081//654 1502//652
f 1034//328 1127//660 1370//129
f 772//661 1793//316 242//317
f 555//662 544//297 334//299
f 555//662 334//299 242//317
f 790//663 555//662 242//317
f 1441//664 790//663 1309//665
f 1441//664 676//666 1902//332
f 1441//664 1309//665 306//310
f 676//666 1441//664 306//310
f 688//301 1538//667 1404//302
f 1538//667 1807//668 574//669
f 1807//668 1538//667 688//301
f 1807//668 591//670 959//671
f 591//670 1807//668 688//301
f 1600//672 131//305 590//167
f 1591//306 1600//672 590//167
f 131//305 1600//672 447//123
f 1600//672 1591//306 447//123
f 1398//673 1506//674 107//675
f 1506//674 1398//673 517//135
f 517//135 1398//673 439//136
f 1398//673 1769//311 439//136
f 289//676 734//308 11//314
f 1877//313 289//676 11//314
f 1160//161 1560//677 12//125
f 1560//677 1877//313 12//125
f 1560//677 1395//164 21//374
f 1560//677 1160//161 1395//164
f 1309//665 897//678 306//310
f 897//678 734//308 306//310
f 734//308 897//678 11//314
f 996//679 882//124 11//314
f 897//678 996//679 11//314
f 996//679 897//678 949//680
f 996//679 923//315 882//124
f 923//315 996//679 949//680
f 1845//681 790//663 242//317
f 790//663 1845//681 1309//665
f 1845//681 897//678 1309//665
f 897//678 1845//681 949//680
f 842//115 1514//682 1099//116
f 1205//319 1514//682 842//115
f 1085//683 1205//319 1810//318
f 1085//683 1810//318 908//290
f 432//289 1085//683 908//290
f 1514//682 1085//683 1099//116
f 1085//683 1514//682 1205//319
f 1437//321 1203//684 1116//320
f 1203//684 947//322 1116//320
f 947//322 1203//684 457//324
f 1334//685 457//324 744//128
f 1334//685 947//322 457//324
f 1185//127 1334//685 744//128
f 947//322 1334//685 1185//127
f 702//686 468//687 1214//655
f 702//686 1034//328 1843//131
f 1081//654 702//686 1214//655
f 1150//688 1851//330 1408//325
f 1150//688 1408//325 292//689
f 1851//330 1178//690 456//331
f 1178//690 420//291 1586//293
f 456//331 1178//690 1586//293
f 824//691 1851//330 327//132
f 1851//330 824//691 1535//294
f 824//691 195//692 1535//294
f 364//327 824//691 327//132
f 195//692 824//691 364//327
f 104//693 731//126 744//128
f 104//693 1768//694 731//126
f 457//324 104//693 744//128
f 1113//323 104//693 457//324
f 91//695 1113//323 1680//326
f 1903//334 91//695 1680//326
f 1768//694 91//695 1903//334
f 91//695 104//693 1113//323
f 104//693 91//695 1768//694
f 286//696 1768//694 1903//334
f 1074//333 286//696 1903//334
f 1768//694 286//696 731//126
f 286//696 1551//697 731//126
f 1074//333 1310//698 107//675
f 1310//698 1398//673 107//675
f 676//666 1310//698 1902//332
f 1310//698 1074//333 1902//332
f 1310//698 676//666 306//310
f 1769//311 1310//698 306//310
f 1398//673 1310//698 1769//311
f 639//699 1074//333 107//675
f 639//699 1506//674 96//611
f 1506//674 639//699 107//675
f 727//700 92//701 1539//336
f 92//701 1705//335 1539//336
f 92//701 727//700 1046//702
f 1705//335 92//701 1046//702
f 1258//703 131//305 1440//133
f 1705//335 1258//703 1440//133
f 131//305 1258//703 1344//163
f 531//704 291//339 1046//702
f 531//704 572//338 291//339
f 727//700 531//704 1046//702
f 302//705 517//135 1296//134
f 302//705 1506//674 517//135
f 1479//609 302//705 1296//134
f 302//705 1479//609 96//611
f 1506//674 302//705 96//611
f 1616//706 1536//707 1329//708
f 612//649 1438//709 1349//630
f 863//342 466//710 1890//304
f 1118//634 1809//711 425//344
f 1809//711 863//342 425//344
f 704//712 569//713 846//714
f 569//713 704//712 1196//715
f 569//713 216//716 846//714
f 463//346 1486//717 679//347
f 629//718 835//719 1450//431
f 1122//142 25//720 210//143
f 25//720 491//349 210//143
f 25//720 1122//142 1782//144
f 25//720 1782//144 763//147
f 491//349 25//720 763//147
f 53//721 463//346 290//348
f 1598//722 438//151 1899//152
f 1598//722 1101//353 438//151
f 1598//722 1641//723 670//724
f 813//725 482//154 1631//153
f 235//357 1713//726 1653//71
f 1713//726 1510//354 228//356
f 1592//727 1725//155 1388//156
f 649//361 1592//727 1388//156
f 1355//362 232//728 430//157
f 1165//158 232//728 1874//360
f 232//728 1355//362 1874//360
f 1641//723 723//729 686//363
f 723//729 1598//722 1899//152
f 1598//722 723//729 1641//723
f 906//730 605//358 686//363
f 605//358 906//730 16//359
f 906//730 609//364 16//359
f 491//349 962//731 210//143
f 859//365 962//731 491//349
f 210//143 962//731 1062//21
f 962//731 1165//158 1062//21
f 962//731 232//728 1165//158
f 962//731 859//365 430//157
f 232//728 962//731 430//157
f 944//732 1605//733 1645//491
f 1605//733 944//732 1794//159
f 913//734 944//732 1645//491
f 944//732 913//734 1794//159
f 119//190 519//735 751//191
f 1605//733 519//735 119//190
f 1265//736 519//735 1605//733
f 1265//736 1157//496 278//497
f 1265//736 1794//159 1559//160
f 1265//736 1605//733 1794//159
f 1794//159 1016//737 1458//67
f 913//734 1016//737 1794//159
f 1016//737 701//285 1458//67
f 372//738 548//408 1922//409
f 802//739 1238//226 1701//228
f 787//740 1595//370 410//369
f 1650//651 787//740 410//369
f 1622//367 221//741 510//368
f 221//741 706//371 510//368
f 221//741 787//740 706//371
f 787//740 221//741 1184//404
f 1531//742 218//743 1674//118
f 218//743 1619//375 12//125
f 1619//375 218//743 1627//166
f 990//119 218//743 12//125
f 1674//118 218//743 990//119
f 716//744 1691//376 1278//9
f 1691//376 716//744 968//745
f 1691//376 1950//746 763//147
f 1950//746 1691//376 968//745
f 9//747 1950//746 968//745
f 1950//746 9//747 1176//351
f 1958//145 1950//746 1176//351
f 1950//746 1958//145 763//147
f 1688//748 1354//352 1176//351
f 9//747 1688//748 1176//351
f 1305//749 9//747 968//745
f 584//381 1750//750 1181//384
f 1750//750 584//381 618//380
f 584//381 902//751 1283//382
f 902//751 584//381 528//752
f 1366//383 419//753 584//381
f 584//381 419//753 528//752
f 528//752 419//753 595//754
f 419//753 1483//386 595//754
f 1483//386 419//753 1128//387
f 568//8 176//755 1278//9
f 176//755 954//378 1278//9
f 692//756 1366//383 265//757
f 692//756 768//385 1128//387
f 419//753 692//756 1128//387
f 692//756 419//753 1366//383
f 1970//758 1616//706 1329//708
f 1970//758 768//385 130//759
f 1970//758 1093//141 627//139
f 1483//386 1970//758 1329//708
f 768//385 1970//758 1483//386
f 825//138 1970//758 627//139
f 1616//706 1970//758 825//138
f 1836//760 953//761 1196//715
f 704//712 1836//760 1196//715
f 953//761 1639//762 1264//763
f 214//764 894//765 1790//766
f 985//767 567//768 892//769
f 554//169 671//770 1804//170
f 671//770 1224//771 1804//170
f 1235//393 799//772 715//392
f 1314//394 1319//773 1596//395
f 812//774 1297//775 285//776
f 479//402 1232//777 1256//401
f 1114//405 1232//777 479//402
f 1232//777 501//397 1256//401
f 697//778 1213//779 1554//445
f 1017//780 697//778 154//412
f 362//415 1964//781 155//416
f 1822//72 1964//781 173//22
f 1964//781 1822//72 155//416
f 721//782 362//415 1749//420
f 721//782 1964//781 362//415
f 362//415 51//783 1749//420
f 51//783 362//415 1030//414
f 51//783 1030//414 1281//419
f 1999//418 51//783 1281//419
f 1749//420 51//783 1920//422
f 51//783 1999//418 1920//422
f 1781//784 928//423 1813//785
f 928//423 1781//784 504//70
f 434//440 1234//786 539//441
f 1723//787 1781//784 1813//785
f 1781//784 1723//787 1287//788
f 1399//417 1966//789 539//441
f 1966//789 184//439 539//441
f 1939//790 891//421 1920//422
f 1999//418 1939//790 1920//422
f 1399//417 1939//790 1999//418
f 740//791 891//421 1813//785
f 928//423 740//791 1813//785
f 891//421 740//791 1543//39
f 740//791 928//423 1543//39
f 964//792 1855//647 1844//427
f 1434//430 1824//793 1365//435
f 1824//793 1831//433 1030//414
f 1831//433 1257//794 1281//419
f 1257//794 1399//417 1281//419
f 1257//794 1966//789 1399//417
f 184//439 1257//794 417//795
f 1966//789 1257//794 184//439
f 475//796 1030//414 155//416
f 1989//797 475//796 1325//174
f 971//798 1989//797 1325//174
f 465//355 971//798 228//356
f 1299//799 971//798 465//355
f 971//798 1299//799 269//800
f 126//801 1781//784 780//802
f 126//801 1577//436 504//70
f 1781//784 126//801 504//70
f 1564//803 118//437 899//804
f 118//437 1564//803 1727//177
f 1564//803 682//446 1727//177
f 118//437 1206//805 1287//788
f 1206//805 118//437 351//176
f 1577//436 1206//805 351//176
f 126//801 1206//805 1577//436
f 434//440 1741//806 899//804
f 1338//442 1741//806 434//440
f 1741//806 1564//803 899//804
f 1564//803 1741//806 677//807
f 1602//808 415//413 392//809
f 567//768 1784//810 892//769
f 1784//810 417//795 892//769
f 1784//810 184//439 417//795
f 486//811 806//179 487//74
f 1107//443 486//811 487//74
f 486//811 1699//812 806//179
f 836//178 1565//813 1042//73
f 415//413 1632//814 392//809
f 1420//444 1632//814 415//413
f 1632//814 158//815 392//809
f 158//815 1217//816 677//807
f 1892//75 76//817 1389//77
f 76//817 356//447 1389//77
f 76//817 1057//818 356//447
f 1057//818 76//817 1348//819
f 914//820 800//450 1233//180
f 1668//821 914//820 659//822
f 914//820 1668//821 800//450
f 85//823 1770//824 1233//180
f 1770//824 622//825 1233//180
f 318//826 1830//451 1106//519
f 1830//451 318//826 32//452
f 1661//509 1828//827 473//508
f 1828//827 1663//828 473//508
f 1828//827 725//511 1050//829
f 911//830 1106//519 473//508
f 1663//828 911//830 473//508
f 318//826 911//830 32//452
f 911//830 622//825 32//452
f 1951//459 125//831 664//457
f 125//831 725//511 664//457
f 125//831 820//832 1050//829
f 725//511 125//831 1050//829
f 1328//833 837//834 1050//829
f 820//832 1328//833 1050//829
f 272//835 1020//836 1189//837
f 1487//838 893//839 1951//459
f 893//839 125//831 1951//459
f 125//831 893//839 820//832
f 339//461 1696//840 345//50
f 1696//840 339//461 407//462
f 1580//464 1696//840 407//462
f 1696//840 1133//79 345//50
f 1696//840 1580//464 1133//79
f 1307//467 1881//841 1642//186
f 1642//186 1881//841 1618//234
f 1881//841 1453//232 1618//234
f 526//187 1218//842 1144//2
f 1212//468 1218//842 526//187
f 1039//843 1212//468 345//50
f 1039//843 1154//48 1144//2
f 1154//48 1039//843 345//50
f 1218//842 1039//843 1144//2
f 1039//843 1218//842 1212//468
f 687//469 1155//844 1051//470
f 1038//84 1803//845 390//87
f 687//469 1803//845 1038//84
f 1803//845 687//469 643//466
f 1069//465 1803//845 643//466
f 1803//845 1069//465 390//87
f 1105//846 288//847 73//848
f 288//847 1552//478 73//848
f 1151//476 288//847 735//477
f 288//847 1105//846 735//477
f 288//847 2003//479 1552//478
f 2003//479 288//847 1151//476
f 87//849 1574//471 992//474
f 87//849 687//469 1038//84
f 1574//471 87//849 1038//84
f 87//849 1177//475 735//477
f 1155//844 87//849 735//477
f 87//849 1155//844 687//469
f 1177//475 412//850 1151//476
f 412//850 2003//479 1151//476
f 412//850 1177//475 647//560
f 412//850 647//560 363//480
f 2003//479 412//850 363//480
f 1066//851 1630//852 167//188
f 1630//852 1640//481 167//188
f 1630//852 1066//851 90//199
f 1974//81 1630//852 90//199
f 1640//481 1630//852 1974//81
f 1720//853 1321//854 1336//855
f 1321//854 1105//846 1336//855
f 1105//846 1321//854 1912//856
f 413//857 1720//853 1336//855
f 1731//485 489//858 714//486
f 489//858 1878//483 832//196
f 489//858 1731//485 1878//483
f 445//859 1731//485 1728//484
f 445//859 1228//498 878//500
f 1228//498 445//859 1728//484
f 1878//483 445//859 878//500
f 1731//485 445//859 1878//483
f 904//860 1064//292 420//291
f 637//488 904//860 420//291
f 904//860 637//488 1119//494
f 157//489 282//861 750//490
f 282//861 1594//624 750//490
f 490//862 1605//733 119//190
f 490//862 282//861 157//489
f 1605//733 490//862 1645//491
f 490//862 157//489 1645//491
f 490//862 119//190 1693//493
f 282//861 490//862 1693//493
f 376//863 1119//494 262//193
f 784//192 376//863 262//193
f 1706//864 1552//478 363//480
f 1193//865 784//192 1812//189
f 1223//495 1193//865 1812//189
f 1382//198 1433//866 1974//81
f 1791//501 1433//866 1382//198
f 1433//866 313//89 1974//81
f 1433//866 1791//501 313//89
f 866//503 102//867 1164//202
f 102//867 866//503 1272//868
f 1048//869 205//518 256//870
f 1106//519 1048//869 473//508
f 205//518 1048//869 1106//519
f 1390//871 1035//872 1944//873
f 1096//874 1390//871 1944//873
f 1194//875 1811//504 105//505
f 1035//872 1194//875 1944//873
f 1194//875 105//505 1944//873
f 916//876 797//510 307//506
f 916//876 1096//874 1944//873
f 797//510 916//876 1944//873
f 105//505 886//877 1944//873
f 725//511 886//877 105//505
f 886//877 1828//827 1661//509
f 1828//827 886//877 725//511
f 957//878 624//200 1164//202
f 624//200 864//879 382//880
f 957//878 864//879 624//200
f 864//879 957//878 1895//881
f 1936//882 29//883 881//884
f 1117//885 29//883 344//886
f 29//883 1117//885 881//884
f 29//883 1677//515 344//886
f 29//883 1936//882 191//516
f 1677//515 29//883 191//516
f 1031//887 1447//888 115//889
f 1031//887 1936//882 881//884
f 1758//890 1031//887 881//884
f 1031//887 1758//890 1447//888
f 708//891 1308//892 1445//893
f 753//894 1017//780 154//412
f 1271//895 888//896 705//897
f 888//896 1271//895 1126//898
f 1271//895 697//778 1126//898
f 753//894 1188//899 1017//780
f 888//896 1188//899 1987//900
f 1188//899 888//896 1126//898
f 1188//899 697//778 1017//780
f 697//778 1188//899 1126//898
f 1777//901 1830//451 1186//455
f 1777//901 205//518 1830//451
f 205//518 1777//901 256//870
f 593//902 1353//522 304//903
f 1353//522 823//904 304//903
f 283//905 1742//532 967//906
f 1654//907 283//905 2004//528
f 1742//532 1654//907 1470//533
f 283//905 1654//907 1742//532
f 1742//532 379//908 873//909
f 379//908 593//902 873//909
f 593//902 379//908 1353//522
f 325//910 1617//531 1243//523
f 1617//531 325//910 1742//532
f 325//910 379//908 1742//532
f 1410//911 1546//534 1221//526
f 1954//536 1018//912 867//527
f 1208//524 1018//912 3//913
f 1018//912 1208//524 867//527
f 1018//912 1380//914 3//913
f 1755//915 1018//912 1954//536
f 1755//915 1617//531 1380//914
f 1018//912 1755//915 1380//914
f 1896//513 1522//916 963//514
f 1522//916 56//917 963//514
f 1357//238 1719//918 1139//237
f 1029//577 324//919 297//233
f 324//919 1416//537 297//233
f 324//919 1719//918 1416//537
f 324//919 1029//577 1139//237
f 1719//918 324//919 1139//237
f 1681//920 1495//538 1516//104
f 1681//920 1516//104 1976//106
f 1495//538 1870//921 1462//204
f 418//922 1613//557 1161//559
f 1613//557 418//922 890//923
f 418//922 1528//539 1145//205
f 1261//924 418//922 1145//205
f 767//100 494//925 933//182
f 1930//209 1063//926 809//210
f 373//927 1911//555 1070//224
f 373//927 558//928 1816//556
f 1911//555 373//927 1816//556
f 739//929 541//930 452//931
f 541//930 1982//932 1711//933
f 543//934 1869//541 713//935
f 1063//926 543//934 713//935
f 543//934 1063//926 1930//209
f 46//213 543//934 1930//209
f 1869//541 543//934 46//213
f 783//542 1571//936 1022//206
f 1571//936 254//937 152//15
f 1571//936 152//15 161//1
f 1022//206 1571//936 161//1
f 1571//936 875//938 758//939
f 1140//940 480//540 1142//941
f 1140//940 783//542 480//540
f 875//938 1140//940 1142//941
f 1140//940 1571//936 783//542
f 1571//936 1140//940 875//938
f 1136//942 207//943 315//944
f 1063//926 1136//942 1921//945
f 1136//942 1063//926 713//935
f 207//943 1136//942 713//935
f 1377//946 875//938 1142//941
f 875//938 1377//946 758//939
f 1625//947 1377//946 1142//941
f 19//948 589//544 1025//55
f 502//543 19//948 1025//55
f 1978//546 182//949 941//103
f 1759//950 558//928 515//549
f 1436//548 1759//950 515//549
f 69//951 1436//548 114//547
f 69//951 1245//952 1568//953
f 368//954 492//955 1245//952
f 492//955 1806//545 589//544
f 1684//956 113//219 1545//207
f 1684//956 1747//550 113//219
f 1684//956 1545//207 161//1
f 1747//550 1684//956 161//1
f 1735//957 209//552 1615//222
f 209//552 1735//957 1468//223
f 1070//224 1735//957 1615//222
f 1735//957 1070//224 1468//223
f 1419//558 610//958 1289//561
f 1289//561 610//958 354//959
f 658//960 1419//558 1613//557
f 658//960 1391//961 1419//558
f 973//962 651//562 1238//226
f 973//962 1288//963 651//562
f 1288//963 973//962 1601//964
f 802//739 973//962 1238//226
f 1045//965 226//565 259//566
f 1220//573 623//966 1561//525
f 1561//525 623//966 1221//526
f 623//966 1410//911 1221//526
f 1579//967 1351//563 651//562
f 226//565 1579//967 651//562
f 1351//563 1579//967 1929//564
f 1579//967 1220//573 1929//564
f 1579//967 623//966 1220//573
f 1143//569 1904//968 259//566
f 1045//965 1904//968 998//969
f 1904//968 1045//965 259//566
f 1904//968 1599//570 998//969
f 1904//968 1143//569 1599//570
f 79//970 1145//205 231//96
f 79//970 652//567 1145//205
f 67//571 1049//971 1701//228
f 1244//227 145//972 553//572
f 1220//573 145//972 1244//227
f 145//972 1220//573 243//973
f 349//529 336//974 98//530
f 401//975 336//974 349//529
f 1424//976 46//213 172//211
f 596//574 1424//976 172//211
f 1825//230 1606//977 309//231
f 1459//978 648//979 809//210
f 809//210 648//979 172//211
f 648//979 1825//230 172//211
f 33//980 1007//236 49//235
f 1555//981 1424//976 936//982
f 153//983 1254//984 766//463
f 339//461 153//983 766//463
f 1212//468 153//983 339//461
f 454//576 398//985 1029//577
f 398//985 49//235 1139//237
f 1029//577 398//985 1139//237
f 1040//986 1065//578 1833//86
f 258//239 1040//986 1833//86
f 1040//986 258//239 1415//241
f 577//242 1040//986 1415//241
f 1065//578 1040//986 577//242
f 1057//818 250//987 356//447
f 250//987 893//839 1487//838
f 84//988 134//989 211//990
f 106//991 211//990 749//584
f 106//991 628//587 857//248
f 198//591 106//991 857//248
f 211//990 106//991 198//591
f 93//586 919//992 922//255
f 628//587 919//992 93//586
f 106//991 919//992 628//587
f 868//993 1716//589 198//591
f 1716//589 868//993 163//247
f 868//993 198//591 857//248
f 163//247 868//993 857//248
f 217//994 983//995 1401//996
f 217//994 1636//593 907//581
f 1636//593 217//994 1401//996
f 983//995 217//994 1189//837
f 1020//836 602//997 1189//837
f 602//997 983//995 1189//837
f 1943//258 1021//998 264//253
f 1730//999 1021//998 1337//1000
f 1819//597 506//1001 514//110
f 1997//1002 506//1001 1167//1003
f 514//110 506//1001 850//95
f 506//1001 1997//1002 850//95
f 440//596 1379//1004 1819//597
f 1379//1004 1730//999 1819//597
f 1379//1004 440//596 1868//595
f 1505//251 1379//1004 1868//595
f 1379//1004 1505//251 264//253
f 1021//998 1379//1004 264//253
f 1379//1004 1021//998 1730//999
f 1730//999 1100//1005 1819//597
f 1100//1005 1730//999 1337//1000
f 1980//1006 1880//599 348//601
f 1880//599 1980//1006 474//260
f 979//266 1679//1007 798//262
f 1679//1007 1865//274 798//262
f 1865//274 1679//1007 1098//604
f 194//1008 1185//127 731//126
f 68//608 194//1008 731//126
f 194//1008 68//608 908//290
f 1810//318 194//1008 908//290
f 194//1008 1810//318 1185//127
f 1760//610 1726//1009 96//611
f 1726//1009 639//699 96//611
f 1551//697 1726//1009 731//126
f 1726//1009 843//271 731//126
f 1726//1009 644//272 843//271
f 1726//1009 1760//610 644//272
f 681//1010 1001//275 748//277
f 681//1010 927//612 1001//275
f 1847//268 681//1010 748//277
f 927//612 681//1010 1847//268
f 1865//274 1657//1011 1246//263
f 1657//1011 927//612 1246//263
f 927//612 1657//1011 1001//275
f 141//1012 966//276 1479//609
f 1953//615 141//1012 1479//609
f 966//276 141//1012 748//277
f 141//1012 1460//614 748//277
f 141//1012 1953//615 1460//614
f 1840//1013 592//619 999//281
f 1840//1013 1971//626 536//627
f 50//605 1840//1013 536//627
f 592//619 1840//1013 50//605
f 1405//117 1008//1014 1692//11
f 905//616 1008//1014 1405//117
f 1008//1014 690//280 1692//11
f 1008//1014 905//616 690//280
f 1745//1015 383//617 999//281
f 1225//618 1745//1015 999//281
f 1027//113 921//1016 1110//33
f 383//617 921//1016 1027//113
f 921//1016 177//61 1110//33
f 1722//1017 323//284 496//283
f 1722//1017 1225//618 323//284
f 1751//1018 1587//620 1097//114
f 1587//620 1751//1018 1456//1019
f 1751//1018 1097//114 1099//116
f 565//1020 1647//62 484//63
f 1587//620 565//1020 484//63
f 565//1020 1587//620 1456//1019
f 833//1021 1097//114 13//621
f 1452//625 77//1022 1797//1023
f 77//1022 833//1021 13//621
f 1762//622 77//1022 13//621
f 77//1022 1762//622 1797//1023
f 179//1024 282//861 1693//493
f 282//861 179//1024 1594//624
f 1277//1025 132//1026 255//487
f 81//1027 132//1026 1277//1025
f 81//1027 637//488 255//487
f 132//1026 81//1027 255//487
f 361//286 1120//1028 536//627
f 1120//1028 357//628 536//627
f 1316//1029 432//289 50//605
f 357//628 1316//1029 50//605
f 978//1030 592//619 50//605
f 592//619 978//1030 472//265
f 978//1030 1426//264 472//265
f 978//1030 979//266 1426//264
f 978//1030 1286//1031 979//266
f 1629//603 950//1032 50//605
f 950//1032 978//1030 50//605
f 978//1030 950//1032 1286//1031
f 35//1033 1044//638 1526//643
f 1044//638 35//1033 95//639
f 1925//1034 1786//641 1235//393
f 1925//1034 759//391 684//1035
f 1925//1034 1235//393 759//391
f 1925//1034 546//644 1786//641
f 1786//641 940//1036 1235//393
f 940//1036 1775//1037 563//1038
f 1235//393 940//1036 563//1038
f 940//1036 1786//641 1044//638
f 940//1036 1044//638 1418//640
f 1182//1039 1925//1034 684//1035
f 1925//1034 1182//1039 546//644
f 1609//1040 527//1041 525//1042
f 527//1041 1609//1040 1633//1043
f 527//1041 738//1044 525//1042
f 738//1044 423//645 525//1042
f 35//1033 738//1044 95//639
f 95//639 738//1044 1633//1043
f 738//1044 527//1041 1633//1043
f 1609//1040 1739//1045 1644//1046
f 1739//1045 1609//1040 525//1042
f 45//650 1963//1047 1721//130
f 1963//1047 45//650 1481//329
f 706//371 1744//1048 711//372
f 930//1049 168//653 1364//1050
f 930//1049 1650//651 1596//395
f 168//653 930//1049 1596//395
f 1391//961 1965//1051 329//1052
f 1965//1051 658//960 31//1053
f 658//960 1965//1051 1391//961
f 610//958 1473//1054 354//959
f 1473//1054 610//958 329//1052
f 1965//1051 1473//1054 329//1052
f 1473//1054 1965//1051 507//1055
f 920//1056 1064//292 300//1057
f 920//1056 1481//329 1064//292
f 1298//1058 688//301 260//300
f 1637//657 1298//1058 260//300
f 1298//1058 591//670 688//301
f 1298//1058 1637//657 549//658
f 591//670 1298//1058 549//658
f 585//1059 1303//659 1404//302
f 1303//659 585//1059 1556//1060
f 388//1061 1807//668 959//671
f 772//661 388//1061 959//671
f 1604//1062 148//298 544//297
f 1556//1060 1604//1062 1317//1063
f 1604//1062 585//1059 1404//302
f 585//1059 1604//1062 1556//1060
f 829//1064 1127//660 1034//328
f 702//686 829//1064 1034//328
f 656//1065 794//303 1793//316
f 1327//1066 703//656 794//303
f 1327//1066 772//661 959//671
f 1327//1066 591//670 549//658
f 591//670 1327//1066 959//671
f 555//662 461//1067 633//1068
f 461//1067 555//662 790//663
f 1441//664 1588//1069 790//663
f 1588//1069 461//1067 790//663
f 1952//295 1588//1069 1544//296
f 461//1067 1588//1069 1952//295
f 275//1070 123//309 734//308
f 289//676 275//1070 734//308
f 275//1070 289//676 1877//313
f 225//1071 1845//681 242//317
f 1845//681 225//1071 949//680
f 923//315 225//1071 242//317
f 225//1071 923//315 949//680
f 299//1072 1203//684 1437//321
f 299//1072 355//1073 292//689
f 355//1073 299//1072 1437//321
f 1408//325 299//1072 292//689
f 457//324 299//1072 1408//325
f 1203//684 299//1072 457//324
f 961//1074 1952//295 1535//294
f 195//692 961//1074 1535//294
f 461//1067 1058//1075 633//1068
f 1058//1075 461//1067 1952//295
f 1058//1075 364//327 633//1068
f 1058//1075 195//692 364//327
f 961//1074 1058//1075 1952//295
f 1058//1075 961//1074 195//692
f 702//686 183//1076 468//687
f 1150//688 1191//1077 1851//330
f 1191//1077 1178//690 1851//330
f 1258//703 287//1078 1344//163
f 287//1078 1258//703 1705//335
f 287//1078 1395//164 1344//163
f 1395//164 287//1078 291//339
f 291//339 287//1078 1046//702
f 287//1078 1705//335 1046//702
f 1520//1079 1115//337 462//7
f 673//1080 1479//609 1296//134
f 218//743 316//1081 1627//166
f 316//1081 218//743 1531//742
f 1655//1082 1616//706 825//138
f 1655//1082 825//138 234//69
f 1080//340 1655//1082 234//69
f 1655//1082 316//1081 965//1083
f 732//1084 1536//707 1616//706
f 1536//707 1134//1085 1329//708
f 1483//386 1134//1085 595//754
f 1134//1085 1483//386 1329//708
f 1134//1085 1536//707 1949//1086
f 466//710 346//1087 1156//1088
f 346//1087 466//710 863//342
f 466//710 654//1089 1531//742
f 654//1089 316//1081 1531//742
f 316//1081 654//1089 965//1083
f 654//1089 466//710 1156//1088
f 1977//1090 1531//742 1674//118
f 1977//1090 466//710 1531//742
f 1977//1090 1674//118 729//120
f 1890//304 1977//1090 729//120
f 466//710 1977//1090 1890//304
f 1438//709 575//1091 1349//630
f 1204//1092 943//1093 1384//1094
f 551//1095 943//1093 1204//1092
f 943//1093 1836//760 1384//1094
f 1121//1096 1204//1092 66//1097
f 1121//1096 551//1095 1204//1092
f 1910//345 1121//1096 66//1097
f 551//1095 1121//1096 719//1098
f 1121//1096 1910//345 1780//148
f 1354//352 1121//1096 1780//148
f 1688//748 1121//1096 1354//352
f 808//1099 569//713 1196//715
f 808//1099 953//761 1264//763
f 953//761 808//1099 1196//715
f 216//716 88//1100 846//714
f 1486//717 88//1100 216//716
f 88//1100 1486//717 463//346
f 579//1101 835//719 1231//1102
f 181//429 579//1101 1893//426
f 579//1101 181//429 1450//431
f 835//719 579//1101 1450//431
f 699//1103 1299//799 465//355
f 679//347 699//1103 465//355
f 1486//717 699//1103 679//347
f 699//1103 1486//717 216//716
f 1299//799 699//1103 216//716
f 1583//1104 629//718 1450//431
f 189//1105 1299//799 216//716
f 1583//1104 189//1105 629//718
f 189//1105 1583//1104 1299//799
f 1101//353 1779//1106 290//348
f 1598//722 1779//1106 1101//353
f 1779//1106 53//721 290//348
f 822//1107 1510//354 482//154
f 813//725 822//1107 482//154
f 1510//354 822//1107 465//355
f 822//1107 679//347 465//355
f 679//347 1431//1108 290//348
f 1431//1108 1631//153 290//348
f 1431//1108 813//725 1631//153
f 822//1107 1431//1108 679//347
f 1431//1108 822//1107 813//725
f 1713//726 86//1109 1510//354
f 86//1109 1713//726 235//357
f 1510//354 86//1109 482//154
f 86//1109 235//357 482//154
f 931//1110 1592//727 649//361
f 1882//1111 931//1110 649//361
f 931//1110 1882//1111 1383//65
f 1592//727 931//1110 1725//155
f 931//1110 1383//65 1187//37
f 1853//66 931//1110 1187//37
f 931//1110 1853//66 1509//4
f 1725//155 931//1110 1509//4
f 609//364 1024//1112 16//359
f 1024//1112 649//361 16//359
f 1192//1113 1910//345 66//1097
f 1355//362 1192//1113 686//363
f 1192//1113 1355//362 1910//345
f 1192//1113 1641//723 686//363
f 1641//723 1359//1114 670//724
f 811//1115 1359//1114 1641//723
f 1359//1114 53//721 670//724
f 1138//1116 1204//1092 1384//1094
f 1204//1092 1138//1116 66//1097
f 906//730 6//1117 609//364
f 609//364 6//1117 1899//152
f 6//1117 723//729 1899//152
f 723//729 6//1117 686//363
f 6//1117 906//730 686//363
f 94//1118 1265//736 278//497
f 94//1118 1228//498 751//191
f 1228//498 94//1118 278//497
f 519//735 94//1118 751//191
f 1265//736 94//1118 519//735
f 986//1119 1265//736 1559//160
f 1265//736 986//1119 1157//496
f 1292//195 986//1119 1559//160
f 1157//496 986//1119 1292//195
f 1016//737 44//1120 701//285
f 1222//1121 372//738 1922//409
f 1222//1121 779//407 1184//404
f 779//407 1222//1121 1922//409
f 1397//366 674//1122 1622//367
f 802//739 674//1122 1397//366
f 674//1122 1222//1121 1622//367
f 1222//1121 674//1122 372//738
f 372//738 674//1122 548//408
f 674//1122 1049//971 548//408
f 674//1122 802//739 1701//228
f 1049//971 674//1122 1701//228
f 39//1123 1613//557 890//923
f 39//1123 658//960 1613//557
f 658//960 39//1123 31//1053
f 566//1124 1397//366 510//368
f 787//740 1856//1125 1595//370
f 1293//403 1856//1125 1184//404
f 1856//1125 787//740 1184//404
f 1856//1125 1472//171 662//173
f 1595//370 1856//1125 662//173
f 1856//1125 1846//400 1472//171
f 1856//1125 1293//403 1846//400
f 221//741 1752//1126 1184//404
f 1752//1126 221//741 1622//367
f 1752//1126 1222//1121 1184//404
f 1222//1121 1752//1126 1622//367
f 716//744 1033//1127 968//745
f 142//1128 528//752 595//754
f 1041//1129 1438//709 612//649
f 1750//750 1850//1130 1198//379
f 1850//1130 1750//750 618//380
f 672//1131 1850//1130 618//380
f 1850//1130 393//377 1198//379
f 1366//383 603//1132 265//757
f 120//1133 692//756 265//757
f 120//1133 265//757 568//8
f 938//20 120//1133 568//8
f 333//1134 597//1135 130//759
f 597//1135 1970//758 130//759
f 1970//758 597//1135 1093//141
f 1093//141 597//1135 938//20
f 597//1135 120//1133 938//20
f 120//1133 597//1135 333//1134
f 1241//1136 530//1137 719//1098
f 1836//760 530//1137 953//761
f 530//1137 1639//762 953//761
f 943//1093 530//1137 1836//760
f 530//1137 551//1095 719//1098
f 530//1137 943//1093 551//1095
f 1241//1136 640//1138 1197//1139
f 640//1138 1241//1136 1087//1140
f 2//1141 640//1138 1087//1140
f 560//1142 977//411 415//413
f 894//765 1476//1143 1790//766
f 1476//1143 894//765 1792//390
f 26//1144 894//765 214//764
f 238//1145 1844//427 237//646
f 238//1145 1712//428 1844//427
f 116//1146 1028//1147 817//1148
f 989//1149 238//1145 116//1146
f 567//768 2000//1150 200//1151
f 985//767 2000//1150 567//768
f 229//1152 116//1146 817//1148
f 229//1152 989//1149 116//1146
f 1378//1153 1232//777 1114//405
f 335//398 1378//1153 1461//399
f 1472//171 653//1154 712//172
f 1846//400 653//1154 1472//171
f 653//1154 1508//1155 712//172
f 1508//1155 2002//1156 712//172
f 2002//1156 1508//1155 1533//1157
f 1623//1158 1235//393 563//1038
f 1623//1158 799//772 1235//393
f 799//772 215//1159 912//1160
f 1533//1157 215//1159 34//1161
f 215//1159 1623//1158 34//1161
f 1623//1158 215//1159 799//772
f 1467//633 499//1162 1023//637
f 940//1036 1280//1163 1775//1037
f 736//1164 1303//659 1502//652
f 678//1165 1319//773 1314//394
f 779//407 1210//1166 481//406
f 145//972 1737//1167 553//572
f 1621//410 178//1168 1554//445
f 178//1168 697//778 1554//445
f 178//1168 1621//410 154//412
f 697//778 178//1168 154//412
f 391//1169 1749//420 1543//39
f 391//1169 721//782 1749//420
f 391//1169 1543//39 173//22
f 1964//781 391//1169 173//22
f 721//782 391//1169 1964//781
f 503//1170 1939//790 1399//417
f 1939//790 503//1170 891//421
f 891//421 503//1170 1813//785
f 503//1170 1723//787 1813//785
f 503//1170 1399//417 539//441
f 1234//786 503//1170 539//441
f 636//1171 1575//424 1893//426
f 1575//424 636//1171 1844//427
f 636//1171 964//792 1844//427
f 1521//1172 636//1171 1956//1173
f 636//1171 1521//1172 964//792
f 964//792 1521//1172 1855//647
f 533//1174 1989//797 1365//435
f 1824//793 533//1174 1365//435
f 1822//72 1643//1175 155//416
f 1643//1175 475//796 155//416
f 1325//174 1643//1175 1822//72
f 475//796 1643//1175 1325//174
f 971//798 1542//1176 228//356
f 1542//1176 971//798 1325//174
f 1542//1176 1713//726 228//356
f 1542//1176 1325//174 1653//71
f 1713//726 1542//1176 1653//71
f 1989//797 1885//1177 1365//435
f 971//798 1885//1177 1989//797
f 1885//1177 367//434 1365//435
f 367//434 1885//1177 269//800
f 1885//1177 971//798 269//800
f 1564//803 669//1178 682//446
f 669//1178 1564//803 677//807
f 1206//805 1274//1179 1287//788
f 1781//784 1274//1179 780//802
f 1274//1179 1781//784 1287//788
f 1274//1179 126//801 780//802
f 1274//1179 1206//805 126//801
f 1219//1180 1741//806 1338//442
f 1741//806 1219//1180 677//807
f 1219//1180 158//815 677//807
f 1602//808 1350//1181 567//768
f 1350//1181 1784//810 567//768
f 1919//1182 1338//442 184//439
f 1784//810 1919//1182 184//439
f 1350//1181 1919//1182 1784//810
f 1471//1183 486//811 1107//443
f 486//811 1471//1183 1699//812
f 224//1184 1565//813 836//178
f 498//1185 1372//1186 1554//445
f 1213//779 498//1185 1554//445
f 253//1187 498//1185 1213//779
f 1330//1188 840//454 1985//453
f 1372//1186 1330//1188 1985//453
f 840//454 1330//1188 1186//455
f 1330//1188 253//1187 1186//455
f 1330//1188 498//1185 253//1187
f 498//1185 1330//1188 1372//1186
f 1372//1186 1429//1189 1554//445
f 1429//1189 1788//1190 1554//445
f 1788//1190 1429//1189 1217//816
f 1217//816 1429//1189 677//807
f 1429//1189 669//1178 677//807
f 32//452 1500//1191 1985//453
f 1714//1192 1500//1191 32//452
f 1500//1191 1372//1186 1985//453
f 76//817 1444//1193 1348//819
f 109//1194 1444//1193 659//822
f 1444//1193 109//1194 1348//819
f 1444//1193 76//817 1892//75
f 1668//821 1444//1193 1892//75
f 1444//1193 1668//821 659//822
f 1333//1195 1057//818 1348//819
f 109//1194 1333//1195 1348//819
f 1057//818 1333//1195 139//1196
f 807//1197 914//820 1233//180
f 598//1198 1892//75 487//74
f 598//1198 1668//821 1892//75
f 800//450 598//1198 487//74
f 1668//821 598//1198 800//450
f 1699//812 745//1199 806//179
f 806//179 745//1199 1233//180
f 745//1199 85//823 1233//180
f 1211//1200 318//826 1106//519
f 911//830 1211//1200 1106//519
f 1211//1200 911//830 318//826
f 1430//1201 911//830 1663//828
f 911//830 1430//1201 622//825
f 622//825 1430//1201 1233//180
f 1515//1202 1430//1201 1663//828
f 972//1203 1515//1202 1663//828
f 837//834 972//1203 1050//829
f 1515//1202 972//1203 837//834
f 321//1204 109//1194 837//834
f 1333//1195 321//1204 139//1196
f 321//1204 1333//1195 109//1194
f 1499//1205 1895//881 1020//836
f 272//835 1499//1205 1020//836
f 1499//1205 864//879 1895//881
f 1499//1205 272//835 1347//456
f 893//839 1835//1206 820//832
f 1835//1206 1328//833 820//832
f 1453//232 267//1207 387//229
f 301//1208 1254//984 936//982
f 1584//1209 1307//467 766//463
f 1584//1209 1881//841 1307//467
f 1254//984 1584//1209 766//463
f 301//1208 1584//1209 1254//984
f 570//1210 1105//846 1912//856
f 1105//846 570//1210 735//477
f 570//1210 1155//844 735//477
f 570//1210 1066//851 167//188
f 296//1211 87//849 992//474
f 87//849 296//1211 1177//475
f 1177//475 296//1211 647//560
f 635//473 495//1212 992//474
f 296//1211 495//1212 647//560
f 495//1212 296//1211 992//474
f 1754//1213 409//1214 635//473
f 1754//1213 127//1215 409//1214
f 127//1215 1754//1213 1161//559
f 1066//851 193//1216 90//199
f 1321//854 193//1216 1912//856
f 193//1216 570//1210 1912//856
f 570//1210 193//1216 1066//851
f 796//1217 413//857 1336//855
f 796//1217 904//860 781//1218
f 796//1217 1706//864 904//860
f 1720//853 330//1219 714//486
f 413//857 330//1219 1720//853
f 330//1219 1223//495 714//486
f 330//1219 1193//865 1223//495
f 360//1220 376//863 784//192
f 376//863 360//1220 1119//494
f 360//1220 904//860 1119//494
f 904//860 360//1220 781//1218
f 1289//561 1166//1221 363//480
f 1166//1221 1706//864 363//480
f 1166//1221 1289//561 354//959
f 1906//1222 920//1056 300//1057
f 904//860 956//1223 1064//292
f 1706//864 956//1223 904//860
f 1064//292 956//1223 300//1057
f 1746//1224 1048//869 915//1225
f 1746//1224 307//506 473//508
f 1048//869 1746//1224 473//508
f 1746//1224 916//876 307//506
f 916//876 1746//1224 1096//874
f 1612//1226 1916//1227 256//870
f 1777//901 1612//1226 256//870
f 1048//869 220//1228 915//1225
f 220//1228 1862//1229 915//1225
f 1862//1229 220//1228 1916//1227
f 220//1228 1048//869 256//870
f 1916//1227 220//1228 256//870
f 1447//888 159//1230 115//889
f 1656//1231 797//510 1944//873
f 886//877 1656//1231 1944//873
f 797//510 1656//1231 1661//509
f 1656//1231 886//877 1661//509
f 395//1232 102//867 1020//836
f 1895//881 395//1232 1020//836
f 957//878 395//1232 1895//881
f 102//867 395//1232 1164//202
f 395//1232 957//878 1164//202
f 1194//875 458//1233 1811//504
f 458//1233 864//879 1811//504
f 864//879 458//1233 382//880
f 458//1233 1194//875 1035//872
f 1149//1234 1758//890 881//884
f 1117//885 1149//1234 881//884
f 624//200 1149//1234 320//201
f 755//512 1876//1235 1896//513
f 274//1236 812//774 285//776
f 1763//1237 274//1236 285//776
f 274//1236 1763//1237 48//1238
f 1297//775 369//1239 285//776
f 369//1239 1763//1237 285//776
f 1763//1237 369//1239 1427//1240
f 336//974 1442//1241 1960//1242
f 1442//1241 336//974 401//975
f 1//1243 1031//887 115//889
f 1031//887 1//1243 1936//882
f 1936//882 1//1243 191//516
f 1677//515 1973//1244 344//886
f 1308//892 1973//1244 1677//515
f 1341//1245 1308//892 708//891
f 1341//1245 708//891 963//514
f 56//917 1341//1245 963//514
f 1341//1245 1973//1244 1308//892
f 1931//388 816//1246 1268//389
f 1269//1247 1689//1248 977//411
f 1689//1248 1269//1247 746//1249
f 816//1246 1689//1248 1268//389
f 697//778 982//1250 1213//779
f 1271//895 982//1250 697//778
f 453//1251 328//1252 1320//1253
f 448//1254 453//1251 1320//1253
f 328//1252 1158//1255 1320//1253
f 1158//1255 328//1252 1941//1256
f 188//1257 453//1251 980//1258
f 453//1251 188//1257 328//1252
f 191//516 1497//1259 730//517
f 1857//1260 1862//1229 464//1261
f 1158//1255 1857//1260 464//1261
f 1857//1260 1158//1255 1941//1256
f 1763//1237 1153//1262 48//1238
f 72//1263 325//910 1243//523
f 325//910 72//1263 379//908
f 1353//522 72//1263 1243//523
f 379//908 72//1263 1353//522
f 1651//1264 1755//915 1373//521
f 1755//915 1651//1264 1617//531
f 1651//1264 1373//521 1243//523
f 1755//915 1628//1265 1373//521
f 18//535 1396//1266 1357//238
f 1396//1266 1719//918 1357//238
f 65//472 1055//1267 1976//106
f 1055//1267 1681//920 1976//106
f 1055//1267 65//472 1972//243
f 1870//921 1055//1267 1972//243
f 1681//920 1055//1267 1495//538
f 1055//1267 1870//921 1495//538
f 343//1268 1145//205 1686//568
f 343//1268 1261//924 1145//205
f 869//1269 1927//1270 890//923
f 418//922 869//1269 890//923
f 421//1271 513//1272 24//99
f 421//1271 24//99 726//92
f 1585//93 421//1271 726//92
f 421//1271 1585//93 850//95
f 1997//1002 421//1271 850//95
f 641//1273 1997//1002 1167//1003
f 641//1273 421//1271 1997//1002
f 421//1271 641//1273 513//1272
f 1131//45 1374//1274 386//44
f 1374//1274 1131//45 933//182
f 494//925 1948//1275 933//182
f 1948//1275 1374//1274 933//182
f 1374//1274 1948//1275 660//1276
f 1374//1274 587//1277 386//44
f 587//1277 1374//1274 660//1276
f 587//1277 1945//102 386//44
f 587//1277 1216//1278 1945//102
f 1285//1279 192//1280 1511//1281
f 587//1277 192//1280 1216//1278
f 1061//1282 1568//953 1491//1283
f 1494//1284 1061//1282 1491//1283
f 680//1285 1061//1282 1494//1284
f 18//535 268//1286 862//98
f 99//1287 480//540 223//208
f 99//1287 1875//1288 480//540
f 113//219 99//1287 223//208
f 1063//926 793//1289 809//210
f 793//1289 1063//926 1921//945
f 793//1289 1459//978 809//210
f 793//1289 33//980 1459//978
f 33//980 793//1289 1879//1290
f 1982//932 1141//1291 1711//933
f 1011//1292 1698//220 515//549
f 1698//220 1011//1292 1615//222
f 1011//1292 1070//224 1615//222
f 1658//1293 441//554 1891//225
f 1658//1293 1891//225 1816//556
f 720//1294 1860//1295 1625//947
f 1860//1295 720//1294 452//931
f 747//1296 720//1294 1625//947
f 720//1294 747//1296 1376//1297
f 630//1298 1136//942 535//1299
f 1136//942 630//1298 1921//945
f 630//1298 1141//1291 1879//1290
f 630//1298 793//1289 1921//945
f 793//1289 630//1298 1879//1290
f 630//1298 535//1299 1711//933
f 1141//1291 630//1298 1711//933
f 443//1300 1860//1295 452//931
f 1279//1301 758//939 1672//1302
f 994//1303 1279//1301 1672//1302
f 190//1304 1981//212 152//15
f 182//949 374//1305 941//103
f 941//103 374//1305 604//54
f 374//1305 502//543 604//54
f 1255//1306 19//948 502//543
f 1061//1282 1237//1307 1568//953
f 273//1308 164//1309 1092//1310
f 273//1308 1759//950 1436//548
f 22//1311 368//954 1245//952
f 1425//1312 114//547 1887//221
f 1425//1312 368//954 114//547
f 133//218 1425//1312 1887//221
f 1432//217 1425//1312 133//218
f 1425//1312 1432//217 203//1313
f 368//954 1425//1312 203//1313
f 1432//217 1421//1314 203//1313
f 1421//1314 368//954 203//1313
f 1421//1314 492//955 368//954
f 492//955 1421//1314 1806//545
f 1421//1314 1432//217 1025//55
f 1806//545 1421//1314 1025//55
f 1562//1315 610//958 1419//558
f 1391//961 1562//1315 1419//558
f 610//958 1562//1315 329//1052
f 1562//1315 1391//961 329//1052
f 308//1316 973//962 802//739
f 308//1316 802//739 1397//366
f 1927//1270 308//1316 1397//366
f 973//962 308//1316 1601//964
f 308//1316 869//1269 1601//964
f 869//1269 308//1316 1927//1270
f 1410//911 918//1317 998//969
f 918//1317 1045//965 998//969
f 1045//965 918//1317 226//565
f 619//1318 1579//967 226//565
f 1579//967 619//1318 623//966
f 652//567 831//1319 1599//570
f 831//1319 79//970 1599//570
f 79//970 831//1319 652//567
f 1311//1320 145//972 243//973
f 1311//1320 1737//1167 145//972
f 2001//1321 518//1322 1960//1242
f 1606//977 1995//1323 1459//978
f 1995//1323 648//979 1459//978
f 1995//1323 1606//977 1825//230
f 648//979 1995//1323 1825//230
f 331//1324 33//980 1879//1290
f 1007//236 331//1324 483//1325
f 33//980 331//1324 1007//236
f 124//1326 1736//575 1312//214
f 124//1326 1555//981 1736//575
f 46//213 124//1326 1312//214
f 1424//976 124//1326 46//213
f 1555//981 124//1326 1424//976
f 1555//981 876//1327 1736//575
f 1254//984 876//1327 936//982
f 876//1327 1555//981 936//982
f 153//983 1969//1328 1254//984
f 1969//1328 876//1327 1254//984
f 1969//1328 1212//468 526//187
f 1969//1328 153//983 1212//468
f 1736//575 1969//1328 526//187
f 876//1327 1969//1328 1736//575
f 40//1329 454//576 309//231
f 40//1329 398//985 454//576
f 1606//977 40//1329 309//231
f 40//1329 1606//977 1459//978
f 398//985 40//1329 49//235
f 40//1329 33//980 49//235
f 33//980 40//1329 1459//978
f 1130//1330 250//987 1487//838
f 250//987 1130//1330 356//447
f 356//447 1130//1330 394//449
f 394//449 1130//1330 722//76
f 1130//1330 1091//580 722//76
f 1091//580 303//1331 907//581
f 1130//1330 303//1331 1091//580
f 1347//456 1012//1332 1951//459
f 1012//1332 1487//838 1951//459
f 578//1333 1012//1332 1189//837
f 1012//1332 272//835 1189//837
f 272//835 1012//1332 1347//456
f 970//582 815//1334 1229//502
f 815//1334 970//582 749//584
f 211//990 815//1334 749//584
f 134//989 815//1334 211//990
f 1301//1335 866//503 1229//502
f 815//1334 1301//1335 1229//502
f 1301//1335 815//1334 134//989
f 866//503 1301//1335 1272//868
f 1301//1335 84//988 1272//868
f 1301//1335 134//989 84//988
f 668//1336 20//583 922//255
f 919//992 668//1336 922//255
f 887//1337 1611//1338 1848//58
f 1848//58 1611//1338 347//6
f 1611//1338 948//108 347//6
f 1611//1338 995//245 948//108
f 1907//1339 322//1340 1368//1341
f 322//1340 1907//1339 271//1342
f 1959//1343 774//1344 693//246
f 995//245 1959//1343 693//246
f 774//1344 1959//1343 414//1345
f 1959//1343 1907//1339 414//1345
f 1907//1339 1959//1343 271//1342
f 137//1346 1636//593 1401//996
f 934//592 103//1347 385//57
f 103//1347 1907//1339 1368//1341
f 1907//1339 103//1347 414//1345
f 103//1347 939//1348 414//1345
f 974//1349 602//997 1020//836
f 974//1349 102//867 1272//868
f 320//201 1756//1350 1164//202
f 1009//1351 1740//257 474//260
f 969//1352 1162//1353 718//1354
f 969//1352 1934//1355 1724//1356
f 1666//1357 506//1001 1819//597
f 1666//1357 969//1352 506//1001
f 969//1352 1666//1357 1934//1355
f 1100//1005 1666//1357 1819//597
f 1666//1357 1100//1005 1337//1000
f 1021//998 1666//1357 1337//1000
f 1934//1355 342//1358 1724//1356
f 1740//257 342//1358 1943//258
f 1666//1357 342//1358 1934//1355
f 342//1358 1021//998 1943//258
f 342//1358 1666//1357 1021//998
f 718//1354 853//1359 352//1360
f 332//1361 1726//1009 1551//697
f 1726//1009 332//1361 639//699
f 286//696 332//1361 1551//697
f 332//1361 286//696 1074//333
f 639//699 332//1361 1074//333
f 1657//1011 89//1362 1001//275
f 89//1362 1865//274 852//607
f 1001//275 89//1362 852//607
f 905//616 1252//1363 999//281
f 1252//1363 1840//1013 999//281
f 1252//1363 905//616 1405//117
f 1971//626 1252//1363 1405//117
f 1840//1013 1252//1363 1971//626
f 177//61 426//1364 8//3
f 921//1016 426//1364 177//61
f 1745//1015 1529//1365 400//1366
f 1529//1365 1722//1017 400//1366
f 1529//1365 1745//1015 1225//618
f 1722//1017 1529//1365 1225//618
f 1751//1018 405//1367 1456//1019
f 405//1367 1751//1018 1412//1368
f 1647//62 1170//1369 1646//287
f 565//1020 1170//1369 1647//62
f 1170//1369 565//1020 1456//1019
f 212//1370 1170//1369 1456//1019
f 833//1021 1753//1371 1097//114
f 981//1372 1753//1371 1260//1373
f 1753//1371 77//1022 1260//1373
f 77//1022 1753//1371 833//1021
f 752//1374 1437//321 842//115
f 752//1374 355//1073 1437//321
f 752//1374 1335//1375 355//1073
f 1335//1375 233//1376 355//1073
f 233//1376 1335//1375 1150//688
f 355//1073 233//1376 292//689
f 233//1376 1150//688 292//689
f 1109//1377 179//1024 1693//493
f 179//1024 1109//1377 1277//1025
f 1275//492 1109//1377 1693//493
f 1109//1377 81//1027 1277//1025
f 1109//1377 1275//492 637//488
f 81//1027 1109//1377 637//488
f 128//1378 179//1024 1277//1025
f 128//1378 1277//1025 255//487
f 1335//1375 128//1378 255//487
f 128//1378 77//1022 1452//625
f 77//1022 128//1378 1260//1373
f 199//1379 1849//1380 1633//1043
f 738//1044 317//1381 423//645
f 423//645 317//1381 237//646
f 317//1381 1137//1382 237//646
f 1739//1045 1928//1383 1644//1046
f 371//1384 1739//1045 525//1042
f 423//645 371//1384 525//1042
f 371//1384 423//645 1855//647
f 1721//130 1766//1385 1843//131
f 1766//1385 702//686 1843//131
f 183//1076 1766//1385 1867//1386
f 1766//1385 183//1076 702//686
f 497//1387 1744//1048 706//371
f 787//740 497//1387 706//371
f 497//1387 787//740 1650//651
f 930//1049 497//1387 1650//651
f 497//1387 930//1049 1744//1048
f 874//1388 510//368 711//372
f 874//1388 566//1124 510//368
f 468//687 1917//1389 1214//655
f 1707//1390 1473//1054 507//1055
f 1473//1054 1707//1390 354//959
f 388//1061 59//1391 1807//668
f 1604//1062 59//1391 148//298
f 59//1391 1604//1062 1807//668
f 148//298 59//1391 334//299
f 59//1391 388//1061 772//661
f 334//299 59//1391 242//317
f 59//1391 772//661 242//317
f 38//1392 1604//1062 544//297
f 1604//1062 38//1392 1127//660
f 1127//660 38//1392 1370//129
f 38//1392 555//662 633//1068
f 555//662 38//1392 544//297
f 364//327 38//1392 633//1068
f 38//1392 364//327 1370//129
f 1807//668 108//1393 574//669
f 1604//1062 108//1393 1807//668
f 108//1393 1604//1062 1404//302
f 1538//667 108//1393 1404//302
f 108//1393 1538//667 574//669
f 1604//1062 165//1394 1317//1063
f 165//1394 1604//1062 1127//660
f 829//1064 165//1394 1127//660
f 1075//1395 702//686 1081//654
f 1075//1395 829//1064 702//686
f 829//1064 1075//1395 1317//1063
f 1303//659 1075//1395 1081//654
f 1075//1395 1556//1060 1317//1063
f 1075//1395 1303//659 1556//1060
f 1454//1396 1327//1066 794//303
f 1327//1066 1454//1396 772//661
f 656//1065 1454//1396 794//303
f 772//661 1454//1396 1793//316
f 1454//1396 656//1065 1793//316
f 523//1397 1327//1066 549//658
f 1327//1066 523//1397 703//656
f 80//343 523//1397 549//658
f 703//656 523//1397 80//343
f 1108//1398 1441//664 1902//332
f 1108//1398 1588//1069 1441//664
f 1588//1069 1108//1398 1544//296
f 1108//1398 1680//326 1544//296
f 1108//1398 1902//332 1680//326
f 123//309 1129//1399 21//374
f 275//1070 1129//1399 123//309
f 1129//1399 1560//677 21//374
f 1560//677 1129//1399 1877//313
f 1129//1399 275//1070 1877//313
f 366//1400 1085//683 432//289
f 1967//1401 366//1400 432//289
f 1085//683 366//1400 1099//116
f 366//1400 1967//1401 1099//116
f 1751//1018 733//1402 1412//1368
f 733//1402 257//1403 1412//1368
f 733//1402 1751//1018 1099//116
f 1967//1401 733//1402 1099//116
f 1178//690 1173//1404 420//291
f 1191//1077 1173//1404 1178//690
f 1173//1404 255//487 420//291
f 1173//1404 1335//1375 255//487
f 1335//1375 1173//1404 1150//688
f 1173//1404 1191//1077 1150//688
f 1004//1405 1801//1406 462//7
f 884//1407 1801//1406 1004//1405
f 884//1407 1520//1079 462//7
f 1801//1406 884//1407 462//7
f 1776//1408 1953//615 1479//609
f 673//1080 1776//1408 1479//609
f 1776//1408 1738//278 433//279
f 1953//615 1776//1408 433//279
f 1776//1408 673//1080 1004//1405
f 1738//278 1776//1408 909//112
f 909//112 1776//1408 462//7
f 1776//1408 1004//1405 462//7
f 505//1409 1655//1082 1080//340
f 1655//1082 505//1409 316//1081
f 505//1409 1080//340 1627//166
f 316//1081 505//1409 1627//166
f 1655//1082 1371//1410 1616//706
f 1371//1410 732//1084 1616//706
f 1371//1410 1655//1082 965//1083
f 1536//707 834//1411 1949//1086
f 732//1084 834//1411 1536//707
f 1134//1085 1550//1412 1240//1413
f 1550//1412 1041//1129 1240//1413
f 1041//1129 1550//1412 1438//709
f 1550//1412 575//1091 1438//709
f 1550//1412 1134//1085 1949//1086
f 575//1091 1550//1412 1949//1086
f 617//1414 898//1415 1156//1088
f 346//1087 617//1414 1156//1088
f 617//1414 346//1087 863//342
f 1743//1416 654//1089 1156//1088
f 654//1089 1743//1416 965//1083
f 575//1091 1590//1417 1349//630
f 782//1418 1590//1417 575//1091
f 1590//1417 782//1418 1809//711
f 1590//1417 1013//631 1349//630
f 1013//631 1590//1417 1118//634
f 1590//1417 1809//711 1118//634
f 1121//1096 1068//1419 719//1098
f 1068//1419 1121//1096 1688//748
f 1068//1419 1241//1136 719//1098
f 1087//1140 1068//1419 1957//1420
f 1241//1136 1068//1419 1087//1140
f 569//713 442//1421 216//716
f 808//1099 442//1421 569//713
f 442//1421 189//1105 216//716
f 835//719 1199//1422 1231//1102
f 1231//1102 1199//1422 1956//1173
f 629//718 1199//1422 835//719
f 1434//430 5//1423 1450//431
f 5//1423 1583//1104 1450//431
f 367//434 5//1423 1434//430
f 5//1423 367//434 269//800
f 1299//799 5//1423 269//800
f 1583//1104 5//1423 1299//799
f 1385//1424 1598//722 670//724
f 1385//1424 1779//1106 1598//722
f 53//721 1385//1424 670//724
f 1779//1106 1385//1424 53//721
f 7//1425 1024//1112 609//364
f 7//1425 509//150 924//38
f 7//1425 609//364 509//150
f 1024//1112 7//1425 1882//1111
f 1383//65 7//1425 924//38
f 1882//1111 7//1425 1383//65
f 694//1426 1882//1111 649//361
f 1024//1112 694//1426 649//361
f 694//1426 1024//1112 1882//1111
f 811//1115 860//1427 66//1097
f 860//1427 1192//1113 66//1097
f 860//1427 811//1115 1641//723
f 1192//1113 860//1427 1641//723
f 917//1428 704//712 846//714
f 88//1100 917//1428 846//714
f 917//1428 88//1100 463//346
f 53//721 917//1428 463//346
f 1359//1114 917//1428 53//721
f 416//1429 1359//1114 811//1115
f 416//1429 917//1428 1359//1114
f 917//1428 416//1429 704//712
f 298//1430 1016//737 913//734
f 298//1430 44//1120 1016//737
f 44//1120 298//1430 1797//1023
f 298//1430 1452//625 1797//1023
f 1452//625 298//1430 1645//491
f 298//1430 913//734 1645//491
f 1872//1431 44//1120 1797//1023
f 1762//622 1872//1431 1797//1023
f 500//623 1872//1431 1762//622
f 1872//1431 500//623 701//285
f 44//1120 1872//1431 701//285
f 39//1123 1251//1432 760//1433
f 1251//1432 1927//1270 1397//366
f 1927//1270 1251//1432 890//923
f 1251//1432 39//1123 890//923
f 566//1124 1251//1432 1397//366
f 1251//1432 566//1124 760//1433
f 901//1434 1033//1127 393//377
f 1850//1130 901//1434 393//377
f 901//1434 1850//1130 672//1131
f 393//377 186//1435 954//378
f 1033//1127 186//1435 393//377
f 954//378 186//1435 1278//9
f 186//1435 716//744 1278//9
f 186//1435 1033//1127 716//744
f 180//1436 1688//748 9//747
f 180//1436 1202//1437 1957//1420
f 1068//1419 180//1436 1957//1420
f 180//1436 1068//1419 1688//748
f 1305//749 185//1438 9//747
f 185//1438 180//1436 9//747
f 180//1436 185//1438 1202//1437
f 1871//1439 1607//1440 1827//1441
f 142//1128 1607//1440 528//752
f 564//1442 1087//1140 1957//1420
f 564//1442 2//1141 1087//1140
f 564//1442 640//1138 2//1141
f 564//1442 353//1443 640//1138
f 187//1444 1041//1129 411//1445
f 1607//1440 187//1444 411//1445
f 187//1444 1607//1440 142//1128
f 1926//1446 1387//1447 1827//1441
f 1991//1448 672//1131 618//380
f 1991//1448 618//380 1283//382
f 562//1449 1991//1448 1283//382
f 562//1449 1774//1450 1305//749
f 1774//1450 1871//1439 1300//1451
f 902//751 1774//1450 1283//382
f 1774//1450 562//1449 1283//382
f 1774//1450 1607//1440 1871//1439
f 1774//1450 902//751 528//752
f 1607//1440 1774//1450 528//752
f 603//1132 710//1452 265//757
f 710//1452 603//1132 176//755
f 265//757 710//1452 568//8
f 710//1452 176//755 568//8
f 1088//1453 1750//750 1198//379
f 954//378 1088//1453 1198//379
f 176//755 1088//1453 954//378
f 692//756 1071//1454 768//385
f 120//1133 1071//1454 692//756
f 768//385 1071//1454 130//759
f 1071//1454 333//1134 130//759
f 1071//1454 120//1133 333//1134
f 614//1455 530//1137 1241//1136
f 530//1137 614//1455 1639//762
f 614//1455 1241//1136 1197//1139
f 1602//808 431//1456 415//413
f 1269//1247 1480//1457 746//1249
f 560//1142 1821//1458 977//411
f 1821//1458 560//1142 270//1459
f 1340//1460 1182//1039 684//1035
f 1028//1147 1340//1460 817//1148
f 1182//1039 1340//1460 546//644
f 1340//1460 1028//1147 546//644
f 238//1145 1859//1461 116//1146
f 1859//1461 1028//1147 116//1146
f 1859//1461 238//1145 237//646
f 546//644 1859//1461 1773//642
f 1028//1147 1859//1461 546//644
f 989//1149 663//1462 238//1145
f 1712//428 663//1462 1079//432
f 238//1145 663//1462 1712//428
f 1363//1463 1761//1464 935//1465
f 417//795 1363//1463 892//769
f 1761//1464 277//1466 935//1465
f 1824//793 1772//1467 1831//433
f 1772//1467 1761//1464 1831//433
f 1772//1467 1824//793 1434//430
f 1772//1467 1434//430 1079//432
f 78//1468 1772//1467 1079//432
f 277//1466 1772//1467 78//1468
f 1772//1467 277//1466 1761//1464
f 202//1469 2000//1150 985//767
f 202//1469 26//1144 214//764
f 202//1469 214//764 200//1151
f 2000//1150 202//1469 200//1151
f 229//1152 991//1470 935//1465
f 991//1470 985//767 892//769
f 1363//1463 991//1470 892//769
f 991//1470 1363//1463 935//1465
f 1077//1471 229//1152 935//1465
f 229//1152 1077//1471 989//1149
f 1757//1472 1484//1473 951//1474
f 626//1475 1484//1473 1461//399
f 1484//1473 626//1475 951//1474
f 1378//1153 626//1475 1461//399
f 626//1475 1378//1153 951//1474
f 1232//777 279//1476 501//397
f 1378//1153 279//1476 1232//777
f 279//1476 335//398 501//397
f 279//1476 1378//1153 335//398
f 1267//1477 799//772 912//1160
f 1548//1478 1224//771 671//770
f 993//1479 1548//1478 671//770
f 1086//1480 208//396 1804//170
f 1086//1480 1846//400 208//396
f 1086//1480 653//1154 1846//400
f 1852//1481 1533//1157 34//1161
f 1852//1481 2002//1156 1533//1157
f 678//1165 1852//1481 34//1161
f 2002//1156 1558//1482 712//172
f 1558//1482 1314//394 410//369
f 1558//1482 410//369 662//173
f 712//172 1558//1482 662//173
f 1508//1155 1259//1483 1533//1157
f 1259//1483 215//1159 1533//1157
f 1259//1483 1508//1155 1224//771
f 1955//1484 1623//1158 563//1038
f 1566//1485 1503//635 1023//637
f 499//1162 1566//1485 1023//637
f 1566//1485 632//1486 1503//635
f 632//1486 1566//1485 741//1487
f 1764//1488 499//1162 1467//633
f 1764//1488 1118//634 425//344
f 1764//1488 1467//633 1118//634
f 645//1489 736//1164 1502//652
f 645//1489 1502//652 1596//395
f 1319//773 645//1489 1596//395
f 736//1164 1570//1490 1303//659
f 678//1165 1052//1491 1319//773
f 1862//1229 1578//1492 464//1261
f 1578//1492 448//1254 1320//1253
f 1578//1492 1916//1227 1863//1493
f 1578//1492 1862//1229 1916//1227
f 1578//1492 1158//1255 464//1261
f 1158//1255 1578//1492 1320//1253
f 1210//1166 1608//1494 481//406
f 1608//1494 1114//405 481//406
f 1210//1166 1152//1495 1671//1496
f 548//408 1152//1495 779//407
f 1152//1495 1210//1166 779//407
f 1049//971 1152//1495 548//408
f 1152//1495 1049//971 67//571
f 1524//1497 1578//1492 1863//1493
f 1578//1492 1524//1497 448//1254
f 448//1254 1524//1497 812//774
f 1901//1498 503//1170 1234//786
f 503//1170 1901//1498 1723//787
f 1723//787 1901//1498 1287//788
f 118//437 1901//1498 899//804
f 1901//1498 118//437 1287//788
f 1901//1498 434//440 899//804
f 1901//1498 1234//786 434//440
f 1043//1499 636//1171 1893//426
f 636//1171 1043//1499 1956//1173
f 1043//1499 1231//1102 1956//1173
f 579//1101 1043//1499 1893//426
f 1043//1499 579//1101 1231//1102
f 580//1500 1521//1172 1956//1173
f 1199//1422 580//1500 1956//1173
f 580//1500 808//1099 1264//763
f 580//1500 1199//1422 808//1099
f 1717//1501 353//1443 219//1502
f 646//1503 475//796 1989//797
f 533//1174 646//1503 1989//797
f 475//796 646//1503 1030//414
f 646//1503 1824//793 1030//414
f 646//1503 533//1174 1824//793
f 1525//1504 669//1178 1715//1505
f 1219//1180 1227//1506 158//815
f 158//815 1227//1506 392//809
f 1227//1506 1602//808 392//809
f 1227//1506 1219//1180 1338//442
f 1919//1182 1342//1507 1338//442
f 1342//1507 1919//1182 1350//1181
f 1342//1507 1350//1181 1602//808
f 1342//1507 1227//1506 1338//442
f 1227//1506 1342//1507 1602//808
f 1565//813 1517//1508 1042//73
f 1471//1183 1517//1508 1565//813
f 1517//1508 1471//1183 1107//443
f 1042//73 1517//1508 424//5
f 1517//1508 1107//443 424//5
f 1471//1183 1411//1509 1699//812
f 1411//1509 156//1510 1699//812
f 156//1510 1411//1509 224//1184
f 1411//1509 1471//1183 1565//813
f 224//1184 1411//1509 1565//813
f 1889//1511 1420//444 1554//445
f 1788//1190 1889//1511 1554//445
f 1889//1511 1632//814 1420//444
f 1632//814 1889//1511 158//815
f 1889//1511 1217//816 158//815
f 1889//1511 1788//1190 1217//816
f 669//1178 1818//1512 1715//1505
f 1429//1189 1818//1512 669//1178
f 1291//1513 1500//1191 1714//1192
f 1291//1513 1525//1504 1715//1505
f 1525//1504 1291//1513 1714//1192
f 28//1514 1714//1192 32//452
f 1678//1515 28//1514 32//452
f 1525//1504 28//1514 319//1516
f 28//1514 1525//1504 1714//1192
f 622//825 338//1517 32//452
f 338//1517 1678//1515 32//452
f 338//1517 622//825 1770//824
f 85//823 338//1517 1770//824
f 1678//1515 338//1517 85//823
f 109//1194 365//1518 837//834
f 1805//1519 109//1194 659//822
f 914//820 1805//1519 659//822
f 807//1197 1805//1519 914//820
f 1805//1519 365//1518 109//1194
f 365//1518 1805//1519 807//1197
f 737//1520 1678//1515 85//823
f 745//1199 737//1520 85//823
f 737//1520 745//1199 1699//812
f 156//1510 737//1520 1699//812
f 1430//1201 1815//1521 1233//180
f 1815//1521 1430//1201 1515//1202
f 1815//1521 807//1197 1233//180
f 1815//1521 365//1518 807//1197
f 1815//1521 1515//1202 837//834
f 365//1518 1815//1521 837//834
f 1828//827 436//1522 1663//828
f 436//1522 972//1203 1663//828
f 436//1522 1828//827 1050//829
f 972//1203 436//1522 1050//829
f 1328//833 337//1523 837//834
f 337//1523 321//1204 837//834
f 1835//1206 337//1523 1328//833
f 321//1204 337//1523 139//1196
f 1499//1205 1282//1524 864//879
f 1811//504 1282//1524 728//458
f 864//879 1282//1524 1811//504
f 1282//1524 1347//456 728//458
f 1282//1524 1499//1205 1347//456
f 250//987 1451//1525 893//839
f 1451//1525 1835//1206 893//839
f 1451//1525 1057//818 139//1196
f 1451//1525 250//987 1057//818
f 337//1523 1451//1525 139//1196
f 1451//1525 337//1523 1835//1206
f 542//1526 596//574 387//229
f 1424//976 542//1526 936//982
f 542//1526 1424//976 596//574
f 1584//1209 762//1527 1881//841
f 1582//1528 175//482 1051//470
f 1155//844 1582//1528 1051//470
f 409//1214 160//1529 635//473
f 160//1529 495//1212 635//473
f 127//1215 160//1529 409//1214
f 495//1212 160//1529 647//560
f 160//1529 127//1215 647//560
f 1419//558 1832//1530 1161//559
f 1832//1530 127//1215 1161//559
f 1832//1530 1419//558 647//560
f 127//1215 1832//1530 647//560
f 1767//1531 1754//1213 635//473
f 1767//1531 635//473 1799//105
f 1528//539 1767//1531 1799//105
f 418//922 1767//1531 1528//539
f 1072//1532 1321//854 1720//853
f 1072//1532 193//1216 1321//854
f 1523//1533 796//1217 1336//855
f 1193//865 1603//1534 784//192
f 1603//1534 360//1220 784//192
f 360//1220 1603//1534 781//1218
f 1603//1534 796//1217 781//1218
f 796//1217 1603//1534 413//857
f 197//1535 1707//1390 63//1536
f 266//1537 183//1076 1867//1386
f 1841//1538 266//1537 1867//1386
f 1906//1222 266//1537 920//1056
f 266//1537 1841//1538 920//1056
f 819//1539 1906//1222 300//1057
f 956//1223 819//1539 300//1057
f 197//1535 819//1539 956//1223
f 1498//1540 197//1535 956//1223
f 240//1541 1746//1224 915//1225
f 240//1541 1857//1260 847//1542
f 1862//1229 240//1541 915//1225
f 1857//1260 240//1541 1862//1229
f 1916//1227 406//1543 1863//1493
f 1612//1226 406//1543 1916//1227
f 406//1543 1612//1226 1777//901
f 406//1543 854//1544 1863//1493
f 854//1544 406//1543 1777//901
f 1390//871 1448//1545 1035//872
f 1448//1545 1390//871 115//889
f 159//1230 1448//1545 115//889
f 263//1546 624//200 382//880
f 458//1233 263//1546 382//880
f 263//1546 1149//1234 624//200
f 1149//1234 263//1546 1758//890
f 1876//1235 15//1547 1896//513
f 15//1547 718//1354 352//1360
f 1935//1548 274//1236 48//1238
f 453//1251 1935//1548 980//1258
f 1935//1548 453//1251 448//1254
f 1935//1548 448//1254 812//774
f 274//1236 1935//1548 812//774
f 83//1549 1442//1241 401//975
f 83//1549 1763//1237 1427//1240
f 1442//1241 83//1549 1427//1240
f 1787//1550 1//1243 115//889
f 240//1541 1787//1550 1746//1224
f 1746//1224 1787//1550 1096//874
f 1390//871 1787//1550 115//889
f 1787//1550 1390//871 1096//874
f 816//1246 1975//1551 753//894
f 1689//1248 1422//1552 977//411
f 977//411 1422//1552 154//412
f 1422//1552 753//894 154//412
f 1422//1552 816//1246 753//894
f 1422//1552 1689//1248 816//1246
f 1932//1553 888//896 1987//900
f 1190//1554 188//1257 730//517
f 1497//1259 1190//1554 730//517
f 188//1257 1190//1554 328//1252
f 328//1252 1190//1554 1941//1256
f 171//1555 1777//901 1186//455
f 171//1555 854//1544 1777//901
f 253//1187 171//1555 1186//455
f 171//1555 253//1187 1213//779
f 586//1556 1576//1557 705//897
f 1576//1557 1271//895 705//897
f 1576//1557 982//1250 1271//895
f 982//1250 1576//1557 1213//779
f 1576//1557 171//1555 1213//779
f 493//1558 111//1559 206//1560
f 1708//1561 1924//1562 730//517
f 1924//1562 1708//1561 1394//1563
f 444//1564 1677//515 730//517
f 1924//1562 444//1564 730//517
f 444//1564 1308//892 1677//515
f 1308//892 444//1564 1445//893
f 1876//1235 1466//1565 1369//1566
f 880//1567 1466//1565 1876//1235
f 1466//1565 117//1568 1369//1566
f 2004//528 1933//1569 349//529
f 791//1570 1933//1569 2004//528
f 1403//1571 1933//1569 791//1570
f 583//1572 283//905 967//906
f 1124//1573 1403//1571 1394//1563
f 1708//1561 1124//1573 1394//1563
f 1124//1573 1708//1561 1153//1262
f 1124//1573 1933//1569 1403//1571
f 1124//1573 1153//1262 349//529
f 1933//1569 1124//1573 349//529
f 1617//531 1172//1574 1243//523
f 1172//1574 1651//1264 1243//523
f 1651//1264 1172//1574 1617//531
f 879//1575 1755//915 1954//536
f 879//1575 1628//1265 1755//915
f 37//1576 18//535 1462//204
f 37//1576 1396//1266 18//535
f 1870//921 37//1576 1462//204
f 1143//569 1765//1577 1686//568
f 1765//1577 343//1268 1686//568
f 1765//1577 1143//569 259//566
f 340//1578 147//1579 82//1580
f 147//1579 340//1578 1247//1581
f 111//1559 1913//1582 206//1560
f 1239//1583 227//1584 660//1276
f 1948//1275 1239//1583 660//1276
f 1239//1583 494//925 620//1585
f 1239//1583 1948//1275 494//925
f 1386//1586 1443//1587 1978//546
f 1386//1586 1978//546 1945//102
f 1216//1278 1386//1586 1945//102
f 192//1280 1386//1586 1216//1278
f 61//1588 182//949 1978//546
f 1443//1587 61//1588 1978//546
f 61//1588 1443//1587 1014//1589
f 340//1578 1478//1590 1247//1581
f 62//1591 1494//1284 1491//1283
f 1056//1592 1482//1593 1285//1279
f 1443//1587 1482//1593 1014//1589
f 1482//1593 192//1280 1285//1279
f 1386//1586 1482//1593 1443//1587
f 1482//1593 1386//1586 192//1280
f 683//1594 227//1584 1511//1281
f 192//1280 683//1594 1511//1281
f 227//1584 683//1594 660//1276
f 683//1594 587//1277 660//1276
f 683//1594 192//1280 587//1277
f 428//1595 680//1285 1494//1284
f 1478//1590 428//1595 1494//1284
f 331//1324 665//1596 483//1325
f 665//1596 331//1324 1879//1290
f 665//1596 1141//1291 1982//932
f 1141//1291 665//1596 1879//1290
f 1047//1597 1007//236 483//1325
f 1007//236 1047//1597 1357//238
f 341//1598 1547//1599 101//1600
f 680//1285 341//1598 1413//1601
f 1547//1599 341//1598 680//1285
f 754//1602 650//1603 1413//1601
f 1884//1604 373//927 1070//224
f 1011//1292 1884//1604 1070//224
f 1884//1604 1011//1292 515//549
f 558//928 1884//1604 515//549
f 373//927 1884//1604 558//928
f 1658//1293 520//1605 441//554
f 520//1605 1658//1293 1875//1288
f 441//554 520//1605 1005//551
f 520//1605 113//219 1005//551
f 520//1605 99//1287 113//219
f 99//1287 520//1605 1875//1288
f 1858//1606 144//1607 1816//556
f 144//1607 1658//1293 1816//556
f 1875//1288 144//1607 480//540
f 1658//1293 144//1607 1875//1288
f 1111//1608 739//929 452//931
f 720//1294 1111//1608 452//931
f 1759//950 54//1609 558//928
f 54//1609 273//1308 1376//1297
f 273//1308 54//1609 1759//950
f 1942//1610 994//1303 207//943
f 1869//541 1942//1610 713//935
f 1942//1610 207//943 713//935
f 994//1303 1837//1611 207//943
f 207//943 1837//1611 315//944
f 1837//1611 1909//1612 315//944
f 1837//1611 994//1303 1672//1302
f 1909//1612 1837//1611 1672//1302
f 1860//1295 1002//1613 1625//947
f 1002//1613 1377//946 1625//947
f 1002//1613 1909//1612 1672//1302
f 758//939 1002//1613 1672//1302
f 1377//946 1002//1613 758//939
f 541//930 1718//1614 452//931
f 1718//1614 443//1300 452//931
f 1718//1614 541//930 1711//933
f 535//1299 1718//1614 1711//933
f 1136//942 1718//1614 535//1299
f 1718//1614 1136//942 315//944
f 443//1300 1718//1614 315//944
f 1279//1301 477//1615 758//939
f 1571//936 477//1615 254//937
f 477//1615 1571//936 758//939
f 374//1305 47//1616 502//543
f 47//1616 374//1305 182//949
f 47//1616 1255//1306 502//543
f 19//948 435//1617 589//544
f 1255//1306 435//1617 19//948
f 1547//1599 1569//1618 101//1600
f 1250//1619 1820//1620 248//1621
f 1820//1620 1250//1619 754//1602
f 1778//1622 69//951 1568//953
f 1237//1307 1778//1622 1568//953
f 1808//1623 720//1294 1376//1297
f 273//1308 1808//1623 1376//1297
f 1808//1623 273//1308 1092//1310
f 1808//1623 1111//1608 720//1294
f 273//1308 1135//1624 164//1309
f 384//1625 1135//1624 1237//1307
f 69//951 1356//1626 1245//952
f 1356//1626 22//1311 1245//952
f 1356//1626 69//951 114//547
f 368//954 1356//1626 114//547
f 22//1311 1356//1626 368//954
f 623//966 138//1627 1410//911
f 138//1627 918//1317 1410//911
f 619//1318 138//1627 623//966
f 918//1317 138//1627 226//565
f 138//1627 619//1318 226//565
f 1311//1320 540//1628 1737//1167
f 1617//531 1662//1629 1380//914
f 1662//1629 1617//531 1470//533
f 149//1630 1311//1320 243//973
f 540//1628 149//1630 429//1631
f 149//1630 540//1628 1311//1320
f 1732//1632 217//994 907//581
f 303//1331 1732//1632 907//581
f 1732//1632 303//1331 578//1333
f 1732//1632 578//1333 1189//837
f 217//994 1732//1632 1189//837
f 303//1331 174//1633 578//1333
f 174//1633 1012//1332 578//1333
f 174//1633 1130//1330 1487//838
f 174//1633 303//1331 1130//1330
f 20//583 249//1634 749//584
f 668//1336 249//1634 20//583
f 249//1634 106//991 749//584
f 249//1634 919//992 106//991
f 249//1634 668//1336 919//992
f 322//1340 1802//1635 1368//1341
f 1802//1635 322//1340 887//1337
f 1802//1635 887//1337 1848//58
f 828//1636 322//1340 271//1342
f 828//1636 1959//1343 995//245
f 1959//1343 828//1636 271//1342
f 322//1340 828//1636 887//1337
f 1611//1338 828//1636 995//245
f 828//1636 1611//1338 887//1337
f 403//1637 84//988 211//990
f 403//1637 211//990 198//591
f 537//590 403//1637 198//591
f 1729//1638 150//1639 774//1344
f 774//1344 150//1639 693//246
f 150//1639 403//1637 537//590
f 403//1637 150//1639 1729//1638
f 150//1639 1716//589 693//246
f 150//1639 537//590 1716//589
f 1175//1640 1729//1638 774//1344
f 602//997 1322//1641 983//995
f 983//995 1322//1641 1401//996
f 1322//1641 137//1346 1401//996
f 1276//1642 508//1643 137//1346
f 137//1346 508//1643 1636//593
f 508//1643 103//1347 934//592
f 103//1347 508//1643 1276//1642
f 508//1643 934//592 1996//16
f 1636//593 508//1643 1996//16
f 103//1347 765//1644 385//57
f 765//1644 103//1347 1368//1341
f 385//57 765//1644 1848//58
f 765//1644 1802//1635 1848//58
f 1802//1635 765//1644 1368//1341
f 102//867 960//1645 1020//836
f 960//1645 974//1349 1020//836
f 974//1349 960//1645 102//867
f 970//582 1703//1646 348//601
f 1703//1646 970//582 1229//502
f 1703//1646 1229//502 1164//202
f 1756//1350 1703//1646 1164//202
f 449//1647 342//1358 1740//257
f 342//1358 449//1647 1724//1356
f 1980//1006 1659//1648 474//260
f 1659//1648 1009//1351 474//260
f 506//1001 1549//1649 1167//1003
f 969//1352 1549//1649 506//1001
f 1549//1649 969//1352 718//1354
f 1162//1353 1567//1650 718//1354
f 1567//1650 853//1359 718//1354
f 950//1032 58//1651 1286//1031
f 1286//1031 58//1651 979//266
f 58//1651 1679//1007 979//266
f 58//1651 1095//1652 1679//1007
f 1095//1652 805//1653 1679//1007
f 805//1653 1629//603 1098//604
f 1679//1007 805//1653 1098//604
f 58//1651 805//1653 1095//1652
f 805//1653 950//1032 1629//603
f 805//1653 58//1651 950//1032
f 871//1654 1657//1011 1865//274
f 89//1362 871//1654 1865//274
f 871//1654 89//1362 1657//1011
f 1817//1655 921//1016 383//617
f 1817//1655 426//1364 921//1016
f 426//1364 1817//1655 400//1366
f 1817//1655 1745//1015 400//1366
f 1745//1015 1817//1655 383//617
f 1534//1656 1722//1017 496//283
f 1690//282 1534//1656 496//283
f 1722//1017 1534//1656 400//1366
f 1534//1656 426//1364 400//1366
f 1488//1657 405//1367 1412//1368
f 1488//1657 212//1370 1456//1019
f 405//1367 1488//1657 1456//1019
f 1748//1658 752//1374 842//115
f 752//1374 1748//1658 981//1372
f 1748//1658 1753//1371 981//1372
f 1097//114 1748//1658 842//115
f 1753//1371 1748//1658 1097//114
f 276//1659 981//1372 1260//1373
f 276//1659 752//1374 981//1372
f 128//1378 276//1659 1260//1373
f 752//1374 276//1659 1335//1375
f 276//1659 128//1378 1335//1375
f 201//1660 128//1378 1452//625
f 128//1378 201//1660 179//1024
f 1594//624 201//1660 1452//625
f 179//1024 201//1660 1594//624
f 557//1661 361//286 1646//287
f 557//1661 1120//1028 361//286
f 785//1662 95//639 1633//1043
f 1849//1380 785//1662 1633//1043
f 855//1663 940//1036 1418//640
f 855//1663 1280//1163 940//1036
f 317//1381 402//1664 1137//1382
f 10//1665 402//1664 1773//642
f 402//1664 10//1665 1137//1382
f 1773//642 402//1664 1526//643
f 1861//1666 371//1384 1855//647
f 717//1667 100//1668 1387//1447
f 100//1668 717//1667 1928//1383
f 1928//1383 717//1667 1644//1046
f 199//1379 870//1669 741//1487
f 870//1669 632//1486 741//1487
f 632//1486 870//1669 1503//635
f 920//1056 743//1670 1481//329
f 1841//1538 743//1670 920//1056
f 743//1670 1963//1047 1481//329
f 1963//1047 743//1670 1721//130
f 743//1670 1766//1385 1721//130
f 1766//1385 743//1670 1867//1386
f 743//1670 1841//1538 1867//1386
f 930//1049 1665//1671 1744//1048
f 1665//1671 1147//1672 1744//1048
f 1665//1671 930//1049 1364//1050
f 1665//1671 245//1673 1147//1672
f 168//653 245//1673 1364//1050
f 245//1673 1665//1671 1364//1050
f 1965//1051 64//1674 507//1055
f 64//1674 1147//1672 507//1055
f 1917//1389 326//1675 63//1536
f 326//1675 197//1535 63//1536
f 183//1076 326//1675 468//687
f 326//1675 1917//1389 468//687
f 1147//1672 821//1676 507//1055
f 821//1676 1917//1389 63//1536
f 245//1673 821//1676 1147//1672
f 821//1676 1707//1390 507//1055
f 1707//1390 821//1676 63//1536
f 547//1677 829//1064 1317//1063
f 165//1394 547//1677 1317//1063
f 733//1402 1302//1678 257//1403
f 1316//1029 1302//1678 432//289
f 1302//1678 1967//1401 432//289
f 1302//1678 733//1402 1967//1401
f 1302//1678 1316//1029 357//628
f 257//1403 1302//1678 357//628
f 896//1679 1446//1680 1520//1079
f 1115//337 1446//1680 1539//336
f 1520//1079 1446//1680 1115//337
f 1446//1680 727//700 1539//336
f 1446//1680 896//1679 727//700
f 531//704 460//1681 572//338
f 572//338 460//1681 1296//134
f 460//1681 673//1080 1296//134
f 559//1682 896//1679 1520//1079
f 884//1407 559//1682 1520//1079
f 559//1682 460//1681 531//704
f 559//1682 884//1407 1004//1405
f 559//1682 531//704 727//700
f 896//1679 559//1682 727//700
f 673//1080 559//1682 1004//1405
f 460//1681 559//1682 673//1080
f 621//1683 1371//1410 965//1083
f 834//1411 1984//1684 1949//1086
f 898//1415 1984//1684 1156//1088
f 1984//1684 898//1415 1949//1086
f 617//1414 110//1685 898//1415
f 782//1418 110//1685 1809//711
f 1809//711 110//1685 863//342
f 110//1685 617//1414 863//342
f 898//1415 110//1685 1949//1086
f 110//1685 575//1091 1949//1086
f 110//1685 782//1418 575//1091
f 380//1686 442//1421 808//1099
f 1199//1422 380//1686 808//1099
f 380//1686 1199//1422 629//718
f 189//1105 380//1686 629//718
f 442//1421 380//1686 189//1105
f 1540//1687 416//1429 811//1115
f 1540//1687 811//1115 66//1097
f 1138//1116 1540//1687 66//1097
f 416//1429 1983//1688 704//712
f 1983//1688 1836//760 704//712
f 1836//760 1983//1688 1384//1094
f 1983//1688 1138//1116 1384//1094
f 1033//1127 450//1689 968//745
f 901//1434 450//1689 1033//1127
f 450//1689 901//1434 672//1131
f 450//1689 1305//749 968//745
f 450//1689 562//1449 1305//749
f 1991//1448 450//1689 672//1131
f 450//1689 1991//1448 562//1449
f 1829//1690 185//1438 1305//749
f 185//1438 1829//1690 1202//1437
f 1774//1450 1829//1690 1305//749
f 1607//1440 1306//1691 1827//1441
f 1306//1691 1607//1440 411//1445
f 1306//1691 1926//1446 1827//1441
f 1926//1446 1306//1691 411//1445
f 803//1692 1871//1439 1827//1441
f 1387//1447 162//1693 1827//1441
f 100//1668 162//1693 1387//1447
f 162//1693 803//1692 1827//1441
f 803//1692 162//1693 564//1442
f 162//1693 100//1668 219//1502
f 353//1443 162//1693 219//1502
f 564//1442 162//1693 353//1443
f 1557//1694 187//1444 142//1128
f 1557//1694 142//1128 595//754
f 1041//1129 1557//1694 1240//1413
f 187//1444 1557//1694 1041//1129
f 1134//1085 1557//1694 595//754
f 1557//1694 1134//1085 1240//1413
f 1041//1129 1457//1695 411//1445
f 1457//1695 1926//1446 411//1445
f 856//648 1457//1695 612//649
f 1457//1695 1041//1129 612//649
f 603//1132 121//1696 176//755
f 121//1696 1088//1453 176//755
f 1750//750 121//1696 1181//384
f 1088//1453 121//1696 1750//750
f 614//1455 1826//1697 1639//762
f 1826//1697 614//1455 1197//1139
f 640//1138 1826//1697 1197//1139
f 353//1443 1826//1697 640//1138
f 1620//1698 560//1142 415//413
f 431//1456 1620//1698 415//413
f 1463//1699 1602//808 567//768
f 1463//1699 431//1456 1602//808
f 1463//1699 567//768 200//1151
f 1620//1698 1463//1699 200//1151
f 1463//1699 1620//1698 431//1456
f 1480//1457 1242//1700 746//1249
f 1242//1700 1476//1143 1792//390
f 1242//1700 550//1701 746//1249
f 1242//1700 1792//390 715//392
f 550//1701 1242//1700 715//392
f 1480//1457 1687//1702 270//1459
f 1687//1702 1821//1458 270//1459
f 26//1144 838//1703 894//765
f 838//1703 1340//1460 684//1035
f 894//765 838//1703 1792//390
f 759//391 838//1703 684//1035
f 838//1703 759//391 1792//390
f 1340//1460 122//1704 817//1148
f 122//1704 838//1703 26//1144
f 838//1703 122//1704 1340//1460
f 524//1705 10//1665 1773//642
f 1859//1461 524//1705 1773//642
f 524//1705 1859//1461 237//646
f 1137//1382 524//1705 237//646
f 10//1665 524//1705 1137//1382
f 1648//1706 663//1462 989//1149
f 1077//1471 1648//1706 989//1149
f 1648//1706 78//1468 1079//432
f 663//1462 1648//1706 1079//432
f 1761//1464 469//1707 1831//433
f 1363//1463 469//1707 1761//1464
f 277//1466 666//1708 935//1465
f 666//1708 277//1466 78//1468
f 666//1708 1077//1471 935//1465
f 1648//1706 666//1708 78//1468
f 666//1708 1648//1706 1077//1471
f 1866//1709 202//1469 985//767
f 202//1469 1866//1709 26//1144
f 1866//1709 122//1704 26//1144
f 122//1704 1866//1709 817//1148
f 991//1470 1866//1709 985//767
f 1866//1709 229//1152 817//1148
f 1866//1709 991//1470 229//1152
f 476//1710 1988//1711 1960//1242
f 476//1710 1076//1712 1988//1711
f 550//1701 74//1713 746//1249
f 74//1713 550//1701 993//1479
f 74//1713 1689//1248 746//1249
f 74//1713 671//770 554//169
f 74//1713 993//1479 671//770
f 74//1713 554//169 1268//389
f 1689//1248 74//1713 1268//389
f 1146//1714 550//1701 715//392
f 550//1701 1146//1714 1267//1477
f 799//772 1146//1714 715//392
f 1267//1477 1146//1714 799//772
f 865//1715 1548//1478 993//1479
f 550//1701 865//1715 993//1479
f 865//1715 550//1701 1267//1477
f 865//1715 1267//1477 912//1160
f 1897//1716 1508//1155 653//1154
f 1086//1480 1897//1716 653//1154
f 1508//1155 1897//1716 1224//771
f 1224//771 1897//1716 1804//170
f 1897//1716 1086//1480 1804//170
f 1852//1481 1207//1717 2002//1156
f 1207//1717 1852//1481 678//1165
f 215//1159 1962//1718 912//1160
f 1259//1483 1962//1718 215//1159
f 1962//1718 865//1715 912//1160
f 865//1715 1962//1718 1548//1478
f 1548//1478 1962//1718 1224//771
f 1962//1718 1259//1483 1224//771
f 1280//1163 776//1719 1775//1037
f 1775//1037 776//1719 563//1038
f 776//1719 1955//1484 563//1038
f 1623//1158 594//1720 34//1161
f 1955//1484 594//1720 1623//1158
f 359//1721 1566//1485 499//1162
f 1566//1485 561//1722 741//1487
f 359//1721 561//1722 1566//1485
f 1905//1723 645//1489 1319//773
f 645//1489 1905//1723 736//1164
f 1052//1491 1905//1723 1319//773
f 1570//1490 877//1724 1303//659
f 1303//659 877//1724 1404//302
f 877//1724 260//300 1404//302
f 877//1724 667//1725 260//300
f 975//1726 1570//1490 736//1164
f 1905//1723 975//1726 736//1164
f 1054//1727 1210//1166 1671//1496
f 1054//1727 1608//1494 1210//1166
f 1597//1728 1054//1727 1671//1496
f 1054//1727 1597//1728 1114//405
f 1608//1494 1054//1727 1114//405
f 608//1729 1152//1495 67//571
f 608//1729 67//571 553//572
f 1737//1167 608//1729 553//572
f 1814//1730 608//1729 429//1631
f 1814//1730 2001//1321 1635//1731
f 2001//1321 1814//1730 429//1631
f 1094//1732 1597//1728 1671//1496
f 1152//1495 1094//1732 1671//1496
f 1094//1732 1814//1730 1635//1731
f 608//1729 1094//1732 1152//1495
f 1814//1730 1094//1732 608//1729
f 511//1733 1094//1732 1635//1731
f 1094//1732 511//1733 1597//1728
f 1524//1497 1123//1734 812//774
f 812//774 1123//1734 1297//775
f 1639//762 1083//1735 1264//763
f 1826//1697 1083//1735 1639//762
f 1717//1501 1083//1735 353//1443
f 1083//1735 1826//1697 353//1443
f 669//1178 534//1736 682//446
f 534//1736 709//1737 682//446
f 1634//1738 1291//1513 1715//1505
f 1291//1513 1634//1738 1500//1191
f 1500//1191 1634//1738 1372//1186
f 1634//1738 1429//1189 1372//1186
f 1818//1512 1634//1738 1715//1505
f 1634//1738 1818//1512 1429//1189
f 28//1514 1489//1739 319//1516
f 1489//1739 28//1514 1678//1515
f 1489//1739 737//1520 319//1516
f 737//1520 1489//1739 1678//1515
f 267//1207 942//1740 387//229
f 942//1740 542//1526 387//229
f 762//1527 942//1740 267//1207
f 762//1527 795//1741 1881//841
f 795//1741 762//1527 267//1207
f 1881//841 795//1741 1453//232
f 795//1741 267//1207 1453//232
f 570//1210 1685//1742 1155//844
f 1685//1742 1582//1528 1155//844
f 1685//1742 570//1210 167//188
f 175//482 1685//1742 167//188
f 1582//1528 1685//1742 175//482
f 545//1743 418//922 1161//559
f 545//1743 1767//1531 418//922
f 1754//1213 545//1743 1161//559
f 1767//1531 545//1743 1754//1213
f 1072//1532 1894//1744 193//1216
f 193//1216 1894//1744 90//199
f 489//858 1894//1744 714//486
f 1894//1744 832//196 90//199
f 1894//1744 489//858 832//196
f 1894//1744 1720//853 714//486
f 1894//1744 1072//1532 1720//853
f 1032//1745 1523//1533 1336//855
f 1105//846 1032//1745 1336//855
f 1032//1745 1105//846 73//848
f 1552//478 1032//1745 73//848
f 1523//1533 1032//1745 1552//478
f 796//1217 845//1746 1706//864
f 1523//1533 845//1746 796//1217
f 1706//864 845//1746 1552//478
f 845//1746 1523//1533 1552//478
f 330//1219 1036//1747 1193//865
f 1036//1747 1603//1534 1193//865
f 1036//1747 330//1219 413//857
f 1603//1534 1036//1747 413//857
f 197//1535 1581//1748 1707//1390
f 1581//1748 1166//1221 354//959
f 1707//1390 1581//1748 354//959
f 1581//1748 1498//1540 1166//1221
f 1498//1540 1581//1748 197//1535
f 819//1539 151//1749 1906//1222
f 151//1749 819//1539 197//1535
f 625//1750 956//1223 1706//864
f 625//1750 1498//1540 956//1223
f 1166//1221 625//1750 1706//864
f 1498//1540 625//1750 1166//1221
f 1448//1545 422//1751 1035//872
f 422//1751 1448//1545 159//1230
f 485//1752 422//1751 159//1230
f 422//1751 458//1233 1035//872
f 422//1751 263//1546 458//1233
f 422//1751 485//1752 263//1546
f 263//1546 399//1753 1758//890
f 485//1752 399//1753 263//1546
f 1758//890 399//1753 1447//888
f 399//1753 159//1230 1447//888
f 399//1753 485//1752 159//1230
f 1343//1754 1522//916 1896//513
f 15//1547 1343//1754 1896//513
f 1522//916 1343//1754 56//917
f 1343//1754 15//1547 352//1360
f 146//1755 1343//1754 352//1360
f 1343//1754 146//1755 56//917
f 15//1547 932//1756 718//1354
f 932//1756 1549//1649 718//1354
f 641//1273 932//1756 513//1272
f 932//1756 641//1273 1167//1003
f 1549//1649 932//1756 1167//1003
f 293//1757 1876//1235 1369//1566
f 293//1757 15//1547 1876//1235
f 83//1549 988//1758 1763//1237
f 1153//1262 988//1758 349//529
f 988//1758 1153//1262 1763//1237
f 988//1758 401//975 349//529
f 988//1758 83//1549 401//975
f 1009//1351 470//1759 1724//1356
f 470//1759 1168//1760 1724//1356
f 1168//1760 1938//1761 1724//1356
f 1938//1761 969//1352 1724//1356
f 969//1352 1938//1761 1162//1353
f 1975//1551 1163//1762 1484//1473
f 1163//1762 1931//388 1461//399
f 1484//1473 1163//1762 1461//399
f 1163//1762 816//1246 1931//388
f 1163//1762 1975//1551 816//1246
f 521//1763 1188//899 753//894
f 1975//1551 521//1763 753//894
f 1188//899 521//1763 1987//900
f 1757//1472 521//1763 1484//1473
f 521//1763 1975//1551 1484//1473
f 1932//1553 1593//1764 888//896
f 1593//1764 1932//1553 1469//1765
f 888//896 1593//1764 705//897
f 1932//1553 213//1766 1469//1765
f 60//1767 839//1768 847//1542
f 839//1768 240//1541 847//1542
f 839//1768 1787//1550 240//1541
f 1787//1550 839//1768 1//1243
f 839//1768 60//1767 1//1243
f 1//1243 775//1769 191//516
f 60//1767 775//1769 1//1243
f 775//1769 1497//1259 191//516
f 775//1769 60//1767 1497//1259
f 1857//1260 788//1770 847//1542
f 788//1770 1190//1554 1497//1259
f 788//1770 1857//1260 1941//1256
f 1190//1554 788//1770 1941//1256
f 788//1770 60//1767 847//1542
f 60//1767 788//1770 1497//1259
f 1908//1771 1576//1557 586//1556
f 171//1555 1908//1771 854//1544
f 1576//1557 1908//1771 171//1555
f 1010//1772 494//925 767//100
f 1215//1773 375//1774 117//1568
f 593//902 1215//1773 873//909
f 1215//1773 593//902 304//903
f 493//1558 1215//1773 304//903
f 375//1774 1215//1773 493//1558
f 188//1257 929//1775 730//517
f 929//1775 1708//1561 730//517
f 1708//1561 661//1776 1153//1262
f 1153//1262 661//1776 48//1238
f 1935//1548 661//1776 980//1258
f 661//1776 1935//1548 48//1238
f 1059//1777 1876//1235 755//512
f 1059//1777 880//1567 1876//1235
f 1019//1778 1924//1562 1394//1563
f 1019//1778 444//1564 1924//1562
f 444//1564 1019//1778 1445//893
f 903//1779 1037//1780 967//906
f 1742//532 903//1779 967//906
f 903//1779 1742//532 873//909
f 1262//1781 1466//1565 880//1567
f 1037//1780 1262//1781 967//906
f 1262//1781 583//1572 967//906
f 583//1572 1262//1781 880//1567
f 1466//1565 358//1782 117//1568
f 1215//1773 358//1782 873//909
f 358//1782 1215//1773 117//1568
f 358//1782 903//1779 873//909
f 903//1779 358//1782 1037//1780
f 358//1782 1262//1781 1037//1780
f 1262//1781 358//1782 1466//1565
f 1823//1783 1403//1571 791//1570
f 1823//1783 583//1572 1403//1571
f 1823//1783 791//1570 2004//528
f 283//905 1823//1783 2004//528
f 583//1572 1823//1783 283//905
f 1710//1784 37//1576 1870//921
f 1416//537 1710//1784 1972//243
f 1710//1784 1870//921 1972//243
f 651//562 1003//1785 259//566
f 1003//1785 1765//1577 259//566
f 1288//963 1003//1785 651//562
f 343//1268 1003//1785 1261//924
f 1765//1577 1003//1785 343//1268
f 493//1558 55//1786 111//1559
f 823//904 55//1786 304//903
f 55//1786 493//1558 304//903
f 55//1786 634//1787 111//1559
f 634//1787 55//1786 147//1579
f 634//1787 147//1579 1247//1581
f 247//1788 1255//1306 182//949
f 61//1588 247//1788 182//949
f 1455//1789 61//1588 1014//1589
f 1455//1789 62//1591 1491//1283
f 1455//1789 247//1788 61//1588
f 1478//1590 773//1790 1247//1581
f 773//1790 1511//1281 1247//1581
f 773//1790 1285//1279 1511//1281
f 773//1790 1056//1592 1285//1279
f 883//1791 1482//1593 1056//1592
f 310//1792 1547//1599 680//1285
f 428//1595 310//1792 680//1285
f 1839//1793 1478//1590 340//1578
f 1839//1793 428//1595 1478//1590
f 1839//1793 340//1578 82//1580
f 310//1792 1839//1793 82//1580
f 1839//1793 310//1792 428//1595
f 1392//1794 538//1795 1900//1796
f 1392//1794 1250//1619 248//1621
f 1250//1619 1392//1794 1900//1796
f 538//1795 1332//1797 1900//1796
f 1332//1797 1047//1597 1900//1796
f 1332//1797 538//1795 18//535
f 1332//1797 18//535 1357//238
f 1047//1597 1332//1797 1357//238
f 311//1798 1047//1597 483//1325
f 1047//1597 311//1798 1900//1796
f 665//1596 311//1798 483//1325
f 552//1799 650//1603 754//1602
f 541//930 552//1799 1982//932
f 1599//570 30//1800 998//969
f 747//1296 1649//1801 1376//1297
f 1649//1801 54//1609 1376//1297
f 1649//1801 144//1607 1858//1606
f 144//1607 1649//1801 480//540
f 1649//1801 747//1296 1625//947
f 1649//1801 1625//947 1142//941
f 480//540 1649//1801 1142//941
f 1253//1802 1942//1610 1869//541
f 1253//1802 1869//541 1981//212
f 1504//1803 1279//1301 994//1303
f 1942//1610 1504//1803 994//1303
f 1279//1301 1504//1803 1236//1804
f 1253//1802 1504//1803 1942//1610
f 1504//1803 190//1304 1236//1804
f 1485//1805 1002//1613 1860//1295
f 1485//1805 443//1300 315//944
f 443//1300 1485//1805 1860//1295
f 1909//1612 1485//1805 315//944
f 1002//1613 1485//1805 1909//1612
f 467//1806 1279//1301 1236//1804
f 467//1806 477//1615 1279//1301
f 467//1806 190//1304 152//15
f 190//1304 467//1806 1236//1804
f 254//937 467//1806 152//15
f 477//1615 467//1806 254//937
f 1255//1306 655//1807 182//949
f 655//1807 47//1616 182//949
f 47//1616 655//1807 1255//1306
f 52//1808 30//1800 1873//1809
f 52//1808 1873//1809 268//1286
f 958//1810 754//1602 1413//1601
f 341//1598 958//1810 1413//1601
f 958//1810 341//1598 101//1600
f 69//951 1226//1811 1436//548
f 1778//1622 1226//1811 69//951
f 384//1625 861//1812 1413//1601
f 861//1812 384//1625 1237//1307
f 861//1812 680//1285 1413//1601
f 680//1285 861//1812 1061//1282
f 861//1812 1237//1307 1061//1282
f 164//1309 1201//1813 1092//1310
f 1135//1624 1201//1813 164//1309
f 1201//1813 1135//1624 384//1625
f 294//1814 1808//1623 1092//1310
f 1808//1623 294//1814 1111//1608
f 1111//1608 294//1814 739//929
f 294//1814 1082//1815 739//929
f 336//974 1324//1816 98//530
f 1324//1816 336//974 1960//1242
f 518//1322 1324//1816 1960//1242
f 1654//907 512//1817 1470//533
f 512//1817 1662//1629 1470//533
f 512//1817 1324//1816 1662//1629
f 1012//1332 826//1818 1487//838
f 826//1818 174//1633 1487//838
f 174//1633 826//1818 1012//1332
f 403//1637 1652//1819 84//988
f 1652//1819 403//1637 1729//1638
f 1175//1640 1652//1819 1729//1638
f 84//988 1652//1819 1272//868
f 1652//1819 1175//1640 1272//868
f 280//1820 1276//1642 137//1346
f 1322//1641 280//1820 137//1346
f 786//1821 1322//1641 602//997
f 1175//1640 786//1821 1272//868
f 786//1821 974//1349 1272//868
f 974//1349 786//1821 602//997
f 786//1821 774//1344 414//1345
f 786//1821 1175//1640 774//1344
f 607//1822 1009//1351 1724//1356
f 449//1647 607//1822 1724//1356
f 1009//1351 607//1822 1740//257
f 607//1822 449//1647 1740//257
f 1284//1823 1980//1006 348//601
f 1284//1823 1659//1648 1980//1006
f 853//1359 1393//1824 352//1360
f 1393//1824 146//1755 352//1360
f 426//1364 830//1825 8//3
f 1534//1656 830//1825 426//1364
f 830//1825 1534//1656 1690//282
f 830//1825 1690//282 1946//59
f 830//1825 462//7 8//3
f 830//1825 1946//59 462//7
f 257//1403 1513//1826 1412//1368
f 1513//1826 1488//1657 1412//1368
f 557//1661 281//1827 1120//1028
f 1120//1028 281//1827 357//628
f 281//1827 257//1403 357//628
f 281//1827 1513//1826 257//1403
f 1400//1828 785//1662 1849//1380
f 1400//1828 855//1663 1418//640
f 855//1663 1400//1828 1849//1380
f 95//639 1400//1828 1418//640
f 785//1662 1400//1828 95//639
f 1339//1829 317//1381 738//1044
f 1339//1829 402//1664 317//1381
f 402//1664 1339//1829 1526//643
f 1339//1829 35//1033 1526//643
f 1339//1829 738//1044 35//1033
f 1888//1830 870//1669 199//1379
f 1888//1830 1609//1040 1644//1046
f 1888//1830 199//1379 1633//1043
f 1609//1040 1888//1830 1633//1043
f 689//1831 1414//636 1503//635
f 870//1669 689//1831 1503//635
f 689//1831 870//1669 143//1832
f 1414//636 689//1831 471//632
f 488//1833 1965//1051 31//1053
f 488//1833 64//1674 1965//1051
f 39//1123 488//1833 31//1053
f 488//1833 39//1123 760//1433
f 64//1674 488//1833 874//1388
f 566//1124 488//1833 760//1433
f 874//1388 488//1833 566//1124
f 1147//1672 1990//1834 1744//1048
f 64//1674 1990//1834 1147//1672
f 1990//1834 64//1674 874//1388
f 1744//1048 1990//1834 711//372
f 1990//1834 874//1388 711//372
f 1361//1835 245//1673 168//653
f 1361//1835 821//1676 245//1673
f 1361//1835 168//653 1214//655
f 1917//1389 1361//1835 1214//655
f 821//1676 1361//1835 1917//1389
f 1290//1836 165//1394 829//1064
f 547//1677 1290//1836 829//1064
f 1290//1836 547//1677 165//1394
f 1743//1416 1673//1837 965//1083
f 1673//1837 621//1683 965//1083
f 1673//1837 1743//1416 1156//1088
f 1984//1684 1673//1837 1156//1088
f 621//1683 1673//1837 1371//1410
f 1371//1410 1673//1837 732//1084
f 1673//1837 834//1411 732//1084
f 1673//1837 1984//1684 834//1411
f 1540//1687 657//1838 416//1429
f 657//1838 1983//1688 416//1429
f 657//1838 1540//1687 1138//1116
f 1983//1688 657//1838 1138//1116
f 1326//1839 1774//1450 1300//1451
f 1326//1839 1829//1690 1774//1450
f 1829//1690 1326//1839 1202//1437
f 1326//1839 1300//1451 1957//1420
f 1202//1437 1326//1839 1957//1420
f 1871//1439 778//1840 1300//1451
f 803//1692 778//1840 1871//1439
f 1300//1451 778//1840 1957//1420
f 778//1840 564//1442 1957//1420
f 778//1840 803//1692 564//1442
f 1304//1841 1457//1695 856//648
f 1304//1841 856//648 471//632
f 689//1831 1304//1841 471//632
f 1409//1842 603//1132 1366//383
f 1409//1842 121//1696 603//1132
f 1409//1842 1366//383 1181//384
f 121//1696 1409//1842 1181//384
f 560//1142 1626//1843 270//1459
f 1620//1698 1626//1843 560//1142
f 1242//1700 478//1844 1476//1143
f 478//1844 1242//1700 1480//1457
f 1476//1143 478//1844 1790//766
f 478//1844 270//1459 1790//766
f 478//1844 1480//1457 270//1459
f 1687//1702 1638//1845 1821//1458
f 1638//1845 1269//1247 977//411
f 1821//1458 1638//1845 977//411
f 1638//1845 1480//1457 1269//1247
f 1638//1845 1687//1702 1480//1457
f 1200//1846 1257//794 1831//433
f 469//1707 1200//1846 1831//433
f 1257//794 1200//1846 417//795
f 1200//1846 1363//1463 417//795
f 1200//1846 469//1707 1363//1463
f 455//1847 511//1733 1667//1848
f 511//1733 455//1847 1597//1728
f 1597//1728 455//1847 1114//405
f 455//1847 1378//1153 1114//405
f 1378//1153 455//1847 951//1474
f 455//1847 1667//1848 951//1474
f 166//1849 511//1733 1635//1731
f 511//1733 166//1849 1988//1711
f 2001//1321 166//1849 1635//1731
f 166//1849 2001//1321 1960//1242
f 1988//1711 166//1849 1960//1242
f 511//1733 1501//1850 1667//1848
f 1501//1850 511//1733 1988//1711
f 1076//1712 1501//1850 1988//1711
f 71//1851 476//1710 1960//1242
f 1442//1241 71//1851 1960//1242
f 71//1851 1442//1241 1427//1240
f 771//1852 369//1239 1297//775
f 1493//1853 213//1766 1757//1472
f 213//1766 1493//1853 1469//1765
f 1704//1854 1558//1482 2002//1156
f 1207//1717 1704//1854 2002//1156
f 1558//1482 724//1855 1314//394
f 724//1855 678//1165 1314//394
f 724//1855 1207//1717 678//1165
f 1704//1854 724//1855 1558//1482
f 724//1855 1704//1854 1207//1717
f 1331//1856 678//1165 34//1161
f 594//1720 1331//1856 34//1161
f 855//1663 1660//1857 1280//1163
f 1660//1857 855//1663 1849//1380
f 1660//1857 997//1858 1280//1163
f 997//1858 1660//1857 561//1722
f 129//1859 1507//1860 1362//1861
f 667//1725 1103//1862 260//300
f 1318//1863 129//1859 499//1162
f 129//1859 1318//1863 1507//1860
f 451//1864 1905//1723 1052//1491
f 451//1864 975//1726 1905//1723
f 975//1726 1496//1865 1570//1490
f 451//1864 1496//1865 975//1726
f 608//1729 1249//1866 429//1631
f 1249//1866 608//1729 1737//1167
f 1249//1866 540//1628 429//1631
f 540//1628 1249//1866 1737//1167
f 1358//1867 1123//1734 1524//1497
f 1525//1504 945//1868 669//1178
f 945//1868 534//1736 669//1178
f 534//1736 945//1868 709//1737
f 696//1869 737//1520 156//1510
f 696//1869 156//1510 224//1184
f 737//1520 696//1869 319//1516
f 682//446 696//1869 836//178
f 696//1869 224//1184 836//178
f 709//1737 696//1869 682//446
f 397//1870 696//1869 709//1737
f 942//1740 976//1871 542//1526
f 976//1871 301//1208 936//982
f 542//1526 976//1871 936//982
f 976//1871 1584//1209 301//1208
f 976//1871 762//1527 1584//1209
f 976//1871 942//1740 762//1527
f 151//1749 312//1872 1906//1222
f 326//1675 27//1873 197//1535
f 27//1873 151//1749 197//1535
f 27//1873 326//1675 183//1076
f 27//1873 312//1872 151//1749
f 312//1872 27//1873 1906//1222
f 266//1537 27//1873 183//1076
f 27//1873 266//1537 1906//1222
f 1360//1874 932//1756 910//1875
f 932//1756 1360//1874 513//1272
f 1090//1876 932//1756 15//1547
f 932//1756 1090//1876 910//1875
f 117//1568 1090//1876 1369//1566
f 375//1774 1090//1876 117//1568
f 1341//1245 1313//1877 1973//1244
f 470//1759 606//1878 1168//1760
f 1381//1879 606//1878 1117//885
f 606//1878 1381//1879 1168//1760
f 1659//1648 136//1880 1009//1351
f 136//1880 470//1759 1009//1351
f 136//1880 606//1878 470//1759
f 1294//1881 1932//1553 1987//900
f 521//1763 1294//1881 1987//900
f 1294//1881 521//1763 1757//1472
f 213//1766 1294//1881 1757//1472
f 1294//1881 213//1766 1932//1553
f 1908//1771 1998//1882 854//1544
f 854//1544 1998//1882 1863//1493
f 1998//1882 1006//1883 1863//1493
f 1006//1883 1998//1882 586//1556
f 1998//1882 1908//1771 586//1556
f 1010//1772 1477//1884 375//1774
f 1090//1876 1477//1884 910//1875
f 1477//1884 1090//1876 375//1774
f 1477//1884 1010//1772 767//100
f 24//99 1477//1884 767//100
f 513//1272 1477//1884 24//99
f 1477//1884 1360//1874 910//1875
f 1360//1874 1477//1884 513//1272
f 1010//1772 170//1885 206//1560
f 170//1885 1010//1772 375//1774
f 170//1885 493//1558 206//1560
f 170//1885 375//1774 493//1558
f 1913//1582 900//1886 206//1560
f 900//1886 1010//1772 206//1560
f 900//1886 1913//1582 620//1585
f 494//925 900//1886 620//1585
f 1010//1772 900//1886 494//925
f 929//1775 42//1887 1708//1561
f 42//1887 661//1776 1708//1561
f 661//1776 42//1887 980//1258
f 42//1887 188//1257 980//1258
f 42//1887 929//1775 188//1257
f 1940//1888 583//1572 880//1567
f 1059//1777 1940//1888 880//1567
f 236//1889 708//891 1445//893
f 1019//1778 236//1889 1445//893
f 708//891 236//1889 963//514
f 236//1889 755//512 963//514
f 236//1889 1059//1777 755//512
f 37//1576 851//1890 1396//1266
f 1710//1784 851//1890 37//1576
f 1396//1266 851//1890 1719//918
f 1719//918 851//1890 1416//537
f 851//1890 1710//1784 1416//537
f 230//1891 1288//963 1601//964
f 230//1891 1003//1785 1288//963
f 869//1269 230//1891 1601//964
f 1003//1785 230//1891 1261//924
f 230//1891 418//922 1261//924
f 230//1891 869//1269 418//922
f 1986//1892 1913//1582 111//1559
f 634//1787 1986//1892 111//1559
f 946//1893 435//1617 1255//1306
f 247//1788 946//1893 1255//1306
f 435//1617 946//1893 589//544
f 773//1790 613//1894 1056//1592
f 613//1894 883//1791 1056//1592
f 613//1894 773//1790 1478//1590
f 613//1894 1478//1590 1494//1284
f 62//1591 613//1894 1494//1284
f 1482//1593 926//1895 1014//1589
f 883//1791 926//1895 1482//1593
f 926//1895 1455//1789 1014//1589
f 1455//1789 926//1895 62//1591
f 926//1895 613//1894 62//1591
f 613//1894 926//1895 883//1791
f 804//1896 310//1792 82//1580
f 804//1896 1569//1618 1547//1599
f 310//1792 804//1896 1547//1599
f 1392//1794 1530//1897 538//1795
f 1530//1897 1392//1794 248//1621
f 1530//1897 52//1808 268//1286
f 52//1808 1530//1897 1512//1898
f 1345//1899 1250//1619 1900//1796
f 311//1798 1345//1899 1900//1796
f 1250//1619 1345//1899 754//1602
f 1345//1899 552//1799 754//1602
f 552//1799 1346//1900 650//1603
f 1082//1815 1209//1901 739//929
f 1209//1901 541//930 739//929
f 1209//1901 552//1799 541//930
f 1346//1900 1209//1901 1082//1815
f 1209//1901 1346//1900 552//1799
f 30//1800 1439//1902 1873//1809
f 1439//1902 79//970 231//96
f 79//970 1439//1902 1599//570
f 1439//1902 30//1800 1599//570
f 1873//1809 1439//1902 268//1286
f 1439//1902 231//96 862//98
f 268//1286 1439//1902 862//98
f 30//1800 246//1903 998//969
f 246//1903 1410//911 998//969
f 1410//911 246//1903 1546//534
f 52//1808 246//1903 30//1800
f 1842//1904 1649//1801 1858//1606
f 1649//1801 1842//1904 54//1609
f 54//1609 1842//1904 558//928
f 558//928 1842//1904 1816//556
f 1842//1904 1858//1606 1816//556
f 190//1304 814//1905 1981//212
f 814//1905 1253//1802 1981//212
f 1504//1803 814//1905 190//1304
f 814//1905 1504//1803 1253//1802
f 75//1906 55//1786 823//904
f 55//1786 75//1906 147//1579
f 818//1907 1353//522 1373//521
f 295//1908 823//904 1353//522
f 818//1907 295//1908 1353//522
f 295//1908 818//1907 1669//1909
f 691//1910 1530//1897 248//1621
f 1530//1897 691//1910 1512//1898
f 1820//1620 691//1910 248//1621
f 4//1911 958//1810 101//1600
f 4//1911 1820//1620 754//1602
f 958//1810 4//1911 754//1602
f 1569//1618 4//1911 101//1600
f 4//1911 1569//1618 1179//1912
f 1994//1913 1778//1622 1237//1307
f 1994//1913 1226//1811 1778//1622
f 1226//1811 1994//1913 1436//548
f 1135//1624 1994//1913 1237//1307
f 1994//1913 273//1308 1436//548
f 1994//1913 1135//1624 273//1308
f 1346//1900 529//1914 650//1603
f 529//1914 1346//1900 1082//1815
f 529//1914 1201//1813 384//1625
f 1201//1813 529//1914 1092//1310
f 650//1603 529//1914 1413//1601
f 529//1914 384//1625 1413//1601
f 529//1914 294//1814 1092//1310
f 294//1814 529//1914 1082//1815
f 1324//1816 1148//1915 98//530
f 512//1817 1148//1915 1324//1816
f 1148//1915 512//1817 1654//907
f 1148//1915 2004//528 98//530
f 1148//1915 1654//907 2004//528
f 556//1916 149//1630 243//973
f 556//1916 1220//573 1561//525
f 1220//573 556//1916 243//973
f 1208//524 616//1917 1561//525
f 616//1917 556//1916 1561//525
f 556//1916 616//1917 1883//1918
f 1026//1919 518//1322 2001//1321
f 1026//1919 2001//1321 429//1631
f 280//1820 446//1920 1276//1642
f 103//1347 446//1920 939//1348
f 446//1920 103//1347 1276//1642
f 23//1921 280//1820 1322//1641
f 786//1821 23//1921 1322//1641
f 23//1921 446//1920 280//1820
f 446//1920 23//1921 939//1348
f 939//1348 23//1921 414//1345
f 23//1921 786//1821 414//1345
f 1703//1646 1532//1922 348//601
f 1532//1922 1284//1823 348//601
f 1284//1823 1532//1922 1659//1648
f 1532//1922 1703//1646 1756//1350
f 1393//1824 1171//1923 146//1755
f 1171//1923 1341//1245 56//917
f 146//1755 1171//1923 56//917
f 1171//1923 1313//1877 1341//1245
f 1313//1877 1171//1923 1381//1879
f 1567//1650 377//1924 853//1359
f 377//1924 1393//1824 853//1359
f 377//1924 1567//1650 1162//1353
f 1938//1761 377//1924 1162//1353
f 1183//1925 557//1661 1646//287
f 1488//1657 1183//1925 212//1370
f 1513//1826 1183//1925 1488//1657
f 1183//1925 281//1827 557//1661
f 281//1827 1183//1925 1513//1826
f 1170//1369 1183//1925 1646//287
f 1183//1925 1170//1369 212//1370
f 580//1500 1733//1926 1521//1172
f 1521//1172 1733//1926 1855//647
f 1733//1926 1861//1666 1855//647
f 1733//1926 522//1927 1861//1666
f 1734//1928 580//1500 1264//763
f 1083//1735 1734//1928 1264//763
f 1734//1928 1083//1735 1717//1501
f 17//1929 100//1668 1928//1383
f 522//1927 17//1929 1861//1666
f 1861//1666 17//1929 371//1384
f 870//1669 642//1930 143//1832
f 1926//1446 675//1931 1387//1447
f 675//1931 717//1667 1387//1447
f 717//1667 675//1931 143//1832
f 675//1931 41//1932 143//1832
f 1838//1933 675//1931 1926//1446
f 675//1931 1838//1933 41//1932
f 1304//1841 1838//1933 1457//1695
f 1614//1934 1620//1698 200//1151
f 1614//1934 1626//1843 1620//1698
f 1626//1843 1614//1934 270//1459
f 214//764 1614//1934 200//1151
f 1614//1934 214//764 1790//766
f 270//1459 1614//1934 1790//766
f 71//1851 849//1935 476//1710
f 849//1935 771//1852 476//1710
f 757//1936 771//1852 1297//775
f 700//1937 1501//1850 1076//1712
f 1493//1853 700//1937 1076//1712
f 1501//1850 700//1937 1667//1848
f 700//1937 1493//1853 1757//1472
f 1667//1848 700//1937 951//1474
f 700//1937 1757//1472 951//1474
f 757//1936 769//1938 771//1852
f 771//1852 764//1939 476//1710
f 764//1939 1076//1712 476//1710
f 764//1939 1493//1853 1076//1712
f 769//1938 764//1939 771//1852
f 1493//1853 764//1939 1469//1765
f 764//1939 1593//1764 1469//1765
f 1593//1764 764//1939 705//897
f 764//1939 769//1938 705//897
f 1132//1940 1331//1856 594//1720
f 1132//1940 1052//1491 678//1165
f 1331//1856 1132//1940 678//1165
f 1132//1940 594//1720 1955//1484
f 561//1722 895//1941 741//1487
f 1660//1857 895//1941 561//1722
f 895//1941 199//1379 741//1487
f 895//1941 1849//1380 199//1379
f 895//1941 1660//1857 1849//1380
f 1898//1942 997//1858 561//1722
f 1898//1942 129//1859 1362//1861
f 129//1859 1898//1942 561//1722
f 1406//1943 561//1722 359//1721
f 1406//1943 129//1859 561//1722
f 1406//1943 359//1721 499//1162
f 129//1859 1406//1943 499//1162
f 1764//1488 1676//1944 499//1162
f 1676//1944 1318//1863 499//1162
f 1676//1944 1764//1488 425//344
f 1103//1862 1676//1944 260//300
f 1318//1863 1676//1944 1103//1862
f 80//343 1676//1944 425//344
f 1676//1944 80//343 260//300
f 1796//1945 1103//1862 667//1725
f 1496//1865 1796//1945 1570//1490
f 877//1724 1796//1945 667//1725
f 1796//1945 877//1724 1570//1490
f 1507//1860 707//1946 1362//1861
f 1315//1947 1358//1867 1524//1497
f 1358//1867 1315//1947 1006//1883
f 1315//1947 1524//1497 1863//1493
f 1006//1883 1315//1947 1863//1493
f 1702//1948 1006//1883 586//1556
f 1702//1948 1358//1867 1006//1883
f 1358//1867 1702//1948 1123//1734
f 1589//1949 397//1870 709//1737
f 945//1868 1589//1949 709//1737
f 696//1869 1589//1949 319//1516
f 1589//1949 696//1869 397//1870
f 1589//1949 1525//1504 319//1516
f 1589//1949 945//1868 1525//1504
f 293//1757 1367//1950 15//1547
f 1367//1950 1090//1876 15//1547
f 1973//1244 1125//1951 344//886
f 1313//1877 1125//1951 1973//1244
f 1125//1951 1117//885 344//886
f 1125//1951 1381//1879 1117//885
f 1125//1951 1313//1877 1381//1879
f 135//1952 236//1889 1019//1778
f 135//1952 1940//1888 1059//1777
f 236//1889 135//1952 1059//1777
f 1986//1892 984//1953 1913//1582
f 1239//1583 984//1953 227//1584
f 1913//1582 984//1953 620//1585
f 984//1953 1239//1583 620//1585
f 1527//1954 634//1787 1247//1581
f 1527//1954 1986//1892 634//1787
f 1511//1281 1527//1954 1247//1581
f 1527//1954 984//1953 1986//1892
f 227//1584 1527//1954 1511//1281
f 984//1953 1527//1954 227//1584
f 1455//1789 1947//1955 247//1788
f 1245//952 1947//1955 1568//953
f 1568//953 1947//1955 1491//1283
f 1947//1955 1455//1789 1491//1283
f 1675//1956 804//1896 82//1580
f 404//1957 1530//1897 268//1286
f 1530//1897 404//1957 538//1795
f 404//1957 268//1286 18//535
f 538//1795 404//1957 18//535
f 1771//1958 1345//1899 311//1798
f 1345//1899 1771//1958 552//1799
f 552//1799 1771//1958 1982//932
f 1771//1958 665//1596 1982//932
f 1771//1958 311//1798 665//1596
f 571//1959 246//1903 52//1808
f 246//1903 571//1959 1546//534
f 1789//1960 295//1908 1669//1909
f 1789//1960 75//1906 823//904
f 295//1908 1789//1960 823//904
f 112//1961 691//1910 1820//1620
f 691//1910 112//1961 698//1962
f 4//1911 112//1961 1820//1620
f 698//1962 112//1961 1179//1912
f 112//1961 4//1911 1179//1912
f 556//1916 925//1963 149//1630
f 925//1963 556//1916 1883//1918
f 1026//1919 925//1963 1883//1918
f 149//1630 925//1963 429//1631
f 925//1963 1026//1919 429//1631
f 1662//1629 204//1964 1380//914
f 616//1917 204//1964 1662//1629
f 204//1964 616//1917 1208//524
f 1380//914 204//1964 3//913
f 204//1964 1208//524 3//913
f 1624//1965 1026//1919 1883//1918
f 616//1917 1624//1965 1883//1918
f 1624//1965 1324//1816 518//1322
f 1026//1919 1624//1965 518//1322
f 1324//1816 1624//1965 1662//1629
f 1624//1965 616//1917 1662//1629
f 136//1880 955//1966 606//1878
f 955//1966 1756//1350 320//201
f 1149//1234 955//1966 320//201
f 955//1966 1149//1234 1117//885
f 606//1878 955//1966 1117//885
f 389//1967 136//1880 1659//1648
f 1532//1922 389//1967 1659//1648
f 389//1967 955//1966 136//1880
f 389//1967 1532//1922 1756//1350
f 955//1966 389//1967 1756//1350
f 576//1968 1171//1923 1393//1824
f 377//1924 576//1968 1393//1824
f 1171//1923 576//1968 1381//1879
f 1381//1879 576//1968 1168//1760
f 576//1968 1938//1761 1168//1760
f 576//1968 377//1924 1938//1761
f 1734//1928 827//1969 580//1500
f 827//1969 1733//1926 580//1500
f 1733//1926 827//1969 522//1927
f 827//1969 17//1929 522//1927
f 827//1969 1734//1928 1717//1501
f 1423//1970 1928//1383 1739//1045
f 1423//1970 17//1929 1928//1383
f 371//1384 1423//1970 1739//1045
f 17//1929 1423//1970 371//1384
f 1888//1830 140//1971 870//1669
f 140//1971 642//1930 870//1669
f 140//1971 1888//1830 1644//1046
f 717//1667 140//1971 1644//1046
f 642//1930 140//1971 717//1667
f 1968//1972 717//1667 143//1832
f 642//1930 1968//1972 143//1832
f 1968//1972 642//1930 717//1667
f 1457//1695 350//1973 1926//1446
f 350//1973 1838//1933 1926//1446
f 1838//1933 350//1973 1457//1695
f 284//1974 1838//1933 1304//1841
f 1838//1933 284//1974 41//1932
f 284//1974 1304//1841 689//1831
f 284//1974 689//1831 143//1832
f 41//1932 284//1974 143//1832
f 771//1852 1923//1975 369//1239
f 849//1935 1923//1975 771//1852
f 369//1239 1923//1975 1427//1240
f 1923//1975 71//1851 1427//1240
f 1923//1975 849//1935 71//1851
f 1123//1734 638//1976 1297//775
f 638//1976 757//1936 1297//775
f 769//1938 638//1976 1123//1734
f 638//1976 769//1938 757//1936
f 1375//1977 1132//1940 1362//1861
f 707//1946 1375//1977 1362//1861
f 1375//1977 451//1864 1052//1491
f 1132//1940 1375//1977 1052//1491
f 1375//1977 1496//1865 451//1864
f 1375//1977 707//1946 1496//1865
f 1073//1978 1132//1940 1955//1484
f 1898//1942 1073//1978 997//1858
f 1132//1940 1073//1978 1362//1861
f 1073//1978 1898//1942 1362//1861
f 997//1858 1073//1978 1280//1163
f 1073//1978 776//1719 1280//1163
f 776//1719 1073//1978 1955//1484
f 1796//1945 1464//1979 1103//1862
f 1464//1979 1796//1945 1496//1865
f 1464//1979 707//1946 1507//1860
f 707//1946 1464//1979 1496//1865
f 789//1980 586//1556 705//897
f 789//1980 1702//1948 586//1556
f 769//1938 789//1980 705//897
f 789//1980 769//1938 1123//1734
f 1702//1948 789//1980 1123//1734
f 244//1981 293//1757 1369//1566
f 244//1981 1367//1950 293//1757
f 1090//1876 244//1981 1369//1566
f 1367//1950 244//1981 1090//1876
f 1940//1888 1195//1982 583//1572
f 1403//1571 1195//1982 1394//1563
f 583//1572 1195//1982 1403//1571
f 615//1983 946//1893 247//1788
f 1947//1955 615//1983 247//1788
f 75//1906 57//1984 147//1579
f 1015//1985 1954//536 1546//534
f 571//1959 1015//1985 1546//534
f 1015//1985 879//1575 1954//536
f 879//1575 1015//1985 1628//1265
f 1102//1986 818//1907 1373//521
f 1102//1986 1015//1985 571//1959
f 818//1907 1102//1986 1669//1909
f 1628//1265 1102//1986 1373//521
f 1015//1985 1102//1986 1628//1265
f 1854//1987 52//1808 1512//1898
f 1474//1988 1717//1501 219//1502
f 1474//1988 827//1969 1717//1501
f 827//1969 1474//1988 17//1929
f 100//1668 1474//1988 219//1502
f 17//1929 1474//1988 100//1668
f 1449//1989 1318//1863 1103//1862
f 1464//1979 1449//1989 1103//1862
f 1318//1863 1449//1989 1507//1860
f 1449//1989 1464//1979 1507//1860
f 135//1952 1563//1990 1940//1888
f 1563//1990 1195//1982 1940//1888
f 1195//1982 1563//1990 1394//1563
f 1563//1990 1019//1778 1394//1563
f 1563//1990 135//1952 1019//1778
f 70//1991 615//1983 1947//1955
f 492//955 70//1991 1245//952
f 70//1991 1947//1955 1245//952
f 70//1991 492//955 589//544
f 946//1893 70//1991 589//544
f 615//1983 70//1991 946//1893
f 57//1984 1402//1992 147//1579
f 147//1579 1402//1992 82//1580
f 1402//1992 1675//1956 82//1580
f 1864//1993 1428//1994 1512//1898
f 1864//1993 777//1995 1428//1994
f 1428//1994 844//1996 1512//1898
f 844//1996 1854//1987 1512//1898
f 1854//1987 844//1996 1428//1994
f 1089//1997 1402//1992 57//1984
f 1569//1618 1089//1997 1179//1912
f 1089//1997 1864//1993 1179//1912
f 1789//1960 1537//1998 75//1906
f 1537//1998 57//1984 75//1906
f 1537//1998 1789//1960 1669//1909
f 756//1999 1854//1987 1428//1994
f 777//1995 756//1999 1428//1994
f 1854//1987 756//1999 52//1808
f 756//1999 571//1959 52//1808
f 1102//1986 841//2000 1669//1909
f 841//2000 1537//1998 1669//1909
f 1537//1998 841//2000 777//1995
f 841//2000 1102//1986 571//1959
f 756//1999 841//2000 571//1959
f 1864//1993 1798//2001 777//1995
f 1537//1998 1798//2001 57//1984
f 1798//2001 1537//1998 777//1995
f 1798//2001 1089//1997 57//1984
f 1089//1997 1798//2001 1864//1993
f 1263//2002 698//1962 1179//1912
f 1864//1993 1263//2002 1179//1912
f 1263//2002 691//1910 698//1962
f 691//1910 1263//2002 1512//1898
f 1263//2002 1864//1993 1512//1898
f 1402//1992 1273//2003 1675//1956
f 1089//1997 1273//2003 1402//1992
f 1273//2003 1089//1997 1569//1618
f 804//1896 1273//2003 1569//1618
f 1675//1956 1273//2003 804//1896
f 241//2004 756//1999 777//1995
f 841//2000 241//2004 777//1995
f 241//2004 841//2000 756//1999
