# 
# Wavefront OBJ file
# Converted by the DEEP Exploration 3.5.9.1158
# Right Hemisphere, LTD
# http://www.righthemisphere.com/
# 
mtllib GC08_2.mtl
# object GC08_2
g GC08_2
v 0.0013 5.54574e-020 -5.71011e-020
v 0.000401722 -0.00086139 0.00088692
v -0.00105172 -0.000532368 0.000548147
v -0.00105172 0.000532368 -0.000548147
v 0.000401722 0.00086139 -0.00088692
v 0.00129486 0.00512673 0.00497915
v 0.000400135 0.00448515 0.00603031
v -0.00104757 0.00473021 0.00562881
v -0.00104757 0.00552324 0.0043295
v 0.000400135 0.0057683 0.00392799
v 0.00129581 0.0112171 0.00869907
v 0.000400523 0.010838 0.00987185
v -0.00104828 0.0109964 0.00942852
v -0.00104839 0.0114734 0.00798174
v 0.000400333 0.0116098 0.00753091
v 0.00141205 0.0180337 0.0108714
v 0.000518808 0.017878 0.0121006
v -0.000935518 0.017938 0.0116378
v -0.000941104 0.0181307 0.0101226
v 0.00050977 0.0181899 0.00964901
v 0.00129098 0.0252532 0.0119362
v 0.000397127 0.0250363 0.0131587
v -0.00104773 0.0249115 0.0126717
v -0.00104685 0.0250512 0.0111482
v 0.000398551 0.0252624 0.0106937
v -0.000250481 0.0326333 0.0133718
v -0.00112261 0.0323859 0.0145992
v -0.00254327 0.0321036 0.0141191
v -0.00254915 0.0321766 0.0125949
v -0.00113213 0.032504 0.0121331
v -0.00189688 0.0399974 0.0137812
v -0.00278531 0.0398827 0.0149972
v -0.0041808 0.0395489 0.0145257
v -0.00415482 0.0394575 0.0130184
v -0.00274328 0.0397346 0.0125583
v -0.00349453 0.0473647 0.0133337
v -0.00439218 0.0473728 0.0145076
v -0.00574725 0.0470025 0.0140488
v -0.00568708 0.0467656 0.0125913
v -0.00429482 0.0469895 0.0121494
v -0.00512758 0.0546609 0.0119718
v -0.00605999 0.054977 0.0129996
v -0.00732554 0.0544448 0.0126243
v -0.00717528 0.0537997 0.0113646
v -0.00581687 0.0539332 0.0109613
v -0.00755721 0.0624306 0.00559153
v -0.00847302 0.0629048 0.00640584
v -0.00960776 0.0622989 0.0061378
v -0.00939325 0.0614501 0.00515784
v -0.00812594 0.0615316 0.00482023
v -0.0100202 0.0695818 -0.0013962
v -0.0108487 0.0700254 -0.000692254
v -0.0118597 0.0694784 -0.000932226
v -0.011656 0.0686968 -0.00178448
v -0.0105191 0.0687607 -0.00207123
v -0.0122165 0.0767482 -0.00829144
v -0.0129351 0.0771488 -0.00769809
v -0.0138321 0.0767883 -0.00800527
v -0.0136679 0.076165 -0.00878847
v -0.0126694 0.0761402 -0.00896534
v -0.0116333 0.0803208 -0.0101763
v -0.0122773 0.0807287 -0.00962001
v -0.0131151 0.0806677 -0.0100503
v -0.0129887 0.080222 -0.0108726
v -0.012073 0.0800077 -0.0109505
v -0.0108791 0.0841384 -0.0120507
v -0.0114751 0.0845189 -0.01154
v -0.012247 0.084469 -0.0119433
v -0.0121279 0.0840576 -0.0127032
v -0.0112825 0.0838533 -0.0127696
v -0.0102162 0.0879353 -0.0140404
v -0.010762 0.0882869 -0.0135718
v -0.0114733 0.0882304 -0.0139351
v -0.0113671 0.0878438 -0.0146282
v -0.0105902 0.0876615 -0.0146933
v -0.00955657 0.091714 -0.0160468
v -0.0100537 0.0920364 -0.0156207
v -0.0107023 0.0919833 -0.015951
v -0.010606 0.0916281 -0.0165812
v -0.00989794 0.0914616 -0.0166404
v -0.00889753 0.095483 -0.0180708
v -0.0093471 0.0957761 -0.017686
v -0.00993418 0.095727 -0.0179843
v -0.00984746 0.0954036 -0.0185535
v -0.00920677 0.0952528 -0.0186069
v -0.00823799 0.0992447 -0.0201077
v -0.00864168 0.0995086 -0.0197624
v -0.00916913 0.099464 -0.0200301
v -0.00909142 0.0991725 -0.0205408
v -0.00851595 0.099037 -0.0205888
v -0.00801663 0.103038 -0.0222393
v -0.0130506 0.0770728 -0.00762934
v -0.0131048 0.0757377 -0.0082987
v -0.0130373 0.0769837 -0.00912112
v -0.0153035 0.077168 -0.00767015
v -0.0155194 0.0758493 -0.00833945
v -0.0156421 0.0771149 -0.00912483
v -0.0175133 0.0772627 -0.00717257
v -0.0178775 0.0759585 -0.00780513
v -0.0181607 0.0772404 -0.00851936
v -0.0195755 0.0773522 -0.00619407
v -0.0200629 0.0760599 -0.00676489
v -0.0204711 0.0773543 -0.00739049
v -0.0214118 0.0774328 -0.00483255
v -0.0220111 0.0761503 -0.00531162
v -0.022511 0.0774539 -0.00584493
v -0.0229676 0.0775497 -0.00308179
v -0.0236165 0.0762743 -0.00351282
v -0.0241779 0.0775859 -0.00395782
v -0.0244615 0.0775671 -0.0011488
v -0.0250686 0.0762909 -0.00163499
v -0.0256839 0.0776008 -0.00200791
v -0.026071 0.0773236 0.000658811
v -0.0266211 0.0760551 9.15554e-005
v -0.0272786 0.0773603 -0.000220915
v -0.0274869 0.0770455 0.00247672
v -0.0280802 0.0757706 0.00197056
v -0.0287695 0.0770708 0.00170999
v -0.0286766 0.0768094 0.00444594
v -0.0293154 0.0755271 0.00402018
v -0.0300264 0.0768238 0.00380457
v -0.029678 0.0766073 0.00653268
v -0.0303498 0.0753195 0.00618102
v -0.0310757 0.0766138 0.00600349
v -0.0304925 0.076446 0.00868034
v -0.0312004 0.075152 0.00843915
v -0.031936 0.0764448 0.00829348
v -0.0309817 0.0764081 0.0108077
v -0.0317366 0.0751199 0.0108621
v -0.0324744 0.0764137 0.0107434
v -0.0307899 0.0767643 0.0134928
v -0.0315389 0.0754974 0.0137026
v -0.0322717 0.0767875 0.0136095
v -0.0304878 0.0771379 0.0162963
v -0.0312349 0.0758754 0.0164709
v -0.0319615 0.0771596 0.0163979
v -0.0303319 0.0773867 0.0191178
v -0.0310745 0.0761313 0.0192711
v -0.0317952 0.0774073 0.0192141
v -0.0300678 0.0776624 0.021965
v -0.0308079 0.0764128 0.0220443
v -0.0315218 0.0776793 0.0219998
v -0.0301158 0.0777393 0.0249237
v -0.0308399 0.076499 0.0248005
v -0.0315485 0.0777538 0.0247659
v -0.0310254 0.077321 0.028387
v -0.0317099 0.0761085 0.0280875
v -0.0324117 0.0773475 0.0280618
v -0.0319162 0.0768849 0.031697
v -0.0326015 0.0756833 0.0314437
v -0.0332957 0.0769061 0.0314247
v -0.0326013 0.076548 0.035036
v -0.0332921 0.075355 0.0348739
v -0.033978 0.0765616 0.0348599
v -0.032939 0.0763948 0.0383541
v -0.0336308 0.0752138 0.0384133
v -0.0343081 0.0764046 0.038403
v -0.0326364 0.0765808 0.0399613
v -0.0333046 0.0754199 0.0402028
v -0.0339773 0.0766031 0.0401941
v -0.0322941 0.0767883 0.0417021
v -0.0329622 0.0756322 0.0419168
v -0.0336304 0.076808 0.0419094
v -0.0320409 0.0769433 0.0434765
v -0.032711 0.0757906 0.0436458
v -0.0333749 0.0769592 0.0436395
v -0.0318709 0.0770474 0.0448844
v -0.0325402 0.0758988 0.0450322
v -0.0332008 0.0770618 0.0450268
v -0.0317234 0.0771399 0.0468783
v -0.0323265 0.0761066 0.0470114
v -0.0329203 0.0771538 0.0470064
v -0.00539392 0.053967 0.0112871
v -0.00650897 0.0538457 0.013059
v -0.00700027 0.0552766 0.0116068
v -0.00332352 0.0561691 0.0127564
v -0.00470046 0.0557283 0.0142754
v -0.00498977 0.0574074 0.0130528
v -0.00157495 0.0580259 0.0148926
v -0.0031309 0.0573677 0.0161349
v -0.00328628 0.0592108 0.0151469
v -0.00016238 0.0595238 0.0174649
v -0.00183266 0.0587271 0.0184514
v -0.00190416 0.0606729 0.0176727
v 0.000947317 0.0606993 0.0202996
v -0.00079133 0.0598197 0.0210748
v -0.000812038 0.0618276 0.0204702
v 0.00182497 0.0616014 0.0232594
v 5.31228e-005 0.060681 0.0239004
v 6.33784e-005 0.0627256 0.0234344
v 0.00263536 0.0623002 0.026358
v 0.000822055 0.0613382 0.026787
v 0.00085384 0.0634042 0.0264288
v 0.00293802 0.0628733 0.0296964
v 0.00110969 0.0618472 0.0297408
v 0.00113901 0.0639261 0.0294665
v 0.00217835 0.0634586 0.0340669
v 0.00037658 0.062404 0.0338695
v 0.000396009 0.064492 0.0336756
v 0.00133926 0.0638568 0.0382701
v -0.000466135 0.0628045 0.0380949
v -0.000454605 0.064897 0.0379575
v 0.000782951 0.0641385 0.0425163
v -0.00102868 0.0630898 0.0423908
v -0.00102085 0.0651846 0.0422935
v 0.000350803 0.0643376 0.0467591
v -0.0014563 0.0632985 0.0467239
v -0.0014505 0.0653822 0.0466555
v 0.000334845 0.0644737 0.0508439
v -0.00143244 0.063452 0.0511757
v -0.00142666 0.0655196 0.0511278
v 0.00152083 0.0645465 0.0541209
v -0.000191813 0.0635367 0.054628
v -0.000182918 0.0655882 0.0545925
v 0.00261344 0.0646028 0.0576446
v 0.000886538 0.0636 0.0580298
v 0.000897417 0.0656336 0.0580035
v 0.00333606 0.0646456 0.0612598
v 0.00160512 0.0636512 0.061528
v 0.0016169 0.0656653 0.0615086
v 0.0038656 0.0646773 0.0648779
v 0.00214342 0.0636923 0.0650747
v 0.00215563 0.0656859 0.0650605
v 0.00425359 0.0647006 0.0685022
v 0.00254488 0.0637259 0.0686462
v 0.00255725 0.0656983 0.0686358
v 0.00453663 0.0647179 0.0721275
v 0.00284386 0.0637535 0.0722326
v 0.00285627 0.0657045 0.0722251
v 0.0047421 0.0647307 0.0757516
v 0.0030664 0.0637767 0.0758282
v 0.00307875 0.0657064 0.0758227
v 0.00489044 0.0647401 0.0793737
v 0.00323202 0.0637964 0.0794296
v 0.00324429 0.0657053 0.0794255
v 0.00499688 0.064747 0.0829939
v 0.00335532 0.0638131 0.0830345
v 0.00336749 0.0657021 0.0830316
v 0.00504593 0.0647503 0.0853368
v 0.00341482 0.0638224 0.0853695
v 0.00342692 0.0656992 0.0853671
v 0.0049764 0.0647525 0.0873385
v 0.00350774 0.0639186 0.0873679
v 0.00351997 0.0656077 0.0873658
v -0.00124229 0.0247178 0.0118453
v 0.000955945 0.0242789 0.0116092
v 0.000281583 0.0263121 0.0123106
v -0.00140933 0.0260683 0.00777009
v 0.000782704 0.0257064 0.0073899
v 0.000123872 0.0275337 0.00853331
v -0.00168293 0.0282876 0.00406583
v 0.000495504 0.0280972 0.00351926
v -0.000127805 0.029449 0.00521178
v -0.00209069 0.0316031 0.00126755
v 6.67798e-005 0.0316845 0.000620049
v -0.000496523 0.0322256 0.00273441
v -0.00259982 0.0357453 5.93859e-005
v -0.000469032 0.0361479 -0.000555571
v -0.000963119 0.0357597 0.00160908
v -0.00332239 0.040031 0.000684778
v -0.00121042 0.0405971 0.000137356
v -0.00161412 0.0394526 0.00203676
v -0.00357498 0.0439381 0.00298659
v -0.00143796 0.0443569 0.00240496
v -0.00190157 0.0427384 0.00390365
v -0.00248251 0.0472075 0.0068742
v -0.000350696 0.0475545 0.00622963
v -0.000907477 0.0456539 0.00730583
v -0.00135903 0.0493378 0.0112157
v 0.000803769 0.0497482 0.0107315
v 0.000183012 0.0477156 0.0114823
v -0.000618998 0.0508284 0.0158649
v 0.00155047 0.0512795 0.0155347
v 0.000904875 0.0491964 0.0160473
v -7.78796e-005 0.0518389 0.0206401
v 0.002084 0.0523129 0.0204703
v 0.00143046 0.05022 0.0208164
v -1.18579e-005 0.0526024 0.0253213
v 0.00211006 0.0531224 0.0255335
v 0.00146235 0.0510381 0.0257657
v -0.00104533 0.0532989 0.0286809
v 0.00101308 0.0538501 0.0291133
v 0.000384388 0.0517756 0.0292838
v -0.00207487 0.0539068 0.0322868
v -1.53232e-005 0.0544384 0.0326166
v -0.000628557 0.0523789 0.0327415
v -0.00270873 0.0543214 0.0360116
v -0.000653685 0.0548355 0.0362303
v -0.00125634 0.052795 0.0363212
v -0.00316754 0.0546228 0.0397347
v -0.00112854 0.0551268 0.0398936
v -0.00172243 0.0531069 0.0399596
v -0.0035 0.0548424 0.0434643
v -0.00148011 0.0553383 0.0435794
v -0.00206627 0.05334 0.0436272
v -0.00373976 0.0550019 0.0471946
v -0.00174024 0.0554911 0.0472779
v -0.00231934 0.0535143 0.0473124
v -0.00391183 0.0551174 0.0509235
v -0.00193275 0.0556008 0.0509836
v -0.00250532 0.0536449 0.0510086
v -0.00403469 0.0552009 0.0546503
v -0.00207529 0.055679 0.0546937
v -0.00264185 0.0537429 0.0547117
v -0.00397528 0.0552031 0.0566528
v -0.00221148 0.0556319 0.0566919
v -0.00272277 0.0538898 0.056708
v -0.0306962 0.0777683 0.0564867
v -0.0312946 0.0767469 0.0565814
v -0.0318802 0.0777801 0.0565778
v -0.029958 0.0782201 0.0661246
v -0.0305498 0.077212 0.0661918
v -0.0311271 0.0782306 0.0661892
v -0.0294304 0.0785431 0.0757767
v -0.0300143 0.0775494 0.075824
v -0.030583 0.078553 0.0758222
v -0.0290575 0.0787717 0.085435
v -0.0296311 0.0777959 0.0854681
v -0.0301894 0.078781 0.0854668
v -0.0287949 0.0789327 0.0950958
v -0.0293582 0.0779747 0.0951188
v -0.0299063 0.0789418 0.0951179
v -0.0286096 0.0790464 0.104757
v -0.0291648 0.0781023 0.104773
v -0.0297048 0.0790552 0.104773
v -0.0284913 0.0791195 0.114419
v -0.029028 0.0782069 0.11443
v -0.02955 0.0791281 0.114429
v -0.0284488 0.079148 0.124079
v -0.0289311 0.0783278 0.124087
v -0.0294003 0.0791557 0.124087
v -0.0282128 0.0792847 0.133727
v -0.0288375 0.0782223 0.133752
v -0.0294453 0.0792948 0.133752
v -0.0280248 0.0793934 0.143382
v -0.0285329 0.0785292 0.143404
v -0.0290273 0.0794016 0.143404
v -0.0278118 0.0795157 0.153051
v -0.0283148 0.0786605 0.153054
v -0.0288039 0.0795236 0.153054
v -0.0279224 0.0794542 0.162735
v -0.0284091 0.0786259 0.1627
v -0.028883 0.0794622 0.1627
v -0.0285872 0.0790782 0.172401
v -0.0290493 0.0782879 0.172314
v -0.0295027 0.079088 0.172314
v -0.0304659 0.0780145 0.185857
v -0.0310021 0.0770921 0.185715
v -0.0315327 0.0780286 0.185715
v -0.0327004 0.076749 0.199221
v -0.0330911 0.0760772 0.199121
v -0.0334775 0.076759 0.199121
v -0.0346063 0.0756695 0.212644
v -0.0349614 0.0750602 0.212562
v -0.0353114 0.0756779 0.212562
v -0.0362416 0.0747432 0.226113
v -0.036561 0.0741964 0.226048
v -0.0368748 0.0747502 0.226048
v -0.0375923 0.0739782 0.239629
v -0.0378768 0.0734912 0.239572
v -0.0381562 0.0739844 0.239572
v -0.0378422 0.0738366 0.241926
v -0.0381206 0.0733599 0.241869
v -0.0383942 0.0738428 0.241869
v -0.0380536 0.0737166 0.243912
v -0.0383316 0.0732413 0.243854
v -0.0386043 0.0737232 0.243854
v 0.00505422 0.0647573 0.0915896
v 0.00359254 0.0639274 0.0916146
v 0.00360472 0.0656084 0.0916128
v 0.00512004 0.0647615 0.0958405
v 0.00366537 0.0639356 0.0958618
v 0.0036775 0.0656084 0.0958602
v 0.00517559 0.064765 0.100091
v 0.00372796 0.0639431 0.100109
v 0.00374002 0.0656079 0.100108
v 0.00522233 0.064768 0.104342
v 0.00378177 0.0639502 0.104357
v 0.00379378 0.0656067 0.104356
v 0.00526147 0.0647706 0.108592
v 0.00382809 0.0639568 0.108605
v 0.00384004 0.0656051 0.108604
v 0.00529392 0.0647728 0.112842
v 0.00386808 0.0639633 0.112853
v 0.00387997 0.065603 0.112852
v 0.00532069 0.0647747 0.117092
v 0.00390263 0.0639697 0.117102
v 0.00391446 0.0656003 0.117101
v 0.00534303 0.0647764 0.121341
v 0.0039323 0.0639754 0.121351
v 0.00394407 0.0655977 0.12135
v 0.00537222 0.0647777 0.125578
v 0.00396933 0.0639811 0.125605
v 0.00398104 0.0655945 0.125605
v 0.00549562 0.064778 0.129819
v 0.00410108 0.0639861 0.129855
v 0.00411272 0.0655902 0.129855
v 0.00559908 0.0647784 0.134082
v 0.00421415 0.0639921 0.134095
v 0.00422571 0.0655847 0.134095
v 0.00557598 0.0647795 0.138367
v 0.00420535 0.064001 0.138326
v 0.00421679 0.0655778 0.138326
v 0.00531743 0.0647822 0.142657
v 0.00395913 0.0640083 0.142544
v 0.0039705 0.0655756 0.142544
v 0.00470725 0.0647873 0.147215
v 0.00336347 0.0640172 0.147032
v 0.00337478 0.0655767 0.147032
v 0.00399931 0.064793 0.151715
v 0.00266248 0.0640264 0.151527
v 0.00267373 0.0655789 0.151527
v 0.00331545 0.0647985 0.156206
v 0.0019847 0.0640365 0.156032
v 0.00199588 0.0655797 0.156032
v 0.00270078 0.0648034 0.1607
v 0.00137676 0.0640468 0.16055
v 0.00138786 0.065579 0.16055
v 0.00217664 0.0648075 0.165202
v 0.000863898 0.064059 0.165082
v 0.000874875 0.0655749 0.165082
v 0.00176092 0.0648108 0.169719
v 0.00047875 0.0640809 0.169625
v 0.000489454 0.0655592 0.169625
v 0.00156107 0.0648125 0.174262
v 7.12573e-005 0.0639647 0.174162
v 8.36889e-005 0.0656817 0.174162
v 0.00121481 0.0648152 0.178792
v -0.000242851 0.0639862 0.178706
v -0.000230694 0.0656652 0.178706
v 0.000765053 0.0648186 0.183313
v -0.000414317 0.0641484 0.183262
v -0.00040449 0.0655058 0.183261
v 0.000648531 0.0648196 0.187844
v -0.000618151 0.0641003 0.187818
v -0.000607604 0.0655572 0.187818
v 0.000636428 0.0648198 0.192365
v -0.000673287 0.0640762 0.192384
v -0.000662383 0.0655824 0.192384
v 0.00100918 0.0648172 0.19682
v -0.000559203 0.0639223 0.196977
v -0.000546081 0.0657348 0.196977
v 0.00154346 0.0648135 0.202145
v 0.000347573 0.0641262 0.202331
v 0.000357649 0.065518 0.202331
v 0.00256816 0.0648061 0.207443
v 0.00135943 0.0641106 0.20764
v 0.00136962 0.065519 0.20764
v 0.00348543 0.0647995 0.212795
v 0.00227904 0.064109 0.212948
v 0.00228917 0.0655075 0.212948
v 0.00408514 0.0647953 0.218193
v 0.00287987 0.0641082 0.218301
v 0.00288995 0.0654997 0.218301
v 0.00455174 0.0647919 0.223588
v 0.00336043 0.0641137 0.223675
v 0.00337038 0.0654873 0.223675
v 0.00493597 0.0647892 0.228984
v 0.00376181 0.0641212 0.229058
v 0.0037716 0.0654741 0.229058
v 0.00527498 0.0647868 0.234368
v 0.00412304 0.064131 0.234451
v 0.00413265 0.0654591 0.234451
v 0.0057303 0.0647835 0.239755
v 0.00460121 0.0641411 0.239828
v 0.00461063 0.0654422 0.239828
v 0.00602236 0.0647814 0.245189
v 0.00491506 0.0641527 0.245201
v 0.00492428 0.0654261 0.245201
v 0.00582997 0.0647828 0.250654
v 0.0047728 0.0641806 0.250567
v 0.00478164 0.0654003 0.250567
v 0.00525973 0.0647869 0.256642
v 0.00365106 0.0638601 0.256367
v 0.00366465 0.0657369 0.256367
v 0.00373013 0.064798 0.26241
v 0.00268337 0.0641938 0.262218
v 0.00269223 0.0654174 0.262218
v 0.00254838 0.0648066 0.268221
v 0.00157921 0.0642483 0.268056
v 0.0015874 0.0653789 0.268056
v 0.00152988 0.064814 0.274055
v 0.000577687 0.0642675 0.273915
v 0.000585701 0.0653742 0.273915
v 0.000680834 0.0648202 0.279924
v -0.00024151 0.0642916 0.279799
v -0.000233759 0.065362 0.279799
v -0.000192111 0.0648265 0.285794
v -0.00108375 0.0643159 0.285677
v -0.00107626 0.0653499 0.285677
v -0.000972938 0.0648322 0.291665
v -0.00183542 0.0643397 0.291574
v -0.0018282 0.065337 0.291574
v -0.00153532 0.0648362 0.297547
v -0.00236938 0.064362 0.297501
v -0.00236242 0.0653225 0.297501
v -0.00165807 0.0648371 0.303418
v -0.00245999 0.0643809 0.30347
v -0.0024533 0.0653049 0.30347
v -0.00071887 0.0648303 0.310861
v -0.00147316 0.0643964 0.310984
v -0.0014668 0.0652751 0.310984
v 0.000706402 0.06482 0.31826
v -5.58708e-006 0.0644078 0.318402
v 4.57586e-007 0.0652426 0.318402
v 0.00222337 0.0648091 0.325659
v 0.00154871 0.0644184 0.325793
v 0.00155444 0.0652095 0.325793
v 0.00261495 0.0648062 0.327743
v 0.00195068 0.0644216 0.327876
v 0.00195632 0.0652004 0.327876
v 0.00299036 0.0648031 0.329712
v 0.00232639 0.06442 0.329838
v 0.00233263 0.0651969 0.329838
v -0.00408233 0.0552739 0.0609044
v -0.00232672 0.0557006 0.0609377
v -0.00283555 0.0539668 0.0609514
v -0.00417311 0.0553343 0.065156
v -0.00242575 0.0557589 0.0651843
v -0.00293212 0.0540332 0.0651959
v -0.00424996 0.0553856 0.0694073
v -0.0025109 0.0558081 0.0694314
v -0.00301481 0.0540907 0.0694413
v -0.00431489 0.0554293 0.0736585
v -0.00258417 0.0558497 0.0736789
v -0.00308563 0.0541406 0.0736874
v -0.00436956 0.0554663 0.0779094
v -0.00264729 0.0558846 0.0779268
v -0.00314628 0.0541839 0.0779339
v -0.00441527 0.0554976 0.0821602
v -0.00270186 0.0559138 0.0821749
v -0.00319826 0.0542218 0.082181
v -0.00445331 0.0555241 0.0864107
v -0.00274908 0.055938 0.0864232
v -0.00324281 0.0542551 0.0864284
v -0.00448519 0.0555464 0.0906599
v -0.0027897 0.0559582 0.0906722
v -0.00328089 0.054284 0.0906766
v -0.00452211 0.0555683 0.0948965
v -0.00283578 0.0559781 0.0949274
v -0.00332439 0.0543126 0.0949311
v -0.00464804 0.0556146 0.0991372
v -0.0029715 0.0560222 0.0991775
v -0.00345732 0.0543661 0.0991806
v -0.00475409 0.0556538 0.103402
v -0.00308813 0.0560585 0.103417
v -0.00357074 0.0544133 0.103419
v -0.00473704 0.0556556 0.107689
v -0.00308791 0.0560564 0.107647
v -0.00356579 0.0544274 0.107649
v -0.00449256 0.0555897 0.111984
v -0.00285854 0.055989 0.111863
v -0.00333328 0.0543707 0.111865
v -0.00391058 0.0554243 0.116546
v -0.00229271 0.0558237 0.11635
v -0.00276511 0.0542137 0.116352
v -0.00323446 0.0552302 0.121048
v -0.00162467 0.0556282 0.120846
v -0.002095 0.0540253 0.120847
v -0.00258118 0.0550422 0.125538
v -0.000978303 0.0554374 0.125352
v -0.00144608 0.0538433 0.125353
v -0.0019937 0.0548728 0.130032
v -0.000398739 0.0552646 0.129871
v -0.000863404 0.0536811 0.129872
v -0.00149513 0.0547291 0.134533
v 9.11405e-005 0.0551171 0.134404
v -0.000370136 0.0535453 0.134405
v -0.00109344 0.0546133 0.139049
v 0.000450745 0.0549901 0.138948
v 2.26539e-006 0.0534618 0.138948
v -0.000821862 0.0545354 0.143585
v 0.000812054 0.0549337 0.143488
v 0.000337684 0.0533173 0.143488
v -0.00069566 0.0544999 0.148129
v 0.00126185 0.0549766 0.148026
v 0.000693777 0.0530409 0.148026
v -0.00011612 0.0543311 0.15264
v 0.00126891 0.0546679 0.152586
v 0.000867237 0.0532992 0.152586
v -3.35154e-005 0.0543079 0.157171
v 0.00149872 0.05468 0.157142
v 0.00105463 0.0531668 0.157143
v 2.54758e-005 0.0542915 0.16169
v 0.00152137 0.0546547 0.16171
v 0.00108785 0.0531775 0.16171
v -0.000375717 0.0544099 0.166139
v 0.00148575 0.0548661 0.166306
v 0.000944021 0.0530202 0.166306
v -0.000928667 0.0545729 0.171454
v 0.000587798 0.0549495 0.171665
v 0.000143826 0.0534366 0.171665
v -0.00186422 0.0548481 0.176759
v -0.000416512 0.0552084 0.17697
v -0.000840787 0.0537626 0.17697
v -0.00274805 0.0551079 0.182113
v -0.00129558 0.0554659 0.182278
v -0.00171936 0.0540219 0.182278
v -0.00332348 0.0552772 0.187514
v -0.00186954 0.0556329 0.18763
v -0.00229229 0.0541923 0.18763
v -0.00376925 0.0554084 0.19291
v -0.0023301 0.0557595 0.193003
v -0.00274806 0.0543352 0.193003
v -0.00413519 0.055516 0.198306
v -0.00271493 0.0558621 0.198386
v -0.00312716 0.0544574 0.198386
v -0.00445746 0.0556108 0.20369
v -0.00306141 0.0559514 0.203779
v -0.00346682 0.0545699 0.203779
v -0.00489018 0.055738 0.209078
v -0.00352077 0.0560718 0.209157
v -0.00391827 0.0547172 0.209157
v -0.00516548 0.055819 0.214516
v -0.00382186 0.0561452 0.214528
v -0.00421121 0.0548184 0.214528
v -0.00497573 0.0557634 0.219986
v -0.0036884 0.056078 0.219891
v -0.00406252 0.0548031 0.219891
v -0.00427479 0.0555579 0.225952
v -0.00263409 0.0559671 0.225702
v -0.00311543 0.0543269 0.225702
v -0.00304796 0.055198 0.231764
v -0.00161563 0.0555564 0.231532
v -0.00203649 0.0541223 0.231532
v -0.00183959 0.0548434 0.237559
v -0.00063685 0.0551432 0.237379
v -0.000989578 0.0539413 0.237379
v -0.00086283 0.0545569 0.243392
v 0.000301753 0.0548452 0.243242
v -3.87094e-005 0.053685 0.243242
v -6.22483e-005 0.054322 0.249262
v 0.00106702 0.0546007 0.249128
v 0.000737315 0.0534772 0.249128
v 0.000758352 0.0540813 0.255133
v 0.00185131 0.0543506 0.25501
v 0.00153244 0.053264 0.25501
v 0.00148709 0.0538675 0.261006
v 0.00254531 0.0541269 0.26091
v 0.00223732 0.0530774 0.26091
v 0.00200326 0.0537161 0.266887
v 0.00302719 0.0539652 0.266841
v 0.00273017 0.0529531 0.266841
v 0.00209611 0.0536889 0.272753
v 0.00308147 0.0539291 0.272813
v 0.00279537 0.0529542 0.272813
v 0.00116845 0.0539611 0.280188
v 0.00209773 0.0541925 0.280325
v 0.00182533 0.0532643 0.280325
v -0.000215816 0.0543674 0.287583
v 0.000663694 0.0545889 0.28774
v 0.000404531 0.0537058 0.28774
v -0.00167461 0.0547956 0.294982
v -0.000839138 0.0550059 0.29513
v -0.00108526 0.0541672 0.29513
v -0.00273509 0.0551068 0.300918
v -0.00193482 0.0553083 0.301059
v -0.00217056 0.0545049 0.301059
v -0.00309248 0.0552121 0.302887
v -0.00229297 0.0554121 0.303022
v -0.00252876 0.054611 0.303022
v -0.0408035 0.0721591 0.269786
v -0.0410825 0.0716848 0.269759
v -0.0413537 0.0721643 0.269759
v -0.0421283 0.0714087 0.295819
v -0.0424011 0.0709455 0.295807
v -0.0426659 0.0714135 0.295807
v -0.0427599 0.071051 0.321892
v -0.0430218 0.0706065 0.321886
v -0.0432757 0.0710555 0.321886
v -0.0430779 0.0708709 0.347975
v -0.0433324 0.070439 0.347971
v -0.0435792 0.0708753 0.347971
v -0.0432765 0.0707584 0.374061
v -0.0435225 0.0703409 0.374058
v -0.043761 0.0707627 0.374058
v -0.0433461 0.070719 0.384685
v -0.0435884 0.0703077 0.384682
v -0.0438234 0.0707232 0.384682
v -0.0433827 0.070698 0.386695
v -0.0436007 0.0703283 0.386676
v -0.0438119 0.0707024 0.386676
v 0.00704191 0.0647738 0.350906
v 0.00637143 0.0643919 0.350973
v 0.00637765 0.0651665 0.350973
v 0.00920131 0.0647582 0.372358
v 0.00853254 0.0643787 0.372393
v 0.00853873 0.0651484 0.372393
v 0.0103216 0.0647501 0.393878
v 0.00966546 0.0643782 0.393896
v 0.00967152 0.0651326 0.393896
v 0.0108946 0.064746 0.415415
v 0.010257 0.0643846 0.415424
v 0.0102629 0.0651175 0.415424
v 0.0111962 0.0647438 0.436954
v 0.010573 0.0643907 0.436959
v 0.0105788 0.0651069 0.436959
v 0.0113675 0.0647426 0.458493
v 0.0107558 0.0643959 0.458496
v 0.0107614 0.065099 0.458496
v 0.0114764 0.0647418 0.480032
v 0.010878 0.0644027 0.480034
v 0.0108835 0.0650905 0.480034
v 0.0115599 0.0647412 0.50157
v 0.0109758 0.0644102 0.501573
v 0.0109812 0.0650815 0.501573
v 0.0115729 0.0647411 0.503555
v 0.0109903 0.0644109 0.503566
v 0.0109956 0.0650807 0.503566
v 0.0115481 0.064741 0.505575
v 0.0110237 0.0644442 0.505556
v 0.011029 0.0650471 0.505556
v -0.00695138 0.0563447 0.32409
v -0.00614561 0.0565415 0.324162
v -0.00638067 0.0557428 0.324162
v -0.00900844 0.0569485 0.345545
v -0.00820492 0.0571434 0.345582
v -0.0084386 0.0563494 0.345582
v -0.0100758 0.0572618 0.367066
v -0.00928694 0.0574528 0.367085
v -0.00951618 0.0566739 0.367085
v -0.0106211 0.0574218 0.388603
v -0.00985402 0.0576074 0.388613
v -0.0100769 0.0568503 0.388613
v -0.0109067 0.0575056 0.410143
v -0.0101572 0.0576869 0.410148
v -0.0103749 0.0569472 0.410148
v -0.0110675 0.0575528 0.431682
v -0.0103316 0.0577309 0.431685
v -0.0105454 0.0570045 0.431685
v -0.0111679 0.0575823 0.453221
v -0.0104475 0.0577566 0.453223
v -0.0106568 0.0570455 0.453223
v -0.0112427 0.0576042 0.474759
v -0.0105391 0.0577744 0.474762
v -0.0107435 0.05708 0.474762
v -0.0112713 0.0576126 0.479563
v -0.0105716 0.0577819 0.479575
v -0.0107749 0.0570912 0.479575
v -0.011244 0.0576049 0.481585
v -0.0106144 0.0577568 0.481564
v -0.0107978 0.0571354 0.481564
v -0.043428 0.0706724 0.389018
v -0.0436148 0.0703556 0.389004
v -0.0437957 0.0706761 0.389004
v -0.0436362 0.0705549 0.39133
v -0.0437931 0.0702888 0.391319
v -0.0439451 0.0705579 0.391319
v -0.0436459 0.0705494 0.393649
v -0.0437835 0.0703161 0.39364
v -0.0439167 0.070552 0.39364
v -0.0438261 0.0704476 0.395958
v -0.04395 0.0702376 0.395951
v -0.04407 0.07045 0.395951
v -0.043807 0.0704584 0.398272
v -0.0439202 0.0702665 0.398266
v -0.0440298 0.0704606 0.398266
v -0.0439735 0.0703644 0.400576
v -0.0440785 0.0701864 0.400571
v -0.0441802 0.0703664 0.400571
v -0.0439324 0.0703875 0.402884
v -0.0440315 0.0702197 0.40288
v -0.0441273 0.0703894 0.40288
v -0.0440897 0.0702987 0.405184
v -0.0441845 0.070138 0.40518
v -0.0442763 0.0703006 0.40518
v -0.0440309 0.0703319 0.407486
v -0.044123 0.0701758 0.407483
v -0.0442121 0.0703336 0.407483
v -0.0441833 0.0702459 0.409781
v -0.0442736 0.0700928 0.409778
v -0.044361 0.0702476 0.409778
v -0.044111 0.0702866 0.412078
v -0.0442002 0.0701355 0.412075
v -0.0442865 0.0702884 0.412075
v -0.0442625 0.0702011 0.414366
v -0.0443509 0.0700514 0.414364
v -0.0444363 0.0702028 0.414364
v -0.0441806 0.0702474 0.416658
v -0.044268 0.0700993 0.416655
v -0.0443525 0.070249 0.416655
v -0.0443349 0.0701602 0.418941
v -0.0444209 0.0700145 0.418939
v -0.0445041 0.0701618 0.418939
v -0.044247 0.0702098 0.421226
v -0.0443307 0.070068 0.421224
v -0.0444117 0.0702114 0.421224
v -0.0444076 0.0701192 0.423504
v -0.0444878 0.0699832 0.423502
v -0.0445655 0.0701207 0.423502
v -0.0443784 0.0701356 0.424233
v -0.0444573 0.070002 0.424231
v -0.0445335 0.0701371 0.424231
v 0.011525 0.0647413 0.507844
v 0.0110595 0.0644778 0.507829
v 0.0110642 0.0650129 0.507829
v 0.0113137 0.0647431 0.510105
v 0.0109081 0.0645137 0.510093
v 0.0109122 0.0649798 0.510093
v 0.0113174 0.0647431 0.51237
v 0.0109609 0.0645414 0.512361
v 0.0109645 0.0649511 0.512361
v 0.0111328 0.0647448 0.514627
v 0.0108079 0.0645609 0.514619
v 0.0108112 0.0649344 0.514619
v 0.0111697 0.0647445 0.516887
v 0.0108704 0.0645751 0.516881
v 0.0108734 0.0649191 0.516881
v 0.0109972 0.064746 0.51914
v 0.010719 0.0645886 0.519134
v 0.0107218 0.0649083 0.519134
v 0.011055 0.0647455 0.521394
v 0.010794 0.0645978 0.52139
v 0.0107967 0.0648978 0.52139
v 0.0108903 0.064747 0.523642
v 0.0106429 0.064607 0.523638
v 0.0106454 0.0648913 0.523638
v 0.0109661 0.0647463 0.525891
v 0.0107293 0.0646123 0.525888
v 0.0107317 0.0648844 0.525888
v 0.0108061 0.0647477 0.528134
v 0.0105772 0.0646183 0.528131
v 0.0105796 0.0648812 0.528131
v 0.0108969 0.0647469 0.530378
v 0.0106738 0.0646207 0.530375
v 0.0106761 0.064877 0.530375
v 0.0107389 0.0647483 0.532615
v 0.0105198 0.0646244 0.532613
v 0.0105221 0.0648761 0.532613
v 0.0108419 0.0647474 0.534853
v 0.0106257 0.0646251 0.534851
v 0.0106279 0.0648735 0.534851
v 0.0106832 0.0647488 0.537086
v 0.010469 0.0646276 0.537084
v 0.0104712 0.0648738 0.537084
v 0.010796 0.0647478 0.539318
v 0.0105834 0.0646276 0.539316
v 0.0105856 0.0648719 0.539316
v 0.0106343 0.0647493 0.541545
v 0.0104233 0.0646299 0.541543
v 0.0104255 0.0648723 0.541543
v 0.0107544 0.0647482 0.543772
v 0.0105456 0.0646301 0.54377
v 0.0105477 0.06487 0.54377
v 0.0105876 0.0647497 0.545994
v 0.0103819 0.0646333 0.545992
v 0.010384 0.0648697 0.545992
v 0.0107128 0.0647486 0.548216
v 0.0105115 0.0646347 0.548214
v 0.0105135 0.064866 0.548214
v 0.010539 0.0647501 0.550432
v 0.010344 0.0646398 0.55043
v 0.0103459 0.0648639 0.55043
v 0.0106277 0.0647494 0.551964
v 0.0104382 0.0646422 0.551963
v 0.0104402 0.0648599 0.551963
v -0.011219 0.0575975 0.483854
v -0.0106588 0.0577327 0.483838
v -0.010822 0.0571798 0.483838
v -0.0110133 0.0575367 0.486115
v -0.0105242 0.0576547 0.486102
v -0.0106667 0.0571721 0.486102
v -0.011014 0.0575369 0.48838
v -0.0105837 0.0576408 0.488369
v -0.0107091 0.0572161 0.488369
v -0.0108349 0.057484 0.490636
v -0.0104426 0.0575787 0.490628
v -0.0105568 0.0571916 0.490628
v -0.0108686 0.057494 0.492897
v -0.0105069 0.0575812 0.49289
v -0.0106123 0.0572244 0.49289
v -0.0107016 0.0574447 0.495149
v -0.0103654 0.0575258 0.495143
v -0.0104633 0.057194 0.495143
v -0.0107558 0.0574607 0.497404
v -0.0104404 0.0575368 0.497399
v -0.0105323 0.0572255 0.497399
v -0.0105967 0.0574137 0.499651
v -0.0102979 0.0574858 0.499647
v -0.0103849 0.0571909 0.499647
v -0.0106684 0.0574349 0.501901
v -0.0103825 0.0575038 0.501897
v -0.0104658 0.0572217 0.501897
v -0.0105142 0.0573893 0.504143
v -0.0102381 0.0574559 0.50414
v -0.0103185 0.0571835 0.50414
v -0.0106006 0.0574148 0.506387
v -0.0103318 0.0574797 0.506384
v -0.0104101 0.0572144 0.506384
v -0.0104485 0.0573699 0.508624
v -0.0101848 0.0574335 0.508622
v -0.0102616 0.0571733 0.508622
v -0.010547 0.057399 0.510863
v -0.0102868 0.0574617 0.51086
v -0.0103626 0.057205 0.51086
v -0.0103945 0.057354 0.513095
v -0.0101369 0.0574161 0.513093
v -0.0102119 0.0571619 0.513093
v -0.0105026 0.0573859 0.515327
v -0.0102469 0.0574475 0.515325
v -0.0103214 0.0571952 0.515325
v -0.0103475 0.0573401 0.517554
v -0.0100937 0.0574013 0.517552
v -0.0101676 0.0571509 0.517552
v -0.0104628 0.0573741 0.519781
v -0.0102113 0.0574347 0.519779
v -0.0102846 0.0571867 0.519779
v -0.010303 0.057327 0.522003
v -0.0100548 0.0573868 0.522001
v -0.0101271 0.0571419 0.522001
v -0.0104234 0.0573625 0.524225
v -0.0101799 0.0574212 0.524223
v -0.0102508 0.057181 0.524223
v -0.0102571 0.0573134 0.526441
v -0.0100203 0.0573705 0.526439
v -0.0100893 0.0571368 0.526439
v -0.0103804 0.0573498 0.528657
v -0.0101526 0.0574047 0.528655
v -0.010219 0.05718 0.528655
v -0.0103751 0.0573482 0.528724
v -0.0101477 0.0574031 0.528722
v -0.0102139 0.0571786 0.528722
v -0.0449388 0.0714345 0.423643
v -0.0440402 0.0687115 0.423376
v -0.0479403 0.0698221 0.429985
v -0.0470417 0.0670992 0.429718
v -0.0437864 0.0688165 0.423525
v -0.0451835 0.0713345 0.423493
v -0.0423461 0.0697047 0.430523
v -0.0437432 0.0722227 0.430491
v -0.0436479 0.0688967 0.421256
v -0.0450078 0.0714317 0.421208
v -0.0415869 0.0701308 0.428035
v -0.0429468 0.0726658 0.427987
v -0.0453916 0.0711259 0.421099
v -0.0432723 0.069198 0.421364
v -0.0470578 0.0702454 0.428041
v -0.0449385 0.0683175 0.428305
v -0.0450472 0.0714025 0.419003
v -0.0437979 0.068819 0.418888
v -0.0480802 0.0696565 0.425273
v -0.0468308 0.067073 0.425158
v -0.0438632 0.0687907 0.419016
v -0.0449724 0.0714362 0.418876
v -0.0413028 0.070211 0.425572
v -0.042412 0.0728565 0.425432
v -0.0438069 0.0688473 0.416778
v -0.0447225 0.0715524 0.416547
v -0.0412548 0.0702703 0.423318
v -0.0421703 0.0729754 0.423087
v -0.0450341 0.0714082 0.416627
v -0.0435048 0.0689863 0.416698
v -0.0473918 0.0701141 0.423266
v -0.0458625 0.0676922 0.423337
v -0.0447641 0.0715065 0.414552
v -0.0439415 0.0687938 0.414191
v -0.0482748 0.069651 0.420491
v -0.0474522 0.0669383 0.420129
v -0.0435602 0.0689617 0.414326
v -0.0451349 0.0713445 0.414417
v -0.0410717 0.0703571 0.420876
v -0.0426464 0.07274 0.420966
v -0.0436667 0.0689176 0.412158
v -0.044727 0.0715587 0.412006
v -0.0410275 0.0703493 0.41862
v -0.0420879 0.0729904 0.418468
v -0.0450949 0.0713416 0.411986
v -0.0433087 0.0691292 0.412179
v -0.0473933 0.0700636 0.418608
v -0.0456071 0.0678511 0.418801
v -0.0450335 0.0713963 0.409767
v -0.0435176 0.0689911 0.409803
v -0.0485035 0.0692983 0.415605
v -0.0469876 0.0668931 0.415642
v -0.0438001 0.068862 0.409921
v -0.0447399 0.0715318 0.409649
v -0.0406621 0.0705912 0.41606
v -0.0416019 0.0732609 0.415789
v -0.043419 0.0690477 0.407501
v -0.0448197 0.0715163 0.40748
v -0.0404188 0.0708006 0.413687
v -0.0418195 0.0732692 0.413667
v -0.044707 0.0715721 0.407542
v -0.0435419 0.068986 0.407439
v -0.0465568 0.0704675 0.414303
v -0.0453916 0.0678814 0.4142
v -0.0448377 0.0715026 0.40524
v -0.0435354 0.0689855 0.405135
v -0.0484308 0.0694048 0.410981
v -0.0471285 0.0668877 0.410876
v -0.0434793 0.069015 0.405187
v -0.0448827 0.0714794 0.405189
v -0.0407825 0.070546 0.411563
v -0.0421859 0.0730104 0.411565
v -0.0434491 0.0690395 0.402939
v -0.0446071 0.0716275 0.402837
v -0.0410553 0.0703681 0.409482
v -0.0422133 0.0729561 0.40938
v -0.0448383 0.0714961 0.402811
v -0.0432286 0.0691649 0.402964
v -0.047792 0.0698677 0.40905
v -0.0461823 0.0675364 0.409204
v -0.0446159 0.0716158 0.400692
v -0.0435448 0.0689923 0.400466
v -0.0480361 0.0697093 0.406622
v -0.0469651 0.0670858 0.406397
v -0.0433245 0.0691004 0.400549
v -0.0448249 0.071514 0.400609
v -0.0406876 0.0705798 0.40698
v -0.042188 0.0729935 0.40704
v -0.0435605 0.0690222 0.398416
v -0.0442728 0.0717707 0.398133
v -0.0410739 0.0703415 0.40497
v -0.0417862 0.07309 0.404687
v -0.0446046 0.0716463 0.398267
v -0.0432394 0.0691407 0.398281
v -0.0472228 0.0702559 0.404755
v -0.0458576 0.0677503 0.404769
v -0.0445655 0.0716719 0.396033
v -0.0433382 0.0690813 0.395886
v -0.0481136 0.069657 0.401936
v -0.0468863 0.0670664 0.401789
v -0.0433118 0.0690939 0.39602
v -0.0445798 0.0716662 0.395899
v -0.0400558 0.0709865 0.402128
v -0.0413239 0.0735587 0.402007
v -0.0432267 0.0691399 0.393743
v -0.0443319 0.0718082 0.393557
v -0.0403273 0.0707898 0.400164
v -0.0414326 0.0734581 0.399977
v -0.0445307 0.0717107 0.393625
v -0.0430397 0.0692307 0.393674
v -0.048171 0.06964 0.399525
v -0.0466799 0.06716 0.399575
v -0.0443047 0.0718277 0.391479
v -0.0432848 0.069103 0.39118
v -0.0480684 0.0697695 0.397399
v -0.0470485 0.0670449 0.397101
v -0.0431938 0.0691347 0.391399
v -0.0443835 0.0718028 0.39126
v -0.0402977 0.0707662 0.397911
v -0.0414874 0.0734342 0.397772
v -0.0431722 0.0691638 0.389168
v -0.0440479 0.0719755 0.388862
v -0.0401451 0.07082 0.395717
v -0.0410208 0.0736317 0.395411
v -0.0445713 0.07168 0.388818
v -0.0426614 0.0694523 0.389212
v -0.0482864 0.0695655 0.39486
v -0.0463766 0.0673378 0.395255
v 0.0104362 0.0661905 0.550464
v 0.0103774 0.0633121 0.55041
v 0.00684523 0.0661461 0.556703
v 0.0067864 0.0632678 0.556649
v 0.0105977 0.0633245 0.550385
v 0.0102263 0.066178 0.55049
v 0.0124875 0.0633159 0.557331
v 0.0121161 0.0661694 0.557436
v 0.0104828 0.0633155 0.548268
v 0.0106812 0.066184 0.548174
v 0.0136019 0.0633117 0.554749
v 0.0138003 0.0661802 0.554655
v 0.0107866 0.0661691 0.548324
v 0.0103663 0.0633305 0.548118
v 0.00752813 0.0661853 0.554736
v 0.00710779 0.0633468 0.554529
v 0.0106155 0.0661759 0.546068
v 0.010282 0.0633259 0.545931
v 0.00775502 0.0661944 0.552655
v 0.00742161 0.0633445 0.552518
v 0.0103663 0.0633173 0.546019
v 0.010541 0.0661844 0.54598
v 0.0121855 0.063302 0.552967
v 0.0123602 0.0661691 0.552927
v 0.0103784 0.0633377 0.543848
v 0.0108579 0.0661611 0.543707
v 0.0127373 0.063274 0.550617
v 0.0132168 0.0660974 0.550476
v 0.0104603 0.0661728 0.543699
v 0.0107656 0.0633262 0.543856
v 0.0072702 0.0661856 0.550118
v 0.00757556 0.063339 0.550276
v 0.0107807 0.0661454 0.541682
v 0.0102024 0.0633557 0.541419
v 0.00742239 0.0662463 0.547997
v 0.00684409 0.0634566 0.547734
v 0.0104737 0.0633202 0.541567
v 0.0105198 0.0661808 0.541535
v 0.012223 0.0633697 0.548502
v 0.0122691 0.0662303 0.54847
v 0.0106141 0.0633225 0.539348
v 0.0107005 0.0661756 0.539299
v 0.0130602 0.0633619 0.546052
v 0.0131466 0.066215 0.546004
v 0.0102188 0.0661028 0.539194
v 0.0110866 0.0633955 0.539453
v 0.0083761 0.0661712 0.546089
v 0.00924391 0.0634639 0.546348
v 0.0106413 0.0661696 0.537147
v 0.0104352 0.0633306 0.537034
v 0.00719214 0.0661711 0.543378
v 0.00698599 0.0633321 0.543265
v 0.0103658 0.0633387 0.537162
v 0.0107215 0.0661615 0.53702
v 0.0133265 0.0632908 0.543639
v 0.0136822 0.0661136 0.543497
v 0.0104256 0.0633589 0.534975
v 0.0109768 0.0661384 0.534741
v 0.0133793 0.0633174 0.541441
v 0.0139305 0.0660969 0.541207
v 0.0106383 0.0661688 0.534823
v 0.0107534 0.0633287 0.534893
v 0.0079931 0.0662242 0.541421
v 0.00810824 0.0633841 0.541491
v 0.0109097 0.0661212 0.532798
v 0.0102709 0.0633781 0.532441
v 0.00698791 0.0662654 0.538712
v 0.00634914 0.0635223 0.538355
v 0.0106827 0.0633334 0.532574
v 0.0105099 0.0661657 0.532666
v 0.013569 0.0632998 0.539058
v 0.0133963 0.0661321 0.53915
v 0.0105533 0.063346 0.530459
v 0.0109501 0.0661503 0.530305
v 0.0135907 0.0632687 0.536867
v 0.0139876 0.066073 0.536712
v 0.0105253 0.066146 0.530287
v 0.0109668 0.0633506 0.530477
v 0.00793258 0.0661859 0.536887
v 0.00837405 0.0633904 0.537077
v 0.0105948 0.0661659 0.52812
v 0.0107071 0.0633323 0.528156
v 0.006574 0.0660807 0.53396
v 0.00668635 0.0632471 0.533996
v 0.0103997 0.0633614 0.528276
v 0.010915 0.0661367 0.528001
v 0.0140198 0.0632925 0.534372
v 0.014535 0.0660678 0.534097
v 0.0108028 0.0633286 0.525905
v 0.0108216 0.0661668 0.525885
v 0.0143253 0.063349 0.532065
v 0.0143441 0.0661872 0.532045
v 0.0109473 0.0661589 0.525947
v 0.0106652 0.0633365 0.525844
v 0.00882286 0.0661252 0.532717
v 0.00854067 0.0633028 0.532614
v 0.0107874 0.0661679 0.523698
v 0.0106581 0.063329 0.523593
v 0.00664379 0.0661441 0.529475
v 0.0065145 0.0633052 0.52937
v 0.0107219 0.0633265 0.523645
v 0.0107364 0.0661702 0.523647
v 0.0138817 0.0633061 0.530014
v 0.0138962 0.0661498 0.530015
v 0.0107398 0.0633289 0.52145
v 0.0110294 0.066165 0.521346
v 0.0135464 0.0632842 0.528007
v 0.013836 0.0661203 0.527902
v 0.010762 0.0661666 0.521321
v 0.0109948 0.0633275 0.521474
v 0.00740668 0.0662306 0.527614
v 0.0076395 0.0633914 0.527767
v 0.0110025 0.0661631 0.519255
v 0.0106159 0.0633322 0.51903
v 0.00709369 0.0662192 0.52526
v 0.00670719 0.0633883 0.525034
v 0.0108633 0.0633157 0.519112
v 0.0107682 0.0661795 0.519173
v 0.0139674 0.0632802 0.525569
v 0.0138723 0.066144 0.525631
v 0.0105937 0.063363 0.517036
v 0.0113543 0.0661293 0.516743
v 0.0134979 0.0632631 0.523634
v 0.0142585 0.0660293 0.523341
v 0.0110022 0.0661878 0.516882
v 0.0109334 0.0633048 0.516896
v 0.00805672 0.0662911 0.523462
v 0.00798792 0.0634081 0.523476
v 0.0110309 0.0661933 0.514702
v 0.0107966 0.0633001 0.514555
v 0.00695041 0.0662191 0.520713
v 0.00671613 0.0633259 0.520567
v 0.0108274 0.0632978 0.514691
v 0.0110141 0.0661955 0.514566
v 0.0147018 0.0633116 0.520837
v 0.0148885 0.0662093 0.520713
v 0.0108954 0.063294 0.512467
v 0.011273 0.0661963 0.512274
v 0.014346 0.0632751 0.518937
v 0.0147237 0.0661774 0.518744
v 0.0110499 0.0662114 0.512345
v 0.0111047 0.0632792 0.512395
v 0.00686405 0.0662347 0.518366
v 0.00691885 0.0633025 0.518415
v 0.0112842 0.0661997 0.510252
v 0.0107977 0.0632914 0.509955
v 0.00700482 0.0662965 0.5163
v 0.00651831 0.0633882 0.516002
v 0.0108961 0.0632732 0.510176
v 0.0111999 0.0662177 0.510032
v 0.0143416 0.0632396 0.516735
v 0.0146453 0.0661842 0.516591
v 0.010895 0.0632894 0.508
v 0.0115441 0.0661985 0.507682
v 0.0144728 0.0632114 0.514584
v 0.0151219 0.0661205 0.514266
v 0.0109352 0.0662039 0.507644
v 0.0114894 0.0632842 0.508037
v 0.00668435 0.0662265 0.513816
v 0.00723855 0.0633068 0.514209
v -0.00958078 0.0585824 0.528754
v -0.0109249 0.0560419 0.528571
v -0.0120506 0.0594061 0.535467
v -0.0133947 0.0568656 0.535284
v -0.0107084 0.0559463 0.528675
v -0.00978824 0.0586752 0.52865
v -0.00834011 0.0552089 0.535434
v -0.00741995 0.0579379 0.53541
v -0.0105429 0.0558973 0.526473
v -0.00969604 0.0586482 0.526419
v -0.0070794 0.0549542 0.532711
v -0.00623254 0.0577051 0.532657
v -0.00991126 0.0586968 0.526394
v -0.0103377 0.0558517 0.526499
v -0.0117266 0.0592243 0.533338
v -0.012153 0.0563791 0.533443
v -0.0097982 0.0586736 0.524277
v -0.0107764 0.055971 0.524183
v -0.0127958 0.0595337 0.530755
v -0.013774 0.0568311 0.530661
v -0.0108736 0.0560143 0.524333
v -0.00969037 0.0586272 0.524127
v -0.00774683 0.0551044 0.530743
v -0.00656356 0.0577172 0.530536
v -0.0107107 0.0559608 0.522077
v -0.00960798 0.0586082 0.52194
v -0.0079673 0.055158 0.528661
v -0.00686458 0.0578054 0.528524
v -0.00968664 0.0586397 0.522028
v -0.0106415 0.0559322 0.521989
v -0.0114313 0.0591539 0.528972
v -0.0123862 0.0564464 0.528932
v -0.00970388 0.0586233 0.519857
v -0.0109396 0.0560417 0.519717
v -0.0119536 0.0593321 0.526622
v -0.0131893 0.0567504 0.526481
v -0.0105606 0.0559213 0.519708
v -0.0100728 0.0587407 0.519865
v -0.00749892 0.0550335 0.526124
v -0.00701106 0.0578529 0.526281
v -0.0108609 0.0560355 0.517691
v -0.0095395 0.0585577 0.517428
v -0.00766157 0.0550169 0.524002
v -0.00634015 0.057539 0.523739
v -0.00979048 0.0586662 0.517576
v -0.0106199 0.0559299 0.517544
v -0.0114853 0.0590988 0.524507
v -0.0123147 0.0563625 0.524475
v -0.00992612 0.0587026 0.515357
v -0.0107922 0.0559845 0.515308
v -0.0122876 0.0593361 0.522057
v -0.0131537 0.0566181 0.522009
v -0.0103093 0.0559222 0.515203
v -0.0104002 0.0587622 0.515462
v -0.00855733 0.0553507 0.522094
v -0.00864819 0.0581907 0.522353
v -0.0107337 0.0559739 0.513156
v -0.0097563 0.0586457 0.513043
v -0.00741913 0.0550257 0.519384
v -0.00644174 0.0576975 0.519271
v -0.00969186 0.058619 0.513171
v -0.0108086 0.0560037 0.513029
v -0.012524 0.0594777 0.519644
v -0.0136407 0.0568624 0.519503
v -0.00975501 0.0586161 0.510984
v -0.0110478 0.0560959 0.51075
v -0.0125824 0.0594668 0.517447
v -0.0138752 0.0569466 0.517213
v -0.0107307 0.0559738 0.510832
v -0.0100618 0.0587352 0.510902
v -0.00820327 0.0551943 0.517427
v -0.00753428 0.0579557 0.517497
v -0.0109787 0.0560938 0.508807
v -0.00961156 0.0585554 0.508451
v -0.00724798 0.0548784 0.514719
v -0.0058808 0.05734 0.514363
v -0.00999513 0.0587114 0.508583
v -0.0106067 0.0559413 0.508675
v -0.0127601 0.0595361 0.515066
v -0.0133717 0.056766 0.515158
v -0.0098743 0.058664 0.506468
v -0.011026 0.0560768 0.506314
v -0.0127729 0.0595723 0.512875
v -0.0139246 0.0569851 0.512721
v -0.0106163 0.0559644 0.506296
v -0.0102731 0.0587733 0.506487
v -0.00813395 0.0552139 0.512895
v -0.00779075 0.0580228 0.513086
v -0.0106888 0.0559641 0.504129
v -0.0100186 0.0587198 0.504165
v -0.00679839 0.0549415 0.509969
v -0.00612817 0.0576972 0.510005
v -0.00973099 0.0586074 0.504285
v -0.0109888 0.0560802 0.50401
v -0.0131926 0.0596677 0.510382
v -0.0144504 0.0571404 0.510107
v -0.0101097 0.05875 0.501914
v -0.0109075 0.0560254 0.501894
v -0.0135026 0.0596978 0.508076
v -0.0143004 0.0569732 0.508056
v -0.0110263 0.0560675 0.501956
v -0.00997957 0.0587046 0.501853
v -0.0089729 0.0555161 0.508728
v -0.00792618 0.0581531 0.508625
v -0.0108753 0.0560148 0.499707
v -0.00997099 0.0587102 0.499602
v -0.00688189 0.0548989 0.505486
v -0.00597754 0.0575944 0.505381
v -0.0100316 0.0587301 0.499654
v -0.010827 0.0559985 0.499656
v -0.0130649 0.0596177 0.506026
v -0.0138602 0.0568861 0.506028
v -0.0100497 0.058733 0.497459
v -0.0111078 0.0560838 0.497355
v -0.0127368 0.0595471 0.50402
v -0.0137949 0.0568978 0.503916
v -0.0108509 0.0560088 0.49733
v -0.0102947 0.0588045 0.497483
v -0.00763912 0.0550249 0.503627
v -0.00708289 0.0578206 0.50378
v -0.0110818 0.0560782 0.495264
v -0.00993181 0.0586962 0.495039
v -0.00733462 0.0549495 0.501273
v -0.00618462 0.0575675 0.501048
v -0.0101653 0.0587801 0.495121
v -0.0108609 0.055998 0.495182
v -0.0131416 0.0596671 0.501584
v -0.0138372 0.056885 0.501646
v -0.00991901 0.0586607 0.493045
v -0.0114116 0.0562073 0.492752
v -0.0126855 0.0595549 0.49965
v -0.0141781 0.0571015 0.499357
v -0.0110887 0.0560542 0.492891
v -0.01023 0.0588102 0.492906
v -0.00828087 0.0551447 0.499477
v -0.00742211 0.0579007 0.499491
v -0.0111184 0.0560568 0.490711
v -0.0100975 0.0587773 0.490564
v -0.00719646 0.0549098 0.496728
v -0.00617557 0.0576303 0.496581
v -0.0101265 0.058788 0.4907
v -0.011103 0.0560501 0.490575
v -0.0138583 0.0598395 0.496854
v -0.0148348 0.0571016 0.496729
v -0.0101913 0.0588105 0.488476
v -0.0113528 0.0561205 0.488283
v -0.0135062 0.059777 0.494954
v -0.0146677 0.057087 0.494761
v -0.0111421 0.0560448 0.488354
v -0.0103887 0.0588824 0.488404
v -0.00711775 0.054871 0.494381
v -0.00636434 0.0577086 0.49443
v -0.011365 0.0561206 0.486262
v -0.0100972 0.0587863 0.485964
v -0.00727072 0.0548504 0.492315
v -0.00600291 0.0575162 0.492017
v -0.0101869 0.0588309 0.486185
v -0.0112889 0.05608 0.486041
v -0.0134925 0.05981 0.492753
v -0.0145945 0.0570591 0.492608
v -0.0101908 0.0588151 0.484009
v -0.0116155 0.0561934 0.483691
v -0.0136112 0.0598732 0.490602
v -0.0150358 0.0572515 0.490283
v -0.0110308 0.0560208 0.483653
v -0.0107615 0.0589835 0.484046
v -0.0069436 0.0548299 0.48983
v -0.00667426 0.0577926 0.490223
v -0.0283313 0.0775562 0.172343
v -0.0290464 0.078818 0.172343
v -0.0297615 0.0800799 0.172343
v -0.0272503 0.0781806 0.177598
v -0.0279604 0.0794338 0.177598
v -0.0286706 0.080687 0.177598
v -0.0259466 0.079218 0.184206
v -0.0266345 0.0804763 0.184142
v -0.0273224 0.0817345 0.184078
v -0.0245522 0.0808846 0.19101
v -0.0252174 0.0821386 0.190839
v -0.0258825 0.0833926 0.190669
v -0.0223262 0.0818191 0.197831
v -0.0230734 0.083073 0.197892
v -0.0238206 0.0843269 0.197953
v -0.0192313 0.0821051 0.205227
v -0.0197299 0.0834971 0.205371
v -0.0202286 0.084889 0.205515
v -0.0144877 0.0811156 0.211831
v -0.0149828 0.0823385 0.21244
v -0.015478 0.0835614 0.213049
v -0.00981031 0.0799477 0.219655
v -0.00946607 0.0812189 0.220084
v -0.00912182 0.0824901 0.220512
v -0.00085342 0.0794752 0.217476
v -0.000495521 0.0807246 0.217588
v -0.000137622 0.0819739 0.217699
v 0.0016739 0.0808563 0.207388
v 0.00176511 0.0818749 0.207419
v 0.00185633 0.0828936 0.20745
v 0.00222434 0.0803825 0.197057
v -0.0021826 0.0659255 0.303453
v -0.00219045 0.064841 0.303453
v -0.00219831 0.0637565 0.303453
v -0.0030851 0.0659246 0.307943
v -0.0030929 0.0648475 0.307943
v -0.0031007 0.0637705 0.307943
v -0.00393689 0.065876 0.312075
v -0.00392807 0.0648027 0.312065
v -0.00391925 0.0637294 0.312054
v -0.00500144 0.0655055 0.316546
v -0.00501446 0.0644404 0.316455
v -0.00502747 0.0633753 0.316363
v -0.00633992 0.0649767 0.321455
v -0.00635666 0.0638918 0.321328
v -0.00637339 0.0628068 0.321201
v -0.00849286 0.064738 0.327785
v -0.00837459 0.0636335 0.327778
v -0.00825631 0.0625289 0.327771
v -0.0104583 0.0640078 0.333968
v -0.0102549 0.0629423 0.333903
v -0.0100515 0.0618768 0.333838
v -0.0124685 0.0647088 0.340068
v -0.0127603 0.0637378 0.340279
v -0.0130521 0.0627668 0.34049
v -0.0197837 0.0664556 0.340773
v -0.0200365 0.0655136 0.340783
v -0.0202893 0.0645716 0.340792
v -0.0230266 0.0670885 0.33485
v -0.0230151 0.066324 0.334823
v -0.0230037 0.0655594 0.334797
v -0.0251908 0.0687381 0.328446
v 0.00511774 0.0633529 0.250596
v 0.00512814 0.0647879 0.250596
v 0.00513853 0.0662228 0.250596
v 0.0062758 0.0633544 0.256301
v 0.00628612 0.0647795 0.256301
v 0.00629644 0.0662046 0.256301
v 0.00746269 0.0634735 0.26215
v 0.0075034 0.0648927 0.262112
v 0.00754411 0.0663119 0.262074
v 0.00932117 0.0640924 0.268961
v 0.00924169 0.0655007 0.268855
v 0.00916222 0.0669089 0.268748
v 0.0109566 0.0637922 0.276203
v 0.0109924 0.0652365 0.276246
v 0.0110281 0.0666808 0.276289
v 0.0131182 0.0637942 0.28397
v 0.0132224 0.0652599 0.283935
v 0.0133266 0.0667256 0.283901
v 0.0159378 0.063567 0.29126
v 0.0162629 0.0649648 0.291171
v 0.0165879 0.0663626 0.291082
v 0.0197503 0.0638445 0.300508
v 0.0196463 0.0652095 0.300449
v 0.0195423 0.0665745 0.300391
v 0.0295952 0.0677187 0.298881
v 0.0291873 0.0689428 0.298906
v 0.0287795 0.070167 0.298931
v 0.0316038 0.0691301 0.289097
v 0.0310472 0.0699756 0.289093
v 0.0304905 0.0708211 0.289089
v 0.0309254 0.073546 0.27929
v -1.95913e-005 0.0665435 0.196925
v -3.20344e-005 0.0648248 0.196925
v -4.44774e-005 0.0631061 0.196925
v -0.00182154 0.0665448 0.203364
v -0.0018339 0.0648379 0.203364
v -0.00184626 0.063131 0.203364
v -0.00399368 0.0663348 0.210656
v -0.00396887 0.0646344 0.210614
v -0.00394405 0.062934 0.210571
v -0.0063949 0.0656297 0.217495
v -0.00630332 0.0639438 0.217354
v -0.00621174 0.062258 0.217213
v -0.0088241 0.0645774 0.227315
v -0.00888958 0.06286 0.227107
v -0.00895506 0.0611426 0.226898
v -0.0124074 0.0619085 0.237476
v -0.0123065 0.0602022 0.237055
v -0.0122055 0.0584958 0.236633
v -0.0156844 0.0606495 0.247667
v -0.0156165 0.0589416 0.247457
v -0.0155486 0.0572336 0.247247
v -0.0195707 0.0617058 0.256735
v -0.0199949 0.0601205 0.256758
v -0.0204191 0.0585353 0.25678
v -0.029259 0.0655818 0.257092
v -0.0297408 0.064114 0.257039
v -0.0302227 0.0626463 0.256986
v -0.0345724 0.0667031 0.247301
v -0.0346797 0.0654957 0.247274
v -0.034787 0.0642883 0.247247
v -0.0368669 0.0651933 0.236229
v 0.00440244 0.0629623 0.142582
v 0.00441568 0.0647887 0.142582
v 0.00442893 0.0666151 0.142581
v 0.00667923 0.0629593 0.148991
v 0.00669238 0.0647732 0.148991
v 0.00670553 0.066587 0.148991
v 0.00967074 0.0632657 0.157029
v 0.00970205 0.0650712 0.156945
v 0.00973335 0.0668766 0.156862
v 0.0132264 0.0642004 0.165238
v 0.013264 0.065987 0.165018
v 0.0133017 0.0677735 0.164799
v 0.0172283 0.0638133 0.173415
v 0.0172112 0.0656512 0.173496
v 0.0171941 0.067489 0.173576
v 0.0218512 0.0621715 0.182247
v 0.0222019 0.0640037 0.182389
v 0.0225525 0.0658358 0.182532
v 0.0273477 0.0581006 0.189971
v 0.027664 0.0597471 0.190705
v 0.0279803 0.0613937 0.191438
v 0.0331076 0.0537813 0.199131
v 0.0341837 0.055081 0.199572
v 0.0352597 0.0563808 0.200013
v 0.0429535 0.0487418 0.195463
v 0.0439946 0.0500061 0.195589
v 0.0450357 0.0512704 0.195715
v 0.0463385 0.049115 0.182691
v 0.0469554 0.0502455 0.182729
v 0.0475724 0.0513761 0.182766
v 0.0466832 0.048302 0.16968
v 0.00234564 0.0524609 0.272793
v 0.00265765 0.0535241 0.272793
v 0.00296966 0.0545873 0.272793
v 0.00321477 0.0522138 0.277385
v 0.00352464 0.0532697 0.277385
v 0.0038345 0.0543256 0.277385
v 0.0040482 0.0520275 0.281609
v 0.00434073 0.0530844 0.281599
v 0.00463325 0.0541412 0.281588
v 0.0051788 0.0520985 0.286182
v 0.00549082 0.053141 0.286089
v 0.00580283 0.0541836 0.285996
v 0.00662104 0.0522487 0.291203
v 0.00694243 0.0533096 0.291074
v 0.00726381 0.0543705 0.290944
v 0.00877588 0.0518871 0.29768
v 0.00896963 0.0530053 0.297672
v 0.00916338 0.0541236 0.297664
v 0.0108851 0.0520607 0.304005
v 0.0109845 0.0531645 0.303938
v 0.0110839 0.0542682 0.303871
v 0.0126317 0.0508187 0.310247
v 0.0131924 0.0516892 0.310465
v 0.013753 0.0525596 0.310683
v 0.0193108 0.0470296 0.311012
v 0.0198266 0.0478822 0.311022
v 0.0203424 0.0487347 0.311032
v 0.0223175 0.0454854 0.304963
v 0.0225235 0.0462389 0.304936
v 0.0227296 0.0469924 0.304909
v 0.0239735 0.0432511 0.298421
v -0.00383267 0.0569437 0.219923
v -0.00424222 0.0555482 0.219923
v -0.00465176 0.0541526 0.219923
v -0.00495939 0.0572641 0.225706
v -0.00536612 0.0558781 0.225706
v -0.00577285 0.0544922 0.225706
v -0.0061468 0.0574778 0.231634
v -0.00658151 0.0561061 0.231596
v -0.00701623 0.0547344 0.231558
v -0.0081273 0.0573913 0.238539
v -0.00844188 0.0559968 0.238431
v -0.00875645 0.0546022 0.238323
v -0.00963445 0.0581384 0.245879
v -0.0100713 0.0567407 0.245922
v -0.0105081 0.0553431 0.245966
v -0.0117382 0.0587374 0.253752
v -0.0122478 0.0573379 0.253717
v -0.0127573 0.0559385 0.253682
v -0.0144197 0.0597429 0.261142
v -0.0151256 0.0584711 0.261052
v -0.0158314 0.0571993 0.260962
v -0.0182081 0.0605326 0.270517
v -0.0184866 0.0591734 0.270457
v -0.0187652 0.0578141 0.270398
v -0.0288815 0.0594972 0.268872
v -0.0288247 0.0581906 0.268897
v -0.0287678 0.0568841 0.268922
v -0.0312325 0.0586807 0.258955
v -0.0309252 0.0577018 0.258951
v -0.030618 0.0567229 0.258947
v -0.0318003 0.0541884 0.249015
v 0.000197997 0.0524404 0.16625
v 0.000684684 0.0540987 0.16625
v 0.00117137 0.0557571 0.16625
v 0.0019395 0.0519425 0.172726
v 0.00242284 0.0535895 0.172726
v 0.00290618 0.0552365 0.172725
v 0.00409724 0.0515471 0.180059
v 0.00454284 0.0531981 0.180016
v 0.00498844 0.054849 0.179973
v 0.00661321 0.0515671 0.186936
v 0.00699024 0.0532223 0.186794
v 0.00736727 0.0548776 0.186652
v 0.00925188 0.0519155 0.19681
v 0.00978949 0.0535579 0.196601
v 0.0103271 0.0552003 0.196391
v 0.0134529 0.0535084 0.207028
v 0.0138266 0.055186 0.206604
v 0.0142003 0.0568637 0.20618
v 0.0169684 0.0538226 0.217276
v 0.0173744 0.0554928 0.217064
v 0.0177804 0.0571629 0.216853
v 0.020434 0.0517298 0.226395
v 0.0212816 0.0531457 0.226418
v 0.0221291 0.0545615 0.22644
v 0.0287329 0.0453089 0.226756
v 0.0296038 0.0465953 0.226703
v 0.0304746 0.0478817 0.22665
v 0.0335618 0.0427585 0.216911
v 0.0339987 0.0438964 0.216884
v 0.0344355 0.0450344 0.216857
v 0.0361971 0.0435853 0.205778
v -0.00304707 0.0570698 0.111902
v -0.00356146 0.0553165 0.111904
v -0.00407584 0.0535632 0.111906
v -0.00524223 0.0577081 0.118311
v -0.00575311 0.0559668 0.118313
v -0.00626398 0.0542256 0.118315
v -0.00821159 0.0582482 0.126348
v -0.00873759 0.0565199 0.126267
v -0.0092636 0.0547915 0.126185
v -0.0118968 0.0583399 0.134556
v -0.0124236 0.0566312 0.134339
v -0.0129503 0.0549226 0.134123
v -0.0156481 0.0598256 0.142731
v -0.0161366 0.0580531 0.142814
v -0.0166251 0.0562806 0.142898
v -0.0196529 0.06269 0.151558
v -0.0204936 0.0610241 0.151703
v -0.0213344 0.0593583 0.151847
v -0.0238294 0.0681291 0.159272
v -0.0245868 0.0666334 0.160008
v -0.0253442 0.0651378 0.160744
v -0.0281931 0.0738829 0.16842
v -0.029586 0.0729296 0.168862
v -0.0309789 0.0719763 0.169304
v -0.0362743 0.0814339 0.164736
v -0.0376241 0.0805051 0.164863
v -0.0389738 0.0795763 0.164989
v -0.0396322 0.0820029 0.15196
v -0.0405372 0.0810858 0.151997
v -0.0414423 0.0801687 0.152034
v -0.0397395 0.0828785 0.138943
v -0.0349074 0.0782574 0.0383707
v -0.0336259 0.0760044 0.0383901
v -0.0323445 0.0737514 0.0384096
v -0.0398398 0.0767079 0.0475638
v -0.0387056 0.0744085 0.0477934
v -0.0375714 0.072109 0.0480229
v -0.0448249 0.0748755 0.0589015
v -0.0437747 0.0725367 0.0589898
v -0.0427244 0.0701978 0.0590782
v -0.0518704 0.0736277 0.0705158
v -0.0506523 0.0714485 0.0710594
v -0.0494342 0.0692694 0.071603
v -0.0587211 0.0715727 0.0842277
v -0.0569721 0.0697494 0.0848857
v -0.0552231 0.0679261 0.0855436
v -0.066236 0.0685629 0.0986421
v -0.0644881 0.0666604 0.0992537
v -0.0627403 0.0647578 0.0998652
v -0.0774228 0.0643403 0.110896
v -0.0758748 0.0625475 0.111961
v -0.0743268 0.0607547 0.113027
v -0.0895323 0.0548829 0.122105
v -0.087653 0.0534307 0.122801
v -0.0857737 0.0519785 0.123497
v -0.102085 0.0475599 0.134771
v -0.1002 0.046305 0.135326
v -0.0983154 0.0450502 0.13588
v -0.113936 0.0458679 0.150138
v -0.112532 0.0447478 0.150482
v -0.111128 0.0436277 0.150826
v -0.118538 0.0444622 0.169452
v -0.0295605 0.0750744 0.0248923
v -0.0308347 0.0773307 0.02483
v -0.032109 0.079587 0.0247678
v -0.0245062 0.0776693 0.0339471
v -0.0259324 0.0798039 0.0341371
v -0.0273585 0.0819385 0.034327
v -0.0194014 0.0802773 0.0450097
v -0.0206523 0.0825165 0.0450605
v -0.0219031 0.0847557 0.0451114
v -0.0135983 0.0826357 0.0573171
v -0.0150989 0.0846756 0.0576565
v -0.0165994 0.0867155 0.0579959
v -0.00688976 0.0822009 0.0704814
v -0.00817729 0.0843221 0.0712932
v -0.00946483 0.0864433 0.072105
v 0.00165147 0.0787484 0.0833575
v 0.000973132 0.0809834 0.0846197
v 0.00029479 0.0832184 0.0858819
v 0.0126452 0.0731572 0.0950027
v 0.0125004 0.0752417 0.0965451
v 0.0123556 0.0773263 0.0980874
v 0.0260478 0.0654819 0.10512
v 0.0253745 0.0670784 0.106887
v 0.0247011 0.0686749 0.108655
v 0.0383032 0.0613567 0.120852
v 0.0365733 0.0626542 0.121722
v 0.0348435 0.0639516 0.122593
v 0.0431023 0.0577993 0.14003
v 0.0414553 0.0585599 0.140259
v 0.0398083 0.0593204 0.140488
v 0.0442854 0.0536198 0.159327
v -0.0330108 0.0782251 0.0105985
v -0.0317309 0.0759806 0.0108044
v -0.0304509 0.0737361 0.0110103
v -0.0389676 0.0754526 0.0192182
v -0.037964 0.0730834 0.0191426
v -0.0369603 0.0707141 0.019067
v -0.0458882 0.0723645 0.0290471
v -0.0451601 0.0699198 0.0287742
v -0.044432 0.0674751 0.0285012
v -0.0548697 0.0682619 0.0389589
v -0.0538299 0.0659283 0.0389262
v -0.05279 0.0635948 0.0388935
v -0.0645516 0.0644847 0.0499708
v -0.0631779 0.062325 0.0504858
v -0.0618042 0.0601654 0.0510007
v -0.0737387 0.061422 0.0633901
v -0.0727325 0.0589686 0.0635209
v -0.0717263 0.0565152 0.0636518
v -0.0838113 0.0606694 0.0772566
v -0.0835196 0.05809 0.0773386
v -0.0832278 0.0555106 0.0774206
v -0.0969445 0.0550936 0.0897816
v -0.0963543 0.0527187 0.0894118
v -0.095764 0.0503437 0.089042
v -0.110319 0.050233 0.10206
v -0.110157 0.0479316 0.101726
v -0.109995 0.0456302 0.101393
v -0.120386 0.0522227 0.117898
v -0.121004 0.0505025 0.117849
v -0.121622 0.0487823 0.1178
v -0.126083 0.0555656 0.136412
v -0.024004 0.0748812 -0.000950463
v -0.0250713 0.0771529 -0.00159723
v -0.0261386 0.0794247 -0.002244
v -0.0235532 0.0788027 0.00930481
v -0.024544 0.0810293 0.00847583
v -0.0255348 0.0832558 0.00764686
v -0.0231261 0.082841 0.0209928
v -0.0236852 0.0852007 0.0201558
v -0.0242443 0.0875604 0.0193188
v -0.0230428 0.0887103 0.0339436
v -0.0239776 0.0908434 0.0328929
v -0.0249123 0.0929766 0.0318422
v -0.0251982 0.0959503 0.0476607
v -0.026088 0.0979684 0.0462636
v -0.0269778 0.0999865 0.0448664
v -0.0250606 0.101922 0.0626237
v -0.026538 0.103905 0.061659
v -0.0280154 0.105889 0.0606943
v -0.0229547 0.107401 0.0787634
v -0.0247882 0.109183 0.0783067
v -0.0266218 0.110965 0.07785
v -0.0221064 0.11227 0.0964148
v -0.0242231 0.113534 0.0961978
v -0.0263398 0.114798 0.0959807
v -0.0152717 0.115796 0.113338
v -0.0172431 0.117002 0.113642
v -0.0192146 0.118208 0.113947
v -0.0124369 0.118355 0.132764
v -0.0139367 0.119399 0.132814
v -0.0154366 0.120444 0.132863
v -0.0091034 0.11691 0.151957
v -0.000834166 0.0670731 0.0509891
v -0.000841418 0.0644818 0.0510492
v -0.000848669 0.0618905 0.0511092
v -0.00624062 0.0671621 0.0603855
v -0.00658076 0.0646169 0.0602041
v -0.0069209 0.0620718 0.0600226
v -0.0124484 0.0673718 0.0711337
v -0.0130861 0.0649102 0.0707944
v -0.0137237 0.0624486 0.070455
v -0.0208753 0.0676952 0.0823086
v -0.0211532 0.0651602 0.082153
v -0.0214311 0.0626251 0.0819974
v -0.0295092 0.0685159 0.0947482
v -0.0293239 0.0659306 0.0950619
v -0.0291386 0.0633454 0.0953757
v -0.0368342 0.0694415 0.109583
v -0.037155 0.0668061 0.109566
v -0.0374757 0.0641706 0.109549
v -0.0433904 0.0725958 0.125122
v -0.0443904 0.0702 0.125193
v -0.0453903 0.0678041 0.125264
v -0.0547323 0.0729522 0.140334
v -0.0554742 0.0706312 0.1399
v -0.0562161 0.0683102 0.139466
v -0.0661876 0.0742188 0.155185
v -0.0672645 0.0721778 0.154856
v -0.0683414 0.0701368 0.154526
v -0.0720196 0.0801982 0.172168
v -0.0734292 0.0790336 0.172153
v -0.0748388 0.077869 0.172138
v -0.0744355 0.0855814 0.190918
v 0.00169266 0.0603127 0.0299735
v 0.00172891 0.0628822 0.0296346
v 0.00176515 0.0654517 0.0292956
v 0.00899739 0.0619669 0.0380031
v 0.00898186 0.0644878 0.0374823
v 0.00896634 0.0670087 0.0369615
v 0.0171744 0.0634652 0.0471637
v 0.0175282 0.0658891 0.0464017
v 0.0178821 0.068313 0.0456397
v 0.0268445 0.0664059 0.0571275
v 0.0267296 0.0688624 0.0564344
v 0.0266146 0.0713189 0.0557413
v 0.0365304 0.071262 0.068362
v 0.0362245 0.0736772 0.0674188
v 0.0359186 0.0760924 0.0664756
v 0.0484684 0.0731681 0.078829
v 0.0481251 0.0757953 0.0786598
v 0.0477818 0.0784225 0.0784907
v 0.0628643 0.0726856 0.0878494
v 0.0627094 0.0752172 0.088408
v 0.0625544 0.0777488 0.0889665
v 0.0785835 0.0711645 0.097399
v 0.0780916 0.0733845 0.0983764
v 0.0775997 0.0756045 0.0993537
v 0.0955334 0.0657532 0.104087
v 0.0951615 0.0678808 0.104964
v 0.0947895 0.0700084 0.105841
v 0.107414 0.0629369 0.119991
v 0.107077 0.0647214 0.120204
v 0.10674 0.066506 0.120416
v 0.112116 0.0585143 0.138427
v 0.000421988 0.049793 0.0258143
v 0.00118685 0.0522543 0.0255402
v 0.00195172 0.0547157 0.025266
v 0.00522963 0.0495335 0.0355369
v 0.0063036 0.0518213 0.0350482
v 0.00737756 0.0541091 0.0345594
v 0.0107133 0.0491771 0.0466807
v 0.0120478 0.0512784 0.0460604
v 0.0133822 0.0533797 0.0454401
v 0.0182678 0.0482311 0.0584593
v 0.0192586 0.0505327 0.0579603
v 0.0202494 0.0528342 0.0574614
v 0.0258226 0.0471277 0.0716192
v 0.0263388 0.0496839 0.0714934
v 0.0268549 0.0522401 0.0713675
v 0.0319505 0.0470071 0.0870891
v 0.0329501 0.0494207 0.086616
v 0.0339498 0.0518343 0.0861428
v 0.0366197 0.0456179 0.103615
v 0.0381809 0.0476659 0.103278
v 0.0397421 0.0497139 0.102941
v 0.0464586 0.0464165 0.119778
v 0.0478048 0.0483302 0.118971
v 0.049151 0.0502439 0.118164
v 0.0562279 0.0458134 0.135682
v 0.0578731 0.0473876 0.135183
v 0.0595183 0.0489618 0.134683
v 0.0594842 0.0407869 0.153607
v 0.0611789 0.0414727 0.153575
v 0.0628737 0.0421584 0.153544
v 0.0599484 0.0359418 0.172652
v -0.00177171 0.045539 0.00137497
v -0.00230484 0.0436778 0.0030984
v -0.00283797 0.0418166 0.00482183
v -0.00861707 0.0518399 0.0070979
v -0.00914066 0.049895 0.00870091
v -0.00966424 0.0479501 0.0103039
v -0.0161107 0.0594415 0.0131806
v -0.0170509 0.0574911 0.0145565
v -0.017991 0.0555406 0.0159325
v -0.025115 0.0673911 0.0204233
v -0.0257093 0.0654739 0.0220041
v -0.0263036 0.0635566 0.0235849
v -0.0341428 0.075983 0.029336
v -0.0347574 0.0739989 0.0309176
v -0.035372 0.0720147 0.0324992
v -0.0439824 0.0871645 0.0340515
v -0.0447418 0.0859879 0.0363071
v -0.0455012 0.0848112 0.0385626
v -0.0543181 0.10024 0.0340668
v -0.0552323 0.100058 0.0364908
v -0.0561466 0.0998761 0.0389149
v -0.0634002 0.116275 0.0314614
v -0.0636777 0.116226 0.0339203
v -0.0639552 0.116178 0.0363792
v -0.0744845 0.131609 0.0251195
v -0.0740371 0.130841 0.0272745
v -0.0735897 0.130073 0.0294295
v -0.0848792 0.146921 0.0348374
v -0.0841438 0.145429 0.0355969
v -0.0834085 0.143937 0.0363564
v -0.0900084 0.156406 0.0511248
# 1905 verticies
vt 1 0
vt 1 0.2
vt 0.8 0
vt 0 0
vt 0.2 0.2
vt 0 0.2
vt 0.8 0.2
vt 0.6 0
vt 0.6 0.2
vt 0.4 0
vt 0.4 0.2
vt 0.2 0
vt 1 0.4
vt 0.2 0.4
vt 0 0.4
vt 0.8 0.4
vt 0.6 0.4
vt 0.4 0.4
vt 1 0.6
vt 0.2 0.6
vt 0 0.6
vt 0.8 0.6
vt 0.6 0.6
vt 0.4 0.6
vt 1 0.8
vt 0.2 0.8
vt 0 0.8
vt 0.8 0.8
vt 0.6 0.8
vt 0.4 0.8
vt 1 1
vt 0.2 1
vt 0 1
vt 0.8 1
vt 0.6 1
vt 0.4 1
vt 1 1.2
vt 0.2 1.2
vt 0 1.2
vt 0.8 1.2
vt 0.6 1.2
vt 0.4 1.2
vt 1 1.4
vt 0.2 1.4
vt 0 1.4
vt 0.8 1.4
vt 0.6 1.4
vt 0.4 1.4
vt 1 1.6
vt 0.2 1.6
vt 0 1.6
vt 0.8 1.6
vt 0.6 1.6
vt 0.4 1.6
vt 1 1.8
vt 0.2 1.8
vt 0 1.8
vt 0.8 1.8
vt 0.6 1.8
vt 0.4 1.8
vt 1 2
vt 0.2 2
vt 0 2
vt 0.8 2
vt 0.6 2
vt 0.4 2
vt 1 2.2
vt 0.2 2.2
vt 0 2.2
vt 0.8 2.2
vt 0.6 2.2
vt 0.4 2.2
vt 1 2.4
vt 0.2 2.4
vt 0 2.4
vt 0.8 2.4
vt 0.6 2.4
vt 0.4 2.4
vt 1 2.6
vt 0.2 2.6
vt 0 2.6
vt 0.8 2.6
vt 0.6 2.6
vt 0.4 2.6
vt 1 2.8
vt 0.2 2.8
vt 0 2.8
vt 0.8 2.8
vt 0.6 2.8
vt 0.4 2.8
vt 1 3
vt 0.2 3
vt 0 3
vt 0.8 3
vt 0.6 3
vt 0.4 3
vt 1 3.2
vt 0.2 3.2
vt 0 3.2
vt 0.8 3.2
vt 0.6 3.2
vt 0.4 3.2
vt 1 3.4
vt 0.2 3.4
vt 0 3.4
vt 0.8 3.4
vt 0.6 3.4
vt 0.4 3.4
vt 0.5 3.6
vt 0.666667 2.4
vt 0.333333 2.6
vt 0.666667 2.6
vt 0.333333 2.4
vt 0.333333 2.8
vt 0.666667 2.8
vt 0.333333 3
vt 0.666667 3
vt 0.333333 3.2
vt 0.666667 3.2
vt 0.333333 3.4
vt 0.666667 3.4
vt 1 3.6
vt 0.333333 3.6
vt 0 3.6
vt 0.666667 3.6
vt 1 3.8
vt 0.333333 3.8
vt 0 3.8
vt 0.666667 3.8
vt 1 4
vt 0.333333 4
vt 0 4
vt 0.666667 4
vt 1 4.2
vt 0.333333 4.2
vt 0 4.2
vt 0.666667 4.2
vt 1 4.4
vt 0.333333 4.4
vt 0 4.4
vt 0.666667 4.4
vt 1 4.6
vt 0.333333 4.6
vt 0 4.6
vt 0.666667 4.6
vt 1 4.8
vt 0.333333 4.8
vt 0 4.8
vt 0.666667 4.8
vt 1 5
vt 0.333333 5
vt 0 5
vt 0.666667 5
vt 1 5.2
vt 0.333333 5.2
vt 0 5.2
vt 0.666667 5.2
vt 1 5.4
vt 0.333333 5.4
vt 0 5.4
vt 0.666667 5.4
vt 1 5.6
vt 0.333333 5.6
vt 0 5.6
vt 0.666667 5.6
vt 1 5.8
vt 0.333333 5.8
vt 0 5.8
vt 0.666667 5.8
vt 1 6
vt 0.333333 6
vt 0 6
vt 0.666667 6
vt 1 6.2
vt 0.333333 6.2
vt 0 6.2
vt 0.666667 6.2
vt 1 6.4
vt 0.333333 6.4
vt 0 6.4
vt 0.666667 6.4
vt 1 6.6
vt 0.333333 6.6
vt 0 6.6
vt 0.666667 6.6
vt 1 6.8
vt 0.333333 6.8
vt 0 6.8
vt 0.666667 6.8
vt 1 7
vt 0.333333 7
vt 0 7
vt 0.666667 7
vt 1 7.2
vt 0.333333 7.2
vt 0 7.2
vt 0.666667 7.2
vt 1 7.4
vt 0.333333 7.4
vt 0 7.4
vt 0.666667 7.4
vt 1 7.6
vt 0.333333 7.6
vt 0 7.6
vt 0.666667 7.6
vt 0.666667 1.8
vt 0.333333 2
vt 0.666667 2
vt 0.333333 1.8
vt 0.333333 2.2
vt 0.666667 2.2
vt 0.666667 1
vt 0.333333 1.2
vt 0.666667 1.2
vt 0.333333 1
vt 0.333333 1.4
vt 0.666667 1.4
vt 0.333333 1.6
vt 0.666667 1.6
vt 1 7.8
vt 0.333333 7.8
vt 0 7.8
vt 0.666667 7.8
vt 1 8
vt 0.333333 8
vt 0 8
vt 0.666667 8
vt 1 8.2
vt 0.333333 8.2
vt 0 8.2
vt 0.666667 8.2
vt 1 8.4
vt 0.333333 8.4
vt 0 8.4
vt 0.666667 8.4
vt 1 8.6
vt 0.333333 8.6
vt 0 8.6
vt 0.666667 8.6
vt 1 8.8
vt 0.333333 8.8
vt 0 8.8
vt 0.666667 8.8
vt 1 9
vt 0.333333 9
vt 0 9
vt 0.666667 9
vt 1 9.2
vt 0.333333 9.2
vt 0 9.2
vt 0.666667 9.2
vt 1 9.4
vt 0.333333 9.4
vt 0 9.4
vt 0.666667 9.4
vt 1 9.6
vt 0.333333 9.6
vt 0 9.6
vt 0.666667 9.6
vt 1 9.8
vt 0.333333 9.8
vt 0 9.8
vt 0.666667 9.8
vt 1 10
vt 0.333333 10
vt 0 10
vt 0.666667 10
vt 1 10.2
vt 0.333333 10.2
vt 0 10.2
vt 0.666667 10.2
vt 1 10.4
vt 0.333333 10.4
vt 0 10.4
vt 0.666667 10.4
vt 1 10.6
vt 0.333333 10.6
vt 0 10.6
vt 0.666667 10.6
vt 1 10.8
vt 0.333333 10.8
vt 0 10.8
vt 0.666667 10.8
vt 1 11
vt 0.333333 11
vt 0 11
vt 0.666667 11
vt 1 11.2
vt 0.333333 11.2
vt 0 11.2
vt 0.666667 11.2
vt 1 11.4
vt 0.333333 11.4
vt 0 11.4
vt 0.666667 11.4
vt 1 11.6
vt 0.333333 11.6
vt 0 11.6
vt 0.666667 11.6
vt 1 11.8
vt 0.333333 11.8
vt 0 11.8
vt 0.666667 11.8
vt 1 12
vt 0.333333 12
vt 0 12
vt 0.666667 12
vt 1 12.2
vt 0.333333 12.2
vt 0 12.2
vt 0.666667 12.2
vt 1 12.4
vt 0.333333 12.4
vt 0 12.4
vt 0.666667 12.4
vt 1 12.6
vt 0.333333 12.6
vt 0 12.6
vt 0.666667 12.6
vt 1 12.8
vt 0.333333 12.8
vt 0 12.8
vt 0.666667 12.8
vt 1 13
vt 0.333333 13
vt 0 13
vt 0.666667 13
vt 1 13.2
vt 0.333333 13.2
vt 0 13.2
vt 0.666667 13.2
vt 1 13.4
vt 0.333333 13.4
vt 0 13.4
vt 0.666667 13.4
vt 1 13.6
vt 0.333333 13.6
vt 0 13.6
vt 0.666667 13.6
vt 1 13.8
vt 0.333333 13.8
vt 0 13.8
vt 0.666667 13.8
vt 1 14
vt 0.333333 14
vt 0 14
vt 0.666667 14
vt 1 14.2
vt 0.333333 14.2
vt 0 14.2
vt 0.666667 14.2
vt 1 14.4
vt 0.333333 14.4
vt 0 14.4
vt 0.666667 14.4
vt 1 14.6
vt 0.333333 14.6
vt 0 14.6
vt 0.666667 14.6
vt 1 14.8
vt 0.333333 14.8
vt 0 14.8
vt 0.666667 14.8
vt 1 15
vt 0.333333 15
vt 0 15
vt 0.666667 15
vt 1 15.2
vt 0.333333 15.2
vt 0 15.2
vt 0.666667 15.2
vt 1 15.4
vt 0.333333 15.4
vt 0 15.4
vt 0.666667 15.4
vt 1 15.6
vt 0.333333 15.6
vt 0 15.6
vt 0.666667 15.6
vt 1 15.8
vt 0.333333 15.8
vt 0 15.8
vt 0.666667 15.8
vt 1 16
vt 0.333333 16
vt 0 16
vt 0.666667 16
vt 1 16.2
vt 0.333333 16.2
vt 0 16.2
vt 0.666667 16.2
vt 1 16.4
vt 0.333333 16.4
vt 0 16.4
vt 0.666667 16.4
vt 1 16.6
vt 0.333333 16.6
vt 0 16.6
vt 0.666667 16.6
vt 1 16.8
vt 0.333333 16.8
vt 0 16.8
vt 0.666667 16.8
vt 1 17
vt 0.333333 17
vt 0 17
vt 0.666667 17
vt 1 17.2
vt 0.333333 17.2
vt 0 17.2
vt 0.666667 17.2
vt 1 17.4
vt 0.333333 17.4
vt 0 17.4
vt 0.666667 17.4
vt 1 17.6
vt 0.333333 17.6
vt 0 17.6
vt 0.666667 17.6
vt 1 17.8
vt 0.333333 17.8
vt 0 17.8
vt 0.666667 17.8
vt 1 18
vt 0.333333 18
vt 0 18
vt 0.666667 18
vt 1 18.2
vt 0.333333 18.2
vt 0 18.2
vt 0.666667 18.2
vt 1 18.4
vt 0.333333 18.4
vt 0 18.4
vt 0.666667 18.4
vt 1 18.6
vt 0.333333 18.6
vt 0 18.6
vt 0.666667 18.6
vt 1 18.8
vt 0.333333 18.8
vt 0 18.8
vt 0.666667 18.8
vt 1 19
vt 0.333333 19
vt 0 19
vt 0.666667 19
vt 1 19.2
vt 0.333333 19.2
vt 0 19.2
vt 0.666667 19.2
vt 1 19.4
vt 0.333333 19.4
vt 0 19.4
vt 0.666667 19.4
vt 1 19.6
vt 0.333333 19.6
vt 0 19.6
vt 0.666667 19.6
vt 1 19.8
vt 0.333333 19.8
vt 0 19.8
vt 0.666667 19.8
vt 1 20
vt 0.333333 20
vt 0 20
vt 0.666667 20
vt 1 20.2
vt 0.333333 20.2
vt 0 20.2
vt 0.666667 20.2
vt 1 20.4
vt 0.333333 20.4
vt 0 20.4
vt 0.666667 20.4
vt 1 20.6
vt 0.333333 20.6
vt 0 20.6
vt 0.666667 20.6
vt 1 20.8
vt 0.333333 20.8
vt 0 20.8
vt 0.666667 20.8
vt 1 21
vt 0.333333 21
vt 0 21
vt 0.666667 21
vt 1 21.2
vt 0.333333 21.2
vt 0 21.2
vt 0.666667 21.2
vt 1 21.4
vt 0.333333 21.4
vt 0 21.4
vt 0.666667 21.4
vt 1 21.6
vt 0.333333 21.6
vt 0 21.6
vt 0.666667 21.6
vt 1 21.8
vt 0.333333 21.8
vt 0 21.8
vt 0.666667 21.8
vt 1 22
vt 0.333333 22
vt 0 22
vt 0.666667 22
vt 1 22.2
vt 0.333333 22.2
vt 0 22.2
vt 0.666667 22.2
vt 1 22.4
vt 0.333333 22.4
vt 0 22.4
vt 0.666667 22.4
vt 1 0.1
vt 0.5 0
vt 0.5 0.1
vt 0 0.1
vt 0.5 0.2
vt 1 0.3
vt 0.5 0.3
vt 0 0.3
vt 0.5 0.4
vt 1 0.5
vt 0.5 0.5
vt 0 0.5
vt 0.5 0.6
vt 1 0.7
vt 0.5 0.7
vt 0 0.7
vt 0.5 0.8
vt 1 0.9
vt 0.5 0.9
vt 0 0.9
vt 0.5 1
# 536 texture verticies
vn 0.809017 -0.409097 0.422056
vn 0.808276 -0.377145 0.452164
vn 0.805652 -0.411429 0.426204
vn 0.805459 0.414259 -0.423822
vn 0.808175 0.379741 -0.450166
vn 0.805804 0.34621 -0.480435
vn 0.805774 -0.3439 0.482142
vn -0.309014 -0.6594 0.685348
vn -0.308311 -0.607523 0.732024
vn -0.305649 -0.660678 0.685627
vn -0.306414 -0.552153 0.775395
vn -1 0.000407483 0.000395753
vn -1 0.000282163 0.000221233
vn -1 0.000464479 0.000357018
vn -1 9.40567e-005 9.91446e-005
vn -0.309015 0.664871 -0.680042
vn -0.308161 0.613123 -0.727404
vn -0.305393 0.666282 -0.680297
vn -0.305083 0.558164 -0.771607
vn 0.809013 0.411812 -0.419415
vn 0.807955 -0.269466 0.52402
vn 0.808689 0.263321 -0.526008
vn 0.806777 0.216483 -0.549769
vn 0.806744 -0.230958 0.543896
vn -0.308883 -0.425376 0.850675
vn -0.306306 -0.355839 0.882924
vn -0.999987 0.00481244 0.00163289
vn -0.999948 0.00962059 0.00348677
vn -0.307701 0.433743 -0.846869
vn -0.307136 0.366293 -0.878349
vn 0.809849 -0.151616 0.566707
vn 0.806689 0.145118 -0.572882
vn 0.806588 0.122151 -0.578355
vn 0.810556 -0.111899 0.574871
vn -0.305892 -0.237673 0.921923
vn -0.304574 -0.191615 0.933016
vn -0.999983 0.00423043 0.00401348
vn -0.999983 -0.00565924 0.00172268
vn -0.310562 0.242891 -0.918997
vn -0.312544 0.188789 -0.930954
vn 0.809436 -0.030836 0.586398
vn 0.801827 0.158653 -0.57611
vn 0.789573 0.216938 -0.574032
vn 0.808726 0.0107483 0.588088
vn -0.300804 -0.177004 0.937116
vn -0.28795 -0.210016 0.934333
vn -0.996981 -0.0773731 -0.00643948
vn -0.99003 -0.140567 -0.00900356
vn -0.313889 0.131087 -0.940367
vn -0.320395 0.124871 -0.939018
vn 0.801937 0.0829055 0.591628
vn 0.779695 0.253052 -0.572748
vn 0.780108 0.23012 -0.581787
vn 0.798825 0.11382 0.590697
vn -0.285601 -0.200725 0.937092
vn -0.286169 -0.158846 0.944921
vn -0.97839 -0.206504 -0.0104858
vn -0.977346 -0.21158 -0.0054425
vn -0.318444 0.0762687 -0.944869
vn -0.316229 0.0303576 -0.948197
vn 0.789023 0.164662 0.591886
vn 0.79023 0.185196 -0.584157
vn 0.794762 0.161375 -0.585074
vn 0.784151 0.185149 0.592306
vn -0.303324 -0.079733 0.949546
vn -0.310643 -0.0430821 0.94955
vn -0.97729 -0.211849 -0.00488057
vn -0.977926 -0.208892 -0.00504086
vn -0.301091 -0.0469927 -0.952437
vn -0.293258 -0.0810131 -0.952595
vn 0.774703 0.230302 0.588894
vn 0.804991 0.118772 -0.581277
vn 0.805239 0.0953955 -0.585227
vn 0.765126 0.256265 0.590686
vn -0.328247 0.0321356 0.944045
vn -0.330398 0.0712685 0.941147
vn -0.978382 -0.20672 -0.00593847
vn -0.97818 -0.207614 -0.00775594
vn -0.278347 -0.150069 -0.948685
vn -0.268612 -0.184059 -0.9455
vn 0.743058 0.385213 0.547244
vn 0.830417 0.00450367 -0.557125
vn 0.847163 -0.0656737 -0.527259
vn 0.717897 0.485175 0.499228
vn -0.37553 0.243672 0.894204
vn -0.407968 0.374312 0.832738
vn -0.973873 -0.227088 0.00124326
vn -0.969275 -0.245797 0.00947943
vn -0.23216 -0.371959 -0.898748
vn -0.195759 -0.519114 -0.831985
vn 0.683425 0.591974 0.427196
vn 0.865941 -0.139211 -0.480382
vn 0.87018 -0.144604 -0.471037
vn 0.679415 0.606794 0.412548
vn -0.44351 0.511733 0.735818
vn -0.45324 0.52826 0.717994
vn -0.963265 -0.267661 0.0218714
vn -0.962012 -0.272012 0.0232715
vn -0.15105 -0.669072 -0.727686
vn -0.143829 -0.688249 -0.711074
vn 0.675285 0.617005 0.404098
vn 0.874777 -0.156182 -0.458664
vn 0.877371 -0.158379 -0.452921
vn 0.67667 0.61193 0.409463
vn -0.460323 0.546916 0.699275
vn -0.461078 0.548172 0.697793
vn -0.962869 -0.269325 0.0186374
vn -0.964532 -0.263762 0.0103822
vn -0.137637 -0.703749 -0.696989
vn -0.13849 -0.700464 -0.700122
vn 0.6997 0.496761 0.513467
vn 0.887859 -0.210689 -0.409044
vn 0.885856 -0.267118 -0.379352
vn 0.712635 0.366477 0.598203
vn -0.458214 0.528598 0.71458
vn -0.446804 0.506328 0.737562
vn -0.984281 -0.157332 -0.0802395
vn -0.988279 -0.0472353 -0.145165
vn -0.151129 -0.614939 -0.773957
vn -0.16371 -0.524169 -0.83573
vn 0.70612 0.220507 0.672882
vn 0.878726 -0.327991 -0.346789
vn 0.870323 -0.341022 -0.355306
vn 0.710104 0.204194 0.673838
vn -0.435957 0.482044 0.759983
vn -0.42899 0.480055 0.765189
vn -0.973613 0.0782447 -0.214372
vn -0.973744 0.0997779 -0.204614
vn -0.170838 -0.416559 -0.892913
vn -0.17023 -0.405059 -0.898303
vn 0.70945 0.204043 0.674572
vn 0.870344 -0.342818 -0.353522
vn 0.870877 -0.340458 -0.354489
vn 0.711151 0.213964 0.66969
vn -0.429151 0.482804 0.763367
vn -0.428673 0.486586 0.761232
vn -0.971745 0.108133 -0.209806
vn -0.973296 0.100603 -0.206337
vn -0.168773 -0.402013 -0.899945
vn -0.170117 -0.410498 -0.895852
vn 0.713562 0.224587 0.663618
vn 0.870869 -0.339147 -0.355762
vn 0.870432 -0.340106 -0.355915
vn 0.714168 0.225508 0.662654
vn -0.427201 0.491667 0.75879
vn -0.426509 0.493044 0.758286
vn -0.974996 0.0929452 -0.201852
vn -0.975152 0.0927468 -0.201186
vn -0.17271 -0.420531 -0.890688
vn -0.173597 -0.422137 -0.889755
vn 0.714581 0.227725 0.66145
vn 0.870205 -0.341347 -0.355282
vn 0.870083 -0.341967 -0.354984
vn 0.714767 0.228671 0.660922
vn -0.426021 0.495565 0.756916
vn -0.425819 0.496662 0.75631
vn -0.975297 0.0920173 -0.20082
vn -0.975367 0.0916364 -0.200653
vn -0.174184 -0.42521 -0.888176
vn -0.174455 -0.426645 -0.887434
vn 0.715068 0.230283 0.660036
vn 0.86988 -0.343086 -0.354404
vn 0.86978 -0.343601 -0.354148
vn 0.715196 0.230937 0.659668
vn -0.42546 0.498526 0.755286
vn -0.425318 0.499293 0.754858
vn -0.975507 0.0909328 -0.200292
vn -0.975571 0.0905965 -0.200135
vn -0.174944 -0.429203 -0.886103
vn -0.175158 -0.430328 -0.885516
vn 0.719517 0.255965 0.645582
vn 0.873626 -0.320011 -0.366566
vn 0.875346 -0.307862 -0.372814
vn 0.721405 0.268082 0.63852
vn -0.420209 0.524316 0.74062
vn -0.417602 0.536297 0.733481
vn -0.970401 0.114163 -0.21281
vn -0.967502 0.126087 -0.219184
vn -0.170771 -0.407631 -0.897037
vn -0.16842 -0.395598 -0.902849
vn 0.726188 0.304088 0.616588
vn -0.409277 0.571563 0.711202
vn -0.957707 0.161695 -0.238018
vn -0.161189 -0.359089 -0.919279
vn 0.879517 -0.271086 -0.391103
vn -0.035072 -0.446766 0.893963
vn 0.0348876 -0.456524 0.889027
vn -0.0354201 -0.4472 0.893732
vn 0.0466467 0.997516 -0.0527733
vn 0.0440329 0.997761 -0.0503444
vn 0.0390188 0.998364 -0.0417965
vn 0.105102 -0.463891 0.879636
vn -0.0113563 -0.550395 -0.834827
vn -0.0828297 -0.538757 -0.83838
vn -0.0183919 -0.539704 -0.841654
vn -0.154291 -0.5258 -0.836497
vn 0.0502823 0.996986 -0.0590881
vn 0.236567 -0.476528 0.846733
vn 0.035797 0.998668 -0.0371564
vn 0.0337378 0.998994 -0.0295548
vn 0.297479 -0.482734 0.823695
vn -0.275616 -0.520032 -0.808457
vn -0.339083 -0.509276 -0.790987
vn 0.406455 -0.492951 0.769282
vn 0.0326481 0.999134 -0.025803
vn 0.0324818 0.999274 -0.019919
vn 0.455314 -0.49707 0.738655
vn -0.441903 -0.504506 -0.741751
vn -0.493333 -0.496227 -0.71441
vn 0.544831 -0.505492 0.669057
vn 0.036946 0.999073 -0.022093
vn 0.0421333 0.998851 -0.0228335
vn 0.584944 -0.510396 0.630346
vn -0.583236 -0.492685 -0.64583
vn -0.630405 -0.486221 -0.605126
vn 0.640354 -0.51632 0.568648
vn 0.038766 0.999142 -0.0145708
vn 0.0307433 0.999525 -0.00217894
vn 0.656554 -0.519083 0.547257
vn -0.67969 -0.481757 -0.553111
vn -0.689063 -0.479326 -0.543542
vn 0.672726 -0.520304 0.526044
vn 0.0012418 0.99926 0.0384352
vn -0.0199818 0.997506 0.0676913
vn 0.670595 -0.52207 0.527015
vn -0.672988 -0.477106 -0.565206
vn -0.650216 -0.472541 -0.594915
vn 0.683381 -0.522233 0.510159
vn -0.0439677 0.993847 0.101661
vn -0.0464962 0.993146 0.107235
vn 0.69673 -0.521836 0.492194
vn -0.637363 -0.469696 -0.610864
vn -0.650913 -0.469057 -0.596907
vn 0.728283 -0.517631 0.449068
vn -0.0452604 0.993294 0.106393
vn -0.0404858 0.993936 0.102235
vn 0.745251 -0.514785 0.423789
vn -0.683442 -0.47516 -0.554193
vn -0.705464 -0.477704 -0.523564
vn 0.773056 -0.510465 0.376577
vn -0.0336921 0.995237 0.091476
vn -0.0303105 0.995692 0.087631
vn 0.784738 -0.508374 0.3546
vn -0.739656 -0.484462 -0.467125
vn -0.754715 -0.48624 -0.440427
vn 0.804214 -0.505292 0.312921
vn -0.025182 0.996708 0.0770681
vn -0.0221257 0.99713 0.0724028
vn 0.813037 -0.503199 0.292852
vn -0.779368 -0.491242 -0.38893
vn -0.790716 -0.492725 -0.363304
vn 0.830443 -0.500774 0.244109
vn -0.014464 0.998717 0.0485223
vn -0.00669356 0.999443 0.0326815
vn 0.840985 -0.497092 0.213645
vn -0.816988 -0.498212 -0.29037
vn -0.831887 -0.499629 -0.241526
vn 0.856928 -0.50008 0.124874
vn 0.00274556 0.999441 -0.0333081
vn 0.00580173 0.996671 -0.081318
vn 0.861619 -0.50335 0.0652018
vn -0.861371 -0.500312 -0.0879073
vn -0.869198 -0.494094 0.0191596
vn 0.861088 -0.508442 -0.00378446
vn 0.00649485 0.991288 -0.131552
vn 0.00520664 0.991175 -0.132458
vn 0.859766 -0.510503 -0.0137401
vn -0.865651 -0.481726 0.136341
vn -0.864387 -0.480504 0.14816
vn 0.859424 -0.510975 -0.0171421
vn 0.00635546 0.993004 -0.117908
vn 0.00741891 0.994649 -0.103049
vn 0.860012 -0.510177 -0.009955
vn -0.865407 -0.481642 0.138176
vn -0.867222 -0.484186 0.116147
vn 0.859974 -0.510201 -0.0118275
vn 0.00813959 0.995778 -0.0914357
vn 0.00835238 0.995492 -0.0944788
vn 0.859538 -0.510633 -0.0211839
vn -0.867802 -0.485283 0.106862
vn -0.866713 -0.484284 0.119492
vn 0.859884 -0.510366 -0.0112155
vn 0.00926059 0.997213 -0.0740296
vn 0.0110384 0.99869 -0.049964
vn 0.861051 -0.508465 0.00742294
vn -0.86899 -0.486573 0.0900204
vn -0.870728 -0.489468 0.0474869
vn 0.857886 -0.508869 0.0712964
vn 0.00685593 0.999711 0.0230299
vn 0.000317513 0.997454 0.0713074
vn 0.851552 -0.51123 0.116202
vn -0.866284 -0.491394 -0.0899066
vn -0.853593 -0.487013 -0.184925
vn 0.843194 -0.513145 0.160328
vn -0.00762279 0.992481 0.122157
vn -0.00984137 0.992194 0.124313
vn 0.842354 -0.514699 0.159763
vn -0.83306 -0.47783 -0.278728
vn -0.832829 -0.477435 -0.280093
vn 0.845467 -0.513422 0.146911
vn -0.00838625 0.992969 0.118075
vn -0.0057246 0.994035 0.108911
vn 0.848504 -0.511726 0.13482
vn -0.837881 -0.479875 -0.260146
vn -0.842941 -0.482215 -0.238577
vn 0.854351 -0.509329 0.103286
vn -0.000988738 0.9967 0.0811671
vn 0.0033709 0.997954 0.0638471
vn 0.858311 -0.506352 0.0831279
vn -0.854368 -0.487859 -0.179023
vn -0.859991 -0.490516 -0.140749
vn 0.862116 -0.506647 0.00805773
vn 0.00540409 0.999965 -0.00637097
vn 0.00289032 0.998223 -0.0595224
vn 0.860002 -0.508238 -0.0457135
vn -0.869232 -0.494401 0.00196849
vn -0.8646 -0.490845 0.107416
vn 0.853978 -0.510232 -0.101911
vn -0.00137516 0.993447 -0.11429
vn -0.00362328 0.993174 -0.116589
vn 0.852667 -0.512134 -0.103328
vn -0.849395 -0.481273 0.216576
vn -0.848223 -0.480588 0.222606
vn 0.853762 -0.511545 -0.0970137
vn -0.00212311 0.994196 -0.107567
vn -0.00040034 0.995248 -0.0973677
vn 0.855384 -0.510558 -0.0874519
vn -0.850819 -0.482157 0.208882
vn -0.854262 -0.484259 0.189021
vn 0.857397 -0.509328 -0.0738587
vn 0.00174298 0.99656 -0.0828569
vn 0.00231938 0.996914 -0.0784689
vn 0.857911 -0.509012 -0.0699708
vn -0.858547 -0.48687 0.160791
vn -0.859672 -0.487565 0.152462
vn 0.859352 -0.508149 -0.0574373
vn 0.00384004 0.997868 -0.065152
vn 0.00510151 0.998415 -0.0560558
vn 0.860127 -0.507756 -0.0486272
vn -0.860736 -0.488218 0.144144
vn -0.860842 -0.487978 0.144324
vn 0.860238 -0.507804 -0.0461061
vn 0.00566304 0.998563 -0.0532896
vn 0.00534422 0.998216 -0.0594686
vn 0.859539 -0.508393 -0.0522379
vn -0.861717 -0.488199 0.138219
vn -0.862556 -0.488416 0.132088
vn 0.578923 -0.753006 0.312778
vn 0.566396 -0.770681 0.291971
vn 0.57934 -0.753987 0.309628
vn 0.171334 0.433847 -0.884546
vn 0.216418 0.487967 -0.845607
vn 0.256138 0.540076 -0.801692
vn 0.553561 -0.787292 0.271553
vn -0.740866 0.335904 0.581624
vn -0.775711 0.288448 0.561311
vn -0.743911 0.319315 0.587056
vn -0.807956 0.243522 0.536567
vn 0.176977 0.432862 -0.883917
vn 0.531606 -0.813189 0.236893
vn 0.329663 0.624331 -0.70819
vn 0.356646 0.659347 -0.661865
vn 0.523701 -0.823476 0.218232
vn -0.85758 0.191526 0.477361
vn -0.879793 0.161022 0.447254
vn 0.509925 -0.83967 0.186898
vn 0.404716 0.714318 -0.570924
vn 0.421793 0.736519 -0.5288
vn 0.505266 -0.845787 0.171317
vn -0.912872 0.126426 0.388176
vn -0.927042 0.107114 0.359334
vn 0.496609 -0.855949 0.143985
vn 0.451311 0.770241 -0.450608
vn 0.460988 0.783595 -0.416497
vn 0.4937 -0.859822 0.130255
vn -0.947061 0.086051 0.309308
vn -0.955013 0.075009 0.28692
vn 0.486956 -0.867437 0.102113
vn 0.47735 0.802115 -0.358816
vn 0.483586 0.808248 -0.335976
vn 0.483903 -0.870845 0.0864085
vn -0.963895 0.0652491 0.258164
vn -0.966221 0.0608548 0.250427
vn 0.48205 -0.872246 0.0825519
vn 0.497997 0.823113 -0.272916
vn 0.50646 0.830538 -0.231744
vn 0.484933 -0.869636 0.0925959
vn -0.979879 0.0496837 0.193308
vn -0.989205 0.0380908 0.141498
vn 0.486308 -0.863276 0.135126
vn 0.512468 0.847781 -0.13654
vn 0.510593 0.855945 -0.0815711
vn 0.484051 -0.858972 0.166917
vn -0.999867 0.0161139 0.00233329
vn -0.996244 0.00331977 -0.0865212
vn 0.481497 -0.855152 0.19203
vn 0.504101 0.863558 -0.0122295
vn 0.501388 0.865219 0.00238508
vn 0.481272 -0.856796 0.185142
vn -0.983548 -0.00828899 -0.180457
vn -0.982272 -0.00772985 -0.187301
vn 0.485592 -0.859613 0.158953
vn 0.499501 0.866196 0.0142159
vn 0.500237 0.865815 0.0112556
vn 0.488387 -0.861278 0.140277
vn -0.984911 -0.00645051 -0.172944
vn -0.988506 -0.00422965 -0.151125
vn 0.492106 -0.863383 0.111359
vn 0.500719 0.865565 0.00875473
vn 0.500927 0.865436 0.00958146
vn 0.493472 -0.863877 0.101003
vn -0.992884 -0.00206032 -0.119064
vn -0.994094 -0.00119453 -0.108518
vn 0.495898 -0.865492 0.070769
vn 0.501621 0.865083 -0.00289629
vn 0.503771 0.863704 -0.0151709
vn 0.499228 -0.865057 0.0494785
vn -0.997968 0.000557151 -0.0637157
vn -0.999572 0.00181096 -0.0292034
vn 0.493539 -0.869154 -0.0314754
vn 0.497656 0.863507 -0.0818249
vn 0.48784 0.862319 -0.135712
vn 0.484053 -0.870283 -0.0911036
vn -0.99304 0.00551755 0.117651
vn -0.973185 0.00787332 0.229889
vn 0.472246 -0.8696 -0.144151
vn 0.477718 0.859661 -0.181021
vn 0.479051 0.860659 -0.172554
vn 0.472857 -0.87022 -0.138286
vn -0.945342 0.00992327 0.325929
vn -0.949414 0.00943475 0.313884
vn 0.478328 -0.870205 -0.118097
vn 0.48642 0.861509 -0.145596
vn 0.491139 0.861718 -0.127378
vn 0.482393 -0.869903 -0.102789
vn -0.963204 0.00874624 0.268631
vn -0.97198 0.00817599 0.23492
vn 0.487178 -0.869692 -0.0793303
vn 0.496718 0.862154 -0.0998146
vn 0.498408 0.862231 -0.0902581
vn 0.488571 -0.869563 -0.0718261
vn -0.982883 0.00757517 0.184076
vn -0.985928 0.00733515 0.167011
vn 0.49048 -0.86949 -0.0584596
vn 0.500763 0.862445 -0.0736549
vn 0.501693 0.862485 -0.0665047
vn 0.491251 -0.869415 -0.0528179
vn -0.990519 0.0070744 0.137196
vn -0.992207 0.00694124 0.124406
vn 0.492296 -0.869373 -0.0428468
vn 0.502986 0.8626 -0.0540937
vn 0.503491 0.862623 -0.0487711
vn 0.492713 -0.869334 -0.0386302
vn -0.994751 0.00679721 0.102098
vn -0.995685 0.00672343 0.092554
vn 0.49328 -0.86931 -0.0312256
vn 0.504196 0.862683 -0.0395363
vn 0.504467 0.862697 -0.0355921
vn 0.493504 -0.86929 -0.0280911
vn -0.997091 0.00664398 0.0759242
vn -0.997607 0.00660305 0.0688221
vn 0.493811 -0.869275 -0.022617
vn 0.504848 0.862729 -0.0287504
vn 0.504991 0.862738 -0.0258377
vn 0.49393 -0.869265 -0.0203015
vn -0.998384 0.00655939 0.0564525
vn -0.998668 0.00653685 0.0511757
vn 0.494095 -0.869256 -0.0162741
vn 0.505196 0.862754 -0.0207907
vn 0.505272 0.862759 -0.0186499
vn 0.494157 -0.869251 -0.0145727
vn -0.999097 0.006513 0.0419861
vn -0.999254 0.00650054 0.038068
vn 0.494244 -0.869246 -0.0116191
vn 0.505383 0.862766 -0.0149404
vn 0.505423 0.862768 -0.0133696
vn 0.494274 -0.869244 -0.01037
vn -0.99949 0.00648739 0.03125
vn -0.999577 0.00648095 0.028347
vn 0.494461 -0.8692 -3.72473e-005
vn 0.505622 0.862751 -0.00254713
vn 0.505972 0.862522 0.0069378
vn 0.49435 -0.869213 0.00928818
vn -0.999456 0.00648375 0.0323421
vn -0.999198 0.00675572 0.0394734
vn 0.494123 -0.869339 0.00964539
vn 0.506205 0.862381 0.00745537
vn 0.506325 0.862342 -0.0012808
vn 0.493782 -0.869585 0.000918979
vn -0.999267 0.00701928 0.0376428
vn -0.999555 0.00727543 0.0289148
vn -0.217602 -0.929114 -0.298994
vn -0.217058 -0.904844 -0.366255
vn -0.212065 -0.929267 -0.302476
vn -0.7333 0.636599 0.238773
vn -0.734556 0.614762 0.287219
vn -0.728875 0.593879 0.34066
vn -0.211187 -0.875282 -0.435066
vn 0.953474 0.295289 0.0607525
vn 0.953004 0.293766 0.0740664
vn 0.951909 0.300456 0.0599571
vn 0.95069 0.297203 0.0886514
vn -0.735962 0.634575 0.235955
vn -0.223222 -0.783814 -0.579489
vn -0.727466 0.518215 0.449719
vn -0.71709 0.465707 0.518555
vn -0.215678 -0.712372 -0.667839
vn 0.95331 0.276306 0.121882
vn 0.949318 0.277683 0.147269
vn -0.238588 -0.533312 -0.811575
vn -0.713086 0.319236 0.624177
vn -0.700893 0.224595 0.676983
vn -0.231947 -0.408006 -0.883024
vn 0.955017 0.233057 0.183376
vn 0.951409 0.220648 0.214791
vn -0.262455 -0.163723 -0.950953
vn -0.69309 0.019137 0.720597
vn -0.676919 -0.0982131 0.729475
vn -0.266184 -0.0271869 -0.963539
vn 0.95742 0.166613 0.235771
vn 0.953377 0.154351 0.259322
vn -0.306519 0.222008 -0.925612
vn -0.660134 -0.280233 0.696916
vn -0.651751 -0.352592 0.67149
vn -0.314957 0.352975 -0.881029
vn 0.969294 0.0698557 0.235773
vn 0.971669 0.0110111 0.236088
vn -0.3247 0.579302 -0.747649
vn -0.651258 -0.434185 0.622372
vn -0.65017 -0.457199 0.606835
vn -0.310702 0.684473 -0.659516
vn 0.981784 -0.134325 0.134377
vn 0.973847 -0.217736 0.064903
vn -0.287307 0.816227 -0.501226
vn -0.663879 -0.508259 0.548577
vn -0.671418 -0.543745 0.503527
vn -0.270156 0.857859 -0.437143
vn 0.951321 -0.304917 -0.0448718
vn 0.947394 -0.313151 -0.0661891
vn -0.249161 0.908579 -0.335265
vn -0.694759 -0.589871 0.411537
vn -0.70359 -0.610599 0.363498
vn -0.241498 0.923246 -0.298823
vn 0.945358 -0.31757 -0.073807
vn 0.948002 -0.312026 -0.0627094
vn -0.232505 0.944021 -0.234019
vn -0.717222 -0.636423 0.283827
vn -0.72137 -0.645107 0.251917
vn -0.228409 0.95166 -0.205361
vn 0.950692 -0.306647 -0.0463923
vn 0.951332 -0.30513 -0.0431669
vn -0.224421 0.959701 -0.169142
vn -0.728821 -0.659108 0.185462
vn -0.733492 -0.662574 0.151608
vn -0.222639 0.961502 -0.161074
vn 0.953799 -0.30019 -0.0123815
vn 0.955053 -0.296069 0.0147227
vn -0.216713 0.957811 -0.188768
vn -0.732241 -0.67892 0.0537588
vn -0.725393 -0.688265 -0.00982129
vn -0.209038 0.952354 -0.22209
vn 0.950029 -0.279458 0.139096
vn 0.934787 -0.265036 0.236494
vn -0.20485 0.947812 -0.244315
vn -0.712295 -0.697547 -0.0778707
vn -0.710792 -0.698631 -0.0817896
vn -0.206467 0.950577 -0.231894
vn 0.912698 -0.249101 0.323931
vn 0.914038 -0.25147 0.318273
vn -0.214977 0.956759 -0.19595
vn -0.713069 -0.697373 -0.0721308
vn -0.716346 -0.695279 -0.0586186
vn -0.220508 0.960265 -0.171077
vn 0.926384 -0.258621 0.273729
vn 0.935205 -0.264486 0.235456
vn -0.227174 0.964773 -0.132685
vn -0.719532 -0.693237 -0.0411825
vn -0.720288 -0.692689 -0.036989
vn -0.228972 0.966039 -0.119754
vn 0.945719 -0.271029 0.179328
vn 0.948218 -0.272973 0.162383
vn -0.231624 0.967944 -0.0971347
vn -0.721183 -0.692102 -0.0298302
vn -0.721593 -0.691802 -0.0267257
vn -0.232606 0.968624 -0.0875367
vn 0.952139 -0.275471 0.132468
vn 0.953503 -0.276533 0.119836
vn -0.234035 0.969647 -0.0708013
vn -0.722072 -0.691486 -0.0214253
vn -0.722286 -0.691329 -0.0191458
vn -0.234559 0.970012 -0.0637144
vn 0.955635 -0.277889 0.0976665
vn 0.956378 -0.278467 0.0883072
vn -0.235323 0.970557 -0.0513984
vn -0.72254 -0.691161 -0.0152495
vn -0.72265 -0.691081 -0.0135892
vn -0.2356 0.970752 -0.046191
vn 0.957534 -0.279201 0.0719412
vn 0.957937 -0.279515 0.0650294
vn -0.236007 0.97104 -0.0371685
vn -0.722783 -0.690992 -0.0107495
vn -0.722838 -0.690951 -0.00954892
vn -0.236152 0.971143 -0.0333619
vn 0.958563 -0.279912 0.0529725
vn 0.958781 -0.280082 0.0478781
vn -0.236605 0.971445 -0.0176996
vn -0.723118 -0.690723 0.00158426
vn -0.723469 -0.690256 0.0117721
vn -0.236635 0.971583 -0.005583
vn 0.958764 -0.280107 0.0480821
vn 0.958427 -0.280248 0.053659
vn -0.236431 0.971643 -0.0031067
vn -0.72366 -0.690047 0.0123185
vn -0.723698 -0.690111 0.00292613
vn -0.23596 0.971682 -0.0124877
vn 0.958543 -0.280597 0.0495987
vn 0.958849 -0.281052 0.0402228
vn 0.859412 -0.508523 -0.0530662
vn 0.00522439 0.998207 -0.0596299
vn 0.00582606 0.998552 -0.0534719
vn 0.859939 -0.508172 -0.0475965
vn -0.864452 -0.489577 0.114177
vn -0.865527 -0.490251 0.102547
vn 0.860654 -0.507763 -0.0380976
vn 0.0065944 0.999061 -0.0428253
vn 0.0069082 0.999241 -0.0383329
vn 0.860929 -0.507581 -0.0341022
vn -0.867122 -0.491225 0.0824437
vn -0.867687 -0.491577 0.0739736
vn 0.861303 -0.507366 -0.0271522
vn 0.00731178 0.999507 -0.030545
vn 0.00747506 0.999601 -0.0272457
vn 0.861446 -0.507272 -0.0242125
vn -0.86852 -0.492085 0.0593746
vn -0.868813 -0.492268 0.0532464
vn 0.861638 -0.507161 -0.0191682
vn 0.00768214 0.999737 -0.0215919
vn 0.00776153 0.999785 -0.019235
vn 0.861711 -0.507113 -0.0170703
vn -0.869247 -0.492534 0.0426493
vn -0.8694 -0.492631 0.0381805
vn 0.861807 -0.507056 -0.013502
vn 0.00786463 0.999853 -0.0152253
vn 0.00790546 0.999877 -0.0135712
vn 0.861843 -0.507033 -0.0120344
vn -0.869627 -0.49277 0.0304542
vn -0.869707 -0.492819 0.0271965
vn 0.861894 -0.507004 -0.00928257
vn 0.00796297 0.999913 -0.0105022
vn 0.00798558 0.999927 -0.00908676
vn 0.861914 -0.506991 -0.00799944
vn -0.869819 -0.492888 0.0218466
vn -0.869856 -0.492911 0.0197545
vn 0.861947 -0.506971 -0.00524554
vn 0.00801947 0.999949 -0.00610746
vn 0.00803307 0.999957 -0.00454337
vn 0.86196 -0.506962 -0.00377487
vn -0.869903 -0.492939 0.0167411
vn -0.869915 -0.492947 0.0158198
vn 0.86194 -0.506973 -0.00616649
vn 0.00801699 0.999945 -0.00677196
vn 0.00796132 0.999913 -0.0105673
vn 0.861884 -0.507006 -0.0100259
vn -0.869971 -0.492981 0.0109481
vn -0.870001 -0.493 0.00699741
vn 0.861837 -0.50702 -0.0129492
vn 0.00792534 0.999879 -0.0133784
vn 0.00792103 0.999892 -0.012397
vn 0.861846 -0.507028 -0.0120105
vn -0.869906 -0.492944 0.0163976
vn -0.869639 -0.492791 0.0297478
vn 0.861854 -0.507024 -0.0115738
vn 0.00793002 0.999898 -0.0118836
vn 0.00795548 0.999892 -0.0123513
vn 0.861861 -0.507001 -0.0120775
vn -0.869412 -0.492661 0.0375166
vn -0.869581 -0.492757 0.0319414
vn 0.861929 -0.506992 -0.00617994
vn 0.00800175 0.999947 -0.00640304
vn 0.00809156 0.999967 1.99935e-005
vn 0.861991 -0.506924 0.000214176
vn -0.869936 -0.492961 0.0141556
vn -0.870021 -0.493011 0.00194172
vn 0.86169 -0.507131 0.0175677
vn 0.00775421 0.999818 0.0174101
vn 0.00736416 0.99957 0.0283781
vn 0.861276 -0.507337 0.0285201
vn -0.869579 -0.492764 -0.0318823
vn -0.868774 -0.492311 -0.0534892
vn 0.859565 -0.508295 0.0527671
vn 0.00566224 0.998596 0.0526609
vn 0.00418064 0.997815 0.0659344
vn 0.858132 -0.509164 0.0660451
vn -0.865092 -0.490229 -0.106257
vn -0.861768 -0.488347 -0.137379
vn 0.855861 -0.510281 0.0843555
vn 0.00204893 0.996441 0.0842656
vn 0.00121844 0.996004 0.0892975
vn 0.855061 -0.510765 0.0893913
vn -0.8575 -0.48593 -0.169016
vn -0.857398 -0.485874 -0.169695
vn 0.855002 -0.510788 0.0898131
vn 0.00116381 0.995964 0.0897425
vn 0.00183465 0.996368 0.0851319
vn 0.855694 -0.510422 0.0851931
vn -0.857984 -0.486208 -0.165725
vn -0.858655 -0.486588 -0.161072
vn 0.856843 -0.509832 0.0767537
vn 0.0029335 0.99705 0.0766982
vn 0.00345579 0.997334 0.0728939
vn 0.857355 -0.509532 0.0729423
vn -0.86033 -0.487534 -0.148806
vn -0.861303 -0.488081 -0.141186
vn 0.858276 -0.509042 0.0651083
vn 0.00434879 0.997872 0.0650618
vn 0.0047893 0.998123 0.0610469
vn 0.85872 -0.508791 0.061091
vn -0.863128 -0.489114 -0.125609
vn -0.863975 -0.489597 -0.117652
vn 0.858966 -0.508653 0.0587315
vn 0.00503238 0.998264 0.0586889
vn 0.0048603 0.998165 0.0603508
vn 0.858792 -0.508752 0.0603927
vn -0.864441 -0.489865 -0.113026
vn -0.864106 -0.489675 -0.116363
vn 0.858665 -0.508822 0.0615987
vn 0.00473896 0.998092 0.0615568
vn 0.00503947 0.998113 0.0612
vn 0.858572 -0.509029 0.0611891
vn -0.863715 -0.489449 -0.120154
vn -0.863807 -0.489192 -0.120535
vn 0.85849 -0.509226 0.0606903
vn 0.00535023 0.998139 0.0607499
vn 0.00590352 0.998133 0.0607928
vn 0.858505 -0.509203 0.0606708
vn -0.863887 -0.488934 -0.121006
vn -0.864015 -0.488704 -0.121022
vn 0.493638 -0.869634 -0.00763119
vn 0.506183 0.862371 -0.00972393
vn 0.506191 0.862372 -0.00920034
vn 0.493645 -0.869634 -0.00721453
vn -0.999793 0.00726462 0.0190103
vn -0.99981 0.00726339 0.0180709
vn 0.493657 -0.869633 -0.00644085
vn 0.506206 0.862373 -0.00822899
vn 0.506213 0.862373 -0.00778113
vn 0.493662 -0.869632 -0.00608398
vn -0.99984 0.00726167 0.0163276
vn -0.999853 0.00726071 0.0155234
vn 0.493671 -0.869632 -0.00542163
vn 0.506225 0.862374 -0.00694856
vn 0.50623 0.862373 -0.00656354
vn 0.493675 -0.869631 -0.00511636
vn -0.999875 0.00725945 0.0140312
vn -0.999885 0.00725873 0.0133429
vn 0.493681 -0.869631 -0.00454596
vn 0.506239 0.862374 -0.00584849
vn 0.506242 0.862374 -0.00551816
vn 0.493684 -0.869631 -0.00428066
vn -0.999901 0.0072578 0.0120671
vn -0.999908 0.00725732 0.0114794
vn 0.493688 -0.869631 -0.00378277
vn 0.506248 0.862374 -0.00489703
vn 0.50625 0.862374 -0.00460612
vn 0.49369 -0.869631 -0.00355004
vn -0.99992 0.0072567 0.0103953
vn -0.999925 0.00725636 0.00989876
vn 0.493693 -0.869631 -0.00311906
vn 0.506255 0.862374 -0.00406772
vn 0.506257 0.862374 -0.00382014
vn 0.493695 -0.86963 -0.00292064
vn -0.999933 0.00725586 0.00897554
vn -0.999937 0.00725551 0.00854876
vn 0.493697 -0.86963 -0.00256965
vn 0.50626 0.862374 -0.0033783
vn 0.506262 0.862374 -0.00318395
vn 0.493699 -0.86963 -0.00241748
vn -0.999944 0.00725509 0.00773887
vn -0.999947 0.00725487 0.0073557
vn 0.493699 -0.869629 -0.00255473
vn 0.506261 0.862374 -0.00324792
vn 0.506267 0.862369 -0.00350258
vn 0.493707 -0.869623 -0.00284895
vn -0.999945 0.00725493 0.00754614
vn -0.999941 0.00725511 0.00811971
vn 0.493652 -0.869632 -0.00685369
vn 0.506211 0.862378 -0.00743794
vn 0.506144 0.862377 -0.0111174
vn 0.493586 -0.869633 -0.010566
vn -0.999844 0.00725686 0.0161216
vn -0.999696 0.00725797 0.0235493
vn 0.493523 -0.869628 -0.0134863
vn 0.506083 0.862371 -0.0139905
vn 0.506114 0.862366 -0.0131765
vn 0.493551 -0.869624 -0.012702
vn -0.999537 0.00725865 0.0295327
vn -0.999579 0.00725851 0.0280899
vn 0.493642 -0.869637 -0.00698275
vn 0.506209 0.862379 -0.00741665
vn 0.506294 0.862358 -0.00245649
vn 0.493726 -0.869615 -0.00206134
vn -0.999828 0.00725778 0.0170678
vn -0.999946 0.00725645 0.00748621
vn 0.493548 -0.869636 0.011999
vn 0.506113 0.862389 0.0116494
vn 0.505833 0.862381 0.0208
vn 0.49327 -0.86962 0.0211296
vn -0.999757 0.00724936 -0.0208352
vn -0.99919 0.0072414 -0.0395745
vn 0.491946 -0.869595 0.0423631
vn 0.504503 0.862382 0.0421197
vn 0.503273 0.862426 0.0542043
vn 0.490709 -0.869617 0.0545024
vn -0.996543 0.00721443 -0.0827687
vn -0.99421 0.00719352 -0.107209
vn 0.488913 -0.869492 0.0703461
vn 0.501471 0.86233 0.0700919
vn 0.500789 0.862417 0.0738059
vn 0.488224 -0.869566 0.0741108
vn -0.990254 0.00716012 -0.139088
vn -0.98917 0.00715204 -0.146598
vn 0.487808 -0.869547 0.0770156
vn 0.500361 0.862405 0.0767907
vn 0.500489 0.862402 0.0759874
vn 0.487937 -0.869547 0.0761949
vn -0.988304 0.0071455 -0.152327
vn -0.988576 0.0071484 -0.150553
vn 0.488416 -0.869564 0.0728605
vn 0.500967 0.86241 0.0726681
vn 0.501354 0.862392 0.0701734
vn 0.488806 -0.869553 0.0703361
vn -0.989603 0.00715665 -0.143646
vn -0.990335 0.00716241 -0.138508
vn 0.489563 -0.869578 0.0645108
vn 0.502111 0.862406 0.064345
vn 0.502563 0.862382 0.0610564
vn 0.49002 -0.869561 0.061187
vn -0.991953 0.00717494 -0.126406
vn -0.992816 0.0071815 -0.119439
vn 0.490825 -0.869591 0.0538782
vn 0.503369 0.862399 0.0537443
vn 0.503804 0.862383 0.0497645
vn 0.491262 -0.869583 0.0498691
vn -0.994639 0.00719582 -0.103157
vn -0.995561 0.00720305 -0.0938385
vn 0.492259 -0.869622 0.0379272
vn 0.504802 0.862406 0.0378312
vn 0.505375 0.862382 0.0298936
vn 0.492832 -0.869608 0.0299834
vn -0.99626 0.00720862 -0.0860992
vn -0.996122 0.00720757 -0.0876859
vn 0.493015 -0.869589 0.0274101
vn 0.505558 0.86236 0.0273174
vn 0.505199 0.862383 0.0326864
vn 0.492656 -0.869607 0.0327774
vn -0.996564 0.00721111 -0.0825143
vn -0.997101 0.00721566 -0.0757519
vn 0.492059 -0.869551 0.041948
vn 0.504603 0.862337 0.0418427
vn 0.504455 0.862229 0.0456679
vn 0.491915 -0.869442 0.0457241
vn -0.998254 0.00722496 -0.0586214
vn -0.998809 0.00722951 -0.0482489
vn 0.492411 -0.869562 0.0373125
vn 0.504953 0.862342 0.0372645
vn 0.505616 0.862394 0.0250695
vn 0.493076 -0.869624 0.0250889
vn -0.999169 0.00723235 -0.0401204
vn -0.999076 0.00723151 -0.0423683
vn 0.493656 -0.86961 0.00904774
vn 0.506196 0.862372 0.00899656
vn 0.50625 0.862371 0.00515288
vn 0.493711 -0.86961 0.00520862
vn -0.999404 0.0072341 -0.0337594
vn -0.999712 0.00723665 -0.0228976
vn 0.493573 -0.869607 -0.0130073
vn 0.506114 0.86237 -0.0129254
vn 0.505531 0.862378 -0.0272711
vn 0.492998 -0.869604 -0.0272509
vn -0.999974 0.00723917 0.000335416
vn -0.999893 0.00723893 0.012707
vn 0.49205 -0.869438 -0.044334
vn 0.504575 0.862225 -0.044404
vn 0.504214 0.862285 -0.0472661
vn 0.491681 -0.869498 -0.0471437
vn -0.997346 0.00722158 0.0724477
vn -0.992776 0.00718977 0.119764
vn 0.489388 -0.869638 -0.0650357
vn 0.501936 0.862456 -0.0650409
vn 0.499791 0.862443 -0.080012
vn 0.487237 -0.869592 -0.0800554
vn -0.984798 0.00713335 0.173558
vn -0.983567 0.00712446 0.180403
vn 0.485396 -0.869497 -0.091465
vn 0.49793 0.862374 -0.0915224
vn 0.498599 0.862351 -0.0880351
vn 0.486063 -0.869481 -0.0880032
vn -0.983322 0.00712223 0.181733
vn -0.984325 0.00712896 0.17622
vn 0.488084 -0.869589 -0.0747623
vn 0.500622 0.862429 -0.0747854
vn 0.502028 0.862405 -0.065003
vn 0.489483 -0.869586 -0.0650176
vn -0.988501 0.007159 0.151041
vn -0.991315 0.0071789 0.131313
vn 0.491109 -0.869594 -0.0511695
vn 0.503651 0.862389 -0.0511887
vn 0.504045 0.86239 -0.0471431
vn 0.491502 -0.8696 -0.0471305
vn -0.994546 0.00720176 0.104054
vn -0.995301 0.00720698 0.0965628
vn 0.492069 -0.869611 -0.04056
vn 0.504611 0.862393 -0.0405755
vn 0.504813 0.86239 -0.0380491
vn 0.492271 -0.86961 -0.0380382
vn -0.996426 0.00721521 0.0841627
vn -0.996828 0.0072185 0.0792571
vn 0.492549 -0.869614 -0.0341464
vn 0.505091 0.86239 -0.0341602
vn 0.505188 0.862386 -0.0327941
vn 0.492646 -0.869612 -0.0327837
vn -0.99739 0.00722284 0.0718393
vn -0.997568 0.00722442 0.0693286
vn 0.492485 -0.869618 -0.0349819
vn 0.505027 0.862394 -0.0349953
vn 0.504789 0.862381 -0.0385573
vn 0.492245 -0.869603 -0.0385506
vn -0.997227 0.00722204 0.0740665
vn -0.996663 0.0072177 0.0813121
vn 0.492342 -0.869614 -0.0370216
vn 0.504886 0.86239 -0.0370582
vn 0.505343 0.862326 -0.0319694
vn 0.4928 -0.869555 -0.0319663
vn -0.99689 0.00721907 0.0784771
vn -0.997632 0.00722421 0.0683923
vn 0.493495 -0.869665 -0.0120583
vn 0.506037 0.862428 -0.0120668
vn 0.506306 0.86235 0.00278067
vn 0.493766 -0.869591 0.00275654
vn -0.999522 0.00723802 0.0300462
vn -0.999972 0.00724119 0.00174412
vn 0.49309 -0.869542 0.0275404
vn 0.505639 0.86231 0.0274092
vn 0.505214 0.862185 0.0373775
vn 0.492677 -0.869407 0.0374251
vn -0.99668 0.00721715 -0.0811006
vn -0.99074 0.00717401 -0.135585
vn 0.487871 -0.869733 0.0744662
vn 0.500411 0.862582 0.0744442
vn 0.49593 0.862396 0.101615
vn 0.483401 -0.869489 0.101553
vn -0.983482 0.00712153 -0.180866
vn -0.985033 0.00713285 -0.172216
vn 0.480145 -0.869086 0.118954
vn 0.492683 0.862044 0.118927
vn 0.494496 0.862284 0.109269
vn 0.481952 -0.869352 0.109315
vn -0.985242 0.00713436 -0.171019
vn -0.983918 0.00712474 -0.178476
vn 0.484642 -0.869527 0.0951026
vn 0.497184 0.862419 0.0950901
vn 0.498063 0.8624 0.0905498
vn 0.485524 -0.869522 0.0905448
vn -0.983619 0.00712253 -0.180121
vn -0.984664 0.00713004 -0.174314
vn 0.487092 -0.869569 0.0811889
vn 0.49963 0.862426 0.0811848
vn 0.500397 0.862419 0.0763933
vn 0.487861 -0.869573 0.0763873
vn -0.987361 0.00714956 -0.158326
vn -0.988941 0.00715971 -0.148134
vn 0.488483 -0.869578 0.0722459
vn 0.501021 0.862415 0.0722408
vn 0.500942 0.862405 0.0729022
vn 0.488404 -0.869566 0.072905
vn -0.990234 0.00716775 -0.139234
vn -0.990049 0.00716641 -0.14054
vn 0.488666 -0.869576 0.0710161
vn 0.501205 0.86241 0.0710038
vn 0.5016 0.862386 0.0684629
vn 0.489062 -0.869558 0.0684638
vn -0.990583 0.00717155 -0.136728
vn -0.991276 0.00717787 -0.131606
vn 0.490122 -0.8696 0.0598086
vn 0.502663 0.862413 0.0597887
vn 0.503462 0.862347 0.0536986
vn 0.490923 -0.869547 0.0536906
vn -0.993426 0.00719343 -0.114253
vn -0.994758 0.00720308 -0.102007
vn 0.492425 -0.869642 0.0352107
vn 0.504969 0.862422 0.03514
vn 0.506139 0.862151 0.022785
vn 0.4936 -0.869391 0.0227662
vn -0.997863 0.00722556 -0.0649385
vn -0.99917 0.00723501 -0.0400748
vn 0.493388 -0.869696 -0.0139944
vn 0.505933 0.86246 -0.0139741
vn 0.504665 0.862466 -0.0382798
vn 0.492124 -0.86968 -0.0383494
vn -0.999418 0.00723678 0.033344
vn -0.996612 0.00721645 0.0819258
vn 0.488507 -0.869476 -0.0732917
vn 0.501044 0.862313 -0.0732886
vn 0.499122 0.862456 -0.0839423
vn 0.486584 -0.869594 -0.0839184
vn -0.988423 0.00715716 0.151556
vn -0.984922 0.00713183 0.172853
vn 0.484362 -0.869526 -0.0965315
vn 0.496902 0.862421 -0.0965347
vn 0.496463 0.862453 -0.0984821
vn 0.483925 -0.869551 -0.0984737
vn -0.980184 0.00709754 0.197963
vn -0.979388 0.00709179 0.201865
vn 0.484075 -0.869552 -0.0977297
vn 0.496613 0.862453 -0.0977293
vn 0.49715 0.862445 -0.0950255
vn 0.484612 -0.869552 -0.095026
vn -0.979696 0.00709401 0.200363
vn -0.980786 0.00710187 0.194956
vn 0.485045 -0.869549 -0.0928263
vn 0.497586 0.862434 -0.0928253
vn 0.497726 0.862305 -0.0932725
vn 0.484733 -0.869685 -0.0931827
vn -0.981944 0.00711022 0.18904
vn -0.982019 0.00737644 0.188637
vn 0.4844 -0.869819 -0.0936603
vn 0.497839 0.862176 -0.0938565
vn 0.498534 0.861758 -0.0940081
vn 0.484647 -0.869672 -0.0937453
vn -0.982117 0.00764286 0.188116
vn -0.982118 0.00790621 0.188099
vn -0.235745 0.971588 -0.0210262
vn -0.723491 -0.690305 -0.00635802
vn -0.7235 -0.690299 -0.00600401
vn -0.23577 0.971605 -0.0199259
vn 0.959191 -0.281255 0.0291344
vn 0.959226 -0.281281 0.0276825
vn -0.235812 0.971634 -0.0178839
vn -0.723514 -0.690289 -0.00534775
vn -0.72352 -0.690285 -0.00504481
vn -0.23583 0.971647 -0.0169422
vn 0.959288 -0.281321 0.0249854
vn 0.959314 -0.28134 0.0237425
vn -0.235862 0.971668 -0.0151937
vn -0.72353 -0.690278 -0.00448269
vn -0.723535 -0.690275 -0.00422315
vn -0.235875 0.971677 -0.0143867
vn 0.95936 -0.281369 0.0214335
vn 0.959379 -0.281383 0.0203692
vn -0.235898 0.971692 -0.0128865
vn -0.723542 -0.69027 -0.00373954
vn -0.723545 -0.690268 -0.00351532
vn -0.235908 0.971699 -0.0121933
vn 0.959413 -0.281405 0.0183937
vn 0.959427 -0.281415 0.0174838
vn -0.235925 0.97171 -0.0108993
vn -0.723551 -0.690264 -0.00309158
vn -0.723553 -0.690263 -0.0028921
vn -0.235932 0.971715 -0.0102985
vn 0.959451 -0.281431 0.0158005
vn 0.959462 -0.281438 0.0150281
vn -0.235944 0.971723 -0.00918343
vn -0.723557 -0.69026 -0.00252257
vn -0.723558 -0.690259 -0.00235251
vn -0.235949 0.971727 -0.00866897
vn 0.95948 -0.28145 0.0135927
vn 0.959487 -0.281455 0.0129303
vn -0.235957 0.971733 -0.00773135
vn -0.723561 -0.690257 -0.00205367
vn -0.723562 -0.690256 -0.00192499
vn -0.235961 0.971735 -0.00730794
vn 0.959501 -0.281464 0.0116831
vn 0.959506 -0.281468 0.0110988
vn -0.235964 0.971737 -0.00694798
vn -0.723561 -0.690258 -0.00211599
vn -0.723566 -0.690251 -0.00243115
vn -0.235972 0.971734 -0.00701522
vn 0.959508 -0.28147 0.0109103
vn 0.959504 -0.281468 0.0113066
vn -0.235913 0.971717 -0.0105939
vn -0.723507 -0.690287 -0.00647526
vn -0.723437 -0.690315 -0.0102018
vn -0.235845 0.971688 -0.0141065
vn 0.959397 -0.28142 0.018984
vn 0.959243 -0.281359 0.0262649
vn -0.23579 0.971661 -0.0166726
vn -0.72337 -0.690335 -0.013179
vn -0.723398 -0.69032 -0.0124213
vn -0.235826 0.971668 -0.0157349
vn 0.959087 -0.281301 0.0319618
vn 0.959133 -0.281319 0.0303801
vn -0.235926 0.971723 -0.00969111
vn -0.723497 -0.690295 -0.00672876
vn -0.723576 -0.690242 -0.00177894
vn -0.236024 0.971736 -0.0046011
vn 0.959395 -0.281415 0.0191384
vn 0.959524 -0.281468 0.00947625
vn -0.235861 0.971738 0.00977082
vn -0.723426 -0.690292 0.0123053
vn -0.723163 -0.690344 0.0214437
vn -0.235604 0.971663 0.0190434
vn 0.959382 -0.281468 -0.0190025
vn 0.958862 -0.281343 -0.0378179
vn -0.234347 0.971309 0.0404979
vn -0.721906 -0.690672 0.0427042
vn -0.720749 -0.691032 0.0547362
vn -0.233155 0.971009 0.052721
vn 0.956364 -0.280666 -0.0812051
vn 0.954144 -0.280044 -0.105762
vn -0.231459 0.970413 0.0687362
vn -0.71901 -0.69141 0.0705501
vn -0.718381 -0.691677 0.0742357
vn -0.230768 0.970297 0.0725946
vn 0.950357 -0.278967 -0.137839
vn 0.949313 -0.278666 -0.145431
vn -0.230354 0.970161 0.0756616
vn -0.717975 -0.691777 0.0771709
vn -0.718099 -0.691742 0.0763404
vn -0.230468 0.970192 0.0749131
vn 0.948465 -0.278421 -0.151313
vn 0.948715 -0.27849 -0.149612
vn -0.230904 0.970329 0.0717238
vn -0.718563 -0.691621 0.0729844
vn -0.718929 -0.691501 0.0704796
vn -0.231273 0.97042 0.0692711
vn 0.949679 -0.278767 -0.142825
vn 0.950372 -0.278965 -0.137735
vn -0.231986 0.970645 0.0634813
vn -0.719672 -0.691309 0.0645328
vn -0.720108 -0.691164 0.0611364
vn -0.23243 0.970753 0.0601191
vn 0.951895 -0.279404 -0.125817
vn 0.952704 -0.279637 -0.118986
vn -0.233168 0.970987 0.0530797
vn -0.720871 -0.690965 0.0539625
vn -0.721261 -0.690839 0.0502309
vn -0.233563 0.971087 0.0493756
vn 0.954458 -0.280143 -0.102616
vn 0.95536 -0.280402 -0.0930731
vn -0.234273 0.971318 0.0407073
vn -0.721995 -0.690655 0.0414557
vn -0.722369 -0.690547 0.0364384
vn -0.234646 0.971424 0.0357265
vn 0.956278 -0.280666 -0.0822154
vn 0.956381 -0.280694 -0.0809091
vn -0.235335 0.971587 0.0252198
vn -0.723044 -0.690318 0.0258607
vn -0.723327 -0.690208 0.0202897
vn -0.23563 0.971643 0.0197024
vn 0.956155 -0.280629 -0.0837523
vn 0.955812 -0.280529 -0.0879011
vn -0.23497 0.971491 0.0315336
vn -0.722695 -0.690426 0.0320008
vn -0.721674 -0.690473 0.0493348
vn -0.234085 0.970989 0.048835
vn 0.95729 -0.280957 -0.068253
vn 0.958583 -0.28133 -0.0444052
vn -0.234116 0.971062 0.0471965
vn -0.721742 -0.690519 0.0476707
vn -0.722853 -0.690405 0.0287121
vn -0.235116 0.971558 0.02822
vn 0.959111 -0.281481 -0.0295644
vn 0.958816 -0.281396 -0.0385815
vn -0.235869 0.971749 0.0084
vn -0.723598 -0.690167 0.00874693
vn -0.723624 -0.69015 0.00782545
vn -0.235898 0.971749 0.00749456
vn 0.958981 -0.281444 -0.0338428
vn 0.959338 -0.281546 -0.0200817
vn -0.235731 0.971753 -0.0112953
vn -0.723492 -0.690248 -0.010804
vn -0.722807 -0.690456 -0.0286593
vn -0.235057 0.971549 -0.0290038
vn 0.959529 -0.281598 0.00258399
vn 0.959469 -0.281578 0.0114877
vn -0.234015 0.970988 -0.0491901
vn -0.721622 -0.690555 -0.0489414
vn -0.721186 -0.690826 -0.0514821
vn -0.233499 0.970988 -0.0515854
vn 0.95731 -0.280936 0.0680626
vn 0.953094 -0.279692 0.115689
vn -0.231634 0.970543 -0.0662684
vn -0.719391 -0.691459 -0.0660388
vn -0.717707 -0.691944 -0.078169
vn -0.229954 0.970037 -0.0784217
vn 0.945144 -0.277352 0.172565
vn 0.943483 -0.276864 0.182171
vn -0.228398 0.969526 -0.0886212
vn -0.716104 -0.692362 -0.0884845
vn -0.71648 -0.692207 -0.0866388
vn -0.228797 0.969597 -0.0867947
vn 0.943058 -0.27674 0.184542
vn 0.944334 -0.277115 0.177313
vn -0.230469 0.97018 -0.0750617
vn -0.718199 -0.691792 -0.0749221
vn -0.719562 -0.691377 -0.0650262
vn -0.231835 0.970568 -0.0651979
vn 0.948618 -0.278373 0.15044
vn 0.951302 -0.279162 0.130739
vn -0.233414 0.97103 -0.0511636
vn -0.721135 -0.690912 -0.0510486
vn -0.721518 -0.690802 -0.0469494
vn -0.233796 0.971146 -0.0470641
vn 0.954383 -0.280069 0.103512
vn 0.955103 -0.280281 0.0960252
vn -0.234344 0.971314 -0.0404035
vn -0.722067 -0.690648 -0.040307
vn -0.722261 -0.690589 -0.0377585
vn -0.234539 0.971369 -0.0378533
vn 0.956177 -0.280597 0.0836137
vn 0.956561 -0.28071 0.0786922
vn -0.234805 0.97145 -0.0339233
vn -0.722528 -0.690513 -0.0338442
vn -0.722619 -0.690483 -0.0324741
vn -0.234898 0.971475 -0.0325515
vn 0.957099 -0.280869 0.0712328
vn 0.95727 -0.280919 0.0686961
vn -0.234748 0.971437 -0.0346977
vn -0.722471 -0.690533 -0.0346342
vn -0.722243 -0.690586 -0.0381586
vn -0.234528 0.971358 -0.0382242
vn 0.956947 -0.280824 0.0734173
vn 0.956409 -0.280666 0.0806722
vn -0.234622 0.971397 -0.0366234
vn -0.722342 -0.690567 -0.0365983
vn -0.722761 -0.690381 -0.0314825
vn -0.235075 0.971465 -0.0315413
vn 0.956628 -0.28073 0.0778046
vn 0.957336 -0.280939 0.0676777
vn -0.235696 0.971757 -0.0116077
vn -0.72344 -0.690291 -0.01156
vn -0.723661 -0.690148 0.00328224
vn -0.235958 0.971758 0.00320436
vn 0.959125 -0.281465 0.0292552
vn 0.959535 -0.281586 0.000919406
vn -0.234968 0.971466 0.0323016
vn -0.722671 -0.690436 0.0323258
vn -0.721599 -0.690743 0.0465773
vn -0.233901 0.971146 0.0465412
vn 0.956661 -0.280745 -0.0773397
vn 0.951739 -0.279301 -0.127216
vn -0.230276 0.970124 0.0763691
vn -0.717995 -0.691841 0.0764155
vn -0.715432 -0.692599 0.0919966
vn -0.227708 0.969378 0.0919528
vn 0.944005 -0.277032 -0.179186
vn 0.943558 -0.276901 -0.181722
vn -0.225106 0.968433 0.107074
vn -0.712737 -0.693209 0.107087
vn -0.712828 -0.693183 0.106647
vn -0.225196 0.968461 0.106633
vn 0.943499 -0.276884 -0.182058
vn 0.943887 -0.276999 -0.179858
vn -0.226474 0.968927 0.0994472
vn -0.714155 -0.692884 0.099465
vn -0.715403 -0.69253 0.0927398
vn -0.227719 0.969305 0.0926953
vn 0.944958 -0.277314 -0.173641
vn 0.94563 -0.277511 -0.169622
vn -0.229619 0.969925 0.0807469
vn -0.71734 -0.692025 0.0807701
vn -0.718131 -0.691792 0.0755784
vn -0.230412 0.970156 0.0755436
vn 0.947866 -0.278166 -0.155479
vn 0.949346 -0.2786 -0.145339
vn -0.231067 0.97035 0.0709164
vn -0.71879 -0.691599 0.0709345
vn -0.718727 -0.691605 0.0715105
vn -0.231013 0.970321 0.0714895
vn 0.950579 -0.278961 -0.136313
vn 0.950429 -0.278916 -0.137442
vn -0.231281 0.970407 0.0694161
vn -0.719 -0.691534 0.0694248
vn -0.719378 -0.6914 0.0667844
vn -0.231674 0.9705 0.0667634
vn 0.950978 -0.279077 -0.133254
vn 0.951651 -0.279274 -0.127934
vn -0.232669 0.97083 0.0579232
vn -0.720397 -0.691139 0.0579202
vn -0.721135 -0.69086 0.0517435
vn -0.233443 0.970994 0.0517165
vn 0.953692 -0.279873 -0.110198
vn 0.954939 -0.280239 -0.0977667
vn -0.234794 0.971481 0.0330982
vn -0.722541 -0.690538 0.0330381
vn -0.723541 -0.689973 0.0206313
vn -0.23594 0.971549 0.0205925
vn 0.957784 -0.281074 -0.0603928
vn 0.958934 -0.281412 -0.0354106
vn -0.235507 0.971739 -0.0161083
vn -0.723282 -0.690366 -0.0160687
vn -0.721971 -0.690752 -0.0402568
vn -0.234202 0.97135 -0.0403487
vn 0.958846 -0.281385 0.0379095
vn 0.955959 -0.280536 0.0862654
vn -0.2307 0.970135 -0.0749331
vn -0.718363 -0.691624 -0.0749135
vn -0.716557 -0.692289 -0.0853307
vn -0.228824 0.969722 -0.0853206
vn 0.947913 -0.278173 0.155179
vn 0.944559 -0.27719 0.175992
vn -0.226773 0.969067 -0.0973808
vn -0.714483 -0.692845 -0.0973684
vn -0.71413 -0.692977 -0.0989994
vn -0.226405 0.968989 -0.0990044
vn 0.940155 -0.275899 0.199971
vn 0.939512 -0.275713 0.203223
vn -0.22667 0.969068 -0.0976074
vn -0.714398 -0.6929 -0.0975956
vn -0.714975 -0.692726 -0.0945576
vn -0.227251 0.969234 -0.0945698
vn 0.94007 -0.275876 0.200402
vn 0.941244 -0.27622 0.194323
vn -0.227727 0.969363 -0.0920651
vn -0.715445 -0.692579 -0.09205
vn -0.715541 -0.692418 -0.0925164
vn -0.227388 0.969406 -0.0924439
vn 0.94248 -0.276583 0.187703
vn 0.942484 -0.27686 0.187278
vn -0.227024 0.969443 -0.0929514
vn -0.71561 -0.692263 -0.0931311
vn -0.716158 -0.691676 -0.0932829
vn -0.227292 0.969372 -0.0930366
vn 0.94251 -0.277144 0.186726
vn 0.942439 -0.277397 0.186708
vn 0.85943 -0.50879 0.0501232
vn 0.00673913 0.998715 0.0502238
vn 0.00763586 0.999181 0.0397465
vn 0.860286 -0.508268 0.0396594
vn -0.866041 -0.489851 -0.100099
vn -0.86769 -0.490783 -0.0790334
vn 0.861079 -0.507901 0.0240789
vn 0.00836303 0.999674 0.0241276
vn 0.0085646 0.999782 0.0190308
vn 0.861278 -0.507778 0.018991
vn -0.869423 -0.491764 -0.047667
vn -0.869803 -0.491981 -0.037386
vn 0.86146 -0.507693 0.0115999
vn 0.00872182 0.999894 0.0116229
vn 0.00876506 0.999918 0.00931782
vn 0.861504 -0.507666 0.00929915
vn -0.870188 -0.492203 -0.0225769
vn -0.870267 -0.492249 -0.0180512
vn 0.861542 -0.50765 0.00612228
vn 0.00880655 0.999942 0.00613445
vn 0.00882171 0.999947 0.00525684
vn 0.861548 -0.507648 0.00524629
vn -0.87035 -0.492293 -0.0117478
vn -0.870368 -0.4923 -0.00997047
vn 0.861556 -0.507646 0.00416658
vn 0.00883054 0.999952 0.00417482
vn 0.00883024 0.999953 0.00397054
vn 0.861557 -0.507645 0.00396283
vn -0.870385 -0.49231 -0.0077766
vn -0.870388 -0.492312 -0.00736011
vn 0.861543 -0.507649 0.00596935
vn 0.0088151 0.999943 0.00596609
vn 0.00911288 0.999925 0.00823924
vn 0.861412 -0.50784 0.00822752
vn -0.870401 -0.492321 -0.00471475
vn -0.870539 -0.492094 -0.00242527
vn 0.861269 -0.508037 0.0107082
vn 0.00940403 0.999898 0.0107256
vn 0.00968527 0.999893 0.0110078
vn 0.861141 -0.508247 0.0109815
vn -0.870673 -0.491863 5.20736e-005
vn -0.870802 -0.491633 0.000300019
vn 0.486853 -0.869877 -0.0793013
vn 0.500748 0.861932 -0.0795269
vn 0.503024 0.861832 -0.0648969
vn 0.489119 -0.869812 -0.0647376
vn -0.987259 0.00794288 0.158921
vn -0.991521 0.00797158 0.129698
vn 0.491298 -0.869977 -0.0420153
vn 0.505213 0.861966 -0.042134
vn 0.505866 0.861938 -0.0340895
vn 0.49195 -0.869959 -0.0340004
vn -0.996393 0.00800693 0.0844839
vn -0.997615 0.00801537 0.0685542
vn 0.492564 -0.870005 -0.021735
vn 0.506478 0.861978 -0.0217965
vn 0.50665 0.861973 -0.017558
vn 0.492741 -0.87 -0.0175104
vn -0.998989 0.00802559 0.0442314
vn -0.999325 0.0080285 0.035848
vn 0.492904 -0.870012 -0.0111846
vn 0.506813 0.861983 -0.0112164
vn 0.506858 0.861981 -0.00911366
vn 0.492947 -0.870012 -0.00908815
vn -0.999699 0.0080314 0.0231994
vn -0.999788 0.0080324 0.0189357
vn 0.492989 -0.870015 -0.00598462
vn 0.506903 0.861982 -0.00600179
vn 0.506918 0.86198 -0.0049924
vn 0.493 -0.870015 -0.00497826
vn -0.999888 0.00803308 0.0126088
vn -0.999912 0.00803299 0.0105459
vn 0.493012 -0.870016 -0.00348888
vn 0.506931 0.86198 -0.00349901
vn 0.506933 0.86198 -0.00301495
vn 0.493016 -0.870015 -0.00300599
vn -0.999939 0.00803287 0.00754582
vn -0.999946 0.00803282 0.00660871
vn 0.49302 -0.870015 -0.00232716
vn 0.506934 0.861982 -0.00233447
vn 0.506934 0.861982 -0.00213801
vn 0.493022 -0.870014 -0.00213129
vn -0.999954 0.00803312 0.00529409
vn -0.999956 0.00803338 0.0049166
vn 0.493021 -0.870014 -0.00238317
vn 0.506935 0.861981 -0.00239377
vn 0.506946 0.861973 -0.00284183
vn 0.49303 -0.870008 -0.00283529
vn -0.999953 0.00803338 0.00543958
vn -0.999948 0.00803331 0.00634004
vn 0.493087 -0.86998 -0.000181909
vn 0.507003 0.861945 -0.000179791
vn 0.507255 0.861791 0.00300645
vn 0.492882 -0.870091 0.00301532
vn -0.999914 0.008033 0.0103885
vn -0.999873 0.00829823 0.0136213
vn 0.492674 -0.870195 0.00580973
vn 0.507504 0.86163 0.00579645
vn 0.507704 0.861514 0.00547359
vn 0.492415 -0.870343 0.00550216
vn -0.999829 0.00856347 0.0164046
vn -0.999832 0.00882895 0.0160402
vn -0.229326 0.970162 -0.0787144
vn -0.718299 -0.691243 -0.0789266
vn -0.720426 -0.690535 -0.0644097
vn -0.231492 0.970712 -0.0642634
vn 0.947299 -0.278823 0.157743
vn 0.951327 -0.280003 0.128746
vn -0.233513 0.971458 -0.0417145
vn -0.722532 -0.690071 -0.0418253
vn -0.723143 -0.689869 -0.0338419
vn -0.234135 0.971618 -0.0337598
vn 0.95593 -0.281355 0.0838832
vn 0.957086 -0.281693 0.0680792
vn -0.234703 0.971828 -0.0215778
vn -0.723736 -0.689738 -0.0216351
vn -0.723901 -0.689684 -0.0174208
vn -0.23487 0.971871 -0.0173763
vn 0.958386 -0.282075 0.0439405
vn 0.958704 -0.282168 0.0356153
vn -0.235021 0.971927 -0.0110804
vn -0.724059 -0.689648 -0.0111102
vn -0.724101 -0.689635 -0.00901431
vn -0.235063 0.971939 -0.00899051
vn 0.959058 -0.282272 0.0230417
vn 0.959143 -0.282297 0.0187947
vn -0.235103 0.971953 -0.00589526
vn -0.724143 -0.689625 -0.00591126
vn -0.724154 -0.689621 -0.00490393
vn -0.235114 0.971956 -0.00489067
vn 0.959238 -0.282325 0.0124789
vn 0.959261 -0.282331 0.0104102
vn -0.235125 0.971959 -0.0033991
vn -0.724166 -0.689618 -0.00340854
vn -0.724169 -0.689617 -0.00292041
vn -0.235128 0.97196 -0.00291223
vn 0.959286 -0.282338 0.00739411
vn 0.959293 -0.282341 0.0064467
vn -0.23513 0.971961 -0.00221877
vn -0.724172 -0.689616 -0.00222516
vn -0.724173 -0.689616 -0.00201803
vn -0.23513 0.971962 -0.00201219
vn 0.9593 -0.282344 0.00510509
vn 0.959302 -0.282344 0.0047109
vn -0.235129 0.971962 -0.00223708
vn -0.724172 -0.689616 -0.00224397
vn -0.724178 -0.689607 -0.00267532
vn -0.235139 0.971958 -0.00267039
vn 0.959299 -0.282343 0.00518059
vn 0.959295 -0.282342 0.00604455
vn -0.235204 0.971946 0.000231393
vn -0.724226 -0.689562 0.000239761
vn -0.72442 -0.689349 0.00366201
vn -0.234967 0.971996 0.00367185
vn 0.959261 -0.282333 0.0102959
vn 0.959146 -0.282576 0.0137742
vn -0.234731 0.972038 0.00662425
vn -0.72461 -0.689128 0.0066126
vn -0.724766 -0.688967 0.0062136
vn -0.234435 0.972112 0.00624459
vn 0.959028 -0.282817 0.0167171
vn 0.95896 -0.283073 0.016273
vn 0.86065 -0.5086 0.0246403
vn 0.00912309 0.999655 0.0246477
vn 0.00861416 0.999237 0.0380827
vn 0.860036 -0.508811 0.038071
vn -0.870491 -0.49146 -0.0266943
vn -0.869536 -0.490923 -0.0538766
vn 0.860173 -0.50879 0.0351368
vn 0.00869787 0.999344 0.0351548
vn 0.00929553 0.99978 0.0187914
vn 0.860858 -0.508499 0.0187686
vn -0.869672 -0.490999 -0.0509049
vn -0.870613 -0.491532 -0.0207377
vn 0.860941 -0.508436 0.0165011
vn 0.00939214 0.99982 0.0165108
vn 0.00896861 0.999491 0.0306107
vn 0.860432 -0.508645 0.0305995
vn -0.870622 -0.49154 -0.0201563
vn -0.86972 -0.491033 -0.0497419
vn 0.860512 -0.508648 0.0282167
vn 0.00902662 0.999561 0.0282281
vn 0.00952451 0.999886 0.0117479
vn 0.861043 -0.508397 0.0117334
vn -0.869832 -0.491095 -0.0470976
vn -0.870706 -0.49158 -0.0148544
vn 0.861081 -0.508357 0.0106275
vn 0.00956666 0.999898 0.0106345
vn 0.0091819 0.999619 0.0260147
vn 0.860644 -0.508543 0.0260032
vn -0.870719 -0.491581 -0.0139864
vn -0.86991 -0.491121 -0.0453601
vn 0.860691 -0.508554 0.0241802
vn 0.00920882 0.999665 0.0241939
vn 0.00963332 0.999929 0.00699473
vn 0.861132 -0.508334 0.00697941
vn -0.870003 -0.491178 -0.0428811
vn -0.870767 -0.491613 -0.00901555
vn 0.86115 -0.508312 0.006251
vn 0.00965779 0.999934 0.00625902
vn 0.00930961 0.999698 0.0227312
vn 0.860772 -0.508484 0.0227227
vn -0.870771 -0.491615 -0.00852455
vn -0.870041 -0.491196 -0.0418982
vn 0.860803 -0.508495 0.0212461
vn 0.0093121 0.999731 0.0212551
vn 0.00966338 0.999948 0.00330691
vn 0.861179 -0.508291 0.0032958
vn -0.870117 -0.491241 -0.0397344
vn -0.870797 -0.491624 -0.00418528
vn 0.861189 -0.508276 0.00292069
vn 0.0096647 0.999949 0.00292606
vn 0.00936261 0.999746 0.0205013
vn 0.860857 -0.508433 0.0204949
vn -0.870796 -0.491628 -0.00402892
vn -0.870125 -0.491252 -0.0394211
vn 0.860875 -0.508447 0.0193523
vn 0.00937727 0.999769 0.0193584
vn 0.00971677 0.999953 0.000643224
vn 0.861201 -0.508265 0.000633494
vn -0.870186 -0.49129 -0.0375524
vn -0.870798 -0.491642 -0.000281558
vn 0.8612 -0.508267 0.000593296
vn 0.00971322 0.999953 0.000599151
vn 0.00941867 0.99977 0.0192773
vn 0.860896 -0.508416 0.0192713
vn -0.870796 -0.491643 -0.000425466
vn -0.870174 -0.491289 -0.0378406
vn 0.860907 -0.508427 0.0184509
vn 0.00940738 0.999785 0.0184559
vn 0.00971286 0.999952 -0.00104261
vn 0.861209 -0.50825 -0.0010497
vn -0.870228 -0.491313 -0.0362456
vn -0.870799 -0.491631 0.00277399
vn 0.861203 -0.50826 -0.000779566
vn 0.00970642 0.999953 -0.00077387
vn 0.00943148 0.999775 0.0189977
vn 0.860909 -0.508405 0.0189904
vn -0.8708 -0.491632 0.00237777
vn -0.870204 -0.491298 -0.037039
vn 0.860915 -0.508413 0.0184706
vn 0.00942283 0.999785 0.018478
vn 0.00973351 0.999951 -0.00181101
vn 0.861212 -0.508243 -0.0018211
vn -0.870246 -0.491323 -0.0356792
vn -0.870789 -0.49163 0.00510568
vn 0.861199 -0.508266 -0.00127022
vn 0.00972307 0.999952 -0.00126155
vn 0.00944797 0.999764 0.0195818
vn 0.860886 -0.508422 0.0195723
vn -0.870791 -0.491632 0.00451388
vn -0.870213 -0.491295 -0.0368645
vn 0.860886 -0.508433 0.0192897
vn 0.00944219 0.999769 0.0192922
vn 0.00974562 0.999951 -0.00183861
vn 0.861206 -0.508253 -0.00184178
vn -0.870252 -0.491307 -0.0357507
vn -0.870793 -0.491603 0.00674927
vn 0.861131 -0.507864 -0.0229603
vn 0.0100311 0.999686 -0.0229611
vn 0.0100342 0.999686 -0.0229605
vn 0.861147 -0.507837 -0.0229683
vn -0.86976 -0.49102 0.0491599
vn -0.86976 -0.491021 0.0491597
vn 0.491994 -0.870393 0.0189433
vn 0.507286 0.86157 0.0189197
vn 0.506791 0.861446 0.0327677
vn 0.491497 -0.870262 0.0327849
vn -0.99989 0.00882931 -0.011892
vn -0.999185 0.00882287 -0.0393867
vn 0.491557 -0.8703 0.0308104
vn 0.506854 0.861481 0.0307988
vn 0.507398 0.861582 0.0149857
vn 0.492103 -0.870408 0.0149899
vn -0.999281 0.00882366 -0.0368642
vn -0.999938 0.00882883 -0.00683751
vn 0.492173 -0.870399 0.0130571
vn 0.507462 0.861575 0.0130395
vn 0.507062 0.861489 0.0269228
vn 0.49178 -0.870303 0.0269367
vn -0.999936 0.00882824 -0.0071169
vn -0.999261 0.00882178 -0.0374235
vn 0.491839 -0.870342 0.024494
vn 0.507124 0.861525 0.0244827
vn 0.507561 0.861577 0.00816105
vn 0.492271 -0.870404 0.0081674
vn -0.999314 0.00882233 -0.0359563
vn -0.999952 0.00882827 -0.00417626
vn 0.492295 -0.870398 0.00731331
vn 0.507587 0.86157 0.00729917
vn 0.507237 0.861506 0.0227715
vn 0.491938 -0.870332 0.0227818
vn -0.999953 0.00882852 -0.00398087
vn -0.999328 0.00882384 -0.035565
vn 0.491961 -0.870359 0.0212216
vn 0.507265 0.861529 0.0212133
vn 0.507635 0.861562 0.00418606
vn 0.492327 -0.8704 0.00419052
vn -0.999394 0.00882501 -0.033685
vn -0.999961 0.00882974 -0.000212606
vn 0.492339 -0.870396 0.00364118
vn 0.507643 0.86156 0.00363015
vn 0.507327 0.861519 0.02011
vn 0.492039 -0.870341 0.0201188
vn -0.999961 0.00882886 -0.000209024
vn -0.999394 0.00882253 -0.0336779
vn 0.492058 -0.87036 0.0187812
vn 0.507334 0.861545 0.0187747
vn 0.507642 0.861568 0.000960094
vn 0.492372 -0.870385 0.000963771
vn -0.99945 0.00882258 -0.0319768
vn -0.999956 0.00882673 0.00320085
vn 0.492373 -0.870384 0.000642158
vn 0.50765 0.861563 0.000635053
vn 0.507386 0.861528 0.0181312
vn 0.4921 -0.87035 0.018136
vn -0.999956 0.00882685 0.00301256
vn -0.999438 0.00882307 -0.0323538
vn 0.492103 -0.870371 0.0170071
vn 0.507395 0.861546 0.0170016
vn 0.507665 0.861553 -0.00162192
vn 0.492377 -0.870381 -0.0016186
vn -0.999487 0.00882419 -0.0308021
vn -0.999942 0.00882882 0.0061238
vn 0.492387 -0.870375 -0.00173022
vn 0.507665 0.861553 -0.00173853
vn 0.507431 0.861529 0.0167751
vn 0.492159 -0.870344 0.0167805
vn -0.999944 0.00882876 0.00578245
vn -0.999465 0.00882498 -0.0314857
vn 0.492153 -0.870364 0.015849
vn 0.50743 0.861547 0.0158435
vn 0.50767 0.861544 -0.00359921
vn 0.492384 -0.870371 -0.0035979
vn -0.999509 0.00882589 -0.0300642
vn -0.999924 0.00882948 0.00863301
vn 0.49238 -0.870373 -0.00351965
vn 0.50767 0.861544 -0.00352357
vn 0.507462 0.861526 0.0160004
vn 0.492178 -0.870347 0.0160027
vn -0.999928 0.00882892 0.00817195
vn -0.999481 0.00882388 -0.030988
vn 0.492181 -0.870359 0.0152592
vn 0.507455 0.861543 0.0152542
vn 0.507672 0.861536 -0.00501349
vn 0.492395 -0.870358 -0.0050094
vn -0.99952 0.00882375 -0.0296803
vn -0.999903 0.00882728 0.0107948
vn 0.492381 -0.870367 -0.00475554
vn 0.507672 0.861537 -0.00476102
vn 0.507478 0.86152 0.0157636
vn 0.492181 -0.87035 0.0157657
vn -0.999909 0.00882799 0.0102442
vn -0.999487 0.00882512 -0.0307837
vn 0.49218 -0.870361 0.0151991
vn 0.507469 0.861536 0.0151954
vn 0.507669 0.861532 -0.00589529
vn 0.492388 -0.870356 -0.00589144
vn -0.999524 0.00882564 -0.0295708
vn -0.999881 0.00882837 0.0126773
vn 0.492379 -0.870364 -0.00548033
vn 0.50766 0.86154 -0.00548796
vn 0.507474 0.861518 0.0160156
vn 0.492183 -0.870345 0.0160192
vn -0.999888 0.00882782 0.0120723
vn -0.999487 0.00882316 -0.0307836
vn 0.492172 -0.870358 0.0156213
vn 0.507474 0.861526 0.0156153
vn 0.507681 0.861522 -0.00628523
vn 0.492374 -0.870361 -0.0062806
vn -0.999521 0.00882296 -0.0296481
vn -0.999858 0.00882593 0.0143505
vn 0.492366 -0.87037 -0.00572767
vn 0.507669 0.861533 -0.00573509
vn 0.507463 0.861511 0.0167204
vn 0.492174 -0.870336 0.016725
vn -0.999867 0.0088265 0.0137186
vn -0.999483 0.00882472 -0.0309151
vn 0.492175 -0.87034 0.0164695
vn 0.507454 0.861521 0.0164647
vn 0.507667 0.861531 -0.00624467
vn 0.492397 -0.870348 -0.00624367
vn -0.999515 0.00882611 -0.0298666
vn -0.999836 0.00882961 0.0158228
vn 0.492347 -0.869918 -0.0289403
vn 0.507609 0.861101 -0.0289403
vn 0.507624 0.861093 -0.0289387
vn 0.492361 -0.86991 -0.0289434
vn -0.998075 0.00881384 0.0613841
vn -0.998075 0.00881318 0.061384
vn -0.234015 0.972035 0.01961
vn -0.724371 -0.689133 0.0195875
vn -0.723851 -0.689146 0.0334421
vn -0.233574 0.971763 0.0334572
vn 0.959022 -0.28309 -0.0117206
vn 0.958351 -0.282891 -0.039191
vn -0.233626 0.971817 0.0314826
vn -0.723922 -0.689163 0.0314728
vn -0.724486 -0.689111 0.0156539
vn -0.234126 0.97208 0.0156556
vn 0.958444 -0.282918 -0.0366367
vn 0.959067 -0.283102 -0.00660253
vn -0.234193 0.972094 0.01366
vn -0.724552 -0.689085 0.0136438
vn -0.724139 -0.689107 0.0274704
vn -0.233834 0.971888 0.0274825
vn 0.959065 -0.283103 -0.00691696
vn 0.958421 -0.282913 -0.0372662
vn -0.233886 0.971944 0.0249461
vn -0.724211 -0.689127 0.0249376
vn -0.724653 -0.689061 0.00858004
vn -0.234294 0.972128 0.00858315
vn 0.95847 -0.282928 -0.0358651
vn 0.959079 -0.283109 -0.00410886
vn -0.234323 0.972129 0.00768045
vn -0.724677 -0.689046 0.00766789
vn -0.724315 -0.689081 0.0231251
vn -0.233999 0.971961 0.0231352
vn 0.95908 -0.283109 -0.00394096
vn 0.958482 -0.282932 -0.0355289
vn -0.234018 0.971994 0.0215469
vn -0.724347 -0.689099 0.0215389
vn -0.724717 -0.689032 0.00449816
vn -0.234364 0.972139 0.00450119
vn 0.958544 -0.28295 -0.0336556
vn 0.959087 -0.28311 -0.000186159
vn -0.234377 0.972138 0.00392498
vn -0.724728 -0.689024 0.00391522
vn -0.724416 -0.689061 0.0203831
vn -0.234091 0.972001 0.0203907
vn 0.959087 -0.283111 -0.000188355
vn 0.958543 -0.282951 -0.03366
vn -0.234097 0.972027 0.0190286
vn -0.724437 -0.689079 0.0190216
vn -0.724749 -0.689012 0.00119489
vn -0.234393 0.972141 0.00119834
vn 0.958597 -0.282967 -0.031964
vn 0.959082 -0.28311 0.00321141
vn -0.234397 0.972141 0.000852698
vn -0.724754 -0.689007 0.000844629
vn -0.724483 -0.689049 0.0183289
vn -0.23415 0.972028 0.0183341
vn 0.959083 -0.28311 0.00301904
vn 0.958586 -0.282962 -0.0323494
vn -0.234154 0.972048 0.017182
vn -0.724494 -0.689067 0.0171768
vn -0.724761 -0.688999 -0.00145745
vn -0.234414 0.972136 -0.00145403
vn 0.958633 -0.282975 -0.0308018
vn 0.95907 -0.283103 0.00612163
vn -0.234413 0.972136 -0.0015882
vn -0.724764 -0.688996 -0.00159632
vn -0.724531 -0.689034 0.016906
vn -0.234194 0.972043 0.0169109
vn 0.959072 -0.283103 0.00577912
vn 0.958613 -0.282967 -0.0314881
vn -0.234191 0.97206 0.0159573
vn -0.724536 -0.689052 0.0159525
vn -0.724766 -0.688986 -0.0035005
vn -0.234418 0.97213 -0.00349781
vn 0.958654 -0.28298 -0.030067
vn 0.959052 -0.283099 0.00862885
vn -0.23441 0.972132 -0.00343867
vn -0.724763 -0.688989 -0.00344588
vn -0.724557 -0.689028 0.0160686
vn -0.234215 0.972052 0.0160732
vn 0.959055 -0.283101 0.00816824
vn 0.958627 -0.282975 -0.0309899
vn -0.234213 0.972065 0.0153094
vn -0.724559 -0.689043 0.0153041
vn -0.724764 -0.68898 -0.0049723
vn -0.234426 0.972121 -0.00496993
vn 0.958665 -0.282985 -0.0296793
vn 0.959032 -0.283093 0.0107968
vn -0.234418 0.972124 -0.00473481
vn -0.724756 -0.68899 -0.00474082
vn -0.724563 -0.689027 0.0157737
vn -0.234234 0.972052 0.0157767
vn 0.959037 -0.283095 0.0102504
vn 0.958633 -0.282977 -0.0307744
vn -0.234224 0.972064 0.0151923
vn -0.724566 -0.689038 0.0151883
vn -0.724762 -0.688974 -0.00590882
vn -0.234417 0.972118 -0.00590739
vn 0.958668 -0.282987 -0.0295559
vn 0.95901 -0.283088 0.012695
vn -0.234405 0.972123 -0.00551348
vn -0.724755 -0.688985 -0.0055185
vn -0.724566 -0.689021 0.0159755
vn -0.234225 0.972051 0.0159783
vn 0.959017 -0.283091 0.0120972
vn 0.958633 -0.282978 -0.0307542
vn -0.234215 0.97206 0.0155638
vn -0.724563 -0.689033 0.0155586
vn -0.724759 -0.688973 -0.0063491
vn -0.23441 0.972117 -0.00634654
vn 0.958666 -0.282988 -0.02961
vn 0.958987 -0.283083 0.0143931
vn -0.234399 0.972123 -0.0058094
vn -0.724753 -0.688985 -0.00581473
vn -0.724556 -0.689016 0.0166328
vn -0.234223 0.972041 0.0166358
vn 0.958996 -0.283085 0.0137725
vn 0.95863 -0.282978 -0.0308544
vn -0.234218 0.972046 0.0163845
vn -0.72455 -0.689027 0.0163798
vn -0.724757 -0.688975 -0.00631827
vn -0.234424 0.972114 -0.00631696
vn 0.958661 -0.282988 -0.029774
vn 0.958965 -0.283077 0.0159404
vn -0.234406 0.972122 -0.00569041
vn -0.724748 -0.68899 -0.00574171
vn -0.72454 -0.689008 0.0175952
vn -0.234217 0.972025 0.0175878
vn 0.958975 -0.283079 0.0152959
vn 0.958624 -0.282974 -0.0310659
vn -0.23388 0.971406 0.0408699
vn -0.723921 -0.68867 0.0408795
vn -0.723936 -0.68865 0.0409682
vn -0.233901 0.971404 0.0407984
vn 0.95622 -0.282264 -0.0772621
vn 0.95622 -0.282265 -0.0772609
vn 0.85371 0.236234 0.464083
vn -0.851233 -0.469345 0.234769
vn -0.833368 -0.440724 0.333555
vn 0.635425 0.732134 0.245387
vn 0.795188 0.362929 0.485756
vn -0.850698 -0.335262 0.404862
vn -0.878036 -0.262978 0.399868
vn 0.778954 0.502864 0.374645
vn 0.821974 0.177186 0.541261
vn -0.758286 -0.516249 0.398107
vn -0.851106 -0.317629 0.418008
vn 0.709345 0.604298 0.362841
vn 0.690979 0.444187 0.570303
vn -0.834181 -0.243319 0.494912
vn -0.760068 -0.427261 0.489638
vn 0.873807 0.381589 0.301415
vn 0.729577 0.353127 0.585678
vn -0.781298 -0.445267 0.437391
vn -0.848232 -0.364424 0.384315
vn 0.710414 0.521647 0.472436
vn 0.791465 0.276224 0.545237
vn -0.764017 -0.485495 0.424938
vn -0.903429 -0.194801 0.381928
vn 0.797734 0.436973 0.415542
vn 0.756774 0.326478 0.566309
vn -0.773923 -0.356925 0.523114
vn -0.832823 -0.313048 0.456515
vn 0.693876 0.428726 0.578559
vn 0.783215 0.229784 0.577731
vn -0.823184 -0.343443 0.452122
vn -0.863288 -0.219369 0.454545
vn 0.576168 0.593526 0.561923
vn 0.866452 -0.0271232 0.498522
vn -0.956263 -0.134001 0.260009
vn -0.898421 0.0762981 0.432456
vn 0.879423 -0.16277 0.447348
vn 0.909885 -0.125419 0.395448
vn 0.909885 -0.125418 0.395448
vn 0.909885 -0.125418 0.395448
vn -0.965472 0.0623087 0.252947
vn -0.929379 0.174032 0.325527
vn 0.88916 0.119812 0.441632
vn 0.859487 -0.221589 0.460631
vn -0.969501 0.0183536 0.2444
vn -0.938947 0.0342241 0.342355
vn 0.917025 0.317068 0.241937
vn 0.871894 -0.0826056 0.482677
vn -0.900879 0.134246 0.412788
vn -0.888675 0.21053 0.40735
vn 0.927296 0.0467458 0.371398
vn 0.802538 -0.256894 0.538459
vn 0.802538 -0.256894 0.538459
vn 0.802538 -0.256893 0.538459
vn -0.911548 -0.0687015 0.405413
vn -0.892717 0.14972 0.425017
vn 0.917656 0.169387 0.359466
vn 0.822702 0.0398236 0.567076
vn 0.822702 0.0398238 0.567076
vn 0.822702 0.0398239 0.567076
vn -0.84042 0.205658 0.501397
vn -0.868052 0.00927679 0.496386
vn 0.948933 -0.105685 0.297249
vn 0.811312 -0.0583447 0.581694
vn -0.895782 0.00428556 0.444472
vn -0.913695 0.107759 0.391855
vn 0.878637 0.0972363 0.467484
vn 0.878637 0.0972361 0.467484
vn 0.878637 0.097236 0.467484
vn 0.827163 -0.155883 0.53991
vn 0.827163 -0.155883 0.53991
vn 0.827163 -0.155883 0.53991
vn -0.90067 -0.0392048 0.432731
vn -0.876453 0.282279 0.390063
vn 0.912426 -0.019731 0.408765
vn 0.823481 -0.0950302 0.559328
vn 0.823481 -0.0950304 0.559328
vn 0.823481 -0.0950305 0.559328
vn -0.843531 0.0771441 0.531511
vn -0.872914 0.144553 0.465967
vn 0.820851 0.0249699 0.570596
vn 0.799662 -0.192026 0.568917
vn -0.879348 0.11341 0.462477
vn -0.851583 0.240922 0.465578
vn 0.802543 0.226518 0.551918
vn 0.815169 -0.456917 0.355986
vn -0.888666 0.302759 0.344398
vn -0.825753 0.264058 0.498403
vn 0.956263 -0.133754 0.260137
vn 0.842877 -0.320089 0.432552
vn -0.800954 0.398044 0.447251
vn -0.840487 0.370486 0.395376
vn -0.840487 0.370486 0.395376
vn -0.840487 0.370486 0.395376
vn 0.911217 -0.325058 0.253024
vn 0.845835 -0.422567 0.325577
vn -0.8879 0.128995 0.441582
vn -0.765592 0.449123 0.460605
vn -0.765592 0.449123 0.460605
vn -0.765592 0.449123 0.460605
vn 0.927175 -0.283904 0.244429
vn 0.893442 -0.290776 0.342361
vn -0.968843 -0.0530342 0.241931
vn -0.815678 0.318867 0.482693
vn 0.829382 -0.376491 0.412772
vn 0.796703 -0.446497 0.407314
vn -0.904465 0.20971 0.371435
vn -0.701091 0.467419 0.538508
vn 0.895392 -0.184284 0.405355
vn 0.895392 -0.184283 0.405355
vn 0.895392 -0.184283 0.405355
vn 0.817304 -0.389148 0.424945
vn -0.928863 0.0891233 0.359542
vn -0.801947 0.187634 0.567163
vn 0.751674 -0.428577 0.501307
vn 0.832187 -0.247332 0.496278
vn -0.883389 0.362212 0.297366
vn -0.764012 0.278889 0.581814
vn -0.764015 0.278883 0.581812
vn -0.764018 0.278878 0.58181
vn 0.860223 -0.25015 0.444344
vn 0.84903 -0.35456 0.391709
vn -0.871486 0.147777 0.467626
vn -0.871484 0.147782 0.467628
vn -0.871482 0.147786 0.46763
vn -0.752454 0.377025 0.54006
vn 0.876879 -0.209682 0.432569
vn 0.876879 -0.209682 0.432569
vn 0.87688 -0.209681 0.432569
vn 0.765306 -0.512148 0.389886
vn -0.871847 0.269523 0.408951
vn -0.871847 0.269523 0.408951
vn -0.871847 0.269523 0.408951
vn -0.765601 0.317491 0.559513
vn -0.765601 0.317491 0.559513
vn -0.765601 0.317491 0.559513
vn 0.790027 -0.305866 0.531322
vn 0.79976 -0.378765 0.465748
vn -0.796008 0.201385 0.570803
vn -0.796008 0.201385 0.570803
vn -0.796008 0.201385 0.570803
vn -0.716028 0.404205 0.569142
vn -0.716028 0.404204 0.569142
vn -0.716028 0.404204 0.569142
vn 0.814511 -0.350588 0.462233
vn 0.75281 -0.465577 0.465313
vn -0.833729 0.00255616 0.552167
vn -0.833729 0.00255628 0.552167
vn -0.833729 0.0025564 0.552167
vn -0.846473 -0.479653 0.231118
vn -0.845741 -0.479237 0.234637
vn -0.846473 -0.479653 0.231118
vn -0.84714 -0.475091 0.237997
vn -0.846474 -0.479653 0.231118
vn -0.84816 -0.470646 0.24314
vn -0.84936 -0.460942 0.257138
vn -0.851768 -0.450518 0.267443
vn -0.853983 -0.439706 0.278156
vn -0.853831 -0.42457 0.301185
vn -0.84809 -0.433213 0.305074
vn -0.844501 -0.442958 0.301009
vn -0.819952 -0.465655 0.332933
vn -0.820879 -0.456682 0.342928
vn -0.816446 -0.445478 0.367377
vn -0.815567 -0.393037 0.424704
vn -0.80655 -0.395747 0.43916
vn -0.806881 -0.39824 0.436288
vn -0.773705 -0.453266 0.442641
vn -0.789293 -0.402285 0.463878
vn -0.779038 -0.35804 0.514691
vn -0.824106 -0.252082 0.507252
vn -0.794191 -0.175812 0.581679
vn -0.762072 -0.0117665 0.647385
vn 0.20234 -0.361471 0.910163
vn 0.230757 -0.261537 0.937203
vn 0.231027 -0.296968 0.926519
vn 0.25901 -0.231501 0.937721
vn 0.25972 -0.267676 0.927844
vn 0.285895 -0.166129 0.943751
vn 0.937961 -0.286171 0.195794
vn 0.975375 -0.157872 0.154011
vn 0.955431 -0.222714 0.193779
vn 0.981866 -0.131454 0.136599
vn 0.965001 -0.190308 0.180431
vn 0.988508 -0.0921509 0.119838
vn 0.994232 -0.0907631 0.0571388
vn 0.980374 -0.00709921 0.197021
vn 0.98005 -0.00709682 0.198627
vn 0.980373 -0.00709919 0.197021
vn 0.980118 -0.00488984 0.198354
vn 0.980374 -0.00709918 0.197021
vn 0.980406 -0.00267027 0.196968
vn 0.977508 0.0016076 0.210894
vn 0.976121 -0.00258698 0.217214
vn 0.973737 -0.00702326 0.227567
vn 0.969788 -0.0201416 0.243115
vn 0.967527 -0.0288239 0.251118
vn 0.965682 -0.0375542 0.256999
vn 0.958984 -0.0437724 0.280062
vn 0.958538 -0.0211628 0.284179
vn 0.960056 0.00186148 0.279802
vn 0.94892 0.0490565 0.311681
vn 0.950151 0.0851702 0.299931
vn 0.94871 0.120641 0.292226
vn 0.942376 0.140678 0.303542
vn 0.941917 0.0924934 0.322858
vn 0.931747 0.0482351 0.359889
vn 0.939806 -0.0139837 0.341422
vn 0.919008 -0.0705302 0.387877
vn 0.888537 -0.174858 0.424178
vn 0.134938 0.171431 0.975911
vn 0.101481 0.0821483 0.99144
vn 0.104867 0.114623 0.987859
vn 0.0735673 0.0569051 0.995665
vn 0.0767104 0.089371 0.99304
vn 0.0414244 -0.0010023 0.999141
vn -0.842793 0.231113 0.486094
vn -0.905851 0.0597915 0.419356
vn -0.871968 0.146823 0.467027
vn -0.919899 0.0258122 0.391305
vn -0.892735 0.104367 0.438327
vn -0.931863 -0.026414 0.361847
vn -0.949004 -0.0250353 0.314268
vn -0.979992 0.00709631 0.198911
vn -0.980004 0.00709646 0.198852
vn -0.979992 0.00709634 0.198911
vn -0.979568 0.0114985 0.200786
vn -0.979992 0.00709636 0.198911
vn -0.978675 0.0159435 0.204797
vn -0.974914 0.025089 0.221165
vn -0.973032 0.0179686 0.229968
vn -0.972647 0.0104314 0.232053
vn -0.969703 -0.013129 0.243933
vn -0.971575 -0.0161345 0.236183
vn -0.971522 -0.0191679 0.236171
vn -0.970925 -0.00183708 0.239379
vn -0.966967 0.0170678 0.25433
vn -0.962436 0.0356691 0.269154
vn -0.951436 0.0551077 0.302875
vn -0.939151 0.0913467 0.331136
vn -0.922419 0.127345 0.36459
vn -0.910733 0.180386 0.371519
vn -0.914189 0.159014 0.37279
vn -0.926173 0.13662 0.351481
vn -0.929519 0.0890191 0.357869
vn -0.943867 0.0395758 0.327948
vn -0.951066 -0.0594313 0.303218
vn 0.142317 0.0533564 0.988382
vn 0.145351 0.0414084 0.988513
vn 0.143288 0.0453185 0.988643
vn 0.144265 0.0370013 0.988847
vn 0.142212 0.0407741 0.988996
vn 0.145248 0.0284063 0.988988
vn 0.923935 0.303099 0.233401
vn 0.859927 0.464255 0.212115
vn 0.896438 0.385109 0.219295
vn 0.845995 0.496076 0.19545
vn 0.882861 0.427148 0.195197
vn 0.820771 0.541222 0.182794
vn 0.820136 0.540822 0.186783
vn 0.962984 -0.00696713 0.26947
vn 0.96149 -0.00695636 0.274751
vn 0.962984 -0.0069672 0.26947
vn 0.961015 -0.00464048 0.276458
vn 0.962984 -0.00696723 0.26947
vn 0.960823 -0.002295 0.277154
vn 0.953935 0.00182581 0.300008
vn 0.952101 0.00697203 0.305704
vn 0.950337 0.0122615 0.310981
vn 0.953159 0.0205264 0.301772
vn 0.957178 0.00826762 0.289383
vn 0.958965 -0.00462333 0.283486
vn 0.962384 -0.0363549 0.26925
vn 0.957191 -0.0459408 0.285787
vn 0.954164 -0.0542973 0.294317
vn 0.949094 -0.0385763 0.312623
vn 0.95114 -0.025498 0.307705
vn 0.952445 -0.01258 0.30445
vn 0.942351 -0.0100727 0.334475
vn 0.93066 -0.0455437 0.363039
vn 0.912156 -0.0800268 0.401955
vn 0.899882 -0.120077 0.419278
vn 0.880964 -0.155996 0.446729
vn 0.855586 -0.222347 0.467476
vn 0.0382973 0.00384187 0.999259
vn 0.0253769 -0.0180909 0.999514
vn 0.0273202 -0.0101448 0.999575
vn 0.0162963 -0.0239732 0.99958
vn 0.0182233 -0.0159488 0.999707
vn 0.00523491 -0.0376318 0.999278
vn -0.836657 0.257288 0.483537
vn -0.91333 0.138091 0.383092
vn -0.860071 0.196457 0.470831
vn -0.928946 0.114398 0.352098
vn -0.87677 0.166431 0.451194
vn -0.946042 0.0770019 0.314761
vn -0.978027 0.0826149 0.191411
vn -0.942293 0.00688597 0.334718
vn -0.940638 0.00687542 0.339341
vn -0.942293 0.00688631 0.334719
vn -0.939197 0.0111605 0.343196
vn -0.942293 0.00688648 0.334719
vn -0.93708 0.0155144 0.348769
vn -0.930616 0.0245725 0.365172
vn -0.926002 0.0348309 0.375909
vn -0.920964 0.045328 0.387002
vn -0.909914 0.0584122 0.410664
vn -0.908806 0.0480529 0.414442
vn -0.911029 0.0378218 0.410603
vn -0.897429 0.00587159 0.441119
vn -0.892604 0.014102 0.450621
vn -0.880368 0.0215767 0.473801
vn -0.846892 0.066529 0.527587
vn -0.838762 0.0597227 0.541213
vn -0.840595 0.0577601 0.538575
vn -0.834571 -0.00987673 0.550812
vn -0.824468 0.0268857 0.565269
vn -0.79533 0.0484337 0.604239
vn -0.785049 0.136938 0.604107
vn -0.728577 0.179851 0.66093
vn -0.640107 0.288466 0.712075
vn 0.126226 -0.410739 0.902973
vn 0.179411 -0.348246 0.920074
vn 0.167861 -0.373518 0.912309
vn 0.209129 -0.335633 0.918485
vn 0.19772 -0.36146 0.911182
vn 0.249651 -0.297471 0.921513
vn 0.750408 -0.635904 0.180318
vn 0.833777 -0.5336 0.141725
vn 0.79122 -0.585124 0.177765
vn 0.849784 -0.512078 0.125071
vn 0.812476 -0.559377 0.164259
vn 0.871028 -0.4789 0.109391
vn 0.875836 -0.479671 0.0531713
vn -0.941481 0.27629 0.193075
vn -0.941187 0.276204 0.194626
vn -0.941481 0.27629 0.193075
vn -0.941863 0.274102 0.194325
vn -0.941481 0.27629 0.193075
vn -0.942749 0.272046 0.192911
vn -0.941215 0.267159 0.206737
vn -0.938761 0.270821 0.213034
vn -0.9353 0.274447 0.223369
vn -0.927978 0.286 0.238876
vn -0.923452 0.293737 0.246889
vn -0.919304 0.301633 0.252778
vn -0.911253 0.3058 0.275869
vn -0.917051 0.283943 0.279989
vn -0.924816 0.262216 0.275606
vn -0.927202 0.213819 0.307535
vn -0.938255 0.179416 0.295781
vn -0.946579 0.144903 0.288083
vn -0.946125 0.123898 0.299161
vn -0.932453 0.170525 0.318516
vn -0.910538 0.210665 0.355725
vn -0.90108 0.273149 0.336815
vn -0.865451 0.322179 0.383661
vn -0.807097 0.4147 0.420259
vn -0.183128 -0.125972 0.974985
vn -0.1257 -0.0486986 0.990872
vn -0.13808 -0.0792683 0.987244
vn -0.0915546 -0.0320295 0.995285
vn -0.103704 -0.0626589 0.992633
vn -0.0441369 0.0151429 0.998911
vn 0.744928 -0.456274 0.48672
vn 0.853248 -0.309336 0.419856
vn 0.796397 -0.383448 0.467674
vn 0.876217 -0.280622 0.391783
vn 0.828166 -0.34846 0.438995
vn 0.902267 -0.233809 0.362281
vn 0.918452 -0.239942 0.314443
vn 0.940441 -0.275978 0.198513
vn 0.940453 -0.275982 0.198449
vn 0.940441 -0.275978 0.198513
vn 0.938826 -0.280095 0.200381
vn 0.940441 -0.275978 0.198513
vn 0.936749 -0.284125 0.204389
vn 0.930629 -0.291889 0.220748
vn 0.93078 -0.284527 0.229548
vn 0.932482 -0.277174 0.23163
vn 0.936128 -0.253711 0.243505
vn 0.93875 -0.251334 0.235754
vn 0.939533 -0.248402 0.235742
vn 0.9342 -0.264904 0.23895
vn 0.925209 -0.281995 0.253903
vn 0.915751 -0.298638 0.26873
vn 0.899849 -0.314312 0.302456
vn 0.878097 -0.345787 0.330723
vn 0.852136 -0.37581 0.364186
vn 0.826339 -0.423604 0.371111
vn 0.835538 -0.403999 0.372373
vn 0.853206 -0.385752 0.351049
vn 0.869504 -0.340895 0.357426
vn 0.896867 -0.297284 0.327492
vn 0.93097 -0.204046 0.302753
vn -0.15115 -0.0122804 0.988435
vn -0.150786 5.97014e-005 0.988566
vn -0.149874 -0.00427307 0.988696
vn -0.148528 0.00400515 0.9889
vn -0.147588 -0.000192636 0.989049
vn -0.14711 0.0125525 0.98904
vn -0.971632 -0.0377863 0.23346
vn -0.954335 -0.210318 0.212156
vn -0.967709 -0.12419 0.219352
vn -0.949677 -0.24474 0.195489
vn -0.966197 -0.16834 0.195254
vn -0.937819 -0.295076 0.182826
vn -0.937103 -0.294867 0.186795
vn -0.924058 0.271222 0.269361
vn -0.922625 0.270803 0.274641
vn -0.924058 0.271222 0.269361
vn -0.922804 0.268446 0.276349
vn -0.924058 0.271223 0.269362
vn -0.923264 0.266139 0.277044
vn -0.917775 0.260289 0.299897
vn -0.917426 0.254839 0.305593
vn -0.917183 0.249269 0.310869
vn -0.922166 0.242095 0.30166
vn -0.922663 0.254984 0.289268
vn -0.920841 0.267869 0.283369
vn -0.915412 0.299316 0.269128
vn -0.907788 0.307111 0.285664
vn -0.902583 0.314316 0.294193
vn -0.902026 0.297811 0.312502
vn -0.907585 0.285796 0.307586
vn -0.912388 0.273733 0.304333
vn -0.90337 0.268556 0.334367
vn -0.882405 0.299422 0.362915
vn -0.855168 0.327474 0.401806
vn -0.832378 0.362578 0.419147
vn -0.804359 0.391899 0.446566
vn -0.761793 0.448679 0.467289
vn -0.0379623 0.00705438 0.999254
vn -0.0195766 0.0245467 0.999507
vn -0.0236131 0.0174606 0.999569
vn -0.00925737 0.0277067 0.999573
vn -0.0132972 0.0205433 0.9997
vn 0.00509267 0.0377843 0.999273
vn 0.733954 -0.476937 0.483572
vn 0.840393 -0.383353 0.383119
vn 0.773161 -0.424862 0.470866
vn 0.861911 -0.364854 0.352123
vn 0.797456 -0.40057 0.451229
vn 0.888611 -0.333588 0.314784
vn 0.917835 -0.347761 0.19142
vn 0.903893 -0.264794 0.33595
vn 0.902295 -0.26432 0.340585
vn 0.903893 -0.264794 0.33595
vn 0.899727 -0.268038 0.344451
vn 0.903892 -0.264794 0.33595
vn 0.896488 -0.271634 0.350034
vn 0.887757 -0.278538 0.366475
vn 0.880489 -0.287117 0.377229
vn 0.872748 -0.295808 0.388341
vn 0.858498 -0.305314 0.412025
vn 0.860274 -0.295043 0.415788
vn 0.865224 -0.285822 0.411938
vn 0.86089 -0.251313 0.442391
vn 0.853981 -0.257885 0.451897
vn 0.84014 -0.261673 0.47507
vn 0.795555 -0.295614 0.528871
vn 0.789593 -0.286815 0.542476
vn 0.791895 -0.285437 0.53984
vn 0.804648 -0.218706 0.552005
vn 0.784815 -0.251242 0.566518
vn 0.750837 -0.26387 0.605489
vn 0.716626 -0.346134 0.605507
vn 0.650488 -0.371778 0.662303
vn 0.535555 -0.451816 0.713472
vn -0.00868545 0.430923 0.902347
vn -0.0770698 0.385462 0.9195
vn -0.0589961 0.406586 0.911706
vn -0.109133 0.381505 0.917902
vn -0.0910426 0.403204 0.91057
vn -0.158627 0.355948 0.920944
vn -0.546104 0.818158 0.179967
vn -0.654427 0.742771 0.141481
vn -0.599334 0.780588 0.177429
vn -0.675742 0.726488 0.124849
vn -0.62686 0.761691 0.163929
vn -0.705303 0.700445 0.109202
vn -0.709701 0.702499 0.0531001
vn 0.760098 0.436479 0.481391
vn 0.773984 0.432449 0.462533
vn 0.761048 0.432544 0.483436
vn 0.782243 0.423179 0.457182
vn 0.76087 0.430374 0.485649
vn 0.789071 0.413418 0.454371
vn 0.797448 0.395746 0.455481
vn 0.786595 0.410413 0.461335
vn 0.781883 0.426 0.455175
vn 0.745769 0.469934 0.472218
vn 0.727665 0.530682 0.434602
vn 0.707306 0.588597 0.3915
vn 0.637174 0.647353 0.418262
vn 0.616721 0.673685 0.40719
vn 0.588103 0.697857 0.408817
vn 0.537331 0.671252 0.510585
vn 0.511669 0.672079 0.535261
vn 0.489462 0.673102 0.554401
vn 0.359809 0.655591 0.663881
vn 0.321129 0.658132 0.680983
vn 0.278659 0.657466 0.700063
vn 0.231434 0.646872 0.726633
vn 0.241955 0.659111 0.712061
vn 0.252728 0.671417 0.696654
vn 0.325726 0.738804 0.589976
vn 0.359346 0.749221 0.556362
vn 0.38983 0.756292 0.52541
vn 0.49775 0.788426 0.361425
vn 0.511681 0.782471 0.354855
vn 0.534102 0.773863 0.340399
vn 0.581801 0.789341 0.196084
vn -0.743827 -0.405416 0.531375
vn -0.722146 -0.480392 0.497724
vn -0.733506 -0.443679 0.514896
vn -0.727472 -0.486911 0.483428
vn -0.733912 -0.465554 0.494603
vn -0.72606 -0.489571 0.482864
vn -0.753665 -0.467906 0.461577
vn -0.750552 -0.478449 0.455805
vn -0.754084 -0.491736 0.435377
vn -0.736691 -0.541705 0.404775
vn -0.732046 -0.565438 0.379984
vn -0.722892 -0.586922 0.364622
vn -0.733326 -0.584113 0.347914
vn -0.740886 -0.564841 0.363376
vn -0.744415 -0.546969 0.382976
vn -0.755243 -0.513811 0.406947
vn -0.750447 -0.490238 0.443279
vn -0.746009 -0.467179 0.474567
vn -0.724606 -0.460393 0.51282
vn -0.72047 -0.489201 0.491535
vn -0.727092 -0.511259 0.458204
vn -0.684531 -0.598568 0.416094
vn -0.675289 -0.655155 0.338759
vn -0.656425 -0.71024 0.254295
vn -0.609822 -0.773805 0.171298
vn -0.577723 -0.811671 0.0861825
vn -0.534193 -0.845361 -0.00152482
vn -0.489657 -0.867869 -0.0839043
vn -0.467605 -0.877095 -0.109772
vn -0.431056 -0.89153 -0.139156
vn -0.432347 -0.886394 -0.165472
vn 0.668415 0.436426 0.602291
vn 0.709682 0.338586 0.617827
vn 0.679829 0.38355 0.625078
vn 0.716532 0.287772 0.635429
vn 0.673471 0.351332 0.650387
vn 0.723277 0.237037 0.648601
vn 0.738574 0.195176 0.645302
vn 0.724818 0.193334 0.661257
vn 0.722425 0.196745 0.662867
vn 0.683154 0.237154 0.690694
vn 0.675218 0.307647 0.670398
vn 0.666179 0.377167 0.643389
vn 0.632443 0.451373 0.629507
vn 0.64505 0.459638 0.610445
vn 0.642203 0.461742 0.611858
vn 0.706524 0.403414 0.581447
vn 0.722794 0.329176 0.607628
vn 0.734598 0.254557 0.62894
vn 0.739931 0.183621 0.647136
vn 0.716867 0.133596 0.684291
vn 0.697314 0.0851831 0.711686
vn 0.667746 0.0668215 0.741384
vn 0.667066 0.0395673 0.743947
vn 0.664091 0.0117094 0.747561
vn 0.7346 -0.00950252 0.678434
vn 0.749828 -0.0691279 0.658012
vn 0.75864 -0.125568 0.639295
vn 0.846585 -0.216635 0.486172
vn 0.837369 -0.255718 0.483137
vn 0.828511 -0.311015 0.465659
vn 0.884854 -0.327408 0.331417
vn -0.908815 -0.374789 0.183272
vn -0.917961 -0.356921 0.173077
vn -0.91309 -0.363465 0.184826
vn -0.930486 -0.322462 0.173822
vn -0.914981 -0.356264 0.189435
vn -0.941165 -0.284141 0.182956
vn -0.960815 -0.244936 0.129772
vn -0.961533 -0.240698 0.13236
vn -0.962661 -0.245092 0.114955
vn -0.946936 -0.307385 0.093944
vn -0.937266 -0.339806 0.0778766
vn -0.92691 -0.368515 0.0709604
vn -0.930577 -0.357029 0.0809681
vn -0.91702 -0.386818 0.0971927
vn -0.901296 -0.420921 0.102421
vn -0.871855 -0.448029 0.197836
vn -0.833099 -0.512876 0.207136
vn -0.791804 -0.570993 0.216826
vn -0.751494 -0.606676 0.259231
vn -0.702023 -0.671826 0.236248
vn -0.648851 -0.731329 0.210122
vn -0.581452 -0.767369 0.270292
vn -0.538203 -0.795376 0.278772
vn -0.493913 -0.818232 0.294187
vn -0.484356 -0.822048 0.299394
vn -0.493279 -0.82708 0.269471
vn -0.501044 -0.82995 0.245229
vn -0.541301 -0.829124 0.139812
vn -0.55042 -0.824034 0.134183
vn -0.564566 -0.816303 0.122128
vn -0.570346 -0.820557 0.0373127
vn 0.866768 0.00913188 0.498628
vn 0.855362 -0.096927 0.508882
vn 0.852827 -0.0435685 0.520373
vn 0.838192 -0.145293 0.525665
vn 0.834378 -0.0697008 0.546767
vn 0.820421 -0.19331 0.53809
vn 0.813455 -0.237028 0.531139
vn 0.803261 -0.232705 0.548289
vn 0.803572 -0.22862 0.549549
vn 0.796339 -0.175852 0.578723
vn 0.822788 -0.109445 0.557711
vn 0.846847 -0.0427495 0.530115
vn 0.856442 0.0392673 0.514748
vn 0.869775 0.0416082 0.491691
vn 0.869781 0.0447678 0.491403
vn 0.896444 -0.0354121 0.44174
vn 0.879705 -0.109864 0.462654
vn 0.858286 -0.182238 0.479723
vn 0.839183 -0.250601 0.48267
vn 0.804265 -0.287129 0.520302
vn 0.771571 -0.323263 0.547886
vn 0.745302 -0.329819 0.579434
vn 0.7294 -0.354899 0.584827
vn 0.711079 -0.379354 0.591994
vn 0.72844 -0.425301 0.537116
vn 0.698421 -0.483575 0.527601
vn 0.664427 -0.536059 0.520748
vn 0.653674 -0.640865 0.402495
vn 0.623066 -0.668756 0.405653
vn 0.58224 -0.709781 0.396493
vn 0.607641 -0.739173 0.290508
vn -0.746096 0.0974151 0.658674
vn -0.745952 0.11941 0.655207
vn -0.742814 0.108997 0.660566
vn -0.736012 0.155311 0.658912
vn -0.738357 0.115416 0.664461
vn -0.718623 0.192334 0.668273
vn -0.732188 0.245103 0.635473
vn -0.727073 0.248989 0.63982
vn -0.736763 0.24885 0.628693
vn -0.754443 0.195055 0.626713
vn -0.768332 0.166341 0.618059
vn -0.775283 0.138961 0.616138
vn -0.742781 0.158557 0.650489
vn -0.733111 0.126984 0.66815
vn -0.730384 0.0934566 0.676613
vn -0.631882 0.047303 0.773619
vn -0.626548 -0.0253162 0.778972
vn -0.61586 -0.0926539 0.782388
vn -0.536564 -0.147661 0.83084
vn -0.550001 -0.219241 0.805873
vn -0.56161 -0.28764 0.775795
vn -0.50192 -0.367023 0.78318
vn -0.495691 -0.397965 0.771955
vn -0.478307 -0.429005 0.766275
vn -0.567837 -0.408418 0.714671
vn -0.625972 -0.372354 0.685209
vn -0.677883 -0.333584 0.65513
vn -0.859729 -0.262653 0.438041
vn -0.871183 -0.244785 0.425584
vn -0.890374 -0.215918 0.400766
vn -0.959149 -0.20443 0.195554
vn -0.84852 0.311332 0.427886
vn -0.807283 0.410002 0.424491
vn -0.820534 0.360432 0.443636
vn -0.777535 0.453406 0.435732
vn -0.796167 0.383816 0.467765
vn -0.747128 0.495739 0.442767
vn -0.728525 0.534318 0.428667
vn -0.721006 0.529924 0.446464
vn -0.722937 0.526234 0.447706
vn -0.734293 0.47885 0.481162
vn -0.778479 0.419653 0.466757
vn -0.82029 0.358079 0.445986
vn -0.854301 0.279778 0.438057
vn -0.8678 0.276802 0.41268
vn -0.869603 0.273666 0.410971
vn -0.8746 0.346146 0.339495
vn -0.841092 0.415901 0.34582
vn -0.803291 0.482386 0.349324
vn -0.772898 0.5444 0.325973
vn -0.733896 0.579487 0.354389
vn -0.696623 0.612795 0.373094
vn -0.672626 0.621987 0.400882
vn -0.649651 0.64312 0.405402
vn -0.624754 0.663208 0.412113
vn -0.608892 0.697121 0.378515
vn -0.557431 0.740177 0.376044
vn -0.504133 0.77678 0.377443
vn -0.44203 0.844625 0.302022
vn -0.404115 0.860885 0.309142
vn -0.35215 0.884532 0.30593
vn -0.360432 0.901852 0.238227
vn 0.761275 0.30954 0.569777
vn 0.757187 0.292493 0.584051
vn 0.755988 0.304251 0.57958
vn 0.740816 0.274859 0.612898
vn 0.750684 0.304025 0.586551
vn 0.717551 0.262569 0.645119
vn 0.717453 0.201906 0.666705
vn 0.71194 0.203023 0.672252
vn 0.720087 0.191267 0.667002
vn 0.749261 0.215958 0.626076
vn 0.767753 0.22107 0.601402
vn 0.779747 0.232377 0.581374
vn 0.751088 0.257218 0.608035
vn 0.753751 0.287137 0.591111
vn 0.761607 0.30766 0.57035
vn 0.713548 0.428824 0.554039
vn 0.738698 0.458865 0.49373
vn 0.756266 0.486031 0.43799
vn 0.747093 0.536241 0.392807
vn 0.791416 0.515976 0.327765
vn 0.830926 0.490307 0.262985
vn 0.825253 0.534057 0.183684
vn 0.832321 0.537608 0.134977
vn 0.833688 0.545901 0.0834032
vn 0.809396 0.584603 0.0558361
vn 0.821853 0.565939 0.0653569
vn 0.830378 0.551098 0.0822405
vn 0.862257 0.502025 0.0669577
vn 0.865113 0.495006 0.080925
vn 0.871352 0.480368 0.0999665
vn 0.892891 0.449864 0.019197
# 2576 normals
usemtl Stalk
f  1/1/1 6/2/2 2/3/3
f  1/4/4 10/5/5 6/6/6
f  2/3/3 6/2/2 7/7/7
f  2/3/8 7/7/9 3/8/10
f  3/8/10 7/7/9 8/9/11
f  3/8/12 8/9/13 4/10/14
f  4/10/14 8/9/13 9/11/15
f  4/10/16 9/11/17 5/12/18
f  5/12/18 9/11/17 10/5/19
f  5/12/20 10/5/5 1/4/4
f  6/2/2 11/13/21 7/7/7
f  6/6/6 15/14/22 11/15/23
f  7/7/7 11/13/21 12/16/24
f  7/7/9 12/16/25 8/9/11
f  8/9/11 12/16/25 13/17/26
f  8/9/13 13/17/27 9/11/15
f  9/11/15 13/17/27 14/18/28
f  9/11/17 14/18/29 10/5/19
f  10/5/19 14/18/29 15/14/30
f  10/5/5 15/14/22 6/6/6
f  11/13/21 16/19/31 12/16/24
f  11/15/23 20/20/32 16/21/33
f  12/16/24 16/19/31 17/22/34
f  12/16/25 17/22/35 13/17/26
f  13/17/26 17/22/35 18/23/36
f  13/17/27 18/23/37 14/18/28
f  14/18/28 18/23/37 19/24/38
f  14/18/29 19/24/39 15/14/30
f  15/14/30 19/24/39 20/20/40
f  15/14/22 20/20/32 11/15/23
f  16/19/31 21/25/41 17/22/34
f  16/21/33 25/26/42 21/27/43
f  17/22/34 21/25/41 22/28/44
f  17/22/35 22/28/45 18/23/36
f  18/23/36 22/28/45 23/29/46
f  18/23/37 23/29/47 19/24/38
f  19/24/38 23/29/47 24/30/48
f  19/24/39 24/30/49 20/20/40
f  20/20/40 24/30/49 25/26/50
f  20/20/32 25/26/42 16/21/33
f  21/25/41 26/31/51 22/28/44
f  21/27/43 30/32/52 26/33/53
f  22/28/44 26/31/51 27/34/54
f  22/28/45 27/34/55 23/29/46
f  23/29/46 27/34/55 28/35/56
f  23/29/47 28/35/57 24/30/48
f  24/30/48 28/35/57 29/36/58
f  24/30/49 29/36/59 25/26/50
f  25/26/50 29/36/59 30/32/60
f  25/26/42 30/32/52 21/27/43
f  26/31/51 31/37/61 27/34/54
f  26/33/53 35/38/62 31/39/63
f  27/34/54 31/37/61 32/40/64
f  27/34/55 32/40/65 28/35/56
f  28/35/56 32/40/65 33/41/66
f  28/35/57 33/41/67 29/36/58
f  29/36/58 33/41/67 34/42/68
f  29/36/59 34/42/69 30/32/60
f  30/32/60 34/42/69 35/38/70
f  30/32/52 35/38/62 26/33/53
f  31/37/61 36/43/71 32/40/64
f  31/39/63 40/44/72 36/45/73
f  32/40/64 36/43/71 37/46/74
f  32/40/65 37/46/75 33/41/66
f  33/41/66 37/46/75 38/47/76
f  33/41/67 38/47/77 34/42/68
f  34/42/68 38/47/77 39/48/78
f  34/42/69 39/48/79 35/38/70
f  35/38/70 39/48/79 40/44/80
f  35/38/62 40/44/72 31/39/63
f  36/43/71 41/49/81 37/46/74
f  36/45/73 45/50/82 41/51/83
f  37/46/74 41/49/81 42/52/84
f  37/46/75 42/52/85 38/47/76
f  38/47/76 42/52/85 43/53/86
f  38/47/77 43/53/87 39/48/78
f  39/48/78 43/53/87 44/54/88
f  39/48/79 44/54/89 40/44/80
f  40/44/80 44/54/89 45/50/90
f  40/44/72 45/50/82 36/45/73
f  41/49/81 46/55/91 42/52/84
f  41/51/83 50/56/92 46/57/93
f  42/52/84 46/55/91 47/58/94
f  42/52/85 47/58/95 43/53/86
f  43/53/86 47/58/95 48/59/96
f  43/53/87 48/59/97 44/54/88
f  44/54/88 48/59/97 49/60/98
f  44/54/89 49/60/99 45/50/90
f  45/50/90 49/60/99 50/56/100
f  45/50/82 50/56/92 41/51/83
f  46/55/91 51/61/101 47/58/94
f  46/57/93 55/62/102 51/63/103
f  47/58/94 51/61/101 52/64/104
f  47/58/95 52/64/105 48/59/96
f  48/59/96 52/64/105 53/65/106
f  48/59/97 53/65/107 49/60/98
f  49/60/98 53/65/107 54/66/108
f  49/60/99 54/66/109 50/56/100
f  50/56/100 54/66/109 55/62/110
f  50/56/92 55/62/102 46/57/93
f  51/61/101 56/67/111 52/64/104
f  51/63/103 60/68/112 56/69/113
f  52/64/104 56/67/111 57/70/114
f  52/64/105 57/70/115 53/65/106
f  53/65/106 57/70/115 58/71/116
f  53/65/107 58/71/117 54/66/108
f  54/66/108 58/71/117 59/72/118
f  54/66/109 59/72/119 55/62/110
f  55/62/110 59/72/119 60/68/120
f  55/62/102 60/68/112 51/63/103
f  56/67/111 61/73/121 57/70/114
f  56/69/113 65/74/122 61/75/123
f  57/70/114 61/73/121 62/76/124
f  57/70/115 62/76/125 58/71/116
f  58/71/116 62/76/125 63/77/126
f  58/71/117 63/77/127 59/72/118
f  59/72/118 63/77/127 64/78/128
f  59/72/119 64/78/129 60/68/120
f  60/68/120 64/78/129 65/74/130
f  60/68/112 65/74/122 56/69/113
f  61/73/121 66/79/131 62/76/124
f  61/75/123 70/80/132 66/81/133
f  62/76/124 66/79/131 67/82/134
f  62/76/125 67/82/135 63/77/126
f  63/77/126 67/82/135 68/83/136
f  63/77/127 68/83/137 64/78/128
f  64/78/128 68/83/137 69/84/138
f  64/78/129 69/84/139 65/74/130
f  65/74/130 69/84/139 70/80/140
f  65/74/122 70/80/132 61/75/123
f  66/79/131 71/85/141 67/82/134
f  66/81/133 75/86/142 71/87/143
f  67/82/134 71/85/141 72/88/144
f  67/82/135 72/88/145 68/83/136
f  68/83/136 72/88/145 73/89/146
f  68/83/137 73/89/147 69/84/138
f  69/84/138 73/89/147 74/90/148
f  69/84/139 74/90/149 70/80/140
f  70/80/140 74/90/149 75/86/150
f  70/80/132 75/86/142 66/81/133
f  71/85/141 76/91/151 72/88/144
f  71/87/143 80/92/152 76/93/153
f  72/88/144 76/91/151 77/94/154
f  72/88/145 77/94/155 73/89/146
f  73/89/146 77/94/155 78/95/156
f  73/89/147 78/95/157 74/90/148
f  74/90/148 78/95/157 79/96/158
f  74/90/149 79/96/159 75/86/150
f  75/86/150 79/96/159 80/92/160
f  75/86/142 80/92/152 71/87/143
f  76/91/151 81/97/161 77/94/154
f  76/93/153 85/98/162 81/99/163
f  77/94/154 81/97/161 82/100/164
f  77/94/155 82/100/165 78/95/156
f  78/95/156 82/100/165 83/101/166
f  78/95/157 83/101/167 79/96/158
f  79/96/158 83/101/167 84/102/168
f  79/96/159 84/102/169 80/92/160
f  80/92/160 84/102/169 85/98/170
f  80/92/152 85/98/162 76/93/153
f  81/97/161 86/103/171 82/100/164
f  81/99/163 90/104/172 86/105/173
f  82/100/164 86/103/171 87/106/174
f  82/100/165 87/106/175 83/101/166
f  83/101/166 87/106/175 88/107/176
f  83/101/167 88/107/177 84/102/168
f  84/102/168 88/107/177 89/108/178
f  84/102/169 89/108/179 85/98/170
f  85/98/170 89/108/179 90/104/180
f  85/98/162 90/104/172 81/99/163
f  86/103/171 91/109/181 87/106/174
f  87/106/175 91/109/182 88/107/176
f  88/107/177 91/109/183 89/108/178
f  89/108/179 91/109/184 90/104/180
f  90/104/172 91/109/185 86/105/173
f  92/73/186 95/79/187 93/110/188
f  92/75/189 97/111/190 95/81/191
f  93/110/188 95/79/187 96/112/192
f  93/110/193 96/112/194 94/113/195
f  94/113/195 96/112/194 97/111/196
f  94/113/197 97/111/190 92/75/189
f  95/79/187 98/85/198 96/112/192
f  95/81/191 100/114/199 98/87/200
f  96/112/192 98/85/198 99/115/201
f  96/112/194 99/115/202 97/111/196
f  97/111/196 99/115/202 100/114/203
f  97/111/190 100/114/199 95/81/191
f  98/85/198 101/91/204 99/115/201
f  98/87/200 103/116/205 101/93/206
f  99/115/201 101/91/204 102/117/207
f  99/115/202 102/117/208 100/114/203
f  100/114/203 102/117/208 103/116/209
f  100/114/199 103/116/205 98/87/200
f  101/91/204 104/97/210 102/117/207
f  101/93/206 106/118/211 104/99/212
f  102/117/207 104/97/210 105/119/213
f  102/117/208 105/119/214 103/116/209
f  103/116/209 105/119/214 106/118/215
f  103/116/205 106/118/211 101/93/206
f  104/97/210 107/103/216 105/119/213
f  104/99/212 109/120/217 107/105/218
f  105/119/213 107/103/216 108/121/219
f  105/119/214 108/121/220 106/118/215
f  106/118/215 108/121/220 109/120/221
f  106/118/211 109/120/217 104/99/212
f  107/103/216 110/122/222 108/121/219
f  107/105/218 112/123/223 110/124/224
f  108/121/219 110/122/222 111/125/225
f  108/121/220 111/125/226 109/120/221
f  109/120/221 111/125/226 112/123/227
f  109/120/217 112/123/223 107/105/218
f  110/122/222 113/126/228 111/125/225
f  110/124/224 115/127/229 113/128/230
f  111/125/225 113/126/228 114/129/231
f  111/125/226 114/129/232 112/123/227
f  112/123/227 114/129/232 115/127/233
f  112/123/223 115/127/229 110/124/224
f  113/126/228 116/130/234 114/129/231
f  113/128/230 118/131/235 116/132/236
f  114/129/231 116/130/234 117/133/237
f  114/129/232 117/133/238 115/127/233
f  115/127/233 117/133/238 118/131/239
f  115/127/229 118/131/235 113/128/230
f  116/130/234 119/134/240 117/133/237
f  116/132/236 121/135/241 119/136/242
f  117/133/237 119/134/240 120/137/243
f  117/133/238 120/137/244 118/131/239
f  118/131/239 120/137/244 121/135/245
f  118/131/235 121/135/241 116/132/236
f  119/134/240 122/138/246 120/137/243
f  119/136/242 124/139/247 122/140/248
f  120/137/243 122/138/246 123/141/249
f  120/137/244 123/141/250 121/135/245
f  121/135/245 123/141/250 124/139/251
f  121/135/241 124/139/247 119/136/242
f  122/138/246 125/142/252 123/141/249
f  122/140/248 127/143/253 125/144/254
f  123/141/249 125/142/252 126/145/255
f  123/141/250 126/145/256 124/139/251
f  124/139/251 126/145/256 127/143/257
f  124/139/247 127/143/253 122/140/248
f  125/142/252 128/146/258 126/145/255
f  125/144/254 130/147/259 128/148/260
f  126/145/255 128/146/258 129/149/261
f  126/145/256 129/149/262 127/143/257
f  127/143/257 129/149/262 130/147/263
f  127/143/253 130/147/259 125/144/254
f  128/146/258 131/150/264 129/149/261
f  128/148/260 133/151/265 131/152/266
f  129/149/261 131/150/264 132/153/267
f  129/149/262 132/153/268 130/147/263
f  130/147/263 132/153/268 133/151/269
f  130/147/259 133/151/265 128/148/260
f  131/150/264 134/154/270 132/153/267
f  131/152/266 136/155/271 134/156/272
f  132/153/267 134/154/270 135/157/273
f  132/153/268 135/157/274 133/151/269
f  133/151/269 135/157/274 136/155/275
f  133/151/265 136/155/271 131/152/266
f  134/154/270 137/158/276 135/157/273
f  134/156/272 139/159/277 137/160/278
f  135/157/273 137/158/276 138/161/279
f  135/157/274 138/161/280 136/155/275
f  136/155/275 138/161/280 139/159/281
f  136/155/271 139/159/277 134/156/272
f  137/158/276 140/162/282 138/161/279
f  137/160/278 142/163/283 140/164/284
f  138/161/279 140/162/282 141/165/285
f  138/161/280 141/165/286 139/159/281
f  139/159/281 141/165/286 142/163/287
f  139/159/277 142/163/283 137/160/278
f  140/162/282 143/166/288 141/165/285
f  140/164/284 145/167/289 143/168/290
f  141/165/285 143/166/288 144/169/291
f  141/165/286 144/169/292 142/163/287
f  142/163/287 144/169/292 145/167/293
f  142/163/283 145/167/289 140/164/284
f  143/166/288 146/170/294 144/169/291
f  143/168/290 148/171/295 146/172/296
f  144/169/291 146/170/294 147/173/297
f  144/169/292 147/173/298 145/167/293
f  145/167/293 147/173/298 148/171/299
f  145/167/289 148/171/295 143/168/290
f  146/170/294 149/174/300 147/173/297
f  146/172/296 151/175/301 149/176/302
f  147/173/297 149/174/300 150/177/303
f  147/173/298 150/177/304 148/171/299
f  148/171/299 150/177/304 151/175/305
f  148/171/295 151/175/301 146/172/296
f  149/174/300 152/178/306 150/177/303
f  149/176/302 154/179/307 152/180/308
f  150/177/303 152/178/306 153/181/309
f  150/177/304 153/181/310 151/175/305
f  151/175/305 153/181/310 154/179/311
f  151/175/301 154/179/307 149/176/302
f  152/178/306 155/182/312 153/181/309
f  152/180/308 157/183/313 155/184/314
f  153/181/309 155/182/312 156/185/315
f  153/181/310 156/185/316 154/179/311
f  154/179/311 156/185/316 157/183/317
f  154/179/307 157/183/313 152/180/308
f  155/182/312 158/186/318 156/185/315
f  155/184/314 160/187/319 158/188/320
f  156/185/315 158/186/318 159/189/321
f  156/185/316 159/189/322 157/183/317
f  157/183/317 159/189/322 160/187/323
f  157/183/313 160/187/319 155/184/314
f  158/186/318 161/190/324 159/189/321
f  158/188/320 163/191/325 161/192/326
f  159/189/321 161/190/324 162/193/327
f  159/189/322 162/193/328 160/187/323
f  160/187/323 162/193/328 163/191/329
f  160/187/319 163/191/325 158/188/320
f  161/190/324 164/194/330 162/193/327
f  161/192/326 166/195/331 164/196/332
f  162/193/327 164/194/330 165/197/333
f  162/193/328 165/197/334 163/191/329
f  163/191/329 165/197/334 166/195/335
f  163/191/325 166/195/331 161/192/326
f  164/194/330 167/198/336 165/197/333
f  164/196/332 169/199/337 167/200/338
f  165/197/333 167/198/336 168/201/339
f  165/197/334 168/201/340 166/195/335
f  166/195/335 168/201/340 169/199/341
f  166/195/331 169/199/337 164/196/332
f  167/198/336 170/202/342 168/201/339
f  167/200/338 172/203/343 170/204/344
f  168/201/339 170/202/342 171/205/345
f  168/201/340 171/205/346 169/199/341
f  169/199/341 171/205/346 172/203/347
f  169/199/337 172/203/343 167/200/338
f  173/55/348 176/61/349 174/206/350
f  173/57/351 178/207/352 176/63/353
f  174/206/350 176/61/349 177/208/354
f  174/206/355 177/208/356 175/209/357
f  175/209/357 177/208/356 178/207/358
f  175/209/359 178/207/352 173/57/351
f  176/61/349 179/67/360 177/208/354
f  176/63/353 181/210/361 179/69/362
f  177/208/354 179/67/360 180/211/363
f  177/208/356 180/211/364 178/207/358
f  178/207/358 180/211/364 181/210/365
f  178/207/352 181/210/361 176/63/353
f  179/67/360 182/73/366 180/211/363
f  179/69/362 184/113/367 182/75/368
f  180/211/363 182/73/366 183/110/369
f  180/211/364 183/110/370 181/210/365
f  181/210/365 183/110/370 184/113/371
f  181/210/361 184/113/367 179/69/362
f  182/73/366 185/79/372 183/110/369
f  182/75/368 187/111/373 185/81/374
f  183/110/369 185/79/372 186/112/375
f  183/110/370 186/112/376 184/113/371
f  184/113/371 186/112/376 187/111/377
f  184/113/367 187/111/373 182/75/368
f  185/79/372 188/85/378 186/112/375
f  185/81/374 190/114/379 188/87/380
f  186/112/375 188/85/378 189/115/381
f  186/112/376 189/115/382 187/111/377
f  187/111/377 189/115/382 190/114/383
f  187/111/373 190/114/379 185/81/374
f  188/85/378 191/91/384 189/115/381
f  188/87/380 193/116/385 191/93/386
f  189/115/381 191/91/384 192/117/387
f  189/115/382 192/117/388 190/114/383
f  190/114/383 192/117/388 193/116/389
f  190/114/379 193/116/385 188/87/380
f  191/91/384 194/97/390 192/117/387
f  191/93/386 196/118/391 194/99/392
f  192/117/387 194/97/390 195/119/393
f  192/117/388 195/119/394 193/116/389
f  193/116/389 195/119/394 196/118/395
f  193/116/385 196/118/391 191/93/386
f  194/97/390 197/103/396 195/119/393
f  194/99/392 199/120/397 197/105/398
f  195/119/393 197/103/396 198/121/399
f  195/119/394 198/121/400 196/118/395
f  196/118/395 198/121/400 199/120/401
f  196/118/391 199/120/397 194/99/392
f  197/103/396 200/122/402 198/121/399
f  197/105/398 202/123/403 200/124/404
f  198/121/399 200/122/402 201/125/405
f  198/121/400 201/125/406 199/120/401
f  199/120/401 201/125/406 202/123/407
f  199/120/397 202/123/403 197/105/398
f  200/122/402 203/126/408 201/125/405
f  200/124/404 205/127/409 203/128/410
f  201/125/405 203/126/408 204/129/411
f  201/125/406 204/129/412 202/123/407
f  202/123/407 204/129/412 205/127/413
f  202/123/403 205/127/409 200/124/404
f  203/126/408 206/130/414 204/129/411
f  203/128/410 208/131/415 206/132/416
f  204/129/411 206/130/414 207/133/417
f  204/129/412 207/133/418 205/127/413
f  205/127/413 207/133/418 208/131/419
f  205/127/409 208/131/415 203/128/410
f  206/130/414 209/134/420 207/133/417
f  206/132/416 211/135/421 209/136/422
f  207/133/417 209/134/420 210/137/423
f  207/133/418 210/137/424 208/131/419
f  208/131/419 210/137/424 211/135/425
f  208/131/415 211/135/421 206/132/416
f  209/134/420 212/138/426 210/137/423
f  209/136/422 214/139/427 212/140/428
f  210/137/423 212/138/426 213/141/429
f  210/137/424 213/141/430 211/135/425
f  211/135/425 213/141/430 214/139/431
f  211/135/421 214/139/427 209/136/422
f  212/138/426 215/142/432 213/141/429
f  212/140/428 217/143/433 215/144/434
f  213/141/429 215/142/432 216/145/435
f  213/141/430 216/145/436 214/139/431
f  214/139/431 216/145/436 217/143/437
f  214/139/427 217/143/433 212/140/428
f  215/142/432 218/146/438 216/145/435
f  215/144/434 220/147/439 218/148/440
f  216/145/435 218/146/438 219/149/441
f  216/145/436 219/149/442 217/143/437
f  217/143/437 219/149/442 220/147/443
f  217/143/433 220/147/439 215/144/434
f  218/146/438 221/150/444 219/149/441
f  218/148/440 223/151/445 221/152/446
f  219/149/441 221/150/444 222/153/447
f  219/149/442 222/153/448 220/147/443
f  220/147/443 222/153/448 223/151/449
f  220/147/439 223/151/445 218/148/440
f  221/150/444 224/154/450 222/153/447
f  221/152/446 226/155/451 224/156/452
f  222/153/447 224/154/450 225/157/453
f  222/153/448 225/157/454 223/151/449
f  223/151/449 225/157/454 226/155/455
f  223/151/445 226/155/451 221/152/446
f  224/154/450 227/158/456 225/157/453
f  224/156/452 229/159/457 227/160/458
f  225/157/453 227/158/456 228/161/459
f  225/157/454 228/161/460 226/155/455
f  226/155/455 228/161/460 229/159/461
f  226/155/451 229/159/457 224/156/452
f  227/158/456 230/162/462 228/161/459
f  227/160/458 232/163/463 230/164/464
f  228/161/459 230/162/462 231/165/465
f  228/161/460 231/165/466 229/159/461
f  229/159/461 231/165/466 232/163/467
f  229/159/457 232/163/463 227/160/458
f  230/162/462 233/166/468 231/165/465
f  230/164/464 235/167/469 233/168/470
f  231/165/465 233/166/468 234/169/471
f  231/165/466 234/169/472 232/163/467
f  232/163/467 234/169/472 235/167/473
f  232/163/463 235/167/469 230/164/464
f  233/166/468 236/170/474 234/169/471
f  233/168/470 238/171/475 236/172/476
f  234/169/471 236/170/474 237/173/477
f  234/169/472 237/173/478 235/167/473
f  235/167/473 237/173/478 238/171/479
f  235/167/469 238/171/475 233/168/470
f  236/170/474 239/174/480 237/173/477
f  236/172/476 241/175/481 239/176/482
f  237/173/477 239/174/480 240/177/483
f  237/173/478 240/177/484 238/171/479
f  238/171/479 240/177/484 241/175/485
f  238/171/475 241/175/481 236/172/476
f  239/174/480 242/178/486 240/177/483
f  239/176/482 244/179/487 242/180/488
f  240/177/483 242/178/486 243/181/489
f  240/177/484 243/181/490 241/175/485
f  241/175/485 243/181/490 244/179/491
f  241/175/481 244/179/487 239/176/482
f  245/31/492 248/37/493 246/212/494
f  245/33/495 250/213/496 248/39/497
f  246/212/494 248/37/493 249/214/498
f  246/212/499 249/214/500 247/215/501
f  247/215/501 249/214/500 250/213/502
f  247/215/503 250/213/496 245/33/495
f  248/37/493 251/43/504 249/214/498
f  248/39/497 253/216/505 251/45/506
f  249/214/498 251/43/504 252/217/507
f  249/214/500 252/217/508 250/213/502
f  250/213/502 252/217/508 253/216/509
f  250/213/496 253/216/505 248/39/497
f  251/43/504 254/49/510 252/217/507
f  251/45/506 256/218/511 254/51/512
f  252/217/507 254/49/510 255/219/513
f  252/217/508 255/219/514 253/216/509
f  253/216/509 255/219/514 256/218/515
f  253/216/505 256/218/511 251/45/506
f  254/49/510 257/55/516 255/219/513
f  254/51/512 259/209/517 257/57/518
f  255/219/513 257/55/516 258/206/519
f  255/219/514 258/206/520 256/218/515
f  256/218/515 258/206/520 259/209/521
f  256/218/511 259/209/517 254/51/512
f  257/55/516 260/61/522 258/206/519
f  257/57/518 262/207/523 260/63/524
f  258/206/519 260/61/522 261/208/525
f  258/206/520 261/208/526 259/209/521
f  259/209/521 261/208/526 262/207/527
f  259/209/517 262/207/523 257/57/518
f  260/61/522 263/67/528 261/208/525
f  260/63/524 265/210/529 263/69/530
f  261/208/525 263/67/528 264/211/531
f  261/208/526 264/211/532 262/207/527
f  262/207/527 264/211/532 265/210/533
f  262/207/523 265/210/529 260/63/524
f  263/67/528 266/73/534 264/211/531
f  263/69/530 268/113/535 266/75/536
f  264/211/531 266/73/534 267/110/537
f  264/211/532 267/110/538 265/210/533
f  265/210/533 267/110/538 268/113/539
f  265/210/529 268/113/535 263/69/530
f  266/73/534 269/79/540 267/110/537
f  266/75/536 271/111/541 269/81/542
f  267/110/537 269/79/540 270/112/543
f  267/110/538 270/112/544 268/113/539
f  268/113/539 270/112/544 271/111/545
f  268/113/535 271/111/541 266/75/536
f  269/79/540 272/85/546 270/112/543
f  269/81/542 274/114/547 272/87/548
f  270/112/543 272/85/546 273/115/549
f  270/112/544 273/115/550 271/111/545
f  271/111/545 273/115/550 274/114/551
f  271/111/541 274/114/547 269/81/542
f  272/85/546 275/91/552 273/115/549
f  272/87/548 277/116/553 275/93/554
f  273/115/549 275/91/552 276/117/555
f  273/115/550 276/117/556 274/114/551
f  274/114/551 276/117/556 277/116/557
f  274/114/547 277/116/553 272/87/548
f  275/91/552 278/97/558 276/117/555
f  275/93/554 280/118/559 278/99/560
f  276/117/555 278/97/558 279/119/561
f  276/117/556 279/119/562 277/116/557
f  277/116/557 279/119/562 280/118/563
f  277/116/553 280/118/559 275/93/554
f  278/97/558 281/103/564 279/119/561
f  278/99/560 283/120/565 281/105/566
f  279/119/561 281/103/564 282/121/567
f  279/119/562 282/121/568 280/118/563
f  280/118/563 282/121/568 283/120/569
f  280/118/559 283/120/565 278/99/560
f  281/103/564 284/122/570 282/121/567
f  281/105/566 286/123/571 284/124/572
f  282/121/567 284/122/570 285/125/573
f  282/121/568 285/125/574 283/120/569
f  283/120/569 285/125/574 286/123/575
f  283/120/565 286/123/571 281/105/566
f  284/122/570 287/126/576 285/125/573
f  284/124/572 289/127/577 287/128/578
f  285/125/573 287/126/576 288/129/579
f  285/125/574 288/129/580 286/123/575
f  286/123/575 288/129/580 289/127/581
f  286/123/571 289/127/577 284/124/572
f  287/126/576 290/130/582 288/129/579
f  287/128/578 292/131/583 290/132/584
f  288/129/579 290/130/582 291/133/585
f  288/129/580 291/133/586 289/127/581
f  289/127/581 291/133/586 292/131/587
f  289/127/577 292/131/583 287/128/578
f  290/130/582 293/134/588 291/133/585
f  290/132/584 295/135/589 293/136/590
f  291/133/585 293/134/588 294/137/591
f  291/133/586 294/137/592 292/131/587
f  292/131/587 294/137/592 295/135/593
f  292/131/583 295/135/589 290/132/584
f  293/134/588 296/138/594 294/137/591
f  293/136/590 298/139/595 296/140/596
f  294/137/591 296/138/594 297/141/597
f  294/137/592 297/141/598 295/135/593
f  295/135/593 297/141/598 298/139/599
f  295/135/589 298/139/595 293/136/590
f  296/138/594 299/142/600 297/141/597
f  296/140/596 301/143/601 299/144/602
f  297/141/597 299/142/600 300/145/603
f  297/141/598 300/145/604 298/139/599
f  298/139/599 300/145/604 301/143/605
f  298/139/595 301/143/601 296/140/596
f  299/142/600 302/146/606 300/145/603
f  299/144/602 304/147/607 302/148/608
f  300/145/603 302/146/606 303/149/609
f  300/145/604 303/149/610 301/143/605
f  301/143/605 303/149/610 304/147/611
f  301/143/601 304/147/607 299/144/602
f  302/146/606 305/150/612 303/149/609
f  302/148/608 307/151/613 305/152/614
f  303/149/609 305/150/612 306/153/615
f  303/149/610 306/153/616 304/147/611
f  304/147/611 306/153/616 307/151/617
f  304/147/607 307/151/613 302/148/608
f  170/202/342 308/220/618 171/205/345
f  170/204/344 310/221/619 308/222/620
f  171/205/345 308/220/618 309/223/621
f  171/205/346 309/223/622 172/203/347
f  172/203/347 309/223/622 310/221/623
f  172/203/343 310/221/619 170/204/344
f  308/220/618 311/224/624 309/223/621
f  308/222/620 313/225/625 311/226/626
f  309/223/621 311/224/624 312/227/627
f  309/223/622 312/227/628 310/221/623
f  310/221/623 312/227/628 313/225/629
f  310/221/619 313/225/625 308/222/620
f  311/224/624 314/228/630 312/227/627
f  311/226/626 316/229/631 314/230/632
f  312/227/627 314/228/630 315/231/633
f  312/227/628 315/231/634 313/225/629
f  313/225/629 315/231/634 316/229/635
f  313/225/625 316/229/631 311/226/626
f  314/228/630 317/232/636 315/231/633
f  314/230/632 319/233/637 317/234/638
f  315/231/633 317/232/636 318/235/639
f  315/231/634 318/235/640 316/229/635
f  316/229/635 318/235/640 319/233/641
f  316/229/631 319/233/637 314/230/632
f  317/232/636 320/236/642 318/235/639
f  317/234/638 322/237/643 320/238/644
f  318/235/639 320/236/642 321/239/645
f  318/235/640 321/239/646 319/233/641
f  319/233/641 321/239/646 322/237/647
f  319/233/637 322/237/643 317/234/638
f  320/236/642 323/240/648 321/239/645
f  320/238/644 325/241/649 323/242/650
f  321/239/645 323/240/648 324/243/651
f  321/239/646 324/243/652 322/237/647
f  322/237/647 324/243/652 325/241/653
f  322/237/643 325/241/649 320/238/644
f  323/240/648 326/244/654 324/243/651
f  323/242/650 328/245/655 326/246/656
f  324/243/651 326/244/654 327/247/657
f  324/243/652 327/247/658 325/241/653
f  325/241/653 327/247/658 328/245/659
f  325/241/649 328/245/655 323/242/650
f  326/244/654 329/248/660 327/247/657
f  326/246/656 331/249/661 329/250/662
f  327/247/657 329/248/660 330/251/663
f  327/247/658 330/251/664 328/245/659
f  328/245/659 330/251/664 331/249/665
f  328/245/655 331/249/661 326/246/656
f  329/248/660 332/252/666 330/251/663
f  329/250/662 334/253/667 332/254/668
f  330/251/663 332/252/666 333/255/669
f  330/251/664 333/255/670 331/249/665
f  331/249/665 333/255/670 334/253/671
f  331/249/661 334/253/667 329/250/662
f  332/252/666 335/256/672 333/255/669
f  332/254/668 337/257/673 335/258/674
f  333/255/669 335/256/672 336/259/675
f  333/255/670 336/259/676 334/253/671
f  334/253/671 336/259/676 337/257/677
f  334/253/667 337/257/673 332/254/668
f  335/256/672 338/260/678 336/259/675
f  335/258/674 340/261/679 338/262/680
f  336/259/675 338/260/678 339/263/681
f  336/259/676 339/263/682 337/257/677
f  337/257/677 339/263/682 340/261/683
f  337/257/673 340/261/679 335/258/674
f  338/260/678 341/264/684 339/263/681
f  338/262/680 343/265/685 341/266/686
f  339/263/681 341/264/684 342/267/687
f  339/263/682 342/267/688 340/261/683
f  340/261/683 342/267/688 343/265/689
f  340/261/679 343/265/685 338/262/680
f  341/264/684 344/268/690 342/267/687
f  341/266/686 346/269/691 344/270/692
f  342/267/687 344/268/690 345/271/693
f  342/267/688 345/271/694 343/265/689
f  343/265/689 345/271/694 346/269/695
f  343/265/685 346/269/691 341/266/686
f  344/268/690 347/272/696 345/271/693
f  344/270/692 349/273/697 347/274/698
f  345/271/693 347/272/696 348/275/699
f  345/271/694 348/275/700 346/269/695
f  346/269/695 348/275/700 349/273/701
f  346/269/691 349/273/697 344/270/692
f  347/272/696 350/276/702 348/275/699
f  347/274/698 352/277/703 350/278/704
f  348/275/699 350/276/702 351/279/705
f  348/275/700 351/279/706 349/273/701
f  349/273/701 351/279/706 352/277/707
f  349/273/697 352/277/703 347/274/698
f  350/276/702 353/280/708 351/279/705
f  350/278/704 355/281/709 353/282/710
f  351/279/705 353/280/708 354/283/711
f  351/279/706 354/283/712 352/277/707
f  352/277/707 354/283/712 355/281/713
f  352/277/703 355/281/709 350/278/704
f  353/280/708 356/284/714 354/283/711
f  353/282/710 358/285/715 356/286/716
f  354/283/711 356/284/714 357/287/717
f  354/283/712 357/287/718 355/281/713
f  355/281/713 357/287/718 358/285/719
f  355/281/709 358/285/715 353/282/710
f  356/284/714 359/288/720 357/287/717
f  356/286/716 361/289/721 359/290/722
f  357/287/717 359/288/720 360/291/723
f  357/287/718 360/291/724 358/285/719
f  358/285/719 360/291/724 361/289/725
f  358/285/715 361/289/721 356/286/716
f  359/288/720 362/292/726 360/291/723
f  359/290/722 364/293/727 362/294/728
f  360/291/723 362/292/726 363/295/729
f  360/291/724 363/295/730 361/289/725
f  361/289/725 363/295/730 364/293/731
f  361/289/721 364/293/727 359/290/722
f  362/292/726 365/296/732 363/295/729
f  362/294/728 367/297/733 365/298/734
f  363/295/729 365/296/732 366/299/735
f  363/295/730 366/299/736 364/293/731
f  364/293/731 366/299/736 367/297/737
f  364/293/727 367/297/733 362/294/728
f  242/178/486 368/182/738 243/181/489
f  242/180/488 370/183/739 368/184/740
f  243/181/489 368/182/738 369/185/741
f  243/181/490 369/185/742 244/179/491
f  244/179/491 369/185/742 370/183/743
f  244/179/487 370/183/739 242/180/488
f  368/182/738 371/186/744 369/185/741
f  368/184/740 373/187/745 371/188/746
f  369/185/741 371/186/744 372/189/747
f  369/185/742 372/189/748 370/183/743
f  370/183/743 372/189/748 373/187/749
f  370/183/739 373/187/745 368/184/740
f  371/186/744 374/190/750 372/189/747
f  371/188/746 376/191/751 374/192/752
f  372/189/747 374/190/750 375/193/753
f  372/189/748 375/193/754 373/187/749
f  373/187/749 375/193/754 376/191/755
f  373/187/745 376/191/751 371/188/746
f  374/190/750 377/194/756 375/193/753
f  374/192/752 379/195/757 377/196/758
f  375/193/753 377/194/756 378/197/759
f  375/193/754 378/197/760 376/191/755
f  376/191/755 378/197/760 379/195/761
f  376/191/751 379/195/757 374/192/752
f  377/194/756 380/198/762 378/197/759
f  377/196/758 382/199/763 380/200/764
f  378/197/759 380/198/762 381/201/765
f  378/197/760 381/201/766 379/195/761
f  379/195/761 381/201/766 382/199/767
f  379/195/757 382/199/763 377/196/758
f  380/198/762 383/202/768 381/201/765
f  380/200/764 385/203/769 383/204/770
f  381/201/765 383/202/768 384/205/771
f  381/201/766 384/205/772 382/199/767
f  382/199/767 384/205/772 385/203/773
f  382/199/763 385/203/769 380/200/764
f  383/202/768 386/220/774 384/205/771
f  383/204/770 388/221/775 386/222/776
f  384/205/771 386/220/774 387/223/777
f  384/205/772 387/223/778 385/203/773
f  385/203/773 387/223/778 388/221/779
f  385/203/769 388/221/775 383/204/770
f  386/220/774 389/224/780 387/223/777
f  386/222/776 391/225/781 389/226/782
f  387/223/777 389/224/780 390/227/783
f  387/223/778 390/227/784 388/221/779
f  388/221/779 390/227/784 391/225/785
f  388/221/775 391/225/781 386/222/776
f  389/224/780 392/228/786 390/227/783
f  389/226/782 394/229/787 392/230/788
f  390/227/783 392/228/786 393/231/789
f  390/227/784 393/231/790 391/225/785
f  391/225/785 393/231/790 394/229/791
f  391/225/781 394/229/787 389/226/782
f  392/228/786 395/232/792 393/231/789
f  392/230/788 397/233/793 395/234/794
f  393/231/789 395/232/792 396/235/795
f  393/231/790 396/235/796 394/229/791
f  394/229/791 396/235/796 397/233/797
f  394/229/787 397/233/793 392/230/788
f  395/232/792 398/236/798 396/235/795
f  395/234/794 400/237/799 398/238/800
f  396/235/795 398/236/798 399/239/801
f  396/235/796 399/239/802 397/233/797
f  397/233/797 399/239/802 400/237/803
f  397/233/793 400/237/799 395/234/794
f  398/236/798 401/240/804 399/239/801
f  398/238/800 403/241/805 401/242/806
f  399/239/801 401/240/804 402/243/807
f  399/239/802 402/243/808 400/237/803
f  400/237/803 402/243/808 403/241/809
f  400/237/799 403/241/805 398/238/800
f  401/240/804 404/244/810 402/243/807
f  401/242/806 406/245/811 404/246/812
f  402/243/807 404/244/810 405/247/813
f  402/243/808 405/247/814 403/241/809
f  403/241/809 405/247/814 406/245/815
f  403/241/805 406/245/811 401/242/806
f  404/244/810 407/248/816 405/247/813
f  404/246/812 409/249/817 407/250/818
f  405/247/813 407/248/816 408/251/819
f  405/247/814 408/251/820 406/245/815
f  406/245/815 408/251/820 409/249/821
f  406/245/811 409/249/817 404/246/812
f  407/248/816 410/252/822 408/251/819
f  407/250/818 412/253/823 410/254/824
f  408/251/819 410/252/822 411/255/825
f  408/251/820 411/255/826 409/249/821
f  409/249/821 411/255/826 412/253/827
f  409/249/817 412/253/823 407/250/818
f  410/252/822 413/256/828 411/255/825
f  410/254/824 415/257/829 413/258/830
f  411/255/825 413/256/828 414/259/831
f  411/255/826 414/259/832 412/253/827
f  412/253/827 414/259/832 415/257/833
f  412/253/823 415/257/829 410/254/824
f  413/256/828 416/260/834 414/259/831
f  413/258/830 418/261/835 416/262/836
f  414/259/831 416/260/834 417/263/837
f  414/259/832 417/263/838 415/257/833
f  415/257/833 417/263/838 418/261/839
f  415/257/829 418/261/835 413/258/830
f  416/260/834 419/264/840 417/263/837
f  416/262/836 421/265/841 419/266/842
f  417/263/837 419/264/840 420/267/843
f  417/263/838 420/267/844 418/261/839
f  418/261/839 420/267/844 421/265/845
f  418/261/835 421/265/841 416/262/836
f  419/264/840 422/268/846 420/267/843
f  419/266/842 424/269/847 422/270/848
f  420/267/843 422/268/846 423/271/849
f  420/267/844 423/271/850 421/265/845
f  421/265/845 423/271/850 424/269/851
f  421/265/841 424/269/847 419/266/842
f  422/268/846 425/272/852 423/271/849
f  422/270/848 427/273/853 425/274/854
f  423/271/849 425/272/852 426/275/855
f  423/271/850 426/275/856 424/269/851
f  424/269/851 426/275/856 427/273/857
f  424/269/847 427/273/853 422/270/848
f  425/272/852 428/276/858 426/275/855
f  425/274/854 430/277/859 428/278/860
f  426/275/855 428/276/858 429/279/861
f  426/275/856 429/279/862 427/273/857
f  427/273/857 429/279/862 430/277/863
f  427/273/853 430/277/859 425/274/854
f  428/276/858 431/280/864 429/279/861
f  428/278/860 433/281/865 431/282/866
f  429/279/861 431/280/864 432/283/867
f  429/279/862 432/283/868 430/277/863
f  430/277/863 432/283/868 433/281/869
f  430/277/859 433/281/865 428/278/860
f  431/280/864 434/284/870 432/283/867
f  431/282/866 436/285/871 434/286/872
f  432/283/867 434/284/870 435/287/873
f  432/283/868 435/287/874 433/281/869
f  433/281/869 435/287/874 436/285/875
f  433/281/865 436/285/871 431/282/866
f  434/284/870 437/288/876 435/287/873
f  434/286/872 439/289/877 437/290/878
f  435/287/873 437/288/876 438/291/879
f  435/287/874 438/291/880 436/285/875
f  436/285/875 438/291/880 439/289/881
f  436/285/871 439/289/877 434/286/872
f  437/288/876 440/292/882 438/291/879
f  437/290/878 442/293/883 440/294/884
f  438/291/879 440/292/882 441/295/885
f  438/291/880 441/295/886 439/289/881
f  439/289/881 441/295/886 442/293/887
f  439/289/877 442/293/883 437/290/878
f  440/292/882 443/296/888 441/295/885
f  440/294/884 445/297/889 443/298/890
f  441/295/885 443/296/888 444/299/891
f  441/295/886 444/299/892 442/293/887
f  442/293/887 444/299/892 445/297/893
f  442/293/883 445/297/889 440/294/884
f  443/296/888 446/300/894 444/299/891
f  443/298/890 448/301/895 446/302/896
f  444/299/891 446/300/894 447/303/897
f  444/299/892 447/303/898 445/297/893
f  445/297/893 447/303/898 448/301/899
f  445/297/889 448/301/895 443/298/890
f  446/300/894 449/304/900 447/303/897
f  446/302/896 451/305/901 449/306/902
f  447/303/897 449/304/900 450/307/903
f  447/303/898 450/307/904 448/301/899
f  448/301/899 450/307/904 451/305/905
f  448/301/895 451/305/901 446/302/896
f  449/304/900 452/308/906 450/307/903
f  449/306/902 454/309/907 452/310/908
f  450/307/903 452/308/906 453/311/909
f  450/307/904 453/311/910 451/305/905
f  451/305/905 453/311/910 454/309/911
f  451/305/901 454/309/907 449/306/902
f  452/308/906 455/312/912 453/311/909
f  452/310/908 457/313/913 455/314/914
f  453/311/909 455/312/912 456/315/915
f  453/311/910 456/315/916 454/309/911
f  454/309/911 456/315/916 457/313/917
f  454/309/907 457/313/913 452/310/908
f  455/312/912 458/316/918 456/315/915
f  455/314/914 460/317/919 458/318/920
f  456/315/915 458/316/918 459/319/921
f  456/315/916 459/319/922 457/313/917
f  457/313/917 459/319/922 460/317/923
f  457/313/913 460/317/919 455/314/914
f  458/316/918 461/320/924 459/319/921
f  458/318/920 463/321/925 461/322/926
f  459/319/921 461/320/924 462/323/927
f  459/319/922 462/323/928 460/317/923
f  460/317/923 462/323/928 463/321/929
f  460/317/919 463/321/925 458/318/920
f  461/320/924 464/324/930 462/323/927
f  461/322/926 466/325/931 464/326/932
f  462/323/927 464/324/930 465/327/933
f  462/323/928 465/327/934 463/321/929
f  463/321/929 465/327/934 466/325/935
f  463/321/925 466/325/931 461/322/926
f  464/324/930 467/328/936 465/327/933
f  464/326/932 469/329/937 467/330/938
f  465/327/933 467/328/936 468/331/939
f  465/327/934 468/331/940 466/325/935
f  466/325/935 468/331/940 469/329/941
f  466/325/931 469/329/937 464/326/932
f  467/328/936 470/332/942 468/331/939
f  467/330/938 472/333/943 470/334/944
f  468/331/939 470/332/942 471/335/945
f  468/331/940 471/335/946 469/329/941
f  469/329/941 471/335/946 472/333/947
f  469/329/937 472/333/943 467/330/938
f  470/332/942 473/336/948 471/335/945
f  470/334/944 475/337/949 473/338/950
f  471/335/945 473/336/948 474/339/951
f  471/335/946 474/339/952 472/333/947
f  472/333/947 474/339/952 475/337/953
f  472/333/943 475/337/949 470/334/944
f  473/336/948 476/340/954 474/339/951
f  473/338/950 478/341/955 476/342/956
f  474/339/951 476/340/954 477/343/957
f  474/339/952 477/343/958 475/337/953
f  475/337/953 477/343/958 478/341/959
f  475/337/949 478/341/955 473/338/950
f  476/340/954 479/344/960 477/343/957
f  476/342/956 481/345/961 479/346/962
f  477/343/957 479/344/960 480/347/963
f  477/343/958 480/347/964 478/341/959
f  478/341/959 480/347/964 481/345/965
f  478/341/955 481/345/961 476/342/956
f  479/344/960 482/348/966 480/347/963
f  479/346/962 484/349/967 482/350/968
f  480/347/963 482/348/966 483/351/969
f  480/347/964 483/351/970 481/345/965
f  481/345/965 483/351/970 484/349/971
f  481/345/961 484/349/967 479/346/962
f  482/348/966 485/352/972 483/351/969
f  482/350/968 487/353/973 485/354/974
f  483/351/969 485/352/972 486/355/975
f  483/351/970 486/355/976 484/349/971
f  484/349/971 486/355/976 487/353/977
f  484/349/967 487/353/973 482/350/968
f  485/352/972 488/356/978 486/355/975
f  485/354/974 490/357/979 488/358/980
f  486/355/975 488/356/978 489/359/981
f  486/355/976 489/359/982 487/353/977
f  487/353/977 489/359/982 490/357/983
f  487/353/973 490/357/979 485/354/974
f  488/356/978 491/360/984 489/359/981
f  488/358/980 493/361/985 491/362/986
f  489/359/981 491/360/984 492/363/987
f  489/359/982 492/363/988 490/357/983
f  490/357/983 492/363/988 493/361/989
f  490/357/979 493/361/985 488/358/980
f  491/360/984 494/364/990 492/363/987
f  491/362/986 496/365/991 494/366/992
f  492/363/987 494/364/990 495/367/993
f  492/363/988 495/367/994 493/361/989
f  493/361/989 495/367/994 496/365/995
f  493/361/985 496/365/991 491/362/986
f  494/364/990 497/368/996 495/367/993
f  494/366/992 499/369/997 497/370/998
f  495/367/993 497/368/996 498/371/999
f  495/367/994 498/371/1000 496/365/995
f  496/365/995 498/371/1000 499/369/1001
f  496/365/991 499/369/997 494/366/992
f  497/368/996 500/372/1002 498/371/999
f  497/370/998 502/373/1003 500/374/1004
f  498/371/999 500/372/1002 501/375/1005
f  498/371/1000 501/375/1006 499/369/1001
f  499/369/1001 501/375/1006 502/373/1007
f  499/369/997 502/373/1003 497/370/998
f  500/372/1002 503/376/1008 501/375/1005
f  500/374/1004 505/377/1009 503/378/1010
f  501/375/1005 503/376/1008 504/379/1011
f  501/375/1006 504/379/1012 502/373/1007
f  502/373/1007 504/379/1012 505/377/1013
f  502/373/1003 505/377/1009 500/374/1004
f  503/376/1008 506/380/1014 504/379/1011
f  503/378/1010 508/381/1015 506/382/1016
f  504/379/1011 506/380/1014 507/383/1017
f  504/379/1012 507/383/1018 505/377/1013
f  505/377/1013 507/383/1018 508/381/1019
f  505/377/1009 508/381/1015 503/378/1010
f  506/380/1014 509/384/1020 507/383/1017
f  506/382/1016 511/385/1021 509/386/1022
f  507/383/1017 509/384/1020 510/387/1023
f  507/383/1018 510/387/1024 508/381/1019
f  508/381/1019 510/387/1024 511/385/1025
f  508/381/1015 511/385/1021 506/382/1016
f  509/384/1020 512/388/1026 510/387/1023
f  509/386/1022 514/389/1027 512/390/1028
f  510/387/1023 512/388/1026 513/391/1029
f  510/387/1024 513/391/1030 511/385/1025
f  511/385/1025 513/391/1030 514/389/1031
f  511/385/1021 514/389/1027 509/386/1022
f  305/150/612 515/154/1032 306/153/615
f  305/152/614 517/155/1033 515/156/1034
f  306/153/615 515/154/1032 516/157/1035
f  306/153/616 516/157/1036 307/151/617
f  307/151/617 516/157/1036 517/155/1037
f  307/151/613 517/155/1033 305/152/614
f  515/154/1032 518/158/1038 516/157/1035
f  515/156/1034 520/159/1039 518/160/1040
f  516/157/1035 518/158/1038 519/161/1041
f  516/157/1036 519/161/1042 517/155/1037
f  517/155/1037 519/161/1042 520/159/1043
f  517/155/1033 520/159/1039 515/156/1034
f  518/158/1038 521/162/1044 519/161/1041
f  518/160/1040 523/163/1045 521/164/1046
f  519/161/1041 521/162/1044 522/165/1047
f  519/161/1042 522/165/1048 520/159/1043
f  520/159/1043 522/165/1048 523/163/1049
f  520/159/1039 523/163/1045 518/160/1040
f  521/162/1044 524/166/1050 522/165/1047
f  521/164/1046 526/167/1051 524/168/1052
f  522/165/1047 524/166/1050 525/169/1053
f  522/165/1048 525/169/1054 523/163/1049
f  523/163/1049 525/169/1054 526/167/1055
f  523/163/1045 526/167/1051 521/164/1046
f  524/166/1050 527/170/1056 525/169/1053
f  524/168/1052 529/171/1057 527/172/1058
f  525/169/1053 527/170/1056 528/173/1059
f  525/169/1054 528/173/1060 526/167/1055
f  526/167/1055 528/173/1060 529/171/1061
f  526/167/1051 529/171/1057 524/168/1052
f  527/170/1056 530/174/1062 528/173/1059
f  527/172/1058 532/175/1063 530/176/1064
f  528/173/1059 530/174/1062 531/177/1065
f  528/173/1060 531/177/1066 529/171/1061
f  529/171/1061 531/177/1066 532/175/1067
f  529/171/1057 532/175/1063 527/172/1058
f  530/174/1062 533/178/1068 531/177/1065
f  530/176/1064 535/179/1069 533/180/1070
f  531/177/1065 533/178/1068 534/181/1071
f  531/177/1066 534/181/1072 532/175/1067
f  532/175/1067 534/181/1072 535/179/1073
f  532/175/1063 535/179/1069 530/176/1064
f  533/178/1068 536/182/1074 534/181/1071
f  533/180/1070 538/183/1075 536/184/1076
f  534/181/1071 536/182/1074 537/185/1077
f  534/181/1072 537/185/1078 535/179/1073
f  535/179/1073 537/185/1078 538/183/1079
f  535/179/1069 538/183/1075 533/180/1070
f  536/182/1074 539/186/1080 537/185/1077
f  536/184/1076 541/187/1081 539/188/1082
f  537/185/1077 539/186/1080 540/189/1083
f  537/185/1078 540/189/1084 538/183/1079
f  538/183/1079 540/189/1084 541/187/1085
f  538/183/1075 541/187/1081 536/184/1076
f  539/186/1080 542/190/1086 540/189/1083
f  539/188/1082 544/191/1087 542/192/1088
f  540/189/1083 542/190/1086 543/193/1089
f  540/189/1084 543/193/1090 541/187/1085
f  541/187/1085 543/193/1090 544/191/1091
f  541/187/1081 544/191/1087 539/188/1082
f  542/190/1086 545/194/1092 543/193/1089
f  542/192/1088 547/195/1093 545/196/1094
f  543/193/1089 545/194/1092 546/197/1095
f  543/193/1090 546/197/1096 544/191/1091
f  544/191/1091 546/197/1096 547/195/1097
f  544/191/1087 547/195/1093 542/192/1088
f  545/194/1092 548/198/1098 546/197/1095
f  545/196/1094 550/199/1099 548/200/1100
f  546/197/1095 548/198/1098 549/201/1101
f  546/197/1096 549/201/1102 547/195/1097
f  547/195/1097 549/201/1102 550/199/1103
f  547/195/1093 550/199/1099 545/196/1094
f  548/198/1098 551/202/1104 549/201/1101
f  548/200/1100 553/203/1105 551/204/1106
f  549/201/1101 551/202/1104 552/205/1107
f  549/201/1102 552/205/1108 550/199/1103
f  550/199/1103 552/205/1108 553/203/1109
f  550/199/1099 553/203/1105 548/200/1100
f  551/202/1104 554/220/1110 552/205/1107
f  551/204/1106 556/221/1111 554/222/1112
f  552/205/1107 554/220/1110 555/223/1113
f  552/205/1108 555/223/1114 553/203/1109
f  553/203/1109 555/223/1114 556/221/1115
f  553/203/1105 556/221/1111 551/204/1106
f  554/220/1110 557/224/1116 555/223/1113
f  554/222/1112 559/225/1117 557/226/1118
f  555/223/1113 557/224/1116 558/227/1119
f  555/223/1114 558/227/1120 556/221/1115
f  556/221/1115 558/227/1120 559/225/1121
f  556/221/1111 559/225/1117 554/222/1112
f  557/224/1116 560/228/1122 558/227/1119
f  557/226/1118 562/229/1123 560/230/1124
f  558/227/1119 560/228/1122 561/231/1125
f  558/227/1120 561/231/1126 559/225/1121
f  559/225/1121 561/231/1126 562/229/1127
f  559/225/1117 562/229/1123 557/226/1118
f  560/228/1122 563/232/1128 561/231/1125
f  560/230/1124 565/233/1129 563/234/1130
f  561/231/1125 563/232/1128 564/235/1131
f  561/231/1126 564/235/1132 562/229/1127
f  562/229/1127 564/235/1132 565/233/1133
f  562/229/1123 565/233/1129 560/230/1124
f  563/232/1128 566/236/1134 564/235/1131
f  563/234/1130 568/237/1135 566/238/1136
f  564/235/1131 566/236/1134 567/239/1137
f  564/235/1132 567/239/1138 565/233/1133
f  565/233/1133 567/239/1138 568/237/1139
f  565/233/1129 568/237/1135 563/234/1130
f  566/236/1134 569/240/1140 567/239/1137
f  566/238/1136 571/241/1141 569/242/1142
f  567/239/1137 569/240/1140 570/243/1143
f  567/239/1138 570/243/1144 568/237/1139
f  568/237/1139 570/243/1144 571/241/1145
f  568/237/1135 571/241/1141 566/238/1136
f  569/240/1140 572/244/1146 570/243/1143
f  569/242/1142 574/245/1147 572/246/1148
f  570/243/1143 572/244/1146 573/247/1149
f  570/243/1144 573/247/1150 571/241/1145
f  571/241/1145 573/247/1150 574/245/1151
f  571/241/1141 574/245/1147 569/242/1142
f  572/244/1146 575/248/1152 573/247/1149
f  572/246/1148 577/249/1153 575/250/1154
f  573/247/1149 575/248/1152 576/251/1155
f  573/247/1150 576/251/1156 574/245/1151
f  574/245/1151 576/251/1156 577/249/1157
f  574/245/1147 577/249/1153 572/246/1148
f  575/248/1152 578/252/1158 576/251/1155
f  575/250/1154 580/253/1159 578/254/1160
f  576/251/1155 578/252/1158 579/255/1161
f  576/251/1156 579/255/1162 577/249/1157
f  577/249/1157 579/255/1162 580/253/1163
f  577/249/1153 580/253/1159 575/250/1154
f  578/252/1158 581/256/1164 579/255/1161
f  578/254/1160 583/257/1165 581/258/1166
f  579/255/1161 581/256/1164 582/259/1167
f  579/255/1162 582/259/1168 580/253/1163
f  580/253/1163 582/259/1168 583/257/1169
f  580/253/1159 583/257/1165 578/254/1160
f  581/256/1164 584/260/1170 582/259/1167
f  581/258/1166 586/261/1171 584/262/1172
f  582/259/1167 584/260/1170 585/263/1173
f  582/259/1168 585/263/1174 583/257/1169
f  583/257/1169 585/263/1174 586/261/1175
f  583/257/1165 586/261/1171 581/258/1166
f  584/260/1170 587/264/1176 585/263/1173
f  584/262/1172 589/265/1177 587/266/1178
f  585/263/1173 587/264/1176 588/267/1179
f  585/263/1174 588/267/1180 586/261/1175
f  586/261/1175 588/267/1180 589/265/1181
f  586/261/1171 589/265/1177 584/262/1172
f  587/264/1176 590/268/1182 588/267/1179
f  587/266/1178 592/269/1183 590/270/1184
f  588/267/1179 590/268/1182 591/271/1185
f  588/267/1180 591/271/1186 589/265/1181
f  589/265/1181 591/271/1186 592/269/1187
f  589/265/1177 592/269/1183 587/266/1178
f  590/268/1182 593/272/1188 591/271/1185
f  590/270/1184 595/273/1189 593/274/1190
f  591/271/1185 593/272/1188 594/275/1191
f  591/271/1186 594/275/1192 592/269/1187
f  592/269/1187 594/275/1192 595/273/1193
f  592/269/1183 595/273/1189 590/270/1184
f  593/272/1188 596/276/1194 594/275/1191
f  593/274/1190 598/277/1195 596/278/1196
f  594/275/1191 596/276/1194 597/279/1197
f  594/275/1192 597/279/1198 595/273/1193
f  595/273/1193 597/279/1198 598/277/1199
f  595/273/1189 598/277/1195 593/274/1190
f  596/276/1194 599/280/1200 597/279/1197
f  596/278/1196 601/281/1201 599/282/1202
f  597/279/1197 599/280/1200 600/283/1203
f  597/279/1198 600/283/1204 598/277/1199
f  598/277/1199 600/283/1204 601/281/1205
f  598/277/1195 601/281/1201 596/278/1196
f  599/280/1200 602/284/1206 600/283/1203
f  599/282/1202 604/285/1207 602/286/1208
f  600/283/1203 602/284/1206 603/287/1209
f  600/283/1204 603/287/1210 601/281/1205
f  601/281/1205 603/287/1210 604/285/1211
f  601/281/1201 604/285/1207 599/282/1202
f  602/284/1206 605/288/1212 603/287/1209
f  602/286/1208 607/289/1213 605/290/1214
f  603/287/1209 605/288/1212 606/291/1215
f  603/287/1210 606/291/1216 604/285/1211
f  604/285/1211 606/291/1216 607/289/1217
f  604/285/1207 607/289/1213 602/286/1208
f  605/288/1212 608/292/1218 606/291/1215
f  605/290/1214 610/293/1219 608/294/1220
f  606/291/1215 608/292/1218 609/295/1221
f  606/291/1216 609/295/1222 607/289/1217
f  607/289/1217 609/295/1222 610/293/1223
f  607/289/1213 610/293/1219 605/290/1214
f  608/292/1218 611/296/1224 609/295/1221
f  608/294/1220 613/297/1225 611/298/1226
f  609/295/1221 611/296/1224 612/299/1227
f  609/295/1222 612/299/1228 610/293/1223
f  610/293/1223 612/299/1228 613/297/1229
f  610/293/1219 613/297/1225 608/294/1220
f  611/296/1224 614/300/1230 612/299/1227
f  611/298/1226 616/301/1231 614/302/1232
f  612/299/1227 614/300/1230 615/303/1233
f  612/299/1228 615/303/1234 613/297/1229
f  613/297/1229 615/303/1234 616/301/1235
f  613/297/1225 616/301/1231 611/298/1226
f  614/300/1230 617/304/1236 615/303/1233
f  614/302/1232 619/305/1237 617/306/1238
f  615/303/1233 617/304/1236 618/307/1239
f  615/303/1234 618/307/1240 616/301/1235
f  616/301/1235 618/307/1240 619/305/1241
f  616/301/1231 619/305/1237 614/302/1232
f  617/304/1236 620/308/1242 618/307/1239
f  617/306/1238 622/309/1243 620/310/1244
f  618/307/1239 620/308/1242 621/311/1245
f  618/307/1240 621/311/1246 619/305/1241
f  619/305/1241 621/311/1246 622/309/1247
f  619/305/1237 622/309/1243 617/306/1238
f  620/308/1242 623/312/1248 621/311/1245
f  620/310/1244 625/313/1249 623/314/1250
f  621/311/1245 623/312/1248 624/315/1251
f  621/311/1246 624/315/1252 622/309/1247
f  622/309/1247 624/315/1252 625/313/1253
f  622/309/1243 625/313/1249 620/310/1244
f  623/312/1248 626/316/1254 624/315/1251
f  623/314/1250 628/317/1255 626/318/1256
f  624/315/1251 626/316/1254 627/319/1257
f  624/315/1252 627/319/1258 625/313/1253
f  625/313/1253 627/319/1258 628/317/1259
f  625/313/1249 628/317/1255 623/314/1250
f  626/316/1254 629/320/1260 627/319/1257
f  626/318/1256 631/321/1261 629/322/1262
f  627/319/1257 629/320/1260 630/323/1263
f  627/319/1258 630/323/1264 628/317/1259
f  628/317/1259 630/323/1264 631/321/1265
f  628/317/1255 631/321/1261 626/318/1256
f  629/320/1260 632/324/1266 630/323/1263
f  629/322/1262 634/325/1267 632/326/1268
f  630/323/1263 632/324/1266 633/327/1269
f  630/323/1264 633/327/1270 631/321/1265
f  631/321/1265 633/327/1270 634/325/1271
f  631/321/1261 634/325/1267 629/322/1262
f  632/324/1266 635/328/1272 633/327/1269
f  632/326/1268 637/329/1273 635/330/1274
f  633/327/1269 635/328/1272 636/331/1275
f  633/327/1270 636/331/1276 634/325/1271
f  634/325/1271 636/331/1276 637/329/1277
f  634/325/1267 637/329/1273 632/326/1268
f  635/328/1272 638/332/1278 636/331/1275
f  635/330/1274 640/333/1279 638/334/1280
f  636/331/1275 638/332/1278 639/335/1281
f  636/331/1276 639/335/1282 637/329/1277
f  637/329/1277 639/335/1282 640/333/1283
f  637/329/1273 640/333/1279 635/330/1274
f  638/332/1278 641/336/1284 639/335/1281
f  638/334/1280 643/337/1285 641/338/1286
f  639/335/1281 641/336/1284 642/339/1287
f  639/335/1282 642/339/1288 640/333/1283
f  640/333/1283 642/339/1288 643/337/1289
f  640/333/1279 643/337/1285 638/334/1280
f  641/336/1284 644/340/1290 642/339/1287
f  641/338/1286 646/341/1291 644/342/1292
f  642/339/1287 644/340/1290 645/343/1293
f  642/339/1288 645/343/1294 643/337/1289
f  643/337/1289 645/343/1294 646/341/1295
f  643/337/1285 646/341/1291 641/338/1286
f  644/340/1290 647/344/1296 645/343/1293
f  644/342/1292 649/345/1297 647/346/1298
f  645/343/1293 647/344/1296 648/347/1299
f  645/343/1294 648/347/1300 646/341/1295
f  646/341/1295 648/347/1300 649/345/1301
f  646/341/1291 649/345/1297 644/342/1292
f  647/344/1296 650/348/1302 648/347/1299
f  647/346/1298 652/349/1303 650/350/1304
f  648/347/1299 650/348/1302 651/351/1305
f  648/347/1300 651/351/1306 649/345/1301
f  649/345/1301 651/351/1306 652/349/1307
f  649/345/1297 652/349/1303 647/346/1298
f  650/348/1302 653/352/1308 651/351/1305
f  650/350/1304 655/353/1309 653/354/1310
f  651/351/1305 653/352/1308 654/355/1311
f  651/351/1306 654/355/1312 652/349/1307
f  652/349/1307 654/355/1312 655/353/1313
f  652/349/1303 655/353/1309 650/350/1304
f  653/352/1308 656/356/1314 654/355/1311
f  653/354/1310 658/357/1315 656/358/1316
f  654/355/1311 656/356/1314 657/359/1317
f  654/355/1312 657/359/1318 655/353/1313
f  655/353/1313 657/359/1318 658/357/1319
f  655/353/1309 658/357/1315 653/354/1310
f  656/356/1314 659/360/1320 657/359/1317
f  656/358/1316 661/361/1321 659/362/1322
f  657/359/1317 659/360/1320 660/363/1323
f  657/359/1318 660/363/1324 658/357/1319
f  658/357/1319 660/363/1324 661/361/1325
f  658/357/1315 661/361/1321 656/358/1316
f  365/296/732 662/300/1326 366/299/735
f  365/298/734 664/301/1327 662/302/1328
f  366/299/735 662/300/1326 663/303/1329
f  366/299/736 663/303/1330 367/297/737
f  367/297/737 663/303/1330 664/301/1331
f  367/297/733 664/301/1327 365/298/734
f  662/300/1326 665/304/1332 663/303/1329
f  662/302/1328 667/305/1333 665/306/1334
f  663/303/1329 665/304/1332 666/307/1335
f  663/303/1330 666/307/1336 664/301/1331
f  664/301/1331 666/307/1336 667/305/1337
f  664/301/1327 667/305/1333 662/302/1328
f  665/304/1332 668/308/1338 666/307/1335
f  665/306/1334 670/309/1339 668/310/1340
f  666/307/1335 668/308/1338 669/311/1341
f  666/307/1336 669/311/1342 667/305/1337
f  667/305/1337 669/311/1342 670/309/1343
f  667/305/1333 670/309/1339 665/306/1334
f  668/308/1338 671/312/1344 669/311/1341
f  668/310/1340 673/313/1345 671/314/1346
f  669/311/1341 671/312/1344 672/315/1347
f  669/311/1342 672/315/1348 670/309/1343
f  670/309/1343 672/315/1348 673/313/1349
f  670/309/1339 673/313/1345 668/310/1340
f  671/312/1344 674/316/1350 672/315/1347
f  671/314/1346 676/317/1351 674/318/1352
f  672/315/1347 674/316/1350 675/319/1353
f  672/315/1348 675/319/1354 673/313/1349
f  673/313/1349 675/319/1354 676/317/1355
f  673/313/1345 676/317/1351 671/314/1346
f  674/316/1350 677/320/1356 675/319/1353
f  674/318/1352 679/321/1357 677/322/1358
f  675/319/1353 677/320/1356 678/323/1359
f  675/319/1354 678/323/1360 676/317/1355
f  676/317/1355 678/323/1360 679/321/1361
f  676/317/1351 679/321/1357 674/318/1352
f  677/320/1356 680/324/1362 678/323/1359
f  677/322/1358 682/325/1363 680/326/1364
f  678/323/1359 680/324/1362 681/327/1365
f  678/323/1360 681/327/1366 679/321/1361
f  679/321/1361 681/327/1366 682/325/1367
f  679/321/1357 682/325/1363 677/322/1358
f  512/388/1026 683/392/1368 513/391/1029
f  512/390/1028 685/393/1369 683/394/1370
f  513/391/1029 683/392/1368 684/395/1371
f  513/391/1030 684/395/1372 514/389/1031
f  514/389/1031 684/395/1372 685/393/1373
f  514/389/1027 685/393/1369 512/390/1028
f  683/392/1368 686/396/1374 684/395/1371
f  683/394/1370 688/397/1375 686/398/1376
f  684/395/1371 686/396/1374 687/399/1377
f  684/395/1372 687/399/1378 685/393/1373
f  685/393/1373 687/399/1378 688/397/1379
f  685/393/1369 688/397/1375 683/394/1370
f  686/396/1374 689/400/1380 687/399/1377
f  686/398/1376 691/401/1381 689/402/1382
f  687/399/1377 689/400/1380 690/403/1383
f  687/399/1378 690/403/1384 688/397/1379
f  688/397/1379 690/403/1384 691/401/1385
f  688/397/1375 691/401/1381 686/398/1376
f  689/400/1380 692/404/1386 690/403/1383
f  689/402/1382 694/405/1387 692/406/1388
f  690/403/1383 692/404/1386 693/407/1389
f  690/403/1384 693/407/1390 691/401/1385
f  691/401/1385 693/407/1390 694/405/1391
f  691/401/1381 694/405/1387 689/402/1382
f  692/404/1386 695/408/1392 693/407/1389
f  692/406/1388 697/409/1393 695/410/1394
f  693/407/1389 695/408/1392 696/411/1395
f  693/407/1390 696/411/1396 694/405/1391
f  694/405/1391 696/411/1396 697/409/1397
f  694/405/1387 697/409/1393 692/406/1388
f  695/408/1392 698/412/1398 696/411/1395
f  695/410/1394 700/413/1399 698/414/1400
f  696/411/1395 698/412/1398 699/415/1401
f  696/411/1396 699/415/1402 697/409/1397
f  697/409/1397 699/415/1402 700/413/1403
f  697/409/1393 700/413/1399 695/410/1394
f  698/412/1398 701/416/1404 699/415/1401
f  698/414/1400 703/417/1405 701/418/1406
f  699/415/1401 701/416/1404 702/419/1407
f  699/415/1402 702/419/1408 700/413/1403
f  700/413/1403 702/419/1408 703/417/1409
f  700/413/1399 703/417/1405 698/414/1400
f  701/416/1404 704/420/1410 702/419/1407
f  701/418/1406 706/421/1411 704/422/1412
f  702/419/1407 704/420/1410 705/423/1413
f  702/419/1408 705/423/1414 703/417/1409
f  703/417/1409 705/423/1414 706/421/1415
f  703/417/1405 706/421/1411 701/418/1406
f  704/420/1410 707/424/1416 705/423/1413
f  704/422/1412 709/425/1417 707/426/1418
f  705/423/1413 707/424/1416 708/427/1419
f  705/423/1414 708/427/1420 706/421/1415
f  706/421/1415 708/427/1420 709/425/1421
f  706/421/1411 709/425/1417 704/422/1412
f  707/424/1416 710/428/1422 708/427/1419
f  707/426/1418 712/429/1423 710/430/1424
f  708/427/1419 710/428/1422 711/431/1425
f  708/427/1420 711/431/1426 709/425/1421
f  709/425/1421 711/431/1426 712/429/1427
f  709/425/1417 712/429/1423 707/426/1418
f  659/360/1320 713/364/1428 660/363/1323
f  659/362/1322 715/365/1429 713/366/1430
f  660/363/1323 713/364/1428 714/367/1431
f  660/363/1324 714/367/1432 661/361/1325
f  661/361/1325 714/367/1432 715/365/1433
f  661/361/1321 715/365/1429 659/362/1322
f  713/364/1428 716/368/1434 714/367/1431
f  713/366/1430 718/369/1435 716/370/1436
f  714/367/1431 716/368/1434 717/371/1437
f  714/367/1432 717/371/1438 715/365/1433
f  715/365/1433 717/371/1438 718/369/1439
f  715/365/1429 718/369/1435 713/366/1430
f  716/368/1434 719/372/1440 717/371/1437
f  716/370/1436 721/373/1441 719/374/1442
f  717/371/1437 719/372/1440 720/375/1443
f  717/371/1438 720/375/1444 718/369/1439
f  718/369/1439 720/375/1444 721/373/1445
f  718/369/1435 721/373/1441 716/370/1436
f  719/372/1440 722/376/1446 720/375/1443
f  719/374/1442 724/377/1447 722/378/1448
f  720/375/1443 722/376/1446 723/379/1449
f  720/375/1444 723/379/1450 721/373/1445
f  721/373/1445 723/379/1450 724/377/1451
f  721/373/1441 724/377/1447 719/374/1442
f  722/376/1446 725/380/1452 723/379/1449
f  722/378/1448 727/381/1453 725/382/1454
f  723/379/1449 725/380/1452 726/383/1455
f  723/379/1450 726/383/1456 724/377/1451
f  724/377/1451 726/383/1456 727/381/1457
f  724/377/1447 727/381/1453 722/378/1448
f  725/380/1452 728/384/1458 726/383/1455
f  725/382/1454 730/385/1459 728/386/1460
f  726/383/1455 728/384/1458 729/387/1461
f  726/383/1456 729/387/1462 727/381/1457
f  727/381/1457 729/387/1462 730/385/1463
f  727/381/1453 730/385/1459 725/382/1454
f  728/384/1458 731/388/1464 729/387/1461
f  728/386/1460 733/389/1465 731/390/1466
f  729/387/1461 731/388/1464 732/391/1467
f  729/387/1462 732/391/1468 730/385/1463
f  730/385/1463 732/391/1468 733/389/1469
f  730/385/1459 733/389/1465 728/386/1460
f  731/388/1464 734/392/1470 732/391/1467
f  731/390/1466 736/393/1471 734/394/1472
f  732/391/1467 734/392/1470 735/395/1473
f  732/391/1468 735/395/1474 733/389/1469
f  733/389/1469 735/395/1474 736/393/1475
f  733/389/1465 736/393/1471 731/390/1466
f  734/392/1470 737/396/1476 735/395/1473
f  734/394/1472 739/397/1477 737/398/1478
f  735/395/1473 737/396/1476 738/399/1479
f  735/395/1474 738/399/1480 736/393/1475
f  736/393/1475 738/399/1480 739/397/1481
f  736/393/1471 739/397/1477 734/394/1472
f  737/396/1476 740/400/1482 738/399/1479
f  737/398/1478 742/401/1483 740/402/1484
f  738/399/1479 740/400/1482 741/403/1485
f  738/399/1480 741/403/1486 739/397/1481
f  739/397/1481 741/403/1486 742/401/1487
f  739/397/1477 742/401/1483 737/398/1478
f  680/324/1362 743/328/1488 681/327/1365
f  680/326/1364 745/329/1489 743/330/1490
f  681/327/1365 743/328/1488 744/331/1491
f  681/327/1366 744/331/1492 682/325/1367
f  682/325/1367 744/331/1492 745/329/1493
f  682/325/1363 745/329/1489 680/326/1364
f  743/328/1488 746/332/1494 744/331/1491
f  743/330/1490 748/333/1495 746/334/1496
f  744/331/1491 746/332/1494 747/335/1497
f  744/331/1492 747/335/1498 745/329/1493
f  745/329/1493 747/335/1498 748/333/1499
f  745/329/1489 748/333/1495 743/330/1490
f  746/332/1494 749/336/1500 747/335/1497
f  746/334/1496 751/337/1501 749/338/1502
f  747/335/1497 749/336/1500 750/339/1503
f  747/335/1498 750/339/1504 748/333/1499
f  748/333/1499 750/339/1504 751/337/1505
f  748/333/1495 751/337/1501 746/334/1496
f  749/336/1500 752/340/1506 750/339/1503
f  749/338/1502 754/341/1507 752/342/1508
f  750/339/1503 752/340/1506 753/343/1509
f  750/339/1504 753/343/1510 751/337/1505
f  751/337/1505 753/343/1510 754/341/1511
f  751/337/1501 754/341/1507 749/338/1502
f  752/340/1506 755/344/1512 753/343/1509
f  752/342/1508 757/345/1513 755/346/1514
f  753/343/1509 755/344/1512 756/347/1515
f  753/343/1510 756/347/1516 754/341/1511
f  754/341/1511 756/347/1516 757/345/1517
f  754/341/1507 757/345/1513 752/342/1508
f  755/344/1512 758/348/1518 756/347/1515
f  755/346/1514 760/349/1519 758/350/1520
f  756/347/1515 758/348/1518 759/351/1521
f  756/347/1516 759/351/1522 757/345/1517
f  757/345/1517 759/351/1522 760/349/1523
f  757/345/1513 760/349/1519 755/346/1514
f  758/348/1518 761/352/1524 759/351/1521
f  758/350/1520 763/353/1525 761/354/1526
f  759/351/1521 761/352/1524 762/355/1527
f  759/351/1522 762/355/1528 760/349/1523
f  760/349/1523 762/355/1528 763/353/1529
f  760/349/1519 763/353/1525 758/350/1520
f  761/352/1524 764/356/1530 762/355/1527
f  761/354/1526 766/357/1531 764/358/1532
f  762/355/1527 764/356/1530 765/359/1533
f  762/355/1528 765/359/1534 763/353/1529
f  763/353/1529 765/359/1534 766/357/1535
f  763/353/1525 766/357/1531 761/354/1526
f  764/356/1530 767/360/1536 765/359/1533
f  764/358/1532 769/361/1537 767/362/1538
f  765/359/1533 767/360/1536 768/363/1539
f  765/359/1534 768/363/1540 766/357/1535
f  766/357/1535 768/363/1540 769/361/1541
f  766/357/1531 769/361/1537 764/358/1532
f  767/360/1536 770/364/1542 768/363/1539
f  767/362/1538 772/365/1543 770/366/1544
f  768/363/1539 770/364/1542 771/367/1545
f  768/363/1540 771/367/1546 769/361/1541
f  769/361/1541 771/367/1546 772/365/1547
f  769/361/1537 772/365/1543 767/362/1538
f  770/364/1542 773/368/1548 771/367/1545
f  770/366/1544 775/369/1549 773/370/1550
f  771/367/1545 773/368/1548 774/371/1551
f  771/367/1546 774/371/1552 772/365/1547
f  772/365/1547 774/371/1552 775/369/1553
f  772/365/1543 775/369/1549 770/366/1544
f  773/368/1548 776/372/1554 774/371/1551
f  773/370/1550 778/373/1555 776/374/1556
f  774/371/1551 776/372/1554 777/375/1557
f  774/371/1552 777/375/1558 775/369/1553
f  775/369/1553 777/375/1558 778/373/1559
f  775/369/1549 778/373/1555 773/370/1550
f  776/372/1554 779/376/1560 777/375/1557
f  776/374/1556 781/377/1561 779/378/1562
f  777/375/1557 779/376/1560 780/379/1563
f  777/375/1558 780/379/1564 778/373/1559
f  778/373/1559 780/379/1564 781/377/1565
f  778/373/1555 781/377/1561 776/374/1556
f  779/376/1560 782/380/1566 780/379/1563
f  779/378/1562 784/381/1567 782/382/1568
f  780/379/1563 782/380/1566 783/383/1569
f  780/379/1564 783/383/1570 781/377/1565
f  781/377/1565 783/383/1570 784/381/1571
f  781/377/1561 784/381/1567 779/378/1562
f  782/380/1566 785/384/1572 783/383/1569
f  782/382/1568 787/385/1573 785/386/1574
f  783/383/1569 785/384/1572 786/387/1575
f  783/383/1570 786/387/1576 784/381/1571
f  784/381/1571 786/387/1576 787/385/1577
f  784/381/1567 787/385/1573 782/382/1568
f  785/384/1572 788/388/1578 786/387/1575
f  785/386/1574 790/389/1579 788/390/1580
f  786/387/1575 788/388/1578 789/391/1581
f  786/387/1576 789/391/1582 787/385/1577
f  787/385/1577 789/391/1582 790/389/1583
f  787/385/1573 790/389/1579 785/386/1574
f  788/388/1578 791/392/1584 789/391/1581
f  788/390/1580 793/393/1585 791/394/1586
f  789/391/1581 791/392/1584 792/395/1587
f  789/391/1582 792/395/1588 790/389/1583
f  790/389/1583 792/395/1588 793/393/1589
f  790/389/1579 793/393/1585 788/390/1580
f  710/428/1422 794/432/1590 711/431/1425
f  710/430/1424 796/433/1591 794/434/1592
f  711/431/1425 794/432/1590 795/435/1593
f  711/431/1426 795/435/1594 712/429/1427
f  712/429/1427 795/435/1594 796/433/1595
f  712/429/1423 796/433/1591 710/430/1424
f  794/432/1590 797/436/1596 795/435/1593
f  794/434/1592 799/437/1597 797/438/1598
f  795/435/1593 797/436/1596 798/439/1599
f  795/435/1594 798/439/1600 796/433/1595
f  796/433/1595 798/439/1600 799/437/1601
f  796/433/1591 799/437/1597 794/434/1592
f  797/436/1596 800/440/1602 798/439/1599
f  797/438/1598 802/441/1603 800/442/1604
f  798/439/1599 800/440/1602 801/443/1605
f  798/439/1600 801/443/1606 799/437/1601
f  799/437/1601 801/443/1606 802/441/1607
f  799/437/1597 802/441/1603 797/438/1598
f  800/440/1602 803/444/1608 801/443/1605
f  800/442/1604 805/445/1609 803/446/1610
f  801/443/1605 803/444/1608 804/447/1611
f  801/443/1606 804/447/1612 802/441/1607
f  802/441/1607 804/447/1612 805/445/1613
f  802/441/1603 805/445/1609 800/442/1604
f  803/444/1608 806/448/1614 804/447/1611
f  803/446/1610 808/449/1615 806/450/1616
f  804/447/1611 806/448/1614 807/451/1617
f  804/447/1612 807/451/1618 805/445/1613
f  805/445/1613 807/451/1618 808/449/1619
f  805/445/1609 808/449/1615 803/446/1610
f  806/448/1614 809/452/1620 807/451/1617
f  806/450/1616 811/453/1621 809/454/1622
f  807/451/1617 809/452/1620 810/455/1623
f  807/451/1618 810/455/1624 808/449/1619
f  808/449/1619 810/455/1624 811/453/1625
f  808/449/1615 811/453/1621 806/450/1616
f  809/452/1620 812/456/1626 810/455/1623
f  809/454/1622 814/457/1627 812/458/1628
f  810/455/1623 812/456/1626 813/459/1629
f  810/455/1624 813/459/1630 811/453/1625
f  811/453/1625 813/459/1630 814/457/1631
f  811/453/1621 814/457/1627 809/454/1622
f  812/456/1626 815/460/1632 813/459/1629
f  812/458/1628 817/461/1633 815/462/1634
f  813/459/1629 815/460/1632 816/463/1635
f  813/459/1630 816/463/1636 814/457/1631
f  814/457/1631 816/463/1636 817/461/1637
f  814/457/1627 817/461/1633 812/458/1628
f  815/460/1632 818/464/1638 816/463/1635
f  815/462/1634 820/465/1639 818/466/1640
f  816/463/1635 818/464/1638 819/467/1641
f  816/463/1636 819/467/1642 817/461/1637
f  817/461/1637 819/467/1642 820/465/1643
f  817/461/1633 820/465/1639 815/462/1634
f  818/464/1638 821/468/1644 819/467/1641
f  818/466/1640 823/469/1645 821/470/1646
f  819/467/1641 821/468/1644 822/471/1647
f  819/467/1642 822/471/1648 820/465/1643
f  820/465/1643 822/471/1648 823/469/1649
f  820/465/1639 823/469/1645 818/466/1640
f  821/468/1644 824/472/1650 822/471/1647
f  821/470/1646 826/473/1651 824/474/1652
f  822/471/1647 824/472/1650 825/475/1653
f  822/471/1648 825/475/1654 823/469/1649
f  823/469/1649 825/475/1654 826/473/1655
f  823/469/1645 826/473/1651 821/470/1646
f  824/472/1650 827/476/1656 825/475/1653
f  824/474/1652 829/477/1657 827/478/1658
f  825/475/1653 827/476/1656 828/479/1659
f  825/475/1654 828/479/1660 826/473/1655
f  826/473/1655 828/479/1660 829/477/1661
f  826/473/1651 829/477/1657 824/474/1652
f  827/476/1656 830/480/1662 828/479/1659
f  827/478/1658 832/481/1663 830/482/1664
f  828/479/1659 830/480/1662 831/483/1665
f  828/479/1660 831/483/1666 829/477/1661
f  829/477/1661 831/483/1666 832/481/1667
f  829/477/1657 832/481/1663 827/478/1658
f  830/480/1662 833/484/1668 831/483/1665
f  830/482/1664 835/485/1669 833/486/1670
f  831/483/1665 833/484/1668 834/487/1671
f  831/483/1666 834/487/1672 832/481/1667
f  832/481/1667 834/487/1672 835/485/1673
f  832/481/1663 835/485/1669 830/482/1664
f  833/484/1668 836/488/1674 834/487/1671
f  833/486/1670 838/489/1675 836/490/1676
f  834/487/1671 836/488/1674 837/491/1677
f  834/487/1672 837/491/1678 835/485/1673
f  835/485/1673 837/491/1678 838/489/1679
f  835/485/1669 838/489/1675 833/486/1670
f  836/488/1674 839/492/1680 837/491/1677
f  836/490/1676 841/493/1681 839/494/1682
f  837/491/1677 839/492/1680 840/495/1683
f  837/491/1678 840/495/1684 838/489/1679
f  838/489/1679 840/495/1684 841/493/1685
f  838/489/1675 841/493/1681 836/490/1676
f  839/492/1680 842/496/1686 840/495/1683
f  839/494/1682 844/497/1687 842/498/1688
f  840/495/1683 842/496/1686 843/499/1689
f  840/495/1684 843/499/1690 841/493/1685
f  841/493/1685 843/499/1690 844/497/1691
f  841/493/1681 844/497/1687 839/494/1682
f  842/496/1686 845/500/1692 843/499/1689
f  842/498/1688 847/501/1693 845/502/1694
f  843/499/1689 845/500/1692 846/503/1695
f  843/499/1690 846/503/1696 844/497/1691
f  844/497/1691 846/503/1696 847/501/1697
f  844/497/1687 847/501/1693 842/498/1688
f  845/500/1692 848/504/1698 846/503/1695
f  845/502/1694 850/505/1699 848/506/1700
f  846/503/1695 848/504/1698 849/507/1701
f  846/503/1696 849/507/1702 847/501/1697
f  847/501/1697 849/507/1702 850/505/1703
f  847/501/1693 850/505/1699 845/502/1694
f  848/504/1698 851/508/1704 849/507/1701
f  848/506/1700 853/509/1705 851/510/1706
f  849/507/1701 851/508/1704 852/511/1707
f  849/507/1702 852/511/1708 850/505/1703
f  850/505/1703 852/511/1708 853/509/1709
f  850/505/1699 853/509/1705 848/506/1700
f  851/508/1704 854/512/1710 852/511/1707
f  851/510/1706 856/513/1711 854/514/1712
f  852/511/1707 854/512/1710 855/515/1713
f  852/511/1708 855/515/1714 853/509/1709
f  853/509/1709 855/515/1714 856/513/1715
f  853/509/1705 856/513/1711 851/510/1706
f  740/400/1482 857/404/1716 741/403/1485
f  740/402/1484 859/405/1717 857/406/1718
f  741/403/1485 857/404/1716 858/407/1719
f  741/403/1486 858/407/1720 742/401/1487
f  742/401/1487 858/407/1720 859/405/1721
f  742/401/1483 859/405/1717 740/402/1484
f  857/404/1716 860/408/1722 858/407/1719
f  857/406/1718 862/409/1723 860/410/1724
f  858/407/1719 860/408/1722 861/411/1725
f  858/407/1720 861/411/1726 859/405/1721
f  859/405/1721 861/411/1726 862/409/1727
f  859/405/1717 862/409/1723 857/406/1718
f  860/408/1722 863/412/1728 861/411/1725
f  860/410/1724 865/413/1729 863/414/1730
f  861/411/1725 863/412/1728 864/415/1731
f  861/411/1726 864/415/1732 862/409/1727
f  862/409/1727 864/415/1732 865/413/1733
f  862/409/1723 865/413/1729 860/410/1724
f  863/412/1728 866/416/1734 864/415/1731
f  863/414/1730 868/417/1735 866/418/1736
f  864/415/1731 866/416/1734 867/419/1737
f  864/415/1732 867/419/1738 865/413/1733
f  865/413/1733 867/419/1738 868/417/1739
f  865/413/1729 868/417/1735 863/414/1730
f  866/416/1734 869/420/1740 867/419/1737
f  866/418/1736 871/421/1741 869/422/1742
f  867/419/1737 869/420/1740 870/423/1743
f  867/419/1738 870/423/1744 868/417/1739
f  868/417/1739 870/423/1744 871/421/1745
f  868/417/1735 871/421/1741 866/418/1736
f  869/420/1740 872/424/1746 870/423/1743
f  869/422/1742 874/425/1747 872/426/1748
f  870/423/1743 872/424/1746 873/427/1749
f  870/423/1744 873/427/1750 871/421/1745
f  871/421/1745 873/427/1750 874/425/1751
f  871/421/1741 874/425/1747 869/422/1742
f  872/424/1746 875/428/1752 873/427/1749
f  872/426/1748 877/429/1753 875/430/1754
f  873/427/1749 875/428/1752 876/431/1755
f  873/427/1750 876/431/1756 874/425/1751
f  874/425/1751 876/431/1756 877/429/1757
f  874/425/1747 877/429/1753 872/426/1748
f  875/428/1752 878/432/1758 876/431/1755
f  875/430/1754 880/433/1759 878/434/1760
f  876/431/1755 878/432/1758 879/435/1761
f  876/431/1756 879/435/1762 877/429/1757
f  877/429/1757 879/435/1762 880/433/1763
f  877/429/1753 880/433/1759 875/430/1754
f  878/432/1758 881/436/1764 879/435/1761
f  878/434/1760 883/437/1765 881/438/1766
f  879/435/1761 881/436/1764 882/439/1767
f  879/435/1762 882/439/1768 880/433/1763
f  880/433/1763 882/439/1768 883/437/1769
f  880/433/1759 883/437/1765 878/434/1760
f  881/436/1764 884/440/1770 882/439/1767
f  881/438/1766 886/441/1771 884/442/1772
f  882/439/1767 884/440/1770 885/443/1773
f  882/439/1768 885/443/1774 883/437/1769
f  883/437/1769 885/443/1774 886/441/1775
f  883/437/1765 886/441/1771 881/438/1766
f  884/440/1770 887/444/1776 885/443/1773
f  884/442/1772 889/445/1777 887/446/1778
f  885/443/1773 887/444/1776 888/447/1779
f  885/443/1774 888/447/1780 886/441/1775
f  886/441/1775 888/447/1780 889/445/1781
f  886/441/1771 889/445/1777 884/442/1772
f  887/444/1776 890/448/1782 888/447/1779
f  887/446/1778 892/449/1783 890/450/1784
f  888/447/1779 890/448/1782 891/451/1785
f  888/447/1780 891/451/1786 889/445/1781
f  889/445/1781 891/451/1786 892/449/1787
f  889/445/1777 892/449/1783 887/446/1778
f  890/448/1782 893/452/1788 891/451/1785
f  890/450/1784 895/453/1789 893/454/1790
f  891/451/1785 893/452/1788 894/455/1791
f  891/451/1786 894/455/1792 892/449/1787
f  892/449/1787 894/455/1792 895/453/1793
f  892/449/1783 895/453/1789 890/450/1784
f  893/452/1788 896/456/1794 894/455/1791
f  893/454/1790 898/457/1795 896/458/1796
f  894/455/1791 896/456/1794 897/459/1797
f  894/455/1792 897/459/1798 895/453/1793
f  895/453/1793 897/459/1798 898/457/1799
f  895/453/1789 898/457/1795 893/454/1790
f  896/456/1794 899/460/1800 897/459/1797
f  896/458/1796 901/461/1801 899/462/1802
f  897/459/1797 899/460/1800 900/463/1803
f  897/459/1798 900/463/1804 898/457/1799
f  898/457/1799 900/463/1804 901/461/1805
f  898/457/1795 901/461/1801 896/458/1796
f  899/460/1800 902/464/1806 900/463/1803
f  899/462/1802 904/465/1807 902/466/1808
f  900/463/1803 902/464/1806 903/467/1809
f  900/463/1804 903/467/1810 901/461/1805
f  901/461/1805 903/467/1810 904/465/1811
f  901/461/1801 904/465/1807 899/462/1802
f  902/464/1806 905/468/1812 903/467/1809
f  902/466/1808 907/469/1813 905/470/1814
f  903/467/1809 905/468/1812 906/471/1815
f  903/467/1810 906/471/1816 904/465/1811
f  904/465/1811 906/471/1816 907/469/1817
f  904/465/1807 907/469/1813 902/466/1808
f  905/468/1812 908/472/1818 906/471/1815
f  905/470/1814 910/473/1819 908/474/1820
f  906/471/1815 908/472/1818 909/475/1821
f  906/471/1816 909/475/1822 907/469/1817
f  907/469/1817 909/475/1822 910/473/1823
f  907/469/1813 910/473/1819 905/470/1814
f  908/472/1818 911/476/1824 909/475/1821
f  908/474/1820 913/477/1825 911/478/1826
f  909/475/1821 911/476/1824 912/479/1827
f  909/475/1822 912/479/1828 910/473/1823
f  910/473/1823 912/479/1828 913/477/1829
f  910/473/1819 913/477/1825 908/474/1820
f  911/476/1824 914/480/1830 912/479/1827
f  911/478/1826 916/481/1831 914/482/1832
f  912/479/1827 914/480/1830 915/483/1833
f  912/479/1828 915/483/1834 913/477/1829
f  913/477/1829 915/483/1834 916/481/1835
f  913/477/1825 916/481/1831 911/478/1826
f  914/480/1830 917/484/1836 915/483/1833
f  914/482/1832 919/485/1837 917/486/1838
f  915/483/1833 917/484/1836 918/487/1839
f  915/483/1834 918/487/1840 916/481/1835
f  916/481/1835 918/487/1840 919/485/1841
f  916/481/1831 919/485/1837 914/482/1832
f  917/484/1836 920/488/1842 918/487/1839
f  917/486/1838 922/489/1843 920/490/1844
f  918/487/1839 920/488/1842 921/491/1845
f  918/487/1840 921/491/1846 919/485/1841
f  919/485/1841 921/491/1846 922/489/1847
f  919/485/1837 922/489/1843 917/486/1838
usemtl Petal1
f  923/1/1848 925/31/1848 924/4/1848
f  924/4/1848 925/31/1848 926/33/1848
f  927/1/1849 929/31/1849 928/4/1849
f  928/4/1849 929/31/1849 930/33/1849
f  931/1/1850 933/31/1850 932/4/1850
f  932/4/1850 933/31/1850 934/33/1850
f  935/1/1851 937/31/1851 936/4/1851
f  936/4/1851 937/31/1851 938/33/1851
f  939/1/1852 941/31/1852 940/4/1852
f  940/4/1852 941/31/1852 942/33/1852
f  943/1/1853 945/31/1853 944/4/1853
f  944/4/1853 945/31/1853 946/33/1853
f  947/1/1854 949/31/1854 948/4/1854
f  948/4/1854 949/31/1854 950/33/1854
f  951/1/1855 953/31/1855 952/4/1855
f  952/4/1855 953/31/1855 954/33/1855
f  955/1/1856 957/31/1856 956/4/1856
f  956/4/1856 957/31/1856 958/33/1856
f  959/1/1857 961/31/1857 960/4/1857
f  960/4/1857 961/31/1857 962/33/1857
f  963/1/1858 965/31/1858 964/4/1858
f  964/4/1858 965/31/1858 966/33/1858
f  967/1/1859 969/31/1859 968/4/1859
f  968/4/1859 969/31/1859 970/33/1859
f  971/1/1860 973/31/1860 972/4/1860
f  972/4/1860 973/31/1860 974/33/1860
f  975/1/1861 977/31/1861 976/4/1861
f  976/4/1861 977/31/1861 978/33/1861
f  979/1/1862 981/31/1862 980/4/1862
f  980/4/1862 981/31/1862 982/33/1862
f  983/1/1863 985/31/1863 984/4/1863
f  984/4/1863 985/31/1863 986/33/1863
f  987/1/1864 989/31/1864 988/4/1864
f  988/4/1864 989/31/1864 990/33/1864
f  991/1/1865 993/31/1865 992/4/1865
f  992/4/1865 993/31/1865 994/33/1865
f  995/1/1866 997/31/1866 996/4/1866
f  996/4/1866 997/31/1866 998/33/1866
f  999/1/1867 1001/31/1867 1000/4/1867
f  1000/4/1867 1001/31/1867 1002/33/1867
f  1003/1/1868 1005/31/1868 1004/4/1868
f  1004/4/1868 1005/31/1868 1006/33/1868
f  1007/1/1869 1009/31/1869 1008/4/1869
f  1008/4/1869 1009/31/1869 1010/33/1869
f  1011/1/1870 1013/31/1870 1012/4/1870
f  1012/4/1870 1013/31/1870 1014/33/1870
f  1015/1/1871 1017/31/1871 1016/4/1871
f  1016/4/1871 1017/31/1871 1018/33/1871
f  1019/1/1872 1021/31/1872 1020/4/1872
f  1020/4/1872 1021/31/1872 1022/33/1872
f  1023/1/1873 1025/31/1873 1024/4/1873
f  1024/4/1873 1025/31/1873 1026/33/1873
f  1027/1/1874 1029/31/1874 1028/4/1874
f  1028/4/1874 1029/31/1874 1030/33/1874
f  1031/1/1875 1033/31/1875 1032/4/1875
f  1032/4/1875 1033/31/1875 1034/33/1875
f  1035/1/1876 1037/31/1876 1036/4/1876
f  1036/4/1876 1037/31/1876 1038/33/1876
f  1039/1/1877 1041/31/1877 1040/4/1877
f  1040/4/1877 1041/31/1877 1042/33/1877
f  1043/1/1878 1045/31/1878 1044/4/1878
f  1044/4/1878 1045/31/1878 1046/33/1878
f  1047/1/1879 1049/31/1879 1048/4/1879
f  1048/4/1879 1049/31/1879 1050/33/1879
f  1051/1/1880 1053/31/1880 1052/4/1880
f  1052/4/1880 1053/31/1880 1054/33/1880
f  1055/1/1881 1057/31/1881 1056/4/1881
f  1056/4/1881 1057/31/1881 1058/33/1881
f  1059/1/1882 1061/31/1882 1060/4/1882
f  1060/4/1882 1061/31/1882 1062/33/1882
f  1063/1/1883 1065/31/1883 1064/4/1883
f  1064/4/1883 1065/31/1883 1066/33/1883
f  1067/1/1884 1069/31/1885 1068/4/1885
f  1068/4/1885 1069/31/1885 1070/33/1886
f  1071/1/1887 1073/31/1887 1072/4/1887
f  1072/4/1887 1073/31/1887 1074/33/1887
f  1075/1/1888 1077/31/1888 1076/4/1888
f  1076/4/1888 1077/31/1888 1078/33/1888
f  1079/1/1889 1081/31/1889 1080/4/1889
f  1080/4/1889 1081/31/1889 1082/33/1889
f  1083/1/1890 1085/31/1890 1084/4/1890
f  1084/4/1890 1085/31/1890 1086/33/1890
f  1087/1/1891 1089/31/1891 1088/4/1891
f  1088/4/1891 1089/31/1891 1090/33/1891
f  1091/1/1892 1093/31/1892 1092/4/1892
f  1092/4/1892 1093/31/1892 1094/33/1892
f  1095/1/1893 1097/31/1893 1096/4/1893
f  1096/4/1893 1097/31/1893 1098/33/1893
f  1099/1/1894 1101/31/1894 1100/4/1894
f  1100/4/1894 1101/31/1894 1102/33/1894
f  1103/1/1895 1105/31/1895 1104/4/1895
f  1104/4/1895 1105/31/1895 1106/33/1895
f  1107/1/1896 1109/31/1896 1108/4/1896
f  1108/4/1896 1109/31/1896 1110/33/1896
f  1111/1/1897 1113/31/1897 1112/4/1897
f  1112/4/1897 1113/31/1897 1114/33/1897
f  1115/1/1898 1117/31/1899 1116/4/1899
f  1116/4/1899 1117/31/1899 1118/33/1900
f  1119/1/1901 1121/31/1901 1120/4/1901
f  1120/4/1901 1121/31/1901 1122/33/1901
f  1123/1/1902 1125/31/1902 1124/4/1902
f  1124/4/1902 1125/31/1902 1126/33/1902
f  1127/1/1903 1129/31/1903 1128/4/1903
f  1128/4/1903 1129/31/1903 1130/33/1903
f  1131/1/1904 1133/31/1905 1132/4/1905
f  1132/4/1905 1133/31/1905 1134/33/1906
f  1135/1/1907 1137/31/1907 1136/4/1907
f  1136/4/1907 1137/31/1907 1138/33/1907
f  1139/1/1908 1141/31/1908 1140/4/1908
f  1140/4/1908 1141/31/1908 1142/33/1908
f  1143/1/1909 1145/31/1909 1144/4/1909
f  1144/4/1909 1145/31/1909 1146/33/1909
f  1147/1/1910 1149/31/1910 1148/4/1910
f  1148/4/1910 1149/31/1910 1150/33/1910
f  1151/1/1911 1153/31/1911 1152/4/1911
f  1152/4/1911 1153/31/1911 1154/33/1911
f  1155/1/1912 1157/31/1912 1156/4/1912
f  1156/4/1912 1157/31/1912 1158/33/1912
f  1159/1/1913 1161/31/1914 1160/4/1914
f  1160/4/1914 1161/31/1914 1162/33/1915
f  1163/1/1916 1165/31/1917 1164/4/1917
f  1164/4/1917 1165/31/1917 1166/33/1918
f  1167/1/1919 1169/31/1919 1168/4/1919
f  1168/4/1919 1169/31/1919 1170/33/1919
f  1171/1/1920 1173/31/1920 1172/4/1920
f  1172/4/1920 1173/31/1920 1174/33/1920
f  1175/1/1921 1177/31/1921 1176/4/1921
f  1176/4/1921 1177/31/1921 1178/33/1921
f  1179/1/1922 1181/31/1923 1180/4/1923
f  1180/4/1923 1181/31/1923 1182/33/1924
f  1183/1/1925 1185/31/1925 1184/4/1925
f  1184/4/1925 1185/31/1925 1186/33/1925
f  1187/1/1926 1189/31/1926 1188/4/1926
f  1188/4/1926 1189/31/1926 1190/33/1926
f  1191/1/1927 1193/31/1927 1192/4/1927
f  1192/4/1927 1193/31/1927 1194/33/1927
f  1195/1/1928 1197/31/1928 1196/4/1928
f  1196/4/1928 1197/31/1928 1198/33/1928
f  1199/1/1929 1201/31/1929 1200/4/1929
f  1200/4/1929 1201/31/1929 1202/33/1929
f  1203/1/1930 1205/31/1930 1204/4/1930
f  1204/4/1930 1205/31/1930 1206/33/1930
f  1207/1/1931 1209/31/1931 1208/4/1931
f  1208/4/1931 1209/31/1931 1210/33/1931
f  1211/1/1932 1213/31/1932 1212/4/1932
f  1212/4/1932 1213/31/1932 1214/33/1932
f  1215/1/1933 1217/31/1933 1216/4/1933
f  1216/4/1933 1217/31/1933 1218/33/1933
f  1219/1/1934 1221/31/1934 1220/4/1934
f  1220/4/1934 1221/31/1934 1222/33/1934
f  1223/1/1935 1225/31/1935 1224/4/1935
f  1224/4/1935 1225/31/1935 1226/33/1935
f  1227/1/1936 1229/31/1936 1228/4/1936
f  1228/4/1936 1229/31/1936 1230/33/1936
f  1231/1/1937 1233/31/1937 1232/4/1937
f  1232/4/1937 1233/31/1937 1234/33/1937
f  1235/1/1938 1237/31/1939 1236/4/1939
f  1236/4/1939 1237/31/1939 1238/33/1940
f  1239/1/1941 1241/31/1941 1240/4/1941
f  1240/4/1941 1241/31/1941 1242/33/1941
f  1243/1/1942 1245/31/1942 1244/4/1942
f  1244/4/1942 1245/31/1942 1246/33/1942
f  1247/1/1943 1249/31/1943 1248/4/1943
f  1248/4/1943 1249/31/1943 1250/33/1943
f  1251/1/1944 1253/31/1945 1252/4/1945
f  1252/4/1945 1253/31/1945 1254/33/1946
f  1255/1/1947 1257/31/1947 1256/4/1947
f  1256/4/1947 1257/31/1947 1258/33/1947
f  1259/1/1948 1261/31/1948 1260/4/1948
f  1260/4/1948 1261/31/1948 1262/33/1948
f  1263/1/1949 1265/31/1949 1264/4/1949
f  1264/4/1949 1265/31/1949 1266/33/1949
f  1267/1/1950 1269/31/1950 1268/4/1950
f  1268/4/1950 1269/31/1950 1270/33/1950
f  1271/1/1951 1273/31/1951 1272/4/1951
f  1272/4/1951 1273/31/1951 1274/33/1951
f  1275/1/1952 1277/31/1952 1276/4/1952
f  1276/4/1952 1277/31/1952 1278/33/1952
f  1279/1/1953 1281/31/1953 1280/4/1953
f  1280/4/1953 1281/31/1953 1282/33/1953
f  1283/1/1954 1285/31/1954 1284/4/1954
f  1284/4/1954 1285/31/1954 1286/33/1954
f  1287/1/1955 1289/31/1956 1288/4/1956
f  1288/4/1956 1289/31/1956 1290/33/1957
f  1291/1/1958 1293/31/1958 1292/4/1958
f  1292/4/1958 1293/31/1958 1294/33/1958
f  1295/1/1959 1297/31/1959 1296/4/1959
f  1296/4/1959 1297/31/1959 1298/33/1959
f  1299/1/1960 1301/31/1960 1300/4/1960
f  1300/4/1960 1301/31/1960 1302/33/1960
f  1303/1/1961 1305/31/1961 1304/4/1961
f  1304/4/1961 1305/31/1961 1306/33/1961
f  1307/1/1962 1309/31/1962 1308/4/1962
f  1308/4/1962 1309/31/1962 1310/33/1962
f  1311/1/1963 1313/31/1963 1312/4/1963
f  1312/4/1963 1313/31/1963 1314/33/1963
f  1315/1/1964 1317/31/1965 1316/4/1965
f  1316/4/1965 1317/31/1965 1318/33/1966
f  1319/1/1967 1321/31/1967 1320/4/1967
f  1320/4/1967 1321/31/1967 1322/33/1967
f  1323/1/1968 1325/31/1968 1324/4/1968
f  1324/4/1968 1325/31/1968 1326/33/1968
f  1327/1/1969 1329/31/1970 1328/4/1970
f  1328/4/1970 1329/31/1970 1330/33/1971
f  1331/1/1972 1333/31/1972 1332/4/1972
f  1332/4/1972 1333/31/1972 1334/33/1972
f  1335/1/1973 1337/31/1974 1336/4/1974
f  1336/4/1974 1337/31/1974 1338/33/1975
f  1339/1/1976 1341/31/1976 1340/4/1976
f  1340/4/1976 1341/31/1976 1342/33/1976
f  1343/1/1977 1345/31/1978 1344/4/1978
f  1344/4/1978 1345/31/1978 1346/33/1979
f  1347/1/1980 1349/31/1981 1348/4/1981
f  1348/4/1981 1349/31/1981 1350/33/1982
f  1351/1/1983 1353/31/1983 1352/4/1983
f  1352/4/1983 1353/31/1983 1354/33/1983
f  1355/1/1984 1357/31/1984 1356/4/1984
f  1356/4/1984 1357/31/1984 1358/33/1984
f  1359/1/1985 1361/31/1986 1360/4/1986
f  1360/4/1986 1361/31/1986 1362/33/1987
f  1363/1/1988 1365/31/1989 1364/4/1989
f  1364/4/1989 1365/31/1989 1366/33/1990
f  1367/1/1991 1369/31/1991 1368/4/1991
f  1368/4/1991 1369/31/1991 1370/33/1991
f  1371/1/1992 1373/31/1992 1372/4/1992
f  1372/4/1992 1373/31/1992 1374/33/1992
f  1375/1/1993 1377/31/1994 1376/4/1994
f  1376/4/1994 1377/31/1994 1378/33/1995
usemtl Leaf
f  1379/1/1996 1382/516/1997 1380/517/1998
f  1380/517/1998 1382/516/1997 1383/518/1999
f  1380/517/1998 1383/518/1999 1381/4/2000
f  1381/4/2000 1383/518/1999 1384/519/2001
f  1382/516/1997 1385/2/2002 1383/518/1999
f  1383/518/1999 1385/2/2002 1386/520/2003
f  1383/518/1999 1386/520/2003 1384/519/2001
f  1384/519/2001 1386/520/2003 1387/6/2004
f  1385/2/2002 1388/521/2005 1386/520/2003
f  1386/520/2003 1388/521/2005 1389/522/2006
f  1386/520/2003 1389/522/2006 1387/6/2004
f  1387/6/2004 1389/522/2006 1390/523/2007
f  1388/521/2005 1391/13/2008 1389/522/2006
f  1389/522/2006 1391/13/2008 1392/524/2009
f  1389/522/2006 1392/524/2009 1390/523/2007
f  1390/523/2007 1392/524/2009 1393/15/2010
f  1391/13/2008 1394/525/2011 1392/524/2009
f  1392/524/2009 1394/525/2011 1395/526/2012
f  1392/524/2009 1395/526/2012 1393/15/2010
f  1393/15/2010 1395/526/2012 1396/527/2013
f  1394/525/2011 1397/19/2014 1395/526/2012
f  1395/526/2012 1397/19/2014 1398/528/2015
f  1395/526/2012 1398/528/2015 1396/527/2013
f  1396/527/2013 1398/528/2015 1399/21/2016
f  1397/19/2014 1400/529/2017 1398/528/2015
f  1398/528/2015 1400/529/2017 1401/530/2018
f  1398/528/2015 1401/530/2018 1399/21/2016
f  1399/21/2016 1401/530/2018 1402/531/2019
f  1400/529/2020 1403/25/2021 1401/530/2022
f  1401/530/2022 1403/25/2021 1404/532/2023
f  1401/530/2022 1404/532/2023 1402/531/2024
f  1402/531/2024 1404/532/2023 1405/27/2025
f  1403/25/2026 1406/533/2027 1404/532/2028
f  1404/532/2028 1406/533/2027 1407/534/2029
f  1404/532/2028 1407/534/2029 1405/27/2030
f  1405/27/2030 1407/534/2029 1408/535/2031
f  1406/533/2027 1409/536/2032 1407/534/2029
f  1407/534/2029 1409/536/2032 1408/535/2031
f  1410/1/2033 1413/516/2034 1411/517/2035
f  1411/517/2035 1413/516/2034 1414/518/2036
f  1411/517/2035 1414/518/2036 1412/4/2037
f  1412/4/2037 1414/518/2036 1415/519/2038
f  1413/516/2034 1416/2/2039 1414/518/2036
f  1414/518/2036 1416/2/2039 1417/520/2040
f  1414/518/2036 1417/520/2040 1415/519/2038
f  1415/519/2038 1417/520/2040 1418/6/2041
f  1416/2/2039 1419/521/2042 1417/520/2040
f  1417/520/2040 1419/521/2042 1420/522/2043
f  1417/520/2040 1420/522/2043 1418/6/2041
f  1418/6/2041 1420/522/2043 1421/523/2044
f  1419/521/2042 1422/13/2045 1420/522/2043
f  1420/522/2043 1422/13/2045 1423/524/2046
f  1420/522/2043 1423/524/2046 1421/523/2044
f  1421/523/2044 1423/524/2046 1424/15/2047
f  1422/13/2045 1425/525/2048 1423/524/2046
f  1423/524/2046 1425/525/2048 1426/526/2049
f  1423/524/2046 1426/526/2049 1424/15/2047
f  1424/15/2047 1426/526/2049 1427/527/2050
f  1425/525/2048 1428/19/2051 1426/526/2049
f  1426/526/2049 1428/19/2051 1429/528/2052
f  1426/526/2049 1429/528/2052 1427/527/2050
f  1427/527/2050 1429/528/2052 1430/21/2053
f  1428/19/2051 1431/529/2054 1429/528/2052
f  1429/528/2052 1431/529/2054 1432/530/2055
f  1429/528/2052 1432/530/2055 1430/21/2053
f  1430/21/2053 1432/530/2055 1433/531/2056
f  1431/529/2057 1434/25/2058 1432/530/2059
f  1432/530/2059 1434/25/2058 1435/532/2060
f  1432/530/2059 1435/532/2060 1433/531/2061
f  1433/531/2061 1435/532/2060 1436/27/2062
f  1434/25/2063 1437/533/2064 1435/532/2065
f  1435/532/2065 1437/533/2064 1438/534/2066
f  1435/532/2065 1438/534/2066 1436/27/2067
f  1436/27/2067 1438/534/2066 1439/535/2068
f  1437/533/2064 1440/536/2069 1438/534/2066
f  1438/534/2066 1440/536/2069 1439/535/2068
f  1441/1/2070 1444/516/2071 1442/517/2072
f  1442/517/2072 1444/516/2071 1445/518/2073
f  1442/517/2072 1445/518/2073 1443/4/2074
f  1443/4/2074 1445/518/2073 1446/519/2075
f  1444/516/2071 1447/2/2076 1445/518/2073
f  1445/518/2073 1447/2/2076 1448/520/2077
f  1445/518/2073 1448/520/2077 1446/519/2075
f  1446/519/2075 1448/520/2077 1449/6/2078
f  1447/2/2076 1450/521/2079 1448/520/2077
f  1448/520/2077 1450/521/2079 1451/522/2080
f  1448/520/2077 1451/522/2080 1449/6/2078
f  1449/6/2078 1451/522/2080 1452/523/2081
f  1450/521/2079 1453/13/2082 1451/522/2080
f  1451/522/2080 1453/13/2082 1454/524/2083
f  1451/522/2080 1454/524/2083 1452/523/2081
f  1452/523/2081 1454/524/2083 1455/15/2084
f  1453/13/2082 1456/525/2085 1454/524/2083
f  1454/524/2083 1456/525/2085 1457/526/2086
f  1454/524/2083 1457/526/2086 1455/15/2084
f  1455/15/2084 1457/526/2086 1458/527/2087
f  1456/525/2085 1459/19/2088 1457/526/2086
f  1457/526/2086 1459/19/2088 1460/528/2089
f  1457/526/2086 1460/528/2089 1458/527/2087
f  1458/527/2087 1460/528/2089 1461/21/2090
f  1459/19/2088 1462/529/2091 1460/528/2089
f  1460/528/2089 1462/529/2091 1463/530/2092
f  1460/528/2089 1463/530/2092 1461/21/2090
f  1461/21/2090 1463/530/2092 1464/531/2093
f  1462/529/2094 1465/25/2095 1463/530/2096
f  1463/530/2096 1465/25/2095 1466/532/2097
f  1463/530/2096 1466/532/2097 1464/531/2098
f  1464/531/2098 1466/532/2097 1467/27/2099
f  1465/25/2100 1468/533/2101 1466/532/2102
f  1466/532/2102 1468/533/2101 1469/534/2103
f  1466/532/2102 1469/534/2103 1467/27/2104
f  1467/27/2104 1469/534/2103 1470/535/2105
f  1468/533/2101 1471/536/2106 1469/534/2103
f  1469/534/2103 1471/536/2106 1470/535/2105
f  1472/1/2107 1475/516/2108 1473/517/2109
f  1473/517/2109 1475/516/2108 1476/518/2110
f  1473/517/2109 1476/518/2110 1474/4/2111
f  1474/4/2111 1476/518/2110 1477/519/2112
f  1475/516/2108 1478/2/2113 1476/518/2110
f  1476/518/2110 1478/2/2113 1479/520/2114
f  1476/518/2110 1479/520/2114 1477/519/2112
f  1477/519/2112 1479/520/2114 1480/6/2115
f  1478/2/2113 1481/521/2116 1479/520/2114
f  1479/520/2114 1481/521/2116 1482/522/2117
f  1479/520/2114 1482/522/2117 1480/6/2115
f  1480/6/2115 1482/522/2117 1483/523/2118
f  1481/521/2116 1484/13/2119 1482/522/2117
f  1482/522/2117 1484/13/2119 1485/524/2120
f  1482/522/2117 1485/524/2120 1483/523/2118
f  1483/523/2118 1485/524/2120 1486/15/2121
f  1484/13/2119 1487/525/2122 1485/524/2120
f  1485/524/2120 1487/525/2122 1488/526/2123
f  1485/524/2120 1488/526/2123 1486/15/2121
f  1486/15/2121 1488/526/2123 1489/527/2124
f  1487/525/2122 1490/19/2125 1488/526/2123
f  1488/526/2123 1490/19/2125 1491/528/2126
f  1488/526/2123 1491/528/2126 1489/527/2124
f  1489/527/2124 1491/528/2126 1492/21/2127
f  1490/19/2125 1493/529/2128 1491/528/2126
f  1491/528/2126 1493/529/2128 1494/530/2129
f  1491/528/2126 1494/530/2129 1492/21/2127
f  1492/21/2127 1494/530/2129 1495/531/2130
f  1493/529/2131 1496/25/2132 1494/530/2133
f  1494/530/2133 1496/25/2132 1497/532/2134
f  1494/530/2133 1497/532/2134 1495/531/2135
f  1495/531/2135 1497/532/2134 1498/27/2136
f  1496/25/2137 1499/533/2138 1497/532/2139
f  1497/532/2139 1499/533/2138 1500/534/2140
f  1497/532/2139 1500/534/2140 1498/27/2141
f  1498/27/2141 1500/534/2140 1501/535/2142
f  1499/533/2138 1502/536/2143 1500/534/2140
f  1500/534/2140 1502/536/2143 1501/535/2142
f  1503/1/2144 1506/516/2145 1504/517/2146
f  1504/517/2146 1506/516/2145 1507/518/2147
f  1504/517/2146 1507/518/2147 1505/4/2148
f  1505/4/2148 1507/518/2147 1508/519/2149
f  1506/516/2145 1509/2/2150 1507/518/2147
f  1507/518/2147 1509/2/2150 1510/520/2151
f  1507/518/2147 1510/520/2151 1508/519/2149
f  1508/519/2149 1510/520/2151 1511/6/2152
f  1509/2/2150 1512/521/2153 1510/520/2151
f  1510/520/2151 1512/521/2153 1513/522/2154
f  1510/520/2151 1513/522/2154 1511/6/2152
f  1511/6/2152 1513/522/2154 1514/523/2155
f  1512/521/2153 1515/13/2156 1513/522/2154
f  1513/522/2154 1515/13/2156 1516/524/2157
f  1513/522/2154 1516/524/2157 1514/523/2155
f  1514/523/2155 1516/524/2157 1517/15/2158
f  1515/13/2156 1518/525/2159 1516/524/2157
f  1516/524/2157 1518/525/2159 1519/526/2160
f  1516/524/2157 1519/526/2160 1517/15/2158
f  1517/15/2158 1519/526/2160 1520/527/2161
f  1518/525/2159 1521/19/2162 1519/526/2160
f  1519/526/2160 1521/19/2162 1522/528/2163
f  1519/526/2160 1522/528/2163 1520/527/2161
f  1520/527/2161 1522/528/2163 1523/21/2164
f  1521/19/2162 1524/529/2165 1522/528/2163
f  1522/528/2163 1524/529/2165 1525/530/2166
f  1522/528/2163 1525/530/2166 1523/21/2164
f  1523/21/2164 1525/530/2166 1526/531/2167
f  1524/529/2168 1527/25/2169 1525/530/2170
f  1525/530/2170 1527/25/2169 1528/532/2171
f  1525/530/2170 1528/532/2171 1526/531/2172
f  1526/531/2172 1528/532/2171 1529/27/2173
f  1527/25/2174 1530/533/2175 1528/532/2176
f  1528/532/2176 1530/533/2175 1531/534/2177
f  1528/532/2176 1531/534/2177 1529/27/2178
f  1529/27/2178 1531/534/2177 1532/535/2179
f  1530/533/2175 1533/536/2180 1531/534/2177
f  1531/534/2177 1533/536/2180 1532/535/2179
f  1534/1/2181 1537/516/2182 1535/517/2183
f  1535/517/2183 1537/516/2182 1538/518/2184
f  1535/517/2183 1538/518/2184 1536/4/2185
f  1536/4/2185 1538/518/2184 1539/519/2186
f  1537/516/2182 1540/2/2187 1538/518/2184
f  1538/518/2184 1540/2/2187 1541/520/2188
f  1538/518/2184 1541/520/2188 1539/519/2186
f  1539/519/2186 1541/520/2188 1542/6/2189
f  1540/2/2187 1543/521/2190 1541/520/2188
f  1541/520/2188 1543/521/2190 1544/522/2191
f  1541/520/2188 1544/522/2191 1542/6/2189
f  1542/6/2189 1544/522/2191 1545/523/2192
f  1543/521/2190 1546/13/2193 1544/522/2191
f  1544/522/2191 1546/13/2193 1547/524/2194
f  1544/522/2191 1547/524/2194 1545/523/2192
f  1545/523/2192 1547/524/2194 1548/15/2195
f  1546/13/2193 1549/525/2196 1547/524/2194
f  1547/524/2194 1549/525/2196 1550/526/2197
f  1547/524/2194 1550/526/2197 1548/15/2195
f  1548/15/2195 1550/526/2197 1551/527/2198
f  1549/525/2196 1552/19/2199 1550/526/2197
f  1550/526/2197 1552/19/2199 1553/528/2200
f  1550/526/2197 1553/528/2200 1551/527/2198
f  1551/527/2198 1553/528/2200 1554/21/2201
f  1552/19/2199 1555/529/2202 1553/528/2200
f  1553/528/2200 1555/529/2202 1556/530/2203
f  1553/528/2200 1556/530/2203 1554/21/2201
f  1554/21/2201 1556/530/2203 1557/531/2204
f  1555/529/2205 1558/25/2206 1556/530/2207
f  1556/530/2207 1558/25/2206 1559/532/2208
f  1556/530/2207 1559/532/2208 1557/531/2209
f  1557/531/2209 1559/532/2208 1560/27/2210
f  1558/25/2211 1561/533/2212 1559/532/2213
f  1559/532/2213 1561/533/2212 1562/534/2214
f  1559/532/2213 1562/534/2214 1560/27/2215
f  1560/27/2215 1562/534/2214 1563/535/2216
f  1561/533/2212 1564/536/2217 1562/534/2214
f  1562/534/2214 1564/536/2217 1563/535/2216
f  1565/1/2218 1568/516/2219 1566/517/2220
f  1566/517/2220 1568/516/2219 1569/518/2221
f  1566/517/2220 1569/518/2221 1567/4/2222
f  1567/4/2222 1569/518/2221 1570/519/2223
f  1568/516/2219 1571/2/2224 1569/518/2221
f  1569/518/2221 1571/2/2224 1572/520/2225
f  1569/518/2221 1572/520/2225 1570/519/2223
f  1570/519/2223 1572/520/2225 1573/6/2226
f  1571/2/2224 1574/521/2227 1572/520/2225
f  1572/520/2225 1574/521/2227 1575/522/2228
f  1572/520/2225 1575/522/2228 1573/6/2226
f  1573/6/2226 1575/522/2228 1576/523/2229
f  1574/521/2227 1577/13/2230 1575/522/2228
f  1575/522/2228 1577/13/2230 1578/524/2231
f  1575/522/2228 1578/524/2231 1576/523/2229
f  1576/523/2229 1578/524/2231 1579/15/2232
f  1577/13/2230 1580/525/2233 1578/524/2231
f  1578/524/2231 1580/525/2233 1581/526/2234
f  1578/524/2231 1581/526/2234 1579/15/2232
f  1579/15/2232 1581/526/2234 1582/527/2235
f  1580/525/2233 1583/19/2236 1581/526/2234
f  1581/526/2234 1583/19/2236 1584/528/2237
f  1581/526/2234 1584/528/2237 1582/527/2235
f  1582/527/2235 1584/528/2237 1585/21/2238
f  1583/19/2236 1586/529/2239 1584/528/2237
f  1584/528/2237 1586/529/2239 1587/530/2240
f  1584/528/2237 1587/530/2240 1585/21/2238
f  1585/21/2238 1587/530/2240 1588/531/2241
f  1586/529/2242 1589/25/2243 1587/530/2244
f  1587/530/2244 1589/25/2243 1590/532/2245
f  1587/530/2244 1590/532/2245 1588/531/2246
f  1588/531/2246 1590/532/2245 1591/27/2247
f  1589/25/2248 1592/533/2249 1590/532/2250
f  1590/532/2250 1592/533/2249 1593/534/2251
f  1590/532/2250 1593/534/2251 1591/27/2252
f  1591/27/2252 1593/534/2251 1594/535/2253
f  1592/533/2249 1595/536/2254 1593/534/2251
f  1593/534/2251 1595/536/2254 1594/535/2253
f  1596/1/2255 1599/516/2256 1597/517/2257
f  1597/517/2257 1599/516/2256 1600/518/2258
f  1597/517/2257 1600/518/2258 1598/4/2259
f  1598/4/2259 1600/518/2258 1601/519/2260
f  1599/516/2256 1602/2/2261 1600/518/2258
f  1600/518/2258 1602/2/2261 1603/520/2262
f  1600/518/2258 1603/520/2262 1601/519/2260
f  1601/519/2260 1603/520/2262 1604/6/2263
f  1602/2/2261 1605/521/2264 1603/520/2262
f  1603/520/2262 1605/521/2264 1606/522/2265
f  1603/520/2262 1606/522/2265 1604/6/2263
f  1604/6/2263 1606/522/2265 1607/523/2266
f  1605/521/2264 1608/13/2267 1606/522/2265
f  1606/522/2265 1608/13/2267 1609/524/2268
f  1606/522/2265 1609/524/2268 1607/523/2266
f  1607/523/2266 1609/524/2268 1610/15/2269
f  1608/13/2267 1611/525/2270 1609/524/2268
f  1609/524/2268 1611/525/2270 1612/526/2271
f  1609/524/2268 1612/526/2271 1610/15/2269
f  1610/15/2269 1612/526/2271 1613/527/2272
f  1611/525/2270 1614/19/2273 1612/526/2271
f  1612/526/2271 1614/19/2273 1615/528/2274
f  1612/526/2271 1615/528/2274 1613/527/2272
f  1613/527/2272 1615/528/2274 1616/21/2275
f  1614/19/2273 1617/529/2276 1615/528/2274
f  1615/528/2274 1617/529/2276 1618/530/2277
f  1615/528/2274 1618/530/2277 1616/21/2275
f  1616/21/2275 1618/530/2277 1619/531/2278
f  1617/529/2279 1620/25/2280 1618/530/2281
f  1618/530/2281 1620/25/2280 1621/532/2282
f  1618/530/2281 1621/532/2282 1619/531/2283
f  1619/531/2283 1621/532/2282 1622/27/2284
f  1620/25/2285 1623/533/2286 1621/532/2287
f  1621/532/2287 1623/533/2286 1624/534/2288
f  1621/532/2287 1624/534/2288 1622/27/2289
f  1622/27/2289 1624/534/2288 1625/535/2290
f  1623/533/2286 1626/536/2291 1624/534/2288
f  1624/534/2288 1626/536/2291 1625/535/2290
f  1627/1/2292 1630/516/2293 1628/517/2294
f  1628/517/2294 1630/516/2293 1631/518/2295
f  1628/517/2294 1631/518/2295 1629/4/2296
f  1629/4/2296 1631/518/2295 1632/519/2297
f  1630/516/2293 1633/2/2298 1631/518/2295
f  1631/518/2295 1633/2/2298 1634/520/2299
f  1631/518/2295 1634/520/2299 1632/519/2297
f  1632/519/2297 1634/520/2299 1635/6/2300
f  1633/2/2298 1636/521/2301 1634/520/2299
f  1634/520/2299 1636/521/2301 1637/522/2302
f  1634/520/2299 1637/522/2302 1635/6/2300
f  1635/6/2300 1637/522/2302 1638/523/2303
f  1636/521/2301 1639/13/2304 1637/522/2302
f  1637/522/2302 1639/13/2304 1640/524/2305
f  1637/522/2302 1640/524/2305 1638/523/2303
f  1638/523/2303 1640/524/2305 1641/15/2306
f  1639/13/2304 1642/525/2307 1640/524/2305
f  1640/524/2305 1642/525/2307 1643/526/2308
f  1640/524/2305 1643/526/2308 1641/15/2306
f  1641/15/2306 1643/526/2308 1644/527/2309
f  1642/525/2307 1645/19/2310 1643/526/2308
f  1643/526/2308 1645/19/2310 1646/528/2311
f  1643/526/2308 1646/528/2311 1644/527/2309
f  1644/527/2309 1646/528/2311 1647/21/2312
f  1645/19/2310 1648/529/2313 1646/528/2311
f  1646/528/2311 1648/529/2313 1649/530/2314
f  1646/528/2311 1649/530/2314 1647/21/2312
f  1647/21/2312 1649/530/2314 1650/531/2315
f  1648/529/2316 1651/25/2317 1649/530/2318
f  1649/530/2318 1651/25/2317 1652/532/2319
f  1649/530/2318 1652/532/2319 1650/531/2320
f  1650/531/2320 1652/532/2319 1653/27/2321
f  1651/25/2322 1654/533/2323 1652/532/2324
f  1652/532/2324 1654/533/2323 1655/534/2325
f  1652/532/2324 1655/534/2325 1653/27/2326
f  1653/27/2326 1655/534/2325 1656/535/2327
f  1654/533/2323 1657/536/2328 1655/534/2325
f  1655/534/2325 1657/536/2328 1656/535/2327
f  1658/1/2329 1661/516/2330 1659/517/2331
f  1659/517/2331 1661/516/2330 1662/518/2332
f  1659/517/2331 1662/518/2332 1660/4/2333
f  1660/4/2333 1662/518/2332 1663/519/2334
f  1661/516/2330 1664/2/2335 1662/518/2332
f  1662/518/2332 1664/2/2335 1665/520/2336
f  1662/518/2332 1665/520/2336 1663/519/2334
f  1663/519/2334 1665/520/2336 1666/6/2337
f  1664/2/2335 1667/521/2338 1665/520/2336
f  1665/520/2336 1667/521/2338 1668/522/2339
f  1665/520/2336 1668/522/2339 1666/6/2337
f  1666/6/2337 1668/522/2339 1669/523/2340
f  1667/521/2338 1670/13/2341 1668/522/2339
f  1668/522/2339 1670/13/2341 1671/524/2342
f  1668/522/2339 1671/524/2342 1669/523/2340
f  1669/523/2340 1671/524/2342 1672/15/2343
f  1670/13/2341 1673/525/2344 1671/524/2342
f  1671/524/2342 1673/525/2344 1674/526/2345
f  1671/524/2342 1674/526/2345 1672/15/2343
f  1672/15/2343 1674/526/2345 1675/527/2346
f  1673/525/2344 1676/19/2347 1674/526/2345
f  1674/526/2345 1676/19/2347 1677/528/2348
f  1674/526/2345 1677/528/2348 1675/527/2346
f  1675/527/2346 1677/528/2348 1678/21/2349
f  1676/19/2347 1679/529/2350 1677/528/2348
f  1677/528/2348 1679/529/2350 1680/530/2351
f  1677/528/2348 1680/530/2351 1678/21/2349
f  1678/21/2349 1680/530/2351 1681/531/2352
f  1679/529/2350 1682/25/2353 1680/530/2351
f  1680/530/2351 1682/25/2353 1683/532/2354
f  1680/530/2351 1683/532/2354 1681/531/2352
f  1681/531/2352 1683/532/2354 1684/27/2355
f  1682/25/2353 1685/533/2356 1683/532/2354
f  1683/532/2354 1685/533/2356 1686/534/2357
f  1683/532/2354 1686/534/2357 1684/27/2355
f  1684/27/2355 1686/534/2357 1687/535/2358
f  1685/533/2356 1688/536/2359 1686/534/2357
f  1686/534/2357 1688/536/2359 1687/535/2358
f  1689/1/2360 1692/516/2361 1690/517/2362
f  1690/517/2362 1692/516/2361 1693/518/2363
f  1690/517/2362 1693/518/2363 1691/4/2364
f  1691/4/2364 1693/518/2363 1694/519/2365
f  1692/516/2361 1695/2/2366 1693/518/2363
f  1693/518/2363 1695/2/2366 1696/520/2367
f  1693/518/2363 1696/520/2367 1694/519/2365
f  1694/519/2365 1696/520/2367 1697/6/2368
f  1695/2/2366 1698/521/2369 1696/520/2367
f  1696/520/2367 1698/521/2369 1699/522/2370
f  1696/520/2367 1699/522/2370 1697/6/2368
f  1697/6/2368 1699/522/2370 1700/523/2371
f  1698/521/2369 1701/13/2372 1699/522/2370
f  1699/522/2370 1701/13/2372 1702/524/2373
f  1699/522/2370 1702/524/2373 1700/523/2371
f  1700/523/2371 1702/524/2373 1703/15/2374
f  1701/13/2372 1704/525/2375 1702/524/2373
f  1702/524/2373 1704/525/2375 1705/526/2376
f  1702/524/2373 1705/526/2376 1703/15/2374
f  1703/15/2374 1705/526/2376 1706/527/2377
f  1704/525/2375 1707/19/2378 1705/526/2376
f  1705/526/2376 1707/19/2378 1708/528/2379
f  1705/526/2376 1708/528/2379 1706/527/2377
f  1706/527/2377 1708/528/2379 1709/21/2380
f  1707/19/2378 1710/529/2381 1708/528/2379
f  1708/528/2379 1710/529/2381 1711/530/2382
f  1708/528/2379 1711/530/2382 1709/21/2380
f  1709/21/2380 1711/530/2382 1712/531/2383
f  1710/529/2381 1713/25/2384 1711/530/2382
f  1711/530/2382 1713/25/2384 1714/532/2385
f  1711/530/2382 1714/532/2385 1712/531/2383
f  1712/531/2383 1714/532/2385 1715/27/2386
f  1713/25/2384 1716/533/2387 1714/532/2385
f  1714/532/2385 1716/533/2387 1717/534/2388
f  1714/532/2385 1717/534/2388 1715/27/2386
f  1715/27/2386 1717/534/2388 1718/535/2389
f  1716/533/2387 1719/536/2390 1717/534/2388
f  1717/534/2388 1719/536/2390 1718/535/2389
f  1720/1/2391 1723/516/2392 1721/517/2393
f  1721/517/2393 1723/516/2392 1724/518/2394
f  1721/517/2393 1724/518/2394 1722/4/2395
f  1722/4/2395 1724/518/2394 1725/519/2396
f  1723/516/2392 1726/2/2397 1724/518/2394
f  1724/518/2394 1726/2/2397 1727/520/2398
f  1724/518/2394 1727/520/2398 1725/519/2396
f  1725/519/2396 1727/520/2398 1728/6/2399
f  1726/2/2397 1729/521/2400 1727/520/2398
f  1727/520/2398 1729/521/2400 1730/522/2401
f  1727/520/2398 1730/522/2401 1728/6/2399
f  1728/6/2399 1730/522/2401 1731/523/2402
f  1729/521/2400 1732/13/2403 1730/522/2401
f  1730/522/2401 1732/13/2403 1733/524/2404
f  1730/522/2401 1733/524/2404 1731/523/2402
f  1731/523/2402 1733/524/2404 1734/15/2405
f  1732/13/2403 1735/525/2406 1733/524/2404
f  1733/524/2404 1735/525/2406 1736/526/2407
f  1733/524/2404 1736/526/2407 1734/15/2405
f  1734/15/2405 1736/526/2407 1737/527/2408
f  1735/525/2406 1738/19/2409 1736/526/2407
f  1736/526/2407 1738/19/2409 1739/528/2410
f  1736/526/2407 1739/528/2410 1737/527/2408
f  1737/527/2408 1739/528/2410 1740/21/2411
f  1738/19/2409 1741/529/2412 1739/528/2410
f  1739/528/2410 1741/529/2412 1742/530/2413
f  1739/528/2410 1742/530/2413 1740/21/2411
f  1740/21/2411 1742/530/2413 1743/531/2414
f  1741/529/2412 1744/25/2415 1742/530/2413
f  1742/530/2413 1744/25/2415 1745/532/2416
f  1742/530/2413 1745/532/2416 1743/531/2414
f  1743/531/2414 1745/532/2416 1746/27/2417
f  1744/25/2415 1747/533/2418 1745/532/2416
f  1745/532/2416 1747/533/2418 1748/534/2419
f  1745/532/2416 1748/534/2419 1746/27/2417
f  1746/27/2417 1748/534/2419 1749/535/2420
f  1747/533/2418 1750/536/2421 1748/534/2419
f  1748/534/2419 1750/536/2421 1749/535/2420
f  1751/1/2422 1754/516/2423 1752/517/2424
f  1752/517/2424 1754/516/2423 1755/518/2425
f  1752/517/2424 1755/518/2425 1753/4/2426
f  1753/4/2426 1755/518/2425 1756/519/2427
f  1754/516/2423 1757/2/2428 1755/518/2425
f  1755/518/2425 1757/2/2428 1758/520/2429
f  1755/518/2425 1758/520/2429 1756/519/2427
f  1756/519/2427 1758/520/2429 1759/6/2430
f  1757/2/2428 1760/521/2431 1758/520/2429
f  1758/520/2429 1760/521/2431 1761/522/2432
f  1758/520/2429 1761/522/2432 1759/6/2430
f  1759/6/2430 1761/522/2432 1762/523/2433
f  1760/521/2431 1763/13/2434 1761/522/2432
f  1761/522/2432 1763/13/2434 1764/524/2435
f  1761/522/2432 1764/524/2435 1762/523/2433
f  1762/523/2433 1764/524/2435 1765/15/2436
f  1763/13/2434 1766/525/2437 1764/524/2435
f  1764/524/2435 1766/525/2437 1767/526/2438
f  1764/524/2435 1767/526/2438 1765/15/2436
f  1765/15/2436 1767/526/2438 1768/527/2439
f  1766/525/2437 1769/19/2440 1767/526/2438
f  1767/526/2438 1769/19/2440 1770/528/2441
f  1767/526/2438 1770/528/2441 1768/527/2439
f  1768/527/2439 1770/528/2441 1771/21/2442
f  1769/19/2440 1772/529/2443 1770/528/2441
f  1770/528/2441 1772/529/2443 1773/530/2444
f  1770/528/2441 1773/530/2444 1771/21/2442
f  1771/21/2442 1773/530/2444 1774/531/2445
f  1772/529/2443 1775/25/2446 1773/530/2444
f  1773/530/2444 1775/25/2446 1776/532/2447
f  1773/530/2444 1776/532/2447 1774/531/2445
f  1774/531/2445 1776/532/2447 1777/27/2448
f  1775/25/2446 1778/533/2449 1776/532/2447
f  1776/532/2447 1778/533/2449 1779/534/2450
f  1776/532/2447 1779/534/2450 1777/27/2448
f  1777/27/2448 1779/534/2450 1780/535/2451
f  1778/533/2449 1781/536/2452 1779/534/2450
f  1779/534/2450 1781/536/2452 1780/535/2451
f  1782/1/2453 1785/516/2454 1783/517/2455
f  1783/517/2455 1785/516/2454 1786/518/2456
f  1783/517/2455 1786/518/2456 1784/4/2457
f  1784/4/2457 1786/518/2456 1787/519/2458
f  1785/516/2454 1788/2/2459 1786/518/2456
f  1786/518/2456 1788/2/2459 1789/520/2460
f  1786/518/2456 1789/520/2460 1787/519/2458
f  1787/519/2458 1789/520/2460 1790/6/2461
f  1788/2/2459 1791/521/2462 1789/520/2460
f  1789/520/2460 1791/521/2462 1792/522/2463
f  1789/520/2460 1792/522/2463 1790/6/2461
f  1790/6/2461 1792/522/2463 1793/523/2464
f  1791/521/2462 1794/13/2465 1792/522/2463
f  1792/522/2463 1794/13/2465 1795/524/2466
f  1792/522/2463 1795/524/2466 1793/523/2464
f  1793/523/2464 1795/524/2466 1796/15/2467
f  1794/13/2465 1797/525/2468 1795/524/2466
f  1795/524/2466 1797/525/2468 1798/526/2469
f  1795/524/2466 1798/526/2469 1796/15/2467
f  1796/15/2467 1798/526/2469 1799/527/2470
f  1797/525/2468 1800/19/2471 1798/526/2469
f  1798/526/2469 1800/19/2471 1801/528/2472
f  1798/526/2469 1801/528/2472 1799/527/2470
f  1799/527/2470 1801/528/2472 1802/21/2473
f  1800/19/2471 1803/529/2474 1801/528/2472
f  1801/528/2472 1803/529/2474 1804/530/2475
f  1801/528/2472 1804/530/2475 1802/21/2473
f  1802/21/2473 1804/530/2475 1805/531/2476
f  1803/529/2474 1806/25/2477 1804/530/2475
f  1804/530/2475 1806/25/2477 1807/532/2478
f  1804/530/2475 1807/532/2478 1805/531/2476
f  1805/531/2476 1807/532/2478 1808/27/2479
f  1806/25/2477 1809/533/2480 1807/532/2478
f  1807/532/2478 1809/533/2480 1810/534/2481
f  1807/532/2478 1810/534/2481 1808/27/2479
f  1808/27/2479 1810/534/2481 1811/535/2482
f  1809/533/2480 1812/536/2483 1810/534/2481
f  1810/534/2481 1812/536/2483 1811/535/2482
f  1813/1/2484 1816/516/2485 1814/517/2486
f  1814/517/2486 1816/516/2485 1817/518/2487
f  1814/517/2486 1817/518/2487 1815/4/2488
f  1815/4/2488 1817/518/2487 1818/519/2489
f  1816/516/2485 1819/2/2490 1817/518/2487
f  1817/518/2487 1819/2/2490 1820/520/2491
f  1817/518/2487 1820/520/2491 1818/519/2489
f  1818/519/2489 1820/520/2491 1821/6/2492
f  1819/2/2490 1822/521/2493 1820/520/2491
f  1820/520/2491 1822/521/2493 1823/522/2494
f  1820/520/2491 1823/522/2494 1821/6/2492
f  1821/6/2492 1823/522/2494 1824/523/2495
f  1822/521/2493 1825/13/2496 1823/522/2494
f  1823/522/2494 1825/13/2496 1826/524/2497
f  1823/522/2494 1826/524/2497 1824/523/2495
f  1824/523/2495 1826/524/2497 1827/15/2498
f  1825/13/2496 1828/525/2499 1826/524/2497
f  1826/524/2497 1828/525/2499 1829/526/2500
f  1826/524/2497 1829/526/2500 1827/15/2498
f  1827/15/2498 1829/526/2500 1830/527/2501
f  1828/525/2499 1831/19/2502 1829/526/2500
f  1829/526/2500 1831/19/2502 1832/528/2503
f  1829/526/2500 1832/528/2503 1830/527/2501
f  1830/527/2501 1832/528/2503 1833/21/2504
f  1831/19/2502 1834/529/2505 1832/528/2503
f  1832/528/2503 1834/529/2505 1835/530/2506
f  1832/528/2503 1835/530/2506 1833/21/2504
f  1833/21/2504 1835/530/2506 1836/531/2507
f  1834/529/2505 1837/25/2508 1835/530/2506
f  1835/530/2506 1837/25/2508 1838/532/2509
f  1835/530/2506 1838/532/2509 1836/531/2507
f  1836/531/2507 1838/532/2509 1839/27/2510
f  1837/25/2508 1840/533/2511 1838/532/2509
f  1838/532/2509 1840/533/2511 1841/534/2512
f  1838/532/2509 1841/534/2512 1839/27/2510
f  1839/27/2510 1841/534/2512 1842/535/2513
f  1840/533/2511 1843/536/2514 1841/534/2512
f  1841/534/2512 1843/536/2514 1842/535/2513
f  1844/1/2515 1847/516/2516 1845/517/2517
f  1845/517/2517 1847/516/2516 1848/518/2518
f  1845/517/2517 1848/518/2518 1846/4/2519
f  1846/4/2519 1848/518/2518 1849/519/2520
f  1847/516/2516 1850/2/2521 1848/518/2518
f  1848/518/2518 1850/2/2521 1851/520/2522
f  1848/518/2518 1851/520/2522 1849/519/2520
f  1849/519/2520 1851/520/2522 1852/6/2523
f  1850/2/2521 1853/521/2524 1851/520/2522
f  1851/520/2522 1853/521/2524 1854/522/2525
f  1851/520/2522 1854/522/2525 1852/6/2523
f  1852/6/2523 1854/522/2525 1855/523/2526
f  1853/521/2524 1856/13/2527 1854/522/2525
f  1854/522/2525 1856/13/2527 1857/524/2528
f  1854/522/2525 1857/524/2528 1855/523/2526
f  1855/523/2526 1857/524/2528 1858/15/2529
f  1856/13/2527 1859/525/2530 1857/524/2528
f  1857/524/2528 1859/525/2530 1860/526/2531
f  1857/524/2528 1860/526/2531 1858/15/2529
f  1858/15/2529 1860/526/2531 1861/527/2532
f  1859/525/2530 1862/19/2533 1860/526/2531
f  1860/526/2531 1862/19/2533 1863/528/2534
f  1860/526/2531 1863/528/2534 1861/527/2532
f  1861/527/2532 1863/528/2534 1864/21/2535
f  1862/19/2533 1865/529/2536 1863/528/2534
f  1863/528/2534 1865/529/2536 1866/530/2537
f  1863/528/2534 1866/530/2537 1864/21/2535
f  1864/21/2535 1866/530/2537 1867/531/2538
f  1865/529/2536 1868/25/2539 1866/530/2537
f  1866/530/2537 1868/25/2539 1869/532/2540
f  1866/530/2537 1869/532/2540 1867/531/2538
f  1867/531/2538 1869/532/2540 1870/27/2541
f  1868/25/2539 1871/533/2542 1869/532/2540
f  1869/532/2540 1871/533/2542 1872/534/2543
f  1869/532/2540 1872/534/2543 1870/27/2541
f  1870/27/2541 1872/534/2543 1873/535/2544
f  1871/533/2542 1874/536/2545 1872/534/2543
f  1872/534/2543 1874/536/2545 1873/535/2544
f  1875/1/2546 1878/516/2547 1876/517/2548
f  1876/517/2548 1878/516/2547 1879/518/2549
f  1876/517/2548 1879/518/2549 1877/4/2550
f  1877/4/2550 1879/518/2549 1880/519/2551
f  1878/516/2547 1881/2/2552 1879/518/2549
f  1879/518/2549 1881/2/2552 1882/520/2553
f  1879/518/2549 1882/520/2553 1880/519/2551
f  1880/519/2551 1882/520/2553 1883/6/2554
f  1881/2/2552 1884/521/2555 1882/520/2553
f  1882/520/2553 1884/521/2555 1885/522/2556
f  1882/520/2553 1885/522/2556 1883/6/2554
f  1883/6/2554 1885/522/2556 1886/523/2557
f  1884/521/2555 1887/13/2558 1885/522/2556
f  1885/522/2556 1887/13/2558 1888/524/2559
f  1885/522/2556 1888/524/2559 1886/523/2557
f  1886/523/2557 1888/524/2559 1889/15/2560
f  1887/13/2558 1890/525/2561 1888/524/2559
f  1888/524/2559 1890/525/2561 1891/526/2562
f  1888/524/2559 1891/526/2562 1889/15/2560
f  1889/15/2560 1891/526/2562 1892/527/2563
f  1890/525/2561 1893/19/2564 1891/526/2562
f  1891/526/2562 1893/19/2564 1894/528/2565
f  1891/526/2562 1894/528/2565 1892/527/2563
f  1892/527/2563 1894/528/2565 1895/21/2566
f  1893/19/2564 1896/529/2567 1894/528/2565
f  1894/528/2565 1896/529/2567 1897/530/2568
f  1894/528/2565 1897/530/2568 1895/21/2566
f  1895/21/2566 1897/530/2568 1898/531/2569
f  1896/529/2567 1899/25/2570 1897/530/2568
f  1897/530/2568 1899/25/2570 1900/532/2571
f  1897/530/2568 1900/532/2571 1898/531/2569
f  1898/531/2569 1900/532/2571 1901/27/2572
f  1899/25/2570 1902/533/2573 1900/532/2571
f  1900/532/2571 1902/533/2573 1903/534/2574
f  1900/532/2571 1903/534/2574 1901/27/2572
f  1901/27/2572 1903/534/2574 1904/535/2575
f  1902/533/2573 1905/536/2576 1903/534/2574
f  1903/534/2574 1905/536/2576 1904/535/2575
