# 
# Wavefront OBJ file
# Converted by the DEEP Exploration 3.5.9.1158
# Right Hemisphere, LTD
# http://www.righthemisphere.com/
# 
mtllib GC08_3.mtl
# object GC08_3
g GC08_3
v 0.013 5.54574e-019 -5.71011e-019
v 0.00401722 -0.0086139 0.0088692
v -0.0105172 -0.00532368 0.00548147
v -0.0105172 0.00532368 -0.00548147
v 0.00401722 0.0086139 -0.0088692
v 0.0129486 0.0512673 0.0497915
v 0.00400135 0.0448515 0.0603031
v -0.0104757 0.0473021 0.0562881
v -0.0104757 0.0552324 0.043295
v 0.00400135 0.057683 0.0392799
v 0.0129581 0.112171 0.0869907
v 0.00400523 0.10838 0.0987185
v -0.0104828 0.109964 0.0942852
v -0.0104839 0.114734 0.0798174
v 0.00400333 0.116098 0.0753091
v 0.0141205 0.180337 0.108714
v 0.00518809 0.17878 0.121006
v -0.00935518 0.17938 0.116378
v -0.00941104 0.181307 0.101226
v 0.0050977 0.181899 0.0964901
v 0.0129098 0.252532 0.119362
v 0.00397127 0.250363 0.131587
v -0.0104773 0.249115 0.126717
v -0.0104685 0.250512 0.111482
v 0.00398551 0.252624 0.106937
v -0.00250481 0.326333 0.133718
v -0.0112261 0.323859 0.145992
v -0.0254327 0.321036 0.141191
v -0.0254915 0.321766 0.125949
v -0.0113213 0.32504 0.121331
v -0.0189688 0.399974 0.137812
v -0.0278531 0.398827 0.149972
v -0.041808 0.395489 0.145257
v -0.0415482 0.394575 0.130184
v -0.0274328 0.397346 0.125583
v -0.0349453 0.473647 0.133337
v -0.0439218 0.473728 0.145076
v -0.0574725 0.470025 0.140488
v -0.0568708 0.467656 0.125913
v -0.0429482 0.469895 0.121494
v -0.0512758 0.546609 0.119718
v -0.0605999 0.54977 0.129996
v -0.0732554 0.544448 0.126243
v -0.0717528 0.537997 0.113646
v -0.0581687 0.539332 0.109613
v -0.0755721 0.624306 0.0559153
v -0.0847302 0.629048 0.0640584
v -0.0960776 0.622989 0.061378
v -0.0939325 0.614501 0.0515784
v -0.0812594 0.615316 0.0482023
v -0.100202 0.695818 -0.013962
v -0.108487 0.700254 -0.00692254
v -0.118597 0.694784 -0.00932226
v -0.11656 0.686968 -0.0178448
v -0.105191 0.687607 -0.0207123
v -0.122165 0.767482 -0.0829144
v -0.129351 0.771488 -0.0769809
v -0.138321 0.767883 -0.0800527
v -0.136679 0.76165 -0.0878847
v -0.126694 0.761402 -0.0896534
v -0.116333 0.803208 -0.101763
v -0.122773 0.807287 -0.0962001
v -0.131151 0.806677 -0.100503
v -0.129887 0.80222 -0.108726
v -0.12073 0.800077 -0.109505
v -0.108791 0.841384 -0.120507
v -0.114751 0.845189 -0.1154
v -0.12247 0.84469 -0.119433
v -0.121279 0.840576 -0.127032
v -0.112825 0.838533 -0.127696
v -0.102162 0.879353 -0.140404
v -0.10762 0.882869 -0.135718
v -0.114733 0.882304 -0.139351
v -0.113671 0.878438 -0.146282
v -0.105902 0.876615 -0.146933
v -0.0955658 0.91714 -0.160468
v -0.100537 0.920364 -0.156207
v -0.107023 0.919833 -0.15951
v -0.10606 0.916281 -0.165812
v -0.0989794 0.914616 -0.166404
v -0.0889753 0.95483 -0.180708
v -0.093471 0.957761 -0.17686
v -0.0993418 0.95727 -0.179843
v -0.0984746 0.954036 -0.185535
v -0.0920677 0.952528 -0.186069
v -0.0823799 0.992447 -0.201077
v -0.0864168 0.995086 -0.197624
v -0.0916913 0.99464 -0.200301
v -0.0909142 0.991725 -0.205408
v -0.0851595 0.99037 -0.205888
v -0.0801663 1.03038 -0.222393
v -0.130506 0.770728 -0.0762934
v -0.131048 0.757377 -0.082987
v -0.130373 0.769837 -0.0912112
v -0.150456 0.77158 -0.076641
v -0.152432 0.758366 -0.0833365
v -0.153459 0.77099 -0.0912694
v -0.170113 0.772428 -0.0727484
v -0.173428 0.759338 -0.0791532
v -0.175942 0.772105 -0.0865056
v -0.188617 0.773234 -0.0650461
v -0.193245 0.760257 -0.0708383
v -0.196973 0.773138 -0.0774364
v -0.205289 0.774278 -0.0535829
v -0.21093 0.761405 -0.0586651
v -0.215575 0.77439 -0.0644251
v -0.220434 0.775183 -0.0392682
v -0.226418 0.762366 -0.0440904
v -0.231744 0.775425 -0.049034
v -0.235773 0.77508 -0.0229488
v -0.240528 0.762315 -0.0290972
v -0.246483 0.77534 -0.0333697
v -0.257477 0.771031 -0.0049896
v -0.262138 0.758305 -0.0112893
v -0.268749 0.771241 -0.0148012
v -0.275988 0.766998 0.0149644
v -0.281483 0.75413 0.00971288
v -0.288548 0.766988 0.00686514
v -0.290661 0.76409 0.0382576
v -0.296762 0.751126 0.0340073
v -0.304105 0.763943 0.031732
v -0.303039 0.761392 0.062961
v -0.309584 0.748349 0.0597389
v -0.317109 0.761134 0.0579305
v -0.311682 0.759905 0.0884542
v -0.318859 0.746828 0.0875361
v -0.32644 0.759629 0.0861142
v -0.312015 0.762545 0.113944
v -0.319372 0.749607 0.115304
v -0.326958 0.762434 0.114175
v -0.310904 0.765584 0.141027
v -0.318242 0.752676 0.142224
v -0.325796 0.765483 0.14133
v -0.310774 0.767573 0.168414
v -0.318077 0.754702 0.169198
v -0.325592 0.767455 0.168492
v -0.310689 0.769125 0.195521
v -0.317945 0.756337 0.196372
v -0.325413 0.769018 0.195816
v -0.309758 0.770874 0.222963
v -0.316969 0.758156 0.223352
v -0.324383 0.770755 0.222914
v -0.310821 0.771238 0.251481
v -0.317838 0.758633 0.24989
v -0.325205 0.771133 0.249546
v -0.319727 0.767024 0.289116
v -0.326511 0.754634 0.286632
v -0.333807 0.76698 0.286383
v -0.327809 0.762992 0.325976
v -0.334594 0.750717 0.324021
v -0.341808 0.762902 0.323842
v -0.333426 0.760217 0.363241
v -0.340214 0.748059 0.36206
v -0.347338 0.760081 0.361931
v -0.336477 0.758811 0.400483
v -0.343232 0.746794 0.400669
v -0.350262 0.758653 0.400576
v -0.334467 0.760118 0.415338
v -0.341061 0.748256 0.41727
v -0.34805 0.760049 0.417191
v -0.331863 0.76177 0.431362
v -0.338438 0.749961 0.433136
v -0.345387 0.761689 0.433068
v -0.330055 0.762935 0.447704
v -0.336638 0.751165 0.449079
v -0.343547 0.762828 0.449021
v -0.328515 0.763929 0.463949
v -0.335079 0.752211 0.465128
v -0.34195 0.763812 0.465078
v -0.327193 0.764782 0.480204
v -0.333735 0.753118 0.481213
v -0.340569 0.764657 0.48117
v -0.326607 0.76516 0.488612
v -0.333137 0.753524 0.489541
v -0.339953 0.765033 0.489501
v -0.325946 0.765614 0.508611
v -0.331831 0.755146 0.509447
v -0.337957 0.765509 0.509411
v -0.0539392 0.53967 0.112871
v -0.0650897 0.538458 0.13059
v -0.0700027 0.552766 0.116068
v -0.031875 0.563146 0.128538
v -0.0457664 0.55856 0.143563
v -0.0485763 0.575478 0.131495
v -0.0134634 0.5827 0.151664
v -0.0291753 0.575885 0.163766
v -0.0306343 0.594475 0.154171
v 0.00111651 0.598164 0.179362
v -0.015631 0.590067 0.189043
v -0.0162727 0.609666 0.181611
v 0.0133515 0.610032 0.209613
v -0.00407761 0.601166 0.217186
v -0.0041996 0.621352 0.211506
v 0.0226679 0.619216 0.242169
v 0.00467139 0.609714 0.247229
v 0.00484293 0.630237 0.242921
v 0.0267879 0.62657 0.277417
v 0.00856542 0.616235 0.278361
v 0.00871402 0.636952 0.275114
v 0.0203672 0.633001 0.318289
v 0.00239083 0.622315 0.316736
v 0.00243619 0.643155 0.314396
v 0.012719 0.637415 0.35739
v -0.00529343 0.626753 0.356111
v -0.00533883 0.647656 0.354423
v 0.00882069 0.640606 0.396991
v -0.00925556 0.629997 0.396326
v -0.00933425 0.650931 0.395108
v 0.00595772 0.642935 0.437224
v -0.0120949 0.632342 0.436523
v -0.0121908 0.653266 0.435644
v 0.00286421 0.644601 0.477163
v -0.015097 0.63409 0.476941
v -0.0152055 0.654892 0.476312
v 0.00250858 0.64578 0.51572
v -0.0151672 0.635415 0.51828
v -0.0152753 0.65606 0.51783
v 0.0117613 0.64655 0.548782
v -0.00550241 0.636301 0.552855
v -0.00558658 0.656784 0.55252
v 0.0202922 0.647156 0.583785
v 0.00299512 0.636982 0.586884
v 0.00292698 0.657286 0.586636
v 0.0259193 0.647609 0.619355
v 0.00865643 0.637521 0.62152
v 0.00859644 0.657631 0.621337
v 0.030057 0.647945 0.654891
v 0.0129114 0.637953 0.656486
v 0.0128561 0.657861 0.656352
v 0.0330967 0.648194 0.690446
v 0.0160995 0.638304 0.691619
v 0.016047 0.658004 0.69152
v 0.0353192 0.648378 0.725994
v 0.0184865 0.638593 0.726855
v 0.0184359 0.658082 0.726782
v 0.0369352 0.648515 0.761524
v 0.0202736 0.638834 0.762155
v 0.0202242 0.658114 0.762101
v 0.0381028 0.648616 0.797034
v 0.0216121 0.639037 0.797496
v 0.0215635 0.658113 0.797457
v 0.0389404 0.648691 0.832526
v 0.0226152 0.639209 0.832864
v 0.0225674 0.658091 0.832836
v 0.039306 0.648725 0.854328
v 0.023078 0.6393 0.854604
v 0.0230305 0.658068 0.854581
v 0.0385474 0.64874 0.874343
v 0.0239354 0.640269 0.874591
v 0.0239062 0.657161 0.87457
v -0.0124229 0.247178 0.118453
v 0.00955945 0.242789 0.116092
v 0.00281583 0.263121 0.123106
v -0.0139727 0.259695 0.0806808
v 0.00795415 0.255965 0.0770261
v 0.00135247 0.274521 0.0879884
v -0.0164053 0.279393 0.0458742
v 0.00540408 0.277072 0.0406764
v -0.000887552 0.291725 0.0566067
v -0.0199388 0.308082 0.0179967
v 0.00164601 0.308347 0.0115098
v -0.0041083 0.31619 0.0318427
v -0.0255909 0.344732 0.00227221
v -0.00435035 0.347983 -0.00453377
v -0.00914548 0.347257 0.0174784
v -0.0316586 0.385188 0.00246418
v -0.0105731 0.390045 -0.00384978
v -0.0145127 0.381441 0.0166075
v -0.0337661 0.424697 0.0188282
v -0.0124719 0.427591 0.0120286
v -0.0170683 0.413463 0.0289787
v -0.0214608 0.466698 0.0572961
v 1.97807e-006 0.469739 0.0511189
v -0.00581529 0.451534 0.0630681
v -0.0102456 0.494554 0.105128
v 0.0115527 0.498454 0.100924
v 0.00503345 0.478434 0.108971
v -0.00406662 0.513709 0.157824
v 0.0177338 0.518034 0.155088
v 0.0109996 0.497338 0.16036
v 0.000870637 0.526061 0.212558
v 0.0225079 0.530535 0.210975
v 0.0157201 0.509725 0.214377
v 0.00266184 0.53445 0.266988
v 0.0239767 0.539178 0.268056
v 0.0172467 0.518495 0.270235
v -0.00490743 0.540339 0.299439
v 0.015901 0.545347 0.302753
v 0.00932366 0.524776 0.304371
v -0.012322 0.545435 0.334121
v 0.00840862 0.550299 0.336671
v 0.00195949 0.529881 0.33787
v -0.017021 0.548995 0.36947
v 0.00359923 0.55373 0.3712
v -0.00275429 0.533495 0.372085
v -0.0204678 0.55162 0.404772
v -2.31501e-005 0.556274 0.406046
v -0.00629396 0.536236 0.406697
v -0.0229955 0.553559 0.440099
v -0.00274383 0.558146 0.441036
v -0.00893978 0.538311 0.441514
v -0.0248403 0.554987 0.475421
v -0.00478747 0.559517 0.476108
v -0.010914 0.539884 0.476459
v -0.0261801 0.556036 0.510726
v -0.00632358 0.560515 0.51123
v -0.0123855 0.541078 0.511487
v -0.0271064 0.556772 0.544508
v -0.00743013 0.561207 0.544881
v -0.0134345 0.541949 0.545072
v -0.0264484 0.556774 0.564531
v -0.00873662 0.560751 0.564867
v -0.0141544 0.543423 0.565038
v -0.321659 0.768377 0.574109
v -0.327503 0.757992 0.574767
v -0.333576 0.768266 0.574738
v -0.318274 0.770559 0.639659
v -0.324074 0.760261 0.640175
v -0.330094 0.770445 0.640152
v -0.315608 0.772278 0.705237
v -0.321361 0.76207 0.705641
v -0.327326 0.772163 0.705623
v -0.313518 0.773627 0.77083
v -0.319217 0.763516 0.771145
v -0.325125 0.773512 0.771131
v -0.31188 0.774685 0.836429
v -0.317527 0.764667 0.836674
v -0.323379 0.774569 0.836664
v -0.310612 0.775505 0.90203
v -0.316197 0.765597 0.90222
v -0.321985 0.77539 0.902212
v -0.309656 0.776125 0.967631
v -0.315155 0.766372 0.967778
v -0.320852 0.776011 0.967772
v -0.308885 0.776624 1.03323
v -0.314338 0.766953 1.03334
v -0.319987 0.776511 1.03334
v -0.308294 0.777007 1.09883
v -0.313699 0.767421 1.09891
v -0.319298 0.776895 1.09891
v -0.307861 0.777289 1.16441
v -0.313201 0.767818 1.16449
v -0.318733 0.777178 1.16449
v -0.307464 0.777544 1.22992
v -0.31267 0.76831 1.23011
v -0.318064 0.777437 1.23011
v -0.304547 0.779284 1.29539
v -0.310846 0.768109 1.2957
v -0.317375 0.779156 1.2957
v -0.303961 0.779643 1.36104
v -0.309082 0.770559 1.3612
v -0.314388 0.779538 1.3612
v -0.302724 0.780384 1.42678
v -0.308436 0.770254 1.42671
v -0.314353 0.780266 1.42671
v -0.30481 0.779159 1.49257
v -0.309785 0.770326 1.49216
v -0.314947 0.77906 1.49216
v -0.309316 0.776501 1.55829
v -0.314195 0.7678 1.55738
v -0.319291 0.776424 1.55738
v -0.321514 0.769299 1.65081
v -0.3263 0.760726 1.64961
v -0.331333 0.769242 1.64961
v -0.334722 0.761498 1.74291
v -0.339376 0.753168 1.7418
v -0.344264 0.761439 1.7418
v -0.346469 0.754559 1.8352
v -0.350957 0.746546 1.83429
v -0.355653 0.754492 1.83429
v -0.356024 0.748915 1.92782
v -0.360517 0.740912 1.92708
v -0.365202 0.748839 1.92708
v -0.36361 0.744434 2.02068
v -0.367862 0.736875 2.02016
v -0.372282 0.744354 2.02016
v -0.369015 0.741241 2.11382
v -0.372898 0.734344 2.11341
v -0.37693 0.741167 2.11341
v -0.374383 0.738071 2.207
v -0.378034 0.731584 2.20663
v -0.381826 0.738 2.20663
v -0.379217 0.735215 2.30019
v -0.382637 0.729142 2.2999
v -0.386186 0.735147 2.2999
v -0.382864 0.73306 2.39342
v -0.386055 0.727399 2.39326
v -0.389363 0.732995 2.39326
v -0.384396 0.732156 2.48666
v -0.387365 0.72689 2.48671
v -0.390441 0.732095 2.48671
v -0.381186 0.734054 2.57958
v -0.3839 0.729199 2.58022
v -0.386748 0.734019 2.58022
v -0.379632 0.734973 2.58903
v -0.382242 0.730206 2.59016
v -0.385066 0.734985 2.59016
v 0.0391911 0.648794 0.916852
v 0.0246488 0.640364 0.917063
v 0.0246197 0.657175 0.917045
v 0.0397342 0.648841 0.959358
v 0.0252619 0.640451 0.959538
v 0.025233 0.65718 0.959523
v 0.0401913 0.64888 1.00186
v 0.0257893 0.640532 1.00202
v 0.0257605 0.657179 1.002
v 0.0405747 0.648914 1.04437
v 0.0262432 0.640607 1.0445
v 0.0262146 0.657173 1.04448
v 0.0408944 0.648943 1.08687
v 0.0266345 0.640677 1.08698
v 0.0266061 0.65716 1.08697
v 0.0411578 0.648968 1.12937
v 0.026973 0.640746 1.12946
v 0.0269447 0.657141 1.12945
v 0.0413733 0.648989 1.17187
v 0.0272661 0.640812 1.17195
v 0.027238 0.657118 1.17194
v 0.0415523 0.649007 1.21435
v 0.0275181 0.640872 1.21444
v 0.0274901 0.657093 1.21443
v 0.0418064 0.649022 1.25672
v 0.0278503 0.640931 1.25698
v 0.0278225 0.657065 1.25698
v 0.0430082 0.649037 1.29913
v 0.0291353 0.640993 1.29949
v 0.0291077 0.657033 1.29948
v 0.044015 0.64905 1.34177
v 0.0302385 0.641064 1.34189
v 0.0302111 0.656988 1.34188
v 0.0437607 0.649058 1.38461
v 0.0301266 0.641152 1.3842
v 0.0300994 0.656918 1.3842
v 0.0411557 0.649062 1.42751
v 0.0276442 0.641202 1.42637
v 0.0276172 0.656874 1.42637
v 0.035036 0.649058 1.47309
v 0.0216694 0.641238 1.47125
v 0.0216425 0.656832 1.47125
v 0.0279417 0.649052 1.51809
v 0.0146444 0.641267 1.5162
v 0.0146176 0.65679 1.5162
v 0.0210904 0.649045 1.56299
v 0.00785382 0.641307 1.56125
v 0.0078271 0.656737 1.56125
v 0.0149332 0.649038 1.60793
v 0.00176367 0.641355 1.60643
v 0.00173712 0.656675 1.60643
v 0.00967932 0.649033 1.65295
v -0.00337254 0.641435 1.65175
v -0.00339881 0.656585 1.65175
v 0.00552163 0.649028 1.69812
v -0.00723629 0.641613 1.69718
v -0.00726195 0.656399 1.69718
v 0.00358547 0.649027 1.74355
v -0.0113407 0.640356 1.74254
v -0.0113707 0.657647 1.74254
v -0.000182244 0.649023 1.78883
v -0.014339 0.640802 1.788
v -0.0143675 0.657194 1.788
v -0.00442874 0.649017 1.83405
v -0.0161997 0.642187 1.83354
v -0.0162233 0.655806 1.83354
v -0.00563389 0.649016 1.87937
v -0.0182191 0.64172 1.8791
v -0.0182443 0.65627 1.8791
v -0.00568441 0.649018 1.92457
v -0.0188079 0.641409 1.92477
v -0.0188343 0.65658 1.92477
v -0.00206213 0.649025 1.96913
v -0.0176046 0.63997 1.97069
v -0.017636 0.658025 1.97069
v 0.00330697 0.649035 2.02238
v -0.00857201 0.642066 2.02424
v -0.00859614 0.655963 2.02424
v 0.0135625 0.649054 2.07535
v 0.00154122 0.641992 2.07733
v 0.00151678 0.656073 2.07733
v 0.0227369 0.64907 2.12888
v 0.0107357 0.642057 2.13041
v 0.0107115 0.656042 2.13041
v 0.0287321 0.649081 2.18286
v 0.0167457 0.642105 2.18394
v 0.0167216 0.656016 2.18394
v 0.0333988 0.64909 2.2368
v 0.021552 0.642204 2.23768
v 0.0215282 0.655934 2.23768
v 0.0372421 0.649097 2.29076
v 0.0255669 0.642316 2.2915
v 0.0255434 0.655837 2.2915
v 0.0406333 0.649103 2.3446
v 0.0291806 0.642447 2.34543
v 0.0291576 0.655719 2.34543
v 0.0451887 0.649111 2.39848
v 0.0339638 0.642591 2.39921
v 0.0339412 0.655593 2.39921
v 0.0481119 0.649116 2.45281
v 0.0371042 0.642735 2.45293
v 0.0370821 0.655459 2.45293
v 0.0462308 0.649113 2.50747
v 0.0356628 0.642967 2.50659
v 0.0356415 0.655223 2.50659
v 0.0404958 0.649104 2.56735
v 0.024493 0.639692 2.5646
v 0.0244604 0.65846 2.56459
v 0.0251665 0.649077 2.62501
v 0.0148006 0.642968 2.62311
v 0.0147794 0.65515 2.62311
v 0.0133751 0.649057 2.68313
v 0.00373355 0.643387 2.68148
v 0.00371393 0.654693 2.68148
v 0.00317284 0.649039 2.74147
v -0.00628786 0.643496 2.74007
v -0.00630704 0.65455 2.74007
v -0.00533004 0.649025 2.80016
v -0.0144935 0.643663 2.79891
v -0.014512 0.654354 2.79891
v -0.0140743 0.649009 2.85885
v -0.0229319 0.643831 2.85769
v -0.0229498 0.654157 2.85769
v -0.0219001 0.648996 2.91757
v -0.0304672 0.644002 2.91666
v -0.0304845 0.65396 2.91666
v -0.0275437 0.648986 2.97638
v -0.0358281 0.644177 2.97593
v -0.0358447 0.653767 2.97593
v -0.0287923 0.648984 3.0351
v -0.036757 0.644358 3.03561
v -0.036773 0.653583 3.03561
v -0.0194232 0.649 3.10953
v -0.0269139 0.644601 3.11075
v -0.0269291 0.653374 3.11075
v -0.00518573 0.649025 3.18353
v -0.012255 0.644847 3.18494
v -0.0122695 0.653179 3.18494
v 0.00997915 0.649052 3.25751
v 0.00328176 0.645092 3.25886
v 0.00326806 0.652988 3.25886
v 0.0133737 0.649058 3.27557
v 0.00676594 0.645152 3.2769
v 0.00675242 0.652941 3.2769
v -0.027371 0.557482 0.607046
v -0.00974197 0.56144 0.607332
v -0.0151336 0.544193 0.607478
v -0.0281524 0.558085 0.64956
v -0.0106067 0.562023 0.649803
v -0.0159722 0.544859 0.649927
v -0.028813 0.558598 0.692072
v -0.0113509 0.562517 0.692279
v -0.0166905 0.545435 0.692384
v -0.0293702 0.559034 0.734582
v -0.0119921 0.562934 0.734757
v -0.0173057 0.545934 0.734847
v -0.0298382 0.559404 0.777089
v -0.0125453 0.563285 0.777239
v -0.0178326 0.546368 0.777315
v -0.0302281 0.559717 0.819595
v -0.0130245 0.563577 0.819722
v -0.0182844 0.546748 0.819786
v -0.0305514 0.559981 0.8621
v -0.0134402 0.56382 0.862207
v -0.0186717 0.547081 0.862261
v -0.0308216 0.560204 0.90459
v -0.0137983 0.564023 0.904699
v -0.0190028 0.547371 0.904745
v -0.0311489 0.560424 0.946955
v -0.0142176 0.564224 0.947252
v -0.0193948 0.547659 0.947291
v -0.0323675 0.560905 0.989362
v -0.0155347 0.564684 0.989754
v -0.0206822 0.548214 0.989787
v -0.0333929 0.56131 1.032
v -0.0166674 0.565063 1.03215
v -0.0217807 0.548702 1.03218
v -0.0331982 0.561323 1.07488
v -0.0166427 0.565039 1.07445
v -0.0217056 0.548839 1.07447
v -0.0307462 0.560618 1.11782
v -0.0143409 0.564323 1.11661
v -0.019371 0.548228 1.11663
v -0.0249385 0.558859 1.16344
v -0.00869477 0.562569 1.16148
v -0.0137 0.546555 1.1615
v -0.0181977 0.556798 1.20846
v -0.00203494 0.560494 1.20643
v -0.00701831 0.544552 1.20645
v -0.0116863 0.554802 1.25336
v 0.00440619 0.558471 1.25149
v -0.000549809 0.542617 1.25151
v -0.00583147 0.553004 1.2983
v 0.0101805 0.55664 1.29668
v 0.00525769 0.540893 1.29669
v -0.000862459 0.551478 1.34331
v 0.0150605 0.555078 1.34201
v 0.0101741 0.539448 1.34202
v 0.00314338 0.550248 1.38846
v 0.0186386 0.553741 1.38745
v 0.0138893 0.53855 1.38746
v 0.00575938 0.549449 1.43384
v 0.0223178 0.553179 1.43285
v 0.0172445 0.536952 1.43285
v 0.00710571 0.549044 1.47926
v 0.0267614 0.553467 1.47823
v 0.0207417 0.534213 1.47824
v 0.0128761 0.547254 1.52437
v 0.0267809 0.550377 1.52383
v 0.0225253 0.536766 1.52384
v 0.0136895 0.547011 1.56969
v 0.0290936 0.550466 1.5694
v 0.0243819 0.535396 1.5694
v 0.0142719 0.546838 1.61487
v 0.0293245 0.550214 1.61507
v 0.0247208 0.535489 1.61507
v 0.0102214 0.548112 1.65936
v 0.0290563 0.552379 1.66103
v 0.0232718 0.533877 1.66104
v 0.004897 0.549784 1.71253
v 0.019961 0.553245 1.71461
v 0.0153071 0.53836 1.71462
v -0.0045126 0.552733 1.76556
v 0.0100474 0.556086 1.76768
v 0.00554467 0.541683 1.76768
v -0.0132895 0.555482 1.81911
v 0.00129188 0.558805 1.82075
v -0.00319755 0.544445 1.82075
v -0.019014 0.557276 1.87311
v -0.00441918 0.560575 1.87427
v -0.00889747 0.546251 1.87427
v -0.0234478 0.558666 1.92707
v -0.0090056 0.561922 1.928
v -0.013432 0.547763 1.928
v -0.0270893 0.559807 1.98104
v -0.0128388 0.563015 1.98183
v -0.0172039 0.549053 1.98183
v -0.0302964 0.560812 2.03487
v -0.0162918 0.563969 2.03576
v -0.0205837 0.550241 2.03576
v -0.0346035 0.562161 2.08876
v -0.0208677 0.565254 2.08954
v -0.0250754 0.551795 2.08954
v -0.0373458 0.56302 2.14313
v -0.0238701 0.566042 2.14325
v -0.0279911 0.55286 2.14325
v -0.0354301 0.562422 2.19783
v -0.0225779 0.565325 2.19688
v -0.0265195 0.552717 2.19688
v -0.028804 0.560352 2.25755
v -0.0117918 0.56428 2.25496
v -0.0170584 0.547434 2.25496
v -0.0161143 0.556386 2.31557
v -0.0020536 0.559644 2.3133
v -0.00641323 0.545699 2.3133
v -0.00421941 0.552669 2.37356
v 0.00777055 0.555435 2.37176
v 0.00405995 0.543566 2.37176
v 0.0054721 0.54964 2.43189
v 0.0171445 0.552313 2.43039
v 0.0135435 0.540794 2.43039
v 0.0134534 0.547145 2.49059
v 0.02477 0.549729 2.48925
v 0.0212833 0.538576 2.48925
v 0.0216371 0.544587 2.5493
v 0.0325881 0.547083 2.54806
v 0.0292164 0.536298 2.54806
v 0.0289108 0.542314 2.60802
v 0.0395119 0.544716 2.60706
v 0.0362558 0.534301 2.60706
v 0.0340733 0.540701 2.66683
v 0.0443293 0.543006 2.66637
v 0.0411896 0.532964 2.66637
v 0.035027 0.540403 2.72549
v 0.0448957 0.542627 2.72609
v 0.0418718 0.532954 2.72609
v 0.0258319 0.543278 2.79985
v 0.0351384 0.545423 2.80121
v 0.0322598 0.536215 2.80121
v 0.012083 0.547578 2.8738
v 0.0208899 0.549632 2.87536
v 0.0181516 0.540873 2.87536
v -0.00242319 0.552113 2.94779
v 0.00594047 0.554063 2.94926
v 0.00334055 0.545747 2.94926
v -0.0121749 0.555162 3.00261
v -0.00413835 0.557036 3.00402
v -0.00663647 0.549045 3.00402
v -0.401393 0.765672 2.58978
v -0.363234 0.701105 2.58978
v -0.319473 0.814092 3.08064
v -0.281314 0.749525 3.08064
v 0.00889893 0.68655 3.27646
v 0.00902907 0.61155 3.27646
v 0.102895 0.686713 3.76754
v 0.103025 0.611714 3.76754
v -0.0188396 0.517956 3.00355
v 0.00353975 0.589539 3.00355
v -0.10793 0.545813 3.49476
v -0.0855507 0.617396 3.49476
v -0.350635 0.752145 2.58264
v -0.413992 0.714632 2.59692
v -0.268715 0.800565 3.0735
v -0.332071 0.763052 3.08778
v 0.0457953 0.649144 3.26941
v -0.0278673 0.648956 3.28351
v 0.139792 0.649307 3.76049
v 0.0661289 0.64912 3.77459
v -0.0428212 0.564712 2.99655
v 0.0275214 0.542783 3.01055
v -0.131912 0.592569 3.48776
v -0.0615691 0.57064 3.50176
v -0.388724 0.740511 2.58001
v -0.383945 0.732424 2.58001
v -0.379165 0.724337 2.58001
v -0.395196 0.736612 2.61576
v -0.39045 0.72858 2.61576
v -0.385703 0.720548 2.61576
v -0.402459 0.730885 2.65633
v -0.39757 0.722981 2.65608
v -0.392682 0.715076 2.65583
v -0.409438 0.722172 2.69453
v -0.404311 0.714504 2.69372
v -0.399183 0.706836 2.69291
v -0.414586 0.712336 2.749
v -0.410126 0.704066 2.74788
v -0.405666 0.695795 2.74677
v -0.420464 0.691751 2.80576
v -0.415328 0.683958 2.80342
v -0.410192 0.676166 2.80108
v -0.428869 0.678637 2.86258
v -0.423814 0.670786 2.8614
v -0.418758 0.662934 2.86022
v -0.44627 0.674728 2.91357
v -0.444143 0.666023 2.91396
v -0.442016 0.657317 2.91435
v -0.502241 0.66832 2.92123
v -0.500969 0.65997 2.92105
v -0.499698 0.65162 2.92086
v -0.531674 0.659916 2.86829
v -0.529228 0.653759 2.86816
v -0.526782 0.647601 2.86803
v -0.53937 0.646689 2.80785
v -0.305928 0.759464 1.55768
v -0.314268 0.773575 1.55768
v -0.322607 0.787687 1.55768
v -0.292294 0.767656 1.61662
v -0.300577 0.781671 1.61662
v -0.308859 0.795685 1.61662
v -0.275761 0.780839 1.69068
v -0.283814 0.794904 1.68994
v -0.291866 0.808968 1.68921
v -0.258172 0.801243 1.76677
v -0.266 0.815244 1.76483
v -0.273829 0.829244 1.76288
v -0.231031 0.813548 1.84292
v -0.239712 0.827575 1.84362
v -0.248392 0.841602 1.84432
v -0.193756 0.81881 1.92541
v -0.199632 0.834464 1.92694
v -0.205507 0.850117 1.92847
v -0.137846 0.809844 1.99864
v -0.1435 0.823678 2.00545
v -0.149154 0.837512 2.01227
v -0.0814822 0.799197 2.08551
v -0.0782712 0.813823 2.09006
v -0.0750602 0.828448 2.09462
v 0.0193581 0.798957 2.05846
v 0.0226328 0.813279 2.05968
v 0.0259075 0.827601 2.06089
v 0.0464705 0.815888 1.94426
v 0.046877 0.827439 1.9446
v 0.0472835 0.83899 1.94494
v 0.0528406 0.810829 1.8275
v -0.0341262 0.659803 3.03544
v -0.0341074 0.648975 3.03544
v -0.0340887 0.638147 3.03544
v -0.0431505 0.659713 3.08027
v -0.0431318 0.648959 3.08027
v -0.0431132 0.638205 3.08027
v -0.0516637 0.659152 3.12152
v -0.0514794 0.648437 3.12142
v -0.0512951 0.637722 3.12132
v -0.0622739 0.655357 3.16616
v -0.0623081 0.644723 3.16525
v -0.0623422 0.634088 3.16434
v -0.0756062 0.649958 3.21517
v -0.0756757 0.639124 3.2139
v -0.0757451 0.628291 3.21264
v -0.0971009 0.647382 3.27836
v -0.095821 0.636365 3.27829
v -0.0945411 0.625348 3.27822
v -0.116679 0.639916 3.34008
v -0.114553 0.629296 3.33944
v -0.112426 0.618676 3.33879
v -0.136837 0.646735 3.40099
v -0.139661 0.637013 3.40309
v -0.142486 0.627292 3.4052
v -0.210035 0.6635 3.40799
v -0.212472 0.654072 3.40809
v -0.214909 0.644644 3.40818
v -0.242466 0.66952 3.34885
v -0.242281 0.661887 3.34859
v -0.242096 0.654255 3.34832
v -0.264225 0.685789 3.28491
v 0.0392032 0.634766 2.50688
v 0.0391784 0.649101 2.50688
v 0.0391535 0.663437 2.50688
v 0.0507732 0.634884 2.56388
v 0.0507485 0.649121 2.56388
v 0.0507238 0.663359 2.56388
v 0.0626206 0.636181 2.62231
v 0.0629001 0.650361 2.62193
v 0.0631795 0.664542 2.62155
v 0.0811327 0.64253 2.69035
v 0.0802124 0.65659 2.68929
v 0.0792922 0.670651 2.68823
v 0.0974995 0.639677 2.76269
v 0.0977269 0.654109 2.76313
v 0.0979544 0.66854 2.76356
v 0.119095 0.639891 2.84029
v 0.120005 0.654542 2.83995
v 0.120914 0.669194 2.8396
v 0.147284 0.637874 2.91312
v 0.150406 0.651867 2.91223
v 0.153527 0.66586 2.91134
v 0.185348 0.640989 3.0055
v 0.184186 0.654615 3.00492
v 0.183025 0.668242 3.00433
v 0.283347 0.680572 2.98925
v 0.279163 0.692764 2.9895
v 0.274979 0.704957 2.98975
v 0.303286 0.694852 2.89151
v 0.297649 0.703248 2.89147
v 0.292012 0.711645 2.89143
v 0.296113 0.738904 2.79353
v -0.0124641 0.666187 1.97017
v -0.0124342 0.649007 1.97017
v -0.0124044 0.631827 1.97017
v -0.0304783 0.666039 2.03454
v -0.0304487 0.648977 2.03454
v -0.030419 0.631914 2.03454
v -0.0521742 0.663744 2.10743
v -0.0517736 0.646751 2.10701
v -0.0513729 0.629757 2.10658
v -0.0761154 0.656481 2.17579
v -0.0750487 0.639639 2.17438
v -0.0739819 0.622796 2.17297
v -0.100307 0.645746 2.27394
v -0.100807 0.628574 2.27186
v -0.101307 0.611401 2.26978
v -0.135888 0.618747 2.37551
v -0.134726 0.601701 2.3713
v -0.133564 0.584654 2.36709
v -0.168536 0.605869 2.47738
v -0.167703 0.588803 2.47528
v -0.166871 0.571738 2.47318
v -0.207481 0.616078 2.56802
v -0.211578 0.600195 2.56824
v -0.215675 0.584311 2.56847
v -0.304668 0.653949 2.57158
v -0.309352 0.639234 2.57105
v -0.314036 0.62452 2.57052
v -0.357879 0.664678 2.47371
v -0.358842 0.6526 2.47344
v -0.359806 0.640522 2.47317
v -0.380676 0.649381 2.36304
v 0.0321705 0.630782 1.42675
v 0.032139 0.649046 1.42675
v 0.0321075 0.66731 1.42675
v 0.054912 0.630957 1.49086
v 0.0548807 0.649095 1.49085
v 0.0548493 0.667234 1.49085
v 0.0847649 0.634289 1.57125
v 0.0849162 0.652345 1.57041
v 0.0850675 0.670401 1.56957
v 0.1202 0.643954 1.65334
v 0.120417 0.661821 1.65115
v 0.120634 0.679689 1.64896
v 0.160216 0.640442 1.73513
v 0.15988 0.658818 1.73593
v 0.159543 0.677193 1.73674
v 0.206552 0.624441 1.82346
v 0.209893 0.642792 1.82489
v 0.213234 0.661143 1.82632
v 0.261845 0.584227 1.90073
v 0.264857 0.60072 1.90806
v 0.267869 0.617213 1.9154
v 0.31978 0.541557 1.99235
v 0.330426 0.554646 1.99676
v 0.341073 0.567735 2.00117
v 0.418677 0.492014 1.9557
v 0.428978 0.504745 1.95696
v 0.439278 0.517477 1.95822
v 0.4525 0.496035 1.82799
v 0.458571 0.507393 1.82837
v 0.464642 0.518751 1.82874
v 0.456019 0.487935 1.69789
v 0.0373001 0.528112 2.72589
v 0.0405981 0.538661 2.72589
v 0.0438962 0.549211 2.72589
v 0.045945 0.525489 2.77169
v 0.0492204 0.535966 2.77169
v 0.0524958 0.546443 2.77169
v 0.0542436 0.52348 2.81382
v 0.0573462 0.533969 2.81372
v 0.0604488 0.544459 2.81361
v 0.0655537 0.523983 2.85943
v 0.0688477 0.534326 2.8585
v 0.0721418 0.54467 2.85757
v 0.0799878 0.525221 2.90951
v 0.0833784 0.535746 2.90822
v 0.0867689 0.546271 2.90693
v 0.101446 0.521228 2.97411
v 0.103575 0.532347 2.97403
v 0.105703 0.543466 2.97395
v 0.122543 0.522581 3.03719
v 0.123727 0.533572 3.03652
v 0.124911 0.544563 3.03585
v 0.139781 0.509875 3.09945
v 0.145523 0.51846 3.10162
v 0.151265 0.527045 3.10379
v 0.205752 0.470937 3.10703
v 0.211042 0.479353 3.10712
v 0.216331 0.487768 3.10722
v 0.23547 0.455024 3.04668
v 0.237654 0.462504 3.04641
v 0.239838 0.469984 3.04614
v 0.251604 0.432457 2.98142
v -0.0238428 0.574015 2.1972
v -0.0281758 0.560155 2.1972
v -0.0325089 0.546295 2.1972
v -0.0350368 0.577411 2.25494
v -0.0393401 0.563646 2.25494
v -0.0436434 0.549881 2.25494
v -0.0468554 0.579754 2.31413
v -0.0514356 0.566136 2.31375
v -0.0560158 0.552518 2.31337
v -0.0666447 0.579238 2.38307
v -0.0700295 0.565372 2.38199
v -0.0734142 0.551505 2.38091
v -0.0815625 0.586961 2.45635
v -0.0861684 0.573085 2.45679
v -0.0907743 0.559209 2.45723
v -0.102463 0.593311 2.53497
v -0.107795 0.57943 2.53461
v -0.113127 0.565549 2.53426
v -0.129058 0.60382 2.60875
v -0.136328 0.591248 2.60785
v -0.143598 0.578675 2.60695
v -0.166743 0.612369 2.70235
v -0.169762 0.598849 2.70176
v -0.172782 0.585329 2.70116
v -0.273476 0.603905 2.68592
v -0.273138 0.590852 2.68617
v -0.2728 0.577799 2.68642
v -0.297088 0.596167 2.58691
v -0.294193 0.586341 2.58687
v -0.291298 0.576514 2.58683
v -0.303545 0.55142 2.48766
v 0.0156958 0.528304 1.66048
v 0.0208498 0.544789 1.66047
v 0.0260039 0.561274 1.66047
v 0.0330124 0.523024 1.72519
v 0.038131 0.539396 1.72519
v 0.0432496 0.555768 1.72519
v 0.0545067 0.518694 1.79847
v 0.0592488 0.535112 1.79804
v 0.063991 0.55153 1.79761
v 0.0796532 0.518451 1.8672
v 0.0837109 0.534925 1.86578
v 0.0877686 0.551398 1.86436
v 0.106085 0.521469 1.96588
v 0.111745 0.537786 1.96378
v 0.117405 0.554103 1.96169
v 0.148346 0.536648 2.06799
v 0.152374 0.553346 2.06375
v 0.156402 0.570043 2.05951
v 0.183533 0.539171 2.1704
v 0.187883 0.555787 2.16829
v 0.192233 0.572404 2.16617
v 0.2178 0.51765 2.26154
v 0.226516 0.531649 2.26176
v 0.235233 0.545648 2.26198
v 0.2996 0.452038 2.26513
v 0.308526 0.46474 2.2646
v 0.317453 0.477441 2.26407
v 0.347404 0.425709 2.16675
v 0.351968 0.437003 2.16648
v 0.356532 0.448298 2.1662
v 0.37388 0.43351 2.05548
v -0.0160354 0.575163 1.117
v -0.021486 0.557723 1.11702
v -0.0269366 0.540284 1.11704
v -0.0378454 0.581926 1.1811
v -0.0432588 0.564607 1.18112
v -0.0486722 0.547287 1.18114
v -0.0674055 0.587843 1.26148
v -0.0729682 0.570655 1.26067
v -0.078531 0.553467 1.25985
v -0.104199 0.589401 1.34357
v -0.109767 0.572411 1.3414
v -0.115334 0.55542 1.33924
v -0.141409 0.604909 1.42533
v -0.146604 0.587273 1.42617
v -0.151799 0.569637 1.427
v -0.180908 0.634245 1.51361
v -0.189606 0.617737 1.51506
v -0.198303 0.601229 1.51651
v -0.221678 0.689354 1.59077
v -0.22951 0.674533 1.59813
v -0.237342 0.659712 1.60549
v -0.264248 0.747635 1.68228
v -0.278344 0.738355 1.6867
v -0.29244 0.729074 1.69112
v -0.343695 0.824585 1.64547
v -0.357357 0.815543 1.64673
v -0.371019 0.8065 1.648
v -0.377173 0.830882 1.51771
v -0.386386 0.821876 1.51809
v -0.395599 0.81287 1.51846
v -0.378089 0.839656 1.38755
v -0.356541 0.777048 0.400402
v -0.343324 0.754753 0.400576
v -0.330106 0.732457 0.40075
v -0.406872 0.760971 0.50251
v -0.395055 0.738222 0.504843
v -0.383238 0.715472 0.507177
v -0.456295 0.741367 0.605885
v -0.442778 0.719703 0.608342
v -0.42926 0.698038 0.6108
v -0.508667 0.703542 0.717835
v -0.495929 0.681459 0.71615
v -0.483191 0.659375 0.714466
v -0.573426 0.651704 0.832756
v -0.560231 0.629399 0.829591
v -0.547036 0.607094 0.826427
v -0.676788 0.588664 0.955998
v -0.660655 0.567844 0.95933
v -0.644522 0.547023 0.962663
v -0.781666 0.508415 1.06882
v -0.764143 0.48971 1.07301
v -0.746621 0.471004 1.0772
v -0.925662 0.450005 1.1558
v -0.912862 0.429813 1.16221
v -0.900062 0.40962 1.16861
v -1.07136 0.377106 1.27087
v -1.05911 0.357317 1.27224
v -1.04687 0.337529 1.27362
v -1.14353 0.33872 1.43406
v -1.13919 0.32097 1.43336
v -1.13486 0.30322 1.43266
v -1.15595 0.3634 1.62064
v -0.304798 0.744677 0.250921
v -0.317955 0.767001 0.250306
v -0.331112 0.789325 0.24969
v -0.251256 0.773392 0.346242
v -0.265888 0.794483 0.348169
v -0.280521 0.815574 0.350095
v -0.201614 0.806906 0.452848
v -0.214169 0.829241 0.451562
v -0.226723 0.851575 0.450276
v -0.134881 0.870256 0.562428
v -0.152293 0.88895 0.562042
v -0.169706 0.907643 0.561655
v -0.0547264 0.913634 0.679607
v -0.0684306 0.93583 0.68068
v -0.0821348 0.958026 0.681752
v 0.0445603 0.977698 0.79258
v 0.0313065 1.00062 0.790677
v 0.0180526 1.02355 0.788774
v 0.166086 1.0499 0.874544
v 0.155849 1.07264 0.867291
v 0.145612 1.09538 0.860039
v 0.313979 1.15196 0.949982
v 0.301554 1.17313 0.946842
v 0.289129 1.1943 0.943702
v 0.434079 1.30268 1.02937
v 0.417342 1.31881 1.02765
v 0.400604 1.33495 1.02592
v 0.515014 1.41511 1.16985
v 0.505575 1.43064 1.16785
v 0.496137 1.44617 1.16586
v 0.495931 1.5118 1.35725
v -0.332142 0.777655 0.0849021
v -0.318994 0.755454 0.0873682
v -0.305846 0.733252 0.0898343
v -0.397747 0.746442 0.169043
v -0.387168 0.72298 0.168521
v -0.376589 0.699518 0.168
v -0.475917 0.697939 0.258132
v -0.462852 0.67587 0.257526
v -0.449786 0.653801 0.256921
v -0.554118 0.632278 0.336816
v -0.538441 0.612153 0.335416
v -0.522764 0.592027 0.334017
v -0.64241 0.551899 0.452421
v -0.629126 0.530299 0.446204
v -0.615843 0.5087 0.439987
v -0.744729 0.427953 0.538487
v -0.726527 0.409934 0.531496
v -0.708326 0.391914 0.524505
v -0.864852 0.315773 0.608732
v -0.848361 0.296349 0.603706
v -0.83187 0.276925 0.59868
v -1.00997 0.235302 0.64398
v -1.00165 0.214102 0.634286
v -0.993339 0.192901 0.624591
v -1.16525 0.175925 0.686796
v -1.16687 0.154539 0.677665
v -1.1685 0.133152 0.668534
v -1.28358 0.115242 0.812742
v -1.28999 0.0986389 0.808539
v -1.29639 0.0820354 0.804336
v -1.33818 0.0592043 0.989967
v -0.230601 0.748322 -0.0210618
v -0.240928 0.770912 -0.0284719
v -0.251255 0.793501 -0.035882
v -0.237704 0.786512 0.0811521
v -0.247067 0.80867 0.0719878
v -0.25643 0.830829 0.0628236
v -0.249919 0.847032 0.200571
v -0.255618 0.868828 0.1883
v -0.261318 0.890623 0.176028
v -0.254885 0.930959 0.317292
v -0.25799 0.950762 0.30145
v -0.261095 0.970565 0.285608
v -0.241441 1.00031 0.445044
v -0.249895 1.02159 0.432487
v -0.258349 1.04286 0.419931
v -0.216054 1.06735 0.590112
v -0.217418 1.09051 0.577201
v -0.218781 1.11367 0.564291
v -0.152297 1.10812 0.738587
v -0.158926 1.1327 0.733458
v -0.165556 1.15728 0.728329
v -0.0823689 1.17015 0.901273
v -0.0874127 1.19365 0.895382
v -0.0924564 1.21716 0.88949
v -0.00176539 1.24643 1.05104
v -0.00746282 1.26863 1.0468
v -0.0131602 1.29084 1.04256
v 0.0728286 1.32 1.22438
v 0.0717651 1.33811 1.22205
v 0.0707016 1.35621 1.21971
v 0.103312 1.33582 1.42494
v -0.00944705 0.671665 0.516712
v -0.00931131 0.645752 0.517277
v -0.00917557 0.619838 0.517842
v -0.0649366 0.672011 0.613081
v -0.0681337 0.646536 0.611231
v -0.0713308 0.62106 0.609382
v -0.138489 0.663258 0.717644
v -0.138859 0.637733 0.715104
v -0.13923 0.612208 0.712565
v -0.222252 0.640082 0.813088
v -0.219482 0.615007 0.809041
v -0.216711 0.589933 0.804994
v -0.313449 0.605364 0.947947
v -0.314256 0.580652 0.939561
v -0.315063 0.555941 0.931175
v -0.441838 0.539559 1.06041
v -0.436465 0.515889 1.04965
v -0.431091 0.492219 1.0389
v -0.580161 0.489308 1.16302
v -0.575869 0.465212 1.15433
v -0.571577 0.441116 1.14564
v -0.731251 0.476813 1.23887
v -0.736078 0.4551 1.22802
v -0.740905 0.433386 1.21716
v -0.880582 0.488301 1.32357
v -0.893881 0.471186 1.315
v -0.90718 0.454071 1.30642
v -0.99234 0.482268 1.46932
v -1.00682 0.471773 1.46551
v -1.0213 0.461278 1.4617
v -1.05785 0.456215 1.64976
v 0.0145054 0.600979 0.280978
v 0.0146891 0.626586 0.276964
v 0.0148728 0.652192 0.27295
v 0.0881288 0.619728 0.359496
v 0.0877629 0.6448 0.353672
v 0.0873969 0.669872 0.347848
v 0.181081 0.656341 0.449329
v 0.181071 0.679837 0.439032
v 0.181062 0.703334 0.428736
v 0.291081 0.708061 0.526015
v 0.289563 0.729287 0.511876
v 0.288044 0.750513 0.497736
v 0.415008 0.73254 0.598264
v 0.41359 0.757234 0.589907
v 0.412172 0.781928 0.581549
v 0.560982 0.739743 0.667957
v 0.563843 0.762325 0.654292
v 0.566705 0.784907 0.640627
v 0.717081 0.697359 0.708109
v 0.723892 0.721881 0.702935
v 0.730703 0.746404 0.697762
v 0.899599 0.660772 0.731139
v 0.9059 0.68382 0.724684
v 0.9122 0.706868 0.71823
v 1.08432 0.635849 0.744087
v 1.09037 0.658064 0.740449
v 1.09643 0.680279 0.736812
v 1.26122 0.624824 0.841949
v 1.26845 0.641453 0.839582
v 1.27568 0.658081 0.837214
v 1.33347 0.607527 1.03139
v 0.00664819 0.506183 0.27101
v 0.0146284 0.530708 0.268427
v 0.0226087 0.555233 0.265843
v 0.0557631 0.502259 0.370791
v 0.0668167 0.52502 0.366059
v 0.0778704 0.547782 0.361328
v 0.124526 0.503019 0.479069
v 0.132867 0.526587 0.473317
v 0.141209 0.550155 0.467564
v 0.207772 0.513738 0.577453
v 0.21289 0.537582 0.569836
v 0.218009 0.561427 0.562219
v 0.299859 0.540643 0.714007
v 0.308191 0.56235 0.702132
v 0.316522 0.584057 0.690256
v 0.437016 0.58637 0.827195
v 0.438705 0.608207 0.81219
v 0.440393 0.630044 0.797184
v 0.578779 0.618483 0.933798
v 0.580788 0.640664 0.920439
v 0.582798 0.662846 0.90708
v 0.72337 0.612954 1.02153
v 0.734064 0.630412 1.00762
v 0.744757 0.64787 0.993711
v 0.859514 0.583995 1.12142
v 0.877674 0.59496 1.11176
v 0.895835 0.605925 1.1021
v 0.963589 0.575924 1.2724
v 0.980865 0.580424 1.26844
v 0.998141 0.584925 1.26449
v 1.03272 0.588152 1.45296
v -0.0158165 0.438164 0.000453429
v -0.0211021 0.421917 0.0199452
v -0.0263877 0.405669 0.0394369
v -0.0840736 0.507438 0.0487968
v -0.0893006 0.490246 0.0672287
v -0.0945275 0.473053 0.0856607
v -0.172504 0.583117 0.113738
v -0.17895 0.563521 0.128988
v -0.185396 0.543924 0.144238
v -0.280141 0.648109 0.179232
v -0.286629 0.626754 0.191667
v -0.293117 0.605398 0.204102
v -0.391203 0.73176 0.210594
v -0.400249 0.71583 0.229196
v -0.409295 0.6999 0.247798
v -0.509102 0.836867 0.211394
v -0.525667 0.820686 0.22438
v -0.542232 0.804504 0.237366
v -0.607905 0.947304 0.143129
v -0.628342 0.941925 0.158226
v -0.648779 0.936546 0.173323
v -0.718804 1.072 0.0526956
v -0.737219 1.064 0.0671676
v -0.755634 1.056 0.0816397
v -0.861538 1.18792 -0.0235843
v -0.869778 1.17062 -0.0103002
v -0.878018 1.15333 0.00298404
v -1.03757 1.2867 0.0348718
v -1.0425 1.26925 0.0371903
v -1.04743 1.25179 0.0395087
v -1.11569 1.34475 0.213568
# 1267 verticies
vt 1 0
vt 1 0.2
vt 0.8 0
vt 0 0
vt 0.2 0.2
vt 0 0.2
vt 0.8 0.2
vt 0.6 0
vt 0.6 0.2
vt 0.4 0
vt 0.4 0.2
vt 0.2 0
vt 1 0.4
vt 0.2 0.4
vt 0 0.4
vt 0.8 0.4
vt 0.6 0.4
vt 0.4 0.4
vt 1 0.6
vt 0.2 0.6
vt 0 0.6
vt 0.8 0.6
vt 0.6 0.6
vt 0.4 0.6
vt 1 0.8
vt 0.2 0.8
vt 0 0.8
vt 0.8 0.8
vt 0.6 0.8
vt 0.4 0.8
vt 1 1
vt 0.2 1
vt 0 1
vt 0.8 1
vt 0.6 1
vt 0.4 1
vt 1 1.2
vt 0.2 1.2
vt 0 1.2
vt 0.8 1.2
vt 0.6 1.2
vt 0.4 1.2
vt 1 1.4
vt 0.2 1.4
vt 0 1.4
vt 0.8 1.4
vt 0.6 1.4
vt 0.4 1.4
vt 1 1.6
vt 0.2 1.6
vt 0 1.6
vt 0.8 1.6
vt 0.6 1.6
vt 0.4 1.6
vt 1 1.8
vt 0.2 1.8
vt 0 1.8
vt 0.8 1.8
vt 0.6 1.8
vt 0.4 1.8
vt 1 2
vt 0.2 2
vt 0 2
vt 0.8 2
vt 0.6 2
vt 0.4 2
vt 1 2.2
vt 0.2 2.2
vt 0 2.2
vt 0.8 2.2
vt 0.6 2.2
vt 0.4 2.2
vt 1 2.4
vt 0.2 2.4
vt 0 2.4
vt 0.8 2.4
vt 0.6 2.4
vt 0.4 2.4
vt 1 2.6
vt 0.2 2.6
vt 0 2.6
vt 0.8 2.6
vt 0.6 2.6
vt 0.4 2.6
vt 1 2.8
vt 0.2 2.8
vt 0 2.8
vt 0.8 2.8
vt 0.6 2.8
vt 0.4 2.8
vt 1 3
vt 0.2 3
vt 0 3
vt 0.8 3
vt 0.6 3
vt 0.4 3
vt 1 3.2
vt 0.2 3.2
vt 0 3.2
vt 0.8 3.2
vt 0.6 3.2
vt 0.4 3.2
vt 1 3.4
vt 0.2 3.4
vt 0 3.4
vt 0.8 3.4
vt 0.6 3.4
vt 0.4 3.4
vt 0.5 3.6
vt 0.666667 2.4
vt 0.333333 2.6
vt 0.666667 2.6
vt 0.333333 2.4
vt 0.333333 2.8
vt 0.666667 2.8
vt 0.333333 3
vt 0.666667 3
vt 0.333333 3.2
vt 0.666667 3.2
vt 0.333333 3.4
vt 0.666667 3.4
vt 1 3.6
vt 0.333333 3.6
vt 0 3.6
vt 0.666667 3.6
vt 1 3.8
vt 0.333333 3.8
vt 0 3.8
vt 0.666667 3.8
vt 1 4
vt 0.333333 4
vt 0 4
vt 0.666667 4
vt 1 4.2
vt 0.333333 4.2
vt 0 4.2
vt 0.666667 4.2
vt 1 4.4
vt 0.333333 4.4
vt 0 4.4
vt 0.666667 4.4
vt 1 4.6
vt 0.333333 4.6
vt 0 4.6
vt 0.666667 4.6
vt 1 4.8
vt 0.333333 4.8
vt 0 4.8
vt 0.666667 4.8
vt 1 5
vt 0.333333 5
vt 0 5
vt 0.666667 5
vt 1 5.2
vt 0.333333 5.2
vt 0 5.2
vt 0.666667 5.2
vt 1 5.4
vt 0.333333 5.4
vt 0 5.4
vt 0.666667 5.4
vt 1 5.6
vt 0.333333 5.6
vt 0 5.6
vt 0.666667 5.6
vt 1 5.8
vt 0.333333 5.8
vt 0 5.8
vt 0.666667 5.8
vt 1 6
vt 0.333333 6
vt 0 6
vt 0.666667 6
vt 1 6.2
vt 0.333333 6.2
vt 0 6.2
vt 0.666667 6.2
vt 1 6.4
vt 0.333333 6.4
vt 0 6.4
vt 0.666667 6.4
vt 1 6.6
vt 0.333333 6.6
vt 0 6.6
vt 0.666667 6.6
vt 1 6.8
vt 0.333333 6.8
vt 0 6.8
vt 0.666667 6.8
vt 1 7
vt 0.333333 7
vt 0 7
vt 0.666667 7
vt 1 7.2
vt 0.333333 7.2
vt 0 7.2
vt 0.666667 7.2
vt 1 7.4
vt 0.333333 7.4
vt 0 7.4
vt 0.666667 7.4
vt 1 7.6
vt 0.333333 7.6
vt 0 7.6
vt 0.666667 7.6
vt 1 7.8
vt 0.333333 7.8
vt 0 7.8
vt 0.666667 7.8
vt 1 8
vt 0.333333 8
vt 0 8
vt 0.666667 8
vt 0.666667 1.8
vt 0.333333 2
vt 0.666667 2
vt 0.333333 1.8
vt 0.333333 2.2
vt 0.666667 2.2
vt 0.666667 1
vt 0.333333 1.2
vt 0.666667 1.2
vt 0.333333 1
vt 0.333333 1.4
vt 0.666667 1.4
vt 0.333333 1.6
vt 0.666667 1.6
vt 1 8.2
vt 0.333333 8.2
vt 0 8.2
vt 0.666667 8.2
vt 1 8.4
vt 0.333333 8.4
vt 0 8.4
vt 0.666667 8.4
vt 1 8.6
vt 0.333333 8.6
vt 0 8.6
vt 0.666667 8.6
vt 1 8.8
vt 0.333333 8.8
vt 0 8.8
vt 0.666667 8.8
vt 1 9
vt 0.333333 9
vt 0 9
vt 0.666667 9
vt 1 9.2
vt 0.333333 9.2
vt 0 9.2
vt 0.666667 9.2
vt 1 9.4
vt 0.333333 9.4
vt 0 9.4
vt 0.666667 9.4
vt 1 9.6
vt 0.333333 9.6
vt 0 9.6
vt 0.666667 9.6
vt 1 9.8
vt 0.333333 9.8
vt 0 9.8
vt 0.666667 9.8
vt 1 10
vt 0.333333 10
vt 0 10
vt 0.666667 10
vt 1 10.2
vt 0.333333 10.2
vt 0 10.2
vt 0.666667 10.2
vt 1 10.4
vt 0.333333 10.4
vt 0 10.4
vt 0.666667 10.4
vt 1 10.6
vt 0.333333 10.6
vt 0 10.6
vt 0.666667 10.6
vt 1 10.8
vt 0.333333 10.8
vt 0 10.8
vt 0.666667 10.8
vt 1 11
vt 0.333333 11
vt 0 11
vt 0.666667 11
vt 1 11.2
vt 0.333333 11.2
vt 0 11.2
vt 0.666667 11.2
vt 1 11.4
vt 0.333333 11.4
vt 0 11.4
vt 0.666667 11.4
vt 1 11.6
vt 0.333333 11.6
vt 0 11.6
vt 0.666667 11.6
vt 1 11.8
vt 0.333333 11.8
vt 0 11.8
vt 0.666667 11.8
vt 1 12
vt 0.333333 12
vt 0 12
vt 0.666667 12
vt 1 12.2
vt 0.333333 12.2
vt 0 12.2
vt 0.666667 12.2
vt 1 12.4
vt 0.333333 12.4
vt 0 12.4
vt 0.666667 12.4
vt 1 12.6
vt 0.333333 12.6
vt 0 12.6
vt 0.666667 12.6
vt 1 12.8
vt 0.333333 12.8
vt 0 12.8
vt 0.666667 12.8
vt 1 13
vt 0.333333 13
vt 0 13
vt 0.666667 13
vt 1 13.2
vt 0.333333 13.2
vt 0 13.2
vt 0.666667 13.2
vt 1 13.4
vt 0.333333 13.4
vt 0 13.4
vt 0.666667 13.4
vt 1 13.6
vt 0.333333 13.6
vt 0 13.6
vt 0.666667 13.6
vt 1 13.8
vt 0.333333 13.8
vt 0 13.8
vt 0.666667 13.8
vt 1 14
vt 0.333333 14
vt 0 14
vt 0.666667 14
vt 1 14.2
vt 0.333333 14.2
vt 0 14.2
vt 0.666667 14.2
vt 1 14.4
vt 0.333333 14.4
vt 0 14.4
vt 0.666667 14.4
vt 1 14.6
vt 0.333333 14.6
vt 0 14.6
vt 0.666667 14.6
vt 1 14.8
vt 0.333333 14.8
vt 0 14.8
vt 0.666667 14.8
vt 1 15
vt 0.333333 15
vt 0 15
vt 0.666667 15
vt 1 15.2
vt 0.333333 15.2
vt 0 15.2
vt 0.666667 15.2
vt 1 15.4
vt 0.333333 15.4
vt 0 15.4
vt 0.666667 15.4
vt 1 15.6
vt 0.333333 15.6
vt 0 15.6
vt 0.666667 15.6
vt 1 15.8
vt 0.333333 15.8
vt 0 15.8
vt 0.666667 15.8
vt 1 16
vt 0.333333 16
vt 0 16
vt 0.666667 16
vt 1 0.1
vt 0.5 0
vt 0.5 0.1
vt 0 0.1
vt 0.5 0.2
vt 1 0.3
vt 0.5 0.3
vt 0 0.3
vt 0.5 0.4
vt 1 0.5
vt 0.5 0.5
vt 0 0.5
vt 0.5 0.6
vt 1 0.7
vt 0.5 0.7
vt 0 0.7
vt 0.5 0.8
vt 1 0.9
vt 0.5 0.9
vt 0 0.9
vt 0.5 1
# 408 texture verticies
vn 0.809017 -0.409097 0.422056
vn 0.808276 -0.377145 0.452164
vn 0.805652 -0.41143 0.426204
vn 0.805459 0.414259 -0.423822
vn 0.808175 0.379741 -0.450166
vn 0.805804 0.34621 -0.480435
vn 0.805774 -0.3439 0.482142
vn -0.309014 -0.6594 0.685348
vn -0.308311 -0.607523 0.732024
vn -0.305649 -0.660678 0.685627
vn -0.306414 -0.552153 0.775395
vn -1 0.000407483 0.000395753
vn -1 0.000282161 0.000221232
vn -1 0.000464479 0.000357018
vn -1 9.40566e-005 9.91387e-005
vn -0.309015 0.664871 -0.680042
vn -0.308161 0.613123 -0.727404
vn -0.305393 0.666282 -0.680297
vn -0.305083 0.558164 -0.771607
vn 0.809013 0.411812 -0.419415
vn 0.807955 -0.269466 0.52402
vn 0.808689 0.263321 -0.526008
vn 0.806777 0.216483 -0.549769
vn 0.806744 -0.230958 0.543896
vn -0.308883 -0.425376 0.850675
vn -0.306306 -0.355839 0.882924
vn -0.999987 0.00481244 0.00163288
vn -0.999948 0.0096206 0.00348676
vn -0.307701 0.433743 -0.846869
vn -0.307136 0.366293 -0.878349
vn 0.809849 -0.151616 0.566707
vn 0.806689 0.145118 -0.572882
vn 0.806588 0.122151 -0.578355
vn 0.810556 -0.111899 0.574871
vn -0.305892 -0.237672 0.921923
vn -0.304574 -0.191615 0.933016
vn -0.999983 0.00423043 0.00401347
vn -0.999983 -0.00565924 0.00172269
vn -0.310562 0.242891 -0.918997
vn -0.312544 0.188789 -0.930954
vn 0.809436 -0.030836 0.586398
vn 0.801827 0.158653 -0.57611
vn 0.789573 0.216938 -0.574032
vn 0.808726 0.0107482 0.588088
vn -0.300804 -0.177004 0.937116
vn -0.28795 -0.210016 0.934333
vn -0.996981 -0.0773731 -0.00643945
vn -0.99003 -0.140567 -0.00900353
vn -0.313889 0.131087 -0.940367
vn -0.320395 0.124871 -0.939018
vn 0.801937 0.0829054 0.591628
vn 0.779695 0.253052 -0.572748
vn 0.780108 0.23012 -0.581787
vn 0.798825 0.11382 0.590697
vn -0.285601 -0.200725 0.937092
vn -0.286169 -0.158846 0.944921
vn -0.97839 -0.206504 -0.0104858
vn -0.977346 -0.21158 -0.00544262
vn -0.318444 0.0762687 -0.944869
vn -0.316229 0.0303577 -0.948197
vn 0.789022 0.164662 0.591887
vn 0.79023 0.185196 -0.584157
vn 0.794762 0.161375 -0.585074
vn 0.784151 0.185149 0.592307
vn -0.303324 -0.079733 0.949546
vn -0.310643 -0.0430821 0.94955
vn -0.97729 -0.21185 -0.00488081
vn -0.977926 -0.208892 -0.00504116
vn -0.301091 -0.0469927 -0.952437
vn -0.293258 -0.0810131 -0.952595
vn 0.774703 0.230302 0.588894
vn 0.804991 0.118772 -0.581277
vn 0.805239 0.0953955 -0.585227
vn 0.765126 0.256265 0.590686
vn -0.328247 0.0321356 0.944045
vn -0.330398 0.0712685 0.941147
vn -0.978382 -0.20672 -0.00593873
vn -0.97818 -0.207614 -0.00775599
vn -0.278347 -0.150069 -0.948684
vn -0.268612 -0.184059 -0.9455
vn 0.743059 0.385213 0.547243
vn 0.830417 0.00450366 -0.557125
vn 0.847163 -0.0656737 -0.527259
vn 0.717898 0.485175 0.499227
vn -0.375531 0.243672 0.894204
vn -0.407968 0.374312 0.832738
vn -0.973873 -0.227088 0.00124337
vn -0.969275 -0.245797 0.00947956
vn -0.232159 -0.371959 -0.898748
vn -0.195759 -0.519114 -0.831985
vn 0.683425 0.591975 0.427196
vn 0.865941 -0.139211 -0.480382
vn 0.87018 -0.144604 -0.471038
vn 0.679415 0.606794 0.412549
vn -0.44351 0.511733 0.735818
vn -0.453238 0.52826 0.717994
vn -0.963265 -0.267661 0.0218714
vn -0.962012 -0.272012 0.0232715
vn -0.15105 -0.669072 -0.727686
vn -0.143829 -0.688249 -0.711074
vn 0.675285 0.617005 0.404098
vn 0.874776 -0.156182 -0.458665
vn 0.87737 -0.158379 -0.452921
vn 0.67667 0.611929 0.409462
vn -0.460321 0.546917 0.699276
vn -0.461077 0.548172 0.697793
vn -0.962869 -0.269325 0.0186374
vn -0.964532 -0.263761 0.0103825
vn -0.137637 -0.703748 -0.696989
vn -0.138489 -0.700464 -0.700123
vn 0.699701 0.496761 0.513466
vn 0.887859 -0.210689 -0.409044
vn 0.885856 -0.267118 -0.379352
vn 0.712636 0.366476 0.598202
vn -0.458214 0.528598 0.71458
vn -0.446805 0.506328 0.737562
vn -0.984281 -0.157331 -0.0802392
vn -0.988279 -0.047235 -0.145165
vn -0.151128 -0.614939 -0.773958
vn -0.16371 -0.524169 -0.835731
vn 0.70612 0.220507 0.672882
vn 0.878726 -0.327992 -0.346789
vn 0.870323 -0.341022 -0.355306
vn 0.710103 0.204194 0.673838
vn -0.435957 0.482044 0.759983
vn -0.42899 0.480055 0.76519
vn -0.973613 0.0782448 -0.214372
vn -0.973744 0.0997778 -0.204614
vn -0.170837 -0.416559 -0.892913
vn -0.17023 -0.405059 -0.898303
vn 0.709449 0.204043 0.674572
vn 0.870344 -0.342817 -0.353521
vn 0.870877 -0.340458 -0.354488
vn 0.71115 0.213964 0.66969
vn -0.42915 0.482804 0.763368
vn -0.428672 0.486586 0.761232
vn -0.971745 0.108133 -0.209807
vn -0.973295 0.100603 -0.206337
vn -0.168774 -0.402013 -0.899945
vn -0.170119 -0.410498 -0.895852
vn 0.713562 0.224587 0.663619
vn 0.870869 -0.339148 -0.355762
vn 0.870432 -0.340107 -0.355916
vn 0.714168 0.225508 0.662654
vn -0.427201 0.491667 0.75879
vn -0.426509 0.493044 0.758286
vn -0.974996 0.092945 -0.201853
vn -0.975152 0.0927467 -0.201186
vn -0.172711 -0.42053 -0.890688
vn -0.173597 -0.422137 -0.889755
vn 0.714581 0.227725 0.66145
vn 0.870205 -0.341347 -0.355282
vn 0.870084 -0.341967 -0.354983
vn 0.714767 0.228671 0.660922
vn -0.426021 0.495565 0.756916
vn -0.425817 0.496662 0.756311
vn -0.975297 0.0920173 -0.20082
vn -0.975367 0.0916364 -0.200653
vn -0.174185 -0.42521 -0.888176
vn -0.174456 -0.426645 -0.887434
vn 0.715067 0.230283 0.660037
vn 0.86988 -0.343085 -0.354403
vn 0.86978 -0.343601 -0.354148
vn 0.715196 0.230937 0.659668
vn -0.425458 0.498526 0.755287
vn -0.425316 0.499293 0.754859
vn -0.975507 0.0909328 -0.200292
vn -0.975571 0.0905965 -0.200135
vn -0.174944 -0.429203 -0.886103
vn -0.175158 -0.430328 -0.885516
vn 0.719518 0.255965 0.645582
vn 0.873626 -0.320011 -0.366566
vn 0.875346 -0.307862 -0.372813
vn 0.721406 0.268081 0.638519
vn -0.420209 0.524316 0.74062
vn -0.417603 0.536297 0.733481
vn -0.970401 0.114163 -0.21281
vn -0.967502 0.126087 -0.219184
vn -0.170771 -0.40763 -0.897037
vn -0.168421 -0.395597 -0.902849
vn 0.72619 0.304087 0.616587
vn -0.409278 0.571563 0.711202
vn -0.957707 0.161696 -0.238018
vn -0.16119 -0.359089 -0.919279
vn 0.879517 -0.271086 -0.391103
vn -0.0346583 -0.446786 0.893969
vn 0.0276858 -0.454832 0.890147
vn -0.0349784 -0.447139 0.89378
vn 0.0467047 0.997441 -0.0541379
vn 0.0442118 0.997658 -0.0521987
vn 0.0393797 0.998195 -0.0453352
vn 0.0902228 -0.461004 0.8828
vn -0.0118077 -0.550375 -0.834834
vn -0.0753447 -0.54085 -0.837738
vn -0.0181548 -0.54189 -0.840254
vn -0.138875 -0.530139 -0.83646
vn 0.0499317 0.997003 -0.0590913
vn 0.208714 -0.471796 0.856649
vn 0.0358693 0.998498 -0.0414239
vn 0.0332822 0.998835 -0.0349539
vn 0.264902 -0.476605 0.838257
vn -0.248062 -0.524933 -0.814194
vn -0.306048 -0.515701 -0.800242
vn 0.371616 -0.486247 0.790864
vn 0.0354699 0.998788 -0.0341235
vn 0.0385392 0.998759 -0.0315348
vn 0.422326 -0.49097 0.761964
vn -0.409843 -0.511305 -0.755378
vn -0.466351 -0.503455 -0.727358
vn 0.507219 -0.499316 0.702433
vn 0.0409718 0.998688 -0.0307193
vn 0.0401951 0.998859 -0.0257869
vn 0.541128 -0.504294 0.672955
vn -0.548932 -0.498327 -0.671077
vn -0.584687 -0.492178 -0.644904
vn 0.592465 -0.509754 0.623808
vn 0.029215 0.99951 -0.0111928
vn 0.0194392 0.999807 0.0027066
vn 0.608687 -0.512878 0.605357
vn -0.622188 -0.488509 -0.611752
vn -0.629694 -0.486439 -0.605691
vn 0.617666 -0.515341 0.594064
vn -0.0228459 0.99859 0.0479157
vn -0.0545234 0.995046 0.0831272
vn 0.608143 -0.517814 0.60169
vn -0.59488 -0.4825 -0.642893
vn -0.555216 -0.473737 -0.6836
vn 0.627187 -0.516737 0.582769
vn -0.0855233 0.989437 0.117051
vn -0.0835551 0.989183 0.120563
vn 0.654334 -0.513159 0.555441
vn -0.541189 -0.470311 -0.697081
vn -0.572544 -0.471639 -0.670634
vn 0.709159 -0.505113 0.491889
vn -0.0738629 0.991231 0.109573
vn -0.064054 0.99289 0.100331
vn 0.736539 -0.500244 0.455264
vn -0.63637 -0.485521 -0.599419
vn -0.673853 -0.490729 -0.552365
vn 0.774759 -0.494098 0.394482
vn -0.0538416 0.994842 0.0859714
vn -0.0511506 0.995043 0.0852876
vn 0.788045 -0.49145 0.370758
vn -0.721264 -0.500168 -0.479176
vn -0.736969 -0.501462 -0.453225
vn 0.813566 -0.487589 0.316808
vn -0.0441378 0.996609 0.0694495
vn -0.036115 0.997624 0.0586682
vn 0.827149 -0.483888 0.285791
vn -0.770095 -0.508901 -0.384673
vn -0.789544 -0.510805 -0.340144
vn 0.853882 -0.484051 0.19126
vn -0.0209469 0.999777 -0.00266605
vn -0.0127746 0.998604 -0.0512618
vn 0.864858 -0.485585 0.127387
vn -0.834909 -0.517352 -0.187812
vn -0.854207 -0.514351 -0.0759873
vn 0.871367 -0.488211 0.0486808
vn -0.00694822 0.994487 -0.104628
vn -0.00900697 0.994056 -0.108499
vn 0.87031 -0.491279 0.0347319
vn -0.861568 -0.504734 0.0542628
vn -0.861169 -0.502948 0.073697
vn 0.870051 -0.492396 0.0236106
vn -0.00875835 0.995124 -0.0982395
vn -0.00850614 0.996319 -0.0852983
vn 0.870091 -0.492116 0.0276214
vn -0.861175 -0.502517 0.07652
vn -0.861579 -0.504084 0.0598353
vn 0.870137 -0.491923 0.0295496
vn -0.00826259 0.997701 -0.0672618
vn -0.00831848 0.998029 -0.0622026
vn 0.870151 -0.492018 0.0274731
vn -0.861827 -0.505596 0.04034
vn -0.861821 -0.505828 0.0374617
vn 0.870096 -0.492569 0.0175817
vn -0.00837951 0.998206 -0.0592899
vn -0.00825502 0.998081 -0.0613759
vn 0.87003 -0.492904 0.00969861
vn -0.861674 -0.505483 0.0447864
vn -0.861399 -0.50495 0.0549349
vn 0.869958 -0.492922 0.0141512
vn -0.00814934 0.998855 -0.0471445
vn -0.00716036 0.999517 -0.0302418
vn 0.870396 -0.491668 0.0259434
vn -0.861858 -0.505792 0.0370711
vn -0.861871 -0.507051 0.00888111
vn 0.866874 -0.49293 0.0744972
vn -0.0117656 0.999577 0.0265928
vn -0.0169752 0.997629 0.0666929
vn 0.861897 -0.494819 0.110853
vn -0.856395 -0.507164 -0.0968144
vn -0.846292 -0.503403 -0.174286
vn 0.856253 -0.49641 0.142852
vn -0.0228328 0.994175 0.105335
vn -0.0230445 0.99428 0.10429
vn 0.856911 -0.496557 0.138332
vn -0.832561 -0.497119 -0.244367
vn -0.833994 -0.497563 -0.238506
vn 0.86045 -0.495114 0.120368
vn -0.0209383 0.99546 0.0928542
vn -0.0187185 0.996428 0.0823493
vn 0.863016 -0.493729 0.106936
vn -0.84012 -0.500603 -0.208793
vn -0.844513 -0.502674 -0.184707
vn 0.866864 -0.49209 0.079965
vn -0.0156868 0.998093 0.0596931
vn -0.0136411 0.998746 0.0481754
vn 0.868839 -0.490664 0.0660891
vn -0.851742 -0.506267 -0.135015
vn -0.854617 -0.507617 -0.10934
vn 0.871362 -0.490536 0.0101272
vn -0.0121375 0.999921 -0.00313426
vn -0.0133319 0.998959 -0.0436356
vn 0.870406 -0.491369 -0.0308275
vn -0.86017 -0.509992 -0.00395733
vn -0.857953 -0.508037 0.0762515
vn 0.866745 -0.492621 -0.0779549
vn -0.0158093 0.995901 -0.0890544
vn -0.0179767 0.995328 -0.0948583
vn 0.865266 -0.494388 -0.0830352
vn -0.848523 -0.50175 0.168097
vn -0.846632 -0.500561 0.1807
vn 0.865672 -0.494174 -0.0800191
vn -0.0172965 0.99583 -0.0895748
vn -0.0159732 0.996704 -0.0795328
vn 0.866951 -0.493386 -0.0704801
vn -0.847696 -0.50123 0.173724
vn -0.850447 -0.502989 0.154087
vn 0.868417 -0.492429 -0.058014
vn -0.0144047 0.997697 -0.0662778
vn -0.0140821 0.997913 -0.0630225
vn 0.868708 -0.492243 -0.0551649
vn -0.853548 -0.504975 0.128282
vn -0.854197 -0.505398 0.122149
vn 0.869209 -0.491926 -0.0498462
vn -0.0135209 0.998285 -0.056962
vn -0.0132662 0.998445 -0.0541457
vn 0.86943 -0.491778 -0.0473949
vn -0.855325 -0.506125 0.110707
vn -0.855809 -0.506442 0.105391
vn 0.8698 -0.491544 -0.0427956
vn -0.0128493 0.99872 -0.0489182
vn -0.0126672 0.998838 -0.0464939
vn 0.869961 -0.49144 -0.0406705
vn -0.85665 -0.506984 0.0954889
vn -0.85701 -0.507219 0.0908963
vn 0.870565 -0.491038 -0.0315892
vn -0.0120241 0.999244 -0.0369819
vn -0.011278 0.999494 -0.0297363
vn 0.870854 -0.490933 -0.0244549
vn -0.857075 -0.507263 0.0900347
vn -0.856906 -0.506842 0.0939293
vn 0.870767 -0.491125 -0.023669
vn -0.0109526 0.999524 -0.0288449
vn -0.0110809 0.999324 -0.0350478
vn 0.870291 -0.491634 -0.0298389
vn -0.857234 -0.506736 0.0914849
vn -0.85783 -0.506804 0.0853084
vn 0.578989 -0.752936 0.312824
vn 0.566165 -0.771433 0.290427
vn 0.579532 -0.753956 0.309343
vn 0.171067 0.434337 -0.884357
vn 0.218293 0.491487 -0.843083
vn 0.259741 0.546476 -0.796177
vn 0.552978 -0.788742 0.268516
vn -0.740498 0.336284 0.581873
vn -0.777119 0.285711 0.560762
vn -0.743423 0.318245 0.588253
vn -0.810911 0.238069 0.534552
vn 0.177207 0.433103 -0.883753
vn 0.530579 -0.815315 0.231836
vn 0.335743 0.633923 -0.69672
vn 0.362435 0.669977 -0.647898
vn 0.522938 -0.825567 0.212072
vn -0.862648 0.183952 0.471169
vn -0.885325 0.152518 0.439248
vn 0.507818 -0.843438 0.175311
vn 0.408704 0.723169 -0.556766
vn 0.423967 0.743326 -0.517414
vn 0.501755 -0.851018 0.154953
vn -0.914794 0.12095 0.385386
vn -0.925444 0.104913 0.364069
vn 0.492171 -0.861362 0.125787
vn 0.453494 0.775438 -0.439363
vn 0.465977 0.788402 -0.401606
vn 0.489842 -0.864183 0.115077
vn -0.944816 0.086135 0.316075
vn -0.954801 0.0736951 0.287966
vn 0.488088 -0.865713 0.110954
vn 0.487651 0.811993 -0.320724
vn 0.49757 0.822036 -0.276912
vn 0.490627 -0.863699 0.11536
vn -0.975479 0.0545145 0.213236
vn -0.985616 0.0402652 0.164131
vn 0.492171 -0.857372 0.150602
vn 0.506277 0.844481 -0.174744
vn 0.505306 0.855168 -0.115556
vn 0.490721 -0.852404 0.180558
vn -0.999587 0.0136285 0.0253176
vn -0.997793 -0.00257688 -0.0663473
vn 0.488502 -0.848188 0.2048
vn 0.499178 0.86565 -0.0383654
vn 0.496124 0.868015 -0.0202812
vn 0.488277 -0.849797 0.198573
vn -0.985801 -0.017275 -0.167026
vn -0.983897 -0.017272 -0.177901
vn 0.493177 -0.853695 0.167276
vn 0.494148 0.869338 -0.00830451
vn 0.495096 0.868714 -0.0146649
vn 0.496567 -0.856168 0.142822
vn -0.987216 -0.0155247 -0.158633
vn -0.991726 -0.0122747 -0.127788
vn 0.500373 -0.859118 0.10744
vn 0.495742 0.868259 -0.0191514
vn 0.495685 0.868334 -0.0170812
vn 0.501103 -0.859985 0.0965542
vn -0.996072 -0.0090773 -0.0880837
vn -0.996844 -0.00823899 -0.0789554
vn 0.502086 -0.86092 0.0820214
vn 0.495259 0.868694 -0.00939582
vn 0.495032 0.868867 -0.00366568
vn 0.502419 -0.861065 0.0783707
vn -0.997432 -0.00766442 -0.0712019
vn -0.997346 -0.00753236 -0.0724106
vn 0.503457 -0.861923 0.0601677
vn 0.495032 0.86885 -0.00652947
vn 0.496299 0.868031 -0.0144691
vn 0.505523 -0.861655 0.0447014
vn -0.998743 -0.00678874 -0.049662
vn -0.999655 -0.00599055 -0.0255795
vn 0.502192 -0.864543 -0.0191895
vn 0.492598 0.867745 -0.0660724
vn 0.486511 0.86678 -0.109539
vn 0.496332 -0.865494 -0.0676411
vn -0.995985 -0.00326426 0.0894556
vn -0.983595 -0.00135036 0.180386
vn 0.488744 -0.865243 -0.111732
vn 0.480169 0.864875 -0.146387
vn 0.48086 0.865574 -0.13984
vn 0.488884 -0.865665 -0.107782
vn -0.965561 0.000407492 0.260176
vn -0.967947 3.35274e-005 0.251155
vn 0.492178 -0.865585 -0.0923235
vn 0.485504 0.866202 -0.118234
vn 0.488514 0.866401 -0.103459
vn 0.494724 -0.865346 -0.0801543
vn -0.976524 -0.000558803 0.215409
vn -0.982095 -0.00104082 0.188381
vn 0.497699 -0.865147 -0.0617733
vn 0.492094 0.866753 -0.0811338
vn 0.493169 0.866829 -0.0734271
vn 0.498557 -0.86505 -0.0559407
vn -0.989012 -0.00156089 0.147828
vn -0.990938 -0.0017593 0.134309
vn 0.499737 -0.864977 -0.0455903
vn 0.494687 0.866997 -0.0600095
vn 0.495283 0.867037 -0.0542332
vn 0.500213 -0.864921 -0.041201
vn -0.993855 -0.00198435 0.110675
vn -0.994932 -0.00209551 0.100524
vn 0.500863 -0.864879 -0.0334599
vn 0.496121 0.867128 -0.044182
vn 0.496446 0.867151 -0.0398689
vn 0.501122 -0.864851 -0.0301735
vn -0.996564 -0.00222113 0.082795
vn -0.997166 -0.00228345 0.0751953
vn 0.501477 -0.864827 -0.0244063
vn 0.496908 0.8672 -0.0323667
vn 0.497082 0.867213 -0.0291595
vn 0.501617 -0.864811 -0.0219562
vn -0.998078 -0.00235338 0.061929
vn -0.998414 -0.00238825 0.0562493
vn 0.501812 -0.864796 -0.017678
vn 0.497332 0.86724 -0.0235823
vn 0.497424 0.867248 -0.0212044
vn 0.501886 -0.864788 -0.0158635
vn -0.998923 -0.00242709 0.0463365
vn -0.999111 -0.00244666 0.0420956
vn 0.50199 -0.86478 -0.0127062
vn 0.49756 0.867261 -0.017076
vn 0.497611 0.867265 -0.0153224
vn 0.502028 -0.864777 -0.0113692
vn -0.999395 -0.00246829 0.0346932
vn -0.9995 -0.00247924 0.0315271
vn 0.502084 -0.864772 -0.00904559
vn 0.497686 0.867271 -0.0122767
vn 0.497711 0.867273 -0.0109848
vn 0.502104 -0.86477 -0.00806032
vn -0.999659 -0.00249115 0.0260057
vn -0.999717 -0.00249677 0.0236478
vn 0.502248 -0.864722 0.00184837
vn 0.497864 0.867255 -0.000612992
vn 0.498182 0.867029 0.00869957
vn 0.502105 -0.864736 0.0110118
vn -0.99959 -0.00249146 0.0285223
vn -0.99935 -0.00221672 0.0359883
vn 0.501878 -0.864866 0.011208
vn 0.498414 0.866892 0.0090455
vn 0.498565 0.866852 0.000310622
vn 0.501566 -0.865116 0.0024816
vn -0.999403 -0.0019533 0.0344913
vn -0.999667 -0.00169954 0.0257628
vn -0.217601 -0.92912 -0.298974
vn -0.217454 -0.907786 -0.358662
vn -0.213241 -0.929184 -0.301903
vn -0.733837 0.63592 0.238933
vn -0.734615 0.616937 0.282362
vn -0.730032 0.598602 0.32974
vn -0.213367 -0.882317 -0.419514
vn 0.953462 0.29539 0.0604484
vn 0.953143 0.293798 0.0721176
vn 0.952237 0.299471 0.0596781
vn 0.951516 0.295777 0.0844646
vn -0.735938 0.634367 0.236589
vn -0.223404 -0.806121 -0.54796
vn -0.728214 0.53525 0.428033
vn -0.720457 0.492038 0.488712
vn -0.216681 -0.747951 -0.62739
vn 0.953678 0.278519 0.113689
vn 0.950823 0.27923 0.134035
vn -0.235095 -0.603021 -0.762297
vn -0.716376 0.367184 0.59328
vn -0.703435 0.284294 0.651427
vn -0.231365 -0.502779 -0.832877
vn 0.953764 0.252151 0.163568
vn 0.949585 0.25231 0.186085
vn -0.26476 -0.287671 -0.920406
vn -0.690649 0.10539 0.71547
vn -0.672246 0.00349828 0.740319
vn -0.272792 -0.15611 -0.949323
vn 0.957175 0.204126 0.205303
vn 0.956664 0.182868 0.226611
vn -0.312576 0.0941809 -0.945212
vn -0.656962 -0.169961 0.734517
vn -0.647202 -0.249199 0.720437
vn -0.322202 0.227835 -0.918845
vn 0.972346 0.0903899 0.215345
vn 0.973351 0.0376017 0.226215
vn -0.33032 0.471537 -0.817644
vn -0.646875 -0.343617 0.680794
vn -0.645148 -0.373744 0.666408
vn -0.312187 0.590829 -0.743949
vn 0.982276 -0.114538 0.148371
vn 0.974113 -0.205972 0.0931647
vn -0.282757 0.755499 -0.59099
vn -0.666721 -0.446949 0.596422
vn -0.678895 -0.498624 0.538957
vn -0.261371 0.813855 -0.518965
vn 0.952406 -0.304828 -0.00159397
vn 0.949305 -0.313864 -0.0176108
vn -0.238742 0.885189 -0.399303
vn -0.707157 -0.566034 0.423716
vn -0.716303 -0.593409 0.367117
vn -0.22961 0.906428 -0.354496
vn 0.947799 -0.318142 -0.0215294
vn 0.94965 -0.313166 -0.00957825
vn -0.220888 0.936582 -0.272072
vn -0.728914 -0.625873 0.277429
vn -0.731915 -0.635991 0.244574
vn -0.216634 0.947746 -0.234194
vn 0.950812 -0.309764 -0.00174785
vn 0.950437 -0.310846 -0.00658561
vn -0.21243 0.960771 -0.178302
vn -0.73772 -0.649931 0.182645
vn -0.740901 -0.65376 0.153826
vn -0.21016 0.96451 -0.159852
vn 0.950659 -0.310238 -0.000306244
vn 0.951117 -0.30864 0.010894
vn -0.206387 0.963952 -0.167929
vn -0.74199 -0.666922 0.0683018
vn -0.738272 -0.674408 0.0113424
vn -0.201555 0.960384 -0.192451
vn 0.949032 -0.29774 0.103393
vn 0.939911 -0.286968 0.184977
vn -0.199605 0.95781 -0.206782
vn -0.730172 -0.681493 -0.0491602
vn -0.728837 -0.682663 -0.0526153
vn -0.20031 0.960098 -0.19516
vn 0.926066 -0.275176 0.258223
vn 0.927115 -0.277008 0.252435
vn -0.20572 0.96456 -0.165236
vn -0.729875 -0.681974 -0.0468479
vn -0.731564 -0.680719 -0.037888
vn -0.209022 0.967002 -0.145658
vn 0.934424 -0.281927 0.217645
vn 0.939411 -0.285819 0.189248
vn -0.213149 0.97023 -0.114988
vn -0.733198 -0.6795 -0.0264723
vn -0.733595 -0.679169 -0.0238152
vn -0.21432 0.971192 -0.104181
vn 0.945599 -0.290267 0.146931
vn 0.947143 -0.291668 0.133608
vn -0.216088 0.972647 -0.0852281
vn -0.734053 -0.678818 -0.0192708
vn -0.734272 -0.678635 -0.0172863
vn -0.216742 0.973178 -0.0771206
vn 0.949616 -0.293483 0.109988
vn 0.950482 -0.29427 0.0999504
vn -0.217719 0.97398 -0.0629334
vn -0.734523 -0.678441 -0.0138877
vn -0.734639 -0.678344 -0.012417
vn -0.218076 0.974273 -0.0568749
vn 0.951864 -0.295283 0.0822401
vn 0.952348 -0.295723 0.0747091
vn -0.218613 0.974713 -0.0463011
vn -0.734775 -0.678239 -0.00989352
vn -0.734835 -0.678189 -0.00881203
vn -0.218807 0.974873 -0.0417937
vn 0.953119 -0.296287 0.0614637
vn 0.953389 -0.296533 0.0558274
vn -0.219101 0.975112 -0.033943
vn -0.734907 -0.678132 -0.00695566
vn -0.734937 -0.678108 -0.00616766
vn -0.219205 0.975199 -0.0306013
vn 0.95382 -0.296847 0.0459345
vn 0.95397 -0.296984 0.0417211
vn -0.219567 0.975469 -0.0157941
vn -0.735148 -0.677893 0.00424465
vn -0.73545 -0.677431 0.0141213
vn -0.219545 0.975594 -0.00406634
vn 0.953895 -0.296969 0.0435137
vn 0.95355 -0.297089 0.0497947
vn -0.219325 0.97565 -0.00198044
vn -0.735633 -0.677228 0.0143579
vn -0.735702 -0.677287 0.00496671
vn -0.218883 0.975685 -0.0113624
vn 0.953616 -0.297421 0.0464378
vn 0.953884 -0.297877 0.0370611
vn 0.870045 -0.491823 -0.0336522
vn -0.0113331 0.999194 -0.0385024
vn -0.0111517 0.999304 -0.0356013
vn 0.870198 -0.491719 -0.0311175
vn -0.858621 -0.507311 0.0735283
vn -0.858945 -0.507521 0.068092
vn 0.870429 -0.491577 -0.026553
vn -0.0108918 0.999479 -0.030393
vn -0.0107803 0.999547 -0.0280818
vn 0.870526 -0.49151 -0.0245316
vn -0.859465 -0.507855 0.0583317
vn -0.859669 -0.507989 0.0540075
vn 0.870674 -0.491418 -0.0208877
vn -0.0106208 0.999657 -0.0239249
vn -0.0105515 0.999701 -0.0220764
vn 0.870735 -0.491375 -0.0192696
vn -0.859996 -0.508201 0.0462481
vn -0.860123 -0.508287 0.0428122
vn 0.870825 -0.49132 -0.0163748
vn -0.0104481 0.999769 -0.0187731
vn -0.0104034 0.999796 -0.0173167
vn 0.870863 -0.491294 -0.0151012
vn -0.86033 -0.508421 0.0366278
vn -0.860411 -0.508474 0.0338787
vn 0.87092 -0.491258 -0.0127825
vn -0.01034 0.999839 -0.0146724
vn -0.0103159 0.999856 -0.0134836
vn 0.870944 -0.491241 -0.011739
vn -0.860541 -0.508556 0.028976
vn -0.860591 -0.50859 0.026822
vn 0.870982 -0.491217 -0.00981352
vn -0.0102776 0.999883 -0.0112984
vn -0.0102632 0.999894 -0.0103021
vn 0.870997 -0.491207 -0.0089325
vn -0.86067 -0.508642 0.0230127
vn -0.8607 -0.508664 0.0213572
vn 0.871017 -0.491195 -0.00753417
vn -0.0102396 0.99991 -0.0086984
vn -0.0102304 0.999915 -0.00809108
vn 0.871024 -0.49119 -0.00701725
vn -0.860753 -0.508697 0.018213
vn -0.860774 -0.508712 0.0167238
vn 0.871036 -0.491183 -0.00599215
vn -0.0102158 0.999924 -0.00690352
vn -0.0102094 0.999928 -0.00632314
vn 0.871042 -0.491179 -0.00548407
vn -0.860808 -0.508734 0.0141606
vn -0.86082 -0.508741 0.0130867
vn 0.87105 -0.491173 -0.0045297
vn -0.0102006 0.999934 -0.00524106
vn -0.0101938 0.999937 -0.00473865
vn 0.871053 -0.491172 -0.00408334
vn -0.86084 -0.508753 0.0112152
vn -0.860847 -0.508757 0.0104179
vn 0.871056 -0.49117 -0.00354757
vn -0.0101854 0.99994 -0.00410521
vn -0.0101686 0.99994 -0.00397181
vn 0.871063 -0.491159 -0.00346041
vn -0.860851 -0.508759 0.0100084
vn -0.860847 -0.508757 0.0103963
vn 0.870959 -0.491236 -0.0108267
vn -0.0102854 0.999884 -0.0112534
vn -0.0104384 0.999771 -0.018671
vn 0.870791 -0.491314 -0.0182755
vn -0.860802 -0.50873 0.0146462
vn -0.860746 -0.508698 0.0185077
vn 0.870784 -0.491304 -0.0188476
vn -0.0104342 0.999762 -0.0191809
vn -0.0103199 0.999871 -0.0122797
vn 0.870935 -0.491252 -0.0119629
vn -0.860532 -0.508571 0.0289754
vn -0.860349 -0.508462 0.0355808
vn 0.871036 -0.49117 -0.00700945
vn -0.0101987 0.999922 -0.00728404
vn -0.0101858 0.999906 -0.00918843
vn 0.871028 -0.491153 -0.00894097
vn -0.860503 -0.508552 0.0301681
vn -0.860752 -0.5087 0.0181455
vn 0.871047 -0.491199 -0.00109173
vn -0.0102166 0.999947 -0.00129004
vn -0.0102705 0.999911 0.00851061
vn 0.870986 -0.49123 0.00869135
vn -0.860892 -0.508786 -0.00164796
vn -0.860854 -0.508764 -0.00941808
vn 0.870534 -0.491443 0.0255749
vn -0.0106753 0.99962 0.0254174
vn -0.0110464 0.99941 0.0325179
vn 0.870171 -0.491664 0.0326757
vn -0.86029 -0.508433 -0.0373662
vn -0.859466 -0.507945 -0.057538
vn 0.868772 -0.492498 0.0517791
vn -0.0124586 0.998587 0.0516681
vn -0.0137257 0.997877 0.0636627
vn 0.867537 -0.493265 0.0637843
vn -0.856406 -0.506139 -0.10194
vn -0.854011 -0.504727 -0.126155
vn 0.865915 -0.494085 0.077921
vn -0.0152269 0.996851 0.0778195
vn -0.0156092 0.996676 0.0799579
vn 0.865576 -0.494336 0.0800628
vn -0.850606 -0.50272 -0.154081
vn -0.85009 -0.502415 -0.157879
vn 0.865695 -0.494267 0.0791905
vn -0.0154956 0.996745 0.0791113
vn -0.0150566 0.996986 0.0761115
vn 0.866119 -0.494 0.0761748
vn -0.850434 -0.502615 -0.15537
vn -0.851272 -0.503108 -0.14906
vn 0.867026 -0.493517 0.068609
vn -0.0141933 0.997547 0.0685499
vn -0.0136324 0.997856 0.0640178
vn 0.867569 -0.493174 0.0640609
vn -0.853037 -0.504152 -0.134751
vn -0.853946 -0.504689 -0.126748
vn 0.868431 -0.492703 0.0554235
vn -0.0128059 0.998383 0.0553772
vn -0.0123848 0.998606 0.0513009
vn 0.868833 -0.492437 0.0513353
vn -0.855756 -0.505757 -0.109047
vn -0.856631 -0.506274 -0.0993464
vn 0.869506 -0.492072 0.0427108
vn -0.0117428 0.99902 0.0426767
vn -0.0114208 0.999207 0.0381475
vn 0.869824 -0.491883 0.0381738
vn -0.858142 -0.507169 -0.0798288
vn -0.858775 -0.507546 -0.0700118
vn 0.870104 -0.491724 0.0335542
vn -0.011141 0.999376 0.0335271
vn -0.0111271 0.999379 0.0334461
vn 0.870113 -0.491715 0.0334713
vn -0.859289 -0.50785 -0.0609185
vn -0.859251 -0.507827 -0.0616482
vn 0.870178 -0.491678 0.032287
vn -0.0110665 0.999418 0.0322628
vn -0.0109985 0.999454 0.0311632
vn 0.870245 -0.491632 0.031185
vn -0.859329 -0.507873 -0.0601599
vn -0.859441 -0.50794 -0.0579416
vn 0.870418 -0.491538 0.0276234
vn -0.0108345 0.99956 0.0276017
vn -0.0107066 0.999627 0.0251435
vn 0.87054 -0.491453 0.0251624
vn -0.859775 -0.508138 -0.0508123
vn -0.85998 -0.50826 -0.0459003
vn 0.870782 -0.491327 0.0183175
vn -0.0104827 0.999778 0.0182954
vn -0.0103048 0.99985 0.0139129
vn 0.870931 -0.491207 0.0139296
vn -0.860438 -0.508532 -0.0322716
vn -0.860648 -0.508656 -0.0235528
vn 0.871055 -0.491186 -0.000321959
vn -0.0102219 0.999948 -0.000370551
vn -0.00971059 0.9999 -0.0102528
vn 0.871253 -0.490728 -0.0102422
vn -0.860876 -0.50879 0.00492138
vn -0.860625 -0.50864 0.0246815
vn 0.869261 -0.492322 -0.044779
vn -0.0120587 0.998925 -0.0447561
vn -0.014396 0.997487 -0.0693751
vn 0.866876 -0.49367 -0.0693959
vn -0.857102 -0.506556 0.0936891
vn -0.852061 -0.503575 0.142845
vn 0.863717 -0.495148 -0.0939247
vn -0.0172227 0.995429 -0.0939365
vn -0.0173296 0.995424 -0.0939753
vn 0.863681 -0.495223 -0.0938582
vn -0.844951 -0.499373 0.191533
vn -0.844951 -0.499372 0.191533
vn 0.501445 -0.865167 -0.0061433
vn 0.49845 0.86688 -0.00820944
vn 0.498456 0.86688 -0.00776255
vn 0.50145 -0.865167 -0.00580253
vn -0.99987 -0.00171212 0.0160104
vn -0.999883 -0.00171327 0.0152237
vn 0.50146 -0.865165 -0.00516958
vn 0.498465 0.866882 -0.00693465
vn 0.498468 0.866883 -0.00655361
vn 0.501466 -0.865164 -0.00487737
vn -0.999904 -0.0017149 0.0137638
vn -0.999913 -0.00171577 0.0130904
vn 0.501472 -0.865163 -0.00433425
vn 0.498476 0.866884 -0.00584368
vn 0.498479 0.866884 -0.00551539
vn 0.501473 -0.865163 -0.00408385
vn -0.999928 -0.00171696 0.0118409
vn -0.999935 -0.00171761 0.0112646
vn 0.501477 -0.865164 -0.00361702
vn 0.498485 0.866884 -0.00490444
vn 0.498488 0.866885 -0.00462181
vn 0.501478 -0.865164 -0.00340034
vn -0.999947 -0.0017185 0.0101968
vn -0.999951 -0.00171896 0.00970503
vn 0.501481 -0.865163 -0.00299121
vn 0.498491 0.866885 -0.0040901
vn 0.498492 0.866886 -0.0038413
vn 0.501484 -0.865163 -0.0027986
vn -0.99996 -0.00171956 0.00879908
vn -0.999963 -0.00171993 0.00838478
vn 0.501486 -0.865162 -0.00244206
vn 0.498495 0.866886 -0.00338042
vn 0.498495 0.866886 -0.00316881
vn 0.501488 -0.865162 -0.0022785
vn -0.999969 -0.00172044 0.00761411
vn -0.999972 -0.00172069 0.0072577
vn 0.50149 -0.865161 -0.00199345
vn 0.498497 0.866887 -0.00279305
vn 0.4985 0.866885 -0.00262825
vn 0.501488 -0.865162 -0.00187126
vn -0.999977 -0.00172098 0.00657836
vn -0.999979 -0.00172118 0.00625537
vn 0.501485 -0.865164 -0.00206392
vn 0.498502 0.866884 -0.00274813
vn 0.498511 0.866878 -0.00302839
vn 0.501493 -0.865159 -0.002383
vn -0.999977 -0.00172118 0.00655793
vn -0.999973 -0.00172105 0.00718345
vn 0.501441 -0.865168 -0.00643554
vn 0.498457 0.866886 -0.00701335
vn 0.498394 0.866885 -0.0107151
vn 0.501378 -0.865168 -0.0101699
vn -0.999882 -0.00171846 0.0152813
vn -0.99974 -0.00171601 0.0227532
vn 0.501317 -0.865164 -0.0131283
vn 0.498336 0.866877 -0.0136272
vn 0.498365 0.866872 -0.0128307
vn 0.501344 -0.86516 -0.0123612
vn -0.999583 -0.00171389 0.0288198
vn -0.999623 -0.00171443 0.027416
vn 0.501433 -0.86517 -0.00667825
vn 0.498453 0.866888 -0.00710661
vn 0.498532 0.866868 -0.00216485
vn 0.501514 -0.865147 -0.00177567
vn -0.999863 -0.00171739 0.0164627
vn -0.999975 -0.00171979 0.00691086
vn 0.501327 -0.865171 0.0122522
vn 0.498345 0.866897 0.011908
vn 0.498062 0.866886 0.021043
vn 0.501044 -0.865158 0.0213689
vn -0.99977 -0.00172507 -0.021354
vn -0.999196 -0.00172772 -0.0400663
vn 0.499713 -0.865144 0.042577
vn 0.496724 0.866875 0.0423362
vn 0.49549 0.866908 0.0544099
vn 0.498472 -0.865178 0.0547055
vn -0.996531 -0.00173047 -0.0832078
vn -0.99419 -0.00172981 -0.107622
vn 0.496671 -0.865069 0.0705276
vn 0.493684 0.866797 0.0702768
vn 0.493001 0.866878 0.0739808
vn 0.495983 -0.865149 0.0742811
vn -0.990227 -0.00172717 -0.139453
vn -0.989144 -0.00172638 -0.146941
vn 0.495569 -0.865134 0.0771676
vn 0.492576 0.866861 0.0769462
vn 0.492706 0.866859 0.0761337
vn 0.495699 -0.865133 0.0763397
vn -0.988282 -0.00172619 -0.152629
vn -0.988557 -0.00172626 -0.150837
vn 0.496181 -0.865145 0.07299
vn 0.493188 0.866871 0.0727988
vn 0.493576 0.866857 0.0702976
vn 0.496573 -0.86513 0.0704574
vn -0.989591 -0.00172661 -0.143896
vn -0.990327 -0.00172691 -0.138744
vn 0.497333 -0.865149 0.0646307
vn 0.494333 0.866879 0.0644679
vn 0.494785 0.866859 0.0611854
vn 0.497789 -0.865128 0.061314
vn -0.991952 -0.001729 -0.126602
vn -0.992819 -0.00173034 -0.11961
vn 0.498598 -0.865152 0.0539695
vn 0.495598 0.866882 0.0538364
vn 0.496039 0.86687 0.0498132
vn 0.499041 -0.86514 0.0499174
vn -0.994646 -0.00173243 -0.103331
vn -0.995567 -0.00173335 -0.0940402
vn 0.500062 -0.865168 0.0377014
vn 0.497057 0.866902 0.0376061
vn 0.497645 0.866881 0.0294383
vn 0.500651 -0.865146 0.029527
vn -0.996246 -0.00173382 -0.0865456
vn -0.996088 -0.00173343 -0.088349
vn 0.50076 -0.865131 0.0280702
vn 0.497757 0.866865 0.027977
vn 0.497311 0.866879 0.0346932
vn 0.500312 -0.865146 0.0347824
vn -0.996627 -0.00173401 -0.0820418
vn -0.997262 -0.00173453 -0.0739254
vn 0.499749 -0.865089 0.0432593
vn 0.496749 0.86682 0.0431589
vn 0.496733 0.866739 0.044946
vn 0.499735 -0.865009 0.0450004
vn -0.998346 -0.00173559 -0.057463
vn -0.998792 -0.00173604 -0.0491166
vn 0.500293 -0.865123 0.0356193
vn 0.497291 0.866854 0.0355701
vn 0.497886 0.866898 0.0244401
vn 0.500892 -0.865164 0.0244632
vn -0.999119 -0.00173644 -0.0419438
vn -0.999068 -0.00173625 -0.04312
vn 0.501437 -0.865146 0.00907982
vn 0.49843 0.866883 0.00903332
vn 0.498486 0.866885 0.00478305
vn 0.501495 -0.865147 0.00483631
vn -0.999426 -0.00173649 -0.0338362
vn -0.999725 -0.00173664 -0.0233715
vn 0.501363 -0.865137 -0.013132
vn 0.498355 0.866875 -0.0130598
vn 0.497806 0.866875 -0.0267566
vn 0.50082 -0.865138 -0.0267321
vn -0.999999 -0.00173679 0.000109316
vn -0.999912 -0.00173638 0.0131262
vn 0.499875 -0.864998 -0.0436393
vn 0.496858 0.86673 -0.0437102
vn 0.496473 0.866777 -0.047035
vn 0.499482 -0.865053 -0.0469226
vn -0.997326 -0.00173096 0.0730551
vn -0.992783 -0.00172201 0.119914
vn 0.497149 -0.86521 -0.0652227
vn 0.49415 0.866926 -0.0652269
vn 0.492007 0.866894 -0.0801441
vn 0.495004 -0.865183 -0.0801867
vn -0.984864 -0.00170721 0.173319
vn -0.983624 -0.00170447 0.180226
vn 0.493174 -0.865103 -0.091522
vn 0.490159 0.866809 -0.0915786
vn 0.490832 0.866792 -0.08807
vn 0.493843 -0.865083 -0.0880391
vn -0.983362 -0.00170385 0.181647
vn -0.984359 -0.00170642 0.176164
vn 0.495867 -0.865174 -0.0747656
vn 0.492861 0.866888 -0.0747881
vn 0.494268 0.866876 -0.0649951
vn 0.497267 -0.865159 -0.0650096
vn -0.988527 -0.00171462 0.151035
vn -0.991338 -0.00171966 0.131326
vn 0.498897 -0.86515 -0.0511591
vn 0.495891 0.866875 -0.0511783
vn 0.496283 0.86688 -0.0471411
vn 0.499291 -0.865152 -0.0471287
vn -0.994567 -0.00172468 0.104085
vn -0.995323 -0.00172589 0.0965911
vn 0.499857 -0.865157 -0.0405671
vn 0.496849 0.866888 -0.0405816
vn 0.497051 0.866886 -0.0380551
vn 0.500058 -0.865156 -0.038046
vn -0.996448 -0.00172845 0.084192
vn -0.99685 -0.00172915 0.0792903
vn 0.500335 -0.865158 -0.0341554
vn 0.49733 0.866889 -0.034168
vn 0.497427 0.866885 -0.0328034
vn 0.500431 -0.865155 -0.0327929
vn -0.997412 -0.00172969 0.0718793
vn -0.997589 -0.00172952 0.0693713
vn 0.500271 -0.865161 -0.0349942
vn 0.497267 0.866891 -0.0350087
vn 0.497027 0.866877 -0.0385736
vn 0.500032 -0.865148 -0.0385658
vn -0.997248 -0.00172881 0.0741121
vn -0.996683 -0.0017283 0.0813577
vn 0.500129 -0.865158 -0.0370424
vn 0.497122 0.866888 -0.0370787
vn 0.497579 0.866828 -0.0319913
vn 0.500585 -0.865096 -0.0319893
vn -0.996911 -0.00172919 0.0785271
vn -0.997653 -0.00173104 0.0684465
vn 0.501277 -0.865201 -0.0122059
vn 0.498272 0.866935 -0.0122161
vn 0.498553 0.866856 0.00250805
vn 0.501556 -0.865122 0.00248489
vn -0.999549 -0.00173427 0.0299827
vn -0.999997 -0.00173495 0.00155824
vn 0.500877 -0.865085 0.0273671
vn 0.497885 0.866815 0.027237
vn 0.497445 0.866688 0.0374285
vn 0.50045 -0.864954 0.0374731
vn -0.996696 -0.00172918 -0.0812021
vn -0.990779 -0.00171968 -0.13548
vn 0.495618 -0.865319 0.0747387
vn 0.492607 0.867038 0.0747172
vn 0.488117 0.866811 0.101887
vn 0.491134 -0.865112 0.101828
vn -0.983558 -0.00170785 -0.180582
vn -0.985103 -0.00171058 -0.171955
vn 0.487904 -0.864739 0.119064
vn 0.484904 0.866429 0.119036
vn 0.486746 0.86669 0.109214
vn 0.489744 -0.864993 0.109259
vn -0.985273 -0.00171012 -0.17098
vn -0.983914 -0.00170714 -0.178634
vn 0.492444 -0.865144 0.0950011
vn 0.48944 0.866848 0.0949894
vn 0.490297 0.866837 0.0905698
vn 0.493302 -0.865131 0.0905644
vn -0.983595 -0.00170661 -0.180385
vn -0.984658 -0.00170848 -0.174486
vn 0.49485 -0.865165 0.0813169
vn 0.491849 0.866875 0.0813132
vn 0.492622 0.866874 0.0765095
vn 0.495622 -0.865163 0.0765025
vn -0.987366 -0.00171319 -0.158447
vn -0.988942 -0.00171595 -0.148294
vn 0.496247 -0.865161 0.0723546
vn 0.493249 0.866874 0.0723511
vn 0.49317 0.866863 0.0730197
vn 0.49617 -0.865149 0.07302
vn -0.990228 -0.00171819 -0.139446
vn -0.990041 -0.00171789 -0.140766
vn 0.496433 -0.865155 0.0711455
vn 0.493429 0.866872 0.0711357
vn 0.493822 0.866853 0.0686019
vn 0.496829 -0.865133 0.0686012
vn -0.990572 -0.00171881 -0.136982
vn -0.991265 -0.00172005 -0.131875
vn 0.497888 -0.865166 0.0599609
vn 0.494884 0.866889 0.0599413
vn 0.495685 0.866831 0.0538573
vn 0.49869 -0.865106 0.0538497
vn -0.993416 -0.0017238 -0.114551
vn -0.99475 -0.00172612 -0.102319
vn 0.500199 -0.865187 0.0353809
vn 0.497199 0.866918 0.03531
vn 0.498375 0.866658 0.02296
vn 0.501378 -0.864924 0.0229413
vn -0.997866 -0.00173151 -0.0652748
vn -0.999181 -0.00173391 -0.0404204
vn 0.501179 -0.865233 -0.0138229
vn 0.498175 0.866967 -0.0138028
vn 0.496915 0.866961 -0.0381172
vn 0.499921 -0.865229 -0.0381863
vn -0.999454 -0.00173326 0.0330041
vn -0.996664 -0.00172834 0.0816012
vn 0.496308 -0.865059 -0.0731541
vn 0.493305 0.866775 -0.0731512
vn 0.491384 0.8669 -0.0838218
vn 0.494388 -0.865193 -0.083798
vn -0.988489 -0.00171395 0.151283
vn -0.984988 -0.00170899 0.172614
vn 0.492161 -0.865144 -0.0964516
vn 0.489158 0.866845 -0.0964547
vn 0.488716 0.866873 -0.0984258
vn 0.491721 -0.865173 -0.0984175
vn -0.980239 -0.00170081 0.197807
vn -0.979434 -0.0016974 0.201757
vn 0.491861 -0.865173 -0.097719
vn 0.488859 0.866872 -0.0977213
vn 0.489391 0.86687 -0.095043
vn 0.492396 -0.865167 -0.0950395
vn -0.979723 -0.00169598 0.200351
vn -0.980803 -0.00169787 0.194993
vn 0.492926 -0.865155 -0.0923593
vn 0.48992 0.866861 -0.0923635
vn 0.489916 0.866863 -0.0923645
vn 0.492928 -0.865154 -0.0923603
vn -0.981854 -0.00170082 0.189629
vn -0.981855 -0.00170372 0.189628
vn -0.218695 0.975589 -0.0199552
vn -0.735526 -0.677482 -0.00441643
vn -0.735532 -0.677477 -0.00416143
vn -0.218714 0.975606 -0.0189086
vn 0.954184 -0.298079 0.0261253
vn 0.954211 -0.298103 0.0248264
vn -0.218749 0.975634 -0.0169675
vn -0.73554 -0.677471 -0.00368892
vn -0.735544 -0.677468 -0.00347075
vn -0.218764 0.975645 -0.0160725
vn 0.954259 -0.298139 0.0224136
vn 0.954279 -0.298156 0.0213017
vn -0.21879 0.975665 -0.0144107
vn -0.735551 -0.677462 -0.00306518
vn -0.735554 -0.67746 -0.00287777
vn -0.218801 0.975674 -0.0136436
vn 0.954315 -0.298182 0.0192361
vn 0.95433 -0.298194 0.0182842
vn -0.21882 0.975689 -0.0122177
vn -0.735558 -0.677457 -0.0025284
vn -0.73556 -0.677456 -0.00236621
vn -0.218828 0.975695 -0.0115587
vn 0.954356 -0.298214 0.0165174
vn 0.954367 -0.298223 0.0157037
vn -0.218842 0.975706 -0.0103279
vn -0.735563 -0.677453 -0.00205749
vn -0.735565 -0.677452 -0.00191134
vn -0.218847 0.97571 -0.00975605
vn 0.954386 -0.298237 0.014199
vn 0.954394 -0.298244 0.0135091
vn -0.218858 0.975718 -0.008695
vn -0.735567 -0.67745 -0.0016405
vn -0.735567 -0.67745 -0.00151612
vn -0.218864 0.975721 -0.00820599
vn 0.954408 -0.298255 0.0122267
vn 0.954414 -0.29826 0.011635
vn -0.218871 0.975726 -0.00731572
vn -0.735568 -0.677449 -0.00130231
vn -0.73557 -0.677448 -0.00121267
vn -0.218873 0.975729 -0.00691416
vn 0.954424 -0.298267 0.0105185
vn 0.954429 -0.298271 0.00999411
vn -0.218874 0.975731 -0.00659354
vn -0.735569 -0.677448 -0.00147569
vn -0.735575 -0.677441 -0.00182339
vn -0.218881 0.975729 -0.00667798
vn 0.95443 -0.298272 0.00991806
vn 0.954425 -0.29827 0.0103668
vn -0.218824 0.97571 -0.0102906
vn -0.73552 -0.677477 -0.00592903
vn -0.735453 -0.677507 -0.00968413
vn -0.21876 0.975681 -0.0138195
vn 0.954325 -0.29822 0.0181409
vn 0.954177 -0.298158 0.0254663
vn -0.218708 0.975652 -0.0164128
vn -0.735386 -0.677529 -0.0127128
vn -0.735411 -0.677515 -0.0119786
vn -0.218744 0.975659 -0.0154868
vn 0.954024 -0.298096 0.0312468
vn 0.954068 -0.298114 0.0297041
vn -0.21884 0.975715 -0.00946683
vn -0.735505 -0.67749 -0.00633014
vn -0.73558 -0.677436 -0.0014016
vn -0.218936 0.975729 -0.00438966
vn 0.954319 -0.298213 0.018533
vn 0.954441 -0.298267 0.0089022
vn -0.218767 0.975726 0.00995505
vn -0.735424 -0.67749 0.0126392
vn -0.735158 -0.677546 0.0217551
vn -0.218505 0.975647 0.0192133
vn 0.954284 -0.298262 -0.0195222
vn 0.953757 -0.298126 -0.0383146
vn -0.217245 0.97527 0.0406473
vn -0.7339 -0.677897 0.0429799
vn -0.732745 -0.678277 0.054999
vn -0.216054 0.974949 0.0528644
vn 0.951254 -0.297404 -0.0816504
vn 0.949037 -0.296741 -0.106179
vn -0.214365 0.974323 0.0688657
vn -0.73101 -0.678685 0.0707865
vn -0.730388 -0.678962 0.074459
vn -0.213676 0.974195 0.0727166
vn 0.945262 -0.295598 -0.138206
vn 0.944225 -0.295279 -0.145776
vn -0.213263 0.974052 0.0757715
vn -0.729986 -0.679069 0.0773707
vn -0.73011 -0.679031 0.0765298
vn -0.213377 0.974085 0.0750185
vn 0.943385 -0.295021 -0.151615
vn 0.943636 -0.295096 -0.149894
vn -0.213814 0.974231 0.0718184
vn -0.730575 -0.678903 0.0731535
vn -0.73094 -0.678776 0.0706388
vn -0.214182 0.974328 0.0693597
vn 0.944602 -0.295392 -0.143072
vn 0.945295 -0.295604 -0.137967
vn -0.214893 0.974567 0.0635616
vn -0.731683 -0.67857 0.0646762
vn -0.732118 -0.678416 0.0612741
vn -0.215337 0.974683 0.0601967
vn 0.946816 -0.296071 -0.12602
vn 0.947625 -0.296317 -0.119175
vn -0.216072 0.974929 0.0531582
vn -0.732881 -0.678203 0.0540945
vn -0.73327 -0.67807 0.0503635
vn -0.216467 0.975037 0.0494579
vn 0.949376 -0.296855 -0.102774
vn 0.950276 -0.29713 -0.0932137
vn -0.217199 0.97529 0.0404283
vn -0.734029 -0.677866 0.0412215
vn -0.734425 -0.677744 0.0358362
vn -0.217594 0.975409 0.0350825
vn 0.951165 -0.297402 -0.0826909
vn 0.95124 -0.297425 -0.0817371
vn -0.218262 0.975573 0.0248894
vn -0.735073 -0.677505 0.0255664
vn -0.735317 -0.677408 0.0206716
vn -0.218516 0.975627 0.0200505
vn 0.95104 -0.297363 -0.0842472
vn 0.950755 -0.297274 -0.0877106
vn -0.217835 0.975453 0.0322335
vn -0.734663 -0.677643 0.0327312
vn -0.733658 -0.677696 0.0497374
vn -0.216976 0.974936 0.0492078
vn 0.952246 -0.297734 -0.0676934
vn 0.953506 -0.298121 -0.0441634
vn -0.217027 0.975024 0.0471912
vn -0.733753 -0.67774 0.047692
vn -0.734865 -0.677607 0.0286795
vn -0.21802 0.975538 0.0281622
vn 0.954018 -0.298276 -0.0296866
vn 0.953721 -0.298186 -0.0387496
vn -0.218772 0.975741 0.00830498
vn -0.735606 -0.677354 0.00867453
vn -0.735631 -0.677338 0.00776637
vn -0.218801 0.975741 0.00741512
vn 0.953885 -0.298237 -0.0340365
vn 0.954243 -0.298346 -0.0202551
vn -0.218632 0.975739 -0.0115786
vn -0.735496 -0.677439 -0.0110602
vn -0.734792 -0.677666 -0.0291338
vn -0.21794 0.975516 -0.029498
vn 0.954438 -0.298402 0.00222531
vn 0.954384 -0.298382 0.0109233
vn -0.216961 0.974945 -0.0490896
vn -0.733658 -0.677762 -0.0488299
vn -0.73331 -0.678011 -0.0505694
vn -0.216529 0.97496 -0.0506834
vn 0.952228 -0.297699 0.0680952
vn 0.947943 -0.296353 0.116524
vn -0.214648 0.974494 -0.0654747
vn -0.731513 -0.6787 -0.0652287
vn -0.729728 -0.679244 -0.0782636
vn -0.212868 0.973919 -0.0785387
vn 0.940006 -0.293865 0.173299
vn 0.938503 -0.293395 0.182021
vn -0.211243 0.97335 -0.0892529
vn -0.728049 -0.679709 -0.0891042
vn -0.728482 -0.679533 -0.0868765
vn -0.211696 0.973452 -0.087042
vn 0.938169 -0.293291 0.183901
vn 0.939366 -0.293666 0.177064
vn -0.213409 0.974082 -0.0749752
vn -0.730247 -0.679073 -0.0748275
vn -0.731595 -0.678636 -0.0649818
vn -0.21476 0.974491 -0.0651603
vn 0.943568 -0.294982 0.150547
vn 0.946245 -0.29582 0.130807
vn -0.216326 0.974979 -0.0511726
vn -0.733154 -0.678144 -0.051051
vn -0.733536 -0.678027 -0.0469484
vn -0.216707 0.975101 -0.0470698
vn 0.949314 -0.296782 0.103553
vn 0.95003 -0.297006 0.0960772
vn -0.217252 0.975279 -0.0404109
vn -0.734082 -0.677863 -0.0403081
vn -0.734274 -0.677801 -0.0377652
vn -0.217447 0.975337 -0.0378662
vn 0.951098 -0.29734 0.0836771
vn 0.95148 -0.29746 0.0787561
vn -0.217711 0.975423 -0.0339415
vn -0.734539 -0.677721 -0.0338569
vn -0.73463 -0.67769 -0.0324876
vn -0.217805 0.975449 -0.0325697
vn 0.952016 -0.297628 0.071301
vn 0.952185 -0.297682 0.0687683
vn -0.217655 0.975408 -0.0347196
vn -0.734482 -0.677743 -0.034652
vn -0.734254 -0.6778 -0.0381803
vn -0.217436 0.975325 -0.0382502
vn 0.951864 -0.297581 0.0734941
vn 0.951328 -0.297413 0.0807493
vn -0.21753 0.975365 -0.0366571
vn -0.734352 -0.67778 -0.0366273
vn -0.734769 -0.677585 -0.0315153
vn -0.217981 0.975442 -0.0315785
vn 0.951545 -0.297481 0.0778871
vn 0.952251 -0.297702 0.0677653
vn -0.218598 0.975747 -0.011545
vn -0.735449 -0.677483 -0.0114919
vn -0.735662 -0.67734 0.00345291
vn -0.218854 0.975752 0.00337247
vn 0.95403 -0.298259 0.0294565
vn 0.954443 -0.29839 0.00122961
vn -0.217948 0.975453 0.0314675
vn -0.734749 -0.677609 0.0314701
vn -0.733829 -0.677867 0.0446222
vn -0.217048 0.975142 0.0445927
vn 0.95153 -0.297481 -0.0780724
vn 0.946456 -0.295896 -0.129098
vn -0.213231 0.97406 0.0757615
vn -0.730073 -0.679151 0.0758066
vn -0.727158 -0.680024 0.0938499
vn -0.210335 0.97312 0.0937879
vn 0.938892 -0.293533 -0.179778
vn 0.93887 -0.293526 -0.179904
vn -0.207634 0.972052 0.109557
vn -0.724339 -0.680681 0.109572
vn -0.724757 -0.680593 0.107336
vn -0.208026 0.972217 0.107324
vn 0.93891 -0.293538 -0.179675
vn 0.938973 -0.293556 -0.179319
vn -0.209562 0.972807 0.0986395
vn -0.726353 -0.680204 0.0986591
vn -0.727536 -0.679842 0.0922274
vn -0.210747 0.973184 0.0921841
vn 0.939766 -0.293803 -0.174697
vn 0.94048 -0.294026 -0.170429
vn -0.212569 0.973812 0.0806559
vn -0.729394 -0.67932 0.0806792
vn -0.730162 -0.679078 0.0756118
vn -0.213339 0.974051 0.0755768
vn 0.942765 -0.294742 -0.15595
vn 0.944254 -0.295209 -0.145725
vn -0.213973 0.97425 0.0710829
vn -0.730799 -0.678879 0.0711029
vn -0.730735 -0.678886 0.0716886
vn -0.213915 0.97422 0.0716655
vn 0.945492 -0.295595 -0.136635
vn 0.94534 -0.295547 -0.137783
vn -0.214177 0.974311 0.0696128
vn -0.731005 -0.678811 0.0696237
vn -0.73138 -0.678672 0.066994
vn -0.214567 0.974411 0.0669716
vn 0.945882 -0.295717 -0.133638
vn 0.94655 -0.295925 -0.12834
vn -0.215559 0.974758 0.0581524
vn -0.732393 -0.678394 0.0581505
vn -0.733128 -0.678101 0.0519836
vn -0.216332 0.974936 0.0519555
vn 0.948583 -0.296561 -0.110647
vn 0.949827 -0.29695 -0.0982353
vn -0.217683 0.975449 0.0333532
vn -0.734537 -0.677752 0.0332947
vn -0.735534 -0.677166 0.0208941
vn -0.218836 0.975539 0.0208538
vn 0.952672 -0.297839 -0.0608945
vn 0.953827 -0.2982 -0.0359251
vn -0.218418 0.975727 -0.0158548
vn -0.735297 -0.677561 -0.0158138
vn -0.734004 -0.677965 -0.0400159
vn -0.217132 0.975318 -0.0401096
vn 0.953776 -0.298182 0.0374078
vn 0.950925 -0.297291 0.0857904
vn -0.21366 0.974045 -0.0747368
vn -0.730422 -0.678897 -0.0747154
vn -0.728629 -0.679593 -0.0851616
vn -0.211792 0.973598 -0.0851537
vn 0.942941 -0.294794 0.154788
vn 0.939603 -0.293753 0.175657
vn -0.209746 0.972905 -0.0972794
vn -0.726556 -0.680188 -0.0972649
vn -0.7262 -0.680328 -0.0989328
vn -0.209373 0.972817 -0.0989399
vn 0.935205 -0.292377 0.199769
vn 0.934552 -0.292172 0.203097
vn -0.209623 0.972897 -0.0976188
vn -0.726453 -0.68025 -0.0976051
vn -0.72702 -0.680067 -0.0946064
vn -0.21019 0.973071 -0.0946198
vn 0.935076 -0.292336 0.200431
vn 0.936229 -0.292697 0.19443
vn -0.210755 0.973236 -0.0916202
vn -0.727579 -0.67988 -0.0916068
vn -0.727578 -0.679881 -0.0916068
vn -0.210754 0.973236 -0.0916197
vn 0.937347 -0.293047 0.188423
vn 0.937347 -0.293047 0.188423
vn 0.845155 0.499491 -0.19032
vn 0.982169 0.0017043 -0.187993
vn 0.982169 0.00170428 -0.187993
vn 0.982169 0.00170425 -0.187993
vn -0.937664 0.293144 -0.186688
vn -0.937664 0.293144 -0.186688
vn -0.937664 0.293144 -0.186688
vn 0.509464 -0.860492 -0.000141945
vn 0.509463 -0.860492 -0.000141911
vn 0.509463 -0.860492 -0.000141877
vn 0.00251637 -0.999997 -0.000148478
vn 0.00251637 -0.999997 -0.000148478
vn 0.00251637 -0.999997 -0.000148478
vn 0.297645 0.954677 -0.00015634
vn 0.297645 0.954677 -0.000156335
vn 0.297645 0.954677 -0.00015633
vn 0.842292 0.497798 0.20674
vn 0.84145 0.497305 0.211305
vn 0.842291 0.4978 0.206739
vn 0.840023 0.499146 0.21264
vn 0.842292 0.497799 0.206739
vn 0.838767 0.501123 0.212947
vn 0.832417 0.502137 0.234394
vn 0.828633 0.505879 0.239696
vn 0.824816 0.509767 0.244574
vn 0.822615 0.518136 0.234179
vn 0.831618 0.50925 0.221531
vn 0.839429 0.49891 0.215516
vn 0.857838 0.472958 0.201059
vn 0.859334 0.462664 0.217915
vn 0.861565 0.454251 0.226632
vn 0.850241 0.465772 0.24525
vn 0.844964 0.477845 0.240209
vn 0.839239 0.489453 0.236883
vn 0.831922 0.488643 0.262934
vn 0.844798 0.448137 0.292386
vn 0.85091 0.405245 0.334258
vn 0.866193 0.360961 0.345568
vn 0.870237 0.314832 0.378904
vn 0.8842 0.234062 0.404233
vn 0.126826 0.0750608 0.989081
vn 0.125569 0.0358018 0.991439
vn 0.122337 0.0480376 0.991325
vn 0.117612 0.0212368 0.992833
vn 0.114328 0.0336157 0.992874
vn 0.112662 -0.00528673 0.993619
vn -0.855499 -0.141507 0.498093
vn -0.873238 -0.284694 0.395481
vn -0.849036 -0.206938 0.486123
vn -0.877118 -0.313428 0.363905
vn -0.850659 -0.241678 0.466873
vn -0.876241 -0.355166 0.325666
vn -0.909889 -0.365692 0.195887
vn -0.831165 -0.491199 0.260552
vn -0.830265 -0.490667 0.264398
vn -0.831165 -0.4912 0.260552
vn -0.831608 -0.48647 0.267908
vn -0.831165 -0.4912 0.260552
vn -0.832529 -0.481938 0.273185
vn -0.833324 -0.471889 0.28791
vn -0.835576 -0.461296 0.298361
vn -0.837627 -0.450302 0.309206
vn -0.83697 -0.43468 0.332466
vn -0.830962 -0.443154 0.33633
vn -0.827311 -0.4529 0.332323
vn -0.80145 -0.474615 0.363893
vn -0.802258 -0.465492 0.373763
vn -0.797338 -0.453802 0.397889
vn -0.795799 -0.400396 0.454298
vn -0.78633 -0.402684 0.468542
vn -0.786696 -0.405219 0.465733
vn -0.750972 -0.459849 0.473899
vn -0.765545 -0.41329 0.493084
vn -0.754704 -0.372063 0.540362
vn -0.798986 -0.274442 0.535072
vn -0.771099 -0.20082 0.604216
vn -0.745066 -0.0437341 0.665556
vn 0.243171 -0.336733 0.909659
vn 0.265171 -0.24238 0.93324
vn 0.266928 -0.275295 0.923559
vn 0.289964 -0.213125 0.933005
vn 0.292167 -0.246658 0.924012
vn 0.312006 -0.151088 0.93799
vn 0.953125 -0.23422 0.191556
vn 0.983055 -0.104503 0.150602
vn 0.96706 -0.170111 0.189361
vn 0.987999 -0.0778744 0.133392
vn 0.97477 -0.137342 0.175957
vn 0.992399 -0.0384012 0.116916
vn 0.997752 -0.0367789 0.0560291
vn 0.980337 0.00170083 0.197325
vn 0.980011 0.00170041 0.198935
vn 0.980337 0.0017009 0.197325
vn 0.98006 0.00390821 0.198664
vn 0.980337 0.00170077 0.197325
vn 0.980328 0.00613067 0.19728
vn 0.977385 0.0103833 0.211214
vn 0.976033 0.00617589 0.217535
vn 0.973685 0.0017179 0.22789
vn 0.969848 -0.0114378 0.243441
vn 0.967662 -0.0201395 0.251444
vn 0.965893 -0.0288876 0.257325
vn 0.959243 -0.0351601 0.280386
vn 0.958593 -0.0125578 0.284502
vn 0.959906 0.0104746 0.280126
vn 0.948336 0.0575707 0.312
vn 0.949248 0.09369 0.300251
vn 0.947491 0.129142 0.292545
vn 0.940966 0.14913 0.303879
vn 0.940932 0.100971 0.323191
vn 0.93115 0.0566484 0.360209
vn 0.939766 -0.00545391 0.341775
vn 0.919476 -0.0621601 0.388201
vn 0.889959 -0.166707 0.424479
vn 0.132892 0.172626 0.975982
vn 0.100279 0.0831092 0.991482
vn 0.103364 0.115588 0.987904
vn 0.0726195 0.0576305 0.995693
vn 0.0754615 0.090098 0.99307
vn 0.0410358 -0.000525634 0.999158
vn -0.844924 0.223302 0.486045
vn -0.906384 0.0513982 0.419316
vn -0.873318 0.138743 0.466976
vn -0.920115 0.01729 0.391267
vn -0.89369 0.0960966 0.438274
vn -0.931592 -0.0350456 0.361812
vn -0.948736 -0.0338267 0.314255
vn -0.980011 -0.00170017 0.198937
vn -0.980023 -0.00170034 0.198878
vn -0.980011 -0.00170024 0.198936
vn -0.979626 0.00270598 0.200812
vn -0.980011 -0.00170028 0.198936
vn -0.978773 0.00715823 0.204823
vn -0.975093 0.0163398 0.221192
vn -0.973148 0.00923561 0.229995
vn -0.972695 0.00170259 0.23208
vn -0.96954 -0.0218299 0.24396
vn -0.971384 -0.0248522 0.236211
vn -0.971305 -0.0278833 0.236199
vn -0.970862 -0.0105513 0.239406
vn -0.967074 0.00838953 0.254357
vn -0.96271 0.0270307 0.269181
vn -0.951883 0.0465673 0.302902
vn -0.939924 0.0829152 0.331162
vn -0.923515 0.11906 0.364615
vn -0.912305 0.172204 0.371545
vn -0.915569 0.150801 0.372816
vn -0.927352 0.128299 0.351508
vn -0.93027 0.0806754 0.357897
vn -0.944174 0.031105 0.327977
vn -0.950485 -0.067958 0.303249
vn 0.141854 0.0546318 0.988379
vn 0.144994 0.0427184 0.98851
vn 0.142897 0.0466075 0.98864
vn 0.143948 0.0383042 0.988844
vn 0.141862 0.0420562 0.988993
vn 0.145007 0.0297232 0.988984
vn 0.92118 0.311374 0.233397
vn 0.85573 0.471948 0.212113
vn 0.892949 0.393132 0.219291
vn 0.841514 0.503641 0.195448
vn 0.878996 0.435046 0.195194
vn 0.815888 0.548557 0.182792
vn 0.815255 0.548153 0.186782
vn 0.962996 0.00167772 0.269511
vn 0.961502 0.00167645 0.274793
vn 0.962996 0.00167832 0.269511
vn 0.961006 0.003987 0.2765
vn 0.962996 0.00167674 0.269511
vn 0.960793 0.00632833 0.277196
vn 0.953866 0.0103911 0.300052
vn 0.951986 0.0155187 0.305748
vn 0.950174 0.0207903 0.311025
vn 0.952922 0.0290842 0.301817
vn 0.957051 0.0168595 0.289428
vn 0.958955 0.00398408 0.283531
vn 0.962659 -0.0277152 0.269295
vn 0.957552 -0.0373483 0.285833
vn 0.954599 -0.0457321 0.294362
vn 0.949387 -0.0300564 0.312667
vn 0.951316 -0.0169604 0.30775
vn 0.952505 -0.00403149 0.304495
vn 0.942387 -0.00161476 0.334522
vn 0.931014 -0.0371851 0.363085
vn 0.912818 -0.0718308 0.401999
vn 0.900902 -0.111982 0.419327
vn 0.882309 -0.148068 0.446773
vn 0.85753 -0.214639 0.467518
vn 0.0381992 0.00420076 0.999261
vn 0.0254814 -0.0178393 0.999516
vn 0.0273506 -0.00988349 0.999577
vn 0.0164503 -0.0238159 0.999581
vn 0.0183007 -0.015785 0.999708
vn 0.00550755 -0.0375849 0.999278
vn -0.838947 0.249739 0.483527
vn -0.914541 0.12985 0.383084
vn -0.861814 0.188692 0.470821
vn -0.929943 0.106013 0.35209
vn -0.878241 0.158512 0.451183
vn -0.946701 0.068465 0.314754
vn -0.978733 0.0737889 0.191408
vn -0.942447 -0.00157217 0.334351
vn -0.940796 -0.00156828 0.33897
vn -0.942447 -0.00157203 0.334351
vn -0.939396 0.00272956 0.342823
vn -0.942447 -0.00157196 0.334351
vn -0.937321 0.00710154 0.348395
vn -0.930948 0.016218 0.36479
vn -0.926433 0.0265164 0.375526
vn -0.921495 0.0370574 0.386619
vn -0.910575 0.0502411 0.410279
vn -0.909376 0.0398913 0.414057
vn -0.911506 0.0296411 0.410218
vn -0.897632 -0.00218704 0.440739
vn -0.892885 0.00608705 0.450243
vn -0.880726 0.013672 0.473429
vn -0.847678 0.0589229 0.527229
vn -0.839493 0.0521903 0.540858
vn -0.841308 0.0502115 0.538219
vn -0.834696 -0.0173583 0.550438
vn -0.824916 0.0195434 0.564917
vn -0.795965 0.0413899 0.603925
vn -0.786475 0.130067 0.603771
vn -0.730365 0.173513 0.660651
vn -0.642806 0.282981 0.711844
vn 0.129482 -0.409617 0.903022
vn 0.182166 -0.346613 0.920149
vn 0.170827 -0.372005 0.912376
vn 0.211801 -0.333731 0.918566
vn 0.200609 -0.359677 0.911257
vn 0.252026 -0.295183 0.921602
vn 0.755857 -0.629401 0.180375
vn 0.838347 -0.52638 0.14177
vn 0.796231 -0.578269 0.177824
vn 0.854168 -0.504721 0.125113
vn 0.817264 -0.55234 0.164318
vn 0.875125 -0.471361 0.109429
vn 0.879944 -0.47209 0.0531857
vn -0.936401 0.292751 0.193519
vn -0.936107 0.292659 0.195077
vn -0.936401 0.292751 0.193519
vn -0.936819 0.290569 0.194779
vn -0.936401 0.292751 0.193519
vn -0.937741 0.288531 0.193368
vn -0.936285 0.283613 0.207205
vn -0.933763 0.287232 0.213504
vn -0.930232 0.290797 0.223842
vn -0.9227 0.302216 0.239353
vn -0.918035 0.309873 0.247365
vn -0.913747 0.317692 0.253253
vn -0.905613 0.321715 0.276341
vn -0.911793 0.29996 0.280461
vn -0.91994 0.27837 0.276079
vn -0.923161 0.23002 0.308002
vn -0.934822 0.195819 0.296249
vn -0.943753 0.161458 0.288551
vn -0.943652 0.140454 0.299655
vn -0.929165 0.186784 0.319005
vn -0.906549 0.226487 0.356192
vn -0.896008 0.288748 0.337333
vn -0.859538 0.3371 0.384134
vn -0.799617 0.428517 0.420697
vn -0.1846 -0.122952 0.975093
vn -0.125911 -0.0467674 0.990939
vn -0.138802 -0.0770841 0.987316
vn -0.0915255 -0.0307128 0.995329
vn -0.104188 -0.0610963 0.992679
vn -0.0433673 0.0155723 0.998938
vn 0.737036 -0.468987 0.486651
vn 0.847849 -0.323915 0.419799
vn 0.789745 -0.397053 0.467602
vn 0.871304 -0.2956 0.391728
vn 0.822107 -0.362614 0.438919
vn 0.898149 -0.249235 0.36223
vn 0.914214 -0.255639 0.314421
vn 0.935442 -0.292446 0.198552
vn 0.935455 -0.292449 0.198488
vn 0.935442 -0.292446 0.198552
vn 0.933755 -0.296534 0.200421
vn 0.935442 -0.292446 0.198552
vn 0.931607 -0.300527 0.204429
vn 0.925352 -0.30818 0.22079
vn 0.925632 -0.300821 0.22959
vn 0.927462 -0.2935 0.231672
vn 0.93152 -0.270104 0.243547
vn 0.934182 -0.267774 0.235797
vn 0.935016 -0.264859 0.235784
vn 0.929395 -0.28126 0.238992
vn 0.920104 -0.298195 0.253946
vn 0.910353 -0.314672 0.268772
vn 0.894178 -0.330061 0.302498
vn 0.871875 -0.36115 0.330765
vn 0.845391 -0.390709 0.364225
vn 0.818759 -0.438042 0.371151
vn 0.8283 -0.418601 0.372413
vn 0.846287 -0.400665 0.351092
vn 0.863367 -0.35611 0.357468
vn 0.891492 -0.312987 0.327537
vn 0.927226 -0.220371 0.302801
vn -0.151378 -0.00961246 0.988429
vn -0.150797 0.00272009 0.988561
vn -0.149961 -0.00162819 0.988691
vn -0.14847 0.00662549 0.988895
vn -0.147604 0.0024116 0.989044
vn -0.146902 0.0151468 0.989035
vn -0.972147 -0.020697 0.233454
vn -0.957887 -0.193506 0.212152
vn -0.969744 -0.107157 0.219347
vn -0.953833 -0.228009 0.195485
vn -0.969008 -0.151332 0.195249
vn -0.94286 -0.27855 0.182824
vn -0.942141 -0.278349 0.186794
vn -0.919142 0.287404 0.269401
vn -0.917716 0.286961 0.274682
vn -0.919141 0.287405 0.269402
vn -0.917937 0.284607 0.276389
vn -0.919141 0.287405 0.269402
vn -0.918437 0.282307 0.277084
vn -0.91305 0.276364 0.299938
vn -0.912796 0.270906 0.305635
vn -0.912651 0.265333 0.310912
vn -0.91776 0.258248 0.301704
vn -0.918031 0.271143 0.289312
vn -0.915983 0.283995 0.283413
vn -0.910003 0.315342 0.269171
vn -0.902242 0.323002 0.285707
vn -0.896912 0.330114 0.294236
vn -0.896643 0.313603 0.312544
vn -0.902413 0.301687 0.307628
vn -0.907427 0.289708 0.304376
vn -0.898497 0.284378 0.334413
vn -0.876995 0.314864 0.36296
vn -0.849272 0.342427 0.401848
vn -0.825866 0.377124 0.419193
vn -0.797342 0.40594 0.446607
vn -0.753793 0.461955 0.467326
vn -0.0377612 0.00771889 0.999257
vn -0.0190811 0.0248781 0.999508
vn -0.0232421 0.0178634 0.99957
vn -0.0087195 0.0278477 0.999574
vn -0.0128853 0.0207558 0.999701
vn 0.00579427 0.0376635 0.999274
vn 0.725507 -0.489701 0.483562
vn 0.833562 -0.397996 0.383111
vn 0.765616 -0.438323 0.470856
vn 0.855399 -0.379877 0.352115
vn 0.790331 -0.414462 0.451219
vn 0.882642 -0.349082 0.314776
vn 0.911611 -0.363765 0.191417
vn 0.899238 -0.280636 0.335581
vn 0.897652 -0.280136 0.340213
vn 0.899237 -0.280637 0.335581
vn 0.895021 -0.283809 0.344078
vn 0.899237 -0.280638 0.335582
vn 0.891723 -0.287349 0.349659
vn 0.882883 -0.294099 0.366093
vn 0.875471 -0.302551 0.376847
vn 0.867584 -0.311107 0.387958
vn 0.853182 -0.320362 0.411642
vn 0.855139 -0.310124 0.415404
vn 0.860249 -0.300991 0.411553
vn 0.856535 -0.266412 0.442009
vn 0.849516 -0.272863 0.451518
vn 0.83562 -0.276409 0.474697
vn 0.790469 -0.309564 0.528516
vn 0.784668 -0.300663 0.542124
vn 0.786993 -0.299326 0.539486
vn 0.800932 -0.232846 0.551626
vn 0.780504 -0.265081 0.566168
vn 0.746285 -0.277147 0.605185
vn 0.710601 -0.358888 0.605182
vn 0.643982 -0.383385 0.662045
vn 0.527561 -0.461436 0.713272
vn -0.000642479 0.430954 0.902374
vn -0.0698987 0.386684 0.919559
vn -0.0514306 0.407503 0.911755
vn -0.102056 0.383305 0.917966
vn -0.0835582 0.4047 0.910624
vn -0.152042 0.35862 0.921018
vn -0.531269 0.827857 0.180017
vn -0.640937 0.754435 0.141522
vn -0.585167 0.791252 0.177481
vn -0.662543 0.738539 0.124887
vn -0.61303 0.772854 0.163983
vn -0.69257 0.713032 0.109237
vn -0.696933 0.715166 0.0531134
vn 0.766637 0.457999 0.450005
vn 0.76961 0.450697 0.452297
vn 0.767783 0.454153 0.451945
vn 0.766523 0.460052 0.448102
vn 0.767792 0.452051 0.454032
vn 0.765958 0.470418 0.438195
vn 0.741131 0.486387 0.462766
vn 0.740292 0.478762 0.471969
vn 0.733729 0.467935 0.492624
vn 0.732432 0.424717 0.532127
vn 0.732682 0.397911 0.552126
vn 0.735422 0.37187 0.566452
vn 0.707461 0.339679 0.619772
vn 0.681327 0.367975 0.632763
vn 0.661675 0.400305 0.63399
vn 0.553466 0.431574 0.712334
vn 0.519022 0.479487 0.707608
vn 0.478289 0.521551 0.706558
vn 0.388412 0.497054 0.775934
vn 0.367729 0.497204 0.785852
vn 0.343379 0.49493 0.798207
vn 0.332405 0.47457 0.81504
vn 0.35447 0.451677 0.818742
vn 0.371297 0.42551 0.825276
vn 0.542073 0.453551 0.707423
vn 0.624242 0.403136 0.669181
vn 0.696286 0.346368 0.628661
vn 0.889682 0.317589 0.328029
vn 0.907853 0.276941 0.314812
vn 0.935544 0.217462 0.278329
vn 0.971216 0.235839 0.0334601
vn -0.732949 -0.417164 0.537364
vn -0.705192 -0.489236 0.513179
vn -0.721598 -0.455006 0.521792
vn -0.711478 -0.487163 0.506429
vn -0.721218 -0.476657 0.502636
vn -0.7096 -0.479709 0.516088
vn -0.719905 -0.428296 0.546168
vn -0.700148 -0.428512 0.571114
vn -0.690496 -0.436495 0.576791
vn -0.625702 -0.476465 0.617639
vn -0.621636 -0.491902 0.609591
vn -0.607502 -0.501087 0.616323
vn -0.605717 -0.45367 0.653674
vn -0.605015 -0.409792 0.682662
vn -0.603089 -0.366051 0.708724
vn -0.554583 -0.295458 0.777909
vn -0.543467 -0.221815 0.809594
vn -0.523844 -0.142574 0.839798
vn -0.498948 -0.0368139 0.86585
vn -0.483655 -0.0182021 0.875069
vn -0.483901 -0.00959114 0.87507
vn -0.447579 -0.0583095 0.892341
vn -0.430469 -0.11483 0.895271
vn -0.409978 -0.171679 0.895793
vn -0.442055 -0.288534 0.849315
vn -0.484849 -0.324214 0.812285
vn -0.516232 -0.351725 0.780894
vn -0.7147 -0.450903 0.534688
vn -0.743854 -0.437793 0.504993
vn -0.787589 -0.420789 0.450155
vn -0.851767 -0.495875 0.169116
vn 0.621643 0.440114 0.647966
vn 0.648419 0.335452 0.683392
vn 0.633234 0.387286 0.670093
vn 0.640658 0.316417 0.699598
vn 0.62661 0.354762 0.693905
vn 0.643585 0.302831 0.702917
vn 0.601595 0.306824 0.737524
vn 0.584838 0.321592 0.744676
vn 0.566465 0.336397 0.7523
vn 0.544373 0.348294 0.763118
vn 0.567221 0.333491 0.753024
vn 0.581359 0.311176 0.751792
vn 0.608953 0.241288 0.755616
vn 0.591557 0.200897 0.780834
vn 0.582235 0.169262 0.795206
vn 0.502464 0.129414 0.854858
vn 0.482297 0.135573 0.865454
vn 0.459556 0.139984 0.877047
vn 0.37197 0.060916 0.926244
vn 0.353607 -0.0051861 0.93538
vn 0.322068 -0.0784015 0.943465
vn 0.314488 -0.19776 0.928433
vn 0.32002 -0.264909 0.909621
vn 0.328496 -0.322703 0.887667
vn 0.507591 -0.331032 0.795468
vn 0.571334 -0.359945 0.737575
vn 0.630612 -0.382455 0.675319
vn 0.822284 -0.37814 0.425276
vn 0.828526 -0.393233 0.398638
vn 0.839454 -0.413137 0.353036
vn 0.907592 -0.38964 0.15639
vn -0.916331 -0.391788 0.0827018
vn -0.92542 -0.369865 0.0824475
vn -0.920952 -0.380536 0.0838962
vn -0.936528 -0.34055 0.0833125
vn -0.923456 -0.37339 0.0883626
vn -0.9474 -0.307182 0.0898458
vn -0.961915 -0.261969 0.0780471
vn -0.972941 -0.215092 0.0843885
vn -0.98205 -0.167307 0.0870988
vn -0.988092 -0.119377 0.0970712
vn -0.984949 -0.130292 0.113576
vn -0.981964 -0.150208 0.114825
vn -0.963944 -0.176339 0.199288
vn -0.964723 -0.16292 0.206801
vn -0.962273 -0.134446 0.236548
vn -0.961066 -0.00722686 0.276226
vn -0.95347 0.00536954 0.30144
vn -0.95344 0.00591717 0.301525
vn -0.915973 -0.0566607 0.397218
vn -0.912692 -0.100245 0.396162
vn -0.901993 -0.135087 0.410074
vn -0.884963 -0.0982549 0.455177
vn -0.878468 -0.0933573 0.468592
vn -0.874221 -0.0900379 0.477107
vn -0.868634 -0.108595 0.483407
vn -0.877475 -0.0987632 0.469344
vn -0.882398 -0.0872704 0.462339
vn -0.93862 -0.0612432 0.339472
vn -0.945208 -0.0434013 0.323571
vn -0.955851 -0.0183591 0.293279
vn -0.987469 -0.0382797 0.1531
vn 0.866526 0.0154109 0.498895
vn 0.842795 -0.0906476 0.530547
vn 0.853332 -0.0374392 0.520023
vn 0.829957 -0.104247 0.547999
vn 0.83554 -0.0637664 0.545717
vn 0.826479 -0.117622 0.550543
vn 0.801818 -0.0954985 0.589888
vn 0.797264 -0.0747832 0.598981
vn 0.79149 -0.0532139 0.608861
vn 0.784096 -0.0316837 0.61983
vn 0.794803 -0.0547055 0.604396
vn 0.796153 -0.0806609 0.599696
vn 0.791098 -0.153375 0.592149
vn 0.763767 -0.180919 0.61962
vn 0.745485 -0.203895 0.63457
vn 0.681992 -0.200689 0.703286
vn 0.673206 -0.184416 0.71609
vn 0.66173 -0.168411 0.730583
vn 0.573185 -0.197917 0.795166
vn 0.533281 -0.248162 0.808719
vn 0.478832 -0.298981 0.825427
vn 0.419375 -0.399531 0.815169
vn 0.384802 -0.466144 0.796641
vn 0.354398 -0.524453 0.774177
vn 0.453884 -0.604125 0.654998
vn 0.46121 -0.659932 0.593107
vn 0.467865 -0.707804 0.52926
vn 0.556879 -0.775178 0.298302
vn 0.543834 -0.79186 0.277852
vn 0.527674 -0.814976 0.239528
vn 0.569143 -0.817453 0.0885838
vn -0.73801 0.109661 0.66582
vn -0.729543 0.133746 0.67073
vn -0.734747 0.1213 0.667408
vn -0.719795 0.164415 0.674435
vn -0.730251 0.127839 0.671112
vn -0.704517 0.197368 0.681691
vn -0.688068 0.24819 0.681883
vn -0.664641 0.29306 0.68729
vn -0.641682 0.338214 0.688372
vn -0.595956 0.387294 0.703449
vn -0.583606 0.375525 0.719989
vn -0.585335 0.359479 0.726745
vn -0.502155 0.320851 0.803053
vn -0.48073 0.331329 0.811862
vn -0.434876 0.347476 0.830748
vn -0.290242 0.444585 0.84741
vn -0.249123 0.443627 0.860891
vn -0.23521 0.443159 0.865036
vn -0.126117 0.340628 0.931701
vn -0.135504 0.300606 0.944073
vn -0.126085 0.259146 0.957573
vn -0.0541211 0.262345 0.963455
vn -0.0505914 0.254091 0.965856
vn -0.0542501 0.247632 0.967334
vn -0.185183 0.244393 0.951829
vn -0.259144 0.251443 0.932535
vn -0.325653 0.25564 0.910274
vn -0.4473 0.287267 0.846995
vn -0.44202 0.294483 0.847289
vn -0.435227 0.309526 0.845441
vn -0.837008 0.414613 0.357091
vn -0.837008 0.414613 0.357091
vn -0.837008 0.414613 0.357091
vn -0.844951 0.320077 0.428495
vn -0.790694 0.417157 0.448087
vn -0.816626 0.368738 0.44402
vn -0.775072 0.428497 0.464386
vn -0.792392 0.391706 0.467635
vn -0.767869 0.440375 0.465239
vn -0.753762 0.417849 0.507194
vn -0.756537 0.398252 0.518698
vn -0.758489 0.377543 0.531184
vn -0.760208 0.356076 0.54341
vn -0.763437 0.378377 0.523446
vn -0.757229 0.402469 0.514415
vn -0.733778 0.467976 0.492513
vn -0.702003 0.49012 0.516696
vn -0.67979 0.508493 0.528508
vn -0.630679 0.497365 0.595711
vn -0.630021 0.480402 0.610154
vn -0.626916 0.463128 0.626489
vn -0.547052 0.478728 0.686697
vn -0.500316 0.51919 0.692911
vn -0.439751 0.557687 0.703992
vn -0.360076 0.637388 0.681236
vn -0.305756 0.691103 0.654896
vn -0.256852 0.736209 0.626118
vn -0.299882 0.810074 0.503836
vn -0.273243 0.854037 0.442673
vn -0.248788 0.890076 0.381929
vn -0.274183 0.943689 0.185135
vn -0.250807 0.953112 0.169335
vn -0.220223 0.96578 0.137004
vn -0.245865 0.968885 0.0285128
vn 0.760199 0.382614 0.525075
vn 0.748565 0.375351 0.546592
vn 0.754903 0.378638 0.535495
vn 0.733558 0.364879 0.573373
vn 0.749574 0.379329 0.542447
vn 0.713158 0.357658 0.602899
vn 0.688047 0.335667 0.643366
vn 0.656112 0.323517 0.681802
vn 0.624223 0.308033 0.717957
vn 0.569847 0.310482 0.760838
vn 0.562638 0.331113 0.757497
vn 0.567918 0.340961 0.749143
vn 0.51709 0.443535 0.732048
vn 0.491933 0.45478 0.742412
vn 0.444847 0.481304 0.755286
vn 0.291355 0.511349 0.808476
vn 0.258678 0.533866 0.80503
vn 0.24639 0.537453 0.806496
vn 0.233618 0.654209 0.719328
vn 0.265886 0.665378 0.69755
vn 0.283774 0.686538 0.66943
vn 0.242224 0.709826 0.661419
vn 0.19433 0.699552 0.68765
vn 0.134762 0.689654 0.711489
vn 0.245273 0.581586 0.775628
vn 0.247843 0.485147 0.838574
vn 0.236088 0.376638 0.895771
vn 0.391553 0.218135 0.893926
vn 0.333728 0.172057 0.926835
vn 0.24348 0.059827 0.968059
vn 0.875938 -0.18837 0.444128
vn 0.875939 -0.188367 0.444127
vn 0.87594 -0.188365 0.444127
# 2011 normals
usemtl Stalk
f  1/1/1 6/2/2 2/3/3
f  1/4/4 10/5/5 6/6/6
f  2/3/3 6/2/2 7/7/7
f  2/3/8 7/7/9 3/8/10
f  3/8/10 7/7/9 8/9/11
f  3/8/12 8/9/13 4/10/14
f  4/10/14 8/9/13 9/11/15
f  4/10/16 9/11/17 5/12/18
f  5/12/18 9/11/17 10/5/19
f  5/12/20 10/5/5 1/4/4
f  6/2/2 11/13/21 7/7/7
f  6/6/6 15/14/22 11/15/23
f  7/7/7 11/13/21 12/16/24
f  7/7/9 12/16/25 8/9/11
f  8/9/11 12/16/25 13/17/26
f  8/9/13 13/17/27 9/11/15
f  9/11/15 13/17/27 14/18/28
f  9/11/17 14/18/29 10/5/19
f  10/5/19 14/18/29 15/14/30
f  10/5/5 15/14/22 6/6/6
f  11/13/21 16/19/31 12/16/24
f  11/15/23 20/20/32 16/21/33
f  12/16/24 16/19/31 17/22/34
f  12/16/25 17/22/35 13/17/26
f  13/17/26 17/22/35 18/23/36
f  13/17/27 18/23/37 14/18/28
f  14/18/28 18/23/37 19/24/38
f  14/18/29 19/24/39 15/14/30
f  15/14/30 19/24/39 20/20/40
f  15/14/22 20/20/32 11/15/23
f  16/19/31 21/25/41 17/22/34
f  16/21/33 25/26/42 21/27/43
f  17/22/34 21/25/41 22/28/44
f  17/22/35 22/28/45 18/23/36
f  18/23/36 22/28/45 23/29/46
f  18/23/37 23/29/47 19/24/38
f  19/24/38 23/29/47 24/30/48
f  19/24/39 24/30/49 20/20/40
f  20/20/40 24/30/49 25/26/50
f  20/20/32 25/26/42 16/21/33
f  21/25/41 26/31/51 22/28/44
f  21/27/43 30/32/52 26/33/53
f  22/28/44 26/31/51 27/34/54
f  22/28/45 27/34/55 23/29/46
f  23/29/46 27/34/55 28/35/56
f  23/29/47 28/35/57 24/30/48
f  24/30/48 28/35/57 29/36/58
f  24/30/49 29/36/59 25/26/50
f  25/26/50 29/36/59 30/32/60
f  25/26/42 30/32/52 21/27/43
f  26/31/51 31/37/61 27/34/54
f  26/33/53 35/38/62 31/39/63
f  27/34/54 31/37/61 32/40/64
f  27/34/55 32/40/65 28/35/56
f  28/35/56 32/40/65 33/41/66
f  28/35/57 33/41/67 29/36/58
f  29/36/58 33/41/67 34/42/68
f  29/36/59 34/42/69 30/32/60
f  30/32/60 34/42/69 35/38/70
f  30/32/52 35/38/62 26/33/53
f  31/37/61 36/43/71 32/40/64
f  31/39/63 40/44/72 36/45/73
f  32/40/64 36/43/71 37/46/74
f  32/40/65 37/46/75 33/41/66
f  33/41/66 37/46/75 38/47/76
f  33/41/67 38/47/77 34/42/68
f  34/42/68 38/47/77 39/48/78
f  34/42/69 39/48/79 35/38/70
f  35/38/70 39/48/79 40/44/80
f  35/38/62 40/44/72 31/39/63
f  36/43/71 41/49/81 37/46/74
f  36/45/73 45/50/82 41/51/83
f  37/46/74 41/49/81 42/52/84
f  37/46/75 42/52/85 38/47/76
f  38/47/76 42/52/85 43/53/86
f  38/47/77 43/53/87 39/48/78
f  39/48/78 43/53/87 44/54/88
f  39/48/79 44/54/89 40/44/80
f  40/44/80 44/54/89 45/50/90
f  40/44/72 45/50/82 36/45/73
f  41/49/81 46/55/91 42/52/84
f  41/51/83 50/56/92 46/57/93
f  42/52/84 46/55/91 47/58/94
f  42/52/85 47/58/95 43/53/86
f  43/53/86 47/58/95 48/59/96
f  43/53/87 48/59/97 44/54/88
f  44/54/88 48/59/97 49/60/98
f  44/54/89 49/60/99 45/50/90
f  45/50/90 49/60/99 50/56/100
f  45/50/82 50/56/92 41/51/83
f  46/55/91 51/61/101 47/58/94
f  46/57/93 55/62/102 51/63/103
f  47/58/94 51/61/101 52/64/104
f  47/58/95 52/64/105 48/59/96
f  48/59/96 52/64/105 53/65/106
f  48/59/97 53/65/107 49/60/98
f  49/60/98 53/65/107 54/66/108
f  49/60/99 54/66/109 50/56/100
f  50/56/100 54/66/109 55/62/110
f  50/56/92 55/62/102 46/57/93
f  51/61/101 56/67/111 52/64/104
f  51/63/103 60/68/112 56/69/113
f  52/64/104 56/67/111 57/70/114
f  52/64/105 57/70/115 53/65/106
f  53/65/106 57/70/115 58/71/116
f  53/65/107 58/71/117 54/66/108
f  54/66/108 58/71/117 59/72/118
f  54/66/109 59/72/119 55/62/110
f  55/62/110 59/72/119 60/68/120
f  55/62/102 60/68/112 51/63/103
f  56/67/111 61/73/121 57/70/114
f  56/69/113 65/74/122 61/75/123
f  57/70/114 61/73/121 62/76/124
f  57/70/115 62/76/125 58/71/116
f  58/71/116 62/76/125 63/77/126
f  58/71/117 63/77/127 59/72/118
f  59/72/118 63/77/127 64/78/128
f  59/72/119 64/78/129 60/68/120
f  60/68/120 64/78/129 65/74/130
f  60/68/112 65/74/122 56/69/113
f  61/73/121 66/79/131 62/76/124
f  61/75/123 70/80/132 66/81/133
f  62/76/124 66/79/131 67/82/134
f  62/76/125 67/82/135 63/77/126
f  63/77/126 67/82/135 68/83/136
f  63/77/127 68/83/137 64/78/128
f  64/78/128 68/83/137 69/84/138
f  64/78/129 69/84/139 65/74/130
f  65/74/130 69/84/139 70/80/140
f  65/74/122 70/80/132 61/75/123
f  66/79/131 71/85/141 67/82/134
f  66/81/133 75/86/142 71/87/143
f  67/82/134 71/85/141 72/88/144
f  67/82/135 72/88/145 68/83/136
f  68/83/136 72/88/145 73/89/146
f  68/83/137 73/89/147 69/84/138
f  69/84/138 73/89/147 74/90/148
f  69/84/139 74/90/149 70/80/140
f  70/80/140 74/90/149 75/86/150
f  70/80/132 75/86/142 66/81/133
f  71/85/141 76/91/151 72/88/144
f  71/87/143 80/92/152 76/93/153
f  72/88/144 76/91/151 77/94/154
f  72/88/145 77/94/155 73/89/146
f  73/89/146 77/94/155 78/95/156
f  73/89/147 78/95/157 74/90/148
f  74/90/148 78/95/157 79/96/158
f  74/90/149 79/96/159 75/86/150
f  75/86/150 79/96/159 80/92/160
f  75/86/142 80/92/152 71/87/143
f  76/91/151 81/97/161 77/94/154
f  76/93/153 85/98/162 81/99/163
f  77/94/154 81/97/161 82/100/164
f  77/94/155 82/100/165 78/95/156
f  78/95/156 82/100/165 83/101/166
f  78/95/157 83/101/167 79/96/158
f  79/96/158 83/101/167 84/102/168
f  79/96/159 84/102/169 80/92/160
f  80/92/160 84/102/169 85/98/170
f  80/92/152 85/98/162 76/93/153
f  81/97/161 86/103/171 82/100/164
f  81/99/163 90/104/172 86/105/173
f  82/100/164 86/103/171 87/106/174
f  82/100/165 87/106/175 83/101/166
f  83/101/166 87/106/175 88/107/176
f  83/101/167 88/107/177 84/102/168
f  84/102/168 88/107/177 89/108/178
f  84/102/169 89/108/179 85/98/170
f  85/98/170 89/108/179 90/104/180
f  85/98/162 90/104/172 81/99/163
f  86/103/171 91/109/181 87/106/174
f  87/106/175 91/109/182 88/107/176
f  88/107/177 91/109/183 89/108/178
f  89/108/179 91/109/184 90/104/180
f  90/104/172 91/109/185 86/105/173
f  92/73/186 95/79/187 93/110/188
f  92/75/189 97/111/190 95/81/191
f  93/110/188 95/79/187 96/112/192
f  93/110/193 96/112/194 94/113/195
f  94/113/195 96/112/194 97/111/196
f  94/113/197 97/111/190 92/75/189
f  95/79/187 98/85/198 96/112/192
f  95/81/191 100/114/199 98/87/200
f  96/112/192 98/85/198 99/115/201
f  96/112/194 99/115/202 97/111/196
f  97/111/196 99/115/202 100/114/203
f  97/111/190 100/114/199 95/81/191
f  98/85/198 101/91/204 99/115/201
f  98/87/200 103/116/205 101/93/206
f  99/115/201 101/91/204 102/117/207
f  99/115/202 102/117/208 100/114/203
f  100/114/203 102/117/208 103/116/209
f  100/114/199 103/116/205 98/87/200
f  101/91/204 104/97/210 102/117/207
f  101/93/206 106/118/211 104/99/212
f  102/117/207 104/97/210 105/119/213
f  102/117/208 105/119/214 103/116/209
f  103/116/209 105/119/214 106/118/215
f  103/116/205 106/118/211 101/93/206
f  104/97/210 107/103/216 105/119/213
f  104/99/212 109/120/217 107/105/218
f  105/119/213 107/103/216 108/121/219
f  105/119/214 108/121/220 106/118/215
f  106/118/215 108/121/220 109/120/221
f  106/118/211 109/120/217 104/99/212
f  107/103/216 110/122/222 108/121/219
f  107/105/218 112/123/223 110/124/224
f  108/121/219 110/122/222 111/125/225
f  108/121/220 111/125/226 109/120/221
f  109/120/221 111/125/226 112/123/227
f  109/120/217 112/123/223 107/105/218
f  110/122/222 113/126/228 111/125/225
f  110/124/224 115/127/229 113/128/230
f  111/125/225 113/126/228 114/129/231
f  111/125/226 114/129/232 112/123/227
f  112/123/227 114/129/232 115/127/233
f  112/123/223 115/127/229 110/124/224
f  113/126/228 116/130/234 114/129/231
f  113/128/230 118/131/235 116/132/236
f  114/129/231 116/130/234 117/133/237
f  114/129/232 117/133/238 115/127/233
f  115/127/233 117/133/238 118/131/239
f  115/127/229 118/131/235 113/128/230
f  116/130/234 119/134/240 117/133/237
f  116/132/236 121/135/241 119/136/242
f  117/133/237 119/134/240 120/137/243
f  117/133/238 120/137/244 118/131/239
f  118/131/239 120/137/244 121/135/245
f  118/131/235 121/135/241 116/132/236
f  119/134/240 122/138/246 120/137/243
f  119/136/242 124/139/247 122/140/248
f  120/137/243 122/138/246 123/141/249
f  120/137/244 123/141/250 121/135/245
f  121/135/245 123/141/250 124/139/251
f  121/135/241 124/139/247 119/136/242
f  122/138/246 125/142/252 123/141/249
f  122/140/248 127/143/253 125/144/254
f  123/141/249 125/142/252 126/145/255
f  123/141/250 126/145/256 124/139/251
f  124/139/251 126/145/256 127/143/257
f  124/139/247 127/143/253 122/140/248
f  125/142/252 128/146/258 126/145/255
f  125/144/254 130/147/259 128/148/260
f  126/145/255 128/146/258 129/149/261
f  126/145/256 129/149/262 127/143/257
f  127/143/257 129/149/262 130/147/263
f  127/143/253 130/147/259 125/144/254
f  128/146/258 131/150/264 129/149/261
f  128/148/260 133/151/265 131/152/266
f  129/149/261 131/150/264 132/153/267
f  129/149/262 132/153/268 130/147/263
f  130/147/263 132/153/268 133/151/269
f  130/147/259 133/151/265 128/148/260
f  131/150/264 134/154/270 132/153/267
f  131/152/266 136/155/271 134/156/272
f  132/153/267 134/154/270 135/157/273
f  132/153/268 135/157/274 133/151/269
f  133/151/269 135/157/274 136/155/275
f  133/151/265 136/155/271 131/152/266
f  134/154/270 137/158/276 135/157/273
f  134/156/272 139/159/277 137/160/278
f  135/157/273 137/158/276 138/161/279
f  135/157/274 138/161/280 136/155/275
f  136/155/275 138/161/280 139/159/281
f  136/155/271 139/159/277 134/156/272
f  137/158/276 140/162/282 138/161/279
f  137/160/278 142/163/283 140/164/284
f  138/161/279 140/162/282 141/165/285
f  138/161/280 141/165/286 139/159/281
f  139/159/281 141/165/286 142/163/287
f  139/159/277 142/163/283 137/160/278
f  140/162/282 143/166/288 141/165/285
f  140/164/284 145/167/289 143/168/290
f  141/165/285 143/166/288 144/169/291
f  141/165/286 144/169/292 142/163/287
f  142/163/287 144/169/292 145/167/293
f  142/163/283 145/167/289 140/164/284
f  143/166/288 146/170/294 144/169/291
f  143/168/290 148/171/295 146/172/296
f  144/169/291 146/170/294 147/173/297
f  144/169/292 147/173/298 145/167/293
f  145/167/293 147/173/298 148/171/299
f  145/167/289 148/171/295 143/168/290
f  146/170/294 149/174/300 147/173/297
f  146/172/296 151/175/301 149/176/302
f  147/173/297 149/174/300 150/177/303
f  147/173/298 150/177/304 148/171/299
f  148/171/299 150/177/304 151/175/305
f  148/171/295 151/175/301 146/172/296
f  149/174/300 152/178/306 150/177/303
f  149/176/302 154/179/307 152/180/308
f  150/177/303 152/178/306 153/181/309
f  150/177/304 153/181/310 151/175/305
f  151/175/305 153/181/310 154/179/311
f  151/175/301 154/179/307 149/176/302
f  152/178/306 155/182/312 153/181/309
f  152/180/308 157/183/313 155/184/314
f  153/181/309 155/182/312 156/185/315
f  153/181/310 156/185/316 154/179/311
f  154/179/311 156/185/316 157/183/317
f  154/179/307 157/183/313 152/180/308
f  155/182/312 158/186/318 156/185/315
f  155/184/314 160/187/319 158/188/320
f  156/185/315 158/186/318 159/189/321
f  156/185/316 159/189/322 157/183/317
f  157/183/317 159/189/322 160/187/323
f  157/183/313 160/187/319 155/184/314
f  158/186/318 161/190/324 159/189/321
f  158/188/320 163/191/325 161/192/326
f  159/189/321 161/190/324 162/193/327
f  159/189/322 162/193/328 160/187/323
f  160/187/323 162/193/328 163/191/329
f  160/187/319 163/191/325 158/188/320
f  161/190/324 164/194/330 162/193/327
f  161/192/326 166/195/331 164/196/332
f  162/193/327 164/194/330 165/197/333
f  162/193/328 165/197/334 163/191/329
f  163/191/329 165/197/334 166/195/335
f  163/191/325 166/195/331 161/192/326
f  164/194/330 167/198/336 165/197/333
f  164/196/332 169/199/337 167/200/338
f  165/197/333 167/198/336 168/201/339
f  165/197/334 168/201/340 166/195/335
f  166/195/335 168/201/340 169/199/341
f  166/195/331 169/199/337 164/196/332
f  167/198/336 170/202/342 168/201/339
f  167/200/338 172/203/343 170/204/344
f  168/201/339 170/202/342 171/205/345
f  168/201/340 171/205/346 169/199/341
f  169/199/341 171/205/346 172/203/347
f  169/199/337 172/203/343 167/200/338
f  170/202/342 173/206/348 171/205/345
f  170/204/344 175/207/349 173/208/350
f  171/205/345 173/206/348 174/209/351
f  171/205/346 174/209/352 172/203/347
f  172/203/347 174/209/352 175/207/353
f  172/203/343 175/207/349 170/204/344
f  173/206/348 176/210/354 174/209/351
f  173/208/350 178/211/355 176/212/356
f  174/209/351 176/210/354 177/213/357
f  174/209/352 177/213/358 175/207/353
f  175/207/353 177/213/358 178/211/359
f  175/207/349 178/211/355 173/208/350
f  179/55/360 182/61/361 180/214/362
f  179/57/363 184/215/364 182/63/365
f  180/214/362 182/61/361 183/216/366
f  180/214/367 183/216/368 181/217/369
f  181/217/369 183/216/368 184/215/370
f  181/217/371 184/215/364 179/57/363
f  182/61/361 185/67/372 183/216/366
f  182/63/365 187/218/373 185/69/374
f  183/216/366 185/67/372 186/219/375
f  183/216/368 186/219/376 184/215/370
f  184/215/370 186/219/376 187/218/377
f  184/215/364 187/218/373 182/63/365
f  185/67/372 188/73/378 186/219/375
f  185/69/374 190/113/379 188/75/380
f  186/219/375 188/73/378 189/110/381
f  186/219/376 189/110/382 187/218/377
f  187/218/377 189/110/382 190/113/383
f  187/218/373 190/113/379 185/69/374
f  188/73/378 191/79/384 189/110/381
f  188/75/380 193/111/385 191/81/386
f  189/110/381 191/79/384 192/112/387
f  189/110/382 192/112/388 190/113/383
f  190/113/383 192/112/388 193/111/389
f  190/113/379 193/111/385 188/75/380
f  191/79/384 194/85/390 192/112/387
f  191/81/386 196/114/391 194/87/392
f  192/112/387 194/85/390 195/115/393
f  192/112/388 195/115/394 193/111/389
f  193/111/389 195/115/394 196/114/395
f  193/111/385 196/114/391 191/81/386
f  194/85/390 197/91/396 195/115/393
f  194/87/392 199/116/397 197/93/398
f  195/115/393 197/91/396 198/117/399
f  195/115/394 198/117/400 196/114/395
f  196/114/395 198/117/400 199/116/401
f  196/114/391 199/116/397 194/87/392
f  197/91/396 200/97/402 198/117/399
f  197/93/398 202/118/403 200/99/404
f  198/117/399 200/97/402 201/119/405
f  198/117/400 201/119/406 199/116/401
f  199/116/401 201/119/406 202/118/407
f  199/116/397 202/118/403 197/93/398
f  200/97/402 203/103/408 201/119/405
f  200/99/404 205/120/409 203/105/410
f  201/119/405 203/103/408 204/121/411
f  201/119/406 204/121/412 202/118/407
f  202/118/407 204/121/412 205/120/413
f  202/118/403 205/120/409 200/99/404
f  203/103/408 206/122/414 204/121/411
f  203/105/410 208/123/415 206/124/416
f  204/121/411 206/122/414 207/125/417
f  204/121/412 207/125/418 205/120/413
f  205/120/413 207/125/418 208/123/419
f  205/120/409 208/123/415 203/105/410
f  206/122/414 209/126/420 207/125/417
f  206/124/416 211/127/421 209/128/422
f  207/125/417 209/126/420 210/129/423
f  207/125/418 210/129/424 208/123/419
f  208/123/419 210/129/424 211/127/425
f  208/123/415 211/127/421 206/124/416
f  209/126/420 212/130/426 210/129/423
f  209/128/422 214/131/427 212/132/428
f  210/129/423 212/130/426 213/133/429
f  210/129/424 213/133/430 211/127/425
f  211/127/425 213/133/430 214/131/431
f  211/127/421 214/131/427 209/128/422
f  212/130/426 215/134/432 213/133/429
f  212/132/428 217/135/433 215/136/434
f  213/133/429 215/134/432 216/137/435
f  213/133/430 216/137/436 214/131/431
f  214/131/431 216/137/436 217/135/437
f  214/131/427 217/135/433 212/132/428
f  215/134/432 218/138/438 216/137/435
f  215/136/434 220/139/439 218/140/440
f  216/137/435 218/138/438 219/141/441
f  216/137/436 219/141/442 217/135/437
f  217/135/437 219/141/442 220/139/443
f  217/135/433 220/139/439 215/136/434
f  218/138/438 221/142/444 219/141/441
f  218/140/440 223/143/445 221/144/446
f  219/141/441 221/142/444 222/145/447
f  219/141/442 222/145/448 220/139/443
f  220/139/443 222/145/448 223/143/449
f  220/139/439 223/143/445 218/140/440
f  221/142/444 224/146/450 222/145/447
f  221/144/446 226/147/451 224/148/452
f  222/145/447 224/146/450 225/149/453
f  222/145/448 225/149/454 223/143/449
f  223/143/449 225/149/454 226/147/455
f  223/143/445 226/147/451 221/144/446
f  224/146/450 227/150/456 225/149/453
f  224/148/452 229/151/457 227/152/458
f  225/149/453 227/150/456 228/153/459
f  225/149/454 228/153/460 226/147/455
f  226/147/455 228/153/460 229/151/461
f  226/147/451 229/151/457 224/148/452
f  227/150/456 230/154/462 228/153/459
f  227/152/458 232/155/463 230/156/464
f  228/153/459 230/154/462 231/157/465
f  228/153/460 231/157/466 229/151/461
f  229/151/461 231/157/466 232/155/467
f  229/151/457 232/155/463 227/152/458
f  230/154/462 233/158/468 231/157/465
f  230/156/464 235/159/469 233/160/470
f  231/157/465 233/158/468 234/161/471
f  231/157/466 234/161/472 232/155/467
f  232/155/467 234/161/472 235/159/473
f  232/155/463 235/159/469 230/156/464
f  233/158/468 236/162/474 234/161/471
f  233/160/470 238/163/475 236/164/476
f  234/161/471 236/162/474 237/165/477
f  234/161/472 237/165/478 235/159/473
f  235/159/473 237/165/478 238/163/479
f  235/159/469 238/163/475 233/160/470
f  236/162/474 239/166/480 237/165/477
f  236/164/476 241/167/481 239/168/482
f  237/165/477 239/166/480 240/169/483
f  237/165/478 240/169/484 238/163/479
f  238/163/479 240/169/484 241/167/485
f  238/163/475 241/167/481 236/164/476
f  239/166/480 242/170/486 240/169/483
f  239/168/482 244/171/487 242/172/488
f  240/169/483 242/170/486 243/173/489
f  240/169/484 243/173/490 241/167/485
f  241/167/485 243/173/490 244/171/491
f  241/167/481 244/171/487 239/168/482
f  242/170/486 245/174/492 243/173/489
f  242/172/488 247/175/493 245/176/494
f  243/173/489 245/174/492 246/177/495
f  243/173/490 246/177/496 244/171/491
f  244/171/491 246/177/496 247/175/497
f  244/171/487 247/175/493 242/172/488
f  245/174/492 248/178/498 246/177/495
f  245/176/494 250/179/499 248/180/500
f  246/177/495 248/178/498 249/181/501
f  246/177/496 249/181/502 247/175/497
f  247/175/497 249/181/502 250/179/503
f  247/175/493 250/179/499 245/176/494
f  251/31/504 254/37/505 252/220/506
f  251/33/507 256/221/508 254/39/509
f  252/220/506 254/37/505 255/222/510
f  252/220/511 255/222/512 253/223/513
f  253/223/513 255/222/512 256/221/514
f  253/223/515 256/221/508 251/33/507
f  254/37/505 257/43/516 255/222/510
f  254/39/509 259/224/517 257/45/518
f  255/222/510 257/43/516 258/225/519
f  255/222/512 258/225/520 256/221/514
f  256/221/514 258/225/520 259/224/521
f  256/221/508 259/224/517 254/39/509
f  257/43/516 260/49/522 258/225/519
f  257/45/518 262/226/523 260/51/524
f  258/225/519 260/49/522 261/227/525
f  258/225/520 261/227/526 259/224/521
f  259/224/521 261/227/526 262/226/527
f  259/224/517 262/226/523 257/45/518
f  260/49/522 263/55/528 261/227/525
f  260/51/524 265/217/529 263/57/530
f  261/227/525 263/55/528 264/214/531
f  261/227/526 264/214/532 262/226/527
f  262/226/527 264/214/532 265/217/533
f  262/226/523 265/217/529 260/51/524
f  263/55/528 266/61/534 264/214/531
f  263/57/530 268/215/535 266/63/536
f  264/214/531 266/61/534 267/216/537
f  264/214/532 267/216/538 265/217/533
f  265/217/533 267/216/538 268/215/539
f  265/217/529 268/215/535 263/57/530
f  266/61/534 269/67/540 267/216/537
f  266/63/536 271/218/541 269/69/542
f  267/216/537 269/67/540 270/219/543
f  267/216/538 270/219/544 268/215/539
f  268/215/539 270/219/544 271/218/545
f  268/215/535 271/218/541 266/63/536
f  269/67/540 272/73/546 270/219/543
f  269/69/542 274/113/547 272/75/548
f  270/219/543 272/73/546 273/110/549
f  270/219/544 273/110/550 271/218/545
f  271/218/545 273/110/550 274/113/551
f  271/218/541 274/113/547 269/69/542
f  272/73/546 275/79/552 273/110/549
f  272/75/548 277/111/553 275/81/554
f  273/110/549 275/79/552 276/112/555
f  273/110/550 276/112/556 274/113/551
f  274/113/551 276/112/556 277/111/557
f  274/113/547 277/111/553 272/75/548
f  275/79/552 278/85/558 276/112/555
f  275/81/554 280/114/559 278/87/560
f  276/112/555 278/85/558 279/115/561
f  276/112/556 279/115/562 277/111/557
f  277/111/557 279/115/562 280/114/563
f  277/111/553 280/114/559 275/81/554
f  278/85/558 281/91/564 279/115/561
f  278/87/560 283/116/565 281/93/566
f  279/115/561 281/91/564 282/117/567
f  279/115/562 282/117/568 280/114/563
f  280/114/563 282/117/568 283/116/569
f  280/114/559 283/116/565 278/87/560
f  281/91/564 284/97/570 282/117/567
f  281/93/566 286/118/571 284/99/572
f  282/117/567 284/97/570 285/119/573
f  282/117/568 285/119/574 283/116/569
f  283/116/569 285/119/574 286/118/575
f  283/116/565 286/118/571 281/93/566
f  284/97/570 287/103/576 285/119/573
f  284/99/572 289/120/577 287/105/578
f  285/119/573 287/103/576 288/121/579
f  285/119/574 288/121/580 286/118/575
f  286/118/575 288/121/580 289/120/581
f  286/118/571 289/120/577 284/99/572
f  287/103/576 290/122/582 288/121/579
f  287/105/578 292/123/583 290/124/584
f  288/121/579 290/122/582 291/125/585
f  288/121/580 291/125/586 289/120/581
f  289/120/581 291/125/586 292/123/587
f  289/120/577 292/123/583 287/105/578
f  290/122/582 293/126/588 291/125/585
f  290/124/584 295/127/589 293/128/590
f  291/125/585 293/126/588 294/129/591
f  291/125/586 294/129/592 292/123/587
f  292/123/587 294/129/592 295/127/593
f  292/123/583 295/127/589 290/124/584
f  293/126/588 296/130/594 294/129/591
f  293/128/590 298/131/595 296/132/596
f  294/129/591 296/130/594 297/133/597
f  294/129/592 297/133/598 295/127/593
f  295/127/593 297/133/598 298/131/599
f  295/127/589 298/131/595 293/128/590
f  296/130/594 299/134/600 297/133/597
f  296/132/596 301/135/601 299/136/602
f  297/133/597 299/134/600 300/137/603
f  297/133/598 300/137/604 298/131/599
f  298/131/599 300/137/604 301/135/605
f  298/131/595 301/135/601 296/132/596
f  299/134/600 302/138/606 300/137/603
f  299/136/602 304/139/607 302/140/608
f  300/137/603 302/138/606 303/141/609
f  300/137/604 303/141/610 301/135/605
f  301/135/605 303/141/610 304/139/611
f  301/135/601 304/139/607 299/136/602
f  302/138/606 305/142/612 303/141/609
f  302/140/608 307/143/613 305/144/614
f  303/141/609 305/142/612 306/145/615
f  303/141/610 306/145/616 304/139/611
f  304/139/611 306/145/616 307/143/617
f  304/139/607 307/143/613 302/140/608
f  305/142/612 308/146/618 306/145/615
f  305/144/614 310/147/619 308/148/620
f  306/145/615 308/146/618 309/149/621
f  306/145/616 309/149/622 307/143/617
f  307/143/617 309/149/622 310/147/623
f  307/143/613 310/147/619 305/144/614
f  308/146/618 311/150/624 309/149/621
f  308/148/620 313/151/625 311/152/626
f  309/149/621 311/150/624 312/153/627
f  309/149/622 312/153/628 310/147/623
f  310/147/623 312/153/628 313/151/629
f  310/147/619 313/151/625 308/148/620
f  176/210/354 314/228/630 177/213/357
f  176/212/356 316/229/631 314/230/632
f  177/213/357 314/228/630 315/231/633
f  177/213/358 315/231/634 178/211/359
f  178/211/359 315/231/634 316/229/635
f  178/211/355 316/229/631 176/212/356
f  314/228/630 317/232/636 315/231/633
f  314/230/632 319/233/637 317/234/638
f  315/231/633 317/232/636 318/235/639
f  315/231/634 318/235/640 316/229/635
f  316/229/635 318/235/640 319/233/641
f  316/229/631 319/233/637 314/230/632
f  317/232/636 320/236/642 318/235/639
f  317/234/638 322/237/643 320/238/644
f  318/235/639 320/236/642 321/239/645
f  318/235/640 321/239/646 319/233/641
f  319/233/641 321/239/646 322/237/647
f  319/233/637 322/237/643 317/234/638
f  320/236/642 323/240/648 321/239/645
f  320/238/644 325/241/649 323/242/650
f  321/239/645 323/240/648 324/243/651
f  321/239/646 324/243/652 322/237/647
f  322/237/647 324/243/652 325/241/653
f  322/237/643 325/241/649 320/238/644
f  323/240/648 326/244/654 324/243/651
f  323/242/650 328/245/655 326/246/656
f  324/243/651 326/244/654 327/247/657
f  324/243/652 327/247/658 325/241/653
f  325/241/653 327/247/658 328/245/659
f  325/241/649 328/245/655 323/242/650
f  326/244/654 329/248/660 327/247/657
f  326/246/656 331/249/661 329/250/662
f  327/247/657 329/248/660 330/251/663
f  327/247/658 330/251/664 328/245/659
f  328/245/659 330/251/664 331/249/665
f  328/245/655 331/249/661 326/246/656
f  329/248/660 332/252/666 330/251/663
f  329/250/662 334/253/667 332/254/668
f  330/251/663 332/252/666 333/255/669
f  330/251/664 333/255/670 331/249/665
f  331/249/665 333/255/670 334/253/671
f  331/249/661 334/253/667 329/250/662
f  332/252/666 335/256/672 333/255/669
f  332/254/668 337/257/673 335/258/674
f  333/255/669 335/256/672 336/259/675
f  333/255/670 336/259/676 334/253/671
f  334/253/671 336/259/676 337/257/677
f  334/253/667 337/257/673 332/254/668
f  335/256/672 338/260/678 336/259/675
f  335/258/674 340/261/679 338/262/680
f  336/259/675 338/260/678 339/263/681
f  336/259/676 339/263/682 337/257/677
f  337/257/677 339/263/682 340/261/683
f  337/257/673 340/261/679 335/258/674
f  338/260/678 341/264/684 339/263/681
f  338/262/680 343/265/685 341/266/686
f  339/263/681 341/264/684 342/267/687
f  339/263/682 342/267/688 340/261/683
f  340/261/683 342/267/688 343/265/689
f  340/261/679 343/265/685 338/262/680
f  341/264/684 344/268/690 342/267/687
f  341/266/686 346/269/691 344/270/692
f  342/267/687 344/268/690 345/271/693
f  342/267/688 345/271/694 343/265/689
f  343/265/689 345/271/694 346/269/695
f  343/265/685 346/269/691 341/266/686
f  344/268/690 347/272/696 345/271/693
f  344/270/692 349/273/697 347/274/698
f  345/271/693 347/272/696 348/275/699
f  345/271/694 348/275/700 346/269/695
f  346/269/695 348/275/700 349/273/701
f  346/269/691 349/273/697 344/270/692
f  347/272/696 350/276/702 348/275/699
f  347/274/698 352/277/703 350/278/704
f  348/275/699 350/276/702 351/279/705
f  348/275/700 351/279/706 349/273/701
f  349/273/701 351/279/706 352/277/707
f  349/273/697 352/277/703 347/274/698
f  350/276/702 353/280/708 351/279/705
f  350/278/704 355/281/709 353/282/710
f  351/279/705 353/280/708 354/283/711
f  351/279/706 354/283/712 352/277/707
f  352/277/707 354/283/712 355/281/713
f  352/277/703 355/281/709 350/278/704
f  353/280/708 356/284/714 354/283/711
f  353/282/710 358/285/715 356/286/716
f  354/283/711 356/284/714 357/287/717
f  354/283/712 357/287/718 355/281/713
f  355/281/713 357/287/718 358/285/719
f  355/281/709 358/285/715 353/282/710
f  356/284/714 359/288/720 357/287/717
f  356/286/716 361/289/721 359/290/722
f  357/287/717 359/288/720 360/291/723
f  357/287/718 360/291/724 358/285/719
f  358/285/719 360/291/724 361/289/725
f  358/285/715 361/289/721 356/286/716
f  359/288/720 362/292/726 360/291/723
f  359/290/722 364/293/727 362/294/728
f  360/291/723 362/292/726 363/295/729
f  360/291/724 363/295/730 361/289/725
f  361/289/725 363/295/730 364/293/731
f  361/289/721 364/293/727 359/290/722
f  362/292/726 365/296/732 363/295/729
f  362/294/728 367/297/733 365/298/734
f  363/295/729 365/296/732 366/299/735
f  363/295/730 366/299/736 364/293/731
f  364/293/731 366/299/736 367/297/737
f  364/293/727 367/297/733 362/294/728
f  365/296/732 368/300/738 366/299/735
f  365/298/734 370/301/739 368/302/740
f  366/299/735 368/300/738 369/303/741
f  366/299/736 369/303/742 367/297/737
f  367/297/737 369/303/742 370/301/743
f  367/297/733 370/301/739 365/298/734
f  368/300/738 371/304/744 369/303/741
f  368/302/740 373/305/745 371/306/746
f  369/303/741 371/304/744 372/307/747
f  369/303/742 372/307/748 370/301/743
f  370/301/743 372/307/748 373/305/749
f  370/301/739 373/305/745 368/302/740
f  371/304/744 374/308/750 372/307/747
f  371/306/746 376/309/751 374/310/752
f  372/307/747 374/308/750 375/311/753
f  372/307/748 375/311/754 373/305/749
f  373/305/749 375/311/754 376/309/755
f  373/305/745 376/309/751 371/306/746
f  374/308/750 377/312/756 375/311/753
f  374/310/752 379/313/757 377/314/758
f  375/311/753 377/312/756 378/315/759
f  375/311/754 378/315/760 376/309/755
f  376/309/755 378/315/760 379/313/761
f  376/309/751 379/313/757 374/310/752
f  377/312/756 380/316/762 378/315/759
f  377/314/758 382/317/763 380/318/764
f  378/315/759 380/316/762 381/319/765
f  378/315/760 381/319/766 379/313/761
f  379/313/761 381/319/766 382/317/767
f  379/313/757 382/317/763 377/314/758
f  380/316/762 383/320/768 381/319/765
f  380/318/764 385/321/769 383/322/770
f  381/319/765 383/320/768 384/323/771
f  381/319/766 384/323/772 382/317/767
f  382/317/767 384/323/772 385/321/773
f  382/317/763 385/321/769 380/318/764
f  383/320/768 386/324/774 384/323/771
f  383/322/770 388/325/775 386/326/776
f  384/323/771 386/324/774 387/327/777
f  384/323/772 387/327/778 385/321/773
f  385/321/773 387/327/778 388/325/779
f  385/321/769 388/325/775 383/322/770
f  386/324/774 389/328/780 387/327/777
f  386/326/776 391/329/781 389/330/782
f  387/327/777 389/328/780 390/331/783
f  387/327/778 390/331/784 388/325/779
f  388/325/779 390/331/784 391/329/785
f  388/325/775 391/329/781 386/326/776
f  389/328/780 392/332/786 390/331/783
f  389/330/782 394/333/787 392/334/788
f  390/331/783 392/332/786 393/335/789
f  390/331/784 393/335/790 391/329/785
f  391/329/785 393/335/790 394/333/791
f  391/329/781 394/333/787 389/330/782
f  392/332/786 395/336/792 393/335/789
f  392/334/788 397/337/793 395/338/794
f  393/335/789 395/336/792 396/339/795
f  393/335/790 396/339/796 394/333/791
f  394/333/791 396/339/796 397/337/797
f  394/333/787 397/337/793 392/334/788
f  248/178/498 398/182/798 249/181/501
f  248/180/500 400/183/799 398/184/800
f  249/181/501 398/182/798 399/185/801
f  249/181/502 399/185/802 250/179/503
f  250/179/503 399/185/802 400/183/803
f  250/179/499 400/183/799 248/180/500
f  398/182/798 401/186/804 399/185/801
f  398/184/800 403/187/805 401/188/806
f  399/185/801 401/186/804 402/189/807
f  399/185/802 402/189/808 400/183/803
f  400/183/803 402/189/808 403/187/809
f  400/183/799 403/187/805 398/184/800
f  401/186/804 404/190/810 402/189/807
f  401/188/806 406/191/811 404/192/812
f  402/189/807 404/190/810 405/193/813
f  402/189/808 405/193/814 403/187/809
f  403/187/809 405/193/814 406/191/815
f  403/187/805 406/191/811 401/188/806
f  404/190/810 407/194/816 405/193/813
f  404/192/812 409/195/817 407/196/818
f  405/193/813 407/194/816 408/197/819
f  405/193/814 408/197/820 406/191/815
f  406/191/815 408/197/820 409/195/821
f  406/191/811 409/195/817 404/192/812
f  407/194/816 410/198/822 408/197/819
f  407/196/818 412/199/823 410/200/824
f  408/197/819 410/198/822 411/201/825
f  408/197/820 411/201/826 409/195/821
f  409/195/821 411/201/826 412/199/827
f  409/195/817 412/199/823 407/196/818
f  410/198/822 413/202/828 411/201/825
f  410/200/824 415/203/829 413/204/830
f  411/201/825 413/202/828 414/205/831
f  411/201/826 414/205/832 412/199/827
f  412/199/827 414/205/832 415/203/833
f  412/199/823 415/203/829 410/200/824
f  413/202/828 416/206/834 414/205/831
f  413/204/830 418/207/835 416/208/836
f  414/205/831 416/206/834 417/209/837
f  414/205/832 417/209/838 415/203/833
f  415/203/833 417/209/838 418/207/839
f  415/203/829 418/207/835 413/204/830
f  416/206/834 419/210/840 417/209/837
f  416/208/836 421/211/841 419/212/842
f  417/209/837 419/210/840 420/213/843
f  417/209/838 420/213/844 418/207/839
f  418/207/839 420/213/844 421/211/845
f  418/207/835 421/211/841 416/208/836
f  419/210/840 422/228/846 420/213/843
f  419/212/842 424/229/847 422/230/848
f  420/213/843 422/228/846 423/231/849
f  420/213/844 423/231/850 421/211/845
f  421/211/845 423/231/850 424/229/851
f  421/211/841 424/229/847 419/212/842
f  422/228/846 425/232/852 423/231/849
f  422/230/848 427/233/853 425/234/854
f  423/231/849 425/232/852 426/235/855
f  423/231/850 426/235/856 424/229/851
f  424/229/851 426/235/856 427/233/857
f  424/229/847 427/233/853 422/230/848
f  425/232/852 428/236/858 426/235/855
f  425/234/854 430/237/859 428/238/860
f  426/235/855 428/236/858 429/239/861
f  426/235/856 429/239/862 427/233/857
f  427/233/857 429/239/862 430/237/863
f  427/233/853 430/237/859 425/234/854
f  428/236/858 431/240/864 429/239/861
f  428/238/860 433/241/865 431/242/866
f  429/239/861 431/240/864 432/243/867
f  429/239/862 432/243/868 430/237/863
f  430/237/863 432/243/868 433/241/869
f  430/237/859 433/241/865 428/238/860
f  431/240/864 434/244/870 432/243/867
f  431/242/866 436/245/871 434/246/872
f  432/243/867 434/244/870 435/247/873
f  432/243/868 435/247/874 433/241/869
f  433/241/869 435/247/874 436/245/875
f  433/241/865 436/245/871 431/242/866
f  434/244/870 437/248/876 435/247/873
f  434/246/872 439/249/877 437/250/878
f  435/247/873 437/248/876 438/251/879
f  435/247/874 438/251/880 436/245/875
f  436/245/875 438/251/880 439/249/881
f  436/245/871 439/249/877 434/246/872
f  437/248/876 440/252/882 438/251/879
f  437/250/878 442/253/883 440/254/884
f  438/251/879 440/252/882 441/255/885
f  438/251/880 441/255/886 439/249/881
f  439/249/881 441/255/886 442/253/887
f  439/249/877 442/253/883 437/250/878
f  440/252/882 443/256/888 441/255/885
f  440/254/884 445/257/889 443/258/890
f  441/255/885 443/256/888 444/259/891
f  441/255/886 444/259/892 442/253/887
f  442/253/887 444/259/892 445/257/893
f  442/253/883 445/257/889 440/254/884
f  443/256/888 446/260/894 444/259/891
f  443/258/890 448/261/895 446/262/896
f  444/259/891 446/260/894 447/263/897
f  444/259/892 447/263/898 445/257/893
f  445/257/893 447/263/898 448/261/899
f  445/257/889 448/261/895 443/258/890
f  446/260/894 449/264/900 447/263/897
f  446/262/896 451/265/901 449/266/902
f  447/263/897 449/264/900 450/267/903
f  447/263/898 450/267/904 448/261/899
f  448/261/899 450/267/904 451/265/905
f  448/261/895 451/265/901 446/262/896
f  449/264/900 452/268/906 450/267/903
f  449/266/902 454/269/907 452/270/908
f  450/267/903 452/268/906 453/271/909
f  450/267/904 453/271/910 451/265/905
f  451/265/905 453/271/910 454/269/911
f  451/265/901 454/269/907 449/266/902
f  452/268/906 455/272/912 453/271/909
f  452/270/908 457/273/913 455/274/914
f  453/271/909 455/272/912 456/275/915
f  453/271/910 456/275/916 454/269/911
f  454/269/911 456/275/916 457/273/917
f  454/269/907 457/273/913 452/270/908
f  455/272/912 458/276/918 456/275/915
f  455/274/914 460/277/919 458/278/920
f  456/275/915 458/276/918 459/279/921
f  456/275/916 459/279/922 457/273/917
f  457/273/917 459/279/922 460/277/923
f  457/273/913 460/277/919 455/274/914
f  458/276/918 461/280/924 459/279/921
f  458/278/920 463/281/925 461/282/926
f  459/279/921 461/280/924 462/283/927
f  459/279/922 462/283/928 460/277/923
f  460/277/923 462/283/928 463/281/929
f  460/277/919 463/281/925 458/278/920
f  461/280/924 464/284/930 462/283/927
f  461/282/926 466/285/931 464/286/932
f  462/283/927 464/284/930 465/287/933
f  462/283/928 465/287/934 463/281/929
f  463/281/929 465/287/934 466/285/935
f  463/281/925 466/285/931 461/282/926
f  464/284/930 467/288/936 465/287/933
f  464/286/932 469/289/937 467/290/938
f  465/287/933 467/288/936 468/291/939
f  465/287/934 468/291/940 466/285/935
f  466/285/935 468/291/940 469/289/941
f  466/285/931 469/289/937 464/286/932
f  467/288/936 470/292/942 468/291/939
f  467/290/938 472/293/943 470/294/944
f  468/291/939 470/292/942 471/295/945
f  468/291/940 471/295/946 469/289/941
f  469/289/941 471/295/946 472/293/947
f  469/289/937 472/293/943 467/290/938
f  470/292/942 473/296/948 471/295/945
f  470/294/944 475/297/949 473/298/950
f  471/295/945 473/296/948 474/299/951
f  471/295/946 474/299/952 472/293/947
f  472/293/947 474/299/952 475/297/953
f  472/293/943 475/297/949 470/294/944
f  473/296/948 476/300/954 474/299/951
f  473/298/950 478/301/955 476/302/956
f  474/299/951 476/300/954 477/303/957
f  474/299/952 477/303/958 475/297/953
f  475/297/953 477/303/958 478/301/959
f  475/297/949 478/301/955 473/298/950
f  476/300/954 479/304/960 477/303/957
f  476/302/956 481/305/961 479/306/962
f  477/303/957 479/304/960 480/307/963
f  477/303/958 480/307/964 478/301/959
f  478/301/959 480/307/964 481/305/965
f  478/301/955 481/305/961 476/302/956
f  479/304/960 482/308/966 480/307/963
f  479/306/962 484/309/967 482/310/968
f  480/307/963 482/308/966 483/311/969
f  480/307/964 483/311/970 481/305/965
f  481/305/965 483/311/970 484/309/971
f  481/305/961 484/309/967 479/306/962
f  482/308/966 485/312/972 483/311/969
f  482/310/968 487/313/973 485/314/974
f  483/311/969 485/312/972 486/315/975
f  483/311/970 486/315/976 484/309/971
f  484/309/971 486/315/976 487/313/977
f  484/309/967 487/313/973 482/310/968
f  485/312/972 488/316/978 486/315/975
f  485/314/974 490/317/979 488/318/980
f  486/315/975 488/316/978 489/319/981
f  486/315/976 489/319/982 487/313/977
f  487/313/977 489/319/982 490/317/983
f  487/313/973 490/317/979 485/314/974
f  488/316/978 491/320/984 489/319/981
f  488/318/980 493/321/985 491/322/986
f  489/319/981 491/320/984 492/323/987
f  489/319/982 492/323/988 490/317/983
f  490/317/983 492/323/988 493/321/989
f  490/317/979 493/321/985 488/318/980
f  491/320/984 494/324/990 492/323/987
f  491/322/986 496/325/991 494/326/992
f  492/323/987 494/324/990 495/327/993
f  492/323/988 495/327/994 493/321/989
f  493/321/989 495/327/994 496/325/995
f  493/321/985 496/325/991 491/322/986
f  494/324/990 497/328/996 495/327/993
f  494/326/992 499/329/997 497/330/998
f  495/327/993 497/328/996 498/331/999
f  495/327/994 498/331/1000 496/325/995
f  496/325/995 498/331/1000 499/329/1001
f  496/325/991 499/329/997 494/326/992
f  497/328/996 500/332/1002 498/331/999
f  497/330/998 502/333/1003 500/334/1004
f  498/331/999 500/332/1002 501/335/1005
f  498/331/1000 501/335/1006 499/329/1001
f  499/329/1001 501/335/1006 502/333/1007
f  499/329/997 502/333/1003 497/330/998
f  500/332/1002 503/336/1008 501/335/1005
f  500/334/1004 505/337/1009 503/338/1010
f  501/335/1005 503/336/1008 504/339/1011
f  501/335/1006 504/339/1012 502/333/1007
f  502/333/1007 504/339/1012 505/337/1013
f  502/333/1003 505/337/1009 500/334/1004
f  503/336/1008 506/340/1014 504/339/1011
f  503/338/1010 508/341/1015 506/342/1016
f  504/339/1011 506/340/1014 507/343/1017
f  504/339/1012 507/343/1018 505/337/1013
f  505/337/1013 507/343/1018 508/341/1019
f  505/337/1009 508/341/1015 503/338/1010
f  506/340/1014 509/344/1020 507/343/1017
f  506/342/1016 511/345/1021 509/346/1022
f  507/343/1017 509/344/1020 510/347/1023
f  507/343/1018 510/347/1024 508/341/1019
f  508/341/1019 510/347/1024 511/345/1025
f  508/341/1015 511/345/1021 506/342/1016
f  509/344/1020 512/348/1026 510/347/1023
f  509/346/1022 514/349/1027 512/350/1028
f  510/347/1023 512/348/1026 513/351/1029
f  510/347/1024 513/351/1030 511/345/1025
f  511/345/1025 513/351/1030 514/349/1031
f  511/345/1021 514/349/1027 509/346/1022
f  512/348/1026 515/352/1032 513/351/1029
f  512/350/1028 517/353/1033 515/354/1034
f  513/351/1029 515/352/1032 516/355/1035
f  513/351/1030 516/355/1036 514/349/1031
f  514/349/1031 516/355/1036 517/353/1037
f  514/349/1027 517/353/1033 512/350/1028
f  515/352/1032 518/356/1038 516/355/1035
f  515/354/1034 520/357/1039 518/358/1040
f  516/355/1035 518/356/1038 519/359/1041
f  516/355/1036 519/359/1042 517/353/1037
f  517/353/1037 519/359/1042 520/357/1043
f  517/353/1033 520/357/1039 515/354/1034
f  518/356/1038 521/360/1044 519/359/1041
f  518/358/1040 523/361/1045 521/362/1046
f  519/359/1041 521/360/1044 522/363/1047
f  519/359/1042 522/363/1048 520/357/1043
f  520/357/1043 522/363/1048 523/361/1049
f  520/357/1039 523/361/1045 518/358/1040
f  521/360/1044 524/364/1050 522/363/1047
f  521/362/1046 526/365/1051 524/366/1052
f  522/363/1047 524/364/1050 525/367/1053
f  522/363/1048 525/367/1054 523/361/1049
f  523/361/1049 525/367/1054 526/365/1055
f  523/361/1045 526/365/1051 521/362/1046
f  524/364/1050 527/368/1056 525/367/1053
f  524/366/1052 529/369/1057 527/370/1058
f  525/367/1053 527/368/1056 528/371/1059
f  525/367/1054 528/371/1060 526/365/1055
f  526/365/1055 528/371/1060 529/369/1061
f  526/365/1051 529/369/1057 524/366/1052
f  527/368/1056 530/372/1062 528/371/1059
f  527/370/1058 532/373/1063 530/374/1064
f  528/371/1059 530/372/1062 531/375/1065
f  528/371/1060 531/375/1066 529/369/1061
f  529/369/1061 531/375/1066 532/373/1067
f  529/369/1057 532/373/1063 527/370/1058
f  530/372/1062 533/376/1068 531/375/1065
f  530/374/1064 535/377/1069 533/378/1070
f  531/375/1065 533/376/1068 534/379/1071
f  531/375/1066 534/379/1072 532/373/1067
f  532/373/1067 534/379/1072 535/377/1073
f  532/373/1063 535/377/1069 530/374/1064
f  533/376/1068 536/380/1074 534/379/1071
f  533/378/1070 538/381/1075 536/382/1076
f  534/379/1071 536/380/1074 537/383/1077
f  534/379/1072 537/383/1078 535/377/1073
f  535/377/1073 537/383/1078 538/381/1079
f  535/377/1069 538/381/1075 533/378/1070
f  536/380/1074 539/384/1080 537/383/1077
f  536/382/1076 541/385/1081 539/386/1082
f  537/383/1077 539/384/1080 540/387/1083
f  537/383/1078 540/387/1084 538/381/1079
f  538/381/1079 540/387/1084 541/385/1085
f  538/381/1075 541/385/1081 536/382/1076
f  311/150/624 542/154/1086 312/153/627
f  311/152/626 544/155/1087 542/156/1088
f  312/153/627 542/154/1086 543/157/1089
f  312/153/628 543/157/1090 313/151/629
f  313/151/629 543/157/1090 544/155/1091
f  313/151/625 544/155/1087 311/152/626
f  542/154/1086 545/158/1092 543/157/1089
f  542/156/1088 547/159/1093 545/160/1094
f  543/157/1089 545/158/1092 546/161/1095
f  543/157/1090 546/161/1096 544/155/1091
f  544/155/1091 546/161/1096 547/159/1097
f  544/155/1087 547/159/1093 542/156/1088
f  545/158/1092 548/162/1098 546/161/1095
f  545/160/1094 550/163/1099 548/164/1100
f  546/161/1095 548/162/1098 549/165/1101
f  546/161/1096 549/165/1102 547/159/1097
f  547/159/1097 549/165/1102 550/163/1103
f  547/159/1093 550/163/1099 545/160/1094
f  548/162/1098 551/166/1104 549/165/1101
f  548/164/1100 553/167/1105 551/168/1106
f  549/165/1101 551/166/1104 552/169/1107
f  549/165/1102 552/169/1108 550/163/1103
f  550/163/1103 552/169/1108 553/167/1109
f  550/163/1099 553/167/1105 548/164/1100
f  551/166/1104 554/170/1110 552/169/1107
f  551/168/1106 556/171/1111 554/172/1112
f  552/169/1107 554/170/1110 555/173/1113
f  552/169/1108 555/173/1114 553/167/1109
f  553/167/1109 555/173/1114 556/171/1115
f  553/167/1105 556/171/1111 551/168/1106
f  554/170/1110 557/174/1116 555/173/1113
f  554/172/1112 559/175/1117 557/176/1118
f  555/173/1113 557/174/1116 558/177/1119
f  555/173/1114 558/177/1120 556/171/1115
f  556/171/1115 558/177/1120 559/175/1121
f  556/171/1111 559/175/1117 554/172/1112
f  557/174/1116 560/178/1122 558/177/1119
f  557/176/1118 562/179/1123 560/180/1124
f  558/177/1119 560/178/1122 561/181/1125
f  558/177/1120 561/181/1126 559/175/1121
f  559/175/1121 561/181/1126 562/179/1127
f  559/175/1117 562/179/1123 557/176/1118
f  560/178/1122 563/182/1128 561/181/1125
f  560/180/1124 565/183/1129 563/184/1130
f  561/181/1125 563/182/1128 564/185/1131
f  561/181/1126 564/185/1132 562/179/1127
f  562/179/1127 564/185/1132 565/183/1133
f  562/179/1123 565/183/1129 560/180/1124
f  563/182/1128 566/186/1134 564/185/1131
f  563/184/1130 568/187/1135 566/188/1136
f  564/185/1131 566/186/1134 567/189/1137
f  564/185/1132 567/189/1138 565/183/1133
f  565/183/1133 567/189/1138 568/187/1139
f  565/183/1129 568/187/1135 563/184/1130
f  566/186/1134 569/190/1140 567/189/1137
f  566/188/1136 571/191/1141 569/192/1142
f  567/189/1137 569/190/1140 570/193/1143
f  567/189/1138 570/193/1144 568/187/1139
f  568/187/1139 570/193/1144 571/191/1145
f  568/187/1135 571/191/1141 566/188/1136
f  569/190/1140 572/194/1146 570/193/1143
f  569/192/1142 574/195/1147 572/196/1148
f  570/193/1143 572/194/1146 573/197/1149
f  570/193/1144 573/197/1150 571/191/1145
f  571/191/1145 573/197/1150 574/195/1151
f  571/191/1141 574/195/1147 569/192/1142
f  572/194/1146 575/198/1152 573/197/1149
f  572/196/1148 577/199/1153 575/200/1154
f  573/197/1149 575/198/1152 576/201/1155
f  573/197/1150 576/201/1156 574/195/1151
f  574/195/1151 576/201/1156 577/199/1157
f  574/195/1147 577/199/1153 572/196/1148
f  575/198/1152 578/202/1158 576/201/1155
f  575/200/1154 580/203/1159 578/204/1160
f  576/201/1155 578/202/1158 579/205/1161
f  576/201/1156 579/205/1162 577/199/1157
f  577/199/1157 579/205/1162 580/203/1163
f  577/199/1153 580/203/1159 575/200/1154
f  578/202/1158 581/206/1164 579/205/1161
f  578/204/1160 583/207/1165 581/208/1166
f  579/205/1161 581/206/1164 582/209/1167
f  579/205/1162 582/209/1168 580/203/1163
f  580/203/1163 582/209/1168 583/207/1169
f  580/203/1159 583/207/1165 578/204/1160
f  581/206/1164 584/210/1170 582/209/1167
f  581/208/1166 586/211/1171 584/212/1172
f  582/209/1167 584/210/1170 585/213/1173
f  582/209/1168 585/213/1174 583/207/1169
f  583/207/1169 585/213/1174 586/211/1175
f  583/207/1165 586/211/1171 581/208/1166
f  584/210/1170 587/228/1176 585/213/1173
f  584/212/1172 589/229/1177 587/230/1178
f  585/213/1173 587/228/1176 588/231/1179
f  585/213/1174 588/231/1180 586/211/1175
f  586/211/1175 588/231/1180 589/229/1181
f  586/211/1171 589/229/1177 584/212/1172
f  587/228/1176 590/232/1182 588/231/1179
f  587/230/1178 592/233/1183 590/234/1184
f  588/231/1179 590/232/1182 591/235/1185
f  588/231/1180 591/235/1186 589/229/1181
f  589/229/1181 591/235/1186 592/233/1187
f  589/229/1177 592/233/1183 587/230/1178
f  590/232/1182 593/236/1188 591/235/1185
f  590/234/1184 595/237/1189 593/238/1190
f  591/235/1185 593/236/1188 594/239/1191
f  591/235/1186 594/239/1192 592/233/1187
f  592/233/1187 594/239/1192 595/237/1193
f  592/233/1183 595/237/1189 590/234/1184
f  593/236/1188 596/240/1194 594/239/1191
f  593/238/1190 598/241/1195 596/242/1196
f  594/239/1191 596/240/1194 597/243/1197
f  594/239/1192 597/243/1198 595/237/1193
f  595/237/1193 597/243/1198 598/241/1199
f  595/237/1189 598/241/1195 593/238/1190
f  596/240/1194 599/244/1200 597/243/1197
f  596/242/1196 601/245/1201 599/246/1202
f  597/243/1197 599/244/1200 600/247/1203
f  597/243/1198 600/247/1204 598/241/1199
f  598/241/1199 600/247/1204 601/245/1205
f  598/241/1195 601/245/1201 596/242/1196
f  599/244/1200 602/248/1206 600/247/1203
f  599/246/1202 604/249/1207 602/250/1208
f  600/247/1203 602/248/1206 603/251/1209
f  600/247/1204 603/251/1210 601/245/1205
f  601/245/1205 603/251/1210 604/249/1211
f  601/245/1201 604/249/1207 599/246/1202
f  602/248/1206 605/252/1212 603/251/1209
f  602/250/1208 607/253/1213 605/254/1214
f  603/251/1209 605/252/1212 606/255/1215
f  603/251/1210 606/255/1216 604/249/1211
f  604/249/1211 606/255/1216 607/253/1217
f  604/249/1207 607/253/1213 602/250/1208
f  605/252/1212 608/256/1218 606/255/1215
f  605/254/1214 610/257/1219 608/258/1220
f  606/255/1215 608/256/1218 609/259/1221
f  606/255/1216 609/259/1222 607/253/1217
f  607/253/1217 609/259/1222 610/257/1223
f  607/253/1213 610/257/1219 605/254/1214
f  608/256/1218 611/260/1224 609/259/1221
f  608/258/1220 613/261/1225 611/262/1226
f  609/259/1221 611/260/1224 612/263/1227
f  609/259/1222 612/263/1228 610/257/1223
f  610/257/1223 612/263/1228 613/261/1229
f  610/257/1219 613/261/1225 608/258/1220
f  611/260/1224 614/264/1230 612/263/1227
f  611/262/1226 616/265/1231 614/266/1232
f  612/263/1227 614/264/1230 615/267/1233
f  612/263/1228 615/267/1234 613/261/1229
f  613/261/1229 615/267/1234 616/265/1235
f  613/261/1225 616/265/1231 611/262/1226
f  614/264/1230 617/268/1236 615/267/1233
f  614/266/1232 619/269/1237 617/270/1238
f  615/267/1233 617/268/1236 618/271/1239
f  615/267/1234 618/271/1240 616/265/1235
f  616/265/1235 618/271/1240 619/269/1241
f  616/265/1231 619/269/1237 614/266/1232
f  617/268/1236 620/272/1242 618/271/1239
f  617/270/1238 622/273/1243 620/274/1244
f  618/271/1239 620/272/1242 621/275/1245
f  618/271/1240 621/275/1246 619/269/1241
f  619/269/1241 621/275/1246 622/273/1247
f  619/269/1237 622/273/1243 617/270/1238
f  620/272/1242 623/276/1248 621/275/1245
f  620/274/1244 625/277/1249 623/278/1250
f  621/275/1245 623/276/1248 624/279/1251
f  621/275/1246 624/279/1252 622/273/1247
f  622/273/1247 624/279/1252 625/277/1253
f  622/273/1243 625/277/1249 620/274/1244
f  623/276/1248 626/280/1254 624/279/1251
f  623/278/1250 628/281/1255 626/282/1256
f  624/279/1251 626/280/1254 627/283/1257
f  624/279/1252 627/283/1258 625/277/1253
f  625/277/1253 627/283/1258 628/281/1259
f  625/277/1249 628/281/1255 623/278/1250
f  626/280/1254 629/284/1260 627/283/1257
f  626/282/1256 631/285/1261 629/286/1262
f  627/283/1257 629/284/1260 630/287/1263
f  627/283/1258 630/287/1264 628/281/1259
f  628/281/1259 630/287/1264 631/285/1265
f  628/281/1255 631/285/1261 626/282/1256
f  629/284/1260 632/288/1266 630/287/1263
f  629/286/1262 634/289/1267 632/290/1268
f  630/287/1263 632/288/1266 633/291/1269
f  630/287/1264 633/291/1270 631/285/1265
f  631/285/1265 633/291/1270 634/289/1271
f  631/285/1261 634/289/1267 629/286/1262
f  632/288/1266 635/292/1272 633/291/1269
f  632/290/1268 637/293/1273 635/294/1274
f  633/291/1269 635/292/1272 636/295/1275
f  633/291/1270 636/295/1276 634/289/1271
f  634/289/1271 636/295/1276 637/293/1277
f  634/289/1267 637/293/1273 632/290/1268
f  635/292/1272 638/296/1278 636/295/1275
f  635/294/1274 640/297/1279 638/298/1280
f  636/295/1275 638/296/1278 639/299/1281
f  636/295/1276 639/299/1282 637/293/1277
f  637/293/1277 639/299/1282 640/297/1283
f  637/293/1273 640/297/1279 635/294/1274
f  638/296/1278 641/300/1284 639/299/1281
f  638/298/1280 643/301/1285 641/302/1286
f  639/299/1281 641/300/1284 642/303/1287
f  639/299/1282 642/303/1288 640/297/1283
f  640/297/1283 642/303/1288 643/301/1289
f  640/297/1279 643/301/1285 638/298/1280
f  641/300/1284 644/304/1290 642/303/1287
f  641/302/1286 646/305/1291 644/306/1292
f  642/303/1287 644/304/1290 645/307/1293
f  642/303/1288 645/307/1294 643/301/1289
f  643/301/1289 645/307/1294 646/305/1295
f  643/301/1285 646/305/1291 641/302/1286
f  644/304/1290 647/308/1296 645/307/1293
f  644/306/1292 649/309/1297 647/310/1298
f  645/307/1293 647/308/1296 648/311/1299
f  645/307/1294 648/311/1300 646/305/1295
f  646/305/1295 648/311/1300 649/309/1301
f  646/305/1291 649/309/1297 644/306/1292
f  647/308/1296 650/312/1302 648/311/1299
f  647/310/1298 652/313/1303 650/314/1304
f  648/311/1299 650/312/1302 651/315/1305
f  648/311/1300 651/315/1306 649/309/1301
f  649/309/1301 651/315/1306 652/313/1307
f  649/309/1297 652/313/1303 647/310/1298
f  650/312/1302 653/316/1308 651/315/1305
f  650/314/1304 655/317/1309 653/318/1310
f  651/315/1305 653/316/1308 654/319/1311
f  651/315/1306 654/319/1312 652/313/1307
f  652/313/1307 654/319/1312 655/317/1313
f  652/313/1303 655/317/1309 650/314/1304
f  653/316/1308 656/320/1314 654/319/1311
f  653/318/1310 658/321/1315 656/322/1316
f  654/319/1311 656/320/1314 657/323/1317
f  654/319/1312 657/323/1318 655/317/1313
f  655/317/1313 657/323/1318 658/321/1319
f  655/317/1309 658/321/1315 653/318/1310
f  656/320/1314 659/324/1320 657/323/1317
f  656/322/1316 661/325/1321 659/326/1322
f  657/323/1317 659/324/1320 660/327/1323
f  657/323/1318 660/327/1324 658/321/1319
f  658/321/1319 660/327/1324 661/325/1325
f  658/321/1315 661/325/1321 656/322/1316
f  659/324/1320 662/328/1326 660/327/1323
f  659/326/1322 664/329/1327 662/330/1328
f  660/327/1323 662/328/1326 663/331/1329
f  660/327/1324 663/331/1330 661/325/1325
f  661/325/1325 663/331/1330 664/329/1331
f  661/325/1321 664/329/1327 659/326/1322
f  662/328/1326 665/332/1332 663/331/1329
f  662/330/1328 667/333/1333 665/334/1334
f  663/331/1329 665/332/1332 666/335/1335
f  663/331/1330 666/335/1336 664/329/1331
f  664/329/1331 666/335/1336 667/333/1337
f  664/329/1327 667/333/1333 662/330/1328
f  665/332/1332 668/336/1338 666/335/1335
f  665/334/1334 670/337/1339 668/338/1340
f  666/335/1335 668/336/1338 669/339/1341
f  666/335/1336 669/339/1342 667/333/1337
f  667/333/1337 669/339/1342 670/337/1343
f  667/333/1333 670/337/1339 665/334/1334
f  668/336/1338 671/340/1344 669/339/1341
f  668/338/1340 673/341/1345 671/342/1346
f  669/339/1341 671/340/1344 672/343/1347
f  669/339/1342 672/343/1348 670/337/1343
f  670/337/1343 672/343/1348 673/341/1349
f  670/337/1339 673/341/1345 668/338/1340
f  671/340/1344 674/344/1350 672/343/1347
f  671/342/1346 676/345/1351 674/346/1352
f  672/343/1347 674/344/1350 675/347/1353
f  672/343/1348 675/347/1354 673/341/1349
f  673/341/1349 675/347/1354 676/345/1355
f  673/341/1345 676/345/1351 671/342/1346
f  674/344/1350 677/348/1356 675/347/1353
f  674/346/1352 679/349/1357 677/350/1358
f  675/347/1353 677/348/1356 678/351/1359
f  675/347/1354 678/351/1360 676/345/1355
f  676/345/1355 678/351/1360 679/349/1361
f  676/345/1351 679/349/1357 674/346/1352
f  677/348/1356 680/352/1362 678/351/1359
f  677/350/1358 682/353/1363 680/354/1364
f  678/351/1359 680/352/1362 681/355/1365
f  678/351/1360 681/355/1366 679/349/1361
f  679/349/1361 681/355/1366 682/353/1367
f  679/349/1357 682/353/1363 677/350/1358
f  680/352/1362 683/356/1368 681/355/1365
f  680/354/1364 685/357/1369 683/358/1370
f  681/355/1365 683/356/1368 684/359/1371
f  681/355/1366 684/359/1372 682/353/1367
f  682/353/1367 684/359/1372 685/357/1373
f  682/353/1363 685/357/1369 680/354/1364
usemtl Petal2
f  686/1/1374 688/31/1374 687/4/1374
f  687/4/1374 688/31/1374 689/33/1374
f  690/1/1375 692/31/1376 691/4/1376
f  691/4/1376 692/31/1376 693/33/1377
f  694/1/1378 696/31/1379 695/4/1379
f  695/4/1379 696/31/1379 697/33/1380
f  698/1/1381 700/31/1382 699/4/1382
f  699/4/1382 700/31/1382 701/33/1383
f  702/1/1384 704/31/1385 703/4/1385
f  703/4/1385 704/31/1385 705/33/1386
f  706/1/1387 708/31/1388 707/4/1388
f  707/4/1388 708/31/1388 709/33/1389
usemtl Leaf
f  710/1/1390 713/388/1391 711/389/1392
f  711/389/1392 713/388/1391 714/390/1393
f  711/389/1392 714/390/1393 712/4/1394
f  712/4/1394 714/390/1393 715/391/1395
f  713/388/1391 716/2/1396 714/390/1393
f  714/390/1393 716/2/1396 717/392/1397
f  714/390/1393 717/392/1397 715/391/1395
f  715/391/1395 717/392/1397 718/6/1398
f  716/2/1396 719/393/1399 717/392/1397
f  717/392/1397 719/393/1399 720/394/1400
f  717/392/1397 720/394/1400 718/6/1398
f  718/6/1398 720/394/1400 721/395/1401
f  719/393/1399 722/13/1402 720/394/1400
f  720/394/1400 722/13/1402 723/396/1403
f  720/394/1400 723/396/1403 721/395/1401
f  721/395/1401 723/396/1403 724/15/1404
f  722/13/1402 725/397/1405 723/396/1403
f  723/396/1403 725/397/1405 726/398/1406
f  723/396/1403 726/398/1406 724/15/1404
f  724/15/1404 726/398/1406 727/399/1407
f  725/397/1405 728/19/1408 726/398/1406
f  726/398/1406 728/19/1408 729/400/1409
f  726/398/1406 729/400/1409 727/399/1407
f  727/399/1407 729/400/1409 730/21/1410
f  728/19/1408 731/401/1411 729/400/1409
f  729/400/1409 731/401/1411 732/402/1412
f  729/400/1409 732/402/1412 730/21/1410
f  730/21/1410 732/402/1412 733/403/1413
f  731/401/1414 734/25/1415 732/402/1416
f  732/402/1416 734/25/1415 735/404/1417
f  732/402/1416 735/404/1417 733/403/1418
f  733/403/1418 735/404/1417 736/27/1419
f  734/25/1420 737/405/1421 735/404/1422
f  735/404/1422 737/405/1421 738/406/1423
f  735/404/1422 738/406/1423 736/27/1424
f  736/27/1424 738/406/1423 739/407/1425
f  737/405/1421 740/408/1426 738/406/1423
f  738/406/1423 740/408/1426 739/407/1425
f  741/1/1427 744/388/1428 742/389/1429
f  742/389/1429 744/388/1428 745/390/1430
f  742/389/1429 745/390/1430 743/4/1431
f  743/4/1431 745/390/1430 746/391/1432
f  744/388/1428 747/2/1433 745/390/1430
f  745/390/1430 747/2/1433 748/392/1434
f  745/390/1430 748/392/1434 746/391/1432
f  746/391/1432 748/392/1434 749/6/1435
f  747/2/1433 750/393/1436 748/392/1434
f  748/392/1434 750/393/1436 751/394/1437
f  748/392/1434 751/394/1437 749/6/1435
f  749/6/1435 751/394/1437 752/395/1438
f  750/393/1436 753/13/1439 751/394/1437
f  751/394/1437 753/13/1439 754/396/1440
f  751/394/1437 754/396/1440 752/395/1438
f  752/395/1438 754/396/1440 755/15/1441
f  753/13/1439 756/397/1442 754/396/1440
f  754/396/1440 756/397/1442 757/398/1443
f  754/396/1440 757/398/1443 755/15/1441
f  755/15/1441 757/398/1443 758/399/1444
f  756/397/1442 759/19/1445 757/398/1443
f  757/398/1443 759/19/1445 760/400/1446
f  757/398/1443 760/400/1446 758/399/1444
f  758/399/1444 760/400/1446 761/21/1447
f  759/19/1445 762/401/1448 760/400/1446
f  760/400/1446 762/401/1448 763/402/1449
f  760/400/1446 763/402/1449 761/21/1447
f  761/21/1447 763/402/1449 764/403/1450
f  762/401/1451 765/25/1452 763/402/1453
f  763/402/1453 765/25/1452 766/404/1454
f  763/402/1453 766/404/1454 764/403/1455
f  764/403/1455 766/404/1454 767/27/1456
f  765/25/1457 768/405/1458 766/404/1459
f  766/404/1459 768/405/1458 769/406/1460
f  766/404/1459 769/406/1460 767/27/1461
f  767/27/1461 769/406/1460 770/407/1462
f  768/405/1458 771/408/1463 769/406/1460
f  769/406/1460 771/408/1463 770/407/1462
f  772/1/1464 775/388/1465 773/389/1466
f  773/389/1466 775/388/1465 776/390/1467
f  773/389/1466 776/390/1467 774/4/1468
f  774/4/1468 776/390/1467 777/391/1469
f  775/388/1465 778/2/1470 776/390/1467
f  776/390/1467 778/2/1470 779/392/1471
f  776/390/1467 779/392/1471 777/391/1469
f  777/391/1469 779/392/1471 780/6/1472
f  778/2/1470 781/393/1473 779/392/1471
f  779/392/1471 781/393/1473 782/394/1474
f  779/392/1471 782/394/1474 780/6/1472
f  780/6/1472 782/394/1474 783/395/1475
f  781/393/1473 784/13/1476 782/394/1474
f  782/394/1474 784/13/1476 785/396/1477
f  782/394/1474 785/396/1477 783/395/1475
f  783/395/1475 785/396/1477 786/15/1478
f  784/13/1476 787/397/1479 785/396/1477
f  785/396/1477 787/397/1479 788/398/1480
f  785/396/1477 788/398/1480 786/15/1478
f  786/15/1478 788/398/1480 789/399/1481
f  787/397/1479 790/19/1482 788/398/1480
f  788/398/1480 790/19/1482 791/400/1483
f  788/398/1480 791/400/1483 789/399/1481
f  789/399/1481 791/400/1483 792/21/1484
f  790/19/1482 793/401/1485 791/400/1483
f  791/400/1483 793/401/1485 794/402/1486
f  791/400/1483 794/402/1486 792/21/1484
f  792/21/1484 794/402/1486 795/403/1487
f  793/401/1488 796/25/1489 794/402/1490
f  794/402/1490 796/25/1489 797/404/1491
f  794/402/1490 797/404/1491 795/403/1492
f  795/403/1492 797/404/1491 798/27/1493
f  796/25/1494 799/405/1495 797/404/1496
f  797/404/1496 799/405/1495 800/406/1497
f  797/404/1496 800/406/1497 798/27/1498
f  798/27/1498 800/406/1497 801/407/1499
f  799/405/1495 802/408/1500 800/406/1497
f  800/406/1497 802/408/1500 801/407/1499
f  803/1/1501 806/388/1502 804/389/1503
f  804/389/1503 806/388/1502 807/390/1504
f  804/389/1503 807/390/1504 805/4/1505
f  805/4/1505 807/390/1504 808/391/1506
f  806/388/1502 809/2/1507 807/390/1504
f  807/390/1504 809/2/1507 810/392/1508
f  807/390/1504 810/392/1508 808/391/1506
f  808/391/1506 810/392/1508 811/6/1509
f  809/2/1507 812/393/1510 810/392/1508
f  810/392/1508 812/393/1510 813/394/1511
f  810/392/1508 813/394/1511 811/6/1509
f  811/6/1509 813/394/1511 814/395/1512
f  812/393/1510 815/13/1513 813/394/1511
f  813/394/1511 815/13/1513 816/396/1514
f  813/394/1511 816/396/1514 814/395/1512
f  814/395/1512 816/396/1514 817/15/1515
f  815/13/1513 818/397/1516 816/396/1514
f  816/396/1514 818/397/1516 819/398/1517
f  816/396/1514 819/398/1517 817/15/1515
f  817/15/1515 819/398/1517 820/399/1518
f  818/397/1516 821/19/1519 819/398/1517
f  819/398/1517 821/19/1519 822/400/1520
f  819/398/1517 822/400/1520 820/399/1518
f  820/399/1518 822/400/1520 823/21/1521
f  821/19/1519 824/401/1522 822/400/1520
f  822/400/1520 824/401/1522 825/402/1523
f  822/400/1520 825/402/1523 823/21/1521
f  823/21/1521 825/402/1523 826/403/1524
f  824/401/1525 827/25/1526 825/402/1527
f  825/402/1527 827/25/1526 828/404/1528
f  825/402/1527 828/404/1528 826/403/1529
f  826/403/1529 828/404/1528 829/27/1530
f  827/25/1531 830/405/1532 828/404/1533
f  828/404/1533 830/405/1532 831/406/1534
f  828/404/1533 831/406/1534 829/27/1535
f  829/27/1535 831/406/1534 832/407/1536
f  830/405/1532 833/408/1537 831/406/1534
f  831/406/1534 833/408/1537 832/407/1536
f  834/1/1538 837/388/1539 835/389/1540
f  835/389/1540 837/388/1539 838/390/1541
f  835/389/1540 838/390/1541 836/4/1542
f  836/4/1542 838/390/1541 839/391/1543
f  837/388/1539 840/2/1544 838/390/1541
f  838/390/1541 840/2/1544 841/392/1545
f  838/390/1541 841/392/1545 839/391/1543
f  839/391/1543 841/392/1545 842/6/1546
f  840/2/1544 843/393/1547 841/392/1545
f  841/392/1545 843/393/1547 844/394/1548
f  841/392/1545 844/394/1548 842/6/1546
f  842/6/1546 844/394/1548 845/395/1549
f  843/393/1547 846/13/1550 844/394/1548
f  844/394/1548 846/13/1550 847/396/1551
f  844/394/1548 847/396/1551 845/395/1549
f  845/395/1549 847/396/1551 848/15/1552
f  846/13/1550 849/397/1553 847/396/1551
f  847/396/1551 849/397/1553 850/398/1554
f  847/396/1551 850/398/1554 848/15/1552
f  848/15/1552 850/398/1554 851/399/1555
f  849/397/1553 852/19/1556 850/398/1554
f  850/398/1554 852/19/1556 853/400/1557
f  850/398/1554 853/400/1557 851/399/1555
f  851/399/1555 853/400/1557 854/21/1558
f  852/19/1556 855/401/1559 853/400/1557
f  853/400/1557 855/401/1559 856/402/1560
f  853/400/1557 856/402/1560 854/21/1558
f  854/21/1558 856/402/1560 857/403/1561
f  855/401/1562 858/25/1563 856/402/1564
f  856/402/1564 858/25/1563 859/404/1565
f  856/402/1564 859/404/1565 857/403/1566
f  857/403/1566 859/404/1565 860/27/1567
f  858/25/1568 861/405/1569 859/404/1570
f  859/404/1570 861/405/1569 862/406/1571
f  859/404/1570 862/406/1571 860/27/1572
f  860/27/1572 862/406/1571 863/407/1573
f  861/405/1569 864/408/1574 862/406/1571
f  862/406/1571 864/408/1574 863/407/1573
f  865/1/1575 868/388/1576 866/389/1577
f  866/389/1577 868/388/1576 869/390/1578
f  866/389/1577 869/390/1578 867/4/1579
f  867/4/1579 869/390/1578 870/391/1580
f  868/388/1576 871/2/1581 869/390/1578
f  869/390/1578 871/2/1581 872/392/1582
f  869/390/1578 872/392/1582 870/391/1580
f  870/391/1580 872/392/1582 873/6/1583
f  871/2/1581 874/393/1584 872/392/1582
f  872/392/1582 874/393/1584 875/394/1585
f  872/392/1582 875/394/1585 873/6/1583
f  873/6/1583 875/394/1585 876/395/1586
f  874/393/1584 877/13/1587 875/394/1585
f  875/394/1585 877/13/1587 878/396/1588
f  875/394/1585 878/396/1588 876/395/1586
f  876/395/1586 878/396/1588 879/15/1589
f  877/13/1587 880/397/1590 878/396/1588
f  878/396/1588 880/397/1590 881/398/1591
f  878/396/1588 881/398/1591 879/15/1589
f  879/15/1589 881/398/1591 882/399/1592
f  880/397/1590 883/19/1593 881/398/1591
f  881/398/1591 883/19/1593 884/400/1594
f  881/398/1591 884/400/1594 882/399/1592
f  882/399/1592 884/400/1594 885/21/1595
f  883/19/1593 886/401/1596 884/400/1594
f  884/400/1594 886/401/1596 887/402/1597
f  884/400/1594 887/402/1597 885/21/1595
f  885/21/1595 887/402/1597 888/403/1598
f  886/401/1599 889/25/1600 887/402/1601
f  887/402/1601 889/25/1600 890/404/1602
f  887/402/1601 890/404/1602 888/403/1603
f  888/403/1603 890/404/1602 891/27/1604
f  889/25/1605 892/405/1606 890/404/1607
f  890/404/1607 892/405/1606 893/406/1608
f  890/404/1607 893/406/1608 891/27/1609
f  891/27/1609 893/406/1608 894/407/1610
f  892/405/1606 895/408/1611 893/406/1608
f  893/406/1608 895/408/1611 894/407/1610
f  896/1/1612 899/388/1613 897/389/1614
f  897/389/1614 899/388/1613 900/390/1615
f  897/389/1614 900/390/1615 898/4/1616
f  898/4/1616 900/390/1615 901/391/1617
f  899/388/1613 902/2/1618 900/390/1615
f  900/390/1615 902/2/1618 903/392/1619
f  900/390/1615 903/392/1619 901/391/1617
f  901/391/1617 903/392/1619 904/6/1620
f  902/2/1618 905/393/1621 903/392/1619
f  903/392/1619 905/393/1621 906/394/1622
f  903/392/1619 906/394/1622 904/6/1620
f  904/6/1620 906/394/1622 907/395/1623
f  905/393/1621 908/13/1624 906/394/1622
f  906/394/1622 908/13/1624 909/396/1625
f  906/394/1622 909/396/1625 907/395/1623
f  907/395/1623 909/396/1625 910/15/1626
f  908/13/1624 911/397/1627 909/396/1625
f  909/396/1625 911/397/1627 912/398/1628
f  909/396/1625 912/398/1628 910/15/1626
f  910/15/1626 912/398/1628 913/399/1629
f  911/397/1627 914/19/1630 912/398/1628
f  912/398/1628 914/19/1630 915/400/1631
f  912/398/1628 915/400/1631 913/399/1629
f  913/399/1629 915/400/1631 916/21/1632
f  914/19/1630 917/401/1633 915/400/1631
f  915/400/1631 917/401/1633 918/402/1634
f  915/400/1631 918/402/1634 916/21/1632
f  916/21/1632 918/402/1634 919/403/1635
f  917/401/1636 920/25/1637 918/402/1638
f  918/402/1638 920/25/1637 921/404/1639
f  918/402/1638 921/404/1639 919/403/1640
f  919/403/1640 921/404/1639 922/27/1641
f  920/25/1642 923/405/1643 921/404/1644
f  921/404/1644 923/405/1643 924/406/1645
f  921/404/1644 924/406/1645 922/27/1646
f  922/27/1646 924/406/1645 925/407/1647
f  923/405/1643 926/408/1648 924/406/1645
f  924/406/1645 926/408/1648 925/407/1647
f  927/1/1649 930/388/1650 928/389/1651
f  928/389/1651 930/388/1650 931/390/1652
f  928/389/1651 931/390/1652 929/4/1653
f  929/4/1653 931/390/1652 932/391/1654
f  930/388/1650 933/2/1655 931/390/1652
f  931/390/1652 933/2/1655 934/392/1656
f  931/390/1652 934/392/1656 932/391/1654
f  932/391/1654 934/392/1656 935/6/1657
f  933/2/1655 936/393/1658 934/392/1656
f  934/392/1656 936/393/1658 937/394/1659
f  934/392/1656 937/394/1659 935/6/1657
f  935/6/1657 937/394/1659 938/395/1660
f  936/393/1658 939/13/1661 937/394/1659
f  937/394/1659 939/13/1661 940/396/1662
f  937/394/1659 940/396/1662 938/395/1660
f  938/395/1660 940/396/1662 941/15/1663
f  939/13/1661 942/397/1664 940/396/1662
f  940/396/1662 942/397/1664 943/398/1665
f  940/396/1662 943/398/1665 941/15/1663
f  941/15/1663 943/398/1665 944/399/1666
f  942/397/1664 945/19/1667 943/398/1665
f  943/398/1665 945/19/1667 946/400/1668
f  943/398/1665 946/400/1668 944/399/1666
f  944/399/1666 946/400/1668 947/21/1669
f  945/19/1667 948/401/1670 946/400/1668
f  946/400/1668 948/401/1670 949/402/1671
f  946/400/1668 949/402/1671 947/21/1669
f  947/21/1669 949/402/1671 950/403/1672
f  948/401/1673 951/25/1674 949/402/1675
f  949/402/1675 951/25/1674 952/404/1676
f  949/402/1675 952/404/1676 950/403/1677
f  950/403/1677 952/404/1676 953/27/1678
f  951/25/1679 954/405/1680 952/404/1681
f  952/404/1681 954/405/1680 955/406/1682
f  952/404/1681 955/406/1682 953/27/1683
f  953/27/1683 955/406/1682 956/407/1684
f  954/405/1680 957/408/1685 955/406/1682
f  955/406/1682 957/408/1685 956/407/1684
f  958/1/1686 961/388/1687 959/389/1688
f  959/389/1688 961/388/1687 962/390/1689
f  959/389/1688 962/390/1689 960/4/1690
f  960/4/1690 962/390/1689 963/391/1691
f  961/388/1687 964/2/1692 962/390/1689
f  962/390/1689 964/2/1692 965/392/1693
f  962/390/1689 965/392/1693 963/391/1691
f  963/391/1691 965/392/1693 966/6/1694
f  964/2/1692 967/393/1695 965/392/1693
f  965/392/1693 967/393/1695 968/394/1696
f  965/392/1693 968/394/1696 966/6/1694
f  966/6/1694 968/394/1696 969/395/1697
f  967/393/1695 970/13/1698 968/394/1696
f  968/394/1696 970/13/1698 971/396/1699
f  968/394/1696 971/396/1699 969/395/1697
f  969/395/1697 971/396/1699 972/15/1700
f  970/13/1698 973/397/1701 971/396/1699
f  971/396/1699 973/397/1701 974/398/1702
f  971/396/1699 974/398/1702 972/15/1700
f  972/15/1700 974/398/1702 975/399/1703
f  973/397/1701 976/19/1704 974/398/1702
f  974/398/1702 976/19/1704 977/400/1705
f  974/398/1702 977/400/1705 975/399/1703
f  975/399/1703 977/400/1705 978/21/1706
f  976/19/1704 979/401/1707 977/400/1705
f  977/400/1705 979/401/1707 980/402/1708
f  977/400/1705 980/402/1708 978/21/1706
f  978/21/1706 980/402/1708 981/403/1709
f  979/401/1710 982/25/1711 980/402/1712
f  980/402/1712 982/25/1711 983/404/1713
f  980/402/1712 983/404/1713 981/403/1714
f  981/403/1714 983/404/1713 984/27/1715
f  982/25/1716 985/405/1717 983/404/1718
f  983/404/1718 985/405/1717 986/406/1719
f  983/404/1718 986/406/1719 984/27/1720
f  984/27/1720 986/406/1719 987/407/1721
f  985/405/1717 988/408/1722 986/406/1719
f  986/406/1719 988/408/1722 987/407/1721
f  989/1/1723 992/388/1724 990/389/1725
f  990/389/1725 992/388/1724 993/390/1726
f  990/389/1725 993/390/1726 991/4/1727
f  991/4/1727 993/390/1726 994/391/1728
f  992/388/1724 995/2/1729 993/390/1726
f  993/390/1726 995/2/1729 996/392/1730
f  993/390/1726 996/392/1730 994/391/1728
f  994/391/1728 996/392/1730 997/6/1731
f  995/2/1729 998/393/1732 996/392/1730
f  996/392/1730 998/393/1732 999/394/1733
f  996/392/1730 999/394/1733 997/6/1731
f  997/6/1731 999/394/1733 1000/395/1734
f  998/393/1732 1001/13/1735 999/394/1733
f  999/394/1733 1001/13/1735 1002/396/1736
f  999/394/1733 1002/396/1736 1000/395/1734
f  1000/395/1734 1002/396/1736 1003/15/1737
f  1001/13/1735 1004/397/1738 1002/396/1736
f  1002/396/1736 1004/397/1738 1005/398/1739
f  1002/396/1736 1005/398/1739 1003/15/1737
f  1003/15/1737 1005/398/1739 1006/399/1740
f  1004/397/1738 1007/19/1741 1005/398/1739
f  1005/398/1739 1007/19/1741 1008/400/1742
f  1005/398/1739 1008/400/1742 1006/399/1740
f  1006/399/1740 1008/400/1742 1009/21/1743
f  1007/19/1741 1010/401/1744 1008/400/1742
f  1008/400/1742 1010/401/1744 1011/402/1745
f  1008/400/1742 1011/402/1745 1009/21/1743
f  1009/21/1743 1011/402/1745 1012/403/1746
f  1010/401/1747 1013/25/1748 1011/402/1749
f  1011/402/1749 1013/25/1748 1014/404/1750
f  1011/402/1749 1014/404/1750 1012/403/1751
f  1012/403/1751 1014/404/1750 1015/27/1752
f  1013/25/1753 1016/405/1754 1014/404/1755
f  1014/404/1755 1016/405/1754 1017/406/1756
f  1014/404/1755 1017/406/1756 1015/27/1757
f  1015/27/1757 1017/406/1756 1018/407/1758
f  1016/405/1754 1019/408/1759 1017/406/1756
f  1017/406/1756 1019/408/1759 1018/407/1758
f  1020/1/1760 1023/388/1761 1021/389/1762
f  1021/389/1762 1023/388/1761 1024/390/1763
f  1021/389/1762 1024/390/1763 1022/4/1764
f  1022/4/1764 1024/390/1763 1025/391/1765
f  1023/388/1761 1026/2/1766 1024/390/1763
f  1024/390/1763 1026/2/1766 1027/392/1767
f  1024/390/1763 1027/392/1767 1025/391/1765
f  1025/391/1765 1027/392/1767 1028/6/1768
f  1026/2/1766 1029/393/1769 1027/392/1767
f  1027/392/1767 1029/393/1769 1030/394/1770
f  1027/392/1767 1030/394/1770 1028/6/1768
f  1028/6/1768 1030/394/1770 1031/395/1771
f  1029/393/1769 1032/13/1772 1030/394/1770
f  1030/394/1770 1032/13/1772 1033/396/1773
f  1030/394/1770 1033/396/1773 1031/395/1771
f  1031/395/1771 1033/396/1773 1034/15/1774
f  1032/13/1772 1035/397/1775 1033/396/1773
f  1033/396/1773 1035/397/1775 1036/398/1776
f  1033/396/1773 1036/398/1776 1034/15/1774
f  1034/15/1774 1036/398/1776 1037/399/1777
f  1035/397/1775 1038/19/1778 1036/398/1776
f  1036/398/1776 1038/19/1778 1039/400/1779
f  1036/398/1776 1039/400/1779 1037/399/1777
f  1037/399/1777 1039/400/1779 1040/21/1780
f  1038/19/1778 1041/401/1781 1039/400/1779
f  1039/400/1779 1041/401/1781 1042/402/1782
f  1039/400/1779 1042/402/1782 1040/21/1780
f  1040/21/1780 1042/402/1782 1043/403/1783
f  1041/401/1781 1044/25/1784 1042/402/1782
f  1042/402/1782 1044/25/1784 1045/404/1785
f  1042/402/1782 1045/404/1785 1043/403/1783
f  1043/403/1783 1045/404/1785 1046/27/1786
f  1044/25/1784 1047/405/1787 1045/404/1785
f  1045/404/1785 1047/405/1787 1048/406/1788
f  1045/404/1785 1048/406/1788 1046/27/1786
f  1046/27/1786 1048/406/1788 1049/407/1789
f  1047/405/1787 1050/408/1790 1048/406/1788
f  1048/406/1788 1050/408/1790 1049/407/1789
f  1051/1/1791 1054/388/1792 1052/389/1793
f  1052/389/1793 1054/388/1792 1055/390/1794
f  1052/389/1793 1055/390/1794 1053/4/1795
f  1053/4/1795 1055/390/1794 1056/391/1796
f  1054/388/1792 1057/2/1797 1055/390/1794
f  1055/390/1794 1057/2/1797 1058/392/1798
f  1055/390/1794 1058/392/1798 1056/391/1796
f  1056/391/1796 1058/392/1798 1059/6/1799
f  1057/2/1797 1060/393/1800 1058/392/1798
f  1058/392/1798 1060/393/1800 1061/394/1801
f  1058/392/1798 1061/394/1801 1059/6/1799
f  1059/6/1799 1061/394/1801 1062/395/1802
f  1060/393/1800 1063/13/1803 1061/394/1801
f  1061/394/1801 1063/13/1803 1064/396/1804
f  1061/394/1801 1064/396/1804 1062/395/1802
f  1062/395/1802 1064/396/1804 1065/15/1805
f  1063/13/1803 1066/397/1806 1064/396/1804
f  1064/396/1804 1066/397/1806 1067/398/1807
f  1064/396/1804 1067/398/1807 1065/15/1805
f  1065/15/1805 1067/398/1807 1068/399/1808
f  1066/397/1806 1069/19/1809 1067/398/1807
f  1067/398/1807 1069/19/1809 1070/400/1810
f  1067/398/1807 1070/400/1810 1068/399/1808
f  1068/399/1808 1070/400/1810 1071/21/1811
f  1069/19/1809 1072/401/1812 1070/400/1810
f  1070/400/1810 1072/401/1812 1073/402/1813
f  1070/400/1810 1073/402/1813 1071/21/1811
f  1071/21/1811 1073/402/1813 1074/403/1814
f  1072/401/1812 1075/25/1815 1073/402/1813
f  1073/402/1813 1075/25/1815 1076/404/1816
f  1073/402/1813 1076/404/1816 1074/403/1814
f  1074/403/1814 1076/404/1816 1077/27/1817
f  1075/25/1815 1078/405/1818 1076/404/1816
f  1076/404/1816 1078/405/1818 1079/406/1819
f  1076/404/1816 1079/406/1819 1077/27/1817
f  1077/27/1817 1079/406/1819 1080/407/1820
f  1078/405/1818 1081/408/1821 1079/406/1819
f  1079/406/1819 1081/408/1821 1080/407/1820
f  1082/1/1822 1085/388/1823 1083/389/1824
f  1083/389/1824 1085/388/1823 1086/390/1825
f  1083/389/1824 1086/390/1825 1084/4/1826
f  1084/4/1826 1086/390/1825 1087/391/1827
f  1085/388/1823 1088/2/1828 1086/390/1825
f  1086/390/1825 1088/2/1828 1089/392/1829
f  1086/390/1825 1089/392/1829 1087/391/1827
f  1087/391/1827 1089/392/1829 1090/6/1830
f  1088/2/1828 1091/393/1831 1089/392/1829
f  1089/392/1829 1091/393/1831 1092/394/1832
f  1089/392/1829 1092/394/1832 1090/6/1830
f  1090/6/1830 1092/394/1832 1093/395/1833
f  1091/393/1831 1094/13/1834 1092/394/1832
f  1092/394/1832 1094/13/1834 1095/396/1835
f  1092/394/1832 1095/396/1835 1093/395/1833
f  1093/395/1833 1095/396/1835 1096/15/1836
f  1094/13/1834 1097/397/1837 1095/396/1835
f  1095/396/1835 1097/397/1837 1098/398/1838
f  1095/396/1835 1098/398/1838 1096/15/1836
f  1096/15/1836 1098/398/1838 1099/399/1839
f  1097/397/1837 1100/19/1840 1098/398/1838
f  1098/398/1838 1100/19/1840 1101/400/1841
f  1098/398/1838 1101/400/1841 1099/399/1839
f  1099/399/1839 1101/400/1841 1102/21/1842
f  1100/19/1840 1103/401/1843 1101/400/1841
f  1101/400/1841 1103/401/1843 1104/402/1844
f  1101/400/1841 1104/402/1844 1102/21/1842
f  1102/21/1842 1104/402/1844 1105/403/1845
f  1103/401/1843 1106/25/1846 1104/402/1844
f  1104/402/1844 1106/25/1846 1107/404/1847
f  1104/402/1844 1107/404/1847 1105/403/1845
f  1105/403/1845 1107/404/1847 1108/27/1848
f  1106/25/1846 1109/405/1849 1107/404/1847
f  1107/404/1847 1109/405/1849 1110/406/1850
f  1107/404/1847 1110/406/1850 1108/27/1848
f  1108/27/1848 1110/406/1850 1111/407/1851
f  1109/405/1849 1112/408/1852 1110/406/1850
f  1110/406/1850 1112/408/1852 1111/407/1851
f  1113/1/1853 1116/388/1854 1114/389/1855
f  1114/389/1855 1116/388/1854 1117/390/1856
f  1114/389/1855 1117/390/1856 1115/4/1857
f  1115/4/1857 1117/390/1856 1118/391/1858
f  1116/388/1854 1119/2/1859 1117/390/1856
f  1117/390/1856 1119/2/1859 1120/392/1860
f  1117/390/1856 1120/392/1860 1118/391/1858
f  1118/391/1858 1120/392/1860 1121/6/1861
f  1119/2/1859 1122/393/1862 1120/392/1860
f  1120/392/1860 1122/393/1862 1123/394/1863
f  1120/392/1860 1123/394/1863 1121/6/1861
f  1121/6/1861 1123/394/1863 1124/395/1864
f  1122/393/1862 1125/13/1865 1123/394/1863
f  1123/394/1863 1125/13/1865 1126/396/1866
f  1123/394/1863 1126/396/1866 1124/395/1864
f  1124/395/1864 1126/396/1866 1127/15/1867
f  1125/13/1865 1128/397/1868 1126/396/1866
f  1126/396/1866 1128/397/1868 1129/398/1869
f  1126/396/1866 1129/398/1869 1127/15/1867
f  1127/15/1867 1129/398/1869 1130/399/1870
f  1128/397/1868 1131/19/1871 1129/398/1869
f  1129/398/1869 1131/19/1871 1132/400/1872
f  1129/398/1869 1132/400/1872 1130/399/1870
f  1130/399/1870 1132/400/1872 1133/21/1873
f  1131/19/1871 1134/401/1874 1132/400/1872
f  1132/400/1872 1134/401/1874 1135/402/1875
f  1132/400/1872 1135/402/1875 1133/21/1873
f  1133/21/1873 1135/402/1875 1136/403/1876
f  1134/401/1874 1137/25/1877 1135/402/1875
f  1135/402/1875 1137/25/1877 1138/404/1878
f  1135/402/1875 1138/404/1878 1136/403/1876
f  1136/403/1876 1138/404/1878 1139/27/1879
f  1137/25/1877 1140/405/1880 1138/404/1878
f  1138/404/1878 1140/405/1880 1141/406/1881
f  1138/404/1878 1141/406/1881 1139/27/1879
f  1139/27/1879 1141/406/1881 1142/407/1882
f  1140/405/1880 1143/408/1883 1141/406/1881
f  1141/406/1881 1143/408/1883 1142/407/1882
f  1144/1/1884 1147/388/1885 1145/389/1886
f  1145/389/1886 1147/388/1885 1148/390/1887
f  1145/389/1886 1148/390/1887 1146/4/1888
f  1146/4/1888 1148/390/1887 1149/391/1889
f  1147/388/1885 1150/2/1890 1148/390/1887
f  1148/390/1887 1150/2/1890 1151/392/1891
f  1148/390/1887 1151/392/1891 1149/391/1889
f  1149/391/1889 1151/392/1891 1152/6/1892
f  1150/2/1890 1153/393/1893 1151/392/1891
f  1151/392/1891 1153/393/1893 1154/394/1894
f  1151/392/1891 1154/394/1894 1152/6/1892
f  1152/6/1892 1154/394/1894 1155/395/1895
f  1153/393/1893 1156/13/1896 1154/394/1894
f  1154/394/1894 1156/13/1896 1157/396/1897
f  1154/394/1894 1157/396/1897 1155/395/1895
f  1155/395/1895 1157/396/1897 1158/15/1898
f  1156/13/1896 1159/397/1899 1157/396/1897
f  1157/396/1897 1159/397/1899 1160/398/1900
f  1157/396/1897 1160/398/1900 1158/15/1898
f  1158/15/1898 1160/398/1900 1161/399/1901
f  1159/397/1899 1162/19/1902 1160/398/1900
f  1160/398/1900 1162/19/1902 1163/400/1903
f  1160/398/1900 1163/400/1903 1161/399/1901
f  1161/399/1901 1163/400/1903 1164/21/1904
f  1162/19/1902 1165/401/1905 1163/400/1903
f  1163/400/1903 1165/401/1905 1166/402/1906
f  1163/400/1903 1166/402/1906 1164/21/1904
f  1164/21/1904 1166/402/1906 1167/403/1907
f  1165/401/1905 1168/25/1908 1166/402/1906
f  1166/402/1906 1168/25/1908 1169/404/1909
f  1166/402/1906 1169/404/1909 1167/403/1907
f  1167/403/1907 1169/404/1909 1170/27/1910
f  1168/25/1908 1171/405/1911 1169/404/1909
f  1169/404/1909 1171/405/1911 1172/406/1912
f  1169/404/1909 1172/406/1912 1170/27/1910
f  1170/27/1910 1172/406/1912 1173/407/1913
f  1171/405/1911 1174/408/1914 1172/406/1912
f  1172/406/1912 1174/408/1914 1173/407/1913
f  1175/1/1915 1178/388/1916 1176/389/1917
f  1176/389/1917 1178/388/1916 1179/390/1918
f  1176/389/1917 1179/390/1918 1177/4/1919
f  1177/4/1919 1179/390/1918 1180/391/1920
f  1178/388/1916 1181/2/1921 1179/390/1918
f  1179/390/1918 1181/2/1921 1182/392/1922
f  1179/390/1918 1182/392/1922 1180/391/1920
f  1180/391/1920 1182/392/1922 1183/6/1923
f  1181/2/1921 1184/393/1924 1182/392/1922
f  1182/392/1922 1184/393/1924 1185/394/1925
f  1182/392/1922 1185/394/1925 1183/6/1923
f  1183/6/1923 1185/394/1925 1186/395/1926
f  1184/393/1924 1187/13/1927 1185/394/1925
f  1185/394/1925 1187/13/1927 1188/396/1928
f  1185/394/1925 1188/396/1928 1186/395/1926
f  1186/395/1926 1188/396/1928 1189/15/1929
f  1187/13/1927 1190/397/1930 1188/396/1928
f  1188/396/1928 1190/397/1930 1191/398/1931
f  1188/396/1928 1191/398/1931 1189/15/1929
f  1189/15/1929 1191/398/1931 1192/399/1932
f  1190/397/1930 1193/19/1933 1191/398/1931
f  1191/398/1931 1193/19/1933 1194/400/1934
f  1191/398/1931 1194/400/1934 1192/399/1932
f  1192/399/1932 1194/400/1934 1195/21/1935
f  1193/19/1933 1196/401/1936 1194/400/1934
f  1194/400/1934 1196/401/1936 1197/402/1937
f  1194/400/1934 1197/402/1937 1195/21/1935
f  1195/21/1935 1197/402/1937 1198/403/1938
f  1196/401/1936 1199/25/1939 1197/402/1937
f  1197/402/1937 1199/25/1939 1200/404/1940
f  1197/402/1937 1200/404/1940 1198/403/1938
f  1198/403/1938 1200/404/1940 1201/27/1941
f  1199/25/1939 1202/405/1942 1200/404/1940
f  1200/404/1940 1202/405/1942 1203/406/1943
f  1200/404/1940 1203/406/1943 1201/27/1941
f  1201/27/1941 1203/406/1943 1204/407/1944
f  1202/405/1945 1205/408/1946 1203/406/1946
f  1203/406/1946 1205/408/1946 1204/407/1947
f  1206/1/1948 1209/388/1949 1207/389/1950
f  1207/389/1950 1209/388/1949 1210/390/1951
f  1207/389/1950 1210/390/1951 1208/4/1952
f  1208/4/1952 1210/390/1951 1211/391/1953
f  1209/388/1949 1212/2/1954 1210/390/1951
f  1210/390/1951 1212/2/1954 1213/392/1955
f  1210/390/1951 1213/392/1955 1211/391/1953
f  1211/391/1953 1213/392/1955 1214/6/1956
f  1212/2/1954 1215/393/1957 1213/392/1955
f  1213/392/1955 1215/393/1957 1216/394/1958
f  1213/392/1955 1216/394/1958 1214/6/1956
f  1214/6/1956 1216/394/1958 1217/395/1959
f  1215/393/1957 1218/13/1960 1216/394/1958
f  1216/394/1958 1218/13/1960 1219/396/1961
f  1216/394/1958 1219/396/1961 1217/395/1959
f  1217/395/1959 1219/396/1961 1220/15/1962
f  1218/13/1960 1221/397/1963 1219/396/1961
f  1219/396/1961 1221/397/1963 1222/398/1964
f  1219/396/1961 1222/398/1964 1220/15/1962
f  1220/15/1962 1222/398/1964 1223/399/1965
f  1221/397/1963 1224/19/1966 1222/398/1964
f  1222/398/1964 1224/19/1966 1225/400/1967
f  1222/398/1964 1225/400/1967 1223/399/1965
f  1223/399/1965 1225/400/1967 1226/21/1968
f  1224/19/1966 1227/401/1969 1225/400/1967
f  1225/400/1967 1227/401/1969 1228/402/1970
f  1225/400/1967 1228/402/1970 1226/21/1968
f  1226/21/1968 1228/402/1970 1229/403/1971
f  1227/401/1969 1230/25/1972 1228/402/1970
f  1228/402/1970 1230/25/1972 1231/404/1973
f  1228/402/1970 1231/404/1973 1229/403/1971
f  1229/403/1971 1231/404/1973 1232/27/1974
f  1230/25/1972 1233/405/1975 1231/404/1973
f  1231/404/1973 1233/405/1975 1234/406/1976
f  1231/404/1973 1234/406/1976 1232/27/1974
f  1232/27/1974 1234/406/1976 1235/407/1977
f  1233/405/1975 1236/408/1978 1234/406/1976
f  1234/406/1976 1236/408/1978 1235/407/1977
f  1237/1/1979 1240/388/1980 1238/389/1981
f  1238/389/1981 1240/388/1980 1241/390/1982
f  1238/389/1981 1241/390/1982 1239/4/1983
f  1239/4/1983 1241/390/1982 1242/391/1984
f  1240/388/1980 1243/2/1985 1241/390/1982
f  1241/390/1982 1243/2/1985 1244/392/1986
f  1241/390/1982 1244/392/1986 1242/391/1984
f  1242/391/1984 1244/392/1986 1245/6/1987
f  1243/2/1985 1246/393/1988 1244/392/1986
f  1244/392/1986 1246/393/1988 1247/394/1989
f  1244/392/1986 1247/394/1989 1245/6/1987
f  1245/6/1987 1247/394/1989 1248/395/1990
f  1246/393/1988 1249/13/1991 1247/394/1989
f  1247/394/1989 1249/13/1991 1250/396/1992
f  1247/394/1989 1250/396/1992 1248/395/1990
f  1248/395/1990 1250/396/1992 1251/15/1993
f  1249/13/1991 1252/397/1994 1250/396/1992
f  1250/396/1992 1252/397/1994 1253/398/1995
f  1250/396/1992 1253/398/1995 1251/15/1993
f  1251/15/1993 1253/398/1995 1254/399/1996
f  1252/397/1994 1255/19/1997 1253/398/1995
f  1253/398/1995 1255/19/1997 1256/400/1998
f  1253/398/1995 1256/400/1998 1254/399/1996
f  1254/399/1996 1256/400/1998 1257/21/1999
f  1255/19/1997 1258/401/2000 1256/400/1998
f  1256/400/1998 1258/401/2000 1259/402/2001
f  1256/400/1998 1259/402/2001 1257/21/1999
f  1257/21/1999 1259/402/2001 1260/403/2002
f  1258/401/2000 1261/25/2003 1259/402/2001
f  1259/402/2001 1261/25/2003 1262/404/2004
f  1259/402/2001 1262/404/2004 1260/403/2002
f  1260/403/2002 1262/404/2004 1263/27/2005
f  1261/25/2003 1264/405/2006 1262/404/2004
f  1262/404/2004 1264/405/2006 1265/406/2007
f  1262/404/2004 1265/406/2007 1263/27/2005
f  1263/27/2005 1265/406/2007 1266/407/2008
f  1264/405/2009 1267/408/2010 1265/406/2010
f  1265/406/2010 1267/408/2010 1266/407/2011
