# 
# Wavefront OBJ file
# Converted by the DEEP Exploration 3.5.9.1158
# Right Hemisphere, LTD
# http://www.righthemisphere.com/
# 
mtllib GC09_2.mtl
# object GC09_2
g GC09_2
v 0.02275 1.39299e-018 0
v -9.94434e-010 -0.02275 0
v -0.02275 1.98887e-009 0
v 2.9833e-009 0.02275 0
v 0.0211291 1.29374e-018 0.223472
v -9.23582e-010 -0.0211291 0.223472
v -0.0211291 1.84716e-009 0.223472
v 2.77075e-009 0.0211291 0.223472
v 0.0197081 -1.9393e-005 0.448152
v 8.70644e-005 -0.0196685 0.445208
v -0.0197081 1.93947e-005 0.445735
v -8.70626e-005 0.0196685 0.448679
v -0.0260237 -0.0625419 0.932249
v -0.0432429 -0.08 0.92896
v -0.060777 -0.0625622 0.928197
v -0.0435578 -0.0451041 0.931486
v -0.0712284 -0.0551219 1.20015
v -0.0875302 -0.0715632 1.19792
v -0.103685 -0.0551219 1.19479
v -0.0873835 -0.0386807 1.19703
v -0.116057 -0.0476917 1.46583
v -0.131539 -0.0631839 1.46507
v -0.146969 -0.0476917 1.4636
v -0.131488 -0.0321996 1.46436
v -0.112955 -0.0424147 1.75202
v -0.1275 -0.0569622 1.75249
v -0.142053 -0.0424147 1.75243
v -0.127508 -0.0278671 1.75196
v -0.109872 -0.0371292 2.04
v -0.123479 -0.0507582 2.03936
v -0.137118 -0.037146 2.03947
v -0.12351 -0.023517 2.04011
v -0.122964 -0.0545012 2.19099
v -0.135925 -0.0675471 2.1884
v -0.149137 -0.0545012 2.1888
v -0.136176 -0.0414553 2.19139
v -0.136024 -0.0718648 2.34111
v -0.148486 -0.0844079 2.33862
v -0.161188 -0.0718648 2.33901
v -0.148726 -0.0593217 2.3415
v -0.149103 -0.0892284 2.49123
v -0.161046 -0.10125 2.48884
v -0.17322 -0.0892284 2.48921
v -0.161277 -0.0772071 2.4916
v -0.162207 -0.106592 2.64135
v -0.173607 -0.118066 2.63907
v -0.185227 -0.106592 2.63942
v -0.173827 -0.0951179 2.6417
v -0.173657 -0.118119 2.63966
v -0.185145 -0.106547 2.63871
v -0.173778 -0.0950649 2.64111
v -0.162289 -0.106637 2.64206
v -0.184944 -0.133292 2.77466
v -0.196001 -0.122155 2.77375
v -0.185061 -0.111105 2.77605
v -0.174004 -0.122242 2.77696
v -0.215179 -0.134638 2.9233
v -0.225118 -0.124604 2.92194
v -0.215191 -0.114573 2.92341
v -0.205252 -0.124607 2.92477
v -0.218289 -0.131853 3.00938
v -0.226659 -0.123464 3.00896
v -0.21827 -0.115085 3.00916
v -0.2099 -0.123474 3.00957
v -0.221324 -0.128455 3.09459
v -0.227495 -0.122324 3.09457
v -0.221422 -0.116209 3.09576
v -0.215252 -0.122341 3.09578
v -0.235705 -0.141136 3.20931
v -0.238175 -0.138644 3.20917
v -0.23573 -0.136189 3.20975
v -0.23326 -0.138681 3.20989
v -0.235477 -0.142963 3.21256
v -0.237243 -0.141335 3.21309
v -0.235536 -0.139711 3.21379
v -0.233771 -0.14134 3.21327
v -0.232685 -0.135341 3.21318
v -0.232559 -0.137735 3.21349
v -0.234954 -0.13782 3.21381
v -0.23508 -0.135426 3.2135
v -0.222799 -0.124295 3.10245
v -0.223777 -0.120804 3.1023
v -0.220283 -0.119823 3.10234
v -0.219305 -0.123315 3.1025
v -0.214633 -0.124306 2.9331
v -0.217132 -0.128103 2.93227
v -0.220806 -0.125471 2.9313
v -0.218307 -0.121674 2.93214
v -0.187407 -0.122228 2.78625
v -0.182161 -0.121639 2.78613
v -0.181613 -0.126759 2.78496
v -0.18686 -0.127348 2.78508
v -0.236516 -0.144252 3.20916
v -0.235709 -0.144253 3.2092
v -0.234901 -0.144254 3.20924
v -0.236457 -0.143851 3.20843
v -0.235674 -0.143711 3.20855
v -0.234892 -0.143571 3.20867
v -0.236432 -0.143248 3.2076
v -0.23565 -0.143085 3.20771
v -0.234868 -0.142922 3.20781
v -0.236357 -0.14251 3.20657
v -0.235556 -0.142567 3.20659
v -0.234754 -0.142623 3.20662
v -0.236317 -0.141627 3.20547
v -0.235543 -0.141942 3.20537
v -0.234769 -0.142258 3.20528
v -0.236192 -0.141108 3.20407
v -0.235423 -0.141261 3.20407
v -0.234654 -0.141413 3.20406
v -0.235668 -0.141545 3.20257
v -0.234387 -0.132314 3.20998
v -0.231948 -0.134548 3.20997
v -0.229508 -0.136782 3.20996
v -0.232839 -0.130717 3.21257
v -0.230707 -0.1332 3.2129
v -0.228575 -0.135683 3.21323
v -0.230758 -0.128659 3.21561
v -0.228716 -0.131186 3.21615
v -0.226673 -0.133714 3.21668
v -0.227986 -0.125979 3.21901
v -0.225739 -0.128381 3.21908
v -0.223493 -0.130783 3.21915
v -0.22455 -0.122423 3.21879
v -0.221906 -0.124349 3.21987
v -0.219262 -0.126276 3.22094
v -0.221268 -0.119575 3.21626
v -0.21857 -0.119662 3.21799
v -0.215873 -0.119749 3.21973
v -0.215117 -0.116055 3.21413
v -0.24045 -0.147597 3.20882
v -0.241206 -0.139139 3.20928
v -0.241962 -0.130681 3.20974
v -0.245138 -0.148302 3.21654
v -0.24676 -0.140011 3.21617
v -0.248381 -0.13172 3.2158
v -0.253687 -0.149761 3.22287
v -0.254677 -0.141399 3.22378
v -0.255667 -0.133037 3.22469
v -0.26504 -0.150888 3.22653
v -0.266132 -0.143064 3.22955
v -0.267225 -0.135241 3.23258
v -0.276373 -0.152569 3.22565
v -0.280167 -0.146311 3.23063
v -0.283961 -0.140054 3.23562
v -0.288655 -0.15742 3.22424
v -0.294003 -0.153202 3.22889
v -0.299352 -0.148984 3.23354
v -0.306039 -0.163832 3.22652
v -0.225295 -0.133519 3.21069
v -0.231651 -0.141813 3.20987
v -0.238006 -0.150107 3.20905
v -0.219693 -0.138973 3.21853
v -0.227373 -0.145999 3.21905
v -0.235054 -0.153024 3.21957
v -0.213164 -0.145969 3.22747
v -0.221592 -0.151533 3.2301
v -0.23002 -0.157098 3.23274
v -0.205148 -0.153773 3.23826
v -0.212812 -0.160675 3.23977
v -0.220475 -0.167577 3.24129
v -0.194672 -0.163502 3.24195
v -0.200451 -0.171307 3.24693
v -0.20623 -0.179112 3.2519
v -0.181944 -0.174361 3.23792
v -0.186975 -0.182976 3.23987
v -0.192005 -0.191592 3.24182
v -0.177703 -0.192127 3.22469
v -0.24781 -0.136484 3.20985
v -0.236511 -0.134502 3.21055
v -0.225212 -0.132521 3.21126
v -0.249078 -0.132636 3.22111
v -0.238023 -0.129762 3.22149
v -0.226969 -0.126889 3.22188
v -0.251284 -0.121676 3.23067
v -0.240279 -0.121583 3.23381
v -0.229274 -0.12149 3.23696
v -0.252792 -0.108661 3.23794
v -0.243298 -0.107893 3.24426
v -0.233804 -0.107125 3.25058
v -0.251923 -0.0941504 3.23437
v -0.244852 -0.0885391 3.24222
v -0.237782 -0.0829278 3.25007
v -0.257652 -0.0744291 3.22971
v -0.247479 -0.0704256 3.23188
v -0.237307 -0.0664222 3.23406
v -0.253595 -0.0518118 3.22201
v -0.227498 -0.146905 3.211
v -0.237094 -0.140794 3.21086
v -0.24669 -0.134684 3.21073
v -0.23166 -0.15229 3.22094
v -0.239328 -0.144052 3.22209
v -0.246997 -0.135814 3.22324
v -0.232816 -0.155025 3.23578
v -0.242644 -0.149394 3.2355
v -0.252472 -0.143764 3.23521
v -0.238844 -0.164832 3.24961
v -0.248788 -0.159683 3.24798
v -0.258733 -0.154535 3.24635
v -0.246187 -0.181102 3.24959
v -0.256982 -0.176764 3.25181
v -0.267777 -0.172425 3.25403
v -0.252239 -0.197918 3.24854
v -0.262644 -0.196787 3.25204
v -0.273048 -0.195657 3.25553
v -0.266902 -0.213405 3.23872
v -0.235684 -0.145615 3.21997
v -0.237453 -0.143986 3.2205
v -0.235739 -0.142335 3.22114
v -0.23397 -0.143964 3.22061
v -0.235356 -0.148416 3.22722
v -0.237104 -0.146865 3.22791
v -0.235414 -0.145209 3.22847
v -0.233666 -0.14676 3.22779
v -0.235037 -0.152165 3.23379
v -0.236698 -0.150791 3.23467
v -0.23507 -0.149318 3.23545
v -0.233409 -0.150692 3.23457
v -0.234932 -0.15619 3.24046
v -0.236489 -0.154902 3.24128
v -0.234959 -0.153569 3.24209
v -0.233402 -0.154857 3.24126
v -0.235239 -0.16124 3.24606
v -0.236674 -0.16016 3.24698
v -0.235257 -0.159142 3.24799
v -0.233821 -0.160222 3.24707
v -0.236567 -0.165869 3.25242
v -0.23785 -0.164701 3.25302
v -0.236573 -0.163792 3.25398
v -0.23529 -0.16496 3.25338
v -0.237921 -0.17083 3.25819
v -0.239075 -0.169846 3.25879
v -0.237958 -0.169103 3.25972
v -0.236803 -0.170087 3.25912
v -0.236841 -0.175258 3.26472
v -0.237808 -0.174535 3.2654
v -0.236834 -0.173658 3.26585
v -0.235866 -0.174381 3.26517
v -0.234903 -0.17801 3.27204
v -0.235651 -0.177408 3.27248
v -0.234946 -0.176627 3.27261
v -0.234199 -0.177229 3.27216
v -0.230805 -0.17856 3.27889
v -0.231262 -0.178155 3.27922
v -0.230887 -0.177597 3.27905
v -0.23043 -0.178002 3.27872
v -0.232618 -0.133668 3.22073
v -0.23248 -0.136029 3.22125
v -0.234899 -0.136159 3.2213
v -0.235036 -0.133798 3.22078
v -0.231411 -0.130777 3.22731
v -0.231235 -0.132977 3.22823
v -0.23359 -0.132985 3.22866
v -0.233766 -0.130785 3.22774
v -0.229033 -0.126701 3.23279
v -0.228746 -0.128581 3.23407
v -0.230889 -0.128378 3.23485
v -0.231175 -0.126498 3.23358
v -0.226163 -0.122321 3.23829
v -0.225871 -0.124044 3.23954
v -0.227831 -0.123773 3.24038
v -0.228123 -0.12205 3.23913
v -0.223224 -0.117977 3.24396
v -0.222967 -0.119588 3.24509
v -0.224777 -0.119335 3.24586
v -0.225035 -0.117724 3.24473
v -0.219986 -0.114685 3.25031
v -0.219862 -0.116301 3.2511
v -0.221493 -0.116064 3.25184
v -0.221617 -0.114448 3.25104
v -0.21838 -0.110392 3.25657
v -0.218206 -0.111716 3.25746
v -0.219763 -0.111661 3.25785
v -0.219937 -0.110337 3.25696
v -0.215959 -0.105738 3.26197
v -0.21578 -0.106787 3.26282
v -0.217053 -0.106629 3.26328
v -0.217233 -0.10558 3.26243
v -0.21135 -0.102625 3.26717
v -0.211314 -0.103517 3.26771
v -0.212132 -0.103209 3.26828
v -0.212168 -0.102317 3.26774
v -0.206291 -0.10253 3.27318
v -0.206427 -0.103183 3.27332
v -0.206916 -0.102989 3.27375
v -0.20678 -0.102336 3.27361
v -0.232472 -0.177197 3.27285
v -0.230522 -0.181662 3.27475
v -0.234195 -0.179414 3.27726
v -0.233286 -0.174512 3.27727
v -0.22905 -0.17373 3.27476
v -0.227341 -0.178149 3.2732
v -0.227335 -0.182256 3.27994
v -0.231009 -0.180008 3.28246
v -0.230099 -0.175106 3.28246
v -0.225863 -0.174324 3.27995
v -0.224155 -0.178743 3.27839
v -0.226099 -0.178384 3.28324
v -0.21128 -0.101295 3.26953
v -0.206568 -0.0992473 3.26929
v -0.206982 -0.104106 3.2698
v -0.210562 -0.104995 3.27303
v -0.212361 -0.100686 3.27452
v -0.209892 -0.0971332 3.27221
v -0.202554 -0.0991241 3.27378
v -0.202968 -0.103983 3.27428
v -0.206548 -0.104872 3.27751
v -0.208347 -0.100562 3.279
v -0.205879 -0.09701 3.2767
v -0.203252 -0.101049 3.2785
v -0.235593 -0.177773 3.2747
v -0.233642 -0.182238 3.2766
v -0.237316 -0.17999 3.27911
v -0.236406 -0.175088 3.27911
v -0.23217 -0.174306 3.2766
v -0.230462 -0.178725 3.27505
v -0.230456 -0.182832 3.28179
v -0.234129 -0.180584 3.28431
v -0.23322 -0.175682 3.28431
v -0.228984 -0.1749 3.2818
v -0.227275 -0.179319 3.28024
v -0.229219 -0.17896 3.28509
v -0.209955 -0.10447 3.26843
v -0.205243 -0.102422 3.2682
v -0.205657 -0.107281 3.2687
v -0.209236 -0.10817 3.27193
v -0.211035 -0.10386 3.27342
v -0.208567 -0.100308 3.27111
v -0.201229 -0.102299 3.27268
v -0.201643 -0.107158 3.27318
v -0.205223 -0.108047 3.27641
v -0.207022 -0.103737 3.2779
v -0.204553 -0.100185 3.2756
v -0.201927 -0.104223 3.2774
v -0.211751 -0.136029 3.09549
v -0.224915 -0.128634 3.09524
v -0.238078 -0.12124 3.095
v -0.217501 -0.145116 3.10563
v -0.23111 -0.139411 3.10285
v -0.24472 -0.133707 3.10008
v -0.225168 -0.158775 3.11481
v -0.238801 -0.153174 3.11183
v -0.252433 -0.147573 3.10885
v -0.235965 -0.176266 3.12336
v -0.248467 -0.167947 3.12357
v -0.26097 -0.159629 3.12378
v -0.247457 -0.195279 3.12554
v -0.25966 -0.187288 3.1314
v -0.271863 -0.179296 3.13726
v -0.261765 -0.216072 3.12817
v -0.273993 -0.208351 3.13048
v -0.28622 -0.200631 3.13279
v -0.283728 -0.231835 3.13833
v -0.219658 -0.105862 3.09562
v -0.214948 -0.120209 3.09589
v -0.210238 -0.134556 3.09616
v -0.207102 -0.101898 3.10252
v -0.203909 -0.116419 3.10463
v -0.200717 -0.13094 3.10674
v -0.192496 -0.0975871 3.11314
v -0.190333 -0.11221 3.11591
v -0.18817 -0.126833 3.11868
v -0.178276 -0.0934134 3.12908
v -0.174896 -0.10803 3.12983
v -0.171516 -0.122646 3.13058
v -0.158304 -0.0874422 3.13683
v -0.156338 -0.101717 3.14312
v -0.154372 -0.115992 3.14941
v -0.136324 -0.0829695 3.14198
v -0.136011 -0.0910339 3.15421
v -0.135698 -0.0990983 3.16643
v -0.112784 -0.0817942 3.16333
v -0.234201 -0.135643 3.09665
v -0.227024 -0.119764 3.09647
v -0.219848 -0.103884 3.09629
v -0.243866 -0.130821 3.10968
v -0.238384 -0.114502 3.10771
v -0.232903 -0.0981821 3.10573
v -0.258853 -0.124325 3.12268
v -0.251496 -0.10861 3.12293
v -0.244138 -0.092895 3.12318
v -0.276969 -0.114581 3.13698
v -0.266648 -0.101144 3.14063
v -0.256328 -0.087706 3.14428
v -0.29589 -0.105054 3.1506
v -0.284542 -0.0946974 3.16025
v -0.273193 -0.0843412 3.1699
v -0.313297 -0.102893 3.17204
v -0.302815 -0.0958606 3.18328
v -0.292333 -0.0888286 3.19452
v -0.316653 -0.109002 3.20734
v -0.204076 -0.120788 3.09743
v -0.219255 -0.127292 3.09738
v -0.234433 -0.133796 3.09734
v -0.199476 -0.132825 3.10763
v -0.215328 -0.13654 3.10976
v -0.231179 -0.140255 3.1119
v -0.194977 -0.146017 3.12253
v -0.210889 -0.145903 3.12668
v -0.226801 -0.14579 3.13083
v -0.190244 -0.1559 3.14306
v -0.206282 -0.157888 3.14599
v -0.222319 -0.159876 3.14892
v -0.184073 -0.170124 3.16169
v -0.199384 -0.167456 3.16904
v -0.214694 -0.164788 3.17639
v -0.175708 -0.183391 3.18119
v -0.189905 -0.185151 3.18839
v -0.204102 -0.186911 3.19559
v -0.179993 -0.208187 3.20314
v -0.234665 -0.112969 3.09775
v -0.219942 -0.118123 3.09797
v -0.205219 -0.123277 3.09819
v -0.232425 -0.106419 3.11116
v -0.217461 -0.110481 3.11071
v -0.202497 -0.114542 3.11025
v -0.226817 -0.0922177 3.12387
v -0.213926 -0.100565 3.12621
v -0.201036 -0.108912 3.12856
v -0.218726 -0.0773097 3.13779
v -0.208624 -0.0877764 3.14319
v -0.198521 -0.0982431 3.14859
v -0.205877 -0.0604791 3.14388
v -0.197856 -0.0692344 3.15496
v -0.189834 -0.0779898 3.16604
v -0.199306 -0.0400321 3.16047
v -0.186676 -0.0473524 3.16445
v -0.174045 -0.0546727 3.16842
v -0.179802 -0.0252873 3.17933
v -0.209681 -0.104009 2.92427
v -0.206194 -0.12294 2.92443
v -0.202707 -0.141871 2.92459
v -0.194272 -0.101597 2.93485
v -0.189292 -0.119767 2.93147
v -0.184312 -0.137937 2.92809
v -0.173111 -0.0974526 2.94328
v -0.168055 -0.115576 2.93961
v -0.163 -0.133699 2.93595
v -0.145909 -0.0933407 2.94997
v -0.143725 -0.112337 2.95093
v -0.141542 -0.131333 2.9519
v -0.117954 -0.0890277 2.94815
v -0.114472 -0.107058 2.95617
v -0.110991 -0.125088 2.96419
v -0.0859086 -0.0858169 2.9463
v -0.0827639 -0.103887 2.94978
v -0.0796193 -0.121958 2.95326
v -0.0508481 -0.0934467 2.95455
v -0.232818 -0.13628 2.92245
v -0.222699 -0.119982 2.92385
v -0.21258 -0.103684 2.92525
v -0.248669 -0.126296 2.92559
v -0.237877 -0.111065 2.92976
v -0.227085 -0.0958354 2.93393
v -0.267688 -0.11404 2.93257
v -0.256239 -0.0996389 2.9379
v -0.24479 -0.0852384 2.94323
v -0.288038 -0.101329 2.94617
v -0.276898 -0.0859808 2.94868
v -0.265757 -0.0706324 2.95118
v -0.311413 -0.0859726 2.94714
v -0.301915 -0.0712163 2.95678
v -0.292416 -0.0564601 2.96643
v -0.33422 -0.0679829 2.94409
v -0.331784 -0.058944 2.96022
v -0.329348 -0.0499051 2.97636
v -0.361706 -0.0430311 2.96028
v -0.192121 -0.126459 2.92869
v -0.213361 -0.132366 2.92612
v -0.234601 -0.138274 2.92356
v -0.18984 -0.142223 2.94305
v -0.209939 -0.149839 2.93804
v -0.230039 -0.157455 2.93304
v -0.184664 -0.164436 2.95663
v -0.205908 -0.17023 2.95474
v -0.227153 -0.176023 2.95285
v -0.18004 -0.192675 2.9711
v -0.201847 -0.194309 2.97411
v -0.223655 -0.195943 2.97711
v -0.174677 -0.221587 2.98448
v -0.194938 -0.220826 2.99556
v -0.215199 -0.220065 3.00664
v -0.164761 -0.245299 3.00882
v -0.18132 -0.243143 3.0224
v -0.197878 -0.240986 3.03599
v -0.160208 -0.253362 3.05369
v -0.231142 -0.108912 2.92573
v -0.212525 -0.118477 2.92778
v -0.193907 -0.128042 2.92983
v -0.223733 -0.0932865 2.93768
v -0.207506 -0.105529 2.94259
v -0.191279 -0.117772 2.9475
v -0.215401 -0.0763194 2.95557
v -0.203054 -0.0914666 2.96311
v -0.190708 -0.106614 2.97064
v -0.210957 -0.0612682 2.98044
v -0.196291 -0.0748633 2.98657
v -0.181624 -0.0884583 2.99271
v -0.20344 -0.0415424 3.0022
v -0.194239 -0.0572412 3.01437
v -0.185039 -0.0729401 3.02655
v -0.199279 -0.019854 3.02451
v -0.186547 -0.0304706 3.03639
v -0.173814 -0.0410872 3.04828
v -0.174261 0.000811292 3.052
v -0.213795 -0.145133 2.92869
v -0.220719 -0.126519 2.92813
v -0.227643 -0.107904 2.92756
v -0.224343 -0.148384 2.94438
v -0.232423 -0.130425 2.94281
v -0.240503 -0.112465 2.94124
v -0.244845 -0.154581 2.95784
v -0.247588 -0.135184 2.96062
v -0.25033 -0.115788 2.9634
v -0.268192 -0.158937 2.97251
v -0.26718 -0.140573 2.97973
v -0.266169 -0.122208 2.98696
v -0.295916 -0.160091 2.97629
v -0.295988 -0.145202 2.99065
v -0.296061 -0.130314 3.00501
v -0.324307 -0.170344 2.99327
v -0.328021 -0.152016 2.99791
v -0.331736 -0.133688 3.00256
v -0.357923 -0.163113 3.01235
v -0.207034 -0.132668 2.77482
v -0.193171 -0.115616 2.77612
v -0.179308 -0.0985637 2.77742
v -0.220174 -0.122276 2.78847
v -0.208189 -0.104147 2.78585
v -0.196204 -0.0860182 2.78322
v -0.239137 -0.107932 2.80017
v -0.227244 -0.0897541 2.79722
v -0.215352 -0.0715761 2.79426
v -0.262522 -0.0881977 2.81047
v -0.247623 -0.0722893 2.81256
v -0.232724 -0.0563809 2.81464
v -0.286962 -0.0672499 2.81127
v -0.273744 -0.0515784 2.82151
v -0.260526 -0.0359069 2.83176
v -0.313802 -0.042229 2.81262
v -0.300613 -0.0261959 2.8176
v -0.287425 -0.0101629 2.82259
v -0.333574 -0.00752549 2.82595
v -0.161784 -0.128827 2.77547
v -0.183516 -0.132089 2.7756
v -0.205248 -0.135352 2.77572
v -0.159046 -0.149533 2.78111
v -0.180595 -0.151202 2.78433
v -0.202144 -0.152872 2.78754
v -0.156209 -0.174313 2.79151
v -0.177629 -0.17471 2.79597
v -0.199049 -0.175107 2.80044
v -0.153324 -0.2001 2.80966
v -0.175094 -0.201603 2.81089
v -0.196865 -0.203107 2.81213
v -0.149524 -0.231868 2.81397
v -0.170287 -0.233324 2.82346
v -0.19105 -0.234781 2.83296
v -0.148512 -0.265311 2.81364
v -0.159809 -0.267996 2.83151
v -0.171106 -0.270682 2.84938
v -0.152536 -0.305799 2.83567
v -0.200854 -0.100772 2.78004
v -0.179841 -0.114862 2.77832
v -0.158828 -0.128952 2.77661
v -0.190524 -0.0883472 2.79854
v -0.168602 -0.100038 2.79423
v -0.146681 -0.111729 2.78993
v -0.176571 -0.0686306 2.81692
v -0.155763 -0.0829 2.8159
v -0.134954 -0.0971693 2.81488
v -0.157075 -0.0451114 2.83704
v -0.140005 -0.0632361 2.84106
v -0.122935 -0.0813608 2.84508
v -0.137555 -0.0203773 2.85621
v -0.124694 -0.0395176 2.86906
v -0.111834 -0.0586579 2.88191
v -0.127811 0.00359332 2.88733
v -0.119303 -0.0136096 2.90271
v -0.110795 -0.0308125 2.91809
v -0.131432 0.00902522 2.93927
v -0.187174 -0.147676 2.77668
v -0.192776 -0.124419 2.77894
v -0.198379 -0.101161 2.78119
v -0.206741 -0.152911 2.78959
v -0.208367 -0.129757 2.79526
v -0.209993 -0.106604 2.80093
v -0.228388 -0.158376 2.80924
v -0.22472 -0.136448 2.81809
v -0.221052 -0.11452 2.82694
v -0.245747 -0.165829 2.83701
v -0.245101 -0.143035 2.84416
v -0.244455 -0.120241 2.85132
v -0.269334 -0.174049 2.86088
v -0.263135 -0.154496 2.87519
v -0.256936 -0.134943 2.88951
v -0.292402 -0.18663 2.88528
v -0.293238 -0.167766 2.89894
v -0.294073 -0.148901 2.91259
v -0.330423 -0.180263 2.91486
v -0.168165 -0.106015 2.78142
v -0.17917 -0.125804 2.77981
v -0.190176 -0.145593 2.7782
v -0.158313 -0.113207 2.79958
v -0.167825 -0.133501 2.79691
v -0.177337 -0.153796 2.79423
v -0.138373 -0.126783 2.81546
v -0.153287 -0.143631 2.81764
v -0.1682 -0.160478 2.81981
v -0.117883 -0.144264 2.83273
v -0.13496 -0.15716 2.83993
v -0.152036 -0.170055 2.84713
v -0.0964256 -0.167772 2.83746
v -0.110175 -0.179139 2.85295
v -0.123925 -0.190507 2.86845
v -0.0674244 -0.185844 2.85774
v -0.0811702 -0.20251 2.86198
v -0.0949159 -0.219175 2.86621
v -0.0505162 -0.221379 2.87941
v -0.212098 -0.127722 3.08812
v -0.221206 -0.122605 3.08795
v -0.230314 -0.117489 3.08779
v -0.213019 -0.127724 3.0986
v -0.223054 -0.125598 3.09696
v -0.23309 -0.123473 3.09531
v -0.21612 -0.133182 3.10953
v -0.226038 -0.130963 3.1073
v -0.235957 -0.128745 3.10508
v -0.223201 -0.143016 3.11994
v -0.2316 -0.137024 3.1187
v -0.239999 -0.131032 3.11747
v -0.230295 -0.154726 3.12371
v -0.238235 -0.148278 3.12741
v -0.246175 -0.141829 3.13111
v -0.239989 -0.167679 3.12897
v -0.24813 -0.161735 3.13001
v -0.25627 -0.155792 3.13105
v -0.250799 -0.175769 3.14037
v -0.223951 -0.114244 3.0878
v -0.218461 -0.130966 3.08811
v -0.219508 -0.113016 3.09469
v -0.21885 -0.121685 3.09569
v -0.218192 -0.130354 3.0967
v -0.214871 -0.112205 3.10402
v -0.215216 -0.120893 3.10512
v -0.21556 -0.129582 3.10622
v -0.211368 -0.112053 3.11634
v -0.210438 -0.120749 3.11596
v -0.209508 -0.129445 3.11557
v -0.202224 -0.110166 3.12378
v -0.203512 -0.118637 3.12702
v -0.204801 -0.127108 3.13027
v -0.192551 -0.10815 3.12999
v -0.19585 -0.111862 3.13693
v -0.199149 -0.115574 3.14388
v -0.188154 -0.10672 3.14856
v -0.225159 -0.131353 3.08805
v -0.217253 -0.113858 3.08785
v -0.225294 -0.130837 3.09734
v -0.22339 -0.121521 3.09649
v -0.221486 -0.112205 3.09565
v -0.229992 -0.129164 3.10702
v -0.226001 -0.120479 3.10718
v -0.22201 -0.111794 3.10735
v -0.236556 -0.124695 3.11827
v -0.229704 -0.118131 3.11933
v -0.222852 -0.111566 3.12039
v -0.2436 -0.120863 3.12834
v -0.235239 -0.117472 3.13264
v -0.226879 -0.114081 3.13694
v -0.247611 -0.125279 3.14219
v -0.239268 -0.124034 3.14613
v -0.230926 -0.122789 3.15007
v -0.237774 -0.138324 3.15363
v -0.214723 -0.119828 3.08797
v -0.227688 -0.125383 3.08794
v -0.213745 -0.123383 3.09381
v -0.220726 -0.123769 3.09436
v -0.227707 -0.124154 3.0949
v -0.213499 -0.126563 3.1016
v -0.220099 -0.124312 3.10243
v -0.226699 -0.12206 3.10326
v -0.212837 -0.126685 3.11131
v -0.219767 -0.125722 3.11181
v -0.226697 -0.124759 3.11231
v -0.211445 -0.129038 3.12075
v -0.217377 -0.124931 3.12211
v -0.22331 -0.120824 3.12346
v -0.207996 -0.130206 3.12894
v -0.213569 -0.128196 3.13236
v -0.219142 -0.126186 3.13577
v -0.209975 -0.133741 3.14226
v -0.225375 -0.121146 3.08789
v -0.217037 -0.124065 3.08802
v -0.225316 -0.121 3.09203
v -0.221014 -0.121881 3.09197
v -0.216711 -0.122763 3.09191
v -0.223741 -0.117664 3.09633
v -0.220414 -0.120498 3.09683
v -0.217087 -0.123332 3.09733
v -0.221099 -0.114448 3.10054
v -0.218982 -0.117999 3.10203
v -0.216866 -0.121551 3.10352
v -0.216963 -0.110852 3.10159
v -0.215348 -0.113361 3.10508
v -0.213732 -0.11587 3.10858
v -0.214884 -0.105335 3.10622
v -0.211623 -0.107779 3.10754
v -0.208362 -0.110222 3.10887
v -0.210087 -0.102042 3.11206
v -0.220394 -0.124118 3.08799
v -0.222017 -0.121092 3.08792
v -0.221353 -0.124392 3.08943
v -0.221423 -0.122689 3.08953
v -0.221493 -0.120985 3.08962
v -0.220881 -0.124391 3.09143
v -0.22173 -0.122907 3.09147
v -0.222579 -0.121424 3.09151
v -0.22145 -0.124781 3.09365
v -0.222533 -0.123464 3.09356
v -0.223616 -0.122146 3.09347
v -0.222936 -0.126267 3.09458
v -0.223798 -0.124881 3.09531
v -0.224659 -0.123496 3.09604
v -0.223412 -0.127818 3.09593
v -0.223917 -0.126891 3.09722
v -0.224422 -0.125964 3.09851
v -0.224503 -0.12959 3.0981
v -0.215062 -0.111236 2.9144
v -0.212651 -0.124322 2.91451
v -0.210241 -0.137408 2.91462
v -0.215836 -0.112088 2.92762
v -0.209507 -0.123642 2.92639
v -0.203177 -0.135197 2.92517
v -0.209956 -0.11062 2.94225
v -0.203607 -0.122111 2.94045
v -0.197259 -0.133601 2.93864
v -0.196872 -0.109361 2.9577
v -0.195536 -0.122467 2.95643
v -0.194201 -0.135572 2.95516
v -0.180844 -0.106618 2.9656
v -0.181497 -0.119606 2.97037
v -0.182151 -0.132593 2.97515
v -0.162183 -0.105196 2.97642
v -0.161438 -0.117979 2.97802
v -0.160693 -0.130762 2.97963
v -0.148832 -0.108754 2.99417
v -0.218548 -0.13382 2.91369
v -0.206754 -0.114825 2.91532
v -0.224234 -0.130462 2.92173
v -0.21654 -0.12272 2.92399
v -0.208846 -0.114978 2.92625
v -0.230193 -0.126616 2.93269
v -0.22181 -0.119758 2.93539
v -0.213428 -0.112899 2.93809
v -0.235503 -0.123367 2.94745
v -0.228003 -0.115167 2.94836
v -0.220504 -0.106968 2.94926
v -0.246329 -0.116303 2.95467
v -0.238376 -0.110238 2.96068
v -0.230423 -0.104172 2.96669
v -0.257784 -0.108886 2.95999
v -0.253798 -0.108748 2.97011
v -0.249811 -0.10861 2.98022
v -0.268495 -0.105852 2.98167
v -0.200951 -0.121068 2.91592
v -0.224352 -0.127577 2.9131
v -0.202659 -0.121634 2.92784
v -0.21314 -0.127294 2.92541
v -0.223621 -0.132954 2.92298
v -0.202164 -0.127648 2.94075
v -0.213849 -0.130627 2.93907
v -0.225534 -0.133606 2.93739
v -0.203751 -0.137828 2.95557
v -0.215732 -0.136052 2.95449
v -0.227712 -0.134276 2.9534
v -0.204682 -0.147966 2.96911
v -0.21554 -0.141934 2.97189
v -0.226397 -0.135903 2.97467
v -0.20153 -0.148348 2.98853
v -0.210314 -0.140754 2.99093
v -0.219098 -0.133161 2.99334
v -0.200307 -0.128064 3.00378
v -0.220602 -0.120237 2.91363
v -0.2047 -0.128407 2.91539
v -0.218748 -0.116376 2.92117
v -0.212806 -0.122868 2.92269
v -0.206864 -0.129359 2.92421
v -0.217153 -0.113493 2.93126
v -0.214143 -0.121758 2.93288
v -0.211133 -0.130023 2.9345
v -0.219573 -0.112704 2.94317
v -0.215012 -0.120203 2.94484
v -0.210451 -0.127701 2.9465
v -0.22091 -0.109331 2.95509
v -0.220407 -0.118453 2.95709
v -0.219903 -0.127575 2.95908
v -0.225188 -0.105018 2.9646
v -0.223769 -0.11197 2.96965
v -0.22235 -0.118923 2.9747
v -0.225571 -0.103782 2.98229
v -0.210691 -0.129593 2.91467
v -0.214612 -0.119052 2.91435
v -0.211481 -0.129637 2.91994
v -0.214076 -0.1247 2.9195
v -0.21667 -0.119764 2.91906
v -0.216713 -0.130771 2.92479
v -0.216716 -0.125201 2.92539
v -0.216719 -0.119632 2.926
v -0.222754 -0.130738 2.92921
v -0.221342 -0.125768 2.93136
v -0.219931 -0.120798 2.93351
v -0.229734 -0.129553 2.9292
v -0.229449 -0.125885 2.93375
v -0.229163 -0.122218 2.93831
v -0.237913 -0.131864 2.93361
v -0.23841 -0.126655 2.93516
v -0.238908 -0.121446 2.9367
v -0.246346 -0.129633 2.93944
v -0.211839 -0.122295 2.91463
v -0.213463 -0.126349 2.91439
v -0.210999 -0.123005 2.91661
v -0.212615 -0.124458 2.91653
v -0.214231 -0.12591 2.91645
v -0.211713 -0.12253 2.9191
v -0.212481 -0.124567 2.91904
v -0.213249 -0.126604 2.91898
v -0.211339 -0.122755 2.92204
v -0.211737 -0.124886 2.92187
v -0.212135 -0.127017 2.92169
v -0.208944 -0.123013 2.92377
v -0.20982 -0.124967 2.92454
v -0.210697 -0.126922 2.92531
v -0.207462 -0.122202 2.92591
v -0.208366 -0.123435 2.92738
v -0.20927 -0.124669 2.92884
v -0.205677 -0.121749 2.92926
v -0.195068 -0.13168 2.7642
v -0.185494 -0.119904 2.7651
v -0.175921 -0.108128 2.766
v -0.19472 -0.131919 2.77926
v -0.189301 -0.117828 2.77848
v -0.183882 -0.103737 2.7777
v -0.201583 -0.128172 2.79542
v -0.196248 -0.114065 2.7941
v -0.190913 -0.0999584 2.79278
v -0.213946 -0.118237 2.8119
v -0.203674 -0.107141 2.81186
v -0.193402 -0.0960453 2.81182
v -0.229133 -0.106973 2.8193
v -0.218508 -0.0976466 2.82641
v -0.207883 -0.08832 2.83353
v -0.246007 -0.0928634 2.82989
v -0.236387 -0.0822272 2.83332
v -0.226767 -0.071591 2.83674
v -0.256235 -0.079584 2.84938
v -0.17283 -0.118003 2.76503
v -0.198159 -0.121805 2.76518
v -0.172135 -0.125617 2.77432
v -0.184725 -0.124602 2.77595
v -0.197314 -0.123587 2.77758
v -0.172079 -0.133946 2.78696
v -0.18445 -0.131565 2.78894
v -0.19682 -0.129184 2.79093
v -0.17267 -0.141446 2.80396
v -0.185374 -0.140594 2.80359
v -0.198077 -0.139741 2.80323
v -0.17214 -0.156523 2.81224
v -0.183961 -0.153625 2.81768
v -0.195783 -0.150727 2.82313
v -0.171634 -0.172225 2.81817
v -0.176078 -0.168883 2.82928
v -0.180521 -0.165542 2.84039
v -0.170791 -0.184688 2.84306
v -0.19707 -0.112142 2.76604
v -0.173919 -0.127666 2.76416
v -0.196244 -0.113396 2.77959
v -0.183372 -0.118277 2.77774
v -0.1705 -0.123159 2.7759
v -0.192591 -0.108744 2.79455
v -0.181181 -0.116644 2.79359
v -0.169771 -0.124543 2.79264
v -0.184313 -0.102882 2.81235
v -0.176808 -0.114559 2.81175
v -0.169303 -0.126235 2.81116
v -0.176761 -0.0964848 2.82899
v -0.174294 -0.110454 2.83219
v -0.171826 -0.124423 2.83539
v -0.182143 -0.0940779 2.85077
v -0.182457 -0.10743 2.85304
v -0.182771 -0.120782 2.85531
v -0.203245 -0.108908 2.86409
v -0.183102 -0.129837 2.76414
v -0.187887 -0.109971 2.76606
v -0.188378 -0.131173 2.77236
v -0.187258 -0.121224 2.77434
v -0.186137 -0.111275 2.77631
v -0.192946 -0.132046 2.78344
v -0.188149 -0.12337 2.78592
v -0.183353 -0.114693 2.7884
v -0.193151 -0.134952 2.79692
v -0.190195 -0.125505 2.79941
v -0.187239 -0.116058 2.8019
v -0.196796 -0.138747 2.80987
v -0.189507 -0.131811 2.81346
v -0.182219 -0.124875 2.81705
v -0.199076 -0.145822 2.82018
v -0.194964 -0.139805 2.82696
v -0.190851 -0.133789 2.83373
v -0.203505 -0.147575 2.83988
v -0.182378 -0.114301 2.76556
v -0.188611 -0.125507 2.76465
v -0.182145 -0.115036 2.77164
v -0.184489 -0.120932 2.77087
v -0.186833 -0.126827 2.7701
v -0.177708 -0.11888 2.77759
v -0.182637 -0.12296 2.77774
v -0.187566 -0.127041 2.7779
v -0.17375 -0.124368 2.78305
v -0.179418 -0.126723 2.78483
v -0.185086 -0.129078 2.78662
v -0.169733 -0.131496 2.78337
v -0.173828 -0.133897 2.78808
v -0.177922 -0.136298 2.7928
v -0.162486 -0.137462 2.78918
v -0.167094 -0.141496 2.79034
v -0.171703 -0.14553 2.7915
v -0.159576 -0.146839 2.79606
v -0.187863 -0.120698 2.76507
v -0.183125 -0.11911 2.76513
v -0.188016 -0.11947 2.76731
v -0.185555 -0.119799 2.76741
v -0.183094 -0.120129 2.7675
v -0.188119 -0.120486 2.7701
v -0.185785 -0.119642 2.77027
v -0.183451 -0.118798 2.77045
v -0.188519 -0.120073 2.77338
v -0.186377 -0.118816 2.77348
v -0.184236 -0.117559 2.77357
v -0.190286 -0.117896 2.77515
v -0.18811 -0.11717 2.77637
v -0.185935 -0.116445 2.7776
v -0.192403 -0.117324 2.77729
v -0.190964 -0.117198 2.77924
v -0.189525 -0.117072 2.78118
v -0.194766 -0.116288 2.78082
v -0.221992 -0.124451 3.11472
v -0.222966 -0.12095 3.11482
v -0.219471 -0.11997 3.1146
v -0.218497 -0.123472 3.1145
v -0.220554 -0.124923 3.12691
v -0.221503 -0.121467 3.12716
v -0.218063 -0.120496 3.1268
v -0.217114 -0.123952 3.12655
v -0.218751 -0.12551 3.13905
v -0.21965 -0.122208 3.13937
v -0.216369 -0.121275 3.13895
v -0.21547 -0.124577 3.13863
v -0.216881 -0.126088 3.15119
v -0.217722 -0.122992 3.15149
v -0.214646 -0.122117 3.15109
v -0.213805 -0.125213 3.15078
v -0.21411 -0.127155 3.16311
v -0.214855 -0.124306 3.16357
v -0.212044 -0.123482 3.16302
v -0.211299 -0.126331 3.16257
v -0.210389 -0.128742 3.17472
v -0.211021 -0.126172 3.17531
v -0.20851 -0.125402 3.17464
v -0.207878 -0.127972 3.17405
v -0.204569 -0.131513 3.18519
v -0.20499 -0.129299 3.18604
v -0.202899 -0.128543 3.18511
v -0.202478 -0.130757 3.18426
v -0.208289 -0.139884 3.19109
v -0.208346 -0.138658 3.19273
v -0.206389 -0.139107 3.19313
v -0.206333 -0.140333 3.19149
v -0.212932 -0.148715 3.18611
v -0.213796 -0.148898 3.1874
v -0.212694 -0.149827 3.188
v -0.21183 -0.149644 3.18671
v -0.212607 -0.150105 3.17478
v -0.213522 -0.150558 3.17483
v -0.213065 -0.151466 3.17495
v -0.21215 -0.151013 3.17489
v -0.219199 -0.123213 2.94804
v -0.221798 -0.127011 2.94752
v -0.225385 -0.12438 2.94623
v -0.222786 -0.120582 2.94674
v -0.223937 -0.121245 2.96282
v -0.22656 -0.124979 2.96249
v -0.230048 -0.122399 2.96104
v -0.227425 -0.118664 2.96137
v -0.228833 -0.118826 2.97749
v -0.231371 -0.122385 2.97726
v -0.234679 -0.11993 2.97578
v -0.23214 -0.116371 2.97601
v -0.233786 -0.116348 2.99213
v -0.23617 -0.119684 2.99193
v -0.239269 -0.117383 2.99053
v -0.236884 -0.114048 2.99073
v -0.23891 -0.112594 3.00644
v -0.241186 -0.115632 3.00646
v -0.24398 -0.113551 3.00496
v -0.241705 -0.110513 3.00493
v -0.244176 -0.10749 3.02027
v -0.246317 -0.110188 3.02049
v -0.248786 -0.10836 3.01892
v -0.246646 -0.105661 3.0187
v -0.249577 -0.0993807 3.03252
v -0.251634 -0.101579 3.03312
v -0.253676 -0.100154 3.03132
v -0.251618 -0.0979563 3.03073
v -0.24069 -0.0961481 3.04268
v -0.242356 -0.0971757 3.0444
v -0.243592 -0.0948859 3.04457
v -0.241926 -0.0938582 3.04285
v -0.227023 -0.0936021 3.03978
v -0.226605 -0.0942822 3.04161
v -0.226785 -0.0924378 3.04234
v -0.227203 -0.0917576 3.04051
v -0.222182 -0.092316 3.02612
v -0.221057 -0.0928444 3.02651
v -0.220589 -0.0916575 3.02677
v -0.221715 -0.0911291 3.02639
v -0.187729 -0.127498 2.80334
v -0.182466 -0.127007 2.80359
v -0.181923 -0.132039 2.80204
v -0.187186 -0.13253 2.8018
v -0.188659 -0.133552 2.82014
v -0.183467 -0.133134 2.82059
v -0.182923 -0.138038 2.81886
v -0.188114 -0.138456 2.81841
v -0.189844 -0.140069 2.83675
v -0.184885 -0.139707 2.83728
v -0.184357 -0.14436 2.83553
v -0.189317 -0.144723 2.835
v -0.191034 -0.146679 2.85333
v -0.186384 -0.146345 2.85384
v -0.185888 -0.150704 2.85218
v -0.190538 -0.151038 2.85167
v -0.193147 -0.154359 2.86934
v -0.188874 -0.154151 2.87005
v -0.188388 -0.15808 2.86828
v -0.192661 -0.158287 2.86757
v -0.196242 -0.163131 2.88461
v -0.192397 -0.163058 2.88549
v -0.191915 -0.166515 2.88365
v -0.195761 -0.166587 2.88278
v -0.201561 -0.174159 2.89765
v -0.198277 -0.174389 2.89886
v -0.197714 -0.177168 2.89679
v -0.200999 -0.176938 2.89559
v -0.212604 -0.168999 2.90779
v -0.210818 -0.16977 2.91005
v -0.21194 -0.17253 2.90999
v -0.213725 -0.171759 2.90773
v -0.224168 -0.158733 2.90288
v -0.224208 -0.157925 2.90501
v -0.225807 -0.159448 2.90556
v -0.225767 -0.160255 2.90343
v -0.226335 -0.15499 2.88683
v -0.226759 -0.153627 2.88725
v -0.228173 -0.154087 2.88732
v -0.227748 -0.15545 2.8869
v -0.210248 -0.150524 3.18393
v -0.208274 -0.145188 3.17871
v -0.215291 -0.147388 3.179
v -0.21535 -0.154691 3.1799
v -0.208369 -0.157005 3.18018
v -0.203996 -0.151132 3.17944
v -0.208291 -0.146302 3.16974
v -0.215308 -0.148502 3.17003
v -0.215367 -0.155805 3.17094
v -0.208386 -0.158119 3.17121
v -0.204013 -0.152246 3.17047
v -0.210282 -0.152751 3.16599
v -0.226676 -0.0895303 3.03695
v -0.231544 -0.0920019 3.02878
v -0.224071 -0.0970955 3.03124
v -0.217394 -0.0912093 3.03418
v -0.220741 -0.0824778 3.03353
v -0.229486 -0.0829677 3.03019
v -0.227487 -0.0912422 3.01803
v -0.220014 -0.0963358 3.0205
v -0.213337 -0.0904496 3.02343
v -0.216684 -0.0817181 3.02279
v -0.225429 -0.082208 3.01945
v -0.218561 -0.0880109 3.01547
v -0.227441 -0.161304 2.89902
v -0.220317 -0.163541 2.89063
v -0.221744 -0.153331 2.89353
v -0.232196 -0.151827 2.89531
v -0.237229 -0.161107 2.89351
v -0.229887 -0.168347 2.89062
v -0.221983 -0.160194 2.87802
v -0.22341 -0.149984 2.88092
v -0.233862 -0.14848 2.8827
v -0.238895 -0.15776 2.8809
v -0.231553 -0.165 2.87801
v -0.230774 -0.15461 2.87381
v -0.21539 -0.14882 3.18373
v -0.213417 -0.143484 3.17851
v -0.220434 -0.145683 3.17879
v -0.220493 -0.152987 3.1797
v -0.213512 -0.155301 3.17998
v -0.209139 -0.149428 3.17924
v -0.213434 -0.144597 3.16954
v -0.220451 -0.146797 3.16983
v -0.22051 -0.1541 3.17073
v -0.213529 -0.156414 3.17101
v -0.209156 -0.150541 3.17027
v -0.215424 -0.151047 3.16579
v -0.224211 -0.0959626 3.03743
v -0.229079 -0.0984342 3.02925
v -0.221605 -0.103528 3.03171
v -0.214929 -0.0976416 3.03465
v -0.218276 -0.0889101 3.03401
v -0.227021 -0.0894 3.03067
v -0.225021 -0.0976746 3.01851
v -0.217548 -0.102768 3.02097
v -0.210871 -0.0968819 3.02391
v -0.214218 -0.0881505 3.02326
v -0.222963 -0.0886403 3.01993
v -0.216096 -0.0944433 3.01594
v -0.223734 -0.154467 2.90034
v -0.216609 -0.156704 2.89195
v -0.218036 -0.146494 2.89485
v -0.228488 -0.14499 2.89663
v -0.233521 -0.15427 2.89483
v -0.226179 -0.16151 2.89194
v -0.218275 -0.153358 2.87935
v -0.219703 -0.143148 2.88224
v -0.230155 -0.141643 2.88403
v -0.235188 -0.150924 2.88223
v -0.227846 -0.158164 2.87933
v -0.227066 -0.147774 2.87513
v -0.128862 -0.0333401 2.03974
v -0.119708 -0.031787 2.04024
v -0.118128 -0.0409351 2.03973
v -0.127281 -0.0424882 2.03923
v -0.131367 -0.0371278 2.09848
v -0.122345 -0.0355933 2.0989
v -0.120791 -0.0446108 2.09847
v -0.129813 -0.0461453 2.09805
v -0.13341 -0.0404086 2.15727
v -0.124649 -0.038916 2.15763
v -0.123142 -0.0476743 2.15726
v -0.131903 -0.0491669 2.15691
v -0.134821 -0.043537 2.21609
v -0.126924 -0.0421908 2.21639
v -0.125567 -0.050085 2.21609
v -0.133463 -0.0514312 2.21579
v -0.135535 -0.046881 2.27521
v -0.129476 -0.0458155 2.27478
v -0.128418 -0.0518896 2.27464
v -0.134477 -0.0529551 2.27507
v -0.128526 -0.0469044 2.3114
v -0.124375 -0.0461341 2.31066
v -0.1236 -0.0503508 2.31062
v -0.127751 -0.0511211 2.31136
v -0.127689 -0.0454935 2.32544
v -0.120883 -0.0442307 2.32422
v -0.119612 -0.0511433 2.32415
v -0.126418 -0.052406 2.32537
v -0.12925 -0.0339601 2.03973
v -0.121631 -0.0337677 2.04506
v -0.117739 -0.0403151 2.03973
v -0.125358 -0.0405075 2.0344
v -0.15223 -0.0758213 2.07424
v -0.144412 -0.0750676 2.07896
v -0.140889 -0.0820832 2.07424
v -0.148707 -0.0828369 2.06952
v -0.172791 -0.113486 2.11462
v -0.164998 -0.112387 2.11876
v -0.16178 -0.119567 2.11461
v -0.169573 -0.120666 2.11047
v -0.191005 -0.147793 2.15893
v -0.183899 -0.146652 2.16245
v -0.181082 -0.153273 2.15892
v -0.188188 -0.154414 2.15539
v -0.20766 -0.180712 2.20524
v -0.202049 -0.179523 2.2075
v -0.199876 -0.184621 2.2048
v -0.205487 -0.18581 2.20253
v -0.211535 -0.199556 2.23668
v -0.207584 -0.198536 2.238
v -0.206038 -0.202043 2.23608
v -0.209988 -0.203063 2.23476
v -0.215321 -0.206092 2.24863
v -0.208845 -0.20442 2.25079
v -0.206309 -0.21017 2.24764
v -0.212785 -0.211842 2.24548
v -0.13182 -0.0551609 1.46487
v -0.138846 -0.0474193 1.46328
v -0.131207 -0.0402226 1.46457
v -0.124181 -0.0479642 1.46616
v -0.153451 -0.0517993 1.57579
v -0.160291 -0.0443202 1.5746
v -0.152871 -0.0373808 1.57557
v -0.146032 -0.0448599 1.57676
v -0.170217 -0.0477739 1.68758
v -0.175527 -0.041969 1.68666
v -0.169767 -0.0365832 1.6874
v -0.164457 -0.0423881 1.68832
v -0.178882 -0.0443622 1.74618
v -0.18204 -0.0408317 1.74502
v -0.178534 -0.0374972 1.74563
v -0.175376 -0.0410277 1.74679
v -0.182483 -0.0446239 1.75979
v -0.187036 -0.0395344 1.75813
v -0.181983 -0.0347279 1.759
v -0.177429 -0.0398174 1.76067
v -0.131253 -0.0551595 1.46498
v -0.137023 -0.047705 1.46977
v -0.131774 -0.040224 1.46445
v -0.126003 -0.0476785 1.45966
v -0.0549545 -0.0492922 1.54818
v -0.0611921 -0.0421425 1.55193
v -0.0553747 -0.0348727 1.54776
v -0.0491371 -0.0420224 1.544
v 0.00708809 -0.0431166 1.64255
v 0.00223298 -0.0375683 1.64544
v 0.0067635 -0.0319248 1.64222
v 0.0116186 -0.037473 1.63933
v 0.0393448 -0.0385836 1.69215
v 0.0361766 -0.0351935 1.69365
v 0.0389024 -0.0317266 1.69157
v 0.0420705 -0.0351168 1.69007
v 0.0466612 -0.0386282 1.70418
v 0.0420972 -0.0337409 1.70634
v 0.0460258 -0.0287437 1.70334
v 0.0505897 -0.0336309 1.70118
v -0.0358864 -0.05888 0.931366
v -0.0395546 -0.0697394 0.928032
v -0.0509143 -0.0662241 0.92908
v -0.0472461 -0.0553647 0.932415
v -0.0362388 -0.0875568 1.0248
v -0.0398404 -0.0984415 1.02223
v -0.0510231 -0.0949307 1.02304
v -0.0474215 -0.084046 1.0256
v -0.0367125 -0.110084 1.11999
v -0.0401683 -0.120636 1.11799
v -0.0509098 -0.117238 1.11861
v -0.047454 -0.106685 1.12062
v -0.037779 -0.128814 1.21613
v -0.0407869 -0.138022 1.21451
v -0.0501371 -0.135058 1.21502
v -0.0471291 -0.125849 1.21664
v -0.0399985 -0.146908 1.31291
v -0.0419651 -0.152723 1.31068
v -0.0481898 -0.150841 1.31126
v -0.0462233 -0.145026 1.31349
v -0.0413405 -0.157706 1.33426
v -0.0429247 -0.162373 1.3318
v -0.0481941 -0.160893 1.33239
v -0.0466099 -0.156226 1.33484
v -0.040805 -0.163664 1.34696
v -0.0428277 -0.169623 1.34383
v -0.0495558 -0.167732 1.34458
v -0.0475331 -0.161773 1.34771
v -0.0355258 -0.0596598 0.931159
v -0.0417368 -0.0688275 0.935618
v -0.0512749 -0.0654443 0.929287
v -0.0450639 -0.0562766 0.924828
v -0.065125 -0.00355353 1.00556
v -0.0709747 -0.0131063 1.0091
v -0.0807513 -0.0089933 1.00405
v -0.0749017 0.000559439 1.0005
v -0.0893192 0.0418447 1.08879
v -0.0947991 0.032394 1.09161
v -0.104394 0.0367514 1.08758
v -0.0989136 0.0462021 1.08475
v -0.110165 0.0793723 1.17683
v -0.1149 0.0710775 1.17913
v -0.123303 0.0749692 1.17585
v -0.118568 0.083264 1.17356
v -0.131001 0.114085 1.2666
v -0.133955 0.108313 1.26736
v -0.139526 0.110866 1.26511
v -0.136572 0.116638 1.26434
v -0.138482 0.117777 1.28906
v -0.14078 0.112778 1.28924
v -0.14551 0.114886 1.28737
v -0.143212 0.119885 1.28719
v -0.14165 0.120549 1.30245
v -0.144584 0.114166 1.30268
v -0.150623 0.116857 1.3003
v -0.14769 0.12324 1.30007
v -0.00783592 0.0054187 0.446942
v 0.00518079 0.00749126 0.44415
v 0.00783592 -0.0054187 0.446944
v -0.00518079 -0.00749126 0.449737
v 0.015297 0.0386139 0.578857
v 0.0282049 0.0408159 0.576881
v 0.0307005 0.0279618 0.578858
v 0.0177926 0.0257597 0.580834
v 0.0322673 0.0622947 0.713727
v 0.0445312 0.0644465 0.712288
v 0.0468465 0.0522126 0.713728
v 0.0345826 0.0500608 0.715166
v 0.0462821 0.0799149 0.850278
v 0.0563252 0.0815786 0.848112
v 0.0582971 0.0714505 0.849475
v 0.048254 0.0697867 0.851642
v 0.0799426 0.100779 0.947208
v 0.0862896 0.101689 0.944422
v 0.0878146 0.094989 0.945709
v 0.0814676 0.0940793 0.948495
v 0.0880385 0.10594 0.965832
v 0.0936374 0.106726 0.963255
v 0.0950045 0.100777 0.964413
v 0.0894056 0.0999911 0.966989
v 0.0928653 0.110064 0.97831
v 0.0991794 0.110939 0.975349
v 0.100755 0.104229 0.976727
v 0.0944411 0.103354 0.979688
v -0.00838179 0.00451982 0.447227
v 0.00367665 0.00644236 0.452922
v 0.00838179 -0.00451982 0.446659
v -0.00367665 -0.00644236 0.440965
v -0.0465101 -0.0732755 0.554507
v -0.0342427 -0.0705599 0.558691
v -0.0300816 -0.0822564 0.554082
v -0.042349 -0.084972 0.549898
v -0.0747142 -0.131682 0.676239
v -0.0629261 -0.128758 0.679336
v -0.059185 -0.140223 0.675921
v -0.0709731 -0.143147 0.672824
v -0.0958758 -0.178077 0.804892
v -0.0859653 -0.175276 0.806395
v -0.0828666 -0.184888 0.803881
v -0.0927771 -0.18769 0.802379
v -0.0884282 -0.200991 0.9068
v -0.0817894 -0.198801 0.906867
v -0.0796496 -0.205237 0.905173
v -0.0862883 -0.207427 0.905107
v -0.0863773 -0.205909 0.927066
v -0.08048 -0.203954 0.92711
v -0.0785788 -0.209653 0.925527
v -0.0844761 -0.211609 0.925483
v -0.0858068 -0.2089 0.940731
v -0.0791394 -0.206676 0.94073
v -0.0769826 -0.213142 0.939015
v -0.08365 -0.215366 0.939016
v -0.139577 -0.0652021 2.29818
v -0.128476 -0.0489367 2.29722
v -0.117374 -0.0326714 2.29627
v -0.147031 -0.0576126 2.31641
v -0.139629 -0.0405627 2.31018
v -0.132228 -0.0235128 2.30394
v -0.164993 -0.0448098 2.32905
v -0.156467 -0.0286627 2.32183
v -0.147941 -0.0125156 2.31462
v -0.18864 -0.0249756 2.33276
v -0.175253 -0.0107122 2.33139
v -0.161866 0.0035513 2.33002
v -0.209884 -0.0101247 2.32212
v -0.200525 0.00689625 2.32875
v -0.191166 0.0239172 2.33538
v -0.233247 0.0102928 2.30964
v -0.222114 0.0256934 2.31176
v -0.210981 0.041094 2.31388
v -0.254936 0.0370617 2.31227
v -0.112616 -0.0452366 2.29604
v -0.144335 -0.0526369 2.29841
v -0.109679 -0.0578603 2.30465
v -0.125277 -0.0588622 2.30904
v -0.140876 -0.059864 2.31344
v -0.106632 -0.0730746 2.31632
v -0.121854 -0.0731557 2.32204
v -0.137076 -0.0732369 2.32775
v -0.102972 -0.0903253 2.33261
v -0.118948 -0.0917278 2.33516
v -0.134924 -0.0931303 2.33772
v -0.0986372 -0.112036 2.33314
v -0.111975 -0.114996 2.34325
v -0.125313 -0.117957 2.35337
v -0.0940774 -0.13349 2.32933
v -0.096632 -0.137875 2.34433
v -0.0991867 -0.142261 2.35933
v -0.0843098 -0.16367 2.34756
v -0.143282 -0.0405772 2.29822
v -0.113669 -0.0572962 2.29623
v -0.138661 -0.0354558 2.31434
v -0.12311 -0.0410263 2.3106
v -0.107558 -0.0465969 2.30686
v -0.130994 -0.0219604 2.32756
v -0.116339 -0.030463 2.32677
v -0.101684 -0.0389655 2.32598
v -0.117193 -0.00457512 2.3389
v -0.105546 -0.0162707 2.34271
v -0.0938995 -0.0279663 2.34652
v -0.10493 0.0133199 2.34594
v -0.0960343 0.00360118 2.3578
v -0.0871387 -0.00611758 2.36967
v -0.10241 0.0333253 2.3635
v -0.097139 0.0251318 2.37684
v -0.0918682 0.0169384 2.39018
v -0.11352 0.0390107 2.3978
v -0.125005 -0.0595531 2.29707
v -0.131947 -0.0383203 2.29738
v -0.132454 -0.0612997 2.3052
v -0.13241 -0.0503663 2.30716
v -0.132366 -0.0394328 2.30912
v -0.140132 -0.062351 2.31611
v -0.136369 -0.0525559 2.3198
v -0.132605 -0.0427607 2.32349
v -0.144696 -0.0651747 2.33068
v -0.142998 -0.0546633 2.33386
v -0.1413 -0.0441519 2.33703
v -0.153416 -0.0689643 2.3426
v -0.147996 -0.0611804 2.34933
v -0.142576 -0.0533966 2.35605
v -0.161173 -0.0764222 2.35224
v -0.16065 -0.0695079 2.36056
v -0.160127 -0.0625936 2.36888
v -0.177109 -0.0768103 2.36851
v -0.126382 -0.0442974 2.29703
v -0.13057 -0.0535761 2.29742
v -0.124862 -0.0448689 2.30175
v -0.126377 -0.0496996 2.30161
v -0.127893 -0.0545303 2.30146
v -0.119843 -0.0475261 2.30509
v -0.123036 -0.0512054 2.30651
v -0.126228 -0.0548847 2.30792
v -0.114956 -0.0513807 2.3078
v -0.118069 -0.0539499 2.31086
v -0.121182 -0.0565192 2.31392
v -0.111093 -0.0565135 2.30635
v -0.111898 -0.0590192 2.31096
v -0.112702 -0.0615249 2.31556
v -0.102939 -0.0598017 2.30767
v -0.104881 -0.0638412 2.30975
v -0.106822 -0.0678806 2.31182
v -0.0963295 -0.0662427 2.31103
v -0.216982 -0.213594 2.21924
v -0.206757 -0.193468 2.22463
v -0.196533 -0.173343 2.23002
v -0.230044 -0.210611 2.23893
v -0.223889 -0.188383 2.23814
v -0.217734 -0.166156 2.23736
v -0.254925 -0.202987 2.25046
v -0.248433 -0.180854 2.24902
v -0.241941 -0.15872 2.24758
v -0.286403 -0.188238 2.25168
v -0.277058 -0.168075 2.25792
v -0.267713 -0.147913 2.26417
v -0.311327 -0.175756 2.23673
v -0.310607 -0.15601 2.25063
v -0.309888 -0.136265 2.26454
v -0.342008 -0.159756 2.22032
v -0.338379 -0.139186 2.2287
v -0.334749 -0.118617 2.23709
v -0.378582 -0.142024 2.22179
v -0.191576 -0.18791 2.22692
v -0.221939 -0.199026 2.22234
v -0.187603 -0.202676 2.23191
v -0.203389 -0.206224 2.23326
v -0.219176 -0.209772 2.2346
v -0.184078 -0.221318 2.23835
v -0.199899 -0.223857 2.24111
v -0.21572 -0.226396 2.24388
v -0.181278 -0.244054 2.24764
v -0.197394 -0.245906 2.24687
v -0.21351 -0.247759 2.24611
v -0.176007 -0.265248 2.24029
v -0.19092 -0.270672 2.24638
v -0.205832 -0.276096 2.25248
v -0.170881 -0.284424 2.22909
v -0.176442 -0.293468 2.24084
v -0.182003 -0.302512 2.25258
v -0.167077 -0.320195 2.23577
v -0.222608 -0.187248 2.22506
v -0.190907 -0.199689 2.2242
v -0.220452 -0.18447 2.24202
v -0.203929 -0.187296 2.2396
v -0.187405 -0.190123 2.23719
v -0.216453 -0.173035 2.25822
v -0.200697 -0.179315 2.25817
v -0.184941 -0.185595 2.25811
v -0.207123 -0.15709 2.27521
v -0.194531 -0.16799 2.27831
v -0.181938 -0.178889 2.28141
v -0.199038 -0.140212 2.28882
v -0.190905 -0.151938 2.29934
v -0.182771 -0.163664 2.30987
v -0.203509 -0.126003 2.31153
v -0.199428 -0.137474 2.32269
v -0.195348 -0.148944 2.33386
v -0.22258 -0.134323 2.34153
v -0.201813 -0.203287 2.22265
v -0.211702 -0.18365 2.22661
v -0.210202 -0.207632 2.22757
v -0.212533 -0.197975 2.23254
v -0.214864 -0.188319 2.23751
v -0.21956 -0.212369 2.23441
v -0.219098 -0.204498 2.24226
v -0.218637 -0.196627 2.25011
v -0.22684 -0.220438 2.24422
v -0.229002 -0.212364 2.25154
v -0.231164 -0.20429 2.25886
v -0.237248 -0.229101 2.24879
v -0.237049 -0.225513 2.25985
v -0.23685 -0.221926 2.27091
v -0.24567 -0.240518 2.24957
v -0.250354 -0.238864 2.25919
v -0.255038 -0.237211 2.26882
v -0.265795 -0.25006 2.25434
v -0.205342 -0.188726 2.22583
v -0.208173 -0.198211 2.22342
v -0.203755 -0.190483 2.23054
v -0.204699 -0.195135 2.22877
v -0.205644 -0.199788 2.22701
v -0.198373 -0.19374 2.23345
v -0.201398 -0.197802 2.23318
v -0.204423 -0.201865 2.23291
v -0.193144 -0.19831 2.23504
v -0.196513 -0.201763 2.23659
v -0.199883 -0.205217 2.23813
v -0.188973 -0.202737 2.23183
v -0.19042 -0.206693 2.23505
v -0.191867 -0.210649 2.23827
v -0.181054 -0.207356 2.23205
v -0.183761 -0.21147 2.23244
v -0.186469 -0.215584 2.23283
v -0.175824 -0.215605 2.2331
v -0.155565 -0.0428651 1.73454
v -0.175183 -0.0421835 1.73242
v -0.194801 -0.0415019 1.73029
v -0.159134 -0.0511894 1.75377
v -0.177168 -0.0545544 1.74678
v -0.195201 -0.0579194 1.73979
v -0.16165 -0.0716307 1.7691
v -0.179397 -0.0735194 1.76085
v -0.197145 -0.0754082 1.7526
v -0.16729 -0.101753 1.77673
v -0.186125 -0.0973127 1.77339
v -0.20496 -0.0928727 1.77005
v -0.169378 -0.129161 1.76973
v -0.189215 -0.128075 1.77501
v -0.209052 -0.126988 1.78028
v -0.175781 -0.161119 1.76096
v -0.19468 -0.158115 1.76163
v -0.21358 -0.155112 1.7623
v -0.189875 -0.192193 1.76672
v -0.186723 -0.0307527 1.73075
v -0.163643 -0.0536143 1.73408
v -0.178868 -0.0222196 1.74111
v -0.170111 -0.0351426 1.74557
v -0.161355 -0.0480656 1.75004
v -0.169574 -0.0125372 1.75517
v -0.162002 -0.0257845 1.76079
v -0.154429 -0.0390317 1.76641
v -0.160119 -0.0018898 1.77442
v -0.15052 -0.0146828 1.77724
v -0.14092 -0.0274758 1.78005
v -0.145086 0.0134005 1.77956
v -0.137024 0.00282654 1.79015
v -0.128962 -0.00774741 1.80074
v -0.129798 0.0294315 1.78068
v -0.127696 0.0280273 1.79631
v -0.125594 0.0266231 1.81194
v -0.115353 0.0524568 1.80517
v -0.174355 -0.0591801 1.73315
v -0.176012 -0.0251869 1.73168
v -0.181244 -0.0582602 1.7492
v -0.184837 -0.0420786 1.74573
v -0.188431 -0.025897 1.74225
v -0.196806 -0.0592511 1.76222
v -0.197523 -0.0423106 1.76178
v -0.19824 -0.02537 1.76134
v -0.218915 -0.0572226 1.77333
v -0.215452 -0.0411909 1.77757
v -0.211989 -0.0251591 1.78181
v -0.240604 -0.0567755 1.7801
v -0.237475 -0.0443369 1.79235
v -0.234345 -0.0318982 1.80459
v -0.258909 -0.066029 1.79716
v -0.25513 -0.0575315 1.81082
v -0.251351 -0.0490339 1.82447
v -0.258025 -0.0794583 1.8311
v -0.16809 -0.0335649 1.73285
v -0.182276 -0.0508021 1.73198
v -0.163218 -0.0390007 1.74149
v -0.17264 -0.0447837 1.74257
v -0.182062 -0.0505668 1.74364
v -0.159188 -0.0450521 1.753
v -0.169845 -0.0470359 1.7555
v -0.180502 -0.0490198 1.75799
v -0.155953 -0.0476498 1.7683
v -0.166175 -0.0516417 1.77004
v -0.176396 -0.0556335 1.77177
v -0.149768 -0.053258 1.78149
v -0.160251 -0.052655 1.78649
v -0.170734 -0.052052 1.79149
v -0.141019 -0.0562558 1.79291
v -0.148745 -0.0593256 1.79986
v -0.156471 -0.0623954 1.80681
v -0.135969 -0.0699867 1.81037
v -0.180201 -0.0428964 1.73191
v -0.170165 -0.0414706 1.73292
v -0.180804 -0.0414346 1.73657
v -0.175926 -0.0400918 1.7368
v -0.171047 -0.038749 1.73703
v -0.181513 -0.0359088 1.73995
v -0.176815 -0.0365847 1.74174
v -0.172116 -0.0372606 1.74353
v -0.181213 -0.029843 1.74283
v -0.177632 -0.0310548 1.7462
v -0.174052 -0.0322665 1.74957
v -0.179049 -0.0237629 1.74178
v -0.176984 -0.0231055 1.74662
v -0.174919 -0.0224481 1.75146
v -0.181265 -0.0153406 1.74319
v -0.177066 -0.0145583 1.74568
v -0.172868 -0.013776 1.74816
v -0.180357 -0.00630433 1.74694
v 0.052591 -0.0360567 1.67517
v 0.0319037 -0.0366243 1.67995
v 0.0112164 -0.037192 1.68474
v 0.0559075 -0.0465067 1.69397
v 0.0354343 -0.0516704 1.69343
v 0.0149612 -0.0568341 1.69288
v 0.060922 -0.0688589 1.70631
v 0.0403851 -0.0737908 1.70515
v 0.0198482 -0.0787227 1.704
v 0.0633791 -0.100412 1.70999
v 0.0430436 -0.101604 1.71559
v 0.022708 -0.102796 1.72119
v 0.0648199 -0.126834 1.69849
v 0.0486318 -0.134198 1.71163
v 0.0324437 -0.141563 1.72477
v 0.0660892 -0.159497 1.68594
v 0.0479813 -0.165332 1.69384
v 0.0298734 -0.171167 1.70174
v 0.0683788 -0.196451 1.68981
v 0.0197775 -0.0259319 1.68224
v 0.0440299 -0.0473168 1.67766
v 0.0306011 -0.0160784 1.68904
v 0.0409109 -0.0285778 1.69008
v 0.0512208 -0.0410771 1.69112
v 0.0449428 -0.00505016 1.69787
v 0.0541789 -0.018233 1.70017
v 0.063415 -0.0314158 1.70247
v 0.0630072 0.00677347 1.71016
v 0.0719925 -0.00668927 1.70883
v 0.0809778 -0.020152 1.70751
v 0.0801507 0.0216131 1.70593
v 0.0910971 0.0100728 1.71192
v 0.102043 -0.00146754 1.71792
v 0.0958619 0.0356187 1.69754
v 0.105395 0.0335658 1.71001
v 0.114928 0.0315129 1.72249
v 0.125338 0.0542548 1.70861
v 0.0339696 -0.0535283 1.68027
v 0.0298378 -0.0197204 1.67964
v 0.0329582 -0.0527624 1.69742
v 0.0272878 -0.0368934 1.69573
v 0.0216174 -0.0210245 1.69404
v 0.0238551 -0.0544367 1.71538
v 0.0219229 -0.0375859 1.71547
v 0.0199907 -0.0207352 1.71555
v 0.00907867 -0.0534767 1.73601
v 0.0134021 -0.0371962 1.73781
v 0.0177255 -0.0209157 1.73961
v -0.0059864 -0.0540521 1.75437
v 0.0032988 -0.0411424 1.76222
v 0.012584 -0.0282327 1.77006
v -0.00910573 -0.0646347 1.77995
v 0.00212791 -0.0550531 1.78736
v 0.0133615 -0.0454716 1.79476
v 0.0173199 -0.076145 1.80236
v 0.0382013 -0.0275902 1.67808
v 0.025606 -0.0456585 1.68182
v 0.0453158 -0.0321143 1.68479
v 0.037311 -0.0385002 1.68909
v 0.0293062 -0.0448861 1.6934
v 0.052848 -0.0369573 1.69393
v 0.0442863 -0.0396539 1.7005
v 0.0357246 -0.0423506 1.70707
v 0.0612638 -0.0376569 1.70608
v 0.0537882 -0.0426466 1.71261
v 0.0463126 -0.0476363 1.71914
v 0.0727283 -0.0410727 1.71439
v 0.0667022 -0.0410522 1.72434
v 0.0606761 -0.0410317 1.73428
v 0.0860087 -0.0412996 1.71907
v 0.0845766 -0.0443632 1.72936
v 0.0831444 -0.0474269 1.73965
v 0.103083 -0.0509362 1.73066
v 0.0270508 -0.0376444 1.68112
v 0.0367565 -0.0356043 1.67879
v 0.0281212 -0.0365992 1.68614
v 0.032676 -0.0350539 1.68455
v 0.0372308 -0.0335085 1.68296
v 0.0289916 -0.031279 1.69067
v 0.0339023 -0.0322496 1.68985
v 0.0388131 -0.0332201 1.68903
v 0.031256 -0.0252973 1.69426
v 0.0357576 -0.0275322 1.69489
v 0.0402591 -0.0297672 1.69553
v 0.0337381 -0.0189226 1.69304
v 0.0380666 -0.019956 1.69592
v 0.0423951 -0.0209894 1.69881
v 0.0354578 -0.0103615 1.69612
v 0.0402286 -0.0116322 1.69596
v 0.0449994 -0.0129029 1.69579
v 0.0416482 -0.00341651 1.69928
v -0.0539199 -0.13591 1.32416
v -0.0443542 -0.152901 1.32088
v -0.0347885 -0.169892 1.3176
v -0.0411257 -0.133417 1.34136
v -0.0303066 -0.147236 1.33249
v -0.0194875 -0.161054 1.32363
v -0.0193898 -0.123709 1.35189
v -0.0105005 -0.138281 1.34208
v -0.0016112 -0.152854 1.33226
v 0.0101868 -0.112284 1.35206
v 0.0154997 -0.130855 1.34837
v 0.0208126 -0.149426 1.34469
v 0.0323917 -0.100044 1.33859
v 0.0427951 -0.117362 1.34253
v 0.0531986 -0.13468 1.34648
v 0.0603419 -0.0895868 1.32247
v 0.067557 -0.107353 1.32251
v 0.0747721 -0.12512 1.32254
v 0.0947363 -0.0856053 1.32108
v -0.0481814 -0.168455 1.31771
v -0.040527 -0.137347 1.32404
v -0.0612149 -0.16608 1.32511
v -0.0557498 -0.152311 1.33175
v -0.0502846 -0.138543 1.3384
v -0.0769338 -0.163341 1.33524
v -0.0714139 -0.150413 1.34341
v -0.0658941 -0.137484 1.35158
v -0.0953725 -0.161504 1.34954
v -0.0909499 -0.146809 1.35485
v -0.0865274 -0.132115 1.36017
v -0.116523 -0.15697 1.34792
v -0.115951 -0.14514 1.36011
v -0.115379 -0.133311 1.37231
v -0.137602 -0.152791 1.34195
v -0.142657 -0.151162 1.35687
v -0.147712 -0.149534 1.37179
v -0.171247 -0.154312 1.35625
v -0.0302265 -0.143609 1.32292
v -0.0584818 -0.162193 1.31883
v -0.0265563 -0.153393 1.33734
v -0.0388228 -0.163744 1.33193
v -0.0510894 -0.174095 1.32653
v -0.0169725 -0.169118 1.34667
v -0.0313356 -0.177912 1.34466
v -0.0456987 -0.186706 1.34264
v -0.00709498 -0.19153 1.35154
v -0.0225268 -0.197529 1.35513
v -0.0379586 -0.203528 1.35871
v 0.00350787 -0.211819 1.35193
v -0.00828749 -0.218589 1.36331
v -0.0200828 -0.225359 1.37469
v 0.0211406 -0.228183 1.36363
v 0.012519 -0.233133 1.37682
v 0.00389751 -0.238082 1.39001
v 0.034595 -0.233506 1.39715
v -0.0553999 -0.151247 1.32107
v -0.0333085 -0.154555 1.32069
v -0.0534167 -0.144154 1.32958
v -0.0436297 -0.149216 1.33099
v -0.0338427 -0.154278 1.33239
v -0.0505796 -0.137385 1.34096
v -0.0434412 -0.145409 1.34385
v -0.0363027 -0.153433 1.34675
v -0.0504874 -0.132958 1.35606
v -0.0418196 -0.139533 1.35831
v -0.0331519 -0.146109 1.36056
v -0.0493728 -0.124412 1.36893
v -0.0446347 -0.13346 1.37449
v -0.0398966 -0.142509 1.38005
v -0.0518983 -0.115051 1.37985
v -0.0455723 -0.119674 1.38733
v -0.0392462 -0.124298 1.39481
v -0.0438261 -0.102763 1.39724
v -0.0411512 -0.156792 1.32014
v -0.0475572 -0.14901 1.32162
v -0.0425319 -0.158647 1.32446
v -0.0461888 -0.155163 1.32484
v -0.0498457 -0.151679 1.32522
v -0.0471904 -0.162433 1.32671
v -0.0492742 -0.158419 1.329
v -0.0513581 -0.154405 1.3313
v -0.0527615 -0.165608 1.32829
v -0.0541026 -0.162639 1.33217
v -0.0554437 -0.159671 1.33605
v -0.0588807 -0.166602 1.32614
v -0.061162 -0.166153 1.3309
v -0.0634433 -0.165703 1.33567
v -0.0647791 -0.173098 1.32556
v -0.0680616 -0.170513 1.32819
v -0.0713441 -0.167927 1.33083
v -0.0731216 -0.177895 1.32753
v -0.145652 0.135668 1.27248
v -0.137855 0.11396 1.27505
v -0.130058 0.0922519 1.27762
v -0.134234 0.140742 1.29327
v -0.122495 0.121205 1.28966
v -0.110756 0.101667 1.28605
v -0.11096 0.151841 1.30674
v -0.100072 0.131949 1.30228
v -0.0891846 0.112056 1.29783
v -0.0774615 0.163281 1.30994
v -0.0707415 0.141396 1.31289
v -0.0640216 0.11951 1.31583
v -0.0501195 0.173388 1.29644
v -0.0378251 0.156144 1.30806
v -0.0255306 0.138899 1.31969
v -0.0160023 0.183783 1.28136
v -0.00565269 0.164735 1.28741
v 0.00469687 0.145687 1.29346
v 0.0234132 0.193342 1.28442
v -0.144106 0.0988786 1.27535
v -0.131605 0.129041 1.27475
v -0.157358 0.105164 1.28106
v -0.149509 0.118978 1.2844
v -0.141659 0.132792 1.28775
v -0.173262 0.113726 1.28869
v -0.164998 0.126886 1.29348
v -0.156735 0.140047 1.29827
v -0.192028 0.124441 1.29975
v -0.183459 0.138173 1.30106
v -0.17489 0.151906 1.30237
v -0.211492 0.134308 1.29401
v -0.206881 0.148444 1.30225
v -0.202269 0.162581 1.31049
v -0.229752 0.143241 1.28418
v -0.233839 0.151254 1.29722
v -0.237927 0.159267 1.31025
v -0.261099 0.159661 1.29349
v -0.122517 0.121229 1.27647
v -0.153194 0.106691 1.27363
v -0.121912 0.1154 1.29304
v -0.135272 0.105774 1.28907
v -0.148633 0.096148 1.28511
v -0.116271 0.102126 1.30762
v -0.131691 0.0951992 1.30622
v -0.14711 0.0882729 1.30483
v -0.111198 0.081473 1.32113
v -0.127806 0.079414 1.32377
v -0.144413 0.0773549 1.3264
v -0.104768 0.0614605 1.33066
v -0.118926 0.0613655 1.34133
v -0.133085 0.0612706 1.35201
v -0.0919453 0.0491247 1.35093
v -0.102979 0.0512696 1.36303
v -0.114013 0.0534145 1.37514
v -0.0842875 0.0584877 1.38537
v -0.148414 0.117247 1.27347
v -0.127297 0.110673 1.27663
v -0.145886 0.125721 1.27965
v -0.137243 0.120155 1.28386
v -0.128599 0.114589 1.28806
v -0.142979 0.134829 1.28809
v -0.137563 0.12785 1.29485
v -0.132147 0.120872 1.30161
v -0.143934 0.143963 1.29972
v -0.136611 0.138658 1.30617
v -0.129287 0.133353 1.31263
v -0.143182 0.156492 1.30693
v -0.140763 0.151613 1.31721
v -0.138344 0.146734 1.32748
v -0.145948 0.169863 1.31064
v -0.14166 0.170145 1.32059
v -0.137373 0.170427 1.33053
v -0.139557 0.1897 1.31984
v -0.135342 0.109576 1.27569
v -0.140369 0.118344 1.27441
v -0.137654 0.109007 1.28027
v -0.140482 0.113044 1.2791
v -0.143311 0.11708 1.27794
v -0.14353 0.106801 1.28277
v -0.144673 0.111707 1.28336
v -0.145817 0.116614 1.28395
v -0.150211 0.105556 1.28412
v -0.150845 0.109968 1.28653
v -0.15148 0.11438 1.28893
v -0.156169 0.105633 1.28094
v -0.158492 0.108511 1.28474
v -0.160814 0.111388 1.28854
v -0.164434 0.101963 1.28067
v -0.166292 0.106399 1.2818
v -0.16815 0.110835 1.28292
v -0.174183 0.102124 1.28187
v 0.0755823 0.0832933 0.956427
v 0.0862327 0.0995704 0.952725
v 0.0968831 0.115848 0.949024
v 0.0692438 0.0930496 0.974665
v 0.075998 0.109212 0.965674
v 0.0827521 0.125374 0.956684
v 0.0520542 0.107909 0.987593
v 0.0602743 0.122661 0.977414
v 0.0684945 0.137413 0.967234
v 0.0289322 0.12973 0.991108
v 0.0430851 0.142586 0.986389
v 0.0572381 0.155442 0.98167
v 0.00703691 0.145263 0.980483
v 0.0188362 0.161815 0.983905
v 0.0306355 0.178368 0.987327
v -0.0156754 0.166976 0.96726
v -0.00246614 0.180898 0.966593
v 0.0107431 0.194821 0.965926
v -0.0335026 0.196724 0.968455
v 0.101832 0.10332 0.949691
v 0.070633 0.095821 0.955759
v 0.105719 0.0916629 0.958731
v 0.0907448 0.0906726 0.964929
v 0.0757711 0.0896822 0.971128
v 0.110449 0.0779753 0.971054
v 0.0960913 0.0777478 0.978684
v 0.0817342 0.0775204 0.986313
v 0.11704 0.0632485 0.9881
v 0.101778 0.0608638 0.993115
v 0.0865174 0.0584791 0.99813
v 0.123272 0.0426128 0.99022
v 0.112047 0.0394026 1.00257
v 0.100821 0.0361925 1.01493
v 0.130032 0.0215712 0.988127
v 0.130415 0.0188773 1.00373
v 0.130798 0.0161833 1.01933
v 0.147385 -0.00401144 1.0077
v 0.0713963 0.107804 0.954209
v 0.101069 0.0913369 0.951242
v 0.0777356 0.115428 0.96887
v 0.0928405 0.109427 0.964107
v 0.107945 0.103426 0.959345
v 0.086681 0.131076 0.978639
v 0.101301 0.12258 0.977304
v 0.11592 0.114085 0.975969
v 0.101425 0.150228 0.984349
v 0.113885 0.139539 0.98853
v 0.126345 0.128851 0.992712
v 0.114052 0.16914 0.985521
v 0.125073 0.162077 0.997482
v 0.136093 0.155015 1.00944
v 0.11906 0.19236 0.997639
v 0.126829 0.187242 1.01129
v 0.134597 0.182124 1.02494
v 0.114952 0.206425 1.03108
v 0.0899101 0.0890421 0.953366
v 0.0825554 0.110099 0.952084
v 0.0826574 0.08785 0.962018
v 0.0826176 0.0989251 0.962864
v 0.0825778 0.11 0.963711
v 0.0752827 0.0877942 0.973516
v 0.0791305 0.0979807 0.975789
v 0.0829783 0.108167 0.978063
v 0.0711835 0.0867862 0.988867
v 0.0731335 0.0976322 0.990278
v 0.0750835 0.108478 0.99169
v 0.0629807 0.0848734 1.00207
v 0.0689448 0.0936589 1.00681
v 0.0749088 0.102444 1.01156
v 0.0555841 0.0794665 1.01365
v 0.0569844 0.0879555 1.02024
v 0.0583846 0.0964444 1.02682
v 0.0409528 0.0833326 1.03068
v 0.0881967 0.104188 0.951851
v 0.0842688 0.0949527 0.9536
v 0.0903988 0.103987 0.956194
v 0.0890314 0.0991416 0.956746
v 0.0876639 0.0942961 0.957298
v 0.0958701 0.101749 0.958605
v 0.0932844 0.0981175 0.961025
v 0.0906987 0.0944865 0.963446
v 0.10126 0.0984355 0.960438
v 0.0992307 0.0960278 0.964406
v 0.0972009 0.09362 0.968374
v 0.105101 0.0934645 0.958617
v 0.105737 0.0914857 0.963496
v 0.106373 0.089507 0.968374
v 0.113632 0.0914811 0.958298
v 0.112956 0.0874712 0.961103
v 0.11228 0.0834613 0.963907
v 0.121883 0.0866824 0.960622
v -0.0940703 -0.225166 0.911043
v -0.0835614 -0.204542 0.912719
v -0.0730525 -0.183917 0.914396
v -0.105739 -0.21934 0.931686
v -0.0993617 -0.197655 0.927033
v -0.0929842 -0.17597 0.92238
v -0.129903 -0.209067 0.944718
v -0.122482 -0.187892 0.939182
v -0.115061 -0.166716 0.933645
v -0.161086 -0.191683 0.947052
v -0.14919 -0.171996 0.948977
v -0.137294 -0.152308 0.950903
v -0.187 -0.178596 0.932771
v -0.182078 -0.157457 0.943386
v -0.177156 -0.136319 0.954
v -0.217363 -0.160395 0.916691
v -0.209699 -0.139874 0.921862
v -0.202035 -0.119353 0.927033
v -0.250346 -0.136684 0.918737
v -0.0682821 -0.198784 0.912783
v -0.0988407 -0.2103 0.912656
v -0.0638215 -0.212468 0.919081
v -0.0792629 -0.216058 0.922588
v -0.0947043 -0.219647 0.926094
v -0.0591704 -0.229508 0.927527
v -0.0744121 -0.232305 0.932452
v -0.0896537 -0.235102 0.937378
v -0.054069 -0.249878 0.939635
v -0.0699266 -0.253058 0.941106
v -0.0857842 -0.256237 0.942576
v -0.0478281 -0.27099 0.935021
v -0.0612322 -0.277013 0.943565
v -0.0746363 -0.283036 0.952109
v -0.0416898 -0.290779 0.926213
v -0.0446076 -0.298651 0.939639
v -0.0475254 -0.306524 0.953066
v -0.031683 -0.324233 0.937144
v -0.0993538 -0.198263 0.913852
v -0.067769 -0.210821 0.911587
v -0.0955355 -0.193131 0.930187
v -0.0793643 -0.196455 0.926407
v -0.0631931 -0.199779 0.922627
v -0.0897794 -0.179257 0.94403
v -0.0741393 -0.185745 0.943042
v -0.0584991 -0.192233 0.942055
v -0.0783853 -0.160706 0.956374
v -0.0653893 -0.171036 0.959748
v -0.0523933 -0.181365 0.963121
v -0.0684968 -0.14173 0.964548
v -0.0585761 -0.150958 0.975987
v -0.0486555 -0.160185 0.987426
v -0.068632 -0.122554 0.983301
v -0.0625105 -0.130875 0.996191
v -0.056389 -0.139197 1.00908
v -0.080745 -0.12057 1.01768
v -0.0787402 -0.214554 0.91158
v -0.0883826 -0.19453 0.913859
v -0.0867041 -0.218263 0.917987
v -0.088508 -0.207943 0.921678
v -0.0903119 -0.197623 0.925368
v -0.0954119 -0.221952 0.926695
v -0.0939389 -0.212854 0.932924
v -0.092466 -0.203757 0.939154
v -0.101597 -0.228192 0.938806
v -0.102558 -0.218772 0.944617
v -0.103518 -0.209352 0.950428
v -0.11145 -0.23557 0.946586
v -0.109426 -0.229726 0.956433
v -0.107402 -0.223881 0.966281
v -0.11966 -0.246229 0.951147
v -0.12271 -0.24238 0.960803
v -0.12576 -0.238532 0.97046
v -0.138865 -0.253621 0.960909
v -0.0820807 -0.199687 0.913147
v -0.0850421 -0.209397 0.912292
v -0.0801134 -0.200772 0.91775
v -0.0810996 -0.205654 0.916828
v -0.0820859 -0.210536 0.915907
v -0.0745107 -0.203377 0.92036
v -0.0772528 -0.207563 0.921188
v -0.0799949 -0.211749 0.922016
v -0.069022 -0.207222 0.921927
v -0.0717232 -0.210616 0.924544
v -0.0744245 -0.21401 0.927161
v -0.0649293 -0.211687 0.919035
v -0.0653168 -0.215142 0.923039
v -0.0657043 -0.218596 0.927043
v -0.0565153 -0.214905 0.91898
v -0.0582954 -0.219309 0.920338
v -0.0600755 -0.223712 0.921696
v -0.049668 -0.221773 0.920547
v -0.122171 -0.0421401 2.34542
v -0.115535 -0.0409511 2.34339
v -0.114079 -0.0478009 2.34414
v -0.120716 -0.0489899 2.34617
v -0.116318 -0.038391 2.36524
v -0.109796 -0.0372377 2.36311
v -0.108323 -0.0439838 2.36397
v -0.114846 -0.045137 2.3661
v -0.110212 -0.0345278 2.38496
v -0.103988 -0.033435 2.38287
v -0.102564 -0.0398778 2.38374
v -0.108787 -0.0409706 2.38583
v -0.103692 -0.0301591 2.40444
v -0.0978975 -0.0291636 2.40234
v -0.0965196 -0.0351765 2.4033
v -0.102314 -0.036172 2.40539
v -0.096333 -0.0245155 2.42328
v -0.0910773 -0.0236744 2.42105
v -0.0897008 -0.029155 2.42223
v -0.0949566 -0.0299961 2.42446
v -0.0879274 -0.0172049 2.44109
v -0.0832903 -0.0165653 2.43872
v -0.0818961 -0.0214241 2.44013
v -0.0865332 -0.0220638 2.4425
v -0.0784804 -0.00816859 2.45753
v -0.0745148 -0.0077531 2.45511
v -0.0731182 -0.0119197 2.45668
v -0.0770838 -0.0123352 2.4591
v -0.0891632 0.000924862 2.46935
v -0.086148 0.00347473 2.46971
v -0.0846534 0.00128583 2.47266
v -0.0876686 -0.00126405 2.4723
v -0.106679 0.00611904 2.46557
v -0.105986 0.00892263 2.46648
v -0.106724 0.00818119 2.46932
v -0.107417 0.0053776 2.46841
v -0.113507 0.00664911 2.44753
v -0.11397 0.00856288 2.44774
v -0.115744 0.0080558 2.44846
v -0.115282 0.00614203 2.44825
v -0.216936 -0.214306 2.26789
v -0.210355 -0.212246 2.26932
v -0.207908 -0.218391 2.2669
v -0.214489 -0.22045 2.26547
v -0.218264 -0.2221 2.28734
v -0.211753 -0.220017 2.28864
v -0.209344 -0.226136 2.28637
v -0.215855 -0.228219 2.28507
v -0.219348 -0.229746 2.30687
v -0.213116 -0.227733 2.30806
v -0.210815 -0.233608 2.30594
v -0.217047 -0.235621 2.30475
v -0.220071 -0.236843 2.32663
v -0.214219 -0.234905 2.3276
v -0.212069 -0.240464 2.32575
v -0.217921 -0.242403 2.32477
v -0.220062 -0.242532 2.34684
v -0.214641 -0.240644 2.34744
v -0.212662 -0.24588 2.34603
v -0.218084 -0.247768 2.34544
v -0.21908 -0.246265 2.36749
v -0.214153 -0.244462 2.36765
v -0.212351 -0.24931 2.36675
v -0.217278 -0.251113 2.36659
v -0.217042 -0.247814 2.38834
v -0.212682 -0.246166 2.3881
v -0.211059 -0.250521 2.38768
v -0.215418 -0.252169 2.38792
v -0.232368 -0.246622 2.39834
v -0.230159 -0.244714 2.40103
v -0.229247 -0.248175 2.40274
v -0.231456 -0.250083 2.40005
v -0.248542 -0.240069 2.39174
v -0.248715 -0.238232 2.39415
v -0.25013 -0.240406 2.39571
v -0.249957 -0.242244 2.39331
v -0.249493 -0.229671 2.37553
v -0.250356 -0.228183 2.3765
v -0.252133 -0.228987 2.37616
v -0.251269 -0.230475 2.37518
v -0.191093 -0.0426792 1.77885
v -0.195377 -0.0376565 1.7764
v -0.190592 -0.0327641 1.77806
v -0.186307 -0.0377868 1.78051
v -0.200189 -0.0406591 1.79767
v -0.204369 -0.0357084 1.79513
v -0.199694 -0.0308629 1.79689
v -0.195514 -0.0358135 1.79942
v -0.209503 -0.0384832 1.81636
v -0.213476 -0.0337527 1.81389
v -0.209029 -0.0291123 1.81562
v -0.205056 -0.0338428 1.81809
v -0.219425 -0.0362232 1.83473
v -0.223085 -0.0318004 1.83228
v -0.218981 -0.0274348 1.83403
v -0.215321 -0.0318576 1.83648
v -0.230767 -0.0339189 1.85226
v -0.233988 -0.0298593 1.84972
v -0.230357 -0.0257924 1.85161
v -0.227135 -0.0298519 1.85415
v -0.24391 -0.0315904 1.86848
v -0.246609 -0.0279356 1.86585
v -0.243536 -0.0242002 1.86789
v -0.240837 -0.0278551 1.87052
v -0.258851 -0.0292598 1.88305
v -0.260995 -0.0260458 1.88044
v -0.258519 -0.0226894 1.88253
v -0.256376 -0.0259034 1.88515
v -0.262297 -0.04367 1.89387
v -0.266093 -0.0425308 1.89374
v -0.265507 -0.0402216 1.89691
v -0.261711 -0.0413609 1.89704
v -0.256593 -0.0610277 1.89009
v -0.259421 -0.0620015 1.89057
v -0.258812 -0.0623457 1.89351
v -0.255984 -0.0613719 1.89304
v -0.250771 -0.0662588 1.87246
v -0.252137 -0.0676911 1.87241
v -0.25086 -0.0689393 1.87327
v -0.249493 -0.067507 1.87332
v 0.0543361 -0.0365039 1.72361
v 0.0493935 -0.0316939 1.72503
v 0.0536994 -0.0266003 1.72277
v 0.058642 -0.0314103 1.72135
v 0.061502 -0.0343268 1.74323
v 0.0565739 -0.0295873 1.74452
v 0.0608729 -0.024542 1.7424
v 0.065801 -0.0292815 1.74111
v 0.0684218 -0.0320046 1.76292
v 0.0636888 -0.0274765 1.7641
v 0.0678201 -0.0226445 1.76213
v 0.0725532 -0.0271727 1.76095
v 0.074683 -0.0296273 1.78283
v 0.0701985 -0.0253952 1.7838
v 0.0741186 -0.0208491 1.78209
v 0.0786031 -0.0250812 1.78112
v 0.0793491 -0.0272756 1.80317
v 0.0751184 -0.0233937 1.80376
v 0.0788273 -0.0191586 1.80248
v 0.083058 -0.0230405 1.8019
v 0.0818252 -0.0249943 1.8239
v 0.0779105 -0.021501 1.82405
v 0.0813507 -0.0176127 1.82328
v 0.0852655 -0.021106 1.82313
v 0.0818738 -0.0228134 1.84479
v 0.0783699 -0.0197412 1.84454
v 0.0814519 -0.0162507 1.84424
v 0.0849559 -0.0193228 1.84448
v 0.0878763 -0.0370583 1.85467
v 0.0851071 -0.0360534 1.85732
v 0.0876994 -0.033647 1.85912
v 0.0904686 -0.0346519 1.85646
v 0.0898348 -0.0542993 1.84781
v 0.0882553 -0.0553573 1.85017
v 0.0908129 -0.0556066 1.85177
v 0.0923924 -0.0545486 1.84941
v 0.0813914 -0.059767 1.83135
v 0.0804692 -0.061246 1.83229
v 0.0820214 -0.0624279 1.83195
v 0.0829436 -0.0609489 1.83102
v -0.0397437 -0.175898 1.36399
v -0.0417789 -0.181432 1.36014
v -0.0485114 -0.179974 1.36161
v -0.0464761 -0.17444 1.36546
v -0.0384888 -0.188535 1.38072
v -0.0405068 -0.193928 1.37681
v -0.0471513 -0.192563 1.37836
v -0.0451334 -0.18717 1.38227
v -0.0372513 -0.201408 1.39727
v -0.0391853 -0.206532 1.39349
v -0.0455378 -0.20526 1.39501
v -0.0436037 -0.200136 1.39879
v -0.0357601 -0.214775 1.4134
v -0.0375849 -0.219491 1.40974
v -0.0435315 -0.218388 1.41128
v -0.0417067 -0.213672 1.41494
v -0.033538 -0.229206 1.42849
v -0.035258 -0.233356 1.42487
v -0.0407241 -0.232547 1.42654
v -0.0390041 -0.228397 1.43016
v -0.0303432 -0.244922 1.44206
v -0.0319639 -0.248416 1.43849
v -0.0368782 -0.24796 1.44028
v -0.0352574 -0.244466 1.44384
v -0.0261307 -0.261844 1.45376
v -0.0276455 -0.264656 1.45036
v -0.0319407 -0.264545 1.45218
v -0.0304259 -0.261734 1.45559
v -0.0128113 -0.260246 1.46628
v -0.0119106 -0.264012 1.46542
v -0.0144508 -0.265251 1.4682
v -0.0153515 -0.261485 1.46906
v -0.000306192 -0.246401 1.46635
v 0.00189759 -0.248465 1.46658
v 0.00166077 -0.248389 1.4696
v -0.000543009 -0.246325 1.46937
v 0.00274269 -0.235305 1.45087
v 0.00466176 -0.235792 1.45087
v 0.0050429 -0.234284 1.4521
v 0.00312383 -0.233797 1.4521
v -0.146667 0.120851 1.32284
v -0.149382 0.114379 1.32227
v -0.155658 0.117152 1.32068
v -0.152942 0.123624 1.32126
v -0.151551 0.120625 1.34327
v -0.154204 0.11423 1.34257
v -0.160434 0.116971 1.34113
v -0.157781 0.123366 1.34182
v -0.156483 0.120109 1.36367
v -0.159008 0.113993 1.36296
v -0.16498 0.116613 1.36163
v -0.162455 0.12273 1.36235
v -0.16123 0.118923 1.3841
v -0.163566 0.113192 1.38328
v -0.169199 0.115645 1.38218
v -0.166863 0.121376 1.38299
v -0.165383 0.116195 1.4045
v -0.167479 0.110923 1.40344
v -0.172752 0.113163 1.40273
v -0.170655 0.118434 1.4038
v -0.168683 0.111422 1.42469
v -0.170525 0.106696 1.42334
v -0.175384 0.108665 1.42308
v -0.173542 0.113391 1.42443
v -0.171013 0.104473 1.44437
v -0.172606 0.100376 1.44281
v -0.176971 0.102022 1.44294
v -0.175378 0.106119 1.44451
v -0.160038 0.111732 1.45715
v -0.160009 0.108128 1.45881
v -0.163214 0.10908 1.46094
v -0.163243 0.112684 1.45929
v -0.144583 0.121415 1.45322
v -0.143057 0.119664 1.45516
v -0.143771 0.121549 1.45742
v -0.145297 0.1233 1.45548
v -0.136211 0.120681 1.43586
v -0.134512 0.120083 1.43668
v -0.133967 0.121971 1.43692
v -0.135666 0.122568 1.4361
v 0.102354 0.118353 0.995111
v 0.108332 0.118951 0.991436
v 0.11026 0.112507 0.993524
v 0.104282 0.11191 0.997199
v 0.112115 0.126982 1.01158
v 0.117963 0.127521 1.00785
v 0.119926 0.121206 1.01001
v 0.114077 0.120666 1.01374
v 0.122097 0.135694 1.02788
v 0.127665 0.136186 1.02426
v 0.129568 0.130169 1.02638
v 0.124 0.129676 1.02999
v 0.132404 0.144832 1.04373
v 0.137558 0.145231 1.04023
v 0.139411 0.139651 1.04232
v 0.134258 0.139252 1.04582
v 0.14333 0.155038 1.05848
v 0.147936 0.155256 1.05501
v 0.149809 0.150246 1.05718
v 0.145202 0.150028 1.06065
v 0.15497 0.166586 1.07161
v 0.158952 0.166576 1.06819
v 0.160862 0.162228 1.07042
v 0.156879 0.162238 1.07384
v 0.167245 0.17945 1.08279
v 0.170574 0.179215 1.07952
v 0.172484 0.175576 1.08173
v 0.169155 0.175812 1.085
v 0.158892 0.191305 1.09402
v 0.161782 0.193848 1.09306
v 0.163982 0.192472 1.09606
v 0.161092 0.189929 1.09702
v 0.140732 0.195463 1.09301
v 0.14146 0.198402 1.09302
v 0.141386 0.198411 1.09605
v 0.140658 0.195472 1.09604
v 0.130184 0.191432 1.07737
v 0.12968 0.193338 1.07719
v 0.128129 0.19304 1.07839
v 0.128633 0.191133 1.07856
v -0.0826184 -0.210614 0.961417
v -0.0760344 -0.208254 0.960595
v -0.0737771 -0.214864 0.959698
v -0.0803611 -0.217224 0.960519
v -0.0791346 -0.21187 0.982088
v -0.0726496 -0.209529 0.981152
v -0.0703994 -0.216068 0.980389
v -0.0768843 -0.218409 0.981326
v -0.0754063 -0.212964 1.00273
v -0.0692122 -0.210722 1.00178
v -0.0670503 -0.216981 1.0011
v -0.0732444 -0.219223 1.00205
v -0.0713142 -0.213469 1.02332
v -0.0655305 -0.211361 1.02228
v -0.0634776 -0.217236 1.0218
v -0.0692612 -0.219343 1.02283
v -0.0665003 -0.212495 1.04374
v -0.0612162 -0.210552 1.04247
v -0.059254 -0.215978 1.04233
v -0.064538 -0.217921 1.0436
v -0.0607744 -0.209538 1.06373
v -0.0560621 -0.20781 1.06219
v -0.0541846 -0.212705 1.06245
v -0.0588969 -0.214433 1.06399
v -0.0541193 -0.204451 1.08299
v -0.0500364 -0.202992 1.08127
v -0.0482606 -0.207267 1.08185
v -0.0523435 -0.208727 1.08358
v -0.0669249 -0.200062 1.09537
v -0.0643117 -0.197421 1.09676
v -0.0628215 -0.200173 1.09919
v -0.0654347 -0.202814 1.09781
v -0.084547 -0.195814 1.09096
v -0.0843102 -0.193313 1.09265
v -0.0852021 -0.194874 1.09508
v -0.0854388 -0.197376 1.09339
v -0.0897117 -0.191052 1.07299
v -0.0904357 -0.189324 1.07363
v -0.0921872 -0.190184 1.07397
v -0.0914632 -0.191911 1.07333
v -0.110481 0.00264475 2.46516
v -0.104507 -0.00227926 2.45714
v -0.104446 0.00761973 2.45721
v -0.112354 0.0125931 2.46049
v -0.120324 0.00766753 2.46368
v -0.120386 -0.00223146 2.46361
v -0.112477 -0.00720487 2.46033
v -0.105901 -0.00422008 2.44432
v -0.105814 0.00977921 2.44443
v -0.116998 0.0168127 2.44906
v -0.128269 0.00984682 2.45358
v -0.128356 -0.00415249 2.45347
v -0.117172 -0.0111859 2.44884
v -0.113846 -0.0020408 2.43422
v -0.113784 0.0078582 2.4343
v -0.121693 0.0128316 2.43757
v -0.129663 0.007906 2.44077
v -0.129724 -0.001993 2.44069
v -0.121816 -0.0069664 2.43741
v -0.123689 0.00298198 2.43275
v -0.251294 -0.242718 2.38826
v -0.242321 -0.242475 2.38165
v -0.244193 -0.234246 2.38683
v -0.253525 -0.231826 2.38907
v -0.260987 -0.237636 2.38615
v -0.259115 -0.245866 2.38097
v -0.249783 -0.248285 2.37873
v -0.239326 -0.237049 2.37018
v -0.241972 -0.225411 2.3775
v -0.255171 -0.221989 2.38068
v -0.265723 -0.230206 2.37654
v -0.263076 -0.241844 2.36922
v -0.249878 -0.245265 2.36604
v -0.244062 -0.229619 2.36058
v -0.245933 -0.221389 2.36575
v -0.255266 -0.21897 2.368
v -0.262727 -0.22478 2.36507
v -0.260856 -0.233009 2.3599
v -0.251523 -0.235429 2.35765
v -0.253755 -0.224537 2.35846
v -0.251598 -0.062327 1.89034
v -0.249604 -0.0542933 1.88287
v -0.257855 -0.0595952 1.88153
v -0.258168 -0.069072 1.88437
v -0.25023 -0.0732468 1.88856
v -0.241979 -0.0679449 1.88991
v -0.241666 -0.0584682 1.88707
v -0.245416 -0.0538518 1.87054
v -0.257084 -0.0613498 1.86863
v -0.257527 -0.074752 1.87266
v -0.246301 -0.0806561 1.87858
v -0.234633 -0.0731581 1.88049
v -0.23419 -0.059756 1.87646
v -0.241487 -0.0612611 1.86056
v -0.249738 -0.066563 1.85921
v -0.250051 -0.0760398 1.86206
v -0.242113 -0.0802146 1.86625
v -0.233862 -0.0749127 1.86759
v -0.233549 -0.065436 1.86475
v -0.240119 -0.0721809 1.85878
v 0.0935272 -0.05542 1.84438
v 0.0891963 -0.0475119 1.83782
v 0.0827337 -0.0531255 1.84279
v 0.0849612 -0.0625333 1.84492
v 0.0936514 -0.0663275 1.84208
v 0.100114 -0.0607139 1.83711
v 0.0978865 -0.0513061 1.83498
v 0.0831957 -0.0472357 1.82625
v 0.0740562 -0.0551746 1.83328
v 0.0772064 -0.0684792 1.83629
v 0.0894962 -0.073845 1.83227
v 0.0986357 -0.0659062 1.82524
v 0.0954855 -0.0526015 1.82223
v 0.0790405 -0.0547532 1.81644
v 0.0725779 -0.0603668 1.82142
v 0.0748054 -0.0697746 1.82355
v 0.0834956 -0.0735688 1.8207
v 0.0899582 -0.0679552 1.81573
v 0.0877307 -0.0585474 1.8136
v 0.0791647 -0.0656608 1.81415
v -0.00167042 -0.241556 1.46752
v -0.00901804 -0.242087 1.45915
v -0.000242879 -0.24639 1.45758
v 0.00788958 -0.242783 1.46192
v 0.00724688 -0.234874 1.46784
v -0.00152829 -0.230571 1.46942
v -0.00966075 -0.234178 1.46507
v -0.0104919 -0.236156 1.44764
v 0.00191809 -0.242241 1.44541
v 0.0134191 -0.23714 1.45155
v 0.0125102 -0.225955 1.45992
v 0.000100247 -0.21987 1.46215
v -0.0114008 -0.224971 1.45601
v -0.00522854 -0.227237 1.43972
v 0.00354663 -0.23154 1.43815
v 0.0116791 -0.227933 1.44249
v 0.0110364 -0.220024 1.44841
v 0.00226122 -0.215721 1.44998
v -0.00587124 -0.219328 1.44564
v 0.00368876 -0.220555 1.44004
v -0.144828 0.126115 1.45109
v -0.150545 0.121516 1.4427
v -0.143041 0.116188 1.44634
v -0.135106 0.120748 1.45011
v -0.134674 0.130638 1.45024
v -0.142178 0.135966 1.44659
v -0.150114 0.131406 1.44282
v -0.148477 0.119535 1.42998
v -0.137865 0.112 1.43514
v -0.126642 0.118449 1.44047
v -0.126032 0.132435 1.44065
v -0.136644 0.139971 1.43549
v -0.147867 0.133521 1.43016
v -0.139835 0.121332 1.42039
v -0.132331 0.116004 1.42403
v -0.124395 0.120565 1.4278
v -0.123964 0.130454 1.42793
v -0.131468 0.135782 1.42428
v -0.139404 0.131222 1.42051
v -0.129681 0.125855 1.41954
v 0.137111 0.192019 1.09432
v 0.141473 0.185187 1.08667
v 0.141047 0.194781 1.08427
v 0.13378 0.200465 1.08786
v 0.12694 0.196556 1.09385
v 0.127366 0.186963 1.09625
v 0.134632 0.181278 1.09267
v 0.137469 0.180062 1.07537
v 0.136867 0.19363 1.07197
v 0.12659 0.201669 1.07705
v 0.116916 0.196141 1.08553
v 0.117518 0.182573 1.08893
v 0.127795 0.174534 1.08385
v 0.127445 0.179647 1.06705
v 0.127019 0.18924 1.06464
v 0.119753 0.194925 1.06823
v 0.112912 0.191016 1.07423
v 0.113338 0.181422 1.07663
v 0.120605 0.175738 1.07304
v 0.117274 0.184184 1.06657
v -0.0878137 -0.199406 1.08919
v -0.0805443 -0.20132 1.08096
v -0.0817741 -0.191866 1.08363
v -0.0905263 -0.188799 1.08709
v -0.0980486 -0.195186 1.08788
v -0.0968188 -0.204639 1.08521
v -0.0880667 -0.207706 1.08175
v -0.0804987 -0.199805 1.06801
v -0.0822379 -0.186436 1.07178
v -0.0946153 -0.182099 1.07668
v -0.105254 -0.19113 1.0778
v -0.103514 -0.204499 1.07403
v -0.091137 -0.208836 1.06913
v -0.0877037 -0.19575 1.05793
v -0.0889334 -0.186296 1.0606
v -0.0976856 -0.183229 1.06406
v -0.105208 -0.189615 1.06486
v -0.103978 -0.199069 1.06219
v -0.095226 -0.202136 1.05872
v -0.0979386 -0.191529 1.05662
v -0.105563 0.0117229 2.46325
v -0.0995888 0.00679891 2.45523
v -0.0995272 0.0166979 2.4553
v -0.107436 0.0216713 2.45858
v -0.115406 0.0167457 2.46177
v -0.115467 0.00684671 2.4617
v -0.107559 0.00187331 2.45842
v -0.100982 0.00485809 2.44241
v -0.100895 0.0188574 2.44252
v -0.11208 0.0258908 2.44715
v -0.123351 0.018925 2.45167
v -0.123438 0.00492569 2.45156
v -0.112254 -0.00210776 2.44693
v -0.108928 0.00703737 2.43231
v -0.108866 0.0169364 2.43239
v -0.116775 0.0219098 2.43566
v -0.124745 0.0169842 2.43886
v -0.124806 0.00708517 2.43878
v -0.116898 0.00211177 2.4355
v -0.11877 0.0120602 2.43084
v -0.247871 -0.234121 2.39323
v -0.238898 -0.233878 2.38662
v -0.24077 -0.225648 2.39179
v -0.250102 -0.223229 2.39404
v -0.257564 -0.229039 2.39111
v -0.255692 -0.237268 2.38593
v -0.246359 -0.239688 2.38369
v -0.235903 -0.228452 2.37515
v -0.238549 -0.216814 2.38246
v -0.251748 -0.213392 2.38564
v -0.2623 -0.221609 2.3815
v -0.259653 -0.233247 2.37418
v -0.246454 -0.236668 2.37101
v -0.240639 -0.221021 2.36554
v -0.24251 -0.212792 2.37071
v -0.251843 -0.210373 2.37296
v -0.259304 -0.216183 2.37003
v -0.257433 -0.224412 2.36486
v -0.2481 -0.226831 2.36261
v -0.250332 -0.215939 2.36342
v -0.261512 -0.0630172 1.88695
v -0.259517 -0.0549835 1.87948
v -0.267768 -0.0602854 1.87814
v -0.268082 -0.0697621 1.88098
v -0.260144 -0.073937 1.88517
v -0.251893 -0.0686351 1.88652
v -0.25158 -0.0591584 1.88368
v -0.255329 -0.054542 1.86715
v -0.266998 -0.06204 1.86524
v -0.267441 -0.0754421 1.86927
v -0.256215 -0.0813463 1.87519
v -0.244546 -0.0738483 1.8771
v -0.244103 -0.0604461 1.87307
v -0.251401 -0.0619513 1.85717
v -0.259652 -0.0672532 1.85582
v -0.259965 -0.0767299 1.85867
v -0.252027 -0.0809048 1.86286
v -0.243776 -0.0756029 1.8642
v -0.243463 -0.0661261 1.86136
v -0.250033 -0.0728711 1.85539
v 0.084248 -0.0565341 1.84916
v 0.0799172 -0.048626 1.84261
v 0.0734545 -0.0542396 1.84758
v 0.0756821 -0.0636474 1.84971
v 0.0843722 -0.0674416 1.84686
v 0.0908349 -0.061828 1.84189
v 0.0886073 -0.0524202 1.83976
v 0.0739166 -0.0483499 1.83104
v 0.0647771 -0.0562887 1.83807
v 0.0679273 -0.0695933 1.84108
v 0.080217 -0.0749592 1.83706
v 0.0893566 -0.0670203 1.83003
v 0.0862063 -0.0537157 1.82702
v 0.0697614 -0.0558674 1.82123
v 0.0632987 -0.061481 1.8262
v 0.0655263 -0.0708888 1.82833
v 0.0742165 -0.074683 1.82549
v 0.0806791 -0.0690694 1.82052
v 0.0784515 -0.0596616 1.81839
v 0.0698856 -0.0667749 1.81893
v 0.00409683 -0.249034 1.46293
v -0.0032508 -0.249565 1.45456
v 0.00552436 -0.253868 1.45299
v 0.0136568 -0.250261 1.45733
v 0.0130141 -0.242352 1.46325
v 0.00423896 -0.238049 1.46483
v -0.00389351 -0.241656 1.46048
v -0.00472462 -0.243634 1.44305
v 0.00768534 -0.249719 1.44082
v 0.0191864 -0.244618 1.44696
v 0.0182775 -0.233433 1.45533
v 0.00586749 -0.227348 1.45756
v -0.00563355 -0.232449 1.45142
v 0.000538706 -0.234715 1.43513
v 0.00931387 -0.239018 1.43356
v 0.0174463 -0.235411 1.4379
v 0.0168036 -0.227502 1.44382
v 0.00802846 -0.223199 1.44539
v -0.000104 -0.226806 1.44105
v 0.009456 -0.228033 1.43545
v -0.140497 0.116796 1.45324
v -0.146214 0.112197 1.44485
v -0.13871 0.106869 1.4485
v -0.130774 0.11143 1.45227
v -0.130343 0.121319 1.4524
v -0.137847 0.126647 1.44875
v -0.145783 0.122087 1.44498
v -0.144146 0.110216 1.43213
v -0.133534 0.102681 1.43729
v -0.122311 0.10913 1.44263
v -0.121701 0.123116 1.4428
v -0.132313 0.130652 1.43765
v -0.143536 0.124202 1.43231
v -0.135504 0.112013 1.42254
v -0.128 0.106685 1.42619
v -0.120064 0.111246 1.42996
v -0.119633 0.121135 1.43009
v -0.127137 0.126463 1.42644
v -0.135072 0.121903 1.42267
v -0.12535 0.116536 1.42169
v 0.14104 0.200288 1.08918
v 0.145401 0.193456 1.08153
v 0.144975 0.203049 1.07912
v 0.137709 0.208734 1.08271
v 0.130868 0.204825 1.08871
v 0.131294 0.195231 1.09111
v 0.13856 0.189547 1.08752
v 0.141397 0.188331 1.07023
v 0.140795 0.201898 1.06683
v 0.130519 0.209938 1.07191
v 0.120845 0.204409 1.08038
v 0.121447 0.190842 1.08378
v 0.131723 0.182803 1.07871
v 0.131373 0.187915 1.06191
v 0.130948 0.197509 1.0595
v 0.123681 0.203194 1.06309
v 0.116841 0.199285 1.06909
v 0.117266 0.189691 1.07149
v 0.124533 0.184006 1.0679
v 0.121202 0.192453 1.06143
v -0.0839603 -0.189707 1.09034
v -0.0766909 -0.19162 1.0821
v -0.0779207 -0.182167 1.08477
v -0.0866728 -0.1791 1.08824
v -0.0941952 -0.185486 1.08903
v -0.0929654 -0.194939 1.08636
v -0.0842133 -0.198006 1.0829
v -0.0766453 -0.190105 1.06916
v -0.0783845 -0.176737 1.07293
v -0.0907619 -0.172399 1.07783
v -0.1014 -0.181431 1.07895
v -0.099661 -0.194799 1.07518
v -0.0872836 -0.199137 1.07028
v -0.0838503 -0.18605 1.05908
v -0.08508 -0.176597 1.06175
v -0.0938322 -0.17353 1.06521
v -0.101355 -0.179916 1.066
v -0.100125 -0.189369 1.06334
v -0.0913726 -0.192436 1.05987
v -0.0940852 -0.181829 1.05777
v -0.13174 -0.021632 2.28009
v -0.123386 -0.0465725 2.27976
v -0.115033 -0.0715129 2.27943
v -0.118634 -0.0183984 2.30069
v -0.107709 -0.0416925 2.29599
v -0.0967846 -0.0649867 2.29128
v -0.0945299 -0.0110615 2.31762
v -0.0848257 -0.0347065 2.31189
v -0.0751214 -0.0583516 2.30615
v -0.05887 -0.00397587 2.3264
v -0.0544482 -0.0297381 2.3253
v -0.0500264 -0.0555004 2.32421
v -0.0273032 0.00607812 2.3209
v -0.0186269 -0.0189527 2.32783
v -0.00995061 -0.0439836 2.33477
v 0.0117385 0.0149539 2.31406
v 0.0188727 -0.00943673 2.31629
v 0.0260069 -0.0338273 2.31852
v 0.0554654 0.0114464 2.31596
v -0.148448 -0.065956 2.26446
v -0.140629 -0.0451214 2.27218
v -0.13281 -0.0242868 2.2799
v -0.166058 -0.0568883 2.26153
v -0.159686 -0.0371112 2.27234
v -0.153313 -0.0173342 2.28315
v -0.187795 -0.0450954 2.25711
v -0.182411 -0.0255497 2.26891
v -0.177027 -0.00600413 2.28071
v -0.214308 -0.0312204 2.25209
v -0.207301 -0.010686 2.26093
v -0.200293 0.00984842 2.26977
v -0.232111 -0.020691 2.23194
v -0.233466 0.000948397 2.2434
v -0.23482 0.0225878 2.25485
v -0.247253 -0.0122335 2.20633
v -0.259073 0.00344797 2.218
v -0.270893 0.0191294 2.22967
v -0.286957 0.0127948 2.19436
v -0.106928 -0.0488547 2.28931
v -0.128865 -0.0585379 2.27652
v -0.150801 -0.0682211 2.26372
v -0.104477 -0.0712627 2.30252
v -0.124398 -0.0797975 2.28637
v -0.144318 -0.0883324 2.27022
v -0.0950856 -0.100415 2.30842
v -0.118004 -0.10723 2.29574
v -0.140923 -0.114045 2.28305
v -0.0857602 -0.137519 2.30435
v -0.111815 -0.141279 2.2982
v -0.137869 -0.145039 2.29206
v -0.0738215 -0.169799 2.29416
v -0.100751 -0.178329 2.29578
v -0.12768 -0.186859 2.29741
v -0.0639943 -0.210211 2.29116
v -0.0885732 -0.218226 2.2963
v -0.113152 -0.226241 2.30144
v -0.0788765 -0.258954 2.30823
v -0.152692 -0.0319643 2.27024
v -0.130586 -0.0412133 2.27968
v -0.10848 -0.0504622 2.28912
v -0.149112 -0.0145501 2.28141
v -0.130409 -0.0250088 2.29543
v -0.111706 -0.0354675 2.30946
v -0.145519 0.00654687 2.29432
v -0.131606 -0.00341833 2.31343
v -0.117694 -0.0133835 2.33253
v -0.148108 0.0310133 2.31132
v -0.13129 0.0251341 2.32972
v -0.114472 0.0192549 2.34813
v -0.147777 0.0594351 2.31542
v -0.138361 0.0594997 2.34053
v -0.128946 0.0595642 2.36563
v -0.154871 0.0900117 2.31214
v -0.143558 0.0979472 2.33295
v -0.132245 0.105883 2.35375
v -0.145224 0.137155 2.32022
v -0.128933 -0.0752529 2.27522
v -0.140094 -0.0536989 2.27352
v -0.151254 -0.032145 2.27182
v -0.14955 -0.0843663 2.27978
v -0.159355 -0.0625708 2.27602
v -0.169161 -0.0407754 2.27225
v -0.174108 -0.0939127 2.26909
v -0.183974 -0.0721641 2.27318
v -0.19384 -0.0504156 2.27727
v -0.198427 -0.10059 2.25292
v -0.211113 -0.0819209 2.26165
v -0.223799 -0.0632519 2.27037
v -0.212734 -0.103085 2.22629
v -0.232426 -0.0901122 2.23554
v -0.252119 -0.0771396 2.24479
v -0.239625 -0.118206 2.2026
v -0.253091 -0.0990868 2.20575
v -0.266556 -0.079968 2.20891
v -0.27779 -0.116082 2.18085
v -0.122359 -0.0305685 2.28756
v -0.126525 -0.0522684 2.28152
v -0.130692 -0.0739683 2.27548
v -0.109051 -0.03763 2.30212
v -0.118711 -0.0580395 2.29912
v -0.12837 -0.0784489 2.29613
v -0.102705 -0.0434142 2.32639
v -0.106691 -0.0649342 2.31995
v -0.110676 -0.0864542 2.31352
v -0.0840239 -0.0534533 2.34912
v -0.087358 -0.0740272 2.33992
v -0.090692 -0.0946011 2.33072
v -0.0543273 -0.0572184 2.35703
v -0.0590684 -0.0804915 2.35489
v -0.0638095 -0.103765 2.35275
v -0.0271061 -0.058615 2.36903
v -0.0288908 -0.0804131 2.37293
v -0.0306755 -0.102211 2.37683
v 0.00600183 -0.0747734 2.38278
v -0.204594 -0.15611 2.21456
v -0.195931 -0.180737 2.21134
v -0.187267 -0.205363 2.20811
v -0.194093 -0.156305 2.23731
v -0.182602 -0.178659 2.23007
v -0.171111 -0.201012 2.22283
v -0.172293 -0.152776 2.25908
v -0.16237 -0.17533 2.25019
v -0.152447 -0.197884 2.2413
v -0.137388 -0.149719 2.2752
v -0.134594 -0.174994 2.26905
v -0.131799 -0.200269 2.26291
v -0.103711 -0.141975 2.27756
v -0.0992242 -0.168886 2.2799
v -0.0947373 -0.195798 2.28224
v -0.0628931 -0.137591 2.27919
v -0.059422 -0.162768 2.277
v -0.055951 -0.187946 2.27481
v -0.0210678 -0.148458 2.28697
v -0.218486 -0.197204 2.18994
v -0.21204 -0.177948 2.20187
v -0.205594 -0.158692 2.21381
v -0.235087 -0.187872 2.1863
v -0.231057 -0.169917 2.20078
v -0.227027 -0.151962 2.21527
v -0.256015 -0.176362 2.18114
v -0.253686 -0.158557 2.19623
v -0.251357 -0.140752 2.21132
v -0.282221 -0.163973 2.17519
v -0.278641 -0.1443 2.1874
v -0.275061 -0.124626 2.1996
v -0.298599 -0.152675 2.15492
v -0.304056 -0.133041 2.16856
v -0.309512 -0.113407 2.1822
v -0.312442 -0.14308 2.12901
v -0.327409 -0.130723 2.14106
v -0.342376 -0.118366 2.15311
v -0.354377 -0.12268 2.11593
v -0.180849 -0.184658 2.22249
v -0.200769 -0.19198 2.20552
v -0.22069 -0.199302 2.18854
v -0.17979 -0.209563 2.23224
v -0.197353 -0.214584 2.21232
v -0.214916 -0.219604 2.19241
v -0.171596 -0.240448 2.23441
v -0.192705 -0.243401 2.21772
v -0.213814 -0.246353 2.20104
v -0.163487 -0.277809 2.22507
v -0.188611 -0.277752 2.21509
v -0.213735 -0.277695 2.20512
v -0.152791 -0.310167 2.21085
v -0.180526 -0.314964 2.20796
v -0.208261 -0.319762 2.20507
v -0.147557 -0.351163 2.20259
v -0.173477 -0.35585 2.2036
v -0.199396 -0.360536 2.20461
v -0.171218 -0.398843 2.21006
v -0.223919 -0.164555 2.20049
v -0.203129 -0.175378 2.21116
v -0.182339 -0.186201 2.22184
v -0.22201 -0.149219 2.21458
v -0.205255 -0.161926 2.2292
v -0.1885 -0.174632 2.24382
v -0.220983 -0.130701 2.23146
v -0.209899 -0.144007 2.25038
v -0.198815 -0.157313 2.2693
v -0.227948 -0.110656 2.25203
v -0.214413 -0.119545 2.27188
v -0.200878 -0.128434 2.29173
v -0.231324 -0.0840952 2.26212
v -0.227392 -0.0892924 2.28813
v -0.223461 -0.0944895 2.31414
v -0.242807 -0.0551507 2.26409
v -0.237727 -0.051136 2.28821
v -0.232647 -0.0471213 2.31234
v -0.24487 -0.0107105 2.28413
v -0.200437 -0.208266 2.20155
v -0.211569 -0.186633 2.20187
v -0.222701 -0.165 2.2022
v -0.22101 -0.217677 2.20191
v -0.230869 -0.195639 2.20034
v -0.240727 -0.1736 2.19877
v -0.243394 -0.225478 2.18691
v -0.254642 -0.204856 2.19285
v -0.265891 -0.184234 2.19879
v -0.265176 -0.230271 2.1672
v -0.279783 -0.213543 2.17681
v -0.29439 -0.196815 2.18643
v -0.276581 -0.229834 2.13897
v -0.297824 -0.219181 2.14773
v -0.319067 -0.208528 2.1565
v -0.300258 -0.243737 2.11152
v -0.315263 -0.225946 2.11541
v -0.330268 -0.208154 2.1193
v -0.336709 -0.241809 2.087
v -0.196161 -0.166208 2.22168
v -0.199197 -0.186618 2.21173
v -0.202233 -0.207027 2.20178
v -0.184505 -0.176064 2.23728
v -0.193697 -0.19521 2.22905
v -0.202889 -0.214357 2.22082
v -0.181638 -0.187047 2.26156
v -0.185114 -0.206272 2.24979
v -0.188591 -0.225497 2.23801
v -0.167311 -0.203993 2.28514
v -0.170272 -0.220977 2.27024
v -0.173234 -0.237962 2.25535
v -0.139199 -0.214634 2.29808
v -0.146808 -0.234939 2.28815
v -0.154417 -0.255244 2.27823
v -0.115878 -0.225319 2.31478
v -0.122588 -0.246164 2.31103
v -0.129298 -0.267009 2.30729
v -0.0912915 -0.252443 2.32913
v -0.0207191 -0.16219 1.31535
v -0.0455909 -0.157859 1.3158
v -0.0704627 -0.153528 1.31626
v -0.0237234 -0.1767 1.33366
v -0.0484481 -0.1749 1.32968
v -0.0731728 -0.173101 1.3257
v -0.028183 -0.20204 1.34701
v -0.0526931 -0.199083 1.34224
v -0.0772033 -0.196125 1.33747
v -0.0378715 -0.236008 1.35126
v -0.0618446 -0.228534 1.35161
v -0.0858177 -0.221061 1.35196
v -0.0431059 -0.266266 1.34206
v -0.0682023 -0.263899 1.34951
v -0.0932986 -0.261532 1.35697
v -0.0523115 -0.302434 1.3311
v -0.0762969 -0.298544 1.33414
v -0.100282 -0.294654 1.33718
v -0.0738766 -0.338586 1.32899
v -0.0506711 -0.126453 1.30447
v -0.0365716 -0.143261 1.30995
v -0.0224722 -0.160068 1.31542
v -0.034768 -0.115281 1.3026
v -0.0210959 -0.130906 1.31123
v -0.00742382 -0.146531 1.31985
v -0.0144655 -0.102043 1.29941
v -0.000772005 -0.117033 1.30914
v 0.0129215 -0.132023 1.31888
v 0.0101348 -0.0862101 1.29573
v 0.0235362 -0.102914 1.3026
v 0.0369376 -0.119617 1.30946
v 0.0276224 -0.0750175 1.27704
v 0.0459949 -0.0858024 1.28705
v 0.0643674 -0.0965873 1.29706
v 0.0420257 -0.0650542 1.25306
v 0.0608989 -0.0643543 1.2642
v 0.0797721 -0.0636545 1.27534
v 0.0826274 -0.0448862 1.24274
v -0.0549292 -0.171624 1.32367
v -0.0532224 -0.147499 1.31388
v -0.0515156 -0.123374 1.3041
v -0.0744222 -0.164981 1.33725
v -0.0730898 -0.142617 1.32416
v -0.0717573 -0.120253 1.31108
v -0.102792 -0.160925 1.34372
v -0.0991605 -0.13702 1.33421
v -0.0955293 -0.113115 1.32471
v -0.138173 -0.153102 1.34134
v -0.13108 -0.128351 1.33811
v -0.123987 -0.103601 1.33488
v -0.170644 -0.149609 1.3326
v -0.167859 -0.12295 1.33699
v -0.165073 -0.0962904 1.34137
v -0.209759 -0.142679 1.33112
v -0.207634 -0.118604 1.33861
v -0.20551 -0.0945277 1.3461
v -0.247085 -0.113368 1.35137
v -0.019975 -0.138899 1.30833
v -0.0377768 -0.154235 1.31602
v -0.0555786 -0.169572 1.32371
v -0.00664174 -0.151014 1.31779
v -0.0239948 -0.163348 1.33008
v -0.0413479 -0.175683 1.34237
v 0.00966665 -0.165277 1.32849
v -0.00512899 -0.174422 1.34591
v -0.0199246 -0.183566 1.36334
v 0.0317023 -0.177199 1.34325
v 0.0185543 -0.190454 1.35926
v 0.00540628 -0.203708 1.37526
v 0.0551183 -0.192191 1.34491
v 0.0502665 -0.203377 1.36758
v 0.0454147 -0.214563 1.39025
v 0.0835625 -0.202147 1.34002
v 0.0837805 -0.218242 1.35779
v 0.0839986 -0.234337 1.37556
v 0.115763 -0.236057 1.34269
v -0.0673129 -0.139727 1.31364
v -0.0440396 -0.139957 1.31168
v -0.0207663 -0.140187 1.30973
v -0.0655172 -0.118669 1.32028
v -0.0426895 -0.120013 1.31622
v -0.0198618 -0.121357 1.31216
v -0.062373 -0.0925345 1.31269
v -0.0394761 -0.0947068 1.31615
v -0.0165791 -0.0968791 1.31961
v -0.0568744 -0.0675181 1.29958
v -0.0351987 -0.0663901 1.30786
v -0.0135229 -0.0652622 1.31614
v -0.0525617 -0.0521532 1.27539
v -0.0323432 -0.0425047 1.28484
v -0.0121247 -0.0328562 1.29429
v -0.0527453 -0.0208708 1.25499
v -0.0303814 -0.018856 1.25797
v -0.00801751 -0.0168412 1.26095
v -0.0331305 0.0114309 1.23618
v -0.0324614 -0.16678 1.32222
v -0.0489415 -0.15282 1.31809
v -0.0654216 -0.13886 1.31396
v -0.0441291 -0.176107 1.33507
v -0.0571762 -0.158569 1.33457
v -0.0702232 -0.14103 1.33407
v -0.0512778 -0.181587 1.35761
v -0.0681078 -0.168136 1.35369
v -0.0849378 -0.154686 1.34978
v -0.0671795 -0.196053 1.37752
v -0.0838893 -0.183484 1.37111
v -0.100599 -0.170915 1.3647
v -0.0820451 -0.220748 1.38127
v -0.100728 -0.207544 1.38207
v -0.11941 -0.19434 1.38286
v -0.0933444 -0.245623 1.38883
v -0.111787 -0.236762 1.39484
v -0.13023 -0.227901 1.40085
v -0.119675 -0.270899 1.39845
v -0.116955 0.0943509 1.27426
v -0.139471 0.105357 1.27118
v -0.161988 0.116362 1.26811
v -0.125046 0.0855082 1.29516
v -0.147748 0.0934259 1.28792
v -0.170449 0.101344 1.28069
v -0.138236 0.0663313 1.31376
v -0.159936 0.0756329 1.30511
v -0.181637 0.0849345 1.29646
v -0.160167 0.0390447 1.32525
v -0.1792 0.0546081 1.32013
v -0.198234 0.0701714 1.31502
v -0.177203 0.0107159 1.32332
v -0.198988 0.0251507 1.32615
v -0.220773 0.0395855 1.32899
v -0.201144 -0.0203656 1.32003
v -0.220868 -0.00592615 1.31857
v -0.240592 0.00851332 1.31711
v -0.236633 -0.0428844 1.32319
v -0.134684 0.133467 1.25309
v -0.126348 0.115149 1.26339
v -0.118013 0.0968314 1.2737
v -0.116844 0.138784 1.2507
v -0.108003 0.122707 1.26369
v -0.0991616 0.10663 1.27669
v -0.0944815 0.145447 1.24709
v -0.0847438 0.130495 1.26082
v -0.0750061 0.115544 1.27456
v -0.0677643 0.154758 1.24296
v -0.0577176 0.137835 1.25384
v -0.047671 0.120912 1.26472
v -0.0482282 0.158985 1.22436
v -0.0319703 0.147859 1.23724
v -0.0157124 0.136734 1.25013
v -0.0315601 0.162717 1.20017
v -0.0132558 0.163002 1.21224
v 0.00504842 0.163288 1.22432
v 0.011645 0.176148 1.18946
v -0.152738 0.0968901 1.28071
v -0.143656 0.116689 1.26635
v -0.134575 0.136488 1.25199
v -0.170572 0.112014 1.29061
v -0.161631 0.129087 1.27325
v -0.15269 0.146159 1.25588
v -0.197146 0.126448 1.29286
v -0.184882 0.144574 1.27886
v -0.172617 0.162699 1.26486
v -0.228047 0.14554 1.28443
v -0.211685 0.164252 1.27698
v -0.195323 0.182964 1.26953
v -0.25718 0.159363 1.27099
v -0.243309 0.182709 1.27047
v -0.229438 0.206056 1.26995
v -0.289902 0.181612 1.26371
v -0.277391 0.203398 1.26673
v -0.264881 0.225183 1.26975
v -0.310581 0.22781 1.27372
v -0.10915 0.114273 1.26266
v -0.130955 0.106633 1.27146
v -0.15276 0.0989935 1.28026
v -0.10039 0.101435 1.27569
v -0.121023 0.0975575 1.28848
v -0.141657 0.0936796 1.30127
v -0.089205 0.086571 1.29121
v -0.106703 0.0865021 1.30853
v -0.124202 0.0864333 1.32584
v -0.0719235 0.0749329 1.31098
v -0.0885087 0.0701964 1.3285
v -0.105094 0.06546 1.34603
v -0.0528481 0.0571198 1.31979
v -0.0608397 0.0549918 1.34416
v -0.0688314 0.0528639 1.36853
v -0.0264958 0.0427207 1.32167
v -0.0295851 0.033479 1.34358
v -0.0326743 0.0242373 1.36549
v 0.000633547 0.00840918 1.33842
v -0.154838 0.127773 1.26301
v -0.132589 0.120692 1.26361
v -0.11034 0.113611 1.26421
v -0.147401 0.148015 1.26534
v -0.125654 0.139976 1.26401
v -0.103906 0.131937 1.26267
v -0.137128 0.169585 1.25305
v -0.115661 0.162911 1.25902
v -0.0941942 0.156237 1.26499
v -0.125124 0.188946 1.23602
v -0.104127 0.186995 1.24576
v -0.0831308 0.185043 1.2555
v -0.11639 0.198084 1.20989
v -0.0949848 0.204876 1.21921
v -0.0735792 0.211669 1.22853
v -0.109244 0.224988 1.18517
v -0.0870627 0.222989 1.1893
v -0.0648816 0.22099 1.19343
v -0.0827826 0.249649 1.16341
v -0.129796 0.0948828 1.28066
v -0.141293 0.111509 1.272
v -0.15279 0.128135 1.26335
v -0.144808 0.0923689 1.29467
v -0.151512 0.1122 1.28836
v -0.158216 0.132031 1.28204
v -0.155176 0.0954495 1.31773
v -0.165751 0.111788 1.3077
v -0.176327 0.128127 1.29766
v -0.177365 0.0940008 1.339
v -0.18679 0.108892 1.32605
v -0.196215 0.123783 1.3131
v -0.20318 0.0794739 1.34785
v -0.212738 0.098955 1.34056
v -0.222297 0.118436 1.33327
v -0.226214 0.0670606 1.36069
v -0.237256 0.0852492 1.35927
v -0.248298 0.103438 1.35784
v -0.262111 0.0637079 1.37187
v 0.0496176 0.105602 0.853419
v 0.0613519 0.079995 0.854335
v 0.0730863 0.0543877 0.855252
v 0.0640872 0.111998 0.874306
v 0.0782946 0.0881606 0.870398
v 0.092502 0.0643237 0.866489
v 0.0895099 0.123961 0.890127
v 0.102648 0.0996301 0.885325
v 0.115786 0.0752997 0.880523
v 0.126501 0.13675 0.89632
v 0.135017 0.110056 0.897064
v 0.143533 0.0833609 0.897807
v 0.157783 0.151312 0.88734
v 0.17147 0.126916 0.896189
v 0.185156 0.10252 0.905038
v 0.197075 0.166208 0.876617
v 0.208885 0.141858 0.880442
v 0.220696 0.117508 0.884267
v 0.243969 0.169909 0.875953
v 0.0361346 0.0554422 0.840837
v 0.0424541 0.0790448 0.847154
v 0.0487736 0.102647 0.85347
v 0.0159104 0.0629838 0.838061
v 0.0212657 0.0854547 0.847865
v 0.026621 0.107926 0.857669
v -0.00896376 0.0732216 0.833673
v -0.00427609 0.095318 0.844689
v 0.000411589 0.117414 0.855706
v -0.0389568 0.0856849 0.828645
v -0.0324508 0.10862 0.8365
v -0.0259448 0.131555 0.844354
v -0.0597712 0.0945497 0.807172
v -0.0619531 0.118247 0.818305
v -0.0641351 0.141944 0.829437
v -0.0774497 0.101351 0.77993
v -0.0904593 0.118151 0.792078
v -0.103469 0.13495 0.804225
v -0.121608 0.125559 0.7674
v 0.0796102 0.0801255 0.863734
v 0.0567318 0.0664212 0.852039
v 0.0338535 0.0527169 0.840344
v 0.0853606 0.0578907 0.879148
v 0.0644245 0.0450716 0.863792
v 0.0434884 0.0322526 0.848436
v 0.099225 0.0289934 0.88693
v 0.0752167 0.0175048 0.875418
v 0.0512084 0.00601626 0.863905
v 0.114111 -0.00889533 0.884828
v 0.0868346 -0.0174764 0.880225
v 0.0595582 -0.0260575 0.875621
v 0.131218 -0.0415023 0.875665
v 0.104406 -0.0550788 0.879641
v 0.0775938 -0.0686553 0.883617
v 0.148567 -0.0824216 0.874641
v 0.124413 -0.0949664 0.882178
v 0.10026 -0.107511 0.889715
v 0.14283 -0.135143 0.89709
v 0.0280098 0.0915417 0.844853
v 0.0530718 0.0848857 0.85429
v 0.0781337 0.0782296 0.863727
v 0.0303636 0.111354 0.855405
v 0.0521983 0.103331 0.869958
v 0.0740329 0.0953084 0.88451
v 0.0326131 0.135265 0.867348
v 0.0496482 0.127682 0.887533
v 0.0666833 0.120099 0.907717
v 0.0286108 0.162834 0.883603
v 0.0483654 0.159599 0.902379
v 0.0681199 0.156364 0.921154
v 0.0268692 0.193701 0.885354
v 0.0389224 0.196738 0.911252
v 0.0509755 0.199775 0.937151
v 0.0172515 0.225787 0.879473
v 0.0305899 0.236697 0.899948
v 0.0439283 0.247606 0.920424
v 0.0259851 0.277216 0.882901
v 0.0585117 0.0485478 0.851833
v 0.0440765 0.0700891 0.849154
v 0.0296412 0.0916305 0.846476
v 0.0377077 0.0368349 0.858554
v 0.024726 0.0587109 0.85357
v 0.0117442 0.0805868 0.848586
v 0.0118745 0.0232228 0.849196
v -0.000596772 0.0457282 0.852642
v -0.0130681 0.0682337 0.856088
v -0.0142623 0.0125665 0.833664
v -0.0291091 0.0319151 0.842464
v -0.0439558 0.0512637 0.851264
v -0.0304375 0.00691355 0.806085
v -0.0522262 0.0196243 0.816094
v -0.074015 0.032335 0.826104
v -0.0587369 -0.0127723 0.782587
v -0.0745978 0.00669172 0.785545
v -0.0904587 0.0261558 0.788504
v -0.100384 -0.014718 0.76064
v 0.0610032 0.0977153 0.861479
v 0.058755 0.0737268 0.856804
v 0.0565068 0.0497383 0.852129
v 0.0764959 0.0928873 0.876401
v 0.0686244 0.0698031 0.875542
v 0.0607529 0.046719 0.874684
v 0.0850619 0.0897815 0.901925
v 0.0834829 0.0657987 0.89749
v 0.0819039 0.0418159 0.893056
v 0.107358 0.0842591 0.92522
v 0.106642 0.0609452 0.918023
v 0.105927 0.0376312 0.910826
v 0.139222 0.086073 0.931071
v 0.138737 0.0605423 0.93194
v 0.138253 0.0350116 0.932809
v 0.16875 0.0912826 0.941102
v 0.171819 0.0687098 0.948
v 0.174889 0.046137 0.954898
v 0.207962 0.0829407 0.954053
v -0.0929875 -0.152558 0.812457
v -0.0808844 -0.177924 0.810379
v -0.0687814 -0.203291 0.808302
v -0.0804745 -0.149501 0.835785
v -0.0657851 -0.172435 0.829184
v -0.0510957 -0.195369 0.822583
v -0.0564989 -0.140804 0.856593
v -0.0433187 -0.164245 0.848566
v -0.0301385 -0.187686 0.840538
v -0.0193077 -0.130857 0.869859
v -0.0124685 -0.15775 0.865895
v -0.00562919 -0.184642 0.861931
v 0.0144743 -0.117082 0.867966
v 0.0246563 -0.144136 0.872986
v 0.0348384 -0.17119 0.878005
v 0.0563735 -0.104804 0.864938
v 0.0650017 -0.130738 0.86499
v 0.0736299 -0.156673 0.865041
v 0.103091 -0.107034 0.870005
v -0.104137 -0.200031 0.790593
v -0.0989548 -0.177758 0.801267
v -0.0937722 -0.155484 0.811941
v -0.123485 -0.192393 0.78715
v -0.120235 -0.171632 0.800867
v -0.116985 -0.15087 0.814583
v -0.147647 -0.182693 0.782149
v -0.145836 -0.162297 0.79672
v -0.144026 -0.141901 0.811291
v -0.177372 -0.172072 0.77645
v -0.174238 -0.149937 0.787864
v -0.171104 -0.127803 0.799279
v -0.196958 -0.162584 0.754876
v -0.203201 -0.140999 0.76849
v -0.209445 -0.119414 0.782105
v -0.213557 -0.154765 0.727315
v -0.229638 -0.141542 0.740184
v -0.245719 -0.12832 0.753053
v -0.260017 -0.135762 0.714149
v -0.0636532 -0.179265 0.82147
v -0.084978 -0.190956 0.805453
v -0.106303 -0.202648 0.789435
v -0.0588235 -0.204369 0.833725
v -0.0780556 -0.213913 0.814295
v -0.0972878 -0.223457 0.794866
v -0.0457274 -0.235343 0.837911
v -0.0686887 -0.243292 0.822084
v -0.09165 -0.251241 0.806257
v -0.0318787 -0.273979 0.830492
v -0.059011 -0.279182 0.821797
v -0.0861433 -0.284384 0.813102
v -0.0158711 -0.306995 0.817194
v -0.0442573 -0.317611 0.816455
v -0.0726436 -0.328227 0.815715
v -0.00284434 -0.349532 0.810962
v -0.0290395 -0.359576 0.814202
v -0.0552347 -0.369621 0.817441
v -0.0174668 -0.403705 0.823921
v -0.113351 -0.165108 0.799581
v -0.089217 -0.173124 0.810294
v -0.065083 -0.18114 0.821007
v -0.112392 -0.147332 0.813277
v -0.0920119 -0.157496 0.828582
v -0.0716316 -0.16766 0.843886
v -0.112275 -0.125936 0.829441
v -0.0974463 -0.13684 0.849845
v -0.0826179 -0.147745 0.870249
v -0.11998 -0.102813 0.849933
v -0.102774 -0.108782 0.870464
v -0.0855669 -0.114752 0.890995
v -0.124787 -0.073585 0.857797
v -0.117214 -0.0754032 0.885448
v -0.10964 -0.0772215 0.913099
v -0.138166 -0.0427677 0.857441
v -0.129932 -0.0351737 0.881746
v -0.121699 -0.0275797 0.906051
v -0.139189 0.00714395 0.872959
v -0.0828242 -0.208548 0.802525
v -0.0973573 -0.186914 0.801939
v -0.11189 -0.16528 0.801353
v -0.103612 -0.221078 0.805175
v -0.116815 -0.198935 0.802468
v -0.130018 -0.176793 0.799761
v -0.127553 -0.233284 0.791356
v -0.141455 -0.212078 0.796919
v -0.155357 -0.190872 0.802482
v -0.151393 -0.242296 0.772089
v -0.168175 -0.225251 0.782091
v -0.184957 -0.208205 0.792094
v -0.164971 -0.244939 0.742643
v -0.188282 -0.235067 0.752423
v -0.211593 -0.225196 0.762204
v -0.190039 -0.263608 0.715156
v -0.207577 -0.245822 0.719061
v -0.225114 -0.228036 0.722966
v -0.230036 -0.266251 0.690394
v -0.0822984 -0.161614 0.820236
v -0.0835853 -0.184522 0.811521
v -0.0848723 -0.20743 0.802806
v -0.0678595 -0.16909 0.836418
v -0.0755428 -0.191424 0.830272
v -0.0832261 -0.213757 0.824127
v -0.0617354 -0.177568 0.862592
v -0.0633586 -0.199824 0.852623
v -0.0649817 -0.222079 0.842654
v -0.04221 -0.190011 0.887569
v -0.0435293 -0.210518 0.874393
v -0.0448485 -0.231024 0.861217
v -0.0101882 -0.193951 0.898771
v -0.0144164 -0.218271 0.892177
v -0.0186446 -0.24259 0.885582
v 0.0179629 -0.197211 0.914377
v 0.0158293 -0.220917 0.914476
v 0.0136956 -0.244623 0.914575
v 0.051833 -0.216984 0.929764
v -0.100118 -0.0452662 2.04977
v -0.123495 -0.0371376 2.03973
v -0.13982 -0.0171734 2.04977
v -0.11017 -0.0606569 2.06055
v -0.13258 -0.049977 2.0505
v -0.149346 -0.0317008 2.06295
v -0.122409 -0.0819467 2.06393
v -0.144635 -0.0670938 2.06024
v -0.15876 -0.0529125 2.07976
v -0.13846 -0.104714 2.06905
v -0.159944 -0.0885155 2.06437
v -0.178372 -0.0788035 2.08353
v -0.15352 -0.125839 2.05571
v -0.176728 -0.112826 2.06161
v -0.191621 -0.114754 2.08552
v -0.170949 -0.141624 2.03479
v -0.195189 -0.133773 2.0458
v -0.209621 -0.146948 2.06691
v -0.187131 -0.153114 2.01175
v -0.208497 -0.157633 2.02583
v -0.21196 -0.177071 2.04413
v -0.224458 -0.175461 2.0004
v -0.135404 -0.0153886 2.04965
v -0.125105 -0.0629217 2.04965
v -0.115425 -0.00826634 2.05425
v -0.108301 -0.0338456 2.05076
v -0.111889 -0.0547226 2.06869
v -0.0931718 -0.00337006 2.06267
v -0.0873714 -0.0295341 2.05951
v -0.0859824 -0.048946 2.07958
v -0.0654602 0.00189742 2.06139
v -0.0611155 -0.0250486 2.06043
v -0.0525495 -0.0416276 2.08171
v -0.0411072 0.00517089 2.04685
v -0.0327601 -0.0199486 2.05334
v -0.0179308 -0.0275062 2.07615
v -0.016465 0.0113749 2.03266
v -0.00490172 -0.0130511 2.039
v 0.0143867 -0.0181463 2.05971
v 0.00375562 0.0131342 2.00945
v 0.0215799 -0.00158636 2.02131
v 0.0378254 0.00582184 2.04146
v 0.045192 0.0115099 1.99917
v -0.129261 -0.0613032 2.04953
v -0.104746 -0.0192971 2.04953
v -0.140668 -0.0506626 2.06682
v -0.136759 -0.0293967 2.05102
v -0.12091 -0.00728258 2.05649
v -0.159357 -0.0353185 2.08211
v -0.154551 -0.0188482 2.06128
v -0.140196 0.00514084 2.06184
v -0.188213 -0.0226194 2.08544
v -0.176265 -0.00506313 2.06827
v -0.161788 0.0182495 2.07518
v -0.217966 -0.00787879 2.07759
v -0.201326 0.0107398 2.06667
v -0.19195 0.0343653 2.07898
v -0.246033 0.0119082 2.06188
v -0.224733 0.0256821 2.0506
v -0.215622 0.0520595 2.05757
v -0.264828 0.0217081 2.03531
v -0.248642 0.0418989 2.03297
v -0.248849 0.0645309 2.04755
v -0.27701 0.0565311 2.01882
v -0.102969 -0.0230542 2.0494
v -0.14942 -0.0374691 2.0494
v -0.097238 -0.0397103 2.06137
v -0.119001 -0.0516187 2.05128
v -0.144037 -0.0533367 2.06313
v -0.0972518 -0.0637325 2.0811
v -0.11277 -0.0718234 2.06056
v -0.139519 -0.0798569 2.0619
v -0.0817898 -0.0920247 2.07807
v -0.104926 -0.096999 2.06444
v -0.129329 -0.106377 2.07527
v -0.0707007 -0.121876 2.06758
v -0.0962055 -0.12471 2.0584
v -0.117325 -0.138526 2.07107
v -0.0644651 -0.157679 2.06062
v -0.0871901 -0.152664 2.04549
v -0.113294 -0.164145 2.04924
v -0.0544933 -0.180034 2.03601
v -0.079795 -0.182077 2.03047
v -0.0980576 -0.196883 2.04359
v -0.0751544 -0.205517 2.00501
v -0.148214 -0.0338081 2.04928
v -0.104226 -0.054556 2.04928
v -0.141851 -0.014041 2.05525
v -0.117113 -0.0236074 2.05154
v -0.102875 -0.0400682 2.06876
v -0.13277 0.00659428 2.06072
v -0.108512 -0.00511149 2.06236
v -0.0968551 -0.0164286 2.08512
v -0.118509 0.0276157 2.05357
v -0.0963861 0.0182492 2.06656
v -0.0909862 0.0199648 2.09428
v -0.10451 0.0498163 2.0486
v -0.081159 0.0430855 2.06093
v -0.0717774 0.0526277 2.0858
v -0.0828269 0.0561094 2.02538
v -0.0633751 0.0635207 2.04374
v -0.0637539 0.0865988 2.0609
v -0.0646366 0.0676372 2.00427
v -0.0536786 0.0853715 2.01978
v -0.0656851 0.10679 2.03082
v -0.0473546 0.104761 1.99144
v -0.107362 -0.0562272 2.04914
v -0.125783 -0.0112146 2.04914
v -0.121784 -0.0581514 2.0674
v -0.137146 -0.042724 2.0518
v -0.144957 -0.0165657 2.05679
v -0.145432 -0.0681886 2.07931
v -0.156341 -0.0508955 2.0617
v -0.166131 -0.0252902 2.06721
v -0.176894 -0.0714855 2.09342
v -0.180226 -0.0604582 2.06866
v -0.190293 -0.0346719 2.06278
v -0.211545 -0.0874249 2.08751
v -0.206637 -0.073381 2.06468
v -0.216033 -0.0475121 2.05836
v -0.236981 -0.107669 2.06877
v -0.234125 -0.0850461 2.05294
v -0.247507 -0.0598131 2.05634
v -0.259226 -0.120019 2.04507
v -0.263322 -0.0950723 2.03907
v -0.279103 -0.0776791 2.05223
v -0.294031 -0.107653 2.02821
v -0.134705 -0.023763 1.47614
v -0.131513 -0.0476917 1.46472
v -0.136701 -0.0723581 1.47614
v -0.114062 -0.0239275 1.48207
v -0.113626 -0.0484263 1.47126
v -0.116403 -0.0725779 1.48464
v -0.0894928 -0.0226282 1.47892
v -0.0908851 -0.0493139 1.47516
v -0.0898168 -0.0691042 1.49489
v -0.061409 -0.0237284 1.47647
v -0.0644295 -0.0505278 1.47217
v -0.0579353 -0.0714381 1.4901
v -0.0394406 -0.0247607 1.45693
v -0.036479 -0.0513261 1.46224
v -0.0219041 -0.0628196 1.48352
v -0.0214837 -0.0307872 1.43124
v -0.0128174 -0.0553078 1.44094
v 0.00949768 -0.0600131 1.45847
v -0.0068908 -0.0379334 1.40489
v 0.0105676 -0.0532329 1.41656
v 0.0311706 -0.0453639 1.43201
v 0.0302666 -0.056743 1.38795
v -0.145187 -0.0676279 1.47607
v -0.11089 -0.0331433 1.47607
v -0.162408 -0.0543449 1.47537
v -0.144127 -0.035147 1.47156
v -0.128185 -0.0232672 1.49092
v -0.179608 -0.0373447 1.47748
v -0.160223 -0.018832 1.47438
v -0.148488 -0.00330293 1.49445
v -0.198083 -0.0180013 1.46882
v -0.177786 0.000264 1.46828
v -0.172113 0.019921 1.48783
v -0.21121 -0.00221631 1.44865
v -0.195795 0.0194605 1.45458
v -0.200826 0.0388937 1.47444
v -0.227615 0.0127481 1.42939
v -0.214426 0.0365584 1.43483
v -0.22323 0.0575165 1.45246
v -0.237517 0.0260771 1.40287
v -0.236223 0.0500729 1.41275
v -0.253342 0.0612721 1.43025
v -0.257679 0.0603205 1.38718
v -0.107973 -0.0420356 1.47599
v -0.156557 -0.0442962 1.47599
v -0.110497 -0.0614961 1.48902
v -0.130692 -0.0653433 1.47186
v -0.157792 -0.065593 1.47783
v -0.113049 -0.0888001 1.49745
v -0.129781 -0.0879856 1.4763
v -0.15771 -0.0891553 1.47695
v -0.108038 -0.11938 1.49235
v -0.129488 -0.114636 1.47612
v -0.156833 -0.117047 1.483
v -0.104273 -0.148858 1.47654
v -0.129091 -0.142869 1.467
v -0.153847 -0.150629 1.47816
v -0.105658 -0.178452 1.45421
v -0.128963 -0.166382 1.44517
v -0.155949 -0.174429 1.45103
v -0.103766 -0.194292 1.42435
v -0.129555 -0.191622 1.42263
v -0.148192 -0.206395 1.43525
v -0.12625 -0.22079 1.40373
v -0.152815 -0.0361091 1.47591
v -0.115464 -0.0672598 1.47591
v -0.140273 -0.0202357 1.4832
v -0.120276 -0.0342171 1.47216
v -0.103076 -0.0517258 1.48511
v -0.117263 -0.00378034 1.49613
v -0.105613 -0.0166943 1.4755
v -0.0840917 -0.0344939 1.47686
v -0.103341 0.0228753 1.48492
v -0.0886983 0.00363833 1.47221
v -0.0658878 -0.00974551 1.48228
v -0.0868019 0.0454456 1.46719
v -0.0717027 0.0242007 1.45922
v -0.0470423 0.0158915 1.47019
v -0.0617967 0.0680779 1.45347
v -0.0552596 0.0444186 1.44051
v -0.0310795 0.0291556 1.44362
v -0.0514817 0.0849876 1.4252
v -0.0365027 0.0642786 1.42053
v -0.0129593 0.0584123 1.4322
v -0.0219464 0.0778289 1.39183
v -0.123439 -0.0705958 1.47583
v -0.129939 -0.0223961 1.47583
v -0.144395 -0.0761183 1.47658
v -0.148772 -0.0500189 1.47246
v -0.147566 -0.0297526 1.49138
v -0.167296 -0.0798092 1.47587
v -0.171098 -0.0531409 1.47746
v -0.174291 -0.0380148 1.50076
v -0.189985 -0.0788657 1.46196
v -0.197443 -0.0556762 1.47431
v -0.208638 -0.0530588 1.50017
v -0.214334 -0.0788736 1.45021
v -0.224229 -0.0561552 1.46156
v -0.242332 -0.0545141 1.48317
v -0.226848 -0.0632682 1.42368
v -0.246882 -0.0519776 1.43923
v -0.268308 -0.0658463 1.45249
v -0.243118 -0.0541607 1.39914
v -0.265941 -0.0555125 1.41148
v -0.278248 -0.0777852 1.42028
v -0.281252 -0.0604721 1.3805
v -0.122153 -0.0252393 1.47574
v -0.149919 -0.0651706 1.47574
v -0.109037 -0.0388208 1.49001
v -0.117328 -0.0575554 1.47276
v -0.133862 -0.0791419 1.47831
v -0.085846 -0.0545377 1.4946
v -0.0984847 -0.0703033 1.47671
v -0.113425 -0.0932865 1.48223
v -0.0640868 -0.0805487 1.50009
v -0.0767304 -0.085699 1.47644
v -0.0941415 -0.107298 1.47085
v -0.0348479 -0.0991595 1.4852
v -0.0531827 -0.0996971 1.46504
v -0.0710773 -0.120685 1.45898
v -0.00843762 -0.106639 1.46065
v -0.0312534 -0.114652 1.44702
v -0.0450043 -0.139775 1.44967
v 0.0099759 -0.115868 1.43287
v -0.00962321 -0.132135 1.42773
v -0.0142944 -0.155968 1.43935
v 0.0157165 -0.150057 1.41174
v -0.0642296 -0.0740844 0.942321
v -0.0434003 -0.0625521 0.930223
v -0.0205325 -0.0527297 0.942321
v -0.0742662 -0.0551013 0.942961
v -0.0517268 -0.0455141 0.932129
v -0.0306407 -0.033442 0.945537
v -0.0863957 -0.0355434 0.933829
v -0.061874 -0.0248552 0.930275
v -0.047004 -0.0103954 0.949027
v -0.0981216 -0.0116892 0.924891
v -0.0727502 -0.002301 0.921144
v -0.0590691 0.0165264 0.937244
v -0.105677 0.00420399 0.900998
v -0.084194 0.0203004 0.905698
v -0.0827058 0.0415887 0.924193
v -0.106809 0.0189341 0.872242
v -0.0901877 0.0394951 0.880697
v -0.0979704 0.0631706 0.895057
v -0.105979 0.032133 0.843749
v -0.101654 0.0558714 0.853387
v -0.119314 0.0714776 0.866404
v -0.106498 0.0718787 0.822737
v -0.0201931 -0.0679206 0.942299
v -0.0668389 -0.05415 0.942299
v -0.0234512 -0.0885835 0.936287
v -0.0487597 -0.0807059 0.932452
v -0.0681818 -0.0770351 0.951931
v -0.0301347 -0.111506 0.932318
v -0.0554516 -0.102606 0.929484
v -0.0759743 -0.104112 0.948416
v -0.037529 -0.134185 0.917653
v -0.0632824 -0.125095 0.917515
v -0.084213 -0.133139 0.93478
v -0.043965 -0.149043 0.893556
v -0.0706162 -0.146972 0.898861
v -0.0858744 -0.163696 0.915742
v -0.0483215 -0.167427 0.870694
v -0.0756859 -0.168149 0.875297
v -0.0901645 -0.188099 0.890119
v -0.0543528 -0.179314 0.841954
v -0.0761798 -0.190787 0.850143
v -0.0780594 -0.212929 0.865345
v -0.0740838 -0.211678 0.822245
v -0.0570628 -0.0430235 0.942273
v -0.0319696 -0.0846864 0.942273
v -0.036464 -0.0346138 0.95012
v -0.0272208 -0.0528073 0.932775
v -0.0128102 -0.0757427 0.938812
v -0.0103651 -0.0233797 0.95161
v -0.00740147 -0.0410364 0.93142
v 0.00704769 -0.0649669 0.932055
v 0.0120045 -0.00571383 0.939611
v 0.0152092 -0.0285124 0.924919
v 0.0315982 -0.0506736 0.931333
v 0.0323624 0.00945549 0.918204
v 0.0376173 -0.0160048 0.910027
v 0.0578618 -0.0330949 0.919801
v 0.0550243 0.0200222 0.891568
v 0.0545935 -0.00679296 0.884407
v 0.0752109 -0.0262648 0.889211
v 0.0642412 0.0270364 0.859847
v 0.074125 0.00304037 0.858574
v 0.0972178 -0.00550982 0.86946
v 0.0960509 0.0186969 0.836365
v -0.0463153 -0.0862215 0.942243
v -0.0366754 -0.0385504 0.942243
v -0.0674306 -0.0824973 0.944306
v -0.0618676 -0.0588177 0.933098
v -0.0578997 -0.0347023 0.946246
v -0.0948836 -0.0696401 0.950107
v -0.0843616 -0.0542312 0.930612
v -0.0792384 -0.0267717 0.931869
v -0.121224 -0.0708301 0.93254
v -0.108801 -0.0493254 0.921178
v -0.109782 -0.0224882 0.930104
v -0.144537 -0.0679231 0.90975
v -0.1318 -0.0447986 0.902987
v -0.137854 -0.0188053 0.912215
v -0.173319 -0.0572451 0.891198
v -0.153992 -0.0406348 0.880193
v -0.152357 -0.0120302 0.882726
v -0.189115 -0.0570356 0.860691
v -0.177508 -0.0341278 0.856737
v -0.184744 -0.0103572 0.867104
v -0.193019 -0.0284489 0.825976
v -0.0253839 -0.0469014 0.94221
v -0.0646934 -0.0755409 0.94221
v -0.0108337 -0.0623358 0.937627
v -0.0323364 -0.077738 0.933421
v -0.0478675 -0.0902639 0.95271
v 0.00276997 -0.0799937 0.931072
v -0.018659 -0.0963238 0.93259
v -0.0271456 -0.110821 0.954943
v 0.0104324 -0.0974007 0.911894
v -0.00481318 -0.117057 0.923167
v 0.00142042 -0.132259 0.946209
v 0.0202912 -0.116572 0.894948
v 0.00645993 -0.137736 0.905121
v 0.0160302 -0.157009 0.923408
v 0.00987919 -0.131835 0.866436
v 0.0112603 -0.156331 0.879419
v 0.0349432 -0.169269 0.889372
v 0.0080026 -0.147966 0.839583
v 0.0212744 -0.16808 0.8493
v 0.047281 -0.168417 0.856258
v 0.0309001 -0.176155 0.816723
v -0.0672801 -0.0621273 0.942173
v -0.0189487 -0.0675627 0.942173
v -0.0612342 -0.0410995 0.951412
v -0.041307 -0.0439384 0.933745
v -0.0142952 -0.0467835 0.939438
v -0.0584138 -0.0131881 0.948868
v -0.0390248 -0.021041 0.931822
v -0.0115557 -0.0219949 0.936958
v -0.0457861 0.018113 0.946741
v -0.0358981 0.00457997 0.925178
v -0.00877977 -0.00166776 0.920038
v -0.0436456 0.0481398 0.925556
v -0.0351275 0.0289147 0.90822
v -0.0083746 0.0218707 0.902552
v -0.0500927 0.0700243 0.897454
v -0.0327029 0.0517727 0.885835
v -0.00401162 0.0515857 0.887858
v -0.0511882 0.0864399 0.867222
v -0.0277654 0.0760907 0.862819
v -0.00427855 0.084346 0.873071
v -0.0240417 0.10474 0.843211
v 0.0185246 -0.015017 0.458966
v 0 0 0.446943
v -0.0214783 0.0126458 0.458966
v 0.00724208 -0.0325352 0.454321
v -0.0107188 -0.0155004 0.444098
v -0.0333326 -0.0055777 0.456759
v -0.00223082 -0.0503057 0.440061
v -0.0231559 -0.0335668 0.436878
v -0.0451966 -0.0308544 0.45387
v -0.0157742 -0.0700156 0.425777
v -0.0360854 -0.0520273 0.422652
v -0.0606922 -0.0516159 0.436623
v -0.0234539 -0.0806713 0.39889
v -0.0484022 -0.0704838 0.402954
v -0.0689539 -0.0817812 0.418685
v -0.0335352 -0.0854043 0.368132
v -0.0601105 -0.0820096 0.375395
v -0.0775063 -0.101803 0.386925
v -0.0437483 -0.0886511 0.33818
v -0.066912 -0.0974159 0.346037
v -0.0722296 -0.121447 0.356951
v -0.0768543 -0.107117 0.314004
v -0.00371753 0.0235402 0.458995
v 0.00709339 -0.0238791 0.458995
v 0.0137722 0.0303263 0.448038
v 0.0184191 0.0041993 0.444423
v 0.0291495 -0.0135103 0.462899
v 0.0353519 0.0353346 0.438555
v 0.0394797 0.00877735 0.436135
v 0.0545846 -0.00746616 0.453159
v 0.0550938 0.0391506 0.419211
v 0.0599507 0.012276 0.41943
v 0.080007 -0.00122777 0.434135
v 0.0669495 0.0397775 0.392438
v 0.079117 0.0158338 0.397061
v 0.103272 0.011531 0.411043
v 0.081928 0.0442901 0.366941
v 0.0966887 0.0210899 0.370736
v 0.122616 0.0189524 0.383004
v 0.0923251 0.0442089 0.336652
v 0.1138 0.0312002 0.343341
v 0.135157 0.0409723 0.356502
v 0.128373 0.0427071 0.313772
v -0.01298 -0.0199714 0.459021
v 0.0110796 0.0222967 0.459021
v -0.0313295 -0.00557654 0.461262
v -0.0164535 0.00936553 0.444747
v -0.00472459 0.0338551 0.450478
v -0.0531253 0.0113029 0.45633
v -0.0355674 0.0204096 0.437974
v -0.0218573 0.0447731 0.438522
v -0.0763256 0.0203674 0.438967
v -0.0558254 0.0330153 0.426097
v -0.0454665 0.0587171 0.431838
v -0.0955693 0.0283594 0.41366
v -0.0749868 0.0448423 0.406775
v -0.0711464 0.071541 0.415135
v -0.112138 0.0407356 0.384139
v -0.0879199 0.0531193 0.378603
v -0.0814662 0.0808841 0.382448
v -0.119534 0.0434141 0.351371
v -0.10339 0.0637518 0.350441
v -0.108112 0.0885564 0.359786
v -0.125862 0.0740356 0.325776
v 0.022998 0.00615555 0.459043
v -0.0232945 -0.00875962 0.459043
v 0.0300009 -0.0138323 0.455776
v 0.00581662 -0.0180532 0.445072
v -0.0162056 -0.0293393 0.457633
v 0.0322096 -0.0441834 0.45474
v 0.0124388 -0.0387277 0.437204
v -0.0139492 -0.0479112 0.438292
v 0.0447225 -0.0621589 0.432503
v 0.0193294 -0.0599906 0.422686
v -0.00318213 -0.0753545 0.430305
v 0.0521913 -0.0795022 0.406231
v 0.0255313 -0.0788284 0.400617
v 0.00614579 -0.097924 0.408168
v 0.0559428 -0.106846 0.384104
v 0.031702 -0.0969597 0.374876
v 0.00598735 -0.109687 0.376899
v 0.0624127 -0.117326 0.352182
v 0.0366528 -0.118032 0.348859
v 0.0196937 -0.136812 0.358056
v 0.0383889 -0.131531 0.316705
v -0.0212024 0.0108078 0.459062
v 0.0230074 -0.0094644 0.459062
v -0.0156237 0.0293886 0.449416
v 0.00791793 0.0172675 0.445396
v 0.028337 0.0140125 0.463906
v -0.0077908 0.0478865 0.437659
v 0.0170758 0.0375041 0.439087
v 0.0357666 0.041491 0.459498
v 0.00192824 0.0590707 0.414545
v 0.0272999 0.0573304 0.424502
v 0.038938 0.0738757 0.444292
v 0.0125365 0.0740476 0.393622
v 0.0382884 0.0739848 0.402542
v 0.051041 0.0941757 0.417614
v 0.0296672 0.0689827 0.363941
v 0.0505466 0.0838592 0.374584
v 0.0500074 0.111728 0.381679
v 0.0434326 0.0728216 0.33546
v 0.0543226 0.0952018 0.34292
v 0.0416293 0.118319 0.348339
v 0.0552886 0.104744 0.309347
v 0.00852423 -0.0222108 0.459077
v -0.010381 0.0226005 0.459077
v -0.0141368 -0.0277927 0.462741
v -0.0175242 -0.00739321 0.445721
v -0.0295068 0.017033 0.451192
v -0.0382378 -0.0382698 0.453812
v -0.0375701 -0.0161666 0.438346
v -0.0511127 0.00787606 0.442863
v -0.070092 -0.0417442 0.445289
v -0.0595781 -0.0251645 0.426303
v -0.0664598 0.00189856 0.421711
v -0.092918 -0.0525441 0.419755
v -0.0779408 -0.0350409 0.405193
v -0.083855 -0.00791776 0.400015
v -0.104743 -0.067096 0.389465
v -0.095853 -0.0426823 0.379694
v -0.109596 -0.0174599 0.381204
v -0.115148 -0.0746753 0.357703
v -0.116906 -0.0490228 0.353964
v -0.136287 -0.0326754 0.36302
v -0.141914 -0.0587826 0.331638
# 3906 verticies
vt 2 0
vt 2 0.333333
vt 1.5 0
vt 0 0
vt 0.5 0.333333
vt 0 0.333333
vt 1.5 0.333333
vt 1 0
vt 1 0.333333
vt 0.5 0
vt 2 0.666667
vt 0.5 0.666667
vt 0 0.666667
vt 1.5 0.666667
vt 1 0.666667
vt 2 1
vt 0.5 1
vt 0 1
vt 1.5 1
vt 1 1
vt 2 1.33333
vt 0.5 1.33333
vt 0 1.33333
vt 1.5 1.33333
vt 1 1.33333
vt 2 1.66667
vt 0.5 1.66667
vt 0 1.66667
vt 1.5 1.66667
vt 1 1.66667
vt 2 2
vt 0.5 2
vt 0 2
vt 1.5 2
vt 1 2
vt 2 2.33333
vt 0.5 2.33333
vt 0 2.33333
vt 1.5 2.33333
vt 1 2.33333
vt 2 2.66667
vt 0.5 2.66667
vt 0 2.66667
vt 1.5 2.66667
vt 1 2.66667
vt 2 3
vt 0.5 3
vt 0 3
vt 1.5 3
vt 1 3
vt 2 3.33333
vt 0.5 3.33333
vt 0 3.33333
vt 1.5 3.33333
vt 1 3.33333
vt 2 3.66667
vt 0.5 3.66667
vt 0 3.66667
vt 1.5 3.66667
vt 1 3.66667
vt 2 4
vt 2 4.33333
vt 1.5 4
vt 0 4
vt 0.5 4.33333
vt 0 4.33333
vt 1.5 4.33333
vt 1 4
vt 1 4.33333
vt 0.5 4
vt 2 4.66667
vt 0.5 4.66667
vt 0 4.66667
vt 1.5 4.66667
vt 1 4.66667
vt 2 5
vt 0.5 5
vt 0 5
vt 1.5 5
vt 1 5
vt 2 5.33333
vt 0.5 5.33333
vt 0 5.33333
vt 1.5 5.33333
vt 1 5.33333
vt 2 5.66667
vt 0.5 5.66667
vt 0 5.66667
vt 1.5 5.66667
vt 1 5.66667
vt 2 6
vt 0.5 6
vt 0 6
vt 1.5 6
vt 1 6
vt 1 0.166667
vt 0.5 0.166667
vt 0 0.166667
vt 1 0.5
vt 0.5 0.5
vt 0 0.5
vt 1 0.833333
vt 0.5 0.833333
vt 0 0.833333
vt 2 6.33333
vt 0.5 6.33333
vt 0 6.33333
vt 1.5 6.33333
vt 1 6.33333
vt 2 6.66667
vt 0.5 6.66667
vt 0 6.66667
vt 1.5 6.66667
vt 1 6.66667
vt 2 7
vt 0.5 7
vt 0 7
vt 1.5 7
vt 1 7
vt 2 7.33333
vt 0.5 7.33333
vt 0 7.33333
vt 1.5 7.33333
vt 1 7.33333
vt 2 7.66667
vt 0.5 7.66667
vt 0 7.66667
vt 1.5 7.66667
vt 1 7.66667
vt 2 8
vt 0.5 8
vt 0 8
vt 1.5 8
vt 1 8
vt 2 8.33333
vt 0.5 8.33333
vt 0 8.33333
vt 1.5 8.33333
vt 1 8.33333
vt 2 8.66667
vt 0.5 8.66667
vt 0 8.66667
vt 1.5 8.66667
vt 1 8.66667
vt 2 9
vt 0.5 9
vt 0 9
vt 1.5 9
vt 1 9
vt 2 9.33333
vt 0.5 9.33333
vt 0 9.33333
vt 1.5 9.33333
vt 1 9.33333
vt 1 9.66667
vt 2 9.77778
vt 1.6 9.77778
vt 1.2 9.77778
vt 0.8 9.77778
vt 0.4 9.77778
vt 0 9.77778
vt 2 9.88889
vt 0.4 9.88889
vt 0 9.88889
vt 1.6 9.88889
vt 1.2 9.88889
vt 0.8 9.88889
vt 1 10
vt 2 9.44444
vt 1.6 9.44444
vt 1.2 9.44444
vt 0.8 9.44444
vt 0.4 9.44444
vt 0 9.44444
vt 2 9.55556
vt 0.4 9.55556
vt 0 9.55556
vt 1.6 9.55556
vt 1.2 9.55556
vt 0.8 9.55556
vt 2 8.77778
vt 1.6 8.77778
vt 1.2 8.77778
vt 0.8 8.77778
vt 0.4 8.77778
vt 0 8.77778
vt 2 8.88889
vt 0.4 8.88889
vt 0 8.88889
vt 1.6 8.88889
vt 1.2 8.88889
vt 0.8 8.88889
vt 2 8.44444
vt 1.6 8.44444
vt 1.2 8.44444
vt 0.8 8.44444
vt 0.4 8.44444
vt 0 8.44444
vt 2 8.55556
vt 0.4 8.55556
vt 0 8.55556
vt 1.6 8.55556
vt 1.2 8.55556
vt 0.8 8.55556
vt 2 8.41667
vt 1.66667 8.41667
vt 1.33333 8.41667
vt 1 8.41667
vt 0.666667 8.41667
vt 0.333333 8.41667
vt 0 8.41667
vt 2 8.5
vt 0.333333 8.5
vt 0 8.5
vt 1.66667 8.5
vt 1.33333 8.5
vt 1 8.5
vt 0.666667 8.5
vt 2 8.58333
vt 0.333333 8.58333
vt 0 8.58333
vt 1.66667 8.58333
vt 1.33333 8.58333
vt 1 8.58333
vt 0.666667 8.58333
vt 2 7.08333
vt 1.66667 7.08333
vt 1.33333 7.08333
vt 1 7.08333
vt 0.666667 7.08333
vt 0.333333 7.08333
vt 0 7.08333
vt 2 7.16667
vt 0.333333 7.16667
vt 0 7.16667
vt 1.66667 7.16667
vt 1.33333 7.16667
vt 1 7.16667
vt 0.666667 7.16667
vt 2 7.25
vt 0.333333 7.25
vt 0 7.25
vt 1.66667 7.25
vt 1.33333 7.25
vt 1 7.25
vt 0.666667 7.25
vt 2 6.75
vt 1.66667 6.75
vt 1.33333 6.75
vt 1 6.75
vt 0.666667 6.75
vt 0.333333 6.75
vt 0 6.75
vt 2 6.83333
vt 0.333333 6.83333
vt 0 6.83333
vt 1.66667 6.83333
vt 1.33333 6.83333
vt 1 6.83333
vt 0.666667 6.83333
vt 2 6.91667
vt 0.333333 6.91667
vt 0 6.91667
vt 1.66667 6.91667
vt 1.33333 6.91667
vt 1 6.91667
vt 0.666667 6.91667
vt 1 0.142857
vt 0.5 0.142857
vt 0 0.142857
vt 1 0.285714
vt 0.5 0.285714
vt 0 0.285714
vt 1 0.428571
vt 0.5 0.428571
vt 0 0.428571
vt 1 0.571429
vt 0.5 0.571429
vt 0 0.571429
vt 1 0.714286
vt 0.5 0.714286
vt 0 0.714286
vt 1 0.857143
vt 0.5 0.857143
vt 0 0.857143
# 285 texture verticies
vn 0.707097 -0.707097 0.0051288
vn 0.707098 -0.707098 0.00488957
vn 0.707098 0.707097 0.0051288
vn 0.707098 0.707098 0.00503897
vn 0.706478 0.707718 0.00483656
vn 0.707158 -0.70704 0.00463959
vn -0.707098 -0.707097 0.0051288
vn -0.707098 -0.707098 0.00506432
vn -0.706437 -0.707759 0.00487805
vn -0.707097 0.707098 0.0051288
vn -0.707098 0.707098 0.00490556
vn -0.707375 0.706823 0.0046316
vn 0.707925 -0.70627 -0.0050715
vn 0.705461 0.706576 0.0554592
vn 0.700773 0.705451 0.106091
vn 0.710215 -0.703839 -0.0143181
vn -0.7057 -0.706957 -0.0468935
vn -0.701274 -0.70601 -0.0988155
vn -0.708261 0.705827 0.0132256
vn -0.710704 0.703161 0.0215617
vn 0.707217 -0.706368 0.0297929
vn 0.697345 0.703493 0.137143
vn 0.697944 0.706395 0.117813
vn 0.702181 -0.707093 0.0834399
vn -0.697969 -0.704017 -0.131145
vn -0.698657 -0.706596 -0.11225
vn -0.707861 0.705953 -0.0237329
vn -0.70295 0.706935 -0.0781262
vn 0.693522 -0.707367 0.136599
vn 0.700135 0.70719 0.0984538
vn 0.700404 0.70692 0.0984752
vn 0.695183 -0.705703 0.136762
vn -0.700871 -0.707175 -0.093188
vn -0.701178 -0.706858 -0.0932764
vn -0.694403 0.707463 -0.131534
vn -0.695928 0.70591 -0.131813
vn 0.700894 -0.707145 0.0932419
vn 0.704498 0.707258 0.0588899
vn 0.706657 0.707298 0.0191225
vn 0.705288 -0.707203 0.0493195
vn -0.705017 -0.707139 -0.0539075
vn -0.706872 -0.707195 -0.014412
vn -0.701411 0.707261 -0.0883431
vn -0.705493 0.707304 -0.0447317
vn 0.707236 -0.706957 0.00537928
vn 0.707704 0.706211 -0.0205365
vn 0.706652 0.707262 -0.0205769
vn 0.707342 -0.706851 0.00537719
vn -0.707712 -0.706055 0.0251201
vn -0.70658 -0.707189 0.0250916
vn -0.707233 0.70698 -0.00085285
vn -0.707339 0.706874 -0.000844779
vn 0.70764 -0.706567 -0.00302208
vn 0.706386 0.707028 0.0336223
vn 0.703331 0.705431 0.0877069
vn 0.708967 -0.705149 -0.0114105
vn -0.706478 -0.707137 -0.0291073
vn -0.70355 -0.70571 -0.0836151
vn -0.707673 0.706497 0.0077883
vn -0.70913 0.704898 0.015961
vn 0.710139 -0.703786 -0.0196675
vn 0.698445 0.701515 0.141606
vn 0.697724 0.70221 0.14171
vn 0.711205 -0.702713 -0.0195265
vn -0.698805 -0.701974 -0.137492
vn -0.698081 -0.702704 -0.137443
vn -0.710393 0.703387 0.0242702
vn -0.711575 0.702202 0.0239525
vn 0.711193 -0.70273 -0.0193793
vn 0.697704 0.702183 0.141945
vn 0.697702 0.702178 0.141974
vn 0.71119 -0.702734 -0.0193499
vn -0.6981 -0.702729 -0.137214
vn -0.698102 -0.702733 -0.137185
vn -0.711588 0.702183 0.0241099
vn -0.711591 0.70218 0.0241392
vn 0.711184 -0.702742 -0.0192812
vn 0.697697 0.70217 0.142043
vn 0.697694 0.702165 0.142082
vn 0.711181 -0.702746 -0.0192419
vn -0.698108 -0.702741 -0.137116
vn -0.698111 -0.702745 -0.137077
vn -0.711596 0.702172 0.0242079
vn -0.711599 0.702167 0.0242473
vn 0.711177 -0.70275 -0.0192026
vn 0.69769 0.702161 0.142121
vn 0.697689 0.702162 0.142121
vn 0.711177 -0.70275 -0.0192025
vn -0.698114 -0.70275 -0.137037
vn -0.698115 -0.702749 -0.137037
vn -0.711602 0.702163 0.0242865
vn -0.711602 0.702163 0.0242865
vn -0.697282 -0.70351 -0.137374
vn -0.709882 -0.704296 0.00586453
vn -0.697282 -0.70351 -0.137374
vn 0.712513 -0.701395 -0.0192592
vn 0.687114 -0.71124 0.148364
vn 0.679455 -0.709493 0.186977
vn -0.708963 -0.705238 0.0031823
vn -0.712907 0.700858 0.0237005
vn -0.707719 0.706028 -0.0256715
vn -0.712907 0.700858 0.0237005
vn -0.702048 0.708108 -0.0755825
vn 0.696652 0.703248 0.141842
vn 0.695847 0.702904 0.147387
vn 0.696651 0.703248 0.141842
vn 0.693927 0.703699 0.152558
vn 0.712512 -0.701395 -0.0192593
vn -0.701213 -0.705941 -0.0997409
vn 0.697534 -0.70868 0.10592
vn 0.702636 -0.707351 0.0771835
vn -0.653367 -0.612222 0.445304
vn -0.987484 -0.0736935 -0.139445
vn -0.991953 -0.0845143 -0.094272
vn -0.993073 -0.0873096 -0.0786395
vn -0.705236 -0.707105 -0.0514212
vn -0.699842 0.70852 -0.0906651
vn -0.10931 0.990717 0.0808204
vn -0.105292 0.976644 0.187295
vn -0.104536 0.969381 0.222199
vn -0.60184 0.459495 0.653187
vn -0.704605 0.707366 -0.0562608
vn 0.699039 0.705716 0.115368
vn 0.980773 0.136772 -0.139205
vn 0.992078 0.116737 -0.0464012
vn 0.993934 0.108912 -0.0152539
vn 0.457722 0.513813 0.725594
vn 0.70328 0.707233 0.0722332
vn 0.0915399 -0.90186 -0.422219
vn 0.0960236 -0.92875 -0.358055
vn 0.098297 -0.93656 -0.336442
vn 0.569421 -0.664709 0.483655
vn -0.708704 -0.705505 -0.00107204
vn 0.705616 -0.706838 0.0498611
vn 0.704579 -0.707748 0.0515837
vn -0.612471 -0.526775 0.589397
vn 0.559599 0.554636 -0.615815
vn -0.706902 -0.707311 0.000742012
vn -0.707247 0.70669 -0.0197471
vn 0.695778 -0.315684 -0.645164
vn -0.596167 0.497862 0.629855
vn -0.706846 0.707138 -0.0180163
vn 0.707228 0.706293 0.0312801
vn -0.155849 -0.525307 -0.836519
vn 0.327309 0.43765 0.837456
vn 0.705978 0.70747 0.0328702
vn -0.370293 0.425732 -0.825612
vn 0.352523 -0.467403 0.810717
vn -0.705558 -0.708385 0.0194408
vn 0.696188 -0.710497 0.102553
vn 0.623257 -0.761639 0.177361
vn -0.767696 -0.636118 0.0774391
vn -0.713346 0.698775 0.0533981
vn -0.641715 0.750425 0.158314
vn 0.698805 0.70251 0.134727
vn 0.737287 0.625663 0.25486
vn -0.686142 -0.693054 -0.221101
vn 0.717681 -0.686045 -0.119479
vn 0.720341 -0.646154 -0.252179
vn -0.873603 -0.409788 0.262472
vn 0.402701 -0.87709 0.261811
vn 0.26468 -0.953016 0.147328
vn -0.685464 -0.679217 -0.262303
vn -0.705572 0.624319 0.335252
vn -0.946255 -0.257253 0.196014
vn -0.429851 0.864737 0.259725
vn -0.690574 0.567994 0.447762
vn 0.675919 0.685009 0.271838
vn -0.26662 0.944738 0.190746
vn 0.867956 0.425441 0.256228
vn 0.671729 0.650623 0.354216
vn 0.812325 0.250866 0.526492
vn -0.683748 -0.668128 -0.293417
vn 0.713291 -0.621234 -0.324476
vn 0.719707 -0.638708 -0.272165
vn -0.403768 -0.352763 0.844115
vn -0.126149 0.595228 -0.793593
vn -0.69505 -0.666746 -0.268989
vn -0.700908 0.580104 0.414979
vn 0.615121 -0.0699003 -0.785328
vn -0.592662 0.431705 0.679988
vn -0.719201 0.621679 0.310265
vn 0.655573 0.616719 0.435754
vn -0.0160721 -0.928928 -0.369912
vn 0.0244661 -0.996352 -0.0817526
vn 0.0359477 -0.99914 0.0206408
vn 0.69831 0.700372 0.147793
vn 0.689125 0.633961 0.350998
vn -0.92132 -0.0975472 -0.376369
vn -0.980265 -0.075428 -0.182733
vn -0.990952 -0.0685597 -0.115383
vn 0.403771 -0.569032 0.71636
vn 0.0237022 -0.876293 -0.481195
vn 0.16222 -0.81247 -0.559979
vn 0.0959811 -0.805718 -0.584471
vn 0.199057 -0.755432 -0.624259
vn 0.130713 -0.702371 -0.699706
vn 0.233273 -0.734136 -0.637674
vn 0.235862 -0.790924 -0.564631
vn 0.191062 -0.831473 -0.521678
vn 0.141968 -0.897893 -0.416693
vn 0.0533517 -0.838626 -0.542089
vn -0.0575805 -0.896356 -0.43958
vn -0.169055 -0.932353 -0.319591
vn -0.275644 -0.834402 -0.477278
vn -0.299521 -0.864607 -0.403413
vn -0.317992 -0.845677 -0.428616
vn -0.284801 -0.865169 -0.412761
vn -0.24245 -0.830122 -0.502112
vn -0.16341 -0.803042 -0.57308
vn -0.188675 -0.958627 0.213156
vn -0.188673 -0.958628 0.213156
vn -0.188671 -0.958628 0.213156
vn 0.512615 0.561211 -0.649821
vn 0.598835 0.500799 -0.624977
vn 0.591215 0.570082 -0.570501
vn 0.645895 0.49803 -0.578607
vn 0.650592 0.599931 -0.465632
vn 0.677204 0.479523 -0.55808
vn 0.614808 0.377856 -0.692269
vn 0.590511 0.373378 -0.715461
vn 0.537438 0.340351 -0.771571
vn 0.517309 0.355351 -0.778535
vn 0.304652 0.156969 -0.93944
vn 0.296572 0.140968 -0.944549
vn -0.0170506 -0.0445984 -0.998859
vn 0.0649565 -0.260295 -0.963342
vn 0.212938 -0.284084 -0.934855
vn 0.325144 -0.277227 -0.904117
vn 0.213997 -0.689753 -0.691698
vn 0.327687 -0.629977 -0.704095
vn 0.405539 -0.62972 -0.662564
vn 0.294102 -0.815495 -0.498469
vn -0.85189 -0.0477089 -0.521543
vn -0.737849 -0.125691 -0.66316
vn -0.797854 -0.0865519 -0.596606
vn -0.692596 -0.115376 -0.712039
vn -0.723315 -0.0991349 -0.683365
vn -0.704255 -0.116405 -0.700339
vn -0.53697 -0.0292319 -0.843095
vn -0.576337 0.0310363 -0.816623
vn -0.613434 0.0825155 -0.785424
vn -0.260273 0.237124 -0.935965
vn -0.313925 0.305459 -0.89897
vn -0.347203 0.356366 -0.867441
vn -0.101072 0.494608 -0.863219
vn -0.189275 0.51582 -0.835527
vn -0.229665 0.536898 -0.811785
vn -0.209638 0.561981 -0.800143
vn -0.238362 0.551386 -0.799473
vn -0.261936 0.545481 -0.796141
vn -0.2949 0.513988 -0.805513
vn 0.59918 -0.390016 -0.699193
vn 0.531903 -0.523974 -0.665229
vn 0.618685 -0.506467 -0.6006
vn 0.532992 -0.631346 -0.563313
vn 0.660749 -0.594553 -0.458167
vn 0.522689 -0.718728 -0.458506
vn 0.339343 -0.66784 -0.662447
vn 0.341121 -0.687183 -0.641417
vn 0.28951 -0.658273 -0.694882
vn 0.216297 -0.515226 -0.829312
vn 0.171132 -0.481697 -0.859466
vn 0.182367 -0.487612 -0.853801
vn -0.128525 -0.363415 -0.922719
vn -0.201559 -0.328619 -0.922704
vn 0.113997 -0.592611 -0.797381
vn -0.560701 0.0419618 -0.826954
vn -0.605978 0.123573 -0.785825
vn -0.531259 -0.0102572 -0.847148
vn -0.631989 0.199818 -0.748774
vn -0.730945 0.28687 -0.619213
vn -0.142551 0.931621 -0.334306
vn -0.170231 0.839403 -0.516162
vn -0.163948 0.907727 -0.386204
vn -0.125127 0.834095 -0.537242
vn -0.168852 0.878002 -0.447886
vn -0.104508 0.87858 -0.466021
vn 0.0824961 0.676615 -0.731701
vn 0.154793 0.749892 -0.643196
vn 0.223995 0.779599 -0.584851
vn 0.322291 0.556542 -0.765761
vn 0.325337 0.647407 -0.689217
vn 0.355786 0.699737 -0.619504
vn 0.552041 -0.230354 -0.801366
vn 0.683356 -0.0649121 -0.727194
vn 0.625441 -0.0954905 -0.774406
vn 0.66722 -0.0928717 -0.739048
vn 0.633858 0.0292359 -0.772897
vn 0.675102 -0.268829 -0.686999
vn 0.487173 -0.255906 -0.83497
vn 0.454289 -0.413307 -0.789176
vn 0.367065 -0.509968 -0.777944
vn 0.3274 -0.356395 -0.875096
vn -0.438088 -0.700662 -0.563162
vn -0.642957 -0.674561 -0.362731
vn -0.561037 -0.717789 -0.41233
vn -0.648817 -0.701086 -0.29583
vn -0.629797 -0.748177 -0.208777
vn -0.62684 -0.676728 -0.386148
vn -0.531117 -0.731408 -0.427735
vn -0.418892 -0.690133 -0.590123
vn -0.310732 -0.655914 -0.687911
vn -0.306397 -0.68233 -0.663737
vn -0.154075 -0.418476 -0.895063
vn -0.159974 -0.388133 -0.907613
vn 0.132017 -0.0581718 -0.989539
vn -0.0889891 -0.014544 -0.995926
vn -0.19396 -0.0596853 -0.979192
vn -0.267245 -0.0666298 -0.961322
vn -0.224531 0.291013 -0.929999
vn -0.271647 0.0429923 -0.961436
vn -0.317496 0.0106332 -0.9482
vn -0.18036 0.642821 -0.744481
vn -0.18036 0.642821 -0.744481
vn -0.695647 -0.673498 -0.249952
vn 0.718578 -0.653635 -0.237501
vn 0.718584 -0.645792 -0.25805
vn -0.695358 -0.677096 -0.24087
vn -0.718565 0.653437 0.238085
vn -0.718533 0.645148 0.259797
vn 0.695621 0.673197 0.250832
vn 0.695365 0.676346 0.242947
vn -0.696058 -0.667316 -0.264938
vn 0.716477 -0.624724 -0.310452
vn 0.714994 -0.609767 -0.342005
vn -0.697046 -0.652631 -0.296982
vn -0.716032 0.622215 0.316459
vn -0.71441 0.605958 0.349906
vn 0.696067 0.665178 0.27024
vn 0.697302 0.648721 0.304846
vn -0.698217 -0.630214 -0.339592
vn 0.712662 -0.594598 -0.372245
vn 0.713691 -0.593945 -0.371314
vn -0.70005 -0.622648 -0.349628
vn -0.711716 0.587952 0.384412
vn -0.713204 0.585947 0.384714
vn 0.698407 0.623396 0.351575
vn 0.700433 0.614016 0.363838
vn -0.700453 -0.584436 -0.409635
vn 0.712965 -0.577783 -0.397301
vn 0.71183 -0.560207 -0.423633
vn -0.701187 -0.549429 -0.454384
vn -0.71208 0.56741 0.413507
vn -0.711437 0.548637 0.439152
vn 0.70001 0.57508 0.423403
vn 0.700493 0.538673 0.468125
vn -0.699343 -0.508501 -0.502341
vn 0.706599 -0.577831 -0.408448
vn 0.702395 -0.61083 -0.365415
vn -0.700612 -0.503698 -0.505402
vn -0.707321 0.565385 0.424308
vn -0.704749 0.598752 0.380559
vn 0.698171 0.495175 0.517067
vn 0.698713 0.488991 0.522196
vn -0.695358 -0.488212 -0.527376
vn 0.698597 -0.632423 -0.334668
vn 0.702498 -0.621311 -0.347086
vn -0.690364 -0.476689 -0.54421
vn -0.701914 0.619279 0.351867
vn -0.706233 0.60671 0.364881
vn 0.691953 0.472942 0.54546
vn 0.685944 0.461619 0.562485
vn -0.699758 -0.526453 -0.482893
vn 0.713618 -0.576763 -0.397611
vn 0.711982 -0.550036 -0.436511
vn -0.704726 -0.584926 -0.401525
vn -0.716687 0.560067 0.415553
vn -0.71237 0.531816 0.45793
vn 0.696874 0.511731 0.502492
vn 0.704701 0.571498 0.42046
vn -0.688113 -0.680972 -0.250556
vn 0.712069 -0.53829 -0.450779
vn 0.706948 -0.562356 -0.428929
vn -0.67313 -0.717578 -0.178824
vn -0.709551 0.518042 0.477672
vn -0.700575 0.542738 0.463282
vn 0.692394 0.668043 0.272597
vn 0.680304 0.703247 0.206471
vn -0.617254 -0.786704 0.00973063
vn 0.704525 -0.568832 -0.424351
vn 0.692906 -0.571577 -0.439524
vn -0.578767 -0.804211 0.135183
vn -0.69556 0.550334 0.461875
vn -0.676056 0.558874 0.480216
vn 0.62987 0.776361 0.022976
vn 0.595026 0.797345 -0.100926
vn -0.523755 -0.814428 0.249774
vn 0.683808 -0.569019 -0.456754
vn 0.673671 -0.58627 -0.44995
vn -0.53102 -0.807606 0.256498
vn -0.663542 0.557448 0.498963
vn -0.646173 0.581105 0.49475
vn 0.542512 0.811397 -0.21752
vn 0.551912 0.803684 -0.222451
vn 0.998551 0.05 -0.0199129
vn 0.996272 0.0398572 -0.0765119
vn 0.998446 0.0516762 -0.0208556
vn -0.0600479 0.974436 -0.216491
vn -0.059353 0.959729 -0.274587
vn -0.0629668 0.941079 -0.332274
vn 0.991326 0.0245162 -0.129121
vn 0.0592133 -0.959735 0.274596
vn 0.0626113 -0.94138 0.331486
vn -0.996497 -0.0405756 0.0731186
vn -0.991548 -0.0246829 0.127368
vn -0.0632825 0.974027 -0.217409
vn 0.970762 -0.0177176 -0.239389
vn -0.0789353 0.89093 -0.447227
vn -0.101581 0.857927 -0.50363
vn 0.955866 -0.0514857 -0.289258
vn 0.0792882 -0.889314 0.450372
vn 0.102004 -0.85659 0.505814
vn -0.970738 0.0180926 0.239459
vn -0.9541 0.054781 0.294436
vn 0.929638 -0.092639 -0.356638
vn -0.120722 0.817603 -0.562985
vn -0.130048 0.812486 -0.56829
vn 0.923928 -0.108624 -0.366821
vn 0.123421 -0.811348 0.571386
vn 0.134438 -0.805295 0.577431
vn -0.925799 0.0986424 0.36492
vn -0.917891 0.117942 0.378901
vn 0.916261 -0.120696 -0.381967
vn -0.130295 0.811188 -0.570085
vn -0.12794 0.814449 -0.565954
vn 0.916266 -0.121226 -0.381787
vn 0.137312 -0.800034 0.58403
vn 0.135699 -0.802928 0.580424
vn -0.908937 0.131574 0.395628
vn -0.908477 0.132876 0.396249
vn 0.913795 -0.124936 -0.386484
vn -0.104086 0.847287 -0.520836
vn -0.0837057 0.874454 -0.477833
vn 0.911059 -0.126769 -0.392303
vn 0.112374 -0.836273 0.536675
vn 0.091906 -0.864839 0.493565
vn -0.904901 0.137856 0.402678
vn -0.90189 0.138604 0.409124
vn 0.934662 -0.0987465 -0.341551
vn -0.0830581 0.878237 -0.470957
vn -0.0981931 0.856075 -0.507438
vn 0.955793 -0.0641532 -0.286957
vn 0.0912309 -0.868957 0.486407
vn 0.105616 -0.844616 0.524851
vn -0.926418 0.11006 0.360051
vn -0.949658 0.0742032 0.304374
vn 0.962917 -0.0553706 -0.264054
vn -0.118094 0.814837 -0.567533
vn -0.119012 0.797316 -0.591713
vn 0.95119 -0.0787 -0.298402
vn 0.125072 -0.799325 0.587739
vn 0.126525 -0.779111 0.613985
vn -0.95676 0.0676097 0.282912
vn -0.943421 0.0940749 0.317972
vn 0.900358 -0.16883 -0.401064
vn -0.105741 0.814073 -0.571056
vn -0.0707781 0.84341 -0.532588
vn 0.852463 -0.232059 -0.468461
vn 0.115228 -0.795384 0.595052
vn 0.0877737 -0.824489 0.559029
vn -0.886813 0.187361 0.422443
vn -0.83536 0.24981 0.489662
vn 0.772549 -0.306147 -0.556276
vn 0.0462954 0.915532 -0.399571
vn 0.139497 0.942821 -0.302704
vn 0.750991 -0.30284 -0.586772
vn -0.0248756 -0.90248 0.430013
vn -0.114681 -0.936124 0.332445
vn -0.74616 0.324562 0.581296
vn -0.723161 0.315035 0.614648
vn 0.727516 -0.309305 -0.612414
vn 0.215703 0.956558 -0.196137
vn 0.210193 0.958558 -0.192315
vn 0.731131 -0.284053 -0.620292
vn -0.193477 -0.955208 0.223928
vn -0.187668 -0.957879 0.217367
vn -0.695164 0.320693 0.643353
vn -0.705729 0.285058 0.648605
vn -0.675584 -0.518287 -0.524371
vn -0.94371 0.175254 -0.280531
vn -0.444544 0.726629 -0.523824
vn 0.132097 0.373836 -0.91804
vn -0.0106825 -0.395541 -0.918386
vn -0.431281 -0.887332 0.163213
vn -0.431282 -0.887331 0.163216
vn 0.567559 -0.702953 -0.428641
vn 0.567559 -0.702954 -0.42864
vn -0.431282 -0.88733 0.163219
vn -0.834093 0.154557 0.529529
vn -0.834093 0.154557 0.529529
vn -0.834093 0.154557 0.529528
vn -0.0842118 0.982852 0.164043
vn 0.782045 0.45288 -0.428142
vn 0.782052 0.452871 -0.428139
vn 0.782059 0.452862 -0.428136
vn 0.56756 -0.702953 -0.428642
vn 0.101377 -0.663046 0.741683
vn -0.166768 0.0305169 0.985524
vn 0.33242 0.581907 0.742214
vn 0.909055 0.229121 0.348026
vn 0.766269 -0.540318 0.347689
vn -0.00472903 -0.10273 -0.994698
vn -0.398732 -0.669787 -0.626416
vn -0.929379 -0.332324 -0.160672
vn -0.863351 0.443277 -0.241103
vn -0.291871 0.585155 -0.756575
vn 0.740401 -0.131382 -0.6592
vn 0.740409 -0.131398 -0.659188
vn 0.309051 0.902005 -0.301452
vn 0.309042 0.902008 -0.301453
vn 0.740417 -0.131415 -0.659176
vn 0.148552 -0.983212 -0.105951
vn 0.148552 -0.983213 -0.10595
vn 0.148552 -0.983213 -0.105949
vn -0.648611 -0.47626 0.5937
vn -0.648611 -0.47626 0.5937
vn -0.648611 -0.47626 0.593701
vn -0.54941 0.688868 0.472874
vn -0.54941 0.688868 0.472874
vn -0.549411 0.688867 0.472874
vn 0.30906 0.902002 -0.301452
vn 0.990496 -0.0721838 0.117079
vn 0.596511 -0.639216 0.485363
vn 0.0658709 -0.301743 0.951111
vn 0.131899 0.473849 0.870672
vn 0.703348 0.615729 0.355217
vn -0.675585 -0.518287 -0.524369
vn -0.94371 0.175255 -0.280531
vn -0.431282 -0.887331 0.163215
vn -0.431283 -0.88733 0.163218
vn -0.431284 -0.887329 0.163221
vn -0.834092 0.154558 0.529531
vn -0.834093 0.154556 0.52953
vn -0.834094 0.154555 0.529528
vn -0.0842117 0.982852 0.164043
vn -0.0842115 0.982852 0.164043
vn 0.782044 0.45288 -0.428144
vn 0.782052 0.45287 -0.42814
vn 0.782059 0.45286 -0.428136
vn 0.101375 -0.663045 0.741684
vn -0.166768 0.0305166 0.985524
vn 0.332419 0.581907 0.742214
vn 0.909056 0.229118 0.348026
vn 0.766271 -0.540316 0.347689
vn -0.00472894 -0.102731 -0.994698
vn -0.398731 -0.669789 -0.626415
vn -0.929378 -0.332328 -0.160671
vn -0.86335 0.443279 -0.241103
vn -0.29187 0.585154 -0.756575
vn 0.740401 -0.131382 -0.6592
vn 0.74041 -0.131399 -0.659187
vn 0.309051 0.902005 -0.301452
vn 0.309041 0.902009 -0.301453
vn 0.740418 -0.131417 -0.659174
vn 0.148552 -0.983212 -0.105952
vn 0.148552 -0.983213 -0.105951
vn 0.148552 -0.983213 -0.10595
vn -0.648612 -0.476262 0.593698
vn -0.648611 -0.476261 0.593699
vn -0.549409 0.688869 0.472874
vn 0.309062 0.902002 -0.301452
vn 0.990495 -0.0721865 0.117081
vn 0.131899 0.473848 0.870672
vn 0.703348 0.615728 0.355219
vn -0.32614 -0.604585 -0.726712
vn -0.148611 -0.569916 -0.808153
vn -0.212621 -0.544637 -0.811272
vn -0.0697628 -0.502538 -0.861736
vn -0.110745 -0.429909 -0.896054
vn -0.0173003 -0.4809 -0.876605
vn -0.0248287 -0.505646 -0.862384
vn -0.0809341 -0.51643 -0.852496
vn -0.168972 -0.576981 -0.799088
vn -0.126794 -0.334166 -0.933947
vn -0.264395 -0.357667 -0.895639
vn -0.391726 -0.377741 -0.838965
vn -0.305943 -0.00848344 -0.952012
vn -0.340049 -0.0189516 -0.940217
vn -0.307084 0.077506 -0.948521
vn -0.260042 0.019932 -0.965391
vn -0.212001 0.0423055 -0.976353
vn -0.173064 0.020534 -0.984697
vn -0.296669 -0.189828 -0.935923
vn 0.445686 0.129501 -0.885773
vn 0.552059 0.0540366 -0.832052
vn 0.548372 0.108496 -0.829167
vn 0.634257 0.0410824 -0.77203
vn 0.656901 0.118369 -0.744628
vn 0.688166 0.018489 -0.725317
vn 0.663344 -0.0176111 -0.748107
vn 0.676622 0.000263583 -0.73633
vn 0.647595 0.0050855 -0.761968
vn 0.596448 0.0442993 -0.801429
vn 0.578895 0.00622137 -0.815378
vn 0.637731 0.000957614 -0.770259
vn 0.429069 -0.193571 -0.882287
vn 0.590556 -0.282011 -0.756117
vn 0.724789 -0.325794 -0.607074
vn 0.472802 -0.606755 -0.638989
vn 0.601017 -0.597041 -0.531339
vn 0.645723 -0.629641 -0.431965
vn 0.481656 -0.725773 -0.491184
vn -0.70457 0.311106 -0.637804
vn -0.667835 0.188082 -0.720154
vn -0.66354 0.238984 -0.708944
vn -0.641885 0.181334 -0.745051
vn -0.588293 0.17889 -0.788612
vn -0.679784 0.202788 -0.704819
vn -0.600333 0.230006 -0.765962
vn -0.636689 0.331179 -0.696382
vn -0.674844 0.431042 -0.598989
vn -0.456088 0.437826 -0.774785
vn -0.494829 0.569891 -0.656025
vn -0.522216 0.675389 -0.520711
vn -0.35214 0.720891 -0.59692
vn -0.413578 0.802808 -0.429479
vn -0.439187 0.848611 -0.294913
vn -0.469011 0.861608 -0.194063
vn -0.503828 0.855809 -0.117252
vn -0.523567 0.850845 -0.0440433
vn -0.611789 0.787157 0.078093
vn 0.246493 -0.569905 -0.783869
vn 0.143997 -0.701696 -0.697773
vn 0.220362 -0.695513 -0.683887
vn 0.109374 -0.821148 -0.560138
vn 0.231964 -0.811654 -0.536107
vn 0.0697788 -0.911984 -0.404248
vn -0.0530588 -0.852299 -0.520356
vn -0.0521115 -0.892561 -0.447906
vn -0.0762818 -0.88208 -0.464883
vn -0.0390156 -0.854982 -0.517188
vn -0.0690907 -0.866117 -0.495043
vn -0.0668142 -0.920801 -0.384266
vn -0.223565 -0.866042 -0.447203
vn -0.242188 -0.884497 -0.398761
vn -0.296086 -0.843462 -0.448224
vn -0.290359 -0.748343 -0.596385
vn -0.290989 -0.694412 -0.658116
vn -0.276641 -0.652888 -0.705129
vn -0.300203 -0.602719 -0.73933
vn 0.299854 0.83661 -0.458444
vn 0.221104 0.773098 -0.594503
vn 0.264805 0.81905 -0.508954
vn 0.263304 0.757251 -0.597697
vn 0.23962 0.786237 -0.569573
vn 0.324678 0.805981 -0.494954
vn 0.380203 0.598643 -0.705033
vn 0.509754 0.644698 -0.569662
vn 0.618824 0.653951 -0.435207
vn 0.566101 0.303097 -0.766591
vn 0.674583 0.289341 -0.679132
vn 0.758543 0.274759 -0.590863
vn 0.719194 0.0178523 -0.69458
vn 0.724978 0.0705137 -0.685153
vn 0.656813 -0.0321117 -0.75337
vn 0.596237 0.247897 -0.763576
vn 0.493352 0.161883 -0.854633
vn 0.379811 0.160808 -0.91098
vn 0.473102 0.386544 -0.791681
vn 0.553399 0.0949131 -0.827491
vn 0.402918 0.205399 -0.891891
vn 0.422981 0.13969 -0.895307
vn 0.294207 0.220551 -0.929946
vn 0.25843 0.14068 -0.955732
vn 0.242753 0.246533 -0.938239
vn 0.269835 0.257503 -0.927837
vn 0.315337 0.221738 -0.922711
vn 0.425078 0.195413 -0.883811
vn 0.192706 0.0659387 -0.979038
vn 0.302804 -0.0230117 -0.952775
vn 0.406085 -0.104818 -0.907804
vn 0.0541488 -0.280724 -0.95826
vn 0.0852434 -0.29974 -0.950205
vn -0.010206 -0.336858 -0.9415
vn 0.00371094 -0.263312 -0.964704
vn -0.045265 -0.241382 -0.969374
vn -0.0542663 -0.197785 -0.978742
vn 0.194728 -0.152565 -0.96892
vn -0.10175 0.147512 -0.983813
vn -0.124758 0.283722 -0.950756
vn -0.162656 0.245403 -0.955678
vn -0.181558 0.362025 -0.914317
vn -0.258619 0.331798 -0.907208
vn -0.210657 0.423598 -0.881015
vn -0.164676 0.426572 -0.889336
vn -0.189653 0.426648 -0.884309
vn -0.169019 0.398692 -0.901375
vn -0.154431 0.328715 -0.931718
vn -0.110071 0.336205 -0.935334
vn -0.152498 0.386484 -0.909601
vn 0.156281 0.338145 -0.928027
vn 0.0894168 0.531068 -0.842598
vn -0.00167469 0.676409 -0.736525
vn 0.36917 0.666378 -0.647808
vn 0.252508 0.769483 -0.58663
vn 0.219651 0.836607 -0.501839
vn 0.408011 0.768864 -0.492316
vn 0.263132 -0.628644 -0.731825
vn 0.337537 -0.510072 -0.791135
vn 0.295496 -0.54022 -0.787937
vn 0.327498 -0.482704 -0.812245
vn 0.296842 -0.432818 -0.851207
vn 0.333717 -0.53181 -0.778338
vn 0.26512 -0.480992 -0.835678
vn 0.208193 -0.583963 -0.784629
vn 0.151406 -0.692013 -0.705829
vn 0.0146659 -0.502489 -0.864459
vn -0.0677387 -0.632615 -0.771498
vn -0.139533 -0.740603 -0.657296
vn -0.281755 -0.619319 -0.732842
vn -0.317542 -0.741631 -0.590889
vn -0.34781 -0.809797 -0.472501
vn -0.355442 -0.847975 -0.393191
vn -0.336942 -0.884215 -0.323472
vn -0.328712 -0.908952 -0.256428
vn -0.245564 -0.958132 -0.147244
vn 0.3313 0.4691 -0.818649
vn 0.492581 0.482986 -0.72394
vn 0.438729 0.538612 -0.719314
vn 0.598883 0.546088 -0.585771
vn 0.512872 0.636344 -0.576219
vn 0.685518 0.589122 -0.427785
vn 0.723289 0.445624 -0.527515
vn 0.749642 0.47906 -0.45666
vn 0.757866 0.451995 -0.470467
vn 0.715917 0.457765 -0.527175
vn 0.74181 0.444849 -0.501824
vn 0.774633 0.494283 -0.394497
vn 0.837286 0.332802 -0.433814
vn 0.860542 0.335196 -0.38355
vn 0.867042 0.260659 -0.424611
vn 0.80269 0.188654 -0.565773
vn 0.766632 0.144835 -0.625539
vn 0.729927 0.122894 -0.672386
vn 0.711102 0.0698547 -0.69961
vn -0.761501 -0.300725 -0.574178
vn -0.645047 -0.319819 -0.693996
vn -0.718747 -0.316066 -0.619278
vn -0.659822 -0.277453 -0.698323
vn -0.669342 -0.313954 -0.67336
vn -0.750555 -0.262424 -0.606466
vn -0.600702 -0.0859919 -0.794835
vn -0.736592 -0.0170191 -0.676123
vn -0.83119 0.0596967 -0.552774
vn -0.484089 0.246556 -0.839564
vn -0.552984 0.338259 -0.761439
vn -0.605734 0.411626 -0.680919
vn -0.365878 0.546818 -0.753076
vn -0.409564 0.517948 -0.750991
vn -0.276795 0.531148 -0.800791
vn -0.446909 0.308147 -0.839832
vn -0.302641 0.283858 -0.909853
vn -0.221299 0.197242 -0.955051
vn -0.468846 0.126565 -0.874165
vn -0.461025 0.43372 -0.774172
vn -0.449478 0.254324 -0.856323
vn -0.412975 0.312724 -0.855368
vn -0.391682 0.165848 -0.90503
vn -0.309069 0.193321 -0.931184
vn -0.378128 0.11065 -0.919117
vn -0.403333 0.122748 -0.906783
vn -0.405382 0.179804 -0.89629
vn -0.455011 0.275864 -0.846678
vn -0.209508 0.193965 -0.958376
vn -0.213044 0.332611 -0.918685
vn -0.2169 0.458707 -0.861709
vn 0.141213 0.315769 -0.938269
vn 0.135642 0.35088 -0.926544
vn 0.226827 0.302891 -0.925639
vn 0.159141 0.266581 -0.950583
vn 0.175176 0.215377 -0.960691
vn 0.148106 0.180364 -0.972385
vn -0.0494961 0.333317 -0.941515
vn 0.0331135 -0.258667 -0.965399
vn -0.0582144 -0.361816 -0.93043
vn -0.0041176 -0.366252 -0.930507
vn -0.0838114 -0.452438 -0.887849
vn -0.0114114 -0.490597 -0.871312
vn -0.114288 -0.511352 -0.851738
vn -0.145726 -0.478786 -0.865753
vn -0.130103 -0.497271 -0.857785
vn -0.120831 -0.464976 -0.877039
vn -0.0744839 -0.411468 -0.908376
vn -0.109096 -0.38359 -0.917037
vn -0.123191 -0.446993 -0.886014
vn -0.28202 -0.18305 -0.941784
vn -0.394404 -0.349568 -0.849851
vn -0.457843 -0.50252 -0.733385
vn -0.692778 -0.200159 -0.692817
vn -0.704073 -0.348814 -0.618555
vn -0.742608 -0.408433 -0.530769
vn -0.810384 -0.215884 -0.544676
vn 0.384372 0.652672 -0.6529
vn 0.252296 0.637633 -0.727854
vn 0.302294 0.624906 -0.7198
vn 0.239913 0.613557 -0.752323
vn 0.226188 0.561628 -0.795872
vn 0.269599 0.647041 -0.7132
vn 0.280085 0.565082 -0.776038
vn 0.389704 0.583605 -0.712416
vn 0.500223 0.603707 -0.620737
vn 0.460594 0.389106 -0.797778
vn 0.60371 0.403538 -0.687526
vn 0.720599 0.410634 -0.558675
vn 0.730904 0.233668 -0.641232
vn 0.832101 0.276385 -0.480853
vn 0.890423 0.290221 -0.350598
vn 0.915386 0.310366 -0.2564
vn 0.921687 0.343528 -0.180225
vn 0.926058 0.36167 -0.107754
vn 0.891003 0.453761 0.0146692
vn -0.540912 -0.0488817 -0.839657
vn -0.660016 0.0641165 -0.74851
vn -0.667157 -0.0128921 -0.744805
vn -0.78219 0.103181 -0.614437
vn -0.79487 -0.0207472 -0.606425
vn -0.877045 0.140252 -0.45948
vn -0.78933 0.262551 -0.554999
vn -0.834423 0.260466 -0.48569
vn -0.818756 0.284358 -0.498778
vn -0.79346 0.249111 -0.555307
vn -0.801135 0.276965 -0.53054
vn -0.863632 0.269093 -0.426296
vn -0.77865 0.422709 -0.463704
vn -0.796776 0.438996 -0.415247
vn -0.741633 0.492943 -0.454959
vn -0.636422 0.49247 -0.593666
vn -0.576518 0.493801 -0.65099
vn -0.533381 0.480391 -0.696225
vn -0.477506 0.50125 -0.72162
vn 0.747025 -0.370635 -0.551891
vn 0.690792 -0.266697 -0.672071
vn 0.732851 -0.327041 -0.596635
vn 0.668345 -0.305244 -0.678337
vn 0.701522 -0.289569 -0.651165
vn 0.711975 -0.386045 -0.586567
vn 0.488235 -0.382168 -0.784585
vn 0.519187 -0.533053 -0.668056
vn 0.517193 -0.657908 -0.547419
vn 0.162376 -0.508005 -0.845911
vn 0.133874 -0.621546 -0.771854
vn 0.108531 -0.711685 -0.694064
vn -0.149125 -0.612891 -0.775968
vn -0.0990805 -0.627555 -0.772242
vn -0.191829 -0.532317 -0.824524
vn 0.0857595 -0.518904 -0.85052
vn 0.0158586 -0.390734 -0.920367
vn 0.0323026 -0.27127 -0.961961
vn 0.239351 -0.420024 -0.875381
vn -0.488705 -0.871382 -0.0431497
vn -0.254327 -0.921778 -0.292649
vn -0.279332 -0.896791 -0.343131
vn -0.161352 -0.868957 -0.467845
vn -0.262726 -0.816552 -0.514021
vn -0.082868 -0.8388 -0.538096
vn -0.068648 -0.832155 -0.550277
vn -0.132176 -0.828675 -0.5439
vn -0.234109 -0.863327 -0.447056
vn -0.168502 -0.599003 -0.782817
vn -0.339492 -0.613012 -0.713415
vn -0.491717 -0.606589 -0.624711
vn -0.370099 -0.196539 -0.907964
vn -0.424447 -0.210279 -0.880697
vn -0.644116 -0.430521 -0.632271
vn -0.365336 -0.19703 -0.909785
vn -0.316315 -0.182116 -0.93101
vn -0.223849 0.0755173 -0.971694
vn -0.0810784 0.0627663 -0.994729
vn -0.444174 -0.475647 -0.759256
vn -0.444166 -0.475651 -0.759258
vn 0.792969 0.249775 -0.555709
vn 0.892988 0.102753 -0.438195
vn 0.89831 0.196136 -0.393153
vn 0.950382 0.0616305 -0.304918
vn 0.966949 0.184383 -0.176105
vn 0.97499 0.00979054 -0.222032
vn 0.932501 -0.0461006 -0.358214
vn 0.93883 -0.0281608 -0.343229
vn 0.913874 -0.0151399 -0.405715
vn 0.861593 0.0495443 -0.505175
vn 0.844302 0.00861206 -0.535798
vn 0.888328 -0.00550579 -0.459177
vn 0.695312 -0.199089 -0.690583
vn 0.834705 -0.32306 -0.445983
vn 0.904145 -0.373664 -0.207116
vn 0.555424 -0.369867 -0.744784
vn 0.67362 -0.735453 -0.0731064
vn 0.762498 -0.635719 -0.120242
vn 0.753915 -0.656935 0.00702807
vn 0.6487 -0.755038 -0.0954208
vn -0.910829 0.411201 -0.0361054
vn -0.934795 0.245763 -0.256435
vn -0.953263 0.240856 -0.182421
vn -0.911238 0.238722 -0.335645
vn -0.88148 0.266156 -0.390069
vn -0.929806 0.246559 -0.273255
vn -0.848073 0.304841 -0.433409
vn -0.852422 0.422012 -0.30868
vn -0.835992 0.526826 -0.153532
vn -0.640244 0.574815 -0.509583
vn -0.626848 0.714711 -0.310242
vn -0.585597 0.803532 -0.106829
vn -0.440977 0.871201 -0.215751
vn -0.438618 0.896743 0.0588708
vn -0.408601 0.876052 0.256083
vn -0.369943 0.894269 0.251842
vn -0.422307 0.70504 0.569715
vn -0.405799 0.633237 0.659043
vn -0.440767 0.380842 0.812824
vn -0.440767 0.380843 0.812824
vn 0.335208 -0.778643 -0.530425
vn 0.13559 -0.918048 -0.372564
vn 0.0413286 -0.992025 -0.119071
vn 0.234589 -0.972043 -0.00997043
vn -0.056039 -0.990508 0.125512
vn -0.215223 -0.966556 -0.139455
vn -0.231443 -0.972686 -0.0177638
vn -0.26391 -0.963239 -0.0502122
vn -0.207589 -0.971107 -0.117725
vn -0.247007 -0.965534 -0.0820505
vn -0.259014 -0.962176 0.0844327
vn -0.424125 -0.905174 0.0278861
vn -0.453867 -0.884296 0.109659
vn -0.512419 -0.85726 0.050315
vn -0.485928 -0.867501 -0.106373
vn -0.480912 -0.853913 -0.198888
vn -0.463859 -0.847554 -0.257851
vn -0.477451 -0.829125 -0.290848
vn 0.330691 0.942976 -0.037934
vn 0.233597 0.925212 -0.299024
vn 0.285614 0.94877 -0.135133
vn 0.290861 0.89892 -0.327632
vn 0.257805 0.931865 -0.255271
vn 0.187054 0.932838 -0.307936
vn 0.459838 0.683267 -0.567181
vn 0.619854 0.695931 -0.362575
vn 0.632511 0.76453 0.124193
vn 0.740831 0.647534 -0.178519
vn 0.70637 0.426672 -0.564793
vn 0.766649 0.194773 -0.611811
vn 0.876045 0.454206 -0.161996
vn 0.371084 -0.161556 -0.914438
vn 0.73271 -0.146064 -0.664681
vn 0.767097 -0.0805849 -0.63645
vn 0.767888 -0.0197071 -0.64028
vn 0.839185 -0.176754 -0.514322
vn 0.681132 0.178541 -0.710058
vn 0.486066 0.18686 -0.853711
vn 0.782153 -0.275562 -0.55884
vn 0.246018 -0.186206 -0.951211
vn 0.585086 0.398822 -0.706127
vn 0.585086 0.398822 -0.706127
vn -0.726145 -0.401197 -0.55835
vn -0.997962 -0.0438282 0.0463875
vn -0.980327 -0.196515 -0.0184772
vn -0.870614 -0.470052 -0.145194
vn -0.953099 -0.0562493 0.297387
vn -0.973376 -0.181185 -0.140394
vn -0.971822 -0.0531638 0.229641
vn -0.844736 -0.476745 -0.243179
vn -0.840717 -0.416983 -0.345428
vn -0.72763 -0.472329 -0.497454
vn -0.76489 -0.533653 -0.360774
vn -0.635909 -0.429819 -0.640995
vn -0.67198 -0.436815 -0.598027
vn -0.28161 -0.290777 -0.914409
vn -0.64388 -0.222751 -0.731984
vn -0.808958 -0.27055 -0.52191
vn -0.889069 -0.289737 -0.354413
vn -0.908163 -0.113105 -0.403048
vn -0.934239 -0.130549 -0.331894
vn -0.949107 -0.103641 -0.297413
vn -0.91197 0.0659689 -0.404918
vn 0.980997 0.18129 0.0691321
vn 0.899946 0.393032 -0.188742
vn 0.901166 0.356784 -0.246179
vn 0.821959 0.430235 -0.373203
vn 0.848835 0.316695 -0.4233
vn 0.758677 0.47125 -0.449814
vn 0.752351 0.479053 -0.45219
vn 0.79016 0.429313 -0.437422
vn 0.867745 0.376017 -0.325007
vn 0.688958 0.252764 -0.679299
vn 0.799697 0.131896 -0.585738
vn 0.878814 0.0126449 -0.476998
vn 0.558325 -0.161249 -0.813801
vn 0.600959 -0.193324 -0.775548
vn 0.849739 -0.219008 -0.479562
vn 0.5695 -0.154158 -0.807406
vn 0.531638 -0.126735 -0.837436
vn 0.288755 -0.226097 -0.930323
vn 0.212215 -0.109602 -0.971057
vn 0.796074 -0.0295456 -0.604477
vn 0.796076 -0.0295509 -0.604475
vn -0.631736 0.446552 -0.633641
vn -0.594898 0.617533 -0.514538
vn -0.677003 0.562879 -0.474166
vn -0.615199 0.687824 -0.385263
vn -0.736477 0.622641 -0.264424
vn -0.601028 0.738658 -0.305203
vn -0.512398 0.73997 -0.435767
vn -0.530343 0.731948 -0.427771
vn -0.5123 0.703719 -0.492268
vn -0.504643 0.618886 -0.601927
vn -0.457314 0.629516 -0.628151
vn -0.489468 0.667654 -0.560945
vn -0.166871 0.647324 -0.743724
vn -0.218088 0.834488 -0.50603
vn -0.277547 0.918706 -0.280976
vn 0.0720382 0.652888 -0.754021
vn 0.10571 0.992862 -0.0552344
vn -0.0141951 0.991114 -0.132253
vn -0.0218638 0.999748 -0.00503552
vn 0.140406 0.987698 -0.0688418
vn 0.268753 -0.963182 -0.00722726
vn 0.434641 -0.877609 -0.202213
vn 0.441355 -0.887607 -0.131755
vn 0.43359 -0.856197 -0.28094
vn 0.401315 -0.848102 -0.345933
vn 0.428889 -0.876924 -0.216931
vn 0.358117 -0.85334 -0.378898
vn 0.25199 -0.929842 -0.268134
vn 0.131009 -0.983677 -0.123356
vn 0.0372399 -0.865182 -0.500074
vn -0.116134 -0.937912 -0.326856
vn -0.254326 -0.956725 -0.141408
vn -0.374409 -0.881676 -0.287166
vn -0.456602 -0.889171 -0.0298313
vn -0.506835 -0.847175 0.159415
vn -0.542558 -0.828702 0.137416
vn -0.458073 -0.747767 0.480638
vn -0.438047 -0.689403 0.576922
vn -0.277411 -0.566573 0.775911
vn 0.440004 0.750589 -0.492963
vn 0.65785 0.689521 -0.302975
vn 0.744007 0.667349 -0.0331383
vn 0.593482 0.803331 0.0493748
vn 0.773304 0.595265 0.218314
vn 0.889311 0.457041 -0.0154652
vn 0.886376 0.449162 0.112207
vn 0.904674 0.417105 0.0871066
vn 0.882718 0.468495 0.036348
vn 0.895764 0.436791 0.0825844
vn 0.866779 0.428373 0.255325
vn 0.933146 0.267947 0.239673
vn 0.915216 0.231886 0.329559
vn 0.943006 0.169823 0.286182
vn 0.965152 0.206165 0.161176
vn 0.976571 0.20225 0.0735142
vn 0.976901 0.212883 0.0185945
vn 0.978788 0.204761 0.00688844
vn -0.926382 -0.348896 -0.141735
vn -0.819688 -0.413889 -0.395989
vn -0.891692 -0.387512 -0.233925
vn -0.831444 -0.352472 -0.429494
vn -0.847572 -0.399265 -0.349583
vn -0.793883 -0.453645 -0.404915
vn -0.731689 -0.0849032 -0.67633
vn -0.868527 0.0317442 -0.494624
vn -0.999976 0.000236231 -0.00695713
vn -0.932601 0.156974 -0.324984
vn -0.678398 0.268343 -0.683936
vn -0.519662 0.463684 -0.7176
vn -0.869607 0.382114 -0.312685
vn 0.0662726 0.379998 -0.92261
vn -0.214442 0.651878 -0.727372
vn -0.289563 0.637604 -0.713873
vn -0.339099 0.599194 -0.725243
vn -0.284492 0.755493 -0.590165
vn -0.414421 0.408098 -0.813456
vn -0.271715 0.24992 -0.92936
vn -0.162264 0.773673 -0.612455
vn 0.178421 0.295618 -0.938497
vn -0.522146 0.196486 -0.829914
vn -0.522146 0.196486 -0.829914
vn 0.832139 -0.305606 -0.462763
vn 0.659225 -0.740746 0.129295
vn 0.77282 -0.629637 0.0794067
vn 0.928341 -0.369424 -0.0413433
vn 0.608764 -0.698505 0.376161
vn 0.772624 -0.633659 -0.0390857
vn 0.625396 -0.713683 0.315494
vn 0.931564 -0.348188 -0.104659
vn 0.898939 -0.383346 -0.212023
vn 0.89403 -0.261459 -0.363799
vn 0.945251 -0.252133 -0.207193
vn 0.840551 -0.222553 -0.493906
vn 0.863229 -0.248554 -0.439383
vn 0.580421 -0.041882 -0.813239
vn 0.72041 -0.366771 -0.588632
vn 0.815579 -0.463602 -0.346272
vn 0.84377 -0.512316 -0.159951
vn 0.742453 -0.632857 -0.21967
vn 0.756111 -0.639377 -0.139619
vn 0.738862 -0.665763 -0.104124
vn 0.629377 -0.740857 -0.234555
vn -0.776678 0.629277 0.027941
vn -0.867605 0.433375 -0.24382
vn -0.837666 0.458341 -0.297052
vn -0.831767 0.35176 -0.42945
vn -0.76163 0.447923 -0.468279
vn -0.815684 0.277861 -0.507398
vn -0.81281 0.266262 -0.518116
vn -0.800443 0.32603 -0.502986
vn -0.820642 0.414305 -0.39357
vn -0.570929 0.366888 -0.734461
vn -0.562336 0.526602 -0.637549
vn -0.537117 0.65842 -0.527246
vn -0.157102 0.542542 -0.825207
vn -0.164715 0.594318 -0.787182
vn -0.347395 0.785931 -0.511497
vn -0.172267 0.541645 -0.822766
vn -0.16246 0.494804 -0.853684
vn 0.0899134 0.389144 -0.916778
vn 0.0615641 0.25486 -0.965016
vn -0.446023 0.613215 -0.651944
vn -0.446025 0.613211 -0.651946
vn 0.111053 -0.764797 -0.634628
vn -0.0506013 -0.846895 -0.529348
vn 0.0409751 -0.875218 -0.481991
vn -0.100454 -0.908913 -0.404706
vn 0.0186403 -0.961856 -0.272922
vn -0.155331 -0.932043 -0.327365
vn -0.203981 -0.86003 -0.467696
vn -0.187416 -0.868954 -0.458033
vn -0.170739 -0.836421 -0.520814
vn -0.0986594 -0.772324 -0.62752
vn -0.13509 -0.740904 -0.657884
vn -0.15422 -0.789955 -0.593453
vn -0.3143 -0.517892 -0.795615
vn -0.45824 -0.674473 -0.57888
vn -0.517998 -0.775097 -0.361805
vn -0.460109 -0.326588 -0.825615
vn -0.8417 -0.50763 -0.183993
vn -0.758095 -0.601911 -0.250989
vn -0.778688 -0.614499 -0.126633
vn -0.8609 -0.465996 -0.204202
vn 0.558816 0.828197 0.042595
vn 0.399876 0.901905 -0.1633
vn 0.39777 0.912629 -0.0942725
vn 0.38962 0.888606 -0.242024
vn 0.409057 0.858697 -0.308726
vn 0.402644 0.898394 -0.175403
vn 0.44641 0.831589 -0.330421
vn 0.563729 0.799591 -0.207034
vn 0.668524 0.741859 -0.0521646
vn 0.680585 0.600363 -0.419962
vn 0.817307 0.528732 -0.229023
vn 0.900697 0.433284 -0.0317759
vn 0.941026 0.298744 -0.158815
vn 0.965801 0.235562 0.108344
vn 0.939639 0.165475 0.299494
vn 0.94914 0.128826 0.287292
vn 0.774294 0.130111 0.619306
vn 0.699541 0.103722 0.707025
vn 0.456997 0.138599 0.878603
vn 0.456997 0.138599 0.878603
vn -0.822044 -0.144613 -0.550755
vn -0.927432 0.0592266 -0.369271
vn -0.985335 0.135843 -0.103253
vn -0.997451 -0.0690367 -0.0180142
vn -0.968436 0.200639 0.147902
vn -0.919174 0.383907 -0.0879489
vn -0.922 0.385411 0.0370762
vn -0.906684 0.421689 0.0100918
vn -0.925278 0.374983 -0.057005
vn -0.914636 0.404117 -0.0114002
vn -0.910372 0.382176 0.158633
vn -0.827143 0.54336 0.143507
vn -0.799433 0.552714 0.235402
vn -0.762431 0.617534 0.193262
vn -0.782049 0.620953 0.0530805
vn -0.771293 0.635447 -0.0362534
vn -0.769668 0.631546 -0.0936014
vn -0.756531 0.644161 -0.112771
vn 0.873422 -0.478332 -0.091281
vn 0.872273 -0.352007 -0.339456
vn 0.886383 -0.425929 -0.181409
vn 0.835642 -0.400955 -0.375416
vn 0.874544 -0.382874 -0.297626
vn 0.886425 -0.307033 -0.346382
vn 0.591965 -0.49584 -0.63539
vn 0.57482 -0.678842 -0.456898
vn 0.63794 -0.769103 0.0388936
vn 0.50341 -0.813868 -0.290169
vn 0.291304 -0.683272 -0.669538
vn 0.0479632 -0.682067 -0.729715
vn 0.286025 -0.911903 -0.294317
vn -0.230276 -0.173089 -0.957608
vn -0.293103 -0.559684 -0.775142
vn -0.237067 -0.608944 -0.756958
vn -0.170084 -0.62772 -0.759631
vn -0.345293 -0.680559 -0.64623
vn 0.0210498 -0.562223 -0.826718
vn 0.0720637 -0.351299 -0.933486
vn -0.437237 -0.589137 -0.679516
vn -0.229744 -0.0179193 -0.973086
vn 0.2504 -0.521153 -0.815904
vn 0.2504 -0.521153 -0.815904
vn -0.274548 0.835107 -0.476676
vn 0.125384 0.979982 0.154641
vn -0.0283408 0.995473 0.0907198
vn -0.31679 0.947113 -0.0512015
vn 0.107441 0.914308 0.390509
vn -0.0136019 0.999526 -0.0276173
vn 0.111601 0.93209 0.344607
vn -0.329702 0.936736 -0.117569
vn -0.271568 0.936503 -0.221839
vn -0.345281 0.85735 -0.381749
vn -0.401874 0.886271 -0.230262
vn -0.322639 0.792899 -0.516928
vn -0.326292 0.823907 -0.46337
vn -0.246071 0.48097 -0.841497
vn -0.127136 0.795644 -0.592272
vn -0.151551 0.925472 -0.347181
vn -0.161508 0.973638 -0.161075
vn 0.00181019 0.98134 -0.19227
vn -0.0146526 0.99355 -0.112444
vn 0.0107494 0.9973 -0.0726465
vn 0.157474 0.971077 -0.179475
vn -0.960422 -0.268586 0.0738286
vn 0.267878 -0.962487 -0.0431334
vn 0.265874 -0.9624 -0.0556482
vn -0.958895 -0.269798 0.0879152
vn -0.26782 0.962498 0.0432545
vn -0.26568 0.962336 0.0576524
vn 0.960448 0.268572 -0.0735418
vn 0.961492 0.268016 -0.0608255
vn 0.959043 0.269753 -0.0864238
vn -0.956303 -0.270467 0.111051
vn 0.264004 -0.961666 -0.0741705
vn 0.263062 -0.961477 -0.0797547
vn -0.955055 -0.271191 0.119687
vn -0.263292 0.961351 0.080513
vn -0.261827 0.960978 0.0892603
vn 0.957078 0.27027 -0.104669
vn 0.9563 0.270765 -0.110345
vn -0.95352 -0.271713 0.130272
vn 0.262309 -0.96117 -0.0857086
vn 0.262246 -0.961164 -0.0859697
vn -0.953207 -0.271944 0.132074
vn -0.260372 0.960341 0.0997591
vn -0.259974 0.960256 0.101596
vn 0.955531 0.271022 -0.116224
vn 0.955486 0.271064 -0.116493
vn -0.949559 -0.273132 0.154067
vn 0.259318 -0.959984 -0.105754
vn 0.255959 -0.958565 -0.125055
vn -0.945642 -0.274851 0.173836
vn -0.256639 0.9586 0.123378
vn -0.252669 0.956874 0.143352
vn 0.952555 0.272207 -0.13617
vn 0.949171 0.273624 -0.155576
vn -0.93604 -0.278519 0.215072
vn 0.247803 -0.954637 -0.165111
vn 0.242218 -0.952332 -0.185458
vn -0.929965 -0.282071 0.235798
vn -0.243712 0.952154 0.184411
vn -0.236982 0.949529 0.205509
vn 0.940759 0.277031 -0.195518
vn 0.935407 0.27986 -0.216084
vn -0.906419 -0.291636 0.305539
vn 0.221406 -0.941335 -0.25469
vn 0.202216 -0.932011 -0.300771
vn -0.886185 -0.302635 0.35084
vn -0.215429 0.937202 0.274305
vn -0.19409 0.927109 0.320623
vn 0.913991 0.289238 -0.284539
vn 0.894768 0.299282 -0.331392
vn -0.864033 -0.309946 0.396713
vn 0.184285 -0.91953 -0.347136
vn 0.0173235 -0.721977 -0.6917
vn -0.8635 -0.315956 0.393116
vn -0.175359 0.913761 0.366457
vn -0.00537966 0.718615 0.695387
vn 0.873826 0.306429 -0.377531
vn 0.872481 0.311275 -0.376676
vn -0.864035 0.0298191 -0.502547
vn -0.86365 0.295318 -0.40853
vn -0.928043 0.121479 -0.352106
vn -0.0657901 -0.571395 -0.818034
vn 0.0325201 -0.585385 -0.810103
vn -0.797185 0.481404 -0.364344
vn 0.176997 0.529213 0.829823
vn 0.0772334 0.572654 0.816151
vn -0.0234595 0.609207 0.792664
vn 0.91024 0.0132535 0.413869
vn 0.878004 -0.287342 0.382809
vn 0.943407 -0.109323 0.313101
vn 0.788502 -0.495522 0.364312
vn -0.163447 -0.551735 -0.817847
vn -0.59701 0.725837 -0.341673
vn 0.423346 0.237931 -0.874166
vn 0.572167 0.153274 -0.805687
vn -0.528084 0.819901 -0.221112
vn -0.262641 -0.331509 0.906157
vn -0.405975 -0.212893 0.888741
vn -0.535133 -0.0868431 0.840292
vn 0.585769 -0.739336 0.33205
vn 0.515495 -0.83355 0.198646
vn 0.260129 0.314498 -0.912921
vn -0.413085 0.902049 -0.125175
vn 0.797718 0.599279 -0.0671659
vn 0.894314 0.446489 -0.0291436
vn -0.446806 0.885602 -0.126777
vn -0.668933 -0.738671 0.0830337
vn -0.795655 -0.599995 0.0833042
vn -0.894299 -0.440145 0.080635
vn 0.401766 -0.9104 0.0987683
vn 0.446756 -0.890026 0.0908945
vn 0.673901 0.731621 -0.102896
vn 0.773025 -0.570136 0.278169
vn 0.769826 -0.567691 0.291709
vn 0.773862 -0.569102 0.277958
vn 0.560366 0.82079 0.110875
vn 0.564414 0.819565 0.0987455
vn 0.568852 0.817825 0.0870022
vn 0.766112 -0.565581 0.305272
vn -0.558941 -0.821584 -0.112187
vn -0.564491 -0.819524 -0.0986423
vn -0.560035 -0.820838 -0.112183
vn -0.569447 -0.817613 -0.0850889
vn -0.772842 0.570119 -0.278712
vn -0.769908 0.567721 -0.291434
vn -0.773463 0.56902 -0.279234
vn -0.766554 0.565747 -0.30385
vn 0.559436 0.821526 0.110118
vn 0.758974 -0.562892 0.327277
vn 0.574295 0.815709 0.0693102
vn 0.576191 0.814802 0.0640476
vn 0.756495 -0.561366 0.335534
vn -0.576155 -0.814889 -0.063251
vn -0.579063 -0.813426 -0.0549927
vn -0.760962 0.5637 -0.321216
vn -0.759373 0.562715 -0.326656
vn 0.753174 -0.559732 0.345586
vn 0.57798 0.81396 0.0583735
vn 0.578082 0.813906 0.0581316
vn 0.752683 -0.559321 0.347316
vn -0.582227 -0.81178 -0.0449915
vn -0.58289 -0.811398 -0.0432731
vn -0.75756 0.561887 -0.332245
vn -0.757497 0.561817 -0.332505
vn 0.745582 -0.555505 0.368131
vn 0.584172 0.810677 0.0393209
vn 0.59022 0.806969 0.0210032
vn 0.739288 -0.551176 0.386857
vn -0.5894 -0.807527 -0.0225137
vn -0.595769 -0.803148 -0.00359565
vn -0.751406 0.558612 -0.351201
vn -0.745313 0.554883 -0.369612
vn 0.725344 -0.540983 0.425692
vn 0.602769 0.797735 -0.016994
vn 0.609794 0.791737 -0.0361059
vn 0.718843 -0.533806 0.445327
vn -0.608478 -0.792782 0.0353852
vn -0.616165 -0.785689 0.0550828
vn -0.732249 0.545778 -0.407355
vn -0.725695 0.539621 -0.42682
vn 0.693299 -0.508781 0.510371
vn 0.632464 0.767921 -0.101426
vn 0.649342 0.746673 -0.144344
vn 0.677251 -0.485669 0.552682
vn -0.638189 -0.760454 0.120103
vn -0.655867 -0.737062 0.16303
vn -0.701644 0.516384 -0.490962
vn -0.685099 0.494637 -0.534765
vn 0.657123 -0.46343 0.594493
vn 0.663165 0.72438 -0.188378
vn 0.708446 0.465924 -0.530113
vn 0.662219 -0.459225 0.592097
vn -0.669389 -0.713612 0.206581
vn -0.714198 -0.454572 0.532246
vn -0.665524 0.473425 -0.577015
vn -0.668557 0.469279 -0.576896
vn 0.639054 -0.690176 -0.339511
vn 0.416332 -0.858119 -0.300498
vn 0.570636 -0.79624 -0.20094
vn 0.680215 0.304465 -0.66679
vn 0.628264 0.389231 -0.673634
vn 0.225326 -0.925093 -0.305666
vn -0.720021 -0.191832 0.666911
vn -0.68765 -0.296518 0.662733
vn -0.64701 -0.397638 0.650587
vn -0.67628 0.697334 0.237426
vn -0.42435 0.863807 0.271596
vn -0.578907 0.799895 0.158226
vn -0.209471 0.927402 0.309914
vn 0.72541 0.216675 -0.653324
vn -0.0855122 -0.926522 -0.366395
vn -0.208327 0.164565 -0.964115
vn -0.254405 0.333977 -0.9076
vn -0.229434 -0.932054 -0.280419
vn 0.171126 0.019269 0.985061
vn 0.175165 -0.166941 0.970282
vn 0.173089 -0.347324 0.921632
vn 0.105007 0.926354 0.36172
vn 0.253227 0.930796 0.263617
vn -0.155162 -0.0104444 -0.987834
vn -0.386279 -0.894773 -0.223985
vn -0.918284 0.231567 -0.32114
vn -0.873592 0.403793 -0.271639
vn -0.352987 -0.910249 -0.21644
vn 0.939061 -0.0432959 0.341013
vn 0.913336 -0.229342 0.336482
vn 0.855374 -0.407293 0.320076
vn 0.406376 0.891072 0.202114
vn 0.365688 0.912632 0.182685
vn -0.931654 0.0514431 -0.359687
vn -0.102024 0.946908 0.304887
vn -0.994139 -0.0897678 -0.06025
vn -0.993785 -0.0849285 -0.0719583
vn -0.103403 0.94234 0.31828
vn 0.99414 0.089684 0.0603548
vn 0.9937 0.0842839 0.073865
vn 0.102011 -0.946998 -0.304612
vn 0.103341 -0.942824 -0.316864
vn -0.104374 0.934542 0.340202
vn -0.99285 -0.0789138 -0.0895665
vn -0.992536 -0.0767324 -0.0947871
vn -0.105245 0.93144 0.348343
vn 0.992455 0.0767956 0.0955827
vn 0.991889 0.073402 0.103767
vn 0.104081 -0.936749 -0.334169
vn 0.104665 -0.934754 -0.33953
vn -0.105949 0.927572 0.358308
vn -0.99214 -0.0746649 -0.100415
vn -0.992125 -0.0745456 -0.100656
vn -0.10622 0.926887 0.359998
vn 0.991074 0.0696512 0.113667
vn 0.990934 0.0688513 0.115363
vn 0.105012 -0.93268 -0.34508
vn 0.105061 -0.932581 -0.345333
vn -0.107894 0.918428 0.38059
vn -0.990579 -0.067296 -0.119269
vn -0.98872 -0.0597851 -0.137324
vn -0.110147 0.91032 0.398981
vn 0.988862 0.0608151 0.135844
vn 0.986602 0.0526142 0.154426
vn 0.106576 -0.925345 -0.363837
vn 0.108445 -0.917783 -0.381987
vn -0.115152 0.892049 0.437023
vn -0.983697 -0.0432202 -0.174563
vn -0.980595 -0.0334761 -0.193163
vn -0.119553 0.881947 0.455935
vn 0.980667 0.0351818 0.192496
vn 0.977061 0.0242149 0.211578
vn 0.113008 -0.90091 -0.419034
vn 0.116573 -0.891422 -0.437924
vn -0.13256 0.84459 0.518744
vn -0.96663 0.00090257 -0.256177
vn -0.954458 0.0285827 -0.296972
vn -0.146564 0.816371 0.558621
vn 0.961658 -0.0105659 0.274048
vn 0.948366 -0.0402295 0.314617
vn 0.129025 -0.85638 -0.499966
vn 0.141914 -0.828612 -0.541538
vn -0.157258 0.785579 0.598445
vn -0.939388 0.0546065 -0.338479
vn -0.71843 0.263168 -0.643895
vn -0.163305 0.786893 0.595089
vn 0.932305 -0.0667448 0.355462
vn 0.713124 -0.274892 0.644894
vn 0.152248 -0.798889 -0.581891
vn 0.157304 -0.798588 -0.580959
vn 0.172539 0.941016 -0.291066
vn 0.434686 0.875354 -0.211671
vn 0.274551 0.952162 -0.134199
vn -0.556695 0.347882 -0.754367
vn -0.587076 0.253981 -0.768659
vn 0.607111 0.770982 -0.192363
vn 0.496378 -0.450366 0.742145
vn 0.556004 -0.358573 0.749857
vn 0.608935 -0.262462 0.74854
vn -0.138418 -0.971538 0.192235
vn -0.429406 -0.884377 0.182997
vn -0.265393 -0.959724 0.0921719
vn -0.619567 -0.760344 0.194972
vn -0.520777 0.438324 -0.732573
vn 0.814328 0.534007 -0.227391
vn 0.158004 -0.239614 -0.957925
vn 0.0498844 -0.384396 -0.92182
vn 0.896071 0.424356 -0.130302
vn -0.277103 0.0934443 0.956286
vn -0.136175 0.21547 0.966969
vn 0.00950071 0.329983 0.943939
vn -0.825796 -0.518763 0.221237
vn -0.90753 -0.404784 0.111976
vn 0.260758 -0.0866969 -0.961503
vn 0.958149 0.278268 -0.067216
vn 0.455499 -0.84642 -0.275852
vn 0.288809 -0.923011 -0.254243
vn 0.947628 0.313638 -0.0602731
vn -0.614551 0.741991 0.267914
vn -0.456461 0.840777 0.291098
vn -0.282264 0.909893 0.304009
vn -0.964621 -0.259852 0.0445332
vn -0.952191 -0.304427 0.0256152
vn 0.606648 -0.740949 -0.288048
vn -0.19925 0.721892 0.6627
vn -0.664258 0.0974076 0.741129
vn -0.209359 -0.534606 0.818759
vn 0.536826 -0.300694 0.78829
vn 0.543074 0.475835 0.691847
vn -0.301407 0.946298 -0.11694
vn -0.301409 0.946297 -0.116941
vn 0.813687 0.576682 -0.0731545
vn 0.813689 0.57668 -0.0731516
vn -0.30141 0.946296 -0.116943
vn -0.999966 0.00816198 0.000879042
vn -0.999966 0.00816197 0.000879032
vn -0.999966 0.00816195 0.000879022
vn -0.316605 -0.941254 0.117483
vn 0.804295 -0.589885 0.0717291
vn 0.804294 -0.589886 0.0717305
vn 0.804294 -0.589887 0.0717319
vn 0.813685 0.576684 -0.0731574
vn -0.202058 0.53797 -0.818389
vn -0.667064 -0.0865169 -0.73996
vn -0.212156 -0.718538 -0.662339
vn 0.534021 -0.484627 -0.69279
vn 0.540278 0.291909 -0.789233
vn -0.589231 -0.606335 0.534008
vn 0.140908 -0.565433 0.812669
vn 0.312721 0.188803 0.930892
vn -0.311214 0.61406 0.725311
vn -0.868643 0.122629 0.480022
vn -0.489913 -0.836866 -0.244213
vn -0.489913 -0.836866 -0.244212
vn -0.909669 0.258218 -0.32531
vn -0.909669 0.258217 -0.32531
vn -0.489914 -0.836866 -0.244212
vn 0.606886 -0.775424 0.174379
vn 0.606884 -0.775425 0.17438
vn 0.606882 -0.775426 0.174381
vn 0.864991 0.357622 0.351991
vn 0.86499 0.357626 0.351988
vn 0.86499 0.35763 0.351985
vn -0.0722891 0.996449 0.0431605
vn -0.0722891 0.996449 0.0431606
vn -0.072289 0.996449 0.0431606
vn -0.909669 0.258218 -0.325309
vn -0.0630171 -0.507833 -0.859147
vn 0.667086 -0.466929 -0.580494
vn 0.838905 0.287311 -0.462268
vn 0.214973 0.712571 -0.667854
vn -0.342443 0.221152 -0.91314
vn 0.748908 -0.0820413 0.657576
vn 0.212416 0.447002 0.868947
vn -0.486943 0.0958141 0.868162
vn -0.382656 -0.650255 0.65631
vn 0.381141 -0.76019 0.526159
vn 0.982944 0.162071 -0.0869164
vn 0.982944 0.162071 -0.086916
vn 0.430485 -0.856644 -0.284328
vn 0.430486 -0.856644 -0.284329
vn 0.982944 0.16207 -0.0869157
vn 0.17701 0.95681 0.230612
vn 0.177011 0.95681 0.230612
vn 0.177011 0.95681 0.230612
vn -0.873549 0.429267 0.22944
vn -0.873547 0.429269 0.229443
vn -0.873545 0.429271 0.229446
vn -0.716891 -0.691506 -0.0888108
vn -0.716891 -0.691506 -0.0888108
vn -0.716891 -0.691506 -0.0888108
vn 0.430485 -0.856645 -0.284328
vn 0.559748 0.297818 -0.773296
vn 0.0232489 0.826864 -0.561922
vn -0.676082 0.475691 -0.562701
vn -0.571803 -0.270383 -0.774555
vn 0.19199 -0.380313 -0.904711
vn -0.19925 0.721892 0.6627
vn -0.664248 0.0974311 0.741136
vn -0.209353 -0.534582 0.818776
vn 0.536832 -0.300666 0.788297
vn 0.543073 0.475835 0.691848
vn -0.301406 0.946297 -0.116943
vn -0.301407 0.946297 -0.116943
vn 0.813685 0.576684 -0.0731558
vn 0.813686 0.576683 -0.0731539
vn -0.301407 0.946297 -0.116944
vn -0.999966 0.0081598 0.000877652
vn -0.999966 0.00815978 0.000877642
vn -0.999966 0.00815977 0.000877632
vn -0.316607 -0.941253 0.117483
vn -0.316607 -0.941254 0.117482
vn -0.316606 -0.941254 0.117482
vn 0.804296 -0.589883 0.071728
vn 0.804295 -0.589885 0.0717299
vn 0.804294 -0.589886 0.0717318
vn 0.813684 0.576686 -0.0731576
vn -0.20203 0.537967 -0.818398
vn -0.667055 -0.0865431 -0.739965
vn -0.212157 -0.718538 -0.662338
vn 0.534 -0.484641 -0.692797
vn 0.540254 0.291923 -0.789245
vn -0.589233 -0.606343 0.533996
vn 0.140901 -0.565452 0.812657
vn 0.312723 0.188829 0.930885
vn -0.311209 0.614076 0.725299
vn -0.868649 0.122632 0.480011
vn -0.489912 -0.836866 -0.244217
vn -0.489915 -0.836865 -0.244215
vn -0.909666 0.258218 -0.325316
vn -0.909666 0.258217 -0.325317
vn -0.489918 -0.836863 -0.244214
vn 0.606883 -0.775426 0.174378
vn 0.606883 -0.775426 0.174378
vn 0.606883 -0.775426 0.174378
vn 0.86499 0.357631 0.351983
vn 0.86499 0.35763 0.351984
vn 0.86499 0.35763 0.351985
vn -0.0722886 0.996449 0.0431614
vn -0.0722885 0.996449 0.0431616
vn -0.0722883 0.996449 0.0431619
vn -0.909667 0.258219 -0.325315
vn -0.0630412 -0.507829 -0.859148
vn 0.214954 0.712577 -0.667854
vn -0.342466 0.221156 -0.91313
vn 0.748908 -0.0820424 0.657576
vn 0.212435 0.446989 0.868949
vn -0.486928 0.0958042 0.868172
vn -0.382647 -0.650249 0.656321
vn 0.38115 -0.760181 0.526165
vn 0.982944 0.16207 -0.0869172
vn 0.982944 0.162071 -0.0869175
vn 0.430482 -0.856645 -0.284331
vn 0.430485 -0.856643 -0.284334
vn 0.982944 0.162072 -0.0869179
vn 0.177016 0.956808 0.230615
vn 0.177013 0.956809 0.230613
vn 0.177011 0.95681 0.230612
vn -0.873548 0.429267 0.229441
vn -0.873547 0.429268 0.229442
vn -0.71689 -0.691507 -0.0888085
vn -0.71689 -0.691507 -0.0888095
vn -0.716889 -0.691507 -0.0888106
vn 0.430479 -0.856647 -0.284328
vn 0.559747 0.297818 -0.773296
vn 0.0232489 0.826864 -0.561922
vn -0.676072 0.475702 -0.562703
vn -0.571787 -0.270388 -0.774565
vn 0.19199 -0.380313 -0.904711
vn -0.170016 0.983838 0.0561877
vn -0.169901 0.983991 0.0538042
vn -0.169994 0.983842 0.0561923
vn -0.984522 -0.16713 -0.0527584
vn -0.984652 -0.167302 -0.0497001
vn -0.984772 -0.167477 -0.0466425
vn -0.16979 0.984138 0.0514194
vn 0.984422 0.166971 0.0550888
vn 0.984523 0.167128 0.0527553
vn 0.984418 0.166992 0.0550866
vn 0.984619 0.167281 0.0504219
vn 0.169914 -0.983986 -0.053865
vn 0.169785 -0.984174 -0.0507505
vn 0.169902 -0.983988 -0.0538638
vn 0.16966 -0.984351 -0.0476362
vn -0.984524 -0.167119 -0.052756
vn -0.169684 0.984291 0.0487804
vn -0.98501 -0.167818 -0.0399143
vn -0.985123 -0.167986 -0.0362444
vn -0.169658 0.984307 0.0485332
vn 0.984721 0.167429 0.0478814
vn 0.984726 0.167458 0.0476712
vn 0.169421 -0.984698 -0.0408135
vn 0.169303 -0.984865 -0.0371046
vn -0.169692 0.984225 0.0500598
vn -0.985314 -0.168311 -0.0287793
vn -0.985244 -0.169301 -0.0251178
vn -0.169564 0.984154 0.0518639
vn 0.984651 0.167386 0.0494421
vn 0.984396 0.16831 0.0513367
vn 0.169066 -0.985159 -0.0296466
vn 0.169878 -0.985123 -0.0259761
vn -0.169955 0.98433 0.0470058
vn -0.983953 -0.171675 0.0486133
vn -0.977385 -0.175265 0.118322
vn -0.172181 0.984236 0.0404092
vn 0.985243 0.170858 -0.0102375
vn 0.981712 0.175254 -0.074344
vn 0.171651 -0.98512 -0.00859381
vn 0.177063 -0.984192 0.00391104
vn -0.181616 0.983349 -0.00630699
vn -0.972434 -0.177926 0.150715
vn -0.976963 -0.180666 0.113595
vn -0.190262 0.980636 -0.0464143
vn 0.967296 0.177034 -0.181653
vn 0.957787 0.178233 -0.225558
vn 0.174494 -0.98437 -0.0238303
vn 0.170711 -0.983154 -0.065312
vn -0.197822 0.975752 -0.0936761
vn -0.972498 -0.180178 0.147589
vn -0.95979 -0.176146 0.218578
vn -0.201408 0.974283 -0.101029
vn 0.944692 0.176325 -0.276527
vn 0.943144 0.173705 -0.283384
vn 0.176309 -0.983725 -0.0346549
vn 0.190678 -0.981017 0.0353198
vn -0.419064 0.703373 0.574152
vn -0.407114 0.724251 0.556524
vn -0.417415 0.703175 0.575595
vn -0.819184 -0.0231749 -0.573062
vn -0.831692 -0.0434643 -0.553534
vn -0.842783 -0.0646186 -0.534361
vn -0.395213 0.744607 0.537928
vn 0.818737 0.0194008 0.573841
vn 0.830237 0.0409918 0.555901
vn 0.817976 0.0211399 0.574864
vn 0.84123 0.0621194 0.537097
vn 0.418165 -0.705025 -0.572781
vn 0.405904 -0.726646 -0.554281
vn 0.416383 -0.70529 -0.573752
vn 0.393788 -0.74755 -0.534884
vn -0.820162 -0.0219619 -0.57171
vn -0.377807 0.77757 0.502639
vn -0.862613 -0.0991189 -0.49606
vn -0.870659 -0.113861 -0.478527
vn -0.3705 0.790412 0.487831
vn 0.859703 0.0942133 0.50203
vn 0.866712 0.107331 0.487124
vn 0.375235 -0.782622 -0.496691
vn 0.367006 -0.797382 -0.479049
vn -0.361265 0.807777 0.465814
vn -0.882932 -0.135701 -0.449463
vn -0.886953 -0.143804 -0.438901
vn -0.358586 0.812599 0.459455
vn 0.876372 0.124238 0.465335
vn 0.878817 0.129507 0.459248
vn 0.355113 -0.819357 -0.450054
vn 0.351734 -0.826842 -0.438879
vn -0.355674 0.818435 0.451288
vn -0.907699 -0.186836 -0.375732
vn -0.919593 -0.223528 -0.323084
vn -0.357082 0.819172 0.448831
vn 0.898277 0.166347 0.406729
vn 0.911305 0.200265 0.359745
vn 0.346328 -0.838813 -0.42006
vn 0.348311 -0.842172 -0.411613
vn -0.353703 0.835943 0.419634
vn -0.92181 -0.234285 -0.308831
vn -0.912858 -0.211181 -0.349418
vn -0.350386 0.850804 0.391614
vn 0.925904 0.2508 0.282491
vn 0.928656 0.270506 0.253818
vn 0.357155 -0.820585 -0.446184
vn 0.367201 -0.792277 -0.487299
vn -0.343558 0.868404 0.357551
vn -0.917226 -0.224098 -0.329357
vn -0.927875 -0.25981 -0.267483
vn -0.344368 0.871243 0.349781
vn 0.931495 0.291898 0.217053
vn 0.932654 0.293489 0.209811
vn 0.364304 -0.804431 -0.469226
vn 0.355769 -0.840705 -0.40822
vn -0.722744 -0.680563 -0.120314
vn -0.724844 -0.680316 -0.108493
vn -0.72285 -0.680448 -0.120324
vn 0.664322 -0.731879 0.151755
vn 0.665837 -0.732186 0.143406
vn 0.667382 -0.732368 0.13505
vn -0.726767 -0.680051 -0.0966487
vn -0.664742 0.732177 -0.148442
vn -0.667326 0.732502 -0.134595
vn -0.664925 0.732 -0.148497
vn -0.669654 0.732803 -0.120681
vn 0.722117 0.680654 0.123517
vn 0.72337 0.680423 0.117302
vn 0.722255 0.680498 0.123568
vn 0.724505 0.680265 0.111048
vn 0.664096 -0.732086 0.151745
vn -0.729275 -0.679603 -0.0793603
vn 0.667945 -0.73248 0.131614
vn 0.668146 -0.731396 0.136531
vn -0.730541 -0.678854 -0.0739392
vn -0.672532 0.733146 -0.10098
vn -0.674655 0.731913 -0.0956273
vn 0.724731 0.680244 0.109692
vn 0.723038 0.681283 0.114323
vn -0.721626 -0.683191 -0.111829
vn 0.666999 -0.730149 0.148306
vn 0.666634 -0.72906 0.155146
vn -0.710549 -0.686361 -0.155009
vn -0.663368 0.730049 -0.164228
vn -0.647455 0.723971 -0.238048
vn 0.726979 0.679894 0.0961521
vn 0.731327 0.678112 0.0729706
vn -0.693068 -0.689172 -0.21142
vn 0.650891 -0.725157 0.224695
vn 0.631935 -0.719967 0.286888
vn -0.686701 -0.691263 -0.224937
vn -0.621996 0.712839 -0.324008
vn -0.615872 0.712187 -0.336885
vn 0.721829 0.682754 0.113179
vn 0.703174 0.68926 0.174548
vn -0.495353 -0.707404 0.504187
vn -0.520302 -0.70815 0.477295
vn -0.49713 -0.704787 0.5061
vn 0.548359 -0.702917 -0.453001
vn 0.57201 -0.703053 -0.422518
vn 0.595248 -0.701502 -0.391886
vn -0.543394 -0.709664 0.448441
vn -0.544246 0.705089 0.454583
vn -0.566449 0.703081 0.429898
vn -0.545908 0.702966 0.455877
vn -0.586951 0.701705 0.403854
vn 0.497558 0.707567 -0.501782
vn 0.525908 0.708974 -0.469869
vn 0.499642 0.705156 -0.503102
vn 0.551955 0.710711 -0.436159
vn 0.547148 -0.704876 -0.451418
vn -0.562279 -0.711719 0.421067
vn 0.620135 -0.699902 -0.354359
vn 0.623514 -0.69956 -0.349065
vn -0.560163 -0.711346 0.424505
vn -0.603354 0.701102 0.380026
vn -0.600783 0.701475 0.383396
vn 0.579054 0.712984 -0.395412
vn 0.581852 0.713854 -0.389694
vn -0.571297 -0.713506 0.405621
vn 0.620624 -0.699997 -0.353311
vn 0.61431 -0.700697 -0.362832
vn -0.584309 -0.715398 0.38313
vn -0.629899 0.698488 0.339619
vn -0.659424 0.693121 0.291107
vn 0.563578 0.711105 -0.420368
vn 0.540806 0.706935 -0.45582
vn -0.603506 -0.717594 0.347619
vn 0.642951 -0.69657 -0.318439
vn 0.674384 -0.690482 -0.261612
vn -0.608742 -0.719803 0.333642
vn -0.69393 0.682771 0.22866
vn -0.698931 0.68201 0.215309
vn 0.552959 0.709712 -0.436515
vn 0.583955 0.717105 -0.380469
vn 0.951612 -0.294765 -0.0868837
vn 0.951771 -0.296211 -0.0799434
vn 0.951663 -0.294607 -0.0868564
vn 0.306545 0.909606 0.280442
vn 0.306678 0.915431 0.260641
vn 0.306219 0.921028 0.240703
vn 0.95187 -0.29768 -0.0730095
vn -0.307288 -0.910039 -0.278215
vn -0.306708 -0.916261 -0.257673
vn -0.306568 -0.910235 -0.278369
vn -0.30627 -0.921987 -0.236936
vn -0.951616 0.294184 0.0887816
vn -0.951753 0.2955 0.082744
vn -0.951649 0.294091 0.0887394
vn -0.951833 0.296861 0.0767293
vn 0.307283 0.90935 0.280464
vn 0.951921 -0.300372 -0.060193
vn 0.306279 0.92873 0.208934
vn 0.306145 0.93135 0.197138
vn 0.951954 -0.301392 -0.0542829
vn -0.306339 -0.930477 -0.20092
vn -0.306229 -0.933644 -0.185831
vn -0.951886 0.298772 0.0681747
vn -0.951904 0.299288 0.065615
vn 0.951901 -0.303235 -0.043968
vn 0.30619 0.933966 0.184267
vn 0.304157 0.934852 0.183143
vn 0.951512 -0.305045 -0.039649
vn -0.306257 -0.937898 -0.162953
vn -0.303802 -0.939947 -0.155578
vn -0.951895 0.299497 0.0647927
vn -0.952149 0.298355 0.0663072
vn 0.952259 -0.300771 -0.0523474
vn 0.303776 0.912785 0.273027
vn 0.297568 0.883431 0.361944
vn 0.953758 -0.29259 -0.068827
vn -0.30389 -0.922875 -0.236542
vn -0.298028 -0.897429 -0.325269
vn -0.953078 0.289488 0.0885336
vn -0.954979 0.277167 0.105805
vn 0.956353 -0.271274 -0.108627
vn 0.291337 0.854317 0.430425
vn 0.288659 0.863625 0.413313
vn 0.957692 -0.256054 -0.131385
vn -0.29146 -0.850495 -0.437846
vn -0.287011 -0.836774 -0.466298
vn -0.955597 0.276224 0.102635
vn -0.955857 0.28308 0.0787605
vn 0.956711 -0.23341 -0.17385
vn 0.287706 0.846594 0.447777
vn 0.287722 0.818077 0.497962
vn 0.956207 -0.220621 -0.192338
vn -0.284662 -0.81013 -0.512501
vn -0.285744 -0.798088 -0.530477
vn -0.957336 0.267413 0.109535
vn -0.957926 0.239005 0.158919
vn 0.798715 -0.282845 0.531087
vn 0.809634 -0.307197 0.500123
vn 0.796577 -0.285516 0.532866
vn 0.51858 0.76915 -0.373474
vn 0.511937 0.784891 -0.349095
vn 0.504042 0.800208 -0.324975
vn 0.820011 -0.330155 0.467526
vn -0.52073 -0.767169 0.374557
vn -0.51274 -0.783164 0.351784
vn -0.519201 -0.767813 0.375357
vn -0.504839 -0.798324 0.328355
vn -0.799308 0.283976 -0.529589
vn -0.810701 0.30897 -0.497295
vn -0.79753 0.28704 -0.530617
vn -0.821372 0.33232 -0.463585
vn 0.519882 0.768784 -0.372417
vn 0.83727 -0.361522 0.41022
vn 0.492758 0.823491 -0.281162
vn 0.488379 0.832201 -0.262542
vn 0.842918 -0.373089 0.387678
vn -0.4944 -0.819973 0.288466
vn -0.490499 -0.827602 0.27292
vn -0.839321 0.365023 -0.402863
vn -0.845638 0.377705 -0.377141
vn 0.849846 -0.385691 0.35917
vn 0.482391 0.84385 -0.234981
vn 0.480383 0.847316 -0.226467
vn 0.851007 -0.38795 0.353951
vn -0.486412 -0.835882 0.254373
vn -0.485665 -0.837123 0.251703
vn -0.854138 0.393563 -0.339936
vn -0.857076 0.396713 -0.328692
vn 0.852278 -0.390121 0.348465
vn 0.461261 0.874747 -0.148516
vn 0.438592 0.895133 -0.0798316
vn 0.853992 -0.387337 0.347372
vn -0.469954 -0.863463 0.183235
vn -0.449082 -0.885864 0.116495
vn -0.860944 0.40082 -0.313238
vn -0.864316 0.396173 -0.309845
vn 0.86163 -0.38799 0.327197
vn 0.421312 0.906259 -0.0345022
vn 0.425917 0.902778 -0.0598882
vn 0.868819 -0.388414 0.307065
vn -0.41891 -0.907638 0.0266105
vn -0.408335 -0.912823 0.00402622
vn -0.858839 0.388052 -0.334382
vn -0.851543 0.378494 -0.362789
vn 0.879253 -0.394647 0.266774
vn 0.416634 0.908585 -0.029824
vn 0.400841 0.9158 0.025225
vn 0.885187 -0.395437 0.2451
vn -0.393426 -0.918481 -0.0401165
vn -0.388324 -0.919492 -0.0611453
vn -0.860238 0.383441 -0.3361
vn -0.876448 0.390336 -0.281916
vn -0.196928 0.958395 -0.206638
vn -0.193509 0.963141 -0.18685
vn -0.19607 0.958549 -0.206738
vn -0.96578 -0.154492 0.208332
vn -0.96902 -0.15833 0.189555
vn -0.971798 -0.162644 0.170749
vn -0.190407 0.967411 -0.166917
vn 0.966284 0.15407 -0.206298
vn 0.969486 0.158906 -0.186672
vn 0.966096 0.154889 -0.20656
vn 0.97237 0.163298 -0.166826
vn 0.197206 -0.957991 0.208236
vn 0.193873 -0.962511 0.189701
vn 0.19632 -0.958113 0.208515
vn 0.190829 -0.966622 0.170957
vn -0.965947 -0.153583 0.208226
vn -0.186623 0.973297 -0.133655
vn -0.975551 -0.167667 0.142086
vn -0.976458 -0.170302 0.13239
vn -0.185559 0.975226 -0.120428
vn 0.976552 0.168937 -0.133443
vn 0.977706 0.172041 -0.120384
vn 0.187443 -0.971935 0.142152
vn 0.187118 -0.973399 0.132218
vn -0.186881 0.975153 -0.118964
vn -0.966595 -0.160172 0.200096
vn -0.948933 -0.150899 0.277047
vn -0.192373 0.972682 -0.129935
vn 0.970108 0.16357 -0.179263
vn 0.955087 0.156137 -0.251852
vn 0.190338 -0.971684 0.14001
vn 0.199204 -0.967556 0.155414
vn -0.202029 0.967508 -0.152026
vn -0.916973 -0.133047 0.376111
vn -0.907062 -0.129867 0.400466
vn -0.209694 0.964202 -0.162307
vn 0.927936 0.140792 -0.345128
vn 0.919138 0.138749 -0.368693
vn 0.212348 -0.959764 0.183745
vn 0.222594 -0.955409 0.194023
vn -0.221203 0.956618 -0.189606
vn -0.901179 -0.126131 0.414689
vn -0.905116 -0.129319 0.40502
vn -0.22829 0.951601 -0.205765
vn 0.903184 0.127483 -0.409888
vn 0.895193 0.122229 -0.428589
vn 0.223003 -0.955219 0.194489
vn 0.218291 -0.958721 0.182216
vn -0.246149 0.936887 -0.248301
vn -0.890818 -0.119066 0.438481
vn -0.870812 -0.10336 0.480627
vn -0.25952 0.926069 -0.273946
vn 0.873959 0.108073 -0.473832
vn 0.861226 0.0973526 -0.498812
vn 0.231874 -0.948923 0.21396
vn 0.251657 -0.933488 0.255479
vn -0.349454 0.813154 0.46547
vn -0.335683 0.83826 0.429695
vn -0.345056 0.813589 0.467984
vn -0.893915 -0.146651 -0.423567
vn -0.906613 -0.166827 -0.387583
vn -0.916854 -0.1885 -0.351917
vn -0.322978 0.86153 0.391729
vn 0.894538 0.141771 0.423913
vn 0.905658 0.165159 0.390521
vn 0.893196 0.145368 0.425523
vn 0.915783 0.18684 0.355574
vn 0.348989 -0.814099 -0.464166
vn 0.335002 -0.840019 -0.42678
vn 0.344531 -0.815041 -0.465839
vn 0.32218 -0.863744 -0.387487
vn -0.895434 -0.14359 -0.421402
vn -0.30884 0.89296 0.327477
vn -0.932267 -0.217045 -0.289429
vn -0.936732 -0.228317 -0.265339
vn -0.303987 0.902924 0.303842
vn 0.930426 0.21383 0.297631
vn 0.934399 0.224348 0.276708
vn 0.307433 -0.896345 -0.319452
vn 0.302631 -0.907138 -0.29243
vn -0.299027 0.917246 0.263138
vn -0.951297 -0.262865 -0.161046
vn -0.953749 -0.289456 -0.0811101
vn -0.301449 0.921128 0.246275
vn 0.949309 0.256714 0.18141
vn 0.953287 0.282631 0.106597
vn 0.297085 -0.923536 -0.24253
vn 0.300958 -0.927866 -0.220202
vn -0.303075 0.922868 0.237615
vn -0.949392 -0.314033 0.00607754
vn -0.947806 -0.318633 0.0116914
vn -0.306144 0.919816 0.245387
vn 0.951603 0.306174 0.0266284
vn 0.95036 0.310348 0.0223739
vn 0.303623 -0.930649 -0.204222
vn 0.308392 -0.92757 -0.21097
vn -0.306755 0.920788 0.240935
vn -0.948499 -0.316767 0.00290234
vn -0.949554 -0.313347 -0.0126649
vn -0.307991 0.923612 0.228215
vn 0.948884 0.315617 0.00233655
vn 0.947476 0.319561 -0.0130555
vn 0.307094 -0.922038 -0.235668
vn 0.306013 -0.91753 -0.253956
vn -0.310822 0.932092 0.185995
vn -0.946943 -0.32083 0.0191446
vn -0.941771 -0.329445 0.0673342
vn -0.314914 0.936266 0.155675
vn 0.942194 0.329921 -0.0585109
vn 0.938514 0.333827 -0.088043
vn 0.308416 -0.924441 -0.224252
vn 0.313587 -0.93296 -0.176775
vn -0.731121 0.469922 -0.494606
vn -0.710084 0.173905 -0.682304
vn -0.804035 0.0820215 -0.588897
vn -0.607888 0.0346905 -0.793264
vn -0.558782 0.133284 -0.818534
vn -0.559651 -0.0627316 -0.826351
vn -0.513155 -0.106307 -0.851687
vn -0.495504 -0.0477841 -0.86729
vn -0.539594 0.0722779 -0.838817
vn -0.139127 -0.126263 -0.982192
vn -0.140578 0.0450464 -0.989044
vn -0.137082 0.205633 -0.968981
vn 0.346409 -0.0111595 -0.938017
vn 0.33659 0.0437175 -0.940636
vn 0.0598379 0.333611 -0.94081
vn 0.348964 -0.0178764 -0.936966
vn 0.359233 -0.0670726 -0.930835
vn 0.592332 -0.165547 -0.788503
vn 0.566812 -0.304484 -0.765515
vn 0.0254229 0.118118 -0.992674
vn 0.0254229 0.118118 -0.992674
vn 0.0666243 -0.551695 -0.831381
vn -0.078697 -0.658783 -0.748205
vn 0.0225567 -0.700784 -0.713017
vn -0.109497 -0.748365 -0.654186
vn 0.0323435 -0.836231 -0.547423
vn -0.152093 -0.788138 -0.596412
vn -0.226827 -0.666753 -0.709922
vn -0.210266 -0.665079 -0.71656
vn -0.208966 -0.601827 -0.770803
vn -0.169093 -0.46712 -0.867875
vn -0.210138 -0.420428 -0.882656
vn -0.209505 -0.477831 -0.853103
vn -0.434392 -0.158514 -0.886666
vn -0.515695 -0.403116 -0.756013
vn -0.521619 -0.587069 -0.619083
vn -0.605937 0.012646 -0.795412
vn -0.822274 -0.493049 -0.284198
vn -0.749463 -0.525949 -0.402097
vn -0.743715 -0.596815 -0.301163
vn -0.853759 -0.442293 -0.274723
vn 0.434358 0.815044 -0.383454
vn 0.22661 0.790572 -0.568897
vn 0.326115 0.796202 -0.50962
vn 0.200445 0.743306 -0.638215
vn 0.223768 0.715023 -0.662321
vn 0.22012 0.771097 -0.597458
vn 0.216764 0.612853 -0.759884
vn 0.353893 0.632285 -0.689184
vn 0.486216 0.646871 -0.587495
vn 0.405436 0.298209 -0.864114
vn 0.584654 0.332877 -0.739846
vn 0.717745 0.355031 -0.598995
vn 0.726307 0.141837 -0.672578
vn 0.840966 0.248381 -0.480712
vn 0.892647 0.308031 -0.329087
vn 0.890476 0.415892 -0.184627
vn 0.873887 0.475338 -0.101864
vn 0.854636 0.518881 -0.0189778
vn 0.729523 0.672474 0.124796
vn -0.696016 -0.217692 -0.684231
vn -0.835239 -0.0153888 -0.549671
vn -0.945654 0.0648215 -0.318648
vn -0.966037 -0.13952 -0.217502
vn -0.986472 0.137487 -0.0892768
vn -0.887132 0.321025 -0.331573
vn -0.916922 0.327949 -0.227384
vn -0.892812 0.366159 -0.262324
vn -0.873166 0.322861 -0.36516
vn -0.874653 0.353319 -0.331885
vn -0.922201 0.336385 -0.190761
vn -0.825469 0.518622 -0.222782
vn -0.828032 0.541118 -0.14681
vn -0.767484 0.612181 -0.19027
vn -0.69117 0.62854 -0.356681
vn -0.63425 0.639196 -0.434921
vn -0.598929 0.634081 -0.489106
vn -0.543025 0.662378 -0.516119
vn 0.856942 -0.400392 -0.324557
vn 0.7733 -0.27508 -0.571261
vn 0.842449 -0.347332 -0.411873
vn 0.730233 -0.32456 -0.601182
vn 0.799548 -0.307587 -0.515861
vn 0.782002 -0.395912 -0.48138
vn 0.402344 -0.436453 -0.804753
vn 0.454819 -0.612742 -0.646287
vn 0.452028 -0.741763 -0.495438
vn 0.107153 -0.64386 -0.757604
vn -0.159201 -0.677826 -0.71778
vn 0.260424 -0.853469 -0.451408
vn -0.585127 -0.220987 -0.780251
vn -0.492954 -0.613423 -0.617015
vn -0.427802 -0.65182 -0.626192
vn -0.384335 -0.648639 -0.656928
vn -0.464059 -0.741477 -0.484624
vn -0.212478 -0.556944 -0.802911
vn -0.2507 -0.344812 -0.904574
vn -0.553463 -0.687134 -0.470665
vn -0.613544 -0.107534 -0.782305
vn 0.00488254 -0.459268 -0.888284
vn 0.0048826 -0.459268 -0.888285
vn -0.689041 0.492423 -0.531735
vn -0.580795 0.244316 -0.776522
vn -0.662757 0.151263 -0.733399
vn -0.430963 0.141851 -0.89115
vn -0.401358 0.254718 -0.87979
vn -0.357315 0.0588442 -0.932128
vn -0.287755 0.0290807 -0.957262
vn -0.27674 0.0852127 -0.957159
vn -0.347097 0.168435 -0.92258
vn -0.0989205 0.154143 -0.983084
vn 0.066779 0.274835 -0.95917
vn 0.0205204 0.408162 -0.912679
vn 0.522328 0.021827 -0.852465
vn 0.507408 0.34478 -0.789724
vn 0.477232 0.396461 -0.784263
vn 0.149071 0.565681 -0.811038
vn 0.486817 0.339939 -0.804643
vn 0.723516 0.22993 -0.65089
vn 0.746135 0.25719 -0.614114
vn 0.772617 0.117968 -0.623816
vn 0.134164 0.353674 -0.925697
vn 0.234671 -0.254253 -0.938235
vn 0.0949735 -0.382691 -0.918982
vn 0.198712 -0.434092 -0.87868
vn 0.0641796 -0.496104 -0.865888
vn 0.207451 -0.616944 -0.759173
vn 0.0171326 -0.555946 -0.831042
vn -0.0652125 -0.378806 -0.923176
vn -0.0498805 -0.372239 -0.926796
vn -0.046667 -0.291655 -0.955384
vn -0.00591504 -0.106123 -0.994335
vn -0.0507719 -0.0549628 -0.997197
vn -0.0582439 -0.118207 -0.991279
vn -0.281085 0.211465 -0.936095
vn -0.383005 -0.0543139 -0.922148
vn -0.417675 -0.276877 -0.865382
vn -0.461045 0.352477 -0.81437
vn -0.782748 -0.255777 -0.567348
vn -0.691298 -0.253535 -0.67663
vn -0.708583 -0.355886 -0.609307
vn -0.82414 -0.187561 -0.534429
vn 0.353716 0.914835 -0.194839
vn 0.172379 0.899885 -0.400615
vn 0.261539 0.904069 -0.338019
vn 0.160944 0.864656 -0.475885
vn 0.188611 0.836925 -0.513793
vn 0.17157 0.889048 -0.424449
vn 0.216753 0.777302 -0.59061
vn 0.340975 0.801405 -0.491413
vn 0.456912 0.812592 -0.361836
vn 0.476605 0.54313 -0.691273
vn 0.631558 0.570376 -0.525172
vn 0.74003 0.574171 -0.350262
vn 0.798525 0.402102 -0.447965
vn 0.860232 0.4666 -0.205635
vn 0.872219 0.488511 -0.0242921
vn 0.89451 0.446359 -0.0247943
vn 0.765625 0.587434 0.262184
vn 0.717024 0.60013 0.354571
vn 0.513448 0.685292 0.516475
vn 0.513448 0.685292 0.516474
vn -0.480163 -0.0650667 -0.874763
vn -0.668358 0.0824705 -0.739254
vn -0.839829 0.0780221 -0.537215
vn -0.855953 -0.1546 -0.493399
vn -0.939604 0.0692176 -0.33519
vn -0.813098 0.335135 -0.47598
vn -0.865111 0.307719 -0.396097
vn -0.832056 0.36749 -0.415493
vn -0.767185 0.373112 -0.521741
vn -0.781489 0.383827 -0.491887
vn -0.86185 0.299543 -0.409253
vn -0.799588 0.501811 -0.329915
vn -0.830888 0.493249 -0.257548
vn -0.773088 0.588157 -0.237499
vn -0.645459 0.690849 -0.325746
vn -0.568427 0.74196 -0.355509
vn -0.516557 0.765879 -0.382882
vn -0.468101 0.804355 -0.365916
vn 0.910623 -0.176833 -0.373491
vn 0.82265 0.00204194 -0.568544
vn 0.892977 -0.10815 -0.436916
vn 0.785981 -0.0438434 -0.616694
vn 0.849417 -0.0449247 -0.525806
vn 0.820126 0.0496617 -0.570024
vn 0.481574 -0.105999 -0.869972
vn 0.53669 -0.31937 -0.781003
vn 0.76251 -0.54455 -0.349347
vn 0.532103 -0.504688 -0.679821
vn 0.189853 -0.318743 -0.928633
vn 0.306555 -0.480589 -0.821619
vn 0.332059 -0.635743 -0.696827
vn -0.517697 0.126639 -0.84614
vn -0.467193 -0.289566 -0.835393
vn -0.470016 -0.135624 -0.872176
vn -0.404389 -0.321676 -0.856151
vn -0.338258 -0.319205 -0.885262
vn -0.454481 -0.456431 -0.76493
vn -0.197473 -0.190504 -0.96162
vn -0.206108 0.044054 -0.977537
vn -0.563763 -0.387522 -0.729382
vn -0.541222 0.28191 -0.792215
vn 0.0255183 -0.109874 -0.993618
vn 0.0255071 -0.109895 -0.993616
vn 0.0108932 -0.918425 -0.395446
vn 0.261332 -0.769681 -0.582493
vn 0.394345 -0.759248 -0.517721
vn 0.3327 -0.625782 -0.705484
vn 0.225504 -0.631952 -0.741475
vn 0.392675 -0.539988 -0.744459
vn 0.407337 -0.491211 -0.769928
vn 0.347958 -0.510345 -0.786431
vn 0.260992 -0.609193 -0.748844
vn 0.245688 -0.193611 -0.949817
vn 0.0971412 -0.282417 -0.954361
vn -0.0496784 -0.358845 -0.932074
vn -0.0919562 0.172881 -0.980641
vn -0.134655 0.138426 -0.981176
vn -0.261534 -0.24829 -0.932712
vn -0.0891114 0.188946 -0.977936
vn -0.0512546 0.222045 -0.973688
vn -0.078452 0.485467 -0.870728
vn 0.0546917 0.531644 -0.8452
vn -0.0595004 -0.155632 -0.986022
vn -0.0595004 -0.155632 -0.986022
vn 0.522965 0.419665 -0.741882
vn 0.684367 0.351794 -0.638658
vn 0.656966 0.453156 -0.602532
vn 0.765151 0.367829 -0.528437
vn 0.744269 0.520755 -0.418184
vn 0.81521 0.350275 -0.461237
vn 0.776986 0.239642 -0.582121
vn 0.769649 0.255617 -0.585064
vn 0.72755 0.230054 -0.646332
vn 0.618608 0.208708 -0.757473
vn 0.60878 0.153337 -0.778379
vn 0.65267 0.184412 -0.734857
vn 0.533898 -0.16598 -0.829098
vn 0.755349 -0.111687 -0.645735
vn 0.882298 -0.028692 -0.469816
vn 0.483548 -0.407261 -0.774803
vn 0.921826 -0.354898 -0.155834
vn 0.927668 -0.263433 -0.26464
vn 0.96172 -0.229384 -0.149926
vn 0.903225 -0.399294 -0.157322
vn -0.918469 -0.0616697 -0.390656
vn -0.784884 -0.221313 -0.578772
vn -0.843621 -0.141238 -0.518031
vn -0.730131 -0.217216 -0.647863
vn -0.719243 -0.181764 -0.670561
vn -0.764072 -0.216627 -0.607673
vn -0.626515 -0.131136 -0.768299
vn -0.716975 -0.0274835 -0.696557
vn -0.800781 0.0733116 -0.594454
vn -0.460744 0.199528 -0.864814
vn -0.588201 0.328542 -0.738972
vn -0.680288 0.424532 -0.597478
vn -0.506247 0.54862 -0.66538
vn -0.660796 0.581833 -0.474152
vn -0.74109 0.588401 -0.323373
vn -0.833144 0.522567 -0.181096
vn -0.874966 0.473721 -0.100115
vn -0.902016 0.431295 -0.0187704
vn -0.964079 0.237423 0.119086
vn 0.609419 -0.469632 -0.638791
vn 0.503454 -0.696198 -0.511706
vn 0.474649 -0.833439 -0.282996
vn 0.648739 -0.742074 -0.168713
vn 0.412848 -0.909166 -0.054532
vn 0.228557 -0.920731 -0.316253
vn 0.228518 -0.950523 -0.210442
vn 0.188866 -0.950347 -0.247326
vn 0.226153 -0.911069 -0.344687
vn 0.194864 -0.928991 -0.314648
vn 0.211424 -0.962693 -0.168887
vn 0.015145 -0.973046 -0.230114
vn -0.0119941 -0.987202 -0.159024
vn -0.0939759 -0.971912 -0.215769
vn -0.120129 -0.911641 -0.393039
vn -0.143848 -0.867497 -0.47619
vn -0.147773 -0.833334 -0.532651
vn -0.196086 -0.797511 -0.570549
vn -0.102909 0.945345 -0.309408
vn -0.146993 0.812167 -0.564604
vn -0.134756 0.90588 -0.401525
vn -0.0811649 0.803211 -0.590139
vn -0.138279 0.850376 -0.507681
vn -0.0596986 0.882069 -0.467323
vn 0.206044 0.5945 -0.777249
vn 0.312259 0.732415 -0.605031
vn 0.4076 0.797217 -0.445318
vn 0.538062 0.464595 -0.703307
vn 0.712853 0.2682 -0.648004
vn 0.600599 0.700202 -0.386004
vn 0.583695 -0.334626 -0.739815
vn 0.838856 -0.0331651 -0.543342
vn 0.834129 0.0448328 -0.549745
vn 0.810283 0.0721327 -0.581582
vn 0.914935 0.0620007 -0.398809
vn 0.863546 0.295534 -0.408593
vn 0.490598 0.110203 -0.864389
vn 0.504698 0.029468 -0.862793
vn 0.920903 -0.0342125 -0.388287
vn 0.519754 -0.408835 -0.75014
vn 0.441932 0.3052 -0.843534
vn -0.08522 -0.877255 -0.472399
vn 0.0804563 -0.679955 -0.728827
vn 0.259741 -0.716218 -0.647739
vn 0.0973473 -0.508573 -0.855498
vn -0.0164183 -0.534641 -0.84492
vn 0.134038 -0.407733 -0.90321
vn 0.126691 -0.337927 -0.932606
vn 0.0725485 -0.356462 -0.931489
vn 0.0345353 -0.456402 -0.889103
vn -0.0744951 -0.240191 -0.967863
vn -0.261044 -0.154761 -0.952841
vn -0.354548 -0.256548 -0.899155
vn -0.266627 0.372424 -0.888938
vn -0.540796 0.207202 -0.815234
vn -0.571111 0.157244 -0.805671
vn -0.555259 -0.213676 -0.80376
vn -0.526365 0.196799 -0.82717
vn -0.501374 0.243138 -0.830367
vn -0.584518 0.474412 -0.658234
vn -0.476073 0.565323 -0.673621
vn -0.364534 -0.119193 -0.92353
vn -0.364534 -0.119193 -0.92353
vn 0.19038 0.407146 -0.893301
vn 0.369047 0.342136 -0.864145
vn 0.36105 0.451993 -0.815687
vn 0.480405 0.362604 -0.79858
vn 0.509463 0.532643 -0.675824
vn 0.553923 0.345906 -0.75731
vn 0.446104 0.203231 -0.871601
vn 0.435179 0.215102 -0.874271
vn 0.3665 0.185606 -0.911717
vn 0.188801 0.144178 -0.971374
vn 0.164985 0.0819159 -0.982888
vn 0.224411 0.102455 -0.969094
vn 0.025922 -0.248108 -0.968385
vn 0.305888 -0.223848 -0.925378
vn 0.51271 -0.163279 -0.842893
vn -0.0336318 -0.485677 -0.873491
vn 0.62956 -0.529882 -0.568225
vn 0.596232 -0.438354 -0.672572
vn 0.688356 -0.415798 -0.594372
vn 0.584664 -0.600469 -0.545532
vn -0.991101 -0.122116 -0.0529762
vn -0.924151 -0.277308 -0.262767
vn -0.95848 -0.200118 -0.203149
vn -0.900598 -0.271833 -0.33916
vn -0.890427 -0.233775 -0.390499
vn -0.920161 -0.273778 -0.279909
vn -0.880012 -0.183635 -0.438015
vn -0.94312 -0.0841959 -0.321614
vn -0.984294 0.015941 -0.175816
vn -0.838685 0.154285 -0.522306
vn -0.899082 0.282833 -0.334152
vn -0.912733 0.383277 -0.141481
vn -0.823156 0.512801 -0.243823
vn -0.840792 0.540944 0.0211559
vn -0.811597 0.543714 0.213742
vn -0.788087 0.577339 0.213539
vn -0.750031 0.395856 0.529861
vn -0.703952 0.345748 0.620412
vn -0.613007 0.114406 0.781751
vn -0.613007 0.114406 0.781751
vn 0.434277 -0.462847 -0.772772
vn 0.382915 -0.688833 -0.615536
vn 0.437324 -0.8136 -0.383149
vn 0.632084 -0.703332 -0.32526
vn 0.458911 -0.874314 -0.158041
vn 0.203138 -0.919615 -0.336219
vn 0.240234 -0.941063 -0.238092
vn 0.182624 -0.947477 -0.262558
vn 0.177928 -0.912421 -0.36855
vn 0.171663 -0.928254 -0.329963
vn 0.265323 -0.940735 -0.211237
vn 0.0630713 -0.984624 -0.162904
vn 0.0753529 -0.994062 -0.078503
vn -0.0290112 -0.996256 -0.0814357
vn -0.137911 -0.968346 -0.208053
vn -0.209399 -0.941336 -0.264649
vn -0.246104 -0.91906 -0.307833
vn -0.298725 -0.902509 -0.310228
vn -0.23755 0.959844 -0.149228
vn -0.367693 0.85768 -0.359426
vn -0.295645 0.929281 -0.221428
vn -0.311875 0.858444 -0.407194
vn -0.337694 0.883835 -0.323725
vn -0.410042 0.83744 -0.361332
vn -0.134504 0.707428 -0.69387
vn 0.0444195 0.819285 -0.571663
vn 0.178084 0.97961 -0.0930092
vn 0.228196 0.863628 -0.449525
vn 0.183034 0.575206 -0.797269
vn 0.295213 0.706138 -0.643598
vn 0.441568 0.748067 -0.495393
vn 0.0383836 -0.201805 -0.978673
vn 0.404568 -0.0283593 -0.914068
vn 0.262254 -0.0603742 -0.963108
vn 0.409933 0.041401 -0.911175
vn 0.385252 0.122589 -0.914632
vn 0.556595 0.0135907 -0.830673
vn 0.213135 0.193084 -0.957754
vn 0.108635 0.0629506 -0.992087
vn -0.11661 -0.313774 -0.94231
vn 0.0645221 0.364468 -0.928978
vn 0.064511 0.36447 -0.928978
vn 0.666659 0.484693 -0.566249
vn 0.371875 0.604717 -0.704291
vn 0.376065 0.714878 -0.589512
vn 0.190256 0.581011 -0.791346
vn 0.251091 0.496631 -0.830849
vn 0.0785278 0.582597 -0.808958
vn 0.0168665 0.564329 -0.825378
vn 0.0600449 0.522366 -0.850605
vn 0.195356 0.500784 -0.843239
vn -0.191269 0.258257 -0.946953
vn -0.0428475 0.176934 -0.98329
vn 0.102606 0.0914455 -0.99051
vn -0.32531 -0.222541 -0.919048
vn -0.272597 -0.239634 -0.931808
vn 0.122612 -0.149859 -0.981075
vn -0.324354 -0.223151 -0.919238
vn -0.368594 -0.206934 -0.906265
vn -0.559168 -0.360968 -0.746347
vn -0.65958 -0.269127 -0.701801
vn -0.038378 -0.0173889 -0.999112
vn -0.434353 0.281121 -0.85575
vn -0.473768 0.450434 -0.756738
vn -0.560203 0.376475 -0.737861
vn -0.548953 0.507888 -0.663853
vn -0.69994 0.411283 -0.583893
vn -0.569521 0.555268 -0.606072
vn -0.424453 0.579373 -0.695821
vn -0.427434 0.563652 -0.706822
vn -0.362336 0.542231 -0.758089
vn -0.250745 0.46482 -0.849158
vn -0.190795 0.482728 -0.854734
vn -0.249083 0.498224 -0.8305
vn 0.125552 0.586887 -0.799875
vn -0.0923508 0.734698 -0.672078
vn -0.281403 0.786855 -0.549247
vn 0.322062 0.671886 -0.666967
vn -0.151216 0.975831 -0.15776
vn -0.190393 0.938227 -0.288928
vn -0.273184 0.941911 -0.195383
vn -0.105317 0.984087 -0.143109
vn 0.507919 -0.64713 -0.568543
vn 0.564585 -0.4129 -0.714673
vn 0.531231 -0.520542 -0.668453
vn 0.527755 -0.353656 -0.772271
vn 0.496269 -0.36446 -0.787964
vn 0.5437 -0.390839 -0.742721
vn 0.387202 -0.267065 -0.882469
vn 0.344543 -0.408435 -0.845264
vn 0.301348 -0.552377 -0.777219
vn 0.00268065 -0.24375 -0.969835
vn -0.042035 -0.442039 -0.89601
vn -0.0754854 -0.600927 -0.795731
vn -0.280299 -0.483011 -0.829538
vn -0.228822 -0.678422 -0.69813
vn -0.192995 -0.78985 -0.582143
vn -0.103362 -0.87142 -0.479525
vn -0.041355 -0.908927 -0.4149
vn 0.00808618 -0.937965 -0.346636
vn 0.195562 -0.953365 -0.229892
vn 0.101627 0.752737 -0.65043
vn 0.348048 0.780707 -0.518999
vn 0.475566 0.831148 -0.28815
vn 0.305089 0.935322 -0.179148
vn 0.566474 0.822001 -0.0584977
vn 0.67787 0.665143 -0.313172
vn 0.70074 0.682672 -0.207178
vn 0.722327 0.647375 -0.243206
vn 0.671974 0.657082 -0.341605
vn 0.702101 0.641156 -0.309797
vn 0.716461 0.678025 -0.164212
vn 0.830434 0.514173 -0.214489
vn 0.854219 0.500461 -0.140885
vn 0.886575 0.420324 -0.193161
vn 0.856921 0.362122 -0.366815
vn 0.835761 0.315714 -0.449253
vn 0.811677 0.292655 -0.505503
vn 0.808813 0.233072 -0.539907
vn -0.728566 -0.513728 -0.453073
vn -0.563925 -0.445745 -0.695198
vn -0.669387 -0.509021 -0.541127
vn -0.584534 -0.379613 -0.717087
vn -0.60986 -0.469925 -0.638155
vn -0.670766 -0.417436 -0.613042
vn -0.52081 0.0112984 -0.853598
vn -0.710493 0.00694821 -0.70367
vn -0.829142 0.0306181 -0.558198
vn -0.580657 0.354333 -0.732998
vn -0.514256 0.59375 -0.618872
vn -0.849966 0.233366 -0.472333
vn 0.0765515 0.804474 -0.589035
vn -0.348931 0.827111 -0.440606
vn -0.41583 0.781902 -0.46445
vn -0.411279 0.761115 -0.50155
vn -0.494416 0.810858 -0.313148
vn -0.667644 0.640217 -0.379965
vn -0.259879 0.507459 -0.821552
vn -0.201898 0.561584 -0.80241
vn -0.428962 0.856803 -0.286149
vn 0.14318 0.789784 -0.59644
vn -0.402055 0.351381 -0.845508
vn -0.402063 0.351386 -0.845502
vn 0.82619 0.236282 -0.51145
vn 0.574209 0.358396 -0.736096
vn 0.562239 0.47516 -0.676838
vn 0.400316 0.336126 -0.852506
vn 0.458413 0.23666 -0.85665
vn 0.29146 0.346019 -0.891808
vn 0.224252 0.323174 -0.919386
vn 0.259417 0.275372 -0.925674
vn 0.373933 0.257683 -0.89094
vn 0.000292549 -0.00904333 -0.999959
vn 0.146249 -0.0945148 -0.984722
vn 0.274276 -0.169429 -0.946608
vn -0.140878 -0.469519 -0.871611
vn -0.086696 -0.488331 -0.868341
vn 0.283766 -0.388735 -0.876562
vn -0.1406 -0.458929 -0.877278
vn -0.190252 -0.444104 -0.875543
vn -0.39032 -0.586444 -0.709742
vn -0.502015 -0.497572 -0.707391
vn 0.131626 -0.234576 -0.963145
vn 0.131624 -0.234574 -0.963146
vn -0.342639 0.123319 -0.931338
vn -0.346278 0.310621 -0.885215
vn -0.452092 0.2626 -0.85244
vn -0.410169 0.401062 -0.819091
vn -0.591541 0.360384 -0.721251
vn -0.422432 0.467713 -0.7764
vn -0.246352 0.42922 -0.868954
vn -0.250634 0.412563 -0.875771
vn -0.190147 0.36204 -0.912563
vn -0.0802541 0.223798 -0.971326
vn -0.0130286 0.224452 -0.974398
vn -0.0589879 0.265109 -0.962412
vn 0.335648 0.232664 -0.912802
vn 0.184943 0.47092 -0.862572
vn 0.028373 0.620404 -0.783769
vn 0.556631 0.27514 -0.783875
vn 0.249625 0.857873 -0.449156
vn 0.198066 0.798845 -0.567993
vn 0.125198 0.862204 -0.490845
vn 0.319424 0.848659 -0.421599
vn 0.430154 -0.846548 -0.313567
vn 0.541941 -0.675924 -0.499426
vn 0.484645 -0.754704 -0.4422
vn 0.522939 -0.632582 -0.571293
vn 0.48663 -0.632724 -0.602371
vn 0.531391 -0.663842 -0.526249
vn 0.418368 -0.585003 -0.694795
vn 0.348923 -0.704111 -0.61845
vn 0.274525 -0.815344 -0.509756
vn 0.0650198 -0.57159 -0.817959
vn -0.0240225 -0.727508 -0.685678
vn -0.098549 -0.837914 -0.536832
vn -0.268001 -0.7265 -0.632751
vn -0.26942 -0.864106 -0.425129
vn -0.267125 -0.927068 -0.263037
vn -0.317349 -0.909614 -0.268128
vn -0.14374 -0.989565 -0.00998348
vn -0.105049 -0.991253 0.0798923
vn 0.0806232 -0.966237 0.244718
vn 0.0806232 -0.966237 0.244718
vn 0.280249 0.509539 -0.81353
vn 0.516992 0.531559 -0.670943
vn 0.63091 0.631278 -0.451044
vn 0.471598 0.791271 -0.389213
vn 0.693649 0.681248 -0.233992
vn 0.801818 0.434354 -0.410395
vn 0.817005 0.48017 -0.319281
vn 0.837972 0.42281 -0.345013
vn 0.798787 0.394058 -0.454595
vn 0.817687 0.392625 -0.42099
vn 0.811938 0.492127 -0.313955
vn 0.914713 0.303908 -0.266345
vn 0.928254 0.32089 -0.188083
vn 0.958154 0.215743 -0.18814
vn 0.9483 0.0799794 -0.307134
vn 0.934542 -0.00292265 -0.355841
vn 0.917672 -0.0500317 -0.394175
vn 0.913557 -0.113307 -0.390609
vn -0.75011 -0.493917 -0.439752
vn -0.555088 -0.520649 -0.648692
vn -0.686409 -0.519142 -0.509249
vn -0.562343 -0.457357 -0.688909
vn -0.610915 -0.517338 -0.599286
vn -0.6751 -0.440744 -0.591595
vn -0.397958 -0.147579 -0.905456
vn -0.594405 -0.0655742 -0.801488
vn -0.725274 0.0359372 -0.687522
vn -0.366712 0.21817 -0.904392
vn -0.563388 0.211941 -0.798546
vn -0.693831 0.26536 -0.669465
vn 0.41797 0.48066 -0.770887
vn 0.0459396 0.686939 -0.725261
vn 0.178662 0.607886 -0.773663
vn -0.0205636 0.660725 -0.750347
vn -0.0472189 0.617615 -0.785062
vn -0.0967306 0.764144 -0.637751
vn -0.0504171 0.426644 -0.903013
vn 0.145087 0.300378 -0.942721
vn 0.00964922 0.800014 -0.599903
vn 0.53415 0.411447 -0.738508
vn -0.116299 0.198622 -0.973152
vn -0.116299 0.198622 -0.973152
vn -0.778536 0.399304 -0.484188
vn -0.769821 0.0884515 -0.632101
vn -0.836292 0.00995808 -0.548193
vn -0.677846 -0.0596079 -0.732783
vn -0.629026 0.0306674 -0.776779
vn -0.632886 -0.159082 -0.757725
vn -0.596663 -0.201625 -0.77675
vn -0.581008 -0.142507 -0.801325
vn -0.620142 -0.00889274 -0.784439
vn -0.251757 -0.24657 -0.935853
vn -0.245938 -0.0754898 -0.966341
vn -0.231503 0.0951831 -0.968166
vn 0.240718 -0.164506 -0.956552
vn 0.233518 -0.109817 -0.966131
vn -0.0208537 0.216638 -0.976029
vn 0.248314 -0.167624 -0.954066
vn 0.253554 -0.215095 -0.943104
vn 0.483186 -0.328605 -0.811511
vn 0.445873 -0.459827 -0.767956
vn -0.0568042 0.00606624 -0.998367
vn -0.00592046 -0.614025 -0.789265
vn -0.138669 -0.720963 -0.678958
vn -0.034407 -0.755387 -0.654375
vn -0.156294 -0.804363 -0.573213
vn -0.00433986 -0.875992 -0.482305
vn -0.189756 -0.839871 -0.508537
vn -0.274703 -0.742235 -0.61125
vn -0.258135 -0.741494 -0.619317
vn -0.267346 -0.684912 -0.677806
vn -0.246244 -0.571029 -0.783128
vn -0.290028 -0.531441 -0.795898
vn -0.276524 -0.587451 -0.760549
vn -0.534271 -0.3072 -0.787517
vn -0.564529 -0.546351 -0.618715
vn -0.524083 -0.71445 -0.46357
vn -0.709602 -0.159685 -0.686269
vn -0.766827 -0.635387 -0.0908898
vn -0.708827 -0.671693 -0.215391
vn -0.67548 -0.729227 -0.109338
vn -0.793319 -0.602896 -0.0846281
vn 0.363101 0.753113 -0.548614
vn 0.134899 0.695537 -0.705713
vn 0.243487 0.715407 -0.65491
vn 0.101424 0.635833 -0.765134
vn 0.126626 0.612501 -0.780262
vn 0.124561 0.667288 -0.73431
vn 0.0961509 0.472377 -0.876136
vn 0.238836 0.501134 -0.831758
vn 0.381127 0.530612 -0.757095
vn 0.26267 0.124367 -0.956837
vn 0.454395 0.179641 -0.872499
vn 0.603757 0.226098 -0.764433
vn 0.601772 -0.00645824 -0.798642
vn 0.741062 0.133462 -0.658039
vn 0.814508 0.219232 -0.537135
vn 0.835513 0.341571 -0.430404
vn 0.833805 0.41442 -0.364725
vn 0.830474 0.472133 -0.295639
vn 0.742139 0.645527 -0.180347
vn -0.713906 -0.288213 -0.638178
vn -0.852822 -0.077809 -0.516373
vn -0.956521 0.0226297 -0.290784
vn -0.970088 -0.171325 -0.171978
vn -0.990709 0.119926 -0.0641302
vn -0.901844 0.277674 -0.331021
vn -0.928111 0.295617 -0.226322
vn -0.906938 0.328221 -0.264074
vn -0.890876 0.273841 -0.362424
vn -0.889656 0.311093 -0.334265
vn -0.928239 0.319714 -0.190143
vn -0.832094 0.490154 -0.259553
vn -0.830611 0.523033 -0.191109
vn -0.773281 0.582443 -0.250593
vn -0.70259 0.566744 -0.430313
vn -0.650771 0.560036 -0.512696
vn -0.618073 0.542875 -0.568571
vn -0.558684 0.563841 -0.60824
vn 0.800899 -0.421238 -0.425582
vn 0.667566 -0.316697 -0.673839
vn 0.770113 -0.374021 -0.516753
vn 0.619636 -0.366443 -0.694097
vn 0.708903 -0.343297 -0.61612
vn 0.692568 -0.420113 -0.586392
vn 0.249348 -0.500848 -0.828841
vn 0.341394 -0.659932 -0.669284
vn 0.375173 -0.768832 -0.517825
vn -0.0232182 -0.712788 -0.700995
vn -0.263716 -0.765722 -0.586621
vn 0.207081 -0.879789 -0.427888
vn -0.730762 -0.349959 -0.586102
vn -0.546099 -0.727215 -0.415854
vn -0.473188 -0.765374 -0.436229
vn -0.458501 -0.752295 -0.473106
vn -0.463282 -0.840619 -0.280589
vn -0.224971 -0.912777 -0.340918
vn -0.300571 -0.512098 -0.80462
vn -0.376425 -0.487534 -0.787791
vn -0.533386 -0.805782 -0.257322
vn -0.748368 -0.29077 -0.596153
vn -0.0938132 -0.559956 -0.823194
vn -0.0938132 -0.559956 -0.823194
vn -0.735233 0.418004 -0.533578
vn -0.652344 0.141446 -0.744608
vn -0.730469 0.0558597 -0.680658
vn -0.517921 0.0248087 -0.855069
vn -0.485136 0.134268 -0.864069
vn -0.451189 -0.063129 -0.890193
vn -0.388786 -0.0987326 -0.916022
vn -0.37756 -0.0399957 -0.925121
vn -0.442003 0.0603276 -0.894983
vn 0.00658548 -0.0455356 -0.998941
vn -0.0271196 0.12101 -0.992281
vn -0.0568741 0.269994 -0.961181
vn 0.445857 0.160509 -0.880596
vn 0.423933 0.213381 -0.880198
vn 0.101637 0.42742 -0.898322
vn 0.438992 0.154605 -0.88509
vn 0.460192 0.107967 -0.88123
vn 0.698408 0.056574 -0.713461
vn 0.704807 -0.0857858 -0.704193
vn 0.0913689 0.211096 -0.973186
vn 0.091369 0.211097 -0.973185
vn 0.14487 -0.374331 -0.915909
vn 0.0110664 -0.504342 -0.863433
vn 0.118109 -0.546033 -0.829396
vn -0.0109699 -0.610317 -0.792082
vn 0.142165 -0.708643 -0.691096
vn -0.0508742 -0.663256 -0.746662
vn -0.142556 -0.515652 -0.844855
vn -0.127318 -0.508087 -0.851844
vn -0.132034 -0.431751 -0.892277
vn -0.106713 -0.261987 -0.959153
vn -0.153171 -0.214106 -0.964726
vn -0.150599 -0.274741 -0.949651
vn -0.399422 0.0349642 -0.9161
vn -0.467588 -0.235784 -0.85192
vn -0.467184 -0.447483 -0.76256
vn -0.583373 0.172343 -0.793709
vn -0.790862 -0.437221 -0.428224
vn -0.712564 -0.439184 -0.547148
vn -0.70766 -0.531568 -0.46546
vn -0.831715 -0.380807 -0.404024
vn 0.323976 0.878288 -0.35164
vn 0.122656 0.833805 -0.538261
vn 0.219793 0.849608 -0.479435
vn 0.103659 0.786475 -0.608861
vn 0.129827 0.760805 -0.635862
vn 0.119756 0.815553 -0.566155
vn 0.139129 0.667426 -0.731564
vn 0.272597 0.702163 -0.657767
vn 0.40243 0.729956 -0.552462
vn 0.370016 0.389367 -0.843494
vn 0.543112 0.440767 -0.714671
vn 0.672374 0.47277 -0.569563
vn 0.708985 0.267144 -0.652667
vn 0.808122 0.376561 -0.452925
vn 0.850936 0.433792 -0.296197
vn 0.833962 0.532746 -0.143833
vn 0.809084 0.584899 -0.0572446
vn 0.783422 0.620825 0.0287367
vn 0.637007 0.749261 0.181189
vn -0.564307 -0.180068 -0.805688
vn -0.74157 -0.0161492 -0.670681
vn -0.891807 0.00987125 -0.452308
vn -0.900488 -0.212697 -0.379317
vn -0.971485 0.033198 -0.234765
vn -0.862693 0.271999 -0.426354
vn -0.906551 0.256967 -0.334864
vn -0.878679 0.309183 -0.36377
vn -0.829088 0.294975 -0.474977
vn -0.840048 0.313269 -0.442923
vn -0.909159 0.251229 -0.332137
vn -0.836352 0.457614 -0.301836
vn -0.857275 0.462708 -0.22579
vn -0.797937 0.555422 -0.234098
vn -0.685612 0.632141 -0.361018
vn -0.61327 0.673139 -0.41326
vn -0.565493 0.689064 -0.45322
vn -0.511298 0.730545 -0.452635
vn 0.874404 -0.22903 -0.427741
vn 0.759882 -0.0782894 -0.64533
vn 0.848926 -0.167859 -0.501146
vn 0.719051 -0.128286 -0.683015
vn 0.795731 -0.118314 -0.593981
vn 0.784592 -0.215073 -0.581515
vn 0.381775 -0.234106 -0.894115
vn 0.458866 -0.427249 -0.779038
vn 0.476456 -0.584029 -0.657191
vn 0.0982683 -0.466016 -0.879302
vn 0.239431 -0.596495 -0.766072
vn 0.291403 -0.718683 -0.631331
vn -0.63563 -0.085672 -0.767226
vn -0.518491 -0.493323 -0.698426
vn -0.557796 -0.345983 -0.754427
vn -0.452893 -0.523903 -0.721397
vn -0.405918 -0.513667 -0.755895
vn -0.472987 -0.643932 -0.60136
vn -0.262974 -0.387529 -0.883553
vn -0.312764 -0.162249 -0.935871
vn -0.570611 -0.593656 -0.56743
vn -0.668282 0.041033 -0.742775
vn -0.0549751 -0.27396 -0.960169
vn -0.0549765 -0.273965 -0.960167
vn -0.206151 0.972017 -0.112622
vn -0.940366 -0.170131 0.294564
vn -0.938781 -0.166639 0.301533
vn -0.209822 0.970718 -0.116965
vn 0.940128 0.170225 -0.295267
vn 0.939443 0.167054 -0.299233
vn 0.206001 -0.972123 0.111982
vn 0.210067 -0.970568 0.117768
vn -0.211329 0.969743 -0.122227
vn -0.935614 -0.164642 0.312282
vn -0.934334 -0.163715 0.316571
vn -0.211663 0.969541 -0.123247
vn 0.937692 0.165961 -0.305271
vn 0.937402 0.165731 -0.306285
vn 0.213357 -0.968386 0.129254
vn 0.214696 -0.967514 0.133501
vn -0.213896 0.96807 -0.130724
vn -0.93051 -0.161208 0.328882
vn -0.927948 -0.159349 0.336927
vn -0.215836 0.966746 -0.137176
vn 0.935182 0.164242 -0.313782
vn 0.933225 0.162928 -0.320228
vn 0.218393 -0.964892 0.145902
vn 0.220961 -0.963066 0.153886
vn -0.223199 0.961474 -0.160469
vn -0.919347 -0.15339 0.362316
vn -0.913174 -0.148304 0.379629
vn -0.228879 0.957185 -0.177231
vn 0.925789 0.157668 -0.343591
vn 0.920151 0.153395 -0.360266
vn 0.229111 -0.956698 0.179549
vn 0.235385 -0.951811 0.196596
vn -0.242734 0.945747 -0.21597
vn -0.897633 -0.13627 0.419149
vn -0.888335 -0.127125 0.441248
vn -0.251794 0.938132 -0.237714
vn 0.905819 0.142204 -0.399086
vn 0.897206 0.134425 -0.420656
vn 0.249948 -0.938904 0.236612
vn 0.259879 -0.930505 0.258114
vn -0.270694 0.920416 -0.282063
vn -0.867123 -0.108702 0.486088
vn -0.855684 -0.0959512 0.508526
vn -0.282149 0.90986 -0.304215
vn 0.877466 0.117139 -0.465114
vn 0.866868 0.106216 -0.487091
vn 0.279725 -0.910791 0.303665
vn 0.292306 -0.89929 0.325324
vn -0.292418 0.898865 -0.326395
vn -0.843257 -0.0851186 0.530728
vn -0.843688 -0.0829169 0.530392
vn -0.41485 0.648194 -0.638549
vn 0.855266 0.0960519 -0.50921
vn 0.855719 0.0951575 -0.508617
vn 0.303104 -0.887116 0.348071
vn 0.406695 -0.654931 0.636918
vn -0.508855 0.395774 -0.764481
vn -0.448728 0.479887 -0.753891
vn -0.798817 -0.552119 -0.238864
vn -0.390576 -0.856528 -0.337359
vn -0.383753 0.558817 -0.735158
vn 0.840012 0.413814 0.350909
vn 0.826401 0.523203 0.208135
vn 0.785902 0.61557 0.0585894
vn 0.498374 -0.456746 0.73689
vn 0.435254 -0.50215 0.747261
vn 0.369456 -0.544465 0.753035
vn -0.847831 -0.410629 -0.335509
vn 0.187196 -0.0814956 -0.978936
vn 0.207857 0.0860871 -0.974364
vn -0.0233057 -0.938884 -0.343442
vn 0.116294 -0.973434 -0.197236
vn 0.222587 0.251214 -0.941991
vn 0.138578 0.827608 0.543931
vn 0.192159 0.883221 0.427781
vn -0.128266 0.973728 0.188151
vn -0.1417 0.0261792 0.989563
vn -0.205262 -0.107341 0.972803
vn -0.264277 -0.238485 0.934496
vn -0.175548 -0.831057 -0.527758
vn 0.928004 -0.113818 -0.354759
vn 0.923975 0.0724937 -0.375519
vn 0.275356 -0.951376 -0.138069
vn 0.229562 -0.966436 -0.115337
vn 0.88746 0.256257 -0.383076
vn -0.374316 0.916379 0.141904
vn -0.306624 0.944278 0.119667
vn -0.237136 0.966649 0.0967288
vn -0.913717 0.0973698 0.394512
vn -0.923617 -0.0805536 0.374757
vn -0.903827 -0.255888 0.342956
vn -0.34481 0.875752 0.337882
vn -0.934174 -0.296659 -0.198272
vn -0.935501 -0.297581 -0.190484
vn -0.346657 0.877079 0.332508
vn 0.934148 0.29713 0.197689
vn 0.935332 0.296664 0.192727
vn 0.344893 -0.875486 -0.338487
vn 0.346618 -0.877394 -0.331718
vn -0.346264 0.879165 0.327369
vn -0.936221 -0.301841 -0.179953
vn -0.936518 -0.303432 -0.175679
vn -0.346223 0.879559 0.326352
vn 0.935759 0.299079 0.186837
vn 0.935842 0.299447 0.185825
vn 0.345748 -0.881904 -0.320474
vn 0.345527 -0.883518 -0.316239
vn -0.345732 0.882454 0.318973
vn -0.937202 -0.308126 -0.163433
vn -0.937634 -0.311008 -0.155294
vn -0.345309 0.884906 0.312575
vn 0.936352 0.302338 0.178426
vn 0.936751 0.304799 0.17203
vn 0.344676 -0.888165 -0.30391
vn 0.344279 -0.891042 -0.295832
vn -0.344032 0.893348 0.289088
vn -0.938531 -0.320035 -0.129374
vn -0.939051 -0.325343 -0.111064
vn -0.343378 0.899011 0.271793
vn 0.937979 0.313292 0.148469
vn 0.938647 0.318923 0.131266
vn 0.342801 -0.899875 -0.269652
vn 0.342495 -0.9052 -0.251615
vn -0.342245 0.91083 0.230775
vn -0.938967 -0.337112 -0.0685246
vn -0.938819 -0.34168 -0.0432757
vn -0.342575 0.916476 0.206674
vn 0.939316 0.330998 0.0901408
vn 0.939383 0.336407 0.066252
vn 0.341342 -0.916501 -0.208593
vn 0.342405 -0.921367 -0.183963
vn -0.343215 0.926171 0.15624
vn -0.936308 -0.351071 0.00873917
vn -0.934963 -0.352822 0.0368827
vn -0.345085 0.929603 0.129442
vn 0.93791 0.346526 0.0156504
vn 0.936857 0.349543 -0.0108912
vn 0.343177 -0.930059 -0.131226
vn 0.346065 -0.932437 -0.103919
vn -0.345757 0.932673 0.102823
vn -0.932256 -0.356055 0.0642122
vn -0.932979 -0.354025 0.0649286
vn -0.316147 0.895547 -0.313123
vn 0.934764 0.353282 -0.0375167
vn 0.935179 0.352202 -0.0373512
vn 0.346828 -0.934839 -0.0760629
vn 0.310338 -0.900221 0.305439
vn -0.316686 0.754468 -0.574881
vn -0.280047 0.818494 -0.501639
vn -0.565452 -0.324064 -0.75845
vn -0.0960907 -0.527521 -0.84409
vn -0.240382 0.873675 -0.422976
vn 0.596191 0.146632 0.789338
vn 0.606138 0.31656 0.729649
vn 0.596362 0.476187 0.646218
vn 0.327091 -0.790198 0.518266
vn 0.273796 -0.833356 0.48016
vn 0.218816 -0.871385 0.4391
vn -0.608807 -0.15237 -0.778548
vn 0.489768 0.468033 -0.735576
vn 0.475381 0.605398 -0.638362
vn 0.264063 -0.59584 -0.758449
vn 0.356148 -0.706073 -0.612062
vn 0.447434 0.725494 -0.522936
vn -0.196501 0.391875 0.898789
vn -0.121713 0.501707 0.856432
vn -0.364567 0.711408 0.600824
vn -0.439961 -0.52044 0.731831
vn -0.468396 -0.622319 0.627156
vn -0.486459 -0.710417 0.508592
vn 0.157752 -0.403349 -0.901345
vn 0.99571 0.0925217 0.000941788
vn 0.962448 0.259664 0.0791779
vn 0.482108 -0.721358 -0.497207
vn 0.435363 -0.746069 -0.503824
vn 0.895341 0.417676 0.15463
vn -0.568798 0.690776 0.446427
vn -0.504238 0.725786 0.467951
vn -0.436724 0.756545 0.486735
vn -0.991389 -0.128204 0.0266761
vn -0.960339 -0.265955 -0.08377
vn -0.898425 -0.395159 -0.191524
vn -0.67832 -0.693613 -0.242452
vn 0.607581 -0.711107 0.353798
vn 0.602837 -0.711968 0.360125
vn -0.674642 -0.695801 -0.246412
vn -0.607433 0.710885 -0.354495
vn -0.603871 0.712196 -0.357935
vn 0.678579 0.693573 0.24184
vn 0.674269 0.695892 0.247176
vn -0.67227 -0.696306 -0.251417
vn 0.597938 -0.710858 0.370339
vn 0.595866 -0.710473 0.374394
vn -0.671778 -0.696432 -0.252384
vn -0.601156 0.711582 -0.363679
vn -0.600663 0.711508 -0.364637
vn 0.669047 0.69697 0.258088
vn 0.666996 0.697434 0.262109
vn -0.668285 -0.697186 -0.259476
vn 0.589967 -0.709157 0.386052
vn 0.585891 -0.708366 0.393636
vn -0.665219 -0.697816 -0.265586
vn -0.59716 0.710777 -0.371747
vn -0.594095 0.710125 -0.377855
vn 0.661057 0.698579 0.273845
vn 0.657014 0.699401 0.281372
vn -0.653549 -0.700129 -0.287564
vn 0.572681 -0.705478 0.417537
vn 0.562661 -0.703802 0.433676
vn -0.644534 -0.701847 -0.303293
vn -0.582388 0.707745 -0.399902
vn -0.573422 0.706049 -0.415549
vn 0.64367 0.701681 0.305503
vn 0.633796 0.703564 0.321402
vn -0.62204 -0.705604 -0.339396
vn 0.538652 -0.698985 0.470398
vn 0.522896 -0.697086 0.490562
vn -0.60773 -0.708145 -0.359436
vn -0.550864 0.701764 -0.451748
vn -0.536683 0.699683 -0.471609
vn 0.609521 0.707065 0.358529
vn 0.594126 0.709923 0.378184
vn -0.576504 -0.712501 -0.399982
vn 0.489765 -0.691192 0.531398
vn 0.469812 -0.68946 0.551291
vn -0.558402 -0.715448 -0.419906
vn -0.505343 0.694397 -0.51229
vn -0.487423 0.692367 -0.532021
vn 0.560563 0.713939 0.419595
vn 0.54114 0.717341 0.43885
vn -0.540573 -0.717159 -0.439845
vn 0.450949 -0.685851 0.571186
vn 0.449402 -0.68739 0.570555
vn -0.222086 -0.670819 -0.707587
vn -0.46957 0.689085 -0.551965
vn -0.469157 0.689926 -0.551266
vn 0.521968 0.718835 0.459159
vn 0.232319 0.667679 0.707271
vn 0.0559805 -0.607835 -0.792088
vn -0.0478041 -0.603243 -0.796123
vn 0.923711 -0.36226 -0.124605
vn 0.969353 0.149601 -0.194872
vn -0.151072 -0.592131 -0.791554
vn -0.847287 0.466698 0.253568
vn -0.910276 0.402417 0.0972478
vn -0.943649 0.325044 -0.062236
vn 0.00417961 0.633203 0.773974
vn 0.074497 0.604245 0.793309
vn 0.144356 0.571566 0.807758
vn 0.846682 -0.475664 -0.238482
vn 0.105747 0.244361 -0.963901
vn -0.0450044 0.170946 -0.984252
vn 0.839898 0.502962 -0.203962
vn 0.772225 0.632501 -0.0600957
vn -0.194472 0.0926542 -0.976522
vn -0.838542 -0.354784 0.413493
vn -0.897071 -0.334715 0.288496
vn -0.764697 -0.642324 0.0515581
vn -0.0860038 -0.17671 0.980498
vn 0.0614437 -0.157213 0.985651
vn 0.20753 -0.134234 0.968975
vn 0.859088 0.324873 -0.395507
vn -0.356929 0.856828 -0.372087
vn -0.506259 0.753651 -0.419181
vn 0.659498 0.751623 -0.0112017
vn 0.693509 0.720286 0.0152938
vn -0.637787 0.623973 -0.451536
vn -0.577518 -0.816024 0.024027
vn -0.634078 -0.773255 -0.0047051
vn -0.686926 -0.725959 -0.0334097
vn 0.357178 -0.837683 0.413173
vn 0.51284 -0.748973 0.419565
vn 0.652018 -0.636191 0.412472
vn -0.61545 -0.722301 0.315439
vn 0.705319 -0.680793 -0.197599
vn 0.706623 -0.681659 -0.1898
vn -0.615661 -0.724462 0.310027
vn -0.705709 0.680561 0.197005
vn -0.705771 0.681908 0.192063
vn 0.615191 0.722254 -0.316052
vn 0.615949 0.724558 -0.309229
vn -0.617599 -0.725011 0.304845
vn 0.710538 -0.680463 -0.179179
vn 0.712008 -0.680047 -0.174872
vn -0.617947 -0.725145 0.303818
vn -0.708002 0.681243 0.186121
vn -0.70835 0.681159 0.185101
vn 0.620141 0.725731 -0.29789
vn 0.621594 0.726228 -0.293622
vn -0.620602 -0.725957 0.296378
vn 0.716262 -0.678641 -0.162528
vn 0.718868 -0.677799 -0.154327
vn -0.622852 -0.726635 0.289927
vn -0.711012 0.680371 0.177642
vn -0.71326 0.679671 0.171195
vn 0.625883 0.727461 -0.281195
vn 0.628468 0.728332 -0.273056
vn -0.630497 -0.729094 0.266262
vn 0.726807 -0.674768 -0.128213
vn 0.73142 -0.673031 -0.109791
vn -0.635506 -0.730895 0.248846
vn -0.720926 0.677143 0.147453
vn -0.725912 0.675365 0.130131
vn 0.636506 0.730756 -0.246691
vn 0.641037 0.732695 -0.228538
vn -0.645762 -0.734782 0.207575
vn 0.741031 -0.668121 -0.0669928
vn 0.744557 -0.666258 -0.0416449
vn -0.650175 -0.73733 0.18335
vn -0.736172 0.670951 0.0887445
vn -0.740564 0.66886 0.0647387
vn 0.65081 0.736287 -0.185278
vn 0.654181 0.739105 -0.160535
vn -0.65756 -0.741623 0.132704
vn 0.750764 -0.660486 0.0105879
vn 0.751192 -0.658944 0.0387732
vn -0.659246 -0.744443 0.105823
vn -0.747927 0.663635 0.0139099
vn -0.749637 0.661727 -0.0127001
vn 0.660582 0.743002 -0.107608
vn 0.66085 0.746216 -0.0802354
vn -0.661182 -0.74604 0.0791383
vn 0.7523 -0.655488 0.066187
vn 0.750838 -0.657095 0.0668521
vn -0.635289 -0.695521 -0.335647
vn -0.751494 0.658562 -0.0394174
vn -0.750739 0.659433 -0.0392244
vn 0.66213 0.74756 -0.0523279
vn 0.642279 0.692728 0.328032
vn -0.506149 -0.625175 -0.594112
vn -0.581137 -0.624246 -0.522108
vn 0.565267 -0.333374 -0.754543
vn 0.524905 0.177825 -0.832378
vn -0.649844 -0.61657 -0.44446
vn -0.423832 0.443568 0.789692
vn -0.577337 0.373273 0.726188
vn -0.712057 0.290833 0.639055
vn 0.533721 0.652131 0.538393
vn 0.597558 0.626094 0.50093
vn 0.657716 0.596202 0.460384
vn 0.434651 -0.45217 -0.778859
vn -0.631001 0.223653 -0.742844
vn -0.746996 0.144638 -0.648905
vn 0.413923 0.526195 -0.742824
vn 0.465216 0.656891 -0.593354
vn -0.841684 0.0614977 -0.536457
vn -0.268322 -0.372869 0.888241
vn -0.399692 -0.357951 0.843871
vn -0.465732 -0.666668 0.581934
vn 0.653796 -0.154981 0.740629
vn 0.758815 -0.130321 0.638135
vn 0.847033 -0.102776 0.52151
vn 0.296757 0.344136 -0.890789
vn -0.550949 0.834522 0.00540657
vn -0.683984 0.725144 0.0795688
vn 0.417361 0.773264 -0.477361
vn 0.461311 0.743779 -0.48372
vn -0.79297 0.590269 0.150933
vn -0.348644 -0.834481 0.426718
vn -0.410293 -0.794409 0.447854
vn -0.469542 -0.749687 0.466368
vn 0.579904 -0.814359 0.0230487
vn 0.688627 -0.720232 -0.0840108
vn 0.775217 -0.602956 -0.18837
vn 0.954979 -0.20512 -0.214338
vn 0.287124 0.78295 0.55186
vn 0.289714 0.77798 0.557505
vn 0.95537 -0.200114 -0.217306
vn -0.286953 -0.782572 -0.552485
vn -0.289578 -0.779424 -0.555557
vn -0.955024 0.205488 0.213786
vn -0.955324 0.199596 0.217983
vn 0.955033 -0.196808 -0.221764
vn 0.290369 0.771146 0.566585
vn 0.290741 0.76835 0.570182
vn 0.954975 -0.196125 -0.222615
vn -0.289935 -0.775622 -0.560668
vn -0.29004 -0.774966 -0.561521
vn -0.954542 0.192355 0.227702
vn -0.954251 0.189545 0.231253
vn 0.954464 -0.191311 -0.228908
vn 0.291592 0.760264 0.580494
vn 0.292315 0.754832 0.58718
vn 0.953979 -0.187123 -0.234326
vn -0.290575 -0.770149 -0.567835
vn -0.291036 -0.765954 -0.573247
vn -0.953237 0.181488 0.241664
vn -0.952547 0.17608 0.248293
vn 0.951956 -0.171487 -0.253717
vn 0.294446 0.737209 0.608132
vn 0.296662 0.724495 0.622173
vn 0.950234 -0.1597 -0.267491
vn -0.293012 -0.750243 -0.592689
vn -0.294731 -0.738525 -0.606394
vn -0.949839 0.158581 0.269553
vn -0.947847 0.145947 0.283345
vn 0.945229 -0.131187 -0.298884
vn 0.301445 0.694054 0.653774
vn 0.306 0.675483 0.670886
vn 0.941944 -0.113581 -0.315975
vn -0.299301 -0.709686 -0.637781
vn -0.302943 -0.692442 -0.65479
vn -0.941822 0.115817 0.315529
vn -0.938244 0.0972108 0.332036
vn 0.933494 -0.076378 -0.350363
vn 0.314049 0.635859 0.705023
vn 0.320837 0.613821 0.72131
vn 0.928677 -0.0553528 -0.366735
vn -0.310642 -0.654675 -0.689132
vn -0.316176 -0.634276 -0.705498
vn -0.928415 0.0579824 0.366993
vn -0.923285 0.0357441 0.382449
vn 0.922926 -0.0351414 -0.38337
vn 0.325454 0.591836 0.737434
vn 0.327584 0.591369 0.736866
vn 0.746608 0.271469 -0.607356
vn -0.320573 -0.613301 -0.721869
vn -0.321545 -0.613483 -0.721281
vn -0.91671 0.0144035 0.399293
vn -0.748924 -0.261151 0.609026
vn 0.561332 0.497743 -0.661179
vn 0.60898 0.407405 -0.680562
vn -0.133167 0.988573 0.0706422
vn -0.593239 0.80119 -0.0785003
vn 0.650046 0.312665 -0.69259
vn -0.00524619 -0.998826 0.0481597
vn 0.0939349 -0.990313 -0.102253
vn 0.19006 -0.949583 -0.249339
vn -0.611594 -0.454353 0.647701
vn -0.622821 -0.384403 0.681417
vn -0.630214 -0.312087 0.710938
vn 0.0121082 0.999414 -0.0320092
vn -0.187325 0.174612 -0.966654
vn -0.0476405 0.0840895 -0.995319
vn -0.834406 0.525632 -0.165763
vn -0.924498 0.376892 -0.0570546
vn 0.0934032 -0.00883227 -0.995589
vn 0.688841 -0.637501 0.345096
vn 0.710321 -0.671349 0.211507
vn 0.929958 -0.364047 0.0514623
vn 0.117702 -0.192958 0.974122
vn 0.027538 -0.0767552 0.99667
vn -0.0632355 0.041147 0.99715
vn -0.674533 0.665495 -0.319565
vn -0.53573 -0.632811 -0.559056
vn -0.368856 -0.702584 -0.60854
vn -0.975766 0.214019 -0.0455645
vn -0.967555 0.252478 -0.00958704
vn -0.189013 -0.747651 -0.636625
vn 0.98997 -0.11602 0.0806162
vn 0.983187 -0.178747 0.0373224
vn 0.970648 -0.240427 -0.00619001
vn 0.515797 0.615511 0.595902
vn 0.361553 0.705931 0.60905
vn 0.195689 0.773661 0.602623
vn 0.891724 -0.396081 0.218972
vn 0.382131 0.920038 0.0866361
vn 0.382363 0.919163 0.0945392
vn 0.893888 -0.39391 0.214009
vn -0.381766 -0.920129 -0.0872829
vn -0.382933 -0.919166 -0.0921771
vn -0.891578 0.396048 -0.219621
vn -0.894092 0.393896 -0.21318
vn 0.895171 -0.393899 0.208599
vn 0.37969 0.919067 0.105604
vn 0.378713 0.918946 0.110067
vn 0.895435 -0.393857 0.207541
vn -0.381428 -0.919149 -0.0983782
vn -0.381211 -0.919125 -0.0994367
vn -0.896853 0.393842 -0.201353
vn -0.897898 0.393692 -0.196941
vn 0.89725 -0.393722 0.199812
vn 0.375698 0.918564 0.122843
vn 0.37386 0.918147 0.13128
vn 0.898782 -0.393566 0.193121
vn -0.379412 -0.918998 -0.10719
vn -0.37786 -0.918833 -0.113874
vn -0.900766 0.393376 -0.184057
vn -0.902621 0.392949 -0.175687
vn 0.904159 -0.392459 0.168739
vn 0.367814 0.916377 0.158009
vn 0.364279 0.914384 0.176643
vn 0.907883 -0.391099 0.150965
vn -0.372414 -0.917701 -0.138324
vn -0.36872 -0.916355 -0.156006
vn -0.908141 0.391398 -0.148619
vn -0.911831 0.389345 -0.130288
vn 0.915767 -0.386571 0.109242
vn 0.355651 0.908472 0.219524
vn 0.352298 0.903399 0.244452
vn 0.920063 -0.382388 0.085224
vn -0.360339 -0.911614 -0.197777
vn -0.356477 -0.907636 -0.221635
vn -0.919294 0.383888 -0.0867631
vn -0.923473 0.378528 -0.06257
vn 0.927415 -0.372355 0.0353905
vn 0.34397 0.891338 0.295297
vn 0.341999 0.882765 0.322122
vn 0.931015 -0.364854 0.00961915
vn -0.348261 -0.897212 -0.271524
vn -0.345509 -0.890126 -0.297153
vn -0.930131 0.36707 -0.010784
vn -0.933591 0.358024 0.0150207
vn 0.933561 -0.358053 -0.0161811
vn 0.338009 0.874374 0.348168
vn 0.340028 0.87342 0.348594
vn 0.882656 -0.22819 -0.410911
vn -0.341529 -0.882709 -0.322775
vn -0.342622 -0.88239 -0.322487
vn -0.93568 0.350361 0.0418388
vn -0.882478 0.237658 0.405895
vn 0.773828 -0.0598452 -0.630562
vn 0.799124 -0.148516 -0.582532
vn 0.116416 0.84316 -0.524908
vn -0.344482 0.655905 -0.671656
vn 0.815782 -0.235582 -0.528205
vn -0.270754 -0.765283 0.583981
vn -0.148855 -0.859063 0.489748
vn -0.0221136 -0.924894 0.37958
vn -0.808184 0.0918897 0.581717
vn -0.806502 0.168861 0.566604
vn -0.799855 0.244792 0.548004
vn 0.274726 0.77461 -0.569653
vn 0.0297206 -0.416477 -0.90866
vn 0.14408 -0.520945 -0.841342
vn -0.630289 0.411268 -0.658479
vn -0.772683 0.367653 -0.517487
vn 0.25433 -0.610555 -0.750026
vn 0.432732 -0.377362 0.818744
vn 0.466946 -0.486255 0.738592
vn 0.782133 -0.361367 0.507624
vn -0.101956 0.414001 0.904548
vn -0.16156 0.529809 0.832587
vn -0.217586 0.633886 0.742189
vn -0.416201 0.413271 -0.809928
vn -0.578702 -0.777505 -0.24615
vn -0.429616 -0.880872 -0.198732
vn -0.865407 0.250587 -0.43391
vn -0.853734 0.301723 -0.424383
vn -0.265424 -0.953268 -0.144326
vn 0.898296 -0.153292 0.411783
vn 0.882955 -0.228256 0.410232
vn 0.862442 -0.301883 0.406277
vn 0.549052 0.787909 0.278821
vn 0.423421 0.884658 0.195181
vn 0.284182 0.952974 0.105268
vn -0.274551 0.912627 -0.302875
vn -0.84565 -0.0846411 0.526984
vn -0.842789 -0.0795012 0.53234
vn -0.278995 0.910287 -0.30584
vn 0.845262 0.0845556 -0.527619
vn 0.843906 0.0804847 -0.530419
vn 0.274273 -0.912892 0.30233
vn 0.279399 -0.90994 0.306506
vn -0.28154 0.908016 -0.31023
vn -0.8375 -0.0748554 0.541285
vn -0.835381 -0.0728785 0.544818
vn -0.282074 0.907563 -0.311068
vn 0.840962 0.0779022 -0.535457
vn 0.840473 0.0774257 -0.536294
vn 0.284955 -0.90493 0.316074
vn 0.287126 -0.903014 0.319568
vn -0.28578 0.904253 -0.317262
vn -0.829143 -0.0673509 0.554965
vn -0.825016 -0.0635236 0.561528
vn -0.288987 0.901344 -0.322591
vn 0.836777 0.0740959 -0.542508
vn 0.833553 0.0712018 -0.547832
vn 0.293255 -0.897349 0.329799
vn 0.297379 -0.893568 0.336308
vn -0.300887 0.890368 -0.34163
vn -0.811494 -0.0513546 0.5821
vn -0.802025 -0.0420708 0.595807
vn -0.309798 0.881993 -0.355124
vn 0.821566 0.0602216 -0.566924
vn 0.812715 0.0518823 -0.580347
vn 0.3105 -0.880934 0.357135
vn 0.32002 -0.871912 0.370618
vn -0.331024 0.861165 -0.385768
vn -0.779016 -0.0204781 0.626669
vn -0.76568 -0.00607285 0.643193
vn -0.344129 0.848327 -0.402389
vn 0.790995 0.0312729 -0.611023
vn 0.778371 0.0183155 -0.627537
vn 0.342134 -0.849342 0.401948
vn 0.355996 -0.835811 0.417956
vn -0.371161 0.820028 -0.435654
vn -0.736324 0.0230204 0.676238
vn -0.721009 0.0409907 0.691712
vn -0.386542 0.804253 -0.451401
vn 0.750475 -0.00958885 -0.660829
vn 0.735989 -0.0256835 -0.676506
vn 0.384106 -0.805281 0.451647
vn 0.40043 -0.788723 0.466447
vn -0.40075 0.788038 -0.467327
vn -0.704684 0.0570411 0.707225
vn -0.705288 0.0590888 0.706454
vn -0.574265 0.466965 -0.672431
vn 0.720453 -0.0410733 -0.692286
vn 0.721073 -0.041797 -0.691597
vn 0.415214 -0.771228 0.482498
vn 0.566297 -0.473854 0.674366
vn -0.680121 0.191321 -0.707695
vn -0.623454 0.275066 -0.731877
vn -0.802348 -0.590362 0.0878115
vn -0.409738 -0.912004 -0.0190801
vn -0.560047 0.355838 -0.748149
vn 0.873536 0.484836 0.0432378
vn 0.824145 0.554442 -0.115667
vn 0.747941 0.606008 -0.270809
vn 0.66707 -0.257273 0.699163
vn 0.610017 -0.298213 0.734131
vn 0.549211 -0.337319 0.76458
vn -0.878028 -0.477802 -0.027789
vn -0.0227753 -0.328429 -0.944254
vn -0.0101517 -0.165332 -0.986186
vn -0.0485834 -0.995189 -0.0850827
vn 0.120646 -0.99222 0.0307194
vn 0.0027614 0.00247952 -0.999993
vn 0.209592 0.937868 0.276541
vn 0.234177 0.961862 0.141358
vn -0.134285 0.990262 -0.036731
vn 0.0722408 0.277419 0.958029
vn 0.0134346 0.144383 0.989431
vn -0.0456689 0.00815059 0.998923
vn -0.242026 -0.936897 -0.252283
vn 0.83512 -0.205217 -0.510354
vn 0.817285 -0.030248 -0.575439
vn 0.287358 -0.956715 0.0460576
vn 0.248312 -0.965261 0.0813222
vn 0.770708 0.145785 -0.620287
vn -0.381296 0.924376 -0.0119663
vn -0.321438 0.945345 -0.0547725
vn -0.259698 0.96078 -0.097258
vn -0.811841 0.199329 0.548801
vn -0.816695 0.0222783 0.576639
vn -0.795296 -0.155488 0.585941
vn -0.319288 0.939917 0.120876
vn -0.933304 -0.337715 0.122037
vn -0.932828 -0.336124 0.129817
vn -0.322347 0.939496 0.115928
vn 0.933121 0.337974 -0.122714
vn 0.933217 0.335959 -0.127424
vn 0.319212 -0.939858 -0.121536
vn 0.322495 -0.939549 -0.11509
vn -0.323225 0.939854 0.11045
vn -0.930941 -0.336842 0.141019
vn -0.930189 -0.337003 0.145524
vn -0.323436 0.939907 0.10938
vn 0.932182 0.336392 -0.133706
vn 0.932017 0.336422 -0.134773
vn 0.324411 -0.940279 -0.103118
vn 0.325232 -0.940473 -0.0986598
vn -0.324769 0.940324 0.101563
vn -0.927862 -0.337596 0.158435
vn -0.926309 -0.337764 0.166938
vn -0.325925 0.94063 0.0948014
vn 0.930703 0.33683 -0.142613
vn 0.929528 0.337146 -0.149368
vn 0.327412 -0.940992 -0.0856477
vn 0.328986 -0.941173 -0.0772123
vn -0.330386 0.94123 0.0702185
vn -0.920907 -0.338154 0.193861
vn -0.917051 -0.337418 0.212523
vn -0.333908 0.941151 0.0523521
vn 0.925 0.337773 -0.174023
vn 0.921509 0.337691 -0.191797
vn 0.333867 -0.941294 -0.0499777
vn 0.337871 -0.940662 -0.0316095
vn -0.342568 0.939434 0.0105725
vn -0.906872 -0.335182 0.255412
vn -0.900894 -0.331561 0.280102
vn -0.348539 0.937199 -0.0133479
vn 0.912354 0.336184 -0.233647
vn 0.906829 0.333786 -0.257389
vn 0.346921 -0.937819 0.0118638
vn 0.35367 -0.934682 0.035866
vn -0.360854 0.930508 -0.062761
vn -0.886433 -0.324095 0.330453
vn -0.878843 -0.31689 0.356673
vn -0.368775 0.925331 -0.0881345
vn 0.89364 0.327449 -0.306896
vn 0.886601 0.321953 -0.332093
vn 0.36655 -0.926315 0.0870672
vn 0.375504 -0.919985 0.112354
vn -0.375464 0.91986 -0.113505
vn -0.870006 -0.311363 0.382286
vn -0.870688 -0.309201 0.382487
vn -0.435349 0.753333 -0.49291
vn 0.878482 0.317126 -0.357353
vn 0.878992 0.316149 -0.356962
vn 0.382512 -0.91349 0.138641
vn 0.428317 -0.76015 0.488586
vn -0.48395 0.536947 -0.691
vn -0.436446 0.62055 -0.651485
vn -0.695317 -0.542767 -0.471104
vn -0.243786 -0.766009 -0.59481
vn -0.384225 0.697447 -0.604929
vn 0.743697 0.383923 0.547283
vn 0.729108 0.526293 0.437513
vn 0.690801 0.651541 0.313509
vn 0.484027 -0.588765 0.647359
vn 0.426628 -0.641381 0.637666
vn 0.366604 -0.690048 0.624048
vn -0.753229 -0.38588 -0.532675
vn 0.284767 0.209048 -0.935525
vn 0.283019 0.370141 -0.884814
vn 0.130071 -0.806291 -0.577041
vn 0.259039 -0.865394 -0.428943
vn 0.273199 0.520675 -0.808864
vn -0.0201397 0.656479 0.754075
vn 0.0361595 0.746872 0.663984
vn -0.270072 0.866963 0.418852
vn -0.233647 -0.260306 0.93683
vn -0.277557 -0.389783 0.878084
vn -0.31532 -0.510629 0.799895
vn -0.0173996 -0.66792 -0.744029
vn 0.963407 0.0813723 -0.255393
vn 0.937167 0.264868 -0.227072
vn 0.407828 -0.844555 -0.346993
vn 0.362493 -0.869778 -0.334791
vn 0.877976 0.439051 -0.190768
vn -0.501345 0.800109 0.329362
vn -0.436105 0.839669 0.32368
vn -0.368312 0.874314 0.316102
vn -0.950798 -0.106564 0.290907
vn -0.935704 -0.272312 0.224287
vn -0.890537 -0.429308 0.150459
vn 0.37735 -0.00963256 0.92602
vn 0.702407 -0.239539 0.670258
vn 0.705271 0.220213 0.673868
vn 0.337958 0.451192 0.82596
vn -0.0322166 0.222434 0.974415
vn -0.0350635 -0.237314 0.9708
vn 0.332242 -0.468311 0.818718
vn 0.994211 -0.00533915 -0.107311
vn 0.957776 -0.00369413 -0.287492
vn 0.994211 -0.00533858 -0.107312
vn 0.543974 -0.836382 0.0675102
vn 0.491494 -0.864351 -0.106443
vn 0.41963 -0.862517 -0.2828
vn 0.885911 -0.00185764 -0.463851
vn 0.554328 0.828385 0.0806146
vn 0.502216 0.859741 -0.0928724
vn 0.554326 0.828386 0.0806138
vn 0.430349 0.861576 -0.269233
vn -0.335811 0.831064 0.443355
vn -0.419632 0.862516 0.282799
vn -0.335801 0.831066 0.443358
vn -0.491492 0.864352 0.106443
vn -0.78603 3.34643e-005 0.618188
vn -0.885911 0.00185831 0.463851
vn -0.786036 2.34555e-005 0.61818
vn -0.957776 0.00368925 0.28749
vn -0.346152 -0.833706 0.430248
vn -0.430351 -0.861577 0.269226
vn -0.346153 -0.833704 0.430252
vn -0.502216 -0.859741 0.0928707
vn 0.543974 -0.836382 0.0675101
vn 0.786037 -2.15856e-005 -0.618179
vn 0.3358 -0.831066 -0.443359
vn 0.335799 -0.831068 -0.443357
vn 0.786036 -1.92556e-005 -0.618181
vn 0.346149 0.833701 -0.430259
vn 0.346145 0.833702 -0.430261
vn -0.543975 0.836382 -0.0675109
vn -0.543974 0.836382 -0.0675108
vn -0.994211 0.00533675 0.107311
vn -0.994211 0.00533731 0.107311
vn -0.554326 -0.828387 -0.0806148
vn -0.554326 -0.828387 -0.0806139
vn 0.0322171 -0.222433 -0.974415
vn -0.37735 0.00963907 -0.926021
vn 0.0350762 0.237334 -0.970795
vn -0.332238 0.468327 -0.818711
vn -0.702411 0.239553 -0.670249
vn -0.705271 -0.220214 -0.673869
vn -0.337957 -0.451208 -0.825952
vn 0.0703235 -0.519474 0.851587
vn 0.495925 -0.573678 0.651883
vn 0.408996 -0.191453 0.892226
vn -0.0244827 -0.0790763 0.996568
vn -0.371027 -0.348932 0.860573
vn -0.284097 -0.731161 0.620236
vn 0.149379 -0.84353 0.51589
vn 0.960846 0.0467837 0.273106
vn 0.981692 0.147386 0.120656
vn 0.960846 0.0467841 0.273105
vn 0.647493 -0.740239 -0.181108
vn 0.657173 -0.667684 -0.349745
vn 0.643784 -0.568745 -0.51193
vn 0.968299 0.246319 -0.0415263
vn 0.332744 0.643735 0.68912
vn 0.331216 0.765603 0.551497
vn 0.332751 0.643729 0.689123
vn 0.317827 0.864535 0.389314
vn -0.608693 0.453643 0.650923
vn -0.643779 0.568746 0.511934
vn -0.608693 0.453643 0.650923
vn -0.657173 0.667682 0.349748
vn -0.922047 -0.333372 0.196702
vn -0.968299 -0.24632 0.041526
vn -0.922048 -0.333373 0.196699
vn -0.981692 -0.147386 -0.120657
vn -0.293957 -0.930318 -0.219314
vn -0.317826 -0.864536 -0.389311
vn -0.293957 -0.930318 -0.219314
vn -0.331221 -0.765603 -0.551493
vn 0.647492 -0.740239 -0.181108
vn 0.922048 0.333373 -0.196699
vn 0.6087 -0.453642 -0.650917
vn 0.608705 -0.453632 -0.65092
vn 0.922049 0.33337 -0.196698
vn 0.293956 0.930318 0.219314
vn 0.293957 0.930318 0.219314
vn -0.647493 0.740239 0.181108
vn -0.647492 0.740239 0.181109
vn -0.960846 -0.046785 -0.273105
vn -0.960846 -0.0467847 -0.273104
vn -0.332758 -0.64373 -0.689118
vn -0.332758 -0.64373 -0.689118
vn 0.371031 0.348943 -0.860567
vn -0.0703248 0.519481 -0.851583
vn 0.284097 0.731161 -0.620236
vn -0.149379 0.84353 -0.51589
vn -0.495925 0.573678 -0.651883
vn -0.409005 0.19146 -0.892221
vn 0.0244788 0.0790974 -0.996566
vn -0.327971 0.281545 0.901758
vn -0.276706 0.690169 0.668656
vn -0.65993 0.44392 0.606158
vn -0.674473 0.00377204 0.73829
vn -0.305791 -0.190128 0.932922
vn 0.0774343 0.05612 0.995417
vn 0.0919764 0.496267 0.863284
vn -0.517904 0.842949 -0.145648
vn -0.473899 0.819369 -0.322575
vn -0.517904 0.842949 -0.145648
vn 0.389624 0.906129 0.164693
vn 0.465969 0.8848 -0.00117645
vn 0.528431 0.831181 -0.172912
vn -0.411439 0.76575 -0.494312
vn -0.997996 0.0144808 -0.0615992
vn -0.971099 -0.0386216 -0.235531
vn -0.997996 0.0144812 -0.061599
vn -0.908639 -0.092241 -0.407268
vn -0.570562 -0.750805 0.332793
vn -0.528432 -0.83118 0.172914
vn -0.570561 -0.750805 0.332793
vn -0.46597 -0.8848 0.00117597
vn 0.336973 -0.687625 0.643134
vn 0.411441 -0.765748 0.494314
vn 0.336973 -0.687625 0.643134
vn 0.4739 -0.819368 0.322576
vn 0.817062 0.140841 0.559082
vn 0.908639 0.0922413 0.407268
vn 0.817062 0.140841 0.559082
vn 0.971099 0.038623 0.235531
vn 0.389624 0.906129 0.164692
vn -0.336972 0.687628 -0.643131
vn 0.57056 0.750808 -0.33279
vn 0.570562 0.750808 -0.332787
vn -0.336972 0.687626 -0.643133
vn -0.817062 -0.140841 -0.559082
vn -0.817062 -0.140842 -0.559082
vn -0.389624 -0.906129 -0.164693
vn -0.389625 -0.906129 -0.164693
vn 0.517904 -0.842949 0.145648
vn 0.517902 -0.842949 0.145649
vn 0.997996 -0.0144797 0.0615996
vn 0.997996 -0.0144793 0.0615989
vn 0.305791 0.190127 -0.932922
vn 0.327971 -0.281545 -0.901758
vn -0.0774343 -0.0561203 -0.995417
vn -0.0919765 -0.496267 -0.863284
vn 0.276705 -0.690169 -0.668656
vn 0.659929 -0.44392 -0.606158
vn 0.674473 -0.00377185 -0.73829
vn 0.410353 0.292598 0.863711
vn 0.260942 0.696787 0.66813
vn -0.0392295 0.43606 0.899062
vn 0.0642356 -0.00089132 0.997934
vn 0.467869 -0.177121 0.865868
vn 0.768034 0.0836081 0.634929
vn 0.664572 0.520561 0.53606
vn -0.498842 0.820791 0.278313
vn -0.594766 0.794318 0.12374
vn -0.498839 0.820793 0.278313
vn 0.350604 0.922787 -0.159814
vn 0.284948 0.899947 -0.330001
vn 0.206798 0.844222 -0.494493
vn -0.672917 0.738595 -0.0407516
vn -0.736249 -0.0212727 0.676377
vn -0.840638 -0.0777608 0.535987
vn -0.73625 -0.0212767 0.676375
vn -0.918789 -0.133489 0.371494
vn -0.124221 -0.761366 0.63631
vn -0.206798 -0.844222 0.494493
vn -0.124221 -0.761367 0.63631
vn -0.284949 -0.899947 0.33
vn 0.725225 -0.659373 0.19818
vn 0.672917 -0.738595 0.0407518
vn 0.725225 -0.659373 0.19818
vn 0.594765 -0.794319 -0.12374
vn 0.962636 0.182702 -0.199879
vn 0.918788 0.13349 -0.371496
vn 0.962636 0.182703 -0.19988
vn 0.840637 0.0777659 -0.535987
vn 0.350603 0.922787 -0.159814
vn -0.725225 0.659373 -0.198181
vn 0.124221 0.761367 -0.63631
vn 0.124222 0.761367 -0.636309
vn -0.725226 0.659373 -0.198181
vn -0.962636 -0.182703 0.19988
vn -0.962636 -0.182705 0.199879
vn -0.350606 -0.922787 0.159813
vn -0.350606 -0.922787 0.159813
vn 0.498837 -0.820795 -0.278313
vn 0.498837 -0.820794 -0.278315
vn 0.736248 0.0212834 -0.676377
vn 0.73625 0.0212824 -0.676375
vn -0.467869 0.177121 -0.865868
vn -0.410355 -0.292595 -0.863711
vn -0.768033 -0.0836049 -0.63493
vn -0.66457 -0.520559 -0.536064
vn -0.260943 -0.696787 -0.668129
vn 0.0392203 -0.436058 -0.899064
vn -0.0642399 0.000896437 -0.997934
vn -0.153117 -0.600019 0.785196
vn -0.513695 -0.700358 0.495597
vn -0.106125 -0.900188 0.422373
vn 0.271598 -0.732662 0.624052
vn 0.241754 -0.365303 0.898948
vn -0.165818 -0.165477 0.972174
vn -0.543546 -0.333003 0.770498
vn -0.4621 -0.811084 -0.358617
vn -0.449406 -0.725715 -0.520933
vn -0.4621 -0.811084 -0.358617
vn -0.990053 -0.126516 0.0615564
vn -0.996173 -0.0167522 -0.0857877
vn -0.967012 0.0975197 -0.235326
vn -0.420242 -0.611443 -0.670473
vn 0.485716 -0.850079 -0.203583
vn 0.532183 -0.7661 -0.360377
vn 0.485714 -0.85008 -0.203582
vn 0.561341 -0.651829 -0.509916
vn 0.905581 -0.204499 0.371623
vn 0.967011 -0.0975191 0.235328
vn 0.90558 -0.204503 0.371623
vn 0.996172 0.0167511 0.0857889
vn 0.377634 0.480054 0.791796
vn 0.420251 0.611437 0.670473
vn 0.377633 0.480056 0.791795
vn 0.449409 0.725713 0.520933
vn -0.570187 0.519056 0.636764
vn -0.561346 0.651827 0.509914
vn -0.570188 0.519057 0.636762
vn -0.532186 0.7661 0.360374
vn -0.990053 -0.126516 0.0615561
vn -0.377622 -0.480064 -0.791795
vn -0.90558 0.204504 -0.371621
vn -0.90558 0.204504 -0.371622
vn -0.377618 -0.480063 -0.791798
vn 0.570182 -0.519059 -0.636765
vn 0.570181 -0.519062 -0.636764
vn 0.990053 0.126516 -0.0615564
vn 0.990053 0.126516 -0.0615564
vn 0.462102 0.811084 0.358615
vn 0.462101 0.811085 0.358614
vn -0.485715 0.85008 0.20358
vn -0.485716 0.85008 0.203578
vn -0.241743 0.365304 -0.898951
vn 0.153121 0.600017 -0.785197
vn 0.165824 0.165467 -0.972174
vn 0.543543 0.332999 -0.770501
vn 0.513696 0.700358 -0.495596
vn 0.106125 0.900188 -0.422373
vn -0.271596 0.732665 -0.624049
vn -0.432754 0.00742914 0.901481
vn -0.752871 -0.205231 0.625352
vn -0.404335 -0.452716 0.794708
vn -0.035762 -0.240891 0.969893
vn -0.0157273 0.218423 0.975727
vn -0.364259 0.465914 0.806375
vn -0.732831 0.254085 0.631189
vn -0.588412 -0.807998 0.0301785
vn -0.526961 -0.838207 -0.140431
vn -0.588412 -0.807998 0.0301784
vn -0.984894 0.0450904 -0.167185
vn -0.937572 0.0452822 -0.34483
vn -0.855153 0.0438684 -0.516516
vn -0.444541 -0.839623 -0.312115
vn 0.277112 -0.851037 0.446033
vn 0.369402 -0.88278 0.290243
vn 0.277109 -0.851037 0.446034
vn 0.451819 -0.884197 0.118557
vn 0.746142 -0.0409933 0.664523
vn 0.855153 -0.0438674 0.516517
vn 0.746143 -0.0409919 0.664522
vn 0.937572 -0.0452814 0.34483
vn 0.349665 0.812096 0.467156
vn 0.444544 0.839621 0.312117
vn 0.349665 0.812096 0.467155
vn 0.526962 0.838207 0.140431
vn -0.515854 0.855139 0.0513014
vn -0.451819 0.884197 -0.118555
vn -0.515855 0.855139 0.0513005
vn -0.369401 0.882781 -0.290242
vn -0.984894 0.04509 -0.167185
vn -0.349661 -0.812099 -0.467153
vn -0.746144 0.0409929 -0.664522
vn -0.746144 0.0409945 -0.664521
vn -0.349661 -0.812099 -0.467153
vn 0.515855 -0.855139 -0.0513007
vn 0.515854 -0.855139 -0.0513005
vn 0.984894 -0.0450896 0.167185
vn 0.984894 -0.0450894 0.167185
vn 0.588412 0.807998 -0.0301788
vn 0.588411 0.807998 -0.0301796
vn -0.277108 0.851038 -0.446033
vn -0.27711 0.851035 -0.446038
vn 0.0157296 -0.218428 -0.975726
vn 0.432756 -0.00743383 -0.901481
vn 0.364262 -0.465922 -0.806369
vn 0.732832 -0.254092 -0.631185
vn 0.752872 0.205227 -0.625352
vn 0.404335 0.452716 -0.794708
vn 0.0357622 0.240891 -0.969893
vn 0.566794 0.223866 0.792861
vn 0.840822 -0.0652315 0.537367
vn 0.821045 0.380353 0.425694
vn 0.48355 0.644384 0.59241
vn 0.165835 0.46283 0.870797
vn 0.185615 0.0172464 0.982471
vn 0.523107 -0.246785 0.815755
vn 0.947161 -0.0377909 -0.318525
vn 0.872968 -0.0817735 -0.480874
vn 0.947161 -0.0377916 -0.318524
vn 0.587558 -0.794726 0.152269
vn 0.50055 -0.865681 0.00669623
vn 0.392605 -0.908316 -0.144304
vn 0.765023 -0.12441 -0.631871
vn 0.515952 0.818685 -0.252088
vn 0.426391 0.805226 -0.41207
vn 0.51595 0.818686 -0.252088
vn 0.318444 0.762592 -0.563069
vn -0.274866 0.918229 0.28514
vn -0.392605 0.908316 0.144302
vn -0.274865 0.918229 0.28514
vn -0.500549 0.865682 -0.00669658
vn -0.634466 0.1613 0.755933
vn -0.765023 0.12441 0.631872
vn -0.634467 0.161297 0.755933
vn -0.872969 0.0817725 0.480873
vn -0.203256 -0.695186 0.689495
vn -0.318445 -0.762592 0.563068
vn -0.203256 -0.695184 0.689497
vn -0.426391 -0.805226 0.412071
vn 0.587557 -0.794726 0.15227
vn 0.634468 -0.161298 -0.755932
vn 0.274865 -0.918229 -0.285141
vn 0.274865 -0.918228 -0.285142
vn 0.63447 -0.1613 -0.75593
vn 0.203256 0.695184 -0.689497
vn 0.203254 0.695185 -0.689497
vn -0.587557 0.794727 -0.152269
vn -0.587557 0.794727 -0.152269
vn -0.947162 0.0377906 0.318523
vn -0.947162 0.0377895 0.318522
vn -0.515951 -0.818686 0.252088
vn -0.515951 -0.818686 0.252089
vn -0.165835 -0.46283 -0.870797
vn -0.566794 -0.223866 -0.792861
vn -0.185615 -0.0172463 -0.982471
vn -0.523107 0.246786 -0.815755
vn -0.840822 0.0652315 -0.537367
vn -0.821045 -0.380354 -0.425694
vn -0.48355 -0.644384 -0.592409
vn 0.289284 -0.225068 0.930408
vn 0.663393 -0.342319 0.665378
vn 0.606275 0.0967499 0.789348
vn 0.199773 0.239202 0.950196
vn -0.149612 -0.057412 0.987077
vn -0.0924905 -0.496483 0.863105
vn 0.314011 -0.638936 0.702252
vn 0.992121 0.123984 0.0179971
vn 0.972383 0.171267 -0.158555
vn 0.992121 0.123984 0.0179971
vn 0.639368 -0.763949 -0.0871205
vn 0.607059 -0.748308 -0.26742
vn 0.551966 -0.705446 -0.444613
vn 0.917291 0.21413 -0.335748
vn 0.432548 0.82585 0.361764
vn 0.39287 0.898143 0.197462
vn 0.432549 0.82585 0.361765
vn 0.337777 0.941008 0.0202674
vn -0.479771 0.639784 0.600414
vn -0.551963 0.705446 0.444615
vn -0.479772 0.639783 0.600413
vn -0.607058 0.74831 0.267419
vn -0.832528 -0.248151 0.495296
vn -0.91729 -0.214132 0.335749
vn -0.832529 -0.248153 0.495293
vn -0.972383 -0.171268 0.158554
vn -0.272957 -0.950018 0.151526
vn -0.337777 -0.941008 -0.0202676
vn -0.272957 -0.950018 0.151527
vn -0.392871 -0.898143 -0.197462
vn 0.639369 -0.763949 -0.0871211
vn 0.832531 0.24815 -0.495291
vn 0.479775 -0.639783 -0.600411
vn 0.479774 -0.639786 -0.600409
vn 0.832532 0.248148 -0.49529
vn 0.272957 0.950018 -0.151527
vn 0.272956 0.950018 -0.151528
vn -0.639368 0.763949 0.0871199
vn -0.639369 0.763949 0.0871191
vn -0.992121 -0.123984 -0.0179972
vn -0.992121 -0.123984 -0.0179974
vn -0.43255 -0.825849 -0.361765
vn -0.43255 -0.825849 -0.361765
vn 0.149602 0.0574161 -0.987078
vn -0.289285 0.225069 -0.930407
vn 0.0924834 0.496479 -0.863108
vn -0.314011 0.638931 -0.702257
vn -0.663388 0.342319 -0.665382
vn -0.606271 -0.0967436 -0.789351
vn -0.199776 -0.239192 -0.950198
vn 0.377351 -0.00963266 0.92602
vn 0.702407 -0.239539 0.670257
vn 0.705271 0.220213 0.673868
vn 0.337958 0.451192 0.82596
vn -0.0322165 0.222434 0.974415
vn 0.332242 -0.468311 0.818718
vn 0.994211 -0.00533991 -0.10731
vn 0.957776 -0.00369439 -0.287492
vn 0.994211 -0.00533895 -0.107311
vn 0.543974 -0.836382 0.0675102
vn 0.491495 -0.864351 -0.106443
vn 0.41963 -0.862516 -0.2828
vn 0.885911 -0.00185785 -0.463851
vn 0.502216 0.859741 -0.0928724
vn 0.430349 0.861576 -0.269233
vn -0.335811 0.831064 0.443355
vn -0.419631 0.862516 0.282799
vn -0.335801 0.831066 0.443358
vn -0.491492 0.864353 0.106443
vn -0.78603 3.34597e-005 0.618188
vn -0.885911 0.00185798 0.463851
vn -0.786036 2.32437e-005 0.618181
vn -0.957776 0.00368867 0.28749
vn -0.346152 -0.833706 0.430248
vn -0.346153 -0.833704 0.430252
vn -0.502216 -0.859741 0.0928707
vn 0.543974 -0.836382 0.0675099
vn 0.786037 -2.18796e-005 -0.618179
vn 0.3358 -0.831066 -0.443359
vn 0.335799 -0.831067 -0.443357
vn 0.786036 -1.98481e-005 -0.618181
vn 0.346149 0.833701 -0.430259
vn 0.346145 0.833702 -0.430261
vn -0.543974 0.836382 -0.0675109
vn -0.543974 0.836382 -0.0675108
vn -0.994211 0.00533611 0.107311
vn -0.994211 0.00533656 0.107311
vn -0.554326 -0.828387 -0.0806148
vn -0.554326 -0.828386 -0.0806139
vn 0.0322171 -0.222433 -0.974415
vn -0.37735 0.00963892 -0.926021
vn 0.0350763 0.237334 -0.970795
vn -0.332238 0.468327 -0.818711
vn -0.702411 0.239553 -0.670249
vn -0.705271 -0.220214 -0.673869
vn -0.337957 -0.451208 -0.825952
vn 0.0703243 -0.519481 0.851583
vn 0.495925 -0.573679 0.651883
vn 0.409005 -0.191461 0.892221
vn -0.024479 -0.0790974 0.996566
vn -0.371032 -0.348942 0.860567
vn -0.284098 -0.73116 0.620236
vn 0.149378 -0.843531 0.51589
vn 0.960845 0.0467789 0.27311
vn 0.981692 0.147385 0.120658
vn 0.960845 0.0467842 0.273109
vn 0.647493 -0.740238 -0.18111
vn 0.657176 -0.66768 -0.349747
vn 0.643782 -0.568746 -0.51193
vn 0.968299 0.246319 -0.041525
vn 0.332758 0.64373 0.689118
vn 0.331221 0.765603 0.551493
vn 0.332758 0.64373 0.689118
vn 0.317826 0.864537 0.389311
vn -0.608709 0.453644 0.650908
vn -0.643783 0.568746 0.511929
vn -0.6087 0.453644 0.650916
vn -0.657172 0.667683 0.349748
vn -0.922047 -0.333371 0.196706
vn -0.968299 -0.246319 0.041527
vn -0.922047 -0.333373 0.196701
vn -0.981692 -0.147385 -0.120656
vn -0.293957 -0.930318 -0.219311
vn -0.317825 -0.864537 -0.389311
vn -0.293956 -0.930318 -0.219313
vn -0.331214 -0.765602 -0.551499
vn 0.647493 -0.740238 -0.181109
vn 0.922049 0.33337 -0.196698
vn 0.608698 -0.453645 -0.650917
vn 0.608696 -0.453651 -0.650915
vn 0.92205 0.333368 -0.196698
vn 0.293957 0.930318 0.219314
vn -0.647492 0.74024 0.181107
vn -0.647492 0.740239 0.181106
vn -0.960846 -0.0467832 -0.273105
vn -0.960847 -0.0467825 -0.273102
vn -0.332749 -0.643727 -0.689125
vn -0.332742 -0.643724 -0.689131
vn 0.371028 0.348931 -0.860573
vn -0.0703231 0.519475 -0.851587
vn 0.284098 0.731161 -0.620236
vn -0.149379 0.843531 -0.515889
vn -0.495926 0.573679 -0.651882
vn -0.408996 0.191454 -0.892226
vn 0.0244834 0.0790765 -0.996568
vn -0.327972 0.281544 0.901758
vn -0.276706 0.690174 0.66865
vn -0.659929 0.443925 0.606156
vn -0.674471 0.00376795 0.738292
vn -0.30579 -0.190138 0.93292
vn 0.0774308 0.0561144 0.995417
vn 0.0919742 0.496271 0.863282
vn -0.517906 0.842947 -0.145648
vn -0.473901 0.819367 -0.322576
vn -0.517905 0.842948 -0.145648
vn 0.389625 0.906129 0.164692
vn 0.465969 0.8848 -0.00117741
vn 0.52843 0.831181 -0.172914
vn -0.41144 0.76575 -0.494311
vn -0.997996 0.0144844 -0.0615974
vn -0.971099 -0.0386215 -0.235529
vn -0.997996 0.0144817 -0.0615987
vn -0.90864 -0.0922405 -0.407265
vn -0.570557 -0.750809 0.332793
vn -0.52843 -0.831181 0.172915
vn -0.570558 -0.750808 0.332794
vn -0.46597 -0.8848 0.00117719
vn 0.336966 -0.687629 0.643133
vn 0.411439 -0.76575 0.494312
vn 0.336971 -0.687629 0.643131
vn 0.473901 -0.819368 0.322574
vn 0.817066 0.14084 0.559077
vn 0.90864 0.0922405 0.407265
vn 0.817066 0.14084 0.559077
vn 0.971099 0.0386219 0.23553
vn 0.389624 0.906129 0.16469
vn -0.336971 0.687629 -0.64313
vn 0.570558 0.750807 -0.332793
vn 0.570559 0.750807 -0.332793
vn -0.33697 0.687633 -0.643127
vn -0.817066 -0.14084 -0.559078
vn -0.817066 -0.140838 -0.559077
vn -0.389625 -0.906129 -0.164692
vn -0.389623 -0.906129 -0.164693
vn 0.517904 -0.842948 0.145648
vn 0.517904 -0.842949 0.145649
vn 0.997996 -0.0144805 0.0615994
vn 0.997996 -0.0144806 0.0615996
vn 0.305791 0.190138 -0.93292
vn 0.327972 -0.281544 -0.901758
vn -0.0774309 -0.0561141 -0.995417
vn -0.0919744 -0.496271 -0.863282
vn 0.276705 -0.690175 -0.668651
vn 0.659928 -0.443924 -0.606157
vn 0.67447 -0.00376766 -0.738292
vn 0.410357 0.292597 0.863709
vn 0.260944 0.696787 0.668129
vn -0.0392186 0.436063 0.899061
vn 0.0642481 -0.000889632 0.997934
vn 0.467874 -0.177121 0.865865
vn 0.768033 0.0836053 0.63493
vn 0.66457 0.52056 0.536064
vn -0.498838 0.820794 0.278314
vn -0.594765 0.794319 0.12374
vn -0.498837 0.820794 0.278314
vn 0.350605 0.922787 -0.159813
vn 0.284947 0.899947 -0.33
vn 0.206794 0.844224 -0.494492
vn -0.672917 0.738595 -0.0407516
vn -0.736248 -0.0212732 0.676377
vn -0.840637 -0.0777608 0.535987
vn -0.736249 -0.0212767 0.676376
vn -0.918789 -0.133489 0.371494
vn -0.124215 -0.761369 0.636308
vn -0.206794 -0.844224 0.494491
vn -0.124215 -0.761369 0.636308
vn -0.284946 -0.899948 0.33
vn 0.725225 -0.659373 0.198181
vn 0.672917 -0.738594 0.0407526
vn 0.725225 -0.659373 0.198181
vn 0.594766 -0.794319 -0.123739
vn 0.962635 0.182706 -0.199883
vn 0.918789 0.13349 -0.371494
vn 0.962636 0.182704 -0.19988
vn 0.840638 0.0777647 -0.535985
vn 0.350606 0.922787 -0.159813
vn -0.725225 0.659373 -0.198181
vn 0.124215 0.761369 -0.636308
vn 0.124214 0.761369 -0.636308
vn -0.725226 0.659372 -0.198181
vn -0.962636 -0.182704 0.19988
vn -0.962636 -0.182706 0.199879
vn -0.350605 -0.922787 0.159813
vn -0.350605 -0.922787 0.159813
vn 0.498839 -0.820794 -0.278312
vn 0.498839 -0.820793 -0.278313
vn 0.736251 0.021282 -0.676374
vn 0.73625 0.021283 -0.676375
vn -0.467874 0.17712 -0.865865
vn -0.410361 -0.292593 -0.863709
vn -0.768033 -0.0836053 -0.63493
vn -0.664572 -0.520557 -0.536064
vn -0.26095 -0.696782 -0.668132
vn 0.0392111 -0.436056 -0.899065
vn -0.0642522 0.00089461 -0.997933
vn -0.15312 -0.600019 0.785195
vn -0.513699 -0.700358 0.495592
vn -0.106125 -0.900191 0.422368
vn 0.271601 -0.732666 0.624046
vn 0.241754 -0.365302 0.898949
vn -0.165824 -0.165467 0.972175
vn -0.543552 -0.332997 0.770496
vn -0.4621 -0.811083 -0.35862
vn -0.449409 -0.725713 -0.520934
vn -0.462102 -0.811083 -0.358618
vn -0.990053 -0.126516 0.0615567
vn -0.996173 -0.0167525 -0.0857874
vn -0.967012 0.0975197 -0.235326
vn -0.420248 -0.61144 -0.670472
vn 0.485715 -0.85008 -0.203582
vn 0.532183 -0.7661 -0.360377
vn 0.485714 -0.85008 -0.203582
vn 0.561344 -0.651826 -0.509917
vn 0.905581 -0.204502 0.371621
vn 0.967012 -0.0975195 0.235326
vn 0.90558 -0.204504 0.371621
vn 0.996173 0.0167521 0.0857877
vn 0.377628 0.480065 0.791792
vn 0.420247 0.61144 0.670472
vn 0.37763 0.480062 0.791793
vn 0.449408 0.725712 0.520935
vn -0.561344 0.651826 0.509917
vn -0.570186 0.519056 0.636765
vn -0.532184 0.7661 0.360377
vn -0.990053 -0.126516 0.0615564
vn -0.37763 -0.48006 -0.791794
vn -0.90558 0.204504 -0.371621
vn -0.90558 0.204504 -0.371622
vn -0.377626 -0.48006 -0.791796
vn 0.570186 -0.519055 -0.636765
vn 0.570187 -0.519053 -0.636766
vn 0.990053 0.126516 -0.0615569
vn 0.990053 0.126516 -0.0615569
vn 0.462101 0.811083 0.358618
vn 0.4621 0.811084 0.358617
vn -0.485715 0.85008 0.203581
vn -0.485716 0.85008 0.203578
vn -0.241754 0.365303 -0.898949
vn 0.153119 0.600019 -0.785195
vn 0.165824 0.165467 -0.972174
vn 0.543551 0.332997 -0.770496
vn 0.513699 0.700358 -0.495593
vn 0.106123 0.90019 -0.422369
vn -0.271602 0.732665 -0.624046
vn -0.432756 0.00743355 0.90148
vn -0.752873 -0.205228 0.625351
vn -0.404335 -0.452716 0.794708
vn -0.0357622 -0.240891 0.969893
vn -0.0157295 0.218428 0.975726
vn -0.364262 0.465921 0.806369
vn -0.732833 0.254092 0.631184
vn -0.588413 -0.807997 0.0301788
vn -0.526962 -0.838207 -0.140431
vn -0.588412 -0.807998 0.0301786
vn -0.984894 0.0450894 -0.167186
vn -0.937572 0.0452816 -0.344831
vn -0.855153 0.0438684 -0.516516
vn -0.444544 -0.839621 -0.312117
vn 0.277115 -0.851038 0.446029
vn 0.369402 -0.882781 0.290241
vn 0.277109 -0.851039 0.446031
vn 0.451817 -0.884198 0.118557
vn 0.746142 -0.0409944 0.664524
vn 0.855153 -0.0438681 0.516517
vn 0.746143 -0.0409927 0.664523
vn 0.937572 -0.0452824 0.344829
vn 0.349661 0.812099 0.467154
vn 0.444541 0.839623 0.312116
vn 0.349661 0.812099 0.467154
vn 0.526961 0.838207 0.140431
vn -0.515855 0.855139 0.051301
vn -0.45182 0.884196 -0.118557
vn -0.515855 0.855138 0.0513003
vn -0.369402 0.88278 -0.290244
vn -0.984894 0.045088 -0.167187
vn -0.349665 -0.812097 -0.467155
vn -0.746144 0.0409929 -0.664522
vn -0.349666 -0.812097 -0.467154
vn 0.515854 -0.855139 -0.0513002
vn 0.515853 -0.85514 -0.0512999
vn 0.984894 -0.0450909 0.167185
vn 0.984894 -0.0450914 0.167186
vn 0.588412 0.807998 -0.0301784
vn 0.588412 0.807998 -0.0301785
vn -0.277109 0.851037 -0.446035
vn -0.27711 0.851035 -0.446037
vn 0.0157272 -0.218423 -0.975727
vn 0.432754 -0.00742989 -0.901482
vn 0.364259 -0.465914 -0.806374
vn 0.732831 -0.254086 -0.631189
vn 0.752871 0.20523 -0.625353
vn 0.404335 0.452715 -0.794709
vn 0.035762 0.24089 -0.969893
vn 0.566794 0.223866 0.792861
vn 0.840822 -0.0652317 0.537367
vn 0.821045 0.380353 0.425695
vn 0.48355 0.644383 0.59241
vn 0.165834 0.46283 0.870797
vn 0.185615 0.0172465 0.982471
vn 0.523107 -0.246786 0.815755
vn 0.872969 -0.081773 -0.480872
vn 0.587557 -0.794727 0.152269
vn 0.500551 -0.865681 0.0066956
vn 0.392607 -0.908315 -0.144304
vn 0.765024 -0.124407 -0.631871
vn 0.42639 0.805226 -0.41207
vn 0.51595 0.818686 -0.252089
vn 0.318443 0.762592 -0.563069
vn -0.274868 0.918228 0.28514
vn -0.392605 0.908316 0.144302
vn -0.274865 0.918229 0.28514
vn -0.500549 0.865682 -0.00669702
vn -0.634466 0.1613 0.755933
vn -0.765023 0.12441 0.631872
vn -0.634467 0.161297 0.755933
vn -0.872969 0.0817724 0.480873
vn -0.203255 -0.695186 0.689496
vn -0.318444 -0.762594 0.563066
vn -0.203255 -0.695187 0.689495
vn -0.42639 -0.805228 0.412068
vn 0.587557 -0.794727 0.15227
vn 0.63447 -0.161293 -0.755931
vn 0.274868 -0.918228 -0.285142
vn 0.274868 -0.918228 -0.285141
vn 0.634468 -0.161291 -0.755933
vn 0.203255 0.695184 -0.689497
vn -0.587557 0.794727 -0.15227
vn -0.587557 0.794727 -0.15227
vn -0.947162 0.0377906 0.318523
vn -0.947162 0.0377895 0.318522
vn -0.515949 -0.818687 0.252087
vn -0.51595 -0.818687 0.252088
vn -0.165832 -0.462825 -0.8708
vn -0.566795 -0.223861 -0.792862
vn -0.185609 -0.0172358 -0.982473
vn -0.523105 0.246794 -0.815754
vn -0.840824 0.0652356 -0.537363
vn -0.821048 -0.380352 -0.42569
vn -0.483553 -0.644383 -0.592408
vn 0.289282 -0.225071 0.930408
vn 0.663393 -0.34232 0.665377
vn 0.606274 0.0967404 0.78935
vn 0.19977 0.239191 0.9502
vn -0.149614 -0.057418 0.987076
vn -0.0924934 -0.496479 0.863107
vn 0.31401 -0.63893 0.702258
vn 0.992121 0.123984 0.0179977
vn 0.972382 0.171267 -0.158556
vn 0.992121 0.123984 0.0179974
vn 0.639368 -0.76395 -0.0871201
vn 0.607058 -0.74831 -0.26742
vn 0.551963 -0.705446 -0.444615
vn 0.917289 0.214131 -0.33575
vn 0.432548 0.825852 0.361761
vn 0.392871 0.898144 0.19746
vn 0.43255 0.82585 0.361762
vn 0.337778 0.941007 0.0202669
vn -0.479777 0.639779 0.600414
vn -0.551966 0.705444 0.444615
vn -0.479776 0.639779 0.600414
vn -0.607059 0.748309 0.26742
vn -0.832528 -0.248151 0.495296
vn -0.917289 -0.214131 0.33575
vn -0.832528 -0.248152 0.495295
vn -0.972383 -0.171267 0.158555
vn -0.272958 -0.950018 0.151528
vn -0.337777 -0.941008 -0.0202659
vn -0.272958 -0.950018 0.151528
vn -0.392869 -0.898144 -0.197461
vn 0.639368 -0.763949 -0.0871205
vn 0.832529 0.248152 -0.495295
vn 0.479772 -0.639783 -0.600414
vn 0.479772 -0.639784 -0.600413
vn 0.83253 0.24815 -0.495294
vn 0.272958 0.950018 -0.151527
vn 0.272958 0.950018 -0.151527
vn -0.639368 0.76395 0.0871196
vn -0.639368 0.763949 0.0871196
vn -0.992121 -0.123984 -0.0179974
vn -0.992121 -0.123984 -0.0179972
vn -0.432547 -0.825851 -0.361764
vn -0.432546 -0.82585 -0.361767
vn 0.149612 0.057412 -0.987077
vn -0.289281 0.225068 -0.930409
vn 0.0924939 0.496479 -0.863107
vn -0.31401 0.638931 -0.702257
vn -0.663393 0.34232 -0.665377
vn -0.606271 -0.0967444 -0.789352
vn -0.199768 -0.239201 -0.950198
vn 0.791895 0.272498 -0.546486
vn 0.621971 0.361088 -0.694814
vn 0.687823 0.309692 -0.656498
vn 0.506158 0.359424 -0.783976
vn 0.544972 0.300773 -0.78265
vn 0.434945 0.372006 -0.820021
vn 0.361369 0.355299 -0.862076
vn 0.375487 0.317679 -0.870684
vn 0.452359 0.289635 -0.843494
vn 0.132637 0.143401 -0.980736
vn 0.227542 0.0748876 -0.970885
vn 0.316444 0.00849824 -0.948573
vn -0.0472216 -0.1718 -0.983999
vn -0.0119595 -0.190453 -0.981623
vn -0.0930617 -0.234437 -0.967667
vn -0.106115 -0.181604 -0.97763
vn -0.150693 -0.170202 -0.973819
vn -0.164995 -0.137543 -0.976657
vn 0.0369133 -0.0802614 -0.99609
vn 0.278645 0.240046 -0.929911
vn 0.27447 0.342755 -0.898435
vn 0.191858 0.326386 -0.925561
vn 0.225847 0.395524 -0.890255
vn 0.0714887 0.391586 -0.91736
vn 0.214513 0.430959 -0.876504
vn 0.358392 0.390913 -0.847787
vn 0.3709 0.37086 -0.851408
vn 0.432383 0.32769 -0.840038
vn 0.532108 0.227645 -0.815499
vn 0.574153 0.225873 -0.786975
vn 0.537992 0.253851 -0.803819
vn 0.766796 0.237398 -0.596378
vn 0.6487 0.405262 -0.644167
vn 0.514492 0.520292 -0.681611
vn 0.675186 0.595461 -0.435373
vn 0.548424 0.666587 -0.504869
vn 0.468041 0.726865 -0.502598
vn 0.572274 0.721488 -0.389817
vn 0.583909 -0.36373 -0.725776
vn 0.632412 -0.174872 -0.754636
vn 0.608189 -0.268553 -0.746984
vn 0.6141 -0.119344 -0.780153
vn 0.607001 -0.144306 -0.781489
vn 0.612957 -0.157213 -0.774318
vn 0.528362 0.0261496 -0.848616
vn 0.484496 -0.0672197 -0.872207
vn 0.430213 -0.185263 -0.883512
vn 0.280922 0.179529 -0.94279
vn 0.21846 0.0464994 -0.974737
vn 0.15241 -0.0855367 -0.984609
vn 0.00507415 0.152808 -0.988243
vn -0.0325915 -0.000674199 -0.999469
vn -0.0744871 -0.105702 -0.991604
vn -0.121624 -0.106313 -0.986866
vn -0.118366 -0.172656 -0.977844
vn -0.126945 -0.229691 -0.964949
vn -0.0999572 -0.301693 -0.948151
vn 0.495505 0.39458 -0.77381
vn 0.624303 0.405206 -0.667873
vn 0.569834 0.505133 -0.648174
vn 0.683599 0.497095 -0.534405
vn 0.588403 0.632086 -0.504232
vn 0.715565 0.564044 -0.412093
vn 0.787639 0.355944 -0.502919
vn 0.795496 0.397651 -0.45723
vn 0.810734 0.34394 -0.473725
vn 0.787177 0.264536 -0.557112
vn 0.797571 0.255596 -0.546398
vn 0.791411 0.336317 -0.51045
vn 0.870731 0.187661 -0.454544
vn 0.884676 0.22407 -0.408828
vn 0.910179 0.150968 -0.385724
vn 0.903114 0.0313379 -0.428255
vn 0.898174 -0.0376137 -0.438029
vn 0.888255 -0.0806188 -0.452221
vn 0.889997 -0.106114 -0.443447
vn -0.148253 -0.153641 -0.976942
vn 0.070353 -0.111321 -0.991291
vn -0.0879891 -0.152861 -0.984323
vn 0.0874657 -0.0571889 -0.994525
vn -0.0133186 -0.132984 -0.991029
vn -0.00920836 -0.0579484 -0.998277
vn 0.300461 0.197464 -0.93313
vn 0.150152 0.234631 -0.960418
vn 0.0251999 0.28022 -0.959605
vn 0.445484 0.525952 -0.724513
vn 0.34046 0.585266 -0.735901
vn 0.249526 0.626252 -0.738611
vn 0.386205 0.748165 -0.539532
vn 0.358328 0.726132 -0.586799
vn 0.437587 0.746838 -0.50075
vn 0.426815 0.585987 -0.688802
vn 0.537568 0.586044 -0.606278
vn 0.62197 0.532766 -0.573858
vn 0.460727 0.450684 -0.764601
vn 0.74722 0.0411888 -0.663299
vn 0.838647 -0.221861 -0.497443
vn 0.841353 -0.114153 -0.528293
vn 0.87571 -0.245371 -0.415843
vn 0.92172 -0.232207 -0.310664
vn 0.838923 -0.214593 -0.500158
vn 0.862231 -0.114943 -0.4933
vn 0.781397 0.00856242 -0.623976
vn 0.712452 0.114916 -0.692248
vn 0.62944 0.195818 -0.751971
vn 0.583777 0.181932 -0.791269
vn 0.610689 0.146367 -0.778226
vn 0.390547 0.115842 -0.913265
vn 0.507772 0.000196547 -0.861492
vn 0.574959 -0.0902513 -0.81319
vn 0.404424 -0.128307 -0.905527
vn 0.442955 -0.15969 -0.882207
vn 0.444928 -0.192798 -0.874567
vn 0.295174 -0.191535 -0.936048
vn 0.851421 0.350625 -0.390058
vn 0.707433 0.464049 -0.533101
vn 0.763506 0.405587 -0.50255
vn 0.609023 0.479488 -0.631809
vn 0.637627 0.419779 -0.645924
vn 0.547073 0.500036 -0.671324
vn 0.494457 0.497265 -0.712909
vn 0.514367 0.460403 -0.723502
vn 0.594699 0.419037 -0.686106
vn 0.306814 0.331538 -0.892159
vn 0.400743 0.253216 -0.880504
vn 0.489831 0.170162 -0.85505
vn 0.12212 0.0427466 -0.991594
vn 0.156123 0.0208568 -0.987517
vn 0.0717919 -0.0133731 -0.99733
vn 0.0588089 0.0370392 -0.997582
vn 0.0161762 0.0536485 -0.998429
vn 0.00558048 0.0875243 -0.996147
vn 0.210073 0.113528 -0.971072
vn 0.39827 0.383277 -0.833355
vn 0.380774 0.483552 -0.788155
vn 0.308639 0.468851 -0.8276
vn 0.327117 0.535171 -0.778837
vn 0.188914 0.530434 -0.826409
vn 0.311442 0.567263 -0.762376
vn 0.433951 0.534039 -0.725596
vn 0.445667 0.516323 -0.731294
vn 0.505843 0.47715 -0.718645
vn 0.596054 0.390352 -0.701673
vn 0.631311 0.388856 -0.670998
vn 0.590485 0.416256 -0.691417
vn 0.785585 0.403046 -0.469478
vn 0.647957 0.562777 -0.513258
vn 0.500694 0.66469 -0.55452
vn 0.615627 0.730806 -0.294833
vn 0.485435 0.7924 -0.369399
vn 0.396291 0.840405 -0.369693
vn 0.486035 0.836238 -0.25392
vn 0.67939 -0.242219 -0.692647
vn 0.730014 -0.0601496 -0.68078
vn 0.704701 -0.148087 -0.693878
vn 0.714883 -0.00375147 -0.699234
vn 0.707542 -0.0190836 -0.706414
vn 0.711169 -0.0464171 -0.701487
vn 0.645319 0.139403 -0.751086
vn 0.602244 0.0502584 -0.796728
vn 0.542173 -0.0693038 -0.837404
vn 0.42608 0.304329 -0.851962
vn 0.358723 0.180161 -0.915893
vn 0.280705 0.0494841 -0.958518
vn 0.156141 0.297307 -0.941928
vn 0.104222 0.149611 -0.983237
vn 0.0481652 0.0457262 -0.997792
vn -0.000441921 0.051329 -0.998682
vn -0.00726063 -0.016072 -0.999844
vn -0.0254849 -0.07344 -0.996974
vn -0.0114496 -0.149262 -0.988731
vn 0.587678 0.506699 -0.630786
vn 0.702808 0.506999 -0.499013
vn 0.644358 0.596957 -0.477959
vn 0.741271 0.579995 -0.337821
vn 0.641688 0.700508 -0.312291
vn 0.752268 0.629446 -0.194656
vn 0.8412 0.454521 -0.292905
vn 0.838489 0.494156 -0.229665
vn 0.857801 0.452582 -0.243611
vn 0.851317 0.409143 -0.328422
vn 0.85899 0.409045 -0.307925
vn 0.835557 0.490128 -0.248234
vn 0.911089 0.363532 -0.194322
vn 0.906108 0.401916 -0.132031
vn 0.933743 0.339061 -0.114724
vn 0.948983 0.259708 -0.178838
vn 0.95875 0.197729 -0.204212
vn 0.959838 0.161969 -0.229081
vn 0.962665 0.147146 -0.22721
vn -0.0196955 0.0049611 -0.999794
vn 0.20025 0.0491608 -0.978511
vn 0.043965 0.00693601 -0.999009
vn 0.217188 0.102408 -0.970743
vn 0.120408 0.0282842 -0.992321
vn 0.123811 0.0999495 -0.987259
vn 0.407153 0.344546 -0.845881
vn 0.25762 0.382023 -0.887519
vn 0.130976 0.422528 -0.896836
vn 0.496151 0.640462 -0.58621
vn 0.385909 0.696268 -0.605215
vn 0.289639 0.732406 -0.61619
vn 0.386982 0.829598 -0.402507
vn 0.362167 0.811251 -0.459029
vn 0.428723 0.825037 -0.368116
vn 0.439128 0.68288 -0.583817
vn 0.542176 0.68049 -0.492928
vn 0.626571 0.629018 -0.460159
vn 0.484042 0.555932 -0.675754
vn 0.833175 0.137208 -0.535717
vn 0.899742 -0.150624 -0.409605
vn 0.906265 -0.0365302 -0.421129
vn 0.926767 -0.190468 -0.323767
vn 0.956796 -0.196455 -0.21435
vn 0.905874 -0.143037 -0.398663
vn 0.92988 -0.0540656 -0.363869
vn 0.877656 0.0925132 -0.470279
vn 0.825933 0.215832 -0.520817
vn 0.779068 0.302425 -0.549174
vn 0.746225 0.296809 -0.595864
vn 0.77357 0.242963 -0.585285
vn 0.60401 0.266354 -0.751151
vn 0.694783 0.116337 -0.709748
vn 0.740007 -0.00561232 -0.672576
vn 0.599403 0.0199205 -0.800199
vn 0.62593 -0.02498 -0.779479
vn 0.622006 -0.0600826 -0.780704
vn 0.49971 -0.00537015 -0.866176
vn -0.144512 -0.76384 -0.629019
vn 0.0129697 -0.637957 -0.769963
vn -0.0634884 -0.678244 -0.732089
vn 0.0657743 -0.524048 -0.849145
vn -0.00526437 -0.535627 -0.844438
vn 0.110467 -0.461713 -0.880124
vn 0.130587 -0.378169 -0.91648
vn 0.0915196 -0.370382 -0.92436
vn 0.0334606 -0.425721 -0.904235
vn 0.0490928 -0.0568422 -0.997175
vn -0.0545002 -0.109467 -0.992495
vn -0.152031 -0.159253 -0.975461
vn -0.149209 0.244565 -0.958084
vn -0.182106 0.220464 -0.958245
vn -0.184998 0.309308 -0.932794
vn -0.132278 0.294014 -0.946604
vn -0.102129 0.327924 -0.939168
vn -0.0666301 0.326001 -0.943019
vn -0.105512 0.120657 -0.987071
vn 0.067386 -0.257453 -0.963938
vn 0.157464 -0.307881 -0.938304
vn 0.184579 -0.223489 -0.95707
vn 0.226777 -0.292256 -0.929063
vn 0.301315 -0.149648 -0.941708
vn 0.264092 -0.30136 -0.916209
vn 0.151708 -0.415829 -0.8967
vn 0.127657 -0.416925 -0.899932
vn 0.0587547 -0.449874 -0.891157
vn -0.0851022 -0.491577 -0.866666
vn -0.108867 -0.530558 -0.840628
vn -0.0674609 -0.51415 -0.855043
vn -0.205624 -0.721909 -0.660731
vn -0.00285337 -0.706866 -0.707342
vn 0.164456 -0.651962 -0.740202
vn 0.140482 -0.851645 -0.504941
vn 0.267369 -0.7773 -0.56949
vn 0.36097 -0.742124 -0.564758
vn 0.300284 -0.837807 -0.45597
vn -0.609994 -0.26041 -0.748394
vn -0.462718 -0.390249 -0.795988
vn -0.536168 -0.325537 -0.778813
vn -0.403656 -0.398577 -0.823528
vn -0.42637 -0.378659 -0.821478
vn -0.434126 -0.383398 -0.815194
vn -0.229024 -0.382594 -0.895081
vn -0.29095 -0.300678 -0.908263
vn -0.368167 -0.203858 -0.907136
vn 0.0248273 -0.219793 -0.97523
vn -0.0672453 -0.105566 -0.992136
vn -0.155114 0.00576207 -0.98788
vn 0.119952 0.0407287 -0.991944
vn -0.00397671 0.137301 -0.990521
vn -0.0813718 0.214513 -0.973326
vn -0.0665348 0.256651 -0.964211
vn -0.128463 0.278317 -0.95186
vn -0.177101 0.306496 -0.935252
vn -0.255521 0.307604 -0.916564
vn 0.103313 -0.539017 -0.835935
vn 0.049246 -0.664273 -0.745866
vn 0.16542 -0.668357 -0.725213
vn 0.100315 -0.772471 -0.627077
vn 0.269145 -0.76011 -0.591434
vn 0.14228 -0.845364 -0.514894
vn -0.0835776 -0.791657 -0.605222
vn -0.0539742 -0.822048 -0.566854
vn -0.111086 -0.804256 -0.583808
vn -0.17804 -0.727166 -0.662971
vn -0.195386 -0.730071 -0.654844
vn -0.128022 -0.768588 -0.626803
vn -0.307799 -0.75957 -0.572986
vn -0.289757 -0.793901 -0.534567
vn -0.369273 -0.777029 -0.509769
vn -0.476659 -0.694267 -0.539249
vn -0.531934 -0.650544 -0.542069
vn -0.563316 -0.615834 -0.55084
vn -0.589577 -0.602258 -0.538223
vn -0.0765812 0.305742 -0.94903
vn -0.143811 0.0968914 -0.98485
vn -0.104491 0.253986 -0.961547
vn -0.104258 0.0568466 -0.992924
vn -0.12272 0.180415 -0.975905
vn -0.0580199 0.142502 -0.988092
vn 0.0173537 -0.258249 -0.965923
vn 0.121735 -0.143065 -0.982198
vn 0.22209 -0.0569847 -0.97336
vn 0.235076 -0.570105 -0.787223
vn 0.337132 -0.508298 -0.792449
vn 0.416381 -0.451201 -0.789332
vn 0.45707 -0.653366 -0.603489
vn 0.450851 -0.616397 -0.645592
vn 0.430678 -0.704394 -0.564221
vn 0.293911 -0.60611 -0.739085
vn 0.240263 -0.708819 -0.663211
vn 0.152679 -0.758866 -0.633097
vn 0.158724 -0.567059 -0.808239
vn -0.325312 -0.600135 -0.73076
vn -0.598159 -0.576631 -0.556509
vn -0.506541 -0.625572 -0.59336
vn -0.633956 -0.606197 -0.480234
vn -0.643356 -0.665263 -0.378837
vn -0.590181 -0.575753 -0.565857
vn -0.509708 -0.642335 -0.572366
vn -0.362156 -0.607955 -0.706564
vn -0.236421 -0.583658 -0.776819
vn -0.122 -0.527555 -0.840715
vn -0.111339 -0.47301 -0.873994
vn -0.148623 -0.48226 -0.863329
vn -0.0809288 -0.245622 -0.965982
vn -0.231139 -0.311734 -0.921627
vn -0.336223 -0.343222 -0.877013
vn -0.305795 -0.157295 -0.939014
vn -0.349032 -0.183612 -0.918947
vn -0.379427 -0.173275 -0.908852
vn -0.321001 -0.025974 -0.946723
vn -0.333587 -0.814929 -0.473932
vn -0.145051 -0.778862 -0.610192
vn -0.22888 -0.78232 -0.579301
vn -0.0604921 -0.710536 -0.701056
vn -0.124891 -0.691892 -0.711117
vn -0.000367967 -0.676593 -0.736357
vn 0.0406207 -0.626923 -0.778021
vn 0.00170304 -0.612957 -0.790114
vn -0.0839305 -0.643127 -0.761146
vn 0.0678961 -0.350131 -0.934237
vn -0.0526955 -0.362252 -0.93059
vn -0.173103 -0.369323 -0.913037
vn -0.00239259 -0.00181891 -0.999995
vn -0.041712 -0.0110902 -0.999068
vn -0.007645 0.0742946 -0.997207
vn 0.0372998 0.0473345 -0.998182
vn 0.078679 0.0664616 -0.994682
vn 0.110243 0.0501922 -0.992636
vn -0.0132651 -0.118543 -0.99286
vn 0.0260979 -0.481155 -0.876247
vn 0.104707 -0.543989 -0.832534
vn 0.148896 -0.478784 -0.865214
vn 0.177139 -0.543994 -0.820179
vn 0.277072 -0.43793 -0.855248
vn 0.209141 -0.557704 -0.80326
vn 0.0911194 -0.62532 -0.775031
vn 0.068687 -0.620933 -0.780848
vn -0.00421682 -0.635907 -0.771755
vn -0.136784 -0.638624 -0.757264
vn -0.166612 -0.664603 -0.728384
vn -0.119901 -0.655778 -0.745372
vn -0.284651 -0.796107 -0.534029
vn -0.0758369 -0.817179 -0.571373
vn 0.100661 -0.790217 -0.604504
vn 0.0499363 -0.935091 -0.350873
vn 0.189189 -0.888185 -0.41873
vn 0.286816 -0.863677 -0.414485
vn 0.213852 -0.92891 -0.302313
vn -0.623686 -0.2509 -0.740314
vn -0.5261 -0.418312 -0.740428
vn -0.573758 -0.335603 -0.747109
vn -0.473382 -0.446543 -0.759281
vn -0.483842 -0.426192 -0.764368
vn -0.500062 -0.41635 -0.759336
vn -0.311159 -0.496077 -0.81061
vn -0.343459 -0.401337 -0.849096
vn -0.386098 -0.277557 -0.87971
vn -0.0280769 -0.444515 -0.895332
vn -0.0717716 -0.308221 -0.948604
vn -0.113766 -0.164675 -0.979765
vn 0.15322 -0.237616 -0.959199
vn 0.0780254 -0.099592 -0.991964
vn 0.0374519 0.00927559 -0.999255
vn 0.0716902 0.0425475 -0.996519
vn 0.0249157 0.0910783 -0.995532
vn -0.00701361 0.141208 -0.989955
vn -0.0750466 0.179033 -0.980977
vn -0.0267388 -0.721084 -0.692332
vn -0.114499 -0.809736 -0.575514
vn -0.00924962 -0.835598 -0.549263
vn -0.0985446 -0.900123 -0.424343
vn 0.0587385 -0.92006 -0.387348
vn -0.0798943 -0.954543 -0.287166
vn -0.266946 -0.878472 -0.396266
vn -0.243024 -0.908667 -0.339506
vn -0.287459 -0.888168 -0.358503
vn -0.315637 -0.836114 -0.44865
vn -0.326911 -0.83939 -0.434228
vn -0.263772 -0.886226 -0.380826
vn -0.42013 -0.841375 -0.33997
vn -0.401718 -0.870577 -0.284111
vn -0.470298 -0.840005 -0.270576
vn -0.541168 -0.771908 -0.333609
vn -0.587776 -0.726216 -0.356553
vn -0.611148 -0.694741 -0.379253
vn -0.628837 -0.680681 -0.375816
vn 0.0565037 0.0937176 -0.993994
vn -0.0677814 -0.095587 -0.993111
vn 0.0130242 0.0471344 -0.998804
vn -0.0424914 -0.146126 -0.988353
vn -0.025801 -0.0225504 -0.999413
vn 0.0212605 -0.077753 -0.996746
vn -0.00968542 -0.463669 -0.885956
vn 0.1226 -0.382045 -0.915975
vn 0.239281 -0.321847 -0.916057
vn 0.1265 -0.759525 -0.638059
vn 0.243291 -0.720514 -0.64936
vn 0.335282 -0.678708 -0.653408
vn 0.327772 -0.832825 -0.446058
vn 0.333427 -0.799997 -0.49883
vn 0.293778 -0.863172 -0.410645
vn 0.189598 -0.760917 -0.62053
vn 0.11313 -0.837225 -0.535029
vn 0.016424 -0.862661 -0.505515
vn 0.0691158 -0.700758 -0.710043
vn -0.464424 -0.639881 -0.61226
vn -0.72005 -0.496481 -0.484804
vn -0.645547 -0.579433 -0.49752
vn -0.76972 -0.495149 -0.402937
vn -0.80163 -0.521899 -0.291564
vn -0.717162 -0.505431 -0.479811
vn -0.664865 -0.588698 -0.459771
vn -0.515838 -0.641013 -0.568343
vn -0.388168 -0.682258 -0.619556
vn -0.276565 -0.700227 -0.658175
vn -0.2531 -0.666377 -0.701343
vn -0.306608 -0.652054 -0.69341
vn -0.15363 -0.517201 -0.841963
vn -0.325446 -0.491492 -0.807787
vn -0.444792 -0.451293 -0.773624
vn -0.321945 -0.340922 -0.883246
vn -0.373943 -0.334716 -0.864946
vn -0.397012 -0.308606 -0.864374
vn -0.268773 -0.236182 -0.933798
vn 0.732679 0.314137 -0.603738
vn 0.544796 0.372676 -0.751205
vn 0.619258 0.332235 -0.711435
vn 0.423816 0.351551 -0.834741
vn 0.472595 0.298914 -0.829038
vn 0.348317 0.353051 -0.868349
vn 0.271054 0.322589 -0.906899
vn 0.287074 0.286245 -0.91414
vn 0.364463 0.270629 -0.891026
vn 0.0582116 0.0724034 -0.995675
vn 0.160324 0.0178549 -0.986903
vn 0.255725 -0.0331357 -0.966182
vn -0.076128 -0.262719 -0.961864
vn -0.0379077 -0.276016 -0.960405
vn -0.110216 -0.329779 -0.937602
vn -0.128114 -0.277794 -0.95206
vn -0.173614 -0.272792 -0.946278
vn -0.192512 -0.242724 -0.950802
vn -0.00167925 -0.155974 -0.98776
vn 0.206407 0.200992 -0.9576
vn 0.19557 0.303942 -0.932401
vn 0.111729 0.278258 -0.953986
vn 0.142896 0.352208 -0.924949
vn -0.0156378 0.332425 -0.943
vn 0.128626 0.388092 -0.912601
vn 0.284571 0.361135 -0.888032
vn 0.298879 0.342125 -0.890854
vn 0.364522 0.304465 -0.880014
vn 0.478315 0.210883 -0.852492
vn 0.522555 0.213914 -0.825334
vn 0.485232 0.238834 -0.841135
vn 0.727319 0.245223 -0.640994
vn 0.599589 0.403044 -0.691411
vn 0.458959 0.50896 -0.728228
vn 0.629035 0.603912 -0.489495
vn 0.496889 0.665215 -0.557307
vn 0.41409 0.721724 -0.554657
vn 0.52433 0.726817 -0.443638
vn 0.585121 -0.354345 -0.729433
vn 0.61074 -0.161008 -0.77529
vn 0.59797 -0.257207 -0.759129
vn 0.585223 -0.108355 -0.8036
vn 0.581169 -0.136553 -0.802244
vn 0.589401 -0.14326 -0.795037
vn 0.477598 0.0244734 -0.878237
vn 0.44486 -0.0735302 -0.892577
vn 0.407108 -0.19378 -0.892587
vn 0.205181 0.142081 -0.968356
vn 0.161345 0.00147113 -0.986897
vn 0.116206 -0.134866 -0.984026
vn -0.0647304 0.0772517 -0.994908
vn -0.0779985 -0.0794345 -0.993784
vn -0.101414 -0.186883 -0.977133
vn -0.146113 -0.196073 -0.969642
vn -0.131161 -0.259892 -0.956689
vn -0.129104 -0.316123 -0.939893
vn -0.0886125 -0.382062 -0.919878
vn 0.413348 0.389295 -0.823161
vn 0.544365 0.417136 -0.72778
vn 0.480893 0.514589 -0.709887
vn 0.600055 0.521677 -0.606455
vn 0.492734 0.652102 -0.576174
vn 0.631526 0.59829 -0.493178
vn 0.719582 0.385245 -0.577744
vn 0.726012 0.427904 -0.538335
vn 0.745103 0.37163 -0.553816
vn 0.723936 0.276198 -0.632164
vn 0.735783 0.265289 -0.623093
vn 0.726188 0.344288 -0.595077
vn 0.82109 0.197626 -0.535496
vn 0.836275 0.234412 -0.495676
vn 0.868228 0.161811 -0.469039
vn 0.865963 0.0303533 -0.499186
vn 0.863806 -0.0397806 -0.502252
vn 0.854996 -0.0851603 -0.511596
vn 0.858935 -0.112562 -0.499561
vn -0.175605 -0.236492 -0.955633
vn 0.0351182 -0.173958 -0.984127
vn -0.117282 -0.230267 -0.966034
vn 0.0457154 -0.118632 -0.991885
vn -0.0462011 -0.203831 -0.977915
vn -0.0518789 -0.128627 -0.990335
vn 0.235848 0.159364 -0.958634
vn 0.082156 0.180743 -0.980093
vn -0.0467264 0.215337 -0.975421
vn 0.364683 0.513928 -0.776456
vn 0.256138 0.563717 -0.78525
vn 0.163473 0.597422 -0.785089
vn 0.302309 0.744423 -0.595352
vn 0.27604 0.718298 -0.638632
vn 0.357931 0.750471 -0.555589
vn 0.356462 0.582023 -0.730879
vn 0.469685 0.594835 -0.652355
vn 0.559372 0.550071 -0.620101
vn 0.400399 0.447791 -0.799477
vn 0.703452 0.0718698 -0.7071
vn 0.833381 -0.166602 -0.526992
vn 0.822168 -0.0629107 -0.565759
vn 0.875669 -0.179421 -0.448344
vn 0.925104 -0.153346 -0.347374
vn 0.8295 -0.160746 -0.534874
vn 0.841191 -0.057343 -0.537689
vn 0.73583 0.0447047 -0.675689
vn 0.648521 0.134613 -0.749199
vn 0.544304 0.196726 -0.815495
vn 0.495717 0.174641 -0.850744
vn 0.52464 0.148916 -0.838199
vn 0.299031 0.0711483 -0.951587
vn 0.436031 -0.0157442 -0.899794
vn 0.519017 -0.0848247 -0.850545
vn 0.353052 -0.16432 -0.921061
vn 0.398123 -0.185183 -0.898446
vn 0.406318 -0.216061 -0.887819
vn 0.255091 -0.250694 -0.933853
vn 0.779934 0.410793 -0.472177
vn 0.611915 0.493656 -0.617951
vn 0.679051 0.445819 -0.583211
vn 0.504401 0.488273 -0.712158
vn 0.544677 0.433116 -0.718149
vn 0.436304 0.497104 -0.750017
vn 0.373774 0.480361 -0.79344
vn 0.394999 0.445302 -0.803543
vn 0.477622 0.42005 -0.771644
vn 0.185291 0.267751 -0.945504
vn 0.287447 0.205707 -0.935446
vn 0.38449 0.141843 -0.912167
vn 0.0343378 -0.0563287 -0.997822
vn 0.0707133 -0.0725682 -0.994853
vn -0.00800296 -0.121796 -0.992523
vn -0.0273851 -0.0720797 -0.997023
vn -0.0725355 -0.0632963 -0.995355
vn -0.088724 -0.0315018 -0.995558
vn 0.109393 0.034414 -0.993403
vn 0.297908 0.355294 -0.886012
vn 0.275749 0.454784 -0.846838
vn 0.20039 0.430209 -0.880207
vn 0.219178 0.500446 -0.837565
vn 0.0739867 0.478742 -0.874833
vn 0.202264 0.532152 -0.822133
vn 0.338789 0.51157 -0.789632
vn 0.353383 0.49402 -0.794396
vn 0.419074 0.460137 -0.782721
vn 0.524568 0.378455 -0.762627
vn 0.563494 0.381165 -0.73293
vn 0.522087 0.403872 -0.751208
vn 0.735289 0.414286 -0.536393
vn 0.588722 0.562171 -0.580836
vn 0.435894 0.65324 -0.619092
vn 0.564737 0.740017 -0.365304
vn 0.428868 0.79081 -0.436682
vn 0.338039 0.834545 -0.435045
vn 0.435029 0.841325 -0.320815
vn 0.660632 -0.222838 -0.716874
vn 0.688666 -0.0317327 -0.724384
vn 0.674435 -0.125703 -0.727555
vn 0.665483 0.0220906 -0.746086
vn 0.660785 0.000516914 -0.750575
vn 0.667582 -0.0185025 -0.744306
vn 0.571239 0.158138 -0.805405
vn 0.538202 0.0620898 -0.840526
vn 0.494704 -0.0632463 -0.866757
vn 0.320051 0.290451 -0.901779
vn 0.269871 0.15463 -0.950399
vn 0.213114 0.0150011 -0.976912
vn 0.0496913 0.241847 -0.969041
vn 0.0222187 0.0864094 -0.996012
vn -0.0145517 -0.0236634 -0.999614
vn -0.0627259 -0.0265552 -0.997677
vn -0.056807 -0.0935612 -0.993992
vn -0.0635586 -0.152322 -0.986285
vn -0.0347047 -0.223631 -0.974056
vn 0.484847 0.517243 -0.705254
vn 0.606206 0.536919 -0.586714
vn 0.539048 0.624531 -0.565144
vn 0.646194 0.624515 -0.438651
vn 0.53438 0.739683 -0.409033
vn 0.661724 0.684813 -0.30521
vn 0.763865 0.504353 -0.402663
vn 0.762457 0.545297 -0.348296
vn 0.785443 0.500004 -0.364796
vn 0.777846 0.43722 -0.451435
vn 0.788009 0.433706 -0.436967
vn 0.765208 0.512764 -0.389268
vn 0.859549 0.384094 -0.337117
vn 0.861235 0.421981 -0.283208
vn 0.896053 0.356723 -0.264268
vn 0.911981 0.256227 -0.320372
vn 0.9214 0.190397 -0.338779
vn 0.921229 0.15 -0.358938
vn 0.926253 0.129091 -0.354107
vn -0.0786461 -0.079737 -0.993709
vn 0.134983 -0.0100931 -0.990797
vn -0.0170069 -0.0709038 -0.997338
vn 0.145996 0.0454917 -0.988239
vn 0.0559097 -0.0412353 -0.997584
vn 0.0520614 0.0324651 -0.998116
vn 0.318431 0.317155 -0.893316
vn 0.16503 0.33634 -0.927168
vn 0.0352852 0.363948 -0.930751
vn 0.398617 0.641308 -0.655613
vn 0.284668 0.685486 -0.67013
vn 0.187081 0.712362 -0.676418
vn 0.290051 0.834343 -0.468766
vn 0.266044 0.81116 -0.520807
vn 0.336316 0.83681 -0.43202
vn 0.353878 0.686453 -0.635258
vn 0.460303 0.698027 -0.548524
vn 0.550436 0.656099 -0.516289
vn 0.408631 0.560988 -0.71994
vn 0.774289 0.186551 -0.60471
vn 0.884334 -0.0793719 -0.460057
vn 0.876549 0.0317041 -0.480268
vn 0.920355 -0.107369 -0.376057
vn 0.958418 -0.100001 -0.267273
vn 0.887141 -0.0711139 -0.455986
vn 0.899544 0.026616 -0.436019
vn 0.817795 0.154343 -0.554427
vn 0.744767 0.262175 -0.613666
vn 0.669834 0.341298 -0.659423
vn 0.631743 0.327011 -0.702826
vn 0.664331 0.285487 -0.690768
vn 0.466823 0.261535 -0.844793
vn 0.586113 0.140566 -0.797943
vn 0.654835 0.0407616 -0.754672
vn 0.496215 0.0172321 -0.868029
vn 0.533345 -0.0173737 -0.84572
vn 0.536067 -0.0517694 -0.842586
vn 0.394184 -0.0393164 -0.91819
vn 0.117372 -0.620056 -0.775728
vn 0.140569 -0.535288 -0.832891
vn 0.125596 -0.623184 -0.771925
vn 0.0564675 -0.470169 -0.880768
vn -0.676017 0.00983254 -0.73682
vn -0.65665 -0.117438 -0.744996
vn -0.676377 -0.165265 -0.717776
vn -0.721906 -0.0873005 -0.686462
vn 0.049977 -0.320633 -0.945884
vn -0.0251495 -0.291116 -0.956357
vn -0.711806 0.0799069 -0.697816
vn -0.704856 0.202722 -0.679766
vn 0.0280459 -0.223751 -0.974243
vn -0.268758 0.253107 -0.929358
vn -0.656527 0.358976 -0.663407
vn 0.396031 0.271666 -0.87713
vn 0.166732 0.410111 -0.896666
vn -0.370973 0.566436 -0.735887
vn -0.763489 0.547344 -0.342782
vn 0.052245 0.757288 -0.650988
vn -0.494442 0.751023 -0.437597
vn -0.887465 0.436535 -0.147797
vn -0.286407 0.839066 -0.462536
vn -0.786092 0.590516 -0.182623
vn -0.95698 0.27017 0.105813
vn -0.404318 0.848607 -0.341163
vn -0.874891 0.405414 0.264964
vn 0.0509996 0.437367 -0.897836
vn 0.302941 0.310327 -0.901068
vn 0.236394 0.489138 -0.839561
vn 0.556435 -0.139445 -0.819106
vn 0.724057 -0.396987 -0.564041
vn 0.56141 -0.594855 -0.575296
vn 0.198609 0.171453 -0.964966
vn 0.104737 0.113067 -0.988052
vn 0.324693 -0.66588 -0.671698
vn 0.255815 -0.697907 -0.668943
vn -0.187315 0.0324807 -0.981763
vn -0.0597843 -0.470748 -0.88024
vn 0.156076 -0.799231 -0.580406
vn -0.36906 -0.239155 -0.898109
vn -0.111538 -0.661205 -0.741868
vn 0.144622 -0.913734 -0.379702
vn -0.472983 -0.40719 -0.781334
vn -0.151391 -0.798947 -0.582034
vn 0.299237 -0.901352 -0.313085
vn -0.338849 -0.666289 -0.664259
vn 0.194926 -0.883715 -0.425501
vn 0.538629 -0.832749 -0.12809
vn -0.188093 -0.744224 -0.640899
vn 0.455499 -0.889325 -0.0402725
vn -0.840028 -0.0194034 -0.542196
vn -0.774806 -0.220584 -0.592468
vn -0.702222 -0.389322 -0.596081
vn -0.220339 0.470095 -0.85467
vn -0.197444 0.501671 -0.842224
vn -0.201188 0.294553 -0.934217
vn -0.598427 -0.518596 -0.610692
vn -0.51256 -0.547056 -0.661824
vn -0.223236 0.232048 -0.946741
vn -0.227004 0.239237 -0.944052
vn -0.340897 -0.592585 -0.729816
vn -0.208028 -0.125131 -0.970086
vn 0.00456418 0.352469 -0.935812
vn -0.0768946 -0.53352 -0.842285
vn -0.0148139 -0.547683 -0.836555
vn 0.315547 0.261118 -0.912276
vn 0.490496 0.192057 -0.850016
vn 0.137998 -0.702635 -0.698041
vn 0.477264 -0.328587 -0.815015
vn 0.576899 0.163161 -0.800354
vn 0.3178 -0.536753 -0.781601
vn 0.485715 0.0505584 -0.872654
vn 0.496554 0.473324 -0.727598
vn 0.280178 -0.32891 -0.901842
vn 0.573198 0.447502 -0.68643
vn 0.579652 -0.334432 -0.743074
vn 0.573648 -0.421096 -0.702571
vn 0.665741 -0.326515 -0.670953
vn -0.295757 -0.606603 -0.737943
vn -0.266603 -0.66552 -0.697141
vn -0.314189 -0.583825 -0.748621
vn 0.731871 -0.0460851 -0.679883
vn 0.298196 -0.0350046 -0.953863
vn -0.0607584 0.0357239 -0.997513
vn -0.0855909 -0.21159 -0.973604
vn 0.524356 0.299099 -0.79724
vn 0.106912 0.0292674 -0.993838
vn -0.378144 -0.17355 -0.909334
vn 0.331481 0.319812 -0.887604
vn 0.393535 0.344715 -0.852234
vn -0.502394 0.0579196 -0.862697
vn -0.496372 0.237108 -0.835102
vn 0.467862 0.509211 -0.722364
vn -0.00989769 0.539232 -0.842099
vn -0.411546 0.297187 -0.861574
vn 0.247643 0.676595 -0.693464
vn -0.294981 0.433718 -0.851396
vn -0.52635 -0.0990501 -0.844479
vn 0.0862545 0.740702 -0.666274
vn -0.730247 0.431069 -0.530018
vn -0.292923 0.361972 -0.88497
vn -0.071765 0.43007 -0.899939
vn 0.481315 0.369306 -0.794952
vn 0.764117 0.357492 -0.536959
vn 0.863942 0.156368 -0.4787
vn 0.0505139 0.138462 -0.989079
vn 0.583633 -0.0371976 -0.811165
vn 0.90961 -0.119637 -0.397865
vn 0.255248 -0.26604 -0.929554
vn 0.690483 -0.341555 -0.637631
vn 0.904271 -0.401208 -0.146031
vn 0.333769 -0.399803 -0.853672
vn 0.335662 -0.399085 -0.853266
vn 0.760637 -0.632603 -0.145757
vn 0.891732 -0.452465 0.0094137
vn -0.0909994 -0.936465 -0.338751
vn 0.325271 -0.908142 -0.263584
vn 0.830873 -0.556126 -0.0193633
vn 0.976368 0.0426928 0.211854
vn 0.440642 -0.891278 -0.107046
vn 0.881624 -0.462482 -0.0940746
vn 0.985745 -0.0888375 0.142883
vn 0.889566 0.343233 0.301436
vn 0.885838 -0.450615 -0.110621
vn 0.873845 0.287783 0.391887
vn -0.530384 -0.690598 -0.491698
vn -0.260601 -0.75429 -0.602605
vn -0.0923556 -0.75019 -0.654741
vn -0.523381 0.0951145 -0.846773
vn -0.550019 0.128663 -0.825182
vn -0.433908 0.0368734 -0.900202
vn -0.0934214 -0.739971 -0.66612
vn -0.00510594 -0.806995 -0.590536
vn -0.410051 0.0451464 -0.910944
vn -0.185784 -0.00869258 -0.982552
vn 0.162495 -0.846601 -0.506815
vn 0.374649 -0.830201 -0.4128
vn 0.045331 -0.0634528 -0.996955
vn 0.226503 -0.138849 -0.964063
vn 0.539622 -0.761784 -0.358459
vn 0.470322 -0.434449 -0.768148
vn 0.226564 -0.0271914 -0.973617
vn 0.677277 -0.55634 -0.481438
vn 0.453731 -0.135442 -0.880785
vn 0.0577669 0.3193 -0.945892
vn 0.558814 -0.252371 -0.789959
vn 0.22494 0.243211 -0.943531
vn -0.0721069 0.559496 -0.82569
vn 0.385197 -0.155551 -0.90963
vn 0.0248407 0.617535 -0.786151
vn 0.25063 0.444029 -0.860245
vn 0.151277 0.418366 -0.895592
vn 0.559319 0.163768 -0.812614
vn 0.125591 0.312916 -0.941441
vn -0.105641 -0.0743632 -0.99162
vn 0.251657 -0.478605 -0.841193
vn 0.311668 -0.469108 -0.826317
vn 0.272015 -0.549811 -0.789757
vn -0.015185 0.227115 -0.97375
vn -0.00360642 0.148088 -0.988968
vn 0.123851 -0.632505 -0.764591
vn 0.0258203 -0.694532 -0.718998
vn -0.289143 0.175317 -0.941095
vn -0.301089 -0.355477 -0.884862
vn -0.107685 -0.743383 -0.660141
vn -0.634648 -0.0797964 -0.76867
vn -0.432304 -0.617295 -0.657313
vn -0.110195 -0.938473 -0.3273
vn -0.777954 -0.372315 -0.506131
vn -0.430054 -0.827152 -0.361765
vn 0.102229 -0.980988 -0.164959
vn -0.608762 -0.703598 -0.36655
vn -0.0858625 -0.981693 -0.170018
vn 0.319059 -0.946055 0.0563998
vn -0.529009 -0.806076 -0.265314
vn 0.182276 -0.952904 0.242381
vn -0.235867 -0.35353 -0.905198
vn -0.256228 -0.0833951 -0.963012
vn -0.227883 0.0393256 -0.972894
vn 0.187889 0.670043 -0.718151
vn 0.0527988 0.708323 -0.703912
vn 0.310081 0.677908 -0.666551
vn -0.0663207 -0.112514 -0.991434
vn 0.0358978 -0.160665 -0.986356
vn 0.511379 0.505194 -0.695176
vn 0.572464 0.470038 -0.671826
vn 0.250369 -0.347151 -0.903771
vn 0.580539 0.0581358 -0.812154
vn 0.682103 0.475847 -0.555253
vn 0.543701 -0.308863 -0.78038
vn 0.725888 0.167647 -0.667069
vn 0.73584 0.576662 -0.354966
vn 0.702438 -0.260068 -0.662529
vn 0.821561 0.252377 -0.511218
vn 0.621983 0.716116 -0.316726
vn 0.81511 0.0240583 -0.578807
vn 0.675296 0.610013 -0.414559
vn 0.409289 0.895872 -0.172904
vn 0.788458 0.197383 -0.582558
vn 0.495752 0.865715 -0.0690521
vn 0.466188 -0.533243 -0.705918
vn 0.597814 -0.360676 -0.715913
vn 0.699531 -0.210019 -0.683043
vn -0.286137 -0.211102 -0.934645
vn -0.324558 -0.21817 -0.920361
vn -0.150683 -0.0775453 -0.985536
vn 0.751887 -0.0487891 -0.657484
vn 0.729143 0.0500449 -0.682529
vn -0.0867595 -0.051334 -0.994906
vn -0.0906893 -0.0571767 -0.994237
vn 0.673001 0.229418 -0.703162
vn 0.205849 0.152333 -0.966655
vn -0.311797 0.0586 -0.94834
vn 0.478843 0.424916 -0.768216
vn 0.458012 0.47335 -0.75244
vn -0.403073 0.338602 -0.850224
vn -0.439559 0.492217 -0.751339
vn 0.504553 0.635312 -0.58464
vn 0.00534981 0.731419 -0.681908
vn -0.463982 0.537658 -0.70402
vn 0.267098 0.686591 -0.676203
vn -0.318585 0.518659 -0.793408
vn -0.676912 0.268475 -0.685355
vn 0.111906 0.549383 -0.828043
vn -0.69545 0.333685 -0.636399
vn -0.162372 0.514857 -0.841758
vn -0.0840657 0.558797 -0.825032
vn -0.209832 0.589504 -0.780036
vn 0.539391 -0.0746375 -0.838741
vn 0.580817 -0.00781732 -0.813997
vn 0.526988 -0.106098 -0.843224
vn -0.481191 0.493201 -0.724712
vn -0.298438 0.0714794 -0.951749
vn -0.165091 -0.272056 -0.948014
vn 0.0558749 -0.160354 -0.985477
vn -0.665827 0.122479 -0.735985
vn -0.245768 -0.121072 -0.961738
vn 0.206782 -0.399179 -0.893251
vn -0.575953 -0.0464473 -0.816162
vn -0.619869 0.00660647 -0.784677
vn 0.10143 -0.602551 -0.791609
vn -0.039944 -0.678633 -0.733391
vn -0.767084 0.0144933 -0.641383
vn -0.545228 -0.414973 -0.72837
vn -0.121421 -0.623251 -0.772538
vn -0.770771 -0.239786 -0.590267
vn -0.288019 -0.583356 -0.759434
vn 0.283279 -0.495945 -0.820848
vn -0.727245 -0.400038 -0.55775
vn -0.010916 -0.902068 -0.431456
vn 0.0763404 -0.413244 -0.907415
vn -0.0848024 -0.263 -0.961062
vn -0.350057 0.231909 -0.907567
vn -0.560664 0.465672 -0.684694
vn -0.457591 0.657955 -0.598085
vn 0.125395 0.00155559 -0.992106
vn -0.0605366 0.540021 -0.839472
vn -0.279338 0.843736 -0.458345
vn 0.328485 0.392695 -0.859004
vn 0.0753368 0.789126 -0.609594
vn -0.123597 0.981717 -0.14476
vn 0.362089 0.531696 -0.765631
vn 0.354861 0.536786 -0.765464
vn 0.132833 0.987763 -0.0817261
vn -0.124897 0.991911 0.0226707
vn 0.878148 0.455482 -0.146262
vn 0.606956 0.785522 -0.120663
vn -0.00759711 0.999871 0.0141321
vn -0.620894 0.773241 0.128799
vn 0.0987188 0.99343 -0.0578877
vn -0.503641 0.859307 0.0890945
vn -0.825928 0.531077 0.189212
vn -0.113708 0.988264 -0.102
vn -0.780845 0.5491 0.297943
vn 0.744406 0.0173616 -0.667502
vn 0.632845 0.289499 -0.718121
vn 0.528538 0.434268 -0.729424
vn 0.0156286 -0.360662 -0.932566
vn 0.0119618 -0.407977 -0.912914
vn 0.000898188 -0.243814 -0.969822
vn 0.514692 0.431321 -0.740982
vn 0.541838 0.52992 -0.652378
vn -0.0276555 -0.222279 -0.974591
vn -0.115498 0.00354211 -0.993301
vn 0.509667 0.674168 -0.534544
vn 0.409471 0.826089 -0.387183
vn -0.189332 0.224117 -0.955994
vn -0.209664 0.41058 -0.887392
vn 0.28417 0.912819 -0.293272
vn -0.0306991 0.735668 -0.676646
vn -0.278673 0.338259 -0.898845
vn 0.0353805 0.924548 -0.379419
vn -0.264081 0.558246 -0.786526
vn -0.445466 -0.0150557 -0.895172
vn -0.189113 0.687219 -0.701403
vn -0.452322 0.155045 -0.878274
vn -0.544046 -0.279139 -0.791262
vn -0.187015 0.49355 -0.849373
vn -0.632453 -0.235769 -0.737845
vn -0.413169 -0.188413 -0.89095
vn -0.340628 -0.269193 -0.900837
vn -0.390348 0.223935 -0.893018
vn -0.230703 -0.251269 -0.940021
vn 0.158625 -0.012529 -0.987259
vn 0.396475 0.254303 -0.882121
vn 0.358721 0.304311 -0.882448
vn 0.44433 0.318758 -0.837236
vn -0.0879989 -0.333891 -0.938495
vn -0.0235876 -0.285467 -0.958098
vn 0.581427 0.240044 -0.777381
vn 0.675 0.2012 -0.709855
vn 0.0760932 -0.521241 -0.850011
vn 0.540753 -0.261482 -0.799508
vn 0.767964 0.142848 -0.62436
vn 0.438306 -0.640721 -0.630369
vn 0.80254 -0.184561 -0.567333
vn 0.901144 0.308964 -0.304106
vn 0.735426 -0.563028 -0.377025
vn 0.955866 -0.0182178 -0.293236
vn 0.817839 0.547687 -0.176571
vn 0.931147 -0.226434 -0.285819
vn 0.9098 0.38374 -0.158138
vn 0.668545 0.743509 0.0156
vn 0.974454 -0.0948872 -0.203558
vn 0.732168 0.644341 0.220805
vn 0.4858 0.1727 -0.856839
vn 0.263975 0.0469598 -0.963386
vn 0.143751 0.0183932 -0.989443
vn -0.625292 0.0275009 -0.779906
vn -0.59464 -0.109491 -0.796502
vn -0.695456 0.115878 -0.709163
vn 0.198125 0.22722 -0.953476
vn 0.187773 0.331029 -0.924749
vn -0.640642 0.370658 -0.672451
vn -0.644884 0.427691 -0.633408
vn 0.23637 0.570835 -0.786306
vn -0.286056 0.641528 -0.711768
vn -0.719783 0.473133 -0.507994
vn 0.0411116 0.757789 -0.651203
vn -0.471935 0.662342 -0.581877
vn -0.849142 0.416402 -0.32491
vn -0.0933474 0.82999 -0.549912
vn -0.605611 0.660699 -0.443523
vn -0.920215 0.232695 -0.314734
vn -0.404077 0.764552 -0.502177
vn -0.85105 0.339912 -0.400217
vn -0.97654 -0.0592382 -0.207028
vn -0.541786 0.652753 -0.52951
vn -0.995592 0.0219033 -0.0912005
vn 0.0824476 0.564462 -0.821331
vn -0.128261 0.599893 -0.789733
vn -0.298854 0.62484 -0.721292
vn 0.11808 -0.274113 -0.954421
vn 0.146131 -0.302385 -0.941918
vn -0.0724384 -0.223248 -0.972066
vn -0.454188 0.600936 -0.657715
vn -0.532018 0.534887 -0.656394
vn -0.124751 -0.178288 -0.976038
vn -0.114161 -0.176765 -0.97761
vn -0.655899 0.403561 -0.637915
vn -0.416188 -0.000115098 -0.909278
vn -0.0785045 -0.407836 -0.909674
vn -0.725957 0.145181 -0.672241
vn -0.748593 0.109952 -0.653849
vn -0.244073 -0.598654 -0.762916
vn -0.334583 -0.687885 -0.644103
vn -0.874126 0.0949139 -0.476334
vn -0.729834 -0.394683 -0.558183
vn -0.333592 -0.717241 -0.611785
vn -0.80246 -0.136419 -0.580902
vn -0.386246 -0.57913 -0.717929
vn 0.0191413 -0.766144 -0.642384
vn -0.615823 -0.213415 -0.75843
vn -0.0209042 -0.807306 -0.589763
vn -0.162706 -0.430748 -0.887684
vn -0.241337 -0.381895 -0.892139
vn -0.220907 -0.505715 -0.833938
vn 0.0221948 0.466866 -0.88405
vn -0.0608032 0.472331 -0.879321
vn 0.0564272 0.47074 -0.880466
vn -0.0296165 -0.693717 -0.719639
vn 0.30181 -0.343632 -0.889285
vn 0.541536 -0.0626707 -0.838339
vn 0.343364 0.0795904 -0.935824
vn 0.362381 -0.676543 -0.641069
vn 0.424316 -0.200883 -0.882951
vn 0.434075 0.335631 -0.836021
vn 0.457555 -0.516128 -0.724055
vn 0.417396 -0.577673 -0.70148
vn 0.622698 0.347043 -0.70129
vn 0.735289 0.262203 -0.62498
vn 0.442001 -0.701407 -0.559162
vn 0.723285 -0.30588 -0.619108
vn 0.7099 0.168255 -0.683909
vn 0.64426 -0.579849 -0.498702
vn 0.738457 0.00425712 -0.674287
vn 0.403774 0.466214 -0.787154
vn 0.754356 -0.462602 -0.465776
vn 0.842926 0.409036 -0.349522
vn 0.19583 0.444166 -0.874281
vn 0.128734 0.247055 -0.960412
vn -0.17704 -0.226836 -0.957707
vn -0.251834 -0.564487 -0.786088
vn -0.455757 -0.586092 -0.669912
vn -0.204648 0.305764 -0.929854
vn -0.568589 -0.144775 -0.809782
vn -0.675928 -0.558366 -0.480987
vn -0.617207 0.253195 -0.744948
vn -0.809362 -0.20686 -0.549675
vn -0.818752 -0.558005 -0.135184
vn -0.736148 0.182455 -0.651763
vn -0.737937 0.168088 -0.653602
vn -0.934364 -0.355336 -0.0264539
vn -0.800251 -0.598834 0.0315698
vn -0.834803 0.550455 0.010181
vn -0.988827 0.148969 -0.00549097
vn -0.862971 -0.503807 0.0382026
vn -0.351932 -0.934281 0.0571166
vn -0.91432 -0.404284 -0.0239406
vn -0.490457 -0.870373 0.0436217
vn -0.038845 -0.994532 0.0969357
vn -0.809082 -0.579913 -0.0953245
vn -0.0714955 -0.972872 0.220018
vn -0.390276 0.462099 -0.796334
vn -0.576627 0.230342 -0.783865
vn -0.654789 0.0715736 -0.752415
vn 0.283361 -0.0523791 -0.957582
vn 0.327332 -0.027171 -0.944519
vn 0.186661 -0.129355 -0.973871
vn -0.645079 0.0643949 -0.761397
vn -0.743398 0.0670671 -0.665479
vn 0.181107 -0.162284 -0.969981
vn 0.0235303 -0.341684 -0.93952
vn -0.84948 0.0105684 -0.527514
vn -0.932985 -0.10924 -0.342936
vn -0.133865 -0.484941 -0.864241
vn -0.288684 -0.566417 -0.771902
vn -0.946562 -0.230655 -0.225428
vn -0.654166 -0.49535 -0.571572
vn -0.193603 -0.565662 -0.801589
vn -0.843826 -0.453346 -0.287115
vn -0.390389 -0.609532 -0.689976
vn 0.200791 -0.516806 -0.832223
vn -0.536125 -0.574077 -0.618875
vn 0.0552022 -0.582932 -0.810644
vn 0.485315 -0.449292 -0.750071
vn -0.366097 -0.492726 -0.789427
vn 0.48882 -0.535106 -0.688997
vn 0.491768 -0.0869913 -0.86637
vn 0.524726 0.0133209 -0.851167
vn 0.125112 -0.385614 -0.914138
vn 0.457967 0.104614 -0.882793
vn -0.140113 0.187906 -0.972142
vn -0.293269 0.39895 -0.868811
vn -0.315764 0.345995 -0.883505
vn -0.383815 0.396659 -0.833875
vn 0.451262 0.257896 -0.854314
vn 0.375232 0.288716 -0.88082
vn -0.396652 0.533056 -0.747341
vn -0.423814 0.613355 -0.666466
vn 0.506151 0.45633 -0.731829
vn 0.0424259 0.720851 -0.691791
vn -0.445461 0.689849 -0.570678
vn 0.391964 0.776851 -0.492814
vn -0.19104 0.858647 -0.475636
vn -0.693542 0.664183 -0.279033
vn 0.145842 0.953834 -0.262547
vn -0.443185 0.865757 -0.232493
vn -0.873039 0.450743 -0.186102
vn -0.2546 0.942414 -0.216874
vn -0.778006 0.610557 -0.148078
vn -0.978074 0.207281 -0.0201437
vn -0.394472 0.906248 -0.15201
vn -0.933652 0.297316 0.199742
vn -0.586739 0.293703 -0.754636
vn -0.395967 0.155258 -0.905044
vn -0.124371 -0.28897 -0.949225
vn 0.189106 -0.51136 -0.838302
vn 0.0750879 -0.702222 -0.707988
vn -0.500628 0.0124923 -0.865572
vn -0.5693 -0.0451331 -0.82089
vn -0.152157 -0.774028 -0.614597
vn -0.180794 -0.803593 -0.567055
vn -0.753818 -0.111217 -0.647603
vn -0.538134 -0.596941 -0.59504
vn -0.135012 -0.882896 -0.449741
vn -0.77078 -0.366765 -0.520943
vn -0.418312 -0.761715 -0.494778
vn 0.0229212 -0.955466 -0.294208
vn -0.733536 -0.513377 -0.445387
vn -0.316133 -0.868913 -0.380856
vn 0.228244 -0.922621 -0.310927
vn -0.505218 -0.746188 -0.433542
vn 0.0941942 -0.917881 -0.385515
vn 0.520546 -0.820769 -0.235307
vn -0.339404 -0.807947 -0.48169
vn 0.468802 -0.876425 -0.110017
vn -0.349591 -0.307922 -0.884856
vn -0.291346 -0.501615 -0.814555
vn -0.2498 -0.652949 -0.715023
vn 0.382374 0.122144 -0.915899
vn 0.394001 0.160128 -0.905054
vn 0.428894 -0.0685892 -0.900747
vn -0.175329 -0.763307 -0.621789
vn -0.0868402 -0.797288 -0.597319
vn 0.405963 -0.131653 -0.904357
vn 0.393505 -0.11979 -0.911485
vn 0.0733549 -0.831487 -0.55068
vn 0.352504 -0.451246 -0.819828
vn 0.539541 0.0469034 -0.840652
vn 0.31892 -0.758219 -0.568677
vn 0.352144 -0.755652 -0.552254
vn 0.746402 0.0185592 -0.665237
vn 0.843499 -0.00227894 -0.537125
vn 0.395366 -0.838015 -0.376053
vn 0.757925 -0.476896 -0.445107
vn 0.850236 0.0269949 -0.525709
vn 0.562211 -0.662492 -0.494999
vn 0.756848 -0.0884646 -0.647576
vn 0.712747 0.361998 -0.60079
vn 0.548106 -0.466818 -0.694018
vn 0.760423 0.350665 -0.546618
vn 0.387469 0.279347 -0.87854
vn 0.384104 0.18443 -0.904682
vn 0.489022 0.245853 -0.836908
vn -0.484814 -0.00216705 -0.874615
vn -0.450502 -0.0735512 -0.889741
vn -0.503967 0.0223583 -0.863433
vn 0.570759 0.466185 -0.675948
vn 0.0959361 0.614124 -0.783357
vn -0.264822 0.679945 -0.683772
vn -0.298143 0.448848 -0.842405
vn 0.378525 0.759921 -0.52843
vn -0.0803429 0.624029 -0.77726
vn -0.55049 0.356177 -0.755048
vn 0.195977 0.756511 -0.623927
vn 0.272851 0.741442 -0.613038
vn -0.639468 0.476433 -0.603401
vn -0.613326 0.596971 -0.517162
vn 0.377006 0.792258 -0.479786
vn -0.10527 0.849647 -0.516738
vn -0.517052 0.611472 -0.598965
vn 0.178716 0.891211 -0.416897
vn -0.382975 0.705801 -0.595966
vn -0.630352 0.202153 -0.749526
vn 0.0245085 0.92223 -0.385864
vn -0.776674 0.56473 -0.279031
vn -0.570357 -0.237056 -0.786446
vn -0.374748 -0.21968 -0.900724
vn 0.187566 -0.257159 -0.947992
vn 0.532303 -0.12737 -0.836917
vn 0.667569 -0.259823 -0.697742
vn -0.250374 -0.516361 -0.818953
vn 0.333337 -0.58665 -0.738057
vn 0.778575 -0.408124 -0.476714
vn 0.028181 -0.792683 -0.608982
vn 0.540155 -0.695622 -0.473648
vn 0.882 -0.454974 -0.122778
vn 0.165768 -0.831885 -0.529611
vn 0.183039 -0.825254 -0.534278
vn 0.774142 -0.632698 0.019943
vn 0.922264 -0.384888 0.0359126
vn -0.0507205 -0.988925 0.139477
vn 0.372951 -0.923585 0.0888781
vn 0.873648 -0.483448 0.0549355
vn 0.9842 0.176933 -0.00671209
vn 0.812769 -0.582583 0.00203164
vn 0.999749 0.022145 0.0033357
vn 0.878178 0.477999 0.017924
vn 0.907054 -0.411118 -0.0907461
vn 0.880939 0.447932 0.152652
vn -0.0216397 -0.485702 -0.873857
vn 0.260516 -0.540002 -0.800331
vn 0.4247 -0.537288 -0.728664
vn 0.122721 0.363331 -0.923542
vn 0.079613 0.389612 -0.917532
vn 0.236293 0.316099 -0.918829
vn 0.416057 -0.529791 -0.739066
vn 0.43763 -0.628757 -0.642763
vn 0.256878 0.322048 -0.911207
vn 0.473826 0.26377 -0.840187
vn 0.498334 -0.709004 -0.498975
vn 0.604917 -0.741361 -0.290619
vn 0.643657 0.181266 -0.743538
vn 0.766176 0.0726629 -0.63851
vn 0.690549 -0.705213 -0.160676
vn 0.831472 -0.304011 -0.465008
vn 0.702579 0.143994 -0.696885
vn 0.833889 -0.512303 -0.205365
vn 0.801814 -0.0222074 -0.59716
vn 0.451114 0.45877 -0.765524
vn 0.820722 -0.175512 -0.543702
vn 0.564229 0.356211 -0.744822
vn 0.232972 0.667832 -0.706912
vn 0.677759 -0.0603618 -0.732803
vn 0.296765 0.70729 -0.641616
# 5676 normals
usemtl Stalk
f  1/1/1 5/2/2 2/3/1
f  1/4/3 8/5/4 5/6/5
f  2/3/1 5/2/2 6/7/6
f  2/3/7 6/7/8 3/8/7
f  3/8/7 6/7/8 7/9/9
f  3/8/10 7/9/11 4/10/10
f  4/10/10 7/9/11 8/5/12
f  4/10/3 8/5/4 1/4/3
f  5/2/2 9/11/13 6/7/6
f  5/6/5 12/12/14 9/13/15
f  6/7/6 9/11/13 10/14/16
f  6/7/8 10/14/17 7/9/9
f  7/9/9 10/14/17 11/15/18
f  7/9/11 11/15/19 8/5/12
f  8/5/12 11/15/19 12/12/20
f  8/5/4 12/12/14 5/6/5
f  9/11/13 13/16/21 10/14/16
f  9/13/15 16/17/22 13/18/23
f  10/14/16 13/16/21 14/19/24
f  10/14/17 14/19/25 11/15/18
f  11/15/18 14/19/25 15/20/26
f  11/15/19 15/20/27 12/12/20
f  12/12/20 15/20/27 16/17/28
f  12/12/14 16/17/22 9/13/15
f  13/16/21 17/21/29 14/19/24
f  13/18/23 20/22/30 17/23/31
f  14/19/24 17/21/29 18/24/32
f  14/19/25 18/24/33 15/20/26
f  15/20/26 18/24/33 19/25/34
f  15/20/27 19/25/35 16/17/28
f  16/17/28 19/25/35 20/22/36
f  16/17/22 20/22/30 13/18/23
f  17/21/29 21/26/37 18/24/32
f  17/23/31 24/27/38 21/28/39
f  18/24/32 21/26/37 22/29/40
f  18/24/33 22/29/41 19/25/34
f  19/25/34 22/29/41 23/30/42
f  19/25/35 23/30/43 20/22/36
f  20/22/36 23/30/43 24/27/44
f  20/22/30 24/27/38 17/23/31
f  21/26/37 25/31/45 22/29/40
f  21/28/39 28/32/46 25/33/47
f  22/29/40 25/31/45 26/34/48
f  22/29/41 26/34/49 23/30/42
f  23/30/42 26/34/49 27/35/50
f  23/30/43 27/35/51 24/27/44
f  24/27/44 27/35/51 28/32/52
f  24/27/38 28/32/46 21/28/39
f  25/31/45 29/36/53 26/34/48
f  25/33/47 32/37/54 29/38/55
f  26/34/48 29/36/53 30/39/56
f  26/34/49 30/39/57 27/35/50
f  27/35/50 30/39/57 31/40/58
f  27/35/51 31/40/59 28/32/52
f  28/32/52 31/40/59 32/37/60
f  28/32/46 32/37/54 25/33/47
f  29/36/53 33/41/61 30/39/56
f  29/38/55 36/42/62 33/43/63
f  30/39/56 33/41/61 34/44/64
f  30/39/57 34/44/65 31/40/58
f  31/40/58 34/44/65 35/45/66
f  31/40/59 35/45/67 32/37/60
f  32/37/60 35/45/67 36/42/68
f  32/37/54 36/42/62 29/38/55
f  33/41/61 37/46/69 34/44/64
f  33/43/63 40/47/70 37/48/71
f  34/44/64 37/46/69 38/49/72
f  34/44/65 38/49/73 35/45/66
f  35/45/66 38/49/73 39/50/74
f  35/45/67 39/50/75 36/42/68
f  36/42/68 39/50/75 40/47/76
f  36/42/62 40/47/70 33/43/63
f  37/46/69 41/51/77 38/49/72
f  37/48/71 44/52/78 41/53/79
f  38/49/72 41/51/77 42/54/80
f  38/49/73 42/54/81 39/50/74
f  39/50/74 42/54/81 43/55/82
f  39/50/75 43/55/83 40/47/76
f  40/47/76 43/55/83 44/52/84
f  40/47/70 44/52/78 37/48/71
f  41/51/77 45/56/85 42/54/80
f  41/53/79 48/57/86 45/58/87
f  42/54/80 45/56/85 46/59/88
f  42/54/81 46/59/89 43/55/82
f  43/55/82 46/59/89 47/60/90
f  43/55/83 47/60/91 44/52/84
f  44/52/84 47/60/91 48/57/92
f  44/52/78 48/57/86 41/53/79
f  49/61/93 53/62/94 50/63/95
f  49/64/96 56/65/97 53/66/98
f  50/63/95 53/62/94 54/67/99
f  50/63/100 54/67/101 51/68/102
f  51/68/102 54/67/101 55/69/103
f  51/68/104 55/69/105 52/70/106
f  52/70/106 55/69/105 56/65/107
f  52/70/108 56/65/97 49/64/96
f  53/62/94 57/71/109 54/67/99
f  53/66/98 60/72/110 57/73/111
f  53/62/94 89/71/112 54/67/99
f  53/66/113 92/72/114 89/73/115
f  54/67/99 57/71/109 58/74/116
f  54/67/101 58/74/117 55/69/103
f  54/67/118 89/71/119 90/74/120
f  54/67/121 90/74/121 55/69/121
f  55/69/103 58/74/117 59/75/122
f  55/69/105 59/75/123 56/65/107
f  55/69/124 90/74/125 91/75/126
f  55/69/127 91/75/127 56/65/127
f  56/65/107 59/75/123 60/72/128
f  56/65/97 60/72/110 53/66/98
f  56/65/129 91/75/130 92/72/131
f  56/65/97 92/72/132 53/66/98
f  57/71/109 61/76/133 58/74/116
f  57/73/111 64/77/134 61/78/135
f  57/71/136 85/76/136 58/74/136
f  57/73/137 88/77/137 85/78/137
f  58/74/116 61/76/133 62/79/138
f  58/74/117 62/79/139 59/75/122
f  58/74/140 85/76/140 86/79/140
f  58/74/141 86/79/141 59/75/141
f  59/75/122 62/79/139 63/80/142
f  59/75/123 63/80/143 60/72/128
f  59/75/144 86/79/144 87/80/144
f  59/75/145 87/80/145 60/72/145
f  60/72/128 63/80/143 64/77/146
f  60/72/110 64/77/134 57/73/111
f  60/72/147 87/80/147 88/77/147
f  60/72/148 88/77/148 57/73/148
f  61/76/133 65/81/149 62/79/138
f  61/78/135 68/82/150 65/83/151
f  62/79/138 65/81/149 66/84/152
f  62/79/139 66/84/153 63/80/142
f  63/80/142 66/84/153 67/85/154
f  63/80/143 67/85/155 64/77/146
f  64/77/146 67/85/155 68/82/156
f  64/77/134 68/82/150 61/78/135
f  65/81/149 69/86/157 66/84/152
f  65/83/151 72/87/158 69/88/159
f  65/81/149 81/86/160 66/84/152
f  65/83/151 84/87/161 81/88/162
f  66/84/152 69/86/157 70/89/163
f  66/84/153 70/89/164 67/85/154
f  66/84/152 81/86/160 82/89/165
f  66/84/153 82/89/166 67/85/154
f  67/85/154 70/89/164 71/90/167
f  67/85/155 71/90/168 68/82/156
f  67/85/154 82/89/166 83/90/169
f  67/85/155 83/90/170 68/82/156
f  68/82/156 71/90/168 72/87/171
f  68/82/150 72/87/158 65/83/151
f  68/82/156 83/90/170 84/87/172
f  68/82/150 84/87/161 65/83/151
f  69/86/157 73/91/173 70/89/163
f  69/88/159 76/92/174 73/93/175
f  69/86/176 77/91/176 70/89/176
f  69/88/177 80/92/177 77/93/177
f  70/89/163 73/91/173 74/94/178
f  70/89/164 74/94/179 71/90/167
f  70/89/180 77/91/180 78/94/180
f  70/89/164 78/94/181 71/90/167
f  71/90/167 74/94/179 75/95/182
f  71/90/168 75/95/183 72/87/171
f  71/90/184 78/94/185 79/95/186
f  71/90/168 79/95/187 72/87/171
f  72/87/171 75/95/183 76/92/188
f  72/87/158 76/92/174 69/88/159
f  72/87/189 79/95/190 80/92/191
f  72/87/192 80/92/192 69/88/192
usemtl Leaf
f  93/8/193 96/96/194 94/10/195
f  94/10/195 96/96/194 97/97/196
f  94/10/195 97/97/196 95/4/197
f  95/4/197 97/97/196 98/98/198
f  96/96/194 99/9/199 97/97/196
f  97/97/196 99/9/199 100/5/200
f  97/97/196 100/5/200 98/98/198
f  98/98/198 100/5/200 101/6/201
f  99/9/199 102/99/202 100/5/200
f  100/5/200 102/99/202 103/100/203
f  100/5/200 103/100/203 101/6/201
f  101/6/201 103/100/203 104/101/204
f  102/99/202 105/15/205 103/100/203
f  103/100/203 105/15/205 106/12/206
f  103/100/203 106/12/206 104/101/204
f  104/101/204 106/12/206 107/13/207
f  105/15/205 108/102/208 106/12/206
f  106/12/206 108/102/208 109/103/209
f  106/12/206 109/103/209 107/13/207
f  107/13/207 109/103/209 110/104/210
f  108/102/211 111/17/212 109/103/212
f  109/103/212 111/17/212 110/104/213
f  112/8/214 115/96/215 113/10/216
f  113/10/216 115/96/215 116/97/217
f  113/10/216 116/97/217 114/4/218
f  114/4/218 116/97/217 117/98/219
f  115/96/215 118/9/220 116/97/217
f  116/97/217 118/9/220 119/5/221
f  116/97/217 119/5/221 117/98/219
f  117/98/219 119/5/221 120/6/222
f  118/9/220 121/99/223 119/5/221
f  119/5/221 121/99/223 122/100/224
f  119/5/221 122/100/224 120/6/222
f  120/6/222 122/100/224 123/101/225
f  121/99/226 124/15/227 122/100/224
f  122/100/224 124/15/227 125/12/228
f  122/100/224 125/12/228 123/101/225
f  123/101/225 125/12/228 126/13/229
f  124/15/227 127/102/230 125/12/228
f  125/12/228 127/102/230 128/103/231
f  125/12/228 128/103/231 126/13/229
f  126/13/229 128/103/231 129/104/232
f  127/102/230 130/17/233 128/103/231
f  128/103/231 130/17/233 129/104/232
f  131/8/234 134/96/235 132/10/236
f  132/10/236 134/96/235 135/97/237
f  132/10/236 135/97/237 133/4/238
f  133/4/238 135/97/237 136/98/239
f  134/96/235 137/9/240 135/97/237
f  135/97/237 137/9/240 138/5/241
f  135/97/237 138/5/241 136/98/239
f  136/98/239 138/5/241 139/6/242
f  137/9/240 140/99/243 138/5/241
f  138/5/241 140/99/243 141/100/244
f  138/5/241 141/100/244 139/6/242
f  139/6/242 141/100/244 142/101/245
f  140/99/243 143/15/246 141/100/244
f  141/100/244 143/15/246 144/12/247
f  141/100/244 144/12/247 142/101/245
f  142/101/245 144/12/247 145/13/248
f  143/15/246 146/102/249 144/12/247
f  144/12/247 146/102/249 147/103/250
f  144/12/247 147/103/250 145/13/248
f  145/13/248 147/103/250 148/104/251
f  146/102/249 149/17/252 147/103/250
f  147/103/250 149/17/252 148/104/251
f  150/8/253 153/96/254 151/10/255
f  151/10/255 153/96/254 154/97/256
f  151/10/255 154/97/256 152/4/257
f  152/4/257 154/97/256 155/98/258
f  153/96/254 156/9/259 154/97/256
f  154/97/256 156/9/259 157/5/260
f  154/97/256 157/5/260 155/98/258
f  155/98/258 157/5/260 158/6/261
f  156/9/259 159/99/262 157/5/260
f  157/5/260 159/99/262 160/100/263
f  157/5/260 160/100/263 158/6/261
f  158/6/261 160/100/263 161/101/264
f  159/99/262 162/15/265 160/100/263
f  160/100/263 162/15/265 163/12/266
f  160/100/263 163/12/266 161/101/264
f  161/101/264 163/12/266 164/13/267
f  162/15/265 165/102/268 163/12/266
f  163/12/266 165/102/268 166/103/269
f  163/12/266 166/103/269 164/13/270
f  164/13/270 166/103/269 167/104/271
f  165/102/268 168/17/272 166/103/269
f  166/103/269 168/17/272 167/104/271
f  169/8/273 172/96/274 170/10/275
f  170/10/275 172/96/274 173/97/276
f  170/10/275 173/97/276 171/4/277
f  171/4/277 173/97/276 174/98/278
f  172/96/274 175/9/279 173/97/276
f  173/97/276 175/9/279 176/5/280
f  173/97/276 176/5/280 174/98/278
f  174/98/278 176/5/280 177/6/281
f  175/9/279 178/99/282 176/5/280
f  176/5/280 178/99/282 179/100/283
f  176/5/280 179/100/283 177/6/281
f  177/6/281 179/100/283 180/101/284
f  178/99/285 181/15/286 179/100/287
f  179/100/287 181/15/286 182/12/288
f  179/100/287 182/12/288 180/101/289
f  180/101/289 182/12/288 183/13/290
f  181/15/286 184/102/291 182/12/288
f  182/12/288 184/102/291 185/103/292
f  182/12/288 185/103/292 183/13/290
f  183/13/290 185/103/292 186/104/293
f  184/102/291 187/17/294 185/103/292
f  185/103/292 187/17/294 186/104/293
f  188/8/295 191/96/296 189/10/297
f  189/10/297 191/96/296 192/97/298
f  189/10/297 192/97/298 190/4/299
f  190/4/299 192/97/298 193/98/300
f  191/96/296 194/9/301 192/97/298
f  192/97/298 194/9/301 195/5/302
f  192/97/298 195/5/302 193/98/300
f  193/98/300 195/5/302 196/6/303
f  194/9/301 197/99/304 195/5/302
f  195/5/302 197/99/304 198/100/305
f  195/5/302 198/100/305 196/6/303
f  196/6/303 198/100/305 199/101/306
f  197/99/307 200/15/308 198/100/305
f  198/100/305 200/15/308 201/12/309
f  198/100/305 201/12/309 199/101/306
f  199/101/306 201/12/309 202/13/310
f  200/15/308 203/102/311 201/12/309
f  201/12/309 203/102/311 204/103/312
f  201/12/309 204/103/312 202/13/310
f  202/13/310 204/103/312 205/104/313
f  203/102/311 206/17/314 204/103/314
f  204/103/314 206/17/314 205/104/315
usemtl Stalk
f  73/91/173 207/105/316 74/94/178
f  73/93/175 210/106/317 207/107/318
f  74/94/178 207/105/316 208/108/319
f  74/94/179 208/108/320 75/95/182
f  75/95/182 208/108/320 209/109/321
f  75/95/183 209/109/322 76/92/188
f  76/92/188 209/109/322 210/106/323
f  76/92/174 210/106/317 73/93/175
f  207/105/316 211/110/324 208/108/319
f  207/107/318 214/111/325 211/112/326
f  208/108/319 211/110/324 212/113/327
f  208/108/320 212/113/328 209/109/321
f  209/109/321 212/113/328 213/114/329
f  209/109/322 213/114/330 210/106/323
f  210/106/323 213/114/330 214/111/331
f  210/106/317 214/111/325 207/107/318
f  211/110/324 215/115/332 212/113/327
f  211/112/326 218/116/333 215/117/334
f  212/113/327 215/115/332 216/118/335
f  212/113/328 216/118/336 213/114/329
f  213/114/329 216/118/336 217/119/337
f  213/114/330 217/119/338 214/111/331
f  214/111/331 217/119/338 218/116/339
f  214/111/325 218/116/333 211/112/326
f  215/115/332 219/120/340 216/118/335
f  215/117/334 222/121/341 219/122/342
f  216/118/335 219/120/340 220/123/343
f  216/118/336 220/123/344 217/119/337
f  217/119/337 220/123/344 221/124/345
f  217/119/338 221/124/346 218/116/339
f  218/116/339 221/124/346 222/121/347
f  218/116/333 222/121/341 215/117/334
f  219/120/340 223/125/348 220/123/343
f  219/122/342 226/126/349 223/127/350
f  220/123/343 223/125/348 224/128/351
f  220/123/344 224/128/352 221/124/345
f  221/124/345 224/128/352 225/129/353
f  221/124/346 225/129/354 222/121/347
f  222/121/347 225/129/354 226/126/355
f  222/121/341 226/126/349 219/122/342
f  223/125/348 227/130/356 224/128/351
f  223/127/350 230/131/357 227/132/358
f  224/128/351 227/130/356 228/133/359
f  224/128/352 228/133/360 225/129/353
f  225/129/353 228/133/360 229/134/361
f  225/129/354 229/134/362 226/126/355
f  226/126/355 229/134/362 230/131/363
f  226/126/349 230/131/357 223/127/350
f  227/130/356 231/135/364 228/133/359
f  227/132/358 234/136/365 231/137/366
f  228/133/359 231/135/364 232/138/367
f  228/133/360 232/138/368 229/134/361
f  229/134/361 232/138/368 233/139/369
f  229/134/362 233/139/370 230/131/363
f  230/131/363 233/139/370 234/136/371
f  230/131/357 234/136/365 227/132/358
f  231/135/364 235/140/372 232/138/367
f  231/137/366 238/141/373 235/142/374
f  232/138/367 235/140/372 236/143/375
f  232/138/368 236/143/376 233/139/369
f  233/139/369 236/143/376 237/144/377
f  233/139/370 237/144/378 234/136/371
f  234/136/371 237/144/378 238/141/379
f  234/136/365 238/141/373 231/137/366
f  235/140/372 239/145/380 236/143/375
f  235/142/374 242/146/381 239/147/382
f  236/143/375 239/145/380 240/148/383
f  236/143/376 240/148/384 237/144/377
f  237/144/377 240/148/384 241/149/385
f  237/144/378 241/149/386 238/141/379
f  238/141/379 241/149/386 242/146/387
f  238/141/373 242/146/381 235/142/374
f  239/145/380 243/150/388 240/148/383
f  239/147/382 246/151/389 243/152/390
f  240/148/383 243/150/388 244/153/391
f  240/148/384 244/153/392 241/149/385
f  241/149/385 244/153/392 245/154/393
f  241/149/386 245/154/394 242/146/387
f  242/146/387 245/154/394 246/151/395
f  242/146/381 246/151/389 239/147/382
f  77/91/396 247/105/397 78/94/398
f  77/93/399 250/106/400 247/107/401
f  78/94/398 247/105/397 248/108/402
f  78/94/185 248/108/403 79/95/186
f  79/95/186 248/108/403 249/109/404
f  79/95/190 249/109/405 80/92/191
f  80/92/191 249/109/405 250/106/406
f  80/92/407 250/106/400 77/93/399
f  247/105/397 251/110/408 248/108/402
f  247/107/401 254/111/409 251/112/410
f  248/108/402 251/110/408 252/113/411
f  248/108/403 252/113/412 249/109/404
f  249/109/404 252/113/412 253/114/413
f  249/109/405 253/114/414 250/106/406
f  250/106/406 253/114/414 254/111/415
f  250/106/400 254/111/409 247/107/401
f  251/110/408 255/115/416 252/113/411
f  251/112/410 258/116/417 255/117/418
f  252/113/411 255/115/416 256/118/419
f  252/113/412 256/118/420 253/114/413
f  253/114/413 256/118/420 257/119/421
f  253/114/414 257/119/422 254/111/415
f  254/111/415 257/119/422 258/116/423
f  254/111/409 258/116/417 251/112/410
f  255/115/416 259/120/424 256/118/419
f  255/117/418 262/121/425 259/122/426
f  256/118/419 259/120/424 260/123/427
f  256/118/420 260/123/428 257/119/421
f  257/119/421 260/123/428 261/124/429
f  257/119/422 261/124/430 258/116/423
f  258/116/423 261/124/430 262/121/431
f  258/116/417 262/121/425 255/117/418
f  259/120/424 263/125/432 260/123/427
f  259/122/426 266/126/433 263/127/434
f  260/123/427 263/125/432 264/128/435
f  260/123/428 264/128/436 261/124/429
f  261/124/429 264/128/436 265/129/437
f  261/124/430 265/129/438 262/121/431
f  262/121/431 265/129/438 266/126/439
f  262/121/425 266/126/433 259/122/426
f  263/125/432 267/130/440 264/128/435
f  263/127/434 270/131/441 267/132/442
f  264/128/435 267/130/440 268/133/443
f  264/128/436 268/133/444 265/129/437
f  265/129/437 268/133/444 269/134/445
f  265/129/438 269/134/446 266/126/439
f  266/126/439 269/134/446 270/131/447
f  266/126/433 270/131/441 263/127/434
f  267/130/440 271/135/448 268/133/443
f  267/132/442 274/136/449 271/137/450
f  268/133/443 271/135/448 272/138/451
f  268/133/444 272/138/452 269/134/445
f  269/134/445 272/138/452 273/139/453
f  269/134/446 273/139/454 270/131/447
f  270/131/447 273/139/454 274/136/455
f  270/131/441 274/136/449 267/132/442
f  271/135/448 275/140/456 272/138/451
f  271/137/450 278/141/457 275/142/458
f  272/138/451 275/140/456 276/143/459
f  272/138/452 276/143/460 273/139/453
f  273/139/453 276/143/460 277/144/461
f  273/139/454 277/144/462 274/136/455
f  274/136/455 277/144/462 278/141/463
f  274/136/449 278/141/457 271/137/450
f  275/140/456 279/145/464 276/143/459
f  275/142/458 282/146/465 279/147/466
f  276/143/459 279/145/464 280/148/467
f  276/143/460 280/148/468 277/144/461
f  277/144/461 280/148/468 281/149/469
f  277/144/462 281/149/470 278/141/463
f  278/141/463 281/149/470 282/146/471
f  278/141/457 282/146/465 275/142/458
f  279/145/464 283/150/472 280/148/467
f  279/147/466 286/151/473 283/152/474
f  280/148/467 283/150/472 284/153/475
f  280/148/468 284/153/476 281/149/469
f  281/149/469 284/153/476 285/154/477
f  281/149/470 285/154/478 282/146/471
f  282/146/471 285/154/478 286/151/479
f  282/146/465 286/151/473 279/147/466
f  287/155/480 288/156/480 289/157/480
f  287/155/481 289/157/481 290/158/481
f  287/155/482 290/158/482 291/159/482
f  287/155/483 291/159/483 292/160/483
f  287/155/484 292/160/484 288/161/484
f  288/156/485 293/162/486 289/157/486
f  288/161/487 297/163/487 293/164/488
f  289/157/486 293/162/486 294/165/489
f  289/157/490 294/165/491 290/158/491
f  290/158/491 294/165/491 295/166/492
f  290/158/493 295/166/493 291/159/493
f  291/159/493 295/166/493 296/167/493
f  291/159/494 296/167/495 292/160/495
f  292/160/495 296/167/495 297/163/496
f  292/160/497 297/163/487 288/161/487
f  293/162/498 298/168/498 294/165/498
f  294/165/499 298/168/499 295/166/499
f  295/166/500 298/168/500 296/167/500
f  296/167/501 298/168/501 297/163/501
f  297/163/502 298/168/502 293/164/502
f  299/155/503 300/156/503 301/157/503
f  299/155/504 301/157/504 302/158/504
f  299/155/505 302/158/505 303/159/505
f  299/155/506 303/159/506 304/160/506
f  299/155/507 304/160/507 300/161/507
f  300/156/508 305/162/509 301/157/509
f  300/161/510 309/163/510 305/164/511
f  301/157/509 305/162/509 306/165/512
f  301/157/513 306/165/514 302/158/514
f  302/158/514 306/165/514 307/166/515
f  302/158/516 307/166/517 303/159/517
f  303/159/517 307/166/517 308/167/518
f  303/159/519 308/167/520 304/160/520
f  304/160/520 308/167/520 309/163/521
f  304/160/522 309/163/510 300/161/510
f  305/162/523 310/168/523 306/165/523
f  306/165/524 310/168/524 307/166/524
f  307/166/525 310/168/525 308/167/525
f  308/167/526 310/168/526 309/163/526
f  309/163/527 310/168/527 305/164/527
f  311/155/528 312/156/528 313/157/528
f  311/155/529 313/157/529 314/158/529
f  311/155/482 314/158/482 315/159/482
f  311/155/483 315/159/483 316/160/483
f  311/155/484 316/160/484 312/161/484
f  312/156/530 317/162/531 313/157/531
f  312/161/497 321/163/497 317/164/497
f  313/157/531 317/162/531 318/165/532
f  313/157/533 318/165/534 314/158/534
f  314/158/534 318/165/534 319/166/535
f  314/158/493 319/166/536 315/159/536
f  315/159/536 319/166/536 320/167/537
f  315/159/538 320/167/539 316/160/539
f  316/160/539 320/167/539 321/163/540
f  316/160/497 321/163/497 312/161/497
f  317/162/541 322/168/541 318/165/541
f  318/165/542 322/168/542 319/166/542
f  319/166/543 322/168/543 320/167/543
f  320/167/544 322/168/544 321/163/544
f  321/163/545 322/168/545 317/164/545
f  323/155/546 324/156/546 325/157/546
f  323/155/547 325/157/547 326/158/547
f  323/155/548 326/158/548 327/159/548
f  323/155/549 327/159/549 328/160/549
f  323/155/550 328/160/550 324/161/550
f  324/156/551 329/162/552 325/157/552
f  324/161/553 333/163/553 329/164/554
f  325/157/552 329/162/552 330/165/555
f  325/157/556 330/165/557 326/158/557
f  326/158/557 330/165/557 331/166/558
f  326/158/559 331/166/560 327/159/560
f  327/159/560 331/166/560 332/167/518
f  327/159/561 332/167/561 328/160/561
f  328/160/561 332/167/561 333/163/561
f  328/160/562 333/163/553 324/161/553
f  329/162/563 334/168/563 330/165/563
f  330/165/524 334/168/524 331/166/524
f  331/166/525 334/168/525 332/167/525
f  332/167/564 334/168/564 333/163/564
f  333/163/565 334/168/565 329/164/565
usemtl Leaf
f  335/8/566 338/96/567 336/10/568
f  336/10/568 338/96/567 339/97/569
f  336/10/568 339/97/569 337/4/570
f  337/4/570 339/97/569 340/98/571
f  338/96/567 341/9/572 339/97/569
f  339/97/569 341/9/572 342/5/573
f  339/97/569 342/5/573 340/98/571
f  340/98/571 342/5/573 343/6/574
f  341/9/572 344/99/575 342/5/573
f  342/5/573 344/99/575 345/100/576
f  342/5/573 345/100/576 343/6/574
f  343/6/574 345/100/576 346/101/577
f  344/99/575 347/15/578 345/100/576
f  345/100/576 347/15/578 348/12/579
f  345/100/576 348/12/579 346/101/577
f  346/101/577 348/12/579 349/13/580
f  347/15/578 350/102/581 348/12/579
f  348/12/579 350/102/581 351/103/582
f  348/12/579 351/103/582 349/13/580
f  349/13/580 351/103/582 352/104/583
f  350/102/581 353/17/584 351/103/582
f  351/103/582 353/17/584 352/104/583
f  354/8/585 357/96/586 355/10/587
f  355/10/587 357/96/586 358/97/588
f  355/10/587 358/97/588 356/4/589
f  356/4/589 358/97/588 359/98/590
f  357/96/586 360/9/591 358/97/588
f  358/97/588 360/9/591 361/5/592
f  358/97/588 361/5/592 359/98/590
f  359/98/590 361/5/592 362/6/593
f  360/9/591 363/99/594 361/5/592
f  361/5/592 363/99/594 364/100/595
f  361/5/592 364/100/595 362/6/593
f  362/6/593 364/100/595 365/101/596
f  363/99/594 366/15/597 364/100/595
f  364/100/595 366/15/597 367/12/598
f  364/100/595 367/12/598 365/101/596
f  365/101/596 367/12/598 368/13/599
f  366/15/597 369/102/600 367/12/598
f  367/12/598 369/102/600 370/103/601
f  367/12/598 370/103/601 368/13/599
f  368/13/599 370/103/601 371/104/602
f  369/102/600 372/17/603 370/103/601
f  370/103/601 372/17/603 371/104/602
f  373/8/604 376/96/605 374/10/606
f  374/10/606 376/96/605 377/97/607
f  374/10/606 377/97/607 375/4/608
f  375/4/608 377/97/607 378/98/609
f  376/96/605 379/9/610 377/97/607
f  377/97/607 379/9/610 380/5/611
f  377/97/607 380/5/611 378/98/609
f  378/98/609 380/5/611 381/6/612
f  379/9/610 382/99/613 380/5/611
f  380/5/611 382/99/613 383/100/614
f  380/5/611 383/100/614 381/6/612
f  381/6/612 383/100/614 384/101/615
f  382/99/613 385/15/616 383/100/614
f  383/100/614 385/15/616 386/12/617
f  383/100/614 386/12/617 384/101/615
f  384/101/615 386/12/617 387/13/618
f  385/15/616 388/102/619 386/12/617
f  386/12/617 388/102/619 389/103/620
f  386/12/617 389/103/620 387/13/618
f  387/13/618 389/103/620 390/104/621
f  388/102/619 391/17/622 389/103/620
f  389/103/620 391/17/622 390/104/621
f  392/8/623 395/96/624 393/10/625
f  393/10/625 395/96/624 396/97/626
f  393/10/625 396/97/626 394/4/627
f  394/4/627 396/97/626 397/98/628
f  395/96/624 398/9/629 396/97/626
f  396/97/626 398/9/629 399/5/630
f  396/97/626 399/5/630 397/98/628
f  397/98/628 399/5/630 400/6/631
f  398/9/629 401/99/632 399/5/630
f  399/5/630 401/99/632 402/100/633
f  399/5/630 402/100/633 400/6/631
f  400/6/631 402/100/633 403/101/634
f  401/99/632 404/15/635 402/100/633
f  402/100/633 404/15/635 405/12/636
f  402/100/633 405/12/636 403/101/634
f  403/101/634 405/12/636 406/13/637
f  404/15/635 407/102/638 405/12/636
f  405/12/636 407/102/638 408/103/639
f  405/12/636 408/103/639 406/13/637
f  406/13/637 408/103/639 409/104/640
f  407/102/638 410/17/641 408/103/639
f  408/103/639 410/17/641 409/104/640
f  411/8/642 414/96/643 412/10/644
f  412/10/644 414/96/643 415/97/645
f  412/10/644 415/97/645 413/4/646
f  413/4/646 415/97/645 416/98/647
f  414/96/643 417/9/648 415/97/645
f  415/97/645 417/9/648 418/5/649
f  415/97/645 418/5/649 416/98/647
f  416/98/647 418/5/649 419/6/650
f  417/9/648 420/99/651 418/5/649
f  418/5/649 420/99/651 421/100/652
f  418/5/649 421/100/652 419/6/650
f  419/6/650 421/100/652 422/101/653
f  420/99/651 423/15/654 421/100/652
f  421/100/652 423/15/654 424/12/655
f  421/100/652 424/12/655 422/101/653
f  422/101/653 424/12/655 425/13/656
f  423/15/654 426/102/657 424/12/655
f  424/12/655 426/102/657 427/103/658
f  424/12/655 427/103/658 425/13/656
f  425/13/656 427/103/658 428/104/659
f  426/102/657 429/17/660 427/103/658
f  427/103/658 429/17/660 428/104/659
f  430/8/661 433/96/662 431/10/663
f  431/10/663 433/96/662 434/97/664
f  431/10/663 434/97/664 432/4/665
f  432/4/665 434/97/664 435/98/666
f  433/96/662 436/9/667 434/97/664
f  434/97/664 436/9/667 437/5/668
f  434/97/664 437/5/668 435/98/666
f  435/98/666 437/5/668 438/6/669
f  436/9/667 439/99/670 437/5/668
f  437/5/668 439/99/670 440/100/671
f  437/5/668 440/100/671 438/6/669
f  438/6/669 440/100/671 441/101/672
f  439/99/670 442/15/673 440/100/671
f  440/100/671 442/15/673 443/12/674
f  440/100/671 443/12/674 441/101/672
f  441/101/672 443/12/674 444/13/675
f  442/15/673 445/102/676 443/12/674
f  443/12/674 445/102/676 446/103/677
f  443/12/674 446/103/677 444/13/675
f  444/13/675 446/103/677 447/104/678
f  445/102/676 448/17/679 446/103/677
f  446/103/677 448/17/679 447/104/678
f  449/8/680 452/96/681 450/10/682
f  450/10/682 452/96/681 453/97/683
f  450/10/682 453/97/683 451/4/684
f  451/4/684 453/97/683 454/98/685
f  452/96/681 455/9/686 453/97/683
f  453/97/683 455/9/686 456/5/687
f  453/97/683 456/5/687 454/98/685
f  454/98/685 456/5/687 457/6/688
f  455/9/686 458/99/689 456/5/687
f  456/5/687 458/99/689 459/100/690
f  456/5/687 459/100/690 457/6/688
f  457/6/688 459/100/690 460/101/691
f  458/99/689 461/15/692 459/100/690
f  459/100/690 461/15/692 462/12/693
f  459/100/690 462/12/693 460/101/691
f  460/101/691 462/12/693 463/13/694
f  461/15/692 464/102/695 462/12/693
f  462/12/693 464/102/695 465/103/696
f  462/12/693 465/103/696 463/13/694
f  463/13/694 465/103/696 466/104/697
f  464/102/695 467/17/698 465/103/696
f  465/103/696 467/17/698 466/104/697
f  468/8/699 471/96/700 469/10/701
f  469/10/701 471/96/700 472/97/702
f  469/10/701 472/97/702 470/4/703
f  470/4/703 472/97/702 473/98/704
f  471/96/700 474/9/705 472/97/702
f  472/97/702 474/9/705 475/5/706
f  472/97/702 475/5/706 473/98/704
f  473/98/704 475/5/706 476/6/707
f  474/9/705 477/99/708 475/5/706
f  475/5/706 477/99/708 478/100/709
f  475/5/706 478/100/709 476/6/707
f  476/6/707 478/100/709 479/101/710
f  477/99/708 480/15/711 478/100/709
f  478/100/709 480/15/711 481/12/712
f  478/100/709 481/12/712 479/101/710
f  479/101/710 481/12/712 482/13/713
f  480/15/711 483/102/714 481/12/712
f  481/12/712 483/102/714 484/103/715
f  481/12/712 484/103/715 482/13/713
f  482/13/713 484/103/715 485/104/716
f  483/102/714 486/17/717 484/103/715
f  484/103/715 486/17/717 485/104/716
f  487/8/718 490/96/719 488/10/720
f  488/10/720 490/96/719 491/97/721
f  488/10/720 491/97/721 489/4/722
f  489/4/722 491/97/721 492/98/723
f  490/96/719 493/9/724 491/97/721
f  491/97/721 493/9/724 494/5/725
f  491/97/721 494/5/725 492/98/723
f  492/98/723 494/5/725 495/6/726
f  493/9/724 496/99/727 494/5/725
f  494/5/725 496/99/727 497/100/728
f  494/5/725 497/100/728 495/6/726
f  495/6/726 497/100/728 498/101/729
f  496/99/727 499/15/730 497/100/728
f  497/100/728 499/15/730 500/12/731
f  497/100/728 500/12/731 498/101/729
f  498/101/729 500/12/731 501/13/732
f  499/15/730 502/102/733 500/12/731
f  500/12/731 502/102/733 503/103/734
f  500/12/731 503/103/734 501/13/732
f  501/13/732 503/103/734 504/104/735
f  502/102/733 505/17/736 503/103/734
f  503/103/734 505/17/736 504/104/735
f  506/8/737 509/96/738 507/10/739
f  507/10/739 509/96/738 510/97/740
f  507/10/739 510/97/740 508/4/741
f  508/4/741 510/97/740 511/98/742
f  509/96/738 512/9/743 510/97/740
f  510/97/740 512/9/743 513/5/744
f  510/97/740 513/5/744 511/98/742
f  511/98/742 513/5/744 514/6/745
f  512/9/743 515/99/746 513/5/744
f  513/5/744 515/99/746 516/100/747
f  513/5/744 516/100/747 514/6/745
f  514/6/745 516/100/747 517/101/748
f  515/99/746 518/15/749 516/100/747
f  516/100/747 518/15/749 519/12/750
f  516/100/747 519/12/750 517/101/748
f  517/101/748 519/12/750 520/13/751
f  518/15/749 521/102/752 519/12/750
f  519/12/750 521/102/752 522/103/753
f  519/12/750 522/103/753 520/13/751
f  520/13/751 522/103/753 523/104/754
f  521/102/752 524/17/755 522/103/753
f  522/103/753 524/17/755 523/104/754
f  525/8/756 528/96/757 526/10/758
f  526/10/758 528/96/757 529/97/759
f  526/10/758 529/97/759 527/4/760
f  527/4/760 529/97/759 530/98/761
f  528/96/757 531/9/762 529/97/759
f  529/97/759 531/9/762 532/5/763
f  529/97/759 532/5/763 530/98/761
f  530/98/761 532/5/763 533/6/764
f  531/9/762 534/99/765 532/5/763
f  532/5/763 534/99/765 535/100/766
f  532/5/763 535/100/766 533/6/764
f  533/6/764 535/100/766 536/101/767
f  534/99/765 537/15/768 535/100/766
f  535/100/766 537/15/768 538/12/769
f  535/100/766 538/12/769 536/101/767
f  536/101/767 538/12/769 539/13/770
f  537/15/768 540/102/771 538/12/769
f  538/12/769 540/102/771 541/103/772
f  538/12/769 541/103/772 539/13/770
f  539/13/770 541/103/772 542/104/773
f  540/102/771 543/17/774 541/103/772
f  541/103/772 543/17/774 542/104/773
f  544/8/775 547/96/776 545/10/777
f  545/10/777 547/96/776 548/97/778
f  545/10/777 548/97/778 546/4/779
f  546/4/779 548/97/778 549/98/780
f  547/96/776 550/9/781 548/97/778
f  548/97/778 550/9/781 551/5/782
f  548/97/778 551/5/782 549/98/780
f  549/98/780 551/5/782 552/6/783
f  550/9/781 553/99/784 551/5/782
f  551/5/782 553/99/784 554/100/785
f  551/5/782 554/100/785 552/6/783
f  552/6/783 554/100/785 555/101/786
f  553/99/784 556/15/787 554/100/785
f  554/100/785 556/15/787 557/12/788
f  554/100/785 557/12/788 555/101/786
f  555/101/786 557/12/788 558/13/789
f  556/15/787 559/102/790 557/12/788
f  557/12/788 559/102/790 560/103/791
f  557/12/788 560/103/791 558/13/789
f  558/13/789 560/103/791 561/104/792
f  559/102/790 562/17/793 560/103/791
f  560/103/791 562/17/793 561/104/792
f  563/8/794 566/96/795 564/10/796
f  564/10/796 566/96/795 567/97/797
f  564/10/796 567/97/797 565/4/798
f  565/4/798 567/97/797 568/98/799
f  566/96/795 569/9/800 567/97/797
f  567/97/797 569/9/800 570/5/801
f  567/97/797 570/5/801 568/98/799
f  568/98/799 570/5/801 571/6/802
f  569/9/800 572/99/803 570/5/801
f  570/5/801 572/99/803 573/100/804
f  570/5/801 573/100/804 571/6/802
f  571/6/802 573/100/804 574/101/805
f  572/99/803 575/15/806 573/100/804
f  573/100/804 575/15/806 576/12/807
f  573/100/804 576/12/807 574/101/805
f  574/101/805 576/12/807 577/13/808
f  575/15/806 578/102/809 576/12/807
f  576/12/807 578/102/809 579/103/810
f  576/12/807 579/103/810 577/13/808
f  577/13/808 579/103/810 580/104/811
f  578/102/809 581/17/812 579/103/810
f  579/103/810 581/17/812 580/104/811
f  582/8/813 585/96/814 583/10/815
f  583/10/815 585/96/814 586/97/816
f  583/10/815 586/97/816 584/4/817
f  584/4/817 586/97/816 587/98/818
f  585/96/814 588/9/819 586/97/816
f  586/97/816 588/9/819 589/5/820
f  586/97/816 589/5/820 587/98/818
f  587/98/818 589/5/820 590/6/821
f  588/9/819 591/99/822 589/5/820
f  589/5/820 591/99/822 592/100/823
f  589/5/820 592/100/823 590/6/821
f  590/6/821 592/100/823 593/101/824
f  591/99/822 594/15/825 592/100/823
f  592/100/823 594/15/825 595/12/826
f  592/100/823 595/12/826 593/101/824
f  593/101/824 595/12/826 596/13/827
f  594/15/825 597/102/828 595/12/826
f  595/12/826 597/102/828 598/103/829
f  595/12/826 598/103/829 596/13/827
f  596/13/827 598/103/829 599/104/830
f  597/102/828 600/17/831 598/103/829
f  598/103/829 600/17/831 599/104/830
f  601/8/832 604/96/833 602/10/834
f  602/10/834 604/96/833 605/97/835
f  602/10/834 605/97/835 603/4/836
f  603/4/836 605/97/835 606/98/837
f  604/96/833 607/9/838 605/97/835
f  605/97/835 607/9/838 608/5/839
f  605/97/835 608/5/839 606/98/837
f  606/98/837 608/5/839 609/6/840
f  607/9/838 610/99/841 608/5/839
f  608/5/839 610/99/841 611/100/842
f  608/5/839 611/100/842 609/6/840
f  609/6/840 611/100/842 612/101/843
f  610/99/841 613/15/844 611/100/842
f  611/100/842 613/15/844 614/12/845
f  611/100/842 614/12/845 612/101/843
f  612/101/843 614/12/845 615/13/846
f  613/15/844 616/102/847 614/12/845
f  614/12/845 616/102/847 617/103/848
f  614/12/845 617/103/848 615/13/846
f  615/13/846 617/103/848 618/104/849
f  616/102/847 619/17/850 617/103/848
f  617/103/848 619/17/850 618/104/849
f  620/8/851 623/96/852 621/10/853
f  621/10/853 623/96/852 624/97/854
f  621/10/853 624/97/854 622/4/855
f  622/4/855 624/97/854 625/98/856
f  623/96/852 626/9/857 624/97/854
f  624/97/854 626/9/857 627/5/858
f  624/97/854 627/5/858 625/98/856
f  625/98/856 627/5/858 628/6/859
f  626/9/857 629/99/860 627/5/858
f  627/5/858 629/99/860 630/100/861
f  627/5/858 630/100/861 628/6/859
f  628/6/859 630/100/861 631/101/862
f  629/99/860 632/15/863 630/100/861
f  630/100/861 632/15/863 633/12/864
f  630/100/861 633/12/864 631/101/862
f  631/101/862 633/12/864 634/13/865
f  632/15/863 635/102/866 633/12/864
f  633/12/864 635/102/866 636/103/867
f  633/12/864 636/103/867 634/13/868
f  634/13/868 636/103/867 637/104/869
f  635/102/866 638/17/870 636/103/867
f  636/103/867 638/17/870 637/104/871
f  639/8/872 641/96/873 621/10/874
f  621/10/874 641/96/873 642/97/875
f  621/10/874 642/97/875 640/4/876
f  640/4/876 642/97/875 643/98/877
f  641/96/873 644/9/878 642/97/875
f  642/97/875 644/9/878 645/5/879
f  642/97/875 645/5/879 643/98/877
f  643/98/877 645/5/879 646/6/880
f  644/9/878 647/99/881 645/5/879
f  645/5/879 647/99/881 648/100/882
f  645/5/879 648/100/882 646/6/880
f  646/6/880 648/100/882 649/101/883
f  647/99/881 650/15/884 648/100/882
f  648/100/882 650/15/884 651/12/885
f  648/100/882 651/12/885 649/101/883
f  649/101/883 651/12/885 652/13/886
f  650/15/884 653/102/887 651/12/885
f  651/12/885 653/102/888 654/103/889
f  651/12/885 654/103/889 652/13/886
f  652/13/886 654/103/889 655/104/890
f  653/102/888 656/17/891 654/103/889
f  654/103/889 656/17/891 655/104/890
f  657/8/892 659/96/893 621/10/894
f  621/10/894 659/96/893 660/97/895
f  621/10/894 660/97/895 658/4/896
f  658/4/896 660/97/895 661/98/897
f  659/96/893 662/9/898 660/97/895
f  660/97/895 662/9/898 663/5/899
f  660/97/895 663/5/899 661/98/897
f  661/98/897 663/5/899 664/6/900
f  662/9/898 665/99/901 663/5/899
f  663/5/899 665/99/901 666/100/902
f  663/5/899 666/100/902 664/6/900
f  664/6/900 666/100/902 667/101/903
f  665/99/901 668/15/904 666/100/902
f  666/100/902 668/15/904 669/12/905
f  666/100/902 669/12/905 667/101/903
f  667/101/903 669/12/905 670/13/906
f  668/15/904 671/102/907 669/12/905
f  669/12/905 671/102/907 672/103/908
f  669/12/905 672/103/908 670/13/906
f  670/13/906 672/103/908 673/104/909
f  671/102/910 674/17/911 672/103/908
f  672/103/908 674/17/911 673/104/909
f  675/8/912 677/96/913 621/10/853
f  621/10/853 677/96/913 678/97/914
f  621/10/853 678/97/914 676/4/915
f  676/4/915 678/97/914 679/98/916
f  677/96/913 680/9/917 678/97/914
f  678/97/914 680/9/917 681/5/918
f  678/97/914 681/5/918 679/98/916
f  679/98/916 681/5/918 682/6/919
f  680/9/917 683/99/920 681/5/918
f  681/5/918 683/99/920 684/100/921
f  681/5/918 684/100/921 682/6/919
f  682/6/919 684/100/921 685/101/922
f  683/99/920 686/15/923 684/100/921
f  684/100/921 686/15/923 687/12/924
f  684/100/921 687/12/924 685/101/922
f  685/101/922 687/12/924 688/13/925
f  686/15/923 689/102/926 687/12/924
f  687/12/924 689/102/926 690/103/927
f  687/12/924 690/103/927 688/13/925
f  688/13/925 690/103/927 691/104/928
f  689/102/926 692/17/929 690/103/927
f  690/103/927 692/17/929 691/104/928
f  693/8/930 695/96/931 621/10/932
f  621/10/932 695/96/931 696/97/933
f  621/10/932 696/97/933 694/4/934
f  694/4/934 696/97/933 697/98/935
f  695/96/931 698/9/936 696/97/933
f  696/97/933 698/9/936 699/5/937
f  696/97/933 699/5/937 697/98/935
f  697/98/938 699/5/937 700/6/939
f  698/9/936 701/99/940 699/5/937
f  699/5/937 701/99/940 702/100/941
f  699/5/937 702/100/941 700/6/939
f  700/6/939 702/100/941 703/101/942
f  701/99/943 704/15/944 702/100/941
f  702/100/941 704/15/944 705/12/945
f  702/100/941 705/12/945 703/101/946
f  703/101/946 705/12/945 706/13/947
f  704/15/944 707/102/948 705/12/945
f  705/12/945 707/102/948 708/103/949
f  705/12/945 708/103/950 706/13/947
f  706/13/951 708/103/949 709/104/951
f  707/102/948 710/17/952 708/103/949
f  708/103/949 710/17/952 709/104/953
f  711/8/954 713/96/954 621/10/853
f  621/10/894 713/96/955 714/97/956
f  621/10/853 714/97/956 712/4/957
f  712/4/958 714/97/956 715/98/959
f  713/96/955 716/9/960 714/97/956
f  714/97/956 716/9/961 717/5/962
f  714/97/956 717/5/962 715/98/959
f  715/98/959 717/5/962 718/6/963
f  716/9/961 719/99/964 717/5/962
f  717/5/962 719/99/964 720/100/965
f  717/5/962 720/100/965 718/6/963
f  718/6/963 720/100/965 721/101/966
f  719/99/967 722/15/968 720/100/965
f  720/100/965 722/15/968 723/12/969
f  720/100/965 723/12/969 721/101/966
f  721/101/966 723/12/969 724/13/970
f  722/15/968 725/102/971 723/12/969
f  723/12/969 725/102/971 726/103/972
f  723/12/969 726/103/972 724/13/970
f  724/13/970 726/103/972 727/104/973
f  725/102/971 728/17/974 726/103/972
f  726/103/972 728/17/974 727/104/973
f  729/8/975 732/96/976 730/10/977
f  730/10/977 732/96/976 733/97/978
f  730/10/977 733/97/978 731/4/979
f  731/4/979 733/97/978 734/98/980
f  732/96/976 735/9/981 733/97/978
f  733/97/978 735/9/981 736/5/982
f  733/97/978 736/5/982 734/98/980
f  734/98/980 736/5/982 737/6/983
f  735/9/981 738/99/984 736/5/982
f  736/5/982 738/99/984 739/100/985
f  736/5/982 739/100/985 737/6/983
f  737/6/983 739/100/985 740/101/986
f  738/99/984 741/15/987 739/100/985
f  739/100/985 741/15/987 742/12/988
f  739/100/985 742/12/988 740/101/986
f  740/101/986 742/12/988 743/13/989
f  741/15/987 744/102/990 742/12/988
f  742/12/988 744/102/990 745/103/991
f  742/12/988 745/103/991 743/13/992
f  743/13/992 745/103/991 746/104/993
f  744/102/990 747/17/994 745/103/991
f  745/103/991 747/17/994 746/104/995
f  748/8/996 750/96/997 730/10/998
f  730/10/998 750/96/997 751/97/999
f  730/10/998 751/97/999 749/4/1000
f  749/4/1000 751/97/999 752/98/1001
f  750/96/997 753/9/1002 751/97/999
f  751/97/999 753/9/1002 754/5/1003
f  751/97/999 754/5/1003 752/98/1001
f  752/98/1001 754/5/1003 755/6/1004
f  753/9/1002 756/99/1005 754/5/1003
f  754/5/1003 756/99/1005 757/100/1006
f  754/5/1003 757/100/1006 755/6/1004
f  755/6/1004 757/100/1006 758/101/1007
f  756/99/1005 759/15/1008 757/100/1006
f  757/100/1006 759/15/1008 760/12/1009
f  757/100/1006 760/12/1009 758/101/1007
f  758/101/1007 760/12/1009 761/13/1010
f  759/15/1008 762/102/1011 760/12/1009
f  760/12/1009 762/102/1012 763/103/1013
f  760/12/1009 763/103/1013 761/13/1010
f  761/13/1010 763/103/1013 764/104/1014
f  762/102/1012 765/17/1015 763/103/1013
f  763/103/1013 765/17/1015 764/104/1014
f  766/8/1016 768/96/1017 730/10/1018
f  730/10/1018 768/96/1017 769/97/1019
f  730/10/1018 769/97/1019 767/4/1020
f  767/4/1020 769/97/1019 770/98/1021
f  768/96/1017 771/9/1022 769/97/1019
f  769/97/1019 771/9/1022 772/5/1023
f  769/97/1019 772/5/1023 770/98/1021
f  770/98/1021 772/5/1023 773/6/1024
f  771/9/1022 774/99/1025 772/5/1023
f  772/5/1023 774/99/1025 775/100/1026
f  772/5/1023 775/100/1026 773/6/1024
f  773/6/1024 775/100/1026 776/101/1027
f  774/99/1025 777/15/1028 775/100/1026
f  775/100/1026 777/15/1028 778/12/1029
f  775/100/1026 778/12/1029 776/101/1027
f  776/101/1027 778/12/1029 779/13/1030
f  777/15/1028 780/102/1031 778/12/1029
f  778/12/1029 780/102/1031 781/103/1032
f  778/12/1029 781/103/1032 779/13/1030
f  779/13/1030 781/103/1032 782/104/1033
f  780/102/1034 783/17/1034 781/103/1032
f  781/103/1032 783/17/1034 782/104/1033
f  784/8/1035 786/96/1036 730/10/977
f  730/10/977 786/96/1036 787/97/1037
f  730/10/977 787/97/1037 785/4/1038
f  785/4/1038 787/97/1037 788/98/1039
f  786/96/1036 789/9/1040 787/97/1037
f  787/97/1037 789/9/1040 790/5/1041
f  787/97/1037 790/5/1041 788/98/1039
f  788/98/1039 790/5/1041 791/6/1042
f  789/9/1040 792/99/1043 790/5/1041
f  790/5/1041 792/99/1043 793/100/1044
f  790/5/1041 793/100/1044 791/6/1042
f  791/6/1042 793/100/1044 794/101/1045
f  792/99/1043 795/15/1046 793/100/1044
f  793/100/1044 795/15/1046 796/12/1047
f  793/100/1044 796/12/1047 794/101/1045
f  794/101/1045 796/12/1047 797/13/1048
f  795/15/1046 798/102/1049 796/12/1047
f  796/12/1047 798/102/1049 799/103/1050
f  796/12/1047 799/103/1050 797/13/1048
f  797/13/1048 799/103/1050 800/104/1051
f  798/102/1049 801/17/1052 799/103/1050
f  799/103/1050 801/17/1052 800/104/1051
f  802/8/1053 804/96/1054 730/10/1055
f  730/10/1055 804/96/1054 805/97/1056
f  730/10/1055 805/97/1056 803/4/1057
f  803/4/1057 805/97/1056 806/98/1058
f  804/96/1054 807/9/1059 805/97/1056
f  805/97/1056 807/9/1059 808/5/1060
f  805/97/1056 808/5/1060 806/98/1058
f  806/98/1061 808/5/1060 809/6/1062
f  807/9/1059 810/99/1063 808/5/1060
f  808/5/1060 810/99/1063 811/100/1064
f  808/5/1060 811/100/1064 809/6/1062
f  809/6/1062 811/100/1064 812/101/1065
f  810/99/1066 813/15/1067 811/100/1064
f  811/100/1064 813/15/1067 814/12/1068
f  811/100/1064 814/12/1068 812/101/1069
f  812/101/1069 814/12/1068 815/13/1070
f  813/15/1067 816/102/1071 814/12/1068
f  814/12/1068 816/102/1071 817/103/1072
f  814/12/1068 817/103/1073 815/13/1070
f  815/13/1074 817/103/1072 818/104/1074
f  816/102/1071 819/17/1075 817/103/1072
f  817/103/1072 819/17/1075 818/104/1076
f  820/8/1077 822/96/1077 730/10/977
f  730/10/1018 822/96/1078 823/97/1079
f  730/10/977 823/97/1079 821/4/1080
f  821/4/1081 823/97/1079 824/98/1082
f  822/96/1078 825/9/1083 823/97/1079
f  823/97/1079 825/9/1084 826/5/1085
f  823/97/1079 826/5/1085 824/98/1082
f  824/98/1082 826/5/1085 827/6/1086
f  825/9/1084 828/99/1087 826/5/1085
f  826/5/1085 828/99/1087 829/100/1088
f  826/5/1085 829/100/1088 827/6/1086
f  827/6/1086 829/100/1088 830/101/1089
f  828/99/1090 831/15/1091 829/100/1088
f  829/100/1088 831/15/1091 832/12/1092
f  829/100/1088 832/12/1092 830/101/1089
f  830/101/1089 832/12/1092 833/13/1093
f  831/15/1091 834/102/1094 832/12/1092
f  832/12/1092 834/102/1094 835/103/1095
f  832/12/1092 835/103/1095 833/13/1093
f  833/13/1093 835/103/1095 836/104/1096
f  834/102/1094 837/17/1097 835/103/1095
f  835/103/1095 837/17/1097 836/104/1096
f  838/8/1098 841/96/1099 839/10/1100
f  839/10/1100 841/96/1099 842/97/1101
f  839/10/1100 842/97/1101 840/4/1102
f  840/4/1102 842/97/1101 843/98/1103
f  841/96/1099 844/9/1104 842/97/1101
f  842/97/1101 844/9/1104 845/5/1105
f  842/97/1101 845/5/1105 843/98/1103
f  843/98/1103 845/5/1105 846/6/1106
f  844/9/1104 847/99/1107 845/5/1105
f  845/5/1105 847/99/1107 848/100/1108
f  845/5/1105 848/100/1108 846/6/1106
f  846/6/1106 848/100/1108 849/101/1109
f  847/99/1107 850/15/1110 848/100/1108
f  848/100/1108 850/15/1110 851/12/1111
f  848/100/1108 851/12/1111 849/101/1109
f  849/101/1109 851/12/1111 852/13/1112
f  850/15/1110 853/102/1113 851/12/1111
f  851/12/1111 853/102/1113 854/103/1114
f  851/12/1111 854/103/1114 852/13/1115
f  852/13/1115 854/103/1114 855/104/1116
f  853/102/1113 856/17/1117 854/103/1114
f  854/103/1114 856/17/1117 855/104/1118
f  857/8/1119 859/96/1120 839/10/1121
f  839/10/1121 859/96/1120 860/97/1122
f  839/10/1121 860/97/1122 858/4/1123
f  858/4/1123 860/97/1122 861/98/1124
f  859/96/1120 862/9/1125 860/97/1122
f  860/97/1122 862/9/1125 863/5/1126
f  860/97/1122 863/5/1126 861/98/1124
f  861/98/1124 863/5/1126 864/6/1127
f  862/9/1125 865/99/1128 863/5/1126
f  863/5/1126 865/99/1128 866/100/1129
f  863/5/1126 866/100/1129 864/6/1127
f  864/6/1127 866/100/1129 867/101/1130
f  865/99/1128 868/15/1131 866/100/1129
f  866/100/1129 868/15/1131 869/12/1132
f  866/100/1129 869/12/1132 867/101/1130
f  867/101/1130 869/12/1132 870/13/1133
f  868/15/1131 871/102/1134 869/12/1132
f  869/12/1132 871/102/1135 872/103/1136
f  869/12/1132 872/103/1136 870/13/1133
f  870/13/1133 872/103/1136 873/104/1137
f  871/102/1135 874/17/1138 872/103/1136
f  872/103/1136 874/17/1138 873/104/1137
f  875/8/1139 877/96/1140 839/10/1141
f  839/10/1141 877/96/1140 878/97/1142
f  839/10/1141 878/97/1142 876/4/1143
f  876/4/1143 878/97/1142 879/98/1144
f  877/96/1140 880/9/1145 878/97/1142
f  878/97/1142 880/9/1145 881/5/1146
f  878/97/1142 881/5/1146 879/98/1144
f  879/98/1144 881/5/1146 882/6/1147
f  880/9/1145 883/99/1148 881/5/1146
f  881/5/1146 883/99/1148 884/100/1149
f  881/5/1146 884/100/1149 882/6/1147
f  882/6/1147 884/100/1149 885/101/1150
f  883/99/1148 886/15/1151 884/100/1149
f  884/100/1149 886/15/1151 887/12/1152
f  884/100/1149 887/12/1152 885/101/1150
f  885/101/1150 887/12/1152 888/13/1153
f  886/15/1151 889/102/1154 887/12/1152
f  887/12/1152 889/102/1154 890/103/1155
f  887/12/1152 890/103/1155 888/13/1153
f  888/13/1153 890/103/1155 891/104/1156
f  889/102/1157 892/17/1158 890/103/1155
f  890/103/1155 892/17/1158 891/104/1156
f  893/8/1159 895/96/1160 839/10/1100
f  839/10/1100 895/96/1160 896/97/1161
f  839/10/1100 896/97/1161 894/4/1162
f  894/4/1162 896/97/1161 897/98/1163
f  895/96/1160 898/9/1164 896/97/1161
f  896/97/1161 898/9/1164 899/5/1165
f  896/97/1161 899/5/1165 897/98/1163
f  897/98/1163 899/5/1165 900/6/1166
f  898/9/1164 901/99/1167 899/5/1165
f  899/5/1165 901/99/1167 902/100/1168
f  899/5/1165 902/100/1168 900/6/1166
f  900/6/1166 902/100/1168 903/101/1169
f  901/99/1167 904/15/1170 902/100/1168
f  902/100/1168 904/15/1170 905/12/1171
f  902/100/1168 905/12/1171 903/101/1169
f  903/101/1169 905/12/1171 906/13/1172
f  904/15/1170 907/102/1173 905/12/1171
f  905/12/1171 907/102/1173 908/103/1174
f  905/12/1171 908/103/1174 906/13/1172
f  906/13/1172 908/103/1174 909/104/1175
f  907/102/1173 910/17/1176 908/103/1174
f  908/103/1174 910/17/1176 909/104/1175
f  911/8/1177 913/96/1178 839/10/1179
f  839/10/1179 913/96/1178 914/97/1180
f  839/10/1179 914/97/1180 912/4/1181
f  912/4/1181 914/97/1180 915/98/1182
f  913/96/1178 916/9/1183 914/97/1180
f  914/97/1180 916/9/1183 917/5/1184
f  914/97/1180 917/5/1184 915/98/1182
f  915/98/1185 917/5/1184 918/6/1186
f  916/9/1183 919/99/1187 917/5/1184
f  917/5/1184 919/99/1187 920/100/1188
f  917/5/1184 920/100/1188 918/6/1186
f  918/6/1186 920/100/1188 921/101/1189
f  919/99/1190 922/15/1191 920/100/1188
f  920/100/1188 922/15/1191 923/12/1192
f  920/100/1188 923/12/1192 921/101/1193
f  921/101/1193 923/12/1192 924/13/1194
f  922/15/1191 925/102/1195 923/12/1192
f  923/12/1192 925/102/1195 926/103/1196
f  923/12/1192 926/103/1197 924/13/1194
f  924/13/1198 926/103/1196 927/104/1198
f  925/102/1195 928/17/1199 926/103/1196
f  926/103/1196 928/17/1199 927/104/1200
f  929/8/1201 931/96/1201 839/10/1100
f  839/10/1141 931/96/1202 932/97/1203
f  839/10/1100 932/97/1203 930/4/1204
f  930/4/1205 932/97/1203 933/98/1206
f  931/96/1202 934/9/1207 932/97/1203
f  932/97/1203 934/9/1208 935/5/1209
f  932/97/1203 935/5/1209 933/98/1206
f  933/98/1206 935/5/1209 936/6/1210
f  934/9/1208 937/99/1211 935/5/1209
f  935/5/1209 937/99/1211 938/100/1212
f  935/5/1209 938/100/1212 936/6/1210
f  936/6/1210 938/100/1212 939/101/1213
f  937/99/1214 940/15/1215 938/100/1212
f  938/100/1212 940/15/1215 941/12/1216
f  938/100/1212 941/12/1216 939/101/1213
f  939/101/1213 941/12/1216 942/13/1217
f  940/15/1215 943/102/1218 941/12/1216
f  941/12/1216 943/102/1218 944/103/1219
f  941/12/1216 944/103/1219 942/13/1217
f  942/13/1217 944/103/1219 945/104/1220
f  943/102/1218 946/17/1221 944/103/1219
f  944/103/1219 946/17/1221 945/104/1220
usemtl Stalk
f  81/86/160 947/91/1222 82/89/165
f  81/88/162 950/92/1223 947/93/1224
f  82/89/165 947/91/1222 948/94/1225
f  82/89/166 948/94/1226 83/90/169
f  83/90/169 948/94/1226 949/95/1227
f  83/90/170 949/95/1228 84/87/1229
f  84/87/1229 949/95/1228 950/92/1230
f  84/87/161 950/92/1223 81/88/162
f  947/91/1222 951/105/1231 948/94/1225
f  947/93/1224 954/106/1232 951/107/1233
f  948/94/1225 951/105/1231 952/108/1234
f  948/94/1226 952/108/1235 949/95/1227
f  949/95/1227 952/108/1235 953/109/1236
f  949/95/1228 953/109/1237 950/92/1230
f  950/92/1230 953/109/1237 954/106/1238
f  950/92/1223 954/106/1232 947/93/1224
f  951/105/1231 955/110/1239 952/108/1234
f  951/107/1233 958/111/1240 955/112/1241
f  952/108/1234 955/110/1239 956/113/1242
f  952/108/1235 956/113/1243 953/109/1236
f  953/109/1236 956/113/1243 957/114/1244
f  953/109/1237 957/114/1245 954/106/1238
f  954/106/1238 957/114/1245 958/111/1246
f  954/106/1232 958/111/1240 951/107/1233
f  955/110/1239 959/115/1247 956/113/1242
f  955/112/1241 962/116/1248 959/117/1249
f  956/113/1242 959/115/1247 960/118/1250
f  956/113/1243 960/118/1251 957/114/1244
f  957/114/1244 960/118/1251 961/119/1252
f  957/114/1245 961/119/1253 958/111/1246
f  958/111/1246 961/119/1253 962/116/1254
f  958/111/1240 962/116/1248 955/112/1241
f  959/115/1247 963/120/1255 960/118/1250
f  959/117/1249 966/121/1256 963/122/1257
f  960/118/1250 963/120/1255 964/123/1258
f  960/118/1251 964/123/1259 961/119/1252
f  961/119/1252 964/123/1259 965/124/1260
f  961/119/1253 965/124/1261 962/116/1254
f  962/116/1254 965/124/1261 966/121/1262
f  962/116/1248 966/121/1256 959/117/1249
f  963/120/1255 967/125/1263 964/123/1258
f  963/122/1257 970/126/1264 967/127/1265
f  964/123/1258 967/125/1263 968/128/1266
f  964/123/1259 968/128/1267 965/124/1260
f  965/124/1260 968/128/1267 969/129/1268
f  965/124/1261 969/129/1269 966/121/1262
f  966/121/1262 969/129/1269 970/126/1270
f  966/121/1256 970/126/1264 963/122/1257
f  967/125/1263 971/130/1271 968/128/1266
f  967/127/1265 974/131/1272 971/132/1273
f  968/128/1266 971/130/1271 972/133/1274
f  968/128/1267 972/133/1275 969/129/1268
f  969/129/1268 972/133/1275 973/134/1276
f  969/129/1269 973/134/1277 970/126/1270
f  970/126/1270 973/134/1277 974/131/1278
f  970/126/1264 974/131/1272 967/127/1265
f  971/130/1279 975/135/1280 972/133/1281
f  971/132/1273 978/136/1282 975/137/1283
f  972/133/1281 975/135/1280 976/138/1284
f  972/133/1285 976/138/1286 973/134/1276
f  973/134/1276 976/138/1286 977/139/1287
f  973/134/1288 977/139/1289 974/131/1290
f  974/131/1290 977/139/1289 978/136/1291
f  974/131/1292 978/136/1282 971/132/1273
f  975/135/1280 979/140/1293 976/138/1284
f  975/137/1294 982/141/1294 979/142/1295
f  976/138/1284 979/140/1293 980/143/1296
f  976/138/1297 980/143/1298 977/139/1298
f  977/139/1298 980/143/1298 981/144/1299
f  977/139/1289 981/144/1300 978/136/1291
f  978/136/1291 981/144/1300 982/141/1301
f  978/136/1302 982/141/1294 975/137/1294
f  979/140/1293 983/145/1303 980/143/1296
f  979/142/1304 986/146/1304 983/147/1305
f  980/143/1296 983/145/1303 984/148/1306
f  980/143/1307 984/148/1308 981/144/1308
f  981/144/1308 984/148/1308 985/149/1309
f  981/144/1300 985/149/1310 982/141/1301
f  982/141/1301 985/149/1310 986/146/1311
f  982/141/1312 986/146/1304 979/142/1304
f  85/76/1313 987/81/1314 86/79/1315
f  85/78/1316 990/82/1317 987/83/1318
f  86/79/1315 987/81/1314 988/84/1319
f  86/79/1320 988/84/1321 87/80/1322
f  87/80/1322 988/84/1321 989/85/1323
f  87/80/1324 989/85/1325 88/77/1326
f  88/77/1326 989/85/1325 990/82/1327
f  88/77/1328 990/82/1317 85/78/1316
f  987/81/1314 991/86/1329 988/84/1319
f  987/83/1318 994/87/1330 991/88/1331
f  988/84/1319 991/86/1329 992/89/1332
f  988/84/1321 992/89/1333 989/85/1323
f  989/85/1323 992/89/1333 993/90/1334
f  989/85/1325 993/90/1335 990/82/1327
f  990/82/1327 993/90/1335 994/87/1336
f  990/82/1317 994/87/1330 987/83/1318
f  991/86/1329 995/91/1337 992/89/1332
f  991/88/1331 998/92/1338 995/93/1339
f  992/89/1332 995/91/1337 996/94/1340
f  992/89/1333 996/94/1341 993/90/1334
f  993/90/1334 996/94/1341 997/95/1342
f  993/90/1335 997/95/1343 994/87/1336
f  994/87/1336 997/95/1343 998/92/1344
f  994/87/1330 998/92/1338 991/88/1331
f  995/91/1337 999/105/1345 996/94/1340
f  995/93/1339 1002/106/1346 999/107/1347
f  996/94/1340 999/105/1345 1000/108/1348
f  996/94/1341 1000/108/1349 997/95/1342
f  997/95/1342 1000/108/1349 1001/109/1350
f  997/95/1343 1001/109/1351 998/92/1344
f  998/92/1344 1001/109/1351 1002/106/1352
f  998/92/1338 1002/106/1346 995/93/1339
f  999/105/1345 1003/110/1353 1000/108/1348
f  999/107/1347 1006/111/1354 1003/112/1355
f  1000/108/1348 1003/110/1353 1004/113/1356
f  1000/108/1349 1004/113/1357 1001/109/1350
f  1001/109/1350 1004/113/1357 1005/114/1358
f  1001/109/1351 1005/114/1359 1002/106/1352
f  1002/106/1352 1005/114/1359 1006/111/1360
f  1002/106/1346 1006/111/1354 999/107/1347
f  1003/110/1353 1007/115/1361 1004/113/1356
f  1003/112/1355 1010/116/1362 1007/117/1363
f  1004/113/1356 1007/115/1361 1008/118/1364
f  1004/113/1357 1008/118/1365 1005/114/1358
f  1005/114/1358 1008/118/1365 1009/119/1366
f  1005/114/1359 1009/119/1367 1006/111/1360
f  1006/111/1360 1009/119/1367 1010/116/1368
f  1006/111/1354 1010/116/1362 1003/112/1355
f  1007/115/1361 1011/120/1369 1008/118/1364
f  1007/117/1363 1014/121/1370 1011/122/1371
f  1008/118/1364 1011/120/1369 1012/123/1372
f  1008/118/1365 1012/123/1373 1009/119/1366
f  1009/119/1366 1012/123/1373 1013/124/1374
f  1009/119/1367 1013/124/1375 1010/116/1368
f  1010/116/1368 1013/124/1375 1014/121/1376
f  1010/116/1362 1014/121/1370 1007/117/1363
f  1011/120/1377 1015/125/1378 1012/123/1379
f  1011/122/1371 1018/126/1380 1015/127/1381
f  1012/123/1379 1015/125/1378 1016/128/1382
f  1012/123/1383 1016/128/1384 1013/124/1374
f  1013/124/1374 1016/128/1384 1017/129/1385
f  1013/124/1386 1017/129/1387 1014/121/1388
f  1014/121/1388 1017/129/1387 1018/126/1389
f  1014/121/1390 1018/126/1380 1011/122/1371
f  1015/125/1378 1019/130/1391 1016/128/1382
f  1015/127/1392 1022/131/1392 1019/132/1393
f  1016/128/1382 1019/130/1391 1020/133/1394
f  1016/128/1395 1020/133/1396 1017/129/1396
f  1017/129/1396 1020/133/1396 1021/134/1397
f  1017/129/1387 1021/134/1398 1018/126/1389
f  1018/126/1389 1021/134/1398 1022/131/1399
f  1018/126/1400 1022/131/1392 1015/127/1392
f  1019/130/1391 1023/135/1401 1020/133/1394
f  1019/132/1402 1026/136/1402 1023/137/1403
f  1020/133/1394 1023/135/1401 1024/138/1404
f  1020/133/1405 1024/138/1406 1021/134/1406
f  1021/134/1406 1024/138/1406 1025/139/1407
f  1021/134/1398 1025/139/1408 1022/131/1399
f  1022/131/1399 1025/139/1408 1026/136/1409
f  1022/131/1410 1026/136/1402 1019/132/1402
f  89/71/119 1027/76/1411 90/74/120
f  89/73/115 1030/77/1412 1027/78/1413
f  90/74/120 1027/76/1411 1028/79/1414
f  90/74/125 1028/79/1415 91/75/126
f  91/75/126 1028/79/1415 1029/80/1416
f  91/75/130 1029/80/1417 92/72/131
f  92/72/131 1029/80/1417 1030/77/1418
f  92/72/114 1030/77/1412 89/73/115
f  1027/76/1411 1031/81/1419 1028/79/1414
f  1027/78/1413 1034/82/1420 1031/83/1421
f  1028/79/1414 1031/81/1419 1032/84/1422
f  1028/79/1415 1032/84/1423 1029/80/1416
f  1029/80/1416 1032/84/1423 1033/85/1424
f  1029/80/1417 1033/85/1425 1030/77/1418
f  1030/77/1418 1033/85/1425 1034/82/1426
f  1030/77/1412 1034/82/1420 1027/78/1413
f  1031/81/1419 1035/86/1427 1032/84/1422
f  1031/83/1421 1038/87/1428 1035/88/1429
f  1032/84/1422 1035/86/1427 1036/89/1430
f  1032/84/1423 1036/89/1431 1033/85/1424
f  1033/85/1424 1036/89/1431 1037/90/1432
f  1033/85/1425 1037/90/1433 1034/82/1426
f  1034/82/1426 1037/90/1433 1038/87/1434
f  1034/82/1420 1038/87/1428 1031/83/1421
f  1035/86/1427 1039/91/1435 1036/89/1430
f  1035/88/1429 1042/92/1436 1039/93/1437
f  1036/89/1430 1039/91/1435 1040/94/1438
f  1036/89/1431 1040/94/1439 1037/90/1432
f  1037/90/1432 1040/94/1439 1041/95/1440
f  1037/90/1433 1041/95/1441 1038/87/1434
f  1038/87/1434 1041/95/1441 1042/92/1442
f  1038/87/1428 1042/92/1436 1035/88/1429
f  1039/91/1435 1043/105/1443 1040/94/1438
f  1039/93/1437 1046/106/1444 1043/107/1445
f  1040/94/1438 1043/105/1443 1044/108/1446
f  1040/94/1439 1044/108/1447 1041/95/1440
f  1041/95/1440 1044/108/1447 1045/109/1448
f  1041/95/1441 1045/109/1449 1042/92/1442
f  1042/92/1442 1045/109/1449 1046/106/1450
f  1042/92/1436 1046/106/1444 1039/93/1437
f  1043/105/1443 1047/110/1451 1044/108/1446
f  1043/107/1445 1050/111/1452 1047/112/1453
f  1044/108/1446 1047/110/1451 1048/113/1454
f  1044/108/1447 1048/113/1455 1045/109/1448
f  1045/109/1448 1048/113/1455 1049/114/1456
f  1045/109/1449 1049/114/1457 1046/106/1450
f  1046/106/1450 1049/114/1457 1050/111/1458
f  1046/106/1444 1050/111/1452 1043/107/1445
f  1047/110/1451 1051/115/1459 1048/113/1454
f  1047/112/1453 1054/116/1460 1051/117/1461
f  1048/113/1454 1051/115/1459 1052/118/1462
f  1048/113/1455 1052/118/1463 1049/114/1456
f  1049/114/1456 1052/118/1463 1053/119/1464
f  1049/114/1457 1053/119/1465 1050/111/1458
f  1050/111/1458 1053/119/1465 1054/116/1466
f  1050/111/1452 1054/116/1460 1047/112/1453
f  1051/115/1467 1055/120/1468 1052/118/1469
f  1051/117/1461 1058/121/1470 1055/122/1471
f  1052/118/1469 1055/120/1468 1056/123/1472
f  1052/118/1473 1056/123/1474 1053/119/1464
f  1053/119/1464 1056/123/1474 1057/124/1475
f  1053/119/1476 1057/124/1477 1054/116/1478
f  1054/116/1478 1057/124/1477 1058/121/1479
f  1054/116/1480 1058/121/1470 1051/117/1461
f  1055/120/1468 1059/125/1481 1056/123/1472
f  1055/122/1482 1062/126/1482 1059/127/1483
f  1056/123/1472 1059/125/1481 1060/128/1484
f  1056/123/1485 1060/128/1486 1057/124/1486
f  1057/124/1486 1060/128/1486 1061/129/1487
f  1057/124/1477 1061/129/1488 1058/121/1479
f  1058/121/1479 1061/129/1488 1062/126/1489
f  1058/121/1490 1062/126/1482 1055/122/1482
f  1059/125/1481 1063/130/1491 1060/128/1484
f  1059/127/1492 1066/131/1492 1063/132/1493
f  1060/128/1484 1063/130/1491 1064/133/1494
f  1060/128/1495 1064/133/1496 1061/129/1496
f  1061/129/1496 1064/133/1496 1065/134/1497
f  1061/129/1488 1065/134/1498 1062/126/1489
f  1062/126/1489 1065/134/1498 1066/131/1499
f  1062/126/1500 1066/131/1492 1059/127/1492
f  1067/154/1501 1068/169/1501 1069/170/1501
f  1067/154/1502 1069/170/1502 1070/171/1502
f  1067/154/1503 1070/171/1503 1071/172/1503
f  1067/154/1504 1071/172/1504 1072/173/1504
f  1067/154/1505 1072/173/1505 1068/174/1505
f  1068/169/1506 1073/175/1507 1069/170/1507
f  1068/174/1508 1077/176/1508 1073/177/1509
f  1069/170/1507 1073/175/1507 1074/178/1510
f  1069/170/1511 1074/178/1512 1070/171/1512
f  1070/171/1512 1074/178/1512 1075/179/1513
f  1070/171/1514 1075/179/1514 1071/172/1514
f  1071/172/1514 1075/179/1514 1076/180/1514
f  1071/172/1515 1076/180/1516 1072/173/1516
f  1072/173/1516 1076/180/1516 1077/176/1517
f  1072/173/1518 1077/176/1508 1068/174/1508
f  1073/175/1519 1078/155/1519 1074/178/1519
f  1074/178/1520 1078/155/1520 1075/179/1520
f  1075/179/1521 1078/155/1521 1076/180/1521
f  1076/180/1522 1078/155/1522 1077/176/1522
f  1077/176/1523 1078/155/1523 1073/177/1523
f  1079/144/1524 1080/181/1524 1081/182/1524
f  1079/144/1525 1081/182/1525 1082/183/1525
f  1079/144/1526 1082/183/1526 1083/184/1526
f  1079/144/1527 1083/184/1527 1084/185/1527
f  1079/144/1528 1084/185/1528 1080/186/1528
f  1080/181/1529 1085/187/1530 1081/182/1530
f  1080/186/1531 1089/188/1531 1085/189/1532
f  1081/182/1530 1085/187/1530 1086/190/1533
f  1081/182/1534 1086/190/1535 1082/183/1535
f  1082/183/1535 1086/190/1535 1087/191/1536
f  1082/183/1537 1087/191/1538 1083/184/1538
f  1083/184/1538 1087/191/1538 1088/192/1539
f  1083/184/1540 1088/192/1541 1084/185/1541
f  1084/185/1541 1088/192/1541 1089/188/1542
f  1084/185/1543 1089/188/1531 1080/186/1531
f  1085/187/1544 1090/149/1544 1086/190/1544
f  1086/190/1545 1090/149/1545 1087/191/1545
f  1087/191/1546 1090/149/1546 1088/192/1546
f  1088/192/1547 1090/149/1547 1089/188/1547
f  1089/188/1548 1090/149/1548 1085/189/1548
f  1091/139/1549 1092/193/1549 1093/194/1549
f  1091/139/1550 1093/194/1550 1094/195/1550
f  1091/139/1551 1094/195/1551 1095/196/1551
f  1091/139/1552 1095/196/1552 1096/197/1552
f  1091/139/1553 1096/197/1553 1092/198/1553
f  1092/193/1554 1097/199/1555 1093/194/1555
f  1092/198/1556 1101/200/1556 1097/201/1557
f  1093/194/1555 1097/199/1555 1098/202/1558
f  1093/194/1559 1098/202/1560 1094/195/1560
f  1094/195/1560 1098/202/1560 1099/203/1561
f  1094/195/1562 1099/203/1563 1095/196/1563
f  1095/196/1563 1099/203/1563 1100/204/1564
f  1095/196/1565 1100/204/1566 1096/197/1566
f  1096/197/1566 1100/204/1566 1101/200/1567
f  1096/197/1568 1101/200/1556 1092/198/1556
f  1097/199/1569 1102/144/1569 1098/202/1569
f  1098/202/1570 1102/144/1570 1099/203/1570
f  1099/203/1571 1102/144/1571 1100/204/1571
f  1100/204/1572 1102/144/1572 1101/200/1572
f  1101/200/1573 1102/144/1573 1097/201/1573
f  1103/154/1574 1104/169/1574 1105/170/1574
f  1103/154/1575 1105/170/1575 1106/171/1575
f  1103/154/1576 1106/171/1576 1107/172/1576
f  1103/154/1577 1107/172/1577 1108/173/1577
f  1103/154/1578 1108/173/1578 1104/174/1578
f  1104/169/1579 1109/175/1580 1105/170/1580
f  1104/174/1581 1113/176/1581 1109/177/1582
f  1105/170/1580 1109/175/1580 1110/178/1583
f  1105/170/1584 1110/178/1585 1106/171/1585
f  1106/171/1585 1110/178/1585 1111/179/1586
f  1106/171/1587 1111/179/1588 1107/172/1588
f  1107/172/1588 1111/179/1588 1112/180/1589
f  1107/172/1590 1112/180/1591 1108/173/1591
f  1108/173/1591 1112/180/1591 1113/176/1592
f  1108/173/1593 1113/176/1581 1104/174/1581
f  1109/175/1594 1114/155/1594 1110/178/1594
f  1110/178/1595 1114/155/1595 1111/179/1595
f  1111/179/1596 1114/155/1596 1112/180/1596
f  1112/180/1597 1114/155/1597 1113/176/1597
f  1113/176/1598 1114/155/1598 1109/177/1598
f  1115/144/1599 1116/181/1599 1117/182/1599
f  1115/144/1600 1117/182/1600 1118/183/1600
f  1115/144/1601 1118/183/1601 1119/184/1601
f  1115/144/1602 1119/184/1602 1120/185/1602
f  1115/144/1603 1120/185/1603 1116/186/1603
f  1116/181/1604 1121/187/1605 1117/182/1605
f  1116/186/1606 1125/188/1606 1121/189/1607
f  1117/182/1605 1121/187/1605 1122/190/1608
f  1117/182/1609 1122/190/1610 1118/183/1610
f  1118/183/1610 1122/190/1610 1123/191/1611
f  1118/183/1612 1123/191/1613 1119/184/1613
f  1119/184/1613 1123/191/1613 1124/192/1614
f  1119/184/1615 1124/192/1616 1120/185/1616
f  1120/185/1616 1124/192/1616 1125/188/1617
f  1120/185/1618 1125/188/1606 1116/186/1606
f  1121/187/1619 1126/149/1619 1122/190/1619
f  1122/190/1545 1126/149/1545 1123/191/1545
f  1123/191/1546 1126/149/1546 1124/192/1546
f  1124/192/1620 1126/149/1620 1125/188/1620
f  1125/188/1621 1126/149/1621 1121/189/1621
f  1127/139/1622 1128/193/1622 1129/194/1622
f  1127/139/1623 1129/194/1623 1130/195/1623
f  1127/139/1624 1130/195/1624 1131/196/1624
f  1127/139/1625 1131/196/1625 1132/197/1625
f  1127/139/1626 1132/197/1626 1128/198/1626
f  1128/193/1627 1133/199/1628 1129/194/1628
f  1128/198/1629 1137/200/1629 1133/201/1630
f  1129/194/1628 1133/199/1628 1134/202/1631
f  1129/194/1632 1134/202/1633 1130/195/1633
f  1130/195/1633 1134/202/1633 1135/203/1634
f  1130/195/1562 1135/203/1635 1131/196/1635
f  1131/196/1635 1135/203/1635 1136/204/1636
f  1131/196/1637 1136/204/1638 1132/197/1638
f  1132/197/1638 1136/204/1638 1137/200/1639
f  1132/197/1640 1137/200/1629 1128/198/1629
f  1133/199/1641 1138/144/1641 1134/202/1641
f  1134/202/1642 1138/144/1642 1135/203/1642
f  1135/203/1643 1138/144/1643 1136/204/1643
f  1136/204/1644 1138/144/1644 1137/200/1644
f  1137/200/1645 1138/144/1645 1133/201/1645
f  1139/41/1646 1143/46/1647 1140/44/1648
f  1139/43/1649 1146/47/1650 1143/48/1651
f  1140/44/1648 1143/46/1647 1144/49/1652
f  1140/44/1653 1144/49/1654 1141/45/1655
f  1141/45/1655 1144/49/1654 1145/50/1656
f  1141/45/1657 1145/50/1658 1142/42/1659
f  1142/42/1659 1145/50/1658 1146/47/1660
f  1142/42/1661 1146/47/1650 1139/43/1649
f  1143/46/1647 1147/51/1662 1144/49/1652
f  1143/48/1651 1150/52/1663 1147/53/1664
f  1144/49/1652 1147/51/1662 1148/54/1665
f  1144/49/1654 1148/54/1666 1145/50/1656
f  1145/50/1656 1148/54/1666 1149/55/1667
f  1145/50/1658 1149/55/1668 1146/47/1660
f  1146/47/1660 1149/55/1668 1150/52/1669
f  1146/47/1650 1150/52/1663 1143/48/1651
f  1147/51/1662 1151/56/1670 1148/54/1665
f  1147/53/1664 1154/57/1671 1151/58/1672
f  1148/54/1665 1151/56/1670 1152/59/1673
f  1148/54/1666 1152/59/1674 1149/55/1667
f  1149/55/1667 1152/59/1674 1153/60/1675
f  1149/55/1668 1153/60/1676 1150/52/1669
f  1150/52/1669 1153/60/1676 1154/57/1677
f  1150/52/1663 1154/57/1671 1147/53/1664
f  1151/56/1670 1155/61/1678 1152/59/1673
f  1151/58/1672 1158/70/1679 1155/64/1680
f  1152/59/1673 1155/61/1678 1156/63/1681
f  1152/59/1674 1156/63/1682 1153/60/1675
f  1153/60/1675 1156/63/1682 1157/68/1683
f  1153/60/1676 1157/68/1684 1154/57/1677
f  1154/57/1677 1157/68/1684 1158/70/1685
f  1154/57/1671 1158/70/1679 1151/58/1672
f  1155/61/1678 1159/62/1686 1156/63/1681
f  1155/64/1680 1162/65/1687 1159/66/1688
f  1156/63/1681 1159/62/1686 1160/67/1689
f  1156/63/1682 1160/67/1690 1157/68/1683
f  1157/68/1683 1160/67/1690 1161/69/1691
f  1157/68/1684 1161/69/1692 1158/70/1685
f  1158/70/1685 1161/69/1692 1162/65/1693
f  1158/70/1679 1162/65/1687 1155/64/1680
f  1159/62/1686 1163/71/1694 1160/67/1689
f  1159/66/1688 1166/72/1695 1163/73/1696
f  1160/67/1689 1163/71/1694 1164/74/1697
f  1160/67/1690 1164/74/1698 1161/69/1691
f  1161/69/1691 1164/74/1698 1165/75/1699
f  1161/69/1692 1165/75/1700 1162/65/1693
f  1162/65/1693 1165/75/1700 1166/72/1701
f  1162/65/1687 1166/72/1695 1159/66/1688
f  1167/41/1702 1171/46/1703 1168/44/1704
f  1167/43/1705 1174/47/1706 1171/48/1707
f  1168/44/1704 1171/46/1703 1172/49/1708
f  1168/44/1709 1172/49/1710 1169/45/1711
f  1169/45/1711 1172/49/1710 1173/50/1712
f  1169/45/1713 1173/50/1714 1170/42/1715
f  1170/42/1715 1173/50/1714 1174/47/1716
f  1170/42/1717 1174/47/1706 1167/43/1705
f  1171/46/1703 1175/51/1718 1172/49/1708
f  1171/48/1707 1178/52/1719 1175/53/1720
f  1172/49/1708 1175/51/1718 1176/54/1721
f  1172/49/1710 1176/54/1722 1173/50/1712
f  1173/50/1712 1176/54/1722 1177/55/1723
f  1173/50/1714 1177/55/1724 1174/47/1716
f  1174/47/1716 1177/55/1724 1178/52/1725
f  1174/47/1706 1178/52/1719 1171/48/1707
f  1175/51/1718 1179/56/1726 1176/54/1721
f  1175/53/1720 1182/57/1727 1179/58/1728
f  1176/54/1721 1179/56/1726 1180/59/1729
f  1176/54/1722 1180/59/1730 1177/55/1723
f  1177/55/1723 1180/59/1730 1181/60/1731
f  1177/55/1724 1181/60/1732 1178/52/1725
f  1178/52/1725 1181/60/1732 1182/57/1733
f  1178/52/1719 1182/57/1727 1175/53/1720
f  1179/56/1726 1183/61/1734 1180/59/1729
f  1179/58/1728 1186/70/1735 1183/64/1736
f  1180/59/1729 1183/61/1734 1184/63/1737
f  1180/59/1730 1184/63/1738 1181/60/1731
f  1181/60/1731 1184/63/1738 1185/68/1739
f  1181/60/1732 1185/68/1740 1182/57/1733
f  1182/57/1733 1185/68/1740 1186/70/1741
f  1182/57/1727 1186/70/1735 1179/58/1728
f  1183/61/1734 1187/62/1742 1184/63/1737
f  1183/64/1736 1190/65/1743 1187/66/1744
f  1184/63/1737 1187/62/1742 1188/67/1745
f  1184/63/1738 1188/67/1746 1185/68/1739
f  1185/68/1739 1188/67/1746 1189/69/1747
f  1185/68/1740 1189/69/1748 1186/70/1741
f  1186/70/1741 1189/69/1748 1190/65/1749
f  1186/70/1735 1190/65/1743 1183/64/1736
f  1187/62/1742 1191/71/1750 1188/67/1745
f  1187/66/1744 1194/72/1751 1191/73/1752
f  1188/67/1745 1191/71/1750 1192/74/1753
f  1188/67/1746 1192/74/1754 1189/69/1747
f  1189/69/1747 1192/74/1754 1193/75/1755
f  1189/69/1748 1193/75/1756 1190/65/1749
f  1190/65/1749 1193/75/1756 1194/72/1757
f  1190/65/1743 1194/72/1751 1187/66/1744
f  1195/31/1758 1199/36/1759 1196/34/1760
f  1195/33/1761 1202/37/1762 1199/38/1763
f  1196/34/1760 1199/36/1759 1200/39/1764
f  1196/34/1765 1200/39/1766 1197/35/1767
f  1197/35/1767 1200/39/1766 1201/40/1768
f  1197/35/1769 1201/40/1770 1198/32/1771
f  1198/32/1771 1201/40/1770 1202/37/1772
f  1198/32/1773 1202/37/1762 1195/33/1761
f  1199/36/1759 1203/41/1774 1200/39/1764
f  1199/38/1763 1206/42/1775 1203/43/1776
f  1200/39/1764 1203/41/1774 1204/44/1777
f  1200/39/1766 1204/44/1778 1201/40/1768
f  1201/40/1768 1204/44/1778 1205/45/1779
f  1201/40/1770 1205/45/1780 1202/37/1772
f  1202/37/1772 1205/45/1780 1206/42/1781
f  1202/37/1762 1206/42/1775 1199/38/1763
f  1203/41/1774 1207/46/1782 1204/44/1777
f  1203/43/1776 1210/47/1783 1207/48/1784
f  1204/44/1777 1207/46/1782 1208/49/1785
f  1204/44/1778 1208/49/1786 1205/45/1779
f  1205/45/1779 1208/49/1786 1209/50/1787
f  1205/45/1780 1209/50/1788 1206/42/1781
f  1206/42/1781 1209/50/1788 1210/47/1789
f  1206/42/1775 1210/47/1783 1203/43/1776
f  1207/46/1782 1211/51/1790 1208/49/1785
f  1207/48/1784 1214/52/1791 1211/53/1792
f  1208/49/1785 1211/51/1790 1212/54/1793
f  1208/49/1786 1212/54/1794 1209/50/1787
f  1209/50/1787 1212/54/1794 1213/55/1795
f  1209/50/1788 1213/55/1796 1210/47/1789
f  1210/47/1789 1213/55/1796 1214/52/1797
f  1210/47/1783 1214/52/1791 1207/48/1784
f  1215/31/1798 1219/36/1799 1216/34/1800
f  1215/33/1801 1222/37/1802 1219/38/1803
f  1216/34/1800 1219/36/1799 1220/39/1804
f  1216/34/1805 1220/39/1806 1217/35/1807
f  1217/35/1807 1220/39/1806 1221/40/1808
f  1217/35/1809 1221/40/1810 1218/32/1811
f  1218/32/1811 1221/40/1810 1222/37/1812
f  1218/32/1813 1222/37/1802 1215/33/1801
f  1219/36/1799 1223/41/1814 1220/39/1804
f  1219/38/1803 1226/42/1815 1223/43/1816
f  1220/39/1804 1223/41/1814 1224/44/1817
f  1220/39/1806 1224/44/1818 1221/40/1808
f  1221/40/1808 1224/44/1818 1225/45/1819
f  1221/40/1810 1225/45/1820 1222/37/1812
f  1222/37/1812 1225/45/1820 1226/42/1821
f  1222/37/1802 1226/42/1815 1219/38/1803
f  1223/41/1814 1227/46/1822 1224/44/1817
f  1223/43/1816 1230/47/1823 1227/48/1824
f  1224/44/1817 1227/46/1822 1228/49/1825
f  1224/44/1818 1228/49/1826 1225/45/1819
f  1225/45/1819 1228/49/1826 1229/50/1827
f  1225/45/1820 1229/50/1828 1226/42/1821
f  1226/42/1821 1229/50/1828 1230/47/1829
f  1226/42/1815 1230/47/1823 1223/43/1816
f  1227/46/1822 1231/51/1830 1228/49/1825
f  1227/48/1824 1234/52/1831 1231/53/1832
f  1228/49/1825 1231/51/1830 1232/54/1833
f  1228/49/1826 1232/54/1834 1229/50/1827
f  1229/50/1827 1232/54/1834 1233/55/1835
f  1229/50/1828 1233/55/1836 1230/47/1829
f  1230/47/1829 1233/55/1836 1234/52/1837
f  1230/47/1823 1234/52/1831 1227/48/1824
f  1235/21/1838 1239/26/1839 1236/24/1840
f  1235/23/1841 1242/27/1842 1239/28/1843
f  1236/24/1840 1239/26/1839 1240/29/1844
f  1236/24/1845 1240/29/1846 1237/25/1847
f  1237/25/1847 1240/29/1846 1241/30/1848
f  1237/25/1849 1241/30/1850 1238/22/1851
f  1238/22/1851 1241/30/1850 1242/27/1852
f  1238/22/1853 1242/27/1842 1235/23/1841
f  1239/26/1839 1243/31/1854 1240/29/1844
f  1239/28/1843 1246/32/1855 1243/33/1856
f  1240/29/1844 1243/31/1854 1244/34/1857
f  1240/29/1846 1244/34/1858 1241/30/1848
f  1241/30/1848 1244/34/1858 1245/35/1859
f  1241/30/1850 1245/35/1860 1242/27/1852
f  1242/27/1852 1245/35/1860 1246/32/1861
f  1242/27/1842 1246/32/1855 1239/28/1843
f  1243/31/1854 1247/36/1862 1244/34/1857
f  1243/33/1856 1250/37/1863 1247/38/1864
f  1244/34/1857 1247/36/1862 1248/39/1865
f  1244/34/1858 1248/39/1866 1245/35/1859
f  1245/35/1859 1248/39/1866 1249/40/1867
f  1245/35/1860 1249/40/1868 1246/32/1861
f  1246/32/1861 1249/40/1868 1250/37/1869
f  1246/32/1855 1250/37/1863 1243/33/1856
f  1247/36/1862 1251/41/1870 1248/39/1865
f  1247/38/1864 1254/42/1871 1251/43/1872
f  1248/39/1865 1251/41/1870 1252/44/1873
f  1248/39/1866 1252/44/1874 1249/40/1867
f  1249/40/1867 1252/44/1874 1253/45/1875
f  1249/40/1868 1253/45/1876 1250/37/1869
f  1250/37/1869 1253/45/1876 1254/42/1877
f  1250/37/1863 1254/42/1871 1247/38/1864
f  1251/41/1870 1255/46/1878 1252/44/1873
f  1251/43/1872 1258/47/1879 1255/48/1880
f  1252/44/1873 1255/46/1878 1256/49/1881
f  1252/44/1874 1256/49/1882 1253/45/1875
f  1253/45/1875 1256/49/1882 1257/50/1883
f  1253/45/1876 1257/50/1884 1254/42/1877
f  1254/42/1877 1257/50/1884 1258/47/1885
f  1254/42/1871 1258/47/1879 1251/43/1872
f  1255/46/1878 1259/51/1886 1256/49/1881
f  1255/48/1880 1262/52/1887 1259/53/1888
f  1256/49/1881 1259/51/1886 1260/54/1889
f  1256/49/1882 1260/54/1890 1257/50/1883
f  1257/50/1883 1260/54/1890 1261/55/1891
f  1257/50/1884 1261/55/1892 1258/47/1885
f  1258/47/1885 1261/55/1892 1262/52/1893
f  1258/47/1879 1262/52/1887 1255/48/1880
f  1263/21/1894 1267/26/1895 1264/24/1896
f  1263/23/1897 1270/27/1898 1267/28/1899
f  1264/24/1896 1267/26/1895 1268/29/1900
f  1264/24/1901 1268/29/1902 1265/25/1903
f  1265/25/1903 1268/29/1902 1269/30/1904
f  1265/25/1905 1269/30/1906 1266/22/1907
f  1266/22/1907 1269/30/1906 1270/27/1908
f  1266/22/1909 1270/27/1898 1263/23/1897
f  1267/26/1895 1271/31/1910 1268/29/1900
f  1267/28/1899 1274/32/1911 1271/33/1912
f  1268/29/1900 1271/31/1910 1272/34/1913
f  1268/29/1902 1272/34/1914 1269/30/1904
f  1269/30/1904 1272/34/1914 1273/35/1915
f  1269/30/1906 1273/35/1916 1270/27/1908
f  1270/27/1908 1273/35/1916 1274/32/1917
f  1270/27/1898 1274/32/1911 1267/28/1899
f  1271/31/1910 1275/36/1918 1272/34/1913
f  1271/33/1912 1278/37/1919 1275/38/1920
f  1272/34/1913 1275/36/1918 1276/39/1921
f  1272/34/1914 1276/39/1922 1273/35/1915
f  1273/35/1915 1276/39/1922 1277/40/1923
f  1273/35/1916 1277/40/1924 1274/32/1917
f  1274/32/1917 1277/40/1924 1278/37/1925
f  1274/32/1911 1278/37/1919 1271/33/1912
f  1275/36/1918 1279/41/1926 1276/39/1921
f  1275/38/1920 1282/42/1927 1279/43/1928
f  1276/39/1921 1279/41/1926 1280/44/1929
f  1276/39/1922 1280/44/1930 1277/40/1923
f  1277/40/1923 1280/44/1930 1281/45/1931
f  1277/40/1924 1281/45/1932 1278/37/1925
f  1278/37/1925 1281/45/1932 1282/42/1933
f  1278/37/1919 1282/42/1927 1275/38/1920
f  1279/41/1926 1283/46/1934 1280/44/1929
f  1279/43/1928 1286/47/1935 1283/48/1936
f  1280/44/1929 1283/46/1934 1284/49/1937
f  1280/44/1930 1284/49/1938 1281/45/1931
f  1281/45/1931 1284/49/1938 1285/50/1939
f  1281/45/1932 1285/50/1940 1282/42/1933
f  1282/42/1933 1285/50/1940 1286/47/1941
f  1282/42/1927 1286/47/1935 1279/43/1928
f  1283/46/1934 1287/51/1942 1284/49/1937
f  1283/48/1936 1290/52/1943 1287/53/1944
f  1284/49/1937 1287/51/1942 1288/54/1945
f  1284/49/1938 1288/54/1946 1285/50/1939
f  1285/50/1939 1288/54/1946 1289/55/1947
f  1285/50/1940 1289/55/1948 1286/47/1941
f  1286/47/1941 1289/55/1948 1290/52/1949
f  1286/47/1935 1290/52/1943 1283/48/1936
f  1291/16/1950 1295/21/1951 1292/19/1952
f  1291/18/1953 1298/22/1954 1295/23/1955
f  1292/19/1952 1295/21/1951 1296/24/1956
f  1292/19/1957 1296/24/1958 1293/20/1959
f  1293/20/1959 1296/24/1958 1297/25/1960
f  1293/20/1961 1297/25/1962 1294/17/1963
f  1294/17/1963 1297/25/1962 1298/22/1964
f  1294/17/1965 1298/22/1954 1291/18/1953
f  1295/21/1951 1299/26/1966 1296/24/1956
f  1295/23/1955 1302/27/1967 1299/28/1968
f  1296/24/1956 1299/26/1966 1300/29/1969
f  1296/24/1958 1300/29/1970 1297/25/1960
f  1297/25/1960 1300/29/1970 1301/30/1971
f  1297/25/1962 1301/30/1972 1298/22/1964
f  1298/22/1964 1301/30/1972 1302/27/1973
f  1298/22/1954 1302/27/1967 1295/23/1955
f  1299/26/1966 1303/31/1974 1300/29/1969
f  1299/28/1968 1306/32/1975 1303/33/1976
f  1300/29/1969 1303/31/1974 1304/34/1977
f  1300/29/1970 1304/34/1978 1301/30/1971
f  1301/30/1971 1304/34/1978 1305/35/1979
f  1301/30/1972 1305/35/1980 1302/27/1973
f  1302/27/1973 1305/35/1980 1306/32/1981
f  1302/27/1967 1306/32/1975 1299/28/1968
f  1303/31/1974 1307/36/1982 1304/34/1977
f  1303/33/1976 1310/37/1983 1307/38/1984
f  1304/34/1977 1307/36/1982 1308/39/1985
f  1304/34/1978 1308/39/1986 1305/35/1979
f  1305/35/1979 1308/39/1986 1309/40/1987
f  1305/35/1980 1309/40/1988 1306/32/1981
f  1306/32/1981 1309/40/1988 1310/37/1989
f  1306/32/1975 1310/37/1983 1303/33/1976
f  1307/36/1982 1311/41/1990 1308/39/1985
f  1307/38/1984 1314/42/1991 1311/43/1992
f  1308/39/1985 1311/41/1990 1312/44/1993
f  1308/39/1986 1312/44/1994 1309/40/1987
f  1309/40/1987 1312/44/1994 1313/45/1995
f  1309/40/1988 1313/45/1996 1310/37/1989
f  1310/37/1989 1313/45/1996 1314/42/1997
f  1310/37/1983 1314/42/1991 1307/38/1984
f  1311/41/1990 1315/46/1998 1312/44/1993
f  1311/43/1992 1318/47/1999 1315/48/2000
f  1312/44/1993 1315/46/1998 1316/49/2001
f  1312/44/1994 1316/49/2002 1313/45/1995
f  1313/45/1995 1316/49/2002 1317/50/2003
f  1313/45/1996 1317/50/2004 1314/42/1997
f  1314/42/1997 1317/50/2004 1318/47/2005
f  1314/42/1991 1318/47/1999 1311/43/1992
f  1319/16/2006 1323/21/2007 1320/19/2008
f  1319/18/2009 1326/22/2010 1323/23/2011
f  1320/19/2008 1323/21/2007 1324/24/2012
f  1320/19/2013 1324/24/2014 1321/20/2015
f  1321/20/2015 1324/24/2014 1325/25/2016
f  1321/20/2017 1325/25/2018 1322/17/2019
f  1322/17/2019 1325/25/2018 1326/22/2020
f  1322/17/2021 1326/22/2010 1319/18/2009
f  1323/21/2007 1327/26/2022 1324/24/2012
f  1323/23/2011 1330/27/2023 1327/28/2024
f  1324/24/2012 1327/26/2022 1328/29/2025
f  1324/24/2014 1328/29/2026 1325/25/2016
f  1325/25/2016 1328/29/2026 1329/30/2027
f  1325/25/2018 1329/30/2028 1326/22/2020
f  1326/22/2020 1329/30/2028 1330/27/2029
f  1326/22/2010 1330/27/2023 1323/23/2011
f  1327/26/2022 1331/31/2030 1328/29/2025
f  1327/28/2024 1334/32/2031 1331/33/2032
f  1328/29/2025 1331/31/2030 1332/34/2033
f  1328/29/2026 1332/34/2034 1329/30/2027
f  1329/30/2027 1332/34/2034 1333/35/2035
f  1329/30/2028 1333/35/2036 1330/27/2029
f  1330/27/2029 1333/35/2036 1334/32/2037
f  1330/27/2023 1334/32/2031 1327/28/2024
f  1331/31/2030 1335/36/2038 1332/34/2033
f  1331/33/2032 1338/37/2039 1335/38/2040
f  1332/34/2033 1335/36/2038 1336/39/2041
f  1332/34/2034 1336/39/2042 1333/35/2035
f  1333/35/2035 1336/39/2042 1337/40/2043
f  1333/35/2036 1337/40/2044 1334/32/2037
f  1334/32/2037 1337/40/2044 1338/37/2045
f  1334/32/2031 1338/37/2039 1331/33/2032
f  1335/36/2038 1339/41/2046 1336/39/2041
f  1335/38/2040 1342/42/2047 1339/43/2048
f  1336/39/2041 1339/41/2046 1340/44/2049
f  1336/39/2042 1340/44/2050 1337/40/2043
f  1337/40/2043 1340/44/2050 1341/45/2051
f  1337/40/2044 1341/45/2052 1338/37/2045
f  1338/37/2045 1341/45/2052 1342/42/2053
f  1338/37/2039 1342/42/2047 1335/38/2040
f  1339/41/2046 1343/46/2054 1340/44/2049
f  1339/43/2048 1346/47/2055 1343/48/2056
f  1340/44/2049 1343/46/2054 1344/49/2057
f  1340/44/2050 1344/49/2058 1341/45/2051
f  1341/45/2051 1344/49/2058 1345/50/2059
f  1341/45/2052 1345/50/2060 1342/42/2053
f  1342/42/2053 1345/50/2060 1346/47/2061
f  1342/42/2047 1346/47/2055 1339/43/2048
usemtl Leaf
f  1347/8/2062 1350/96/2063 1348/10/2064
f  1348/10/2064 1350/96/2063 1351/97/2065
f  1348/10/2064 1351/97/2065 1349/4/2066
f  1349/4/2066 1351/97/2065 1352/98/2067
f  1350/96/2063 1353/9/2068 1351/97/2065
f  1351/97/2065 1353/9/2068 1354/5/2069
f  1351/97/2065 1354/5/2069 1352/98/2067
f  1352/98/2067 1354/5/2069 1355/6/2070
f  1353/9/2068 1356/99/2071 1354/5/2069
f  1354/5/2069 1356/99/2071 1357/100/2072
f  1354/5/2069 1357/100/2072 1355/6/2070
f  1355/6/2070 1357/100/2072 1358/101/2073
f  1356/99/2071 1359/15/2074 1357/100/2072
f  1357/100/2072 1359/15/2074 1360/12/2075
f  1357/100/2072 1360/12/2075 1358/101/2073
f  1358/101/2073 1360/12/2075 1361/13/2076
f  1359/15/2074 1362/102/2077 1360/12/2075
f  1360/12/2075 1362/102/2077 1363/103/2078
f  1360/12/2075 1363/103/2078 1361/13/2079
f  1361/13/2079 1363/103/2078 1364/104/2080
f  1362/102/2077 1365/17/2081 1363/103/2078
f  1363/103/2078 1365/17/2081 1364/104/2082
f  1366/8/2083 1368/96/2084 1348/10/2085
f  1348/10/2085 1368/96/2084 1369/97/2086
f  1348/10/2085 1369/97/2086 1367/4/2087
f  1367/4/2087 1369/97/2086 1370/98/2088
f  1368/96/2084 1371/9/2089 1369/97/2086
f  1369/97/2086 1371/9/2089 1372/5/2090
f  1369/97/2086 1372/5/2090 1370/98/2088
f  1370/98/2088 1372/5/2090 1373/6/2091
f  1371/9/2089 1374/99/2092 1372/5/2090
f  1372/5/2090 1374/99/2092 1375/100/2093
f  1372/5/2090 1375/100/2093 1373/6/2091
f  1373/6/2091 1375/100/2093 1376/101/2094
f  1374/99/2092 1377/15/2095 1375/100/2093
f  1375/100/2093 1377/15/2095 1378/12/2096
f  1375/100/2093 1378/12/2096 1376/101/2094
f  1376/101/2094 1378/12/2096 1379/13/2097
f  1377/15/2095 1380/102/2098 1378/12/2096
f  1378/12/2096 1380/102/2099 1381/103/2100
f  1378/12/2096 1381/103/2100 1379/13/2097
f  1379/13/2097 1381/103/2100 1382/104/2101
f  1380/102/2099 1383/17/2102 1381/103/2100
f  1381/103/2100 1383/17/2102 1382/104/2101
f  1384/8/2103 1386/96/2104 1348/10/2105
f  1348/10/2105 1386/96/2104 1387/97/2106
f  1348/10/2105 1387/97/2106 1385/4/2107
f  1385/4/2107 1387/97/2106 1388/98/2108
f  1386/96/2104 1389/9/2109 1387/97/2106
f  1387/97/2106 1389/9/2109 1390/5/2110
f  1387/97/2106 1390/5/2110 1388/98/2108
f  1388/98/2108 1390/5/2110 1391/6/2111
f  1389/9/2109 1392/99/2112 1390/5/2110
f  1390/5/2110 1392/99/2112 1393/100/2113
f  1390/5/2110 1393/100/2113 1391/6/2111
f  1391/6/2111 1393/100/2113 1394/101/2114
f  1392/99/2112 1395/15/2115 1393/100/2113
f  1393/100/2113 1395/15/2115 1396/12/2116
f  1393/100/2113 1396/12/2116 1394/101/2114
f  1394/101/2114 1396/12/2116 1397/13/2117
f  1395/15/2115 1398/102/2118 1396/12/2116
f  1396/12/2116 1398/102/2118 1399/103/2119
f  1396/12/2116 1399/103/2119 1397/13/2117
f  1397/13/2117 1399/103/2119 1400/104/2120
f  1398/102/2118 1401/17/2121 1399/103/2119
f  1399/103/2119 1401/17/2121 1400/104/2120
f  1402/8/2122 1404/96/2123 1348/10/2064
f  1348/10/2064 1404/96/2123 1405/97/2124
f  1348/10/2064 1405/97/2124 1403/4/2125
f  1403/4/2125 1405/97/2124 1406/98/2126
f  1404/96/2123 1407/9/2127 1405/97/2124
f  1405/97/2124 1407/9/2127 1408/5/2128
f  1405/97/2124 1408/5/2128 1406/98/2126
f  1406/98/2126 1408/5/2128 1409/6/2129
f  1407/9/2127 1410/99/2130 1408/5/2128
f  1408/5/2128 1410/99/2130 1411/100/2131
f  1408/5/2128 1411/100/2131 1409/6/2129
f  1409/6/2129 1411/100/2131 1412/101/2132
f  1410/99/2130 1413/15/2133 1411/100/2131
f  1411/100/2131 1413/15/2133 1414/12/2134
f  1411/100/2131 1414/12/2134 1412/101/2132
f  1412/101/2132 1414/12/2134 1415/13/2135
f  1413/15/2133 1416/102/2136 1414/12/2134
f  1414/12/2134 1416/102/2136 1417/103/2137
f  1414/12/2134 1417/103/2137 1415/13/2135
f  1415/13/2135 1417/103/2137 1418/104/2138
f  1416/102/2136 1419/17/2139 1417/103/2137
f  1417/103/2137 1419/17/2139 1418/104/2138
f  1420/8/2140 1422/96/2141 1348/10/2142
f  1348/10/2142 1422/96/2141 1423/97/2143
f  1348/10/2142 1423/97/2143 1421/4/2144
f  1421/4/2144 1423/97/2143 1424/98/2145
f  1422/96/2141 1425/9/2146 1423/97/2143
f  1423/97/2143 1425/9/2146 1426/5/2147
f  1423/97/2143 1426/5/2147 1424/98/2145
f  1424/98/2145 1426/5/2147 1427/6/2148
f  1425/9/2146 1428/99/2149 1426/5/2147
f  1426/5/2147 1428/99/2149 1429/100/2150
f  1426/5/2147 1429/100/2150 1427/6/2148
f  1427/6/2148 1429/100/2150 1430/101/2151
f  1428/99/2152 1431/15/2153 1429/100/2150
f  1429/100/2150 1431/15/2153 1432/12/2154
f  1429/100/2150 1432/12/2154 1430/101/2155
f  1430/101/2155 1432/12/2154 1433/13/2156
f  1431/15/2153 1434/102/2157 1432/12/2154
f  1432/12/2154 1434/102/2157 1435/103/2158
f  1432/12/2154 1435/103/2159 1433/13/2156
f  1433/13/2160 1435/103/2158 1436/104/2160
f  1434/102/2157 1437/17/2161 1435/103/2158
f  1435/103/2158 1437/17/2161 1436/104/2162
f  1438/8/2163 1441/96/2164 1439/10/2165
f  1439/10/2165 1441/96/2164 1442/97/2166
f  1439/10/2165 1442/97/2166 1440/4/2167
f  1440/4/2167 1442/97/2166 1443/98/2168
f  1441/96/2164 1444/9/2169 1442/97/2166
f  1442/97/2166 1444/9/2169 1445/5/2170
f  1442/97/2166 1445/5/2170 1443/98/2168
f  1443/98/2168 1445/5/2170 1446/6/2171
f  1444/9/2169 1447/99/2172 1445/5/2170
f  1445/5/2170 1447/99/2172 1448/100/2173
f  1445/5/2170 1448/100/2173 1446/6/2171
f  1446/6/2171 1448/100/2173 1449/101/2174
f  1447/99/2175 1450/15/2176 1448/100/2173
f  1448/100/2173 1450/15/2176 1451/12/2177
f  1448/100/2173 1451/12/2177 1449/101/2174
f  1449/101/2174 1451/12/2177 1452/13/2178
f  1450/15/2176 1453/102/2179 1451/12/2177
f  1451/12/2177 1453/102/2179 1454/103/2180
f  1451/12/2177 1454/103/2180 1452/13/2181
f  1452/13/2181 1454/103/2180 1455/104/2182
f  1453/102/2179 1456/17/2183 1454/103/2183
f  1454/103/2183 1456/17/2183 1455/104/2183
f  1457/8/2184 1459/96/2185 1439/10/2186
f  1439/10/2186 1459/96/2185 1460/97/2187
f  1439/10/2186 1460/97/2187 1458/4/2188
f  1458/4/2188 1460/97/2187 1461/98/2189
f  1459/96/2185 1462/9/2190 1460/97/2187
f  1460/97/2187 1462/9/2190 1463/5/2191
f  1460/97/2187 1463/5/2191 1461/98/2189
f  1461/98/2189 1463/5/2191 1464/6/2192
f  1462/9/2190 1465/99/2193 1463/5/2191
f  1463/5/2191 1465/99/2193 1466/100/2194
f  1463/5/2191 1466/100/2194 1464/6/2192
f  1464/6/2192 1466/100/2194 1467/101/2195
f  1465/99/2193 1468/15/2196 1466/100/2194
f  1466/100/2194 1468/15/2196 1469/12/2197
f  1466/100/2194 1469/12/2197 1467/101/2195
f  1467/101/2195 1469/12/2197 1470/13/2198
f  1468/15/2196 1471/102/2199 1469/12/2197
f  1469/12/2197 1471/102/2200 1472/103/2201
f  1469/12/2197 1472/103/2201 1470/13/2198
f  1470/13/2198 1472/103/2201 1473/104/2202
f  1471/102/2200 1474/17/2203 1472/103/2201
f  1472/103/2201 1474/17/2203 1473/104/2202
f  1475/8/2204 1477/96/2205 1439/10/2206
f  1439/10/2206 1477/96/2205 1478/97/2207
f  1439/10/2206 1478/97/2207 1476/4/2208
f  1476/4/2208 1478/97/2207 1479/98/2209
f  1477/96/2205 1480/9/2210 1478/97/2207
f  1478/97/2207 1480/9/2210 1481/5/2211
f  1478/97/2207 1481/5/2211 1479/98/2209
f  1479/98/2209 1481/5/2211 1482/6/2212
f  1480/9/2210 1483/99/2213 1481/5/2211
f  1481/5/2211 1483/99/2213 1484/100/2214
f  1481/5/2211 1484/100/2214 1482/6/2212
f  1482/6/2212 1484/100/2214 1485/101/2215
f  1483/99/2213 1486/15/2216 1484/100/2214
f  1484/100/2214 1486/15/2216 1487/12/2217
f  1484/100/2214 1487/12/2217 1485/101/2215
f  1485/101/2215 1487/12/2217 1488/13/2218
f  1486/15/2216 1489/102/2219 1487/12/2217
f  1487/12/2217 1489/102/2219 1490/103/2220
f  1487/12/2217 1490/103/2220 1488/13/2218
f  1488/13/2218 1490/103/2220 1491/104/2221
f  1489/102/2222 1492/17/2223 1490/103/2220
f  1490/103/2220 1492/17/2223 1491/104/2221
f  1493/8/2224 1495/96/2225 1439/10/2165
f  1439/10/2165 1495/96/2225 1496/97/2226
f  1439/10/2165 1496/97/2226 1494/4/2227
f  1494/4/2227 1496/97/2226 1497/98/2228
f  1495/96/2225 1498/9/2229 1496/97/2226
f  1496/97/2226 1498/9/2229 1499/5/2230
f  1496/97/2226 1499/5/2230 1497/98/2228
f  1497/98/2228 1499/5/2230 1500/6/2231
f  1498/9/2229 1501/99/2232 1499/5/2230
f  1499/5/2230 1501/99/2232 1502/100/2233
f  1499/5/2230 1502/100/2233 1500/6/2231
f  1500/6/2231 1502/100/2233 1503/101/2234
f  1501/99/2232 1504/15/2235 1502/100/2233
f  1502/100/2233 1504/15/2235 1505/12/2236
f  1502/100/2233 1505/12/2236 1503/101/2234
f  1503/101/2234 1505/12/2236 1506/13/2237
f  1504/15/2235 1507/102/2238 1505/12/2236
f  1505/12/2236 1507/102/2238 1508/103/2239
f  1505/12/2236 1508/103/2239 1506/13/2237
f  1506/13/2237 1508/103/2239 1509/104/2240
f  1507/102/2238 1510/17/2241 1508/103/2239
f  1508/103/2239 1510/17/2241 1509/104/2240
f  1511/8/2242 1513/96/2243 1439/10/2244
f  1439/10/2244 1513/96/2243 1514/97/2245
f  1439/10/2244 1514/97/2245 1512/4/2246
f  1512/4/2246 1514/97/2245 1515/98/2247
f  1513/96/2243 1516/9/2248 1514/97/2245
f  1514/97/2245 1516/9/2248 1517/5/2249
f  1514/97/2245 1517/5/2249 1515/98/2247
f  1515/98/2250 1517/5/2249 1518/6/2251
f  1516/9/2248 1519/99/2252 1517/5/2249
f  1517/5/2249 1519/99/2252 1520/100/2253
f  1517/5/2249 1520/100/2253 1518/6/2251
f  1518/6/2251 1520/100/2253 1521/101/2254
f  1519/99/2255 1522/15/2256 1520/100/2257
f  1520/100/2257 1522/15/2256 1523/12/2258
f  1520/100/2257 1523/12/2258 1521/101/2259
f  1521/101/2259 1523/12/2258 1524/13/2260
f  1522/15/2256 1525/102/2261 1523/12/2258
f  1523/12/2258 1525/102/2261 1526/103/2262
f  1523/12/2258 1526/103/2263 1524/13/2260
f  1524/13/2264 1526/103/2262 1527/104/2264
f  1525/102/2261 1528/17/2265 1526/103/2262
f  1526/103/2262 1528/17/2265 1527/104/2266
f  1529/8/2267 1532/96/2268 1530/10/2269
f  1530/10/2269 1532/96/2268 1533/97/2270
f  1530/10/2269 1533/97/2270 1531/4/2271
f  1531/4/2271 1533/97/2270 1534/98/2272
f  1532/96/2268 1535/9/2273 1533/97/2270
f  1533/97/2270 1535/9/2273 1536/5/2274
f  1533/97/2270 1536/5/2274 1534/98/2272
f  1534/98/2272 1536/5/2274 1537/6/2275
f  1535/9/2273 1538/99/2276 1536/5/2274
f  1536/5/2274 1538/99/2276 1539/100/2277
f  1536/5/2274 1539/100/2277 1537/6/2275
f  1537/6/2275 1539/100/2277 1540/101/2278
f  1538/99/2276 1541/15/2279 1539/100/2277
f  1539/100/2277 1541/15/2279 1542/12/2280
f  1539/100/2277 1542/12/2280 1540/101/2278
f  1540/101/2278 1542/12/2280 1543/13/2281
f  1541/15/2279 1544/102/2282 1542/12/2280
f  1542/12/2280 1544/102/2282 1545/103/2283
f  1542/12/2280 1545/103/2283 1543/13/2284
f  1543/13/2284 1545/103/2283 1546/104/2285
f  1544/102/2282 1547/17/2286 1545/103/2283
f  1545/103/2283 1547/17/2286 1546/104/2287
f  1548/8/2288 1550/96/2289 1530/10/2290
f  1530/10/2290 1550/96/2289 1551/97/2291
f  1530/10/2290 1551/97/2291 1549/4/2292
f  1549/4/2292 1551/97/2291 1552/98/2293
f  1550/96/2289 1553/9/2294 1551/97/2291
f  1551/97/2291 1553/9/2294 1554/5/2295
f  1551/97/2291 1554/5/2295 1552/98/2293
f  1552/98/2293 1554/5/2295 1555/6/2296
f  1553/9/2294 1556/99/2297 1554/5/2295
f  1554/5/2295 1556/99/2297 1557/100/2298
f  1554/5/2295 1557/100/2298 1555/6/2296
f  1555/6/2296 1557/100/2298 1558/101/2299
f  1556/99/2297 1559/15/2300 1557/100/2298
f  1557/100/2298 1559/15/2300 1560/12/2301
f  1557/100/2298 1560/12/2301 1558/101/2299
f  1558/101/2299 1560/12/2301 1561/13/2302
f  1559/15/2300 1562/102/2303 1560/12/2301
f  1560/12/2301 1562/102/2304 1563/103/2305
f  1560/12/2301 1563/103/2305 1561/13/2302
f  1561/13/2302 1563/103/2305 1564/104/2306
f  1562/102/2304 1565/17/2307 1563/103/2305
f  1563/103/2305 1565/17/2307 1564/104/2306
f  1566/8/2308 1568/96/2309 1530/10/2310
f  1530/10/2310 1568/96/2309 1569/97/2311
f  1530/10/2310 1569/97/2311 1567/4/2312
f  1567/4/2312 1569/97/2311 1570/98/2313
f  1568/96/2309 1571/9/2314 1569/97/2311
f  1569/97/2311 1571/9/2314 1572/5/2315
f  1569/97/2311 1572/5/2315 1570/98/2313
f  1570/98/2313 1572/5/2315 1573/6/2316
f  1571/9/2314 1574/99/2317 1572/5/2315
f  1572/5/2315 1574/99/2317 1575/100/2318
f  1572/5/2315 1575/100/2318 1573/6/2316
f  1573/6/2316 1575/100/2318 1576/101/2319
f  1574/99/2317 1577/15/2320 1575/100/2318
f  1575/100/2318 1577/15/2320 1578/12/2321
f  1575/100/2318 1578/12/2321 1576/101/2319
f  1576/101/2319 1578/12/2321 1579/13/2322
f  1577/15/2320 1580/102/2323 1578/12/2321
f  1578/12/2321 1580/102/2323 1581/103/2324
f  1578/12/2321 1581/103/2324 1579/13/2322
f  1579/13/2322 1581/103/2324 1582/104/2325
f  1580/102/2323 1583/17/2326 1581/103/2324
f  1581/103/2324 1583/17/2326 1582/104/2325
f  1584/8/2327 1586/96/2328 1530/10/2269
f  1530/10/2269 1586/96/2328 1587/97/2329
f  1530/10/2269 1587/97/2329 1585/4/2330
f  1585/4/2330 1587/97/2329 1588/98/2331
f  1586/96/2328 1589/9/2332 1587/97/2329
f  1587/97/2329 1589/9/2332 1590/5/2333
f  1587/97/2329 1590/5/2333 1588/98/2331
f  1588/98/2331 1590/5/2333 1591/6/2334
f  1589/9/2332 1592/99/2335 1590/5/2333
f  1590/5/2333 1592/99/2335 1593/100/2336
f  1590/5/2333 1593/100/2336 1591/6/2334
f  1591/6/2334 1593/100/2336 1594/101/2337
f  1592/99/2335 1595/15/2338 1593/100/2336
f  1593/100/2336 1595/15/2338 1596/12/2339
f  1593/100/2336 1596/12/2339 1594/101/2337
f  1594/101/2337 1596/12/2339 1597/13/2340
f  1595/15/2338 1598/102/2341 1596/12/2339
f  1596/12/2339 1598/102/2341 1599/103/2342
f  1596/12/2339 1599/103/2342 1597/13/2340
f  1597/13/2340 1599/103/2342 1600/104/2343
f  1598/102/2341 1601/17/2344 1599/103/2342
f  1599/103/2342 1601/17/2344 1600/104/2343
f  1602/8/2345 1604/96/2346 1530/10/2347
f  1530/10/2347 1604/96/2346 1605/97/2348
f  1530/10/2347 1605/97/2348 1603/4/2349
f  1603/4/2349 1605/97/2348 1606/98/2350
f  1604/96/2346 1607/9/2351 1605/97/2348
f  1605/97/2348 1607/9/2351 1608/5/2352
f  1605/97/2348 1608/5/2352 1606/98/2350
f  1606/98/2350 1608/5/2352 1609/6/2353
f  1607/9/2351 1610/99/2354 1608/5/2352
f  1608/5/2352 1610/99/2354 1611/100/2355
f  1608/5/2352 1611/100/2355 1609/6/2353
f  1609/6/2353 1611/100/2355 1612/101/2356
f  1610/99/2357 1613/15/2358 1611/100/2355
f  1611/100/2355 1613/15/2358 1614/12/2359
f  1611/100/2355 1614/12/2359 1612/101/2360
f  1612/101/2360 1614/12/2359 1615/13/2361
f  1613/15/2358 1616/102/2362 1614/12/2359
f  1614/12/2359 1616/102/2363 1617/103/2364
f  1614/12/2359 1617/103/2365 1615/13/2361
f  1615/13/2366 1617/103/2364 1618/104/2366
f  1616/102/2363 1619/17/2367 1617/103/2364
f  1617/103/2364 1619/17/2367 1618/104/2367
f  1620/8/2368 1623/96/2369 1621/10/2370
f  1621/10/2370 1623/96/2369 1624/97/2371
f  1621/10/2370 1624/97/2371 1622/4/2372
f  1622/4/2372 1624/97/2371 1625/98/2373
f  1623/96/2369 1626/9/2374 1624/97/2371
f  1624/97/2371 1626/9/2374 1627/5/2375
f  1624/97/2371 1627/5/2375 1625/98/2373
f  1625/98/2373 1627/5/2375 1628/6/2376
f  1626/9/2374 1629/99/2377 1627/5/2375
f  1627/5/2375 1629/99/2377 1630/100/2378
f  1627/5/2375 1630/100/2378 1628/6/2376
f  1628/6/2376 1630/100/2378 1631/101/2379
f  1629/99/2380 1632/15/2381 1630/100/2378
f  1630/100/2378 1632/15/2381 1633/12/2382
f  1630/100/2378 1633/12/2382 1631/101/2379
f  1631/101/2379 1633/12/2382 1634/13/2383
f  1632/15/2381 1635/102/2384 1633/12/2382
f  1633/12/2382 1635/102/2384 1636/103/2385
f  1633/12/2382 1636/103/2385 1634/13/2386
f  1634/13/2386 1636/103/2385 1637/104/2387
f  1635/102/2384 1638/17/2388 1636/103/2385
f  1636/103/2385 1638/17/2388 1637/104/2389
f  1639/8/2390 1641/96/2391 1621/10/2392
f  1621/10/2392 1641/96/2391 1642/97/2393
f  1621/10/2392 1642/97/2393 1640/4/2394
f  1640/4/2394 1642/97/2393 1643/98/2395
f  1641/96/2391 1644/9/2396 1642/97/2393
f  1642/97/2393 1644/9/2396 1645/5/2397
f  1642/97/2393 1645/5/2397 1643/98/2395
f  1643/98/2395 1645/5/2397 1646/6/2398
f  1644/9/2396 1647/99/2399 1645/5/2397
f  1645/5/2397 1647/99/2399 1648/100/2400
f  1645/5/2397 1648/100/2400 1646/6/2398
f  1646/6/2398 1648/100/2400 1649/101/2401
f  1647/99/2399 1650/15/2402 1648/100/2400
f  1648/100/2400 1650/15/2402 1651/12/2403
f  1648/100/2400 1651/12/2403 1649/101/2401
f  1649/101/2401 1651/12/2403 1652/13/2404
f  1650/15/2402 1653/102/2405 1651/12/2403
f  1651/12/2403 1653/102/2406 1654/103/2407
f  1651/12/2403 1654/103/2407 1652/13/2404
f  1652/13/2404 1654/103/2407 1655/104/2408
f  1653/102/2406 1656/17/2409 1654/103/2407
f  1654/103/2407 1656/17/2409 1655/104/2408
f  1657/8/2410 1659/96/2411 1621/10/2412
f  1621/10/2412 1659/96/2411 1660/97/2413
f  1621/10/2412 1660/97/2413 1658/4/2414
f  1658/4/2414 1660/97/2413 1661/98/2415
f  1659/96/2411 1662/9/2416 1660/97/2413
f  1660/97/2413 1662/9/2416 1663/5/2417
f  1660/97/2413 1663/5/2417 1661/98/2415
f  1661/98/2415 1663/5/2417 1664/6/2418
f  1662/9/2416 1665/99/2419 1663/5/2417
f  1663/5/2417 1665/99/2419 1666/100/2420
f  1663/5/2417 1666/100/2420 1664/6/2418
f  1664/6/2418 1666/100/2420 1667/101/2421
f  1665/99/2419 1668/15/2422 1666/100/2420
f  1666/100/2420 1668/15/2422 1669/12/2423
f  1666/100/2420 1669/12/2423 1667/101/2421
f  1667/101/2421 1669/12/2423 1670/13/2424
f  1668/15/2422 1671/102/2425 1669/12/2423
f  1669/12/2423 1671/102/2425 1672/103/2426
f  1669/12/2423 1672/103/2426 1670/13/2424
f  1670/13/2424 1672/103/2426 1673/104/2427
f  1671/102/2428 1674/17/2429 1672/103/2426
f  1672/103/2426 1674/17/2429 1673/104/2427
f  1675/8/2430 1677/96/2431 1621/10/2370
f  1621/10/2370 1677/96/2431 1678/97/2432
f  1621/10/2370 1678/97/2432 1676/4/2433
f  1676/4/2433 1678/97/2432 1679/98/2434
f  1677/96/2431 1680/9/2435 1678/97/2432
f  1678/97/2432 1680/9/2435 1681/5/2436
f  1678/97/2432 1681/5/2436 1679/98/2434
f  1679/98/2434 1681/5/2436 1682/6/2437
f  1680/9/2435 1683/99/2438 1681/5/2436
f  1681/5/2436 1683/99/2438 1684/100/2439
f  1681/5/2436 1684/100/2439 1682/6/2437
f  1682/6/2437 1684/100/2439 1685/101/2440
f  1683/99/2438 1686/15/2441 1684/100/2439
f  1684/100/2439 1686/15/2441 1687/12/2442
f  1684/100/2439 1687/12/2442 1685/101/2440
f  1685/101/2440 1687/12/2442 1688/13/2443
f  1686/15/2441 1689/102/2444 1687/12/2442
f  1687/12/2442 1689/102/2444 1690/103/2445
f  1687/12/2442 1690/103/2445 1688/13/2443
f  1688/13/2443 1690/103/2445 1691/104/2446
f  1689/102/2444 1692/17/2447 1690/103/2445
f  1690/103/2445 1692/17/2447 1691/104/2446
f  1693/8/2448 1695/96/2449 1621/10/2450
f  1621/10/2450 1695/96/2449 1696/97/2451
f  1621/10/2450 1696/97/2451 1694/4/2452
f  1694/4/2452 1696/97/2451 1697/98/2453
f  1695/96/2449 1698/9/2454 1696/97/2451
f  1696/97/2451 1698/9/2454 1699/5/2455
f  1696/97/2451 1699/5/2455 1697/98/2453
f  1697/98/2456 1699/5/2455 1700/6/2457
f  1698/9/2454 1701/99/2458 1699/5/2455
f  1699/5/2455 1701/99/2458 1702/100/2459
f  1699/5/2455 1702/100/2459 1700/6/2457
f  1700/6/2457 1702/100/2459 1703/101/2460
f  1701/99/2461 1704/15/2462 1702/100/2463
f  1702/100/2463 1704/15/2462 1705/12/2464
f  1702/100/2463 1705/12/2464 1703/101/2465
f  1703/101/2465 1705/12/2464 1706/13/2466
f  1704/15/2462 1707/102/2467 1705/12/2464
f  1705/12/2464 1707/102/2467 1708/103/2468
f  1705/12/2464 1708/103/2468 1706/13/2466
f  1706/13/2469 1708/103/2468 1709/104/2469
f  1707/102/2467 1710/17/2470 1708/103/2468
f  1708/103/2468 1710/17/2470 1709/104/2471
f  1711/8/2472 1714/96/2473 1712/10/2474
f  1712/10/2474 1714/96/2473 1715/97/2475
f  1712/10/2474 1715/97/2475 1713/4/2476
f  1713/4/2476 1715/97/2475 1716/98/2477
f  1714/96/2473 1717/9/2478 1715/97/2475
f  1715/97/2475 1717/9/2478 1718/5/2479
f  1715/97/2475 1718/5/2479 1716/98/2477
f  1716/98/2477 1718/5/2479 1719/6/2480
f  1717/9/2478 1720/99/2481 1718/5/2479
f  1718/5/2479 1720/99/2481 1721/100/2482
f  1718/5/2479 1721/100/2482 1719/6/2480
f  1719/6/2480 1721/100/2482 1722/101/2483
f  1720/99/2481 1723/15/2484 1721/100/2482
f  1721/100/2482 1723/15/2484 1724/12/2485
f  1721/100/2482 1724/12/2485 1722/101/2483
f  1722/101/2483 1724/12/2485 1725/13/2486
f  1723/15/2484 1726/102/2487 1724/12/2485
f  1724/12/2485 1726/102/2487 1727/103/2488
f  1724/12/2485 1727/103/2488 1725/13/2489
f  1725/13/2489 1727/103/2488 1728/104/2490
f  1726/102/2487 1729/17/2491 1727/103/2488
f  1727/103/2488 1729/17/2491 1728/104/2491
f  1730/8/2492 1732/96/2493 1712/10/2494
f  1712/10/2494 1732/96/2493 1733/97/2495
f  1712/10/2494 1733/97/2495 1731/4/2496
f  1731/4/2496 1733/97/2495 1734/98/2497
f  1732/96/2493 1735/9/2498 1733/97/2495
f  1733/97/2495 1735/9/2498 1736/5/2499
f  1733/97/2495 1736/5/2499 1734/98/2497
f  1734/98/2497 1736/5/2499 1737/6/2500
f  1735/9/2498 1738/99/2501 1736/5/2499
f  1736/5/2499 1738/99/2501 1739/100/2502
f  1736/5/2499 1739/100/2502 1737/6/2500
f  1737/6/2500 1739/100/2502 1740/101/2503
f  1738/99/2501 1741/15/2504 1739/100/2502
f  1739/100/2502 1741/15/2504 1742/12/2505
f  1739/100/2502 1742/12/2505 1740/101/2503
f  1740/101/2503 1742/12/2505 1743/13/2506
f  1741/15/2504 1744/102/2507 1742/12/2505
f  1742/12/2505 1744/102/2508 1745/103/2509
f  1742/12/2505 1745/103/2509 1743/13/2506
f  1743/13/2506 1745/103/2509 1746/104/2510
f  1744/102/2508 1747/17/2511 1745/103/2509
f  1745/103/2509 1747/17/2511 1746/104/2510
f  1748/8/2512 1750/96/2513 1712/10/2514
f  1712/10/2514 1750/96/2513 1751/97/2515
f  1712/10/2514 1751/97/2515 1749/4/2516
f  1749/4/2516 1751/97/2515 1752/98/2517
f  1750/96/2513 1753/9/2518 1751/97/2515
f  1751/97/2515 1753/9/2518 1754/5/2519
f  1751/97/2515 1754/5/2519 1752/98/2517
f  1752/98/2517 1754/5/2519 1755/6/2520
f  1753/9/2518 1756/99/2521 1754/5/2519
f  1754/5/2519 1756/99/2521 1757/100/2522
f  1754/5/2519 1757/100/2522 1755/6/2520
f  1755/6/2520 1757/100/2522 1758/101/2523
f  1756/99/2521 1759/15/2524 1757/100/2522
f  1757/100/2522 1759/15/2524 1760/12/2525
f  1757/100/2522 1760/12/2525 1758/101/2523
f  1758/101/2523 1760/12/2525 1761/13/2526
f  1759/15/2524 1762/102/2527 1760/12/2525
f  1760/12/2525 1762/102/2527 1763/103/2528
f  1760/12/2525 1763/103/2528 1761/13/2526
f  1761/13/2526 1763/103/2528 1764/104/2529
f  1762/102/2527 1765/17/2530 1763/103/2528
f  1763/103/2528 1765/17/2530 1764/104/2529
f  1766/8/2531 1768/96/2532 1712/10/2474
f  1712/10/2474 1768/96/2532 1769/97/2533
f  1712/10/2474 1769/97/2533 1767/4/2534
f  1767/4/2534 1769/97/2533 1770/98/2535
f  1768/96/2532 1771/9/2536 1769/97/2533
f  1769/97/2533 1771/9/2536 1772/5/2537
f  1769/97/2533 1772/5/2537 1770/98/2535
f  1770/98/2535 1772/5/2537 1773/6/2538
f  1771/9/2536 1774/99/2539 1772/5/2537
f  1772/5/2537 1774/99/2539 1775/100/2540
f  1772/5/2537 1775/100/2540 1773/6/2538
f  1773/6/2538 1775/100/2540 1776/101/2541
f  1774/99/2539 1777/15/2542 1775/100/2540
f  1775/100/2540 1777/15/2542 1778/12/2543
f  1775/100/2540 1778/12/2543 1776/101/2541
f  1776/101/2541 1778/12/2543 1779/13/2544
f  1777/15/2542 1780/102/2545 1778/12/2543
f  1778/12/2543 1780/102/2545 1781/103/2546
f  1778/12/2543 1781/103/2546 1779/13/2544
f  1779/13/2544 1781/103/2546 1782/104/2547
f  1780/102/2545 1783/17/2548 1781/103/2546
f  1781/103/2546 1783/17/2548 1782/104/2547
f  1784/8/2549 1786/96/2550 1712/10/2551
f  1712/10/2551 1786/96/2550 1787/97/2552
f  1712/10/2551 1787/97/2552 1785/4/2553
f  1785/4/2553 1787/97/2552 1788/98/2554
f  1786/96/2550 1789/9/2555 1787/97/2552
f  1787/97/2552 1789/9/2555 1790/5/2556
f  1787/97/2552 1790/5/2556 1788/98/2554
f  1788/98/2554 1790/5/2556 1791/6/2557
f  1789/9/2555 1792/99/2558 1790/5/2556
f  1790/5/2556 1792/99/2558 1793/100/2559
f  1790/5/2556 1793/100/2559 1791/6/2557
f  1791/6/2557 1793/100/2559 1794/101/2560
f  1792/99/2561 1795/15/2562 1793/100/2559
f  1793/100/2559 1795/15/2562 1796/12/2563
f  1793/100/2559 1796/12/2563 1794/101/2564
f  1794/101/2564 1796/12/2563 1797/13/2565
f  1795/15/2562 1798/102/2566 1796/12/2563
f  1796/12/2563 1798/102/2567 1799/103/2568
f  1796/12/2563 1799/103/2569 1797/13/2565
f  1797/13/2570 1799/103/2568 1800/104/2570
f  1798/102/2567 1801/17/2571 1799/103/2568
f  1799/103/2568 1801/17/2571 1800/104/2572
f  1802/8/2573 1805/96/2574 1803/10/2575
f  1803/10/2575 1805/96/2574 1806/97/2576
f  1803/10/2575 1806/97/2576 1804/4/2577
f  1804/4/2577 1806/97/2576 1807/98/2578
f  1805/96/2574 1808/9/2579 1806/97/2576
f  1806/97/2576 1808/9/2579 1809/5/2580
f  1806/97/2576 1809/5/2580 1807/98/2578
f  1807/98/2578 1809/5/2580 1810/6/2581
f  1808/9/2579 1811/99/2582 1809/5/2580
f  1809/5/2580 1811/99/2582 1812/100/2583
f  1809/5/2580 1812/100/2583 1810/6/2581
f  1810/6/2581 1812/100/2583 1813/101/2584
f  1811/99/2582 1814/15/2585 1812/100/2583
f  1812/100/2583 1814/15/2585 1815/12/2586
f  1812/100/2583 1815/12/2586 1813/101/2584
f  1813/101/2584 1815/12/2586 1816/13/2587
f  1814/15/2585 1817/102/2588 1815/12/2586
f  1815/12/2586 1817/102/2588 1818/103/2589
f  1815/12/2586 1818/103/2589 1816/13/2590
f  1816/13/2590 1818/103/2589 1819/104/2591
f  1817/102/2588 1820/17/2592 1818/103/2589
f  1818/103/2589 1820/17/2592 1819/104/2593
f  1821/8/2594 1823/96/2595 1803/10/2596
f  1803/10/2596 1823/96/2595 1824/97/2597
f  1803/10/2596 1824/97/2597 1822/4/2598
f  1822/4/2598 1824/97/2597 1825/98/2599
f  1823/96/2595 1826/9/2600 1824/97/2597
f  1824/97/2597 1826/9/2600 1827/5/2601
f  1824/97/2597 1827/5/2601 1825/98/2599
f  1825/98/2599 1827/5/2601 1828/6/2602
f  1826/9/2600 1829/99/2603 1827/5/2601
f  1827/5/2601 1829/99/2603 1830/100/2604
f  1827/5/2601 1830/100/2604 1828/6/2602
f  1828/6/2602 1830/100/2604 1831/101/2605
f  1829/99/2603 1832/15/2606 1830/100/2604
f  1830/100/2604 1832/15/2606 1833/12/2607
f  1830/100/2604 1833/12/2607 1831/101/2605
f  1831/101/2605 1833/12/2607 1834/13/2608
f  1832/15/2606 1835/102/2609 1833/12/2607
f  1833/12/2607 1835/102/2610 1836/103/2611
f  1833/12/2607 1836/103/2611 1834/13/2608
f  1834/13/2608 1836/103/2611 1837/104/2612
f  1835/102/2610 1838/17/2613 1836/103/2611
f  1836/103/2611 1838/17/2613 1837/104/2612
f  1839/8/2614 1841/96/2615 1803/10/2616
f  1803/10/2616 1841/96/2615 1842/97/2617
f  1803/10/2616 1842/97/2617 1840/4/2618
f  1840/4/2618 1842/97/2617 1843/98/2619
f  1841/96/2615 1844/9/2620 1842/97/2617
f  1842/97/2617 1844/9/2620 1845/5/2621
f  1842/97/2617 1845/5/2621 1843/98/2619
f  1843/98/2619 1845/5/2621 1846/6/2622
f  1844/9/2620 1847/99/2623 1845/5/2621
f  1845/5/2621 1847/99/2623 1848/100/2624
f  1845/5/2621 1848/100/2624 1846/6/2622
f  1846/6/2622 1848/100/2624 1849/101/2625
f  1847/99/2623 1850/15/2626 1848/100/2624
f  1848/100/2624 1850/15/2626 1851/12/2627
f  1848/100/2624 1851/12/2627 1849/101/2625
f  1849/101/2625 1851/12/2627 1852/13/2628
f  1850/15/2626 1853/102/2629 1851/12/2627
f  1851/12/2627 1853/102/2629 1854/103/2630
f  1851/12/2627 1854/103/2630 1852/13/2628
f  1852/13/2628 1854/103/2630 1855/104/2631
f  1853/102/2632 1856/17/2633 1854/103/2630
f  1854/103/2630 1856/17/2633 1855/104/2631
f  1857/8/2634 1859/96/2635 1803/10/2575
f  1803/10/2575 1859/96/2635 1860/97/2636
f  1803/10/2575 1860/97/2636 1858/4/2637
f  1858/4/2637 1860/97/2636 1861/98/2638
f  1859/96/2635 1862/9/2639 1860/97/2636
f  1860/97/2636 1862/9/2639 1863/5/2640
f  1860/97/2636 1863/5/2640 1861/98/2638
f  1861/98/2638 1863/5/2640 1864/6/2641
f  1862/9/2639 1865/99/2642 1863/5/2640
f  1863/5/2640 1865/99/2642 1866/100/2643
f  1863/5/2640 1866/100/2643 1864/6/2641
f  1864/6/2641 1866/100/2643 1867/101/2644
f  1865/99/2642 1868/15/2645 1866/100/2643
f  1866/100/2643 1868/15/2645 1869/12/2646
f  1866/100/2643 1869/12/2646 1867/101/2644
f  1867/101/2644 1869/12/2646 1870/13/2647
f  1868/15/2645 1871/102/2648 1869/12/2646
f  1869/12/2646 1871/102/2648 1872/103/2649
f  1869/12/2646 1872/103/2649 1870/13/2647
f  1870/13/2647 1872/103/2649 1873/104/2650
f  1871/102/2648 1874/17/2651 1872/103/2649
f  1872/103/2649 1874/17/2651 1873/104/2650
f  1875/8/2652 1877/96/2653 1803/10/2654
f  1803/10/2654 1877/96/2653 1878/97/2655
f  1803/10/2654 1878/97/2655 1876/4/2656
f  1876/4/2656 1878/97/2655 1879/98/2657
f  1877/96/2653 1880/9/2658 1878/97/2655
f  1878/97/2655 1880/9/2658 1881/5/2659
f  1878/97/2655 1881/5/2659 1879/98/2657
f  1879/98/2657 1881/5/2659 1882/6/2660
f  1880/9/2658 1883/99/2661 1881/5/2659
f  1881/5/2659 1883/99/2661 1884/100/2662
f  1881/5/2659 1884/100/2662 1882/6/2660
f  1882/6/2660 1884/100/2662 1885/101/2663
f  1883/99/2664 1886/15/2665 1884/100/2666
f  1884/100/2666 1886/15/2665 1887/12/2667
f  1884/100/2666 1887/12/2667 1885/101/2668
f  1885/101/2668 1887/12/2667 1888/13/2669
f  1886/15/2665 1889/102/2670 1887/12/2667
f  1887/12/2667 1889/102/2670 1890/103/2671
f  1887/12/2667 1890/103/2672 1888/13/2669
f  1888/13/2673 1890/103/2671 1891/104/2673
f  1889/102/2670 1892/17/2674 1890/103/2671
f  1890/103/2671 1892/17/2674 1891/104/2675
f  1893/8/2676 1896/96/2677 1894/10/2678
f  1894/10/2678 1896/96/2677 1897/97/2679
f  1894/10/2678 1897/97/2679 1895/4/2680
f  1895/4/2680 1897/97/2679 1898/98/2681
f  1896/96/2677 1899/9/2682 1897/97/2679
f  1897/97/2679 1899/9/2682 1900/5/2683
f  1897/97/2679 1900/5/2683 1898/98/2681
f  1898/98/2681 1900/5/2683 1901/6/2684
f  1899/9/2682 1902/99/2685 1900/5/2683
f  1900/5/2683 1902/99/2685 1903/100/2686
f  1900/5/2683 1903/100/2686 1901/6/2684
f  1901/6/2684 1903/100/2686 1904/101/2687
f  1902/99/2685 1905/15/2688 1903/100/2686
f  1903/100/2686 1905/15/2688 1906/12/2689
f  1903/100/2686 1906/12/2689 1904/101/2687
f  1904/101/2687 1906/12/2689 1907/13/2690
f  1905/15/2688 1908/102/2691 1906/12/2689
f  1906/12/2689 1908/102/2691 1909/103/2692
f  1906/12/2689 1909/103/2692 1907/13/2693
f  1907/13/2693 1909/103/2692 1910/104/2694
f  1908/102/2691 1911/17/2695 1909/103/2692
f  1909/103/2692 1911/17/2695 1910/104/2695
f  1912/8/2696 1914/96/2697 1894/10/2698
f  1894/10/2698 1914/96/2697 1915/97/2699
f  1894/10/2698 1915/97/2699 1913/4/2700
f  1913/4/2700 1915/97/2699 1916/98/2701
f  1914/96/2697 1917/9/2702 1915/97/2699
f  1915/97/2699 1917/9/2702 1918/5/2703
f  1915/97/2699 1918/5/2703 1916/98/2701
f  1916/98/2701 1918/5/2703 1919/6/2704
f  1917/9/2702 1920/99/2705 1918/5/2703
f  1918/5/2703 1920/99/2705 1921/100/2706
f  1918/5/2703 1921/100/2706 1919/6/2704
f  1919/6/2704 1921/100/2706 1922/101/2707
f  1920/99/2705 1923/15/2708 1921/100/2706
f  1921/100/2706 1923/15/2708 1924/12/2709
f  1921/100/2706 1924/12/2709 1922/101/2707
f  1922/101/2707 1924/12/2709 1925/13/2710
f  1923/15/2708 1926/102/2711 1924/12/2709
f  1924/12/2709 1926/102/2712 1927/103/2713
f  1924/12/2709 1927/103/2713 1925/13/2710
f  1925/13/2710 1927/103/2713 1928/104/2714
f  1926/102/2712 1929/17/2715 1927/103/2713
f  1927/103/2713 1929/17/2715 1928/104/2714
f  1930/8/2716 1932/96/2717 1894/10/2718
f  1894/10/2718 1932/96/2717 1933/97/2719
f  1894/10/2718 1933/97/2719 1931/4/2720
f  1931/4/2720 1933/97/2719 1934/98/2721
f  1932/96/2717 1935/9/2722 1933/97/2719
f  1933/97/2719 1935/9/2722 1936/5/2723
f  1933/97/2719 1936/5/2723 1934/98/2721
f  1934/98/2721 1936/5/2723 1937/6/2724
f  1935/9/2722 1938/99/2725 1936/5/2723
f  1936/5/2723 1938/99/2725 1939/100/2726
f  1936/5/2723 1939/100/2726 1937/6/2724
f  1937/6/2724 1939/100/2726 1940/101/2727
f  1938/99/2725 1941/15/2728 1939/100/2726
f  1939/100/2726 1941/15/2728 1942/12/2729
f  1939/100/2726 1942/12/2729 1940/101/2727
f  1940/101/2727 1942/12/2729 1943/13/2730
f  1941/15/2728 1944/102/2731 1942/12/2729
f  1942/12/2729 1944/102/2731 1945/103/2732
f  1942/12/2729 1945/103/2732 1943/13/2730
f  1943/13/2730 1945/103/2732 1946/104/2733
f  1944/102/2731 1947/17/2734 1945/103/2732
f  1945/103/2732 1947/17/2734 1946/104/2733
f  1948/8/2735 1950/96/2736 1894/10/2678
f  1894/10/2678 1950/96/2736 1951/97/2737
f  1894/10/2678 1951/97/2737 1949/4/2738
f  1949/4/2738 1951/97/2737 1952/98/2739
f  1950/96/2736 1953/9/2740 1951/97/2737
f  1951/97/2737 1953/9/2740 1954/5/2741
f  1951/97/2737 1954/5/2741 1952/98/2739
f  1952/98/2739 1954/5/2741 1955/6/2742
f  1953/9/2740 1956/99/2743 1954/5/2741
f  1954/5/2741 1956/99/2743 1957/100/2744
f  1954/5/2741 1957/100/2744 1955/6/2742
f  1955/6/2742 1957/100/2744 1958/101/2745
f  1956/99/2743 1959/15/2746 1957/100/2744
f  1957/100/2744 1959/15/2746 1960/12/2747
f  1957/100/2744 1960/12/2747 1958/101/2745
f  1958/101/2745 1960/12/2747 1961/13/2748
f  1959/15/2746 1962/102/2749 1960/12/2747
f  1960/12/2747 1962/102/2749 1963/103/2750
f  1960/12/2747 1963/103/2750 1961/13/2748
f  1961/13/2748 1963/103/2750 1964/104/2751
f  1962/102/2749 1965/17/2752 1963/103/2750
f  1963/103/2750 1965/17/2752 1964/104/2751
f  1966/8/2753 1968/96/2754 1894/10/2755
f  1894/10/2755 1968/96/2754 1969/97/2756
f  1894/10/2755 1969/97/2756 1967/4/2757
f  1967/4/2757 1969/97/2756 1970/98/2758
f  1968/96/2754 1971/9/2759 1969/97/2756
f  1969/97/2756 1971/9/2759 1972/5/2760
f  1969/97/2756 1972/5/2760 1970/98/2758
f  1970/98/2758 1972/5/2760 1973/6/2761
f  1971/9/2759 1974/99/2762 1972/5/2760
f  1972/5/2760 1974/99/2762 1975/100/2763
f  1972/5/2760 1975/100/2763 1973/6/2761
f  1973/6/2761 1975/100/2763 1976/101/2764
f  1974/99/2765 1977/15/2766 1975/100/2763
f  1975/100/2763 1977/15/2766 1978/12/2767
f  1975/100/2763 1978/12/2767 1976/101/2768
f  1976/101/2768 1978/12/2767 1979/13/2769
f  1977/15/2766 1980/102/2770 1978/12/2767
f  1978/12/2767 1980/102/2771 1981/103/2772
f  1978/12/2767 1981/103/2773 1979/13/2769
f  1979/13/2774 1981/103/2772 1982/104/2774
f  1980/102/2771 1983/17/2775 1981/103/2772
f  1981/103/2772 1983/17/2775 1982/104/2776
f  1984/8/2777 1987/96/2778 1985/10/2779
f  1985/10/2779 1987/96/2778 1988/97/2780
f  1985/10/2779 1988/97/2780 1986/4/2781
f  1986/4/2781 1988/97/2780 1989/98/2782
f  1987/96/2778 1990/9/2783 1988/97/2780
f  1988/97/2780 1990/9/2783 1991/5/2784
f  1988/97/2780 1991/5/2784 1989/98/2782
f  1989/98/2782 1991/5/2784 1992/6/2785
f  1990/9/2783 1993/99/2786 1991/5/2784
f  1991/5/2784 1993/99/2786 1994/100/2787
f  1991/5/2784 1994/100/2787 1992/6/2785
f  1992/6/2785 1994/100/2787 1995/101/2788
f  1993/99/2786 1996/15/2789 1994/100/2787
f  1994/100/2787 1996/15/2789 1997/12/2790
f  1994/100/2787 1997/12/2790 1995/101/2788
f  1995/101/2788 1997/12/2790 1998/13/2791
f  1996/15/2789 1999/102/2792 1997/12/2790
f  1997/12/2790 1999/102/2792 2000/103/2793
f  1997/12/2790 2000/103/2793 1998/13/2794
f  1998/13/2794 2000/103/2793 2001/104/2795
f  1999/102/2792 2002/17/2796 2000/103/2793
f  2000/103/2793 2002/17/2796 2001/104/2797
f  2003/8/2798 2005/96/2799 1985/10/2800
f  1985/10/2800 2005/96/2799 2006/97/2801
f  1985/10/2800 2006/97/2801 2004/4/2802
f  2004/4/2802 2006/97/2801 2007/98/2803
f  2005/96/2799 2008/9/2804 2006/97/2801
f  2006/97/2801 2008/9/2804 2009/5/2805
f  2006/97/2801 2009/5/2805 2007/98/2803
f  2007/98/2803 2009/5/2805 2010/6/2806
f  2008/9/2804 2011/99/2807 2009/5/2805
f  2009/5/2805 2011/99/2807 2012/100/2808
f  2009/5/2805 2012/100/2808 2010/6/2806
f  2010/6/2806 2012/100/2808 2013/101/2809
f  2011/99/2807 2014/15/2810 2012/100/2808
f  2012/100/2808 2014/15/2810 2015/12/2811
f  2012/100/2808 2015/12/2811 2013/101/2809
f  2013/101/2809 2015/12/2811 2016/13/2812
f  2014/15/2810 2017/102/2813 2015/12/2811
f  2015/12/2811 2017/102/2814 2018/103/2815
f  2015/12/2811 2018/103/2815 2016/13/2812
f  2016/13/2812 2018/103/2815 2019/104/2816
f  2017/102/2814 2020/17/2817 2018/103/2815
f  2018/103/2815 2020/17/2817 2019/104/2816
f  2021/8/2818 2023/96/2819 1985/10/2820
f  1985/10/2820 2023/96/2819 2024/97/2821
f  1985/10/2820 2024/97/2821 2022/4/2822
f  2022/4/2822 2024/97/2821 2025/98/2823
f  2023/96/2819 2026/9/2824 2024/97/2821
f  2024/97/2821 2026/9/2824 2027/5/2825
f  2024/97/2821 2027/5/2825 2025/98/2823
f  2025/98/2823 2027/5/2825 2028/6/2826
f  2026/9/2824 2029/99/2827 2027/5/2825
f  2027/5/2825 2029/99/2827 2030/100/2828
f  2027/5/2825 2030/100/2828 2028/6/2826
f  2028/6/2826 2030/100/2828 2031/101/2829
f  2029/99/2827 2032/15/2830 2030/100/2828
f  2030/100/2828 2032/15/2830 2033/12/2831
f  2030/100/2828 2033/12/2831 2031/101/2829
f  2031/101/2829 2033/12/2831 2034/13/2832
f  2032/15/2830 2035/102/2833 2033/12/2831
f  2033/12/2831 2035/102/2833 2036/103/2834
f  2033/12/2831 2036/103/2834 2034/13/2832
f  2034/13/2832 2036/103/2834 2037/104/2835
f  2035/102/2833 2038/17/2836 2036/103/2834
f  2036/103/2834 2038/17/2836 2037/104/2835
f  2039/8/2837 2041/96/2838 1985/10/2779
f  1985/10/2779 2041/96/2838 2042/97/2839
f  1985/10/2779 2042/97/2839 2040/4/2840
f  2040/4/2840 2042/97/2839 2043/98/2841
f  2041/96/2838 2044/9/2842 2042/97/2839
f  2042/97/2839 2044/9/2842 2045/5/2843
f  2042/97/2839 2045/5/2843 2043/98/2841
f  2043/98/2841 2045/5/2843 2046/6/2844
f  2044/9/2842 2047/99/2845 2045/5/2843
f  2045/5/2843 2047/99/2845 2048/100/2846
f  2045/5/2843 2048/100/2846 2046/6/2844
f  2046/6/2844 2048/100/2846 2049/101/2847
f  2047/99/2845 2050/15/2848 2048/100/2846
f  2048/100/2846 2050/15/2848 2051/12/2849
f  2048/100/2846 2051/12/2849 2049/101/2847
f  2049/101/2847 2051/12/2849 2052/13/2850
f  2050/15/2848 2053/102/2851 2051/12/2849
f  2051/12/2849 2053/102/2851 2054/103/2852
f  2051/12/2849 2054/103/2852 2052/13/2850
f  2052/13/2850 2054/103/2852 2055/104/2853
f  2053/102/2851 2056/17/2854 2054/103/2852
f  2054/103/2852 2056/17/2854 2055/104/2853
f  2057/8/2855 2059/96/2856 1985/10/2857
f  1985/10/2857 2059/96/2856 2060/97/2858
f  1985/10/2857 2060/97/2858 2058/4/2859
f  2058/4/2859 2060/97/2858 2061/98/2860
f  2059/96/2856 2062/9/2861 2060/97/2858
f  2060/97/2858 2062/9/2861 2063/5/2862
f  2060/97/2858 2063/5/2862 2061/98/2860
f  2061/98/2860 2063/5/2862 2064/6/2863
f  2062/9/2861 2065/99/2864 2063/5/2862
f  2063/5/2862 2065/99/2864 2066/100/2865
f  2063/5/2862 2066/100/2865 2064/6/2863
f  2064/6/2863 2066/100/2865 2067/101/2866
f  2065/99/2867 2068/15/2868 2066/100/2869
f  2066/100/2869 2068/15/2868 2069/12/2870
f  2066/100/2869 2069/12/2870 2067/101/2871
f  2067/101/2871 2069/12/2870 2070/13/2872
f  2068/15/2868 2071/102/2873 2069/12/2870
f  2069/12/2870 2071/102/2873 2072/103/2874
f  2069/12/2870 2072/103/2875 2070/13/2872
f  2070/13/2876 2072/103/2874 2073/104/2876
f  2071/102/2873 2074/17/2877 2072/103/2874
f  2072/103/2874 2074/17/2877 2073/104/2878
usemtl Stalk
f  1163/71/1694 2075/76/2879 1164/74/1697
f  1163/73/1696 2078/77/2880 2075/78/2881
f  1164/74/1697 2075/76/2879 2076/79/2882
f  1164/74/1698 2076/79/2883 1165/75/1699
f  1165/75/1699 2076/79/2883 2077/80/2884
f  1165/75/1700 2077/80/2885 1166/72/1701
f  1166/72/1701 2077/80/2885 2078/77/2886
f  1166/72/1695 2078/77/2880 1163/73/1696
f  2075/76/2879 2079/81/2887 2076/79/2882
f  2075/78/2881 2082/82/2888 2079/83/2889
f  2076/79/2882 2079/81/2887 2080/84/2890
f  2076/79/2883 2080/84/2891 2077/80/2884
f  2077/80/2884 2080/84/2891 2081/85/2892
f  2077/80/2885 2081/85/2893 2078/77/2886
f  2078/77/2886 2081/85/2893 2082/82/2894
f  2078/77/2880 2082/82/2888 2075/78/2881
f  2079/81/2887 2083/86/2895 2080/84/2890
f  2079/83/2889 2086/87/2896 2083/88/2897
f  2080/84/2890 2083/86/2895 2084/89/2898
f  2080/84/2891 2084/89/2899 2081/85/2892
f  2081/85/2892 2084/89/2899 2085/90/2900
f  2081/85/2893 2085/90/2901 2082/82/2894
f  2082/82/2894 2085/90/2901 2086/87/2902
f  2082/82/2888 2086/87/2896 2079/83/2889
f  2083/86/2895 2087/91/2903 2084/89/2898
f  2083/88/2897 2090/92/2904 2087/93/2905
f  2084/89/2898 2087/91/2903 2088/94/2906
f  2084/89/2899 2088/94/2907 2085/90/2900
f  2085/90/2900 2088/94/2907 2089/95/2908
f  2085/90/2901 2089/95/2909 2086/87/2902
f  2086/87/2902 2089/95/2909 2090/92/2910
f  2086/87/2896 2090/92/2904 2083/88/2897
f  2087/91/2903 2091/105/2911 2088/94/2906
f  2087/93/2905 2094/106/2912 2091/107/2913
f  2088/94/2906 2091/105/2911 2092/108/2914
f  2088/94/2907 2092/108/2915 2089/95/2908
f  2089/95/2908 2092/108/2915 2093/109/2916
f  2089/95/2909 2093/109/2917 2090/92/2910
f  2090/92/2910 2093/109/2917 2094/106/2918
f  2090/92/2904 2094/106/2912 2087/93/2905
f  2091/105/2911 2095/110/2919 2092/108/2914
f  2091/107/2913 2098/111/2920 2095/112/2921
f  2092/108/2914 2095/110/2919 2096/113/2922
f  2092/108/2915 2096/113/2923 2093/109/2916
f  2093/109/2916 2096/113/2923 2097/114/2924
f  2093/109/2917 2097/114/2925 2094/106/2918
f  2094/106/2918 2097/114/2925 2098/111/2926
f  2094/106/2912 2098/111/2920 2091/107/2913
f  2095/110/2919 2099/115/2927 2096/113/2922
f  2095/112/2921 2102/116/2928 2099/117/2929
f  2096/113/2922 2099/115/2927 2100/118/2930
f  2096/113/2923 2100/118/2931 2097/114/2924
f  2097/114/2924 2100/118/2931 2101/119/2932
f  2097/114/2925 2101/119/2933 2098/111/2926
f  2098/111/2926 2101/119/2933 2102/116/2934
f  2098/111/2920 2102/116/2928 2095/112/2921
f  2099/115/2935 2103/120/2936 2100/118/2930
f  2099/117/2937 2106/121/2937 2103/122/2938
f  2100/118/2930 2103/120/2936 2104/123/2939
f  2100/118/2940 2104/123/2941 2101/119/2941
f  2101/119/2941 2104/123/2941 2105/124/2942
f  2101/119/2943 2105/124/2944 2102/116/2934
f  2102/116/2934 2105/124/2944 2106/121/2945
f  2102/116/2946 2106/121/2937 2099/117/2937
f  2103/120/2947 2107/125/2948 2104/123/2948
f  2103/122/2938 2110/126/2949 2107/127/2950
f  2104/123/2948 2107/125/2948 2108/128/2951
f  2104/123/2952 2108/128/2953 2105/124/2953
f  2105/124/2953 2108/128/2953 2109/129/2954
f  2105/124/2955 2109/129/2956 2106/121/2956
f  2106/121/2956 2109/129/2956 2110/126/2957
f  2106/121/2958 2110/126/2949 2103/122/2938
f  2107/125/2959 2111/130/2960 2108/128/2960
f  2107/127/2950 2114/131/2961 2111/132/2962
f  2108/128/2960 2111/130/2960 2112/133/2963
f  2108/128/2964 2112/133/2965 2109/129/2954
f  2109/129/2954 2112/133/2965 2113/134/2966
f  2109/129/2967 2113/134/2968 2110/126/2968
f  2110/126/2968 2113/134/2968 2114/131/2969
f  2110/126/2949 2114/131/2961 2107/127/2950
f  1191/71/1750 2115/76/2970 1192/74/1753
f  1191/73/1752 2118/77/2971 2115/78/2972
f  1192/74/1753 2115/76/2970 2116/79/2973
f  1192/74/1754 2116/79/2974 1193/75/1755
f  1193/75/1755 2116/79/2974 2117/80/2975
f  1193/75/1756 2117/80/2976 1194/72/1757
f  1194/72/1757 2117/80/2976 2118/77/2977
f  1194/72/1751 2118/77/2971 1191/73/1752
f  2115/76/2970 2119/81/2978 2116/79/2973
f  2115/78/2972 2122/82/2979 2119/83/2980
f  2116/79/2973 2119/81/2978 2120/84/2981
f  2116/79/2974 2120/84/2982 2117/80/2975
f  2117/80/2975 2120/84/2982 2121/85/2983
f  2117/80/2976 2121/85/2984 2118/77/2977
f  2118/77/2977 2121/85/2984 2122/82/2985
f  2118/77/2971 2122/82/2979 2115/78/2972
f  2119/81/2978 2123/86/2986 2120/84/2981
f  2119/83/2980 2126/87/2987 2123/88/2988
f  2120/84/2981 2123/86/2986 2124/89/2989
f  2120/84/2982 2124/89/2990 2121/85/2983
f  2121/85/2983 2124/89/2990 2125/90/2991
f  2121/85/2984 2125/90/2992 2122/82/2985
f  2122/82/2985 2125/90/2992 2126/87/2993
f  2122/82/2979 2126/87/2987 2119/83/2980
f  2123/86/2986 2127/91/2994 2124/89/2989
f  2123/88/2988 2130/92/2995 2127/93/2996
f  2124/89/2989 2127/91/2994 2128/94/2997
f  2124/89/2990 2128/94/2998 2125/90/2991
f  2125/90/2991 2128/94/2998 2129/95/2999
f  2125/90/2992 2129/95/3000 2126/87/2993
f  2126/87/2993 2129/95/3000 2130/92/3001
f  2126/87/2987 2130/92/2995 2123/88/2988
f  2127/91/2994 2131/105/3002 2128/94/2997
f  2127/93/2996 2134/106/3003 2131/107/3004
f  2128/94/2997 2131/105/3002 2132/108/3005
f  2128/94/2998 2132/108/3006 2129/95/2999
f  2129/95/2999 2132/108/3006 2133/109/3007
f  2129/95/3000 2133/109/3008 2130/92/3001
f  2130/92/3001 2133/109/3008 2134/106/3009
f  2130/92/2995 2134/106/3003 2127/93/2996
f  2131/105/3002 2135/110/3010 2132/108/3005
f  2131/107/3004 2138/111/3011 2135/112/3012
f  2132/108/3005 2135/110/3010 2136/113/3013
f  2132/108/3006 2136/113/3014 2133/109/3007
f  2133/109/3007 2136/113/3014 2137/114/3015
f  2133/109/3008 2137/114/3016 2134/106/3009
f  2134/106/3009 2137/114/3016 2138/111/3017
f  2134/106/3003 2138/111/3011 2131/107/3004
f  2135/110/3010 2139/115/3018 2136/113/3013
f  2135/112/3012 2142/116/3019 2139/117/3020
f  2136/113/3013 2139/115/3018 2140/118/3021
f  2136/113/3014 2140/118/3022 2137/114/3015
f  2137/114/3015 2140/118/3022 2141/119/3023
f  2137/114/3016 2141/119/3024 2138/111/3017
f  2138/111/3017 2141/119/3024 2142/116/3025
f  2138/111/3011 2142/116/3019 2135/112/3012
f  2139/115/3026 2143/120/3027 2140/118/3021
f  2139/117/3028 2146/121/3028 2143/122/3029
f  2140/118/3021 2143/120/3027 2144/123/3030
f  2140/118/3031 2144/123/3032 2141/119/3032
f  2141/119/3032 2144/123/3032 2145/124/3033
f  2141/119/3034 2145/124/3035 2142/116/3025
f  2142/116/3025 2145/124/3035 2146/121/3036
f  2142/116/3037 2146/121/3028 2139/117/3028
f  2143/120/3038 2147/125/3039 2144/123/3039
f  2143/122/3029 2150/126/3040 2147/127/3041
f  2144/123/3039 2147/125/3039 2148/128/3042
f  2144/123/3043 2148/128/3044 2145/124/3044
f  2145/124/3044 2148/128/3044 2149/129/3045
f  2145/124/3046 2149/129/3047 2146/121/3047
f  2146/121/3047 2149/129/3047 2150/126/3048
f  2146/121/3049 2150/126/3040 2143/122/3029
f  2147/125/3050 2151/130/3051 2148/128/3051
f  2147/127/3041 2154/131/3052 2151/132/3053
f  2148/128/3051 2151/130/3051 2152/133/3054
f  2148/128/3055 2152/133/3056 2149/129/3045
f  2149/129/3045 2152/133/3056 2153/134/3057
f  2149/129/3058 2153/134/3059 2150/126/3059
f  2150/126/3059 2153/134/3059 2154/131/3060
f  2150/126/3040 2154/131/3052 2147/127/3041
f  1211/51/1790 2155/56/3061 1212/54/1793
f  1211/53/1792 2158/57/3062 2155/58/3063
f  1212/54/1793 2155/56/3061 2156/59/3064
f  1212/54/1794 2156/59/3065 1213/55/1795
f  1213/55/1795 2156/59/3065 2157/60/3066
f  1213/55/1796 2157/60/3067 1214/52/1797
f  1214/52/1797 2157/60/3067 2158/57/3068
f  1214/52/1791 2158/57/3062 1211/53/1792
f  2155/56/3061 2159/61/3069 2156/59/3064
f  2155/58/3063 2162/70/3070 2159/64/3071
f  2156/59/3064 2159/61/3069 2160/63/3072
f  2156/59/3065 2160/63/3073 2157/60/3066
f  2157/60/3066 2160/63/3073 2161/68/3074
f  2157/60/3067 2161/68/3075 2158/57/3068
f  2158/57/3068 2161/68/3075 2162/70/3076
f  2158/57/3062 2162/70/3070 2155/58/3063
f  2159/61/3069 2163/62/3077 2160/63/3072
f  2159/64/3071 2166/65/3078 2163/66/3079
f  2160/63/3072 2163/62/3077 2164/67/3080
f  2160/63/3073 2164/67/3081 2161/68/3074
f  2161/68/3074 2164/67/3081 2165/69/3082
f  2161/68/3075 2165/69/3083 2162/70/3076
f  2162/70/3076 2165/69/3083 2166/65/3084
f  2162/70/3070 2166/65/3078 2159/64/3071
f  2163/62/3077 2167/71/3085 2164/67/3080
f  2163/66/3079 2170/72/3086 2167/73/3087
f  2164/67/3080 2167/71/3085 2168/74/3088
f  2164/67/3081 2168/74/3089 2165/69/3082
f  2165/69/3082 2168/74/3089 2169/75/3090
f  2165/69/3083 2169/75/3091 2166/65/3084
f  2166/65/3084 2169/75/3091 2170/72/3092
f  2166/65/3078 2170/72/3086 2163/66/3079
f  2167/71/3085 2171/76/3093 2168/74/3088
f  2167/73/3087 2174/77/3094 2171/78/3095
f  2168/74/3088 2171/76/3093 2172/79/3096
f  2168/74/3089 2172/79/3097 2169/75/3090
f  2169/75/3090 2172/79/3097 2173/80/3098
f  2169/75/3091 2173/80/3099 2170/72/3092
f  2170/72/3092 2173/80/3099 2174/77/3100
f  2170/72/3086 2174/77/3094 2167/73/3087
f  2171/76/3093 2175/81/3101 2172/79/3096
f  2171/78/3095 2178/82/3102 2175/83/3103
f  2172/79/3096 2175/81/3101 2176/84/3104
f  2172/79/3097 2176/84/3105 2173/80/3098
f  2173/80/3098 2176/84/3105 2177/85/3106
f  2173/80/3099 2177/85/3107 2174/77/3100
f  2174/77/3100 2177/85/3107 2178/82/3108
f  2174/77/3094 2178/82/3102 2171/78/3095
f  2175/81/3101 2179/86/3109 2176/84/3104
f  2175/83/3103 2182/87/3110 2179/88/3111
f  2176/84/3104 2179/86/3109 2180/89/3112
f  2176/84/3105 2180/89/3113 2177/85/3106
f  2177/85/3106 2180/89/3113 2181/90/3114
f  2177/85/3107 2181/90/3115 2178/82/3108
f  2178/82/3108 2181/90/3115 2182/87/3116
f  2178/82/3102 2182/87/3110 2175/83/3103
f  2179/86/3117 2183/91/3118 2180/89/3112
f  2179/88/3119 2186/92/3119 2183/93/3120
f  2180/89/3112 2183/91/3118 2184/94/3121
f  2180/89/3122 2184/94/3123 2181/90/3123
f  2181/90/3123 2184/94/3123 2185/95/3124
f  2181/90/3125 2185/95/3126 2182/87/3116
f  2182/87/3116 2185/95/3126 2186/92/3127
f  2182/87/3128 2186/92/3119 2179/88/3119
f  2183/91/3129 2187/105/3130 2184/94/3130
f  2183/93/3120 2190/106/3131 2187/107/3132
f  2184/94/3130 2187/105/3130 2188/108/3133
f  2184/94/3134 2188/108/3135 2185/95/3135
f  2185/95/3135 2188/108/3135 2189/109/3136
f  2185/95/3137 2189/109/3138 2186/92/3138
f  2186/92/3138 2189/109/3138 2190/106/3139
f  2186/92/3140 2190/106/3131 2183/93/3120
f  2187/105/3141 2191/110/3142 2188/108/3142
f  2187/107/3132 2194/111/3143 2191/112/3144
f  2188/108/3142 2191/110/3142 2192/113/3145
f  2188/108/3146 2192/113/3147 2189/109/3136
f  2189/109/3136 2192/113/3147 2193/114/3148
f  2189/109/3149 2193/114/3150 2190/106/3150
f  2190/106/3150 2193/114/3150 2194/111/3151
f  2190/106/3131 2194/111/3143 2187/107/3132
f  1231/51/1830 2195/56/3152 1232/54/1833
f  1231/53/1832 2198/57/3153 2195/58/3154
f  1232/54/1833 2195/56/3152 2196/59/3155
f  1232/54/1834 2196/59/3156 1233/55/1835
f  1233/55/1835 2196/59/3156 2197/60/3157
f  1233/55/1836 2197/60/3158 1234/52/1837
f  1234/52/1837 2197/60/3158 2198/57/3159
f  1234/52/1831 2198/57/3153 1231/53/1832
f  2195/56/3152 2199/61/3160 2196/59/3155
f  2195/58/3154 2202/70/3161 2199/64/3162
f  2196/59/3155 2199/61/3160 2200/63/3163
f  2196/59/3156 2200/63/3164 2197/60/3157
f  2197/60/3157 2200/63/3164 2201/68/3165
f  2197/60/3158 2201/68/3166 2198/57/3159
f  2198/57/3159 2201/68/3166 2202/70/3167
f  2198/57/3153 2202/70/3161 2195/58/3154
f  2199/61/3160 2203/62/3168 2200/63/3163
f  2199/64/3162 2206/65/3169 2203/66/3170
f  2200/63/3163 2203/62/3168 2204/67/3171
f  2200/63/3164 2204/67/3172 2201/68/3165
f  2201/68/3165 2204/67/3172 2205/69/3173
f  2201/68/3166 2205/69/3174 2202/70/3167
f  2202/70/3167 2205/69/3174 2206/65/3175
f  2202/70/3161 2206/65/3169 2199/64/3162
f  2203/62/3168 2207/71/3176 2204/67/3171
f  2203/66/3170 2210/72/3177 2207/73/3178
f  2204/67/3171 2207/71/3176 2208/74/3179
f  2204/67/3172 2208/74/3180 2205/69/3173
f  2205/69/3173 2208/74/3180 2209/75/3181
f  2205/69/3174 2209/75/3182 2206/65/3175
f  2206/65/3175 2209/75/3182 2210/72/3183
f  2206/65/3169 2210/72/3177 2203/66/3170
f  2207/71/3176 2211/76/3184 2208/74/3179
f  2207/73/3178 2214/77/3185 2211/78/3186
f  2208/74/3179 2211/76/3184 2212/79/3187
f  2208/74/3180 2212/79/3188 2209/75/3181
f  2209/75/3181 2212/79/3188 2213/80/3189
f  2209/75/3182 2213/80/3190 2210/72/3183
f  2210/72/3183 2213/80/3190 2214/77/3191
f  2210/72/3177 2214/77/3185 2207/73/3178
f  2211/76/3184 2215/81/3192 2212/79/3187
f  2211/78/3186 2218/82/3193 2215/83/3194
f  2212/79/3187 2215/81/3192 2216/84/3195
f  2212/79/3188 2216/84/3196 2213/80/3189
f  2213/80/3189 2216/84/3196 2217/85/3197
f  2213/80/3190 2217/85/3198 2214/77/3191
f  2214/77/3191 2217/85/3198 2218/82/3199
f  2214/77/3185 2218/82/3193 2211/78/3186
f  2215/81/3192 2219/86/3200 2216/84/3195
f  2215/83/3194 2222/87/3201 2219/88/3202
f  2216/84/3195 2219/86/3200 2220/89/3203
f  2216/84/3196 2220/89/3204 2217/85/3197
f  2217/85/3197 2220/89/3204 2221/90/3205
f  2217/85/3198 2221/90/3206 2218/82/3199
f  2218/82/3199 2221/90/3206 2222/87/3207
f  2218/82/3193 2222/87/3201 2215/83/3194
f  2219/86/3208 2223/91/3209 2220/89/3203
f  2219/88/3210 2226/92/3210 2223/93/3211
f  2220/89/3203 2223/91/3209 2224/94/3212
f  2220/89/3213 2224/94/3214 2221/90/3214
f  2221/90/3214 2224/94/3214 2225/95/3215
f  2221/90/3216 2225/95/3217 2222/87/3207
f  2222/87/3207 2225/95/3217 2226/92/3218
f  2222/87/3219 2226/92/3210 2219/88/3210
f  2223/91/3220 2227/105/3221 2224/94/3221
f  2223/93/3211 2230/106/3222 2227/107/3223
f  2224/94/3221 2227/105/3221 2228/108/3224
f  2224/94/3225 2228/108/3226 2225/95/3226
f  2225/95/3226 2228/108/3226 2229/109/3227
f  2225/95/3228 2229/109/3229 2226/92/3229
f  2226/92/3229 2229/109/3229 2230/106/3230
f  2226/92/3231 2230/106/3222 2223/93/3211
f  2227/105/3232 2231/110/3233 2228/108/3233
f  2227/107/3223 2234/111/3234 2231/112/3235
f  2228/108/3233 2231/110/3233 2232/113/3236
f  2228/108/3237 2232/113/3238 2229/109/3227
f  2229/109/3227 2232/113/3238 2233/114/3239
f  2229/109/3240 2233/114/3241 2230/106/3241
f  2230/106/3241 2233/114/3241 2234/111/3242
f  2230/106/3222 2234/111/3234 2227/107/3223
f  1259/51/1886 2235/56/3243 1260/54/1889
f  1259/53/1888 2238/57/3244 2235/58/3245
f  1260/54/1889 2235/56/3243 2236/59/3246
f  1260/54/1890 2236/59/3247 1261/55/1891
f  1261/55/1891 2236/59/3247 2237/60/3248
f  1261/55/1892 2237/60/3249 1262/52/1893
f  1262/52/1893 2237/60/3249 2238/57/3250
f  1262/52/1887 2238/57/3244 1259/53/1888
f  2235/56/3243 2239/61/3251 2236/59/3246
f  2235/58/3245 2242/70/3252 2239/64/3253
f  2236/59/3246 2239/61/3251 2240/63/3254
f  2236/59/3247 2240/63/3255 2237/60/3248
f  2237/60/3248 2240/63/3255 2241/68/3256
f  2237/60/3249 2241/68/3257 2238/57/3250
f  2238/57/3250 2241/68/3257 2242/70/3258
f  2238/57/3244 2242/70/3252 2235/58/3245
f  2239/61/3251 2243/62/3259 2240/63/3254
f  2239/64/3253 2246/65/3260 2243/66/3261
f  2240/63/3254 2243/62/3259 2244/67/3262
f  2240/63/3255 2244/67/3263 2241/68/3256
f  2241/68/3256 2244/67/3263 2245/69/3264
f  2241/68/3257 2245/69/3265 2242/70/3258
f  2242/70/3258 2245/69/3265 2246/65/3266
f  2242/70/3252 2246/65/3260 2239/64/3253
f  2243/62/3259 2247/71/3267 2244/67/3262
f  2243/66/3261 2250/72/3268 2247/73/3269
f  2244/67/3262 2247/71/3267 2248/74/3270
f  2244/67/3263 2248/74/3271 2245/69/3264
f  2245/69/3264 2248/74/3271 2249/75/3272
f  2245/69/3265 2249/75/3273 2246/65/3266
f  2246/65/3266 2249/75/3273 2250/72/3274
f  2246/65/3260 2250/72/3268 2243/66/3261
f  2247/71/3267 2251/76/3275 2248/74/3270
f  2247/73/3269 2254/77/3276 2251/78/3277
f  2248/74/3270 2251/76/3275 2252/79/3278
f  2248/74/3271 2252/79/3279 2249/75/3272
f  2249/75/3272 2252/79/3279 2253/80/3280
f  2249/75/3273 2253/80/3281 2250/72/3274
f  2250/72/3274 2253/80/3281 2254/77/3282
f  2250/72/3268 2254/77/3276 2247/73/3269
f  2251/76/3275 2255/81/3283 2252/79/3278
f  2251/78/3277 2258/82/3284 2255/83/3285
f  2252/79/3278 2255/81/3283 2256/84/3286
f  2252/79/3279 2256/84/3287 2253/80/3280
f  2253/80/3280 2256/84/3287 2257/85/3288
f  2253/80/3281 2257/85/3289 2254/77/3282
f  2254/77/3282 2257/85/3289 2258/82/3290
f  2254/77/3276 2258/82/3284 2251/78/3277
f  2255/81/3283 2259/86/3291 2256/84/3286
f  2255/83/3285 2262/87/3292 2259/88/3293
f  2256/84/3286 2259/86/3291 2260/89/3294
f  2256/84/3287 2260/89/3295 2257/85/3288
f  2257/85/3288 2260/89/3295 2261/90/3296
f  2257/85/3289 2261/90/3297 2258/82/3290
f  2258/82/3290 2261/90/3297 2262/87/3298
f  2258/82/3284 2262/87/3292 2255/83/3285
f  2259/86/3299 2263/91/3300 2260/89/3294
f  2259/88/3301 2266/92/3301 2263/93/3302
f  2260/89/3294 2263/91/3300 2264/94/3303
f  2260/89/3304 2264/94/3305 2261/90/3305
f  2261/90/3305 2264/94/3305 2265/95/3306
f  2261/90/3307 2265/95/3308 2262/87/3298
f  2262/87/3298 2265/95/3308 2266/92/3309
f  2262/87/3310 2266/92/3301 2259/88/3301
f  2263/91/3311 2267/105/3312 2264/94/3312
f  2263/93/3302 2270/106/3313 2267/107/3314
f  2264/94/3312 2267/105/3312 2268/108/3315
f  2264/94/3316 2268/108/3317 2265/95/3317
f  2265/95/3317 2268/108/3317 2269/109/3318
f  2265/95/3319 2269/109/3320 2266/92/3320
f  2266/92/3320 2269/109/3320 2270/106/3321
f  2266/92/3322 2270/106/3313 2263/93/3302
f  2267/105/3323 2271/110/3324 2268/108/3324
f  2267/107/3314 2274/111/3325 2271/112/3326
f  2268/108/3324 2271/110/3324 2272/113/3327
f  2268/108/3328 2272/113/3329 2269/109/3318
f  2269/109/3318 2272/113/3329 2273/114/3330
f  2269/109/3331 2273/114/3332 2270/106/3332
f  2270/106/3332 2273/114/3332 2274/111/3333
f  2270/106/3313 2274/111/3325 2267/107/3314
f  1287/51/1942 2275/56/3334 1288/54/1945
f  1287/53/1944 2278/57/3335 2275/58/3336
f  1288/54/1945 2275/56/3334 2276/59/3337
f  1288/54/1946 2276/59/3338 1289/55/1947
f  1289/55/1947 2276/59/3338 2277/60/3339
f  1289/55/1948 2277/60/3340 1290/52/1949
f  1290/52/1949 2277/60/3340 2278/57/3341
f  1290/52/1943 2278/57/3335 1287/53/1944
f  2275/56/3334 2279/61/3342 2276/59/3337
f  2275/58/3336 2282/70/3343 2279/64/3344
f  2276/59/3337 2279/61/3342 2280/63/3345
f  2276/59/3338 2280/63/3346 2277/60/3339
f  2277/60/3339 2280/63/3346 2281/68/3347
f  2277/60/3340 2281/68/3348 2278/57/3341
f  2278/57/3341 2281/68/3348 2282/70/3349
f  2278/57/3335 2282/70/3343 2275/58/3336
f  2279/61/3342 2283/62/3350 2280/63/3345
f  2279/64/3344 2286/65/3351 2283/66/3352
f  2280/63/3345 2283/62/3350 2284/67/3353
f  2280/63/3346 2284/67/3354 2281/68/3347
f  2281/68/3347 2284/67/3354 2285/69/3355
f  2281/68/3348 2285/69/3356 2282/70/3349
f  2282/70/3349 2285/69/3356 2286/65/3357
f  2282/70/3343 2286/65/3351 2279/64/3344
f  2283/62/3350 2287/71/3358 2284/67/3353
f  2283/66/3352 2290/72/3359 2287/73/3360
f  2284/67/3353 2287/71/3358 2288/74/3361
f  2284/67/3354 2288/74/3362 2285/69/3355
f  2285/69/3355 2288/74/3362 2289/75/3363
f  2285/69/3356 2289/75/3364 2286/65/3357
f  2286/65/3357 2289/75/3364 2290/72/3365
f  2286/65/3351 2290/72/3359 2283/66/3352
f  2287/71/3358 2291/76/3366 2288/74/3361
f  2287/73/3360 2294/77/3367 2291/78/3368
f  2288/74/3361 2291/76/3366 2292/79/3369
f  2288/74/3362 2292/79/3370 2289/75/3363
f  2289/75/3363 2292/79/3370 2293/80/3371
f  2289/75/3364 2293/80/3372 2290/72/3365
f  2290/72/3365 2293/80/3372 2294/77/3373
f  2290/72/3359 2294/77/3367 2287/73/3360
f  2291/76/3366 2295/81/3374 2292/79/3369
f  2291/78/3368 2298/82/3375 2295/83/3376
f  2292/79/3369 2295/81/3374 2296/84/3377
f  2292/79/3370 2296/84/3378 2293/80/3371
f  2293/80/3371 2296/84/3378 2297/85/3379
f  2293/80/3372 2297/85/3380 2294/77/3373
f  2294/77/3373 2297/85/3380 2298/82/3381
f  2294/77/3367 2298/82/3375 2291/78/3368
f  2295/81/3374 2299/86/3382 2296/84/3377
f  2295/83/3376 2302/87/3383 2299/88/3384
f  2296/84/3377 2299/86/3382 2300/89/3385
f  2296/84/3378 2300/89/3386 2297/85/3379
f  2297/85/3379 2300/89/3386 2301/90/3387
f  2297/85/3380 2301/90/3388 2298/82/3381
f  2298/82/3381 2301/90/3388 2302/87/3389
f  2298/82/3375 2302/87/3383 2295/83/3376
f  2299/86/3390 2303/91/3391 2300/89/3385
f  2299/88/3392 2306/92/3392 2303/93/3393
f  2300/89/3385 2303/91/3391 2304/94/3394
f  2300/89/3395 2304/94/3396 2301/90/3396
f  2301/90/3396 2304/94/3396 2305/95/3397
f  2301/90/3398 2305/95/3399 2302/87/3389
f  2302/87/3389 2305/95/3399 2306/92/3400
f  2302/87/3401 2306/92/3392 2299/88/3392
f  2303/91/3402 2307/105/3403 2304/94/3403
f  2303/93/3393 2310/106/3404 2307/107/3405
f  2304/94/3403 2307/105/3403 2308/108/3406
f  2304/94/3407 2308/108/3408 2305/95/3408
f  2305/95/3408 2308/108/3408 2309/109/3409
f  2305/95/3410 2309/109/3411 2306/92/3411
f  2306/92/3411 2309/109/3411 2310/106/3412
f  2306/92/3413 2310/106/3404 2303/93/3393
f  2307/105/3414 2311/110/3415 2308/108/3415
f  2307/107/3405 2314/111/3416 2311/112/3417
f  2308/108/3415 2311/110/3415 2312/113/3418
f  2308/108/3419 2312/113/3420 2309/109/3409
f  2309/109/3409 2312/113/3420 2313/114/3421
f  2309/109/3422 2313/114/3423 2310/106/3423
f  2310/106/3423 2313/114/3423 2314/111/3424
f  2310/106/3404 2314/111/3416 2307/107/3405
f  1315/46/1998 2315/51/3425 1316/49/2001
f  1315/48/2000 2318/52/3426 2315/53/3427
f  1316/49/2001 2315/51/3425 2316/54/3428
f  1316/49/2002 2316/54/3429 1317/50/2003
f  1317/50/2003 2316/54/3429 2317/55/3430
f  1317/50/2004 2317/55/3431 1318/47/2005
f  1318/47/2005 2317/55/3431 2318/52/3432
f  1318/47/1999 2318/52/3426 1315/48/2000
f  2315/51/3425 2319/56/3433 2316/54/3428
f  2315/53/3427 2322/57/3434 2319/58/3435
f  2316/54/3428 2319/56/3433 2320/59/3436
f  2316/54/3429 2320/59/3437 2317/55/3430
f  2317/55/3430 2320/59/3437 2321/60/3438
f  2317/55/3431 2321/60/3439 2318/52/3432
f  2318/52/3432 2321/60/3439 2322/57/3440
f  2318/52/3426 2322/57/3434 2315/53/3427
f  2319/56/3433 2323/61/3441 2320/59/3436
f  2319/58/3435 2326/70/3442 2323/64/3443
f  2320/59/3436 2323/61/3441 2324/63/3444
f  2320/59/3437 2324/63/3445 2321/60/3438
f  2321/60/3438 2324/63/3445 2325/68/3446
f  2321/60/3439 2325/68/3447 2322/57/3440
f  2322/57/3440 2325/68/3447 2326/70/3448
f  2322/57/3434 2326/70/3442 2319/58/3435
f  2323/61/3441 2327/62/3449 2324/63/3444
f  2323/64/3443 2330/65/3450 2327/66/3451
f  2324/63/3444 2327/62/3449 2328/67/3452
f  2324/63/3445 2328/67/3453 2325/68/3446
f  2325/68/3446 2328/67/3453 2329/69/3454
f  2325/68/3447 2329/69/3455 2326/70/3448
f  2326/70/3448 2329/69/3455 2330/65/3456
f  2326/70/3442 2330/65/3450 2323/64/3443
f  2327/62/3449 2331/71/3457 2328/67/3452
f  2327/66/3451 2334/72/3458 2331/73/3459
f  2328/67/3452 2331/71/3457 2332/74/3460
f  2328/67/3453 2332/74/3461 2329/69/3454
f  2329/69/3454 2332/74/3461 2333/75/3462
f  2329/69/3455 2333/75/3463 2330/65/3456
f  2330/65/3456 2333/75/3463 2334/72/3464
f  2330/65/3450 2334/72/3458 2327/66/3451
f  2331/71/3457 2335/76/3465 2332/74/3460
f  2331/73/3459 2338/77/3466 2335/78/3467
f  2332/74/3460 2335/76/3465 2336/79/3468
f  2332/74/3461 2336/79/3469 2333/75/3462
f  2333/75/3462 2336/79/3469 2337/80/3470
f  2333/75/3463 2337/80/3471 2334/72/3464
f  2334/72/3464 2337/80/3471 2338/77/3472
f  2334/72/3458 2338/77/3466 2331/73/3459
f  2335/76/3465 2339/81/3473 2336/79/3468
f  2335/78/3467 2342/82/3474 2339/83/3475
f  2336/79/3468 2339/81/3473 2340/84/3476
f  2336/79/3469 2340/84/3477 2337/80/3470
f  2337/80/3470 2340/84/3477 2341/85/3478
f  2337/80/3471 2341/85/3479 2338/77/3472
f  2338/77/3472 2341/85/3479 2342/82/3480
f  2338/77/3466 2342/82/3474 2335/78/3467
f  2339/81/3481 2343/86/3482 2340/84/3476
f  2339/83/3483 2346/87/3483 2343/88/3484
f  2340/84/3476 2343/86/3482 2344/89/3485
f  2340/84/3486 2344/89/3487 2341/85/3487
f  2341/85/3487 2344/89/3487 2345/90/3488
f  2341/85/3489 2345/90/3490 2342/82/3480
f  2342/82/3480 2345/90/3490 2346/87/3491
f  2342/82/3492 2346/87/3483 2339/83/3483
f  2343/86/3493 2347/91/3494 2344/89/3494
f  2343/88/3484 2350/92/3495 2347/93/3496
f  2344/89/3494 2347/91/3494 2348/94/3497
f  2344/89/3498 2348/94/3499 2345/90/3499
f  2345/90/3499 2348/94/3499 2349/95/3500
f  2345/90/3501 2349/95/3502 2346/87/3502
f  2346/87/3502 2349/95/3502 2350/92/3503
f  2346/87/3504 2350/92/3495 2343/88/3484
f  2347/91/3505 2351/105/3506 2348/94/3506
f  2347/93/3496 2354/106/3507 2351/107/3508
f  2348/94/3506 2351/105/3506 2352/108/3509
f  2348/94/3510 2352/108/3511 2349/95/3500
f  2349/95/3500 2352/108/3511 2353/109/3512
f  2349/95/3513 2353/109/3514 2350/92/3514
f  2350/92/3514 2353/109/3514 2354/106/3515
f  2350/92/3495 2354/106/3507 2347/93/3496
f  1343/46/2054 2355/51/3516 1344/49/2057
f  1343/48/2056 2358/52/3517 2355/53/3518
f  1344/49/2057 2355/51/3516 2356/54/3519
f  1344/49/2058 2356/54/3520 1345/50/2059
f  1345/50/2059 2356/54/3520 2357/55/3521
f  1345/50/2060 2357/55/3522 1346/47/2061
f  1346/47/2061 2357/55/3522 2358/52/3523
f  1346/47/2055 2358/52/3517 1343/48/2056
f  2355/51/3516 2359/56/3524 2356/54/3519
f  2355/53/3518 2362/57/3525 2359/58/3526
f  2356/54/3519 2359/56/3524 2360/59/3527
f  2356/54/3520 2360/59/3528 2357/55/3521
f  2357/55/3521 2360/59/3528 2361/60/3529
f  2357/55/3522 2361/60/3530 2358/52/3523
f  2358/52/3523 2361/60/3530 2362/57/3531
f  2358/52/3517 2362/57/3525 2355/53/3518
f  2359/56/3524 2363/61/3532 2360/59/3527
f  2359/58/3526 2366/70/3533 2363/64/3534
f  2360/59/3527 2363/61/3532 2364/63/3535
f  2360/59/3528 2364/63/3536 2361/60/3529
f  2361/60/3529 2364/63/3536 2365/68/3537
f  2361/60/3530 2365/68/3538 2362/57/3531
f  2362/57/3531 2365/68/3538 2366/70/3539
f  2362/57/3525 2366/70/3533 2359/58/3526
f  2363/61/3532 2367/62/3540 2364/63/3535
f  2363/64/3534 2370/65/3541 2367/66/3542
f  2364/63/3535 2367/62/3540 2368/67/3543
f  2364/63/3536 2368/67/3544 2365/68/3537
f  2365/68/3537 2368/67/3544 2369/69/3545
f  2365/68/3538 2369/69/3546 2366/70/3539
f  2366/70/3539 2369/69/3546 2370/65/3547
f  2366/70/3533 2370/65/3541 2363/64/3534
f  2367/62/3540 2371/71/3548 2368/67/3543
f  2367/66/3542 2374/72/3549 2371/73/3550
f  2368/67/3543 2371/71/3548 2372/74/3551
f  2368/67/3544 2372/74/3552 2369/69/3545
f  2369/69/3545 2372/74/3552 2373/75/3553
f  2369/69/3546 2373/75/3554 2370/65/3547
f  2370/65/3547 2373/75/3554 2374/72/3555
f  2370/65/3541 2374/72/3549 2367/66/3542
f  2371/71/3548 2375/76/3556 2372/74/3551
f  2371/73/3550 2378/77/3557 2375/78/3558
f  2372/74/3551 2375/76/3556 2376/79/3559
f  2372/74/3552 2376/79/3560 2373/75/3553
f  2373/75/3553 2376/79/3560 2377/80/3561
f  2373/75/3554 2377/80/3562 2374/72/3555
f  2374/72/3555 2377/80/3562 2378/77/3563
f  2374/72/3549 2378/77/3557 2371/73/3550
f  2375/76/3556 2379/81/3564 2376/79/3559
f  2375/78/3558 2382/82/3565 2379/83/3566
f  2376/79/3559 2379/81/3564 2380/84/3567
f  2376/79/3560 2380/84/3568 2377/80/3561
f  2377/80/3561 2380/84/3568 2381/85/3569
f  2377/80/3562 2381/85/3570 2378/77/3563
f  2378/77/3563 2381/85/3570 2382/82/3571
f  2378/77/3557 2382/82/3565 2375/78/3558
f  2379/81/3572 2383/86/3573 2380/84/3567
f  2379/83/3574 2386/87/3574 2383/88/3575
f  2380/84/3567 2383/86/3573 2384/89/3576
f  2380/84/3577 2384/89/3578 2381/85/3578
f  2381/85/3578 2384/89/3578 2385/90/3579
f  2381/85/3580 2385/90/3581 2382/82/3571
f  2382/82/3571 2385/90/3581 2386/87/3582
f  2382/82/3583 2386/87/3574 2379/83/3574
f  2383/86/3584 2387/91/3585 2384/89/3585
f  2383/88/3575 2390/92/3586 2387/93/3587
f  2384/89/3585 2387/91/3585 2388/94/3588
f  2384/89/3589 2388/94/3590 2385/90/3590
f  2385/90/3590 2388/94/3590 2389/95/3591
f  2385/90/3592 2389/95/3593 2386/87/3593
f  2386/87/3593 2389/95/3593 2390/92/3594
f  2386/87/3595 2390/92/3586 2383/88/3575
f  2387/91/3596 2391/105/3597 2388/94/3597
f  2387/93/3587 2394/106/3598 2391/107/3599
f  2388/94/3597 2391/105/3597 2392/108/3600
f  2388/94/3601 2392/108/3602 2389/95/3591
f  2389/95/3591 2392/108/3602 2393/109/3603
f  2389/95/3604 2393/109/3605 2390/92/3605
f  2390/92/3605 2393/109/3605 2394/106/3606
f  2390/92/3586 2394/106/3598 2387/93/3587
f  2395/139/3607 2396/205/3608 2397/206/3609
f  2395/139/3607 2397/206/3609 2398/207/3610
f  2395/139/3607 2398/207/3610 2399/208/3611
f  2395/139/3607 2399/208/3611 2400/209/3612
f  2395/139/3607 2400/209/3612 2401/210/3613
f  2395/139/3607 2401/210/3613 2396/211/3608
f  2396/205/3614 2402/212/3615 2397/206/3616
f  2396/211/3617 2407/213/3618 2402/214/3619
f  2397/206/3616 2402/212/3615 2403/215/3620
f  2397/206/3621 2403/215/3622 2398/207/3623
f  2398/207/3623 2403/215/3622 2404/216/3624
f  2398/207/3625 2404/216/3626 2399/208/3627
f  2399/208/3627 2404/216/3626 2405/217/3628
f  2399/208/3629 2405/217/3630 2400/209/3631
f  2400/209/3631 2405/217/3630 2406/218/3632
f  2400/209/3633 2406/218/3634 2401/210/3635
f  2401/210/3635 2406/218/3634 2407/213/3636
f  2401/210/3637 2407/213/3618 2396/211/3617
f  2402/212/3615 2408/219/3638 2403/215/3620
f  2402/214/3619 2413/220/3639 2408/221/3640
f  2403/215/3620 2408/219/3638 2409/222/3641
f  2403/215/3622 2409/222/3642 2404/216/3624
f  2404/216/3624 2409/222/3642 2410/223/3643
f  2404/216/3626 2410/223/3644 2405/217/3628
f  2405/217/3628 2410/223/3644 2411/224/3645
f  2405/217/3630 2411/224/3646 2406/218/3632
f  2406/218/3632 2411/224/3646 2412/225/3647
f  2406/218/3634 2412/225/3648 2407/213/3636
f  2407/213/3636 2412/225/3648 2413/220/3649
f  2407/213/3618 2413/220/3639 2402/214/3619
f  2408/219/3650 2414/144/3651 2409/222/3652
f  2409/222/3652 2414/144/3651 2410/223/3653
f  2410/223/3653 2414/144/3651 2411/224/3654
f  2411/224/3654 2414/144/3651 2412/225/3655
f  2412/225/3655 2414/144/3651 2413/220/3656
f  2413/220/3656 2414/144/3651 2408/221/3650
f  2415/139/3657 2416/205/3658 2417/206/3659
f  2415/139/3657 2417/206/3659 2418/207/3660
f  2415/139/3657 2418/207/3660 2419/208/3661
f  2415/139/3657 2419/208/3661 2420/209/3662
f  2415/139/3657 2420/209/3662 2421/210/3663
f  2415/139/3657 2421/210/3663 2416/211/3658
f  2416/205/3664 2422/212/3665 2417/206/3666
f  2416/211/3667 2427/213/3668 2422/214/3669
f  2417/206/3666 2422/212/3665 2423/215/3670
f  2417/206/3671 2423/215/3672 2418/207/3673
f  2418/207/3673 2423/215/3672 2424/216/3674
f  2418/207/3675 2424/216/3676 2419/208/3677
f  2419/208/3677 2424/216/3676 2425/217/3678
f  2419/208/3679 2425/217/3680 2420/209/3681
f  2420/209/3681 2425/217/3680 2426/218/3682
f  2420/209/3683 2426/218/3684 2421/210/3685
f  2421/210/3685 2426/218/3684 2427/213/3686
f  2421/210/3687 2427/213/3668 2416/211/3667
f  2422/212/3665 2428/219/3688 2423/215/3670
f  2422/214/3669 2433/220/3689 2428/221/3690
f  2423/215/3670 2428/219/3688 2429/222/3691
f  2423/215/3672 2429/222/3692 2424/216/3674
f  2424/216/3674 2429/222/3692 2430/223/3693
f  2424/216/3676 2430/223/3694 2425/217/3678
f  2425/217/3678 2430/223/3694 2431/224/3695
f  2425/217/3680 2431/224/3696 2426/218/3682
f  2426/218/3682 2431/224/3696 2432/225/3697
f  2426/218/3684 2432/225/3698 2427/213/3686
f  2427/213/3686 2432/225/3698 2433/220/3699
f  2427/213/3668 2433/220/3689 2422/214/3669
f  2428/219/3700 2434/144/3701 2429/222/3702
f  2429/222/3702 2434/144/3701 2430/223/3703
f  2430/223/3703 2434/144/3701 2431/224/3704
f  2431/224/3704 2434/144/3701 2432/225/3705
f  2432/225/3705 2434/144/3701 2433/220/3706
f  2433/220/3706 2434/144/3701 2428/221/3700
f  2435/119/3707 2436/226/3708 2437/227/3709
f  2435/119/3707 2437/227/3709 2438/228/3710
f  2435/119/3707 2438/228/3710 2439/229/3711
f  2435/119/3707 2439/229/3711 2440/230/3712
f  2435/119/3707 2440/230/3712 2441/231/3713
f  2435/119/3707 2441/231/3713 2436/232/3708
f  2436/226/3714 2442/233/3715 2437/227/3716
f  2436/232/3717 2447/234/3718 2442/235/3719
f  2437/227/3716 2442/233/3715 2443/236/3720
f  2437/227/3721 2443/236/3722 2438/228/3723
f  2438/228/3723 2443/236/3722 2444/237/3724
f  2438/228/3725 2444/237/3726 2439/229/3727
f  2439/229/3727 2444/237/3726 2445/238/3728
f  2439/229/3729 2445/238/3730 2440/230/3731
f  2440/230/3731 2445/238/3730 2446/239/3732
f  2440/230/3733 2446/239/3734 2441/231/3735
f  2441/231/3735 2446/239/3734 2447/234/3736
f  2441/231/3737 2447/234/3718 2436/232/3717
f  2442/233/3715 2448/240/3738 2443/236/3720
f  2442/235/3719 2453/241/3739 2448/242/3740
f  2443/236/3720 2448/240/3738 2449/243/3741
f  2443/236/3722 2449/243/3742 2444/237/3724
f  2444/237/3724 2449/243/3742 2450/244/3743
f  2444/237/3726 2450/244/3744 2445/238/3728
f  2445/238/3728 2450/244/3744 2451/245/3745
f  2445/238/3730 2451/245/3746 2446/239/3732
f  2446/239/3732 2451/245/3746 2452/246/3747
f  2446/239/3734 2452/246/3748 2447/234/3736
f  2447/234/3736 2452/246/3748 2453/241/3749
f  2447/234/3718 2453/241/3739 2442/235/3719
f  2448/240/3750 2454/124/3751 2449/243/3752
f  2449/243/3752 2454/124/3751 2450/244/3753
f  2450/244/3753 2454/124/3751 2451/245/3754
f  2451/245/3754 2454/124/3751 2452/246/3755
f  2452/246/3755 2454/124/3751 2453/241/3756
f  2453/241/3756 2454/124/3751 2448/242/3750
f  2455/119/3757 2456/226/3758 2457/227/3759
f  2455/119/3757 2457/227/3759 2458/228/3760
f  2455/119/3757 2458/228/3760 2459/229/3761
f  2455/119/3757 2459/229/3761 2460/230/3762
f  2455/119/3757 2460/230/3762 2461/231/3763
f  2455/119/3757 2461/231/3763 2456/232/3758
f  2456/226/3764 2462/233/3765 2457/227/3766
f  2456/232/3767 2467/234/3768 2462/235/3769
f  2457/227/3766 2462/233/3765 2463/236/3770
f  2457/227/3771 2463/236/3772 2458/228/3773
f  2458/228/3773 2463/236/3772 2464/237/3774
f  2458/228/3775 2464/237/3776 2459/229/3777
f  2459/229/3777 2464/237/3776 2465/238/3778
f  2459/229/3779 2465/238/3780 2460/230/3781
f  2460/230/3781 2465/238/3780 2466/239/3782
f  2460/230/3783 2466/239/3784 2461/231/3785
f  2461/231/3785 2466/239/3784 2467/234/3786
f  2461/231/3787 2467/234/3768 2456/232/3767
f  2462/233/3765 2468/240/3788 2463/236/3770
f  2462/235/3769 2473/241/3789 2468/242/3790
f  2463/236/3770 2468/240/3788 2469/243/3791
f  2463/236/3772 2469/243/3792 2464/237/3774
f  2464/237/3774 2469/243/3792 2470/244/3793
f  2464/237/3776 2470/244/3794 2465/238/3778
f  2465/238/3778 2470/244/3794 2471/245/3795
f  2465/238/3780 2471/245/3796 2466/239/3782
f  2466/239/3782 2471/245/3796 2472/246/3797
f  2466/239/3784 2472/246/3798 2467/234/3786
f  2467/234/3786 2472/246/3798 2473/241/3799
f  2467/234/3768 2473/241/3789 2462/235/3769
f  2468/240/3800 2474/124/3801 2469/243/3802
f  2469/243/3802 2474/124/3801 2470/244/3803
f  2470/244/3803 2474/124/3801 2471/245/3804
f  2471/245/3804 2474/124/3801 2472/246/3805
f  2472/246/3805 2474/124/3801 2473/241/3806
f  2473/241/3806 2474/124/3801 2468/242/3800
f  2475/119/3807 2476/226/3808 2477/227/3809
f  2475/119/3807 2477/227/3809 2478/228/3810
f  2475/119/3807 2478/228/3810 2479/229/3811
f  2475/119/3807 2479/229/3811 2480/230/3812
f  2475/119/3807 2480/230/3812 2481/231/3813
f  2475/119/3807 2481/231/3813 2476/232/3808
f  2476/226/3814 2482/233/3815 2477/227/3816
f  2476/232/3817 2487/234/3818 2482/235/3819
f  2477/227/3816 2482/233/3815 2483/236/3820
f  2477/227/3821 2483/236/3822 2478/228/3823
f  2478/228/3823 2483/236/3822 2484/237/3824
f  2478/228/3825 2484/237/3826 2479/229/3827
f  2479/229/3827 2484/237/3826 2485/238/3828
f  2479/229/3829 2485/238/3830 2480/230/3831
f  2480/230/3831 2485/238/3830 2486/239/3832
f  2480/230/3833 2486/239/3834 2481/231/3835
f  2481/231/3835 2486/239/3834 2487/234/3836
f  2481/231/3837 2487/234/3818 2476/232/3817
f  2482/233/3815 2488/240/3838 2483/236/3820
f  2482/235/3819 2493/241/3839 2488/242/3840
f  2483/236/3820 2488/240/3838 2489/243/3841
f  2483/236/3822 2489/243/3842 2484/237/3824
f  2484/237/3824 2489/243/3842 2490/244/3843
f  2484/237/3826 2490/244/3844 2485/238/3828
f  2485/238/3828 2490/244/3844 2491/245/3845
f  2485/238/3830 2491/245/3846 2486/239/3832
f  2486/239/3832 2491/245/3846 2492/246/3847
f  2486/239/3834 2492/246/3848 2487/234/3836
f  2487/234/3836 2492/246/3848 2493/241/3849
f  2487/234/3818 2493/241/3839 2482/235/3819
f  2488/240/3850 2494/124/3851 2489/243/3852
f  2489/243/3852 2494/124/3851 2490/244/3853
f  2490/244/3853 2494/124/3851 2491/245/3854
f  2491/245/3854 2494/124/3851 2492/246/3855
f  2492/246/3855 2494/124/3851 2493/241/3856
f  2493/241/3856 2494/124/3851 2488/242/3850
f  2495/119/3857 2496/226/3858 2497/227/3859
f  2495/119/3857 2497/227/3859 2498/228/3860
f  2495/119/3857 2498/228/3860 2499/229/3861
f  2495/119/3857 2499/229/3861 2500/230/3862
f  2495/119/3857 2500/230/3862 2501/231/3863
f  2495/119/3857 2501/231/3863 2496/232/3858
f  2496/226/3864 2502/233/3865 2497/227/3866
f  2496/232/3867 2507/234/3868 2502/235/3869
f  2497/227/3866 2502/233/3865 2503/236/3870
f  2497/227/3871 2503/236/3872 2498/228/3873
f  2498/228/3873 2503/236/3872 2504/237/3874
f  2498/228/3875 2504/237/3876 2499/229/3877
f  2499/229/3877 2504/237/3876 2505/238/3878
f  2499/229/3879 2505/238/3880 2500/230/3881
f  2500/230/3881 2505/238/3880 2506/239/3882
f  2500/230/3883 2506/239/3884 2501/231/3885
f  2501/231/3885 2506/239/3884 2507/234/3886
f  2501/231/3887 2507/234/3868 2496/232/3867
f  2502/233/3865 2508/240/3888 2503/236/3870
f  2502/235/3869 2513/241/3889 2508/242/3890
f  2503/236/3870 2508/240/3888 2509/243/3891
f  2503/236/3872 2509/243/3892 2504/237/3874
f  2504/237/3874 2509/243/3892 2510/244/3893
f  2504/237/3876 2510/244/3894 2505/238/3878
f  2505/238/3878 2510/244/3894 2511/245/3895
f  2505/238/3880 2511/245/3896 2506/239/3882
f  2506/239/3882 2511/245/3896 2512/246/3897
f  2506/239/3884 2512/246/3898 2507/234/3886
f  2507/234/3886 2512/246/3898 2513/241/3899
f  2507/234/3868 2513/241/3889 2502/235/3869
f  2508/240/3900 2514/124/3901 2509/243/3902
f  2509/243/3902 2514/124/3901 2510/244/3903
f  2510/244/3903 2514/124/3901 2511/245/3904
f  2511/245/3904 2514/124/3901 2512/246/3905
f  2512/246/3905 2514/124/3901 2513/241/3906
f  2513/241/3906 2514/124/3901 2508/242/3900
f  2515/114/3907 2516/247/3908 2517/248/3909
f  2515/114/3907 2517/248/3909 2518/249/3910
f  2515/114/3907 2518/249/3910 2519/250/3911
f  2515/114/3907 2519/250/3911 2520/251/3912
f  2515/114/3907 2520/251/3912 2521/252/3913
f  2515/114/3907 2521/252/3913 2516/253/3908
f  2516/247/3914 2522/254/3915 2517/248/3916
f  2516/253/3917 2527/255/3918 2522/256/3919
f  2517/248/3916 2522/254/3915 2523/257/3920
f  2517/248/3921 2523/257/3922 2518/249/3923
f  2518/249/3923 2523/257/3922 2524/258/3924
f  2518/249/3925 2524/258/3926 2519/250/3927
f  2519/250/3927 2524/258/3926 2525/259/3928
f  2519/250/3929 2525/259/3930 2520/251/3931
f  2520/251/3931 2525/259/3930 2526/260/3932
f  2520/251/3933 2526/260/3934 2521/252/3935
f  2521/252/3935 2526/260/3934 2527/255/3936
f  2521/252/3937 2527/255/3918 2516/253/3917
f  2522/254/3915 2528/261/3938 2523/257/3920
f  2522/256/3919 2533/262/3939 2528/263/3940
f  2523/257/3920 2528/261/3938 2529/264/3941
f  2523/257/3922 2529/264/3942 2524/258/3924
f  2524/258/3924 2529/264/3942 2530/265/3943
f  2524/258/3926 2530/265/3944 2525/259/3928
f  2525/259/3928 2530/265/3944 2531/266/3945
f  2525/259/3930 2531/266/3946 2526/260/3932
f  2526/260/3932 2531/266/3946 2532/267/3947
f  2526/260/3934 2532/267/3948 2527/255/3936
f  2527/255/3936 2532/267/3948 2533/262/3949
f  2527/255/3918 2533/262/3939 2522/256/3919
f  2528/261/3950 2534/119/3951 2529/264/3952
f  2529/264/3952 2534/119/3951 2530/265/3953
f  2530/265/3953 2534/119/3951 2531/266/3954
f  2531/266/3954 2534/119/3951 2532/267/3955
f  2532/267/3955 2534/119/3951 2533/262/3956
f  2533/262/3956 2534/119/3951 2528/263/3950
f  2535/114/3957 2536/247/3958 2537/248/3959
f  2535/114/3957 2537/248/3959 2538/249/3960
f  2535/114/3957 2538/249/3960 2539/250/3961
f  2535/114/3957 2539/250/3961 2540/251/3962
f  2535/114/3957 2540/251/3962 2541/252/3963
f  2535/114/3957 2541/252/3963 2536/253/3958
f  2536/247/3964 2542/254/3965 2537/248/3966
f  2536/253/3967 2547/255/3968 2542/256/3969
f  2537/248/3966 2542/254/3965 2543/257/3970
f  2537/248/3971 2543/257/3972 2538/249/3973
f  2538/249/3973 2543/257/3972 2544/258/3974
f  2538/249/3975 2544/258/3976 2539/250/3977
f  2539/250/3977 2544/258/3976 2545/259/3978
f  2539/250/3979 2545/259/3980 2540/251/3981
f  2540/251/3981 2545/259/3980 2546/260/3982
f  2540/251/3983 2546/260/3984 2541/252/3985
f  2541/252/3985 2546/260/3984 2547/255/3986
f  2541/252/3987 2547/255/3968 2536/253/3967
f  2542/254/3965 2548/261/3988 2543/257/3970
f  2542/256/3969 2553/262/3989 2548/263/3990
f  2543/257/3970 2548/261/3988 2549/264/3991
f  2543/257/3972 2549/264/3992 2544/258/3974
f  2544/258/3974 2549/264/3992 2550/265/3993
f  2544/258/3976 2550/265/3994 2545/259/3978
f  2545/259/3978 2550/265/3994 2551/266/3995
f  2545/259/3980 2551/266/3996 2546/260/3982
f  2546/260/3982 2551/266/3996 2552/267/3997
f  2546/260/3984 2552/267/3998 2547/255/3986
f  2547/255/3986 2552/267/3998 2553/262/3999
f  2547/255/3968 2553/262/3989 2542/256/3969
f  2548/261/4000 2554/119/4001 2549/264/4002
f  2549/264/4002 2554/119/4001 2550/265/4003
f  2550/265/4003 2554/119/4001 2551/266/4004
f  2551/266/4004 2554/119/4001 2552/267/4005
f  2552/267/4005 2554/119/4001 2553/262/4006
f  2553/262/4006 2554/119/4001 2548/263/4000
f  2555/139/4007 2556/205/4008 2557/206/4009
f  2555/139/4007 2557/206/4009 2558/207/4010
f  2555/139/4007 2558/207/4010 2559/208/4011
f  2555/139/4007 2559/208/4011 2560/209/3612
f  2555/139/4007 2560/209/3612 2561/210/4012
f  2555/139/4007 2561/210/4012 2556/211/4008
f  2556/205/4013 2562/212/4014 2557/206/4015
f  2556/211/4016 2567/213/4017 2562/214/4018
f  2557/206/4015 2562/212/4014 2563/215/4019
f  2557/206/3621 2563/215/4020 2558/207/3623
f  2558/207/3623 2563/215/4020 2564/216/4021
f  2558/207/4022 2564/216/4023 2559/208/4024
f  2559/208/4024 2564/216/4023 2565/217/4025
f  2559/208/4026 2565/217/4027 2560/209/4028
f  2560/209/4028 2565/217/4027 2566/218/4029
f  2560/209/4030 2566/218/3634 2561/210/4031
f  2561/210/4031 2566/218/3634 2567/213/4032
f  2561/210/4033 2567/213/4017 2556/211/4016
f  2562/212/4014 2568/219/4034 2563/215/4019
f  2562/214/4018 2573/220/4035 2568/221/4036
f  2563/215/4019 2568/219/4034 2569/222/4037
f  2563/215/4020 2569/222/4038 2564/216/4021
f  2564/216/4021 2569/222/4038 2570/223/4039
f  2564/216/4023 2570/223/4040 2565/217/4025
f  2565/217/4025 2570/223/4040 2571/224/4041
f  2565/217/4027 2571/224/4042 2566/218/4029
f  2566/218/4029 2571/224/4042 2572/225/4043
f  2566/218/3634 2572/225/4044 2567/213/4032
f  2567/213/4032 2572/225/4044 2573/220/4045
f  2567/213/4017 2573/220/4035 2562/214/4018
f  2568/219/4046 2574/144/4047 2569/222/4048
f  2569/222/4048 2574/144/4047 2570/223/4049
f  2570/223/4049 2574/144/4047 2571/224/4050
f  2571/224/4050 2574/144/4047 2572/225/4051
f  2572/225/4051 2574/144/4047 2573/220/4052
f  2573/220/4052 2574/144/4047 2568/221/4046
f  2575/139/4053 2576/205/4054 2577/206/4055
f  2575/139/4053 2577/206/4055 2578/207/4056
f  2575/139/4053 2578/207/4056 2579/208/4057
f  2575/139/4053 2579/208/4057 2580/209/4058
f  2575/139/4053 2580/209/4058 2581/210/4059
f  2575/139/4053 2581/210/4059 2576/211/4054
f  2576/205/4060 2582/212/4061 2577/206/4062
f  2576/211/4063 2587/213/4064 2582/214/4065
f  2577/206/4062 2582/212/4061 2583/215/4066
f  2577/206/4067 2583/215/4068 2578/207/4069
f  2578/207/4069 2583/215/4068 2584/216/4070
f  2578/207/4071 2584/216/4072 2579/208/4073
f  2579/208/4073 2584/216/4072 2585/217/4074
f  2579/208/4075 2585/217/4076 2580/209/4077
f  2580/209/4077 2585/217/4076 2586/218/4078
f  2580/209/4079 2586/218/4080 2581/210/4081
f  2581/210/4081 2586/218/4080 2587/213/4082
f  2581/210/4083 2587/213/4064 2576/211/4063
f  2582/212/4061 2588/219/4084 2583/215/4066
f  2582/214/4065 2593/220/4085 2588/221/4086
f  2583/215/4066 2588/219/4084 2589/222/4087
f  2583/215/4068 2589/222/4088 2584/216/4070
f  2584/216/4070 2589/222/4088 2590/223/3693
f  2584/216/4072 2590/223/4089 2585/217/4074
f  2585/217/4074 2590/223/4089 2591/224/4090
f  2585/217/4076 2591/224/4091 2586/218/4078
f  2586/218/4078 2591/224/4091 2592/225/4092
f  2586/218/4080 2592/225/4093 2587/213/4082
f  2587/213/4082 2592/225/4093 2593/220/4094
f  2587/213/4064 2593/220/4085 2582/214/4065
f  2588/219/4095 2594/144/4096 2589/222/4097
f  2589/222/4097 2594/144/4096 2590/223/4098
f  2590/223/4098 2594/144/4096 2591/224/4099
f  2591/224/4099 2594/144/4096 2592/225/4100
f  2592/225/4100 2594/144/4096 2593/220/4101
f  2593/220/4101 2594/144/4096 2588/221/4095
f  2595/119/4102 2596/226/4103 2597/227/4104
f  2595/119/4102 2597/227/4104 2598/228/4105
f  2595/119/4102 2598/228/4105 2599/229/4106
f  2595/119/4102 2599/229/4106 2600/230/4107
f  2595/119/4102 2600/230/4107 2601/231/4108
f  2595/119/4102 2601/231/4108 2596/232/4103
f  2596/226/4109 2602/233/4110 2597/227/4111
f  2596/232/4112 2607/234/4113 2602/235/4114
f  2597/227/4111 2602/233/4110 2603/236/4115
f  2597/227/4116 2603/236/4117 2598/228/4118
f  2598/228/4118 2603/236/4117 2604/237/4119
f  2598/228/4120 2604/237/4121 2599/229/4122
f  2599/229/4122 2604/237/4121 2605/238/4123
f  2599/229/4124 2605/238/4125 2600/230/4126
f  2600/230/4126 2605/238/4125 2606/239/4127
f  2600/230/4128 2606/239/4129 2601/231/4130
f  2601/231/4130 2606/239/4129 2607/234/4131
f  2601/231/4132 2607/234/4113 2596/232/4112
f  2602/233/4110 2608/240/4133 2603/236/4115
f  2602/235/4114 2613/241/4134 2608/242/4135
f  2603/236/4115 2608/240/4133 2609/243/4136
f  2603/236/4117 2609/243/4137 2604/237/4119
f  2604/237/4119 2609/243/4137 2610/244/4138
f  2604/237/4121 2610/244/4139 2605/238/4123
f  2605/238/4123 2610/244/4139 2611/245/4140
f  2605/238/4125 2611/245/4141 2606/239/4127
f  2606/239/4127 2611/245/4141 2612/246/4142
f  2606/239/4129 2612/246/4143 2607/234/4131
f  2607/234/4131 2612/246/4143 2613/241/4144
f  2607/234/4113 2613/241/4134 2602/235/4114
f  2608/240/4145 2614/124/4146 2609/243/4147
f  2609/243/4147 2614/124/4146 2610/244/4148
f  2610/244/4148 2614/124/4146 2611/245/4149
f  2611/245/4149 2614/124/4146 2612/246/4150
f  2612/246/4150 2614/124/4146 2613/241/4151
f  2613/241/4151 2614/124/4146 2608/242/4145
f  2615/119/4152 2616/226/4153 2617/227/4154
f  2615/119/4152 2617/227/4154 2618/228/4155
f  2615/119/4152 2618/228/4155 2619/229/4156
f  2615/119/4152 2619/229/4156 2620/230/4157
f  2615/119/4152 2620/230/4157 2621/231/4158
f  2615/119/4152 2621/231/4158 2616/232/4153
f  2616/226/4159 2622/233/4160 2617/227/4161
f  2616/232/4162 2627/234/4163 2622/235/4164
f  2617/227/4161 2622/233/4160 2623/236/4165
f  2617/227/4166 2623/236/4167 2618/228/4168
f  2618/228/4168 2623/236/4167 2624/237/4169
f  2618/228/4170 2624/237/4171 2619/229/4172
f  2619/229/4172 2624/237/4171 2625/238/4173
f  2619/229/4174 2625/238/4175 2620/230/4176
f  2620/230/4176 2625/238/4175 2626/239/4177
f  2620/230/4178 2626/239/4179 2621/231/4180
f  2621/231/4180 2626/239/4179 2627/234/4181
f  2621/231/4182 2627/234/4163 2616/232/4162
f  2622/233/4160 2628/240/4183 2623/236/4165
f  2622/235/4164 2633/241/4184 2628/242/4185
f  2623/236/4165 2628/240/4183 2629/243/4186
f  2623/236/4167 2629/243/4187 2624/237/4169
f  2624/237/4169 2629/243/4187 2630/244/4188
f  2624/237/4171 2630/244/4189 2625/238/4173
f  2625/238/4173 2630/244/4189 2631/245/4190
f  2625/238/4175 2631/245/4191 2626/239/4177
f  2626/239/4177 2631/245/4191 2632/246/4192
f  2626/239/4179 2632/246/4193 2627/234/4181
f  2627/234/4181 2632/246/4193 2633/241/4194
f  2627/234/4163 2633/241/4184 2622/235/4164
f  2628/240/4195 2634/124/4196 2629/243/4197
f  2629/243/4197 2634/124/4196 2630/244/4198
f  2630/244/4198 2634/124/4196 2631/245/4199
f  2631/245/4199 2634/124/4196 2632/246/4200
f  2632/246/4200 2634/124/4196 2633/241/4201
f  2633/241/4201 2634/124/4196 2628/242/4195
f  2635/119/4202 2636/226/4203 2637/227/4204
f  2635/119/4202 2637/227/4204 2638/228/4205
f  2635/119/4202 2638/228/4205 2639/229/4206
f  2635/119/4202 2639/229/4206 2640/230/4207
f  2635/119/4202 2640/230/4207 2641/231/4208
f  2635/119/4202 2641/231/4208 2636/232/4203
f  2636/226/4209 2642/233/4210 2637/227/4211
f  2636/232/4212 2647/234/4213 2642/235/4214
f  2637/227/4211 2642/233/4210 2643/236/4215
f  2637/227/4216 2643/236/4217 2638/228/4218
f  2638/228/4218 2643/236/4217 2644/237/4219
f  2638/228/4220 2644/237/4221 2639/229/4222
f  2639/229/4222 2644/237/4221 2645/238/4223
f  2639/229/4224 2645/238/4225 2640/230/4226
f  2640/230/4226 2645/238/4225 2646/239/4227
f  2640/230/3833 2646/239/4228 2641/231/4229
f  2641/231/4229 2646/239/4228 2647/234/4230
f  2641/231/4231 2647/234/4213 2636/232/4212
f  2642/233/4210 2648/240/4232 2643/236/4215
f  2642/235/4214 2653/241/4233 2648/242/4234
f  2643/236/4215 2648/240/4232 2649/243/4235
f  2643/236/4217 2649/243/4236 2644/237/4219
f  2644/237/4219 2649/243/4236 2650/244/4237
f  2644/237/4221 2650/244/4238 2645/238/4223
f  2645/238/4223 2650/244/4238 2651/245/4239
f  2645/238/4225 2651/245/4240 2646/239/4227
f  2646/239/4227 2651/245/4240 2652/246/4241
f  2646/239/4228 2652/246/4242 2647/234/4230
f  2647/234/4230 2652/246/4242 2653/241/4243
f  2647/234/4213 2653/241/4233 2642/235/4214
f  2648/240/4244 2654/124/4245 2649/243/4246
f  2649/243/4246 2654/124/4245 2650/244/4247
f  2650/244/4247 2654/124/4245 2651/245/4248
f  2651/245/4248 2654/124/4245 2652/246/4249
f  2652/246/4249 2654/124/4245 2653/241/4250
f  2653/241/4250 2654/124/4245 2648/242/4244
f  2655/119/4251 2656/226/4252 2657/227/4253
f  2655/119/4251 2657/227/4253 2658/228/4254
f  2655/119/4251 2658/228/4254 2659/229/4255
f  2655/119/4251 2659/229/4255 2660/230/4256
f  2655/119/4251 2660/230/4256 2661/231/4257
f  2655/119/4251 2661/231/4257 2656/232/4252
f  2656/226/4258 2662/233/4259 2657/227/4260
f  2656/232/4261 2667/234/4262 2662/235/4263
f  2657/227/4260 2662/233/4259 2663/236/4264
f  2657/227/4265 2663/236/4266 2658/228/4267
f  2658/228/4267 2663/236/4266 2664/237/4268
f  2658/228/4269 2664/237/4270 2659/229/4271
f  2659/229/4271 2664/237/4270 2665/238/4272
f  2659/229/4273 2665/238/4274 2660/230/4275
f  2660/230/4275 2665/238/4274 2666/239/4276
f  2660/230/4277 2666/239/4278 2661/231/4279
f  2661/231/4279 2666/239/4278 2667/234/4280
f  2661/231/4281 2667/234/4262 2656/232/4261
f  2662/233/4259 2668/240/4282 2663/236/4264
f  2662/235/4263 2673/241/4283 2668/242/3890
f  2663/236/4264 2668/240/4282 2669/243/4284
f  2663/236/4266 2669/243/4285 2664/237/4268
f  2664/237/4268 2669/243/4285 2670/244/4286
f  2664/237/4270 2670/244/4287 2665/238/4272
f  2665/238/4272 2670/244/4287 2671/245/4288
f  2665/238/4274 2671/245/4289 2666/239/4276
f  2666/239/4276 2671/245/4289 2672/246/4290
f  2666/239/4278 2672/246/4291 2667/234/4280
f  2667/234/4280 2672/246/4291 2673/241/4292
f  2667/234/4262 2673/241/4283 2662/235/4263
f  2668/240/4293 2674/124/4294 2669/243/4295
f  2669/243/4295 2674/124/4294 2670/244/4296
f  2670/244/4296 2674/124/4294 2671/245/4297
f  2671/245/4297 2674/124/4294 2672/246/4298
f  2672/246/4298 2674/124/4294 2673/241/4299
f  2673/241/4299 2674/124/4294 2668/242/4293
f  2675/114/4300 2676/247/4301 2677/248/4302
f  2675/114/4300 2677/248/4302 2678/249/4303
f  2675/114/4300 2678/249/4303 2679/250/4304
f  2675/114/4300 2679/250/4304 2680/251/4305
f  2675/114/4300 2680/251/4305 2681/252/4306
f  2675/114/4300 2681/252/4306 2676/253/4301
f  2676/247/3914 2682/254/4307 2677/248/3916
f  2676/253/4308 2687/255/4309 2682/256/4310
f  2677/248/3916 2682/254/4307 2683/257/4311
f  2677/248/3921 2683/257/4312 2678/249/4313
f  2678/249/4313 2683/257/4312 2684/258/4314
f  2678/249/4315 2684/258/4316 2679/250/4317
f  2679/250/4317 2684/258/4316 2685/259/4318
f  2679/250/4319 2685/259/4320 2680/251/4321
f  2680/251/4321 2685/259/4320 2686/260/4322
f  2680/251/4323 2686/260/4324 2681/252/4325
f  2681/252/4325 2686/260/4324 2687/255/4326
f  2681/252/4327 2687/255/4309 2676/253/4308
f  2682/254/4307 2688/261/4328 2683/257/4311
f  2682/256/4310 2693/262/4329 2688/263/4330
f  2683/257/4311 2688/261/4328 2689/264/4331
f  2683/257/4312 2689/264/4332 2684/258/4314
f  2684/258/4314 2689/264/4332 2690/265/3943
f  2684/258/4316 2690/265/4333 2685/259/4318
f  2685/259/4318 2690/265/4333 2691/266/4334
f  2685/259/4320 2691/266/4335 2686/260/4322
f  2686/260/4322 2691/266/4335 2692/267/4336
f  2686/260/4324 2692/267/4337 2687/255/4326
f  2687/255/4326 2692/267/4337 2693/262/4338
f  2687/255/4309 2693/262/4329 2682/256/4310
f  2688/261/4339 2694/119/4340 2689/264/4341
f  2689/264/4341 2694/119/4340 2690/265/4342
f  2690/265/4342 2694/119/4340 2691/266/4343
f  2691/266/4343 2694/119/4340 2692/267/4344
f  2692/267/4344 2694/119/4340 2693/262/4345
f  2693/262/4345 2694/119/4340 2688/263/4339
f  2695/114/4346 2696/247/4347 2697/248/4348
f  2695/114/4346 2697/248/4348 2698/249/4349
f  2695/114/4346 2698/249/4349 2699/250/4350
f  2695/114/4346 2699/250/4350 2700/251/4351
f  2695/114/4346 2700/251/4351 2701/252/4352
f  2695/114/4346 2701/252/4352 2696/253/4347
f  2696/247/4353 2702/254/4354 2697/248/4355
f  2696/253/4356 2707/255/4357 2702/256/4358
f  2697/248/4355 2702/254/4354 2703/257/4359
f  2697/248/4360 2703/257/4361 2698/249/4362
f  2698/249/4362 2703/257/4361 2704/258/4363
f  2698/249/4364 2704/258/4365 2699/250/4366
f  2699/250/4366 2704/258/4365 2705/259/4367
f  2699/250/4368 2705/259/4369 2700/251/4370
f  2700/251/4370 2705/259/4369 2706/260/4371
f  2700/251/4372 2706/260/4373 2701/252/4374
f  2701/252/4374 2706/260/4373 2707/255/4375
f  2701/252/4376 2707/255/4357 2696/253/4356
f  2702/254/4354 2708/261/4377 2703/257/4359
f  2702/256/4358 2713/262/4378 2708/263/4379
f  2703/257/4359 2708/261/4377 2709/264/4380
f  2703/257/4361 2709/264/4381 2704/258/4363
f  2704/258/4363 2709/264/4381 2710/265/4382
f  2704/258/4365 2710/265/4383 2705/259/4367
f  2705/259/4367 2710/265/4383 2711/266/4384
f  2705/259/4369 2711/266/4385 2706/260/4371
f  2706/260/4371 2711/266/4385 2712/267/4386
f  2706/260/4373 2712/267/4387 2707/255/4375
f  2707/255/4375 2712/267/4387 2713/262/4388
f  2707/255/4357 2713/262/4378 2702/256/4358
f  2708/261/4389 2714/119/4390 2709/264/4391
f  2709/264/4391 2714/119/4390 2710/265/4392
f  2710/265/4392 2714/119/4390 2711/266/4393
f  2711/266/4393 2714/119/4390 2712/267/4394
f  2712/267/4394 2714/119/4390 2713/262/4395
f  2713/262/4395 2714/119/4390 2708/263/4389
usemtl Leaf
f  2715/8/4396 2718/96/4397 2716/10/4398
f  2716/10/4398 2718/96/4397 2719/97/4399
f  2716/10/4398 2719/97/4399 2717/4/4400
f  2717/4/4400 2719/97/4399 2720/98/4401
f  2718/96/4397 2721/9/4402 2719/97/4399
f  2719/97/4399 2721/9/4402 2722/5/4403
f  2719/97/4399 2722/5/4403 2720/98/4401
f  2720/98/4401 2722/5/4403 2723/6/4404
f  2721/9/4402 2724/99/4405 2722/5/4403
f  2722/5/4403 2724/99/4405 2725/100/4406
f  2722/5/4403 2725/100/4406 2723/6/4404
f  2723/6/4404 2725/100/4406 2726/101/4407
f  2724/99/4405 2727/15/4408 2725/100/4406
f  2725/100/4406 2727/15/4408 2728/12/4409
f  2725/100/4406 2728/12/4409 2726/101/4407
f  2726/101/4407 2728/12/4409 2729/13/4410
f  2727/15/4408 2730/102/4411 2728/12/4409
f  2728/12/4409 2730/102/4411 2731/103/4412
f  2728/12/4409 2731/103/4412 2729/13/4410
f  2729/13/4410 2731/103/4412 2732/104/4413
f  2730/102/4411 2733/17/4414 2731/103/4412
f  2731/103/4412 2733/17/4414 2732/104/4413
f  2734/8/4415 2737/96/4416 2735/10/4417
f  2735/10/4417 2737/96/4416 2738/97/4418
f  2735/10/4417 2738/97/4418 2736/4/4419
f  2736/4/4419 2738/97/4418 2739/98/4420
f  2737/96/4416 2740/9/4421 2738/97/4418
f  2738/97/4418 2740/9/4421 2741/5/4422
f  2738/97/4418 2741/5/4422 2739/98/4420
f  2739/98/4420 2741/5/4422 2742/6/4423
f  2740/9/4421 2743/99/4424 2741/5/4422
f  2741/5/4422 2743/99/4424 2744/100/4425
f  2741/5/4422 2744/100/4425 2742/6/4423
f  2742/6/4423 2744/100/4425 2745/101/4426
f  2743/99/4424 2746/15/4427 2744/100/4425
f  2744/100/4425 2746/15/4427 2747/12/4428
f  2744/100/4425 2747/12/4428 2745/101/4426
f  2745/101/4426 2747/12/4428 2748/13/4429
f  2746/15/4427 2749/102/4430 2747/12/4428
f  2747/12/4428 2749/102/4430 2750/103/4431
f  2747/12/4428 2750/103/4431 2748/13/4429
f  2748/13/4429 2750/103/4431 2751/104/4432
f  2749/102/4430 2752/17/4433 2750/103/4431
f  2750/103/4431 2752/17/4433 2751/104/4432
f  2753/8/4434 2756/96/4435 2754/10/4436
f  2754/10/4436 2756/96/4435 2757/97/4437
f  2754/10/4436 2757/97/4437 2755/4/4438
f  2755/4/4438 2757/97/4437 2758/98/4439
f  2756/96/4435 2759/9/4440 2757/97/4437
f  2757/97/4437 2759/9/4440 2760/5/4441
f  2757/97/4437 2760/5/4441 2758/98/4439
f  2758/98/4439 2760/5/4441 2761/6/4442
f  2759/9/4440 2762/99/4443 2760/5/4441
f  2760/5/4441 2762/99/4443 2763/100/4444
f  2760/5/4441 2763/100/4444 2761/6/4442
f  2761/6/4442 2763/100/4444 2764/101/4445
f  2762/99/4443 2765/15/4446 2763/100/4444
f  2763/100/4444 2765/15/4446 2766/12/4447
f  2763/100/4444 2766/12/4447 2764/101/4445
f  2764/101/4445 2766/12/4447 2767/13/4448
f  2765/15/4446 2768/102/4449 2766/12/4447
f  2766/12/4447 2768/102/4449 2769/103/4450
f  2766/12/4447 2769/103/4450 2767/13/4448
f  2767/13/4448 2769/103/4450 2770/104/4451
f  2768/102/4449 2771/17/4452 2769/103/4450
f  2769/103/4450 2771/17/4452 2770/104/4451
f  2772/8/4453 2775/96/4454 2773/10/4455
f  2773/10/4455 2775/96/4454 2776/97/4456
f  2773/10/4455 2776/97/4456 2774/4/4457
f  2774/4/4457 2776/97/4456 2777/98/4458
f  2775/96/4454 2778/9/4459 2776/97/4456
f  2776/97/4456 2778/9/4459 2779/5/4460
f  2776/97/4456 2779/5/4460 2777/98/4458
f  2777/98/4458 2779/5/4460 2780/6/4461
f  2778/9/4459 2781/99/4462 2779/5/4460
f  2779/5/4460 2781/99/4462 2782/100/4463
f  2779/5/4460 2782/100/4463 2780/6/4461
f  2780/6/4461 2782/100/4463 2783/101/4464
f  2781/99/4462 2784/15/4465 2782/100/4463
f  2782/100/4463 2784/15/4465 2785/12/4466
f  2782/100/4463 2785/12/4466 2783/101/4464
f  2783/101/4464 2785/12/4466 2786/13/4467
f  2784/15/4465 2787/102/4468 2785/12/4466
f  2785/12/4466 2787/102/4468 2788/103/4469
f  2785/12/4466 2788/103/4469 2786/13/4467
f  2786/13/4467 2788/103/4469 2789/104/4470
f  2787/102/4468 2790/17/4471 2788/103/4469
f  2788/103/4469 2790/17/4471 2789/104/4470
f  2791/8/4472 2794/96/4473 2792/10/4474
f  2792/10/4474 2794/96/4473 2795/97/4475
f  2792/10/4474 2795/97/4475 2793/4/4476
f  2793/4/4476 2795/97/4475 2796/98/4477
f  2794/96/4473 2797/9/4478 2795/97/4475
f  2795/97/4475 2797/9/4478 2798/5/4479
f  2795/97/4475 2798/5/4479 2796/98/4477
f  2796/98/4477 2798/5/4479 2799/6/4480
f  2797/9/4478 2800/99/4481 2798/5/4479
f  2798/5/4479 2800/99/4481 2801/100/4482
f  2798/5/4479 2801/100/4482 2799/6/4480
f  2799/6/4480 2801/100/4482 2802/101/4483
f  2800/99/4481 2803/15/4484 2801/100/4482
f  2801/100/4482 2803/15/4484 2804/12/4485
f  2801/100/4482 2804/12/4485 2802/101/4483
f  2802/101/4483 2804/12/4485 2805/13/4486
f  2803/15/4484 2806/102/4487 2804/12/4485
f  2804/12/4485 2806/102/4487 2807/103/4488
f  2804/12/4485 2807/103/4488 2805/13/4486
f  2805/13/4486 2807/103/4488 2808/104/4489
f  2806/102/4487 2809/17/4490 2807/103/4488
f  2807/103/4488 2809/17/4490 2808/104/4489
f  2810/8/4491 2813/96/4492 2811/10/4493
f  2811/10/4493 2813/96/4492 2814/97/4494
f  2811/10/4493 2814/97/4494 2812/4/4495
f  2812/4/4495 2814/97/4494 2815/98/4496
f  2813/96/4492 2816/9/4497 2814/97/4494
f  2814/97/4494 2816/9/4497 2817/5/4498
f  2814/97/4494 2817/5/4498 2815/98/4496
f  2815/98/4496 2817/5/4498 2818/6/4499
f  2816/9/4497 2819/99/4500 2817/5/4498
f  2817/5/4498 2819/99/4500 2820/100/4501
f  2817/5/4498 2820/100/4501 2818/6/4499
f  2818/6/4499 2820/100/4501 2821/101/4502
f  2819/99/4500 2822/15/4503 2820/100/4501
f  2820/100/4501 2822/15/4503 2823/12/4504
f  2820/100/4501 2823/12/4504 2821/101/4502
f  2821/101/4502 2823/12/4504 2824/13/4505
f  2822/15/4503 2825/102/4506 2823/12/4504
f  2823/12/4504 2825/102/4506 2826/103/4507
f  2823/12/4504 2826/103/4507 2824/13/4505
f  2824/13/4505 2826/103/4507 2827/104/4508
f  2825/102/4506 2828/17/4509 2826/103/4507
f  2826/103/4507 2828/17/4509 2827/104/4508
f  2829/8/4510 2832/96/4511 2830/10/4512
f  2830/10/4512 2832/96/4511 2833/97/4513
f  2830/10/4512 2833/97/4513 2831/4/4514
f  2831/4/4514 2833/97/4513 2834/98/4515
f  2832/96/4511 2835/9/4516 2833/97/4513
f  2833/97/4513 2835/9/4516 2836/5/4517
f  2833/97/4513 2836/5/4517 2834/98/4515
f  2834/98/4515 2836/5/4517 2837/6/4518
f  2835/9/4516 2838/99/4519 2836/5/4517
f  2836/5/4517 2838/99/4519 2839/100/4520
f  2836/5/4517 2839/100/4520 2837/6/4518
f  2837/6/4518 2839/100/4520 2840/101/4521
f  2838/99/4519 2841/15/4522 2839/100/4520
f  2839/100/4520 2841/15/4522 2842/12/4523
f  2839/100/4520 2842/12/4523 2840/101/4521
f  2840/101/4521 2842/12/4523 2843/13/4524
f  2841/15/4522 2844/102/4525 2842/12/4523
f  2842/12/4523 2844/102/4525 2845/103/4526
f  2842/12/4523 2845/103/4526 2843/13/4524
f  2843/13/4524 2845/103/4526 2846/104/4527
f  2844/102/4525 2847/17/4528 2845/103/4526
f  2845/103/4526 2847/17/4528 2846/104/4527
f  2848/8/4529 2851/96/4530 2849/10/4531
f  2849/10/4531 2851/96/4530 2852/97/4532
f  2849/10/4531 2852/97/4532 2850/4/4533
f  2850/4/4533 2852/97/4532 2853/98/4534
f  2851/96/4530 2854/9/4535 2852/97/4532
f  2852/97/4532 2854/9/4535 2855/5/4536
f  2852/97/4532 2855/5/4536 2853/98/4534
f  2853/98/4534 2855/5/4536 2856/6/4537
f  2854/9/4535 2857/99/4538 2855/5/4536
f  2855/5/4536 2857/99/4538 2858/100/4539
f  2855/5/4536 2858/100/4539 2856/6/4537
f  2856/6/4537 2858/100/4539 2859/101/4540
f  2857/99/4538 2860/15/4541 2858/100/4539
f  2858/100/4539 2860/15/4541 2861/12/4542
f  2858/100/4539 2861/12/4542 2859/101/4540
f  2859/101/4540 2861/12/4542 2862/13/4543
f  2860/15/4541 2863/102/4544 2861/12/4542
f  2861/12/4542 2863/102/4544 2864/103/4545
f  2861/12/4542 2864/103/4545 2862/13/4543
f  2862/13/4543 2864/103/4545 2865/104/4546
f  2863/102/4544 2866/17/4547 2864/103/4545
f  2864/103/4545 2866/17/4547 2865/104/4546
f  2867/8/4548 2870/96/4549 2868/10/4550
f  2868/10/4550 2870/96/4549 2871/97/4551
f  2868/10/4550 2871/97/4551 2869/4/4552
f  2869/4/4552 2871/97/4551 2872/98/4553
f  2870/96/4549 2873/9/4554 2871/97/4551
f  2871/97/4551 2873/9/4554 2874/5/4555
f  2871/97/4551 2874/5/4555 2872/98/4553
f  2872/98/4553 2874/5/4555 2875/6/4556
f  2873/9/4554 2876/99/4557 2874/5/4555
f  2874/5/4555 2876/99/4557 2877/100/4558
f  2874/5/4555 2877/100/4558 2875/6/4556
f  2875/6/4556 2877/100/4558 2878/101/4559
f  2876/99/4557 2879/15/4560 2877/100/4558
f  2877/100/4558 2879/15/4560 2880/12/4561
f  2877/100/4558 2880/12/4561 2878/101/4559
f  2878/101/4559 2880/12/4561 2881/13/4562
f  2879/15/4560 2882/102/4563 2880/12/4561
f  2880/12/4561 2882/102/4563 2883/103/4564
f  2880/12/4561 2883/103/4564 2881/13/4562
f  2881/13/4562 2883/103/4564 2884/104/4565
f  2882/102/4563 2885/17/4566 2883/103/4564
f  2883/103/4564 2885/17/4566 2884/104/4565
f  2886/8/4567 2889/96/4568 2887/10/4569
f  2887/10/4569 2889/96/4568 2890/97/4570
f  2887/10/4569 2890/97/4570 2888/4/4571
f  2888/4/4571 2890/97/4570 2891/98/4572
f  2889/96/4568 2892/9/4573 2890/97/4570
f  2890/97/4570 2892/9/4573 2893/5/4574
f  2890/97/4570 2893/5/4574 2891/98/4572
f  2891/98/4572 2893/5/4574 2894/6/4575
f  2892/9/4573 2895/99/4576 2893/5/4574
f  2893/5/4574 2895/99/4576 2896/100/4577
f  2893/5/4574 2896/100/4577 2894/6/4575
f  2894/6/4575 2896/100/4577 2897/101/4578
f  2895/99/4576 2898/15/4579 2896/100/4577
f  2896/100/4577 2898/15/4579 2899/12/4580
f  2896/100/4577 2899/12/4580 2897/101/4578
f  2897/101/4578 2899/12/4580 2900/13/4581
f  2898/15/4579 2901/102/4582 2899/12/4580
f  2899/12/4580 2901/102/4582 2902/103/4583
f  2899/12/4580 2902/103/4583 2900/13/4581
f  2900/13/4581 2902/103/4583 2903/104/4584
f  2901/102/4582 2904/17/4585 2902/103/4583
f  2902/103/4583 2904/17/4585 2903/104/4584
f  2905/8/4586 2908/96/4587 2906/10/4588
f  2906/10/4588 2908/96/4587 2909/97/4589
f  2906/10/4588 2909/97/4589 2907/4/4590
f  2907/4/4590 2909/97/4589 2910/98/4591
f  2908/96/4587 2911/9/4592 2909/97/4589
f  2909/97/4589 2911/9/4592 2912/5/4593
f  2909/97/4589 2912/5/4593 2910/98/4591
f  2910/98/4591 2912/5/4593 2913/6/4594
f  2911/9/4592 2914/99/4595 2912/5/4593
f  2912/5/4593 2914/99/4595 2915/100/4596
f  2912/5/4593 2915/100/4596 2913/6/4594
f  2913/6/4594 2915/100/4596 2916/101/4597
f  2914/99/4595 2917/15/4598 2915/100/4596
f  2915/100/4596 2917/15/4598 2918/12/4599
f  2915/100/4596 2918/12/4599 2916/101/4597
f  2916/101/4597 2918/12/4599 2919/13/4600
f  2917/15/4598 2920/102/4601 2918/12/4599
f  2918/12/4599 2920/102/4601 2921/103/4602
f  2918/12/4599 2921/103/4602 2919/13/4600
f  2919/13/4600 2921/103/4602 2922/104/4603
f  2920/102/4601 2923/17/4604 2921/103/4602
f  2921/103/4602 2923/17/4604 2922/104/4603
f  2924/8/4605 2927/96/4606 2925/10/4607
f  2925/10/4607 2927/96/4606 2928/97/4608
f  2925/10/4607 2928/97/4608 2926/4/4609
f  2926/4/4609 2928/97/4608 2929/98/4610
f  2927/96/4606 2930/9/4611 2928/97/4608
f  2928/97/4608 2930/9/4611 2931/5/4612
f  2928/97/4608 2931/5/4612 2929/98/4610
f  2929/98/4610 2931/5/4612 2932/6/4613
f  2930/9/4611 2933/99/4614 2931/5/4612
f  2931/5/4612 2933/99/4614 2934/100/4615
f  2931/5/4612 2934/100/4615 2932/6/4613
f  2932/6/4613 2934/100/4615 2935/101/4616
f  2933/99/4614 2936/15/4617 2934/100/4615
f  2934/100/4615 2936/15/4617 2937/12/4618
f  2934/100/4615 2937/12/4618 2935/101/4616
f  2935/101/4616 2937/12/4618 2938/13/4619
f  2936/15/4617 2939/102/4620 2937/12/4618
f  2937/12/4618 2939/102/4620 2940/103/4621
f  2937/12/4618 2940/103/4621 2938/13/4619
f  2938/13/4619 2940/103/4621 2941/104/4622
f  2939/102/4620 2942/17/4623 2940/103/4621
f  2940/103/4621 2942/17/4623 2941/104/4622
f  2943/8/4624 2946/96/4625 2944/10/4626
f  2944/10/4626 2946/96/4625 2947/97/4627
f  2944/10/4626 2947/97/4627 2945/4/4628
f  2945/4/4628 2947/97/4627 2948/98/4629
f  2946/96/4625 2949/9/4630 2947/97/4627
f  2947/97/4627 2949/9/4630 2950/5/4631
f  2947/97/4627 2950/5/4631 2948/98/4629
f  2948/98/4629 2950/5/4631 2951/6/4632
f  2949/9/4630 2952/99/4633 2950/5/4631
f  2950/5/4631 2952/99/4633 2953/100/4634
f  2950/5/4631 2953/100/4634 2951/6/4632
f  2951/6/4632 2953/100/4634 2954/101/4635
f  2952/99/4633 2955/15/4636 2953/100/4634
f  2953/100/4634 2955/15/4636 2956/12/4637
f  2953/100/4634 2956/12/4637 2954/101/4635
f  2954/101/4635 2956/12/4637 2957/13/4638
f  2955/15/4636 2958/102/4639 2956/12/4637
f  2956/12/4637 2958/102/4639 2959/103/4640
f  2956/12/4637 2959/103/4640 2957/13/4638
f  2957/13/4638 2959/103/4640 2960/104/4641
f  2958/102/4639 2961/17/4642 2959/103/4640
f  2959/103/4640 2961/17/4642 2960/104/4641
f  2962/8/4643 2965/96/4644 2963/10/4645
f  2963/10/4645 2965/96/4644 2966/97/4646
f  2963/10/4645 2966/97/4646 2964/4/4647
f  2964/4/4647 2966/97/4646 2967/98/4648
f  2965/96/4644 2968/9/4649 2966/97/4646
f  2966/97/4646 2968/9/4649 2969/5/4650
f  2966/97/4646 2969/5/4650 2967/98/4648
f  2967/98/4648 2969/5/4650 2970/6/4651
f  2968/9/4649 2971/99/4652 2969/5/4650
f  2969/5/4650 2971/99/4652 2972/100/4653
f  2969/5/4650 2972/100/4653 2970/6/4651
f  2970/6/4651 2972/100/4653 2973/101/4654
f  2971/99/4652 2974/15/4655 2972/100/4653
f  2972/100/4653 2974/15/4655 2975/12/4656
f  2972/100/4653 2975/12/4656 2973/101/4654
f  2973/101/4654 2975/12/4656 2976/13/4657
f  2974/15/4655 2977/102/4658 2975/12/4656
f  2975/12/4656 2977/102/4658 2978/103/4659
f  2975/12/4656 2978/103/4659 2976/13/4657
f  2976/13/4657 2978/103/4659 2979/104/4660
f  2977/102/4658 2980/17/4661 2978/103/4659
f  2978/103/4659 2980/17/4661 2979/104/4660
f  2981/8/4662 2984/96/4663 2982/10/4664
f  2982/10/4664 2984/96/4663 2985/97/4665
f  2982/10/4664 2985/97/4665 2983/4/4666
f  2983/4/4666 2985/97/4665 2986/98/4667
f  2984/96/4663 2987/9/4668 2985/97/4665
f  2985/97/4665 2987/9/4668 2988/5/4669
f  2985/97/4665 2988/5/4669 2986/98/4667
f  2986/98/4667 2988/5/4669 2989/6/4670
f  2987/9/4668 2990/99/4671 2988/5/4669
f  2988/5/4669 2990/99/4671 2991/100/4672
f  2988/5/4669 2991/100/4672 2989/6/4670
f  2989/6/4670 2991/100/4672 2992/101/4673
f  2990/99/4671 2993/15/4674 2991/100/4672
f  2991/100/4672 2993/15/4674 2994/12/4675
f  2991/100/4672 2994/12/4675 2992/101/4673
f  2992/101/4673 2994/12/4675 2995/13/4676
f  2993/15/4674 2996/102/4677 2994/12/4675
f  2994/12/4675 2996/102/4677 2997/103/4678
f  2994/12/4675 2997/103/4678 2995/13/4676
f  2995/13/4676 2997/103/4678 2998/104/4679
f  2996/102/4677 2999/17/4680 2997/103/4678
f  2997/103/4678 2999/17/4680 2998/104/4679
f  3000/8/4681 3003/96/4682 3001/10/4683
f  3001/10/4683 3003/96/4682 3004/97/4684
f  3001/10/4683 3004/97/4684 3002/4/4685
f  3002/4/4685 3004/97/4684 3005/98/4686
f  3003/96/4682 3006/9/4687 3004/97/4684
f  3004/97/4684 3006/9/4687 3007/5/4688
f  3004/97/4684 3007/5/4688 3005/98/4686
f  3005/98/4686 3007/5/4688 3008/6/4689
f  3006/9/4687 3009/99/4690 3007/5/4688
f  3007/5/4688 3009/99/4690 3010/100/4691
f  3007/5/4688 3010/100/4691 3008/6/4689
f  3008/6/4689 3010/100/4691 3011/101/4692
f  3009/99/4690 3012/15/4693 3010/100/4691
f  3010/100/4691 3012/15/4693 3013/12/4694
f  3010/100/4691 3013/12/4694 3011/101/4692
f  3011/101/4692 3013/12/4694 3014/13/4695
f  3012/15/4693 3015/102/4696 3013/12/4694
f  3013/12/4694 3015/102/4696 3016/103/4697
f  3013/12/4694 3016/103/4697 3014/13/4695
f  3014/13/4695 3016/103/4697 3017/104/4698
f  3015/102/4696 3018/17/4699 3016/103/4697
f  3016/103/4697 3018/17/4699 3017/104/4698
f  3019/8/4700 3022/96/4701 3020/10/4702
f  3020/10/4702 3022/96/4701 3023/97/4703
f  3020/10/4702 3023/97/4703 3021/4/4704
f  3021/4/4704 3023/97/4703 3024/98/4705
f  3022/96/4701 3025/9/4706 3023/97/4703
f  3023/97/4703 3025/9/4706 3026/5/4707
f  3023/97/4703 3026/5/4707 3024/98/4705
f  3024/98/4705 3026/5/4707 3027/6/4708
f  3025/9/4706 3028/99/4709 3026/5/4707
f  3026/5/4707 3028/99/4709 3029/100/4710
f  3026/5/4707 3029/100/4710 3027/6/4708
f  3027/6/4708 3029/100/4710 3030/101/4711
f  3028/99/4709 3031/15/4712 3029/100/4710
f  3029/100/4710 3031/15/4712 3032/12/4713
f  3029/100/4710 3032/12/4713 3030/101/4711
f  3030/101/4711 3032/12/4713 3033/13/4714
f  3031/15/4712 3034/102/4715 3032/12/4713
f  3032/12/4713 3034/102/4715 3035/103/4716
f  3032/12/4713 3035/103/4716 3033/13/4714
f  3033/13/4714 3035/103/4716 3036/104/4717
f  3034/102/4715 3037/17/4718 3035/103/4716
f  3035/103/4716 3037/17/4718 3036/104/4717
f  3038/8/4719 3041/96/4720 3039/10/4721
f  3039/10/4721 3041/96/4720 3042/97/4722
f  3039/10/4721 3042/97/4722 3040/4/4723
f  3040/4/4723 3042/97/4722 3043/98/4724
f  3041/96/4720 3044/9/4725 3042/97/4722
f  3042/97/4722 3044/9/4725 3045/5/4726
f  3042/97/4722 3045/5/4726 3043/98/4724
f  3043/98/4724 3045/5/4726 3046/6/4727
f  3044/9/4725 3047/99/4728 3045/5/4726
f  3045/5/4726 3047/99/4728 3048/100/4729
f  3045/5/4726 3048/100/4729 3046/6/4727
f  3046/6/4727 3048/100/4729 3049/101/4730
f  3047/99/4728 3050/15/4731 3048/100/4729
f  3048/100/4729 3050/15/4731 3051/12/4732
f  3048/100/4729 3051/12/4732 3049/101/4730
f  3049/101/4730 3051/12/4732 3052/13/4733
f  3050/15/4731 3053/102/4734 3051/12/4732
f  3051/12/4732 3053/102/4734 3054/103/4735
f  3051/12/4732 3054/103/4735 3052/13/4733
f  3052/13/4733 3054/103/4735 3055/104/4736
f  3053/102/4734 3056/17/4737 3054/103/4735
f  3054/103/4735 3056/17/4737 3055/104/4736
f  3057/8/4738 3060/96/4739 3058/10/4740
f  3058/10/4740 3060/96/4739 3061/97/4741
f  3058/10/4740 3061/97/4741 3059/4/4742
f  3059/4/4742 3061/97/4741 3062/98/4743
f  3060/96/4739 3063/9/4744 3061/97/4741
f  3061/97/4741 3063/9/4744 3064/5/4745
f  3061/97/4741 3064/5/4745 3062/98/4743
f  3062/98/4743 3064/5/4745 3065/6/4746
f  3063/9/4744 3066/99/4747 3064/5/4745
f  3064/5/4745 3066/99/4747 3067/100/4748
f  3064/5/4745 3067/100/4748 3065/6/4746
f  3065/6/4746 3067/100/4748 3068/101/4749
f  3066/99/4747 3069/15/4750 3067/100/4748
f  3067/100/4748 3069/15/4750 3070/12/4751
f  3067/100/4748 3070/12/4751 3068/101/4749
f  3068/101/4749 3070/12/4751 3071/13/4752
f  3069/15/4750 3072/102/4753 3070/12/4751
f  3070/12/4751 3072/102/4753 3073/103/4754
f  3070/12/4751 3073/103/4754 3071/13/4752
f  3071/13/4752 3073/103/4754 3074/104/4755
f  3072/102/4753 3075/17/4756 3073/103/4754
f  3073/103/4754 3075/17/4756 3074/104/4755
f  3076/8/4757 3079/96/4758 3077/10/4759
f  3077/10/4759 3079/96/4758 3080/97/4760
f  3077/10/4759 3080/97/4760 3078/4/4761
f  3078/4/4761 3080/97/4760 3081/98/4762
f  3079/96/4758 3082/9/4763 3080/97/4760
f  3080/97/4760 3082/9/4763 3083/5/4764
f  3080/97/4760 3083/5/4764 3081/98/4762
f  3081/98/4762 3083/5/4764 3084/6/4765
f  3082/9/4763 3085/99/4766 3083/5/4764
f  3083/5/4764 3085/99/4766 3086/100/4767
f  3083/5/4764 3086/100/4767 3084/6/4765
f  3084/6/4765 3086/100/4767 3087/101/4768
f  3085/99/4766 3088/15/4769 3086/100/4767
f  3086/100/4767 3088/15/4769 3089/12/4770
f  3086/100/4767 3089/12/4770 3087/101/4768
f  3087/101/4768 3089/12/4770 3090/13/4771
f  3088/15/4769 3091/102/4772 3089/12/4770
f  3089/12/4770 3091/102/4772 3092/103/4773
f  3089/12/4770 3092/103/4773 3090/13/4771
f  3090/13/4771 3092/103/4773 3093/104/4774
f  3091/102/4772 3094/17/4775 3092/103/4773
f  3092/103/4773 3094/17/4775 3093/104/4774
f  3095/8/4776 3098/96/4777 3096/10/4778
f  3096/10/4778 3098/96/4777 3099/97/4779
f  3096/10/4778 3099/97/4779 3097/4/4780
f  3097/4/4780 3099/97/4779 3100/98/4781
f  3098/96/4777 3101/9/4782 3099/97/4779
f  3099/97/4779 3101/9/4782 3102/5/4783
f  3099/97/4779 3102/5/4783 3100/98/4781
f  3100/98/4781 3102/5/4783 3103/6/4784
f  3101/9/4782 3104/99/4785 3102/5/4783
f  3102/5/4783 3104/99/4785 3105/100/4786
f  3102/5/4783 3105/100/4786 3103/6/4784
f  3103/6/4784 3105/100/4786 3106/101/4787
f  3104/99/4785 3107/15/4788 3105/100/4786
f  3105/100/4786 3107/15/4788 3108/12/4789
f  3105/100/4786 3108/12/4789 3106/101/4787
f  3106/101/4787 3108/12/4789 3109/13/4790
f  3107/15/4788 3110/102/4791 3108/12/4789
f  3108/12/4789 3110/102/4791 3111/103/4792
f  3108/12/4789 3111/103/4792 3109/13/4790
f  3109/13/4790 3111/103/4792 3112/104/4793
f  3110/102/4791 3113/17/4794 3111/103/4792
f  3111/103/4792 3113/17/4794 3112/104/4793
f  3114/8/4795 3117/96/4796 3115/10/4797
f  3115/10/4797 3117/96/4796 3118/97/4798
f  3115/10/4797 3118/97/4798 3116/4/4799
f  3116/4/4799 3118/97/4798 3119/98/4800
f  3117/96/4796 3120/9/4801 3118/97/4798
f  3118/97/4798 3120/9/4801 3121/5/4802
f  3118/97/4798 3121/5/4802 3119/98/4800
f  3119/98/4800 3121/5/4802 3122/6/4803
f  3120/9/4801 3123/99/4804 3121/5/4802
f  3121/5/4802 3123/99/4804 3124/100/4805
f  3121/5/4802 3124/100/4805 3122/6/4803
f  3122/6/4803 3124/100/4805 3125/101/4806
f  3123/99/4804 3126/15/4807 3124/100/4805
f  3124/100/4805 3126/15/4807 3127/12/4808
f  3124/100/4805 3127/12/4808 3125/101/4806
f  3125/101/4806 3127/12/4808 3128/13/4809
f  3126/15/4807 3129/102/4810 3127/12/4808
f  3127/12/4808 3129/102/4810 3130/103/4811
f  3127/12/4808 3130/103/4811 3128/13/4809
f  3128/13/4809 3130/103/4811 3131/104/4812
f  3129/102/4810 3132/17/4813 3130/103/4811
f  3130/103/4811 3132/17/4813 3131/104/4812
f  3133/8/4814 3136/96/4815 3134/10/4816
f  3134/10/4816 3136/96/4815 3137/97/4817
f  3134/10/4816 3137/97/4817 3135/4/4818
f  3135/4/4818 3137/97/4817 3138/98/4819
f  3136/96/4815 3139/9/4820 3137/97/4817
f  3137/97/4817 3139/9/4820 3140/5/4821
f  3137/97/4817 3140/5/4821 3138/98/4819
f  3138/98/4819 3140/5/4821 3141/6/4822
f  3139/9/4820 3142/99/4823 3140/5/4821
f  3140/5/4821 3142/99/4823 3143/100/4824
f  3140/5/4821 3143/100/4824 3141/6/4822
f  3141/6/4822 3143/100/4824 3144/101/4825
f  3142/99/4823 3145/15/4826 3143/100/4824
f  3143/100/4824 3145/15/4826 3146/12/4827
f  3143/100/4824 3146/12/4827 3144/101/4825
f  3144/101/4825 3146/12/4827 3147/13/4828
f  3145/15/4826 3148/102/4829 3146/12/4827
f  3146/12/4827 3148/102/4829 3149/103/4830
f  3146/12/4827 3149/103/4830 3147/13/4828
f  3147/13/4828 3149/103/4830 3150/104/4831
f  3148/102/4829 3151/17/4832 3149/103/4830
f  3149/103/4830 3151/17/4832 3150/104/4831
f  3152/8/4833 3155/96/4834 3153/10/4835
f  3153/10/4835 3155/96/4834 3156/97/4836
f  3153/10/4835 3156/97/4836 3154/4/4837
f  3154/4/4837 3156/97/4836 3157/98/4838
f  3155/96/4834 3158/9/4839 3156/97/4836
f  3156/97/4836 3158/9/4839 3159/5/4840
f  3156/97/4836 3159/5/4840 3157/98/4838
f  3157/98/4838 3159/5/4840 3160/6/4841
f  3158/9/4839 3161/99/4842 3159/5/4840
f  3159/5/4840 3161/99/4842 3162/100/4843
f  3159/5/4840 3162/100/4843 3160/6/4841
f  3160/6/4841 3162/100/4843 3163/101/4844
f  3161/99/4842 3164/15/4845 3162/100/4843
f  3162/100/4843 3164/15/4845 3165/12/4846
f  3162/100/4843 3165/12/4846 3163/101/4844
f  3163/101/4844 3165/12/4846 3166/13/4847
f  3164/15/4845 3167/102/4848 3165/12/4846
f  3165/12/4846 3167/102/4848 3168/103/4849
f  3165/12/4846 3168/103/4849 3166/13/4847
f  3166/13/4847 3168/103/4849 3169/104/4850
f  3167/102/4848 3170/17/4851 3168/103/4849
f  3168/103/4849 3170/17/4851 3169/104/4850
f  3171/8/4852 3174/96/4853 3172/10/4854
f  3172/10/4854 3174/96/4853 3175/97/4855
f  3172/10/4854 3175/97/4855 3173/4/4856
f  3173/4/4856 3175/97/4855 3176/98/4857
f  3174/96/4853 3177/9/4858 3175/97/4855
f  3175/97/4855 3177/9/4858 3178/5/4859
f  3175/97/4855 3178/5/4859 3176/98/4857
f  3176/98/4857 3178/5/4859 3179/6/4860
f  3177/9/4858 3180/99/4861 3178/5/4859
f  3178/5/4859 3180/99/4861 3181/100/4862
f  3178/5/4859 3181/100/4862 3179/6/4860
f  3179/6/4860 3181/100/4862 3182/101/4863
f  3180/99/4861 3183/15/4864 3181/100/4862
f  3181/100/4862 3183/15/4864 3184/12/4865
f  3181/100/4862 3184/12/4865 3182/101/4863
f  3182/101/4863 3184/12/4865 3185/13/4866
f  3183/15/4864 3186/102/4867 3184/12/4865
f  3184/12/4865 3186/102/4867 3187/103/4868
f  3184/12/4865 3187/103/4868 3185/13/4866
f  3185/13/4866 3187/103/4868 3188/104/4869
f  3186/102/4867 3189/17/4870 3187/103/4868
f  3187/103/4868 3189/17/4870 3188/104/4869
f  3190/8/4871 3193/96/4872 3191/10/4873
f  3191/10/4873 3193/96/4872 3194/97/4874
f  3191/10/4873 3194/97/4874 3192/4/4875
f  3192/4/4875 3194/97/4874 3195/98/4876
f  3193/96/4872 3196/9/4877 3194/97/4874
f  3194/97/4874 3196/9/4877 3197/5/4878
f  3194/97/4874 3197/5/4878 3195/98/4876
f  3195/98/4876 3197/5/4878 3198/6/4879
f  3196/9/4877 3199/99/4880 3197/5/4878
f  3197/5/4878 3199/99/4880 3200/100/4881
f  3197/5/4878 3200/100/4881 3198/6/4879
f  3198/6/4879 3200/100/4881 3201/101/4882
f  3199/99/4880 3202/15/4883 3200/100/4881
f  3200/100/4881 3202/15/4883 3203/12/4884
f  3200/100/4881 3203/12/4884 3201/101/4882
f  3201/101/4882 3203/12/4884 3204/13/4885
f  3202/15/4883 3205/102/4886 3203/12/4884
f  3203/12/4884 3205/102/4886 3206/103/4887
f  3203/12/4884 3206/103/4887 3204/13/4885
f  3204/13/4885 3206/103/4887 3207/104/4888
f  3205/102/4886 3208/17/4889 3206/103/4887
f  3206/103/4887 3208/17/4889 3207/104/4888
f  3209/8/4890 3212/96/4891 3210/10/4892
f  3210/10/4892 3212/96/4891 3213/97/4893
f  3210/10/4892 3213/97/4893 3211/4/4894
f  3211/4/4894 3213/97/4893 3214/98/4895
f  3212/96/4891 3215/9/4896 3213/97/4893
f  3213/97/4893 3215/9/4896 3216/5/4897
f  3213/97/4893 3216/5/4897 3214/98/4895
f  3214/98/4895 3216/5/4897 3217/6/4898
f  3215/9/4896 3218/99/4899 3216/5/4897
f  3216/5/4897 3218/99/4899 3219/100/4900
f  3216/5/4897 3219/100/4900 3217/6/4898
f  3217/6/4898 3219/100/4900 3220/101/4901
f  3218/99/4899 3221/15/4902 3219/100/4900
f  3219/100/4900 3221/15/4902 3222/12/4903
f  3219/100/4900 3222/12/4903 3220/101/4901
f  3220/101/4901 3222/12/4903 3223/13/4904
f  3221/15/4902 3224/102/4905 3222/12/4903
f  3222/12/4903 3224/102/4905 3225/103/4906
f  3222/12/4903 3225/103/4906 3223/13/4904
f  3223/13/4904 3225/103/4906 3226/104/4907
f  3224/102/4905 3227/17/4908 3225/103/4906
f  3225/103/4906 3227/17/4908 3226/104/4907
f  3228/8/4909 3231/96/4910 3229/10/4911
f  3229/10/4911 3231/96/4910 3232/97/4912
f  3229/10/4911 3232/97/4912 3230/4/4913
f  3230/4/4913 3232/97/4912 3233/98/4914
f  3231/96/4910 3234/9/4915 3232/97/4912
f  3232/97/4912 3234/9/4915 3235/5/4916
f  3232/97/4912 3235/5/4916 3233/98/4914
f  3233/98/4914 3235/5/4916 3236/6/4917
f  3234/9/4915 3237/99/4918 3235/5/4916
f  3235/5/4916 3237/99/4918 3238/100/4919
f  3235/5/4916 3238/100/4919 3236/6/4917
f  3236/6/4917 3238/100/4919 3239/101/4920
f  3237/99/4918 3240/15/4921 3238/100/4919
f  3238/100/4919 3240/15/4921 3241/12/4922
f  3238/100/4919 3241/12/4922 3239/101/4920
f  3239/101/4920 3241/12/4922 3242/13/4923
f  3240/15/4921 3243/102/4924 3241/12/4922
f  3241/12/4922 3243/102/4924 3244/103/4925
f  3241/12/4922 3244/103/4925 3242/13/4923
f  3242/13/4923 3244/103/4925 3245/104/4926
f  3243/102/4924 3246/17/4927 3244/103/4925
f  3244/103/4925 3246/17/4927 3245/104/4926
f  3247/8/4928 3250/96/4929 3248/10/4930
f  3248/10/4930 3250/96/4929 3251/97/4931
f  3248/10/4930 3251/97/4931 3249/4/4932
f  3249/4/4932 3251/97/4931 3252/98/4933
f  3250/96/4929 3253/9/4934 3251/97/4931
f  3251/97/4931 3253/9/4934 3254/5/4935
f  3251/97/4931 3254/5/4935 3252/98/4933
f  3252/98/4933 3254/5/4935 3255/6/4936
f  3253/9/4934 3256/99/4937 3254/5/4935
f  3254/5/4935 3256/99/4937 3257/100/4938
f  3254/5/4935 3257/100/4938 3255/6/4936
f  3255/6/4936 3257/100/4938 3258/101/4939
f  3256/99/4937 3259/15/4940 3257/100/4938
f  3257/100/4938 3259/15/4940 3260/12/4941
f  3257/100/4938 3260/12/4941 3258/101/4939
f  3258/101/4939 3260/12/4941 3261/13/4942
f  3259/15/4940 3262/102/4943 3260/12/4941
f  3260/12/4941 3262/102/4943 3263/103/4944
f  3260/12/4941 3263/103/4944 3261/13/4942
f  3261/13/4942 3263/103/4944 3264/104/4945
f  3262/102/4943 3265/17/4946 3263/103/4944
f  3263/103/4944 3265/17/4946 3264/104/4945
f  3266/8/4947 3269/96/4948 3267/10/4949
f  3267/10/4949 3269/96/4948 3270/97/4950
f  3267/10/4949 3270/97/4950 3268/4/4951
f  3268/4/4951 3270/97/4950 3271/98/4952
f  3269/96/4948 3272/9/4953 3270/97/4950
f  3270/97/4950 3272/9/4953 3273/5/4954
f  3270/97/4950 3273/5/4954 3271/98/4952
f  3271/98/4952 3273/5/4954 3274/6/4955
f  3272/9/4953 3275/99/4956 3273/5/4954
f  3273/5/4954 3275/99/4956 3276/100/4957
f  3273/5/4954 3276/100/4957 3274/6/4955
f  3274/6/4955 3276/100/4957 3277/101/4958
f  3275/99/4956 3278/15/4959 3276/100/4957
f  3276/100/4957 3278/15/4959 3279/12/4960
f  3276/100/4957 3279/12/4960 3277/101/4958
f  3277/101/4958 3279/12/4960 3280/13/4961
f  3278/15/4959 3281/102/4962 3279/12/4960
f  3279/12/4960 3281/102/4962 3282/103/4963
f  3279/12/4960 3282/103/4963 3280/13/4961
f  3280/13/4961 3282/103/4963 3283/104/4964
f  3281/102/4962 3284/17/4965 3282/103/4963
f  3282/103/4963 3284/17/4965 3283/104/4964
f  3285/8/4966 3288/96/4967 3286/10/4968
f  3286/10/4968 3288/96/4967 3289/97/4969
f  3286/10/4968 3289/97/4969 3287/4/4970
f  3287/4/4970 3289/97/4969 3290/98/4971
f  3288/96/4967 3291/9/4972 3289/97/4969
f  3289/97/4969 3291/9/4972 3292/5/4973
f  3289/97/4969 3292/5/4973 3290/98/4971
f  3290/98/4971 3292/5/4973 3293/6/4974
f  3291/9/4972 3294/99/4975 3292/5/4973
f  3292/5/4973 3294/99/4975 3295/100/4976
f  3292/5/4973 3295/100/4976 3293/6/4974
f  3293/6/4974 3295/100/4976 3296/101/4977
f  3294/99/4975 3297/15/4978 3295/100/4976
f  3295/100/4976 3297/15/4978 3298/12/4979
f  3295/100/4976 3298/12/4979 3296/101/4977
f  3296/101/4977 3298/12/4979 3299/13/4980
f  3297/15/4978 3300/102/4981 3298/12/4979
f  3298/12/4979 3300/102/4981 3301/103/4982
f  3298/12/4979 3301/103/4982 3299/13/4980
f  3299/13/4980 3301/103/4982 3302/104/4983
f  3300/102/4981 3303/17/4984 3301/103/4982
f  3301/103/4982 3303/17/4984 3302/104/4983
f  3304/8/4985 3307/96/4986 3305/10/4987
f  3305/10/4987 3307/96/4986 3308/97/4988
f  3305/10/4987 3308/97/4988 3306/4/4989
f  3306/4/4989 3308/97/4988 3309/98/4990
f  3307/96/4986 3310/9/4991 3308/97/4988
f  3308/97/4988 3310/9/4991 3311/5/4992
f  3308/97/4988 3311/5/4992 3309/98/4990
f  3309/98/4990 3311/5/4992 3312/6/4993
f  3310/9/4991 3313/99/4994 3311/5/4992
f  3311/5/4992 3313/99/4994 3314/100/4995
f  3311/5/4992 3314/100/4995 3312/6/4993
f  3312/6/4993 3314/100/4995 3315/101/4996
f  3313/99/4994 3316/15/4997 3314/100/4995
f  3314/100/4995 3316/15/4997 3317/12/4998
f  3314/100/4995 3317/12/4998 3315/101/4996
f  3315/101/4996 3317/12/4998 3318/13/4999
f  3316/15/4997 3319/102/5000 3317/12/4998
f  3317/12/4998 3319/102/5000 3320/103/5001
f  3317/12/4998 3320/103/5001 3318/13/4999
f  3318/13/4999 3320/103/5001 3321/104/5002
f  3319/102/5000 3322/17/5003 3320/103/5001
f  3320/103/5001 3322/17/5003 3321/104/5002
f  3323/8/5004 3326/96/5005 3324/10/5006
f  3324/10/5006 3326/96/5005 3327/97/5007
f  3324/10/5006 3327/97/5007 3325/4/5008
f  3325/4/5008 3327/97/5007 3328/98/5009
f  3326/96/5005 3329/9/5010 3327/97/5007
f  3327/97/5007 3329/9/5010 3330/5/5011
f  3327/97/5007 3330/5/5011 3328/98/5009
f  3328/98/5009 3330/5/5011 3331/6/5012
f  3329/9/5010 3332/99/5013 3330/5/5011
f  3330/5/5011 3332/99/5013 3333/100/5014
f  3330/5/5011 3333/100/5014 3331/6/5012
f  3331/6/5012 3333/100/5014 3334/101/5015
f  3332/99/5013 3335/15/5016 3333/100/5014
f  3333/100/5014 3335/15/5016 3336/12/5017
f  3333/100/5014 3336/12/5017 3334/101/5015
f  3334/101/5015 3336/12/5017 3337/13/5018
f  3335/15/5016 3338/102/5019 3336/12/5017
f  3336/12/5017 3338/102/5019 3339/103/5020
f  3336/12/5017 3339/103/5020 3337/13/5018
f  3337/13/5018 3339/103/5020 3340/104/5021
f  3338/102/5019 3341/17/5022 3339/103/5020
f  3339/103/5020 3341/17/5022 3340/104/5021
f  3342/8/5023 3345/96/5024 3343/10/5025
f  3343/10/5025 3345/96/5024 3346/97/5026
f  3343/10/5025 3346/97/5026 3344/4/5027
f  3344/4/5027 3346/97/5026 3347/98/5028
f  3345/96/5024 3348/9/5029 3346/97/5026
f  3346/97/5026 3348/9/5029 3349/5/5030
f  3346/97/5026 3349/5/5030 3347/98/5028
f  3347/98/5028 3349/5/5030 3350/6/5031
f  3348/9/5029 3351/99/5032 3349/5/5030
f  3349/5/5030 3351/99/5032 3352/100/5033
f  3349/5/5030 3352/100/5033 3350/6/5031
f  3350/6/5031 3352/100/5033 3353/101/5034
f  3351/99/5032 3354/15/5035 3352/100/5033
f  3352/100/5033 3354/15/5035 3355/12/5036
f  3352/100/5033 3355/12/5036 3353/101/5034
f  3353/101/5034 3355/12/5036 3356/13/5037
f  3354/15/5035 3357/102/5038 3355/12/5036
f  3355/12/5036 3357/102/5038 3358/103/5039
f  3355/12/5036 3358/103/5039 3356/13/5037
f  3356/13/5037 3358/103/5039 3359/104/5040
f  3357/102/5038 3360/17/5041 3358/103/5039
f  3358/103/5039 3360/17/5041 3359/104/5040
f  3361/8/5042 3364/96/5043 3362/10/5044
f  3362/10/5044 3364/96/5043 3365/97/5045
f  3362/10/5044 3365/97/5045 3363/4/5046
f  3363/4/5046 3365/97/5045 3366/98/5047
f  3364/96/5043 3367/9/5048 3365/97/5045
f  3365/97/5045 3367/9/5048 3368/5/5049
f  3365/97/5045 3368/5/5049 3366/98/5047
f  3366/98/5047 3368/5/5049 3369/6/5050
f  3367/9/5048 3370/99/5051 3368/5/5049
f  3368/5/5049 3370/99/5051 3371/100/5052
f  3368/5/5049 3371/100/5052 3369/6/5050
f  3369/6/5050 3371/100/5052 3372/101/5053
f  3370/99/5051 3373/15/5054 3371/100/5052
f  3371/100/5052 3373/15/5054 3374/12/5055
f  3371/100/5052 3374/12/5055 3372/101/5053
f  3372/101/5053 3374/12/5055 3375/13/5056
f  3373/15/5054 3376/102/5057 3374/12/5055
f  3374/12/5055 3376/102/5057 3377/103/5058
f  3374/12/5055 3377/103/5058 3375/13/5056
f  3375/13/5056 3377/103/5058 3378/104/5059
f  3376/102/5057 3379/17/5060 3377/103/5058
f  3377/103/5058 3379/17/5060 3378/104/5059
f  3380/8/5061 3383/96/5062 3381/10/5063
f  3381/10/5063 3383/96/5062 3384/97/5064
f  3381/10/5063 3384/97/5064 3382/4/5065
f  3382/4/5065 3384/97/5064 3385/98/5066
f  3383/96/5062 3386/9/5067 3384/97/5064
f  3384/97/5064 3386/9/5067 3387/5/5068
f  3384/97/5064 3387/5/5068 3385/98/5066
f  3385/98/5066 3387/5/5068 3388/6/5069
f  3386/9/5067 3389/99/5070 3387/5/5068
f  3387/5/5068 3389/99/5070 3390/100/5071
f  3387/5/5068 3390/100/5071 3388/6/5069
f  3388/6/5069 3390/100/5071 3391/101/5072
f  3389/99/5070 3392/15/5073 3390/100/5071
f  3390/100/5071 3392/15/5073 3393/12/5074
f  3390/100/5071 3393/12/5074 3391/101/5072
f  3391/101/5072 3393/12/5074 3394/13/5075
f  3392/15/5073 3395/102/5076 3393/12/5074
f  3393/12/5074 3395/102/5076 3396/103/5077
f  3393/12/5074 3396/103/5077 3394/13/5075
f  3394/13/5075 3396/103/5077 3397/104/5078
f  3395/102/5076 3398/17/5079 3396/103/5077
f  3396/103/5077 3398/17/5079 3397/104/5078
f  3399/8/5080 3402/268/5081 3400/10/5082
f  3400/10/5082 3402/268/5081 3403/269/5083
f  3400/10/5084 3403/269/5085 3401/4/5086
f  3401/4/5086 3403/269/5085 3404/270/5087
f  3402/268/5081 3405/271/5088 3403/269/5083
f  3403/269/5083 3405/271/5088 3406/272/5089
f  3403/269/5085 3406/272/5090 3404/270/5087
f  3404/270/5087 3406/272/5090 3407/273/5091
f  3405/271/5088 3408/274/5092 3406/272/5089
f  3406/272/5089 3408/274/5092 3409/275/5093
f  3406/272/5090 3409/275/5093 3407/273/5091
f  3407/273/5091 3409/275/5093 3410/276/5094
f  3408/274/5095 3411/277/5096 3409/275/5093
f  3409/275/5093 3411/277/5096 3412/278/5097
f  3409/275/5093 3412/278/5097 3410/276/5094
f  3410/276/5094 3412/278/5097 3413/279/5098
f  3411/277/5096 3414/280/5099 3412/278/5097
f  3412/278/5097 3414/280/5099 3415/281/5100
f  3412/278/5097 3415/281/5100 3413/279/5098
f  3413/279/5098 3415/281/5100 3416/282/5101
f  3414/280/5099 3417/283/5102 3415/281/5100
f  3415/281/5100 3417/283/5102 3418/284/5103
f  3415/281/5100 3418/284/5103 3416/282/5101
f  3416/282/5101 3418/284/5103 3419/285/5104
f  3417/283/5102 3420/17/5105 3418/284/5103
f  3418/284/5103 3420/17/5106 3419/285/5104
f  3421/8/5107 3423/268/5108 3400/10/5109
f  3400/10/5109 3423/268/5108 3424/269/5110
f  3400/10/5082 3424/269/5110 3422/4/5111
f  3422/4/5111 3424/269/5110 3425/270/5112
f  3423/268/5108 3426/271/5113 3424/269/5110
f  3424/269/5110 3426/271/5113 3427/272/5114
f  3424/269/5110 3427/272/5115 3425/270/5112
f  3425/270/5112 3427/272/5115 3428/273/5116
f  3426/271/5113 3429/274/5117 3427/272/5114
f  3427/272/5114 3429/274/5117 3430/275/5118
f  3427/272/5115 3430/275/5118 3428/273/5116
f  3428/273/5116 3430/275/5118 3431/276/5119
f  3429/274/5117 3432/277/5120 3430/275/5118
f  3430/275/5118 3432/277/5120 3433/278/5121
f  3430/275/5118 3433/278/5121 3431/276/5119
f  3431/276/5119 3433/278/5121 3434/279/5122
f  3432/277/5120 3435/280/5123 3433/278/5121
f  3433/278/5121 3435/280/5123 3436/281/5124
f  3433/278/5121 3436/281/5124 3434/279/5122
f  3434/279/5122 3436/281/5124 3437/282/5125
f  3435/280/5123 3438/283/5126 3436/281/5124
f  3436/281/5124 3438/283/5126 3439/284/5127
f  3436/281/5124 3439/284/5127 3437/282/5125
f  3437/282/5125 3439/284/5127 3440/285/5128
f  3438/283/5126 3441/17/5129 3439/284/5127
f  3439/284/5127 3441/17/5130 3440/285/5128
f  3442/8/5131 3444/268/5132 3400/10/5084
f  3400/10/5084 3444/268/5132 3445/269/5133
f  3400/10/5109 3445/269/5134 3443/4/5135
f  3443/4/5135 3445/269/5134 3446/270/5136
f  3444/268/5132 3447/271/5137 3445/269/5133
f  3445/269/5133 3447/271/5137 3448/272/5138
f  3445/269/5134 3448/272/5139 3446/270/5136
f  3446/270/5136 3448/272/5139 3449/273/5140
f  3447/271/5137 3450/274/5141 3448/272/5138
f  3448/272/5138 3450/274/5141 3451/275/5142
f  3448/272/5139 3451/275/5142 3449/273/5140
f  3449/273/5140 3451/275/5142 3452/276/5143
f  3450/274/5141 3453/277/5144 3451/275/5142
f  3451/275/5142 3453/277/5144 3454/278/5145
f  3451/275/5142 3454/278/5146 3452/276/5143
f  3452/276/5143 3454/278/5146 3455/279/5147
f  3453/277/5144 3456/280/5148 3454/278/5145
f  3454/278/5145 3456/280/5148 3457/281/5149
f  3454/278/5146 3457/281/5149 3455/279/5147
f  3455/279/5147 3457/281/5149 3458/282/5150
f  3456/280/5148 3459/283/5151 3457/281/5149
f  3457/281/5149 3459/283/5151 3460/284/5152
f  3457/281/5149 3460/284/5152 3458/282/5150
f  3458/282/5150 3460/284/5152 3461/285/5153
f  3459/283/5151 3462/17/5154 3460/284/5152
f  3460/284/5152 3462/17/5155 3461/285/5153
f  3463/8/5156 3465/268/5157 3400/10/5082
f  3400/10/5082 3465/268/5157 3466/269/5158
f  3400/10/5082 3466/269/5159 3464/4/5160
f  3464/4/5160 3466/269/5159 3467/270/5161
f  3465/268/5157 3468/271/5162 3466/269/5158
f  3466/269/5158 3468/271/5162 3469/272/5163
f  3466/269/5159 3469/272/5163 3467/270/5161
f  3467/270/5164 3469/272/5163 3470/273/5165
f  3468/271/5162 3471/274/5166 3469/272/5163
f  3469/272/5163 3471/274/5166 3472/275/5167
f  3469/272/5163 3472/275/5167 3470/273/5165
f  3470/273/5165 3472/275/5167 3473/276/5168
f  3471/274/5166 3474/277/5169 3472/275/5167
f  3472/275/5167 3474/277/5169 3475/278/5170
f  3472/275/5167 3475/278/5171 3473/276/5168
f  3473/276/5168 3475/278/5171 3476/279/5172
f  3474/277/5169 3477/280/5173 3475/278/5170
f  3475/278/5170 3477/280/5173 3478/281/5174
f  3475/278/5171 3478/281/5174 3476/279/5172
f  3476/279/5172 3478/281/5174 3479/282/5175
f  3477/280/5173 3480/283/5176 3478/281/5174
f  3478/281/5174 3480/283/5176 3481/284/5177
f  3478/281/5174 3481/284/5177 3479/282/5175
f  3479/282/5175 3481/284/5177 3482/285/5178
f  3480/283/5176 3483/17/5179 3481/284/5177
f  3481/284/5177 3483/17/5180 3482/285/5180
f  3484/8/5181 3486/268/5182 3400/10/5084
f  3400/10/5109 3486/268/5182 3487/269/5183
f  3400/10/5109 3487/269/5183 3485/4/5184
f  3485/4/5184 3487/269/5183 3488/270/5185
f  3486/268/5182 3489/271/5186 3487/269/5183
f  3487/269/5183 3489/271/5186 3490/272/5187
f  3487/269/5183 3490/272/5187 3488/270/5185
f  3488/270/5185 3490/272/5187 3491/273/5188
f  3489/271/5186 3492/274/5189 3490/272/5187
f  3490/272/5187 3492/274/5189 3493/275/5190
f  3490/272/5187 3493/275/5190 3491/273/5188
f  3491/273/5188 3493/275/5190 3494/276/5191
f  3492/274/5189 3495/277/5192 3493/275/5190
f  3493/275/5190 3495/277/5192 3496/278/5193
f  3493/275/5190 3496/278/5194 3494/276/5191
f  3494/276/5191 3496/278/5194 3497/279/5195
f  3495/277/5196 3498/280/5197 3496/278/5196
f  3496/278/5194 3498/280/5197 3499/281/5198
f  3496/278/5194 3499/281/5198 3497/279/5195
f  3497/279/5195 3499/281/5198 3500/282/5199
f  3498/280/5197 3501/283/5200 3499/281/5198
f  3499/281/5198 3501/283/5201 3502/284/5202
f  3499/281/5198 3502/284/5202 3500/282/5199
f  3500/282/5199 3502/284/5202 3503/285/5203
f  3501/283/5201 3504/17/5204 3502/284/5202
f  3502/284/5202 3504/17/5205 3503/285/5203
f  3505/8/5206 3507/268/5207 3400/10/5082
f  3400/10/5082 3507/268/5207 3508/269/5208
f  3400/10/5084 3508/269/5209 3506/4/5210
f  3506/4/5210 3508/269/5209 3509/270/5211
f  3507/268/5207 3510/271/5212 3508/269/5208
f  3508/269/5208 3510/271/5212 3511/272/5213
f  3508/269/5209 3511/272/5214 3509/270/5211
f  3509/270/5211 3511/272/5214 3512/273/5215
f  3510/271/5212 3513/274/5216 3511/272/5213
f  3511/272/5213 3513/274/5216 3514/275/5217
f  3511/272/5214 3514/275/5218 3512/273/5215
f  3512/273/5215 3514/275/5218 3515/276/5219
f  3513/274/5216 3516/277/5220 3514/275/5217
f  3514/275/5217 3516/277/5220 3517/278/5221
f  3514/275/5218 3517/278/5221 3515/276/5219
f  3515/276/5219 3517/278/5221 3518/279/5222
f  3516/277/5220 3519/280/5223 3517/278/5221
f  3517/278/5221 3519/280/5223 3520/281/5224
f  3517/278/5221 3520/281/5224 3518/279/5222
f  3518/279/5222 3520/281/5224 3521/282/5225
f  3519/280/5223 3522/283/5226 3520/281/5224
f  3520/281/5224 3522/283/5226 3523/284/5227
f  3520/281/5224 3523/284/5227 3521/282/5225
f  3521/282/5225 3523/284/5227 3524/285/5228
f  3522/283/5226 3525/17/5229 3523/284/5227
f  3523/284/5227 3525/17/5230 3524/285/5228
f  3526/8/5231 3529/268/5232 3527/10/5233
f  3527/10/5233 3529/268/5232 3530/269/5234
f  3527/10/5235 3530/269/5236 3528/4/5237
f  3528/4/5237 3530/269/5236 3531/270/5238
f  3529/268/5232 3532/271/5239 3530/269/5234
f  3530/269/5234 3532/271/5239 3533/272/5240
f  3530/269/5236 3533/272/5241 3531/270/5238
f  3531/270/5238 3533/272/5241 3534/273/5242
f  3532/271/5239 3535/274/5243 3533/272/5240
f  3533/272/5240 3535/274/5243 3536/275/5244
f  3533/272/5241 3536/275/5244 3534/273/5242
f  3534/273/5242 3536/275/5244 3537/276/5245
f  3535/274/5243 3538/277/5246 3536/275/5244
f  3536/275/5244 3538/277/5246 3539/278/5247
f  3536/275/5244 3539/278/5247 3537/276/5245
f  3537/276/5245 3539/278/5247 3540/279/5248
f  3538/277/5246 3541/280/5249 3539/278/5247
f  3539/278/5247 3541/280/5249 3542/281/5250
f  3539/278/5247 3542/281/5250 3540/279/5248
f  3540/279/5248 3542/281/5250 3543/282/5251
f  3541/280/5249 3544/283/5252 3542/281/5250
f  3542/281/5250 3544/283/5252 3545/284/5253
f  3542/281/5250 3545/284/5253 3543/282/5251
f  3543/282/5251 3545/284/5253 3546/285/5254
f  3544/283/5252 3547/17/5255 3545/284/5253
f  3545/284/5253 3547/17/5256 3546/285/5254
f  3548/8/5257 3550/268/5258 3527/10/5235
f  3527/10/5235 3550/268/5258 3551/269/5259
f  3527/10/5235 3551/269/5260 3549/4/5261
f  3549/4/5261 3551/269/5260 3552/270/5262
f  3550/268/5258 3553/271/5263 3551/269/5259
f  3551/269/5259 3553/271/5263 3554/272/5264
f  3551/269/5260 3554/272/5265 3552/270/5262
f  3552/270/5262 3554/272/5265 3555/273/5266
f  3553/271/5263 3556/274/5267 3554/272/5264
f  3554/272/5264 3556/274/5267 3557/275/5268
f  3554/272/5265 3557/275/5268 3555/273/5266
f  3555/273/5266 3557/275/5268 3558/276/5269
f  3556/274/5267 3559/277/5270 3557/275/5268
f  3557/275/5268 3559/277/5270 3560/278/5271
f  3557/275/5268 3560/278/5271 3558/276/5269
f  3558/276/5269 3560/278/5271 3561/279/5272
f  3559/277/5270 3562/280/5273 3560/278/5271
f  3560/278/5271 3562/280/5273 3563/281/5274
f  3560/278/5271 3563/281/5274 3561/279/5272
f  3561/279/5272 3563/281/5274 3564/282/5275
f  3562/280/5273 3565/283/5276 3563/281/5274
f  3563/281/5274 3565/283/5276 3566/284/5277
f  3563/281/5274 3566/284/5277 3564/282/5275
f  3564/282/5275 3566/284/5277 3567/285/5278
f  3565/283/5276 3568/17/5279 3566/284/5277
f  3566/284/5277 3568/17/5280 3567/285/5278
f  3569/8/5281 3571/268/5282 3527/10/5235
f  3527/10/5233 3571/268/5282 3572/269/5283
f  3527/10/5235 3572/269/5284 3570/4/5285
f  3570/4/5285 3572/269/5284 3573/270/5286
f  3571/268/5282 3574/271/5287 3572/269/5283
f  3572/269/5283 3574/271/5287 3575/272/5288
f  3572/269/5284 3575/272/5289 3573/270/5286
f  3573/270/5286 3575/272/5289 3576/273/5290
f  3574/271/5287 3577/274/5291 3575/272/5288
f  3575/272/5288 3577/274/5291 3578/275/5292
f  3575/272/5289 3578/275/5292 3576/273/5290
f  3576/273/5290 3578/275/5292 3579/276/5293
f  3577/274/5291 3580/277/5294 3578/275/5292
f  3578/275/5292 3580/277/5294 3581/278/5295
f  3578/275/5292 3581/278/5296 3579/276/5293
f  3579/276/5293 3581/278/5296 3582/279/5297
f  3580/277/5294 3583/280/5298 3581/278/5295
f  3581/278/5295 3583/280/5298 3584/281/5299
f  3581/278/5296 3584/281/5299 3582/279/5297
f  3582/279/5297 3584/281/5299 3585/282/5300
f  3583/280/5298 3586/283/5301 3584/281/5299
f  3584/281/5299 3586/283/5301 3587/284/5302
f  3584/281/5299 3587/284/5302 3585/282/5300
f  3585/282/5300 3587/284/5302 3588/285/5303
f  3586/283/5301 3589/17/5304 3587/284/5302
f  3587/284/5302 3589/17/5305 3588/285/5303
f  3590/8/5306 3592/268/5307 3527/10/5235
f  3527/10/5235 3592/268/5307 3593/269/5308
f  3527/10/5233 3593/269/5309 3591/4/5310
f  3591/4/5310 3593/269/5309 3594/270/5311
f  3592/268/5307 3595/271/5312 3593/269/5308
f  3593/269/5308 3595/271/5312 3596/272/5313
f  3593/269/5309 3596/272/5313 3594/270/5311
f  3594/270/5314 3596/272/5313 3597/273/5315
f  3595/271/5312 3598/274/5316 3596/272/5313
f  3596/272/5313 3598/274/5316 3599/275/5317
f  3596/272/5313 3599/275/5317 3597/273/5315
f  3597/273/5315 3599/275/5317 3600/276/5318
f  3598/274/5316 3601/277/5319 3599/275/5317
f  3599/275/5317 3601/277/5319 3602/278/5320
f  3599/275/5317 3602/278/5321 3600/276/5318
f  3600/276/5318 3602/278/5321 3603/279/5322
f  3601/277/5319 3604/280/5323 3602/278/5320
f  3602/278/5320 3604/280/5323 3605/281/5324
f  3602/278/5321 3605/281/5324 3603/279/5322
f  3603/279/5322 3605/281/5324 3606/282/5325
f  3604/280/5323 3607/283/5326 3605/281/5324
f  3605/281/5324 3607/283/5326 3608/284/5327
f  3605/281/5324 3608/284/5327 3606/282/5325
f  3606/282/5325 3608/284/5327 3609/285/5328
f  3607/283/5326 3610/17/5329 3608/284/5327
f  3608/284/5327 3610/17/5330 3609/285/5330
f  3611/8/5331 3613/268/5332 3527/10/5235
f  3527/10/5235 3613/268/5332 3614/269/5333
f  3527/10/5235 3614/269/5333 3612/4/5334
f  3612/4/5334 3614/269/5333 3615/270/5335
f  3613/268/5332 3616/271/5336 3614/269/5333
f  3614/269/5333 3616/271/5336 3617/272/5337
f  3614/269/5333 3617/272/5337 3615/270/5335
f  3615/270/5335 3617/272/5337 3618/273/5338
f  3616/271/5336 3619/274/5339 3617/272/5337
f  3617/272/5337 3619/274/5339 3620/275/5340
f  3617/272/5337 3620/275/5340 3618/273/5338
f  3618/273/5338 3620/275/5340 3621/276/5341
f  3619/274/5339 3622/277/5342 3620/275/5340
f  3620/275/5340 3622/277/5342 3623/278/5343
f  3620/275/5340 3623/278/5344 3621/276/5341
f  3621/276/5341 3623/278/5344 3624/279/5345
f  3622/277/5346 3625/280/5347 3623/278/5346
f  3623/278/5344 3625/280/5347 3626/281/5348
f  3623/278/5344 3626/281/5348 3624/279/5345
f  3624/279/5345 3626/281/5348 3627/282/5349
f  3625/280/5347 3628/283/5350 3626/281/5348
f  3626/281/5348 3628/283/5350 3629/284/5351
f  3626/281/5348 3629/284/5351 3627/282/5349
f  3627/282/5349 3629/284/5351 3630/285/5352
f  3628/283/5350 3631/17/5353 3629/284/5351
f  3629/284/5351 3631/17/5354 3630/285/5352
f  3632/8/5355 3634/268/5356 3527/10/5233
f  3527/10/5233 3634/268/5356 3635/269/5357
f  3527/10/5235 3635/269/5358 3633/4/5359
f  3633/4/5359 3635/269/5358 3636/270/5360
f  3634/268/5356 3637/271/5361 3635/269/5357
f  3635/269/5357 3637/271/5361 3638/272/5362
f  3635/269/5358 3638/272/5363 3636/270/5360
f  3636/270/5360 3638/272/5363 3639/273/5364
f  3637/271/5361 3640/274/5365 3638/272/5362
f  3638/272/5362 3640/274/5365 3641/275/5366
f  3638/272/5363 3641/275/5367 3639/273/5364
f  3639/273/5364 3641/275/5367 3642/276/5368
f  3640/274/5365 3643/277/5369 3641/275/5366
f  3641/275/5366 3643/277/5369 3644/278/5370
f  3641/275/5367 3644/278/5370 3642/276/5368
f  3642/276/5368 3644/278/5370 3645/279/5371
f  3643/277/5369 3646/280/5372 3644/278/5370
f  3644/278/5370 3646/280/5372 3647/281/5373
f  3644/278/5370 3647/281/5373 3645/279/5371
f  3645/279/5371 3647/281/5373 3648/282/5374
f  3646/280/5372 3649/283/5375 3647/281/5373
f  3647/281/5373 3649/283/5375 3650/284/5376
f  3647/281/5373 3650/284/5376 3648/282/5374
f  3648/282/5374 3650/284/5376 3651/285/5377
f  3649/283/5375 3652/17/5378 3650/284/5376
f  3650/284/5376 3652/17/5379 3651/285/5377
f  3653/8/5380 3656/268/5381 3654/10/5382
f  3654/10/5382 3656/268/5381 3657/269/5383
f  3654/10/5384 3657/269/5385 3655/4/5386
f  3655/4/5386 3657/269/5385 3658/270/5387
f  3656/268/5381 3659/271/5388 3657/269/5383
f  3657/269/5383 3659/271/5388 3660/272/5389
f  3657/269/5385 3660/272/5390 3658/270/5387
f  3658/270/5387 3660/272/5390 3661/273/5391
f  3659/271/5388 3662/274/5392 3660/272/5389
f  3660/272/5389 3662/274/5392 3663/275/5393
f  3660/272/5390 3663/275/5393 3661/273/5391
f  3661/273/5391 3663/275/5393 3664/276/5394
f  3662/274/5392 3665/277/5395 3663/275/5393
f  3663/275/5393 3665/277/5395 3666/278/5396
f  3663/275/5393 3666/278/5396 3664/276/5394
f  3664/276/5394 3666/278/5396 3667/279/5397
f  3665/277/5395 3668/280/5398 3666/278/5396
f  3666/278/5396 3668/280/5398 3669/281/5399
f  3666/278/5396 3669/281/5399 3667/279/5397
f  3667/279/5397 3669/281/5399 3670/282/5400
f  3668/280/5398 3671/283/5401 3669/281/5399
f  3669/281/5399 3671/283/5401 3672/284/5402
f  3669/281/5399 3672/284/5402 3670/282/5400
f  3670/282/5400 3672/284/5402 3673/285/5403
f  3671/283/5401 3674/17/5404 3672/284/5402
f  3672/284/5402 3674/17/5405 3673/285/5403
f  3675/8/5406 3677/268/5407 3654/10/5384
f  3654/10/5384 3677/268/5407 3678/269/5408
f  3654/10/5382 3678/269/5409 3676/4/5410
f  3676/4/5410 3678/269/5409 3679/270/5411
f  3677/268/5407 3680/271/5412 3678/269/5408
f  3678/269/5408 3680/271/5412 3681/272/5413
f  3678/269/5409 3681/272/5414 3679/270/5411
f  3679/270/5411 3681/272/5414 3682/273/5415
f  3680/271/5412 3683/274/5416 3681/272/5413
f  3681/272/5413 3683/274/5416 3684/275/5417
f  3681/272/5414 3684/275/5417 3682/273/5415
f  3682/273/5415 3684/275/5417 3685/276/5418
f  3683/274/5416 3686/277/5419 3684/275/5417
f  3684/275/5417 3686/277/5419 3687/278/5420
f  3684/275/5417 3687/278/5420 3685/276/5418
f  3685/276/5418 3687/278/5420 3688/279/5421
f  3686/277/5419 3689/280/5422 3687/278/5420
f  3687/278/5420 3689/280/5422 3690/281/5423
f  3687/278/5420 3690/281/5423 3688/279/5421
f  3688/279/5421 3690/281/5423 3691/282/5424
f  3689/280/5422 3692/283/5425 3690/281/5423
f  3690/281/5423 3692/283/5425 3693/284/5426
f  3690/281/5423 3693/284/5426 3691/282/5424
f  3691/282/5424 3693/284/5426 3694/285/5427
f  3692/283/5425 3695/17/5428 3693/284/5426
f  3693/284/5426 3695/17/5429 3694/285/5427
f  3696/8/5430 3698/268/5431 3654/10/5384
f  3654/10/5382 3698/268/5431 3699/269/5432
f  3654/10/5384 3699/269/5433 3697/4/5434
f  3697/4/5434 3699/269/5433 3700/270/5435
f  3698/268/5431 3701/271/5436 3699/269/5432
f  3699/269/5432 3701/271/5436 3702/272/5437
f  3699/269/5433 3702/272/5438 3700/270/5435
f  3700/270/5435 3702/272/5438 3703/273/5439
f  3701/271/5436 3704/274/5440 3702/272/5437
f  3702/272/5437 3704/274/5440 3705/275/5441
f  3702/272/5438 3705/275/5441 3703/273/5439
f  3703/273/5439 3705/275/5441 3706/276/5442
f  3704/274/5440 3707/277/5443 3705/275/5441
f  3705/275/5441 3707/277/5443 3708/278/5444
f  3705/275/5441 3708/278/5445 3706/276/5442
f  3706/276/5442 3708/278/5445 3709/279/5446
f  3707/277/5443 3710/280/5447 3708/278/5444
f  3708/278/5444 3710/280/5447 3711/281/5448
f  3708/278/5445 3711/281/5448 3709/279/5446
f  3709/279/5446 3711/281/5448 3712/282/5449
f  3710/280/5447 3713/283/5450 3711/281/5448
f  3711/281/5448 3713/283/5450 3714/284/5451
f  3711/281/5448 3714/284/5451 3712/282/5449
f  3712/282/5449 3714/284/5451 3715/285/5452
f  3713/283/5450 3716/17/5453 3714/284/5451
f  3714/284/5451 3716/17/5454 3715/285/5452
f  3717/8/5455 3719/268/5456 3654/10/5384
f  3654/10/5384 3719/268/5456 3720/269/5457
f  3654/10/5382 3720/269/5458 3718/4/5459
f  3718/4/5459 3720/269/5458 3721/270/5460
f  3719/268/5456 3722/271/5461 3720/269/5457
f  3720/269/5457 3722/271/5461 3723/272/5462
f  3720/269/5458 3723/272/5462 3721/270/5460
f  3721/270/5463 3723/272/5462 3724/273/5464
f  3722/271/5461 3725/274/5465 3723/272/5462
f  3723/272/5462 3725/274/5465 3726/275/5466
f  3723/272/5462 3726/275/5466 3724/273/5464
f  3724/273/5464 3726/275/5466 3727/276/5467
f  3725/274/5465 3728/277/5468 3726/275/5466
f  3726/275/5466 3728/277/5468 3729/278/5469
f  3726/275/5466 3729/278/5470 3727/276/5467
f  3727/276/5467 3729/278/5470 3730/279/5471
f  3728/277/5468 3731/280/5472 3729/278/5469
f  3729/278/5469 3731/280/5472 3732/281/5473
f  3729/278/5470 3732/281/5473 3730/279/5471
f  3730/279/5471 3732/281/5473 3733/282/5474
f  3731/280/5472 3734/283/5475 3732/281/5473
f  3732/281/5473 3734/283/5475 3735/284/5476
f  3732/281/5473 3735/284/5476 3733/282/5474
f  3733/282/5474 3735/284/5476 3736/285/5477
f  3734/283/5475 3737/17/5478 3735/284/5476
f  3735/284/5476 3737/17/5479 3736/285/5479
f  3738/8/5480 3740/268/5481 3654/10/5384
f  3654/10/5384 3740/268/5481 3741/269/5482
f  3654/10/5384 3741/269/5482 3739/4/5483
f  3739/4/5483 3741/269/5482 3742/270/5484
f  3740/268/5481 3743/271/5485 3741/269/5482
f  3741/269/5482 3743/271/5485 3744/272/5486
f  3741/269/5482 3744/272/5486 3742/270/5484
f  3742/270/5484 3744/272/5486 3745/273/5487
f  3743/271/5485 3746/274/5488 3744/272/5486
f  3744/272/5486 3746/274/5488 3747/275/5489
f  3744/272/5486 3747/275/5489 3745/273/5487
f  3745/273/5487 3747/275/5489 3748/276/5490
f  3746/274/5488 3749/277/5491 3747/275/5489
f  3747/275/5489 3749/277/5491 3750/278/5492
f  3747/275/5489 3750/278/5493 3748/276/5490
f  3748/276/5490 3750/278/5493 3751/279/5494
f  3749/277/5495 3752/280/5496 3750/278/5495
f  3750/278/5493 3752/280/5496 3753/281/5497
f  3750/278/5493 3753/281/5497 3751/279/5494
f  3751/279/5494 3753/281/5497 3754/282/5498
f  3752/280/5496 3755/283/5499 3753/281/5497
f  3753/281/5497 3755/283/5499 3756/284/5500
f  3753/281/5497 3756/284/5500 3754/282/5498
f  3754/282/5498 3756/284/5500 3757/285/5501
f  3755/283/5499 3758/17/5502 3756/284/5500
f  3756/284/5500 3758/17/5503 3757/285/5501
f  3759/8/5504 3761/268/5505 3654/10/5382
f  3654/10/5382 3761/268/5505 3762/269/5506
f  3654/10/5384 3762/269/5507 3760/4/5508
f  3760/4/5508 3762/269/5507 3763/270/5509
f  3761/268/5505 3764/271/5510 3762/269/5506
f  3762/269/5506 3764/271/5510 3765/272/5511
f  3762/269/5507 3765/272/5512 3763/270/5509
f  3763/270/5509 3765/272/5512 3766/273/5513
f  3764/271/5510 3767/274/5514 3765/272/5511
f  3765/272/5511 3767/274/5514 3768/275/5515
f  3765/272/5512 3768/275/5516 3766/273/5513
f  3766/273/5513 3768/275/5516 3769/276/5517
f  3767/274/5514 3770/277/5518 3768/275/5515
f  3768/275/5515 3770/277/5518 3771/278/5519
f  3768/275/5516 3771/278/5519 3769/276/5517
f  3769/276/5517 3771/278/5519 3772/279/5520
f  3770/277/5518 3773/280/5521 3771/278/5519
f  3771/278/5519 3773/280/5521 3774/281/5522
f  3771/278/5519 3774/281/5522 3772/279/5520
f  3772/279/5520 3774/281/5522 3775/282/5523
f  3773/280/5521 3776/283/5524 3774/281/5522
f  3774/281/5522 3776/283/5524 3777/284/5525
f  3774/281/5522 3777/284/5525 3775/282/5523
f  3775/282/5523 3777/284/5525 3778/285/5526
f  3776/283/5524 3779/17/5527 3777/284/5525
f  3777/284/5525 3779/17/5528 3778/285/5526
f  3780/8/5529 3783/268/5530 3781/10/5531
f  3781/10/5531 3783/268/5530 3784/269/5532
f  3781/10/5533 3784/269/5534 3782/4/5535
f  3782/4/5535 3784/269/5534 3785/270/5536
f  3783/268/5530 3786/271/5537 3784/269/5532
f  3784/269/5532 3786/271/5537 3787/272/5538
f  3784/269/5534 3787/272/5539 3785/270/5536
f  3785/270/5536 3787/272/5539 3788/273/5540
f  3786/271/5537 3789/274/5541 3787/272/5538
f  3787/272/5538 3789/274/5541 3790/275/5542
f  3787/272/5539 3790/275/5542 3788/273/5540
f  3788/273/5540 3790/275/5542 3791/276/5543
f  3789/274/5541 3792/277/5544 3790/275/5542
f  3790/275/5542 3792/277/5544 3793/278/5545
f  3790/275/5542 3793/278/5545 3791/276/5543
f  3791/276/5543 3793/278/5545 3794/279/5546
f  3792/277/5544 3795/280/5547 3793/278/5545
f  3793/278/5545 3795/280/5547 3796/281/5548
f  3793/278/5545 3796/281/5548 3794/279/5546
f  3794/279/5546 3796/281/5548 3797/282/5549
f  3795/280/5547 3798/283/5550 3796/281/5548
f  3796/281/5548 3798/283/5550 3799/284/5551
f  3796/281/5548 3799/284/5551 3797/282/5549
f  3797/282/5549 3799/284/5551 3800/285/5552
f  3798/283/5550 3801/17/5553 3799/284/5551
f  3799/284/5551 3801/17/5554 3800/285/5552
f  3802/8/5555 3804/268/5556 3781/10/5533
f  3781/10/5533 3804/268/5556 3805/269/5557
f  3781/10/5531 3805/269/5557 3803/4/5558
f  3803/4/5558 3805/269/5557 3806/270/5559
f  3804/268/5556 3807/271/5560 3805/269/5557
f  3805/269/5557 3807/271/5560 3808/272/5561
f  3805/269/5557 3808/272/5562 3806/270/5559
f  3806/270/5559 3808/272/5562 3809/273/5563
f  3807/271/5560 3810/274/5564 3808/272/5561
f  3808/272/5561 3810/274/5564 3811/275/5565
f  3808/272/5562 3811/275/5565 3809/273/5563
f  3809/273/5563 3811/275/5565 3812/276/5566
f  3810/274/5564 3813/277/5567 3811/275/5565
f  3811/275/5565 3813/277/5567 3814/278/5568
f  3811/275/5565 3814/278/5568 3812/276/5566
f  3812/276/5566 3814/278/5568 3815/279/5569
f  3813/277/5567 3816/280/5570 3814/278/5568
f  3814/278/5568 3816/280/5570 3817/281/5571
f  3814/278/5568 3817/281/5571 3815/279/5569
f  3815/279/5569 3817/281/5571 3818/282/5572
f  3816/280/5570 3819/283/5573 3817/281/5571
f  3817/281/5571 3819/283/5573 3820/284/5574
f  3817/281/5571 3820/284/5574 3818/282/5572
f  3818/282/5572 3820/284/5574 3821/285/5575
f  3819/283/5573 3822/17/5576 3820/284/5574
f  3820/284/5574 3822/17/5577 3821/285/5575
f  3823/8/5578 3825/268/5579 3781/10/5531
f  3781/10/5531 3825/268/5579 3826/269/5580
f  3781/10/5533 3826/269/5581 3824/4/5582
f  3824/4/5582 3826/269/5581 3827/270/5583
f  3825/268/5579 3828/271/5584 3826/269/5580
f  3826/269/5580 3828/271/5584 3829/272/5585
f  3826/269/5581 3829/272/5586 3827/270/5583
f  3827/270/5583 3829/272/5586 3830/273/5587
f  3828/271/5584 3831/274/5588 3829/272/5585
f  3829/272/5585 3831/274/5588 3832/275/5589
f  3829/272/5586 3832/275/5589 3830/273/5587
f  3830/273/5587 3832/275/5589 3833/276/5590
f  3831/274/5588 3834/277/5591 3832/275/5589
f  3832/275/5589 3834/277/5591 3835/278/5592
f  3832/275/5589 3835/278/5593 3833/276/5590
f  3833/276/5590 3835/278/5593 3836/279/5594
f  3834/277/5591 3837/280/5595 3835/278/5592
f  3835/278/5592 3837/280/5595 3838/281/5596
f  3835/278/5593 3838/281/5596 3836/279/5594
f  3836/279/5594 3838/281/5596 3839/282/5597
f  3837/280/5595 3840/283/5598 3838/281/5596
f  3838/281/5596 3840/283/5598 3841/284/5599
f  3838/281/5596 3841/284/5599 3839/282/5597
f  3839/282/5597 3841/284/5599 3842/285/5600
f  3840/283/5598 3843/17/5601 3841/284/5599
f  3841/284/5599 3843/17/5602 3842/285/5600
f  3844/8/5603 3846/268/5604 3781/10/5533
f  3781/10/5533 3846/268/5604 3847/269/5605
f  3781/10/5533 3847/269/5606 3845/4/5607
f  3845/4/5607 3847/269/5606 3848/270/5608
f  3846/268/5604 3849/271/5609 3847/269/5605
f  3847/269/5605 3849/271/5609 3850/272/5610
f  3847/269/5606 3850/272/5610 3848/270/5608
f  3848/270/5611 3850/272/5610 3851/273/5612
f  3849/271/5609 3852/274/5613 3850/272/5610
f  3850/272/5610 3852/274/5613 3853/275/5614
f  3850/272/5610 3853/275/5614 3851/273/5612
f  3851/273/5612 3853/275/5614 3854/276/5615
f  3852/274/5613 3855/277/5616 3853/275/5614
f  3853/275/5614 3855/277/5616 3856/278/5617
f  3853/275/5614 3856/278/5618 3854/276/5615
f  3854/276/5615 3856/278/5618 3857/279/5619
f  3855/277/5616 3858/280/5620 3856/278/5617
f  3856/278/5617 3858/280/5620 3859/281/5621
f  3856/278/5618 3859/281/5621 3857/279/5619
f  3857/279/5619 3859/281/5621 3860/282/5622
f  3858/280/5620 3861/283/5623 3859/281/5621
f  3859/281/5621 3861/283/5623 3862/284/5624
f  3859/281/5621 3862/284/5624 3860/282/5622
f  3860/282/5622 3862/284/5624 3863/285/5625
f  3861/283/5623 3864/17/5626 3862/284/5624
f  3862/284/5624 3864/17/5627 3863/285/5627
f  3865/8/5628 3867/268/5629 3781/10/5533
f  3781/10/5533 3867/268/5629 3868/269/5630
f  3781/10/5531 3868/269/5630 3866/4/5631
f  3866/4/5631 3868/269/5630 3869/270/5632
f  3867/268/5629 3870/271/5633 3868/269/5630
f  3868/269/5630 3870/271/5633 3871/272/5634
f  3868/269/5630 3871/272/5634 3869/270/5632
f  3869/270/5632 3871/272/5634 3872/273/5635
f  3870/271/5633 3873/274/5636 3871/272/5634
f  3871/272/5634 3873/274/5636 3874/275/5637
f  3871/272/5634 3874/275/5637 3872/273/5635
f  3872/273/5635 3874/275/5637 3875/276/5638
f  3873/274/5636 3876/277/5639 3874/275/5637
f  3874/275/5637 3876/277/5639 3877/278/5640
f  3874/275/5637 3877/278/5641 3875/276/5638
f  3875/276/5638 3877/278/5641 3878/279/5642
f  3876/277/5643 3879/280/5644 3877/278/5643
f  3877/278/5641 3879/280/5644 3880/281/5645
f  3877/278/5641 3880/281/5645 3878/279/5642
f  3878/279/5642 3880/281/5645 3881/282/5646
f  3879/280/5644 3882/283/5647 3880/281/5645
f  3880/281/5645 3882/283/5647 3883/284/5648
f  3880/281/5645 3883/284/5648 3881/282/5646
f  3881/282/5646 3883/284/5648 3884/285/5649
f  3882/283/5647 3885/17/5650 3883/284/5648
f  3883/284/5648 3885/17/5651 3884/285/5649
f  3886/8/5652 3888/268/5653 3781/10/5531
f  3781/10/5531 3888/268/5653 3889/269/5654
f  3781/10/5533 3889/269/5655 3887/4/5656
f  3887/4/5656 3889/269/5655 3890/270/5657
f  3888/268/5653 3891/271/5658 3889/269/5654
f  3889/269/5654 3891/271/5658 3892/272/5659
f  3889/269/5655 3892/272/5660 3890/270/5657
f  3890/270/5657 3892/272/5660 3893/273/5661
f  3891/271/5658 3894/274/5662 3892/272/5659
f  3892/272/5659 3894/274/5662 3895/275/5663
f  3892/272/5660 3895/275/5664 3893/273/5661
f  3893/273/5661 3895/275/5664 3896/276/5665
f  3894/274/5662 3897/277/5666 3895/275/5663
f  3895/275/5663 3897/277/5666 3898/278/5667
f  3895/275/5664 3898/278/5667 3896/276/5665
f  3896/276/5665 3898/278/5667 3899/279/5668
f  3897/277/5666 3900/280/5669 3898/278/5667
f  3898/278/5667 3900/280/5669 3901/281/5670
f  3898/278/5667 3901/281/5670 3899/279/5668
f  3899/279/5668 3901/281/5670 3902/282/5671
f  3900/280/5669 3903/283/5672 3901/281/5670
f  3901/281/5670 3903/283/5672 3904/284/5673
f  3901/281/5670 3904/284/5673 3902/282/5671
f  3902/282/5671 3904/284/5673 3905/285/5674
f  3903/283/5672 3906/17/5675 3904/284/5673
f  3904/284/5673 3906/17/5676 3905/285/5674
