# 
# Wavefront OBJ file
# Converted by the DEEP Exploration 3.5.9.1158
# Right Hemisphere, LTD
# http://www.righthemisphere.com/
# 
mtllib GC09_3.mtl
# object GC09_3
g GC09_3
v 0.024375 1.49249e-018 0
v -1.06547e-009 -0.024375 0
v -0.024375 2.13093e-009 0
v 3.19639e-009 0.024375 0
v 0.0222688 1.36352e-018 0.215177
v -9.73398e-010 -0.0222688 0.215177
v -0.0222688 1.9468e-009 0.215177
v 2.92019e-009 0.0222688 0.215177
v 0.0206232 1.26277e-018 0.430322
v 5.93891e-008 -0.0206232 0.430393
v -0.0206232 1.80294e-009 0.430387
v -5.75862e-008 0.0206232 0.430316
v 0.0199505 0.000809173 0.645529
v 0.000673954 -0.0184678 0.645529
v -0.018603 0.00080872 0.645529
v 0.000673504 0.0200857 0.645529
v 0.0180935 3.6015e-005 0.861992
v 0.000136292 -0.0179677 0.859164
v -0.0179973 7.95216e-005 0.859416
v -4.00677e-005 0.0180832 0.862244
v -0.0250293 -0.0495181 1.22628
v -0.040994 -0.0656862 1.22226
v -0.0574526 -0.0495181 1.2226
v -0.0414879 -0.0333499 1.22661
v -0.0679413 -0.0991061 1.58991
v -0.0823689 -0.113714 1.58672
v -0.0971188 -0.0990816 1.58642
v -0.0826912 -0.0844733 1.58962
v -0.0824657 -0.0966961 1.68925
v -0.0966331 -0.110944 1.68765
v -0.110686 -0.0966966 1.68523
v -0.0965189 -0.0824491 1.68684
v -0.0971185 -0.0933342 1.78822
v -0.110846 -0.107133 1.78669
v -0.124451 -0.0933338 1.78431
v -0.110724 -0.0795353 1.78584
v -0.111696 -0.0904785 1.8872
v -0.124962 -0.103819 1.88569
v -0.13812 -0.0904785 1.88343
v -0.124854 -0.0771382 1.88494
v -0.12629 -0.0876231 1.98619
v -0.139083 -0.100488 1.98473
v -0.151773 -0.0876231 1.98255
v -0.13898 -0.0747579 1.98401
v -0.140904 -0.0847676 2.08517
v -0.153205 -0.0971375 2.08377
v -0.165406 -0.0847676 2.08167
v -0.153105 -0.0723976 2.08307
v -0.143152 -0.0842881 2.10077
v -0.155421 -0.0966749 2.09925
v -0.167391 -0.0843913 2.09576
v -0.155122 -0.0720044 2.09729
v -0.170068 -0.078932 2.28653
v -0.181916 -0.0908936 2.28507
v -0.193475 -0.0790317 2.2817
v -0.181627 -0.0670701 2.28317
v -0.224007 -0.0526818 2.48581
v -0.235132 -0.0637802 2.48512
v -0.245812 -0.0528445 2.48141
v -0.234687 -0.0417461 2.4821
v -0.236033 -0.0344065 2.60102
v -0.246072 -0.0440639 2.6016
v -0.255661 -0.0342453 2.59915
v -0.245623 -0.0245879 2.59856
v -0.248975 -0.0158891 2.71779
v -0.256844 -0.023787 2.71693
v -0.264595 -0.0158882 2.71533
v -0.256726 -0.0079903 2.71619
v -0.299227 -0.0152982 2.96107
v -0.301862 -0.0179558 2.96068
v -0.30444 -0.0153004 2.96
v -0.301805 -0.0126429 2.96039
v -0.301466 -0.0202049 2.96407
v -0.303365 -0.018426 2.96448
v -0.30155 -0.0166472 2.96518
v -0.299651 -0.0184261 2.96477
v -0.298466 -0.0120183 2.96432
v -0.298347 -0.014559 2.96481
v -0.300921 -0.0146252 2.96509
v -0.30104 -0.0120845 2.9646
v -0.258968 -0.0169254 2.72516
v -0.260012 -0.0129147 2.72434
v -0.255932 -0.011826 2.72447
v -0.254888 -0.0158367 2.72529
v -0.234904 -0.0508844 2.49439
v -0.237732 -0.0551948 2.4939
v -0.241719 -0.0523819 2.49217
v -0.238892 -0.0480715 2.49266
v -0.185068 -0.0772892 2.29573
v -0.179331 -0.07674 2.29584
v -0.178774 -0.0824607 2.2954
v -0.184511 -0.0830099 2.29529
v -0.302697 -0.0212993 2.96047
v -0.301834 -0.0212993 2.96054
v -0.30097 -0.0212993 2.9606
v -0.302618 -0.0209591 2.95973
v -0.301783 -0.0208028 2.95987
v -0.300948 -0.0206466 2.96001
v -0.302575 -0.0204005 2.95889
v -0.301741 -0.0202195 2.95901
v -0.300906 -0.0200385 2.95913
v -0.302489 -0.0196794 2.95785
v -0.30163 -0.0197339 2.9579
v -0.300772 -0.0197885 2.95794
v -0.302438 -0.0187976 2.95678
v -0.301605 -0.0191288 2.95668
v -0.300772 -0.0194601 2.95659
v -0.302303 -0.0182956 2.95539
v -0.301478 -0.0184519 2.95539
v -0.300653 -0.0186082 2.95539
v -0.301706 -0.0187211 2.95391
v -0.300399 -0.00848271 2.96064
v -0.297793 -0.0108767 2.96084
v -0.295188 -0.0132707 2.96104
v -0.298919 -0.00676151 2.96308
v -0.296633 -0.00937442 2.96368
v -0.294347 -0.0119873 2.96429
v -0.297022 -0.0045687 2.96597
v -0.294805 -0.00717292 2.96684
v -0.292587 -0.00977713 2.96771
v -0.294691 -0.00176345 2.96934
v -0.292133 -0.00415304 2.96975
v -0.289574 -0.00654263 2.97016
v -0.291628 0.00183189 2.96925
v -0.288722 0.000120199 2.97075
v -0.285816 -0.00159149 2.97224
v -0.28846 0.00479033 2.96706
v -0.285804 0.00511434 2.96922
v -0.283147 0.00543835 2.97137
v -0.282607 0.0092405 2.96579
v -0.306914 -0.0248925 2.96022
v -0.307707 -0.0158158 2.96015
v -0.308501 -0.00673899 2.96008
v -0.311772 -0.0251144 2.96793
v -0.313367 -0.0162589 2.96687
v -0.314962 -0.00740343 2.96581
v -0.320602 -0.0260135 2.97418
v -0.321308 -0.0169694 2.97437
v -0.322013 -0.00792533 2.97456
v -0.332265 -0.0263681 2.9778
v -0.332619 -0.0176662 2.98031
v -0.332974 -0.00896422 2.98281
v -0.343769 -0.0271608 2.97727
v -0.346631 -0.0196359 2.98228
v -0.349494 -0.0121109 2.9873
v -0.356454 -0.0305102 2.97707
v -0.361081 -0.0249119 2.98211
v -0.365708 -0.0193135 2.98714
v -0.3744 -0.033861 2.9816
v -0.290683 -0.00974158 2.96172
v -0.297497 -0.0186536 2.96121
v -0.30431 -0.0275657 2.96069
v -0.285261 -0.014762 2.96977
v -0.293502 -0.0222487 2.97062
v -0.301743 -0.0297355 2.97147
v -0.279056 -0.0210905 2.97924
v -0.288221 -0.0267836 2.98218
v -0.297386 -0.0324768 2.98512
v -0.271943 -0.027184 2.99124
v -0.280138 -0.0344858 2.99331
v -0.288332 -0.0417876 2.99538
v -0.262148 -0.0356315 2.99701
v -0.268507 -0.0431946 3.00326
v -0.274867 -0.0507576 3.00951
v -0.248951 -0.0455348 2.99739
v -0.25376 -0.0547927 3.00052
v -0.25857 -0.0640506 3.00365
v -0.242096 -0.0652392 2.98842
v -0.314787 -0.0129277 2.96042
v -0.302696 -0.0107829 2.96134
v -0.290605 -0.00863811 2.96226
v -0.316278 -0.00854191 2.97129
v -0.304441 -0.0054526 2.97182
v -0.292605 -0.0023633 2.97235
v -0.318669 0.00308109 2.97974
v -0.306973 0.00338012 2.98342
v -0.295277 0.00367915 2.98709
v -0.320201 0.016442 2.98586
v -0.310233 0.0174641 2.9929
v -0.300266 0.0184861 2.99994
v -0.319011 0.0305012 2.98173
v -0.311821 0.0365508 2.99046
v -0.304632 0.0426004 2.99918
v -0.325228 0.0500018 2.97774
v -0.314518 0.0545556 2.98042
v -0.303808 0.0591094 2.9831
v -0.320961 0.0730591 2.9711
v -0.293095 -0.0240342 2.96285
v -0.30335 -0.0174913 2.96206
v -0.313605 -0.0109484 2.96127
v -0.297685 -0.0290015 2.97298
v -0.30584 -0.0200383 2.97328
v -0.313995 -0.0110751 2.97357
v -0.299132 -0.0303612 2.98815
v -0.309498 -0.0241823 2.98684
v -0.319863 -0.0180034 2.98552
v -0.305841 -0.0383442 3.00317
v -0.316097 -0.0325947 3.0002
v -0.326352 -0.0268452 2.99724
v -0.314421 -0.0542365 3.00566
v -0.325324 -0.0478858 3.00702
v -0.336227 -0.0415352 3.00837
v -0.322408 -0.0699582 3.0078
v -0.333151 -0.0664418 3.01126
v -0.343893 -0.0629254 3.01472
v -0.340033 -0.0844165 3.00173
v -0.301889 -0.0225651 2.97215
v -0.303792 -0.0207853 2.97257
v -0.301969 -0.0189815 2.97319
v -0.300065 -0.0207612 2.97277
v -0.301737 -0.0250954 2.9801
v -0.303622 -0.0233905 2.98068
v -0.301821 -0.0215857 2.98123
v -0.299936 -0.0232905 2.98065
v -0.301579 -0.0286842 2.98737
v -0.303377 -0.0271554 2.98818
v -0.301649 -0.0255332 2.98896
v -0.299851 -0.0270621 2.98815
v -0.301654 -0.0325615 2.99476
v -0.30334 -0.0311282 2.99552
v -0.301718 -0.0296527 2.99633
v -0.300032 -0.031086 2.99557
v -0.302147 -0.0376019 3.00106
v -0.303704 -0.036385 3.00194
v -0.302209 -0.0352334 3.003
v -0.300651 -0.0364502 3.00212
v -0.303751 -0.0421416 3.00813
v -0.305136 -0.040852 3.00866
v -0.30379 -0.0398208 3.00966
v -0.302405 -0.0411104 3.00913
v -0.305367 -0.0470751 3.01458
v -0.306617 -0.0459825 3.01513
v -0.305442 -0.04513 3.01611
v -0.304192 -0.0462225 3.01555
v -0.304396 -0.0513937 3.02187
v -0.305448 -0.0505752 3.02252
v -0.304413 -0.0496095 3.02298
v -0.303361 -0.050428 3.02232
v -0.302521 -0.0538708 3.02992
v -0.303331 -0.0531964 3.03034
v -0.302577 -0.0523546 3.03044
v -0.301767 -0.053029 3.03002
v -0.298312 -0.0540258 3.03739
v -0.298809 -0.0535714 3.0377
v -0.298401 -0.0529858 3.0375
v -0.297904 -0.0534402 3.03719
v -0.298586 -0.00974379 2.97228
v -0.29846 -0.0122358 2.973
v -0.301052 -0.0123678 2.97299
v -0.301178 -0.00987573 2.97228
v -0.297456 -0.00623213 2.97916
v -0.297299 -0.00852595 2.9803
v -0.299832 -0.0085031 2.9807
v -0.299989 -0.00620929 2.97956
v -0.295038 -0.00152463 2.98483
v -0.294771 -0.00345415 2.98632
v -0.297085 -0.00318277 2.98709
v -0.297352 -0.00125326 2.98559
v -0.292093 0.00350799 2.99051
v -0.291819 0.00174474 2.99196
v -0.293939 0.00209137 2.99278
v -0.294214 0.00385463 2.99133
v -0.28908 0.00851272 2.99636
v -0.288838 0.0068613 2.99768
v -0.290797 0.00718468 2.99844
v -0.291038 0.0088361 2.99712
v -0.285766 0.0124349 3.00302
v -0.285659 0.0107573 3.00398
v -0.287425 0.0110614 3.00471
v -0.287531 0.012739 3.00375
v -0.284195 0.017426 3.00949
v -0.284037 0.0160669 3.01053
v -0.285715 0.0161523 3.0109
v -0.285873 0.0175114 3.00985
v -0.281728 0.0227458 3.01502
v -0.281561 0.0216783 3.016
v -0.282937 0.021879 3.01646
v -0.283104 0.0229464 3.01547
v -0.276917 0.0264004 3.02051
v -0.276895 0.0254813 3.02114
v -0.277785 0.0258488 3.0217
v -0.277807 0.0267678 3.02107
v -0.271655 0.0268792 3.02705
v -0.271806 0.0261904 3.02724
v -0.27234 0.0264264 3.02768
v -0.272189 0.0271152 3.02749
v -0.299936 -0.0529527 3.03081
v -0.297911 -0.0576096 3.03318
v -0.301904 -0.0550381 3.03562
v -0.300914 -0.0497969 3.03533
v -0.296308 -0.0491291 3.03271
v -0.294452 -0.0539576 3.03138
v -0.294635 -0.0579167 3.03885
v -0.298629 -0.0553452 3.04129
v -0.297638 -0.050104 3.04101
v -0.293033 -0.0494362 3.03838
v -0.291177 -0.0542647 3.03705
v -0.293385 -0.0535669 3.04215
v -0.276899 0.0279742 3.02294
v -0.271839 0.0301411 3.02268
v -0.272312 0.0249776 3.02352
v -0.276233 0.0242405 3.02694
v -0.278185 0.0289484 3.02821
v -0.275469 0.0325952 3.02558
v -0.267657 0.0305538 3.02758
v -0.268129 0.0253903 3.02842
v -0.272051 0.0246532 3.03183
v -0.274003 0.0293611 3.0331
v -0.271287 0.0330079 3.03047
v -0.268534 0.0287996 3.03273
v -0.303329 -0.0534447 3.03274
v -0.301304 -0.0581016 3.03511
v -0.305297 -0.0555301 3.03755
v -0.304307 -0.0502888 3.03726
v -0.299701 -0.049621 3.03464
v -0.297845 -0.0544496 3.03331
v -0.298028 -0.0584087 3.04078
v -0.302022 -0.0558372 3.04323
v -0.301031 -0.050596 3.04294
v -0.296426 -0.0499281 3.04031
v -0.29457 -0.0547567 3.03898
v -0.296777 -0.0540589 3.04409
v -0.275461 0.024506 3.02201
v -0.270402 0.0266729 3.02175
v -0.270874 0.0215094 3.02259
v -0.274796 0.0207723 3.026
v -0.276747 0.0254802 3.02727
v -0.274032 0.029127 3.02464
v -0.266219 0.0270856 3.02664
v -0.266691 0.0219221 3.02748
v -0.270613 0.021185 3.03089
v -0.272565 0.0258929 3.03217
v -0.269849 0.0295396 3.02954
v -0.267096 0.0253314 3.03179
v -0.245811 -0.0319146 2.71814
v -0.261006 -0.023157 2.71697
v -0.276201 -0.0143994 2.7158
v -0.252908 -0.0416658 2.73036
v -0.268593 -0.0350639 2.72638
v -0.284278 -0.0284621 2.7224
v -0.262256 -0.0568143 2.74174
v -0.27797 -0.0503566 2.73752
v -0.293683 -0.0438989 2.73331
v -0.275314 -0.076511 2.75259
v -0.289718 -0.06663 2.75189
v -0.304123 -0.056749 2.75118
v -0.289187 -0.098427 2.75616
v -0.303307 -0.0883659 2.76201
v -0.317426 -0.0783048 2.76786
v -0.306639 -0.122104 2.76026
v -0.320599 -0.112484 2.76203
v -0.334559 -0.102864 2.76381
v -0.333121 -0.138805 2.7725
v -0.254545 0.00325444 2.71598
v -0.249295 -0.0134614 2.71743
v -0.244045 -0.0301772 2.71887
v -0.24003 0.0081781 2.72411
v -0.236633 -0.00860432 2.72763
v -0.233236 -0.0253867 2.73115
v -0.223229 0.0136708 2.73658
v -0.221063 -0.00317307 2.74083
v -0.218897 -0.0200169 2.74508
v -0.207108 0.0193138 2.75515
v -0.20339 0.00234643 2.75715
v -0.199672 -0.0146209 2.75916
v -0.184204 0.0264931 2.76421
v -0.182088 0.0104099 2.77268
v -0.179972 -0.00567335 2.78115
v -0.158878 0.0320982 2.77049
v -0.158806 0.0237594 2.78536
v -0.158733 0.0154205 2.80023
v -0.132252 0.0356831 2.79595
v -0.271959 -0.0310736 2.71883
v -0.263356 -0.0127359 2.71772
v -0.254754 0.00560188 2.71662
v -0.283463 -0.0244462 2.73333
v -0.276803 -0.0056837 2.73009
v -0.270144 0.0130788 2.72685
v -0.301152 -0.0158395 2.74757
v -0.292387 0.00235211 2.74702
v -0.283623 0.0205437 2.74646
v -0.322525 -0.00332711 2.76309
v -0.310391 0.0123865 2.76668
v -0.298257 0.0281001 2.77027
v -0.344834 0.00901159 2.77775
v -0.331655 0.021544 2.78849
v -0.318476 0.0340765 2.79922
v -0.365724 0.0136736 2.80194
v -0.353662 0.0225275 2.81471
v -0.341599 0.0313813 2.82748
v -0.371098 0.0100579 2.84331
v -0.236696 -0.0141782 2.71956
v -0.254458 -0.0215273 2.71953
v -0.27222 -0.0288764 2.71949
v -0.231815 -0.0275159 2.73237
v -0.250375 -0.0314675 2.73466
v -0.268935 -0.0354191 2.73695
v -0.227183 -0.0419035 2.75068
v -0.245807 -0.0412744 2.75506
v -0.26443 -0.0406453 2.75944
v -0.222363 -0.0521171 2.77533
v -0.241139 -0.0539904 2.77841
v -0.259915 -0.0558638 2.78148
v -0.215897 -0.0674733 2.7983
v -0.23392 -0.0635506 2.80606
v -0.251944 -0.0596279 2.81382
v -0.207 -0.0813409 2.82241
v -0.223812 -0.0825229 2.83038
v -0.240624 -0.0837049 2.83834
v -0.213159 -0.107899 2.85012
v -0.272176 -0.00464595 2.71852
v -0.255131 -0.0108233 2.71955
v -0.238086 -0.0170007 2.72059
v -0.269835 0.00388038 2.73374
v -0.252477 -0.00109402 2.73389
v -0.235119 -0.00606842 2.73405
v -0.263409 0.0211591 2.74772
v -0.248613 0.0114146 2.75135
v -0.233818 0.00167009 2.75497
v -0.254131 0.0392116 2.76307
v -0.24267 0.0273142 2.77037
v -0.23121 0.0154167 2.77767
v -0.239195 0.0588918 2.76927
v -0.230221 0.0495633 2.78305
v -0.221248 0.0402347 2.79683
v -0.232112 0.0837447 2.78717
v -0.217475 0.0757033 2.79276
v -0.202838 0.0676618 2.79835
v -0.210181 0.102569 2.80853
v -0.228594 -0.0297086 2.48342
v -0.224855 -0.0508922 2.48494
v -0.221116 -0.0720758 2.48647
v -0.21155 -0.0264055 2.49553
v -0.206088 -0.0469946 2.49307
v -0.200626 -0.0675836 2.4906
v -0.188004 -0.0214226 2.50527
v -0.182472 -0.0419831 2.50247
v -0.176939 -0.0625437 2.49967
v -0.157782 -0.0167044 2.51317
v -0.15548 -0.0378926 2.51557
v -0.153177 -0.0590809 2.51798
v -0.126656 -0.01218 2.5116
v -0.122828 -0.0317702 2.52188
v -0.119 -0.0513603 2.53215
v -0.0909505 -0.00841297 2.51027
v -0.0871679 -0.0283369 2.51538
v -0.0833852 -0.0482609 2.52049
v -0.0517576 -0.0156923 2.52085
v -0.254733 -0.0657563 2.48289
v -0.243298 -0.0475083 2.48365
v -0.231864 -0.0292602 2.48441
v -0.272458 -0.0542877 2.48529
v -0.260379 -0.0370393 2.48925
v -0.248299 -0.0197909 2.49321
v -0.29385 -0.0400313 2.49178
v -0.281081 -0.0236321 2.49711
v -0.268312 -0.00723279 2.50245
v -0.316978 -0.0248028 2.50564
v -0.304419 -0.00756324 2.50773
v -0.291859 0.00967633 2.50981
v -0.343164 -0.00729725 2.50507
v -0.332509 0.00969432 2.51512
v -0.321855 0.0266859 2.52517
v -0.368387 0.0130233 2.49981
v -0.36582 0.0241596 2.5173
v -0.363252 0.0352958 2.5348
v -0.398877 0.0427426 2.51548
v -0.209239 -0.0546432 2.49032
v -0.233007 -0.0612713 2.48727
v -0.256776 -0.0678994 2.48421
v -0.207205 -0.0713346 2.50748
v -0.229645 -0.0800446 2.50184
v -0.252085 -0.0887546 2.4962
v -0.201943 -0.0953316 2.52424
v -0.225732 -0.101797 2.52193
v -0.249521 -0.108263 2.51963
v -0.197354 -0.12606 2.54236
v -0.221873 -0.127519 2.54522
v -0.246393 -0.128978 2.54809
v -0.191956 -0.157654 2.55948
v -0.214967 -0.155773 2.57118
v -0.237979 -0.153891 2.58288
v -0.181811 -0.182526 2.58885
v -0.200782 -0.178824 2.60327
v -0.219753 -0.175122 2.61769
v -0.17829 -0.187727 2.6398
v -0.252709 -0.0349449 2.48478
v -0.231996 -0.0456351 2.48822
v -0.211283 -0.0563252 2.49166
v -0.244588 -0.0166964 2.49735
v -0.226663 -0.030209 2.50406
v -0.208739 -0.0437216 2.51077
v -0.23555 0.00337349 2.51651
v -0.222072 -0.0132002 2.52622
v -0.208593 -0.0297739 2.53592
v -0.231085 0.0216602 2.5434
v -0.214927 0.00679608 2.55159
v -0.198768 -0.00806807 2.55978
v -0.22314 0.0449479 2.56636
v -0.213272 0.0283834 2.58152
v -0.203403 0.0118188 2.59668
v -0.219217 0.0707617 2.58958
v -0.205323 0.0600633 2.60423
v -0.191429 0.049365 2.61888
v -0.192345 0.0964798 2.61935
v -0.233672 -0.0753748 2.49097
v -0.241252 -0.0545479 2.48891
v -0.248831 -0.033721 2.48686
v -0.245898 -0.0778886 2.50839
v -0.254787 -0.0578613 2.50527
v -0.263676 -0.037834 2.50215
v -0.269235 -0.0838472 2.52327
v -0.272266 -0.0619653 2.52509
v -0.275297 -0.0400835 2.5269
v -0.295874 -0.0877113 2.53942
v -0.294732 -0.0666986 2.54629
v -0.29359 -0.0456859 2.55317
v -0.327247 -0.0885289 2.54301
v -0.327343 -0.0708638 2.55801
v -0.327439 -0.0531986 2.573
v -0.360025 -0.0981453 2.56188
v -0.363586 -0.0771935 2.56566
v -0.367147 -0.0562418 2.56944
v -0.39789 -0.0874294 2.58168
v -0.205918 -0.0902069 2.28362
v -0.19063 -0.0716795 2.28431
v -0.175343 -0.0531521 2.285
v -0.220473 -0.0778884 2.29744
v -0.207144 -0.058404 2.29375
v -0.193814 -0.0389195 2.29006
v -0.241313 -0.061359 2.30877
v -0.228086 -0.0418329 2.30472
v -0.214859 -0.0223068 2.30067
v -0.266951 -0.0389785 2.31815
v -0.250553 -0.0216694 2.31979
v -0.234154 -0.00436023 2.32143
v -0.293492 -0.0157534 2.31699
v -0.279038 0.00176465 2.32748
v -0.264584 0.0192827 2.33797
v -0.322407 0.0121484 2.31603
v -0.307758 0.0296325 2.3208
v -0.293108 0.0471165 2.32558
v -0.343477 0.051243 2.32786
v -0.156516 -0.0864248 2.2853
v -0.18027 -0.0897572 2.28506
v -0.204023 -0.0930896 2.28482
v -0.153916 -0.108629 2.29285
v -0.177532 -0.110044 2.29589
v -0.201148 -0.111459 2.29893
v -0.151359 -0.134985 2.30582
v -0.174852 -0.134945 2.31015
v -0.198344 -0.134904 2.31447
v -0.148945 -0.162009 2.32731
v -0.172751 -0.163332 2.32815
v -0.196557 -0.164654 2.329
v -0.145295 -0.196481 2.33421
v -0.168236 -0.197115 2.34406
v -0.191177 -0.19775 2.3539
v -0.144711 -0.23298 2.33618
v -0.157588 -0.23448 2.35549
v -0.170464 -0.23598 2.37481
v -0.150436 -0.275479 2.36286
v -0.198947 -0.0551763 2.2874
v -0.176134 -0.0708464 2.28702
v -0.153322 -0.0865166 2.28663
v -0.187998 -0.0405025 2.30707
v -0.164123 -0.0537718 2.3037
v -0.140248 -0.0670411 2.30032
v -0.172973 -0.0180059 2.32624
v -0.150442 -0.0338796 2.32656
v -0.127911 -0.0497532 2.32688
v -0.151954 0.00853272 2.34711
v -0.13361 -0.0110808 2.35316
v -0.115266 -0.0306944 2.35921
v -0.131089 0.0363374 2.36668
v -0.117439 0.0164994 2.38251
v -0.103788 -0.0033385 2.39833
v -0.121485 0.0645765 2.39887
v -0.112638 0.0472534 2.41737
v -0.103792 0.0299302 2.43586
v -0.127355 0.0748825 2.45476
v -0.184468 -0.106634 2.28716
v -0.190374 -0.0810914 2.28795
v -0.196281 -0.0555492 2.28875
v -0.206177 -0.111294 2.30098
v -0.20788 -0.0856941 2.30566
v -0.209583 -0.0600939 2.31034
v -0.230342 -0.115837 2.32214
v -0.226375 -0.0914188 2.33052
v -0.222409 -0.0670002 2.3389
v -0.250149 -0.122136 2.35251
v -0.249334 -0.0968335 2.35881
v -0.248519 -0.0715306 2.3651
v -0.276781 -0.129323 2.37862
v -0.270007 -0.107035 2.39286
v -0.263234 -0.0847467 2.40711
v -0.303276 -0.140676 2.40554
v -0.303925 -0.118933 2.41873
v -0.304574 -0.0971908 2.43191
v -0.345506 -0.129783 2.43573
v -0.163375 -0.0611208 2.29013
v -0.175568 -0.0826779 2.28936
v -0.18776 -0.104235 2.2886
v -0.153168 -0.0678875 2.31069
v -0.163729 -0.0900663 2.30879
v -0.17429 -0.112245 2.30689
v -0.131977 -0.0819044 2.32937
v -0.14852 -0.0999605 2.33239
v -0.165063 -0.118017 2.33541
v -0.110297 -0.100105 2.34977
v -0.129256 -0.113531 2.35799
v -0.148215 -0.126957 2.36621
v -0.0873112 -0.125556 2.35702
v -0.102789 -0.13683 2.3743
v -0.118266 -0.148104 2.39159
v -0.0564089 -0.143804 2.38115
v -0.0714806 -0.161721 2.38656
v -0.0865524 -0.179638 2.39197
v -0.0384724 -0.180898 2.40775
v -0.245606 -0.0234612 2.70912
v -0.25612 -0.0174016 2.70831
v -0.266634 -0.011342 2.7075
v -0.247101 -0.0228752 2.72183
v -0.258673 -0.0203511 2.71938
v -0.270245 -0.017827 2.71694
v -0.25143 -0.0285975 2.73549
v -0.26279 -0.0259414 2.73224
v -0.27415 -0.0232853 2.72899
v -0.260912 -0.0392661 2.74888
v -0.270285 -0.0320628 2.74631
v -0.279658 -0.0248596 2.74374
v -0.270483 -0.0528437 2.75444
v -0.279494 -0.0444826 2.75747
v -0.288505 -0.0361216 2.7605
v -0.283796 -0.0674976 2.76103
v -0.29272 -0.0597847 2.76102
v -0.301643 -0.0520718 2.761
v -0.298135 -0.0753591 2.7747
v -0.259179 -0.00766013 2.70747
v -0.25306 -0.027143 2.70915
v -0.254114 -0.00577383 2.71578
v -0.253468 -0.0157589 2.71769
v -0.252821 -0.0257439 2.71961
v -0.248897 -0.00404512 2.72699
v -0.249338 -0.0140045 2.72916
v -0.24978 -0.023964 2.73132
v -0.245101 -0.00254744 2.74168
v -0.243889 -0.0126392 2.7424
v -0.242678 -0.022731 2.74312
v -0.234576 0.000827632 2.75059
v -0.235855 -0.00846276 2.75567
v -0.237134 -0.0177532 2.76075
v -0.223187 0.00491009 2.75808
v -0.227085 0.00165834 2.76662
v -0.230984 -0.0015934 2.77516
v -0.218522 0.0104312 2.77987
v -0.260859 -0.0275034 2.70892
v -0.251381 -0.00729977 2.7077
v -0.261427 -0.0261476 2.7202
v -0.259 -0.0154361 2.71852
v -0.256573 -0.00472462 2.71683
v -0.267403 -0.0231868 2.7318
v -0.262548 -0.0131878 2.73127
v -0.257693 -0.00318889 2.73074
v -0.275699 -0.0164717 2.74469
v -0.267588 -0.00891684 2.7455
v -0.259476 -0.00136201 2.74631
v -0.284676 -0.010409 2.75587
v -0.275197 -0.00605582 2.76102
v -0.265717 -0.0017026 2.76617
v -0.291011 -0.0131526 2.77277
v -0.281664 -0.0113238 2.77795
v -0.272318 -0.00949508 2.78312
v -0.281707 -0.0267952 2.79012
v -0.248534 -0.014263 2.70832
v -0.263705 -0.0205402 2.70829
v -0.247595 -0.0180477 2.71574
v -0.255741 -0.018355 2.71617
v -0.263887 -0.0186622 2.7166
v -0.247586 -0.0211101 2.72555
v -0.255262 -0.018335 2.72602
v -0.262937 -0.0155598 2.72648
v -0.247202 -0.0203135 2.73743
v -0.255268 -0.0190512 2.73752
v -0.263335 -0.0177888 2.73762
v -0.245951 -0.0217161 2.74943
v -0.252893 -0.0167606 2.74996
v -0.259835 -0.0118052 2.7505
v -0.242214 -0.0218694 2.75996
v -0.248936 -0.0189426 2.76307
v -0.255658 -0.0160157 2.76617
v -0.245365 -0.0234993 2.77632
v -0.260946 -0.0156524 2.70802
v -0.251293 -0.0191508 2.7086
v -0.260986 -0.0151581 2.71298
v -0.25599 -0.0162356 2.71313
v -0.250995 -0.0173131 2.71329
v -0.259236 -0.0108896 2.71789
v -0.255408 -0.0141334 2.71891
v -0.251579 -0.0173773 2.71993
v -0.256278 -0.00665559 2.72266
v -0.253858 -0.0105225 2.72497
v -0.251437 -0.0143895 2.72728
v -0.251433 -0.00217676 2.72361
v -0.249607 -0.00443404 2.72811
v -0.247781 -0.00669132 2.73261
v -0.249234 0.00524855 2.72819
v -0.245374 0.00284103 2.73024
v -0.241514 0.0004335 2.73228
v -0.24405 0.0105828 2.73475
v -0.2552 -0.0191685 2.70847
v -0.25704 -0.0156346 2.70814
v -0.256377 -0.0193723 2.71024
v -0.25643 -0.0173857 2.71021
v -0.256483 -0.0153991 2.71018
v -0.255925 -0.0192189 2.71271
v -0.256878 -0.0174771 2.71257
v -0.25783 -0.0157353 2.71243
v -0.256771 -0.0194612 2.71545
v -0.257968 -0.0179087 2.71512
v -0.259164 -0.0163562 2.71479
v -0.258719 -0.0211008 2.71672
v -0.259681 -0.019352 2.71731
v -0.260642 -0.0176032 2.7179
v -0.259517 -0.0228096 2.71858
v -0.26014 -0.021504 2.71987
v -0.260762 -0.0201983 2.72116
v -0.261181 -0.0245573 2.72128
v -0.234092 -0.0392498 2.47288
v -0.231507 -0.0538931 2.47394
v -0.228923 -0.0685365 2.47499
v -0.235232 -0.0392766 2.4881
v -0.228159 -0.0523005 2.48784
v -0.221086 -0.0653245 2.48758
v -0.228916 -0.0364075 2.50496
v -0.22169 -0.0493567 2.50428
v -0.214463 -0.0623059 2.5036
v -0.21456 -0.0333332 2.52294
v -0.212765 -0.0480486 2.52317
v -0.21097 -0.0627641 2.5234
v -0.196605 -0.0288408 2.53222
v -0.19683 -0.0426076 2.53938
v -0.197054 -0.0563743 2.54654
v -0.175366 -0.0246874 2.54461
v -0.17365 -0.0385579 2.54831
v -0.171934 -0.0524284 2.55201
v -0.160184 -0.024411 2.56587
v -0.238171 -0.0645275 2.47349
v -0.224843 -0.0432588 2.47438
v -0.244942 -0.0600877 2.48259
v -0.236304 -0.0513397 2.48477
v -0.227665 -0.0425917 2.48696
v -0.252233 -0.0546618 2.49487
v -0.242841 -0.0468741 2.49761
v -0.23345 -0.0390864 2.50036
v -0.259196 -0.0491391 2.51141
v -0.250625 -0.0400676 2.5119
v -0.242054 -0.030996 2.51238
v -0.272076 -0.039837 2.51834
v -0.263423 -0.03245 2.52478
v -0.254771 -0.0250629 2.53122
v -0.285796 -0.0302648 2.52247
v -0.282143 -0.0286296 2.53397
v -0.27849 -0.0269944 2.54547
v -0.299988 -0.0223333 2.54543
v -0.218414 -0.0502419 2.47562
v -0.244601 -0.0575444 2.47225
v -0.220692 -0.0501827 2.48948
v -0.232411 -0.0566034 2.48685
v -0.244129 -0.0630241 2.48421
v -0.220689 -0.0560448 2.50511
v -0.233744 -0.0593934 2.50301
v -0.246798 -0.0627421 2.50091
v -0.2234 -0.066295 2.52348
v -0.236699 -0.0642113 2.52139
v -0.249999 -0.0621277 2.5193
v -0.22549 -0.0764129 2.54077
v -0.237628 -0.0690869 2.54229
v -0.249766 -0.061761 2.54381
v -0.223039 -0.0741461 2.5639
v -0.232878 -0.0652494 2.56459
v -0.242717 -0.0563526 2.56528
v -0.222078 -0.0485837 2.5783
v -0.240353 -0.0493277 2.47247
v -0.222661 -0.0584586 2.4754
v -0.238458 -0.0444678 2.48095
v -0.231904 -0.051629 2.48337
v -0.225351 -0.0587901 2.4858
v -0.237012 -0.040388 2.49232
v -0.233802 -0.0494594 2.49511
v -0.230592 -0.0585309 2.49791
v -0.240244 -0.0382088 2.50568
v -0.235331 -0.0463459 2.50881
v -0.230419 -0.0544831 2.51194
v -0.242447 -0.0327699 2.51866
v -0.242324 -0.0425407 2.52243
v -0.242201 -0.0523114 2.52621
v -0.247944 -0.0260178 2.52849
v -0.247031 -0.0327522 2.53549
v -0.246119 -0.0394865 2.5425
v -0.24997 -0.0207637 2.54822
v -0.229361 -0.0597904 2.47452
v -0.233653 -0.0479958 2.47335
v -0.230494 -0.0594893 2.48072
v -0.233315 -0.0539785 2.47974
v -0.236136 -0.0484677 2.47877
v -0.236729 -0.0603228 2.4864
v -0.236622 -0.0540493 2.48656
v -0.236516 -0.0477759 2.48671
v -0.243986 -0.0597462 2.49136
v -0.242341 -0.0540194 2.49331
v -0.240696 -0.0482925 2.49526
v -0.252166 -0.0581711 2.49081
v -0.251971 -0.0535637 2.49548
v -0.251776 -0.0489563 2.50015
v -0.262382 -0.0597297 2.49527
v -0.262575 -0.0537183 2.49636
v -0.262768 -0.0477069 2.49745
v -0.272411 -0.055951 2.501
v -0.230584 -0.051624 2.47396
v -0.232431 -0.0561623 2.47391
v -0.229703 -0.0522929 2.47633
v -0.231523 -0.0539118 2.4763
v -0.233343 -0.0555308 2.47627
v -0.230577 -0.0515577 2.47914
v -0.231452 -0.0538326 2.47924
v -0.232327 -0.0561075 2.47935
v -0.230261 -0.0515185 2.48255
v -0.230703 -0.0539143 2.4826
v -0.231145 -0.05631 2.48265
v -0.227613 -0.0515812 2.48468
v -0.22859 -0.0536584 2.4858
v -0.229567 -0.0557357 2.48691
v -0.225999 -0.0502456 2.48712
v -0.227052 -0.0514063 2.48891
v -0.228105 -0.052567 2.49069
v -0.224088 -0.0490116 2.49094
v -0.19218 -0.0908836 2.2722
v -0.181622 -0.0780887 2.27267
v -0.171065 -0.0652939 2.27315
v -0.192455 -0.0899914 2.2894
v -0.186302 -0.0747823 2.28763
v -0.180148 -0.0595733 2.28587
v -0.20092 -0.0842309 2.30735
v -0.19471 -0.0691299 2.3048
v -0.188499 -0.0540288 2.30226
v -0.215399 -0.071085 2.32458
v -0.20386 -0.0593067 2.32385
v -0.192321 -0.0475284 2.32311
v -0.232809 -0.0570518 2.33079
v -0.221386 -0.0462791 2.338
v -0.209964 -0.0355063 2.3452
v -0.252311 -0.0387068 2.33885
v -0.241504 -0.0271539 2.34181
v -0.230696 -0.0156009 2.34477
v -0.265112 -0.0207768 2.35784
v -0.167779 -0.0761467 2.27281
v -0.195465 -0.0800307 2.27253
v -0.16733 -0.0840683 2.28404
v -0.181102 -0.0827028 2.28534
v -0.194874 -0.0813372 2.28665
v -0.167776 -0.0925747 2.29914
v -0.1813 -0.0896346 2.30064
v -0.194824 -0.0866946 2.30214
v -0.169271 -0.0998134 2.31908
v -0.183082 -0.0986323 2.31799
v -0.196893 -0.0974511 2.31691
v -0.16944 -0.116162 2.33022
v -0.182508 -0.112165 2.33523
v -0.195577 -0.108169 2.34023
v -0.169341 -0.133572 2.33882
v -0.174728 -0.128634 2.35024
v -0.180116 -0.123696 2.36166
v -0.170196 -0.145198 2.36789
v -0.194189 -0.0694564 2.27289
v -0.169055 -0.086721 2.27246
v -0.193594 -0.0698617 2.28822
v -0.179536 -0.0754042 2.28699
v -0.165477 -0.0809468 2.28577
v -0.189968 -0.0635516 2.30476
v -0.177524 -0.0722504 2.30493
v -0.16508 -0.0809491 2.3051
v -0.181474 -0.0553149 2.32428
v -0.173214 -0.0679785 2.32546
v -0.164955 -0.0806421 2.32664
v -0.173918 -0.0460516 2.34214
v -0.171235 -0.0605238 2.34809
v -0.168553 -0.074996 2.35403
v -0.181108 -0.0397051 2.36552
v -0.181634 -0.0535845 2.37059
v -0.182161 -0.0674639 2.37567
v -0.205903 -0.0530559 2.3821
v -0.1791 -0.0889971 2.27233
v -0.184145 -0.0671803 2.27301
v -0.18521 -0.089914 2.28178
v -0.183901 -0.0789456 2.28321
v -0.182592 -0.0679771 2.28464
v -0.190648 -0.0900388 2.2944
v -0.185359 -0.0804464 2.2965
v -0.18007 -0.070854 2.29861
v -0.19167 -0.0920033 2.31012
v -0.188343 -0.0815232 2.31191
v -0.185016 -0.071043 2.3137
v -0.196509 -0.094799 2.32509
v -0.188607 -0.0869742 2.3286
v -0.180705 -0.0791494 2.33211
v -0.200358 -0.101383 2.33781
v -0.196125 -0.0939404 2.3445
v -0.191892 -0.0864979 2.35118
v -0.207351 -0.100098 2.35952
v -0.17817 -0.0719847 2.27289
v -0.185075 -0.0841928 2.27246
v -0.178055 -0.0724169 2.2798
v -0.180649 -0.0788764 2.27933
v -0.183243 -0.0853359 2.27886
v -0.173365 -0.0762487 2.28698
v -0.178777 -0.0806516 2.28735
v -0.18419 -0.0850545 2.28772
v -0.169142 -0.0818855 2.29387
v -0.175388 -0.0842753 2.29586
v -0.181634 -0.086665 2.29786
v -0.164575 -0.0898536 2.29523
v -0.169145 -0.0920701 2.30048
v -0.173716 -0.0942867 2.30573
v -0.156478 -0.0960653 2.30241
v -0.161482 -0.100415 2.30394
v -0.166487 -0.104765 2.30547
v -0.153026 -0.105749 2.31121
v -0.184216 -0.078932 2.27263
v -0.179029 -0.0772454 2.27271
v -0.184432 -0.077438 2.27508
v -0.181754 -0.0778128 2.27529
v -0.179076 -0.0781877 2.2755
v -0.18466 -0.0783079 2.27831
v -0.18211 -0.077396 2.27852
v -0.17956 -0.0764841 2.27873
v -0.185263 -0.0774698 2.28198
v -0.182912 -0.0761179 2.28204
v -0.180561 -0.074766 2.2821
v -0.187325 -0.0747867 2.28361
v -0.185023 -0.0738399 2.28498
v -0.182721 -0.072893 2.28634
v -0.189915 -0.073774 2.2858
v -0.188478 -0.0733334 2.28798
v -0.187041 -0.0728928 2.29016
v -0.192861 -0.0718471 2.28928
v -0.258959 -0.015131 2.7385
v -0.260016 -0.0110689 2.73795
v -0.255918 -0.0100217 2.73781
v -0.254861 -0.0140838 2.73836
v -0.258347 -0.013644 2.75187
v -0.259388 -0.00961272 2.75147
v -0.255342 -0.00859607 2.75118
v -0.254301 -0.0126274 2.75158
v -0.257428 -0.0122322 2.76523
v -0.258421 -0.00836938 2.76491
v -0.254553 -0.00740336 2.76457
v -0.253561 -0.0112662 2.76489
v -0.25641 -0.0108249 2.77858
v -0.257339 -0.00720056 2.7783
v -0.253714 -0.00629623 2.77797
v -0.252784 -0.0099206 2.77824
v -0.254313 -0.0100416 2.79186
v -0.255148 -0.00667447 2.79183
v -0.25182 -0.00585406 2.79129
v -0.250985 -0.00922123 2.79132
v -0.251123 -0.00990897 2.80494
v -0.251842 -0.00684247 2.80512
v -0.248856 -0.0061008 2.80442
v -0.248137 -0.0091673 2.80424
v -0.245542 -0.0112932 2.81712
v -0.246042 -0.00859397 2.81769
v -0.243527 -0.00790754 2.81666
v -0.243027 -0.0106068 2.81608
v -0.250218 -0.0193024 2.82448
v -0.250375 -0.0176097 2.82615
v -0.248143 -0.0180841 2.82684
v -0.247986 -0.0197768 2.82517
v -0.255092 -0.0295496 2.82017
v -0.256196 -0.029528 2.82162
v -0.254984 -0.0305097 2.82256
v -0.253881 -0.0305313 2.82111
v -0.25398 -0.0328605 2.80822
v -0.255058 -0.0333596 2.80829
v -0.254558 -0.0343921 2.80861
v -0.25348 -0.0338931 2.80854
v -0.240561 -0.0475934 2.50954
v -0.243508 -0.0518595 2.50936
v -0.247389 -0.0490938 2.50731
v -0.244442 -0.0448277 2.50749
v -0.246363 -0.0435223 2.52444
v -0.249338 -0.0476965 2.52443
v -0.25311 -0.0450047 2.52224
v -0.250134 -0.0408305 2.52225
v -0.25231 -0.0391254 2.5392
v -0.255183 -0.0430984 2.53926
v -0.258764 -0.0405434 2.53709
v -0.25589 -0.0365705 2.53703
v -0.258322 -0.034639 2.5539
v -0.261024 -0.0383593 2.55397
v -0.264374 -0.0359689 2.55192
v -0.261672 -0.0322486 2.55184
v -0.264489 -0.0287424 2.56802
v -0.267087 -0.0320938 2.56834
v -0.270085 -0.0299721 2.5662
v -0.267487 -0.0266206 2.56588
v -0.270759 -0.0214452 2.58144
v -0.273216 -0.0243876 2.58194
v -0.275848 -0.0225635 2.57978
v -0.273391 -0.019621 2.57927
v -0.277027 -0.0111764 2.59274
v -0.279408 -0.013503 2.59359
v -0.281551 -0.0121707 2.59126
v -0.27917 -0.0098441 2.5904
v -0.268245 -0.00654446 2.60333
v -0.270237 -0.00740675 2.60528
v -0.271583 -0.00482451 2.60505
v -0.269592 -0.00396222 2.60309
v -0.253743 -0.00444428 2.60076
v -0.253403 -0.00493035 2.60291
v -0.253612 -0.0027712 2.60343
v -0.253952 -0.00228513 2.60128
v -0.247855 -0.00508507 2.58669
v -0.246632 -0.00562665 2.58727
v -0.246101 -0.00427558 2.58741
v -0.247323 -0.003734 2.58683
v -0.186395 -0.080018 2.31384
v -0.180663 -0.0795107 2.31434
v -0.180089 -0.0851995 2.31352
v -0.185821 -0.0857068 2.31303
v -0.18826 -0.0834797 2.33179
v -0.182614 -0.0830125 2.33248
v -0.182029 -0.088599 2.33147
v -0.187675 -0.0890661 2.33078
v -0.190284 -0.0873291 2.34964
v -0.184894 -0.0868991 2.35038
v -0.184325 -0.0922262 2.34934
v -0.189715 -0.0926562 2.34859
v -0.192334 -0.091309 2.36746
v -0.187281 -0.0909106 2.36818
v -0.186745 -0.0959017 2.36717
v -0.191798 -0.0963001 2.36645
v -0.19541 -0.0965596 2.3848
v -0.190784 -0.0962664 2.38576
v -0.190242 -0.100806 2.38453
v -0.194867 -0.101099 2.38357
v -0.199516 -0.103072 2.40148
v -0.19537 -0.102896 2.40262
v -0.194816 -0.106934 2.40124
v -0.198962 -0.10711 2.40009
v -0.20587 -0.112244 2.41608
v -0.202363 -0.112337 2.41761
v -0.201691 -0.115677 2.41586
v -0.205198 -0.115584 2.41433
v -0.217513 -0.105316 2.42489
v -0.215709 -0.105807 2.42755
v -0.216988 -0.10878 2.42787
v -0.218792 -0.10829 2.42521
v -0.228837 -0.0955841 2.41772
v -0.228981 -0.0943675 2.41988
v -0.230787 -0.0959011 2.42063
v -0.230644 -0.0971176 2.41847
v -0.230128 -0.0942144 2.40083
v -0.230585 -0.09267 2.40104
v -0.232139 -0.0931372 2.4011
v -0.231682 -0.0946816 2.40089
v -0.251912 -0.0318167 2.81899
v -0.249109 -0.0265897 2.81223
v -0.257335 -0.0289753 2.81241
v -0.257651 -0.0372292 2.81468
v -0.249619 -0.0399447 2.81591
v -0.24434 -0.0333691 2.8144
v -0.248508 -0.0293996 2.80212
v -0.256734 -0.0317852 2.80229
v -0.25705 -0.0400391 2.80456
v -0.249018 -0.0427546 2.80579
v -0.243739 -0.036179 2.80428
v -0.250709 -0.0374365 2.79875
v -0.253507 -0.00029366 2.59797
v -0.258486 -0.00421782 2.58896
v -0.250392 -0.00959007 2.59295
v -0.242987 -0.00269401 2.59576
v -0.246504 0.00694024 2.5935
v -0.256083 0.00599847 2.5893
v -0.253252 -0.00505578 2.57721
v -0.245158 -0.010428 2.5812
v -0.237753 -0.00353197 2.584
v -0.24127 0.00610228 2.58175
v -0.250849 0.00516051 2.57755
v -0.243039 -0.00196958 2.57447
v -0.232159 -0.0990621 2.41491
v -0.223971 -0.102919 2.40664
v -0.225465 -0.0914121 2.40805
v -0.236924 -0.0893615 2.40912
v -0.242512 -0.0996011 2.40836
v -0.234506 -0.10798 2.40683
v -0.225003 -0.101304 2.39242
v -0.226497 -0.0897975 2.39383
v -0.237956 -0.0877468 2.39489
v -0.243544 -0.0979864 2.39414
v -0.235539 -0.106366 2.39261
v -0.234224 -0.0958328 2.38646
v -0.257828 -0.0298162 2.81808
v -0.255026 -0.0245892 2.81133
v -0.263252 -0.0269749 2.8115
v -0.263567 -0.0352287 2.81377
v -0.255536 -0.0379443 2.81501
v -0.250257 -0.0313686 2.81349
v -0.254425 -0.0273991 2.80121
v -0.262651 -0.0297848 2.80138
v -0.262966 -0.0380387 2.80366
v -0.254935 -0.0407542 2.80489
v -0.249656 -0.0341786 2.80337
v -0.256626 -0.035436 2.79784
v -0.250916 -0.00739107 2.59963
v -0.255895 -0.0113152 2.59062
v -0.247801 -0.0166875 2.59461
v -0.240396 -0.00979142 2.59742
v -0.243913 -0.000157172 2.59516
v -0.253492 -0.00109894 2.59096
v -0.250661 -0.0121532 2.57887
v -0.242567 -0.0175254 2.58286
v -0.235162 -0.0106294 2.58566
v -0.238679 -0.000995132 2.58341
v -0.248258 -0.0019369 2.57921
v -0.240449 -0.00906699 2.57613
v -0.228043 -0.0915188 2.41547
v -0.219854 -0.0953758 2.4072
v -0.221349 -0.0838688 2.40861
v -0.232808 -0.0818181 2.40968
v -0.238395 -0.0920577 2.40892
v -0.23039 -0.100437 2.40739
v -0.220887 -0.0937611 2.39297
v -0.222381 -0.0822541 2.39439
v -0.23384 -0.0802034 2.39545
v -0.239428 -0.090443 2.3947
v -0.231422 -0.0988221 2.39316
v -0.230108 -0.0882894 2.38702
v -0.0756215 -0.0978231 1.58912
v -0.0812263 -0.10606 1.58801
v -0.0894385 -0.100365 1.58721
v -0.0838338 -0.0921273 1.58833
v -0.0925353 -0.103936 1.71697
v -0.0979221 -0.111824 1.71614
v -0.105796 -0.106384 1.71554
v -0.100409 -0.0984963 1.71638
v -0.107551 -0.109029 1.84542
v -0.111217 -0.114465 1.84451
v -0.116679 -0.110736 1.84423
v -0.113013 -0.105299 1.84514
v -0.115407 -0.116591 1.88357
v -0.117881 -0.120357 1.88253
v -0.121725 -0.117792 1.88238
v -0.119251 -0.114026 1.88342
v -0.115672 -0.118764 1.89855
v -0.119701 -0.124897 1.89686
v -0.125962 -0.120719 1.89662
v -0.121932 -0.114586 1.89831
v -0.0755 -0.0994727 1.589
v -0.0834074 -0.103719 1.59347
v -0.0895601 -0.0987151 1.58733
v -0.0816527 -0.0944683 1.58287
v -0.080551 -0.00185504 1.67336
v -0.0880938 -0.00660892 1.67688
v -0.0940059 -0.000840035 1.67201
v -0.0864631 0.00391384 1.66849
v -0.0865713 0.0793582 1.77396
v -0.0917005 0.0754743 1.77552
v -0.0958531 0.0798994 1.77288
v -0.0907239 0.0837833 1.77132
v -0.0941444 0.0946062 1.80981
v -0.0976355 0.0916329 1.8104
v -0.100593 0.0947771 1.80874
v -0.0971014 0.0977504 1.80815
v -0.0942749 0.0998326 1.82402
v -0.0999615 0.0949896 1.82498
v -0.104778 0.100111 1.82228
v -0.0990916 0.104954 1.82132
v -0.00666835 0.00563323 0.860703
v 0.00555237 0.00668817 0.859312
v 0.00676457 -0.00551769 0.860705
v -0.00545615 -0.00657264 0.862096
v 0.0143291 0.0305369 1.06237
v 0.0262003 0.0316031 1.06145
v 0.0273371 0.0197385 1.06237
v 0.0154659 0.0186723 1.06329
v 0.0297845 0.0466074 1.26575
v 0.0393095 0.0474521 1.26455
v 0.0402311 0.0378755 1.26512
v 0.0307061 0.0370308 1.26632
v 0.0645782 0.0569809 1.3908
v 0.0701305 0.0575175 1.38966
v 0.0707375 0.0518651 1.38996
v 0.0651852 0.0513285 1.39109
v 0.0664825 0.0588883 1.40561
v 0.0738275 0.0595982 1.40411
v 0.0746305 0.0521207 1.4045
v 0.0672855 0.0514108 1.406
v -0.00725099 0.0048419 0.860882
v 0.00361008 0.00526767 0.866734
v 0.00734722 -0.00472636 0.860526
v -0.00351386 -0.00515213 0.854674
v -0.0818549 -0.114981 1.00847
v -0.0707149 -0.113586 1.01257
v -0.0677631 -0.124317 1.00821
v -0.0789032 -0.125712 1.0041
v -0.134858 -0.20284 1.18546
v -0.125548 -0.201023 1.18716
v -0.123337 -0.210087 1.18475
v -0.132647 -0.211903 1.18304
v -0.131083 -0.235958 1.31133
v -0.125557 -0.234606 1.31154
v -0.12419 -0.240033 1.3105
v -0.129715 -0.241385 1.31029
v -0.132066 -0.238096 1.3262
v -0.124756 -0.236307 1.32648
v -0.122947 -0.243486 1.3251
v -0.130257 -0.245276 1.32482
v -0.120661 -0.0939422 1.86958
v -0.116315 -0.114641 1.86836
v -0.111969 -0.13534 1.86715
v -0.106968 -0.093427 1.88776
v -0.100046 -0.111934 1.88046
v -0.0931246 -0.13044 1.87315
v -0.082096 -0.0886759 1.89824
v -0.0769182 -0.107429 1.89008
v -0.0717405 -0.126181 1.88192
v -0.0489619 -0.0849572 1.89774
v -0.0479154 -0.105966 1.89653
v -0.046869 -0.126975 1.89531
v -0.0234174 -0.0796094 1.88253
v -0.0162057 -0.0993693 1.88915
v -0.00899401 -0.119129 1.89578
v 0.00780588 -0.0768196 1.86489
v 0.0118238 -0.0968497 1.86708
v 0.0158418 -0.11688 1.86926
v 0.0448039 -0.0796895 1.86374
v -0.125211 -0.129616 1.86672
v -0.107419 -0.0996666 1.87001
v -0.137945 -0.122071 1.87412
v -0.127696 -0.109105 1.87955
v -0.117448 -0.0961395 1.88498
v -0.153207 -0.112541 1.88418
v -0.142877 -0.100382 1.89118
v -0.132547 -0.0882237 1.89817
v -0.171353 -0.101721 1.89853
v -0.161142 -0.0880841 1.90207
v -0.150931 -0.0744473 1.9056
v -0.191127 -0.0891808 1.89518
v -0.185369 -0.0759227 1.90626
v -0.179611 -0.0626646 1.91734
v -0.210485 -0.077298 1.88714
v -0.21427 -0.0711321 1.90249
v -0.218056 -0.0649663 1.91784
v -0.243525 -0.0615142 1.90115
v -0.0988866 -0.109436 1.86984
v -0.133743 -0.119847 1.86688
v -0.0981632 -0.118654 1.88634
v -0.114022 -0.126073 1.88157
v -0.12988 -0.133493 1.8768
v -0.0932325 -0.136214 1.89855
v -0.110691 -0.141078 1.89721
v -0.12815 -0.145942 1.89587
v -0.0899358 -0.161173 1.90735
v -0.107573 -0.162096 1.91153
v -0.12521 -0.163019 1.91571
v -0.0851764 -0.184772 1.91128
v -0.0991655 -0.186427 1.92402
v -0.113155 -0.188082 1.93677
v -0.0715329 -0.204624 1.92691
v -0.0817005 -0.204933 1.9414
v -0.0918681 -0.205243 1.95588
v -0.0587405 -0.207344 1.96378
v -0.127085 -0.109431 1.86806
v -0.105544 -0.119851 1.86867
v -0.122768 -0.101907 1.87619
v -0.114318 -0.1099 1.87871
v -0.105869 -0.117893 1.88123
v -0.117684 -0.0944591 1.88712
v -0.112809 -0.104254 1.89185
v -0.107934 -0.114049 1.89657
v -0.116166 -0.0875878 1.90201
v -0.10916 -0.0962643 1.90618
v -0.102154 -0.104941 1.91034
v -0.112287 -0.076883 1.91333
v -0.110022 -0.0858018 1.92173
v -0.107757 -0.0947207 1.93013
v -0.111901 -0.0640849 1.92201
v -0.106601 -0.0683888 1.9314
v -0.101302 -0.0726927 1.94078
v -0.0996503 -0.0493084 1.93708
v -0.114284 -0.119701 1.86813
v -0.118346 -0.109581 1.8686
v -0.116312 -0.120653 1.87299
v -0.11888 -0.115876 1.8728
v -0.121449 -0.1111 1.8726
v -0.1224 -0.122676 1.87583
v -0.12306 -0.117567 1.87756
v -0.123719 -0.112458 1.87929
v -0.129244 -0.123693 1.87782
v -0.129394 -0.119587 1.88137
v -0.129543 -0.115481 1.88492
v -0.135816 -0.122749 1.8754
v -0.13782 -0.120576 1.88025
v -0.139824 -0.118403 1.88511
v -0.14447 -0.126748 1.87544
v -0.146482 -0.122405 1.8777
v -0.148494 -0.118061 1.87996
v -0.154691 -0.12741 1.87787
v -0.0934527 0.11395 1.79178
v -0.0952104 0.0894114 1.7954
v -0.0969682 0.0648733 1.79902
v -0.0796474 0.114674 1.81364
v -0.0766419 0.0903217 1.81059
v -0.0736364 0.0659695 1.80754
v -0.051841 0.116048 1.82723
v -0.0496655 0.0916889 1.82335
v -0.0474899 0.0673297 1.81947
v -0.014194 0.11327 1.82968
v -0.0164861 0.0890069 1.83389
v -0.0187783 0.0647439 1.83809
v 0.0163807 0.111344 1.81436
v 0.021967 0.0897415 1.82748
v 0.0275534 0.068139 1.84061
v 0.0538592 0.107192 1.79725
v 0.0566751 0.0843598 1.80449
v 0.0594911 0.0615275 1.81172
v 0.0969231 0.10103 1.79982
v -0.107888 0.0774004 1.79644
v -0.0825329 0.101423 1.79436
v -0.118044 0.0896189 1.80246
v -0.104184 0.0997388 1.8053
v -0.090324 0.109859 1.80815
v -0.129649 0.105427 1.81042
v -0.115539 0.114663 1.8148
v -0.101429 0.123899 1.81917
v -0.142805 0.124923 1.82192
v -0.128147 0.134279 1.82252
v -0.113489 0.143634 1.82313
v -0.157346 0.143311 1.81539
v -0.146009 0.155078 1.82343
v -0.134671 0.166845 1.83147
v -0.171118 0.160162 1.80445
v -0.170749 0.170292 1.81806
v -0.17038 0.180422 1.83166
v -0.192944 0.191296 1.814
v -0.0769981 0.08988 1.79646
v -0.113423 0.0889429 1.79434
v -0.0785074 0.0845776 1.81436
v -0.0958817 0.0807838 1.81075
v -0.113256 0.0769901 1.80714
v -0.0782809 0.069831 1.83048
v -0.096431 0.0695986 1.8296
v -0.114581 0.0693661 1.82872
v -0.0816564 0.048152 1.84604
v -0.0987518 0.0533307 1.84926
v -0.115847 0.0585095 1.85248
v -0.083427 0.0263526 1.85742
v -0.0969221 0.0328181 1.86912
v -0.110417 0.0392836 1.88083
v -0.0748728 0.0100226 1.87982
v -0.0843122 0.017575 1.89275
v -0.0937515 0.0251274 1.90567
v -0.0617136 0.0188387 1.91558
v -0.104152 0.0971752 1.79367
v -0.0862688 0.0816476 1.79714
v -0.0978411 0.104562 1.79987
v -0.0916827 0.0955197 1.80455
v -0.0855243 0.0864776 1.80924
v -0.0908033 0.112495 1.80836
v -0.0883117 0.103634 1.81593
v -0.0858201 0.094772 1.8235
v -0.0873679 0.122342 1.82025
v -0.0822503 0.114318 1.8274
v -0.0771327 0.106293 1.83455
v -0.0808743 0.134566 1.82704
v -0.080162 0.129408 1.83836
v -0.0794497 0.12425 1.84968
v -0.0774082 0.149138 1.82999
v -0.0726447 0.14804 1.84052
v -0.0678812 0.146943 1.85104
v -0.0618801 0.166036 1.83829
v -0.0946439 0.0840503 1.79625
v -0.095777 0.0947725 1.79455
v -0.0970518 0.0846702 1.80123
v -0.0980743 0.0898071 1.79981
v -0.0990969 0.0949439 1.79839
v -0.10373 0.0852185 1.80411
v -0.102626 0.0905273 1.80447
v -0.101522 0.0958362 1.80483
v -0.110793 0.0870783 1.80572
v -0.1093 0.0917569 1.80803
v -0.107808 0.0964355 1.81034
v -0.11666 0.0897305 1.80236
v -0.117429 0.0937741 1.80627
v -0.118198 0.0978176 1.81019
v -0.12639 0.090085 1.8023
v -0.126019 0.0952713 1.80329
v -0.125647 0.100458 1.80428
v -0.135621 0.0949474 1.8037
v 0.0514757 0.0368756 1.37728
v 0.0647592 0.0533415 1.3757
v 0.0780427 0.0698075 1.37412
v 0.0441235 0.0463133 1.39671
v 0.0535529 0.0636963 1.38936
v 0.0629823 0.0810794 1.38202
v 0.0259551 0.0621883 1.40989
v 0.0366059 0.0783804 1.40148
v 0.0472566 0.0945724 1.39307
v 0.00243302 0.0859494 1.41312
v 0.0182313 0.0997834 1.41105
v 0.0340296 0.113617 1.40899
v -0.018936 0.103658 1.40098
v -0.00703991 0.121111 1.40744
v 0.00485615 0.138563 1.41389
v -0.0417864 0.127609 1.3866
v -0.0281177 0.142888 1.38835
v -0.014449 0.158166 1.39009
v -0.0619487 0.158784 1.3886
v 0.0820004 0.0559106 1.37422
v 0.047518 0.0507725 1.37718
v 0.0841445 0.0422135 1.38341
v 0.0674664 0.0424778 1.38834
v 0.0507882 0.042742 1.39328
v 0.0862684 0.0257663 1.39587
v 0.0700985 0.0269378 1.40225
v 0.0539285 0.0281093 1.40863
v 0.089029 0.00712777 1.41327
v 0.0718981 0.00687557 1.41631
v 0.0547672 0.00662336 1.41935
v 0.0919541 -0.0163352 1.41376
v 0.0776796 -0.0185426 1.42485
v 0.063405 -0.0207499 1.43595
v 0.0952103 -0.039702 1.40953
v 0.0924031 -0.0441359 1.42566
v 0.089596 -0.0485698 1.44179
v 0.103792 -0.0725734 1.42909
v 0.0496626 0.0635533 1.37662
v 0.0798558 0.0431298 1.37478
v 0.0556119 0.0697705 1.39333
v 0.0716209 0.0622641 1.38925
v 0.0876299 0.0547577 1.38517
v 0.0653921 0.0845516 1.40602
v 0.0803564 0.0742593 1.40539
v 0.0953206 0.0639669 1.40476
v 0.0818844 0.102893 1.4158
v 0.093724 0.0899907 1.42057
v 0.105564 0.0770885 1.42535
v 0.0965191 0.121629 1.42071
v 0.106097 0.112017 1.43401
v 0.115675 0.102405 1.44731
v 0.101619 0.144737 1.43687
v 0.10755 0.137177 1.45173
v 0.113481 0.129617 1.4666
v 0.0926077 0.155762 1.4733
v 0.0675652 0.0417075 1.37582
v 0.0619531 0.0649756 1.37557
v 0.0589829 0.0405698 1.3841
v 0.0598504 0.0522695 1.3861
v 0.0607178 0.0639691 1.3881
v 0.0499762 0.040274 1.39519
v 0.054554 0.0504603 1.39935
v 0.0591317 0.0606466 1.40351
v 0.0436222 0.0379377 1.41038
v 0.0460912 0.0490686 1.4138
v 0.0485602 0.0601995 1.41722
v 0.0328132 0.0350225 1.42207
v 0.0384903 0.0429485 1.42983
v 0.0441674 0.0508746 1.43759
v 0.0224397 0.0281288 1.43143
v 0.0227033 0.0357468 1.44019
v 0.0229669 0.0433648 1.44894
v 0.00333696 0.0302565 1.44647
v 0.0673869 0.0581113 1.37534
v 0.0621315 0.0485718 1.37606
v 0.069338 0.0573113 1.38023
v 0.0672914 0.0522854 1.3802
v 0.0652447 0.0472596 1.38016
v 0.0747212 0.0540196 1.38325
v 0.0711928 0.0503183 1.38509
v 0.0676645 0.0466169 1.38693
v 0.0798384 0.049511 1.38551
v 0.076742 0.0469167 1.38913
v 0.0736456 0.0443224 1.39276
v 0.0833721 0.0437893 1.38342
v 0.0829499 0.0410738 1.38839
v 0.0825277 0.0383583 1.39336
v 0.0920095 0.0398274 1.38377
v 0.0899982 0.0355658 1.38618
v 0.0879868 0.0313042 1.38859
v 0.0991426 0.0326206 1.38659
v -0.140654 -0.256403 1.29456
v -0.127766 -0.235199 1.29618
v -0.114878 -0.213996 1.2978
v -0.153155 -0.248723 1.31628
v -0.144401 -0.226217 1.31097
v -0.135647 -0.203711 1.30566
v -0.178478 -0.235374 1.32936
v -0.168573 -0.213551 1.32313
v -0.158668 -0.191728 1.3169
v -0.210348 -0.214056 1.33053
v -0.195972 -0.194024 1.33246
v -0.181597 -0.173992 1.33438
v -0.236493 -0.198201 1.31406
v -0.229633 -0.175792 1.32506
v -0.222773 -0.153383 1.33605
v -0.266842 -0.176457 1.29541
v -0.256915 -0.155135 1.30073
v -0.246988 -0.133814 1.30606
v -0.299949 -0.148137 1.29642
v -0.110974 -0.230303 1.2965
v -0.144558 -0.240096 1.29585
v -0.107471 -0.245188 1.30368
v -0.124353 -0.247624 1.3071
v -0.141235 -0.25006 1.31052
v -0.104157 -0.263636 1.31327
v -0.120808 -0.265133 1.31817
v -0.137459 -0.266631 1.32307
v -0.100851 -0.285591 1.32691
v -0.118111 -0.287449 1.32808
v -0.135372 -0.289307 1.32925
v -0.0960553 -0.308866 1.32264
v -0.111181 -0.313765 1.33153
v -0.126306 -0.318664 1.34041
v -0.0911921 -0.330866 1.31377
v -0.0954992 -0.338581 1.32825
v -0.0998062 -0.346296 1.34274
v -0.0842372 -0.36723 1.32666
v -0.14414 -0.227171 1.29687
v -0.111392 -0.243228 1.29549
v -0.140044 -0.221679 1.31427
v -0.12293 -0.226592 1.31077
v -0.105817 -0.231505 1.30726
v -0.133221 -0.207031 1.32881
v -0.116949 -0.215117 1.32847
v -0.100678 -0.223202 1.32812
v -0.120179 -0.187782 1.34176
v -0.107056 -0.199502 1.34621
v -0.0939326 -0.211221 1.35067
v -0.108744 -0.167969 1.3501
v -0.0990676 -0.177848 1.36313
v -0.0893913 -0.187727 1.37615
v -0.108579 -0.146626 1.36936
v -0.102988 -0.155289 1.38374
v -0.0973966 -0.163952 1.39813
v -0.12291 -0.142537 1.40553
v -0.123418 -0.246314 1.29529
v -0.132114 -0.224084 1.29707
v -0.132405 -0.249491 1.30207
v -0.133536 -0.23822 1.30572
v -0.134666 -0.226948 1.30937
v -0.142267 -0.25247 1.31128
v -0.140057 -0.242696 1.31773
v -0.137848 -0.232922 1.32418
v -0.149866 -0.258205 1.32426
v -0.150172 -0.247849 1.33012
v -0.150478 -0.237492 1.33598
v -0.1614 -0.264827 1.33242
v -0.159063 -0.258403 1.34284
v -0.156727 -0.25198 1.35326
v -0.171652 -0.275178 1.33728
v -0.174822 -0.270239 1.3473
v -0.177992 -0.2653 1.35731
v -0.193391 -0.280232 1.34716
v -0.125793 -0.230126 1.29657
v -0.129738 -0.240273 1.29579
v -0.123897 -0.231336 1.30156
v -0.125323 -0.236495 1.30066
v -0.126749 -0.241654 1.29977
v -0.118199 -0.234499 1.30457
v -0.121486 -0.238728 1.30549
v -0.124774 -0.242958 1.3064
v -0.112698 -0.238987 1.30653
v -0.115926 -0.242324 1.30935
v -0.119154 -0.24566 1.31216
v -0.108602 -0.244146 1.30371
v -0.109389 -0.247697 1.30807
v -0.110175 -0.251249 1.31244
v -0.0998591 -0.248227 1.30397
v -0.102135 -0.252758 1.30549
v -0.104411 -0.257289 1.307
v -0.0931112 -0.25603 1.30606
v -0.11837 -0.126674 1.92104
v -0.122289 -0.132595 1.91849
v -0.128681 -0.128633 1.91911
v -0.124762 -0.122713 1.92167
v -0.120997 -0.135168 1.94334
v -0.124854 -0.140971 1.94069
v -0.131184 -0.137103 1.94143
v -0.127327 -0.1313 1.94408
v -0.123716 -0.143954 1.96551
v -0.127399 -0.149483 1.96291
v -0.13346 -0.145805 1.96368
v -0.129777 -0.140276 1.96627
v -0.126328 -0.153471 1.98738
v -0.129767 -0.158598 1.98481
v -0.135467 -0.155207 1.98567
v -0.132028 -0.150081 1.98825
v -0.128524 -0.164667 2.0085
v -0.131674 -0.16926 2.00581
v -0.136974 -0.166273 2.00692
v -0.133824 -0.16168 2.00961
v -0.130123 -0.178009 2.02839
v -0.132961 -0.181972 2.02559
v -0.137808 -0.179469 2.02695
v -0.134971 -0.175507 2.02976
v -0.131056 -0.193528 2.04668
v -0.133564 -0.196805 2.04386
v -0.137888 -0.194826 2.0454
v -0.13538 -0.191549 2.04823
v -0.115631 -0.192507 2.06112
v -0.11593 -0.196738 2.06136
v -0.118875 -0.196355 2.0644
v -0.118576 -0.192124 2.06416
v -0.0971119 -0.182062 2.058
v -0.0955153 -0.184715 2.05897
v -0.0956801 -0.183691 2.06205
v -0.0972767 -0.181038 2.06108
v -0.0902481 -0.176159 2.03777
v -0.0884418 -0.177237 2.03805
v -0.0875484 -0.175519 2.03891
v -0.0893547 -0.174441 2.03864
v -0.097997 0.104403 1.84728
v -0.10356 0.0993069 1.84739
v -0.108521 0.104682 1.84554
v -0.102958 0.109779 1.84543
v -0.101826 0.108368 1.87064
v -0.107301 0.103309 1.87062
v -0.112223 0.108644 1.86892
v -0.106748 0.113703 1.86894
v -0.105832 0.112054 1.89402
v -0.11106 0.107204 1.89393
v -0.115778 0.112317 1.89237
v -0.110551 0.117167 1.89245
v -0.10996 0.11496 1.91748
v -0.114838 0.110391 1.91725
v -0.119288 0.115208 1.91594
v -0.11441 0.119777 1.91617
v -0.114204 0.115986 1.94108
v -0.118659 0.111733 1.94053
v -0.122829 0.116214 1.93966
v -0.118373 0.120467 1.94021
v -0.118548 0.11447 1.96464
v -0.122531 0.110607 1.96373
v -0.126392 0.114678 1.96334
v -0.122409 0.118541 1.96426
v -0.122953 0.110195 1.98785
v -0.126426 0.10681 1.98663
v -0.129926 0.110379 1.98669
v -0.126453 0.113764 1.98791
v -0.107181 0.113553 2.00153
v -0.108659 0.110189 2.00367
v -0.111219 0.112734 2.00591
v -0.109741 0.116098 2.00378
v -0.0866321 0.115812 1.99567
v -0.0858106 0.113595 1.99789
v -0.0855248 0.115934 2.00012
v -0.0863464 0.118151 1.9979
v -0.0793818 0.109466 1.97571
v -0.0779457 0.108192 1.97661
v -0.0765587 0.109796 1.97667
v -0.0779948 0.11107 1.97576
v 0.0735145 0.0636888 1.42805
v 0.0806549 0.0642778 1.42568
v 0.0816782 0.0569081 1.42694
v 0.0745378 0.056319 1.4293
v 0.0809552 0.0689012 1.45026
v 0.0879691 0.0694548 1.4478
v 0.0890209 0.0622019 1.44916
v 0.082007 0.0616483 1.45163
v 0.0886838 0.0742212 1.47235
v 0.0953745 0.0747373 1.46994
v 0.0963995 0.0678127 1.4713
v 0.0897088 0.0672967 1.47372
v 0.0969162 0.0800664 1.49413
v 0.103141 0.0805131 1.49172
v 0.104152 0.0740563 1.49314
v 0.0979278 0.0736096 1.49555
v 0.106197 0.0872439 1.51507
v 0.111831 0.0875604 1.51254
v 0.112888 0.0816865 1.51416
v 0.107255 0.08137 1.51669
v 0.116787 0.096152 1.53468
v 0.121741 0.0962942 1.53202
v 0.122872 0.091098 1.53385
v 0.117918 0.0909558 1.53651
v 0.128677 0.106834 1.55259
v 0.132894 0.106789 1.5499
v 0.134087 0.102341 1.55185
v 0.129869 0.102387 1.55454
v 0.117535 0.119125 1.56571
v 0.120968 0.121624 1.56587
v 0.122453 0.119372 1.56915
v 0.11902 0.116873 1.56899
v 0.0977761 0.126345 1.56133
v 0.0987593 0.129341 1.56209
v 0.097973 0.128806 1.5652
v 0.0969897 0.12581 1.56443
v 0.0895446 0.126193 1.54075
v 0.0892079 0.128286 1.54084
v 0.0872876 0.127938 1.54167
v 0.0876243 0.125846 1.54158
v -0.129796 -0.239119 1.35007
v -0.122519 -0.237223 1.34946
v -0.120659 -0.244519 1.34897
v -0.127937 -0.246415 1.34958
v -0.127149 -0.239647 1.37392
v -0.119973 -0.23777 1.37318
v -0.118122 -0.244982 1.37283
v -0.125299 -0.24686 1.37357
v -0.124217 -0.240011 1.39774
v -0.117358 -0.238214 1.39697
v -0.115581 -0.245114 1.3967
v -0.122439 -0.246911 1.39746
v -0.120815 -0.239737 1.4215
v -0.114403 -0.238052 1.42062
v -0.112717 -0.244523 1.42052
v -0.11913 -0.246208 1.42139
v -0.116444 -0.237857 1.44502
v -0.110566 -0.236318 1.44387
v -0.108955 -0.242284 1.44412
v -0.114833 -0.243823 1.44527
v -0.110821 -0.233831 1.46801
v -0.105558 -0.232486 1.46655
v -0.104011 -0.237856 1.46719
v -0.109275 -0.239201 1.46864
v -0.103898 -0.22751 1.49011
v -0.0993196 -0.226407 1.48843
v -0.0978434 -0.231089 1.48937
v -0.102422 -0.232192 1.49105
v -0.118816 -0.220481 1.50335
v -0.115867 -0.217815 1.50485
v -0.114657 -0.220745 1.50768
v -0.117607 -0.223411 1.50618
v -0.138362 -0.214216 1.49699
v -0.137975 -0.211475 1.49868
v -0.139199 -0.212927 1.50131
v -0.139586 -0.215668 1.49962
v -0.142802 -0.209383 1.47582
v -0.143453 -0.207442 1.47637
v -0.145416 -0.208187 1.47667
v -0.144765 -0.210128 1.47612
v -0.0964676 -0.176095 2.05639
v -0.104297 -0.176747 2.0474
v -0.096729 -0.184176 2.0476
v -0.0871843 -0.181913 2.05164
v -0.0852073 -0.172221 2.05546
v -0.0927749 -0.164793 2.05526
v -0.10232 -0.167055 2.05122
v -0.104108 -0.173797 2.03374
v -0.093406 -0.184303 2.03404
v -0.0799077 -0.181103 2.03974
v -0.0771118 -0.167396 2.04516
v -0.0878141 -0.15689 2.04487
v -0.101312 -0.160091 2.03916
v -0.0960128 -0.168972 2.02344
v -0.0884451 -0.176401 2.02364
v -0.0789004 -0.174138 2.02768
v -0.0769234 -0.164446 2.03151
v -0.0844911 -0.157017 2.0313
v -0.0940358 -0.15928 2.02727
v -0.0847524 -0.165099 2.02251
v -0.0843969 0.119904 1.99156
v -0.092523 0.117308 1.9832
v -0.0873819 0.10908 1.98749
v -0.0774004 0.110247 1.99088
v -0.0725601 0.119643 1.98998
v -0.0777013 0.127871 1.9857
v -0.0876828 0.126704 1.98231
v -0.0921783 0.113377 1.9698
v -0.0849076 0.10174 1.97586
v -0.0707917 0.103391 1.98066
v -0.0639465 0.116678 1.9794
v -0.0712172 0.128315 1.97334
v -0.0853331 0.126664 1.96854
v -0.0835646 0.110412 1.95921
v -0.0784235 0.102184 1.9635
v -0.068442 0.103351 1.96689
v -0.0636017 0.112747 1.966
v -0.0687429 0.120975 1.96171
v -0.0787244 0.119807 1.95832
v -0.0717278 0.110151 1.95764
v 0.0928362 0.12289 1.55982
v 0.0986517 0.116604 1.55149
v 0.0995107 0.127158 1.55088
v 0.0915308 0.133327 1.55416
v 0.082692 0.128943 1.55805
v 0.081833 0.118389 1.55866
v 0.0898129 0.112219 1.55538
v 0.096732 0.113767 1.53795
v 0.0979467 0.128693 1.53708
v 0.0866615 0.137418 1.54172
v 0.0741615 0.131217 1.54723
v 0.0729468 0.116291 1.54809
v 0.084232 0.107566 1.54346
v 0.0882015 0.116041 1.52713
v 0.0890605 0.126595 1.52652
v 0.0810807 0.132764 1.5298
v 0.0722418 0.12838 1.53369
v 0.0713829 0.117826 1.5343
v 0.0793627 0.111656 1.53102
v 0.0780574 0.122094 1.52536
v -0.142407 -0.21756 1.49366
v -0.134384 -0.220692 1.48539
v -0.134987 -0.210356 1.48769
v -0.144229 -0.206128 1.49072
v -0.152869 -0.212237 1.49145
v -0.152266 -0.222573 1.48915
v -0.143023 -0.226801 1.48612
v -0.133499 -0.219799 1.47147
v -0.134352 -0.205181 1.47473
v -0.147423 -0.199202 1.47902
v -0.159641 -0.207841 1.48005
v -0.158788 -0.22246 1.4768
v -0.145717 -0.228439 1.47251
v -0.140271 -0.215404 1.46008
v -0.140874 -0.205067 1.46238
v -0.150117 -0.20084 1.46541
v -0.158756 -0.206948 1.46614
v -0.158153 -0.217285 1.46384
v -0.148911 -0.221513 1.46081
v -0.150733 -0.210081 1.45787
v -0.0930441 -0.186579 2.05417
v -0.100873 -0.187232 2.04518
v -0.0933054 -0.19466 2.04538
v -0.0837607 -0.192397 2.04942
v -0.0817837 -0.182706 2.05325
v -0.0893514 -0.175277 2.05304
v -0.0988961 -0.17754 2.04901
v -0.100685 -0.184281 2.03153
v -0.0899824 -0.194787 2.03182
v -0.0764841 -0.191587 2.03752
v -0.0736882 -0.177881 2.04294
v -0.0843905 -0.167375 2.04265
v -0.0978888 -0.170575 2.03694
v -0.0925893 -0.179456 2.02122
v -0.0850216 -0.186885 2.02142
v -0.0754768 -0.184622 2.02546
v -0.0734998 -0.17493 2.02929
v -0.0810675 -0.167501 2.02908
v -0.0906122 -0.169764 2.02505
v -0.0813289 -0.175583 2.02029
v -0.0842127 0.109112 1.99473
v -0.0923388 0.106516 1.98637
v -0.0871976 0.098288 1.99066
v -0.0772161 0.0994554 1.99405
v -0.0723759 0.108851 1.99316
v -0.077517 0.117079 1.98887
v -0.0874985 0.115911 1.98548
v -0.091994 0.102584 1.97297
v -0.0847233 0.0909483 1.97903
v -0.0706074 0.0925992 1.98383
v -0.0637622 0.105886 1.98257
v -0.0710329 0.117522 1.97651
v -0.0851488 0.115872 1.97171
v -0.0833804 0.0996199 1.96239
v -0.0782392 0.0913919 1.96667
v -0.0682577 0.0925593 1.97006
v -0.0634175 0.101955 1.96917
v -0.0685587 0.110183 1.96488
v -0.0785401 0.109015 1.96149
v -0.0715436 0.0993591 1.96081
v 0.0987748 0.132038 1.55706
v 0.10459 0.125752 1.54873
v 0.105449 0.136306 1.54812
v 0.0974695 0.142475 1.5514
v 0.0886306 0.138091 1.55529
v 0.0877717 0.127537 1.55591
v 0.0957515 0.121367 1.55263
v 0.102671 0.122915 1.53519
v 0.103885 0.137841 1.53433
v 0.0926002 0.146565 1.53897
v 0.0801002 0.140365 1.54447
v 0.0788854 0.125439 1.54534
v 0.0901707 0.116714 1.5407
v 0.0941402 0.125189 1.52437
v 0.0949992 0.135743 1.52376
v 0.0870193 0.141912 1.52704
v 0.0781805 0.137528 1.53093
v 0.0773215 0.126974 1.53154
v 0.0853014 0.120804 1.52826
v 0.083996 0.131242 1.5226
v -0.137485 -0.207489 1.49462
v -0.129462 -0.210621 1.48634
v -0.130065 -0.200285 1.48864
v -0.139308 -0.196057 1.49168
v -0.147947 -0.202166 1.49241
v -0.147344 -0.212503 1.49011
v -0.138102 -0.21673 1.48708
v -0.128578 -0.209729 1.47243
v -0.12943 -0.19511 1.47569
v -0.142501 -0.189131 1.47998
v -0.154719 -0.197771 1.48101
v -0.153867 -0.212389 1.47776
v -0.140796 -0.218368 1.47347
v -0.13535 -0.205333 1.46104
v -0.135953 -0.194997 1.46334
v -0.145195 -0.190769 1.46637
v -0.153835 -0.196878 1.4671
v -0.153232 -0.207214 1.4648
v -0.143989 -0.211442 1.46177
v -0.145812 -0.20001 1.45883
v -0.0949949 -0.131172 1.85022
v -0.117134 -0.11834 1.84968
v -0.139274 -0.105509 1.84915
v -0.104025 -0.144521 1.87199
v -0.126914 -0.134484 1.86718
v -0.149802 -0.124447 1.86238
v -0.118665 -0.168783 1.88947
v -0.141027 -0.157941 1.88381
v -0.16339 -0.147099 1.87816
v -0.141519 -0.200793 1.89839
v -0.161804 -0.185415 1.89847
v -0.18209 -0.170036 1.89856
v -0.162799 -0.235365 1.8975
v -0.182715 -0.220549 1.90719
v -0.20263 -0.205732 1.91687
v -0.187936 -0.271968 1.90922
v -0.207755 -0.257504 1.91298
v -0.227574 -0.24304 1.91674
v -0.217797 -0.295927 1.93807
v -0.109621 -0.0867033 1.83497
v -0.102086 -0.107112 1.84219
v -0.0945508 -0.127521 1.8494
v -0.0892119 -0.0805426 1.8325
v -0.0805373 -0.0989558 1.84275
v -0.0718628 -0.117369 1.853
v -0.0631509 -0.0727321 1.82739
v -0.0535658 -0.0900598 1.83874
v -0.0439807 -0.107388 1.85009
v -0.0307131 -0.0620824 1.82149
v -0.0223425 -0.0814748 1.83007
v -0.0139719 -0.100867 1.83864
v -0.00160404 -0.0545471 1.80057
v 0.00988212 -0.0691508 1.81554
v 0.0213683 -0.0837544 1.83051
v 0.0298237 -0.0455343 1.77926
v 0.0401897 -0.0486059 1.79868
v 0.0505558 -0.0516775 1.8181
v 0.0772091 -0.0295113 1.79281
v -0.131186 -0.126249 1.85816
v -0.121132 -0.104778 1.84644
v -0.111078 -0.0833078 1.83472
v -0.150475 -0.108882 1.87227
v -0.140525 -0.0899448 1.85698
v -0.130575 -0.0710079 1.84169
v -0.179192 -0.0901861 1.8778
v -0.165855 -0.0707067 1.86613
v -0.152518 -0.0512274 1.85445
v -0.21216 -0.0662582 1.87311
v -0.195701 -0.0462303 1.86866
v -0.179242 -0.0262023 1.86421
v -0.24707 -0.0444525 1.86655
v -0.231551 -0.0223595 1.87194
v -0.216031 -0.000266389 1.87732
v -0.28428 -0.0186485 1.88212
v -0.26817 -0.000578304 1.89059
v -0.252059 0.0174919 1.89906
v -0.295227 0.0148008 1.92784
v -0.0852727 -0.109855 1.84135
v -0.107562 -0.117545 1.84984
v -0.129851 -0.125234 1.85833
v -0.07543 -0.126794 1.85418
v -0.0960579 -0.131599 1.86731
v -0.116686 -0.136405 1.88044
v -0.0624218 -0.147919 1.86889
v -0.0794527 -0.149407 1.88707
v -0.0964835 -0.150895 1.90526
v -0.0410297 -0.169381 1.88904
v -0.0592731 -0.173911 1.9054
v -0.0775166 -0.178441 1.92177
v -0.0164369 -0.198372 1.90228
v -0.0306148 -0.196381 1.92409
v -0.0447926 -0.19439 1.9459
v 0.0138673 -0.222066 1.91604
v 0.000196682 -0.225631 1.93582
v -0.0134739 -0.229197 1.9556
v 0.0287624 -0.258258 1.95115
v -0.130675 -0.0921326 1.84496
v -0.108623 -0.10064 1.84362
v -0.0865702 -0.109148 1.84228
v -0.121604 -0.070082 1.85044
v -0.0999621 -0.0787531 1.84718
v -0.0783203 -0.0874242 1.84392
v -0.109838 -0.0436584 1.83999
v -0.0882119 -0.0516494 1.84492
v -0.0665853 -0.0596403 1.84984
v -0.0947479 -0.0173922 1.82293
v -0.0743745 -0.0219005 1.83384
v -0.0540012 -0.0264087 1.84475
v -0.0795955 0.00230076 1.79449
v -0.0607118 0.00533759 1.81004
v -0.0418281 0.00837442 1.82558
v -0.0676516 0.0430081 1.78096
v -0.0463893 0.0372058 1.78739
v -0.025127 0.0314036 1.79383
v -0.0358567 0.0783127 1.77805
v -0.107899 -0.130244 1.85739
v -0.118693 -0.111592 1.8517
v -0.129487 -0.0929404 1.846
v -0.124608 -0.133632 1.87402
v -0.130263 -0.112434 1.87088
v -0.135918 -0.0912359 1.86773
v -0.136529 -0.132802 1.90075
v -0.146832 -0.114649 1.89321
v -0.157134 -0.0964963 1.88566
v -0.159637 -0.136262 1.92433
v -0.170953 -0.119939 1.91449
v -0.182269 -0.103615 1.90464
v -0.187498 -0.153047 1.93655
v -0.198557 -0.132754 1.93447
v -0.209615 -0.112462 1.93239
v -0.207842 -0.167976 1.96107
v -0.217043 -0.148829 1.96507
v -0.226244 -0.129682 1.96907
v -0.235719 -0.171783 1.99332
v -0.0832775 0.0547398 1.78306
v -0.098855 0.0747495 1.7796
v -0.114432 0.0947592 1.77613
v -0.0960419 0.0498161 1.80699
v -0.11326 0.0669789 1.79946
v -0.130478 0.0841416 1.79193
v -0.118625 0.0372571 1.82888
v -0.134663 0.0549912 1.82005
v -0.150701 0.0727253 1.81123
v -0.152492 0.0205703 1.84392
v -0.164154 0.0427839 1.83962
v -0.175816 0.0649974 1.83531
v -0.186403 -0.000535591 1.84998
v -0.197554 0.0230854 1.85524
v -0.208704 0.0467064 1.8605
v -0.223604 -0.0191857 1.86845
v -0.235493 0.00260189 1.86817
v -0.247382 0.0243895 1.86789
v -0.258989 -0.0218524 1.90068
v -0.080513 0.0979286 1.75959
v -0.0810127 0.0778306 1.7706
v -0.0815124 0.0577325 1.7816
v -0.0600267 0.0952656 1.75669
v -0.05798 0.077077 1.77027
v -0.0559333 0.0588883 1.78385
v -0.0336365 0.092353 1.75106
v -0.029789 0.0750168 1.7654
v -0.0259415 0.0576807 1.77973
v 4.84058e-005 0.0907338 1.7442
v 0.00219922 0.0713815 1.75605
v 0.00435004 0.0520292 1.7679
v 0.0294328 0.0851589 1.72284
v 0.0361489 0.0703612 1.74031
v 0.0428649 0.0555635 1.75778
v 0.0613625 0.0798446 1.70095
v 0.07083 0.0769206 1.72084
v 0.0802975 0.0739966 1.74074
v 0.111852 0.0811661 1.71256
v -0.114467 0.0744699 1.78897
v -0.0975214 0.0879945 1.77383
v -0.0805753 0.101519 1.75869
v -0.12526 0.100599 1.79924
v -0.109306 0.110743 1.78096
v -0.0933527 0.120888 1.76268
v -0.143983 0.130462 1.80029
v -0.124289 0.139892 1.78557
v -0.104595 0.149322 1.77085
v -0.164015 0.165023 1.79009
v -0.140788 0.174741 1.78248
v -0.117562 0.18446 1.77487
v -0.186303 0.198035 1.77843
v -0.1626 0.211946 1.78006
v -0.138897 0.225856 1.78168
v -0.207992 0.239402 1.7876
v -0.185441 0.250296 1.79313
v -0.162889 0.261191 1.79865
v -0.201802 0.281851 1.82618
v -0.0665699 0.0687588 1.77074
v -0.0897051 0.0718341 1.77987
v -0.11284 0.0749094 1.78899
v -0.0634064 0.0518847 1.78666
v -0.0836612 0.0578059 1.79991
v -0.103916 0.0637272 1.81316
v -0.0583524 0.0307583 1.80584
v -0.0737589 0.039536 1.8234
v -0.0891655 0.0483137 1.84096
v -0.0446254 0.00835954 1.831
v -0.0623157 0.0143902 1.84749
v -0.0800059 0.0204208 1.86398
v -0.0306075 -0.0232341 1.85151
v -0.0419046 -0.0114155 1.87184
v -0.0532017 0.000403018 1.89217
v -0.00964539 -0.0521773 1.87128
v -0.0224833 -0.0460366 1.89099
v -0.0353211 -0.0398959 1.91069
v -0.00670195 -0.0825276 1.91411
v -0.10158 0.102846 1.76981
v -0.0845185 0.0864543 1.77065
v -0.067457 0.0700625 1.77149
v -0.0848248 0.120063 1.77152
v -0.0680196 0.103615 1.77042
v -0.0512144 0.0871672 1.76931
v -0.0648717 0.137826 1.75694
v -0.047268 0.123651 1.76365
v -0.0296644 0.109476 1.77036
v -0.0422159 0.153795 1.73608
v -0.0242828 0.144312 1.74803
v -0.00634975 0.134828 1.75999
v -0.0222335 0.162113 1.70515
v -0.002907 0.160875 1.72039
v 0.0164195 0.159637 1.73564
v 0.00275678 0.193245 1.68511
v 0.0207885 0.181438 1.69302
v 0.0388203 0.169631 1.70093
v 0.0449139 0.213712 1.67676
v -0.0945207 0.0617988 1.78959
v -0.0976326 0.0818224 1.7803
v -0.100745 0.101846 1.77102
v -0.11094 0.0683811 1.80673
v -0.107783 0.0889074 1.79899
v -0.104626 0.109434 1.79125
v -0.120543 0.0797821 1.83286
v -0.122611 0.0982327 1.8207
v -0.124678 0.116683 1.80853
v -0.141522 0.0923801 1.85575
v -0.145217 0.109015 1.84157
v -0.148913 0.12565 1.82739
v -0.172766 0.0931704 1.87033
v -0.174145 0.115083 1.86282
v -0.175523 0.136996 1.85531
v -0.195593 0.094899 1.89644
v -0.195615 0.116498 1.89559
v -0.195638 0.138098 1.89474
v -0.220435 0.110568 1.92756
v 0.0398618 0.0714331 1.27017
v 0.0453548 0.0444464 1.27067
v 0.0508478 0.0174597 1.27118
v 0.0566763 0.0745673 1.29352
v 0.0651669 0.0488346 1.28953
v 0.0736575 0.0231018 1.28554
v 0.0862247 0.081079 1.31228
v 0.0939121 0.0551933 1.30746
v 0.1016 0.0293077 1.30264
v 0.128051 0.0866074 1.32206
v 0.130647 0.0593712 1.32347
v 0.133243 0.032135 1.32487
v 0.171005 0.0949191 1.32122
v 0.173602 0.0688574 1.3329
v 0.176198 0.0427956 1.34457
v 0.218298 0.102188 1.33406
v 0.22106 0.0761452 1.33933
v 0.223823 0.050102 1.34459
v 0.258651 0.0971561 1.36581
v 0.0146646 0.0272873 1.25522
v 0.0256393 0.0482181 1.26228
v 0.036614 0.069149 1.26934
v -0.00495955 0.0392517 1.2519
v 0.00367605 0.0597435 1.26225
v 0.0123116 0.0802353 1.2726
v -0.0298349 0.0546109 1.24558
v -0.0226338 0.0750556 1.25713
v -0.0154327 0.0955004 1.26869
v -0.0613807 0.0732022 1.23831
v -0.051586 0.0939905 1.24689
v -0.0417913 0.114779 1.25548
v -0.0878311 0.0907457 1.21498
v -0.084206 0.110942 1.23041
v -0.0805809 0.131139 1.24585
v -0.117125 0.109065 1.19117
v -0.122149 0.120396 1.21163
v -0.127174 0.131727 1.23209
v -0.163793 0.136602 1.20438
v 0.0616765 0.039146 1.28015
v 0.0373256 0.0314133 1.26761
v 0.0129748 0.0236806 1.25507
v 0.0613375 0.0118226 1.2964
v 0.0391391 0.00566193 1.27997
v 0.0169407 -0.000498712 1.26353
v 0.0667074 -0.0244021 1.30387
v 0.0416182 -0.0280482 1.2912
v 0.016529 -0.0316943 1.27853
v 0.0709482 -0.0682263 1.30066
v 0.043115 -0.0694121 1.29564
v 0.0152818 -0.070598 1.29062
v 0.0782767 -0.112168 1.29548
v 0.0493431 -0.115152 1.30112
v 0.0204094 -0.118137 1.30676
v 0.0837897 -0.15982 1.31424
v 0.057653 -0.159349 1.3231
v 0.0315162 -0.158878 1.33196
v 0.0641482 -0.190542 1.36449
v 0.0158449 0.0636615 1.26069
v 0.0378746 0.0515815 1.2705
v 0.0599044 0.0395015 1.2803
v 0.0223059 0.0840907 1.27371
v 0.0408019 0.0715897 1.28857
v 0.0592979 0.0590887 1.30343
v 0.0297876 0.110212 1.28846
v 0.0429984 0.098569 1.30873
v 0.0562092 0.0869256 1.32901
v 0.0313812 0.143707 1.30858
v 0.0479285 0.133231 1.32691
v 0.0644758 0.122756 1.34524
v 0.0367433 0.184919 1.32094
v 0.0450824 0.17326 1.34508
v 0.0534216 0.161601 1.36922
v 0.0337721 0.22692 1.33376
v 0.0462185 0.219509 1.35554
v 0.0586649 0.212099 1.37732
v 0.0516862 0.266545 1.36996
v 0.0339788 0.0146478 1.26663
v 0.0250863 0.0383998 1.26419
v 0.0161938 0.0621518 1.26176
v 0.00953063 0.006361 1.27263
v 0.00124901 0.0298805 1.26815
v -0.00703261 0.0534001 1.26366
v -0.0202665 -0.00331859 1.26144
v -0.0290083 0.0200952 1.26582
v -0.0377501 0.043509 1.27019
v -0.0521752 -0.0101901 1.24304
v -0.062875 0.0100073 1.25398
v -0.0735748 0.0302046 1.26492
v -0.0786083 -0.0127242 1.21231
v -0.0944865 0.0011412 1.22841
v -0.110365 0.0150066 1.24451
v -0.119991 -0.0320921 1.19815
v -0.130328 -0.0104671 1.20415
v -0.140665 0.0111579 1.21016
v -0.171085 -0.031279 1.19453
v 0.0482643 0.0606905 1.27838
v 0.0410174 0.0384567 1.27303
v 0.0337705 0.0162229 1.26769
v 0.062708 0.0504165 1.2967
v 0.0497762 0.0305475 1.29407
v 0.0368443 0.0106786 1.29144
v 0.0701815 0.0416334 1.32584
v 0.0631747 0.0199281 1.31875
v 0.0561678 -0.00177724 1.31165
v 0.0892199 0.0270146 1.3522
v 0.0844858 0.00565544 1.34269
v 0.0797517 -0.0157038 1.33317
v 0.122592 0.0176087 1.36634
v 0.114354 -0.00593918 1.36524
v 0.106115 -0.0294871 1.36413
v 0.148901 0.0134966 1.39339
v 0.140107 -0.00739652 1.39862
v 0.131314 -0.0282897 1.40385
v 0.171566 -0.00439197 1.42927
v -0.12559 -0.178026 1.19389
v -0.119363 -0.204757 1.19156
v -0.113135 -0.231488 1.18924
v -0.110814 -0.177537 1.2193
v -0.101562 -0.202444 1.21266
v -0.0923095 -0.227351 1.20601
v -0.0830844 -0.173715 1.24218
v -0.0750075 -0.19872 1.23432
v -0.0669306 -0.223726 1.22645
v -0.0424203 -0.170723 1.25763
v -0.0404022 -0.197911 1.25493
v -0.0383841 -0.225099 1.25224
v 0.00024869 -0.163857 1.26316
v 0.00120617 -0.19148 1.27079
v 0.00216365 -0.219103 1.27843
v 0.0453763 -0.159999 1.2823
v 0.0476097 -0.186576 1.28381
v 0.049843 -0.213154 1.28531
v 0.0818018 -0.17037 1.31733
v -0.147926 -0.220361 1.17117
v -0.138301 -0.200303 1.18182
v -0.128676 -0.180244 1.19247
v -0.166986 -0.208669 1.16756
v -0.160499 -0.189261 1.18108
v -0.154013 -0.169852 1.1946
v -0.19158 -0.194011 1.16092
v -0.187069 -0.17464 1.17533
v -0.182559 -0.155269 1.18974
v -0.223637 -0.177084 1.15297
v -0.216508 -0.156725 1.16465
v -0.209378 -0.136365 1.17633
v -0.249681 -0.15907 1.12934
v -0.249083 -0.140654 1.14723
v -0.248485 -0.122237 1.16511
v -0.278377 -0.140229 1.10511
v -0.28599 -0.131872 1.12619
v -0.293603 -0.123515 1.14727
v -0.327911 -0.117496 1.11695
v -0.103858 -0.210925 1.20185
v -0.126672 -0.217437 1.18613
v -0.149485 -0.223949 1.17041
v -0.104901 -0.240595 1.21456
v -0.125262 -0.244512 1.1953
v -0.145624 -0.248428 1.17604
v -0.0998704 -0.278017 1.21776
v -0.123535 -0.279407 1.20223
v -0.147199 -0.280796 1.18669
v -0.095678 -0.321326 1.20917
v -0.122851 -0.321018 1.20124
v -0.150023 -0.320711 1.19331
v -0.0885647 -0.36424 1.19892
v -0.117956 -0.367246 1.20116
v -0.147347 -0.370252 1.2034
v -0.0855367 -0.413821 1.21156
v -0.112419 -0.414124 1.21781
v -0.139302 -0.414427 1.22407
v -0.110058 -0.450356 1.25537
v -0.148361 -0.18496 1.18122
v -0.127004 -0.197792 1.19155
v -0.105647 -0.210623 1.20187
v -0.143725 -0.166219 1.19721
v -0.126399 -0.18019 1.21217
v -0.109073 -0.194161 1.22713
v -0.138933 -0.14217 1.21621
v -0.12756 -0.15632 1.23601
v -0.116186 -0.170471 1.2558
v -0.141843 -0.112275 1.24124
v -0.127013 -0.124815 1.25974
v -0.112182 -0.137356 1.27824
v -0.140927 -0.0735021 1.2605
v -0.13488 -0.0885233 1.28343
v -0.128833 -0.103544 1.30637
v -0.148056 -0.0342679 1.27914
v -0.137946 -0.0445532 1.30096
v -0.127836 -0.0548384 1.32278
v -0.136636 -0.00015961 1.32281
v -0.129406 -0.233999 1.18274
v -0.138738 -0.210293 1.18243
v -0.148069 -0.186587 1.18212
v -0.153695 -0.243279 1.18531
v -0.162575 -0.219669 1.18295
v -0.171456 -0.19606 1.18058
v -0.181575 -0.252353 1.17031
v -0.192021 -0.23008 1.17652
v -0.202466 -0.207807 1.18273
v -0.21125 -0.258471 1.14841
v -0.224091 -0.240295 1.16053
v -0.236932 -0.222119 1.17265
v -0.234816 -0.25882 1.11533
v -0.252834 -0.247808 1.13139
v -0.270852 -0.236797 1.14744
v -0.273688 -0.278433 1.09517
v -0.285684 -0.2582 1.10274
v -0.297679 -0.237967 1.1103
v -0.32421 -0.279334 1.08674
v -0.117683 -0.189572 1.20147
v -0.123722 -0.211074 1.19272
v -0.129761 -0.232576 1.18397
v -0.104463 -0.202213 1.22032
v -0.116757 -0.221431 1.21336
v -0.129051 -0.240649 1.2064
v -0.0998709 -0.215657 1.24912
v -0.10607 -0.23562 1.23756
v -0.112268 -0.255584 1.226
v -0.0844514 -0.235279 1.275
v -0.0882315 -0.254393 1.26123
v -0.0920117 -0.273507 1.24747
v -0.053733 -0.248398 1.29138
v -0.0620357 -0.271098 1.2851
v -0.0703384 -0.293798 1.27883
v -0.0315622 -0.257948 1.3201
v -0.0410347 -0.279184 1.32079
v -0.0505071 -0.300421 1.32147
v -0.0135997 -0.28188 1.35511
v -0.108155 -0.103808 1.58817
v -0.08253 -0.0990939 1.58817
v -0.056905 -0.0943802 1.58817
v -0.11131 -0.0868588 1.58852
v -0.0856708 -0.0820198 1.58991
v -0.0600314 -0.0771808 1.59131
v -0.115343 -0.0647657 1.58381
v -0.0898782 -0.058882 1.58698
v -0.0644138 -0.0529983 1.59015
v -0.116474 -0.0430222 1.56665
v -0.0950661 -0.0311432 1.57717
v -0.0736585 -0.0192643 1.58768
v -0.123664 -0.0134383 1.55266
v -0.0982344 -0.00618333 1.55542
v -0.0728045 0.00107161 1.55818
v -0.125329 0.000993082 1.52549
v -0.0995692 0.00906583 1.52766
v -0.0738095 0.0171386 1.52982
v -0.12835 0.0327827 1.50483
v -0.103611 0.0292101 1.50061
v -0.0788725 0.0256375 1.49639
v -0.104981 0.0551146 1.47067
v -0.0604509 -0.112928 1.58817
v -0.104609 -0.0852601 1.58817
v -0.0723618 -0.129461 1.58232
v -0.0938248 -0.117121 1.59067
v -0.115288 -0.10478 1.59903
v -0.0863479 -0.143472 1.57226
v -0.106818 -0.13778 1.58781
v -0.127288 -0.132087 1.60335
v -0.100259 -0.155419 1.56057
v -0.119702 -0.158684 1.5785
v -0.139144 -0.161949 1.59642
v -0.109388 -0.182809 1.54932
v -0.134221 -0.181101 1.55867
v -0.159054 -0.179394 1.56801
v -0.122667 -0.215169 1.53073
v -0.146133 -0.20165 1.53077
v -0.169599 -0.188132 1.53081
v -0.129452 -0.216798 1.49268
v -0.154494 -0.216067 1.49655
v -0.179536 -0.215336 1.50042
v -0.159662 -0.232416 1.46619
v -0.089466 -0.073979 1.58817
v -0.0755941 -0.124209 1.58817
v -0.071646 -0.0697321 1.59669
v -0.0652344 -0.0943174 1.59059
v -0.0588229 -0.118903 1.58449
v -0.0431459 -0.064286 1.60152
v -0.0406778 -0.0877038 1.58975
v -0.0382098 -0.111122 1.57797
v -0.0162758 -0.0542741 1.58601
v -0.0132217 -0.0801661 1.58051
v -0.0101677 -0.106058 1.57501
v 0.0193304 -0.0490099 1.57221
v 0.0138563 -0.073145 1.56249
v 0.00838216 -0.09728 1.55277
v 0.0474424 -0.0452574 1.54781
v 0.0404161 -0.0705004 1.54096
v 0.0333899 -0.0957434 1.53412
v 0.0691524 -0.0465241 1.51909
v 0.0669634 -0.0717691 1.51839
v 0.0647743 -0.0970141 1.51768
v 0.093743 -0.0733632 1.49232
v -0.0943805 -0.122298 1.58817
v -0.0706795 -0.0758898 1.58817
v -0.113764 -0.112459 1.59046
v -0.101968 -0.089167 1.5915
v -0.0901715 -0.0658749 1.59253
v -0.136864 -0.100914 1.5892
v -0.125427 -0.0772561 1.59082
v -0.11399 -0.0535983 1.59244
v -0.156879 -0.0905826 1.57794
v -0.147525 -0.0659733 1.58205
v -0.138172 -0.0413641 1.58615
v -0.188486 -0.0752874 1.56972
v -0.173945 -0.0532978 1.56626
v -0.159405 -0.0313082 1.5628
v -0.214907 -0.0567309 1.54926
v -0.19171 -0.0455461 1.54088
v -0.168514 -0.0343614 1.5325
v -0.225866 -0.0533232 1.51743
v -0.204031 -0.0416699 1.51195
v -0.182196 -0.0300165 1.50646
v -0.215192 -0.0348303 1.48202
v -0.0581177 -0.0899888 1.58817
v -0.106942 -0.108199 1.58817
v -0.0528885 -0.107497 1.5832
v -0.0760657 -0.116426 1.59132
v -0.0992429 -0.125354 1.59943
v -0.0484458 -0.129739 1.57528
v -0.0668203 -0.141943 1.58965
v -0.0851948 -0.154147 1.60402
v -0.0412799 -0.152084 1.56562
v -0.0583148 -0.168299 1.57814
v -0.0753497 -0.184514 1.59066
v -0.031724 -0.178675 1.54886
v -0.0549293 -0.1907 1.55374
v -0.0781347 -0.202725 1.55862
v -0.0290734 -0.192636 1.52471
v -0.0521061 -0.206293 1.52876
v -0.0751387 -0.21995 1.53281
v -0.0221476 -0.216202 1.49878
v -0.0454609 -0.226112 1.49972
v -0.0687743 -0.236022 1.50066
v -0.0394718 -0.243066 1.46946
v -0.106681 -0.0893174 1.58817
v -0.0583788 -0.10887 1.58817
v -0.0974915 -0.0685271 1.59874
v -0.0741456 -0.0783815 1.59237
v -0.0507997 -0.0882359 1.586
v -0.0856385 -0.0472051 1.60455
v -0.06635 -0.0591559 1.5912
v -0.0470614 -0.0711068 1.57785
v -0.0758185 -0.0202241 1.59461
v -0.0580635 -0.0357739 1.58224
v -0.0403085 -0.0513237 1.56987
v -0.0602647 0.010266 1.57364
v -0.0516451 -0.0112587 1.56063
v -0.0430254 -0.0327834 1.54762
v -0.0337365 0.0317104 1.54785
v -0.0402833 0.00881688 1.53495
v -0.0468301 -0.0140766 1.52205
v -0.019917 0.04177 1.51461
v -0.0355142 0.0235988 1.5063
v -0.0511115 0.00542763 1.49798
v -0.0298508 0.0349933 1.47077
v 0.0200958 -0.0165842 0.860704
v 4.81115e-005 5.77675e-005 0.860704
v -0.0199995 0.0166997 0.860704
v 0.00939188 -0.0295359 0.856772
v -0.0109714 -0.0132169 0.858099
v -0.0313347 0.00310214 0.859426
v -0.00388657 -0.0454782 0.846778
v -0.0251498 -0.0302217 0.849645
v -0.0464131 -0.0149651 0.852511
v -0.0174472 -0.0572817 0.824932
v -0.0413632 -0.0498904 0.834061
v -0.0652793 -0.0424992 0.843191
v -0.0337067 -0.0796064 0.805828
v -0.0559024 -0.0651881 0.80836
v -0.078098 -0.0507697 0.810891
v -0.0415272 -0.0874643 0.776987
v -0.064509 -0.0732706 0.778934
v -0.0874907 -0.059077 0.780881
v -0.0625323 -0.108809 0.753844
v -0.0757111 -0.0874659 0.750184
v -0.0888899 -0.066123 0.746523
v -0.0933245 -0.103749 0.718654
v -0.00349293 0.025871 0.860704
v 0.00358916 -0.0257555 0.860704
v 0.0148662 0.0270549 0.849952
v 0.021083 0.00294331 0.857871
v 0.0272997 -0.0211683 0.865791
v 0.0320469 0.0248939 0.835339
v 0.0439234 0.00603435 0.849353
v 0.0557999 -0.0128251 0.863366
v 0.0478767 0.0214562 0.819628
v 0.0657656 0.00921678 0.835124
v 0.0836545 -0.00302266 0.850621
v 0.0725938 0.0316758 0.803042
v 0.0885132 0.0119235 0.811002
v 0.104433 -0.00782871 0.818963
v 0.103251 0.0420982 0.780259
v 0.108261 0.0154841 0.780345
v 0.11327 -0.0111299 0.780431
v 0.105699 0.0373149 0.741631
v 0.121679 0.0178949 0.74481
v 0.137659 -0.00152521 0.747989
v 0.135621 0.0242389 0.713485
v -0.0147774 -0.0213681 0.860704
v 0.0148737 0.0214836 0.860704
v -0.030688 -0.00956559 0.864461
v -0.0147419 0.0102917 0.858618
v 0.00120412 0.030149 0.852774
v -0.0531822 0.0088838 0.862458
v -0.0347905 0.0243617 0.851721
v -0.0163987 0.0398396 0.840984
v -0.0747134 0.0207354 0.841442
v -0.0560125 0.0390857 0.836594
v -0.0373115 0.0574361 0.831747
v -0.0988946 0.0429782 0.822324
v -0.0758654 0.0533551 0.814022
v -0.0528363 0.063732 0.80572
v -0.11686 0.0601613 0.795048
v -0.0924492 0.0703918 0.789314
v -0.0680386 0.0806222 0.783581
v -0.127509 0.075952 0.764714
v -0.106643 0.0903456 0.764486
v -0.0857778 0.104739 0.764258
v -0.121088 0.110845 0.73673
v 0.0254529 0.00584199 0.860704
v -0.0253567 -0.00572646 0.860704
v 0.0303094 -0.0152471 0.85755
v 0.00492584 -0.0213656 0.858536
v -0.0204578 -0.0274842 0.859522
v 0.0360407 -0.0394099 0.850201
v 0.0106275 -0.046126 0.851674
v -0.0147857 -0.0528421 0.853147
v 0.0403138 -0.0586801 0.834277
v 0.0156004 -0.0679715 0.837865
v -0.00911307 -0.077263 0.841453
v 0.0484016 -0.0907575 0.820273
v 0.0221078 -0.0932543 0.817216
v -0.00418597 -0.0957511 0.814159
v 0.0503167 -0.11996 0.796466
v 0.0267733 -0.108505 0.789546
v 0.00322979 -0.0970498 0.782625
v 0.0540083 -0.127588 0.764084
v 0.0310761 -0.117778 0.759557
v 0.00814388 -0.107969 0.755031
v 0.0324703 -0.128706 0.728812
v -0.0225918 0.0129534 0.860704
v 0.022688 -0.0128378 0.860704
v -0.0133658 0.0266808 0.851358
v 0.00930473 0.016309 0.859181
v 0.0319752 0.00593713 0.867005
v -0.0001969 0.0423717 0.837985
v 0.0223679 0.038728 0.851049
v 0.0449327 0.0350842 0.864113
v 0.011333 0.060172 0.823014
v 0.035619 0.0595022 0.833955
v 0.0599051 0.0588323 0.844895
v 0.0239268 0.0817647 0.801589
v 0.0484808 0.0726714 0.806211
v 0.0730348 0.0635782 0.810832
v 0.031426 0.0901931 0.775805
v 0.0570347 0.0822175 0.779546
v 0.0826434 0.0742419 0.783287
v 0.0435371 0.108776 0.747824
v 0.0664104 0.09789 0.748778
v 0.0892836 0.0870041 0.749732
v 0.0743452 0.111816 0.717441
v 0.00803122 -0.0247441 0.860704
v -0.00793499 0.0248596 0.860704
v -0.0155771 -0.0315854 0.865362
v -0.0215503 -0.00689424 0.859246
v -0.0275236 0.0177969 0.85313
v -0.0399969 -0.0362759 0.86543
v -0.0404746 -0.0129727 0.853189
v -0.0409522 0.0103304 0.840948
v -0.0640407 -0.0449973 0.849925
v -0.061303 -0.02083 0.839044
v -0.0585653 0.00333734 0.828162
v -0.0930385 -0.0508896 0.8241
v -0.0801674 -0.0302936 0.813279
v -0.0672962 -0.00969765 0.802459
v -0.122465 -0.0427266 0.795484
v -0.0994785 -0.0331812 0.784812
v -0.0764916 -0.0236359 0.77414
v -0.135769 -0.0374947 0.761597
v -0.111339 -0.0381077 0.754859
v -0.0869096 -0.0387206 0.74812
v -0.121407 -0.0402654 0.718555
# 2612 verticies
vt 2 0
vt 2 0.333333
vt 1.5 0
vt 0 0
vt 0.5 0.333333
vt 0 0.333333
vt 1.5 0.333333
vt 1 0
vt 1 0.333333
vt 0.5 0
vt 2 0.666667
vt 0.5 0.666667
vt 0 0.666667
vt 1.5 0.666667
vt 1 0.666667
vt 2 1
vt 0.5 1
vt 0 1
vt 1.5 1
vt 1 1
vt 2 1.33333
vt 0.5 1.33333
vt 0 1.33333
vt 1.5 1.33333
vt 1 1.33333
vt 2 1.66667
vt 0.5 1.66667
vt 0 1.66667
vt 1.5 1.66667
vt 1 1.66667
vt 2 2
vt 0.5 2
vt 0 2
vt 1.5 2
vt 1 2
vt 2 2.33333
vt 0.5 2.33333
vt 0 2.33333
vt 1.5 2.33333
vt 1 2.33333
vt 2 2.66667
vt 0.5 2.66667
vt 0 2.66667
vt 1.5 2.66667
vt 1 2.66667
vt 2 3
vt 0.5 3
vt 0 3
vt 1.5 3
vt 1 3
vt 2 3.33333
vt 0.5 3.33333
vt 0 3.33333
vt 1.5 3.33333
vt 1 3.33333
vt 2 3.66667
vt 0.5 3.66667
vt 0 3.66667
vt 1.5 3.66667
vt 1 3.66667
vt 2 4
vt 0.5 4
vt 0 4
vt 1.5 4
vt 1 4
vt 2 4.33333
vt 0.5 4.33333
vt 0 4.33333
vt 1.5 4.33333
vt 1 4.33333
vt 2 4.66667
vt 0.5 4.66667
vt 0 4.66667
vt 1.5 4.66667
vt 1 4.66667
vt 2 5
vt 0.5 5
vt 0 5
vt 1.5 5
vt 1 5
vt 2 5.33333
vt 0.5 5.33333
vt 0 5.33333
vt 1.5 5.33333
vt 1 5.33333
vt 2 5.66667
vt 0.5 5.66667
vt 0 5.66667
vt 1.5 5.66667
vt 1 5.66667
vt 2 6
vt 0.5 6
vt 0 6
vt 1.5 6
vt 1 6
vt 1 0.166667
vt 0.5 0.166667
vt 0 0.166667
vt 1 0.5
vt 0.5 0.5
vt 0 0.5
vt 1 0.833333
vt 0.5 0.833333
vt 0 0.833333
vt 2 6.33333
vt 0.5 6.33333
vt 0 6.33333
vt 1.5 6.33333
vt 1 6.33333
vt 2 6.66667
vt 0.5 6.66667
vt 0 6.66667
vt 1.5 6.66667
vt 1 6.66667
vt 2 7
vt 0.5 7
vt 0 7
vt 1.5 7
vt 1 7
vt 2 7.33333
vt 0.5 7.33333
vt 0 7.33333
vt 1.5 7.33333
vt 1 7.33333
vt 2 7.66667
vt 0.5 7.66667
vt 0 7.66667
vt 1.5 7.66667
vt 1 7.66667
vt 2 8
vt 0.5 8
vt 0 8
vt 1.5 8
vt 1 8
vt 2 8.33333
vt 0.5 8.33333
vt 0 8.33333
vt 1.5 8.33333
vt 1 8.33333
vt 2 8.66667
vt 0.5 8.66667
vt 0 8.66667
vt 1.5 8.66667
vt 1 8.66667
vt 2 9
vt 0.5 9
vt 0 9
vt 1.5 9
vt 1 9
vt 2 9.33333
vt 0.5 9.33333
vt 0 9.33333
vt 1.5 9.33333
vt 1 9.33333
vt 1 9.66667
vt 2 9.77778
vt 1.6 9.77778
vt 1.2 9.77778
vt 0.8 9.77778
vt 0.4 9.77778
vt 0 9.77778
vt 2 9.88889
vt 0.4 9.88889
vt 0 9.88889
vt 1.6 9.88889
vt 1.2 9.88889
vt 0.8 9.88889
vt 1 10
vt 2 9.44444
vt 1.6 9.44444
vt 1.2 9.44444
vt 0.8 9.44444
vt 0.4 9.44444
vt 0 9.44444
vt 2 9.55556
vt 0.4 9.55556
vt 0 9.55556
vt 1.6 9.55556
vt 1.2 9.55556
vt 0.8 9.55556
vt 2 8.77778
vt 1.6 8.77778
vt 1.2 8.77778
vt 0.8 8.77778
vt 0.4 8.77778
vt 0 8.77778
vt 2 8.88889
vt 0.4 8.88889
vt 0 8.88889
vt 1.6 8.88889
vt 1.2 8.88889
vt 0.8 8.88889
vt 2 8.44444
vt 1.6 8.44444
vt 1.2 8.44444
vt 0.8 8.44444
vt 0.4 8.44444
vt 0 8.44444
vt 2 8.55556
vt 0.4 8.55556
vt 0 8.55556
vt 1.6 8.55556
vt 1.2 8.55556
vt 0.8 8.55556
vt 2 7.41667
vt 1.66667 7.41667
vt 1.33333 7.41667
vt 1 7.41667
vt 0.666667 7.41667
vt 0.333333 7.41667
vt 0 7.41667
vt 2 7.5
vt 0.333333 7.5
vt 0 7.5
vt 1.66667 7.5
vt 1.33333 7.5
vt 1 7.5
vt 0.666667 7.5
vt 2 7.58333
vt 0.333333 7.58333
vt 0 7.58333
vt 1.66667 7.58333
vt 1.33333 7.58333
vt 1 7.58333
vt 0.666667 7.58333
vt 2 6.75
vt 1.66667 6.75
vt 1.33333 6.75
vt 1 6.75
vt 0.666667 6.75
vt 0.333333 6.75
vt 0 6.75
vt 2 6.83333
vt 0.333333 6.83333
vt 0 6.83333
vt 1.66667 6.83333
vt 1.33333 6.83333
vt 1 6.83333
vt 0.666667 6.83333
vt 2 6.91667
vt 0.333333 6.91667
vt 0 6.91667
vt 1.66667 6.91667
vt 1.33333 6.91667
vt 1 6.91667
vt 0.666667 6.91667
vt 1 0.142857
vt 0.5 0.142857
vt 0 0.142857
vt 1 0.285714
vt 0.5 0.285714
vt 0 0.285714
vt 1 0.428571
vt 0.5 0.428571
vt 0 0.428571
vt 1 0.571429
vt 0.5 0.571429
vt 0 0.571429
vt 1 0.714286
vt 0.5 0.714286
vt 0 0.714286
vt 1 0.857143
vt 0.5 0.857143
vt 0 0.857143
# 264 texture verticies
vn 0.70709 -0.70709 0.0069213
vn 0.707092 -0.707092 0.00641694
vn 0.70709 0.70709 0.0069213
vn 0.707092 0.707092 0.00641708
vn 0.707094 0.707095 0.00591272
vn 0.707098 -0.707091 0.00591191
vn -0.70709 -0.70709 0.0069213
vn -0.707092 -0.707092 0.00641643
vn -0.707094 -0.707094 0.00591153
vn -0.70709 0.70709 0.0069213
vn -0.707092 0.707092 0.00641641
vn -0.707092 0.707097 0.00591207
vn 0.707104 -0.707091 0.00522786
vn 0.707102 0.707104 0.00345665
vn 0.707102 0.70711 0.00150435
vn 0.707107 -0.707089 0.00504822
vn -0.707091 -0.707091 0.0067041
vn -0.707081 -0.707087 0.00800101
vn -0.707093 0.707103 0.00493221
vn -0.707098 0.707102 0.00445639
vn 0.707108 -0.707091 0.00442626
vn 0.707098 0.70711 0.00265554
vn 0.706547 0.707644 0.00566555
vn 0.707321 -0.706882 0.00394823
vn -0.707088 -0.707099 0.00615745
vn -0.706536 -0.707671 0.00291814
vn -0.707104 0.707097 0.00412464
vn -0.70752 0.706681 0.00419403
vn 0.707941 -0.706269 -0.0016783
vn 0.704915 0.706293 0.0651569
vn 0.699722 0.704021 0.121424
vn 0.709886 -0.704286 -0.00665362
vn -0.705223 -0.706674 -0.057201
vn -0.700258 -0.704676 -0.11433
vn -0.708299 0.705852 0.00925125
vn -0.710481 0.703584 0.0136703
vn 0.711601 -0.702488 -0.011624
vn 0.69285 0.698966 0.177215
vn 0.691472 0.700354 0.177116
vn 0.712863 -0.70121 -0.0114596
vn -0.693587 -0.699829 -0.170812
vn -0.692212 -0.701149 -0.170973
vn -0.712231 0.701711 0.0181383
vn -0.713536 0.700396 0.0176566
vn 0.707713 -0.705778 0.0319376
vn 0.695251 0.703673 0.146528
vn 0.698752 0.705903 0.115956
vn 0.702523 -0.70768 0.0751718
vn -0.695866 -0.70426 -0.140674
vn -0.699431 -0.706163 -0.110138
vn -0.708544 0.705195 -0.0257903
vn -0.703332 0.707432 -0.0697389
vn 0.695662 -0.708067 0.121225
vn 0.701918 0.707348 0.0834902
vn 0.702582 0.706879 0.0818632
vn 0.69657 -0.706685 0.124043
vn -0.702622 -0.707315 -0.077635
vn -0.703462 -0.706692 -0.0756775
vn -0.696543 0.708112 -0.11578
vn -0.697358 0.706852 -0.118543
vn 0.696315 -0.706641 0.125715
vn 0.702708 0.706847 0.0810518
vn 0.702568 0.70687 0.0820562
vn 0.696509 -0.70669 0.124356
vn -0.703606 -0.70665 -0.0747357
vn -0.703478 -0.706675 -0.0756837
vn -0.697224 0.70684 -0.119401
vn -0.69742 0.706884 -0.117984
vn 0.696706 -0.706728 0.123033
vn 0.702412 0.706904 0.0830934
vn 0.702402 0.706909 0.0831291
vn 0.696706 -0.706721 0.123069
vn -0.703342 -0.706713 -0.076595
vn -0.703339 -0.70672 -0.0765577
vn -0.697631 0.706917 -0.116534
vn -0.697644 0.70691 -0.116498
vn 0.696694 -0.706718 0.123154
vn 0.70239 0.706912 0.0832133
vn 0.702383 0.706913 0.0832599
vn 0.696688 -0.706716 0.1232
vn -0.703351 -0.706717 -0.0764733
vn -0.703357 -0.706716 -0.076427
vn -0.697656 0.706912 -0.116414
vn -0.697662 0.706913 -0.116367
vn 0.696734 -0.706726 0.122884
vn 0.702528 0.706886 0.0822608
vn 0.702592 0.706968 0.0809977
vn 0.697099 -0.706493 0.122151
vn -0.703216 -0.706747 -0.0774355
vn -0.702914 -0.706911 -0.0786675
vn -0.69763 0.706907 -0.116598
vn -0.697787 0.706627 -0.117355
vn 0.697444 -0.706256 0.121552
vn 0.702533 0.707102 0.0803453
vn 0.702323 0.707265 0.0807388
vn 0.697736 -0.706008 0.121315
vn -0.702735 -0.707021 -0.0792788
vn -0.702706 -0.707099 -0.0788356
vn -0.697958 0.706348 -0.118013
vn -0.698168 0.706077 -0.118393
vn 0.648667 -0.683584 0.33458
vn 0.701182 0.707737 0.0863267
vn 0.69911 0.709231 0.0907509
vn 0.637527 -0.674875 0.371624
vn -0.702015 -0.707395 -0.0822566
vn -0.700147 -0.7088 -0.0860035
vn -0.689977 0.704057 -0.168035
vn -0.681315 0.698837 -0.217801
vn 0.643445 -0.670144 0.369981
vn 0.669845 0.717377 0.191515
vn 0.632459 0.747448 0.203266
vn 0.411601 -0.501142 0.761211
vn -0.521281 0.0147418 -0.853258
vn 0.64858 -0.63962 0.41259
vn -0.724826 -0.68648 0.0580778
vn -0.0421728 0.61018 -0.79114
vn -0.612804 -0.404869 0.67864
vn -0.710303 -0.691846 0.129689
vn -0.696416 0.707618 -0.119509
vn 0.691753 0.121952 -0.711762
vn -0.54745 0.456125 0.701605
vn -0.730344 0.678804 -0.07631
vn 0.0747134 -0.611925 -0.787379
vn 0.322155 0.535187 0.780891
vn 0.687442 -0.702354 0.184724
vn 0.719665 0.69353 -0.0331381
vn 0.718247 0.695049 -0.0320661
vn 0.619138 -0.516608 0.591425
vn 0.503874 0.795013 0.337736
vn 0.527751 0.836746 0.146065
vn 0.686393 -0.702979 0.186237
vn -0.72152 -0.690541 0.0506154
vn 0.707325 -0.517897 0.481117
vn -0.654787 -0.728016 0.203092
vn -0.719981 -0.692006 0.0524789
vn -0.689381 0.704812 -0.167312
vn -0.595367 -0.800525 0.0685368
vn -0.789066 0.611633 -0.0572602
vn -0.688983 0.705535 -0.165901
vn -0.791086 0.548757 -0.270275
vn 0.588876 -0.758342 0.279539
vn 0.767168 0.630558 0.117686
vn 0.683426 0.707367 0.180447
vn 0.663805 -0.692738 0.281916
vn -0.788721 -0.606513 0.10031
vn -0.720115 -0.688012 0.0898613
vn -0.628487 0.775748 -0.0567396
vn -0.707756 0.706403 -0.0087326
vn 0.719551 -0.694295 -0.0141699
vn 0.684219 0.690499 0.234639
vn 0.681465 0.708493 0.183421
vn 0.519313 -0.585462 0.622534
vn 0.249407 -0.954272 0.164808
vn 0.249553 -0.956221 0.152852
vn 0.643892 -0.687583 0.335609
vn -0.68183 -0.694832 -0.228727
vn -0.967732 -0.251983 -0.000104838
vn -0.968047 -0.250527 0.0110213
vn -0.661466 -0.544224 0.516026
vn -0.669529 -0.707729 -0.225501
vn -0.716561 0.651729 0.248575
vn -0.249829 0.955155 -0.158947
vn -0.249823 0.956737 -0.149141
vn -0.680048 0.638179 0.360919
vn -0.703002 0.657269 0.271634
vn 0.967923 0.251217 -0.00389114
vn 0.968159 0.249925 -0.0143322
vn 0.586157 0.668307 0.458024
vn 0.712579 -0.63417 -0.3001
vn 0.754139 -0.346825 -0.557662
vn 0.724238 -0.628722 -0.283173
vn 0.57063 -0.640966 0.513365
vn -0.0944694 0.711538 -0.696268
vn -0.0770509 0.861571 -0.501755
vn -0.0678116 0.901445 -0.427549
vn -0.686438 -0.665727 -0.292594
vn -0.674482 -0.679166 -0.289495
vn 0.790465 -0.0802012 -0.607234
vn -0.55535 -0.344844 0.756749
vn -0.720843 0.601309 0.344691
vn -0.708804 0.616804 0.34227
vn 0.0371686 -0.99366 0.106106
vn 0.0460472 -0.980639 0.190332
vn 0.0469143 -0.97464 0.218805
vn -0.681968 0.619178 0.389279
vn 0.679117 0.644344 0.351597
vn 0.64403 0.659543 0.387594
vn -0.983571 -0.0112793 0.180169
vn -0.995601 -0.0294517 0.0889464
vn -0.997626 -0.0368175 0.058201
vn 0.727654 0.650248 -0.218395
vn 0.0314991 -0.910661 -0.411953
vn 0.173523 -0.844798 -0.506169
vn 0.107656 -0.84247 -0.527876
vn 0.212727 -0.785048 -0.581762
vn 0.145977 -0.738527 -0.658231
vn 0.247541 -0.760644 -0.60012
vn 0.248777 -0.807759 -0.534448
vn 0.203467 -0.846471 -0.492024
vn 0.152958 -0.91145 -0.38192
vn 0.0666961 -0.84284 -0.534016
vn -0.0462212 -0.904053 -0.424914
vn -0.159109 -0.941345 -0.297579
vn -0.264147 -0.837849 -0.477739
vn -0.289197 -0.870125 -0.399059
vn -0.307829 -0.849602 -0.428272
vn -0.255122 -0.942433 -0.216179
vn -0.231329 -0.829457 -0.508417
vn -0.151389 -0.797718 -0.583718
vn -0.182058 -0.962219 0.202459
vn -0.182083 -0.962214 0.202462
vn 0.524426 0.513531 -0.679164
vn 0.614772 0.460899 -0.640022
vn 0.60472 0.532218 -0.592501
vn 0.663111 0.465522 -0.586151
vn 0.663392 0.572867 -0.481388
vn 0.694214 0.45116 -0.560823
vn 0.644615 0.350333 -0.679513
vn 0.620791 0.346619 -0.703189
vn 0.568569 0.306974 -0.763214
vn 0.55777 0.339314 -0.757469
vn 0.370086 0.128098 -0.920123
vn 0.365412 0.121873 -0.922833
vn 0.0753504 -0.0895512 -0.993128
vn 0.180714 -0.287349 -0.940624
vn 0.338749 -0.28048 -0.898098
vn 0.450847 -0.244067 -0.858585
vn 0.375231 -0.659331 -0.651525
vn 0.489374 -0.572728 -0.657644
vn 0.563687 -0.555942 -0.610889
vn 0.469374 -0.750335 -0.465496
vn -0.84247 -0.0777399 -0.533106
vn -0.723456 -0.163921 -0.670627
vn -0.784709 -0.120189 -0.6081
vn -0.677658 -0.155246 -0.718803
vn -0.702815 -0.138341 -0.697792
vn -0.696172 -0.153145 -0.70135
vn -0.522395 -0.0810057 -0.848847
vn -0.573959 -0.0144605 -0.818757
vn -0.626385 0.045306 -0.778196
vn -0.25229 0.172446 -0.952162
vn -0.322603 0.250247 -0.912855
vn -0.370731 0.309509 -0.87565
vn -0.096833 0.434504 -0.89545
vn -0.195344 0.46683 -0.862503
vn -0.239133 0.494559 -0.8356
vn -0.206238 0.52469 -0.825933
vn -0.23934 0.516941 -0.821881
vn -0.264772 0.51445 -0.81562
vn -0.298186 0.489996 -0.819139
vn 0.605954 -0.424638 -0.672683
vn 0.544511 -0.562566 -0.622115
vn 0.629178 -0.54038 -0.558681
vn 0.549219 -0.669501 -0.500127
vn 0.672744 -0.623318 -0.398609
vn 0.540598 -0.753045 -0.375069
vn 0.36984 -0.725211 -0.580764
vn 0.377285 -0.748568 -0.545254
vn 0.330824 -0.729335 -0.598854
vn 0.281216 -0.618031 -0.734136
vn 0.243481 -0.596175 -0.765044
vn 0.265216 -0.609508 -0.747101
vn -0.0155611 -0.53404 -0.845316
vn -0.0776542 -0.513308 -0.854684
vn 0.210719 -0.721773 -0.659273
vn -0.44572 -0.174428 -0.878014
vn -0.509331 -0.0813178 -0.85672
vn -0.417442 -0.219357 -0.88183
vn -0.548071 0.00223268 -0.836429
vn -0.671292 0.100731 -0.734316
vn -0.13245 0.912807 -0.386317
vn -0.153788 0.804154 -0.574183
vn -0.152087 0.884215 -0.441626
vn -0.108085 0.797247 -0.593898
vn -0.154648 0.84824 -0.50653
vn -0.0915683 0.85026 -0.518337
vn 0.106572 0.619514 -0.777717
vn 0.175356 0.710451 -0.681549
vn 0.24083 0.752629 -0.612823
vn 0.351123 0.503308 -0.789553
vn 0.349791 0.612893 -0.708526
vn 0.377523 0.676352 -0.632475
vn 0.573447 -0.274954 -0.771724
vn 0.707497 -0.0660803 -0.70362
vn 0.652664 -0.117289 -0.748513
vn 0.691753 -0.0782252 -0.717885
vn 0.659616 0.0274091 -0.751103
vn 0.783421 -0.0366709 -0.620408
vn 0.512533 -0.219212 -0.830214
vn 0.486016 -0.387818 -0.783189
vn 0.431307 -0.640478 -0.635423
vn 0.401906 -0.490088 -0.773489
vn 0.355406 -0.318849 -0.878648
vn -0.420417 -0.72488 -0.54571
vn -0.638433 -0.693205 -0.334471
vn -0.552082 -0.738135 -0.387765
vn -0.648114 -0.717538 -0.255122
vn -0.630579 -0.758135 -0.166137
vn -0.622584 -0.700941 -0.347954
vn -0.531852 -0.764668 -0.363891
vn -0.416134 -0.740263 -0.528057
vn -0.304862 -0.718778 -0.624834
vn -0.311718 -0.751232 -0.581793
vn -0.158138 -0.544608 -0.823647
vn -0.181715 -0.531229 -0.827512
vn 0.148201 -0.230881 -0.961629
vn -0.0921105 -0.183999 -0.978601
vn -0.215216 -0.230208 -0.949045
vn -0.300736 -0.235007 -0.9243
vn -0.207801 0.127701 -0.9698
vn -0.293089 -0.12177 -0.948299
vn -0.347566 -0.150266 -0.925537
vn -0.113583 0.499096 -0.859071
vn -0.113583 0.499096 -0.859071
vn -0.691389 -0.686162 -0.22619
vn 0.722125 -0.667866 -0.180252
vn 0.722652 -0.661272 -0.201231
vn -0.691342 -0.689203 -0.216902
vn -0.722143 0.667688 0.180837
vn -0.722669 0.660712 0.203001
vn 0.691348 0.68591 0.22708
vn 0.691305 0.68857 0.219017
vn -0.691427 -0.680875 -0.241533
vn 0.721886 -0.643379 -0.254843
vn 0.721233 -0.630319 -0.287265
vn -0.691608 -0.668117 -0.274405
vn -0.72162 0.641211 0.260986
vn -0.720868 0.626981 0.295372
vn 0.691311 0.679052 0.246936
vn 0.69167 0.664678 0.282484
vn -0.691688 -0.648276 -0.318287
vn 0.719699 -0.616972 -0.318402
vn 0.720712 -0.616265 -0.317478
vn -0.693271 -0.64131 -0.32878
vn -0.71908 0.611065 0.330943
vn -0.720569 0.609094 0.331338
vn 0.691572 0.64218 0.330655
vn 0.693275 0.633542 0.343504
vn -0.692099 -0.606759 -0.390951
vn 0.720657 -0.601704 -0.344391
vn 0.720204 -0.585752 -0.371754
vn -0.691623 -0.574502 -0.437727
vn -0.720182 0.59233 0.361224
vn -0.720207 0.575138 0.387967
vn 0.691271 0.598253 0.405263
vn 0.69054 0.564604 0.452081
vn -0.688475 -0.536529 -0.487995
vn 0.714547 -0.602426 -0.355677
vn 0.709197 -0.632777 -0.310859
vn -0.689628 -0.531932 -0.491388
vn -0.715684 0.590956 0.372248
vn -0.711959 0.621626 0.326642
vn 0.686892 0.524121 0.503465
vn 0.687273 0.518273 0.508969
vn -0.68378 -0.517812 -0.514116
vn 0.704593 -0.652473 -0.278976
vn 0.708828 -0.642131 -0.291942
vn -0.678335 -0.507336 -0.531481
vn -0.708372 0.640386 0.296841
vn -0.713041 0.62863 0.310478
vn 0.679883 0.503668 0.532989
vn 0.673415 0.4934 0.550517
vn -0.689379 -0.553318 -0.467542
vn 0.721302 -0.60072 -0.344758
vn 0.720721 -0.576346 -0.385209
vn -0.696509 -0.606799 -0.382976
vn -0.724857 0.585133 0.363595
vn -0.721686 0.559439 0.407672
vn 0.685964 0.539801 0.487922
vn 0.695975 0.594535 0.402675
vn -0.683879 -0.693654 -0.226171
vn 0.721219 -0.565446 -0.400143
vn 0.715488 -0.58816 -0.377022
vn -0.670769 -0.725919 -0.152023
vn -0.719426 0.546839 0.428245
vn -0.710044 0.570606 0.41261
vn 0.687575 0.682072 0.249037
vn 0.677222 0.71326 0.180641
vn -0.619726 -0.783712 0.0416515
vn 0.712894 -0.5944 -0.372118
vn 0.701599 -0.598088 -0.387362
vn -0.584382 -0.793719 0.168845
vn -0.704948 0.578116 0.41089
vn -0.685815 0.587772 0.429164
vn 0.631495 0.775338 -0.00807747
vn 0.599766 0.788904 -0.133836
vn -0.532215 -0.79714 0.285157
vn 0.69293 -0.596564 -0.40492
vn 0.68257 -0.613366 -0.397342
vn -0.539646 -0.789889 0.291302
vn -0.673747 0.587471 0.448266
vn -0.656155 0.610871 0.443056
vn 0.550143 0.796042 -0.252309
vn 0.55968 0.787995 -0.256557
vn 0.998889 0.0470919 0.0016399
vn 0.997959 0.0335939 -0.0542979
vn 0.998813 0.0487126 0.000593734
vn -0.0496503 0.94165 -0.332912
vn -0.0519131 0.919583 -0.389452
vn 0.994251 0.0151412 -0.106001
vn 0.0495286 -0.941651 0.332928
vn 0.0515928 -0.91993 0.388674
vn -0.998105 -0.0345122 0.0509445
vn -0.994431 -0.0154143 0.104252
vn 0.976253 -0.0335841 -0.214015
vn -0.0652393 0.862659 -0.501562
vn -0.0865886 0.826368 -0.556434
vn 0.962475 -0.0702615 -0.262117
vn 0.0655299 -0.860868 0.504591
vn 0.0869962 -0.824922 0.558512
vn -0.97623 0.0339552 0.214062
vn -0.960826 0.0738702 0.267126
vn 0.937774 -0.115333 -0.327532
vn -0.104363 0.782596 -0.61372
vn -0.113552 0.777194 -0.618931
vn 0.932262 -0.131877 -0.336891
vn 0.106951 -0.775866 0.621767
vn 0.117822 -0.769468 0.627723
vn -0.93412 0.121858 0.335517
vn -0.926496 0.141937 0.348509
vn 0.924924 -0.14481 -0.351491
vn -0.113779 0.775788 -0.62065
vn -0.111561 0.779279 -0.616667
vn 0.924921 -0.145335 -0.351282
vn 0.120533 -0.76382 0.634075
vn 0.118996 -0.766927 0.630605
vn -0.91791 0.156493 0.364624
vn -0.917459 0.157811 0.365191
vn 0.922557 -0.149336 -0.355791
vn -0.0887328 0.814724 -0.573019
vn -0.069372 0.844394 -0.531212
vn 0.919962 -0.151522 -0.36154
vn 0.0966606 -0.8028 0.588361
vn 0.0772112 -0.833876 0.546525
vn -0.914026 0.163183 0.371387
vn -0.911174 0.16433 0.377834
vn 0.942405 -0.120544 -0.311995
vn -0.0689206 0.848585 -0.524551
vn -0.0832443 0.824299 -0.560001
vn 0.962305 -0.082769 -0.259073
vn 0.0767434 -0.83841 0.539611
vn 0.0902507 -0.811825 0.576884
vn -0.934583 0.132937 0.329974
vn -0.956565 0.0938301 0.276007
vn 0.968896 -0.0726347 -0.23657
vn -0.101784 0.779563 -0.617998
vn -0.102108 0.760628 -0.641107
vn 0.957934 -0.0979415 -0.26976
vn 0.108264 -0.762866 0.637428
vn 0.109115 -0.741124 0.662442
vn -0.963158 0.0859502 0.254833
vn -0.950597 0.114438 0.288565
vn 0.90934 -0.193944 -0.368086
vn -0.0892723 0.778564 -0.621183
vn -0.05514 0.810088 -0.58371
vn 0.862917 -0.261071 -0.432686
vn 0.0982529 -0.758508 0.644214
vn 0.0715896 -0.789673 0.609337
vn -0.89627 0.213728 0.388614
vn -0.846279 0.280092 0.453168
vn 0.784926 -0.340248 -0.517805
vn 0.0588709 0.889859 -0.452421
vn 0.149752 0.92276 -0.35509
vn 0.764104 -0.338905 -0.548897
vn -0.0381472 -0.87506 0.482509
vn -0.125692 -0.914316 0.385003
vn -0.75909 0.360132 0.542299
vn -0.736941 0.3526 0.576708
vn 0.741207 -0.346911 -0.574687
vn 0.223367 0.94274 -0.247687
vn 0.21775 0.944983 -0.244115
vn 0.745083 -0.322273 -0.583944
vn -0.201876 -0.939738 0.275932
vn -0.195951 -0.94279 0.269723
vn -0.709628 0.359904 0.605721
vn -0.720462 0.324559 0.612858
vn -0.664182 -0.547687 -0.508823
vn -0.936041 0.159656 -0.313588
vn -0.429375 0.694662 -0.577132
vn 0.155623 0.317959 -0.935245
vn 0.0105183 -0.449848 -0.893043
vn -0.437869 -0.875261 0.205399
vn -0.437872 -0.875257 0.20541
vn 0.575657 -0.728301 -0.371748
vn 0.575653 -0.728313 -0.371731
vn -0.437875 -0.875253 0.20542
vn -0.846272 0.187364 0.498717
vn -0.846272 0.187364 0.498717
vn -0.846272 0.187364 0.498717
vn -0.085159 0.991049 0.10281
vn -0.0851595 0.991049 0.10281
vn -0.0851599 0.991049 0.10281
vn 0.793641 0.425154 -0.435176
vn 0.575661 -0.728289 -0.371765
vn 0.0811924 -0.617547 0.782332
vn -0.190666 0.0897946 0.977539
vn 0.315991 0.624785 0.713998
vn 0.901004 0.248073 0.35588
vn 0.755911 -0.519729 0.398096
vn 0.0192383 -0.162156 -0.986578
vn -0.385379 -0.705478 -0.594798
vn -0.926204 -0.33985 -0.163242
vn -0.855841 0.429434 -0.28831
vn -0.271509 0.539239 -0.797185
vn 0.755861 -0.171852 -0.631775
vn 0.755855 -0.171839 -0.631787
vn 0.319104 0.88182 -0.347227
vn 0.319094 0.881823 -0.347227
vn 0.755849 -0.171825 -0.631798
vn 0.148056 -0.988033 -0.0432352
vn 0.148056 -0.988034 -0.0432343
vn 0.148056 -0.988034 -0.0432333
vn -0.664363 -0.438772 0.605063
vn -0.664365 -0.438787 0.605049
vn -0.664368 -0.438802 0.605036
vn -0.558658 0.716851 0.417163
vn -0.558658 0.716851 0.417163
vn -0.558658 0.716851 0.417163
vn 0.319113 0.881817 -0.347226
vn 0.987117 -0.0666505 0.145458
vn 0.582525 -0.609961 0.537226
vn 0.0417315 -0.244347 0.96879
vn 0.112094 0.524945 0.843722
vn 0.696365 0.634766 0.334885
vn -0.664185 -0.54767 -0.508837
vn -0.936038 0.159664 -0.313593
vn 0.0105277 -0.449808 -0.893063
vn -0.43787 -0.87526 0.205402
vn -0.437871 -0.875259 0.205404
vn 0.575668 -0.728289 -0.371755
vn 0.575664 -0.728299 -0.37174
vn -0.437871 -0.875258 0.205407
vn -0.846288 0.187338 0.498699
vn -0.84628 0.187351 0.498708
vn -0.0851591 0.991049 0.10281
vn -0.0851593 0.991049 0.10281
vn 0.793639 0.425154 -0.435179
vn 0.793641 0.425152 -0.435178
vn 0.793643 0.42515 -0.435177
vn 0.575671 -0.728278 -0.371771
vn 0.0812055 -0.617575 0.782308
vn -0.190665 0.0897944 0.97754
vn 0.315989 0.624786 0.713998
vn 0.901007 0.248069 0.355876
vn 0.755903 -0.519744 0.39809
vn -0.926207 -0.339844 -0.163236
vn -0.855841 0.429442 -0.288299
vn -0.271521 0.539269 -0.797161
vn 0.755877 -0.171851 -0.631758
vn 0.75587 -0.171837 -0.631769
vn 0.319104 0.88182 -0.347227
vn 0.755864 -0.171824 -0.63178
vn 0.148057 -0.988033 -0.043234
vn 0.148057 -0.988033 -0.0432331
vn 0.148057 -0.988034 -0.0432321
vn -0.664367 -0.438798 0.605039
vn -0.664363 -0.438776 0.60506
vn -0.558648 0.716853 0.417175
vn -0.558648 0.716852 0.417175
vn -0.558648 0.716852 0.417175
vn 0.319094 0.881823 -0.347227
vn 0.0416931 -0.244316 0.968799
vn 0.112059 0.524966 0.843714
vn 0.696353 0.634778 0.334887
vn -0.316972 -0.643129 -0.697075
vn -0.136873 -0.61504 -0.776525
vn -0.200623 -0.589566 -0.782408
vn -0.0558369 -0.551661 -0.832197
vn -0.0954674 -0.481336 -0.871321
vn -0.00276894 -0.531401 -0.847116
vn -0.010637 -0.554663 -0.832007
vn -0.0670487 -0.564174 -0.822929
vn -0.157376 -0.620611 -0.768164
vn -0.108832 -0.387207 -0.915547
vn -0.247952 -0.406825 -0.879212
vn -0.378388 -0.422133 -0.823788
vn -0.282624 -0.0606342 -0.957313
vn -0.31739 -0.0702315 -0.945691
vn -0.28231 0.0240744 -0.959021
vn -0.236556 -0.0319696 -0.971092
vn -0.188084 -0.0117527 -0.982083
vn -0.149693 -0.0346318 -0.988126
vn -0.281153 -0.236098 -0.930167
vn 0.468699 0.0712419 -0.880481
vn 0.572283 -0.0022158 -0.820053
vn 0.569425 0.0523475 -0.820375
vn 0.652689 -0.0127205 -0.757519
vn 0.676083 0.0657516 -0.733886
vn 0.705155 -0.0333127 -0.70827
vn 0.680187 -0.0704115 -0.729649
vn 0.693328 -0.0520338 -0.718741
vn 0.664915 -0.0484248 -0.745348
vn 0.615479 -0.0111199 -0.788075
vn 0.597912 -0.0492191 -0.800049
vn 0.655259 -0.0514095 -0.753653
vn 0.44964 -0.251339 -0.857119
vn 0.608673 -0.331477 -0.720861
vn 0.739377 -0.364254 -0.566251
vn 0.494063 -0.645579 -0.582348
vn 0.619985 -0.627132 -0.471513
vn 0.662616 -0.651879 -0.368772
vn 0.506266 -0.751134 -0.423666
vn -0.685148 0.280971 -0.672033
vn -0.648199 0.15295 -0.745952
vn -0.64331 0.204215 -0.737867
vn -0.621921 0.144485 -0.769635
vn -0.567021 0.138759 -0.811931
vn -0.660681 0.168716 -0.731461
vn -0.579835 0.191759 -0.791846
vn -0.616625 0.297191 -0.729007
vn -0.655856 0.403105 -0.638247
vn -0.432694 0.396903 -0.809471
vn -0.471881 0.535794 -0.70018
vn -0.500379 0.649562 -0.572443
vn -0.324689 0.686808 -0.650286
vn -0.387345 0.779735 -0.491911
vn -0.414069 0.834717 -0.363036
vn -0.44097 0.855847 -0.270318
vn -0.477203 0.856743 -0.195626
vn -0.498243 0.858084 -0.124281
vn -0.587811 0.808979 -0.00564843
vn 0.257356 -0.61849 -0.742454
vn 0.150919 -0.743279 -0.651736
vn 0.227198 -0.737647 -0.635813
vn 0.111437 -0.853838 -0.508471
vn 0.233781 -0.844882 -0.481166
vn 0.0669988 -0.934763 -0.348896
vn -0.0525647 -0.87999 -0.472075
vn -0.0538591 -0.916005 -0.397535
vn -0.0775007 -0.906166 -0.415761
vn -0.0384908 -0.883198 -0.467418
vn -0.0694414 -0.892998 -0.444672
vn -0.0710943 -0.94149 -0.329456
vn -0.223912 -0.890744 -0.395523
vn -0.243403 -0.906774 -0.344263
vn -0.294655 -0.869944 -0.395443
vn -0.281634 -0.789403 -0.545458
vn -0.279536 -0.741114 -0.610418
vn -0.263018 -0.704275 -0.659407
vn -0.28332 -0.660112 -0.695689
vn 0.321798 0.80407 -0.499918
vn 0.245393 0.733987 -0.633281
vn 0.287726 0.783986 -0.550073
vn 0.287505 0.717579 -0.634367
vn 0.263467 0.747907 -0.609278
vn 0.347339 0.771546 -0.532984
vn 0.404635 0.552176 -0.728952
vn 0.531718 0.604325 -0.593352
vn 0.63757 0.619966 -0.457325
vn 0.587944 0.250467 -0.769148
vn 0.694259 0.240691 -0.678286
vn 0.775286 0.230551 -0.588028
vn 0.736281 -0.0289908 -0.676055
vn 0.742379 0.0240649 -0.669548
vn 0.676155 -0.0829144 -0.732079
vn 0.615859 0.200121 -0.762016
vn 0.515378 0.107696 -0.850169
vn 0.403746 0.10301 -0.909054
vn 0.491928 0.337564 -0.802532
vn 0.573414 0.0422741 -0.818174
vn 0.425655 0.149826 -0.892395
vn 0.445239 0.0838496 -0.891477
vn 0.318058 0.163516 -0.933864
vn 0.281975 0.0825214 -0.955866
vn 0.266911 0.189404 -0.944926
vn 0.294014 0.200806 -0.934469
vn 0.339048 0.165056 -0.926177
vn 0.4472 0.140389 -0.883348
vn 0.216251 0.00676506 -0.976314
vn 0.32516 -0.0809257 -0.94219
vn 0.425887 -0.159514 -0.890604
vn 0.0780281 -0.337037 -0.938252
vn 0.108901 -0.355696 -0.928235
vn 0.0131454 -0.392939 -0.919471
vn 0.0300277 -0.318023 -0.947607
vn -0.0195318 -0.296711 -0.954767
vn -0.0285999 -0.253479 -0.966918
vn 0.220012 -0.203007 -0.95414
vn -0.0767531 0.0895087 -0.993024
vn -0.0999267 0.227914 -0.96854
vn -0.137722 0.189397 -0.972194
vn -0.157227 0.308677 -0.938082
vn -0.234223 0.279029 -0.93128
vn -0.186817 0.372285 -0.909122
vn -0.140998 0.374741 -0.916345
vn -0.166166 0.375339 -0.911871
vn -0.145429 0.346354 -0.926763
vn -0.130287 0.274309 -0.952775
vn -0.0853568 0.281295 -0.955818
vn -0.127578 0.333685 -0.934012
vn 0.182165 0.280253 -0.942483
vn 0.116515 0.478321 -0.870421
vn 0.0256649 0.631341 -0.775081
vn 0.397243 0.61896 -0.67756
vn 0.281717 0.727413 -0.625704
vn 0.248588 0.800182 -0.545813
vn 0.438232 0.727767 -0.527549
vn 0.275801 -0.672482 -0.686805
vn 0.35244 -0.557639 -0.751549
vn 0.310183 -0.58772 -0.747243
vn 0.343075 -0.53127 -0.77463
vn 0.313863 -0.484254 -0.816693
vn 0.348098 -0.578134 -0.737963
vn 0.281109 -0.529727 -0.800229
vn 0.222225 -0.629172 -0.744821
vn 0.162708 -0.732218 -0.66135
vn 0.0312997 -0.551926 -0.833305
vn -0.054464 -0.676325 -0.734587
vn -0.130268 -0.777643 -0.615062
vn -0.269528 -0.661623 -0.699721
vn -0.310199 -0.77523 -0.550268
vn -0.344363 -0.836138 -0.42695
vn -0.353869 -0.870348 -0.34245
vn -0.337463 -0.9021 -0.268949
vn -0.331161 -0.92237 -0.19891
vn -0.250016 -0.964828 -0.0812339
vn 0.354587 0.418201 -0.836287
vn 0.51353 0.436628 -0.738676
vn 0.459986 0.492516 -0.73881
vn 0.617055 0.506897 -0.601913
vn 0.531607 0.597964 -0.599861
vn 0.700474 0.558421 -0.444412
vn 0.739301 0.409396 -0.534631
vn 0.764235 0.446604 -0.465284
vn 0.77261 0.418666 -0.477277
vn 0.731822 0.421217 -0.535736
vn 0.756779 0.409996 -0.509107
vn 0.786683 0.466103 -0.404818
vn 0.849978 0.301958 -0.431693
vn 0.872095 0.307023 -0.381034
vn 0.879541 0.229091 -0.417044
vn 0.819649 0.148781 -0.553208
vn 0.785396 0.100488 -0.610783
vn 0.750384 0.0752715 -0.656702
vn 0.733063 0.0211168 -0.679833
vn -0.749885 -0.329463 -0.573696
vn -0.630689 -0.356006 -0.689559
vn -0.706128 -0.347675 -0.616851
vn -0.645105 -0.313949 -0.696617
vn -0.655539 -0.348973 -0.669691
vn -0.737831 -0.293349 -0.607907
vn -0.582747 -0.128476 -0.802433
vn -0.720951 -0.0522434 -0.691014
vn -0.818071 0.0320198 -0.574225
vn -0.463044 0.199748 -0.863534
vn -0.53233 0.296299 -0.792989
vn -0.586202 0.375362 -0.717963
vn -0.338611 0.50526 -0.79376
vn -0.382295 0.477079 -0.791357
vn -0.247553 0.483917 -0.83937
vn -0.417245 0.266341 -0.86889
vn -0.272433 0.234069 -0.933269
vn -0.19154 0.14273 -0.971051
vn -0.442443 0.0859398 -0.892669
vn -0.437682 0.391153 -0.809588
vn -0.4261 0.207221 -0.880624
vn -0.388841 0.265045 -0.882357
vn -0.368141 0.11561 -0.922554
vn -0.284383 0.140589 -0.948347
vn -0.354951 0.0597352 -0.932974
vn -0.380562 0.0729553 -0.921873
vn -0.382363 0.130571 -0.91474
vn -0.43232 0.229975 -0.871901
vn -0.184824 0.139093 -0.972879
vn -0.187503 0.279668 -0.94161
vn -0.191054 0.409354 -0.892148
vn 0.168744 0.256579 -0.951679
vn 0.163369 0.292295 -0.942271
vn 0.25361 0.243145 -0.936249
vn 0.187393 0.206749 -0.960281
vn 0.202489 0.155173 -0.966912
vn 0.175023 0.12026 -0.977192
vn -0.0205172 0.279384 -0.95996
vn 0.0537887 -0.315777 -0.947308
vn -0.0395008 -0.415601 -0.908689
vn 0.0145982 -0.420872 -0.907003
vn -0.0670596 -0.503199 -0.861565
vn 0.00463144 -0.541407 -0.840748
vn -0.0989901 -0.559438 -0.82294
vn -0.129817 -0.52699 -0.839898
vn -0.114606 -0.545084 -0.830511
vn -0.104532 -0.513996 -0.8514
vn -0.0567953 -0.463317 -0.884371
vn -0.0910762 -0.436057 -0.895299
vn -0.106995 -0.497957 -0.860576
vn -0.260838 -0.237173 -0.935795
vn -0.377772 -0.396605 -0.836656
vn -0.446543 -0.541646 -0.712193
vn -0.677832 -0.234136 -0.696939
vn -0.693298 -0.377598 -0.613806
vn -0.735005 -0.43105 -0.523416
vn -0.799425 -0.238493 -0.5514
vn 0.406826 0.609026 -0.680867
vn 0.276662 0.591187 -0.757599
vn 0.326153 0.578168 -0.747894
vn 0.264723 0.565918 -0.780806
vn 0.251073 0.511173 -0.821988
vn 0.293983 0.601375 -0.742915
vn 0.305092 0.516216 -0.800275
vn 0.413421 0.537272 -0.735134
vn 0.521643 0.561528 -0.642319
vn 0.48371 0.336976 -0.807757
vn 0.624125 0.356848 -0.695073
vn 0.736882 0.371012 -0.565115
vn 0.748017 0.190624 -0.635714
vn 0.845113 0.243969 -0.475671
vn 0.899463 0.267015 -0.345934
vn 0.921328 0.296578 -0.251389
vn 0.925154 0.33542 -0.177718
vn 0.927119 0.359158 -0.10703
vn 0.887052 0.461599 0.00806115
vn -0.52035 -0.0937623 -0.84879
vn -0.641019 0.025508 -0.767101
vn -0.648834 -0.051116 -0.759211
vn -0.766235 0.0732751 -0.638368
vn -0.779904 -0.049826 -0.623912
vn -0.864451 0.119871 -0.488217
vn -0.773727 0.235769 -0.588014
vn -0.820578 0.238005 -0.519621
vn -0.804474 0.260854 -0.533646
vn -0.777986 0.222409 -0.587599
vn -0.785417 0.252063 -0.565318
vn -0.849961 0.251885 -0.462731
vn -0.75934 0.402123 -0.511566
vn -0.777521 0.421762 -0.466453
vn -0.719566 0.471816 -0.509524
vn -0.604808 0.461076 -0.64932
vn -0.542774 0.456733 -0.704835
vn -0.497583 0.438902 -0.748182
vn -0.436154 0.457085 -0.775141
vn 0.756228 -0.409519 -0.510307
vn 0.703889 -0.31208 -0.63808
vn 0.743638 -0.368538 -0.557837
vn 0.680979 -0.350644 -0.642896
vn 0.714034 -0.334001 -0.615304
vn 0.721307 -0.426375 -0.545821
vn 0.501967 -0.431295 -0.749676
vn 0.528391 -0.575555 -0.624131
vn 0.522133 -0.693233 -0.496796
vn 0.176387 -0.55772 -0.811071
vn 0.14549 -0.667042 -0.730676
vn 0.118017 -0.7525 -0.647932
vn -0.133949 -0.658797 -0.7403
vn -0.0836674 -0.673909 -0.734061
vn -0.174425 -0.582496 -0.793898
vn 0.107143 -0.572161 -0.813113
vn 0.0391999 -0.448601 -0.892872
vn 0.0572355 -0.332395 -0.941402
vn 0.263075 -0.474872 -0.839814
vn -0.498183 -0.866872 -0.0186272
vn -0.259166 -0.933807 -0.246651
vn -0.283887 -0.912855 -0.293434
vn -0.162516 -0.895463 -0.41441
vn -0.261506 -0.845409 -0.465723
vn -0.0825453 -0.872708 -0.481214
vn -0.068472 -0.868913 -0.490207
vn -0.132825 -0.863341 -0.486826
vn -0.241183 -0.886496 -0.394912
vn -0.155766 -0.659064 -0.73578
vn -0.326646 -0.657259 -0.6792
vn -0.483304 -0.634337 -0.603353
vn -0.326401 -0.254601 -0.910297
vn -0.378916 -0.259437 -0.888322
vn -0.629727 -0.448828 -0.634033
vn -0.318883 -0.244338 -0.915758
vn -0.271169 -0.237405 -0.932795
vn -0.155202 0.00618171 -0.987863
vn -0.0147618 -0.0190875 -0.999709
vn -0.434705 -0.504439 -0.746038
vn -0.434706 -0.504438 -0.746038
vn 0.813381 0.208615 -0.543039
vn 0.906268 0.066488 -0.417441
vn 0.910842 0.162402 -0.379464
vn 0.957845 0.0325685 -0.285433
vn 0.971902 0.162558 -0.17024
vn 0.978871 -0.0133694 -0.204044
vn 0.941532 -0.0764258 -0.328142
vn 0.946864 -0.0574797 -0.316457
vn 0.924123 -0.0505795 -0.378732
vn 0.875704 0.00345821 -0.482836
vn 0.859726 -0.0386971 -0.509287
vn 0.899413 -0.0421973 -0.435058
vn 0.723589 -0.264555 -0.637519
vn 0.853812 -0.35423 -0.381478
vn 0.916538 -0.373432 -0.143198
vn 0.597772 -0.446405 -0.665877
vn 0.702886 -0.709491 0.0507258
vn 0.78766 -0.616021 -0.0105031
vn 0.775977 -0.619563 0.118324
vn 0.686611 -0.726084 0.0369785
vn -0.903381 0.418026 -0.0956982
vn -0.924094 0.240415 -0.29707
vn -0.944632 0.240794 -0.22291
vn -0.899089 0.22873 -0.373259
vn -0.870228 0.252812 -0.422835
vn -0.917468 0.241575 -0.31606
vn -0.830093 0.284333 -0.479688
vn -0.832578 0.409193 -0.37333
vn -0.816842 0.526526 -0.235669
vn -0.606131 0.535862 -0.587756
vn -0.593 0.690394 -0.414375
vn -0.556127 0.797991 -0.232233
vn -0.40165 0.847189 -0.347776
vn -0.411168 0.906787 -0.0931579
vn -0.39281 0.914639 0.0955783
vn -0.352206 0.931709 0.0887058
vn -0.432602 0.803307 0.409333
vn -0.426377 0.75032 0.505196
vn -0.485705 0.54148 0.686214
vn -0.485698 0.541482 0.686218
vn 0.339947 -0.81945 -0.461452
vn 0.13355 -0.944293 -0.300791
vn 0.0307065 -0.9981 -0.0534113
vn 0.220476 -0.974242 0.047362
vn -0.0751499 -0.980425 0.181986
vn -0.224225 -0.971986 -0.0704734
vn -0.244611 -0.96842 0.0482484
vn -0.275086 -0.961242 0.018475
vn -0.216481 -0.975857 -0.0289785
vn -0.257824 -0.966168 0.00686142
vn -0.279683 -0.944904 0.170101
vn -0.436463 -0.892043 0.117295
vn -0.468611 -0.861948 0.19352
vn -0.521435 -0.842493 0.135318
vn -0.483798 -0.875163 -0.00545247
vn -0.472929 -0.87622 -0.0926107
vn -0.451504 -0.879892 -0.148105
vn -0.45996 -0.870463 -0.175304
vn 0.344187 0.934548 -0.0903068
vn 0.253876 0.90185 -0.34959
vn 0.301289 0.935278 -0.185688
vn 0.310931 0.873101 -0.375523
vn 0.276703 0.912763 -0.300497
vn 0.207233 0.909331 -0.360793
vn 0.485385 0.636056 -0.599862
vn 0.636857 0.658769 -0.400544
vn 0.635296 0.769669 0.0633191
vn 0.748728 0.624096 -0.223406
vn 0.727774 0.37302 -0.575501
vn 0.789361 0.128005 -0.600436
vn 0.879486 0.434693 -0.19377
vn 0.414004 -0.262002 -0.871754
vn 0.757063 -0.214936 -0.616975
vn 0.787336 -0.150339 -0.597913
vn 0.786728 -0.0938456 -0.610124
vn 0.856474 -0.228898 -0.462664
vn 0.697289 0.100732 -0.709677
vn 0.509257 0.0905013 -0.855843
vn 0.807514 -0.326042 -0.491545
vn 0.293383 -0.299696 -0.907804
vn 0.593304 0.32746 -0.735364
vn 0.593306 0.327459 -0.735363
vn -0.728749 -0.429078 -0.533682
vn -0.999588 -0.0267257 0.0104981
vn -0.982265 -0.183509 -0.0384641
vn -0.873147 -0.467426 -0.138302
vn -0.963852 -0.0218292 0.265542
vn -0.971285 -0.179632 -0.156005
vn -0.933063 -0.344278 -0.104238
vn -0.835782 -0.430642 -0.340611
vn -0.719475 -0.502343 -0.479591
vn -0.760306 -0.54786 -0.348977
vn -0.617261 -0.477052 -0.625628
vn -0.655195 -0.474553 -0.587809
vn -0.254 -0.385423 -0.887093
vn -0.613636 -0.27765 -0.739163
vn -0.787557 -0.289513 -0.544001
vn -0.878863 -0.281545 -0.38514
vn -0.881829 -0.111169 -0.458279
vn -0.912599 -0.11626 -0.391978
vn -0.92805 -0.0834816 -0.36298
vn -0.86908 0.0699261 -0.489704
vn 0.981164 0.178497 0.0738628
vn 0.906649 0.374924 -0.193444
vn 0.909968 0.336284 -0.242633
vn 0.834528 0.401716 -0.377078
vn 0.864877 0.285908 -0.412607
vn 0.774693 0.438175 -0.45591
vn 0.765928 0.4436 -0.465373
vn 0.801882 0.395757 -0.447618
vn 0.872137 0.354734 -0.336957
vn 0.709451 0.194085 -0.677502
vn 0.81332 0.0842195 -0.575689
vn 0.885455 -0.0196317 -0.46431
vn 0.58465 -0.236536 -0.776038
vn 0.621647 -0.265055 -0.737089
vn 0.859033 -0.247139 -0.448313
vn 0.592439 -0.224218 -0.773784
vn 0.556262 -0.201139 -0.806297
vn 0.318091 -0.329462 -0.888973
vn 0.240593 -0.222101 -0.944874
vn 0.812926 -0.0539767 -0.57986
vn 0.812928 -0.0539813 -0.579858
vn -0.620168 0.416332 -0.664876
vn -0.578341 0.589549 -0.563874
vn -0.663114 0.53897 -0.519415
vn -0.597235 0.665702 -0.447382
vn -0.723301 0.610323 -0.32302
vn -0.582397 0.720675 -0.376086
vn -0.485952 0.709343 -0.510571
vn -0.50212 0.700897 -0.506575
vn -0.481872 0.666648 -0.568665
vn -0.464089 0.566435 -0.681009
vn -0.413137 0.571069 -0.709365
vn -0.44195 0.612235 -0.655628
vn -0.108455 0.561312 -0.820467
vn -0.15782 0.768567 -0.619998
vn -0.219303 0.879976 -0.421366
vn 0.138865 0.553309 -0.821319
vn 0.160932 0.968735 -0.188823
vn 0.0475418 0.960696 -0.273499
vn 0.0354537 0.987793 -0.151684
vn 0.207853 0.957062 -0.202065
vn 0.262668 -0.963727 0.0472887
vn 0.432361 -0.891435 -0.135674
vn 0.437847 -0.896274 -0.070587
vn 0.433407 -0.876165 -0.210935
vn 0.403089 -0.8711 -0.280542
vn 0.426454 -0.892538 -0.146675
vn 0.360601 -0.884074 -0.297287
vn 0.250164 -0.949636 -0.188704
vn 0.122454 -0.991287 -0.0485192
vn 0.0430291 -0.909819 -0.412768
vn -0.118832 -0.961753 -0.246801
vn -0.268574 -0.960659 -0.0707305
vn -0.382335 -0.900179 -0.208563
vn -0.478921 -0.877065 0.0373055
vn -0.541405 -0.812375 0.216628
vn -0.571998 -0.795518 0.199924
vn -0.512702 -0.671283 0.535271
vn -0.498886 -0.600448 0.62496
vn -0.349066 -0.450083 0.821936
vn -0.34906 -0.450087 0.821936
vn 0.458787 0.722799 -0.516794
vn 0.670716 0.667663 -0.323057
vn 0.74925 0.659751 -0.0579136
vn 0.598233 0.80129 0.00716802
vn 0.772878 0.606183 0.18762
vn 0.892227 0.451113 -0.0206769
vn 0.886338 0.451612 0.102232
vn 0.905802 0.415919 0.0808318
vn 0.885495 0.46391 0.0261912
vn 0.89504 0.439088 0.0781406
vn 0.857346 0.452259 0.245803
vn 0.922397 0.288035 0.257332
vn 0.899686 0.261267 0.349722
vn 0.927963 0.19235 0.319195
vn 0.957663 0.210129 0.196791
vn 0.974223 0.19394 0.115228
vn 0.978559 0.196579 0.0614793
vn 0.981175 0.186217 0.0511738
vn -0.923909 -0.351206 -0.151807
vn -0.81339 -0.433335 -0.388095
vn -0.888143 -0.394884 -0.235091
vn -0.823959 -0.373516 -0.426119
vn -0.842631 -0.414622 -0.343602
vn -0.787669 -0.472962 -0.394822
vn -0.715416 -0.127803 -0.686911
vn -0.848402 0.00555868 -0.529323
vn -0.998618 0.0181391 -0.049326
vn -0.913006 0.147593 -0.380312
vn -0.647486 0.22174 -0.729104
vn -0.78521 0.274408 -0.555109
vn -0.841848 0.374087 -0.389039
vn 0.11935 0.28863 -0.949973
vn -0.134952 0.582969 -0.801208
vn -0.066199 0.46904 -0.880692
vn -0.203592 0.572406 -0.794293
vn -0.265575 0.533826 -0.802807
vn -0.201089 0.701305 -0.683911
vn -0.321695 0.346972 -0.880978
vn -0.190635 0.169075 -0.966991
vn -0.0682433 0.711423 -0.699443
vn 0.253993 0.180309 -0.950251
vn -0.449282 0.145287 -0.881497
vn 0.846187 -0.340023 -0.410308
vn 0.650838 -0.73523 0.189333
vn 0.766042 -0.628242 0.135982
vn 0.926218 -0.376975 0.00317873
vn 0.600725 -0.683138 0.415273
vn 0.767515 -0.640577 0.0241419
vn 0.613143 -0.696263 0.373193
vn 0.931522 -0.360597 -0.0472961
vn 0.902235 -0.40447 -0.14959
vn 0.905255 -0.297446 -0.303381
vn 0.950049 -0.273146 -0.15099
vn 0.858498 -0.273257 -0.433949
vn 0.878173 -0.29189 -0.378963
vn 0.620942 -0.131412 -0.772763
vn 0.750169 -0.423806 -0.507578
vn 0.833494 -0.489579 -0.256126
vn 0.854922 -0.514396 -0.0671246
vn 0.765239 -0.63639 -0.0970462
vn 0.774844 -0.63191 -0.0174881
vn 0.757059 -0.652978 0.0219341
vn 0.663141 -0.742839 -0.0918431
vn -0.76971 0.63678 -0.0453589
vn -0.854169 0.424499 -0.300327
vn -0.826001 0.44761 -0.34259
vn -0.815764 0.331671 -0.473839
vn -0.748461 0.42638 -0.507943
vn -0.79902 0.25296 -0.545508
vn -0.790731 0.23669 -0.564555
vn -0.775795 0.296843 -0.5568
vn -0.794405 0.393562 -0.462634
vn -0.531562 0.307215 -0.789342
vn -0.516385 0.468823 -0.716625
vn -0.486934 0.606386 -0.628643
vn -0.0882002 0.441632 -0.892851
vn -0.0894223 0.491702 -0.86616
vn -0.289079 0.724827 -0.625348
vn -0.0852267 0.429929 -0.898831
vn -0.0782655 0.381909 -0.92088
vn 0.170812 0.258568 -0.950771
vn 0.138186 0.122339 -0.982821
vn -0.3687 0.538805 -0.757463
vn -0.368697 0.53881 -0.757461
vn 0.119269 -0.809058 -0.5755
vn -0.0462104 -0.87991 -0.472887
vn 0.0435867 -0.904375 -0.424508
vn -0.100523 -0.931218 -0.350327
vn 0.013906 -0.975604 -0.219099
vn -0.15842 -0.948349 -0.274839
vn -0.202126 -0.887217 -0.414718
vn -0.186267 -0.895961 -0.403186
vn -0.166936 -0.870117 -0.463712
vn -0.0897709 -0.818061 -0.568082
vn -0.12507 -0.789313 -0.601117
vn -0.14962 -0.830666 -0.536291
vn -0.293112 -0.58352 -0.757357
vn -0.450421 -0.709251 -0.542295
vn -0.526975 -0.785351 -0.324839
vn -0.431924 -0.4012 -0.807763
vn -0.847195 -0.498331 -0.184194
vn -0.764562 -0.598575 -0.239065
vn -0.792916 -0.598313 -0.115352
vn -0.863534 -0.45898 -0.208918
vn 0.566197 0.82427 -0.000174001
vn 0.413058 0.886042 -0.210504
vn 0.409278 0.90158 -0.140162
vn 0.40448 0.868458 -0.286664
vn 0.427367 0.836439 -0.343113
vn 0.413915 0.88216 -0.224651
vn 0.462918 0.802113 -0.377256
vn 0.574487 0.777862 -0.254744
vn 0.670758 0.734387 -0.103729
vn 0.697428 0.557665 -0.450116
vn 0.82431 0.505281 -0.255351
vn 0.898672 0.43475 -0.0581514
vn 0.943528 0.291654 -0.157142
vn 0.957879 0.264681 0.111407
vn 0.926048 0.223853 0.303851
vn 0.933635 0.186895 0.305607
vn 0.744454 0.244626 0.621246
vn 0.667516 0.233216 0.707129
vn 0.41427 0.298622 0.859771
vn 0.414269 0.298622 0.859771
vn -0.819431 -0.172393 -0.546639
vn -0.920877 0.0437734 -0.387387
vn -0.980387 0.139373 -0.139341
vn -0.997342 -0.0584227 -0.0435498
vn -0.969638 0.223673 0.0988548
vn -0.910146 0.387619 -0.146237
vn -0.916264 0.399476 -0.029657
vn -0.899626 0.432491 -0.0602084
vn -0.915043 0.381635 -0.130576
vn -0.904976 0.415587 -0.0911324
vn -0.907904 0.413115 0.0710408
vn -0.819728 0.571779 0.0333829
vn -0.797191 0.592533 0.115716
vn -0.756247 0.65107 0.0647892
vn -0.760874 0.642518 -0.0907753
vn -0.743358 0.644403 -0.179341
vn -0.736866 0.632804 -0.237884
vn -0.713763 0.646969 -0.268279
vn 0.870224 -0.490583 -0.045148
vn 0.877283 -0.381249 -0.291589
vn 0.88593 -0.443703 -0.135114
vn 0.841891 -0.432063 -0.32333
vn 0.878004 -0.40867 -0.249195
vn 0.892803 -0.336879 -0.299022
vn 0.609394 -0.548326 -0.572694
vn 0.582146 -0.714793 -0.387526
vn 0.632151 -0.76937 0.0919547
vn 0.504435 -0.834894 -0.220221
vn 0.309598 -0.739505 -0.59773
vn 0.0670942 -0.743187 -0.665711
vn 0.286406 -0.932417 -0.220389
vn -0.196108 -0.273146 -0.941771
vn -0.26968 -0.627891 -0.730086
vn -0.217529 -0.671114 -0.708722
vn -0.15044 -0.690607 -0.707411
vn -0.328805 -0.732763 -0.595773
vn 0.0434562 -0.62876 -0.776384
vn 0.102178 -0.432244 -0.895949
vn -0.41767 -0.647686 -0.637224
vn -0.198987 -0.112981 -0.973468
vn 0.28036 -0.58882 -0.758082
vn 0.280361 -0.58882 -0.758082
vn -0.256544 0.814546 -0.520288
vn 0.13147 0.98759 0.0859211
vn -0.0200868 0.999623 0.0187026
vn -0.104285 0.988716 0.107547
vn -0.00266655 0.995201 -0.0978165
vn 0.113082 0.957449 0.265524
vn -0.314314 0.926229 -0.2081
vn -0.253106 0.917728 -0.306125
vn -0.322746 0.827199 -0.459975
vn -0.381062 0.864117 -0.328776
vn -0.289748 0.737989 -0.609441
vn -0.292035 0.768982 -0.568667
vn -0.202273 0.391178 -0.897811
vn -0.0854379 0.718042 -0.690736
vn -0.114689 0.871041 -0.477633
vn -0.129256 0.941738 -0.31052
vn 0.042848 0.939787 -0.339064
vn 0.026486 0.962812 -0.26887
vn 0.052855 0.971389 -0.231538
vn 0.214927 0.919865 -0.328107
vn -0.968408 -0.24508 0.0460647
vn 0.25043 -0.960972 0.117543
vn 0.249475 -0.962478 0.106766
vn -0.96794 -0.244259 0.0585682
vn -0.250388 0.961016 -0.117278
vn -0.249417 0.96273 -0.1046
vn 0.968416 0.245122 -0.0456652
vn 0.967991 0.244461 -0.0568525
vn -0.967147 -0.241921 0.0781036
vn 0.249047 -0.964104 0.0920834
vn 0.248697 -0.964528 0.0885189
vn -0.966687 -0.241454 0.0849525
vn -0.248775 0.9648 -0.0852713
vn -0.248151 0.965546 -0.0783655
vn 0.967475 0.242717 -0.0712835
vn 0.967252 0.242503 -0.074937
vn -0.966064 -0.240506 0.0942234
vn 0.248479 -0.964972 0.0841816
vn 0.24844 -0.965043 0.0834793
vn -0.965867 -0.240361 0.0965789
vn -0.247584 0.966395 -0.069159
vn -0.247335 0.966626 -0.0667865
vn 0.967027 0.242043 -0.0792143
vn 0.966987 0.241972 -0.0799152
vn -0.963704 -0.237949 0.121061
vn 0.246908 -0.967096 0.0613298
vn 0.244846 -0.968734 0.0400504
vn -0.961047 -0.23659 0.14288
vn -0.245527 0.968458 -0.042491
vn -0.242827 0.969855 -0.0204145
vn 0.965435 0.239886 -0.101929
vn 0.963345 0.23823 -0.123342
vn -0.954011 -0.233923 0.187465
vn 0.239355 -0.970927 -0.00324563
vn 0.23502 -0.971673 -0.0248255
vn -0.94922 -0.234554 0.209682
vn -0.236543 0.971322 0.0240931
vn -0.23099 0.971837 0.0466483
vn 0.957524 0.235464 -0.166445
vn 0.953498 0.235292 -0.188358
vn -0.930063 -0.233876 0.283345
vn 0.21878 -0.970843 -0.0979763
vn 0.202545 -0.968183 -0.146961
vn -0.912709 -0.238448 0.33182
vn -0.213936 0.969507 0.119532
vn -0.195418 0.966039 0.169057
vn 0.936561 0.234571 -0.260441
vn 0.920368 0.23787 -0.310387
vn -0.893328 -0.239128 0.380504
vn 0.1877 -0.962337 -0.196661
vn 0.0469743 -0.815847 -0.576356
vn -0.892701 -0.245852 0.37768
vn -0.179708 0.95918 0.218353
vn -0.0346581 0.812708 0.58164
vn 0.902295 0.238331 -0.359254
vn 0.900926 0.243439 -0.359264
vn -0.826994 -0.033327 -0.561222
vn -0.82869 0.24226 -0.504562
vn -0.90011 0.0794279 -0.428361
vn -0.0248485 -0.68462 -0.728477
vn 0.0722407 -0.697672 -0.712766
vn -0.762276 0.431451 -0.482479
vn 0.134686 0.642871 0.75404
vn 0.0371144 0.685449 0.727174
vn -0.0609049 0.719764 0.691542
vn 0.88318 0.0643424 0.4646
vn 0.845895 -0.237985 0.47731
vn 0.919402 -0.0728141 0.38652
vn 0.752734 -0.446176 0.484064
vn -0.121693 -0.664828 -0.737017
vn -0.558569 0.674622 -0.482582
vn 0.483878 0.102956 -0.869058
vn 0.626779 0.0292145 -0.778649
vn -0.49551 0.784588 -0.372682
vn -0.327006 -0.192092 0.925293
vn -0.46579 -0.0745675 0.881748
vn -0.588286 0.0455646 0.807368
vn 0.54701 -0.690082 0.473884
vn 0.483378 -0.802224 0.350402
vn 0.324511 0.173193 -0.929891
vn -0.384834 0.878803 -0.28215
vn 0.813062 0.573294 -0.101312
vn 0.903574 0.427066 -0.0341952
vn -0.419024 0.862499 -0.283749
vn -0.688363 -0.710619 0.145525
vn -0.811929 -0.571623 0.118397
vn -0.906815 -0.412435 0.0870871
vn 0.374479 -0.891476 0.25502
vn 0.42117 -0.872781 0.246718
vn 0.694842 0.699984 -0.164976
vn 0.743388 -0.531216 0.406428
vn 0.571539 0.820259 0.0227743
vn 0.575864 0.81744 0.0131478
vn 0.739466 -0.527823 0.417844
vn -0.571661 -0.82018 -0.0225447
vn -0.576616 -0.816939 -0.0111613
vn -0.74353 0.531301 -0.406056
vn -0.740074 0.528213 -0.416272
vn 0.732488 -0.523138 0.435647
vn 0.580918 0.813962 -0.000297571
vn 0.582311 0.812959 -0.0034688
vn 0.730209 -0.521141 0.441823
vn -0.583259 -0.81226 0.00650977
vn -0.585868 -0.810307 0.0126761
vn -0.734942 0.524814 -0.429453
vn -0.733769 0.523741 -0.432757
vn 0.72687 -0.51865 0.450181
vn 0.583828 0.811844 -0.00740799
vn 0.584076 0.811659 -0.00804388
vn 0.726066 -0.517937 0.452293
vn -0.589076 -0.807805 0.0209972
vn -0.589972 -0.807093 0.0231027
vn -0.732249 0.522649 -0.436635
vn -0.731998 0.522472 -0.437267
vn 0.717027 -0.510912 0.474175
vn 0.591903 0.805523 -0.0279998
vn 0.599507 0.798991 -0.0469537
vn 0.709166 -0.503618 0.493409
vn -0.598305 -0.800007 0.0449477
vn -0.606285 -0.792635 0.0644049
vn -0.724163 0.516388 -0.457089
vn -0.716493 0.509817 -0.476156
vn 0.692253 -0.487484 0.532113
vn 0.614846 0.784048 -0.0850447
vn 0.623153 0.77523 -0.103436
vn 0.684593 -0.477284 0.550937
vn -0.621816 -0.776317 0.103329
vn -0.630887 -0.766195 0.122173
vn -0.700561 0.495054 -0.513942
vn -0.692798 0.486 -0.532762
vn 0.655135 -0.442861 0.612105
vn 0.649607 0.742098 -0.165228
vn 0.668817 0.714715 -0.204614
vn 0.63688 -0.413617 0.650619
vn -0.656584 -0.73161 0.183426
vn -0.676624 -0.701917 0.22247
vn -0.66499 0.453647 -0.59329
vn -0.646083 0.425604 -0.633591
vn 0.614377 -0.385299 0.688538
vn 0.684915 0.686122 -0.245211
vn 0.744794 0.383722 -0.54593
vn 0.61992 -0.381407 0.685732
vn -0.69234 -0.672178 0.262378
vn -0.750781 -0.371391 0.546257
vn -0.624131 0.398309 -0.672168
vn -0.627309 0.394079 -0.671703
vn 0.643053 -0.736099 -0.211285
vn 0.416513 -0.894904 -0.160195
vn 0.566121 -0.822017 -0.0616037
vn 0.721473 0.205679 -0.661191
vn 0.671251 0.288459 -0.682798
vn 0.225662 -0.959958 -0.166004
vn -0.75921 -0.0928615 0.644186
vn -0.728926 -0.19779 0.655398
vn -0.689855 -0.300334 0.658711
vn -0.676564 0.729502 0.10044
vn -0.42327 0.896855 0.12843
vn -0.572396 0.81983 0.0155303
vn -0.20905 0.96282 0.171102
vn 0.764594 0.120875 -0.633076
vn -0.0817641 -0.966303 -0.244075
vn -0.152287 0.0360258 -0.987679
vn -0.200122 0.211455 -0.956681
vn -0.230355 -0.958748 -0.16655
vn 0.116539 0.149347 0.981893
vn 0.116698 -0.0373399 0.992465
vn 0.112776 -0.222722 0.968337
vn 0.102564 0.965243 0.240389
vn 0.256436 0.95477 0.150514
vn -0.0992717 -0.140629 -0.985073
vn -0.389796 -0.912429 -0.124624
vn -0.894287 0.196341 -0.40212
vn -0.84972 0.373052 -0.372571
vn -0.356791 -0.927301 -0.113193
vn 0.917533 -0.00715093 0.397596
vn 0.8882 -0.191722 0.417544
vn 0.827492 -0.369521 0.422742
vn 0.412153 0.905228 0.103404
vn 0.372417 0.924773 0.0781025
vn -0.908372 0.0129388 -0.417963
vn -0.097215 0.985189 0.141253
vn -0.0995135 0.983154 0.153313
vn -0.098254 0.985145 0.140837
vn -0.992291 -0.088832 -0.0864192
vn -0.991464 -0.0868143 -0.0972742
vn -0.990589 -0.0842616 -0.107859
vn -0.101325 0.980986 0.16553
vn 0.992308 0.0900353 0.0849647
vn 0.991446 0.0867296 0.0975326
vn 0.99239 0.0889568 0.0851409
vn 0.990385 0.0838903 0.109999
vn 0.0972134 -0.985103 -0.141854
vn 0.0994702 -0.98322 -0.152919
vn 0.0983238 -0.984956 -0.142105
vn 0.101168 -0.981286 -0.163835
vn -0.992153 -0.0898763 -0.0869212
vn -0.103145 0.977349 0.184797
vn -0.989119 -0.0817108 -0.122343
vn -0.988753 -0.0808428 -0.125824
vn -0.104156 0.975958 0.191459
vn 0.988369 0.0804713 0.129039
vn 0.987595 0.0788605 0.135782
vn 0.102486 -0.978664 -0.178081
vn 0.103058 -0.977951 -0.181632
vn -0.105219 0.97402 0.200533
vn -0.98827 -0.0800065 -0.130081
vn -0.988191 -0.0798658 -0.130769
vn -0.105589 0.973507 0.202816
vn 0.986462 0.0770014 0.144786
vn 0.986167 0.0764159 0.147091
vn 0.103518 -0.977113 -0.185834
vn 0.103595 -0.976974 -0.186522
vn -0.108547 0.967901 0.226683
vn -0.985451 -0.0752307 -0.152405
vn -0.982406 -0.0702609 -0.173039
vn -0.112049 0.962335 0.247701
vn 0.982736 0.0712817 0.170729
vn 0.979199 0.065635 0.191995
vn 0.106272 -0.972332 -0.208031
vn 0.10932 -0.967317 -0.228794
vn -0.119573 0.949413 0.290373
vn -0.974909 -0.0590914 -0.214616
vn -0.970596 -0.0520272 -0.235026
vn -0.125414 0.942071 0.311085
vn 0.970635 0.0536734 0.234493
vn 0.965714 0.0453501 0.255616
vn 0.116266 -0.955749 -0.270234
vn 0.121166 -0.949046 -0.290911
vn -0.142614 0.914038 0.379732
vn -0.952487 -0.0271765 -0.303364
vn -0.937511 -0.00568906 -0.347909
vn -0.159523 0.891858 0.423251
vn 0.946084 0.0200173 0.323303
vn 0.929871 -0.00362419 0.367868
vn 0.137682 -0.92337 -0.358375
vn 0.153483 -0.901909 -0.403737
vn -0.173005 0.866975 0.467359
vn -0.91952 0.0139652 -0.392795
vn -0.679416 0.172565 -0.713173
vn -0.17905 0.867925 0.463301
vn 0.91085 -0.0238919 0.412046
vn 0.673452 -0.184633 0.715802
vn 0.166587 -0.878242 -0.448264
vn 0.171736 -0.877821 -0.447144
vn 0.207113 0.883204 -0.42078
vn 0.462451 0.828347 -0.316198
vn 0.300311 0.917699 -0.260079
vn -0.510706 0.238174 -0.826107
vn -0.541229 0.143886 -0.828473
vn 0.630909 0.726846 -0.271382
vn 0.448502 -0.340993 0.826177
vn 0.509935 -0.250064 0.823064
vn 0.565223 -0.156121 0.810031
vn -0.166027 -0.931488 0.323674
vn -0.455405 -0.842501 0.287747
vn -0.288363 -0.93247 0.217591
vn -0.64403 -0.715119 0.271718
vn -0.475163 0.330122 -0.815622
vn 0.835272 0.484466 -0.260025
vn 0.202597 -0.381782 -0.901775
vn 0.0912318 -0.519341 -0.849683
vn 0.909788 0.389468 -0.143526
vn -0.323935 0.237755 0.915718
vn -0.180367 0.357552 0.91631
vn -0.0304919 0.464848 0.884866
vn -0.846697 -0.469382 0.250569
vn -0.92047 -0.371733 0.120618
vn 0.307066 -0.231227 -0.923171
vn 0.96577 0.253252 -0.0561433
vn 0.451815 -0.883484 -0.123767
vn 0.283011 -0.953993 -0.0990079
vn 0.955502 0.289767 -0.0552313
vn -0.612527 0.7809 0.122498
vn -0.453813 0.879954 0.140482
vn -0.279067 0.947923 0.153504
vn -0.97094 -0.23754 0.0291514
vn -0.958247 -0.285432 0.01708
vn 0.605223 -0.782867 -0.144307
vn -0.224558 0.813465 0.536516
vn -0.706766 0.212822 0.674677
vn -0.271148 -0.406441 0.872516
vn 0.480242 -0.188534 0.856635
vn 0.509048 0.565425 0.648972
vn -0.273306 0.922544 -0.272426
vn -0.273299 0.922548 -0.27242
vn 0.828779 0.549925 -0.103485
vn 0.828778 0.549925 -0.103487
vn -0.273293 0.922552 -0.272414
vn -0.997688 0.0202434 -0.0648798
vn -0.997688 0.0202403 -0.0648811
vn -0.997688 0.0202372 -0.0648825
vn -0.343298 -0.91004 0.232321
vn -0.343299 -0.91004 0.232321
vn -0.3433 -0.91004 0.232322
vn 0.785511 -0.582679 0.208464
vn 0.828779 0.549924 -0.103484
vn -0.139259 0.414773 -0.899206
vn -0.621492 -0.185893 -0.761047
vn -0.185901 -0.805131 -0.563209
vn 0.565542 -0.587209 -0.579093
vn 0.594334 0.166734 -0.786745
vn -0.629815 -0.521836 0.575344
vn 0.0840141 -0.451658 0.888227
vn 0.263104 0.309742 0.913694
vn -0.34005 0.710095 0.616548
vn -0.891918 0.196164 0.407432
vn -0.491058 -0.856753 -0.157595
vn -0.491055 -0.856754 -0.157596
vn -0.884778 0.221822 -0.409832
vn -0.884779 0.221828 -0.409828
vn -0.491053 -0.856756 -0.157597
vn 0.581286 -0.751327 0.312434
vn 0.581286 -0.751327 0.312434
vn 0.581287 -0.751326 0.312434
vn 0.850308 0.392418 0.35069
vn 0.850308 0.392415 0.350694
vn 0.850308 0.392412 0.350697
vn -0.0557703 0.993847 -0.095698
vn -0.0557697 0.993847 -0.0956968
vn -0.0557691 0.993847 -0.0956956
vn -0.884778 0.221816 -0.409837
vn -0.0239394 -0.618821 -0.785167
vn 0.689898 -0.548637 -0.472269
vn 0.868975 0.212725 -0.4468
vn 0.265816 0.613088 -0.743952
vn -0.286032 0.099174 -0.953074
vn 0.71215 0.00616707 0.702
vn 0.176218 0.567108 0.804572
vn -0.529059 0.228306 0.817296
vn -0.429025 -0.542038 0.722587
vn 0.33808 -0.679317 0.65133
vn 0.989185 0.135389 -0.0564199
vn 0.989185 0.135389 -0.0564199
vn 0.427247 -0.894368 -0.132534
vn 0.427246 -0.894369 -0.132533
vn 0.989185 0.135389 -0.0564199
vn 0.184101 0.978043 0.0976634
vn 0.184101 0.978043 0.0976635
vn 0.184101 0.978043 0.0976636
vn -0.875403 0.469076 0.11678
vn -0.875403 0.469076 0.116781
vn -0.875403 0.469076 0.116781
vn -0.725132 -0.688138 -0.0254897
vn -0.725131 -0.688139 -0.0254901
vn -0.725131 -0.688139 -0.0254906
vn 0.427249 -0.894367 -0.132535
vn 0.604795 0.174083 -0.777122
vn 0.0688841 0.735006 -0.674553
vn -0.636405 0.396197 -0.661828
vn -0.536369 -0.374127 -0.75653
vn 0.230722 -0.511406 -0.827787
vn -0.224558 0.813465 0.536515
vn -0.271168 -0.406422 0.872519
vn 0.480248 -0.188508 0.856637
vn 0.509048 0.565426 0.648972
vn -0.273306 0.922544 -0.272426
vn -0.273303 0.922546 -0.272423
vn 0.828777 0.549926 -0.103485
vn 0.828776 0.549928 -0.103487
vn -0.997688 0.020243 -0.0648812
vn -0.997688 0.020242 -0.0648816
vn -0.997688 0.0202411 -0.0648821
vn -0.343304 -0.910039 0.232315
vn -0.343305 -0.910039 0.232315
vn -0.343306 -0.910039 0.232316
vn 0.785514 -0.582677 0.208458
vn 0.785515 -0.582676 0.208458
vn 0.785515 -0.582676 0.208457
vn 0.828778 0.549925 -0.103483
vn -0.139286 0.414777 -0.899199
vn -0.62149 -0.185852 -0.761058
vn -0.185884 -0.805132 -0.563214
vn 0.565527 -0.587219 -0.579097
vn 0.594315 0.166745 -0.786757
vn -0.629824 -0.521825 0.575343
vn 0.0839985 -0.451644 0.888235
vn 0.263086 0.309758 0.913693
vn -0.340039 0.710091 0.616558
vn -0.89192 0.196155 0.407434
vn -0.491054 -0.856755 -0.157597
vn -0.491054 -0.856755 -0.157597
vn -0.884776 0.221825 -0.409835
vn -0.491054 -0.856755 -0.157597
vn 0.581286 -0.751327 0.312433
vn 0.581286 -0.751327 0.312433
vn 0.581287 -0.751326 0.312433
vn 0.850306 0.392425 0.350688
vn 0.850306 0.392419 0.350695
vn 0.850306 0.392412 0.350703
vn -0.0557716 0.993847 -0.0957004
vn -0.0557703 0.993847 -0.0956979
vn -0.055769 0.993847 -0.0956955
vn -0.884776 0.221825 -0.409835
vn -0.0239516 -0.618832 -0.785158
vn 0.6899 -0.548644 -0.472259
vn 0.86898 0.212728 -0.44679
vn 0.26581 0.613103 -0.743942
vn -0.286054 0.099178 -0.953067
vn 0.71215 0.00616708 0.702
vn 0.176218 0.567109 0.804572
vn -0.529059 0.228305 0.817296
vn -0.429024 -0.542038 0.722588
vn 0.989185 0.135389 -0.056421
vn 0.989185 0.135388 -0.0564205
vn 0.427249 -0.894368 -0.132533
vn 0.989185 0.135388 -0.05642
vn 0.184101 0.978043 0.0976638
vn 0.184101 0.978043 0.0976636
vn 0.184101 0.978043 0.0976634
vn -0.875404 0.469075 0.116779
vn -0.875402 0.469077 0.116782
vn -0.725131 -0.688139 -0.025489
vn -0.725131 -0.688139 -0.025489
vn -0.725131 -0.688139 -0.025489
vn 0.604809 0.174083 -0.777111
vn 0.0688864 0.735016 -0.674542
vn -0.636414 0.396202 -0.661817
vn -0.536384 -0.37412 -0.756523
vn 0.23074 -0.511405 -0.827782
vn 0.818886 -0.568188 0.0811719
vn 0.819317 -0.567932 0.0785681
vn 0.818982 -0.568048 0.081178
vn 0.558881 0.821484 0.113212
vn 0.559473 0.821749 0.108249
vn 0.559134 0.822636 0.103145
vn 0.820073 -0.567193 0.0759767
vn -0.559246 -0.821694 -0.109833
vn -0.560585 -0.82224 -0.0983135
vn -0.559294 -0.821661 -0.109833
vn -0.560731 -0.823438 -0.0867796
vn -0.819326 0.568027 -0.0777853
vn -0.820427 0.567612 -0.0686693
vn -0.819396 0.567923 -0.077809
vn -0.822012 0.566332 -0.0596919
vn 0.55881 0.821534 0.113199
vn 0.821482 -0.566152 0.0681089
vn 0.552563 0.818775 0.155826
vn 0.541555 0.813306 0.212723
vn 0.823796 -0.563366 0.0630813
vn -0.55633 -0.821654 -0.124022
vn -0.54718 -0.818958 -0.172919
vn -0.82518 0.563736 -0.0357712
vn -0.829223 0.558468 -0.0224275
vn 0.832155 -0.554262 0.0176925
vn 0.537344 0.813324 0.223081
vn 0.541805 0.821811 0.176281
vn 0.838396 -0.544596 -0.0225207
vn -0.532579 -0.807513 -0.253539
vn -0.524475 -0.802011 -0.28584
vn -0.826664 0.560711 -0.0472254
vn -0.821431 0.563641 -0.0869445
vn 0.842492 -0.534094 -0.07036
vn 0.538708 0.818488 0.199677
vn 0.529477 0.804352 0.269577
vn 0.844288 -0.530215 -0.0777798
vn -0.516355 -0.792081 -0.325554
vn -0.516776 -0.788852 -0.332649
vn -0.827407 0.558865 -0.0553898
vn -0.838659 0.544491 0.0134401
vn 0.61362 -0.497854 0.612871
vn 0.612961 -0.532437 0.583772
vn 0.609417 -0.499787 0.615486
vn 0.787081 0.426264 -0.445873
vn 0.787997 0.452646 -0.417339
vn 0.78436 0.481352 -0.391253
vn 0.611867 -0.565826 0.552685
vn -0.788779 -0.421978 0.446948
vn -0.787853 -0.445493 0.425234
vn -0.787068 -0.423519 0.448504
vn -0.783808 -0.471123 0.404584
vn -0.613745 0.500436 -0.610639
vn -0.613812 0.539649 -0.576206
vn -0.609777 0.502852 -0.612627
vn -0.613933 0.576527 -0.539169
vn 0.788625 0.425147 -0.444208
vn 0.618582 -0.618832 0.484152
vn 0.780841 0.557646 -0.281636
vn 0.769798 0.606087 -0.200173
vn 0.623208 -0.640144 0.449252
vn -0.782189 -0.540833 0.309321
vn -0.77311 -0.588483 0.236619
vn -0.621859 0.636375 -0.456419
vn -0.628957 0.659024 -0.412432
vn 0.637242 -0.678558 0.365351
vn 0.759711 0.633076 -0.148504
vn 0.762432 0.620675 -0.182919
vn 0.645405 -0.695169 0.316531
vn -0.755859 -0.643785 0.119241
vn -0.746569 -0.660628 0.0787785
vn -0.630775 0.668649 -0.393739
vn -0.628424 0.654752 -0.419981
vn 0.651106 -0.713038 0.26007
vn 0.758549 0.63391 -0.15087
vn 0.749146 0.657126 -0.0834624
vn 0.653564 -0.713725 0.251896
vn -0.735861 -0.676487 0.0295658
vn -0.735696 -0.676962 0.0217762
vn -0.635835 0.671135 -0.381173
vn -0.647295 0.694205 -0.314784
vn -0.0980984 0.988865 -0.111902
vn -0.0967762 0.990432 -0.0983851
vn -0.0977895 0.988894 -0.111919
vn -0.989818 -0.0856777 0.113662
vn -0.990865 -0.0866975 0.103296
vn -0.991736 -0.0884447 0.0929391
vn -0.0964228 0.99172 -0.0848173
vn 0.990052 0.0855788 -0.111681
vn 0.991341 0.0871614 -0.0982142
vn 0.99002 0.0858828 -0.111734
vn 0.992411 0.0890768 -0.0847636
vn 0.0982928 -0.988631 0.113789
vn 0.0971426 -0.989878 0.103465
vn 0.0979522 -0.988658 0.113848
vn 0.0971625 -0.990917 0.0929651
vn -0.98985 -0.0853347 0.113643
vn -0.0956516 0.993215 -0.0661436
vn -0.985459 -0.0854309 0.146874
vn -0.973772 -0.0853555 0.210907
vn -0.099725 0.99319 -0.0602354
vn 0.98779 0.0867675 -0.129396
vn 0.978318 0.087124 -0.18789
vn 0.0975804 -0.99168 0.0839588
vn 0.103271 -0.991112 0.0838609
vn -0.106834 0.991534 -0.0738096
vn -0.969354 -0.0878246 0.229433
vn -0.978183 -0.0953616 0.184564
vn -0.114512 0.989111 -0.0924452
vn 0.964442 0.0862794 -0.249814
vn 0.962823 0.0900339 -0.254687
vn 0.102122 -0.993312 0.053871
vn 0.100688 -0.994669 0.022256
vn -0.121861 0.983887 -0.130829
vn -0.975697 -0.0944016 0.197745
vn -0.962716 -0.087589 0.255943
vn -0.127913 0.980415 -0.149748
vn 0.95637 0.0880872 -0.278562
vn 0.951207 0.0841905 -0.296846
vn 0.106405 -0.993015 0.0509834
vn 0.119881 -0.986851 0.108416
vn -0.303082 0.809015 0.503622
vn -0.281346 0.840409 0.463202
vn -0.296455 0.808988 0.507595
vn -0.878271 -0.0406381 -0.476434
vn -0.899554 -0.0671015 -0.431624
vn -0.915808 -0.100258 -0.388902
vn -0.26126 0.869444 0.419297
vn 0.87917 0.0334666 0.475331
vn 0.897374 0.0642703 0.436566
vn 0.87724 0.0392031 0.478448
vn 0.912949 0.0969239 0.396397
vn 0.302383 -0.810136 -0.502239
vn 0.279909 -0.843418 -0.458581
vn 0.295692 -0.810627 -0.50542
vn 0.259677 -0.873686 -0.411389
vn -0.880439 -0.0354931 -0.472829
vn -0.240856 0.911754 0.332705
vn -0.956779 -0.163058 -0.240802
vn -0.969358 -0.203152 -0.138108
vn -0.237707 0.925876 0.29368
vn 0.953399 0.157217 0.257512
vn 0.96708 0.197271 0.160748
vn 0.238338 -0.918375 -0.315883
vn 0.236419 -0.933228 -0.270541
vn -0.236863 0.948502 0.210334
vn -0.97144 -0.231148 -0.0536249
vn -0.970251 -0.229997 -0.0755901
vn -0.240348 0.956317 0.166406
vn 0.971575 0.234452 0.0327876
vn 0.969896 0.243469 0.00493566
vn 0.235 -0.944283 -0.230446
vn 0.239396 -0.941649 -0.236613
vn -0.240151 0.965237 0.103179
vn -0.97069 -0.23725 -0.0383759
vn -0.969097 -0.245785 0.0210084
vn -0.24227 0.966637 0.0831745
vn 0.966751 0.251983 -0.0435521
vn 0.96545 0.252886 -0.0628824
vn 0.240223 -0.953098 -0.184112
vn 0.242527 -0.961991 -0.125514
vn 0.780249 0.198556 -0.593117
vn 0.52885 0.383491 -0.757134
vn 0.567456 0.499998 -0.654214
vn 0.344717 0.403234 -0.847686
vn 0.383839 0.300787 -0.873038
vn 0.236455 0.434427 -0.869116
vn 0.164551 0.429286 -0.888052
vn 0.192057 0.375608 -0.90666
vn 0.311095 0.324948 -0.893101
vn -0.127483 0.168979 -0.97734
vn -0.00494743 0.0513938 -0.998666
vn 0.110527 -0.0617968 -0.99195
vn -0.369752 -0.261723 -0.891507
vn -0.3223 -0.292181 -0.900418
vn 0.0725297 -0.293278 -0.953272
vn -0.365114 -0.257854 -0.894541
vn -0.405501 -0.231162 -0.884383
vn -0.624131 -0.329521 -0.708432
vn -0.703683 -0.214969 -0.677214
vn -0.0399624 -0.116186 -0.992423
vn -0.340014 0.299659 -0.891401
vn -0.321728 0.480257 -0.815993
vn -0.428971 0.440153 -0.788828
vn -0.373337 0.567721 -0.733697
vn -0.550522 0.533899 -0.641776
vn -0.376853 0.626751 -0.68203
vn -0.221398 0.588223 -0.777802
vn -0.228393 0.572987 -0.787097
vn -0.174396 0.523857 -0.833763
vn -0.087666 0.394437 -0.914732
vn -0.0224481 0.389187 -0.920885
vn -0.0672408 0.428001 -0.901273
vn 0.321696 0.369958 -0.871575
vn 0.182425 0.603906 -0.775898
vn 0.0333619 0.742638 -0.668861
vn 0.545584 0.385098 -0.744337
vn 0.253843 0.917554 -0.306036
vn 0.198808 0.879998 -0.431369
vn 0.127854 0.930801 -0.342436
vn 0.311022 0.905948 -0.287269
vn 0.288492 -0.830386 -0.476689
vn 0.411733 -0.6427 -0.646075
vn 0.348081 -0.7273 -0.591502
vn 0.394369 -0.582991 -0.710348
vn 0.359267 -0.582275 -0.729303
vn 0.400247 -0.61973 -0.675083
vn 0.285814 -0.48156 -0.828499
vn 0.20508 -0.599881 -0.773359
vn 0.124273 -0.715583 -0.687385
vn -0.0750207 -0.371976 -0.925206
vn -0.173069 -0.538339 -0.824765
vn -0.248149 -0.665964 -0.703501
vn -0.410189 -0.507063 -0.758045
vn -0.412619 -0.688934 -0.595915
vn -0.406035 -0.78863 -0.461733
vn -0.333803 -0.879848 -0.338295
vn -0.281162 -0.922606 -0.264095
vn -0.238177 -0.952933 -0.187593
vn -0.0498003 -0.997172 -0.0562894
vn 0.314843 0.607697 -0.729094
vn 0.558429 0.574103 -0.598801
vn 0.696376 0.61298 -0.373251
vn 0.565371 0.77719 -0.276281
vn 0.779997 0.608064 -0.147857
vn 0.83872 0.390119 -0.379943
vn 0.866078 0.413813 -0.280478
vn 0.875892 0.365325 -0.3152
vn 0.826984 0.368817 -0.424348
vn 0.849543 0.352263 -0.392667
vn 0.872238 0.41326 -0.261566
vn 0.936927 0.208242 -0.280718
vn 0.957787 0.200766 -0.205761
vn 0.965485 0.100091 -0.240458
vn 0.917501 0.00881169 -0.397635
vn 0.882535 -0.0498882 -0.467594
vn 0.852107 -0.0790986 -0.517355
vn 0.832147 -0.143568 -0.535649
vn -0.849911 -0.321749 -0.417287
vn -0.676793 -0.337354 -0.654326
vn -0.794075 -0.344691 -0.500632
vn -0.677963 -0.270271 -0.683608
vn -0.726547 -0.337443 -0.59855
vn -0.774138 -0.263219 -0.575696
vn -0.500342 0.0563472 -0.863993
vn -0.678232 0.133727 -0.722578
vn -0.782904 0.217505 -0.582883
vn -0.441979 0.4117 -0.796968
vn -0.625503 0.396021 -0.672245
vn -0.732873 0.42924 -0.527873
vn 0.348012 0.62004 -0.703163
vn -0.0235432 0.816563 -0.576775
vn 0.110947 0.751501 -0.650336
vn -0.0970484 0.796442 -0.596877
vn -0.115136 0.765844 -0.632634
vn -0.156594 0.875674 -0.456808
vn -0.16208 0.583207 -0.79599
vn 0.0278029 0.471139 -0.881621
vn -0.0634585 0.900789 -0.429596
vn 0.437367 0.565885 -0.698917
vn -0.237449 0.359158 -0.902565
vn -0.237449 0.359159 -0.902565
vn 0.839447 -0.137691 -0.52571
vn 0.65216 0.0687302 -0.754959
vn 0.690338 0.182278 -0.700149
vn 0.480226 0.11496 -0.869579
vn 0.494511 3.92991e-005 -0.869172
vn 0.382955 0.166672 -0.908607
vn 0.309777 0.171313 -0.935249
vn 0.321994 0.113863 -0.93987
vn 0.419509 0.0551589 -0.906074
vn 0.183612 -0.0134007 -0.982907
vn 0.0685127 -0.18353 -0.980624
vn 0.157244 -0.299482 -0.941055
vn -0.450808 -0.110937 -0.8857
vn -0.336439 -0.41351 -0.846061
vn -0.292911 -0.451936 -0.84259
vn 0.0834935 -0.501533 -0.8611
vn -0.326928 -0.403926 -0.854378
vn -0.366661 -0.371344 -0.853032
vn -0.604011 -0.421658 -0.676295
vn -0.673611 -0.297403 -0.676609
vn 0.0139161 -0.300386 -0.953716
vn -0.286084 0.221393 -0.932278
vn -0.211097 0.394303 -0.894407
vn -0.326853 0.395519 -0.858331
vn -0.230419 0.505319 -0.831601
vn -0.41099 0.547126 -0.729205
vn -0.212957 0.573593 -0.790974
vn -0.0682389 0.459545 -0.885529
vn -0.0792677 0.446507 -0.891262
vn -0.0469058 0.374232 -0.926148
vn -0.00565863 0.197212 -0.980344
vn 0.0560951 0.169089 -0.984003
vn 0.0335311 0.226255 -0.973491
vn 0.37758 0.0254623 -0.925627
vn 0.348165 0.306674 -0.885851
vn 0.275764 0.513522 -0.812557
vn 0.598888 -0.0300303 -0.80027
vn 0.591392 0.639043 -0.491812
vn 0.515641 0.604624 -0.607078
vn 0.480337 0.697228 -0.532118
vn 0.652072 0.599547 -0.464053
vn 0.0410068 -0.958924 -0.280682
vn 0.207966 -0.855267 -0.474624
vn 0.125288 -0.901294 -0.414696
vn 0.206666 -0.810732 -0.547724
vn 0.172177 -0.796168 -0.580061
vn 0.203732 -0.841175 -0.500916
vn 0.126261 -0.732373 -0.669095
vn 0.0173966 -0.81077 -0.585106
vn -0.0908326 -0.878198 -0.469592
vn -0.196945 -0.588516 -0.784131
vn -0.335903 -0.690422 -0.640692
vn -0.442063 -0.755388 -0.483703
vn -0.55692 -0.594955 -0.579541
vn -0.6034 -0.710909 -0.361271
vn -0.61832 -0.761808 -0.193209
vn -0.657105 -0.727756 -0.196429
vn -0.512891 -0.855594 0.070021
vn -0.472484 -0.866468 0.161221
vn -0.27801 -0.903892 0.325098
vn -0.27801 -0.903892 0.325099
vn 0.44309 0.323418 -0.836105
vn 0.670872 0.25096 -0.697818
vn 0.820738 0.303169 -0.484228
vn 0.742347 0.517325 -0.425789
vn 0.903575 0.330946 -0.272079
vn 0.896503 0.0533912 -0.439808
vn 0.931224 0.0917568 -0.352708
vn 0.925627 0.0284095 -0.377369
vn 0.87319 0.011095 -0.487253
vn 0.890122 0.00308035 -0.455711
vn 0.928606 0.100822 -0.357107
vn 0.946381 -0.115007 -0.301887
vn 0.968773 -0.102539 -0.225754
vn 0.952162 -0.212143 -0.219961
vn 0.880339 -0.341152 -0.329573
vn 0.831297 -0.413179 -0.37179
vn 0.794468 -0.451174 -0.406525
vn 0.764445 -0.506603 -0.39872
vn -0.896148 -0.160305 -0.413788
vn -0.735624 -0.271691 -0.620517
vn -0.850206 -0.211417 -0.482133
vn -0.717939 -0.211977 -0.663046
vn -0.782693 -0.243851 -0.57265
vn -0.713908 -0.314995 -0.625391
vn -0.450218 -0.00656378 -0.892894
vn -0.591944 0.154049 -0.79112
vn -0.904337 0.213495 -0.369586
vn -0.666264 0.307415 -0.679403
vn -0.270929 0.312355 -0.910512
vn -0.448681 0.394647 -0.801835
vn -0.54102 0.504955 -0.672546
vn 0.557342 0.218182 -0.801103
vn 0.315968 0.565008 -0.762188
vn 0.396349 0.434666 -0.808686
vn 0.245204 0.568564 -0.785245
vn 0.196689 0.53996 -0.818387
vn 0.224673 0.699634 -0.678258
vn 0.115924 0.366383 -0.923214
vn 0.23418 0.165875 -0.957938
vn 0.342207 0.686471 -0.641601
vn 0.639634 0.0995228 -0.76221
vn -0.0475313 0.190361 -0.980563
vn -0.0475313 0.190362 -0.980563
vn -0.692796 0.509829 -0.510007
vn -0.695994 0.207824 -0.687314
vn -0.777809 0.131186 -0.614657
vn -0.605917 0.0577527 -0.793429
vn -0.549303 0.150824 -0.821899
vn -0.565897 -0.0441317 -0.823294
vn -0.523605 -0.0923872 -0.846937
vn -0.501077 -0.0355808 -0.864671
vn -0.534249 0.0903815 -0.840482
vn -0.153958 -0.150325 -0.976575
vn -0.139271 0.0200432 -0.990052
vn -0.120322 0.18147 -0.976008
vn 0.341901 -0.0817516 -0.936173
vn 0.33726 -0.0263578 -0.941043
vn 0.0892175 0.2915 -0.952401
vn 0.343409 -0.086292 -0.935213
vn 0.3482 -0.135352 -0.927597
vn 0.571131 -0.254898 -0.78028
vn 0.531644 -0.389491 -0.752098
vn 0.0324998 0.084978 -0.995853
vn 0.032501 0.0849808 -0.995852
vn 0.0112873 -0.555912 -0.831165
vn -0.141133 -0.651157 -0.745705
vn -0.0431615 -0.700996 -0.711858
vn -0.177735 -0.737907 -0.651079
vn -0.0421273 -0.836467 -0.546395
vn -0.222422 -0.773917 -0.592942
vn -0.288509 -0.648093 -0.704796
vn -0.271872 -0.64757 -0.711855
vn -0.266595 -0.584475 -0.766365
vn -0.218243 -0.453546 -0.864098
vn -0.255623 -0.403565 -0.878517
vn -0.258238 -0.460526 -0.849252
vn -0.460275 -0.125933 -0.878799
vn -0.556346 -0.364434 -0.746771
vn -0.5726 -0.548141 -0.609648
vn -0.618042 0.0559329 -0.784153
vn -0.858467 -0.436472 -0.269306
vn -0.790382 -0.473844 -0.388289
vn -0.787236 -0.545814 -0.286961
vn -0.885154 -0.385854 -0.260039
vn 0.481065 0.751825 -0.450928
vn 0.264697 0.729652 -0.63051
vn 0.36769 0.733269 -0.571945
vn 0.231901 0.679054 -0.696497
vn 0.254461 0.650671 -0.715456
vn 0.254118 0.707114 -0.659859
vn 0.229433 0.532815 -0.814536
vn 0.369145 0.546211 -0.751921
vn 0.504058 0.557961 -0.659246
vn 0.383535 0.188569 -0.90407
vn 0.568645 0.220558 -0.792463
vn 0.707265 0.245384 -0.662995
vn 0.69591 0.0233967 -0.717748
vn 0.826459 0.13981 -0.545362
vn 0.88954 0.210056 -0.405704
vn 0.902872 0.328805 -0.276965
vn 0.895434 0.396923 -0.201619
vn 0.884564 0.449544 -0.124326
vn 0.782083 0.623156 0.00487761
vn -0.67248 -0.169948 -0.720339
vn -0.800024 0.0443757 -0.598325
vn -0.916334 0.136016 -0.376606
vn -0.960538 -0.0651303 -0.270417
vn -0.964648 0.214629 -0.152936
vn -0.832222 0.387167 -0.396873
vn -0.867483 0.398225 -0.298145
vn -0.836375 0.434029 -0.334808
vn -0.806963 0.388773 -0.444597
vn -0.807095 0.419501 -0.415471
vn -0.867182 0.409021 -0.284073
vn -0.744907 0.585348 -0.320129
vn -0.751027 0.611434 -0.249213
vn -0.676257 0.67678 -0.290939
vn -0.570489 0.684403 -0.45402
vn -0.502319 0.686987 -0.525095
vn -0.459661 0.676722 -0.575117
vn -0.392146 0.699725 -0.597166
vn 0.792792 -0.466321 -0.392461
vn 0.69774 -0.330958 -0.635315
vn 0.775855 -0.411055 -0.478626
vn 0.647492 -0.375407 -0.663191
vn 0.728257 -0.366828 -0.57886
vn 0.702567 -0.44971 -0.551508
vn 0.286858 -0.454937 -0.843057
vn 0.339809 -0.636114 -0.69274
vn 0.341168 -0.764236 -0.54731
vn -0.0220822 -0.636857 -0.770666
vn -0.286942 -0.6541 -0.69987
vn 0.147232 -0.859581 -0.489329
vn -0.687673 -0.166754 -0.70661
vn -0.598651 -0.572205 -0.560535
vn -0.535412 -0.61635 -0.577448
vn -0.500996 -0.611373 -0.612556
vn -0.559558 -0.706495 -0.433313
vn -0.326422 -0.536239 -0.778393
vn -0.363342 -0.322723 -0.873975
vn -0.637978 -0.651775 -0.410089
vn -0.704479 -0.0670453 -0.706551
vn -0.105393 -0.451329 -0.886112
vn -0.105393 -0.451329 -0.886112
vn -0.688672 0.461287 -0.559415
vn -0.622451 0.174609 -0.762933
vn -0.709228 0.0969962 -0.698274
vn -0.494949 0.0455356 -0.867728
vn -0.454619 0.152208 -0.877584
vn -0.434266 -0.0481263 -0.899498
vn -0.373149 -0.0897833 -0.923417
vn -0.356942 -0.0322556 -0.933569
vn -0.413632 0.0738141 -0.907447
vn 0.0284882 -0.0714024 -0.997041
vn 0.00878845 0.0972653 -0.99522
vn -0.00913148 0.249064 -0.968444
vn 0.481533 0.100138 -0.870689
vn 0.463827 0.154785 -0.8723
vn 0.160778 0.39466 -0.904651
vn 0.472127 0.0972803 -0.876147
vn 0.488659 0.0496743 -0.87106
vn 0.719313 -0.0198589 -0.694402
vn 0.713487 -0.161814 -0.681727
vn 0.127761 0.184087 -0.974571
vn 0.127762 0.18409 -0.974571
vn 0.135289 -0.404231 -0.904596
vn -0.0092777 -0.522663 -0.852489
vn 0.0932874 -0.571311 -0.815415
vn -0.0411636 -0.625399 -0.779219
vn 0.10142 -0.732701 -0.672951
vn -0.0863096 -0.674781 -0.732954
vn -0.163876 -0.522347 -0.836838
vn -0.147947 -0.516813 -0.843218
vn -0.145198 -0.441934 -0.885219
vn -0.103927 -0.275625 -0.955631
vn -0.146201 -0.223956 -0.963571
vn -0.149764 -0.28386 -0.947098
vn -0.370744 0.0490801 -0.927437
vn -0.465148 -0.212081 -0.859453
vn -0.486883 -0.420754 -0.765448
vn -0.544519 0.207488 -0.812679
vn -0.816808 -0.371953 -0.440994
vn -0.736111 -0.383881 -0.557473
vn -0.741772 -0.47492 -0.473524
vn -0.8525 -0.311786 -0.419562
vn 0.398485 0.843602 -0.359925
vn 0.197999 0.809841 -0.552227
vn 0.294857 0.820049 -0.490489
vn 0.176553 0.762297 -0.622682
vn 0.202217 0.734876 -0.647353
vn 0.192693 0.790971 -0.580719
vn 0.205843 0.636295 -0.743477
vn 0.338893 0.663524 -0.666999
vn 0.465403 0.685218 -0.560247
vn 0.41972 0.338252 -0.842271
vn 0.591273 0.383156 -0.70964
vn 0.716278 0.412436 -0.562887
vn 0.743467 0.20429 -0.636806
vn 0.841808 0.316523 -0.437233
vn 0.881917 0.378284 -0.28129
vn 0.901915 0.330307 -0.278291
vn 0.837871 0.543839 -0.0470279
vn 0.810394 0.584707 0.03713
vn 0.662495 0.727036 0.180329
vn 0.662496 0.727036 0.18033
vn -0.560072 -0.154023 -0.814
vn -0.725691 0.026158 -0.687524
vn -0.877638 0.0692101 -0.474302
vn -0.906294 -0.150641 -0.394891
vn -0.960052 0.10461 -0.259531
vn -0.825819 0.330062 -0.457254
vn -0.872489 0.321383 -0.368071
vn -0.838955 0.370366 -0.398728
vn -0.784393 0.350596 -0.511674
vn -0.793352 0.371563 -0.482217
vn -0.870036 0.320826 -0.374309
vn -0.775426 0.523787 -0.352649
vn -0.797309 0.534875 -0.279657
vn -0.727266 0.621975 -0.290227
vn -0.597457 0.685086 -0.416776
vn -0.518714 0.71613 -0.467005
vn -0.466976 0.72545 -0.505624
vn -0.406151 0.76199 -0.504394
vn 0.863415 -0.30468 -0.402101
vn 0.766 -0.150783 -0.624907
vn 0.844186 -0.243084 -0.477766
vn 0.722718 -0.198419 -0.662049
vn 0.796807 -0.191676 -0.573026
vn 0.779547 -0.28743 -0.556498
vn 0.385998 -0.285288 -0.877277
vn 0.445944 -0.480887 -0.754905
vn 0.449036 -0.635219 -0.628381
vn 0.0880366 -0.496657 -0.863471
vn 0.215921 -0.63383 -0.742723
vn 0.254876 -0.755453 -0.603596
vn -0.61846 -0.0619984 -0.783367
vn -0.533385 -0.473932 -0.700635
vn -0.559904 -0.326689 -0.761435
vn -0.470202 -0.509471 -0.720659
vn -0.420727 -0.504282 -0.754114
vn -0.502196 -0.624254 -0.598419
vn -0.266772 -0.391256 -0.880767
vn -0.298431 -0.164835 -0.940089
vn -0.597342 -0.566009 -0.568169
vn -0.644898 0.0691267 -0.761136
vn -0.0468417 -0.295901 -0.954069
vn -0.046842 -0.295902 -0.954069
vn 0.846522 -0.52478 -0.0894744
vn 0.516803 0.783912 0.344088
vn 0.517899 0.780155 0.350912
vn 0.848347 -0.52109 -0.093667
vn -0.516554 -0.783793 -0.344732
vn -0.51815 -0.78094 -0.348788
vn -0.846468 0.524969 0.0888823
vn -0.848441 0.520802 0.0944083
vn 0.84896 -0.519092 -0.0990454
vn 0.516646 0.776212 0.361349
vn 0.516231 0.774556 0.365469
vn 0.849108 -0.518639 -0.100148
vn -0.517416 -0.778679 -0.354879
vn -0.517318 -0.778242 -0.35598
vn -0.849678 0.516633 0.105532
vn -0.85017 0.514972 0.10961
vn 0.849969 -0.515715 -0.107658
vn 0.514817 0.769745 0.377434
vn 0.514003 0.766385 0.385299
vn 0.850673 -0.513172 -0.114058
vn -0.516475 -0.775315 -0.363512
vn -0.515754 -0.772767 -0.369904
vn -0.851426 0.510168 0.121666
vn -0.85227 0.506827 0.129472
vn 0.85309 -0.503445 -0.137042
vn 0.511136 0.755305 0.410188
vn 0.509682 0.746826 0.427171
vn 0.854743 -0.495826 -0.153528
vn -0.51326 -0.76299 -0.392951
vn -0.511643 -0.755415 -0.409353
vn -0.854567 0.495783 0.154645
vn -0.856215 0.487368 0.171374
vn 0.857954 -0.476655 -0.19161
vn 0.50568 0.726104 0.465899
vn 0.504737 0.712425 0.487536
vn 0.859798 -0.464132 -0.212908
vn -0.507902 -0.736071 -0.447477
vn -0.506514 -0.723757 -0.468636
vn -0.858951 0.466731 0.210633
vn -0.86082 0.453119 0.23167
vn 0.862255 -0.436788 -0.256385
vn 0.501145 0.683024 0.531349
vn 0.50129 0.6653 0.553249
vn 0.863668 -0.420477 -0.277987
vn -0.503126 -0.696103 -0.512156
vn -0.502603 -0.680153 -0.53365
vn -0.862602 0.423799 0.276245
vn -0.864091 0.406126 0.297336
vn 0.863929 -0.404723 -0.29971
vn 0.499402 0.648178 0.574859
vn 0.50127 0.647005 0.574554
vn 0.783632 -0.133727 -0.606661
vn -0.500805 -0.664022 -0.55522
vn -0.50182 -0.663724 -0.55466
vn -0.863927 0.389231 0.319575
vn -0.78276 0.143591 0.605532
vn 0.67509 0.111592 -0.729246
vn 0.692062 0.0107129 -0.721758
vn 0.170802 0.964895 -0.199509
vn -0.327111 0.88743 -0.324754
vn 0.701753 -0.0902788 -0.706677
vn -0.30265 -0.901842 0.308357
vn -0.206803 -0.963664 0.169068
vn -0.104253 -0.994254 0.0242985
vn -0.707934 -0.0641546 0.703358
vn -0.697921 0.0129678 0.716058
vn -0.683573 0.0900097 0.72431
vn 0.3092 0.904572 -0.293504
vn -0.13965 -0.0470894 -0.989081
vn -0.0358568 -0.178836 -0.983225
vn -0.642364 0.680298 -0.352936
vn -0.770845 0.599775 -0.214634
vn 0.0689466 -0.305545 -0.949678
vn 0.471964 -0.693247 0.544664
vn 0.48082 -0.766046 0.426598
vn 0.779244 -0.591634 0.206756
vn 0.0724435 0.0522367 0.996004
vn 0.0199871 0.190996 0.981387
vn -0.0329133 0.325511 0.944965
vn -0.450934 0.719894 -0.527646
vn -0.7085 -0.575623 -0.408272
vn -0.57151 -0.701854 -0.425179
vn -0.868545 0.467756 -0.163808
vn -0.848298 0.511039 -0.138667
vn -0.414524 -0.80353 -0.42721
vn 0.910585 -0.375024 0.173757
vn 0.884924 -0.441551 0.148131
vn 0.854182 -0.505542 0.121655
vn 0.686387 0.57556 0.444527
vn 0.56589 0.706895 0.424345
vn 0.427185 0.815485 0.390509
vn 0.65667 -0.715216 0.23927
vn 0.734879 0.678133 -0.00939873
vn 0.735197 0.677852 -0.0015438
vn 0.65926 -0.714566 0.234036
vn -0.734639 -0.678401 0.0087973
vn -0.735556 -0.677454 0.00375781
vn -0.656596 0.715082 -0.239875
vn -0.659396 0.714694 -0.233257
vn 0.66015 -0.71556 0.228422
vn 0.733392 0.679742 0.00937525
vn 0.732729 0.680382 0.0137396
vn 0.660365 -0.715733 0.227254
vn -0.734514 -0.678589 -0.0025961
vn -0.734352 -0.678759 -0.00376179
vn -0.661215 0.716712 -0.221626
vn -0.661956 0.717352 -0.217305
vn 0.661651 -0.717009 0.219353
vn 0.730597 0.682298 0.0263923
vn 0.729249 0.683362 0.034808
vn 0.662733 -0.718045 0.212595
vn -0.733084 -0.680037 -0.011684
vn -0.731983 -0.681073 -0.0184359
vn -0.663928 0.719273 -0.204561
vn -0.665301 0.720331 -0.196207
vn 0.666678 -0.721236 0.188039
vn 0.72458 0.68643 0.0616263
vn 0.721615 0.687611 0.0803948
vn 0.669611 -0.722965 0.170124
vn -0.727951 -0.684275 -0.0430601
vn -0.725053 -0.685996 -0.060884
vn -0.669398 0.723403 -0.169101
vn -0.672544 0.724571 -0.150605
vn 0.676255 -0.725469 0.127962
vn 0.713804 0.689322 0.123771
vn 0.710081 0.688156 0.149088
vn 0.680531 -0.725364 0.103558
vn -0.717849 -0.68852 -0.103116
vn -0.714062 -0.688403 -0.127345
vn -0.679095 0.726256 -0.106685
vn -0.683719 0.725122 -0.0820135
vn 0.688517 -0.723295 0.0528027
vn 0.700442 0.684827 0.200981
vn 0.696619 0.680085 0.228489
vn 0.693446 -0.720026 0.0263505
vn -0.705104 -0.686348 -0.178196
vn -0.701133 -0.683086 -0.204467
vn -0.691565 0.721719 -0.0293203
vn -0.696977 0.717088 -0.00270039
vn 0.697105 -0.716969 -5.74366e-005
vn 0.691008 0.67627 0.25528
vn 0.692448 0.674629 0.255719
vn 0.68217 -0.610035 -0.403114
vn -0.695889 -0.680061 -0.230773
vn -0.696751 -0.679268 -0.230506
vn -0.70053 0.713194 0.0247265
vn -0.678584 0.617566 0.397662
vn 0.642003 -0.431022 -0.634075
vn 0.629914 -0.517062 -0.579531
vn 0.42824 0.671892 -0.604295
vn -0.0766894 0.684854 -0.724633
vn 0.611195 -0.59766 -0.518887
vn -0.53114 -0.53198 0.65946
vn -0.463864 -0.675171 0.573563
vn -0.381555 -0.796481 0.469078
vn -0.661224 0.467887 0.586399
vn -0.629066 0.53593 0.563076
vn -0.593003 0.600646 0.536258
vn 0.538933 0.539388 -0.647003
vn -0.196016 -0.462291 -0.864792
vn -0.133849 -0.598846 -0.7896
vn -0.438841 0.583891 -0.683001
vn -0.577917 0.615826 -0.535509
vn -0.067911 -0.718534 -0.692168
vn 0.281495 -0.458696 0.842828
vn 0.263419 -0.577383 0.772812
vn 0.58789 -0.614942 0.525578
vn 0.133494 0.488221 0.86245
vn 0.122037 0.612537 0.780965
vn 0.107869 0.723238 0.682122
vn -0.252944 0.483327 -0.838102
vn -0.862308 -0.480273 -0.160507
vn -0.767913 -0.631901 -0.104937
vn -0.706509 0.555244 -0.438804
vn -0.673554 0.597833 -0.43465
vn -0.646648 -0.761419 -0.0456963
vn 0.773661 -0.484091 0.408784
vn 0.728877 -0.544988 0.414399
vn 0.679906 -0.602753 0.417633
vn 0.842913 0.503176 0.190554
vn 0.763938 0.637275 0.101385
vn 0.660386 0.750873 0.00895447
vn -0.135248 0.975615 -0.172867
vn -0.944327 -0.0791326 0.31935
vn -0.942376 -0.0753435 0.325962
vn -0.139106 0.974312 -0.177104
vn 0.944099 0.0791941 -0.32001
vn 0.943067 0.075822 -0.323845
vn 0.135088 -0.975742 0.172277
vn 0.13936 -0.974141 0.177843
vn -0.14085 0.973072 -0.182462
vn -0.938903 -0.0729408 0.336364
vn -0.937508 -0.0718665 0.340463
vn -0.141255 0.972806 -0.183561
vn 0.94107 0.0744453 -0.329917
vn 0.940709 0.074149 -0.331011
vn 0.142973 -0.971528 0.188924
vn 0.144425 -0.970515 0.192985
vn -0.143796 0.970992 -0.191042
vn -0.933317 -0.06891 0.35238
vn -0.930484 -0.0667544 0.360198
vn -0.14598 0.969391 -0.197412
vn 0.93818 0.0723175 -0.33851
vn 0.93598 0.0707294 -0.344875
vn 0.148506 -0.967434 0.204979
vn 0.151346 -0.965316 0.212742
vn -0.154209 0.963173 -0.220266
vn -0.920992 -0.0598654 0.384954
vn -0.914132 -0.0541903 0.40178
vn -0.160553 0.958241 -0.236637
vn 0.927664 0.064538 -0.367796
vn 0.921372 0.0596181 -0.384083
vn 0.160434 -0.957989 0.237734
vn 0.167379 -0.952524 0.254325
vn -0.176028 0.945378 -0.274361
vn -0.896981 -0.0408847 0.440175
vn -0.886612 -0.0311176 0.461466
vn -0.186099 0.937068 -0.295418
vn 0.905425 0.0470468 -0.42189
vn 0.895803 0.0385343 -0.442778
vn 0.183638 -0.938266 0.293146
vn 0.194572 -0.9293 0.313917
vn -0.207185 0.917966 -0.33825
vn -0.863232 -0.0115417 0.504675
vn -0.850462 0.00166665 0.526034
vn -0.219881 0.906879 -0.359476
vn 0.873884 0.0199427 -0.485725
vn 0.862037 0.00840883 -0.506776
vn 0.216709 -0.90833 0.357734
vn 0.230515 -0.89647 0.378423
vn -0.231406 0.895258 -0.380742
vn -0.836844 0.0129126 0.547289
vn -0.837129 0.0150726 0.546799
vn -0.377701 0.635894 -0.673038
vn 0.849236 -0.00226978 -0.528008
vn 0.849641 -0.00320103 -0.527351
vn 0.242627 -0.883754 0.400139
vn 0.369616 -0.64162 0.672092
vn -0.492526 0.386115 -0.779957
vn -0.42614 0.464263 -0.776443
vn -0.843473 -0.5029 -0.188801
vn -0.461277 -0.843885 -0.274012
vn -0.355269 0.537524 -0.764756
vn 0.875644 0.370501 0.309801
vn 0.866592 0.47216 0.161503
vn 0.829455 0.558517 0.00797205
vn 0.477983 -0.443643 0.758098
vn 0.411908 -0.484331 0.771852
vn 0.343275 -0.522011 0.780811
vn -0.882434 -0.366055 -0.295487
vn 0.1593 -0.155773 -0.974863
vn 0.193908 0.0083281 -0.980984
vn -0.0996214 -0.954524 -0.280996
vn 0.0396495 -0.990118 -0.134517
vn 0.223055 0.172195 -0.959477
vn 0.211969 0.847912 0.485916
vn 0.266265 0.891827 0.365715
vn -0.0510076 0.990696 0.126174
vn -0.12048 0.101721 0.98749
vn -0.19302 -0.0283596 0.980785
vn -0.261269 -0.15781 0.952279
vn -0.246476 -0.847545 -0.470018
vn 0.909142 -0.205805 -0.362084
vn 0.919063 -0.021678 -0.393513
vn 0.201782 -0.976236 -0.0790449
vn 0.154722 -0.986448 -0.054597
vn 0.896827 0.163208 -0.411174
vn -0.300237 0.949817 0.0877801
vn -0.231854 0.970726 0.0627221
vn -0.16214 0.986062 0.037304
vn -0.896192 0.191848 0.400044
vn -0.919311 0.0141139 0.393278
vn -0.912857 -0.164074 0.373861
vn -0.244718 0.967822 0.0585986
vn -0.963377 -0.253695 0.086849
vn -0.963174 -0.25174 0.0944654
vn -0.247553 0.967398 0.0534692
vn 0.96326 0.253917 -0.087503
vn 0.963411 0.251671 -0.0922007
vn 0.244682 -0.967793 -0.0592206
vn 0.247648 -0.967417 -0.0526748
vn -0.248144 0.967547 0.047731
vn -0.961939 -0.252025 0.105621
vn -0.961445 -0.252015 0.110054
vn -0.248309 0.967562 0.046542
vn 0.962716 0.251864 -0.0986992
vn 0.962597 0.251853 -0.0998822
vn 0.248871 -0.967677 -0.0407965
vn 0.249434 -0.967707 -0.036402
vn -0.249224 0.967681 0.0384896
vn -0.959854 -0.252126 0.122929
vn -0.958762 -0.251987 0.131448
vn -0.250017 0.967725 0.0316132
vn 0.961697 0.251961 -0.107956
vn 0.960887 0.252015 -0.114827
vn 0.250885 -0.967733 -0.0234439
vn 0.251999 -0.967611 -0.0149855
vn -0.253176 0.967397 0.00674043
vn -0.954801 -0.251431 0.158548
vn -0.951856 -0.250065 0.177307
vn -0.255804 0.966663 -0.0112905
vn 0.957653 0.251722 -0.139773
vn 0.955057 0.250984 -0.157712
vn 0.255462 -0.96674 0.0123666
vn 0.25856 -0.965502 0.0308662
vn -0.262474 0.96346 -0.0534013
vn -0.943732 -0.246468 0.220509
vn -0.938741 -0.242108 0.245254
vn -0.26743 0.960456 -0.0774904
vn 0.947895 0.248043 -0.199924
vn 0.943378 0.244838 -0.223813
vn 0.265602 -0.961197 0.0745311
vn 0.271352 -0.957407 0.0986956
vn -0.277778 0.95219 -0.127176
vn -0.926299 -0.233278 0.295891
vn -0.919483 -0.225427 0.322077
vn -0.284855 0.946334 -0.152677
vn 0.932173 0.237007 -0.273646
vn 0.925958 0.230755 -0.298922
vn 0.282276 -0.947533 0.150007
vn 0.290411 -0.940684 0.175429
vn -0.290704 0.940089 -0.178111
vn -0.911536 -0.219342 0.347837
vn -0.912043 -0.217175 0.347868
vn -0.344731 0.760185 -0.550709
vn 0.91872 0.225285 -0.324347
vn 0.919132 0.224262 -0.323887
vn 0.296594 -0.933463 0.201691
vn 0.337842 -0.766166 0.546675
vn -0.401523 0.540606 -0.739273
vn -0.348923 0.620524 -0.702284
vn -0.715318 -0.507104 -0.480796
vn -0.2784 -0.773161 -0.569838
vn -0.292651 0.693913 -0.657906
vn 0.745133 0.349802 0.567817
vn 0.747051 0.487541 0.451906
vn 0.724757 0.609478 0.321348
vn 0.399554 -0.59084 0.700903
vn 0.338771 -0.639781 0.689865
vn 0.275884 -0.684748 0.674542
vn -0.754873 -0.35019 -0.554558
vn 0.34636 0.138551 -0.927814
vn 0.357103 0.300328 -0.884467
vn 0.0912716 -0.842909 -0.530258
vn 0.206828 -0.904762 -0.372327
vn 0.357787 0.453645 -0.816207
vn -0.00161025 0.694363 0.719623
vn 0.065599 0.775012 0.628533
vn -0.216536 0.906578 0.362255
vn -0.302844 -0.190161 0.933876
vn -0.353281 -0.31937 0.879315
vn -0.395869 -0.441485 0.80522
vn -0.0347781 -0.701664 -0.711659
vn 0.978207 -0.00995084 -0.207396
vn 0.966342 0.17571 -0.187905
vn 0.353133 -0.89175 -0.282981
vn 0.304561 -0.912772 -0.272197
vn 0.920666 0.355222 -0.16184
vn -0.446679 0.8548 0.264188
vn -0.378799 0.888219 0.259959
vn -0.308744 0.916537 0.254237
vn -0.970106 -0.0127787 0.242345
vn -0.965435 -0.182897 0.185697
vn -0.929706 -0.347131 0.123075
vn -0.312405 -0.293235 0.903558
vn -0.691187 -0.358499 0.627486
vn -0.363131 -0.680532 0.636405
vn 0.0506324 -0.582432 0.811301
vn 0.136341 -0.1623 0.977277
vn -0.191717 0.159731 0.968365
vn -0.605483 0.061632 0.793468
vn -0.689007 -0.706376 -0.16218
vn -0.654063 -0.675703 -0.340039
vn -0.689007 -0.706376 -0.162179
vn -0.981518 0.189398 0.0273889
vn -0.956998 0.251992 -0.143716
vn -0.897502 0.307837 -0.315796
vn -0.59457 -0.619857 -0.512117
vn 0.206335 -0.97666 0.0596717
vn 0.273185 -0.955619 -0.110282
vn 0.206336 -0.97666 0.0596716
vn 0.332682 -0.899775 -0.282361
vn 0.809171 -0.351167 0.471089
vn 0.897502 -0.307837 0.315796
vn 0.80917 -0.351167 0.471089
vn 0.956998 -0.251993 0.143715
vn 0.516665 0.544599 0.660658
vn 0.59457 0.619857 0.512118
vn 0.516664 0.544604 0.660655
vn 0.654064 0.675704 0.340037
vn -0.378684 0.814892 0.438804
vn -0.332681 0.899775 0.282361
vn -0.378683 0.814892 0.438804
vn -0.273185 0.955619 0.110282
vn -0.981518 0.189398 0.027388
vn -0.516664 -0.544605 -0.660654
vn -0.80917 0.351167 -0.471089
vn -0.80917 0.351167 -0.47109
vn -0.51667 -0.544604 -0.66065
vn 0.378684 -0.814892 -0.438804
vn 0.378684 -0.814892 -0.438805
vn 0.981518 -0.189399 -0.0273892
vn 0.981518 -0.189399 -0.0273892
vn 0.689007 0.706376 0.162179
vn 0.689006 0.706377 0.162178
vn -0.206336 0.97666 -0.0596716
vn -0.206336 0.97666 -0.0596714
vn -0.136341 0.1623 -0.977277
vn 0.312405 0.293235 -0.903558
vn 0.191718 -0.159731 -0.968365
vn 0.605483 -0.0616325 -0.793468
vn 0.691187 0.358499 -0.627486
vn 0.363131 0.680533 -0.636405
vn -0.0506324 0.582432 -0.811301
vn -0.337842 0.260069 0.904559
vn -0.732708 0.180346 0.656212
vn -0.509836 -0.176335 0.842005
vn -0.0771383 -0.125734 0.98906
vn 0.132683 0.281549 0.950329
vn -0.0901912 0.638232 0.764542
vn -0.522886 0.587629 0.617481
vn -0.868684 -0.480918 0.118772
vn -0.835297 -0.547587 -0.0492671
vn -0.868683 -0.480919 0.118772
vn -0.884426 0.441159 -0.152214
vn -0.851602 0.407349 -0.32991
vn -0.78726 0.357819 -0.502182
vn -0.770956 -0.597116 -0.221538
vn -0.0774421 -0.850342 0.520501
vn -0.0158643 -0.930173 0.366779
vn -0.0774451 -0.850341 0.520502
vn 0.0484748 -0.979703 0.194508
vn 0.698042 -0.297682 0.651247
vn 0.78726 -0.35782 0.502182
vn 0.698043 -0.297682 0.651246
vn 0.851602 -0.407349 0.32991
vn 0.682301 0.624393 0.380261
vn 0.770956 0.597116 0.221538
vn 0.682301 0.624395 0.380258
vn 0.835297 0.547587 0.0492656
vn -0.108935 0.993817 -0.0214713
vn -0.0484753 0.979703 -0.194507
vn -0.108935 0.993817 -0.0214707
vn 0.015865 0.930173 -0.366779
vn -0.884426 0.441159 -0.152214
vn -0.682302 -0.624394 -0.380258
vn -0.698043 0.297681 -0.651246
vn -0.698043 0.297683 -0.651245
vn -0.682304 -0.624392 -0.380257
vn 0.108934 -0.993817 0.0214703
vn 0.108934 -0.993817 0.0214706
vn 0.884426 -0.441159 0.152215
vn 0.868683 0.480919 -0.118772
vn 0.868683 0.480919 -0.118771
vn 0.0774458 0.85034 -0.520503
vn 0.0774443 0.850339 -0.520505
vn -0.132683 -0.281549 -0.950329
vn 0.337842 -0.260069 -0.904559
vn 0.0901906 -0.638232 -0.764542
vn 0.522885 -0.587629 -0.617481
vn 0.732708 -0.180346 -0.656212
vn 0.509836 0.176335 -0.842005
vn 0.0771384 0.125734 -0.989061
vn 0.394103 0.0212307 0.918821
vn 0.695901 -0.248595 0.673738
vn 0.733136 0.208923 0.647196
vn 0.38721 0.476374 0.78939
vn 0.00404593 0.286302 0.958131
vn -0.0331932 -0.171219 0.984674
vn 0.312737 -0.438665 0.842478
vn 0.988684 -0.0875338 -0.121831
vn 0.94886 -0.0946972 -0.301158
vn 0.988684 -0.0875341 -0.12183
vn 0.481284 -0.869138 0.113864
vn 0.423379 -0.904154 -0.0570668
vn 0.348323 -0.908198 -0.232053
vn 0.873805 -0.09874 -0.476146
vn 0.616109 0.78746 0.0177553
vn 0.563009 0.811479 -0.156599
vn 0.61611 0.78746 0.0177555
vn 0.487954 0.807436 -0.331586
vn -0.263861 0.880852 0.393035
vn -0.348322 0.908198 0.232053
vn -0.263864 0.880852 0.393034
vn -0.42338 0.904153 0.0570653
vn -0.771268 0.0992443 0.628726
vn -0.873805 0.0987398 0.476145
vn -0.771266 0.0992461 0.628728
vn -0.94886 0.0946969 0.301159
vn -0.398691 -0.775748 0.489143
vn -0.487953 -0.807436 0.331585
vn -0.398691 -0.775749 0.489142
vn -0.563009 -0.811479 0.156598
vn 0.481284 -0.869138 0.113863
vn 0.771266 -0.0992464 -0.628728
vn 0.263864 -0.880852 -0.393034
vn 0.263863 -0.880853 -0.393031
vn 0.771265 -0.0992449 -0.628729
vn 0.398691 0.775749 -0.489142
vn 0.398692 0.775748 -0.489141
vn -0.481284 0.869138 -0.113864
vn -0.481285 0.869137 -0.113865
vn -0.988684 0.0875338 0.12183
vn -0.988684 0.0875331 0.121829
vn -0.616109 -0.787461 -0.0177557
vn -0.616109 -0.787461 -0.0177558
vn -0.00405413 -0.286297 -0.958132
vn -0.394104 -0.0212311 -0.918821
vn 0.0331842 0.171215 -0.984675
vn -0.31274 0.438657 -0.842481
vn -0.695898 0.24859 -0.673742
vn -0.733132 -0.208921 -0.647202
vn -0.387211 -0.476367 -0.789394
vn 0.22203 -0.199434 0.954426
vn 0.597831 -0.36037 0.716053
vn 0.571699 0.0877122 0.815762
vn 0.171036 0.27098 0.947268
vn -0.203495 0.00616536 0.979057
vn -0.177361 -0.441916 0.879348
vn 0.223302 -0.625186 0.747849
vn 0.996863 0.0434094 0.0661818
vn 0.990101 0.0829406 -0.11323
vn 0.996863 0.0434104 0.0661812
vn 0.576367 -0.817039 -0.0157933
vn 0.554621 -0.808172 -0.198125
vn 0.512336 -0.770189 -0.379895
vn 0.947816 0.12092 -0.294998
vn 0.481745 0.805436 0.345246
vn 0.456625 0.872121 0.17578
vn 0.481743 0.805438 0.345245
vn 0.414338 0.910104 -0.00598856
vn -0.453882 0.707013 0.542332
vn -0.512337 0.77019 0.379892
vn -0.453879 0.707013 0.542334
vn -0.55462 0.808173 0.198124
vn -0.874371 -0.153435 0.460361
vn -0.947816 -0.120921 0.294998
vn -0.874371 -0.153435 0.460362
vn -0.990101 -0.0829398 0.113229
vn -0.359252 -0.915461 0.181297
vn -0.414339 -0.910103 0.00598861
vn -0.359251 -0.915462 0.181296
vn -0.456623 -0.872122 -0.17578
vn 0.576367 -0.817039 -0.0157935
vn 0.874372 0.153434 -0.460361
vn 0.453877 -0.707011 -0.542338
vn 0.453879 -0.707008 -0.542341
vn 0.874374 0.153428 -0.460358
vn 0.359251 0.915462 -0.181296
vn 0.359249 0.915463 -0.181297
vn -0.576366 0.817039 0.0157923
vn -0.576366 0.817039 0.0157921
vn -0.996863 -0.0434113 -0.0661815
vn -0.996863 -0.043411 -0.0661811
vn -0.481741 -0.805438 -0.345245
vn -0.48174 -0.805438 -0.345247
vn 0.203501 -0.00617529 -0.979055
vn -0.222027 0.199431 -0.954427
vn 0.177361 0.441915 -0.879349
vn -0.223302 0.625192 -0.747844
vn -0.597829 0.360374 -0.716052
vn -0.571696 -0.0877175 -0.815763
vn -0.171029 -0.270989 -0.947267
vn -0.312409 -0.293224 0.90356
vn -0.69119 -0.358491 0.627488
vn -0.363131 -0.680532 0.636405
vn 0.0506327 -0.582432 0.811301
vn 0.136337 -0.162289 0.977279
vn -0.191723 0.159753 0.96836
vn -0.605485 0.0616504 0.793465
vn -0.689007 -0.706376 -0.16218
vn -0.654063 -0.675703 -0.340039
vn -0.689007 -0.706376 -0.16218
vn -0.981518 0.189399 0.0273897
vn -0.956998 0.251993 -0.143715
vn -0.897502 0.307837 -0.315796
vn -0.59457 -0.619857 -0.512117
vn 0.206337 -0.97666 0.0596711
vn 0.273185 -0.955619 -0.110282
vn 0.206337 -0.97666 0.0596714
vn 0.332682 -0.899775 -0.282361
vn 0.80917 -0.351167 0.471089
vn 0.897502 -0.307837 0.315796
vn 0.80917 -0.351168 0.471089
vn 0.956998 -0.251993 0.143715
vn 0.516655 0.544611 0.660656
vn 0.594565 0.619859 0.512119
vn 0.516656 0.544608 0.660658
vn 0.654064 0.675702 0.34004
vn -0.378686 0.814888 0.43881
vn -0.332683 0.899773 0.282366
vn -0.378685 0.814888 0.43881
vn -0.273186 0.955619 0.110284
vn -0.981518 0.189399 0.0273896
vn -0.516664 -0.544605 -0.660654
vn -0.80917 0.351168 -0.471089
vn -0.80917 0.351167 -0.471089
vn -0.51667 -0.544604 -0.66065
vn 0.378684 -0.814892 -0.438804
vn 0.378684 -0.814892 -0.438804
vn 0.981518 -0.189399 -0.0273891
vn 0.981518 -0.189399 -0.0273893
vn 0.689009 0.706375 0.162178
vn 0.68901 0.706374 0.16218
vn -0.206336 0.97666 -0.0596716
vn -0.206337 0.97666 -0.0596723
vn -0.136341 0.1623 -0.977277
vn 0.312401 0.293233 -0.90356
vn 0.191717 -0.159731 -0.968365
vn 0.605478 -0.0616377 -0.793471
vn 0.691179 0.358497 -0.627496
vn 0.363125 0.680534 -0.636407
vn -0.0506327 0.582432 -0.811301
vn -0.337842 0.260069 0.904559
vn -0.509836 -0.176335 0.842005
vn -0.0771382 -0.125734 0.989061
vn -0.0901911 0.638232 0.764542
vn -0.522886 0.587629 0.617481
vn -0.884426 0.441159 -0.152214
vn -0.851602 0.407349 -0.329911
vn -0.78726 0.357819 -0.502182
vn -0.077442 -0.850342 0.520501
vn -0.0158643 -0.930173 0.366779
vn -0.0774451 -0.850341 0.520502
vn 0.0484748 -0.979703 0.194508
vn 0.698042 -0.297682 0.651247
vn 0.78726 -0.35782 0.502182
vn 0.698043 -0.297681 0.651246
vn 0.851602 -0.40735 0.32991
vn 0.682301 0.624392 0.380262
vn 0.770956 0.597116 0.221538
vn 0.682302 0.624394 0.380258
vn 0.835297 0.547587 0.0492656
vn -0.108935 0.993817 -0.0214707
vn -0.0484759 0.979703 -0.194507
vn -0.108935 0.993817 -0.0214707
vn 0.0158644 0.930173 -0.36678
vn -0.884426 0.441159 -0.152214
vn -0.698043 0.297681 -0.651246
vn 0.884426 -0.441159 0.152215
vn 0.884426 -0.441159 0.152215
vn 0.868683 0.48092 -0.118772
vn 0.868683 0.48092 -0.118771
vn 0.0774454 0.85034 -0.520503
vn 0.0774442 0.850339 -0.520505
vn 0.337842 -0.260069 -0.904559
vn 0.522885 -0.587629 -0.617481
vn 0.732708 -0.180346 -0.656213
vn 0.509836 0.176335 -0.842005
vn 0.394103 0.0212307 0.918821
vn 0.695901 -0.248595 0.673738
vn 0.733135 0.208923 0.647197
vn 0.387209 0.476374 0.78939
vn 0.00404556 0.286302 0.958131
vn -0.0331933 -0.171219 0.984674
vn 0.312737 -0.438665 0.842478
vn 0.988684 -0.0875344 -0.12183
vn 0.94886 -0.0946974 -0.301158
vn 0.988684 -0.0875345 -0.12183
vn 0.481284 -0.869138 0.113863
vn 0.423379 -0.904154 -0.0570668
vn 0.348323 -0.908198 -0.232052
vn 0.873805 -0.0987398 -0.476146
vn 0.616109 0.787461 0.0177551
vn 0.563008 0.811479 -0.156599
vn 0.616109 0.787461 0.0177551
vn 0.487954 0.807435 -0.331586
vn -0.263863 0.880852 0.393035
vn -0.348323 0.908197 0.232053
vn -0.263865 0.880852 0.393034
vn -0.42338 0.904153 0.0570659
vn -0.771268 0.099245 0.628726
vn -0.873806 0.0987404 0.476145
vn -0.771267 0.0992467 0.628727
vn -0.94886 0.0946978 0.301159
vn -0.398691 -0.775748 0.489143
vn -0.487953 -0.807436 0.331586
vn -0.398691 -0.775749 0.489142
vn -0.563009 -0.811479 0.156598
vn 0.481284 -0.869138 0.113863
vn 0.771266 -0.0992462 -0.628728
vn 0.263864 -0.880852 -0.393033
vn 0.263864 -0.880853 -0.393031
vn 0.771265 -0.0992444 -0.628729
vn 0.398691 0.775749 -0.489142
vn 0.398694 0.775748 -0.489141
vn -0.481284 0.869138 -0.113863
vn -0.481285 0.869137 -0.113864
vn -0.988684 0.0875348 0.12183
vn -0.988684 0.0875345 0.12183
vn -0.616109 -0.787461 -0.0177555
vn -0.616109 -0.787461 -0.0177556
vn -0.00405426 -0.286297 -0.958132
vn -0.394104 -0.0212308 -0.918821
vn 0.0331844 0.171215 -0.984675
vn -0.31274 0.438657 -0.84248
vn -0.695898 0.248591 -0.673742
vn -0.733132 -0.208921 -0.647201
vn -0.387211 -0.476367 -0.789394
vn 0.222028 -0.199435 0.954426
vn 0.597829 -0.360374 0.716052
vn 0.571696 0.0877171 0.815763
vn 0.171035 0.27099 0.947265
vn -0.203495 0.0061654 0.979057
vn -0.177366 -0.441924 0.879343
vn 0.223297 -0.625193 0.747845
vn 0.996863 0.0434111 0.0661808
vn 0.990101 0.0829391 -0.113229
vn 0.996863 0.0434109 0.0661809
vn 0.576367 -0.817039 -0.0157932
vn 0.554621 -0.808172 -0.198124
vn 0.512337 -0.77019 -0.379893
vn 0.947816 0.120921 -0.294998
vn 0.481742 0.805438 0.345245
vn 0.456624 0.872122 0.17578
vn 0.481742 0.805438 0.345246
vn 0.414339 0.910103 -0.00598822
vn -0.453874 0.707014 0.542337
vn -0.512336 0.77019 0.379894
vn -0.453876 0.707014 0.542336
vn -0.554621 0.808172 0.198125
vn -0.874372 -0.153441 0.460357
vn -0.947815 -0.120924 0.294997
vn -0.874372 -0.153439 0.460359
vn -0.990101 -0.0829404 0.11323
vn -0.359252 -0.915461 0.181297
vn -0.414339 -0.910103 0.00598797
vn -0.359252 -0.915461 0.181296
vn -0.456624 -0.872122 -0.175779
vn 0.576366 -0.817039 -0.0157929
vn 0.874371 0.153435 -0.460361
vn 0.453879 -0.707013 -0.542334
vn 0.45388 -0.707011 -0.542336
vn 0.874371 0.153435 -0.460362
vn 0.359251 0.915462 -0.181296
vn 0.359253 0.915461 -0.181296
vn -0.576367 0.817039 0.0157936
vn -0.576366 0.817039 0.0157943
vn -0.996863 -0.0434108 -0.0661802
vn -0.996863 -0.0434111 -0.0661806
vn -0.481742 -0.805438 -0.345244
vn -0.481744 -0.805438 -0.345242
vn 0.203504 -0.00616982 -0.979055
vn -0.222029 0.199433 -0.954426
vn 0.177369 0.44192 -0.879345
vn -0.223301 0.625192 -0.747845
vn -0.597835 0.360372 -0.716048
vn -0.571703 -0.0877179 -0.815758
vn -0.171034 -0.270989 -0.947266
vn -0.392704 -0.702359 -0.593697
vn -0.207383 -0.657765 -0.724111
vn -0.29249 -0.666156 -0.686065
vn -0.123665 -0.585159 -0.801434
vn -0.198236 -0.577459 -0.791987
vn -0.0620331 -0.548518 -0.833835
vn -0.0153008 -0.481665 -0.876222
vn -0.0573534 -0.464013 -0.88397
vn -0.136362 -0.495492 -0.857842
vn -0.0498958 -0.209023 -0.976637
vn -0.195131 -0.233322 -0.95262
vn -0.338174 -0.2579 -0.905056
vn -0.287634 0.0182484 -0.957566
vn -0.349669 -0.0307434 -0.936369
vn -0.3434 0.0185559 -0.939006
vn -0.369495 -0.142112 -0.918302
vn -0.330411 -0.132185 -0.934535
vn -0.124228 0.0866458 -0.988463
vn -0.446552 -0.404469 -0.79812
vn -0.446552 -0.404469 -0.79812
vn -0.0122862 -0.337174 -0.941362
vn 0.0487048 -0.417533 -0.907355
vn 0.100705 -0.347017 -0.932437
vn 0.111803 -0.429401 -0.896167
vn 0.217009 -0.320919 -0.92191
vn 0.140657 -0.450323 -0.881717
vn 0.0165583 -0.520771 -0.853536
vn -0.000314928 -0.513854 -0.857877
vn -0.0669422 -0.523259 -0.84954
vn -0.17347 -0.507823 -0.843815
vn -0.180124 -0.54118 -0.821389
vn -0.0973405 -0.541534 -0.835024
vn -0.215005 -0.684113 -0.696967
vn 0.0294452 -0.724118 -0.689047
vn 0.274646 -0.704585 -0.654316
vn -0.190167 -0.771691 -0.606902
vn 0.388138 -0.855598 -0.342491
vn 0.373121 -0.81312 -0.446785
vn 0.489891 -0.782079 -0.385174
vn 0.387319 -0.856112 -0.342135
vn -0.648437 -0.107674 -0.753615
vn -0.570771 -0.271756 -0.774835
vn -0.612207 -0.185894 -0.768535
vn -0.523296 -0.297535 -0.79852
vn -0.541326 -0.269388 -0.79649
vn -0.541627 -0.270642 -0.79586
vn -0.36054 -0.350518 -0.864377
vn -0.380319 -0.248508 -0.890843
vn -0.409161 -0.12534 -0.903813
vn -0.101475 -0.252349 -0.962301
vn -0.148521 -0.0832998 -0.985395
vn -0.19572 0.0882276 -0.976683
vn -0.0266784 0.103577 -0.994264
vn -0.125428 0.281615 -0.951294
vn -0.186258 0.421035 -0.887715
vn -0.248502 0.52205 -0.815911
vn -0.295562 0.571993 -0.765159
vn -0.327926 0.624555 -0.708799
vn -0.439564 0.671487 -0.596565
vn -0.0769846 -0.630095 -0.772692
vn -0.177189 -0.710912 -0.680594
vn -0.072111 -0.74743 -0.660415
vn -0.176295 -0.809985 -0.559325
vn -0.0173527 -0.845325 -0.53397
vn -0.167355 -0.881041 -0.442447
vn -0.358835 -0.772303 -0.524201
vn -0.340361 -0.81043 -0.47682
vn -0.38115 -0.784439 -0.489264
vn -0.389347 -0.731339 -0.559958
vn -0.405605 -0.745125 -0.529408
vn -0.354729 -0.819826 -0.449503
vn -0.48614 -0.78138 -0.391297
vn -0.462841 -0.820896 -0.334526
vn -0.512536 -0.793127 -0.329024
vn -0.519829 -0.747921 -0.412786
vn -0.544466 -0.702956 -0.457613
vn -0.547084 -0.67186 -0.499303
vn -0.528482 -0.693068 -0.490269
vn 0.0295835 0.229805 -0.972787
vn -0.098975 0.0542575 -0.99361
vn -0.013603 0.192911 -0.981122
vn -0.0695831 0.00567651 -0.99756
vn -0.0507463 0.137247 -0.989236
vn -0.00106188 0.0664743 -0.997788
vn -0.0303052 -0.327886 -0.944231
vn 0.115907 -0.253075 -0.960478
vn 0.250747 -0.194533 -0.948305
vn 0.147214 -0.636987 -0.756687
vn 0.28671 -0.588203 -0.756184
vn 0.412919 -0.525826 -0.743643
vn 0.432281 -0.678517 -0.593926
vn 0.440907 -0.615211 -0.653541
vn 0.56858 -0.587314 -0.576002
vn 0.315973 -0.443464 -0.838749
vn 0.214878 -0.545155 -0.810329
vn -0.0368534 -0.799683 -0.59929
vn 0.211386 -0.267857 -0.939984
vn 0.211386 -0.267857 -0.939984
vn -0.548411 -0.517787 -0.656614
vn -0.763422 -0.375074 -0.525838
vn -0.700865 -0.459383 -0.54567
vn -0.799881 -0.386827 -0.458862
vn -0.832213 -0.423494 -0.357875
vn -0.746036 -0.392107 -0.538222
vn -0.700417 -0.488791 -0.520096
vn -0.553898 -0.54101 -0.632855
vn -0.424383 -0.585201 -0.690969
vn -0.343095 -0.606927 -0.716886
vn -0.334371 -0.570296 -0.750305
vn -0.398087 -0.56318 -0.724124
vn -0.368977 -0.432659 -0.822595
vn -0.562015 -0.409751 -0.718501
vn -0.694645 -0.371189 -0.616188
vn -0.696209 -0.284339 -0.659124
vn -0.743515 -0.277648 -0.608356
vn -0.774221 -0.25064 -0.581172
vn -0.726615 -0.212699 -0.653291
vn -0.654646 -0.591286 -0.470977
vn -0.477882 -0.647695 -0.593397
vn -0.554055 -0.613431 -0.562784
vn -0.379801 -0.630703 -0.676731
vn -0.436871 -0.589258 -0.679646
vn -0.313169 -0.6296 -0.711006
vn -0.25573 -0.60392 -0.754906
vn -0.290395 -0.573729 -0.765837
vn -0.377873 -0.563309 -0.734775
vn -0.190767 -0.378197 -0.905856
vn -0.331842 -0.332538 -0.882779
vn -0.469798 -0.282529 -0.836341
vn -0.30972 -0.074626 -0.947895
vn -0.385507 -0.085546 -0.918731
vn -0.359548 -0.0446465 -0.932058
vn -0.447411 -0.171759 -0.87768
vn -0.408917 -0.18324 -0.893986
vn -0.137999 -0.087794 -0.986534
vn -0.617436 -0.345867 -0.706504
vn -0.617435 -0.345868 -0.706505
vn -0.183385 -0.468631 -0.86415
vn -0.149033 -0.559371 -0.81541
vn -0.0813236 -0.518709 -0.851074
vn -0.0917888 -0.591552 -0.801025
vn 0.0344911 -0.536179 -0.843399
vn -0.0707098 -0.617685 -0.78324
vn -0.195649 -0.633526 -0.748576
vn -0.207028 -0.622345 -0.754869
vn -0.269972 -0.607797 -0.746792
vn -0.35639 -0.558796 -0.748821
vn -0.37158 -0.583942 -0.721762
vn -0.292259 -0.613077 -0.733977
vn -0.444183 -0.685907 -0.576396
vn -0.225806 -0.79982 -0.556148
vn 0.0137456 -0.854392 -0.519448
vn -0.449115 -0.759472 -0.470636
vn 0.0742924 -0.980947 -0.179509
vn 0.0714055 -0.954153 -0.290678
vn 0.193311 -0.953294 -0.232079
vn 0.0661303 -0.982201 -0.17581
vn -0.672105 0.0132002 -0.740339
vn -0.666819 -0.163421 -0.72708
vn -0.669643 -0.0719945 -0.739185
vn -0.634813 -0.207307 -0.744336
vn -0.638129 -0.180227 -0.748538
vn -0.640654 -0.17228 -0.748252
vn -0.515845 -0.323943 -0.793073
vn -0.493922 -0.227852 -0.839121
vn -0.469487 -0.105119 -0.87666
vn -0.249906 -0.357478 -0.899865
vn -0.221421 -0.191454 -0.9562
vn -0.190192 -0.0171418 -0.981597
vn -0.0324109 -0.0798218 -0.996282
vn -0.0431216 0.128439 -0.990779
vn -0.0355236 0.289241 -0.956597
vn -0.047519 0.420557 -0.906021
vn -0.0669463 0.494561 -0.866561
vn -0.0718226 0.565444 -0.821654
vn -0.1504 0.676842 -0.7206
vn -0.346173 -0.677319 -0.649156
vn -0.464631 -0.702971 -0.53847
vn -0.381954 -0.766904 -0.515722
vn -0.494376 -0.774296 -0.395041
vn -0.362726 -0.855156 -0.370322
vn -0.505308 -0.822793 -0.260145
vn -0.641855 -0.680034 -0.354367
vn -0.633631 -0.715618 -0.293943
vn -0.661209 -0.683991 -0.308154
vn -0.649613 -0.658094 -0.380677
vn -0.667101 -0.659455 -0.346547
vn -0.639388 -0.72772 -0.248206
vn -0.746141 -0.633813 -0.203852
vn -0.735151 -0.663467 -0.139157
vn -0.772594 -0.618734 -0.142362
vn -0.77283 -0.587803 -0.239208
vn -0.783094 -0.547939 -0.294153
vn -0.777723 -0.527119 -0.342479
vn -0.770444 -0.543933 -0.332496
vn 0.0744601 0.026522 -0.996871
vn -0.113494 -0.0895922 -0.989491
vn 0.0175102 0.00681643 -0.999823
vn -0.105646 -0.145274 -0.983735
vn -0.0397816 -0.0325865 -0.998677
vn -0.0216355 -0.114312 -0.993209
vn -0.184999 -0.452293 -0.872472
vn -0.0211353 -0.437919 -0.898766
vn 0.125965 -0.429052 -0.894453
vn -0.113434 -0.763694 -0.635534
vn 0.0351405 -0.766898 -0.640806
vn 0.176166 -0.75075 -0.636663
vn 0.147222 -0.874076 -0.462944
vn 0.174617 -0.828861 -0.531506
vn 0.306878 -0.834927 -0.456862
vn 0.107017 -0.662172 -0.741671
vn -0.0226789 -0.715522 -0.698222
vn -0.338924 -0.823047 -0.455767
vn 0.0637025 -0.486622 -0.871287
vn 0.0637042 -0.486623 -0.871287
vn -0.737174 -0.375117 -0.562015
vn -0.87222 -0.137194 -0.469479
vn -0.847758 -0.243835 -0.47101
vn -0.909345 -0.119561 -0.398493
vn -0.948111 -0.120353 -0.294281
vn -0.868645 -0.162779 -0.46793
vn -0.867226 -0.259041 -0.425226
vn -0.765099 -0.388768 -0.513306
vn -0.670311 -0.495767 -0.552176
vn -0.617614 -0.552725 -0.559507
vn -0.597823 -0.532038 -0.59962
vn -0.651237 -0.491509 -0.578196
vn -0.576244 -0.414963 -0.704094
vn -0.732569 -0.285317 -0.618011
vn -0.827367 -0.170488 -0.535161
vn -0.792601 -0.103445 -0.600902
vn -0.829167 -0.0649644 -0.555213
vn -0.843029 -0.021986 -0.537419
vn -0.787435 -0.0250117 -0.615889
vn 0.792624 0.150191 -0.590923
vn 0.636422 0.254091 -0.728289
vn 0.698908 0.197661 -0.687356
vn 0.526408 0.265156 -0.807828
vn 0.570747 0.204489 -0.795256
vn 0.457833 0.28536 -0.841997
vn 0.376873 0.273099 -0.88509
vn 0.391538 0.229952 -0.890966
vn 0.467122 0.19451 -0.862533
vn 0.198841 0.0590055 -0.978254
vn 0.314602 -0.0303131 -0.94874
vn 0.428793 -0.116658 -0.895839
vn 0.1919 -0.268716 -0.94391
vn 0.269555 -0.280108 -0.921347
vn 0.228806 -0.308663 -0.923241
vn 0.364274 -0.219327 -0.905097
vn 0.330606 -0.198008 -0.922764
vn 0.0303132 -0.194979 -0.980339
vn 0.608204 -0.0948251 -0.788097
vn 0.608203 -0.0948233 -0.788097
vn 0.268651 0.178455 -0.946563
vn 0.288626 0.278398 -0.916073
vn 0.201065 0.269918 -0.941657
vn 0.255706 0.334006 -0.907223
vn 0.103888 0.340496 -0.934489
vn 0.252088 0.370385 -0.894017
vn 0.388222 0.32409 -0.862699
vn 0.394046 0.306757 -0.866388
vn 0.444869 0.263046 -0.856095
vn 0.503694 0.17239 -0.846507
vn 0.533094 0.190073 -0.824429
vn 0.479285 0.252232 -0.840634
vn 0.663024 0.261737 -0.701351
vn 0.532764 0.472724 -0.701922
vn 0.357003 0.645929 -0.674778
vn 0.712048 0.341234 -0.613635
vn 0.392523 0.842057 -0.369953
vn 0.371396 0.799031 -0.472879
vn 0.270758 0.868768 -0.414647
vn 0.392198 0.842151 -0.370084
vn 0.517646 -0.44215 -0.732493
vn 0.589142 -0.276588 -0.759217
vn 0.552304 -0.36359 -0.750175
vn 0.577181 -0.225153 -0.784964
vn 0.567963 -0.256096 -0.782197
vn 0.569204 -0.256906 -0.781029
vn 0.50976 -0.0725377 -0.857253
vn 0.446734 -0.156166 -0.880932
vn 0.373645 -0.2601 -0.890358
vn 0.265767 0.0514497 -0.962664
vn 0.170395 -0.0965973 -0.98063
vn 0.0729344 -0.2451 -0.966751
vn -0.0502602 -0.129259 -0.990336
vn -0.11884 -0.319194 -0.940209
vn -0.183719 -0.454337 -0.87168
vn -0.219029 -0.564267 -0.796008
vn -0.225818 -0.630435 -0.742669
vn -0.244363 -0.68705 -0.684287
vn -0.206872 -0.796688 -0.567884
vn 0.529132 0.330644 -0.781469
vn 0.655209 0.312707 -0.687688
vn 0.61254 0.416765 -0.671641
vn 0.727372 0.384011 -0.56874
vn 0.647897 0.527331 -0.549683
vn 0.772996 0.442518 -0.454594
vn 0.820202 0.224092 -0.526356
vn 0.835881 0.265171 -0.480611
vn 0.843847 0.216666 -0.490896
vn 0.810562 0.172196 -0.559766
vn 0.831289 0.170808 -0.528945
vn 0.851995 0.262387 -0.453054
vn 0.910504 0.14191 -0.388387
vn 0.92368 0.188359 -0.33367
vn 0.936125 0.133223 -0.325457
vn 0.908273 0.0935253 -0.40779
vn 0.891733 0.0430828 -0.450507
vn 0.870747 0.0183589 -0.491388
vn 0.874029 0.0466823 -0.483626
vn -0.181308 -0.167181 -0.969112
vn 0.0340937 -0.148366 -0.988345
vn -0.126141 -0.175266 -0.976407
vn 0.0505018 -0.0941491 -0.994276
vn -0.0605967 -0.166757 -0.984134
vn -0.0414382 -0.08206 -0.995766
vn 0.275286 0.156729 -0.948501
vn 0.123163 0.217389 -0.968283
vn -0.0100264 0.281708 -0.959448
vn 0.392698 0.499458 -0.772224
vn 0.264919 0.573298 -0.775337
vn 0.135348 0.628731 -0.765753
vn 0.237431 0.748151 -0.619594
vn 0.18416 0.711293 -0.678341
vn 0.0792189 0.792625 -0.604541
vn 0.13628 0.497209 -0.856861
vn 0.278946 0.488241 -0.826928
vn 0.633822 0.472938 -0.612045
vn 0.0720321 0.298706 -0.951623
vn 0.0720333 0.298704 -0.951623
vn 0.756638 -0.0910637 -0.647461
vn 0.793041 -0.34174 -0.504281
vn 0.813604 -0.239459 -0.529819
vn 0.825379 -0.358388 -0.436243
vn 0.872509 -0.353213 -0.337591
vn 0.793961 -0.318626 -0.517787
vn 0.837254 -0.220108 -0.500558
vn 0.779607 -0.0816464 -0.620925
vn 0.727028 0.0407084 -0.6854
vn 0.689539 0.11361 -0.715282
vn 0.656938 0.0938755 -0.748077
vn 0.694091 0.0432073 -0.718589
vn 0.578986 -0.0279682 -0.814858
vn 0.689721 -0.180719 -0.70116
vn 0.748476 -0.299577 -0.591639
vn 0.68487 -0.360674 -0.633141
vn 0.710765 -0.397591 -0.580288
vn 0.710757 -0.43706 -0.551183
vn 0.650681 -0.430396 -0.625599
vn 0.837722 0.237905 -0.491552
vn 0.697383 0.355907 -0.622083
vn 0.753712 0.295071 -0.58724
vn 0.598933 0.376232 -0.706915
vn 0.63602 0.314683 -0.704595
vn 0.536526 0.400614 -0.74273
vn 0.470041 0.397007 -0.788319
vn 0.488319 0.354862 -0.797256
vn 0.563336 0.312978 -0.764654
vn 0.314362 0.205453 -0.926804
vn 0.425682 0.109319 -0.898245
vn 0.532681 0.0122339 -0.846227
vn 0.30187 -0.122781 -0.945409
vn 0.376081 -0.14048 -0.915875
vn 0.335726 -0.168117 -0.926836
vn 0.467822 -0.0840907 -0.879813
vn 0.436804 -0.0594174 -0.897592
vn 0.148121 -0.0434847 -0.988013
vn 0.695695 0.0178078 -0.718117
vn 0.352369 0.301346 -0.886017
vn 0.361317 0.39964 -0.842459
vn 0.280993 0.389997 -0.876895
vn 0.323745 0.453332 -0.830469
vn 0.18277 0.455169 -0.871445
vn 0.316259 0.486992 -0.814137
vn 0.440151 0.448417 -0.777939
vn 0.446018 0.432851 -0.783395
vn 0.49717 0.39267 -0.773714
vn 0.555818 0.309816 -0.771414
vn 0.58093 0.327138 -0.74532
vn 0.522381 0.387016 -0.759827
vn 0.692479 0.394318 -0.604141
vn 0.545377 0.592822 -0.592559
vn 0.35375 0.747751 -0.561899
vn 0.729285 0.464313 -0.502551
vn 0.354804 0.905955 -0.230999
vn 0.345017 0.874707 -0.340368
vn 0.235156 0.929661 -0.283605
vn 0.360488 0.904387 -0.228325
vn 0.597643 -0.333346 -0.72918
vn 0.666559 -0.169528 -0.725919
vn 0.63099 -0.254631 -0.732813
vn 0.655561 -0.117159 -0.745999
vn 0.647219 -0.143771 -0.748624
vn 0.646448 -0.151439 -0.747777
vn 0.594975 0.0362482 -0.802926
vn 0.534789 -0.0443945 -0.843819
vn 0.461568 -0.147648 -0.874731
vn 0.365202 0.171546 -0.914986
vn 0.270284 0.0292215 -0.962337
vn 0.169796 -0.117771 -0.978417
vn 0.0516245 0.00351016 -0.99866
vn -0.0243043 -0.189973 -0.981488
vn -0.0971462 -0.331213 -0.938542
vn -0.140003 -0.452039 -0.880942
vn -0.152453 -0.525014 -0.837328
vn -0.176845 -0.588831 -0.788672
vn -0.150481 -0.716174 -0.681506
vn 0.590052 0.434576 -0.680428
vn 0.709163 0.413085 -0.571357
vn 0.66103 0.508486 -0.551799
vn 0.767298 0.47302 -0.433019
vn 0.681517 0.604362 -0.412651
vn 0.798743 0.519771 -0.303063
vn 0.862275 0.325114 -0.388307
vn 0.870569 0.36366 -0.331452
vn 0.882249 0.321357 -0.344043
vn 0.859867 0.295782 -0.416102
vn 0.876768 0.291844 -0.382236
vn 0.881752 0.372162 -0.289843
vn 0.93991 0.245618 -0.237151
vn 0.943299 0.282093 -0.174958
vn 0.958419 0.22599 -0.174246
vn 0.944064 0.192272 -0.267908
vn 0.935876 0.148076 -0.319701
vn 0.921529 0.128217 -0.366532
vn 0.922131 0.148647 -0.35718
vn -0.0872751 -0.0474134 -0.995055
vn 0.130737 -0.020825 -0.991198
vn -0.0288181 -0.0534599 -0.998154
vn 0.14657 0.0335418 -0.988631
vn 0.0386883 -0.0420032 -0.998368
vn 0.0564048 0.041387 -0.99755
vn 0.351341 0.283557 -0.892275
vn 0.197339 0.339475 -0.919682
vn 0.0605164 0.395302 -0.916555
vn 0.426034 0.607019 -0.670837
vn 0.293774 0.673931 -0.677875
vn 0.159965 0.720734 -0.674502
vn 0.241346 0.827591 -0.506799
vn 0.196197 0.795343 -0.573529
vn 0.0804114 0.861753 -0.500915
vn 0.181434 0.604487 -0.775678
vn 0.321696 0.598851 -0.733409
vn 0.655772 0.572772 -0.491828
vn 0.142043 0.419592 -0.89653
vn 0.142044 0.419591 -0.896531
vn 0.81965 0.00294231 -0.572857
vn 0.845888 -0.264267 -0.463288
vn 0.867182 -0.15738 -0.47247
vn 0.872858 -0.291169 -0.391586
vn 0.909362 -0.299432 -0.288792
vn 0.852128 -0.239847 -0.465135
vn 0.89187 -0.14889 -0.427084
vn 0.850305 0.00532034 -0.526263
vn 0.806968 0.138109 -0.574221
vn 0.780634 0.21149 -0.588118
vn 0.753429 0.197847 -0.627058
vn 0.786126 0.140995 -0.60177
vn 0.684772 0.0918495 -0.722946
vn 0.776548 -0.0827679 -0.624598
vn 0.817993 -0.219806 -0.531575
vn 0.758175 -0.271268 -0.592945
vn 0.776531 -0.317667 -0.544139
vn 0.771998 -0.361194 -0.523027
vn 0.721079 -0.341058 -0.603095
vn -0.00368334 0.0200237 -0.999793
vn 0.0401354 -0.0216218 -0.99896
vn -0.00918416 0.0973855 -0.995204
vn 0.0579972 -0.00228402 -0.998314
vn 0.000419423 0.140719 -0.990049
vn 0.0749503 0.0157293 -0.997063
vn 0.160847 -0.304323 -0.938891
vn 0.221481 -0.227909 -0.948158
vn 0.249156 -0.0925831 -0.964028
vn 0.440321 -0.357006 -0.82381
vn 0.433934 -0.312347 -0.845069
vn 0.41857 0.0484368 -0.906892
vn 0.379212 -0.597986 -0.706123
vn 0.341777 -0.748999 -0.567617
vn 0.447354 -0.656771 -0.607064
vn 0.291045 -0.817851 -0.496399
vn 0.280627 -0.747368 -0.602237
vn 0.205088 -0.783326 -0.586804
vn 0.14189 -0.881371 -0.450613
vn -0.0678836 -0.711418 -0.699483
vn -0.110642 -0.828412 -0.549083
vn -0.201244 -0.876336 -0.437648
vn -0.215424 -0.743358 -0.633255
vn 0.146762 0.234237 -0.961038
vn -0.0579847 0.307721 -0.949708
vn -0.271355 0.177051 -0.946055
vn -0.268993 -0.165646 -0.948791
vn -0.43305 0.0575713 -0.89953
vn -0.233871 0.617926 -0.750647
vn -0.431277 0.483919 -0.761461
vn -0.556035 0.375835 -0.741332
vn -0.495277 0.640163 -0.587275
vn -0.514295 0.596009 -0.616663
vn -0.454828 0.708514 -0.539574
vn -0.377242 0.597307 -0.707752
vn -0.15232 0.767599 -0.622568
vn -0.130824 0.853952 -0.503638
vn -0.25819 0.55874 -0.788129
vn 0.456244 0.793105 -0.403516
vn 0.283674 0.855608 -0.432971
vn 0.471501 0.819372 -0.326062
vn 0.292898 0.819568 -0.492462
vn 0.145235 0.929338 -0.339468
vn 0.0503297 0.867937 -0.494117
vn -0.0628484 0.824333 -0.562605
vn -0.0464459 0.882792 -0.467462
vn 0.406812 0.112349 -0.906577
vn 0.197051 0.214733 -0.956588
vn -0.0331328 0.23338 -0.971821
vn -0.0675699 0.103899 -0.99229
vn -0.256516 0.257261 -0.931674
vn -0.208094 0.356862 -0.910685
vn -0.330768 0.320546 -0.887605
vn -0.314154 0.320254 -0.893725
vn -0.434508 0.211582 -0.875463
vn -0.409028 0.237952 -0.880951
vn -0.528793 0.239993 -0.814114
vn -0.537809 0.330932 -0.7754
vn -0.634927 0.351338 -0.688062
vn -0.656013 0.387001 -0.647979
vn -0.660142 0.378003 -0.649097
vn -0.631505 0.324779 -0.704073
vn -0.550232 0.265162 -0.791791
vn -0.700006 0.174713 -0.692436
vn -0.624681 0.134121 -0.769276
vn -0.58293 0.0731423 -0.809224
vn -0.692846 0.0800896 -0.716624
vn -0.0935943 0.0477993 -0.994462
vn -0.0499202 0.0549008 -0.997243
vn -0.0426675 0.0628085 -0.997113
vn -0.145436 0.0956949 -0.984729
vn -0.0282617 0.0668351 -0.997364
vn 0.183414 -0.030112 -0.982575
vn 0.212302 -0.0179873 -0.977038
vn 0.213804 0.00492822 -0.976864
vn 0.36148 -0.0261623 -0.932013
vn 0.353955 -0.0639933 -0.933071
vn 0.457093 -0.159058 -0.875081
vn 0.341424 -0.236306 -0.909719
vn 0.464603 -0.461497 -0.755755
vn 0.586031 -0.489175 -0.645968
vn 0.381218 -0.384411 -0.840774
vn 0.308997 -0.89069 -0.333455
vn 0.41283 -0.853795 -0.317185
vn 0.423432 -0.90521 -0.0360755
vn 0.382643 -0.898269 -0.216094
vn 0.37668 -0.882573 -0.281386
vn 0.37235 -0.873539 -0.313504
vn 0.375259 -0.862643 -0.339157
vn 0.375883 -0.863026 -0.337489
vn -0.0918152 0.246173 -0.964867
vn -0.249978 0.0779954 -0.965105
vn -0.263914 -0.165774 -0.950194
vn -0.00476407 -0.373004 -0.927818
vn -0.279292 -0.332516 -0.900793
vn -0.546202 0.0688122 -0.834823
vn -0.557815 -0.0341572 -0.829262
vn -0.598855 -0.0392773 -0.799894
vn -0.669401 0.138501 -0.729876
vn -0.665518 0.269981 -0.695841
vn -0.672443 0.463055 -0.577408
vn -0.565005 0.536385 -0.626945
vn -0.536567 0.673497 -0.508427
vn -0.489993 0.730918 -0.475043
vn -0.486813 0.680219 -0.548009
vn -0.465621 0.687717 -0.556994
vn -0.453531 0.722646 -0.521625
vn -0.388485 0.709433 -0.588034
vn -0.381094 0.7577 -0.529773
vn -0.357373 0.794202 -0.491455
vn -0.353901 0.784326 -0.509496
vn 0.15831 0.391079 -0.906639
vn -0.038621 0.326791 -0.944307
vn -0.206845 0.159587 -0.96527
vn -0.0995869 0.0850989 -0.991383
vn -0.39576 -0.0597245 -0.91641
vn -0.421256 0.137287 -0.896491
vn -0.544387 -0.0452949 -0.83761
vn -0.62468 -0.133275 -0.769423
vn -0.625643 -0.108763 -0.772491
vn -0.702319 -0.152951 -0.695236
vn -0.806176 -0.260266 -0.531358
vn -0.78545 -0.0610092 -0.615911
vn -0.903242 -0.0681611 -0.423684
vn -0.988857 -0.0852856 -0.12202
vn -0.883104 0.293263 -0.36623
vn -0.952479 0.294569 -0.0775389
vn -0.923794 0.293268 0.246167
vn -0.834236 0.551406 0.0016643
vn -0.833494 0.527287 0.165094
vn -0.787777 0.54394 0.289027
vn -0.773884 0.62848 0.0782063
vn 0.145524 0.175305 -0.9737
vn 0.146551 0.232328 -0.961533
vn -0.0383226 -0.0475352 -0.998134
vn 0.119058 0.232608 -0.965256
vn 0.050761 0.101819 -0.993507
vn 0.0926394 0.2325 -0.968174
vn 0.26309 0.479318 -0.83728
vn 0.163415 0.477034 -0.863559
vn 0.0384644 0.411691 -0.910511
vn 0.0861032 0.690397 -0.718288
vn 0.0537341 0.654453 -0.754191
vn 0.118004 0.749122 -0.651837
vn 0.274636 0.756139 -0.593994
vn 0.395954 0.803912 -0.443786
vn 0.471659 0.799163 -0.372662
vn 0.424013 0.747971 -0.510639
vn 0.497788 0.709807 -0.498379
vn 0.602361 0.712689 -0.359494
vn 0.617885 0.451904 -0.643429
vn 0.727013 0.485527 -0.485506
vn 0.816299 0.439826 -0.374446
vn 0.729423 0.349553 -0.588009
vn -0.500875 -0.0687097 -0.862788
vn -0.420995 -0.272851 -0.865052
vn -0.187086 -0.354406 -0.916185
vn 0.0601494 -0.134297 -0.989114
vn 0.0203464 -0.401856 -0.915477
vn -0.481626 -0.599856 -0.638913
vn -0.25508 -0.667399 -0.699652
vn -0.0807078 -0.694006 -0.715431
vn -0.280385 -0.812587 -0.510966
vn -0.23352 -0.798674 -0.554607
vn -0.334621 -0.82104 -0.462516
vn -0.31596 -0.697409 -0.643265
vn -0.567749 -0.631553 -0.528017
vn -0.7743 -0.528373 -0.348256
vn -0.350287 -0.579021 -0.736229
vn -0.935887 -0.17715 -0.304523
vn -0.874299 -0.349635 -0.336684
vn -0.855689 -0.322105 -0.405024
vn -0.822493 -0.501073 -0.26913
vn -0.724833 -0.535833 -0.433012
vn -0.620776 -0.594476 -0.511112
vn -0.665399 -0.616443 -0.421001
vn -0.15332 0.10609 -0.982465
vn -0.0951857 -0.122286 -0.98792
vn 0.0355172 -0.310298 -0.949976
vn 0.164358 -0.257424 -0.952218
vn 0.147955 -0.488193 -0.860103
vn 0.0267174 -0.506363 -0.861906
vn 0.124348 -0.57262 -0.810336
vn 0.112978 -0.561818 -0.81951
vn 0.246759 -0.566259 -0.786423
vn 0.208641 -0.564505 -0.798625
vn 0.270535 -0.647589 -0.712348
vn 0.1752 -0.694398 -0.697937
vn 0.206925 -0.773807 -0.598669
vn 0.183342 -0.808814 -0.558754
vn 0.179806 -0.794005 -0.580712
vn 0.205069 -0.741565 -0.638771
vn 0.203366 -0.646804 -0.735042
vn 0.352163 -0.686502 -0.636157
vn 0.340226 -0.60638 -0.718714
vn 0.362247 -0.537208 -0.761698
vn 0.416382 -0.614235 -0.670329
vn -0.0320157 0.140616 -0.989546
vn -0.0646539 0.165562 -0.984078
vn -0.0750182 0.163771 -0.983642
vn -0.0354934 0.0694579 -0.996953
vn -0.0869153 0.169586 -0.981675
vn -0.143777 0.374644 -0.915953
vn -0.170709 0.382417 -0.908083
vn -0.188799 0.363265 -0.912356
vn -0.253447 0.467087 -0.847109
vn -0.217676 0.479964 -0.849854
vn -0.207137 0.60253 -0.770747
vn -0.067286 0.545501 -0.835405
vn 0.0337143 0.756835 -0.652736
vn -0.0198052 0.851051 -0.52471
vn 0.0298813 0.63276 -0.773771
vn 0.482641 0.837853 -0.255068
vn 0.387339 0.892566 -0.230857
vn 0.421893 0.904526 0.0619638
vn 0.444762 0.885335 -0.13553
vn 0.438009 0.872328 -0.21724
vn 0.433583 0.865711 -0.250101
vn 0.423584 0.862556 -0.27672
vn 0.424033 0.859246 -0.286168
vn -0.244001 -0.428375 -0.870034
vn -0.0143366 -0.443858 -0.895982
vn 0.182253 -0.299928 -0.936391
vn 0.171483 0.0272899 -0.984809
vn 0.327707 -0.194375 -0.924568
vn 0.20656 -0.629595 -0.748962
vn 0.29822 -0.567148 -0.767729
vn 0.338275 -0.58091 -0.740347
vn 0.262489 -0.725497 -0.636203
vn 0.169504 -0.791266 -0.587509
vn 0.0424101 -0.894285 -0.445483
vn -0.0775533 -0.857151 -0.509194
vn -0.187065 -0.904457 -0.383358
vn -0.255215 -0.899945 -0.353501
vn -0.215442 -0.864658 -0.453819
vn -0.233334 -0.851994 -0.46868
vn -0.264096 -0.860359 -0.43593
vn -0.294987 -0.800644 -0.52149
vn -0.333581 -0.821918 -0.461708
vn -0.37473 -0.824528 -0.423947
vn -0.367433 -0.811814 -0.453818
vn -0.177311 -0.0570721 -0.982499
vn -0.00112308 -0.167195 -0.985923
vn 0.234118 -0.190135 -0.953434
vn 0.23358 -0.0555872 -0.970747
vn 0.503963 -0.199892 -0.840277
vn 0.356774 -0.351008 -0.86574
vn 0.558251 -0.335619 -0.758759
vn 0.66092 -0.34748 -0.665164
vn 0.622657 -0.37193 -0.688452
vn 0.690438 -0.408949 -0.596705
vn 0.805222 -0.427781 -0.410634
vn 0.62951 -0.549614 -0.549219
vn 0.680173 -0.644931 -0.348466
vn 0.703245 -0.709058 -0.0517914
vn 0.364452 -0.861534 -0.35346
vn 0.37771 -0.923825 -0.0623127
vn 0.330815 -0.909836 0.250519
vn 0.0956605 -0.995351 -0.0111957
vn 0.101079 -0.983042 0.153007
vn 0.0504995 -0.961385 0.270534
vn -0.00806273 -0.998071 0.0615544
# 3685 normals
usemtl Stalk
f  1/1/1 5/2/2 2/3/1
f  1/4/3 8/5/4 5/6/5
f  2/3/1 5/2/2 6/7/6
f  2/3/7 6/7/8 3/8/7
f  3/8/7 6/7/8 7/9/9
f  3/8/10 7/9/11 4/10/10
f  4/10/10 7/9/11 8/5/12
f  4/10/3 8/5/4 1/4/3
f  5/2/2 9/11/13 6/7/6
f  5/6/5 12/12/14 9/13/15
f  6/7/6 9/11/13 10/14/16
f  6/7/8 10/14/17 7/9/9
f  7/9/9 10/14/17 11/15/18
f  7/9/11 11/15/19 8/5/12
f  8/5/12 11/15/19 12/12/20
f  8/5/4 12/12/14 5/6/5
f  9/11/13 13/16/21 10/14/16
f  9/13/15 16/17/22 13/18/23
f  10/14/16 13/16/21 14/19/24
f  10/14/17 14/19/25 11/15/18
f  11/15/18 14/19/25 15/20/26
f  11/15/19 15/20/27 12/12/20
f  12/12/20 15/20/27 16/17/28
f  12/12/14 16/17/22 9/13/15
f  13/16/21 17/21/29 14/19/24
f  13/18/23 20/22/30 17/23/31
f  14/19/24 17/21/29 18/24/32
f  14/19/25 18/24/33 15/20/26
f  15/20/26 18/24/33 19/25/34
f  15/20/27 19/25/35 16/17/28
f  16/17/28 19/25/35 20/22/36
f  16/17/22 20/22/30 13/18/23
f  17/21/29 21/26/37 18/24/32
f  17/23/31 24/27/38 21/28/39
f  18/24/32 21/26/37 22/29/40
f  18/24/33 22/29/41 19/25/34
f  19/25/34 22/29/41 23/30/42
f  19/25/35 23/30/43 20/22/36
f  20/22/36 23/30/43 24/27/44
f  20/22/30 24/27/38 17/23/31
f  21/26/37 25/31/45 22/29/40
f  21/28/39 28/32/46 25/33/47
f  22/29/40 25/31/45 26/34/48
f  22/29/41 26/34/49 23/30/42
f  23/30/42 26/34/49 27/35/50
f  23/30/43 27/35/51 24/27/44
f  24/27/44 27/35/51 28/32/52
f  24/27/38 28/32/46 21/28/39
f  25/31/45 29/36/53 26/34/48
f  25/33/47 32/37/54 29/38/55
f  26/34/48 29/36/53 30/39/56
f  26/34/49 30/39/57 27/35/50
f  27/35/50 30/39/57 31/40/58
f  27/35/51 31/40/59 28/32/52
f  28/32/52 31/40/59 32/37/60
f  28/32/46 32/37/54 25/33/47
f  29/36/53 33/41/61 30/39/56
f  29/38/55 36/42/62 33/43/63
f  30/39/56 33/41/61 34/44/64
f  30/39/57 34/44/65 31/40/58
f  31/40/58 34/44/65 35/45/66
f  31/40/59 35/45/67 32/37/60
f  32/37/60 35/45/67 36/42/68
f  32/37/54 36/42/62 29/38/55
f  33/41/61 37/46/69 34/44/64
f  33/43/63 40/47/70 37/48/71
f  34/44/64 37/46/69 38/49/72
f  34/44/65 38/49/73 35/45/66
f  35/45/66 38/49/73 39/50/74
f  35/45/67 39/50/75 36/42/68
f  36/42/68 39/50/75 40/47/76
f  36/42/62 40/47/70 33/43/63
f  37/46/69 41/51/77 38/49/72
f  37/48/71 44/52/78 41/53/79
f  38/49/72 41/51/77 42/54/80
f  38/49/73 42/54/81 39/50/74
f  39/50/74 42/54/81 43/55/82
f  39/50/75 43/55/83 40/47/76
f  40/47/76 43/55/83 44/52/84
f  40/47/70 44/52/78 37/48/71
f  41/51/77 45/56/85 42/54/80
f  41/53/79 48/57/86 45/58/87
f  42/54/80 45/56/85 46/59/88
f  42/54/81 46/59/89 43/55/82
f  43/55/82 46/59/89 47/60/90
f  43/55/83 47/60/91 44/52/84
f  44/52/84 47/60/91 48/57/92
f  44/52/78 48/57/86 41/53/79
f  45/56/85 49/61/93 46/59/88
f  45/58/87 52/62/94 49/63/95
f  46/59/88 49/61/93 50/64/96
f  46/59/89 50/64/97 47/60/90
f  47/60/90 50/64/97 51/65/98
f  47/60/91 51/65/99 48/57/92
f  48/57/92 51/65/99 52/62/100
f  48/57/86 52/62/94 45/58/87
f  49/61/93 53/66/101 50/64/96
f  49/63/95 56/67/102 53/68/103
f  50/64/96 53/66/101 54/69/104
f  50/64/97 54/69/105 51/65/98
f  51/65/98 54/69/105 55/70/106
f  51/65/99 55/70/107 52/62/100
f  52/62/100 55/70/107 56/67/108
f  52/62/94 56/67/102 49/63/95
f  53/66/101 57/71/109 54/69/104
f  53/68/103 60/72/110 57/73/111
f  53/66/101 89/71/112 54/69/104
f  53/68/113 92/72/113 89/73/113
f  54/69/104 57/71/109 58/74/114
f  54/69/105 58/74/115 55/70/106
f  54/69/116 89/71/116 90/74/116
f  54/69/117 90/74/117 55/70/117
f  55/70/106 58/74/115 59/75/118
f  55/70/107 59/75/119 56/67/108
f  55/70/120 90/74/120 91/75/120
f  55/70/121 91/75/121 56/67/121
f  56/67/108 59/75/119 60/72/122
f  56/67/102 60/72/110 53/68/103
f  56/67/123 91/75/123 92/72/123
f  56/67/124 92/72/124 53/68/124
f  57/71/109 61/76/125 58/74/114
f  57/73/111 64/77/126 61/78/127
f  57/71/109 85/76/128 58/74/114
f  57/73/111 88/77/129 85/78/130
f  58/74/114 61/76/125 62/79/131
f  58/74/115 62/79/132 59/75/118
f  58/74/114 85/76/128 86/79/133
f  58/74/115 86/79/134 59/75/118
f  59/75/118 62/79/132 63/80/135
f  59/75/119 63/80/136 60/72/122
f  59/75/118 86/79/134 87/80/137
f  59/75/119 87/80/138 60/72/122
f  60/72/122 63/80/136 64/77/139
f  60/72/110 64/77/126 57/73/111
f  60/72/122 87/80/138 88/77/140
f  60/72/110 88/77/129 57/73/111
f  61/76/125 65/81/141 62/79/131
f  61/78/127 68/82/142 65/83/143
f  62/79/131 65/81/141 66/84/144
f  62/79/132 66/84/145 63/80/135
f  63/80/135 66/84/145 67/85/146
f  63/80/136 67/85/147 64/77/139
f  64/77/139 67/85/147 68/82/148
f  64/77/126 68/82/142 61/78/127
f  65/81/141 69/86/149 66/84/144
f  65/83/143 72/87/150 69/88/151
f  65/81/141 81/86/152 66/84/144
f  65/83/141 84/87/153 81/88/154
f  66/84/144 69/86/149 70/89/155
f  66/84/145 70/89/156 67/85/146
f  66/84/145 81/86/157 82/89/158
f  66/84/145 82/89/159 67/85/146
f  67/85/146 70/89/156 71/90/160
f  67/85/147 71/90/161 68/82/148
f  67/85/147 82/89/162 83/90/163
f  67/85/147 83/90/164 68/82/148
f  68/82/148 71/90/161 72/87/165
f  68/82/142 72/87/150 65/83/143
f  68/82/142 83/90/166 84/87/167
f  68/82/142 84/87/168 65/83/143
f  69/86/149 73/91/169 70/89/170
f  69/88/149 76/92/171 73/93/169
f  69/86/149 77/91/172 70/89/155
f  69/88/173 80/92/174 77/93/175
f  70/89/156 73/91/176 74/94/177
f  70/89/156 74/94/177 71/90/160
f  70/89/170 77/91/178 78/94/178
f  70/89/179 78/94/179 71/90/179
f  71/90/161 74/94/180 75/95/181
f  71/90/161 75/95/181 72/87/165
f  71/90/182 78/94/183 79/95/184
f  71/90/161 79/95/185 72/87/165
f  72/87/150 75/95/186 76/92/187
f  72/87/150 76/92/187 69/88/151
f  72/87/188 79/95/189 80/92/190
f  72/87/150 80/92/191 69/88/151
usemtl Leaf
f  93/8/192 96/96/193 94/10/194
f  94/10/194 96/96/193 97/97/195
f  94/10/194 97/97/195 95/4/196
f  95/4/196 97/97/195 98/98/197
f  96/96/193 99/9/198 97/97/195
f  97/97/195 99/9/198 100/5/199
f  97/97/195 100/5/199 98/98/197
f  98/98/197 100/5/199 101/6/200
f  99/9/198 102/99/201 100/5/199
f  100/5/199 102/99/201 103/100/202
f  100/5/199 103/100/202 101/6/200
f  101/6/200 103/100/202 104/101/203
f  102/99/201 105/15/204 103/100/202
f  103/100/202 105/15/204 106/12/205
f  103/100/202 106/12/205 104/101/203
f  104/101/203 106/12/205 107/13/206
f  105/15/204 108/102/207 106/12/205
f  106/12/205 108/102/207 109/103/208
f  106/12/205 109/103/208 107/13/206
f  107/13/206 109/103/208 110/104/209
f  108/102/207 111/17/210 109/103/210
f  109/103/210 111/17/210 110/104/211
f  112/8/212 115/96/213 113/10/214
f  113/10/214 115/96/213 116/97/215
f  113/10/214 116/97/215 114/4/216
f  114/4/216 116/97/215 117/98/217
f  115/96/213 118/9/218 116/97/215
f  116/97/215 118/9/218 119/5/219
f  116/97/215 119/5/219 117/98/217
f  117/98/217 119/5/219 120/6/220
f  118/9/218 121/99/221 119/5/219
f  119/5/219 121/99/221 122/100/222
f  119/5/219 122/100/222 120/6/220
f  120/6/220 122/100/222 123/101/223
f  121/99/224 124/15/225 122/100/222
f  122/100/222 124/15/225 125/12/226
f  122/100/222 125/12/226 123/101/223
f  123/101/223 125/12/226 126/13/227
f  124/15/225 127/102/228 125/12/226
f  125/12/226 127/102/228 128/103/229
f  125/12/226 128/103/229 126/13/227
f  126/13/227 128/103/229 129/104/230
f  127/102/228 130/17/231 128/103/229
f  128/103/229 130/17/231 129/104/230
f  131/8/232 134/96/233 132/10/234
f  132/10/234 134/96/233 135/97/235
f  132/10/234 135/97/235 133/4/236
f  133/4/236 135/97/235 136/98/237
f  134/96/233 137/9/238 135/97/235
f  135/97/235 137/9/238 138/5/239
f  135/97/235 138/5/239 136/98/237
f  136/98/237 138/5/239 139/6/240
f  137/9/238 140/99/241 138/5/239
f  138/5/239 140/99/241 141/100/242
f  138/5/239 141/100/242 139/6/240
f  139/6/240 141/100/242 142/101/243
f  140/99/241 143/15/244 141/100/242
f  141/100/242 143/15/244 144/12/245
f  141/100/242 144/12/245 142/101/243
f  142/101/243 144/12/245 145/13/246
f  143/15/244 146/102/247 144/12/245
f  144/12/245 146/102/247 147/103/248
f  144/12/245 147/103/248 145/13/246
f  145/13/246 147/103/248 148/104/249
f  146/102/247 149/17/250 147/103/248
f  147/103/248 149/17/250 148/104/249
f  150/8/251 153/96/252 151/10/253
f  151/10/253 153/96/252 154/97/254
f  151/10/253 154/97/254 152/4/255
f  152/4/255 154/97/254 155/98/256
f  153/96/252 156/9/257 154/97/254
f  154/97/254 156/9/257 157/5/258
f  154/97/254 157/5/258 155/98/256
f  155/98/256 157/5/258 158/6/259
f  156/9/257 159/99/260 157/5/258
f  157/5/258 159/99/260 160/100/261
f  157/5/258 160/100/261 158/6/259
f  158/6/259 160/100/261 161/101/262
f  159/99/260 162/15/263 160/100/261
f  160/100/261 162/15/263 163/12/264
f  160/100/261 163/12/264 161/101/262
f  161/101/262 163/12/264 164/13/265
f  162/15/263 165/102/266 163/12/264
f  163/12/264 165/102/266 166/103/267
f  163/12/264 166/103/267 164/13/268
f  164/13/268 166/103/267 167/104/269
f  165/102/266 168/17/270 166/103/267
f  166/103/267 168/17/270 167/104/269
f  169/8/271 172/96/272 170/10/273
f  170/10/273 172/96/272 173/97/274
f  170/10/273 173/97/274 171/4/275
f  171/4/275 173/97/274 174/98/276
f  172/96/272 175/9/277 173/97/274
f  173/97/274 175/9/277 176/5/278
f  173/97/274 176/5/278 174/98/276
f  174/98/276 176/5/278 177/6/279
f  175/9/277 178/99/280 176/5/278
f  176/5/278 178/99/280 179/100/281
f  176/5/278 179/100/281 177/6/279
f  177/6/279 179/100/281 180/101/282
f  178/99/283 181/15/284 179/100/285
f  179/100/285 181/15/284 182/12/286
f  179/100/285 182/12/286 180/101/287
f  180/101/287 182/12/286 183/13/288
f  181/15/284 184/102/289 182/12/286
f  182/12/286 184/102/289 185/103/290
f  182/12/286 185/103/290 183/13/288
f  183/13/291 185/103/290 186/104/292
f  184/102/289 187/17/293 185/103/290
f  185/103/290 187/17/293 186/104/292
f  188/8/294 191/96/295 189/10/296
f  189/10/296 191/96/295 192/97/297
f  189/10/296 192/97/297 190/4/298
f  190/4/298 192/97/297 193/98/299
f  191/96/295 194/9/300 192/97/297
f  192/97/297 194/9/300 195/5/301
f  192/97/297 195/5/301 193/98/299
f  193/98/299 195/5/301 196/6/302
f  194/9/300 197/99/303 195/5/301
f  195/5/301 197/99/303 198/100/304
f  195/5/301 198/100/304 196/6/302
f  196/6/302 198/100/304 199/101/305
f  197/99/306 200/15/307 198/100/304
f  198/100/304 200/15/307 201/12/308
f  198/100/304 201/12/308 199/101/305
f  199/101/305 201/12/308 202/13/309
f  200/15/307 203/102/310 201/12/308
f  201/12/308 203/102/310 204/103/311
f  201/12/308 204/103/311 202/13/309
f  202/13/309 204/103/311 205/104/312
f  203/102/310 206/17/313 204/103/313
f  204/103/313 206/17/313 205/104/314
usemtl Stalk
f  73/91/176 207/105/315 74/94/177
f  73/93/169 210/106/316 207/107/317
f  74/94/177 207/105/315 208/108/318
f  74/94/180 208/108/319 75/95/181
f  75/95/181 208/108/319 209/109/320
f  75/95/186 209/109/321 76/92/187
f  76/92/187 209/109/321 210/106/322
f  76/92/171 210/106/316 73/93/169
f  207/105/315 211/110/323 208/108/318
f  207/107/317 214/111/324 211/112/325
f  208/108/318 211/110/323 212/113/326
f  208/108/319 212/113/327 209/109/320
f  209/109/320 212/113/327 213/114/328
f  209/109/321 213/114/329 210/106/322
f  210/106/322 213/114/329 214/111/330
f  210/106/316 214/111/324 207/107/317
f  211/110/323 215/115/331 212/113/326
f  211/112/325 218/116/332 215/117/333
f  212/113/326 215/115/331 216/118/334
f  212/113/327 216/118/335 213/114/328
f  213/114/328 216/118/335 217/119/336
f  213/114/329 217/119/337 214/111/330
f  214/111/330 217/119/337 218/116/338
f  214/111/324 218/116/332 211/112/325
f  215/115/331 219/120/339 216/118/334
f  215/117/333 222/121/340 219/122/341
f  216/118/334 219/120/339 220/123/342
f  216/118/335 220/123/343 217/119/336
f  217/119/336 220/123/343 221/124/344
f  217/119/337 221/124/345 218/116/338
f  218/116/338 221/124/345 222/121/346
f  218/116/332 222/121/340 215/117/333
f  219/120/339 223/125/347 220/123/342
f  219/122/341 226/126/348 223/127/349
f  220/123/342 223/125/347 224/128/350
f  220/123/343 224/128/351 221/124/344
f  221/124/344 224/128/351 225/129/352
f  221/124/345 225/129/353 222/121/346
f  222/121/346 225/129/353 226/126/354
f  222/121/340 226/126/348 219/122/341
f  223/125/347 227/130/355 224/128/350
f  223/127/349 230/131/356 227/132/357
f  224/128/350 227/130/355 228/133/358
f  224/128/351 228/133/359 225/129/352
f  225/129/352 228/133/359 229/134/360
f  225/129/353 229/134/361 226/126/354
f  226/126/354 229/134/361 230/131/362
f  226/126/348 230/131/356 223/127/349
f  227/130/355 231/135/363 228/133/358
f  227/132/357 234/136/364 231/137/365
f  228/133/358 231/135/363 232/138/366
f  228/133/359 232/138/367 229/134/360
f  229/134/360 232/138/367 233/139/368
f  229/134/361 233/139/369 230/131/362
f  230/131/362 233/139/369 234/136/370
f  230/131/356 234/136/364 227/132/357
f  231/135/363 235/140/371 232/138/366
f  231/137/365 238/141/372 235/142/373
f  232/138/366 235/140/371 236/143/374
f  232/138/367 236/143/375 233/139/368
f  233/139/368 236/143/375 237/144/376
f  233/139/369 237/144/377 234/136/370
f  234/136/370 237/144/377 238/141/378
f  234/136/364 238/141/372 231/137/365
f  235/140/371 239/145/379 236/143/374
f  235/142/373 242/146/380 239/147/381
f  236/143/374 239/145/379 240/148/382
f  236/143/375 240/148/383 237/144/376
f  237/144/376 240/148/383 241/149/384
f  237/144/377 241/149/385 238/141/378
f  238/141/378 241/149/385 242/146/386
f  238/141/372 242/146/380 235/142/373
f  239/145/379 243/150/387 240/148/382
f  239/147/381 246/151/388 243/152/389
f  240/148/382 243/150/387 244/153/390
f  240/148/383 244/153/391 241/149/384
f  241/149/384 244/153/391 245/154/392
f  241/149/385 245/154/393 242/146/386
f  242/146/386 245/154/393 246/151/394
f  242/146/380 246/151/388 239/147/381
f  77/91/395 247/105/396 78/94/397
f  77/93/175 250/106/398 247/107/399
f  78/94/397 247/105/396 248/108/400
f  78/94/183 248/108/401 79/95/184
f  79/95/184 248/108/401 249/109/402
f  79/95/189 249/109/403 80/92/190
f  80/92/190 249/109/403 250/106/404
f  80/92/174 250/106/398 77/93/175
f  247/105/396 251/110/405 248/108/400
f  247/107/399 254/111/406 251/112/407
f  248/108/400 251/110/405 252/113/408
f  248/108/401 252/113/409 249/109/402
f  249/109/402 252/113/409 253/114/410
f  249/109/403 253/114/411 250/106/404
f  250/106/404 253/114/411 254/111/412
f  250/106/398 254/111/406 247/107/399
f  251/110/405 255/115/413 252/113/408
f  251/112/407 258/116/414 255/117/415
f  252/113/408 255/115/413 256/118/416
f  252/113/409 256/118/417 253/114/410
f  253/114/410 256/118/417 257/119/418
f  253/114/411 257/119/419 254/111/412
f  254/111/412 257/119/419 258/116/420
f  254/111/406 258/116/414 251/112/407
f  255/115/413 259/120/421 256/118/416
f  255/117/415 262/121/422 259/122/423
f  256/118/416 259/120/421 260/123/424
f  256/118/417 260/123/425 257/119/418
f  257/119/418 260/123/425 261/124/426
f  257/119/419 261/124/427 258/116/420
f  258/116/420 261/124/427 262/121/428
f  258/116/414 262/121/422 255/117/415
f  259/120/421 263/125/429 260/123/424
f  259/122/423 266/126/430 263/127/431
f  260/123/424 263/125/429 264/128/432
f  260/123/425 264/128/433 261/124/426
f  261/124/426 264/128/433 265/129/434
f  261/124/427 265/129/435 262/121/428
f  262/121/428 265/129/435 266/126/436
f  262/121/422 266/126/430 259/122/423
f  263/125/429 267/130/437 264/128/432
f  263/127/431 270/131/438 267/132/439
f  264/128/432 267/130/437 268/133/440
f  264/128/433 268/133/441 265/129/434
f  265/129/434 268/133/441 269/134/442
f  265/129/435 269/134/443 266/126/436
f  266/126/436 269/134/443 270/131/444
f  266/126/430 270/131/438 263/127/431
f  267/130/437 271/135/445 268/133/440
f  267/132/439 274/136/446 271/137/447
f  268/133/440 271/135/445 272/138/448
f  268/133/441 272/138/449 269/134/442
f  269/134/442 272/138/449 273/139/450
f  269/134/443 273/139/451 270/131/444
f  270/131/444 273/139/451 274/136/452
f  270/131/438 274/136/446 267/132/439
f  271/135/445 275/140/453 272/138/448
f  271/137/447 278/141/454 275/142/455
f  272/138/448 275/140/453 276/143/456
f  272/138/449 276/143/457 273/139/450
f  273/139/450 276/143/457 277/144/458
f  273/139/451 277/144/459 274/136/452
f  274/136/452 277/144/459 278/141/460
f  274/136/446 278/141/454 271/137/447
f  275/140/453 279/145/461 276/143/456
f  275/142/455 282/146/462 279/147/463
f  276/143/456 279/145/461 280/148/464
f  276/143/457 280/148/465 277/144/458
f  277/144/458 280/148/465 281/149/466
f  277/144/459 281/149/467 278/141/460
f  278/141/460 281/149/467 282/146/468
f  278/141/454 282/146/462 275/142/455
f  279/145/461 283/150/469 280/148/464
f  279/147/463 286/151/470 283/152/471
f  280/148/464 283/150/469 284/153/472
f  280/148/465 284/153/473 281/149/466
f  281/149/466 284/153/473 285/154/474
f  281/149/467 285/154/475 282/146/468
f  282/146/468 285/154/475 286/151/476
f  282/146/462 286/151/470 279/147/463
f  287/155/477 288/156/477 289/157/477
f  287/155/478 289/157/478 290/158/478
f  287/155/479 290/158/479 291/159/479
f  287/155/480 291/159/480 292/160/480
f  287/155/481 292/160/481 288/161/481
f  288/156/482 293/162/483 289/157/483
f  288/161/484 297/163/484 293/164/485
f  289/157/483 293/162/483 294/165/486
f  289/157/487 294/165/488 290/158/488
f  290/158/488 294/165/488 295/166/489
f  290/158/490 295/166/491 291/159/491
f  291/159/491 295/166/491 296/167/492
f  291/159/493 296/167/493 292/160/493
f  292/160/493 296/167/493 297/163/493
f  292/160/494 297/163/484 288/161/484
f  293/162/495 298/168/495 294/165/495
f  294/165/496 298/168/496 295/166/496
f  295/166/497 298/168/497 296/167/497
f  296/167/498 298/168/498 297/163/498
f  297/163/499 298/168/499 293/164/499
f  299/155/500 300/156/500 301/157/500
f  299/155/501 301/157/501 302/158/501
f  299/155/502 302/158/502 303/159/502
f  299/155/503 303/159/503 304/160/503
f  299/155/504 304/160/504 300/161/504
f  300/156/505 305/162/506 301/157/506
f  300/161/507 309/163/507 305/164/508
f  301/157/506 305/162/506 306/165/509
f  301/157/510 306/165/511 302/158/511
f  302/158/511 306/165/511 307/166/512
f  302/158/513 307/166/514 303/159/514
f  303/159/514 307/166/514 308/167/515
f  303/159/516 308/167/517 304/160/517
f  304/160/517 308/167/517 309/163/518
f  304/160/519 309/163/507 300/161/507
f  305/162/520 310/168/520 306/165/520
f  306/165/521 310/168/521 307/166/521
f  307/166/522 310/168/522 308/167/522
f  308/167/523 310/168/523 309/163/523
f  309/163/524 310/168/524 305/164/524
f  311/155/525 312/156/525 313/157/525
f  311/155/526 313/157/526 314/158/526
f  311/155/479 314/158/479 315/159/479
f  311/155/480 315/159/480 316/160/480
f  311/155/527 316/160/527 312/161/527
f  312/156/528 317/162/529 313/157/529
f  312/161/530 321/163/530 317/164/531
f  313/157/529 317/162/529 318/165/532
f  313/157/533 318/165/534 314/158/534
f  314/158/534 318/165/534 319/166/489
f  314/158/490 319/166/535 315/159/535
f  315/159/535 319/166/535 320/167/536
f  315/159/537 320/167/538 316/160/538
f  316/160/538 320/167/538 321/163/539
f  316/160/540 321/163/530 312/161/530
f  317/162/541 322/168/541 318/165/541
f  318/165/542 322/168/542 319/166/542
f  319/166/543 322/168/543 320/167/543
f  320/167/544 322/168/544 321/163/544
f  321/163/545 322/168/545 317/164/545
f  323/155/500 324/156/500 325/157/500
f  323/155/501 325/157/501 326/158/501
f  323/155/546 326/158/546 327/159/546
f  323/155/547 327/159/547 328/160/547
f  323/155/548 328/160/548 324/161/548
f  324/156/549 329/162/550 325/157/550
f  324/161/551 333/163/551 329/164/519
f  325/157/550 329/162/550 330/165/552
f  325/157/553 330/165/554 326/158/554
f  326/158/554 330/165/554 331/166/555
f  326/158/556 331/166/514 327/159/514
f  327/159/514 331/166/514 332/167/557
f  327/159/558 332/167/559 328/160/559
f  328/160/559 332/167/559 333/163/560
f  328/160/561 333/163/551 324/161/551
f  329/162/520 334/168/520 330/165/520
f  330/165/521 334/168/521 331/166/521
f  331/166/562 334/168/562 332/167/562
f  332/167/563 334/168/563 333/163/563
f  333/163/564 334/168/564 329/164/564
usemtl Leaf
f  335/8/565 338/96/566 336/10/567
f  336/10/567 338/96/566 339/97/568
f  336/10/567 339/97/568 337/4/569
f  337/4/569 339/97/568 340/98/570
f  338/96/566 341/9/571 339/97/568
f  339/97/568 341/9/571 342/5/572
f  339/97/568 342/5/572 340/98/570
f  340/98/570 342/5/572 343/6/573
f  341/9/571 344/99/574 342/5/572
f  342/5/572 344/99/574 345/100/575
f  342/5/572 345/100/575 343/6/573
f  343/6/573 345/100/575 346/101/576
f  344/99/574 347/15/577 345/100/575
f  345/100/575 347/15/577 348/12/578
f  345/100/575 348/12/578 346/101/576
f  346/101/576 348/12/578 349/13/579
f  347/15/577 350/102/580 348/12/578
f  348/12/578 350/102/580 351/103/581
f  348/12/578 351/103/581 349/13/579
f  349/13/579 351/103/581 352/104/582
f  350/102/580 353/17/583 351/103/581
f  351/103/581 353/17/583 352/104/582
f  354/8/584 357/96/585 355/10/586
f  355/10/586 357/96/585 358/97/587
f  355/10/586 358/97/587 356/4/588
f  356/4/588 358/97/587 359/98/589
f  357/96/585 360/9/590 358/97/587
f  358/97/587 360/9/590 361/5/591
f  358/97/587 361/5/591 359/98/589
f  359/98/589 361/5/591 362/6/592
f  360/9/590 363/99/593 361/5/591
f  361/5/591 363/99/593 364/100/594
f  361/5/591 364/100/594 362/6/592
f  362/6/592 364/100/594 365/101/595
f  363/99/593 366/15/596 364/100/594
f  364/100/594 366/15/596 367/12/597
f  364/100/594 367/12/597 365/101/595
f  365/101/595 367/12/597 368/13/598
f  366/15/596 369/102/599 367/12/597
f  367/12/597 369/102/599 370/103/600
f  367/12/597 370/103/600 368/13/598
f  368/13/598 370/103/600 371/104/601
f  369/102/599 372/17/602 370/103/600
f  370/103/600 372/17/602 371/104/601
f  373/8/603 376/96/604 374/10/605
f  374/10/605 376/96/604 377/97/606
f  374/10/605 377/97/606 375/4/607
f  375/4/607 377/97/606 378/98/608
f  376/96/604 379/9/609 377/97/606
f  377/97/606 379/9/609 380/5/610
f  377/97/606 380/5/610 378/98/608
f  378/98/608 380/5/610 381/6/611
f  379/9/609 382/99/612 380/5/610
f  380/5/610 382/99/612 383/100/613
f  380/5/610 383/100/613 381/6/611
f  381/6/611 383/100/613 384/101/614
f  382/99/612 385/15/615 383/100/613
f  383/100/613 385/15/615 386/12/616
f  383/100/613 386/12/616 384/101/614
f  384/101/614 386/12/616 387/13/617
f  385/15/615 388/102/618 386/12/616
f  386/12/616 388/102/618 389/103/619
f  386/12/616 389/103/619 387/13/617
f  387/13/617 389/103/619 390/104/620
f  388/102/618 391/17/621 389/103/619
f  389/103/619 391/17/621 390/104/620
f  392/8/622 395/96/623 393/10/624
f  393/10/624 395/96/623 396/97/625
f  393/10/624 396/97/625 394/4/626
f  394/4/626 396/97/625 397/98/627
f  395/96/623 398/9/628 396/97/625
f  396/97/625 398/9/628 399/5/629
f  396/97/625 399/5/629 397/98/627
f  397/98/627 399/5/629 400/6/630
f  398/9/628 401/99/631 399/5/629
f  399/5/629 401/99/631 402/100/632
f  399/5/629 402/100/632 400/6/630
f  400/6/630 402/100/632 403/101/633
f  401/99/631 404/15/634 402/100/632
f  402/100/632 404/15/634 405/12/635
f  402/100/632 405/12/635 403/101/633
f  403/101/633 405/12/635 406/13/636
f  404/15/634 407/102/637 405/12/635
f  405/12/635 407/102/637 408/103/638
f  405/12/635 408/103/638 406/13/636
f  406/13/636 408/103/638 409/104/639
f  407/102/637 410/17/640 408/103/638
f  408/103/638 410/17/640 409/104/639
f  411/8/641 414/96/642 412/10/643
f  412/10/643 414/96/642 415/97/644
f  412/10/643 415/97/644 413/4/645
f  413/4/645 415/97/644 416/98/646
f  414/96/642 417/9/647 415/97/644
f  415/97/644 417/9/647 418/5/648
f  415/97/644 418/5/648 416/98/646
f  416/98/646 418/5/648 419/6/649
f  417/9/647 420/99/650 418/5/648
f  418/5/648 420/99/650 421/100/651
f  418/5/648 421/100/651 419/6/649
f  419/6/649 421/100/651 422/101/652
f  420/99/650 423/15/653 421/100/651
f  421/100/651 423/15/653 424/12/654
f  421/100/651 424/12/654 422/101/652
f  422/101/652 424/12/654 425/13/655
f  423/15/653 426/102/656 424/12/654
f  424/12/654 426/102/656 427/103/657
f  424/12/654 427/103/657 425/13/655
f  425/13/655 427/103/657 428/104/658
f  426/102/656 429/17/659 427/103/657
f  427/103/657 429/17/659 428/104/658
f  430/8/660 433/96/661 431/10/662
f  431/10/662 433/96/661 434/97/663
f  431/10/662 434/97/663 432/4/664
f  432/4/664 434/97/663 435/98/665
f  433/96/661 436/9/666 434/97/663
f  434/97/663 436/9/666 437/5/667
f  434/97/663 437/5/667 435/98/665
f  435/98/665 437/5/667 438/6/668
f  436/9/666 439/99/669 437/5/667
f  437/5/667 439/99/669 440/100/670
f  437/5/667 440/100/670 438/6/668
f  438/6/668 440/100/670 441/101/671
f  439/99/669 442/15/672 440/100/670
f  440/100/670 442/15/672 443/12/673
f  440/100/670 443/12/673 441/101/671
f  441/101/671 443/12/673 444/13/674
f  442/15/672 445/102/675 443/12/673
f  443/12/673 445/102/675 446/103/676
f  443/12/673 446/103/676 444/13/674
f  444/13/674 446/103/676 447/104/677
f  445/102/675 448/17/678 446/103/676
f  446/103/676 448/17/678 447/104/677
f  449/8/679 452/96/680 450/10/681
f  450/10/681 452/96/680 453/97/682
f  450/10/681 453/97/682 451/4/683
f  451/4/683 453/97/682 454/98/684
f  452/96/680 455/9/685 453/97/682
f  453/97/682 455/9/685 456/5/686
f  453/97/682 456/5/686 454/98/684
f  454/98/684 456/5/686 457/6/687
f  455/9/685 458/99/688 456/5/686
f  456/5/686 458/99/688 459/100/689
f  456/5/686 459/100/689 457/6/687
f  457/6/687 459/100/689 460/101/690
f  458/99/688 461/15/691 459/100/689
f  459/100/689 461/15/691 462/12/692
f  459/100/689 462/12/692 460/101/690
f  460/101/690 462/12/692 463/13/693
f  461/15/691 464/102/694 462/12/692
f  462/12/692 464/102/694 465/103/695
f  462/12/692 465/103/695 463/13/693
f  463/13/693 465/103/695 466/104/696
f  464/102/694 467/17/697 465/103/695
f  465/103/695 467/17/697 466/104/696
f  468/8/698 471/96/699 469/10/700
f  469/10/700 471/96/699 472/97/701
f  469/10/700 472/97/701 470/4/702
f  470/4/702 472/97/701 473/98/703
f  471/96/699 474/9/704 472/97/701
f  472/97/701 474/9/704 475/5/705
f  472/97/701 475/5/705 473/98/703
f  473/98/703 475/5/705 476/6/706
f  474/9/704 477/99/707 475/5/705
f  475/5/705 477/99/707 478/100/708
f  475/5/705 478/100/708 476/6/706
f  476/6/706 478/100/708 479/101/709
f  477/99/707 480/15/710 478/100/708
f  478/100/708 480/15/710 481/12/711
f  478/100/708 481/12/711 479/101/709
f  479/101/709 481/12/711 482/13/712
f  480/15/710 483/102/713 481/12/711
f  481/12/711 483/102/713 484/103/714
f  481/12/711 484/103/714 482/13/712
f  482/13/712 484/103/714 485/104/715
f  483/102/713 486/17/716 484/103/714
f  484/103/714 486/17/716 485/104/715
f  487/8/717 490/96/718 488/10/719
f  488/10/719 490/96/718 491/97/720
f  488/10/719 491/97/720 489/4/721
f  489/4/721 491/97/720 492/98/722
f  490/96/718 493/9/723 491/97/720
f  491/97/720 493/9/723 494/5/724
f  491/97/720 494/5/724 492/98/722
f  492/98/722 494/5/724 495/6/725
f  493/9/723 496/99/726 494/5/724
f  494/5/724 496/99/726 497/100/727
f  494/5/724 497/100/727 495/6/725
f  495/6/725 497/100/727 498/101/728
f  496/99/726 499/15/729 497/100/727
f  497/100/727 499/15/729 500/12/730
f  497/100/727 500/12/730 498/101/728
f  498/101/728 500/12/730 501/13/731
f  499/15/729 502/102/732 500/12/730
f  500/12/730 502/102/732 503/103/733
f  500/12/730 503/103/733 501/13/731
f  501/13/731 503/103/733 504/104/734
f  502/102/732 505/17/735 503/103/733
f  503/103/733 505/17/735 504/104/734
f  506/8/736 509/96/737 507/10/738
f  507/10/738 509/96/737 510/97/739
f  507/10/738 510/97/739 508/4/740
f  508/4/740 510/97/739 511/98/741
f  509/96/737 512/9/742 510/97/739
f  510/97/739 512/9/742 513/5/743
f  510/97/739 513/5/743 511/98/741
f  511/98/741 513/5/743 514/6/744
f  512/9/742 515/99/745 513/5/743
f  513/5/743 515/99/745 516/100/746
f  513/5/743 516/100/746 514/6/744
f  514/6/744 516/100/746 517/101/747
f  515/99/745 518/15/748 516/100/746
f  516/100/746 518/15/748 519/12/749
f  516/100/746 519/12/749 517/101/747
f  517/101/747 519/12/749 520/13/750
f  518/15/748 521/102/751 519/12/749
f  519/12/749 521/102/751 522/103/752
f  519/12/749 522/103/752 520/13/750
f  520/13/750 522/103/752 523/104/753
f  521/102/751 524/17/754 522/103/752
f  522/103/752 524/17/754 523/104/753
f  525/8/755 528/96/756 526/10/757
f  526/10/757 528/96/756 529/97/758
f  526/10/757 529/97/758 527/4/759
f  527/4/759 529/97/758 530/98/760
f  528/96/756 531/9/761 529/97/758
f  529/97/758 531/9/761 532/5/762
f  529/97/758 532/5/762 530/98/760
f  530/98/760 532/5/762 533/6/763
f  531/9/761 534/99/764 532/5/762
f  532/5/762 534/99/764 535/100/765
f  532/5/762 535/100/765 533/6/763
f  533/6/763 535/100/765 536/101/766
f  534/99/764 537/15/767 535/100/765
f  535/100/765 537/15/767 538/12/768
f  535/100/765 538/12/768 536/101/766
f  536/101/766 538/12/768 539/13/769
f  537/15/767 540/102/770 538/12/768
f  538/12/768 540/102/770 541/103/771
f  538/12/768 541/103/771 539/13/769
f  539/13/769 541/103/771 542/104/772
f  540/102/770 543/17/773 541/103/771
f  541/103/771 543/17/773 542/104/772
f  544/8/774 547/96/775 545/10/776
f  545/10/776 547/96/775 548/97/777
f  545/10/776 548/97/777 546/4/778
f  546/4/778 548/97/777 549/98/779
f  547/96/775 550/9/780 548/97/777
f  548/97/777 550/9/780 551/5/781
f  548/97/777 551/5/781 549/98/779
f  549/98/779 551/5/781 552/6/782
f  550/9/780 553/99/783 551/5/781
f  551/5/781 553/99/783 554/100/784
f  551/5/781 554/100/784 552/6/782
f  552/6/782 554/100/784 555/101/785
f  553/99/783 556/15/786 554/100/784
f  554/100/784 556/15/786 557/12/787
f  554/100/784 557/12/787 555/101/785
f  555/101/785 557/12/787 558/13/788
f  556/15/786 559/102/789 557/12/787
f  557/12/787 559/102/789 560/103/790
f  557/12/787 560/103/790 558/13/788
f  558/13/788 560/103/790 561/104/791
f  559/102/789 562/17/792 560/103/790
f  560/103/790 562/17/792 561/104/791
f  563/8/793 566/96/794 564/10/795
f  564/10/795 566/96/794 567/97/796
f  564/10/795 567/97/796 565/4/797
f  565/4/797 567/97/796 568/98/798
f  566/96/794 569/9/799 567/97/796
f  567/97/796 569/9/799 570/5/800
f  567/97/796 570/5/800 568/98/798
f  568/98/798 570/5/800 571/6/801
f  569/9/799 572/99/802 570/5/800
f  570/5/800 572/99/802 573/100/803
f  570/5/800 573/100/803 571/6/801
f  571/6/801 573/100/803 574/101/804
f  572/99/802 575/15/805 573/100/803
f  573/100/803 575/15/805 576/12/806
f  573/100/803 576/12/806 574/101/804
f  574/101/804 576/12/806 577/13/807
f  575/15/805 578/102/808 576/12/806
f  576/12/806 578/102/808 579/103/809
f  576/12/806 579/103/809 577/13/807
f  577/13/807 579/103/809 580/104/810
f  578/102/808 581/17/811 579/103/809
f  579/103/809 581/17/811 580/104/810
f  582/8/812 585/96/813 583/10/814
f  583/10/814 585/96/813 586/97/815
f  583/10/814 586/97/815 584/4/816
f  584/4/816 586/97/815 587/98/817
f  585/96/813 588/9/818 586/97/815
f  586/97/815 588/9/818 589/5/819
f  586/97/815 589/5/819 587/98/817
f  587/98/817 589/5/819 590/6/820
f  588/9/818 591/99/821 589/5/819
f  589/5/819 591/99/821 592/100/822
f  589/5/819 592/100/822 590/6/820
f  590/6/820 592/100/822 593/101/823
f  591/99/821 594/15/824 592/100/822
f  592/100/822 594/15/824 595/12/825
f  592/100/822 595/12/825 593/101/823
f  593/101/823 595/12/825 596/13/826
f  594/15/824 597/102/827 595/12/825
f  595/12/825 597/102/827 598/103/828
f  595/12/825 598/103/828 596/13/826
f  596/13/826 598/103/828 599/104/829
f  597/102/827 600/17/830 598/103/828
f  598/103/828 600/17/830 599/104/829
f  601/8/831 604/96/832 602/10/833
f  602/10/833 604/96/832 605/97/834
f  602/10/833 605/97/834 603/4/835
f  603/4/835 605/97/834 606/98/836
f  604/96/832 607/9/837 605/97/834
f  605/97/834 607/9/837 608/5/838
f  605/97/834 608/5/838 606/98/836
f  606/98/836 608/5/838 609/6/839
f  607/9/837 610/99/840 608/5/838
f  608/5/838 610/99/840 611/100/841
f  608/5/838 611/100/841 609/6/839
f  609/6/839 611/100/841 612/101/842
f  610/99/840 613/15/843 611/100/841
f  611/100/841 613/15/843 614/12/844
f  611/100/841 614/12/844 612/101/842
f  612/101/842 614/12/844 615/13/845
f  613/15/843 616/102/846 614/12/844
f  614/12/844 616/102/846 617/103/847
f  614/12/844 617/103/847 615/13/845
f  615/13/845 617/103/847 618/104/848
f  616/102/846 619/17/849 617/103/847
f  617/103/847 619/17/849 618/104/848
f  620/8/850 623/96/851 621/10/852
f  621/10/852 623/96/851 624/97/853
f  621/10/852 624/97/853 622/4/854
f  622/4/854 624/97/853 625/98/855
f  623/96/851 626/9/856 624/97/853
f  624/97/853 626/9/856 627/5/857
f  624/97/853 627/5/857 625/98/855
f  625/98/855 627/5/857 628/6/858
f  626/9/856 629/99/859 627/5/857
f  627/5/857 629/99/859 630/100/860
f  627/5/857 630/100/860 628/6/858
f  628/6/858 630/100/860 631/101/861
f  629/99/859 632/15/862 630/100/860
f  630/100/860 632/15/862 633/12/863
f  630/100/860 633/12/863 631/101/861
f  631/101/861 633/12/863 634/13/864
f  632/15/862 635/102/865 633/12/863
f  633/12/863 635/102/865 636/103/866
f  633/12/863 636/103/866 634/13/867
f  634/13/867 636/103/866 637/104/868
f  635/102/865 638/17/869 636/103/866
f  636/103/866 638/17/869 637/104/870
f  639/8/871 641/96/872 621/10/873
f  621/10/873 641/96/872 642/97/874
f  621/10/873 642/97/874 640/4/875
f  640/4/875 642/97/874 643/98/876
f  641/96/872 644/9/877 642/97/874
f  642/97/874 644/9/877 645/5/878
f  642/97/874 645/5/878 643/98/876
f  643/98/876 645/5/878 646/6/879
f  644/9/877 647/99/880 645/5/878
f  645/5/878 647/99/880 648/100/881
f  645/5/878 648/100/881 646/6/879
f  646/6/879 648/100/881 649/101/882
f  647/99/880 650/15/883 648/100/881
f  648/100/881 650/15/883 651/12/884
f  648/100/881 651/12/884 649/101/882
f  649/101/882 651/12/884 652/13/885
f  650/15/883 653/102/886 651/12/884
f  651/12/884 653/102/887 654/103/888
f  651/12/884 654/103/888 652/13/885
f  652/13/885 654/103/888 655/104/889
f  653/102/887 656/17/890 654/103/888
f  654/103/888 656/17/890 655/104/889
f  657/8/891 659/96/892 621/10/893
f  621/10/893 659/96/892 660/97/894
f  621/10/893 660/97/894 658/4/895
f  658/4/895 660/97/894 661/98/896
f  659/96/892 662/9/897 660/97/894
f  660/97/894 662/9/897 663/5/898
f  660/97/894 663/5/898 661/98/896
f  661/98/896 663/5/898 664/6/899
f  662/9/897 665/99/900 663/5/898
f  663/5/898 665/99/900 666/100/901
f  663/5/898 666/100/901 664/6/899
f  664/6/899 666/100/901 667/101/902
f  665/99/900 668/15/903 666/100/901
f  666/100/901 668/15/903 669/12/904
f  666/100/901 669/12/904 667/101/902
f  667/101/902 669/12/904 670/13/905
f  668/15/903 671/102/906 669/12/904
f  669/12/904 671/102/906 672/103/907
f  669/12/904 672/103/907 670/13/905
f  670/13/905 672/103/907 673/104/908
f  671/102/909 674/17/910 672/103/907
f  672/103/907 674/17/910 673/104/908
f  675/8/911 677/96/912 621/10/852
f  621/10/852 677/96/912 678/97/913
f  621/10/852 678/97/913 676/4/914
f  676/4/914 678/97/913 679/98/915
f  677/96/912 680/9/916 678/97/913
f  678/97/913 680/9/916 681/5/917
f  678/97/913 681/5/917 679/98/915
f  679/98/915 681/5/917 682/6/918
f  680/9/916 683/99/919 681/5/917
f  681/5/917 683/99/919 684/100/920
f  681/5/917 684/100/920 682/6/918
f  682/6/918 684/100/920 685/101/921
f  683/99/919 686/15/922 684/100/920
f  684/100/920 686/15/922 687/12/923
f  684/100/920 687/12/923 685/101/921
f  685/101/921 687/12/923 688/13/924
f  686/15/922 689/102/925 687/12/923
f  687/12/923 689/102/925 690/103/926
f  687/12/923 690/103/926 688/13/924
f  688/13/924 690/103/926 691/104/927
f  689/102/925 692/17/928 690/103/926
f  690/103/926 692/17/928 691/104/927
f  693/8/929 695/96/930 621/10/931
f  621/10/931 695/96/930 696/97/932
f  621/10/931 696/97/932 694/4/933
f  694/4/933 696/97/932 697/98/934
f  695/96/930 698/9/935 696/97/932
f  696/97/932 698/9/935 699/5/936
f  696/97/932 699/5/936 697/98/934
f  697/98/937 699/5/936 700/6/938
f  698/9/935 701/99/939 699/5/936
f  699/5/936 701/99/939 702/100/940
f  699/5/936 702/100/940 700/6/938
f  700/6/938 702/100/940 703/101/941
f  701/99/942 704/15/943 702/100/940
f  702/100/940 704/15/943 705/12/944
f  702/100/940 705/12/944 703/101/945
f  703/101/945 705/12/944 706/13/946
f  704/15/943 707/102/947 705/12/944
f  705/12/944 707/102/947 708/103/948
f  705/12/944 708/103/949 706/13/946
f  706/13/950 708/103/948 709/104/950
f  707/102/947 710/17/951 708/103/948
f  708/103/948 710/17/951 709/104/952
f  711/8/953 713/96/953 621/10/852
f  621/10/893 713/96/954 714/97/955
f  621/10/852 714/97/955 712/4/956
f  712/4/957 714/97/955 715/98/958
f  713/96/954 716/9/959 714/97/955
f  714/97/955 716/9/959 717/5/960
f  714/97/955 717/5/960 715/98/958
f  715/98/958 717/5/960 718/6/961
f  716/9/959 719/99/962 717/5/960
f  717/5/960 719/99/962 720/100/963
f  717/5/960 720/100/963 718/6/961
f  718/6/961 720/100/963 721/101/964
f  719/99/965 722/15/966 720/100/963
f  720/100/963 722/15/966 723/12/967
f  720/100/963 723/12/967 721/101/964
f  721/101/964 723/12/967 724/13/968
f  722/15/966 725/102/969 723/12/967
f  723/12/967 725/102/969 726/103/970
f  723/12/967 726/103/970 724/13/968
f  724/13/968 726/103/970 727/104/971
f  725/102/969 728/17/972 726/103/970
f  726/103/970 728/17/972 727/104/971
f  729/8/973 732/96/974 730/10/975
f  730/10/975 732/96/974 733/97/976
f  730/10/975 733/97/976 731/4/977
f  731/4/977 733/97/976 734/98/978
f  732/96/974 735/9/979 733/97/976
f  733/97/976 735/9/979 736/5/980
f  733/97/976 736/5/980 734/98/978
f  734/98/978 736/5/980 737/6/981
f  735/9/979 738/99/982 736/5/980
f  736/5/980 738/99/982 739/100/983
f  736/5/980 739/100/983 737/6/981
f  737/6/981 739/100/983 740/101/984
f  738/99/982 741/15/985 739/100/983
f  739/100/983 741/15/985 742/12/986
f  739/100/983 742/12/986 740/101/984
f  740/101/984 742/12/986 743/13/987
f  741/15/985 744/102/988 742/12/986
f  742/12/986 744/102/988 745/103/989
f  742/12/986 745/103/989 743/13/990
f  743/13/990 745/103/989 746/104/991
f  744/102/988 747/17/992 745/103/989
f  745/103/989 747/17/992 746/104/993
f  748/8/994 750/96/995 730/10/996
f  730/10/996 750/96/995 751/97/997
f  730/10/996 751/97/997 749/4/998
f  749/4/998 751/97/997 752/98/999
f  750/96/995 753/9/1000 751/97/997
f  751/97/997 753/9/1000 754/5/1001
f  751/97/997 754/5/1001 752/98/999
f  752/98/999 754/5/1001 755/6/1002
f  753/9/1000 756/99/1003 754/5/1001
f  754/5/1001 756/99/1003 757/100/1004
f  754/5/1001 757/100/1004 755/6/1002
f  755/6/1002 757/100/1004 758/101/1005
f  756/99/1003 759/15/1006 757/100/1004
f  757/100/1004 759/15/1006 760/12/1007
f  757/100/1004 760/12/1007 758/101/1005
f  758/101/1005 760/12/1007 761/13/1008
f  759/15/1006 762/102/1009 760/12/1007
f  760/12/1007 762/102/1010 763/103/1011
f  760/12/1007 763/103/1011 761/13/1008
f  761/13/1008 763/103/1011 764/104/1012
f  762/102/1010 765/17/1013 763/103/1011
f  763/103/1011 765/17/1013 764/104/1012
f  766/8/1014 768/96/1015 730/10/1016
f  730/10/1016 768/96/1015 769/97/1017
f  730/10/1016 769/97/1017 767/4/1018
f  767/4/1018 769/97/1017 770/98/1019
f  768/96/1015 771/9/1020 769/97/1017
f  769/97/1017 771/9/1020 772/5/1021
f  769/97/1017 772/5/1021 770/98/1019
f  770/98/1019 772/5/1021 773/6/1022
f  771/9/1020 774/99/1023 772/5/1021
f  772/5/1021 774/99/1023 775/100/1024
f  772/5/1021 775/100/1024 773/6/1022
f  773/6/1022 775/100/1024 776/101/1025
f  774/99/1023 777/15/1026 775/100/1024
f  775/100/1024 777/15/1026 778/12/1027
f  775/100/1024 778/12/1027 776/101/1025
f  776/101/1025 778/12/1027 779/13/1028
f  777/15/1026 780/102/1029 778/12/1027
f  778/12/1027 780/102/1029 781/103/1030
f  778/12/1027 781/103/1030 779/13/1028
f  779/13/1028 781/103/1030 782/104/1031
f  780/102/1032 783/17/1033 781/103/1030
f  781/103/1030 783/17/1033 782/104/1031
f  784/8/1034 786/96/1035 730/10/975
f  730/10/975 786/96/1035 787/97/1036
f  730/10/975 787/97/1036 785/4/1037
f  785/4/1037 787/97/1036 788/98/1038
f  786/96/1035 789/9/1039 787/97/1036
f  787/97/1036 789/9/1039 790/5/1040
f  787/97/1036 790/5/1040 788/98/1038
f  788/98/1038 790/5/1040 791/6/1041
f  789/9/1039 792/99/1042 790/5/1040
f  790/5/1040 792/99/1042 793/100/1043
f  790/5/1040 793/100/1043 791/6/1041
f  791/6/1041 793/100/1043 794/101/1044
f  792/99/1042 795/15/1045 793/100/1043
f  793/100/1043 795/15/1045 796/12/1046
f  793/100/1043 796/12/1046 794/101/1044
f  794/101/1044 796/12/1046 797/13/1047
f  795/15/1045 798/102/1048 796/12/1046
f  796/12/1046 798/102/1048 799/103/1049
f  796/12/1046 799/103/1049 797/13/1047
f  797/13/1047 799/103/1049 800/104/1050
f  798/102/1048 801/17/1051 799/103/1049
f  799/103/1049 801/17/1051 800/104/1050
f  802/8/1052 804/96/1053 730/10/1054
f  730/10/1054 804/96/1053 805/97/1055
f  730/10/1054 805/97/1055 803/4/1056
f  803/4/1056 805/97/1055 806/98/1057
f  804/96/1053 807/9/1058 805/97/1055
f  805/97/1055 807/9/1058 808/5/1059
f  805/97/1055 808/5/1059 806/98/1057
f  806/98/1060 808/5/1059 809/6/1061
f  807/9/1058 810/99/1062 808/5/1059
f  808/5/1059 810/99/1062 811/100/1063
f  808/5/1059 811/100/1063 809/6/1061
f  809/6/1061 811/100/1063 812/101/1064
f  810/99/1065 813/15/1066 811/100/1067
f  811/100/1067 813/15/1066 814/12/1068
f  811/100/1067 814/12/1068 812/101/1069
f  812/101/1069 814/12/1068 815/13/1070
f  813/15/1066 816/102/1071 814/12/1068
f  814/12/1068 816/102/1071 817/103/1072
f  814/12/1068 817/103/1073 815/13/1070
f  815/13/1074 817/103/1072 818/104/1074
f  816/102/1071 819/17/1075 817/103/1072
f  817/103/1072 819/17/1075 818/104/1075
f  820/8/1076 822/96/1076 730/10/975
f  730/10/1016 822/96/1077 823/97/1078
f  730/10/975 823/97/1078 821/4/1079
f  821/4/1080 823/97/1078 824/98/1081
f  822/96/1077 825/9/1082 823/97/1078
f  823/97/1078 825/9/1083 826/5/1084
f  823/97/1078 826/5/1084 824/98/1081
f  824/98/1081 826/5/1084 827/6/1085
f  825/9/1083 828/99/1086 826/5/1084
f  826/5/1084 828/99/1086 829/100/1087
f  826/5/1084 829/100/1087 827/6/1085
f  827/6/1085 829/100/1087 830/101/1088
f  828/99/1089 831/15/1090 829/100/1087
f  829/100/1087 831/15/1090 832/12/1091
f  829/100/1087 832/12/1091 830/101/1088
f  830/101/1088 832/12/1091 833/13/1092
f  831/15/1090 834/102/1093 832/12/1091
f  832/12/1091 834/102/1093 835/103/1094
f  832/12/1091 835/103/1094 833/13/1092
f  833/13/1092 835/103/1094 836/104/1095
f  834/102/1093 837/17/1096 835/103/1094
f  835/103/1094 837/17/1096 836/104/1095
f  838/8/1097 841/96/1098 839/10/1099
f  839/10/1099 841/96/1098 842/97/1100
f  839/10/1099 842/97/1100 840/4/1101
f  840/4/1101 842/97/1100 843/98/1102
f  841/96/1098 844/9/1103 842/97/1100
f  842/97/1100 844/9/1103 845/5/1104
f  842/97/1100 845/5/1104 843/98/1102
f  843/98/1102 845/5/1104 846/6/1105
f  844/9/1103 847/99/1106 845/5/1104
f  845/5/1104 847/99/1106 848/100/1107
f  845/5/1104 848/100/1107 846/6/1105
f  846/6/1105 848/100/1107 849/101/1108
f  847/99/1106 850/15/1109 848/100/1107
f  848/100/1107 850/15/1109 851/12/1110
f  848/100/1107 851/12/1110 849/101/1108
f  849/101/1108 851/12/1110 852/13/1111
f  850/15/1109 853/102/1112 851/12/1110
f  851/12/1110 853/102/1112 854/103/1113
f  851/12/1110 854/103/1113 852/13/1114
f  852/13/1114 854/103/1113 855/104/1115
f  853/102/1112 856/17/1116 854/103/1113
f  854/103/1113 856/17/1116 855/104/1117
f  857/8/1118 859/96/1119 839/10/1120
f  839/10/1120 859/96/1119 860/97/1121
f  839/10/1120 860/97/1121 858/4/1122
f  858/4/1122 860/97/1121 861/98/1123
f  859/96/1119 862/9/1124 860/97/1121
f  860/97/1121 862/9/1124 863/5/1125
f  860/97/1121 863/5/1125 861/98/1123
f  861/98/1123 863/5/1125 864/6/1126
f  862/9/1124 865/99/1127 863/5/1125
f  863/5/1125 865/99/1127 866/100/1128
f  863/5/1125 866/100/1128 864/6/1126
f  864/6/1126 866/100/1128 867/101/1129
f  865/99/1127 868/15/1130 866/100/1128
f  866/100/1128 868/15/1130 869/12/1131
f  866/100/1128 869/12/1131 867/101/1129
f  867/101/1129 869/12/1131 870/13/1132
f  868/15/1130 871/102/1133 869/12/1131
f  869/12/1131 871/102/1134 872/103/1135
f  869/12/1131 872/103/1135 870/13/1132
f  870/13/1132 872/103/1135 873/104/1136
f  871/102/1134 874/17/1137 872/103/1135
f  872/103/1135 874/17/1137 873/104/1136
f  875/8/1138 877/96/1139 839/10/1140
f  839/10/1140 877/96/1139 878/97/1141
f  839/10/1140 878/97/1141 876/4/1142
f  876/4/1142 878/97/1141 879/98/1143
f  877/96/1139 880/9/1144 878/97/1141
f  878/97/1141 880/9/1144 881/5/1145
f  878/97/1141 881/5/1145 879/98/1143
f  879/98/1143 881/5/1145 882/6/1146
f  880/9/1144 883/99/1147 881/5/1145
f  881/5/1145 883/99/1147 884/100/1148
f  881/5/1145 884/100/1148 882/6/1146
f  882/6/1146 884/100/1148 885/101/1149
f  883/99/1147 886/15/1150 884/100/1148
f  884/100/1148 886/15/1150 887/12/1151
f  884/100/1148 887/12/1151 885/101/1149
f  885/101/1149 887/12/1151 888/13/1152
f  886/15/1150 889/102/1153 887/12/1151
f  887/12/1151 889/102/1153 890/103/1154
f  887/12/1151 890/103/1154 888/13/1152
f  888/13/1152 890/103/1154 891/104/1155
f  889/102/1156 892/17/1157 890/103/1154
f  890/103/1154 892/17/1157 891/104/1155
f  893/8/1158 895/96/1159 839/10/1099
f  839/10/1099 895/96/1159 896/97/1160
f  839/10/1099 896/97/1160 894/4/1161
f  894/4/1161 896/97/1160 897/98/1162
f  895/96/1159 898/9/1163 896/97/1160
f  896/97/1160 898/9/1163 899/5/1164
f  896/97/1160 899/5/1164 897/98/1162
f  897/98/1162 899/5/1164 900/6/1165
f  898/9/1163 901/99/1166 899/5/1164
f  899/5/1164 901/99/1166 902/100/1167
f  899/5/1164 902/100/1167 900/6/1165
f  900/6/1165 902/100/1167 903/101/1168
f  901/99/1166 904/15/1169 902/100/1167
f  902/100/1167 904/15/1169 905/12/1170
f  902/100/1167 905/12/1170 903/101/1168
f  903/101/1168 905/12/1170 906/13/1171
f  904/15/1169 907/102/1172 905/12/1170
f  905/12/1170 907/102/1172 908/103/1173
f  905/12/1170 908/103/1173 906/13/1171
f  906/13/1171 908/103/1173 909/104/1174
f  907/102/1172 910/17/1175 908/103/1173
f  908/103/1173 910/17/1175 909/104/1174
f  911/8/1176 913/96/1177 839/10/1178
f  839/10/1178 913/96/1177 914/97/1179
f  839/10/1178 914/97/1179 912/4/1180
f  912/4/1180 914/97/1179 915/98/1181
f  913/96/1177 916/9/1182 914/97/1179
f  914/97/1179 916/9/1182 917/5/1183
f  914/97/1179 917/5/1183 915/98/1181
f  915/98/1184 917/5/1183 918/6/1185
f  916/9/1182 919/99/1186 917/5/1183
f  917/5/1183 919/99/1186 920/100/1187
f  917/5/1183 920/100/1187 918/6/1185
f  918/6/1185 920/100/1187 921/101/1188
f  919/99/1189 922/15/1190 920/100/1187
f  920/100/1187 922/15/1190 923/12/1191
f  920/100/1187 923/12/1191 921/101/1192
f  921/101/1192 923/12/1191 924/13/1193
f  922/15/1190 925/102/1194 923/12/1191
f  923/12/1191 925/102/1194 926/103/1195
f  923/12/1191 926/103/1196 924/13/1193
f  924/13/1197 926/103/1195 927/104/1197
f  925/102/1194 928/17/1198 926/103/1195
f  926/103/1195 928/17/1198 927/104/1199
f  929/8/1200 931/96/1200 839/10/1099
f  839/10/1140 931/96/1201 932/97/1202
f  839/10/1099 932/97/1202 930/4/1203
f  930/4/1203 932/97/1202 933/98/1204
f  931/96/1201 934/9/1205 932/97/1202
f  932/97/1202 934/9/1206 935/5/1207
f  932/97/1202 935/5/1207 933/98/1204
f  933/98/1204 935/5/1207 936/6/1208
f  934/9/1206 937/99/1209 935/5/1207
f  935/5/1207 937/99/1209 938/100/1210
f  935/5/1207 938/100/1210 936/6/1208
f  936/6/1208 938/100/1210 939/101/1211
f  937/99/1212 940/15/1213 938/100/1210
f  938/100/1210 940/15/1213 941/12/1214
f  938/100/1210 941/12/1214 939/101/1211
f  939/101/1211 941/12/1214 942/13/1215
f  940/15/1213 943/102/1216 941/12/1214
f  941/12/1214 943/102/1216 944/103/1217
f  941/12/1214 944/103/1217 942/13/1215
f  942/13/1215 944/103/1217 945/104/1218
f  943/102/1216 946/17/1219 944/103/1217
f  944/103/1217 946/17/1219 945/104/1218
usemtl Stalk
f  81/86/157 947/91/1220 82/89/158
f  81/88/154 950/92/1221 947/93/1222
f  82/89/158 947/91/1220 948/94/1223
f  82/89/162 948/94/1224 83/90/163
f  83/90/163 948/94/1224 949/95/1225
f  83/90/166 949/95/1226 84/87/167
f  84/87/167 949/95/1226 950/92/1227
f  84/87/153 950/92/1221 81/88/154
f  947/91/1220 951/105/1228 948/94/1223
f  947/93/1222 954/106/1229 951/107/1230
f  948/94/1223 951/105/1228 952/108/1231
f  948/94/1224 952/108/1232 949/95/1225
f  949/95/1225 952/108/1232 953/109/1233
f  949/95/1226 953/109/1234 950/92/1227
f  950/92/1227 953/109/1234 954/106/1235
f  950/92/1221 954/106/1229 947/93/1222
f  951/105/1228 955/110/1236 952/108/1231
f  951/107/1230 958/111/1237 955/112/1238
f  952/108/1231 955/110/1236 956/113/1239
f  952/108/1232 956/113/1240 953/109/1233
f  953/109/1233 956/113/1240 957/114/1241
f  953/109/1234 957/114/1242 954/106/1235
f  954/106/1235 957/114/1242 958/111/1243
f  954/106/1229 958/111/1237 951/107/1230
f  955/110/1236 959/115/1244 956/113/1239
f  955/112/1238 962/116/1245 959/117/1246
f  956/113/1239 959/115/1244 960/118/1247
f  956/113/1240 960/118/1248 957/114/1241
f  957/114/1241 960/118/1248 961/119/1249
f  957/114/1242 961/119/1250 958/111/1243
f  958/111/1243 961/119/1250 962/116/1251
f  958/111/1237 962/116/1245 955/112/1238
f  959/115/1244 963/120/1252 960/118/1247
f  959/117/1246 966/121/1253 963/122/1254
f  960/118/1247 963/120/1252 964/123/1255
f  960/118/1248 964/123/1256 961/119/1249
f  961/119/1249 964/123/1256 965/124/1257
f  961/119/1250 965/124/1258 962/116/1251
f  962/116/1251 965/124/1258 966/121/1259
f  962/116/1245 966/121/1253 959/117/1246
f  963/120/1252 967/125/1260 964/123/1255
f  963/122/1254 970/126/1261 967/127/1262
f  964/123/1255 967/125/1260 968/128/1263
f  964/123/1256 968/128/1264 965/124/1257
f  965/124/1257 968/128/1264 969/129/1265
f  965/124/1258 969/129/1266 966/121/1259
f  966/121/1259 969/129/1266 970/126/1267
f  966/121/1253 970/126/1261 963/122/1254
f  967/125/1260 971/130/1268 968/128/1263
f  967/127/1262 974/131/1269 971/132/1270
f  968/128/1263 971/130/1268 972/133/1271
f  968/128/1264 972/133/1272 969/129/1265
f  969/129/1265 972/133/1272 973/134/1273
f  969/129/1266 973/134/1274 970/126/1267
f  970/126/1267 973/134/1274 974/131/1275
f  970/126/1261 974/131/1269 967/127/1262
f  971/130/1276 975/135/1277 972/133/1278
f  971/132/1270 978/136/1279 975/137/1280
f  972/133/1278 975/135/1277 976/138/1281
f  972/133/1282 976/138/1283 973/134/1273
f  973/134/1273 976/138/1283 977/139/1284
f  973/134/1285 977/139/1286 974/131/1287
f  974/131/1287 977/139/1286 978/136/1288
f  974/131/1289 978/136/1279 971/132/1270
f  975/135/1277 979/140/1290 976/138/1281
f  975/137/1291 982/141/1291 979/142/1292
f  976/138/1281 979/140/1290 980/143/1293
f  976/138/1294 980/143/1295 977/139/1295
f  977/139/1295 980/143/1295 981/144/1296
f  977/139/1286 981/144/1297 978/136/1288
f  978/136/1288 981/144/1297 982/141/1298
f  978/136/1299 982/141/1291 975/137/1291
f  979/140/1290 983/145/1300 980/143/1293
f  979/142/1301 986/146/1301 983/147/1302
f  980/143/1293 983/145/1300 984/148/1303
f  980/143/1304 984/148/1305 981/144/1305
f  981/144/1305 984/148/1305 985/149/1306
f  981/144/1297 985/149/1307 982/141/1298
f  982/141/1298 985/149/1307 986/146/1308
f  982/141/1309 986/146/1301 979/142/1301
f  85/76/128 987/81/1310 86/79/133
f  85/78/130 990/82/1311 987/83/1312
f  86/79/133 987/81/1310 988/84/1313
f  86/79/134 988/84/1314 87/80/137
f  87/80/137 988/84/1314 989/85/1315
f  87/80/138 989/85/1316 88/77/140
f  88/77/140 989/85/1316 990/82/1317
f  88/77/129 990/82/1311 85/78/130
f  987/81/1310 991/86/1318 988/84/1313
f  987/83/1312 994/87/1319 991/88/1320
f  988/84/1313 991/86/1318 992/89/1321
f  988/84/1314 992/89/1322 989/85/1315
f  989/85/1315 992/89/1322 993/90/1323
f  989/85/1316 993/90/1324 990/82/1317
f  990/82/1317 993/90/1324 994/87/1325
f  990/82/1311 994/87/1319 987/83/1312
f  991/86/1318 995/91/1326 992/89/1321
f  991/88/1320 998/92/1327 995/93/1328
f  992/89/1321 995/91/1326 996/94/1329
f  992/89/1322 996/94/1330 993/90/1323
f  993/90/1323 996/94/1330 997/95/1331
f  993/90/1324 997/95/1332 994/87/1325
f  994/87/1325 997/95/1332 998/92/1333
f  994/87/1319 998/92/1327 991/88/1320
f  995/91/1326 999/105/1334 996/94/1329
f  995/93/1328 1002/106/1335 999/107/1336
f  996/94/1329 999/105/1334 1000/108/1337
f  996/94/1330 1000/108/1338 997/95/1331
f  997/95/1331 1000/108/1338 1001/109/1339
f  997/95/1332 1001/109/1340 998/92/1333
f  998/92/1333 1001/109/1340 1002/106/1341
f  998/92/1327 1002/106/1335 995/93/1328
f  999/105/1334 1003/110/1342 1000/108/1337
f  999/107/1336 1006/111/1343 1003/112/1344
f  1000/108/1337 1003/110/1342 1004/113/1345
f  1000/108/1338 1004/113/1346 1001/109/1339
f  1001/109/1339 1004/113/1346 1005/114/1347
f  1001/109/1340 1005/114/1348 1002/106/1341
f  1002/106/1341 1005/114/1348 1006/111/1349
f  1002/106/1335 1006/111/1343 999/107/1336
f  1003/110/1342 1007/115/1350 1004/113/1345
f  1003/112/1344 1010/116/1351 1007/117/1352
f  1004/113/1345 1007/115/1350 1008/118/1353
f  1004/113/1346 1008/118/1354 1005/114/1347
f  1005/114/1347 1008/118/1354 1009/119/1355
f  1005/114/1348 1009/119/1356 1006/111/1349
f  1006/111/1349 1009/119/1356 1010/116/1357
f  1006/111/1343 1010/116/1351 1003/112/1344
f  1007/115/1350 1011/120/1358 1008/118/1353
f  1007/117/1352 1014/121/1359 1011/122/1360
f  1008/118/1353 1011/120/1358 1012/123/1361
f  1008/118/1354 1012/123/1362 1009/119/1355
f  1009/119/1355 1012/123/1362 1013/124/1363
f  1009/119/1356 1013/124/1364 1010/116/1357
f  1010/116/1357 1013/124/1364 1014/121/1365
f  1010/116/1351 1014/121/1359 1007/117/1352
f  1011/120/1366 1015/125/1367 1012/123/1368
f  1011/122/1360 1018/126/1369 1015/127/1370
f  1012/123/1368 1015/125/1367 1016/128/1371
f  1012/123/1372 1016/128/1373 1013/124/1363
f  1013/124/1363 1016/128/1373 1017/129/1374
f  1013/124/1375 1017/129/1376 1014/121/1377
f  1014/121/1377 1017/129/1376 1018/126/1378
f  1014/121/1379 1018/126/1369 1011/122/1360
f  1015/125/1367 1019/130/1380 1016/128/1371
f  1015/127/1381 1022/131/1381 1019/132/1382
f  1016/128/1371 1019/130/1380 1020/133/1383
f  1016/128/1384 1020/133/1385 1017/129/1385
f  1017/129/1385 1020/133/1385 1021/134/1386
f  1017/129/1376 1021/134/1387 1018/126/1378
f  1018/126/1378 1021/134/1387 1022/131/1388
f  1018/126/1389 1022/131/1381 1015/127/1381
f  1019/130/1380 1023/135/1390 1020/133/1383
f  1019/132/1391 1026/136/1391 1023/137/1392
f  1020/133/1383 1023/135/1390 1024/138/1393
f  1020/133/1394 1024/138/1395 1021/134/1395
f  1021/134/1395 1024/138/1395 1025/139/1396
f  1021/134/1387 1025/139/1397 1022/131/1388
f  1022/131/1388 1025/139/1397 1026/136/1398
f  1022/131/1399 1026/136/1391 1019/132/1391
f  89/71/1400 1027/76/1401 90/74/1402
f  89/73/1403 1030/77/1404 1027/78/1405
f  90/74/1402 1027/76/1401 1028/79/1406
f  90/74/1407 1028/79/1408 91/75/1409
f  91/75/1409 1028/79/1408 1029/80/1410
f  91/75/1411 1029/80/1412 92/72/1413
f  92/72/1413 1029/80/1412 1030/77/1414
f  92/72/1415 1030/77/1404 89/73/1403
f  1027/76/1401 1031/81/1416 1028/79/1406
f  1027/78/1405 1034/82/1417 1031/83/1418
f  1028/79/1406 1031/81/1416 1032/84/1419
f  1028/79/1408 1032/84/1420 1029/80/1410
f  1029/80/1410 1032/84/1420 1033/85/1421
f  1029/80/1412 1033/85/1422 1030/77/1414
f  1030/77/1414 1033/85/1422 1034/82/1423
f  1030/77/1404 1034/82/1417 1027/78/1405
f  1031/81/1416 1035/86/1424 1032/84/1419
f  1031/83/1418 1038/87/1425 1035/88/1426
f  1032/84/1419 1035/86/1424 1036/89/1427
f  1032/84/1420 1036/89/1428 1033/85/1421
f  1033/85/1421 1036/89/1428 1037/90/1429
f  1033/85/1422 1037/90/1430 1034/82/1423
f  1034/82/1423 1037/90/1430 1038/87/1431
f  1034/82/1417 1038/87/1425 1031/83/1418
f  1035/86/1424 1039/91/1432 1036/89/1427
f  1035/88/1426 1042/92/1433 1039/93/1434
f  1036/89/1427 1039/91/1432 1040/94/1435
f  1036/89/1428 1040/94/1436 1037/90/1429
f  1037/90/1429 1040/94/1436 1041/95/1437
f  1037/90/1430 1041/95/1438 1038/87/1431
f  1038/87/1431 1041/95/1438 1042/92/1439
f  1038/87/1425 1042/92/1433 1035/88/1426
f  1039/91/1432 1043/105/1440 1040/94/1435
f  1039/93/1434 1046/106/1441 1043/107/1442
f  1040/94/1435 1043/105/1440 1044/108/1443
f  1040/94/1436 1044/108/1444 1041/95/1437
f  1041/95/1437 1044/108/1444 1045/109/1445
f  1041/95/1438 1045/109/1446 1042/92/1439
f  1042/92/1439 1045/109/1446 1046/106/1447
f  1042/92/1433 1046/106/1441 1039/93/1434
f  1043/105/1440 1047/110/1448 1044/108/1443
f  1043/107/1442 1050/111/1449 1047/112/1450
f  1044/108/1443 1047/110/1448 1048/113/1451
f  1044/108/1444 1048/113/1452 1045/109/1445
f  1045/109/1445 1048/113/1452 1049/114/1453
f  1045/109/1446 1049/114/1454 1046/106/1447
f  1046/106/1447 1049/114/1454 1050/111/1455
f  1046/106/1441 1050/111/1449 1043/107/1442
f  1047/110/1448 1051/115/1456 1048/113/1451
f  1047/112/1450 1054/116/1457 1051/117/1458
f  1048/113/1451 1051/115/1456 1052/118/1459
f  1048/113/1452 1052/118/1460 1049/114/1453
f  1049/114/1453 1052/118/1460 1053/119/1461
f  1049/114/1454 1053/119/1462 1050/111/1455
f  1050/111/1455 1053/119/1462 1054/116/1463
f  1050/111/1449 1054/116/1457 1047/112/1450
f  1051/115/1464 1055/120/1465 1052/118/1466
f  1051/117/1458 1058/121/1467 1055/122/1468
f  1052/118/1466 1055/120/1465 1056/123/1469
f  1052/118/1470 1056/123/1471 1053/119/1461
f  1053/119/1461 1056/123/1471 1057/124/1472
f  1053/119/1473 1057/124/1474 1054/116/1475
f  1054/116/1475 1057/124/1474 1058/121/1476
f  1054/116/1477 1058/121/1467 1051/117/1458
f  1055/120/1465 1059/125/1478 1056/123/1469
f  1055/122/1479 1062/126/1479 1059/127/1480
f  1056/123/1469 1059/125/1478 1060/128/1481
f  1056/123/1482 1060/128/1483 1057/124/1483
f  1057/124/1483 1060/128/1483 1061/129/1484
f  1057/124/1474 1061/129/1485 1058/121/1476
f  1058/121/1476 1061/129/1485 1062/126/1486
f  1058/121/1487 1062/126/1479 1055/122/1479
f  1059/125/1478 1063/130/1488 1060/128/1481
f  1059/127/1489 1066/131/1489 1063/132/1490
f  1060/128/1481 1063/130/1488 1064/133/1491
f  1060/128/1492 1064/133/1493 1061/129/1493
f  1061/129/1493 1064/133/1493 1065/134/1494
f  1061/129/1485 1065/134/1495 1062/126/1486
f  1062/126/1486 1065/134/1495 1066/131/1496
f  1062/126/1497 1066/131/1489 1059/127/1489
f  1067/154/1498 1068/169/1498 1069/170/1498
f  1067/154/1499 1069/170/1499 1070/171/1499
f  1067/154/1500 1070/171/1500 1071/172/1500
f  1067/154/1501 1071/172/1501 1072/173/1501
f  1067/154/1502 1072/173/1502 1068/174/1502
f  1068/169/1503 1073/175/1504 1069/170/1504
f  1068/174/1505 1077/176/1505 1073/177/1506
f  1069/170/1504 1073/175/1504 1074/178/1507
f  1069/170/1508 1074/178/1509 1070/171/1509
f  1070/171/1509 1074/178/1509 1075/179/1510
f  1070/171/1511 1075/179/1512 1071/172/1512
f  1071/172/1512 1075/179/1512 1076/180/1513
f  1071/172/1514 1076/180/1514 1072/173/1514
f  1072/173/1514 1076/180/1514 1077/176/1514
f  1072/173/1515 1077/176/1505 1068/174/1505
f  1073/175/1516 1078/155/1516 1074/178/1516
f  1074/178/1517 1078/155/1517 1075/179/1517
f  1075/179/1518 1078/155/1518 1076/180/1518
f  1076/180/1519 1078/155/1519 1077/176/1519
f  1077/176/1520 1078/155/1520 1073/177/1520
f  1079/144/1521 1080/181/1521 1081/182/1521
f  1079/144/1522 1081/182/1522 1082/183/1522
f  1079/144/1523 1082/183/1523 1083/184/1523
f  1079/144/1524 1083/184/1524 1084/185/1524
f  1079/144/1525 1084/185/1525 1080/186/1525
f  1080/181/1526 1085/187/1527 1081/182/1527
f  1080/186/1528 1089/188/1528 1085/189/1529
f  1081/182/1527 1085/187/1527 1086/190/1530
f  1081/182/1531 1086/190/1532 1082/183/1532
f  1082/183/1532 1086/190/1532 1087/191/1533
f  1082/183/1534 1087/191/1535 1083/184/1535
f  1083/184/1535 1087/191/1535 1088/192/1536
f  1083/184/1537 1088/192/1538 1084/185/1538
f  1084/185/1538 1088/192/1538 1089/188/1539
f  1084/185/1540 1089/188/1528 1080/186/1528
f  1085/187/1541 1090/149/1541 1086/190/1541
f  1086/190/1542 1090/149/1542 1087/191/1542
f  1087/191/1543 1090/149/1543 1088/192/1543
f  1088/192/1544 1090/149/1544 1089/188/1544
f  1089/188/1545 1090/149/1545 1085/189/1545
f  1091/139/1546 1092/193/1546 1093/194/1546
f  1091/139/1547 1093/194/1547 1094/195/1547
f  1091/139/1548 1094/195/1548 1095/196/1548
f  1091/139/1549 1095/196/1549 1096/197/1549
f  1091/139/1550 1096/197/1550 1092/198/1550
f  1092/193/1551 1097/199/1552 1093/194/1552
f  1092/198/1553 1101/200/1553 1097/201/1554
f  1093/194/1552 1097/199/1552 1098/202/1555
f  1093/194/1556 1098/202/1557 1094/195/1557
f  1094/195/1557 1098/202/1557 1099/203/1558
f  1094/195/1559 1099/203/1560 1095/196/1560
f  1095/196/1560 1099/203/1560 1100/204/1561
f  1095/196/1562 1100/204/1563 1096/197/1563
f  1096/197/1563 1100/204/1563 1101/200/1564
f  1096/197/1565 1101/200/1553 1092/198/1553
f  1097/199/1566 1102/144/1566 1098/202/1566
f  1098/202/1567 1102/144/1567 1099/203/1567
f  1099/203/1568 1102/144/1568 1100/204/1568
f  1100/204/1569 1102/144/1569 1101/200/1569
f  1101/200/1570 1102/144/1570 1097/201/1570
f  1103/154/1571 1104/169/1571 1105/170/1571
f  1103/154/1499 1105/170/1499 1106/171/1499
f  1103/154/1572 1106/171/1572 1107/172/1572
f  1103/154/1573 1107/172/1573 1108/173/1573
f  1103/154/1574 1108/173/1574 1104/174/1574
f  1104/169/1575 1109/175/1576 1105/170/1576
f  1104/174/1577 1113/176/1577 1109/177/1578
f  1105/170/1576 1109/175/1576 1110/178/1504
f  1105/170/1579 1110/178/1580 1106/171/1580
f  1106/171/1580 1110/178/1580 1111/179/1581
f  1106/171/1582 1111/179/1583 1107/172/1583
f  1107/172/1583 1111/179/1583 1112/180/1584
f  1107/172/1585 1112/180/1586 1108/173/1586
f  1108/173/1586 1112/180/1586 1113/176/1587
f  1108/173/1588 1113/176/1577 1104/174/1577
f  1109/175/1589 1114/155/1589 1110/178/1589
f  1110/178/1590 1114/155/1590 1111/179/1590
f  1111/179/1591 1114/155/1591 1112/180/1591
f  1112/180/1592 1114/155/1592 1113/176/1592
f  1113/176/1593 1114/155/1593 1109/177/1593
f  1115/144/1594 1116/181/1594 1117/182/1594
f  1115/144/1595 1117/182/1595 1118/183/1595
f  1115/144/1596 1118/183/1596 1119/184/1596
f  1115/144/1597 1119/184/1597 1120/185/1597
f  1115/144/1598 1120/185/1598 1116/186/1598
f  1116/181/1599 1121/187/1600 1117/182/1600
f  1116/186/1601 1125/188/1601 1121/189/1601
f  1117/182/1600 1121/187/1600 1122/190/1602
f  1117/182/1603 1122/190/1604 1118/183/1604
f  1118/183/1604 1122/190/1604 1123/191/1605
f  1118/183/1606 1123/191/1607 1119/184/1607
f  1119/184/1607 1123/191/1607 1124/192/1608
f  1119/184/1609 1124/192/1610 1120/185/1610
f  1120/185/1610 1124/192/1610 1125/188/1611
f  1120/185/1612 1125/188/1601 1116/186/1601
f  1121/187/1613 1126/149/1613 1122/190/1613
f  1122/190/1614 1126/149/1614 1123/191/1614
f  1123/191/1615 1126/149/1615 1124/192/1615
f  1124/192/1616 1126/149/1616 1125/188/1616
f  1125/188/1617 1126/149/1617 1121/189/1617
f  1127/139/1618 1128/193/1618 1129/194/1618
f  1127/139/1619 1129/194/1619 1130/195/1619
f  1127/139/1620 1130/195/1620 1131/196/1620
f  1127/139/1621 1131/196/1621 1132/197/1621
f  1127/139/1550 1132/197/1550 1128/198/1550
f  1128/193/1622 1133/199/1623 1129/194/1623
f  1128/198/1624 1137/200/1624 1133/201/1624
f  1129/194/1623 1133/199/1623 1134/202/1625
f  1129/194/1626 1134/202/1627 1130/195/1627
f  1130/195/1627 1134/202/1627 1135/203/1628
f  1130/195/1629 1135/203/1559 1131/196/1559
f  1131/196/1559 1135/203/1559 1136/204/1630
f  1131/196/1631 1136/204/1632 1132/197/1632
f  1132/197/1632 1136/204/1632 1137/200/1633
f  1132/197/1624 1137/200/1624 1128/198/1624
f  1133/199/1634 1138/144/1634 1134/202/1634
f  1134/202/1635 1138/144/1635 1135/203/1635
f  1135/203/1636 1138/144/1636 1136/204/1636
f  1136/204/1637 1138/144/1637 1137/200/1637
f  1137/200/1638 1138/144/1638 1133/201/1638
f  1139/36/1639 1143/41/1640 1140/39/1641
f  1139/38/1642 1146/42/1643 1143/43/1644
f  1140/39/1641 1143/41/1640 1144/44/1645
f  1140/39/1646 1144/44/1647 1141/40/1648
f  1141/40/1648 1144/44/1647 1145/45/1649
f  1141/40/1650 1145/45/1651 1142/37/1652
f  1142/37/1652 1145/45/1651 1146/42/1653
f  1142/37/1654 1146/42/1643 1139/38/1642
f  1143/41/1640 1147/46/1655 1144/44/1645
f  1143/43/1644 1150/47/1656 1147/48/1657
f  1144/44/1645 1147/46/1655 1148/49/1658
f  1144/44/1647 1148/49/1659 1145/45/1649
f  1145/45/1649 1148/49/1659 1149/50/1660
f  1145/45/1651 1149/50/1661 1146/42/1653
f  1146/42/1653 1149/50/1661 1150/47/1662
f  1146/42/1643 1150/47/1656 1143/43/1644
f  1147/46/1655 1151/51/1663 1148/49/1658
f  1147/48/1657 1154/52/1664 1151/53/1665
f  1148/49/1658 1151/51/1663 1152/54/1666
f  1148/49/1659 1152/54/1667 1149/50/1660
f  1149/50/1660 1152/54/1667 1153/55/1668
f  1149/50/1661 1153/55/1669 1150/47/1662
f  1150/47/1662 1153/55/1669 1154/52/1670
f  1150/47/1656 1154/52/1664 1147/48/1657
f  1151/51/1663 1155/56/1671 1152/54/1666
f  1151/53/1665 1158/57/1672 1155/58/1673
f  1152/54/1666 1155/56/1671 1156/59/1674
f  1152/54/1667 1156/59/1675 1153/55/1668
f  1153/55/1668 1156/59/1675 1157/60/1676
f  1153/55/1669 1157/60/1677 1154/52/1670
f  1154/52/1670 1157/60/1677 1158/57/1678
f  1154/52/1664 1158/57/1672 1151/53/1665
f  1159/36/1679 1163/41/1680 1160/39/1681
f  1159/38/1682 1166/42/1683 1163/43/1684
f  1160/39/1681 1163/41/1680 1164/44/1685
f  1160/39/1686 1164/44/1687 1161/40/1688
f  1161/40/1688 1164/44/1687 1165/45/1689
f  1161/40/1690 1165/45/1691 1162/37/1692
f  1162/37/1692 1165/45/1691 1166/42/1693
f  1162/37/1694 1166/42/1683 1159/38/1682
f  1163/41/1680 1167/46/1695 1164/44/1685
f  1163/43/1684 1170/47/1696 1167/48/1697
f  1164/44/1685 1167/46/1695 1168/49/1698
f  1164/44/1687 1168/49/1699 1165/45/1689
f  1165/45/1689 1168/49/1699 1169/50/1700
f  1165/45/1691 1169/50/1701 1166/42/1693
f  1166/42/1693 1169/50/1701 1170/47/1702
f  1166/42/1683 1170/47/1696 1163/43/1684
f  1167/46/1695 1171/51/1703 1168/49/1698
f  1167/48/1697 1174/52/1704 1171/53/1705
f  1168/49/1698 1171/51/1703 1172/54/1706
f  1168/49/1699 1172/54/1707 1169/50/1700
f  1169/50/1700 1172/54/1707 1173/55/1708
f  1169/50/1701 1173/55/1709 1170/47/1702
f  1170/47/1702 1173/55/1709 1174/52/1710
f  1170/47/1696 1174/52/1704 1167/48/1697
f  1171/51/1703 1175/56/1711 1172/54/1706
f  1171/53/1705 1178/57/1712 1175/58/1713
f  1172/54/1706 1175/56/1711 1176/59/1714
f  1172/54/1707 1176/59/1715 1173/55/1708
f  1173/55/1708 1176/59/1715 1177/60/1716
f  1173/55/1709 1177/60/1717 1174/52/1710
f  1174/52/1710 1177/60/1717 1178/57/1718
f  1174/52/1704 1178/57/1712 1171/53/1705
f  1179/26/1719 1183/31/1720 1180/29/1721
f  1179/28/1722 1186/32/1723 1183/33/1724
f  1180/29/1721 1183/31/1720 1184/34/1725
f  1180/29/1726 1184/34/1727 1181/30/1728
f  1181/30/1728 1184/34/1727 1185/35/1729
f  1181/30/1730 1185/35/1731 1182/27/1732
f  1182/27/1732 1185/35/1731 1186/32/1733
f  1182/27/1734 1186/32/1723 1179/28/1722
f  1183/31/1720 1187/36/1735 1184/34/1725
f  1183/33/1724 1190/37/1736 1187/38/1737
f  1184/34/1725 1187/36/1735 1188/39/1738
f  1184/34/1727 1188/39/1739 1185/35/1729
f  1185/35/1729 1188/39/1739 1189/40/1740
f  1185/35/1731 1189/40/1741 1186/32/1733
f  1186/32/1733 1189/40/1741 1190/37/1742
f  1186/32/1723 1190/37/1736 1183/33/1724
f  1187/36/1735 1191/41/1743 1188/39/1738
f  1187/38/1737 1194/42/1744 1191/43/1745
f  1188/39/1738 1191/41/1743 1192/44/1746
f  1188/39/1739 1192/44/1747 1189/40/1740
f  1189/40/1740 1192/44/1747 1193/45/1748
f  1189/40/1741 1193/45/1749 1190/37/1742
f  1190/37/1742 1193/45/1749 1194/42/1750
f  1190/37/1736 1194/42/1744 1187/38/1737
f  1191/41/1743 1195/46/1751 1192/44/1746
f  1191/43/1745 1198/47/1752 1195/48/1753
f  1192/44/1746 1195/46/1751 1196/49/1754
f  1192/44/1747 1196/49/1755 1193/45/1748
f  1193/45/1748 1196/49/1755 1197/50/1756
f  1193/45/1749 1197/50/1757 1194/42/1750
f  1194/42/1750 1197/50/1757 1198/47/1758
f  1194/42/1744 1198/47/1752 1191/43/1745
f  1199/26/1759 1203/31/1760 1200/29/1761
f  1199/28/1762 1206/32/1763 1203/33/1764
f  1200/29/1761 1203/31/1760 1204/34/1765
f  1200/29/1766 1204/34/1767 1201/30/1768
f  1201/30/1768 1204/34/1767 1205/35/1769
f  1201/30/1770 1205/35/1771 1202/27/1772
f  1202/27/1772 1205/35/1771 1206/32/1773
f  1202/27/1774 1206/32/1763 1199/28/1762
f  1203/31/1760 1207/36/1775 1204/34/1765
f  1203/33/1764 1210/37/1776 1207/38/1777
f  1204/34/1765 1207/36/1775 1208/39/1778
f  1204/34/1767 1208/39/1779 1205/35/1769
f  1205/35/1769 1208/39/1779 1209/40/1780
f  1205/35/1771 1209/40/1781 1206/32/1773
f  1206/32/1773 1209/40/1781 1210/37/1782
f  1206/32/1763 1210/37/1776 1203/33/1764
f  1207/36/1775 1211/41/1783 1208/39/1778
f  1207/38/1777 1214/42/1784 1211/43/1785
f  1208/39/1778 1211/41/1783 1212/44/1786
f  1208/39/1779 1212/44/1787 1209/40/1780
f  1209/40/1780 1212/44/1787 1213/45/1788
f  1209/40/1781 1213/45/1789 1210/37/1782
f  1210/37/1782 1213/45/1789 1214/42/1790
f  1210/37/1776 1214/42/1784 1207/38/1777
f  1211/41/1783 1215/46/1791 1212/44/1786
f  1211/43/1785 1218/47/1792 1215/48/1793
f  1212/44/1786 1215/46/1791 1216/49/1794
f  1212/44/1787 1216/49/1795 1213/45/1788
f  1213/45/1788 1216/49/1795 1217/50/1796
f  1213/45/1789 1217/50/1797 1214/42/1790
f  1214/42/1790 1217/50/1797 1218/47/1798
f  1214/42/1784 1218/47/1792 1211/43/1785
usemtl Leaf
f  1219/8/1799 1222/96/1800 1220/10/1801
f  1220/10/1801 1222/96/1800 1223/97/1802
f  1220/10/1801 1223/97/1802 1221/4/1803
f  1221/4/1803 1223/97/1802 1224/98/1804
f  1222/96/1800 1225/9/1805 1223/97/1802
f  1223/97/1802 1225/9/1805 1226/5/1806
f  1223/97/1802 1226/5/1806 1224/98/1804
f  1224/98/1804 1226/5/1806 1227/6/1807
f  1225/9/1805 1228/99/1808 1226/5/1806
f  1226/5/1806 1228/99/1808 1229/100/1809
f  1226/5/1806 1229/100/1809 1227/6/1807
f  1227/6/1807 1229/100/1809 1230/101/1810
f  1228/99/1808 1231/15/1811 1229/100/1809
f  1229/100/1809 1231/15/1811 1232/12/1812
f  1229/100/1809 1232/12/1812 1230/101/1810
f  1230/101/1810 1232/12/1812 1233/13/1813
f  1231/15/1811 1234/102/1814 1232/12/1812
f  1232/12/1812 1234/102/1814 1235/103/1815
f  1232/12/1812 1235/103/1815 1233/13/1816
f  1233/13/1816 1235/103/1815 1236/104/1817
f  1234/102/1814 1237/17/1818 1235/103/1815
f  1235/103/1815 1237/17/1818 1236/104/1818
f  1238/8/1819 1240/96/1820 1220/10/1821
f  1220/10/1821 1240/96/1820 1241/97/1822
f  1220/10/1821 1241/97/1822 1239/4/1823
f  1239/4/1823 1241/97/1822 1242/98/1824
f  1240/96/1820 1243/9/1825 1241/97/1822
f  1241/97/1822 1243/9/1825 1244/5/1826
f  1241/97/1822 1244/5/1826 1242/98/1824
f  1242/98/1824 1244/5/1826 1245/6/1827
f  1243/9/1825 1246/99/1828 1244/5/1826
f  1244/5/1826 1246/99/1828 1247/100/1829
f  1244/5/1826 1247/100/1829 1245/6/1827
f  1245/6/1827 1247/100/1829 1248/101/1830
f  1246/99/1828 1249/15/1831 1247/100/1829
f  1247/100/1829 1249/15/1831 1250/12/1832
f  1247/100/1829 1250/12/1832 1248/101/1830
f  1248/101/1830 1250/12/1832 1251/13/1833
f  1249/15/1831 1252/102/1834 1250/12/1832
f  1250/12/1832 1252/102/1835 1253/103/1836
f  1250/12/1832 1253/103/1836 1251/13/1833
f  1251/13/1833 1253/103/1836 1254/104/1837
f  1252/102/1835 1255/17/1838 1253/103/1836
f  1253/103/1836 1255/17/1838 1254/104/1837
f  1256/8/1839 1258/96/1840 1220/10/1841
f  1220/10/1841 1258/96/1840 1259/97/1842
f  1220/10/1841 1259/97/1842 1257/4/1843
f  1257/4/1843 1259/97/1842 1260/98/1844
f  1258/96/1840 1261/9/1845 1259/97/1842
f  1259/97/1842 1261/9/1845 1262/5/1846
f  1259/97/1842 1262/5/1846 1260/98/1844
f  1260/98/1844 1262/5/1846 1263/6/1847
f  1261/9/1845 1264/99/1848 1262/5/1846
f  1262/5/1846 1264/99/1848 1265/100/1849
f  1262/5/1846 1265/100/1849 1263/6/1847
f  1263/6/1847 1265/100/1849 1266/101/1850
f  1264/99/1848 1267/15/1851 1265/100/1849
f  1265/100/1849 1267/15/1851 1268/12/1852
f  1265/100/1849 1268/12/1852 1266/101/1850
f  1266/101/1850 1268/12/1852 1269/13/1853
f  1267/15/1851 1270/102/1854 1268/12/1852
f  1268/12/1852 1270/102/1854 1271/103/1855
f  1268/12/1852 1271/103/1855 1269/13/1853
f  1269/13/1853 1271/103/1855 1272/104/1856
f  1270/102/1854 1273/17/1857 1271/103/1855
f  1271/103/1855 1273/17/1857 1272/104/1856
f  1274/8/1858 1276/96/1859 1220/10/1801
f  1220/10/1801 1276/96/1859 1277/97/1860
f  1220/10/1801 1277/97/1860 1275/4/1861
f  1275/4/1861 1277/97/1860 1278/98/1862
f  1276/96/1859 1279/9/1863 1277/97/1860
f  1277/97/1860 1279/9/1863 1280/5/1864
f  1277/97/1860 1280/5/1864 1278/98/1862
f  1278/98/1862 1280/5/1864 1281/6/1865
f  1279/9/1863 1282/99/1866 1280/5/1864
f  1280/5/1864 1282/99/1866 1283/100/1867
f  1280/5/1864 1283/100/1867 1281/6/1865
f  1281/6/1865 1283/100/1867 1284/101/1868
f  1282/99/1866 1285/15/1869 1283/100/1867
f  1283/100/1867 1285/15/1869 1286/12/1870
f  1283/100/1867 1286/12/1870 1284/101/1868
f  1284/101/1868 1286/12/1870 1287/13/1871
f  1285/15/1869 1288/102/1872 1286/12/1870
f  1286/12/1870 1288/102/1872 1289/103/1873
f  1286/12/1870 1289/103/1873 1287/13/1871
f  1287/13/1871 1289/103/1873 1290/104/1874
f  1288/102/1872 1291/17/1875 1289/103/1873
f  1289/103/1873 1291/17/1875 1290/104/1874
f  1292/8/1876 1294/96/1877 1220/10/1878
f  1220/10/1878 1294/96/1877 1295/97/1879
f  1220/10/1878 1295/97/1879 1293/4/1880
f  1293/4/1880 1295/97/1879 1296/98/1881
f  1294/96/1877 1297/9/1882 1295/97/1879
f  1295/97/1879 1297/9/1882 1298/5/1883
f  1295/97/1879 1298/5/1883 1296/98/1881
f  1296/98/1881 1298/5/1883 1299/6/1884
f  1297/9/1882 1300/99/1885 1298/5/1883
f  1298/5/1883 1300/99/1885 1301/100/1886
f  1298/5/1883 1301/100/1886 1299/6/1884
f  1299/6/1884 1301/100/1886 1302/101/1887
f  1300/99/1888 1303/15/1889 1301/100/1890
f  1301/100/1890 1303/15/1889 1304/12/1891
f  1301/100/1890 1304/12/1891 1302/101/1892
f  1302/101/1892 1304/12/1891 1305/13/1893
f  1303/15/1889 1306/102/1894 1304/12/1891
f  1304/12/1891 1306/102/1894 1307/103/1895
f  1304/12/1891 1307/103/1896 1305/13/1893
f  1305/13/1897 1307/103/1895 1308/104/1897
f  1306/102/1894 1309/17/1898 1307/103/1895
f  1307/103/1895 1309/17/1898 1308/104/1899
f  1310/8/1900 1313/96/1901 1311/10/1902
f  1311/10/1902 1313/96/1901 1314/97/1903
f  1311/10/1902 1314/97/1903 1312/4/1904
f  1312/4/1904 1314/97/1903 1315/98/1905
f  1313/96/1901 1316/9/1906 1314/97/1903
f  1314/97/1903 1316/9/1906 1317/5/1907
f  1314/97/1903 1317/5/1907 1315/98/1905
f  1315/98/1905 1317/5/1907 1318/6/1908
f  1316/9/1906 1319/99/1909 1317/5/1907
f  1317/5/1907 1319/99/1909 1320/100/1910
f  1317/5/1907 1320/100/1910 1318/6/1908
f  1318/6/1908 1320/100/1910 1321/101/1911
f  1319/99/1912 1322/15/1913 1320/100/1910
f  1320/100/1910 1322/15/1913 1323/12/1914
f  1320/100/1910 1323/12/1914 1321/101/1911
f  1321/101/1911 1323/12/1914 1324/13/1915
f  1322/15/1913 1325/102/1916 1323/12/1914
f  1323/12/1914 1325/102/1916 1326/103/1917
f  1323/12/1914 1326/103/1917 1324/13/1918
f  1324/13/1918 1326/103/1917 1327/104/1919
f  1325/102/1916 1328/17/1920 1326/103/1917
f  1326/103/1917 1328/17/1920 1327/104/1920
f  1329/8/1921 1331/96/1922 1311/10/1923
f  1311/10/1923 1331/96/1922 1332/97/1924
f  1311/10/1923 1332/97/1924 1330/4/1925
f  1330/4/1925 1332/97/1924 1333/98/1926
f  1331/96/1922 1334/9/1927 1332/97/1924
f  1332/97/1924 1334/9/1927 1335/5/1928
f  1332/97/1924 1335/5/1928 1333/98/1926
f  1333/98/1926 1335/5/1928 1336/6/1929
f  1334/9/1927 1337/99/1930 1335/5/1928
f  1335/5/1928 1337/99/1930 1338/100/1931
f  1335/5/1928 1338/100/1931 1336/6/1929
f  1336/6/1929 1338/100/1931 1339/101/1932
f  1337/99/1930 1340/15/1933 1338/100/1931
f  1338/100/1931 1340/15/1933 1341/12/1934
f  1338/100/1931 1341/12/1934 1339/101/1932
f  1339/101/1932 1341/12/1934 1342/13/1935
f  1340/15/1933 1343/102/1936 1341/12/1934
f  1341/12/1934 1343/102/1937 1344/103/1938
f  1341/12/1934 1344/103/1938 1342/13/1935
f  1342/13/1935 1344/103/1938 1345/104/1939
f  1343/102/1937 1346/17/1940 1344/103/1938
f  1344/103/1938 1346/17/1940 1345/104/1939
f  1347/8/1941 1349/96/1942 1311/10/1943
f  1311/10/1943 1349/96/1942 1350/97/1944
f  1311/10/1943 1350/97/1944 1348/4/1945
f  1348/4/1945 1350/97/1944 1351/98/1946
f  1349/96/1942 1352/9/1947 1350/97/1944
f  1350/97/1944 1352/9/1947 1353/5/1948
f  1350/97/1944 1353/5/1948 1351/98/1946
f  1351/98/1946 1353/5/1948 1354/6/1949
f  1352/9/1947 1355/99/1950 1353/5/1948
f  1353/5/1948 1355/99/1950 1356/100/1951
f  1353/5/1948 1356/100/1951 1354/6/1949
f  1354/6/1949 1356/100/1951 1357/101/1952
f  1355/99/1950 1358/15/1953 1356/100/1951
f  1356/100/1951 1358/15/1953 1359/12/1954
f  1356/100/1951 1359/12/1954 1357/101/1952
f  1357/101/1952 1359/12/1954 1360/13/1955
f  1358/15/1953 1361/102/1956 1359/12/1954
f  1359/12/1954 1361/102/1956 1362/103/1957
f  1359/12/1954 1362/103/1957 1360/13/1955
f  1360/13/1955 1362/103/1957 1363/104/1958
f  1361/102/1959 1364/17/1960 1362/103/1957
f  1362/103/1957 1364/17/1960 1363/104/1958
f  1365/8/1961 1367/96/1962 1311/10/1902
f  1311/10/1902 1367/96/1962 1368/97/1963
f  1311/10/1902 1368/97/1963 1366/4/1964
f  1366/4/1964 1368/97/1963 1369/98/1965
f  1367/96/1962 1370/9/1966 1368/97/1963
f  1368/97/1963 1370/9/1966 1371/5/1967
f  1368/97/1963 1371/5/1967 1369/98/1965
f  1369/98/1965 1371/5/1967 1372/6/1968
f  1370/9/1966 1373/99/1969 1371/5/1967
f  1371/5/1967 1373/99/1969 1374/100/1970
f  1371/5/1967 1374/100/1970 1372/6/1968
f  1372/6/1968 1374/100/1970 1375/101/1971
f  1373/99/1969 1376/15/1972 1374/100/1970
f  1374/100/1970 1376/15/1972 1377/12/1973
f  1374/100/1970 1377/12/1973 1375/101/1971
f  1375/101/1971 1377/12/1973 1378/13/1974
f  1376/15/1972 1379/102/1975 1377/12/1973
f  1377/12/1973 1379/102/1975 1380/103/1976
f  1377/12/1973 1380/103/1976 1378/13/1974
f  1378/13/1974 1380/103/1976 1381/104/1977
f  1379/102/1975 1382/17/1978 1380/103/1976
f  1380/103/1976 1382/17/1978 1381/104/1977
f  1383/8/1979 1385/96/1980 1311/10/1981
f  1311/10/1981 1385/96/1980 1386/97/1982
f  1311/10/1981 1386/97/1982 1384/4/1983
f  1384/4/1983 1386/97/1982 1387/98/1984
f  1385/96/1980 1388/9/1985 1386/97/1982
f  1386/97/1982 1388/9/1985 1389/5/1986
f  1386/97/1982 1389/5/1986 1387/98/1984
f  1387/98/1987 1389/5/1986 1390/6/1988
f  1388/9/1985 1391/99/1989 1389/5/1986
f  1389/5/1986 1391/99/1989 1392/100/1990
f  1389/5/1986 1392/100/1990 1390/6/1988
f  1390/6/1988 1392/100/1990 1393/101/1991
f  1391/99/1992 1394/15/1993 1392/100/1994
f  1392/100/1994 1394/15/1993 1395/12/1995
f  1392/100/1994 1395/12/1995 1393/101/1996
f  1393/101/1996 1395/12/1995 1396/13/1997
f  1394/15/1993 1397/102/1998 1395/12/1995
f  1395/12/1995 1397/102/1998 1398/103/1999
f  1395/12/1995 1398/103/2000 1396/13/1997
f  1396/13/2001 1398/103/1999 1399/104/2001
f  1397/102/1998 1400/17/2002 1398/103/1999
f  1398/103/1999 1400/17/2002 1399/104/2003
f  1401/8/2004 1404/96/2005 1402/10/2006
f  1402/10/2006 1404/96/2005 1405/97/2007
f  1402/10/2006 1405/97/2007 1403/4/2008
f  1403/4/2008 1405/97/2007 1406/98/2009
f  1404/96/2005 1407/9/2010 1405/97/2007
f  1405/97/2007 1407/9/2010 1408/5/2011
f  1405/97/2007 1408/5/2011 1406/98/2009
f  1406/98/2009 1408/5/2011 1409/6/2012
f  1407/9/2010 1410/99/2013 1408/5/2011
f  1408/5/2011 1410/99/2013 1411/100/2014
f  1408/5/2011 1411/100/2014 1409/6/2012
f  1409/6/2012 1411/100/2014 1412/101/2015
f  1410/99/2013 1413/15/2016 1411/100/2014
f  1411/100/2014 1413/15/2016 1414/12/2017
f  1411/100/2014 1414/12/2017 1412/101/2015
f  1412/101/2015 1414/12/2017 1415/13/2018
f  1413/15/2016 1416/102/2019 1414/12/2017
f  1414/12/2017 1416/102/2019 1417/103/2020
f  1414/12/2017 1417/103/2020 1415/13/2021
f  1415/13/2021 1417/103/2020 1418/104/2022
f  1416/102/2019 1419/17/2023 1417/103/2020
f  1417/103/2020 1419/17/2023 1418/104/2024
f  1420/8/2025 1422/96/2026 1402/10/2027
f  1402/10/2027 1422/96/2026 1423/97/2028
f  1402/10/2027 1423/97/2028 1421/4/2029
f  1421/4/2029 1423/97/2028 1424/98/2030
f  1422/96/2026 1425/9/2031 1423/97/2028
f  1423/97/2028 1425/9/2031 1426/5/2032
f  1423/97/2028 1426/5/2032 1424/98/2030
f  1424/98/2030 1426/5/2032 1427/6/2033
f  1425/9/2031 1428/99/2034 1426/5/2032
f  1426/5/2032 1428/99/2034 1429/100/2035
f  1426/5/2032 1429/100/2035 1427/6/2033
f  1427/6/2033 1429/100/2035 1430/101/2036
f  1428/99/2034 1431/15/2037 1429/100/2035
f  1429/100/2035 1431/15/2037 1432/12/2038
f  1429/100/2035 1432/12/2038 1430/101/2036
f  1430/101/2036 1432/12/2038 1433/13/2039
f  1431/15/2037 1434/102/2040 1432/12/2038
f  1432/12/2038 1434/102/2041 1435/103/2042
f  1432/12/2038 1435/103/2042 1433/13/2039
f  1433/13/2039 1435/103/2042 1436/104/2043
f  1434/102/2041 1437/17/2044 1435/103/2042
f  1435/103/2042 1437/17/2044 1436/104/2043
f  1438/8/2045 1440/96/2046 1402/10/2047
f  1402/10/2047 1440/96/2046 1441/97/2048
f  1402/10/2047 1441/97/2048 1439/4/2049
f  1439/4/2049 1441/97/2048 1442/98/2050
f  1440/96/2046 1443/9/2051 1441/97/2048
f  1441/97/2048 1443/9/2051 1444/5/2052
f  1441/97/2048 1444/5/2052 1442/98/2050
f  1442/98/2050 1444/5/2052 1445/6/2053
f  1443/9/2051 1446/99/2054 1444/5/2052
f  1444/5/2052 1446/99/2054 1447/100/2055
f  1444/5/2052 1447/100/2055 1445/6/2053
f  1445/6/2053 1447/100/2055 1448/101/2056
f  1446/99/2054 1449/15/2057 1447/100/2055
f  1447/100/2055 1449/15/2057 1450/12/2058
f  1447/100/2055 1450/12/2058 1448/101/2056
f  1448/101/2056 1450/12/2058 1451/13/2059
f  1449/15/2057 1452/102/2060 1450/12/2058
f  1450/12/2058 1452/102/2060 1453/103/2061
f  1450/12/2058 1453/103/2061 1451/13/2059
f  1451/13/2059 1453/103/2061 1454/104/2062
f  1452/102/2060 1455/17/2063 1453/103/2061
f  1453/103/2061 1455/17/2063 1454/104/2062
f  1456/8/2064 1458/96/2065 1402/10/2006
f  1402/10/2006 1458/96/2065 1459/97/2066
f  1402/10/2006 1459/97/2066 1457/4/2067
f  1457/4/2067 1459/97/2066 1460/98/2068
f  1458/96/2065 1461/9/2069 1459/97/2066
f  1459/97/2066 1461/9/2069 1462/5/2070
f  1459/97/2066 1462/5/2070 1460/98/2068
f  1460/98/2068 1462/5/2070 1463/6/2071
f  1461/9/2069 1464/99/2072 1462/5/2070
f  1462/5/2070 1464/99/2072 1465/100/2073
f  1462/5/2070 1465/100/2073 1463/6/2071
f  1463/6/2071 1465/100/2073 1466/101/2074
f  1464/99/2072 1467/15/2075 1465/100/2073
f  1465/100/2073 1467/15/2075 1468/12/2076
f  1465/100/2073 1468/12/2076 1466/101/2074
f  1466/101/2074 1468/12/2076 1469/13/2077
f  1467/15/2075 1470/102/2078 1468/12/2076
f  1468/12/2076 1470/102/2078 1471/103/2079
f  1468/12/2076 1471/103/2079 1469/13/2077
f  1469/13/2077 1471/103/2079 1472/104/2080
f  1470/102/2078 1473/17/2081 1471/103/2079
f  1471/103/2079 1473/17/2081 1472/104/2080
f  1474/8/2082 1476/96/2083 1402/10/2084
f  1402/10/2084 1476/96/2083 1477/97/2085
f  1402/10/2084 1477/97/2085 1475/4/2086
f  1475/4/2086 1477/97/2085 1478/98/2087
f  1476/96/2083 1479/9/2088 1477/97/2085
f  1477/97/2085 1479/9/2088 1480/5/2089
f  1477/97/2085 1480/5/2089 1478/98/2087
f  1478/98/2087 1480/5/2089 1481/6/2090
f  1479/9/2088 1482/99/2091 1480/5/2089
f  1480/5/2089 1482/99/2091 1483/100/2092
f  1480/5/2089 1483/100/2092 1481/6/2090
f  1481/6/2090 1483/100/2092 1484/101/2093
f  1482/99/2094 1485/15/2095 1483/100/2092
f  1483/100/2092 1485/15/2095 1486/12/2096
f  1483/100/2092 1486/12/2096 1484/101/2097
f  1484/101/2097 1486/12/2096 1487/13/2098
f  1485/15/2095 1488/102/2099 1486/12/2096
f  1486/12/2096 1488/102/2099 1489/103/2100
f  1486/12/2096 1489/103/2101 1487/13/2098
f  1487/13/2102 1489/103/2100 1490/104/2102
f  1488/102/2099 1491/17/2103 1489/103/2100
f  1489/103/2100 1491/17/2103 1490/104/2104
f  1492/8/2105 1495/96/2106 1493/10/2107
f  1493/10/2107 1495/96/2106 1496/97/2108
f  1493/10/2107 1496/97/2108 1494/4/2109
f  1494/4/2109 1496/97/2108 1497/98/2110
f  1495/96/2106 1498/9/2111 1496/97/2108
f  1496/97/2108 1498/9/2111 1499/5/2112
f  1496/97/2108 1499/5/2112 1497/98/2110
f  1497/98/2110 1499/5/2112 1500/6/2113
f  1498/9/2111 1501/99/2114 1499/5/2112
f  1499/5/2112 1501/99/2114 1502/100/2115
f  1499/5/2112 1502/100/2115 1500/6/2113
f  1500/6/2113 1502/100/2115 1503/101/2116
f  1501/99/2114 1504/15/2117 1502/100/2115
f  1502/100/2115 1504/15/2117 1505/12/2118
f  1502/100/2115 1505/12/2118 1503/101/2116
f  1503/101/2116 1505/12/2118 1506/13/2119
f  1504/15/2117 1507/102/2120 1505/12/2118
f  1505/12/2118 1507/102/2120 1508/103/2121
f  1505/12/2118 1508/103/2121 1506/13/2122
f  1506/13/2122 1508/103/2121 1509/104/2123
f  1507/102/2120 1510/17/2124 1508/103/2121
f  1508/103/2121 1510/17/2124 1509/104/2125
f  1511/8/2126 1513/96/2127 1493/10/2128
f  1493/10/2128 1513/96/2127 1514/97/2129
f  1493/10/2128 1514/97/2129 1512/4/2130
f  1512/4/2130 1514/97/2129 1515/98/2131
f  1513/96/2127 1516/9/2132 1514/97/2129
f  1514/97/2129 1516/9/2132 1517/5/2133
f  1514/97/2129 1517/5/2133 1515/98/2131
f  1515/98/2131 1517/5/2133 1518/6/2134
f  1516/9/2132 1519/99/2135 1517/5/2133
f  1517/5/2133 1519/99/2135 1520/100/2136
f  1517/5/2133 1520/100/2136 1518/6/2134
f  1518/6/2134 1520/100/2136 1521/101/2137
f  1519/99/2135 1522/15/2138 1520/100/2136
f  1520/100/2136 1522/15/2138 1523/12/2139
f  1520/100/2136 1523/12/2139 1521/101/2137
f  1521/101/2137 1523/12/2139 1524/13/2140
f  1522/15/2138 1525/102/2141 1523/12/2139
f  1523/12/2139 1525/102/2142 1526/103/2143
f  1523/12/2139 1526/103/2143 1524/13/2140
f  1524/13/2140 1526/103/2143 1527/104/2144
f  1525/102/2142 1528/17/2145 1526/103/2143
f  1526/103/2143 1528/17/2145 1527/104/2144
f  1529/8/2146 1531/96/2147 1493/10/2148
f  1493/10/2148 1531/96/2147 1532/97/2149
f  1493/10/2148 1532/97/2149 1530/4/2150
f  1530/4/2150 1532/97/2149 1533/98/2151
f  1531/96/2147 1534/9/2152 1532/97/2149
f  1532/97/2149 1534/9/2152 1535/5/2153
f  1532/97/2149 1535/5/2153 1533/98/2151
f  1533/98/2151 1535/5/2153 1536/6/2154
f  1534/9/2152 1537/99/2155 1535/5/2153
f  1535/5/2153 1537/99/2155 1538/100/2156
f  1535/5/2153 1538/100/2156 1536/6/2154
f  1536/6/2154 1538/100/2156 1539/101/2157
f  1537/99/2155 1540/15/2158 1538/100/2156
f  1538/100/2156 1540/15/2158 1541/12/2159
f  1538/100/2156 1541/12/2159 1539/101/2157
f  1539/101/2157 1541/12/2159 1542/13/2160
f  1540/15/2158 1543/102/2161 1541/12/2159
f  1541/12/2159 1543/102/2161 1544/103/2162
f  1541/12/2159 1544/103/2162 1542/13/2160
f  1542/13/2160 1544/103/2162 1545/104/2163
f  1543/102/2164 1546/17/2165 1544/103/2162
f  1544/103/2162 1546/17/2165 1545/104/2163
f  1547/8/2166 1549/96/2167 1493/10/2107
f  1493/10/2107 1549/96/2167 1550/97/2168
f  1493/10/2107 1550/97/2168 1548/4/2169
f  1548/4/2169 1550/97/2168 1551/98/2170
f  1549/96/2167 1552/9/2171 1550/97/2168
f  1550/97/2168 1552/9/2171 1553/5/2172
f  1550/97/2168 1553/5/2172 1551/98/2170
f  1551/98/2170 1553/5/2172 1554/6/2173
f  1552/9/2171 1555/99/2174 1553/5/2172
f  1553/5/2172 1555/99/2174 1556/100/2175
f  1553/5/2172 1556/100/2175 1554/6/2173
f  1554/6/2173 1556/100/2175 1557/101/2176
f  1555/99/2174 1558/15/2177 1556/100/2175
f  1556/100/2175 1558/15/2177 1559/12/2178
f  1556/100/2175 1559/12/2178 1557/101/2176
f  1557/101/2176 1559/12/2178 1560/13/2179
f  1558/15/2177 1561/102/2180 1559/12/2178
f  1559/12/2178 1561/102/2180 1562/103/2181
f  1559/12/2178 1562/103/2181 1560/13/2179
f  1560/13/2179 1562/103/2181 1563/104/2182
f  1561/102/2180 1564/17/2183 1562/103/2181
f  1562/103/2181 1564/17/2183 1563/104/2182
f  1565/8/2184 1567/96/2185 1493/10/2186
f  1493/10/2186 1567/96/2185 1568/97/2187
f  1493/10/2186 1568/97/2187 1566/4/2188
f  1566/4/2188 1568/97/2187 1569/98/2189
f  1567/96/2185 1570/9/2190 1568/97/2187
f  1568/97/2187 1570/9/2190 1571/5/2191
f  1568/97/2187 1571/5/2191 1569/98/2189
f  1569/98/2189 1571/5/2191 1572/6/2192
f  1570/9/2190 1573/99/2193 1571/5/2191
f  1571/5/2191 1573/99/2193 1574/100/2194
f  1571/5/2191 1574/100/2194 1572/6/2192
f  1572/6/2192 1574/100/2194 1575/101/2195
f  1573/99/2196 1576/15/2197 1574/100/2198
f  1574/100/2198 1576/15/2197 1577/12/2199
f  1574/100/2198 1577/12/2199 1575/101/2200
f  1575/101/2200 1577/12/2199 1578/13/2201
f  1576/15/2197 1579/102/2202 1577/12/2199
f  1577/12/2199 1579/102/2202 1580/103/2203
f  1577/12/2199 1580/103/2204 1578/13/2201
f  1578/13/2205 1580/103/2203 1581/104/2205
f  1579/102/2202 1582/17/2206 1580/103/2203
f  1580/103/2203 1582/17/2206 1581/104/2207
usemtl Stalk
f  1155/56/1671 1583/61/2208 1156/59/1674
f  1155/58/1673 1586/62/2209 1583/63/2210
f  1156/59/1674 1583/61/2208 1584/64/2211
f  1156/59/1675 1584/64/2212 1157/60/1676
f  1157/60/1676 1584/64/2212 1585/65/2213
f  1157/60/1677 1585/65/2214 1158/57/1678
f  1158/57/1678 1585/65/2214 1586/62/2215
f  1158/57/1672 1586/62/2209 1155/58/1673
f  1583/61/2208 1587/66/2216 1584/64/2211
f  1583/63/2210 1590/67/2217 1587/68/2218
f  1584/64/2211 1587/66/2216 1588/69/2219
f  1584/64/2212 1588/69/2220 1585/65/2213
f  1585/65/2213 1588/69/2220 1589/70/2221
f  1585/65/2214 1589/70/2222 1586/62/2215
f  1586/62/2215 1589/70/2222 1590/67/2223
f  1586/62/2209 1590/67/2217 1583/63/2210
f  1587/66/2216 1591/71/2224 1588/69/2219
f  1587/68/2218 1594/72/2225 1591/73/2226
f  1588/69/2219 1591/71/2224 1592/74/2227
f  1588/69/2220 1592/74/2228 1589/70/2221
f  1589/70/2221 1592/74/2228 1593/75/2229
f  1589/70/2222 1593/75/2230 1590/67/2223
f  1590/67/2223 1593/75/2230 1594/72/2231
f  1590/67/2217 1594/72/2225 1587/68/2218
f  1591/71/2224 1595/76/2232 1592/74/2227
f  1591/73/2226 1598/77/2233 1595/78/2234
f  1592/74/2227 1595/76/2232 1596/79/2235
f  1592/74/2228 1596/79/2236 1593/75/2229
f  1593/75/2229 1596/79/2236 1597/80/2237
f  1593/75/2230 1597/80/2238 1594/72/2231
f  1594/72/2231 1597/80/2238 1598/77/2239
f  1594/72/2225 1598/77/2233 1591/73/2226
f  1595/76/2232 1599/81/2240 1596/79/2235
f  1595/78/2234 1602/82/2241 1599/83/2242
f  1596/79/2235 1599/81/2240 1600/84/2243
f  1596/79/2236 1600/84/2244 1597/80/2237
f  1597/80/2237 1600/84/2244 1601/85/2245
f  1597/80/2238 1601/85/2246 1598/77/2239
f  1598/77/2239 1601/85/2246 1602/82/2247
f  1598/77/2233 1602/82/2241 1595/78/2234
f  1599/81/2240 1603/86/2248 1600/84/2243
f  1599/83/2242 1606/87/2249 1603/88/2250
f  1600/84/2243 1603/86/2248 1604/89/2251
f  1600/84/2244 1604/89/2252 1601/85/2245
f  1601/85/2245 1604/89/2252 1605/90/2253
f  1601/85/2246 1605/90/2254 1602/82/2247
f  1602/82/2247 1605/90/2254 1606/87/2255
f  1602/82/2241 1606/87/2249 1599/83/2242
f  1603/86/2248 1607/91/2256 1604/89/2251
f  1603/88/2250 1610/92/2257 1607/93/2258
f  1604/89/2251 1607/91/2256 1608/94/2259
f  1604/89/2252 1608/94/2260 1605/90/2253
f  1605/90/2253 1608/94/2260 1609/95/2261
f  1605/90/2254 1609/95/2262 1606/87/2255
f  1606/87/2255 1609/95/2262 1610/92/2263
f  1606/87/2249 1610/92/2257 1603/88/2250
f  1607/91/2264 1611/105/2265 1608/94/2259
f  1607/93/2266 1614/106/2266 1611/107/2267
f  1608/94/2259 1611/105/2265 1612/108/2268
f  1608/94/2269 1612/108/2270 1609/95/2270
f  1609/95/2270 1612/108/2270 1613/109/2271
f  1609/95/2272 1613/109/2273 1610/92/2263
f  1610/92/2263 1613/109/2273 1614/106/2274
f  1610/92/2275 1614/106/2266 1607/93/2266
f  1611/105/2276 1615/110/2277 1612/108/2277
f  1611/107/2267 1618/111/2278 1615/112/2279
f  1612/108/2277 1615/110/2277 1616/113/2280
f  1612/108/2281 1616/113/2282 1613/109/2282
f  1613/109/2282 1616/113/2282 1617/114/2283
f  1613/109/2284 1617/114/2285 1614/106/2285
f  1614/106/2285 1617/114/2285 1618/111/2286
f  1614/106/2287 1618/111/2278 1611/107/2267
f  1615/110/2288 1619/115/2289 1616/113/2289
f  1615/112/2279 1622/116/2290 1619/117/2291
f  1616/113/2289 1619/115/2289 1620/118/2292
f  1616/113/2293 1620/118/2294 1617/114/2283
f  1617/114/2283 1620/118/2294 1621/119/2295
f  1617/114/2296 1621/119/2297 1618/111/2297
f  1618/111/2297 1621/119/2297 1622/116/2298
f  1618/111/2278 1622/116/2290 1615/112/2279
f  1175/56/1711 1623/61/2299 1176/59/1714
f  1175/58/1713 1626/62/2300 1623/63/2301
f  1176/59/1714 1623/61/2299 1624/64/2302
f  1176/59/1715 1624/64/2303 1177/60/1716
f  1177/60/1716 1624/64/2303 1625/65/2304
f  1177/60/1717 1625/65/2305 1178/57/1718
f  1178/57/1718 1625/65/2305 1626/62/2306
f  1178/57/1712 1626/62/2300 1175/58/1713
f  1623/61/2299 1627/66/2307 1624/64/2302
f  1623/63/2301 1630/67/2308 1627/68/2309
f  1624/64/2302 1627/66/2307 1628/69/2310
f  1624/64/2303 1628/69/2311 1625/65/2304
f  1625/65/2304 1628/69/2311 1629/70/2312
f  1625/65/2305 1629/70/2313 1626/62/2306
f  1626/62/2306 1629/70/2313 1630/67/2314
f  1626/62/2300 1630/67/2308 1623/63/2301
f  1627/66/2307 1631/71/2315 1628/69/2310
f  1627/68/2309 1634/72/2316 1631/73/2317
f  1628/69/2310 1631/71/2315 1632/74/2318
f  1628/69/2311 1632/74/2319 1629/70/2312
f  1629/70/2312 1632/74/2319 1633/75/2320
f  1629/70/2313 1633/75/2321 1630/67/2314
f  1630/67/2314 1633/75/2321 1634/72/2322
f  1630/67/2308 1634/72/2316 1627/68/2309
f  1631/71/2315 1635/76/2323 1632/74/2318
f  1631/73/2317 1638/77/2324 1635/78/2325
f  1632/74/2318 1635/76/2323 1636/79/2326
f  1632/74/2319 1636/79/2327 1633/75/2320
f  1633/75/2320 1636/79/2327 1637/80/2328
f  1633/75/2321 1637/80/2329 1634/72/2322
f  1634/72/2322 1637/80/2329 1638/77/2330
f  1634/72/2316 1638/77/2324 1631/73/2317
f  1635/76/2323 1639/81/2331 1636/79/2326
f  1635/78/2325 1642/82/2332 1639/83/2333
f  1636/79/2326 1639/81/2331 1640/84/2334
f  1636/79/2327 1640/84/2335 1637/80/2328
f  1637/80/2328 1640/84/2335 1641/85/2336
f  1637/80/2329 1641/85/2337 1638/77/2330
f  1638/77/2330 1641/85/2337 1642/82/2338
f  1638/77/2324 1642/82/2332 1635/78/2325
f  1639/81/2331 1643/86/2339 1640/84/2334
f  1639/83/2333 1646/87/2340 1643/88/2341
f  1640/84/2334 1643/86/2339 1644/89/2342
f  1640/84/2335 1644/89/2343 1641/85/2336
f  1641/85/2336 1644/89/2343 1645/90/2344
f  1641/85/2337 1645/90/2345 1642/82/2338
f  1642/82/2338 1645/90/2345 1646/87/2346
f  1642/82/2332 1646/87/2340 1639/83/2333
f  1643/86/2339 1647/91/2347 1644/89/2342
f  1643/88/2341 1650/92/2348 1647/93/2349
f  1644/89/2342 1647/91/2347 1648/94/2350
f  1644/89/2343 1648/94/2351 1645/90/2344
f  1645/90/2344 1648/94/2351 1649/95/2352
f  1645/90/2345 1649/95/2353 1646/87/2346
f  1646/87/2346 1649/95/2353 1650/92/2354
f  1646/87/2340 1650/92/2348 1643/88/2341
f  1647/91/2355 1651/105/2356 1648/94/2350
f  1647/93/2357 1654/106/2357 1651/107/2358
f  1648/94/2350 1651/105/2356 1652/108/2359
f  1648/94/2360 1652/108/2361 1649/95/2361
f  1649/95/2361 1652/108/2361 1653/109/2362
f  1649/95/2363 1653/109/2364 1650/92/2354
f  1650/92/2354 1653/109/2364 1654/106/2365
f  1650/92/2366 1654/106/2357 1647/93/2357
f  1651/105/2367 1655/110/2368 1652/108/2368
f  1651/107/2358 1658/111/2369 1655/112/2370
f  1652/108/2368 1655/110/2368 1656/113/2371
f  1652/108/2372 1656/113/2373 1653/109/2373
f  1653/109/2373 1656/113/2373 1657/114/2374
f  1653/109/2375 1657/114/2376 1654/106/2376
f  1654/106/2376 1657/114/2376 1658/111/2377
f  1654/106/2378 1658/111/2369 1651/107/2358
f  1655/110/2379 1659/115/2380 1656/113/2380
f  1655/112/2370 1662/116/2381 1659/117/2382
f  1656/113/2380 1659/115/2380 1660/118/2383
f  1656/113/2384 1660/118/2385 1657/114/2374
f  1657/114/2374 1660/118/2385 1661/119/2386
f  1657/114/2387 1661/119/2388 1658/111/2388
f  1658/111/2388 1661/119/2388 1662/116/2389
f  1658/111/2369 1662/116/2381 1655/112/2370
f  1195/46/1751 1663/51/2390 1196/49/1754
f  1195/48/1753 1666/52/2391 1663/53/2392
f  1196/49/1754 1663/51/2390 1664/54/2393
f  1196/49/1755 1664/54/2394 1197/50/1756
f  1197/50/1756 1664/54/2394 1665/55/2395
f  1197/50/1757 1665/55/2396 1198/47/1758
f  1198/47/1758 1665/55/2396 1666/52/2397
f  1198/47/1752 1666/52/2391 1195/48/1753
f  1663/51/2390 1667/56/2398 1664/54/2393
f  1663/53/2392 1670/57/2399 1667/58/2400
f  1664/54/2393 1667/56/2398 1668/59/2401
f  1664/54/2394 1668/59/2402 1665/55/2395
f  1665/55/2395 1668/59/2402 1669/60/2403
f  1665/55/2396 1669/60/2404 1666/52/2397
f  1666/52/2397 1669/60/2404 1670/57/2405
f  1666/52/2391 1670/57/2399 1663/53/2392
f  1667/56/2398 1671/61/2406 1668/59/2401
f  1667/58/2400 1674/62/2407 1671/63/2408
f  1668/59/2401 1671/61/2406 1672/64/2409
f  1668/59/2402 1672/64/2410 1669/60/2403
f  1669/60/2403 1672/64/2410 1673/65/2411
f  1669/60/2404 1673/65/2412 1670/57/2405
f  1670/57/2405 1673/65/2412 1674/62/2413
f  1670/57/2399 1674/62/2407 1667/58/2400
f  1671/61/2406 1675/66/2414 1672/64/2409
f  1671/63/2408 1678/67/2415 1675/68/2416
f  1672/64/2409 1675/66/2414 1676/69/2417
f  1672/64/2410 1676/69/2418 1673/65/2411
f  1673/65/2411 1676/69/2418 1677/70/2419
f  1673/65/2412 1677/70/2420 1674/62/2413
f  1674/62/2413 1677/70/2420 1678/67/2421
f  1674/62/2407 1678/67/2415 1671/63/2408
f  1675/66/2414 1679/71/2422 1676/69/2417
f  1675/68/2416 1682/72/2423 1679/73/2424
f  1676/69/2417 1679/71/2422 1680/74/2425
f  1676/69/2418 1680/74/2426 1677/70/2419
f  1677/70/2419 1680/74/2426 1681/75/2427
f  1677/70/2420 1681/75/2428 1678/67/2421
f  1678/67/2421 1681/75/2428 1682/72/2429
f  1678/67/2415 1682/72/2423 1675/68/2416
f  1679/71/2422 1683/76/2430 1680/74/2425
f  1679/73/2424 1686/77/2431 1683/78/2432
f  1680/74/2425 1683/76/2430 1684/79/2433
f  1680/74/2426 1684/79/2434 1681/75/2427
f  1681/75/2427 1684/79/2434 1685/80/2435
f  1681/75/2428 1685/80/2436 1682/72/2429
f  1682/72/2429 1685/80/2436 1686/77/2437
f  1682/72/2423 1686/77/2431 1679/73/2424
f  1683/76/2430 1687/81/2438 1684/79/2433
f  1683/78/2432 1690/82/2439 1687/83/2440
f  1684/79/2433 1687/81/2438 1688/84/2441
f  1684/79/2434 1688/84/2442 1685/80/2435
f  1685/80/2435 1688/84/2442 1689/85/2443
f  1685/80/2436 1689/85/2444 1686/77/2437
f  1686/77/2437 1689/85/2444 1690/82/2445
f  1686/77/2431 1690/82/2439 1683/78/2432
f  1687/81/2446 1691/86/2447 1688/84/2441
f  1687/83/2448 1694/87/2448 1691/88/2449
f  1688/84/2441 1691/86/2447 1692/89/2450
f  1688/84/2451 1692/89/2452 1689/85/2452
f  1689/85/2452 1692/89/2452 1693/90/2453
f  1689/85/2454 1693/90/2455 1690/82/2445
f  1690/82/2445 1693/90/2455 1694/87/2456
f  1690/82/2457 1694/87/2448 1687/83/2448
f  1691/86/2458 1695/91/2459 1692/89/2459
f  1691/88/2449 1698/92/2460 1695/93/2461
f  1692/89/2459 1695/91/2459 1696/94/2462
f  1692/89/2463 1696/94/2464 1693/90/2464
f  1693/90/2464 1696/94/2464 1697/95/2465
f  1693/90/2466 1697/95/2467 1694/87/2467
f  1694/87/2467 1697/95/2467 1698/92/2468
f  1694/87/2469 1698/92/2460 1691/88/2449
f  1695/91/2470 1699/105/2471 1696/94/2471
f  1695/93/2461 1702/106/2472 1699/107/2473
f  1696/94/2471 1699/105/2471 1700/108/2474
f  1696/94/2475 1700/108/2476 1697/95/2465
f  1697/95/2465 1700/108/2476 1701/109/2477
f  1697/95/2478 1701/109/2479 1698/92/2479
f  1698/92/2479 1701/109/2479 1702/106/2480
f  1698/92/2460 1702/106/2472 1695/93/2461
f  1215/46/1791 1703/51/2481 1216/49/1794
f  1215/48/1793 1706/52/2482 1703/53/2483
f  1216/49/1794 1703/51/2481 1704/54/2484
f  1216/49/1795 1704/54/2485 1217/50/1796
f  1217/50/1796 1704/54/2485 1705/55/2486
f  1217/50/1797 1705/55/2487 1218/47/1798
f  1218/47/1798 1705/55/2487 1706/52/2488
f  1218/47/1792 1706/52/2482 1215/48/1793
f  1703/51/2481 1707/56/2489 1704/54/2484
f  1703/53/2483 1710/57/2490 1707/58/2491
f  1704/54/2484 1707/56/2489 1708/59/2492
f  1704/54/2485 1708/59/2493 1705/55/2486
f  1705/55/2486 1708/59/2493 1709/60/2494
f  1705/55/2487 1709/60/2495 1706/52/2488
f  1706/52/2488 1709/60/2495 1710/57/2496
f  1706/52/2482 1710/57/2490 1703/53/2483
f  1707/56/2489 1711/61/2497 1708/59/2492
f  1707/58/2491 1714/62/2498 1711/63/2499
f  1708/59/2492 1711/61/2497 1712/64/2500
f  1708/59/2493 1712/64/2501 1709/60/2494
f  1709/60/2494 1712/64/2501 1713/65/2502
f  1709/60/2495 1713/65/2503 1710/57/2496
f  1710/57/2496 1713/65/2503 1714/62/2504
f  1710/57/2490 1714/62/2498 1707/58/2491
f  1711/61/2497 1715/66/2505 1712/64/2500
f  1711/63/2499 1718/67/2506 1715/68/2507
f  1712/64/2500 1715/66/2505 1716/69/2508
f  1712/64/2501 1716/69/2509 1713/65/2502
f  1713/65/2502 1716/69/2509 1717/70/2510
f  1713/65/2503 1717/70/2511 1714/62/2504
f  1714/62/2504 1717/70/2511 1718/67/2512
f  1714/62/2498 1718/67/2506 1711/63/2499
f  1715/66/2505 1719/71/2513 1716/69/2508
f  1715/68/2507 1722/72/2514 1719/73/2515
f  1716/69/2508 1719/71/2513 1720/74/2516
f  1716/69/2509 1720/74/2517 1717/70/2510
f  1717/70/2510 1720/74/2517 1721/75/2518
f  1717/70/2511 1721/75/2519 1718/67/2512
f  1718/67/2512 1721/75/2519 1722/72/2520
f  1718/67/2506 1722/72/2514 1715/68/2507
f  1719/71/2513 1723/76/2521 1720/74/2516
f  1719/73/2515 1726/77/2522 1723/78/2523
f  1720/74/2516 1723/76/2521 1724/79/2524
f  1720/74/2517 1724/79/2525 1721/75/2518
f  1721/75/2518 1724/79/2525 1725/80/2526
f  1721/75/2519 1725/80/2527 1722/72/2520
f  1722/72/2520 1725/80/2527 1726/77/2528
f  1722/72/2514 1726/77/2522 1719/73/2515
f  1723/76/2521 1727/81/2529 1724/79/2524
f  1723/78/2523 1730/82/2530 1727/83/2531
f  1724/79/2524 1727/81/2529 1728/84/2532
f  1724/79/2525 1728/84/2533 1725/80/2526
f  1725/80/2526 1728/84/2533 1729/85/2534
f  1725/80/2527 1729/85/2535 1726/77/2528
f  1726/77/2528 1729/85/2535 1730/82/2536
f  1726/77/2522 1730/82/2530 1723/78/2523
f  1727/81/2537 1731/86/2538 1728/84/2532
f  1727/83/2539 1734/87/2539 1731/88/2540
f  1728/84/2532 1731/86/2538 1732/89/2541
f  1728/84/2542 1732/89/2543 1729/85/2543
f  1729/85/2543 1732/89/2543 1733/90/2544
f  1729/85/2545 1733/90/2546 1730/82/2536
f  1730/82/2536 1733/90/2546 1734/87/2547
f  1730/82/2548 1734/87/2539 1727/83/2539
f  1731/86/2549 1735/91/2550 1732/89/2550
f  1731/88/2540 1738/92/2551 1735/93/2552
f  1732/89/2550 1735/91/2550 1736/94/2553
f  1732/89/2554 1736/94/2555 1733/90/2555
f  1733/90/2555 1736/94/2555 1737/95/2556
f  1733/90/2557 1737/95/2558 1734/87/2558
f  1734/87/2558 1737/95/2558 1738/92/2559
f  1734/87/2560 1738/92/2551 1731/88/2540
f  1735/91/2561 1739/105/2562 1736/94/2562
f  1735/93/2552 1742/106/2563 1739/107/2564
f  1736/94/2562 1739/105/2562 1740/108/2565
f  1736/94/2566 1740/108/2567 1737/95/2556
f  1737/95/2556 1740/108/2567 1741/109/2568
f  1737/95/2569 1741/109/2570 1738/92/2570
f  1738/92/2570 1741/109/2570 1742/106/2571
f  1738/92/2551 1742/106/2563 1735/93/2552
f  1743/124/2572 1744/205/2573 1745/206/2574
f  1743/124/2572 1745/206/2574 1746/207/2575
f  1743/124/2572 1746/207/2575 1747/208/2576
f  1743/124/2572 1747/208/2576 1748/209/2577
f  1743/124/2572 1748/209/2577 1749/210/2578
f  1743/124/2572 1749/210/2578 1744/211/2573
f  1744/205/2579 1750/212/2580 1745/206/2581
f  1744/211/2582 1755/213/2583 1750/214/2584
f  1745/206/2581 1750/212/2580 1751/215/2585
f  1745/206/2586 1751/215/2587 1746/207/2588
f  1746/207/2588 1751/215/2587 1752/216/2589
f  1746/207/2590 1752/216/2591 1747/208/2592
f  1747/208/2592 1752/216/2591 1753/217/2593
f  1747/208/2594 1753/217/2595 1748/209/2596
f  1748/209/2596 1753/217/2595 1754/218/2597
f  1748/209/2598 1754/218/2599 1749/210/2600
f  1749/210/2600 1754/218/2599 1755/213/2601
f  1749/210/2602 1755/213/2583 1744/211/2582
f  1750/212/2580 1756/219/2603 1751/215/2585
f  1750/214/2584 1761/220/2604 1756/221/2605
f  1751/215/2585 1756/219/2603 1757/222/2606
f  1751/215/2587 1757/222/2607 1752/216/2589
f  1752/216/2589 1757/222/2607 1758/223/2608
f  1752/216/2591 1758/223/2609 1753/217/2593
f  1753/217/2593 1758/223/2609 1759/224/2610
f  1753/217/2595 1759/224/2611 1754/218/2597
f  1754/218/2597 1759/224/2611 1760/225/2612
f  1754/218/2599 1760/225/2613 1755/213/2601
f  1755/213/2601 1760/225/2613 1761/220/2614
f  1755/213/2583 1761/220/2604 1750/214/2584
f  1756/219/2615 1762/129/2616 1757/222/2617
f  1757/222/2617 1762/129/2616 1758/223/2618
f  1758/223/2618 1762/129/2616 1759/224/2619
f  1759/224/2619 1762/129/2616 1760/225/2620
f  1760/225/2620 1762/129/2616 1761/220/2621
f  1761/220/2621 1762/129/2616 1756/221/2615
f  1763/124/2622 1764/205/2623 1765/206/2624
f  1763/124/2622 1765/206/2624 1766/207/2625
f  1763/124/2622 1766/207/2625 1767/208/2626
f  1763/124/2622 1767/208/2626 1768/209/2627
f  1763/124/2622 1768/209/2627 1769/210/2628
f  1763/124/2622 1769/210/2628 1764/211/2623
f  1764/205/2629 1770/212/2630 1765/206/2631
f  1764/211/2632 1775/213/2633 1770/214/2634
f  1765/206/2631 1770/212/2630 1771/215/2635
f  1765/206/2636 1771/215/2637 1766/207/2638
f  1766/207/2638 1771/215/2637 1772/216/2639
f  1766/207/2640 1772/216/2641 1767/208/2642
f  1767/208/2642 1772/216/2641 1773/217/2643
f  1767/208/2644 1773/217/2645 1768/209/2646
f  1768/209/2646 1773/217/2645 1774/218/2647
f  1768/209/2648 1774/218/2649 1769/210/2650
f  1769/210/2650 1774/218/2649 1775/213/2651
f  1769/210/2652 1775/213/2633 1764/211/2632
f  1770/212/2630 1776/219/2653 1771/215/2635
f  1770/214/2634 1781/220/2654 1776/221/2655
f  1771/215/2635 1776/219/2653 1777/222/2656
f  1771/215/2637 1777/222/2657 1772/216/2639
f  1772/216/2639 1777/222/2657 1778/223/2658
f  1772/216/2641 1778/223/2659 1773/217/2643
f  1773/217/2643 1778/223/2659 1779/224/2659
f  1773/217/2645 1779/224/2660 1774/218/2647
f  1774/218/2647 1779/224/2660 1780/225/2661
f  1774/218/2649 1780/225/2662 1775/213/2651
f  1775/213/2651 1780/225/2662 1781/220/2663
f  1775/213/2633 1781/220/2654 1770/214/2634
f  1776/219/2664 1782/129/2665 1777/222/2666
f  1777/222/2666 1782/129/2665 1778/223/2667
f  1778/223/2667 1782/129/2665 1779/224/2668
f  1779/224/2668 1782/129/2665 1780/225/2669
f  1780/225/2669 1782/129/2665 1781/220/2670
f  1781/220/2670 1782/129/2665 1776/221/2664
f  1783/114/2671 1784/226/2672 1785/227/2673
f  1783/114/2671 1785/227/2673 1786/228/2674
f  1783/114/2671 1786/228/2674 1787/229/2675
f  1783/114/2671 1787/229/2675 1788/230/2676
f  1783/114/2671 1788/230/2676 1789/231/2677
f  1783/114/2671 1789/231/2677 1784/232/2672
f  1784/226/2678 1790/233/2679 1785/227/2680
f  1784/232/2681 1795/234/2682 1790/235/2683
f  1785/227/2680 1790/233/2679 1791/236/2684
f  1785/227/2685 1791/236/2686 1786/228/2687
f  1786/228/2687 1791/236/2686 1792/237/2688
f  1786/228/2689 1792/237/2690 1787/229/2691
f  1787/229/2691 1792/237/2690 1793/238/2692
f  1787/229/2693 1793/238/2694 1788/230/2695
f  1788/230/2695 1793/238/2694 1794/239/2696
f  1788/230/2697 1794/239/2698 1789/231/2699
f  1789/231/2699 1794/239/2698 1795/234/2700
f  1789/231/2701 1795/234/2682 1784/232/2681
f  1790/233/2679 1796/240/2702 1791/236/2684
f  1790/235/2683 1801/241/2703 1796/242/2704
f  1791/236/2684 1796/240/2702 1797/243/2705
f  1791/236/2686 1797/243/2706 1792/237/2688
f  1792/237/2688 1797/243/2706 1798/244/2707
f  1792/237/2690 1798/244/2708 1793/238/2692
f  1793/238/2692 1798/244/2708 1799/245/2709
f  1793/238/2694 1799/245/2710 1794/239/2696
f  1794/239/2696 1799/245/2710 1800/246/2711
f  1794/239/2698 1800/246/2712 1795/234/2700
f  1795/234/2700 1800/246/2712 1801/241/2713
f  1795/234/2682 1801/241/2703 1790/235/2683
f  1796/240/2714 1802/119/2715 1797/243/2716
f  1797/243/2716 1802/119/2715 1798/244/2717
f  1798/244/2717 1802/119/2715 1799/245/2718
f  1799/245/2718 1802/119/2715 1800/246/2719
f  1800/246/2719 1802/119/2715 1801/241/2720
f  1801/241/2720 1802/119/2715 1796/242/2714
f  1803/114/2721 1804/226/2722 1805/227/2723
f  1803/114/2721 1805/227/2723 1806/228/2724
f  1803/114/2721 1806/228/2724 1807/229/2725
f  1803/114/2721 1807/229/2725 1808/230/2726
f  1803/114/2721 1808/230/2726 1809/231/2727
f  1803/114/2721 1809/231/2727 1804/232/2722
f  1804/226/2728 1810/233/2729 1805/227/2730
f  1804/232/2731 1815/234/2732 1810/235/2733
f  1805/227/2730 1810/233/2729 1811/236/2734
f  1805/227/2735 1811/236/2736 1806/228/2737
f  1806/228/2737 1811/236/2736 1812/237/2738
f  1806/228/2739 1812/237/2740 1807/229/2741
f  1807/229/2741 1812/237/2740 1813/238/2742
f  1807/229/2743 1813/238/2744 1808/230/2745
f  1808/230/2745 1813/238/2744 1814/239/2746
f  1808/230/2747 1814/239/2748 1809/231/2749
f  1809/231/2749 1814/239/2748 1815/234/2750
f  1809/231/2751 1815/234/2732 1804/232/2731
f  1810/233/2729 1816/240/2752 1811/236/2734
f  1810/235/2733 1821/241/2753 1816/242/2754
f  1811/236/2734 1816/240/2752 1817/243/2755
f  1811/236/2736 1817/243/2756 1812/237/2738
f  1812/237/2738 1817/243/2756 1818/244/2757
f  1812/237/2740 1818/244/2758 1813/238/2742
f  1813/238/2742 1818/244/2758 1819/245/2759
f  1813/238/2744 1819/245/2760 1814/239/2746
f  1814/239/2746 1819/245/2760 1820/246/2761
f  1814/239/2748 1820/246/2762 1815/234/2750
f  1815/234/2750 1820/246/2762 1821/241/2763
f  1815/234/2732 1821/241/2753 1810/235/2733
f  1816/240/2764 1822/119/2765 1817/243/2766
f  1817/243/2766 1822/119/2765 1818/244/2767
f  1818/244/2767 1822/119/2765 1819/245/2768
f  1819/245/2768 1822/119/2765 1820/246/2769
f  1820/246/2769 1822/119/2765 1821/241/2770
f  1821/241/2770 1822/119/2765 1816/242/2764
f  1823/124/2771 1824/205/2772 1825/206/2773
f  1823/124/2771 1825/206/2773 1826/207/2774
f  1823/124/2771 1826/207/2774 1827/208/2775
f  1823/124/2771 1827/208/2775 1828/209/2776
f  1823/124/2771 1828/209/2776 1829/210/2777
f  1823/124/2771 1829/210/2777 1824/211/2772
f  1824/205/2778 1830/212/2779 1825/206/2780
f  1824/211/2781 1835/213/2782 1830/214/2783
f  1825/206/2780 1830/212/2779 1831/215/2784
f  1825/206/2785 1831/215/2786 1826/207/2787
f  1826/207/2787 1831/215/2786 1832/216/2788
f  1826/207/2789 1832/216/2790 1827/208/2791
f  1827/208/2791 1832/216/2790 1833/217/2792
f  1827/208/2793 1833/217/2794 1828/209/2795
f  1828/209/2795 1833/217/2794 1834/218/2796
f  1828/209/2797 1834/218/2798 1829/210/2799
f  1829/210/2799 1834/218/2798 1835/213/2800
f  1829/210/2801 1835/213/2782 1824/211/2781
f  1830/212/2779 1836/219/2802 1831/215/2784
f  1830/214/2783 1841/220/2803 1836/221/2804
f  1831/215/2784 1836/219/2802 1837/222/2805
f  1831/215/2786 1837/222/2806 1832/216/2788
f  1832/216/2788 1837/222/2806 1838/223/2807
f  1832/216/2790 1838/223/2808 1833/217/2792
f  1833/217/2792 1838/223/2808 1839/224/2809
f  1833/217/2794 1839/224/2810 1834/218/2796
f  1834/218/2796 1839/224/2810 1840/225/2811
f  1834/218/2798 1840/225/2812 1835/213/2800
f  1835/213/2800 1840/225/2812 1841/220/2813
f  1835/213/2782 1841/220/2803 1830/214/2783
f  1836/219/2814 1842/129/2815 1837/222/2816
f  1837/222/2816 1842/129/2815 1838/223/2817
f  1838/223/2817 1842/129/2815 1839/224/2818
f  1839/224/2818 1842/129/2815 1840/225/2819
f  1840/225/2819 1842/129/2815 1841/220/2820
f  1841/220/2820 1842/129/2815 1836/221/2814
f  1843/124/2821 1844/205/2623 1845/206/2822
f  1843/124/2821 1845/206/2822 1846/207/2823
f  1843/124/2821 1846/207/2823 1847/208/2626
f  1843/124/2821 1847/208/2626 1848/209/2824
f  1843/124/2821 1848/209/2824 1849/210/2825
f  1843/124/2821 1849/210/2825 1844/211/2623
f  1844/205/2629 1850/212/2630 1845/206/2631
f  1844/211/2826 1855/213/2827 1850/214/2828
f  1845/206/2631 1850/212/2630 1851/215/2635
f  1845/206/2829 1851/215/2830 1846/207/2831
f  1846/207/2831 1851/215/2830 1852/216/2832
f  1846/207/2833 1852/216/2834 1847/208/2835
f  1847/208/2835 1852/216/2834 1853/217/2836
f  1847/208/2837 1853/217/2838 1848/209/2839
f  1848/209/2839 1853/217/2838 1854/218/2840
f  1848/209/2841 1854/218/2842 1849/210/2843
f  1849/210/2843 1854/218/2842 1855/213/2844
f  1849/210/2845 1855/213/2827 1844/211/2826
f  1850/212/2630 1856/219/2653 1851/215/2635
f  1850/214/2828 1861/220/2846 1856/221/2655
f  1851/215/2635 1856/219/2653 1857/222/2656
f  1851/215/2830 1857/222/2657 1852/216/2832
f  1852/216/2832 1857/222/2657 1858/223/2658
f  1852/216/2834 1858/223/2847 1853/217/2836
f  1853/217/2836 1858/223/2847 1859/224/2848
f  1853/217/2838 1859/224/2849 1854/218/2840
f  1854/218/2840 1859/224/2849 1860/225/2850
f  1854/218/2842 1860/225/2851 1855/213/2844
f  1855/213/2844 1860/225/2851 1861/220/2852
f  1855/213/2827 1861/220/2846 1850/214/2828
f  1856/219/2664 1862/129/2853 1857/222/2666
f  1857/222/2666 1862/129/2853 1858/223/2854
f  1858/223/2854 1862/129/2853 1859/224/2855
f  1859/224/2855 1862/129/2853 1860/225/2856
f  1860/225/2856 1862/129/2853 1861/220/2670
f  1861/220/2670 1862/129/2853 1856/221/2664
f  1863/114/2857 1864/226/2858 1865/227/2859
f  1863/114/2857 1865/227/2859 1866/228/2860
f  1863/114/2857 1866/228/2860 1867/229/2861
f  1863/114/2857 1867/229/2861 1868/230/2862
f  1863/114/2857 1868/230/2862 1869/231/2863
f  1863/114/2857 1869/231/2863 1864/232/2858
f  1864/226/2864 1870/233/2865 1865/227/2866
f  1864/232/2867 1875/234/2868 1870/235/2869
f  1865/227/2866 1870/233/2865 1871/236/2870
f  1865/227/2871 1871/236/2872 1866/228/2873
f  1866/228/2873 1871/236/2872 1872/237/2874
f  1866/228/2875 1872/237/2876 1867/229/2877
f  1867/229/2877 1872/237/2876 1873/238/2878
f  1867/229/2879 1873/238/2880 1868/230/2881
f  1868/230/2881 1873/238/2880 1874/239/2882
f  1868/230/2883 1874/239/2884 1869/231/2885
f  1869/231/2885 1874/239/2884 1875/234/2886
f  1869/231/2887 1875/234/2868 1864/232/2867
f  1870/233/2865 1876/240/2888 1871/236/2870
f  1870/235/2869 1881/241/2889 1876/242/2890
f  1871/236/2870 1876/240/2888 1877/243/2891
f  1871/236/2872 1877/243/2892 1872/237/2874
f  1872/237/2874 1877/243/2892 1878/244/2893
f  1872/237/2876 1878/244/2894 1873/238/2878
f  1873/238/2878 1878/244/2894 1879/245/2895
f  1873/238/2880 1879/245/2896 1874/239/2882
f  1874/239/2882 1879/245/2896 1880/246/2897
f  1874/239/2884 1880/246/2898 1875/234/2886
f  1875/234/2886 1880/246/2898 1881/241/2899
f  1875/234/2868 1881/241/2889 1870/235/2869
f  1876/240/2900 1882/119/2901 1877/243/2902
f  1877/243/2902 1882/119/2901 1878/244/2903
f  1878/244/2903 1882/119/2901 1879/245/2904
f  1879/245/2904 1882/119/2901 1880/246/2905
f  1880/246/2905 1882/119/2901 1881/241/2906
f  1881/241/2906 1882/119/2901 1876/242/2900
f  1883/114/2907 1884/226/2908 1885/227/2909
f  1883/114/2907 1885/227/2909 1886/228/2910
f  1883/114/2907 1886/228/2910 1887/229/2911
f  1883/114/2907 1887/229/2911 1888/230/2912
f  1883/114/2907 1888/230/2912 1889/231/2913
f  1883/114/2907 1889/231/2913 1884/232/2908
f  1884/226/2914 1890/233/2915 1885/227/2916
f  1884/232/2917 1895/234/2918 1890/235/2919
f  1885/227/2916 1890/233/2915 1891/236/2920
f  1885/227/2921 1891/236/2922 1886/228/2923
f  1886/228/2923 1891/236/2922 1892/237/2924
f  1886/228/2925 1892/237/2926 1887/229/2927
f  1887/229/2927 1892/237/2926 1893/238/2928
f  1887/229/2929 1893/238/2930 1888/230/2931
f  1888/230/2931 1893/238/2930 1894/239/2932
f  1888/230/2933 1894/239/2934 1889/231/2935
f  1889/231/2935 1894/239/2934 1895/234/2936
f  1889/231/2937 1895/234/2918 1884/232/2917
f  1890/233/2915 1896/240/2938 1891/236/2920
f  1890/235/2919 1901/241/2939 1896/242/2940
f  1891/236/2920 1896/240/2938 1897/243/2941
f  1891/236/2922 1897/243/2942 1892/237/2924
f  1892/237/2924 1897/243/2942 1898/244/2943
f  1892/237/2926 1898/244/2944 1893/238/2928
f  1893/238/2928 1898/244/2944 1899/245/2945
f  1893/238/2930 1899/245/2946 1894/239/2932
f  1894/239/2932 1899/245/2946 1900/246/2947
f  1894/239/2934 1900/246/2948 1895/234/2936
f  1895/234/2936 1900/246/2948 1901/241/2949
f  1895/234/2918 1901/241/2939 1890/235/2919
f  1896/240/2950 1902/119/2951 1897/243/2952
f  1897/243/2952 1902/119/2951 1898/244/2953
f  1898/244/2953 1902/119/2951 1899/245/2954
f  1899/245/2954 1902/119/2951 1900/246/2955
f  1900/246/2955 1902/119/2951 1901/241/2956
f  1901/241/2956 1902/119/2951 1896/242/2950
usemtl Leaf
f  1903/8/2957 1906/96/2958 1904/10/2959
f  1904/10/2959 1906/96/2958 1907/97/2960
f  1904/10/2959 1907/97/2960 1905/4/2961
f  1905/4/2961 1907/97/2960 1908/98/2962
f  1906/96/2958 1909/9/2963 1907/97/2960
f  1907/97/2960 1909/9/2963 1910/5/2964
f  1907/97/2960 1910/5/2964 1908/98/2962
f  1908/98/2962 1910/5/2964 1911/6/2965
f  1909/9/2963 1912/99/2966 1910/5/2964
f  1910/5/2964 1912/99/2966 1913/100/2967
f  1910/5/2964 1913/100/2967 1911/6/2965
f  1911/6/2965 1913/100/2967 1914/101/2968
f  1912/99/2966 1915/15/2969 1913/100/2967
f  1913/100/2967 1915/15/2969 1916/12/2970
f  1913/100/2967 1916/12/2970 1914/101/2968
f  1914/101/2968 1916/12/2970 1917/13/2971
f  1915/15/2969 1918/102/2972 1916/12/2970
f  1916/12/2970 1918/102/2972 1919/103/2973
f  1916/12/2970 1919/103/2973 1917/13/2971
f  1917/13/2971 1919/103/2973 1920/104/2974
f  1918/102/2972 1921/17/2975 1919/103/2973
f  1919/103/2973 1921/17/2975 1920/104/2976
f  1922/8/2977 1925/96/2978 1923/10/2979
f  1923/10/2979 1925/96/2978 1926/97/2980
f  1923/10/2979 1926/97/2980 1924/4/2981
f  1924/4/2981 1926/97/2980 1927/98/2982
f  1925/96/2978 1928/9/2983 1926/97/2980
f  1926/97/2980 1928/9/2983 1929/5/2984
f  1926/97/2980 1929/5/2984 1927/98/2982
f  1927/98/2982 1929/5/2984 1930/6/2985
f  1928/9/2983 1931/99/2986 1929/5/2984
f  1929/5/2984 1931/99/2986 1932/100/2987
f  1929/5/2984 1932/100/2987 1930/6/2985
f  1930/6/2985 1932/100/2987 1933/101/2988
f  1931/99/2986 1934/15/2989 1932/100/2987
f  1932/100/2987 1934/15/2989 1935/12/2990
f  1932/100/2987 1935/12/2990 1933/101/2988
f  1933/101/2988 1935/12/2990 1936/13/2991
f  1934/15/2989 1937/102/2992 1935/12/2990
f  1935/12/2990 1937/102/2993 1938/103/2994
f  1935/12/2990 1938/103/2994 1936/13/2991
f  1936/13/2991 1938/103/2994 1939/104/2995
f  1937/102/2993 1940/17/2996 1938/103/2994
f  1938/103/2994 1940/17/2996 1939/104/2995
f  1941/8/2997 1944/96/2998 1942/10/2999
f  1942/10/2999 1944/96/2998 1945/97/3000
f  1942/10/2999 1945/97/3000 1943/4/3001
f  1943/4/3001 1945/97/3000 1946/98/3002
f  1944/96/2998 1947/9/3003 1945/97/3000
f  1945/97/3000 1947/9/3003 1948/5/3004
f  1945/97/3000 1948/5/3004 1946/98/3002
f  1946/98/3002 1948/5/3004 1949/6/3005
f  1947/9/3003 1950/99/3006 1948/5/3004
f  1948/5/3004 1950/99/3006 1951/100/3007
f  1948/5/3004 1951/100/3007 1949/6/3005
f  1949/6/3005 1951/100/3007 1952/101/3008
f  1950/99/3006 1953/15/3009 1951/100/3007
f  1951/100/3007 1953/15/3009 1954/12/3010
f  1951/100/3007 1954/12/3010 1952/101/3008
f  1952/101/3008 1954/12/3010 1955/13/3011
f  1953/15/3009 1956/102/3012 1954/12/3010
f  1954/12/3010 1956/102/3012 1957/103/3013
f  1954/12/3010 1957/103/3013 1955/13/3011
f  1955/13/3011 1957/103/3013 1958/104/3014
f  1956/102/3012 1959/17/3015 1957/103/3013
f  1957/103/3013 1959/17/3015 1958/104/3014
f  1960/8/3016 1963/96/3017 1961/10/3018
f  1961/10/3018 1963/96/3017 1964/97/3019
f  1961/10/3018 1964/97/3019 1962/4/3020
f  1962/4/3020 1964/97/3019 1965/98/3021
f  1963/96/3017 1966/9/3022 1964/97/3019
f  1964/97/3019 1966/9/3022 1967/5/3023
f  1964/97/3019 1967/5/3023 1965/98/3021
f  1965/98/3021 1967/5/3023 1968/6/3024
f  1966/9/3022 1969/99/3025 1967/5/3023
f  1967/5/3023 1969/99/3025 1970/100/3026
f  1967/5/3023 1970/100/3026 1968/6/3024
f  1968/6/3024 1970/100/3026 1971/101/3027
f  1969/99/3025 1972/15/3028 1970/100/3026
f  1970/100/3026 1972/15/3028 1973/12/3029
f  1970/100/3026 1973/12/3029 1971/101/3027
f  1971/101/3027 1973/12/3029 1974/13/3030
f  1972/15/3028 1975/102/3031 1973/12/3029
f  1973/12/3029 1975/102/3031 1976/103/3032
f  1973/12/3029 1976/103/3032 1974/13/3030
f  1974/13/3030 1976/103/3032 1977/104/3033
f  1975/102/3031 1978/17/3034 1976/103/3032
f  1976/103/3032 1978/17/3034 1977/104/3033
f  1979/8/3035 1982/96/3036 1980/10/3037
f  1980/10/3037 1982/96/3036 1983/97/3038
f  1980/10/3037 1983/97/3038 1981/4/3039
f  1981/4/3039 1983/97/3038 1984/98/3040
f  1982/96/3036 1985/9/3041 1983/97/3038
f  1983/97/3038 1985/9/3041 1986/5/3042
f  1983/97/3038 1986/5/3042 1984/98/3040
f  1984/98/3040 1986/5/3042 1987/6/3043
f  1985/9/3041 1988/99/3044 1986/5/3042
f  1986/5/3042 1988/99/3044 1989/100/3045
f  1986/5/3042 1989/100/3045 1987/6/3043
f  1987/6/3043 1989/100/3045 1990/101/3046
f  1988/99/3044 1991/15/3047 1989/100/3045
f  1989/100/3045 1991/15/3047 1992/12/3048
f  1989/100/3045 1992/12/3048 1990/101/3046
f  1990/101/3046 1992/12/3048 1993/13/3049
f  1991/15/3047 1994/102/3050 1992/12/3048
f  1992/12/3048 1994/102/3050 1995/103/3051
f  1992/12/3048 1995/103/3051 1993/13/3049
f  1993/13/3052 1995/103/3051 1996/104/3052
f  1994/102/3050 1997/17/3053 1995/103/3051
f  1995/103/3051 1997/17/3053 1996/104/3054
f  1998/8/3055 2001/96/3056 1999/10/3057
f  1999/10/3057 2001/96/3056 2002/97/3058
f  1999/10/3057 2002/97/3058 2000/4/3059
f  2000/4/3059 2002/97/3058 2003/98/3060
f  2001/96/3056 2004/9/3061 2002/97/3058
f  2002/97/3058 2004/9/3061 2005/5/3062
f  2002/97/3058 2005/5/3062 2003/98/3060
f  2003/98/3060 2005/5/3062 2006/6/3063
f  2004/9/3061 2007/99/3064 2005/5/3062
f  2005/5/3062 2007/99/3064 2008/100/3065
f  2005/5/3062 2008/100/3065 2006/6/3063
f  2006/6/3063 2008/100/3065 2009/101/3066
f  2007/99/3064 2010/15/3067 2008/100/3065
f  2008/100/3065 2010/15/3067 2011/12/3068
f  2008/100/3065 2011/12/3068 2009/101/3066
f  2009/101/3066 2011/12/3068 2012/13/3069
f  2010/15/3067 2013/102/3070 2011/12/3068
f  2011/12/3068 2013/102/3070 2014/103/3071
f  2011/12/3068 2014/103/3071 2012/13/3069
f  2012/13/3069 2014/103/3071 2015/104/3072
f  2013/102/3070 2016/17/3073 2014/103/3071
f  2014/103/3071 2016/17/3073 2015/104/3072
f  2017/8/3074 2020/96/3075 2018/10/3076
f  2018/10/3076 2020/96/3075 2021/97/3077
f  2018/10/3076 2021/97/3077 2019/4/3078
f  2019/4/3078 2021/97/3077 2022/98/3079
f  2020/96/3075 2023/9/3080 2021/97/3077
f  2021/97/3077 2023/9/3080 2024/5/3081
f  2021/97/3077 2024/5/3081 2022/98/3079
f  2022/98/3079 2024/5/3081 2025/6/3082
f  2023/9/3080 2026/99/3083 2024/5/3081
f  2024/5/3081 2026/99/3083 2027/100/3084
f  2024/5/3081 2027/100/3084 2025/6/3082
f  2025/6/3082 2027/100/3084 2028/101/3085
f  2026/99/3083 2029/15/3086 2027/100/3084
f  2027/100/3084 2029/15/3086 2030/12/3087
f  2027/100/3084 2030/12/3087 2028/101/3085
f  2028/101/3085 2030/12/3087 2031/13/3088
f  2029/15/3086 2032/102/3089 2030/12/3087
f  2030/12/3087 2032/102/3089 2033/103/3090
f  2030/12/3087 2033/103/3090 2031/13/3088
f  2031/13/3088 2033/103/3090 2034/104/3091
f  2032/102/3089 2035/17/3092 2033/103/3090
f  2033/103/3090 2035/17/3092 2034/104/3093
f  2036/8/3094 2039/96/3095 2037/10/3096
f  2037/10/3096 2039/96/3095 2040/97/3097
f  2037/10/3096 2040/97/3097 2038/4/3098
f  2038/4/3098 2040/97/3097 2041/98/3099
f  2039/96/3095 2042/9/3100 2040/97/3097
f  2040/97/3097 2042/9/3100 2043/5/3101
f  2040/97/3097 2043/5/3101 2041/98/3099
f  2041/98/3099 2043/5/3101 2044/6/3102
f  2042/9/3100 2045/99/3103 2043/5/3101
f  2043/5/3101 2045/99/3103 2046/100/3104
f  2043/5/3101 2046/100/3104 2044/6/3102
f  2044/6/3102 2046/100/3104 2047/101/3105
f  2045/99/3103 2048/15/3106 2046/100/3104
f  2046/100/3104 2048/15/3106 2049/12/3107
f  2046/100/3104 2049/12/3107 2047/101/3105
f  2047/101/3105 2049/12/3107 2050/13/3108
f  2048/15/3106 2051/102/3109 2049/12/3107
f  2049/12/3107 2051/102/3110 2052/103/3111
f  2049/12/3107 2052/103/3111 2050/13/3108
f  2050/13/3108 2052/103/3111 2053/104/3112
f  2051/102/3110 2054/17/3113 2052/103/3111
f  2052/103/3111 2054/17/3113 2053/104/3112
f  2055/8/3114 2058/96/3115 2056/10/3116
f  2056/10/3116 2058/96/3115 2059/97/3117
f  2056/10/3116 2059/97/3117 2057/4/3118
f  2057/4/3118 2059/97/3117 2060/98/3119
f  2058/96/3115 2061/9/3120 2059/97/3117
f  2059/97/3117 2061/9/3120 2062/5/3121
f  2059/97/3117 2062/5/3121 2060/98/3119
f  2060/98/3119 2062/5/3121 2063/6/3122
f  2061/9/3120 2064/99/3123 2062/5/3121
f  2062/5/3121 2064/99/3123 2065/100/3124
f  2062/5/3121 2065/100/3124 2063/6/3122
f  2063/6/3122 2065/100/3124 2066/101/3125
f  2064/99/3123 2067/15/3126 2065/100/3124
f  2065/100/3124 2067/15/3126 2068/12/3127
f  2065/100/3124 2068/12/3127 2066/101/3125
f  2066/101/3125 2068/12/3127 2069/13/3128
f  2067/15/3126 2070/102/3129 2068/12/3127
f  2068/12/3127 2070/102/3129 2071/103/3130
f  2068/12/3127 2071/103/3130 2069/13/3128
f  2069/13/3128 2071/103/3130 2072/104/3131
f  2070/102/3129 2073/17/3132 2071/103/3130
f  2071/103/3130 2073/17/3132 2072/104/3131
f  2074/8/3133 2077/96/3134 2075/10/3135
f  2075/10/3135 2077/96/3134 2078/97/3136
f  2075/10/3135 2078/97/3136 2076/4/3137
f  2076/4/3137 2078/97/3136 2079/98/3138
f  2077/96/3134 2080/9/3139 2078/97/3136
f  2078/97/3136 2080/9/3139 2081/5/3140
f  2078/97/3136 2081/5/3140 2079/98/3138
f  2079/98/3138 2081/5/3140 2082/6/3141
f  2080/9/3139 2083/99/3142 2081/5/3140
f  2081/5/3140 2083/99/3142 2084/100/3143
f  2081/5/3140 2084/100/3143 2082/6/3141
f  2082/6/3141 2084/100/3143 2085/101/3144
f  2083/99/3142 2086/15/3145 2084/100/3143
f  2084/100/3143 2086/15/3145 2087/12/3146
f  2084/100/3143 2087/12/3146 2085/101/3144
f  2085/101/3144 2087/12/3146 2088/13/3147
f  2086/15/3145 2089/102/3148 2087/12/3146
f  2087/12/3146 2089/102/3148 2090/103/3149
f  2087/12/3146 2090/103/3149 2088/13/3147
f  2088/13/3147 2090/103/3149 2091/104/3150
f  2089/102/3148 2092/17/3151 2090/103/3149
f  2090/103/3149 2092/17/3151 2091/104/3150
f  2093/8/3152 2096/96/3153 2094/10/3154
f  2094/10/3154 2096/96/3153 2097/97/3155
f  2094/10/3154 2097/97/3155 2095/4/3156
f  2095/4/3156 2097/97/3155 2098/98/3157
f  2096/96/3153 2099/9/3158 2097/97/3155
f  2097/97/3155 2099/9/3158 2100/5/3159
f  2097/97/3155 2100/5/3159 2098/98/3157
f  2098/98/3157 2100/5/3159 2101/6/3160
f  2099/9/3158 2102/99/3161 2100/5/3159
f  2100/5/3159 2102/99/3161 2103/100/3162
f  2100/5/3159 2103/100/3162 2101/6/3160
f  2101/6/3160 2103/100/3162 2104/101/3163
f  2102/99/3161 2105/15/3164 2103/100/3162
f  2103/100/3162 2105/15/3164 2106/12/3165
f  2103/100/3162 2106/12/3165 2104/101/3163
f  2104/101/3163 2106/12/3165 2107/13/3166
f  2105/15/3164 2108/102/3167 2106/12/3165
f  2106/12/3165 2108/102/3167 2109/103/3168
f  2106/12/3165 2109/103/3168 2107/13/3166
f  2107/13/3169 2109/103/3168 2110/104/3169
f  2108/102/3167 2111/17/3170 2109/103/3168
f  2109/103/3168 2111/17/3170 2110/104/3171
f  2112/8/3172 2115/96/3173 2113/10/3174
f  2113/10/3174 2115/96/3173 2116/97/3175
f  2113/10/3174 2116/97/3175 2114/4/3176
f  2114/4/3176 2116/97/3175 2117/98/3177
f  2115/96/3173 2118/9/3178 2116/97/3175
f  2116/97/3175 2118/9/3178 2119/5/3179
f  2116/97/3175 2119/5/3179 2117/98/3177
f  2117/98/3177 2119/5/3179 2120/6/3180
f  2118/9/3178 2121/99/3181 2119/5/3179
f  2119/5/3179 2121/99/3181 2122/100/3182
f  2119/5/3179 2122/100/3182 2120/6/3180
f  2120/6/3180 2122/100/3182 2123/101/3183
f  2121/99/3181 2124/15/3184 2122/100/3182
f  2122/100/3182 2124/15/3184 2125/12/3185
f  2122/100/3182 2125/12/3185 2123/101/3183
f  2123/101/3183 2125/12/3185 2126/13/3186
f  2124/15/3184 2127/102/3187 2125/12/3185
f  2125/12/3185 2127/102/3187 2128/103/3188
f  2125/12/3185 2128/103/3188 2126/13/3186
f  2126/13/3186 2128/103/3188 2129/104/3189
f  2127/102/3187 2130/17/3190 2128/103/3188
f  2128/103/3188 2130/17/3190 2129/104/3189
f  2131/8/3191 2134/96/3192 2132/10/3193
f  2132/10/3193 2134/96/3192 2135/97/3194
f  2132/10/3193 2135/97/3194 2133/4/3195
f  2133/4/3195 2135/97/3194 2136/98/3196
f  2134/96/3192 2137/9/3197 2135/97/3194
f  2135/97/3194 2137/9/3197 2138/5/3198
f  2135/97/3194 2138/5/3198 2136/98/3196
f  2136/98/3196 2138/5/3198 2139/6/3199
f  2137/9/3197 2140/99/3200 2138/5/3198
f  2138/5/3198 2140/99/3200 2141/100/3201
f  2138/5/3198 2141/100/3201 2139/6/3199
f  2139/6/3199 2141/100/3201 2142/101/3202
f  2140/99/3200 2143/15/3203 2141/100/3201
f  2141/100/3201 2143/15/3203 2144/12/3204
f  2141/100/3201 2144/12/3204 2142/101/3202
f  2142/101/3202 2144/12/3204 2145/13/3205
f  2143/15/3203 2146/102/3206 2144/12/3204
f  2144/12/3204 2146/102/3206 2147/103/3207
f  2144/12/3204 2147/103/3207 2145/13/3205
f  2145/13/3205 2147/103/3207 2148/104/3208
f  2146/102/3206 2149/17/3209 2147/103/3207
f  2147/103/3207 2149/17/3209 2148/104/3210
f  2150/8/3211 2153/96/3212 2151/10/3213
f  2151/10/3213 2153/96/3212 2154/97/3214
f  2151/10/3213 2154/97/3214 2152/4/3215
f  2152/4/3215 2154/97/3214 2155/98/3216
f  2153/96/3212 2156/9/3217 2154/97/3214
f  2154/97/3214 2156/9/3217 2157/5/3218
f  2154/97/3214 2157/5/3218 2155/98/3216
f  2155/98/3216 2157/5/3218 2158/6/3219
f  2156/9/3217 2159/99/3220 2157/5/3218
f  2157/5/3218 2159/99/3220 2160/100/3221
f  2157/5/3218 2160/100/3221 2158/6/3219
f  2158/6/3219 2160/100/3221 2161/101/3222
f  2159/99/3220 2162/15/3223 2160/100/3221
f  2160/100/3221 2162/15/3223 2163/12/3224
f  2160/100/3221 2163/12/3224 2161/101/3222
f  2161/101/3222 2163/12/3224 2164/13/3225
f  2162/15/3223 2165/102/3226 2163/12/3224
f  2163/12/3224 2165/102/3227 2166/103/3228
f  2163/12/3224 2166/103/3228 2164/13/3225
f  2164/13/3225 2166/103/3228 2167/104/3229
f  2165/102/3227 2168/17/3230 2166/103/3228
f  2166/103/3228 2168/17/3230 2167/104/3229
f  2169/8/3231 2172/96/3232 2170/10/3233
f  2170/10/3233 2172/96/3232 2173/97/3234
f  2170/10/3233 2173/97/3234 2171/4/3235
f  2171/4/3235 2173/97/3234 2174/98/3236
f  2172/96/3232 2175/9/3237 2173/97/3234
f  2173/97/3234 2175/9/3237 2176/5/3238
f  2173/97/3234 2176/5/3238 2174/98/3236
f  2174/98/3236 2176/5/3238 2177/6/3239
f  2175/9/3237 2178/99/3240 2176/5/3238
f  2176/5/3238 2178/99/3240 2179/100/3241
f  2176/5/3238 2179/100/3241 2177/6/3239
f  2177/6/3239 2179/100/3241 2180/101/3242
f  2178/99/3240 2181/15/3243 2179/100/3241
f  2179/100/3241 2181/15/3243 2182/12/3244
f  2179/100/3241 2182/12/3244 2180/101/3242
f  2180/101/3242 2182/12/3244 2183/13/3245
f  2181/15/3243 2184/102/3246 2182/12/3244
f  2182/12/3244 2184/102/3246 2185/103/3247
f  2182/12/3244 2185/103/3247 2183/13/3245
f  2183/13/3245 2185/103/3247 2186/104/3248
f  2184/102/3246 2187/17/3249 2185/103/3247
f  2185/103/3247 2187/17/3249 2186/104/3248
f  2188/8/3250 2191/96/3251 2189/10/3252
f  2189/10/3252 2191/96/3251 2192/97/3253
f  2189/10/3252 2192/97/3253 2190/4/3254
f  2190/4/3254 2192/97/3253 2193/98/3255
f  2191/96/3251 2194/9/3256 2192/97/3253
f  2192/97/3253 2194/9/3256 2195/5/3257
f  2192/97/3253 2195/5/3257 2193/98/3255
f  2193/98/3255 2195/5/3257 2196/6/3258
f  2194/9/3256 2197/99/3259 2195/5/3257
f  2195/5/3257 2197/99/3259 2198/100/3260
f  2195/5/3257 2198/100/3260 2196/6/3258
f  2196/6/3258 2198/100/3260 2199/101/3261
f  2197/99/3259 2200/15/3262 2198/100/3260
f  2198/100/3260 2200/15/3262 2201/12/3263
f  2198/100/3260 2201/12/3263 2199/101/3261
f  2199/101/3261 2201/12/3263 2202/13/3264
f  2200/15/3262 2203/102/3265 2201/12/3263
f  2201/12/3263 2203/102/3265 2204/103/3266
f  2201/12/3263 2204/103/3266 2202/13/3264
f  2202/13/3264 2204/103/3266 2205/104/3267
f  2203/102/3265 2206/17/3268 2204/103/3266
f  2204/103/3266 2206/17/3268 2205/104/3267
f  2207/8/3269 2210/96/3270 2208/10/3271
f  2208/10/3271 2210/96/3270 2211/97/3272
f  2208/10/3271 2211/97/3272 2209/4/3273
f  2209/4/3273 2211/97/3272 2212/98/3274
f  2210/96/3270 2213/9/3275 2211/97/3272
f  2211/97/3272 2213/9/3275 2214/5/3276
f  2211/97/3272 2214/5/3276 2212/98/3274
f  2212/98/3274 2214/5/3276 2215/6/3277
f  2213/9/3275 2216/99/3278 2214/5/3276
f  2214/5/3276 2216/99/3278 2217/100/3279
f  2214/5/3276 2217/100/3279 2215/6/3277
f  2215/6/3277 2217/100/3279 2218/101/3280
f  2216/99/3278 2219/15/3281 2217/100/3279
f  2217/100/3279 2219/15/3281 2220/12/3282
f  2217/100/3279 2220/12/3282 2218/101/3280
f  2218/101/3280 2220/12/3282 2221/13/3283
f  2219/15/3281 2222/102/3284 2220/12/3282
f  2220/12/3282 2222/102/3284 2223/103/3285
f  2220/12/3282 2223/103/3285 2221/13/3283
f  2221/13/3286 2223/103/3285 2224/104/3286
f  2222/102/3284 2225/17/3287 2223/103/3285
f  2223/103/3285 2225/17/3287 2224/104/3288
f  2226/8/3289 2229/96/3290 2227/10/3291
f  2227/10/3291 2229/96/3290 2230/97/3292
f  2227/10/3291 2230/97/3292 2228/4/3293
f  2228/4/3293 2230/97/3292 2231/98/3294
f  2229/96/3290 2232/9/3295 2230/97/3292
f  2230/97/3292 2232/9/3295 2233/5/3296
f  2230/97/3292 2233/5/3296 2231/98/3294
f  2231/98/3294 2233/5/3296 2234/6/3297
f  2232/9/3295 2235/99/3298 2233/5/3296
f  2233/5/3296 2235/99/3298 2236/100/3299
f  2233/5/3296 2236/100/3299 2234/6/3297
f  2234/6/3297 2236/100/3299 2237/101/3300
f  2235/99/3298 2238/15/3301 2236/100/3299
f  2236/100/3299 2238/15/3301 2239/12/3302
f  2236/100/3299 2239/12/3302 2237/101/3300
f  2237/101/3300 2239/12/3302 2240/13/3303
f  2238/15/3301 2241/102/3304 2239/12/3302
f  2239/12/3302 2241/102/3304 2242/103/3305
f  2239/12/3302 2242/103/3305 2240/13/3303
f  2240/13/3303 2242/103/3305 2243/104/3306
f  2241/102/3304 2244/17/3307 2242/103/3305
f  2242/103/3305 2244/17/3307 2243/104/3306
f  2245/8/3308 2248/96/3309 2246/10/3310
f  2246/10/3310 2248/96/3309 2249/97/3311
f  2246/10/3310 2249/97/3311 2247/4/3312
f  2247/4/3312 2249/97/3311 2250/98/3313
f  2248/96/3309 2251/9/3314 2249/97/3311
f  2249/97/3311 2251/9/3314 2252/5/3315
f  2249/97/3311 2252/5/3315 2250/98/3313
f  2250/98/3313 2252/5/3315 2253/6/3316
f  2251/9/3314 2254/99/3317 2252/5/3315
f  2252/5/3315 2254/99/3317 2255/100/3318
f  2252/5/3315 2255/100/3318 2253/6/3316
f  2253/6/3316 2255/100/3318 2256/101/3319
f  2254/99/3317 2257/15/3320 2255/100/3318
f  2255/100/3318 2257/15/3320 2258/12/3321
f  2255/100/3318 2258/12/3321 2256/101/3319
f  2256/101/3319 2258/12/3321 2259/13/3322
f  2257/15/3320 2260/102/3323 2258/12/3321
f  2258/12/3321 2260/102/3323 2261/103/3324
f  2258/12/3321 2261/103/3324 2259/13/3322
f  2259/13/3322 2261/103/3324 2262/104/3325
f  2260/102/3323 2263/17/3326 2261/103/3324
f  2261/103/3324 2263/17/3326 2262/104/3326
f  2264/8/3327 2267/96/3328 2265/10/3329
f  2265/10/3329 2267/96/3328 2268/97/3330
f  2265/10/3329 2268/97/3330 2266/4/3331
f  2266/4/3331 2268/97/3330 2269/98/3332
f  2267/96/3328 2270/9/3333 2268/97/3330
f  2268/97/3330 2270/9/3333 2271/5/3334
f  2268/97/3330 2271/5/3334 2269/98/3332
f  2269/98/3332 2271/5/3334 2272/6/3335
f  2270/9/3333 2273/99/3336 2271/5/3334
f  2271/5/3334 2273/99/3336 2274/100/3337
f  2271/5/3334 2274/100/3337 2272/6/3335
f  2272/6/3335 2274/100/3337 2275/101/3338
f  2273/99/3336 2276/15/3339 2274/100/3337
f  2274/100/3337 2276/15/3339 2277/12/3340
f  2274/100/3337 2277/12/3340 2275/101/3338
f  2275/101/3338 2277/12/3340 2278/13/3341
f  2276/15/3339 2279/102/3342 2277/12/3340
f  2277/12/3340 2279/102/3343 2280/103/3344
f  2277/12/3340 2280/103/3344 2278/13/3341
f  2278/13/3341 2280/103/3344 2281/104/3345
f  2279/102/3343 2282/17/3346 2280/103/3344
f  2280/103/3344 2282/17/3346 2281/104/3345
f  2283/8/3347 2286/96/3348 2284/10/3349
f  2284/10/3349 2286/96/3348 2287/97/3350
f  2284/10/3349 2287/97/3350 2285/4/3351
f  2285/4/3351 2287/97/3350 2288/98/3352
f  2286/96/3348 2289/9/3353 2287/97/3350
f  2287/97/3350 2289/9/3353 2290/5/3354
f  2287/97/3350 2290/5/3354 2288/98/3352
f  2288/98/3352 2290/5/3354 2291/6/3355
f  2289/9/3353 2292/99/3356 2290/5/3354
f  2290/5/3354 2292/99/3356 2293/100/3357
f  2290/5/3354 2293/100/3357 2291/6/3355
f  2291/6/3355 2293/100/3357 2294/101/3358
f  2292/99/3356 2295/15/3359 2293/100/3357
f  2293/100/3357 2295/15/3359 2296/12/3360
f  2293/100/3357 2296/12/3360 2294/101/3358
f  2294/101/3358 2296/12/3360 2297/13/3361
f  2295/15/3359 2298/102/3362 2296/12/3360
f  2296/12/3360 2298/102/3362 2299/103/3363
f  2296/12/3360 2299/103/3363 2297/13/3361
f  2297/13/3361 2299/103/3363 2300/104/3364
f  2298/102/3362 2301/17/3365 2299/103/3363
f  2299/103/3363 2301/17/3365 2300/104/3364
f  2302/8/3366 2305/96/3367 2303/10/3368
f  2303/10/3368 2305/96/3367 2306/97/3369
f  2303/10/3368 2306/97/3369 2304/4/3370
f  2304/4/3370 2306/97/3369 2307/98/3371
f  2305/96/3367 2308/9/3372 2306/97/3369
f  2306/97/3369 2308/9/3372 2309/5/3373
f  2306/97/3369 2309/5/3373 2307/98/3371
f  2307/98/3371 2309/5/3373 2310/6/3374
f  2308/9/3372 2311/99/3375 2309/5/3373
f  2309/5/3373 2311/99/3375 2312/100/3376
f  2309/5/3373 2312/100/3376 2310/6/3374
f  2310/6/3374 2312/100/3376 2313/101/3377
f  2311/99/3375 2314/15/3378 2312/100/3376
f  2312/100/3376 2314/15/3378 2315/12/3379
f  2312/100/3376 2315/12/3379 2313/101/3377
f  2313/101/3377 2315/12/3379 2316/13/3380
f  2314/15/3378 2317/102/3381 2315/12/3379
f  2315/12/3379 2317/102/3381 2318/103/3382
f  2315/12/3379 2318/103/3382 2316/13/3380
f  2316/13/3380 2318/103/3382 2319/104/3383
f  2317/102/3381 2320/17/3384 2318/103/3382
f  2318/103/3382 2320/17/3384 2319/104/3383
f  2321/8/3385 2324/96/3386 2322/10/3387
f  2322/10/3387 2324/96/3386 2325/97/3388
f  2322/10/3387 2325/97/3388 2323/4/3389
f  2323/4/3389 2325/97/3388 2326/98/3390
f  2324/96/3386 2327/9/3391 2325/97/3388
f  2325/97/3388 2327/9/3391 2328/5/3392
f  2325/97/3388 2328/5/3392 2326/98/3390
f  2326/98/3390 2328/5/3392 2329/6/3393
f  2327/9/3391 2330/99/3394 2328/5/3392
f  2328/5/3392 2330/99/3394 2331/100/3395
f  2328/5/3392 2331/100/3395 2329/6/3393
f  2329/6/3393 2331/100/3395 2332/101/3396
f  2330/99/3394 2333/15/3397 2331/100/3395
f  2331/100/3395 2333/15/3397 2334/12/3398
f  2331/100/3395 2334/12/3398 2332/101/3396
f  2332/101/3396 2334/12/3398 2335/13/3399
f  2333/15/3397 2336/102/3400 2334/12/3398
f  2334/12/3398 2336/102/3400 2337/103/3401
f  2334/12/3398 2337/103/3401 2335/13/3399
f  2335/13/3402 2337/103/3401 2338/104/3402
f  2336/102/3400 2339/17/3403 2337/103/3401
f  2337/103/3401 2339/17/3403 2338/104/3404
f  2340/8/3405 2343/96/3406 2341/10/3407
f  2341/10/3407 2343/96/3406 2344/97/3408
f  2341/10/3407 2344/97/3408 2342/4/3409
f  2342/4/3409 2344/97/3408 2345/98/3410
f  2343/96/3406 2346/9/3411 2344/97/3408
f  2344/97/3408 2346/9/3411 2347/5/3412
f  2344/97/3408 2347/5/3412 2345/98/3410
f  2345/98/3410 2347/5/3412 2348/6/3413
f  2346/9/3411 2349/99/3414 2347/5/3412
f  2347/5/3412 2349/99/3414 2350/100/3415
f  2347/5/3412 2350/100/3415 2348/6/3413
f  2348/6/3413 2350/100/3415 2351/101/3416
f  2349/99/3414 2352/15/3417 2350/100/3415
f  2350/100/3415 2352/15/3417 2353/12/3418
f  2350/100/3415 2353/12/3418 2351/101/3416
f  2351/101/3416 2353/12/3418 2354/13/3419
f  2352/15/3417 2355/102/3420 2353/12/3418
f  2353/12/3418 2355/102/3420 2356/103/3421
f  2353/12/3418 2356/103/3421 2354/13/3419
f  2354/13/3419 2356/103/3421 2357/104/3422
f  2355/102/3420 2358/17/3423 2356/103/3421
f  2356/103/3421 2358/17/3423 2357/104/3422
f  2359/8/3424 2362/247/3425 2360/10/3426
f  2360/10/3426 2362/247/3425 2363/248/3427
f  2360/10/3426 2363/248/3427 2361/4/3428
f  2361/4/3428 2363/248/3427 2364/249/3429
f  2362/247/3425 2365/250/3430 2363/248/3427
f  2363/248/3427 2365/250/3430 2366/251/3431
f  2363/248/3427 2366/251/3431 2364/249/3429
f  2364/249/3429 2366/251/3431 2367/252/3432
f  2365/250/3430 2368/253/3433 2366/251/3431
f  2366/251/3431 2368/253/3433 2369/254/3434
f  2366/251/3431 2369/254/3434 2367/252/3432
f  2367/252/3432 2369/254/3434 2370/255/3435
f  2368/253/3433 2371/256/3436 2369/254/3434
f  2369/254/3434 2371/256/3436 2372/257/3437
f  2369/254/3434 2372/257/3437 2370/255/3438
f  2370/255/3438 2372/257/3437 2373/258/3439
f  2371/256/3436 2374/259/3440 2372/257/3437
f  2372/257/3437 2374/259/3440 2375/260/3441
f  2372/257/3437 2375/260/3441 2373/258/3439
f  2373/258/3439 2375/260/3441 2376/261/3442
f  2374/259/3440 2377/262/3443 2375/260/3441
f  2375/260/3441 2377/262/3443 2378/263/3444
f  2375/260/3441 2378/263/3444 2376/261/3442
f  2376/261/3442 2378/263/3444 2379/264/3445
f  2377/262/3443 2380/17/3446 2378/263/3444
f  2378/263/3444 2380/17/3446 2379/264/3445
f  2381/8/3447 2383/247/3448 2360/10/3426
f  2360/10/3426 2383/247/3448 2384/248/3449
f  2360/10/3426 2384/248/3449 2382/4/3450
f  2382/4/3450 2384/248/3449 2385/249/3451
f  2383/247/3448 2386/250/3452 2384/248/3449
f  2384/248/3449 2386/250/3452 2387/251/3453
f  2384/248/3449 2387/251/3453 2385/249/3451
f  2385/249/3451 2387/251/3453 2388/252/3454
f  2386/250/3452 2389/253/3455 2387/251/3453
f  2387/251/3453 2389/253/3455 2390/254/3456
f  2387/251/3453 2390/254/3456 2388/252/3454
f  2388/252/3454 2390/254/3456 2391/255/3457
f  2389/253/3455 2392/256/3458 2390/254/3456
f  2390/254/3456 2392/256/3458 2393/257/3459
f  2390/254/3456 2393/257/3459 2391/255/3457
f  2391/255/3457 2393/257/3459 2394/258/3460
f  2392/256/3458 2395/259/3461 2393/257/3459
f  2393/257/3459 2395/259/3462 2396/260/3463
f  2393/257/3459 2396/260/3463 2394/258/3460
f  2394/258/3464 2396/260/3463 2397/261/3465
f  2395/259/3462 2398/262/3466 2396/260/3463
f  2396/260/3463 2398/262/3466 2399/263/3467
f  2396/260/3463 2399/263/3467 2397/261/3465
f  2397/261/3465 2399/263/3467 2400/264/3468
f  2398/262/3466 2401/17/3469 2399/263/3467
f  2399/263/3467 2401/17/3469 2400/264/3468
f  2402/8/3470 2404/247/3471 2360/10/3426
f  2360/10/3426 2404/247/3471 2405/248/3472
f  2360/10/3426 2405/248/3472 2403/4/3473
f  2403/4/3473 2405/248/3472 2406/249/3474
f  2404/247/3471 2407/250/3475 2405/248/3472
f  2405/248/3472 2407/250/3475 2408/251/3476
f  2405/248/3472 2408/251/3476 2406/249/3474
f  2406/249/3474 2408/251/3476 2409/252/3477
f  2407/250/3475 2410/253/3478 2408/251/3476
f  2408/251/3476 2410/253/3478 2411/254/3479
f  2408/251/3476 2411/254/3479 2409/252/3477
f  2409/252/3477 2411/254/3479 2412/255/3480
f  2410/253/3478 2413/256/3481 2411/254/3479
f  2411/254/3479 2413/256/3481 2414/257/3482
f  2411/254/3479 2414/257/3482 2412/255/3480
f  2412/255/3480 2414/257/3482 2415/258/3483
f  2413/256/3481 2416/259/3484 2414/257/3482
f  2414/257/3482 2416/259/3484 2417/260/3485
f  2414/257/3482 2417/260/3485 2415/258/3483
f  2415/258/3483 2417/260/3485 2418/261/3486
f  2416/259/3484 2419/262/3487 2417/260/3485
f  2417/260/3485 2419/262/3487 2420/263/3488
f  2417/260/3485 2420/263/3488 2418/261/3486
f  2418/261/3486 2420/263/3488 2421/264/3489
f  2419/262/3487 2422/17/3490 2420/263/3488
f  2420/263/3488 2422/17/3490 2421/264/3489
f  2423/8/3491 2425/247/3492 2360/10/3426
f  2360/10/3426 2425/247/3492 2426/248/3493
f  2360/10/3426 2426/248/3493 2424/4/3494
f  2424/4/3494 2426/248/3493 2427/249/3495
f  2425/247/3492 2428/250/3496 2426/248/3493
f  2426/248/3493 2428/250/3496 2429/251/3497
f  2426/248/3493 2429/251/3497 2427/249/3495
f  2427/249/3495 2429/251/3497 2430/252/3498
f  2428/250/3496 2431/253/3499 2429/251/3497
f  2429/251/3497 2431/253/3499 2432/254/3500
f  2429/251/3497 2432/254/3500 2430/252/3498
f  2430/252/3498 2432/254/3500 2433/255/3501
f  2431/253/3499 2434/256/3502 2432/254/3500
f  2432/254/3500 2434/256/3502 2435/257/3503
f  2432/254/3500 2435/257/3503 2433/255/3501
f  2433/255/3501 2435/257/3503 2436/258/3504
f  2434/256/3502 2437/259/3505 2435/257/3503
f  2435/257/3503 2437/259/3506 2438/260/3507
f  2435/257/3503 2438/260/3507 2436/258/3504
f  2436/258/3508 2438/260/3507 2439/261/3509
f  2437/259/3506 2440/262/3510 2438/260/3507
f  2438/260/3507 2440/262/3510 2441/263/3511
f  2438/260/3507 2441/263/3511 2439/261/3509
f  2439/261/3509 2441/263/3511 2442/264/3512
f  2440/262/3510 2443/17/3513 2441/263/3511
f  2441/263/3511 2443/17/3513 2442/264/3512
f  2444/8/3514 2446/247/3515 2360/10/3426
f  2360/10/3426 2446/247/3515 2447/248/3516
f  2360/10/3426 2447/248/3516 2445/4/3517
f  2445/4/3517 2447/248/3516 2448/249/3518
f  2446/247/3515 2449/250/3519 2447/248/3516
f  2447/248/3516 2449/250/3519 2450/251/3520
f  2447/248/3516 2450/251/3520 2448/249/3518
f  2448/249/3518 2450/251/3520 2451/252/3521
f  2449/250/3519 2452/253/3522 2450/251/3520
f  2450/251/3520 2452/253/3522 2453/254/3523
f  2450/251/3520 2453/254/3523 2451/252/3521
f  2451/252/3521 2453/254/3523 2454/255/3524
f  2452/253/3522 2455/256/3525 2453/254/3523
f  2453/254/3523 2455/256/3525 2456/257/3526
f  2453/254/3523 2456/257/3526 2454/255/3524
f  2454/255/3524 2456/257/3526 2457/258/3527
f  2455/256/3525 2458/259/3528 2456/257/3526
f  2456/257/3526 2458/259/3528 2459/260/3529
f  2456/257/3526 2459/260/3529 2457/258/3527
f  2457/258/3527 2459/260/3529 2460/261/3530
f  2458/259/3528 2461/262/3531 2459/260/3529
f  2459/260/3529 2461/262/3531 2462/263/3532
f  2459/260/3529 2462/263/3532 2460/261/3530
f  2460/261/3530 2462/263/3532 2463/264/3533
f  2461/262/3531 2464/17/3534 2462/263/3532
f  2462/263/3532 2464/17/3534 2463/264/3533
f  2465/8/3535 2467/247/3536 2360/10/3426
f  2360/10/3426 2467/247/3536 2468/248/3537
f  2360/10/3426 2468/248/3537 2466/4/3538
f  2466/4/3538 2468/248/3537 2469/249/3539
f  2467/247/3536 2470/250/3540 2468/248/3537
f  2468/248/3537 2470/250/3540 2471/251/3541
f  2468/248/3537 2471/251/3541 2469/249/3539
f  2469/249/3539 2471/251/3541 2472/252/3542
f  2470/250/3540 2473/253/3543 2471/251/3541
f  2471/251/3541 2473/253/3543 2474/254/3544
f  2471/251/3541 2474/254/3544 2472/252/3542
f  2472/252/3542 2474/254/3544 2475/255/3545
f  2473/253/3543 2476/256/3546 2474/254/3544
f  2474/254/3544 2476/256/3546 2477/257/3547
f  2474/254/3544 2477/257/3547 2475/255/3545
f  2475/255/3545 2477/257/3547 2478/258/3548
f  2476/256/3546 2479/259/3549 2477/257/3547
f  2477/257/3547 2479/259/3549 2480/260/3550
f  2477/257/3547 2480/260/3550 2478/258/3548
f  2478/258/3548 2480/260/3550 2481/261/3551
f  2479/259/3549 2482/262/3552 2480/260/3550
f  2480/260/3550 2482/262/3552 2483/263/3553
f  2480/260/3550 2483/263/3553 2481/261/3551
f  2481/261/3551 2483/263/3553 2484/264/3554
f  2482/262/3552 2485/17/3555 2483/263/3553
f  2483/263/3553 2485/17/3555 2484/264/3554
f  2486/8/3556 2489/247/3557 2487/10/3558
f  2487/10/3558 2489/247/3557 2490/248/3559
f  2487/10/3558 2490/248/3559 2488/4/3560
f  2488/4/3560 2490/248/3559 2491/249/3561
f  2489/247/3557 2492/250/3562 2490/248/3559
f  2490/248/3559 2492/250/3562 2493/251/3563
f  2490/248/3559 2493/251/3563 2491/249/3561
f  2491/249/3561 2493/251/3563 2494/252/3564
f  2492/250/3562 2495/253/3565 2493/251/3563
f  2493/251/3563 2495/253/3565 2496/254/3566
f  2493/251/3563 2496/254/3566 2494/252/3564
f  2494/252/3564 2496/254/3566 2497/255/3567
f  2495/253/3565 2498/256/3568 2496/254/3566
f  2496/254/3566 2498/256/3568 2499/257/3569
f  2496/254/3566 2499/257/3569 2497/255/3567
f  2497/255/3567 2499/257/3569 2500/258/3570
f  2498/256/3568 2501/259/3571 2499/257/3569
f  2499/257/3569 2501/259/3571 2502/260/3572
f  2499/257/3569 2502/260/3572 2500/258/3570
f  2500/258/3570 2502/260/3572 2503/261/3573
f  2501/259/3571 2504/262/3574 2502/260/3572
f  2502/260/3572 2504/262/3574 2505/263/3575
f  2502/260/3572 2505/263/3575 2503/261/3573
f  2503/261/3573 2505/263/3575 2506/264/3576
f  2504/262/3574 2507/17/3577 2505/263/3575
f  2505/263/3575 2507/17/3577 2506/264/3576
f  2508/8/3578 2510/247/3579 2487/10/3558
f  2487/10/3558 2510/247/3579 2511/248/3580
f  2487/10/3558 2511/248/3580 2509/4/3581
f  2509/4/3581 2511/248/3580 2512/249/3582
f  2510/247/3579 2513/250/3583 2511/248/3580
f  2511/248/3580 2513/250/3583 2514/251/3584
f  2511/248/3580 2514/251/3584 2512/249/3582
f  2512/249/3582 2514/251/3584 2515/252/3585
f  2513/250/3583 2516/253/3586 2514/251/3584
f  2514/251/3584 2516/253/3586 2517/254/3587
f  2514/251/3584 2517/254/3587 2515/252/3585
f  2515/252/3585 2517/254/3587 2518/255/3588
f  2516/253/3586 2519/256/3589 2517/254/3587
f  2517/254/3587 2519/256/3589 2520/257/3590
f  2517/254/3587 2520/257/3590 2518/255/3588
f  2518/255/3588 2520/257/3590 2521/258/3591
f  2519/256/3589 2522/259/3592 2520/257/3590
f  2520/257/3590 2522/259/3593 2523/260/3594
f  2520/257/3590 2523/260/3594 2521/258/3591
f  2521/258/3591 2523/260/3594 2524/261/3595
f  2522/259/3593 2525/262/3596 2523/260/3594
f  2523/260/3594 2525/262/3596 2526/263/3597
f  2523/260/3594 2526/263/3597 2524/261/3595
f  2524/261/3595 2526/263/3597 2527/264/3598
f  2525/262/3596 2528/17/3599 2526/263/3597
f  2526/263/3597 2528/17/3599 2527/264/3598
f  2529/8/3600 2531/247/3601 2487/10/3558
f  2487/10/3558 2531/247/3601 2532/248/3602
f  2487/10/3558 2532/248/3602 2530/4/3603
f  2530/4/3603 2532/248/3602 2533/249/3604
f  2531/247/3601 2534/250/3605 2532/248/3602
f  2532/248/3602 2534/250/3605 2535/251/3606
f  2532/248/3602 2535/251/3606 2533/249/3604
f  2533/249/3604 2535/251/3606 2536/252/3607
f  2534/250/3605 2537/253/3608 2535/251/3606
f  2535/251/3606 2537/253/3608 2538/254/3609
f  2535/251/3606 2538/254/3609 2536/252/3607
f  2536/252/3607 2538/254/3609 2539/255/3610
f  2537/253/3608 2540/256/3611 2538/254/3609
f  2538/254/3609 2540/256/3611 2541/257/3612
f  2538/254/3609 2541/257/3612 2539/255/3610
f  2539/255/3610 2541/257/3612 2542/258/3613
f  2540/256/3611 2543/259/3614 2541/257/3612
f  2541/257/3612 2543/259/3614 2544/260/3615
f  2541/257/3612 2544/260/3615 2542/258/3613
f  2542/258/3613 2544/260/3615 2545/261/3616
f  2543/259/3614 2546/262/3617 2544/260/3615
f  2544/260/3615 2546/262/3617 2547/263/3618
f  2544/260/3615 2547/263/3618 2545/261/3616
f  2545/261/3616 2547/263/3618 2548/264/3619
f  2546/262/3617 2549/17/3620 2547/263/3618
f  2547/263/3618 2549/17/3620 2548/264/3619
f  2550/8/3621 2552/247/3622 2487/10/3558
f  2487/10/3558 2552/247/3622 2553/248/3623
f  2487/10/3558 2553/248/3623 2551/4/3624
f  2551/4/3624 2553/248/3623 2554/249/3625
f  2552/247/3622 2555/250/3626 2553/248/3623
f  2553/248/3623 2555/250/3626 2556/251/3627
f  2553/248/3623 2556/251/3627 2554/249/3625
f  2554/249/3625 2556/251/3627 2557/252/3628
f  2555/250/3626 2558/253/3629 2556/251/3627
f  2556/251/3627 2558/253/3629 2559/254/3630
f  2556/251/3627 2559/254/3630 2557/252/3628
f  2557/252/3628 2559/254/3630 2560/255/3631
f  2558/253/3629 2561/256/3632 2559/254/3630
f  2559/254/3630 2561/256/3632 2562/257/3633
f  2559/254/3630 2562/257/3633 2560/255/3631
f  2560/255/3631 2562/257/3633 2563/258/3634
f  2561/256/3632 2564/259/3635 2562/257/3633
f  2562/257/3633 2564/259/3636 2565/260/3637
f  2562/257/3633 2565/260/3637 2563/258/3634
f  2563/258/3638 2565/260/3637 2566/261/3639
f  2564/259/3636 2567/262/3640 2565/260/3637
f  2565/260/3637 2567/262/3640 2568/263/3641
f  2565/260/3637 2568/263/3641 2566/261/3639
f  2566/261/3639 2568/263/3641 2569/264/3642
f  2567/262/3640 2570/17/3643 2568/263/3641
f  2568/263/3641 2570/17/3643 2569/264/3642
f  2571/8/3644 2573/247/3645 2487/10/3558
f  2487/10/3558 2573/247/3645 2574/248/3646
f  2487/10/3558 2574/248/3646 2572/4/3647
f  2572/4/3647 2574/248/3646 2575/249/3648
f  2573/247/3645 2576/250/3649 2574/248/3646
f  2574/248/3646 2576/250/3649 2577/251/3650
f  2574/248/3646 2577/251/3650 2575/249/3648
f  2575/249/3648 2577/251/3650 2578/252/3651
f  2576/250/3649 2579/253/3652 2577/251/3650
f  2577/251/3650 2579/253/3652 2580/254/3653
f  2577/251/3650 2580/254/3653 2578/252/3651
f  2578/252/3651 2580/254/3653 2581/255/3654
f  2579/253/3652 2582/256/3655 2580/254/3653
f  2580/254/3653 2582/256/3655 2583/257/3656
f  2580/254/3653 2583/257/3656 2581/255/3654
f  2581/255/3654 2583/257/3656 2584/258/3657
f  2582/256/3655 2585/259/3658 2583/257/3656
f  2583/257/3656 2585/259/3658 2586/260/3659
f  2583/257/3656 2586/260/3659 2584/258/3657
f  2584/258/3657 2586/260/3659 2587/261/3660
f  2585/259/3658 2588/262/3661 2586/260/3659
f  2586/260/3659 2588/262/3661 2589/263/3662
f  2586/260/3659 2589/263/3662 2587/261/3660
f  2587/261/3660 2589/263/3662 2590/264/3663
f  2588/262/3661 2591/17/3664 2589/263/3662
f  2589/263/3662 2591/17/3664 2590/264/3663
f  2592/8/3665 2594/247/3666 2487/10/3558
f  2487/10/3558 2594/247/3666 2595/248/3667
f  2487/10/3558 2595/248/3667 2593/4/3668
f  2593/4/3668 2595/248/3667 2596/249/3669
f  2594/247/3666 2597/250/3670 2595/248/3667
f  2595/248/3667 2597/250/3670 2598/251/3671
f  2595/248/3667 2598/251/3671 2596/249/3669
f  2596/249/3669 2598/251/3671 2599/252/3672
f  2597/250/3670 2600/253/3673 2598/251/3671
f  2598/251/3671 2600/253/3673 2601/254/3674
f  2598/251/3671 2601/254/3674 2599/252/3672
f  2599/252/3672 2601/254/3674 2602/255/3675
f  2600/253/3673 2603/256/3676 2601/254/3674
f  2601/254/3674 2603/256/3676 2604/257/3677
f  2601/254/3674 2604/257/3677 2602/255/3675
f  2602/255/3675 2604/257/3677 2605/258/3678
f  2603/256/3676 2606/259/3679 2604/257/3677
f  2604/257/3677 2606/259/3679 2607/260/3680
f  2604/257/3677 2607/260/3680 2605/258/3678
f  2605/258/3678 2607/260/3680 2608/261/3681
f  2606/259/3679 2609/262/3682 2607/260/3680
f  2607/260/3680 2609/262/3682 2610/263/3683
f  2607/260/3680 2610/263/3683 2608/261/3681
f  2608/261/3681 2610/263/3683 2611/264/3684
f  2609/262/3682 2612/17/3685 2610/263/3683
f  2610/263/3683 2612/17/3685 2611/264/3684
