# 
# Wavefront OBJ file
# Converted by the DEEP Exploration 3.5.9.1158
# Right Hemisphere, LTD
# http://www.righthemisphere.com/
# 
mtllib GC09_1.mtl
# object GC09_1
g GC09_1
v 0.024375 1.49249e-018 0
v -1.06547e-009 -0.024375 0
v -0.024375 2.13093e-009 0
v 3.19639e-009 0.024375 0
v 0.0226383 1.38615e-018 0.254556
v -9.89552e-010 -0.0226383 0.254556
v -0.0226383 1.9791e-009 0.254556
v 2.96866e-009 0.0226383 0.254556
v 0.0211055 -2.18091e-005 0.510565
v 9.79116e-005 -0.0210837 0.507374
v -0.0211055 2.1811e-005 0.507659
v -9.79098e-005 0.0210837 0.51085
v -0.0368721 -0.0666361 1.0617
v -0.0553735 -0.0853497 1.05851
v -0.0741281 -0.0666419 1.05753
v -0.0556267 -0.0479283 1.06072
v -0.0781403 -0.0513089 1.36755
v -0.0957266 -0.0689094 1.36613
v -0.113085 -0.0513089 1.36297
v -0.0954988 -0.0337084 1.36439
v -0.119144 -0.0359788 1.67175
v -0.135729 -0.0525817 1.67097
v -0.152307 -0.0359788 1.67005
v -0.135722 -0.0193759 1.67083
v -0.112448 -0.0486529 1.99779
v -0.128048 -0.0642305 1.99755
v -0.143618 -0.0486529 1.99852
v -0.128019 -0.0330753 1.99875
v -0.105749 -0.0613571 2.32584
v -0.120346 -0.0759011 2.32455
v -0.134934 -0.0612969 2.32497
v -0.120337 -0.0467529 2.32626
v -0.128959 -0.077788 2.49776
v -0.142732 -0.0917943 2.49458
v -0.156856 -0.077788 2.49407
v -0.143084 -0.0637818 2.49724
v -0.152063 -0.0942491 2.6682
v -0.165305 -0.107715 2.66515
v -0.178885 -0.0942491 2.66465
v -0.165643 -0.0807827 2.6677
v -0.175187 -0.11071 2.83864
v -0.187878 -0.123616 2.83571
v -0.200893 -0.11071 2.83523
v -0.188202 -0.097804 2.83816
v -0.198339 -0.127171 3.00907
v -0.210452 -0.13949 3.00628
v -0.222875 -0.127171 3.00582
v -0.210761 -0.114853 3.00861
v -0.210535 -0.139534 3.00691
v -0.222752 -0.127138 3.00507
v -0.210678 -0.114808 3.00798
v -0.198462 -0.127205 3.00982
v -0.239322 -0.160083 3.22442
v -0.251096 -0.148136 3.22265
v -0.23946 -0.136253 3.22546
v -0.227687 -0.148201 3.22723
v -0.299287 -0.158382 3.46065
v -0.309993 -0.147473 3.45844
v -0.299251 -0.136544 3.46035
v -0.288545 -0.147453 3.46256
v -0.310926 -0.152458 3.59752
v -0.320244 -0.143058 3.59643
v -0.310847 -0.133686 3.59693
v -0.301529 -0.143086 3.59802
v -0.322432 -0.145862 3.73341
v -0.329629 -0.138672 3.7329
v -0.322576 -0.131499 3.73449
v -0.315379 -0.138689 3.735
v -0.362059 -0.169376 3.96
v -0.364684 -0.166703 3.95965
v -0.362088 -0.164064 3.96032
v -0.359464 -0.166737 3.96068
v -0.36171 -0.171369 3.96347
v -0.363614 -0.169622 3.96398
v -0.361803 -0.167874 3.96476
v -0.359898 -0.169621 3.96425
v -0.35874 -0.163194 3.96413
v -0.358609 -0.165756 3.96448
v -0.361181 -0.165847 3.96477
v -0.361312 -0.163285 3.96442
v -0.324526 -0.140743 3.74219
v -0.325619 -0.136772 3.74188
v -0.321647 -0.135662 3.7421
v -0.320554 -0.139633 3.74241
v -0.299241 -0.146941 3.4713
v -0.301962 -0.151155 3.4703
v -0.305957 -0.148256 3.46896
v -0.303236 -0.144042 3.46996
v -0.242506 -0.147996 3.23652
v -0.236867 -0.147373 3.23664
v -0.236232 -0.152896 3.2355
v -0.241872 -0.15352 3.23538
v -0.362915 -0.172712 3.95979
v -0.362051 -0.172712 3.95986
v -0.361187 -0.172712 3.95992
v -0.36284 -0.172334 3.95907
v -0.362005 -0.172181 3.95921
v -0.36117 -0.172029 3.95936
v -0.362802 -0.171739 3.95825
v -0.361968 -0.171561 3.95838
v -0.361133 -0.171382 3.9585
v -0.36272 -0.170982 3.95725
v -0.361861 -0.171037 3.95729
v -0.361003 -0.171092 3.95733
v -0.362672 -0.170072 3.95619
v -0.361839 -0.170401 3.95609
v -0.361006 -0.17073 3.95598
v -0.36254 -0.169546 3.95481
v -0.361715 -0.169702 3.95481
v -0.36089 -0.169858 3.9548
v -0.361945 -0.169954 3.95332
v -0.360665 -0.159912 3.96061
v -0.35805 -0.162303 3.96068
v -0.355434 -0.164693 3.96075
v -0.359166 -0.158295 3.96317
v -0.356883 -0.160945 3.9636
v -0.3546 -0.163595 3.96403
v -0.357214 -0.156252 3.96621
v -0.355033 -0.158947 3.96687
v -0.352853 -0.161642 3.96753
v -0.354758 -0.153676 3.9698
v -0.352299 -0.156194 3.96999
v -0.34984 -0.158713 3.97017
v -0.351496 -0.150146 3.96997
v -0.348709 -0.152164 3.97131
v -0.345921 -0.154181 3.97264
v -0.34815 -0.147238 3.96798
v -0.345456 -0.147284 3.97012
v -0.342762 -0.14733 3.97225
v -0.341933 -0.143254 3.9669
v -0.367118 -0.176305 3.95937
v -0.367947 -0.16724 3.95978
v -0.368776 -0.158175 3.96018
v -0.371852 -0.176933 3.967
v -0.373576 -0.168053 3.96649
v -0.3753 -0.159174 3.96597
v -0.38047 -0.178309 3.97314
v -0.381466 -0.169328 3.97397
v -0.382461 -0.160347 3.9748
v -0.39182 -0.179262 3.97675
v -0.392708 -0.170809 3.97989
v -0.393595 -0.162356 3.98304
v -0.403008 -0.180662 3.97624
v -0.406548 -0.173815 3.98177
v -0.410089 -0.166968 3.9873
v -0.415172 -0.185123 3.97589
v -0.42041 -0.180468 3.98127
v -0.425649 -0.175813 3.98665
v -0.432502 -0.19098 3.98026
v -0.35094 -0.161185 3.96159
v -0.357721 -0.170087 3.96064
v -0.364503 -0.178988 3.9597
v -0.345422 -0.166635 3.96942
v -0.353672 -0.174148 3.96984
v -0.361922 -0.181662 3.97027
v -0.339125 -0.1736 3.97853
v -0.348341 -0.179404 3.98107
v -0.357558 -0.185209 3.9836
v -0.331846 -0.180894 3.99007
v -0.34029 -0.188063 3.9915
v -0.348735 -0.195232 3.99293
v -0.322011 -0.190428 3.99501
v -0.328939 -0.198091 4.00048
v -0.335866 -0.205753 4.00596
v -0.309383 -0.201489 3.99406
v -0.315115 -0.210431 3.99647
v -0.320847 -0.219374 3.99887
v -0.304552 -0.221004 3.9835
v -0.375037 -0.164398 3.96022
v -0.36295 -0.162255 3.96121
v -0.350864 -0.160111 3.96219
v -0.376492 -0.160601 3.97129
v -0.364671 -0.157482 3.97196
v -0.352849 -0.154362 3.97262
v -0.378904 -0.149527 3.98047
v -0.36719 -0.149415 3.9841
v -0.355476 -0.149304 3.98773
v -0.380495 -0.136695 3.9876
v -0.370513 -0.13615 3.99468
v -0.360532 -0.135605 4.00176
v -0.379539 -0.122486 3.98484
v -0.372378 -0.116947 3.99392
v -0.365217 -0.111408 4.00299
v -0.386048 -0.102899 3.9823
v -0.375386 -0.0983369 3.98515
v -0.364723 -0.0937745 3.988
v -0.382136 -0.0794803 3.97681
v -0.353291 -0.175527 3.96199
v -0.363575 -0.168994 3.96158
v -0.373859 -0.162461 3.96117
v -0.357782 -0.180987 3.97175
v -0.366006 -0.172129 3.97266
v -0.37423 -0.163271 3.97357
v -0.35908 -0.183261 3.98666
v -0.369556 -0.17717 3.98594
v -0.380033 -0.171079 3.98523
v -0.365389 -0.192405 4.00081
v -0.375911 -0.186809 3.99858
v -0.386432 -0.181212 3.99635
v -0.373093 -0.208491 4.0017
v -0.38441 -0.203129 4.00375
v -0.395726 -0.197767 4.00581
v -0.379835 -0.224718 4.00234
v -0.390803 -0.222542 4.00618
v -0.401771 -0.220365 4.01002
v -0.39613 -0.240193 3.99516
v -0.362089 -0.174147 3.97142
v -0.363997 -0.172399 3.97194
v -0.362177 -0.170622 3.97265
v -0.360269 -0.17237 3.97213
v -0.361892 -0.177084 3.97923
v -0.363782 -0.17542 3.97991
v -0.361985 -0.173638 3.98054
v -0.360096 -0.175303 3.97986
v -0.361689 -0.181044 3.9863
v -0.36349 -0.179567 3.9872
v -0.361764 -0.17798 3.98805
v -0.359964 -0.179458 3.98716
v -0.361717 -0.185299 3.99348
v -0.363405 -0.183914 3.99432
v -0.361785 -0.182476 3.9952
v -0.360097 -0.183861 3.99436
v -0.362162 -0.190661 3.99951
v -0.363721 -0.189498 4.00046
v -0.362226 -0.188397 4.00157
v -0.360667 -0.18956 4.00062
v -0.363718 -0.195567 4.00634
v -0.365106 -0.194313 4.00695
v -0.36376 -0.193329 4.00799
v -0.362372 -0.194584 4.00739
v -0.365288 -0.200835 4.01254
v -0.366539 -0.199778 4.01315
v -0.365363 -0.198972 4.01416
v -0.364112 -0.200029 4.01355
v -0.364268 -0.205521 4.01959
v -0.365321 -0.204742 4.02029
v -0.364288 -0.203797 4.02079
v -0.363235 -0.204576 4.02009
v -0.362349 -0.208405 4.02749
v -0.36316 -0.207756 4.02795
v -0.362409 -0.206918 4.02809
v -0.361598 -0.207566 4.02764
v -0.358107 -0.208929 4.03493
v -0.358604 -0.208494 4.03526
v -0.3582 -0.207897 4.03509
v -0.357702 -0.208332 4.03475
v -0.358834 -0.161336 3.9722
v -0.358696 -0.163861 3.97279
v -0.361287 -0.164003 3.97279
v -0.361426 -0.161478 3.9722
v -0.357688 -0.158181 3.97925
v -0.357517 -0.160529 3.98027
v -0.360049 -0.160538 3.98067
v -0.36022 -0.158189 3.97966
v -0.355264 -0.153763 3.98514
v -0.354983 -0.155766 3.98653
v -0.357295 -0.155544 3.98732
v -0.357576 -0.153541 3.98593
v -0.352314 -0.149019 3.99106
v -0.352026 -0.150854 3.99242
v -0.354145 -0.150559 3.99326
v -0.354432 -0.148724 3.99191
v -0.349294 -0.144312 3.99715
v -0.349041 -0.146029 3.99838
v -0.350998 -0.145753 3.99917
v -0.351251 -0.144037 3.99794
v -0.345967 -0.140727 4.00399
v -0.34585 -0.142451 4.00486
v -0.347613 -0.142193 4.00561
v -0.34773 -0.140468 4.00475
v -0.344388 -0.136071 4.0107
v -0.344219 -0.137482 4.01167
v -0.345896 -0.137422 4.01205
v -0.346064 -0.136011 4.01108
v -0.341917 -0.131035 4.0165
v -0.341742 -0.132151 4.01742
v -0.343116 -0.13198 4.01789
v -0.343291 -0.130863 4.01696
v -0.337096 -0.12765 4.02214
v -0.337068 -0.1286 4.02273
v -0.337957 -0.128266 4.02331
v -0.337985 -0.127316 4.02273
v -0.331807 -0.127489 4.02869
v -0.331955 -0.128187 4.02884
v -0.332488 -0.127976 4.02929
v -0.332341 -0.127278 4.02914
v -0.359763 -0.207523 4.02841
v -0.35771 -0.212288 4.03053
v -0.361703 -0.209863 4.03312
v -0.360734 -0.20461 4.0331
v -0.356142 -0.203788 4.0305
v -0.354274 -0.208534 4.02891
v -0.354409 -0.212875 4.03617
v -0.358402 -0.21045 4.03876
v -0.357433 -0.205197 4.03874
v -0.352841 -0.204376 4.03613
v -0.350972 -0.209121 4.03455
v -0.353161 -0.208697 4.03969
v -0.337073 -0.126204 4.02466
v -0.332023 -0.124006 4.02449
v -0.332472 -0.129208 4.02506
v -0.336376 -0.130137 4.02845
v -0.33834 -0.125509 4.02998
v -0.33565 -0.12172 4.02753
v -0.327821 -0.12383 4.02938
v -0.32827 -0.129032 4.02995
v -0.332174 -0.129961 4.03334
v -0.334138 -0.125333 4.03486
v -0.331448 -0.121544 4.03242
v -0.328669 -0.125852 4.03444
v -0.363146 -0.208128 4.03033
v -0.361093 -0.212893 4.03245
v -0.365085 -0.210468 4.03504
v -0.364116 -0.205215 4.03502
v -0.359525 -0.204394 4.03242
v -0.357656 -0.209139 4.03083
v -0.357792 -0.213481 4.03808
v -0.361784 -0.211055 4.04068
v -0.360815 -0.205802 4.04066
v -0.356224 -0.204981 4.03805
v -0.354355 -0.209726 4.03646
v -0.356543 -0.209303 4.0416
v -0.335626 -0.129613 4.02354
v -0.330576 -0.127415 4.02337
v -0.331025 -0.132617 4.02394
v -0.334929 -0.133546 4.02733
v -0.336893 -0.128918 4.02885
v -0.334203 -0.125129 4.02641
v -0.326374 -0.127239 4.02826
v -0.326823 -0.132441 4.02883
v -0.330727 -0.13337 4.03222
v -0.332691 -0.128743 4.03374
v -0.330001 -0.124954 4.03129
v -0.327222 -0.129262 4.03331
v -0.311606 -0.154291 3.73466
v -0.326554 -0.145841 3.73401
v -0.341501 -0.137391 3.73336
v -0.318399 -0.164505 3.74614
v -0.333809 -0.158012 3.74263
v -0.349219 -0.15152 3.73912
v -0.327355 -0.17994 3.75654
v -0.342789 -0.173573 3.7528
v -0.358223 -0.167205 3.74905
v -0.339876 -0.199772 3.76621
v -0.354072 -0.190258 3.76608
v -0.368269 -0.180744 3.76595
v -0.353113 -0.221408 3.76862
v -0.367063 -0.212146 3.77492
v -0.381012 -0.202884 3.78121
v -0.369679 -0.244965 3.77147
v -0.383539 -0.235995 3.77374
v -0.397399 -0.227026 3.77601
v -0.395111 -0.262508 3.78267
v -0.320512 -0.11994 3.73434
v -0.315203 -0.136276 3.73489
v -0.309895 -0.152612 3.73545
v -0.306365 -0.115396 3.74244
v -0.302832 -0.131911 3.74505
v -0.299299 -0.148426 3.74766
v -0.289965 -0.110441 3.75481
v -0.287621 -0.127062 3.75814
v -0.285277 -0.143684 3.76148
v -0.274136 -0.1056 3.77321
v -0.270347 -0.122233 3.77428
v -0.266558 -0.138866 3.77536
v -0.251612 -0.0987914 3.78241
v -0.249526 -0.114964 3.78977
v -0.24744 -0.131136 3.79713
v -0.226751 -0.0936401 3.78877
v -0.226691 -0.102668 3.80278
v -0.226631 -0.111696 3.81679
v -0.200556 -0.0919349 3.81368
v -0.337172 -0.153776 3.73547
v -0.328955 -0.135729 3.73527
v -0.320737 -0.117682 3.73508
v -0.348449 -0.148135 3.75002
v -0.342119 -0.1296 3.74775
v -0.335788 -0.111065 3.74547
v -0.365768 -0.140578 3.76442
v -0.357354 -0.122715 3.76472
v -0.34894 -0.104852 3.76502
v -0.386653 -0.129308 3.7802
v -0.374957 -0.114011 3.78446
v -0.36326 -0.0987128 3.78872
v -0.408439 -0.118294 3.79514
v -0.395752 -0.106431 3.8063
v -0.383064 -0.0945686 3.81746
v -0.42877 -0.115545 3.81902
v -0.417151 -0.107439 3.83203
v -0.405533 -0.0993322 3.84503
v -0.433679 -0.122007 3.85915
v -0.302871 -0.136952 3.73689
v -0.320159 -0.144309 3.73656
v -0.337447 -0.151666 3.73623
v -0.297911 -0.150556 3.74871
v -0.316002 -0.154724 3.75082
v -0.334093 -0.158892 3.75293
v -0.293155 -0.165435 3.76588
v -0.311349 -0.165232 3.77025
v -0.329542 -0.165028 3.77462
v -0.288233 -0.176523 3.78945
v -0.306555 -0.178702 3.79243
v -0.324877 -0.180881 3.7954
v -0.281672 -0.192586 3.81101
v -0.299283 -0.189383 3.81891
v -0.316893 -0.18618 3.8268
v -0.272752 -0.207546 3.83363
v -0.289143 -0.209333 3.8414
v -0.305535 -0.211121 3.84916
v -0.278535 -0.235427 3.8588
v -0.337655 -0.127962 3.73648
v -0.320926 -0.133868 3.73712
v -0.304197 -0.139773 3.73776
v -0.33539 -0.120379 3.75175
v -0.31837 -0.125056 3.7516
v -0.301349 -0.129733 3.75145
v -0.329236 -0.104117 3.7662
v -0.314653 -0.11364 3.76922
v -0.300071 -0.123164 3.77225
v -0.320282 -0.0870752 3.78206
v -0.308938 -0.0989524 3.78854
v -0.297594 -0.110829 3.79502
v -0.30579 -0.0679403 3.7891
v -0.29692 -0.0777593 3.802
v -0.288051 -0.0875784 3.8149
v -0.298824 -0.0445415 3.8079
v -0.284503 -0.0527244 3.81283
v -0.270182 -0.0609072 3.81777
v -0.277249 -0.0273966 3.82969
v -0.293183 -0.124669 3.46148
v -0.289347 -0.145619 3.4619
v -0.285511 -0.166568 3.46232
v -0.276386 -0.121923 3.47356
v -0.27082 -0.142063 3.47008
v -0.265254 -0.162203 3.46661
v -0.253171 -0.117296 3.48337
v -0.247518 -0.137387 3.47958
v -0.241866 -0.157479 3.47579
v -0.22325 -0.112736 3.49139
v -0.220871 -0.133749 3.49267
v -0.218492 -0.154763 3.49394
v -0.192322 -0.107999 3.49004
v -0.188636 -0.127877 3.49915
v -0.18495 -0.147756 3.50827
v -0.156865 -0.104396 3.48879
v -0.153402 -0.124354 3.49285
v -0.149939 -0.144311 3.49691
v -0.118243 -0.112642 3.4988
v -0.318766 -0.160376 3.45915
v -0.30759 -0.142338 3.46082
v -0.296414 -0.124299 3.46249
v -0.336375 -0.149287 3.46215
v -0.32452 -0.132411 3.46691
v -0.312665 -0.115535 3.47166
v -0.357576 -0.135648 3.46931
v -0.345021 -0.119683 3.47537
v -0.332466 -0.103718 3.48144
v -0.380394 -0.121461 3.48375
v -0.368122 -0.104461 3.48668
v -0.35585 -0.0874617 3.48961
v -0.406248 -0.104461 3.48412
v -0.395993 -0.0880461 3.4949
v -0.385739 -0.0716308 3.50569
v -0.431414 -0.0845941 3.48001
v -0.429133 -0.0744597 3.49785
v -0.426851 -0.0643254 3.51569
v -0.462252 -0.0568837 3.49703
v -0.273887 -0.149489 3.46699
v -0.297327 -0.15603 3.46367
v -0.320767 -0.162571 3.46035
v -0.271739 -0.166804 3.48305
v -0.293855 -0.175271 3.47708
v -0.315971 -0.183738 3.47112
v -0.266347 -0.191271 3.49837
v -0.289805 -0.197704 3.49582
v -0.313262 -0.204137 3.49326
v -0.261568 -0.222447 3.51474
v -0.285773 -0.224197 3.51752
v -0.309978 -0.225947 3.52031
v -0.255998 -0.254438 3.52997
v -0.27872 -0.253374 3.54165
v -0.301441 -0.25231 3.55333
v -0.245823 -0.280579 3.55746
v -0.264551 -0.277904 3.57193
v -0.283279 -0.275229 3.5864
v -0.242289 -0.28908 3.60732
v -0.316967 -0.130065 3.4626
v -0.29643 -0.140648 3.46541
v -0.275893 -0.15123 3.46822
v -0.309048 -0.112671 3.4759
v -0.291235 -0.126204 3.48182
v -0.273421 -0.139738 3.48774
v -0.300232 -0.0937633 3.49577
v -0.286781 -0.110489 3.50451
v -0.27333 -0.127214 3.51326
v -0.295888 -0.0769519 3.52323
v -0.279824 -0.0919462 3.53051
v -0.26376 -0.10694 3.53778
v -0.288118 -0.0549958 3.54726
v -0.278263 -0.0722147 3.56116
v -0.268408 -0.0894336 3.57507
v -0.284288 -0.0308426 3.5718
v -0.270519 -0.0423472 3.5855
v -0.25675 -0.0538519 3.59919
v -0.257735 -0.00745409 3.60283
v -0.297884 -0.170136 3.4666
v -0.305512 -0.149537 3.46565
v -0.31314 -0.128938 3.4647
v -0.309938 -0.173596 3.48372
v -0.31883 -0.153732 3.48164
v -0.327721 -0.133867 3.47956
v -0.332945 -0.18034 3.49815
v -0.336039 -0.158854 3.50101
v -0.339133 -0.137369 3.50387
v -0.359134 -0.185046 3.51387
v -0.358172 -0.164666 3.52174
v -0.35721 -0.144286 3.52961
v -0.389929 -0.186266 3.51737
v -0.390326 -0.169663 3.53312
v -0.390722 -0.15306 3.54887
v -0.421867 -0.197365 3.5355
v -0.42598 -0.177019 3.54038
v -0.430093 -0.156674 3.54526
v -0.45951 -0.188982 3.55566
v -0.263018 -0.159496 3.224
v -0.248205 -0.141116 3.22555
v -0.233391 -0.122736 3.2271
v -0.277454 -0.148266 3.23831
v -0.264578 -0.128768 3.2356
v -0.251701 -0.109269 3.23289
v -0.298108 -0.132822 3.25039
v -0.285323 -0.113275 3.24732
v -0.272537 -0.0937278 3.24425
v -0.323484 -0.11162 3.26083
v -0.307575 -0.0944551 3.26326
v -0.291666 -0.0772898 3.26569
v -0.349808 -0.0892122 3.26102
v -0.3359 -0.0722261 3.27218
v -0.321992 -0.0552399 3.28334
v -0.378777 -0.0624683 3.26172
v -0.36481 -0.0451171 3.26722
v -0.350843 -0.027766 3.27272
v -0.400511 -0.0252094 3.27538
v -0.214427 -0.155213 3.22559
v -0.237768 -0.15879 3.22531
v -0.26111 -0.162367 3.22502
v -0.211538 -0.177396 3.23186
v -0.234749 -0.179253 3.23489
v -0.257961 -0.18111 3.23793
v -0.208605 -0.203928 3.24327
v -0.231707 -0.204415 3.24764
v -0.254809 -0.204902 3.25201
v -0.205758 -0.231531 3.26304
v -0.22917 -0.233193 3.26392
v -0.252583 -0.234855 3.2648
v -0.201674 -0.265712 3.26801
v -0.224191 -0.267171 3.27777
v -0.246708 -0.268629 3.28753
v -0.200616 -0.301692 3.26795
v -0.213166 -0.30438 3.28692
v -0.225716 -0.307068 3.30589
v -0.205635 -0.345004 3.29185
v -0.256587 -0.125161 3.22948
v -0.23393 -0.140245 3.22818
v -0.211274 -0.155329 3.22688
v -0.2459 -0.111621 3.24949
v -0.222231 -0.124157 3.24539
v -0.198562 -0.136694 3.24129
v -0.231323 -0.0902559 3.26938
v -0.208914 -0.105547 3.2688
v -0.186504 -0.120838 3.26823
v -0.210849 -0.064818 3.29118
v -0.192525 -0.0841958 3.296
v -0.174202 -0.103574 3.30082
v -0.19041 -0.0380797 3.31193
v -0.176758 -0.0584305 3.32622
v -0.163105 -0.0787814 3.34051
v -0.180879 -0.0120175 3.34533
v -0.171982 -0.0302483 3.36227
v -0.163085 -0.0484792 3.3792
v -0.186289 -0.00569107 3.40096
v -0.241671 -0.175543 3.22652
v -0.247811 -0.150552 3.22865
v -0.25395 -0.125562 3.23078
v -0.262938 -0.181133 3.24002
v -0.264882 -0.156217 3.24591
v -0.266825 -0.131301 3.25179
v -0.28657 -0.186941 3.26074
v -0.282885 -0.1633 3.27016
v -0.279201 -0.139658 3.27957
v -0.305751 -0.19482 3.29029
v -0.305273 -0.170268 3.29781
v -0.304796 -0.145716 3.30533
v -0.331568 -0.203546 3.31551
v -0.325275 -0.182394 3.33086
v -0.318981 -0.161243 3.34621
v -0.356989 -0.216863 3.34129
v -0.358207 -0.196443 3.35573
v -0.359426 -0.176024 3.37018
v -0.398626 -0.209606 3.37195
v -0.221478 -0.130676 3.23168
v -0.233206 -0.151989 3.22988
v -0.244935 -0.173303 3.22807
v -0.211246 -0.138234 3.25145
v -0.221345 -0.160094 3.24854
v -0.231445 -0.181954 3.24562
v -0.190095 -0.152636 3.26901
v -0.206105 -0.170776 3.27117
v -0.222115 -0.188917 3.27334
v -0.168347 -0.171236 3.28811
v -0.186807 -0.185089 3.29559
v -0.205268 -0.198943 3.30307
v -0.145291 -0.196422 3.29383
v -0.160389 -0.208532 3.31027
v -0.175486 -0.220643 3.32671
v -0.11453 -0.21566 3.3164
v -0.129395 -0.233534 3.32078
v -0.14426 -0.251408 3.32517
v -0.0968499 -0.25367 3.34035
v -0.311579 -0.145005 3.72621
v -0.321921 -0.139158 3.72576
v -0.332264 -0.133312 3.72531
v -0.312983 -0.145072 3.73862
v -0.324339 -0.142616 3.73643
v -0.335696 -0.140159 3.73425
v -0.317053 -0.151499 3.75159
v -0.328225 -0.148885 3.74867
v -0.339398 -0.14627 3.74575
v -0.325961 -0.162951 3.76381
v -0.335346 -0.155992 3.76199
v -0.344732 -0.149033 3.76017
v -0.334781 -0.176771 3.76807
v -0.343894 -0.169301 3.77185
v -0.353008 -0.161832 3.77564
v -0.347029 -0.19208 3.7732
v -0.356147 -0.185062 3.77396
v -0.365265 -0.178044 3.77471
v -0.360463 -0.201752 3.78586
v -0.325015 -0.129638 3.72544
v -0.318828 -0.148678 3.72608
v -0.320013 -0.128143 3.73372
v -0.319305 -0.137995 3.735
v -0.318597 -0.147847 3.73627
v -0.314806 -0.127067 3.74488
v -0.315223 -0.136935 3.74626
v -0.315641 -0.146802 3.74765
v -0.310906 -0.12667 3.75947
v -0.309819 -0.136569 3.75924
v -0.308732 -0.146468 3.75901
v -0.300385 -0.124241 3.76855
v -0.301832 -0.133792 3.77248
v -0.303278 -0.143344 3.7764
v -0.289068 -0.121321 3.7762
v -0.292921 -0.125388 3.78413
v -0.296774 -0.129456 3.79207
v -0.284099 -0.118845 3.79795
v -0.326448 -0.1491 3.72587
v -0.317394 -0.129217 3.72565
v -0.326934 -0.148362 3.73685
v -0.324713 -0.137778 3.73584
v -0.322493 -0.127194 3.73482
v -0.332706 -0.146263 3.74823
v -0.328145 -0.136389 3.74843
v -0.323584 -0.126515 3.74862
v -0.340794 -0.140856 3.76121
v -0.333054 -0.133367 3.76264
v -0.325313 -0.125878 3.76407
v -0.349585 -0.136201 3.77262
v -0.34043 -0.132208 3.77806
v -0.331275 -0.128215 3.78349
v -0.355488 -0.141003 3.78874
v -0.346372 -0.139496 3.79392
v -0.337256 -0.137989 3.79911
v -0.345546 -0.156102 3.80362
v -0.314538 -0.136016 3.7259
v -0.329304 -0.1423 3.72562
v -0.31355 -0.140069 3.73294
v -0.321507 -0.140477 3.73338
v -0.329465 -0.140884 3.73382
v -0.313464 -0.143641 3.74229
v -0.320989 -0.141043 3.74299
v -0.328514 -0.138446 3.7437
v -0.31302 -0.143752 3.75388
v -0.320916 -0.142612 3.75415
v -0.328811 -0.141473 3.75443
v -0.31172 -0.14629 3.76525
v -0.318511 -0.141576 3.76646
v -0.325303 -0.136862 3.76767
v -0.307985 -0.147698 3.77534
v -0.314506 -0.145309 3.77886
v -0.321027 -0.14292 3.78237
v -0.310891 -0.151697 3.79094
v -0.326658 -0.137486 3.72558
v -0.317184 -0.14083 3.72594
v -0.326681 -0.137248 3.73046
v -0.321786 -0.138259 3.73053
v -0.316892 -0.13927 3.73059
v -0.324978 -0.133338 3.73556
v -0.321207 -0.136548 3.73629
v -0.317436 -0.139757 3.73702
v -0.322063 -0.129494 3.74057
v -0.31968 -0.133464 3.74245
v -0.317298 -0.137434 3.74434
v -0.317295 -0.125168 3.74188
v -0.315504 -0.127816 3.74603
v -0.313713 -0.130464 3.75017
v -0.314984 -0.118366 3.74704
v -0.311253 -0.120994 3.74875
v -0.307522 -0.123622 3.75046
v -0.30974 -0.113936 3.75388
v -0.321003 -0.140882 3.72583
v -0.322839 -0.137435 3.72569
v -0.32214 -0.14118 3.72753
v -0.322216 -0.139241 3.72762
v -0.322293 -0.137301 3.72771
v -0.321681 -0.14117 3.72992
v -0.322641 -0.139477 3.72992
v -0.3236 -0.137784 3.72991
v -0.32247 -0.141616 3.73255
v -0.323682 -0.140107 3.73238
v -0.324895 -0.138598 3.73221
v -0.324294 -0.143355 3.73362
v -0.325299 -0.141761 3.73439
v -0.326305 -0.140167 3.73515
v -0.324978 -0.145223 3.73524
v -0.325629 -0.14414 3.73665
v -0.326281 -0.143058 3.73806
v -0.326488 -0.147317 3.73766
v -0.29859 -0.132846 3.45058
v -0.295939 -0.147328 3.45087
v -0.293287 -0.161809 3.45116
v -0.29965 -0.133646 3.46573
v -0.292617 -0.146444 3.46466
v -0.285583 -0.159243 3.4636
v -0.293295 -0.131798 3.4827
v -0.286202 -0.144524 3.48104
v -0.279109 -0.15725 3.47938
v -0.278893 -0.130164 3.50087
v -0.277337 -0.144681 3.49972
v -0.275782 -0.159199 3.49857
v -0.260803 -0.126799 3.51055
v -0.261479 -0.14107 3.51611
v -0.262155 -0.15534 3.52166
v -0.239394 -0.124734 3.5231
v -0.238442 -0.138831 3.52518
v -0.23749 -0.152927 3.52726
v -0.224386 -0.127634 3.5439
v -0.302452 -0.15784 3.4499
v -0.289426 -0.136815 3.45184
v -0.309113 -0.153985 3.45903
v -0.300673 -0.145394 3.4617
v -0.292234 -0.136804 3.46437
v -0.316291 -0.149485 3.47139
v -0.307152 -0.141837 3.47464
v -0.298013 -0.13419 3.47789
v -0.323129 -0.14544 3.48796
v -0.314926 -0.136311 3.48921
v -0.306723 -0.127181 3.49047
v -0.33597 -0.137304 3.49549
v -0.327733 -0.130307 3.50256
v -0.319497 -0.123311 3.50963
v -0.349895 -0.128896 3.5005
v -0.346337 -0.128312 3.51197
v -0.342779 -0.127728 3.52345
v -0.36426 -0.124486 3.52388
v -0.283026 -0.143724 3.4527
v -0.308851 -0.150931 3.44904
v -0.285255 -0.144412 3.46644
v -0.29679 -0.150667 3.46347
v -0.308325 -0.156921 3.4605
v -0.285176 -0.151168 3.48153
v -0.298049 -0.154417 3.47924
v -0.310922 -0.157666 3.47694
v -0.287701 -0.162679 3.49879
v -0.300871 -0.160596 3.49698
v -0.314042 -0.158514 3.49517
v -0.289552 -0.174234 3.51462
v -0.301639 -0.167423 3.51705
v -0.313726 -0.160613 3.51948
v -0.287097 -0.174822 3.53732
v -0.296883 -0.166323 3.53936
v -0.306669 -0.157823 3.5414
v -0.286266 -0.151978 3.55517
v -0.30471 -0.142808 3.44967
v -0.287168 -0.151847 3.45207
v -0.302856 -0.138415 3.45836
v -0.296329 -0.145579 3.4603
v -0.289802 -0.152742 3.46224
v -0.301458 -0.135057 3.46996
v -0.298193 -0.144173 3.47201
v -0.294928 -0.15329 3.47406
v -0.304654 -0.133928 3.48347
v -0.299695 -0.142174 3.48574
v -0.294736 -0.15042 3.48801
v -0.306995 -0.129831 3.49699
v -0.306599 -0.139858 3.49952
v -0.306203 -0.149884 3.50204
v -0.312603 -0.124438 3.5076
v -0.311437 -0.131958 3.51351
v -0.310272 -0.139479 3.51943
v -0.314662 -0.122099 3.52762
v -0.293779 -0.15316 3.45114
v -0.298099 -0.141495 3.4506
v -0.294868 -0.153184 3.45722
v -0.297714 -0.147721 3.4566
v -0.300559 -0.142258 3.45598
v -0.300953 -0.154409 3.4627
v -0.300964 -0.14824 3.46332
v -0.300974 -0.142071 3.46393
v -0.308032 -0.154334 3.46757
v -0.306591 -0.148817 3.46998
v -0.305149 -0.1433 3.47239
v -0.316074 -0.153 3.46717
v -0.316104 -0.148883 3.47217
v -0.316133 -0.144766 3.47718
v -0.325949 -0.155473 3.47142
v -0.32655 -0.149683 3.47302
v -0.327151 -0.143893 3.47463
v -0.336059 -0.15297 3.47739
v -0.295042 -0.145084 3.45101
v -0.296836 -0.149571 3.45073
v -0.294163 -0.14586 3.45333
v -0.29595 -0.147467 3.4532
v -0.297737 -0.149073 3.45308
v -0.295023 -0.145316 3.45618
v -0.295874 -0.14757 3.45611
v -0.296724 -0.149824 3.45604
v -0.294687 -0.145548 3.45959
v -0.295124 -0.147907 3.45941
v -0.295561 -0.150267 3.45922
v -0.292028 -0.145821 3.46172
v -0.293027 -0.147974 3.46257
v -0.294025 -0.150128 3.46341
v -0.290394 -0.144813 3.46429
v -0.291459 -0.146168 3.46588
v -0.292524 -0.147522 3.46747
v -0.288459 -0.144187 3.46817
v -0.249643 -0.158583 3.2128
v -0.239413 -0.14589 3.21387
v -0.229183 -0.133197 3.21494
v -0.249773 -0.158622 3.22961
v -0.243976 -0.14347 3.22877
v -0.23818 -0.128317 3.22793
v -0.257958 -0.154261 3.24747
v -0.252225 -0.139103 3.24604
v -0.246493 -0.123945 3.2446
v -0.272263 -0.143068 3.26529
v -0.261299 -0.131078 3.26552
v -0.250334 -0.119088 3.26575
v -0.289617 -0.130528 3.27265
v -0.27881 -0.120138 3.28068
v -0.268002 -0.109748 3.28871
v -0.309421 -0.114429 3.28247
v -0.299451 -0.102768 3.28643
v -0.289481 -0.0911076 3.29039
v -0.322828 -0.0995193 3.30291
v -0.225811 -0.143806 3.21403
v -0.253016 -0.147975 3.2137
v -0.225203 -0.152149 3.22464
v -0.238769 -0.15107 3.22609
v -0.252334 -0.149991 3.22753
v -0.22543 -0.161391 3.23891
v -0.238771 -0.158813 3.24069
v -0.252113 -0.156236 3.24248
v -0.226633 -0.16996 3.25792
v -0.240258 -0.168953 3.25708
v -0.253883 -0.167946 3.25624
v -0.226406 -0.186888 3.26731
v -0.239287 -0.18376 3.27275
v -0.252169 -0.180632 3.27818
v -0.225912 -0.204738 3.27385
v -0.231157 -0.201303 3.28563
v -0.236402 -0.197869 3.29741
v -0.226292 -0.219469 3.30094
v -0.251894 -0.137581 3.21458
v -0.226932 -0.1542 3.21315
v -0.251203 -0.138749 3.22971
v -0.237312 -0.143959 3.22808
v -0.22342 -0.149169 3.22644
v -0.247566 -0.133504 3.24648
v -0.235243 -0.141943 3.24588
v -0.222919 -0.150383 3.24527
v -0.239024 -0.126802 3.2665
v -0.23086 -0.139301 3.26632
v -0.222696 -0.1518 3.26615
v -0.231364 -0.119344 3.28524
v -0.228687 -0.134221 3.2892
v -0.22601 -0.149098 3.29317
v -0.238294 -0.115976 3.30927
v -0.238611 -0.130237 3.31218
v -0.238928 -0.144497 3.31509
v -0.262317 -0.131673 3.32382
v -0.236791 -0.156563 3.21296
v -0.242035 -0.135217 3.21478
v -0.242713 -0.158012 3.22212
v -0.241585 -0.147303 3.22419
v -0.240457 -0.136595 3.22627
v -0.247961 -0.158965 3.2344
v -0.242904 -0.14962 3.23717
v -0.237846 -0.140274 3.23994
v -0.248745 -0.162084 3.24947
v -0.245685 -0.151921 3.25223
v -0.242624 -0.141757 3.25499
v -0.253282 -0.166312 3.26374
v -0.245626 -0.158916 3.26804
v -0.237971 -0.15152 3.27234
v -0.256672 -0.174302 3.27527
v -0.252625 -0.167865 3.28279
v -0.248579 -0.161429 3.29032
v -0.263169 -0.176417 3.2967
v -0.236092 -0.139855 3.21438
v -0.242734 -0.151925 3.21336
v -0.235922 -0.140646 3.22121
v -0.238407 -0.146993 3.22037
v -0.240892 -0.153341 3.21952
v -0.231196 -0.14482 3.22806
v -0.23649 -0.149211 3.22813
v -0.241784 -0.153602 3.2282
v -0.226926 -0.150859 3.23439
v -0.233057 -0.15339 3.23618
v -0.239187 -0.155921 3.23797
v -0.222386 -0.15882 3.23496
v -0.22687 -0.161454 3.23992
v -0.231355 -0.164088 3.24489
v -0.214386 -0.165747 3.24132
v -0.219398 -0.17005 3.24243
v -0.224411 -0.174352 3.24354
v -0.211144 -0.176177 3.24895
v -0.241956 -0.146751 3.2138
v -0.236871 -0.145029 3.21394
v -0.242174 -0.14541 3.21629
v -0.239531 -0.145755 3.21645
v -0.236889 -0.1461 3.21662
v -0.242364 -0.146469 3.2194
v -0.239865 -0.145551 3.21966
v -0.237367 -0.144633 3.21991
v -0.242931 -0.145949 3.22305
v -0.240643 -0.144583 3.22322
v -0.238354 -0.143217 3.22339
v -0.244984 -0.143528 3.22492
v -0.242732 -0.142683 3.22634
v -0.24048 -0.141837 3.22776
v -0.247534 -0.142863 3.22719
v -0.24611 -0.142642 3.22936
v -0.244687 -0.14242 3.23153
v -0.250472 -0.141578 3.23085
v -0.324399 -0.140585 3.75535
v -0.325502 -0.136597 3.75531
v -0.321514 -0.135495 3.75526
v -0.320411 -0.139483 3.7553
v -0.323675 -0.140718 3.76849
v -0.324761 -0.136778 3.7686
v -0.320825 -0.135689 3.7684
v -0.31974 -0.139629 3.76829
v -0.322652 -0.140918 3.78161
v -0.323686 -0.13715 3.78178
v -0.319925 -0.136107 3.78153
v -0.318891 -0.139875 3.78136
v -0.321531 -0.141119 3.79473
v -0.3225 -0.137586 3.7949
v -0.318974 -0.136607 3.79465
v -0.318006 -0.140141 3.79447
v -0.319347 -0.141899 3.80768
v -0.320217 -0.138643 3.80806
v -0.316983 -0.137727 3.80761
v -0.316114 -0.140983 3.80723
v -0.316088 -0.143268 3.82036
v -0.316837 -0.140327 3.82091
v -0.313937 -0.139474 3.8203
v -0.313188 -0.142416 3.81975
v -0.310476 -0.145962 3.83196
v -0.311001 -0.14342 3.83285
v -0.308565 -0.142588 3.8319
v -0.30804 -0.14513 3.83102
v -0.314839 -0.154685 3.8382
v -0.315001 -0.153244 3.84003
v -0.312804 -0.153748 3.84062
v -0.312643 -0.155189 3.83879
v -0.31949 -0.164198 3.83285
v -0.320553 -0.164368 3.83427
v -0.319343 -0.165411 3.83505
v -0.31828 -0.165242 3.83363
v -0.318483 -0.165974 3.82085
v -0.319528 -0.166485 3.82087
v -0.319019 -0.167516 3.82105
v -0.317975 -0.167004 3.82103
v -0.304806 -0.145668 3.48657
v -0.307645 -0.14988 3.48588
v -0.311536 -0.146986 3.48422
v -0.308697 -0.142775 3.48491
v -0.31053 -0.143604 3.50169
v -0.313397 -0.147746 3.50118
v -0.317179 -0.144906 3.49937
v -0.314312 -0.140764 3.49988
v -0.316403 -0.141204 3.51671
v -0.319172 -0.145156 3.51629
v -0.322763 -0.14245 3.51449
v -0.319993 -0.138498 3.51491
v -0.322342 -0.138711 3.53168
v -0.324947 -0.142414 3.53131
v -0.328307 -0.13988 3.5296
v -0.325702 -0.136177 3.52998
v -0.328461 -0.134769 3.54627
v -0.330967 -0.138138 3.54618
v -0.333976 -0.13585 3.54435
v -0.331469 -0.132481 3.54444
v -0.334709 -0.129369 3.56033
v -0.337083 -0.132358 3.56047
v -0.339725 -0.130351 3.55858
v -0.337351 -0.127362 3.55844
v -0.341017 -0.120798 3.57268
v -0.343324 -0.123225 3.57325
v -0.345476 -0.121671 3.57113
v -0.343169 -0.119244 3.57056
v -0.332369 -0.117399 3.5836
v -0.334311 -0.118519 3.58542
v -0.335686 -0.115983 3.58551
v -0.333744 -0.114864 3.58369
v -0.318094 -0.114772 3.5813
v -0.31774 -0.115505 3.58335
v -0.31798 -0.113457 3.58412
v -0.318335 -0.112723 3.58207
v -0.312341 -0.113575 3.56741
v -0.311121 -0.114156 3.56791
v -0.310618 -0.112839 3.56821
v -0.311838 -0.112259 3.56771
v -0.243524 -0.152906 3.2539
v -0.237883 -0.15237 3.25438
v -0.237238 -0.157815 3.25288
v -0.242878 -0.158352 3.2524
v -0.245061 -0.15852 3.27102
v -0.239502 -0.158048 3.27169
v -0.23885 -0.16337 3.27001
v -0.244408 -0.163842 3.26935
v -0.24675 -0.164503 3.28801
v -0.241441 -0.164079 3.28873
v -0.240809 -0.169143 3.28704
v -0.246118 -0.169568 3.28633
v -0.248463 -0.170611 3.30495
v -0.243486 -0.17022 3.30564
v -0.242891 -0.174963 3.30404
v -0.247868 -0.175353 3.30335
v -0.251171 -0.177919 3.32127
v -0.24661 -0.177668 3.32219
v -0.246019 -0.181942 3.32043
v -0.25058 -0.182193 3.31951
v -0.254882 -0.186397 3.33681
v -0.250789 -0.186292 3.33791
v -0.250197 -0.190056 3.33605
v -0.254291 -0.190161 3.33496
v -0.260791 -0.197257 3.35002
v -0.257317 -0.197473 3.35146
v -0.256625 -0.20051 3.34934
v -0.260099 -0.200293 3.3479
v -0.272243 -0.191777 3.35961
v -0.270424 -0.19255 3.36212
v -0.27163 -0.195516 3.36209
v -0.27345 -0.194743 3.35957
v -0.283643 -0.181594 3.35393
v -0.283775 -0.180673 3.35619
v -0.285519 -0.182294 3.35675
v -0.285387 -0.183215 3.35449
v -0.285165 -0.178209 3.33762
v -0.285636 -0.176734 3.33802
v -0.287157 -0.177225 3.33804
v -0.286686 -0.1787 3.33764
v -0.316359 -0.166203 3.8314
v -0.313776 -0.160283 3.82544
v -0.321777 -0.162758 3.8254
v -0.321931 -0.171041 3.82663
v -0.314025 -0.173686 3.82743
v -0.308985 -0.167037 3.8267
v -0.313257 -0.161799 3.81529
v -0.321258 -0.164274 3.81525
v -0.321411 -0.172557 3.81647
v -0.313505 -0.175201 3.81727
v -0.308465 -0.168553 3.81654
v -0.315319 -0.169234 3.81108
v -0.317947 -0.110359 3.57908
v -0.322843 -0.11319 3.56978
v -0.314737 -0.118801 3.57301
v -0.307527 -0.112256 3.57658
v -0.311177 -0.1026 3.57556
v -0.320642 -0.103178 3.57136
v -0.31772 -0.112482 3.55814
v -0.309614 -0.118092 3.56137
v -0.302404 -0.111547 3.56494
v -0.306054 -0.101891 3.56392
v -0.315519 -0.102469 3.55972
v -0.3077 -0.108942 3.5558
v -0.286895 -0.184705 3.3508
v -0.278885 -0.187313 3.34215
v -0.280522 -0.176275 3.34496
v -0.29182 -0.174605 3.34639
v -0.297164 -0.184612 3.34445
v -0.28917 -0.192466 3.34184
v -0.280119 -0.184011 3.32847
v -0.281757 -0.172972 3.33128
v -0.293054 -0.171303 3.3327
v -0.298399 -0.18131 3.33077
v -0.290405 -0.189164 3.32815
v -0.289364 -0.178101 3.32343
v -0.322183 -0.164255 3.83081
v -0.319601 -0.158335 3.82485
v -0.327602 -0.16081 3.82481
v -0.327755 -0.169093 3.82604
v -0.319849 -0.171737 3.82684
v -0.314809 -0.165089 3.82611
v -0.319081 -0.159851 3.8147
v -0.327082 -0.162325 3.81466
v -0.327235 -0.170608 3.81588
v -0.319329 -0.173253 3.81668
v -0.31429 -0.166604 3.81595
v -0.321144 -0.167286 3.8105
v -0.315259 -0.117472 3.57983
v -0.320154 -0.120304 3.57053
v -0.312049 -0.125914 3.57376
v -0.304839 -0.119369 3.57733
v -0.308488 -0.109713 3.57631
v -0.317954 -0.110291 3.57211
v -0.315031 -0.119595 3.55889
v -0.306926 -0.125206 3.56212
v -0.299716 -0.11866 3.56569
v -0.303365 -0.109004 3.56467
v -0.312831 -0.109582 3.56047
v -0.305012 -0.116055 3.55655
v -0.282958 -0.177334 3.35222
v -0.274948 -0.179941 3.34358
v -0.276585 -0.168903 3.34639
v -0.287883 -0.167233 3.34781
v -0.293227 -0.17724 3.34588
v -0.285233 -0.185094 3.34326
v -0.276182 -0.176639 3.32989
v -0.277819 -0.1656 3.3327
v -0.289117 -0.163931 3.33413
v -0.294461 -0.173938 3.33219
v -0.286467 -0.181792 3.32958
v -0.285426 -0.170729 3.32486
v -0.125108 -0.0487842 2.326
v -0.110124 -0.0570814 2.31779
v -0.115575 -0.0738697 2.3248
v -0.130559 -0.0655725 2.33302
v -0.0924173 -0.0412567 2.37406
v -0.0796492 -0.0478954 2.36816
v -0.0845337 -0.0617763 2.3732
v -0.0973017 -0.0551376 2.37911
v -0.0636348 -0.0347964 2.42474
v -0.0532825 -0.0399658 2.42057
v -0.0573615 -0.05101 2.42413
v -0.0677138 -0.0458407 2.4283
v -0.0379838 -0.0283438 2.4775
v -0.0295445 -0.0327548 2.47343
v -0.0330229 -0.0420725 2.47632
v -0.0414622 -0.0376615 2.48039
v -0.00990737 -0.0265486 2.51856
v -0.00329081 -0.0302719 2.5143
v -0.00610767 -0.0381248 2.51679
v -0.0127242 -0.0344015 2.52105
v 0.0169378 -0.0262536 2.55626
v 0.0206694 -0.0284276 2.55363
v 0.0190997 -0.0329839 2.55517
v 0.0153682 -0.0308099 2.5578
v 0.0254032 -0.0236695 2.5685
v 0.0309587 -0.0269061 2.56458
v 0.0286218 -0.0336894 2.56687
v 0.0230664 -0.0304529 2.57079
v -0.124206 -0.0484689 2.32576
v -0.117129 -0.0607272 2.33843
v -0.116477 -0.0741851 2.32504
v -0.123554 -0.0619267 2.31237
v -0.177837 -0.0675238 2.33986
v -0.170568 -0.0771126 2.34972
v -0.171595 -0.0886104 2.3393
v -0.178864 -0.0790216 2.32944
v -0.228851 -0.0856365 2.36243
v -0.222247 -0.0929572 2.36979
v -0.223966 -0.102327 2.362
v -0.23057 -0.0950059 2.35465
v -0.27757 -0.102084 2.39144
v -0.270972 -0.107863 2.39694
v -0.272813 -0.115916 2.3907
v -0.279412 -0.110138 2.38519
v -0.310878 -0.120039 2.42376
v -0.304698 -0.124575 2.42789
v -0.306218 -0.131384 2.42268
v -0.312398 -0.126848 2.41855
v -0.341428 -0.13821 2.45339
v -0.337967 -0.140911 2.4559
v -0.338687 -0.144784 2.45273
v -0.342147 -0.142083 2.45021
v -0.352827 -0.141979 2.46255
v -0.347675 -0.146 2.46629
v -0.348747 -0.151767 2.46156
v -0.353899 -0.147745 2.45782
v -0.143209 -0.0492906 1.67057
v -0.140844 -0.032756 1.65688
v -0.128241 -0.022667 1.67123
v -0.130607 -0.0392015 1.68493
v -0.21052 -0.0100127 1.70416
v -0.210486 0.00551007 1.69353
v -0.19738 0.0131176 1.70468
v -0.197414 -0.00240516 1.71531
v -0.270387 0.0251973 1.75289
v -0.271536 0.0390444 1.74497
v -0.259155 0.0448252 1.75328
v -0.258006 0.0309781 1.7612
v -0.32317 0.0562655 1.81233
v -0.324094 0.0679384 1.80562
v -0.313007 0.0724188 1.81188
v -0.312083 0.0607459 1.8186
v -0.362022 0.0893575 1.85746
v -0.362511 0.0995209 1.85083
v -0.352291 0.103443 1.85609
v -0.351801 0.0932797 1.86272
v -0.39802 0.119607 1.90577
v -0.398633 0.129244 1.89978
v -0.388947 0.132813 1.90453
v -0.388334 0.123177 1.91052
v -0.43255 0.149388 1.95575
v -0.433479 0.158012 1.95123
v -0.424579 0.160606 1.95435
v -0.42365 0.151982 1.95887
v -0.457095 0.182038 2.03242
v -0.457687 0.18725 2.02975
v -0.452188 0.188665 2.0313
v -0.451596 0.183453 2.03396
v -0.457819 0.183097 2.03454
v -0.458535 0.188253 2.0321
v -0.453521 0.19 2.03431
v -0.452805 0.184844 2.03676
v -0.465594 0.186874 2.04687
v -0.466531 0.193625 2.04366
v -0.459967 0.195911 2.04656
v -0.45903 0.189161 2.04977
v -0.142993 -0.0494128 1.67073
v -0.14287 -0.0322814 1.68389
v -0.128458 -0.0225448 1.67108
v -0.128581 -0.0396762 1.65792
v -0.0788836 -0.0824306 1.71541
v -0.0805181 -0.0665557 1.72537
v -0.0662739 -0.0590028 1.71567
v -0.0646395 -0.0748777 1.70571
v -0.0230331 -0.110878 1.77255
v -0.0253985 -0.0968486 1.77986
v -0.0123423 -0.0909479 1.77275
v -0.00997684 -0.104978 1.76545
v 0.0254393 -0.135513 1.83832
v 0.0222823 -0.123157 1.84274
v 0.0338399 -0.118384 1.83766
v 0.0369969 -0.13074 1.83324
v 0.0544938 -0.140434 1.89973
v 0.0507959 -0.129132 1.9022
v 0.0613947 -0.124784 1.89817
v 0.0650926 -0.136085 1.8957
v 0.0804421 -0.145075 1.96178
v 0.0769421 -0.134492 1.96399
v 0.0869252 -0.130437 1.96038
v 0.0904252 -0.14102 1.95817
v 0.105623 -0.149006 2.02445
v 0.103014 -0.139994 2.02721
v 0.111001 -0.136356 2.0229
v 0.11361 -0.145368 2.02013
v 0.159644 -0.158735 2.09179
v 0.158517 -0.153409 2.09402
v 0.162688 -0.151084 2.09058
v 0.163815 -0.15641 2.08835
v 0.161412 -0.159027 2.0935
v 0.160414 -0.153891 2.09589
v 0.165013 -0.151739 2.09319
v 0.166011 -0.156875 2.0908
v 0.169484 -0.163914 2.10523
v 0.168178 -0.15719 2.10836
v 0.174198 -0.154372 2.10482
v 0.175504 -0.161096 2.10169
v -0.0386659 -0.0635211 1.06168
v -0.0530973 -0.0683709 1.04263
v -0.0723343 -0.0697569 1.05755
v -0.0579029 -0.0649071 1.0766
v -0.0241086 -0.159309 1.0735
v -0.0362767 -0.168227 1.05748
v -0.0542947 -0.16597 1.06991
v -0.0421265 -0.157052 1.08593
v -0.0107281 -0.248465 1.11128
v -0.0209853 -0.259342 1.09869
v -0.0374089 -0.255088 1.10839
v -0.0271517 -0.244211 1.12098
v 0.00107732 -0.328008 1.16859
v -0.00787131 -0.337916 1.15776
v -0.0224997 -0.332899 1.16526
v -0.0135511 -0.322991 1.17609
v 0.00170667 -0.422578 1.23353
v -0.00585091 -0.431622 1.22456
v -0.0185853 -0.426465 1.23009
v -0.0110278 -0.417421 1.23906
v 0.00270942 -0.504036 1.31368
v -0.00414229 -0.513545 1.30716
v -0.0156615 -0.507589 1.31058
v -0.00880982 -0.498079 1.3171
v -0.007689 -0.544265 1.40135
v -0.01418 -0.553771 1.39651
v -0.0247752 -0.54738 1.39817
v -0.0182841 -0.537874 1.40301
v -0.0185386 -0.582556 1.48856
v -0.0238398 -0.590577 1.48473
v -0.0327062 -0.58611 1.48765
v -0.027405 -0.578089 1.49147
v -0.000938949 -0.625193 1.55966
v -0.00475917 -0.630904 1.55696
v -0.010793 -0.628546 1.5605
v -0.0069728 -0.622834 1.5632
v 0.00534197 -0.640438 1.58161
v 0.0018254 -0.644602 1.57808
v -0.00361601 -0.642275 1.58075
v -9.94384e-005 -0.638111 1.58429
v 0.00781176 -0.6499 1.59268
v 0.00376767 -0.654988 1.58887
v -0.0025217 -0.652416 1.59212
v 0.0015224 -0.647329 1.59592
v -0.0384032 -0.0646636 1.06069
v -0.0550342 -0.0778306 1.07273
v -0.072597 -0.0686144 1.05854
v -0.055966 -0.0554474 1.0465
v -0.0525734 0.00876092 1.12387
v -0.0672925 -0.00493598 1.13282
v -0.0834852 0.00555937 1.12224
v -0.0687661 0.0192563 1.1133
v -0.0646226 0.0693716 1.1999
v -0.077539 0.0562173 1.20639
v -0.0921113 0.0667296 1.1987
v -0.0791949 0.0798839 1.19221
v -0.0748242 0.119395 1.28458
v -0.0857914 0.106514 1.28762
v -0.0988257 0.116344 1.28224
v -0.0878584 0.129225 1.27921
v -0.0986602 0.147583 1.3933
v -0.107698 0.135888 1.39425
v -0.1192 0.144482 1.39061
v -0.110162 0.156177 1.38966
v -0.117527 0.170249 1.50376
v -0.125833 0.159851 1.50542
v -0.136114 0.167402 1.50128
v -0.127807 0.1778 1.49962
v -0.138623 0.211982 1.58878
v -0.146572 0.202695 1.59131
v -0.155858 0.209226 1.58612
v -0.147909 0.218513 1.58358
v -0.159648 0.251688 1.67344
v -0.166212 0.244136 1.67608
v -0.174186 0.250034 1.67312
v -0.167622 0.257586 1.67048
v -0.153131 0.277272 1.75394
v -0.157782 0.27209 1.7564
v -0.163457 0.276707 1.75539
v -0.158806 0.281889 1.75293
v -0.150765 0.28663 1.77963
v -0.154806 0.281643 1.78062
v -0.159855 0.285432 1.77909
v -0.155814 0.290419 1.77811
v -0.150613 0.290971 1.79375
v -0.155327 0.285298 1.79526
v -0.161192 0.289748 1.79368
v -0.156478 0.295421 1.79216
v -0.0149759 0.0124311 0.509109
v 0.000553301 0.000662486 0.489668
v 0.0149759 -0.0124311 0.509115
v -0.000553303 -0.000662485 0.528556
v 0.0526365 0.0909556 0.513709
v 0.0699532 0.0842701 0.497144
v 0.0797079 0.0684823 0.513713
v 0.0623913 0.0751678 0.530278
v 0.116503 0.16487 0.548589
v 0.134072 0.161515 0.535533
v 0.140599 0.144865 0.548593
v 0.12303 0.14822 0.56165
v 0.173733 0.230847 0.606416
v 0.189418 0.228087 0.595134
v 0.193844 0.211981 0.605229
v 0.17816 0.214741 0.61651
v 0.251102 0.293953 0.673681
v 0.264958 0.291979 0.664266
v 0.267901 0.27713 0.67171
v 0.254045 0.279105 0.681126
v 0.316923 0.34819 0.757736
v 0.330599 0.347359 0.751086
v 0.332015 0.332946 0.755799
v 0.318339 0.333777 0.76245
v 0.352716 0.366943 0.850526
v 0.366176 0.366557 0.845785
v 0.366673 0.35252 0.848339
v 0.353214 0.352906 0.85308
v 0.386748 0.383723 0.942812
v 0.398364 0.383608 0.939047
v 0.399556 0.372142 0.943074
v 0.38794 0.372257 0.946839
v 0.408733 0.427067 1.01692
v 0.417366 0.426989 1.01426
v 0.418776 0.419452 1.01904
v 0.410143 0.419529 1.0217
v 0.421782 0.452857 1.05548
v 0.428317 0.452186 1.05223
v 0.429485 0.445931 1.05587
v 0.42295 0.446602 1.05912
v 0.428036 0.460651 1.06667
v 0.43475 0.459962 1.06333
v 0.43595 0.453536 1.06707
v 0.429237 0.454225 1.07041
v -0.0149767 0.0124301 0.509111
v 0.00841931 0.0101458 0.523429
v 0.0149767 -0.0124301 0.509113
v -0.00841931 -0.0101458 0.494795
v -0.0622627 -0.0474657 0.579361
v -0.0397086 -0.0478351 0.589856
v -0.0351885 -0.0699356 0.579363
v -0.0577425 -0.0695662 0.568869
v -0.100285 -0.0962987 0.662598
v -0.0794641 -0.0957296 0.670119
v -0.076186 -0.116299 0.6626
v -0.0970066 -0.116868 0.655079
v -0.130922 -0.136172 0.754426
v -0.111789 -0.134429 0.757857
v -0.109167 -0.153069 0.752703
v -0.1283 -0.154811 0.749271
v -0.134045 -0.168897 0.870175
v -0.117355 -0.16665 0.871163
v -0.114953 -0.182993 0.867741
v -0.131642 -0.185239 0.866754
v -0.136686 -0.194617 0.987066
v -0.121674 -0.192801 0.988882
v -0.119423 -0.207289 0.984763
v -0.134435 -0.209105 0.982947
v -0.151937 -0.237688 1.07736
v -0.138005 -0.23643 1.08021
v -0.135726 -0.249445 1.0748
v -0.149657 -0.250702 1.07195
v -0.165609 -0.278737 1.16728
v -0.153826 -0.277721 1.17032
v -0.152061 -0.289446 1.1674
v -0.163844 -0.290463 1.16436
v -0.189076 -0.288705 1.25215
v -0.180551 -0.288063 1.25508
v -0.179629 -0.297023 1.25435
v -0.188154 -0.297665 1.25143
v -0.203362 -0.294787 1.29778
v -0.196215 -0.294046 1.29923
v -0.195237 -0.301218 1.29807
v -0.202384 -0.301959 1.29662
v -0.206138 -0.297401 1.31228
v -0.198795 -0.29664 1.31377
v -0.197791 -0.304008 1.31259
v -0.205133 -0.304769 1.3111
v -0.0109135 -0.0387416 2.54944
v 0.00902504 -0.030558 2.54375
v 0.0289636 -0.0223744 2.53805
v -0.00450189 -0.0339007 2.57334
v 0.0108604 -0.0209825 2.56393
v 0.0262228 -0.00806435 2.55453
v -0.00304745 -0.0164199 2.59856
v 0.0119387 -0.00503042 2.5868
v 0.0269249 0.00635905 2.57503
v -0.000977714 0.0154216 2.62057
v 0.0181115 0.0175521 2.60949
v 0.0372008 0.0196827 2.59842
v -0.00529904 0.049631 2.62728
v 0.017837 0.0502223 2.62556
v 0.0409731 0.0508136 2.62385
v -0.00351749 0.0904006 2.63102
v 0.0170623 0.0894054 2.62447
v 0.0376421 0.0884102 2.61793
v 0.0131992 0.123731 2.6464
v 0.0236408 -0.0363399 2.53991
v -0.0055907 -0.024776 2.54759
v 0.0233327 -0.0443325 2.55358
v 0.0111348 -0.0354321 2.55913
v -0.001063 -0.0265318 2.56468
v 0.0241896 -0.0522705 2.5718
v 0.0132326 -0.0422632 2.57807
v 0.00227564 -0.0322559 2.58435
v 0.0285375 -0.0579372 2.59475
v 0.0154213 -0.0503722 2.6002
v 0.00230504 -0.0428072 2.60565
v 0.0282283 -0.0743462 2.6102
v 0.020783 -0.0646432 2.62178
v 0.0133378 -0.0549402 2.63336
v 0.0298306 -0.0935877 2.62373
v 0.0341883 -0.0851676 2.63623
v 0.0385459 -0.0767474 2.64873
v 0.0495713 -0.103339 2.65398
v 0.00230281 -0.0168287 2.5452
v 0.0157473 -0.0442872 2.5423
v 0.00789024 -0.0163082 2.56073
v 0.0166931 -0.0281953 2.55694
v 0.0254959 -0.0400823 2.55316
v 0.0203195 -0.0110864 2.57454
v 0.0266713 -0.0249134 2.57303
v 0.033023 -0.0387404 2.57152
v 0.0397139 -0.00636518 2.5872
v 0.0416872 -0.0213551 2.58935
v 0.0436604 -0.036345 2.5915
v 0.0585277 -0.000244805 2.59593
v 0.0590161 -0.0130618 2.60547
v 0.0595045 -0.0258788 2.61501
v 0.0707568 0.0118309 2.61462
v 0.0692793 0.00181051 2.62554
v 0.0678019 -0.00820984 2.63646
v 0.0635285 0.0191571 2.64699
v 0.00713016 -0.0376252 2.54447
v 0.0109199 -0.0234907 2.54303
v 0.00496554 -0.0357466 2.55193
v 0.00922275 -0.0298602 2.55111
v 0.01348 -0.0239739 2.55028
v 0.00454845 -0.0333873 2.56157
v 0.0106436 -0.0295717 2.56019
v 0.0167388 -0.0257562 2.55882
v 0.00755491 -0.0330217 2.57278
v 0.0126214 -0.0281876 2.57067
v 0.0176879 -0.0233535 2.56857
v 0.00955246 -0.0320622 2.58457
v 0.0164103 -0.0299147 2.58194
v 0.0232681 -0.0277671 2.5793
v 0.011222 -0.0332013 2.59548
v 0.0174266 -0.0297497 2.59482
v 0.0236313 -0.0262981 2.59417
v 0.0181017 -0.0274984 2.60811
v -0.347485 -0.142123 2.43645
v -0.329327 -0.136121 2.44406
v -0.311169 -0.13012 2.45166
v -0.352479 -0.147026 2.45586
v -0.337672 -0.134809 2.46295
v -0.322865 -0.122592 2.47004
v -0.364659 -0.143705 2.47659
v -0.350961 -0.13076 2.48464
v -0.337263 -0.117814 2.49269
v -0.382035 -0.131488 2.49877
v -0.366182 -0.124955 2.50995
v -0.350328 -0.118421 2.52113
v -0.400227 -0.113654 2.50951
v -0.390867 -0.111965 2.52871
v -0.381508 -0.110277 2.54791
v -0.425483 -0.0957938 2.52319
v -0.416325 -0.0885524 2.53938
v -0.407167 -0.0813111 2.55556
v -0.453202 -0.0901321 2.5474
v -0.315169 -0.142936 2.44792
v -0.343485 -0.129307 2.4402
v -0.323505 -0.151847 2.46001
v -0.335769 -0.141642 2.45794
v -0.348032 -0.131436 2.45587
v -0.335498 -0.161034 2.47556
v -0.346177 -0.149129 2.47361
v -0.356856 -0.137223 2.47166
v -0.351569 -0.168615 2.49545
v -0.361583 -0.157511 2.4895
v -0.371597 -0.146406 2.48355
v -0.369123 -0.185072 2.50174
v -0.379301 -0.171712 2.50302
v -0.389478 -0.158353 2.5043
v -0.385932 -0.201626 2.50328
v -0.393611 -0.193553 2.51433
v -0.401291 -0.18548 2.52538
v -0.414295 -0.211692 2.52551
v -0.335594 -0.122106 2.44433
v -0.32306 -0.150137 2.44379
v -0.34148 -0.125578 2.45852
v -0.332233 -0.137712 2.45914
v -0.322986 -0.149847 2.45975
v -0.344048 -0.126171 2.47732
v -0.338069 -0.140244 2.47727
v -0.33209 -0.154317 2.47722
v -0.346905 -0.130353 2.50184
v -0.345582 -0.145044 2.49789
v -0.344259 -0.159734 2.49393
v -0.354377 -0.134439 2.52573
v -0.358962 -0.148132 2.51887
v -0.363547 -0.161826 2.51202
v -0.380733 -0.133898 2.53801
v -0.38388 -0.145219 2.52887
v -0.387027 -0.15654 2.51972
v -0.407776 -0.135495 2.51752
v -0.331335 -0.142921 2.44211
v -0.327319 -0.129321 2.446
v -0.336485 -0.14229 2.44721
v -0.332755 -0.136967 2.45055
v -0.329025 -0.131645 2.4539
v -0.341851 -0.142 2.45408
v -0.336823 -0.139081 2.45853
v -0.331795 -0.136162 2.46298
v -0.346477 -0.145113 2.46235
v -0.34276 -0.141158 2.46725
v -0.339042 -0.137203 2.47215
v -0.353937 -0.147549 2.46864
v -0.349515 -0.147514 2.47488
v -0.345092 -0.147478 2.48113
v -0.361824 -0.152237 2.4717
v -0.361005 -0.151985 2.47878
v -0.360187 -0.151733 2.48586
v -0.374034 -0.154825 2.48084
v -0.427317 0.168894 2.02857
v -0.448559 0.181704 2.02214
v -0.469801 0.194514 2.01571
v -0.434978 0.173221 2.05606
v -0.457805 0.17832 2.04595
v -0.480631 0.183419 2.03584
v -0.450839 0.164998 2.08635
v -0.4722 0.170489 2.07352
v -0.493561 0.17598 2.06068
v -0.480709 0.148046 2.11492
v -0.495991 0.16352 2.10163
v -0.511273 0.178994 2.08834
v -0.509881 0.1225 2.12708
v -0.525446 0.143944 2.12401
v -0.541012 0.165389 2.12093
v -0.549616 0.098657 2.1366
v -0.562249 0.118235 2.12796
v -0.574882 0.137813 2.11931
v -0.590851 0.0954816 2.15755
v -0.452772 0.197007 2.019
v -0.444345 0.166401 2.02528
v -0.448099 0.200669 2.03396
v -0.448051 0.185106 2.03804
v -0.448003 0.169544 2.04212
v -0.445251 0.204574 2.05375
v -0.447018 0.189099 2.05787
v -0.448786 0.173623 2.06199
v -0.448001 0.208715 2.07773
v -0.446501 0.193072 2.08119
v -0.445001 0.177428 2.08465
v -0.439329 0.216532 2.09806
v -0.444713 0.202566 2.10579
v -0.450098 0.188599 2.11351
v -0.430892 0.227706 2.11798
v -0.443438 0.222632 2.12592
v -0.455984 0.217558 2.13386
v -0.447783 0.24164 2.14832
v -0.455391 0.167963 2.02268
v -0.441727 0.195445 2.0216
v -0.458214 0.170566 2.03851
v -0.45434 0.185127 2.03604
v -0.450467 0.199688 2.03357
v -0.468856 0.17559 2.05347
v -0.461953 0.189231 2.0532
v -0.45505 0.202872 2.05294
v -0.483346 0.186051 2.06868
v -0.472656 0.19658 2.07153
v -0.461966 0.20711 2.07437
v -0.498893 0.195344 2.0804
v -0.488346 0.202184 2.09028
v -0.477798 0.209023 2.10015
v -0.513965 0.193461 2.10082
v -0.504119 0.196719 2.1115
v -0.494273 0.199978 2.12219
v -0.51073 0.176656 2.13016
v -0.44182 0.184453 2.02318
v -0.455298 0.178955 2.0211
v -0.442458 0.181752 2.03076
v -0.449648 0.181599 2.02945
v -0.456839 0.181445 2.02814
v -0.444785 0.180275 2.04045
v -0.45135 0.182796 2.03841
v -0.457915 0.185318 2.03638
v -0.447913 0.182847 2.05153
v -0.454542 0.183884 2.04863
v -0.461172 0.184921 2.04572
v -0.451234 0.184464 2.06319
v -0.456677 0.188419 2.05954
v -0.462121 0.192375 2.05589
v -0.452933 0.187075 2.07408
v -0.459233 0.18979 2.07214
v -0.465533 0.192505 2.0702
v -0.463685 0.189779 2.08488
v 0.172121 -0.16076 2.07596
v 0.154584 -0.151623 2.08167
v 0.137048 -0.142486 2.08737
v 0.177186 -0.160842 2.09637
v 0.157435 -0.15826 2.10106
v 0.137683 -0.155677 2.10575
v 0.180636 -0.171932 2.11839
v 0.160878 -0.170284 2.12358
v 0.14112 -0.168636 2.12876
v 0.180039 -0.192863 2.14186
v 0.163005 -0.184809 2.14986
v 0.145971 -0.176754 2.15785
v 0.176649 -0.218317 2.15324
v 0.165751 -0.211337 2.17032
v 0.154853 -0.204357 2.18739
v 0.175468 -0.249166 2.16832
v 0.161048 -0.245406 2.1816
v 0.146628 -0.241646 2.19487
v 0.181779 -0.273701 2.19561
v 0.149416 -0.136608 2.08477
v 0.159753 -0.166637 2.07856
v 0.160281 -0.136299 2.09797
v 0.161571 -0.152253 2.09635
v 0.16286 -0.168207 2.09472
v 0.173206 -0.138327 2.11521
v 0.172209 -0.154312 2.11345
v 0.171213 -0.170297 2.1117
v 0.186722 -0.144261 2.13735
v 0.186484 -0.15931 2.13165
v 0.186245 -0.174358 2.12596
v 0.209393 -0.145529 2.14754
v 0.206441 -0.162067 2.14876
v 0.203488 -0.178605 2.14998
v 0.232311 -0.146306 2.15332
v 0.229684 -0.157103 2.1644
v 0.227057 -0.1679 2.17548
v 0.254423 -0.158965 2.18072
v 0.148734 -0.165819 2.08158
v 0.160435 -0.137426 2.08176
v 0.153832 -0.167454 2.0964
v 0.156192 -0.152382 2.09701
v 0.158553 -0.137309 2.09761
v 0.153667 -0.168513 2.11523
v 0.159767 -0.154502 2.11577
v 0.165867 -0.140491 2.11631
v 0.15468 -0.167036 2.13984
v 0.165123 -0.156136 2.13752
v 0.175566 -0.145237 2.1352
v 0.157633 -0.168598 2.16429
v 0.172159 -0.163055 2.16057
v 0.186685 -0.157512 2.15686
v 0.171072 -0.187462 2.18102
v 0.18376 -0.182963 2.17466
v 0.196448 -0.178465 2.16829
v 0.19419 -0.207984 2.16695
v 0.161064 -0.148421 2.08032
v 0.148105 -0.154824 2.08302
v 0.163671 -0.152544 2.08589
v 0.156883 -0.153415 2.08846
v 0.150095 -0.154286 2.09103
v 0.166376 -0.156542 2.09338
v 0.160221 -0.154766 2.09693
v 0.154067 -0.152989 2.10047
v 0.170665 -0.157661 2.10259
v 0.16445 -0.157461 2.10644
v 0.158236 -0.157261 2.11029
v 0.176426 -0.161304 2.11023
v 0.172188 -0.157888 2.11562
v 0.16795 -0.154472 2.121
v 0.18446 -0.163784 2.11515
v 0.182222 -0.163108 2.12188
v 0.179983 -0.162433 2.12862
v 0.192343 -0.170749 2.12649
v -0.00659534 -0.61108 1.57654
v -0.00091907 -0.631555 1.56997
v 0.0047572 -0.652031 1.5634
v 0.00233386 -0.61751 1.59952
v 0.0119935 -0.633791 1.58809
v 0.0216531 -0.650072 1.57666
v 0.0249831 -0.619656 1.62066
v 0.0322915 -0.635528 1.60706
v 0.0395998 -0.6514 1.59345
v 0.0609287 -0.623085 1.63412
v 0.0593385 -0.642537 1.62371
v 0.0577482 -0.66199 1.6133
v 0.0955001 -0.619991 1.63107
v 0.0950722 -0.643124 1.63022
v 0.0946444 -0.666257 1.62936
v 0.135338 -0.622982 1.62352
v 0.132305 -0.643675 1.61824
v 0.129272 -0.664368 1.61297
v 0.171164 -0.640043 1.6302
v -0.00842541 -0.645374 1.56616
v 0.00658727 -0.617737 1.57377
v -0.0166698 -0.64381 1.57957
v -0.0064422 -0.632756 1.58523
v 0.00378544 -0.621701 1.59088
v -0.0252158 -0.643256 1.59747
v -0.0141048 -0.633552 1.60395
v -0.00299386 -0.623848 1.61043
v -0.0323182 -0.646221 1.62023
v -0.0233246 -0.634066 1.62574
v -0.0143309 -0.621911 1.63125
v -0.0492248 -0.643201 1.63469
v -0.0392832 -0.636717 1.64664
v -0.0293416 -0.630232 1.65859
v -0.0691693 -0.641457 1.64688
v -0.0623741 -0.646455 1.66012
v -0.0555788 -0.651453 1.67335
v -0.0838504 -0.658027 1.67705
v 0.0135057 -0.626351 1.57076
v -0.0153438 -0.636759 1.56918
v 0.0146375 -0.633253 1.58563
v 0.00164916 -0.640537 1.58226
v -0.0113392 -0.647822 1.57889
v 0.0197991 -0.647275 1.59752
v 0.00537989 -0.652333 1.59697
v -0.00903932 -0.657392 1.59641
v 0.0240369 -0.667967 1.60718
v 0.00932753 -0.669395 1.61103
v -0.00538188 -0.670824 1.61488
v 0.0296991 -0.687748 1.61249
v 0.0183061 -0.689142 1.62362
v 0.0069131 -0.690536 1.63474
v 0.0433113 -0.702826 1.62724
v 0.0351759 -0.702769 1.63971
v 0.0270404 -0.702713 1.65218
v 0.0559047 -0.701291 1.65874
v -0.00769384 -0.628951 1.57114
v 0.0058557 -0.63416 1.5688
v -0.00506788 -0.626885 1.57847
v 0.000278575 -0.631722 1.57726
v 0.00562503 -0.63656 1.57605
v -0.0018398 -0.626551 1.58791
v 0.00121297 -0.633014 1.58632
v 0.00426574 -0.639477 1.58474
v -0.000483636 -0.629353 1.5992
v 0.00355184 -0.634893 1.59665
v 0.00758732 -0.640432 1.5941
v 0.00199683 -0.631088 1.61082
v 0.0031287 -0.638188 1.60819
v 0.00426057 -0.645288 1.60557
v 0.00276628 -0.632259 1.62189
v 0.00556479 -0.638739 1.62088
v 0.00836329 -0.645219 1.61987
v 0.0106666 -0.638984 1.63337
v -0.157035 0.301995 1.76248
v -0.154718 0.281703 1.76501
v -0.152402 0.261411 1.76754
v -0.158909 0.303178 1.78402
v -0.150129 0.284717 1.78497
v -0.141349 0.266257 1.78591
v -0.150206 0.308215 1.80785
v -0.141049 0.289892 1.80851
v -0.131892 0.271569 1.80916
v -0.130337 0.313496 1.83341
v -0.128611 0.29323 1.83571
v -0.126885 0.272964 1.83801
v -0.105131 0.320261 1.84656
v -0.105815 0.302545 1.85859
v -0.1065 0.284829 1.87062
v -0.0750637 0.327781 1.86371
v -0.0725558 0.309417 1.87111
v -0.0700479 0.291052 1.87851
v -0.0535816 0.33304 1.89366
v -0.164233 0.268696 1.76645
v -0.145203 0.294709 1.76357
v -0.170017 0.275317 1.78083
v -0.157575 0.285513 1.78057
v -0.145133 0.295709 1.78031
v -0.174783 0.28365 1.79993
v -0.161108 0.292151 1.79937
v -0.147433 0.300653 1.79881
v -0.176254 0.292574 1.82455
v -0.164075 0.302296 1.82054
v -0.151895 0.312018 1.81653
v -0.187222 0.308222 1.84011
v -0.171935 0.314916 1.84239
v -0.156647 0.32161 1.84467
v -0.199242 0.324465 1.85249
v -0.188102 0.324983 1.86353
v -0.176962 0.3255 1.87457
v -0.199946 0.338517 1.88716
v -0.139672 0.284766 1.76489
v -0.169764 0.278639 1.76514
v -0.140641 0.287561 1.78048
v -0.154464 0.281077 1.78044
v -0.168287 0.274593 1.78039
v -0.138903 0.284486 1.79898
v -0.153912 0.281637 1.79964
v -0.16892 0.278787 1.8003
v -0.139412 0.278615 1.8225
v -0.154369 0.281671 1.82209
v -0.169327 0.284727 1.82169
v -0.138296 0.274067 1.84563
v -0.150895 0.283831 1.84684
v -0.163495 0.293595 1.84804
v -0.128466 0.286863 1.86806
v -0.138946 0.297381 1.86691
v -0.149425 0.307898 1.86576
v -0.122608 0.320321 1.86794
v -0.161018 0.28545 1.76445
v -0.148418 0.277956 1.76558
v -0.15883 0.289075 1.77077
v -0.154274 0.28353 1.77216
v -0.149719 0.277984 1.77356
v -0.1567 0.292186 1.77921
v -0.154646 0.285434 1.78116
v -0.152592 0.278681 1.7831
v -0.157631 0.294305 1.78962
v -0.154239 0.288124 1.79156
v -0.150847 0.281944 1.7935
v -0.157373 0.298833 1.79934
v -0.157478 0.291864 1.8025
v -0.157583 0.284895 1.80567
v -0.159374 0.304821 1.8071
v -0.15817 0.30018 1.81238
v -0.156966 0.295539 1.81766
v -0.156868 0.310107 1.82143
v 0.40254 0.423909 1.05208
v 0.419274 0.441695 1.04449
v 0.436007 0.45948 1.0369
v 0.40549 0.434948 1.07897
v 0.415397 0.454671 1.06635
v 0.425305 0.474394 1.05372
v 0.396632 0.457128 1.10543
v 0.407213 0.474495 1.0901
v 0.417793 0.491862 1.07477
v 0.381331 0.494065 1.12507
v 0.400763 0.504072 1.11207
v 0.420195 0.51408 1.09906
v 0.359105 0.527708 1.12625
v 0.382738 0.539776 1.12411
v 0.406371 0.551843 1.12196
v 0.340181 0.570543 1.12255
v 0.362364 0.578879 1.11524
v 0.384548 0.587215 1.10793
v 0.339463 0.615435 1.13374
v 0.435081 0.44255 1.04114
v 0.403466 0.44084 1.04783
v 0.437819 0.436605 1.05577
v 0.422713 0.439812 1.06028
v 0.407606 0.44302 1.06479
v 0.441311 0.432039 1.07516
v 0.426725 0.436959 1.07992
v 0.41214 0.44188 1.08468
v 0.446466 0.432351 1.09896
v 0.430997 0.434135 1.10302
v 0.415529 0.435919 1.10708
v 0.452564 0.42065 1.11799
v 0.440535 0.428298 1.12697
v 0.428506 0.435945 1.13594
v 0.461915 0.407986 1.13622
v 0.460436 0.420399 1.14571
v 0.458957 0.432813 1.15519
v 0.480771 0.4174 1.16714
v 0.407197 0.451177 1.0446
v 0.43135 0.432212 1.04437
v 0.411095 0.455122 1.0599
v 0.424465 0.448144 1.05752
v 0.437835 0.441166 1.05514
v 0.41889 0.466304 1.07299
v 0.430957 0.456919 1.07333
v 0.443024 0.447534 1.07368
v 0.432689 0.480425 1.08499
v 0.441433 0.468683 1.08934
v 0.450177 0.456942 1.09369
v 0.445229 0.495559 1.09286
v 0.451156 0.486221 1.10441
v 0.457084 0.476883 1.11595
v 0.447728 0.514298 1.10936
v 0.450371 0.506754 1.12193
v 0.453014 0.49921 1.13449
v 0.433992 0.521349 1.13962
v 0.420618 0.43461 1.04592
v 0.417929 0.448779 1.04305
v 0.417819 0.436136 1.0534
v 0.41912 0.443134 1.05174
v 0.420422 0.450132 1.05007
v 0.4164 0.43928 1.06292
v 0.420233 0.445094 1.06066
v 0.424066 0.450908 1.0584
v 0.418898 0.442732 1.07402
v 0.421339 0.448772 1.0707
v 0.42378 0.454812 1.06738
v 0.420243 0.44682 1.08549
v 0.425392 0.451087 1.08177
v 0.430541 0.455354 1.07804
v 0.422091 0.449391 1.09645
v 0.426019 0.454867 1.09412
v 0.429948 0.460343 1.09179
v 0.42532 0.461054 1.10609
v -0.209247 -0.311416 1.28123
v -0.196634 -0.2953 1.28341
v -0.184021 -0.279185 1.28559
v -0.208797 -0.313078 1.3029
v -0.202038 -0.293766 1.30333
v -0.195279 -0.274455 1.30376
v -0.218623 -0.309855 1.32677
v -0.212159 -0.290406 1.32677
v -0.205695 -0.270958 1.32678
v -0.236521 -0.298656 1.35207
v -0.22336 -0.283069 1.35373
v -0.210198 -0.267482 1.3554
v -0.259207 -0.284963 1.3647
v -0.24607 -0.272501 1.37615
v -0.232933 -0.260038 1.3876
v -0.285729 -0.267813 1.38101
v -0.27424 -0.252918 1.38768
v -0.262751 -0.238024 1.39435
v -0.304443 -0.254477 1.41031
v -0.180725 -0.292705 1.28481
v -0.212543 -0.297896 1.28201
v -0.181281 -0.301154 1.29939
v -0.197297 -0.299665 1.29907
v -0.213313 -0.298175 1.29875
v -0.183779 -0.309917 1.31877
v -0.199476 -0.306352 1.31806
v -0.215172 -0.302787 1.31735
v -0.189061 -0.316456 1.34364
v -0.204542 -0.314923 1.33953
v -0.220024 -0.31339 1.33541
v -0.192381 -0.33466 1.36004
v -0.207926 -0.328468 1.36196
v -0.223472 -0.322276 1.36389
v -0.195398 -0.354047 1.37349
v -0.203672 -0.345904 1.38404
v -0.211946 -0.337762 1.3946
v -0.204911 -0.362424 1.40869
v -0.209489 -0.286909 1.28308
v -0.183779 -0.303692 1.28374
v -0.210782 -0.289226 1.2987
v -0.196391 -0.294327 1.29882
v -0.182001 -0.299428 1.29894
v -0.209877 -0.285309 1.31703
v -0.197202 -0.293806 1.31801
v -0.184527 -0.302302 1.31899
v -0.205428 -0.280666 1.34026
v -0.196937 -0.293358 1.34046
v -0.188446 -0.306051 1.34066
v -0.203028 -0.275603 1.36298
v -0.200979 -0.29131 1.36513
v -0.198929 -0.307016 1.36728
v -0.218934 -0.276403 1.38532
v -0.21906 -0.291293 1.38519
v -0.219185 -0.306183 1.38506
v -0.246867 -0.295695 1.38645
v -0.194786 -0.302405 1.28301
v -0.198482 -0.288196 1.28381
v -0.198906 -0.303307 1.28938
v -0.198241 -0.296126 1.29058
v -0.197577 -0.288944 1.29178
v -0.202626 -0.303795 1.29788
v -0.199329 -0.297492 1.29961
v -0.196032 -0.291189 1.30135
v -0.203492 -0.305604 1.30843
v -0.20153 -0.298753 1.31006
v -0.199568 -0.291902 1.3117
v -0.206891 -0.308221 1.31832
v -0.201902 -0.303192 1.32122
v -0.196913 -0.298163 1.32411
v -0.209747 -0.313456 1.32642
v -0.207317 -0.308999 1.33142
v -0.204886 -0.304541 1.33643
v -0.21532 -0.314458 1.34082
v 0.0409248 -0.0216365 2.58669
v 0.0462728 -0.0249051 2.58249
v 0.0441496 -0.0316758 2.58506
v 0.0388015 -0.0284072 2.58926
v 0.0580953 -0.0188837 2.60323
v 0.0630138 -0.0221672 2.59869
v 0.0612815 -0.0288026 2.60162
v 0.0563631 -0.0255191 2.60616
v 0.0749101 -0.0164884 2.62019
v 0.079709 -0.0196143 2.61594
v 0.0779579 -0.0259767 2.61865
v 0.0731589 -0.0228509 2.62289
v 0.0917433 -0.0141763 2.63714
v 0.0962454 -0.0171076 2.63316
v 0.0946017 -0.0230748 2.63569
v 0.0900995 -0.0201434 2.63968
v 0.109081 -0.0116588 2.65355
v 0.113144 -0.0143853 2.64977
v 0.111724 -0.019887 2.65221
v 0.10766 -0.0171606 2.65599
v 0.12556 -0.00961007 2.67088
v 0.129411 -0.012065 2.6676
v 0.127963 -0.0170928 2.66966
v 0.124112 -0.0146379 2.67295
v 0.141135 -0.00804068 2.68908
v 0.14469 -0.0102051 2.68631
v 0.143272 -0.0146933 2.688
v 0.139717 -0.0125288 2.69077
v 0.142133 0.00993241 2.7
v 0.146366 0.00963018 2.6998
v 0.146367 0.00729599 2.70335
v 0.142134 0.00759822 2.70355
v 0.125242 0.0234275 2.70094
v 0.127392 0.0258433 2.70121
v 0.127318 0.0255542 2.70444
v 0.125169 0.0231384 2.70417
v 0.108197 0.0227206 2.68694
v 0.108363 0.0248162 2.68665
v 0.10704 0.0251419 2.68828
v 0.106873 0.0230463 2.68856
v -0.369043 -0.150294 2.47816
v -0.363638 -0.1542 2.48169
v -0.364955 -0.160101 2.47718
v -0.370361 -0.156195 2.47365
v -0.383611 -0.158179 2.49553
v -0.377926 -0.161857 2.49865
v -0.379572 -0.167868 2.49456
v -0.385257 -0.16419 2.49144
v -0.398551 -0.166352 2.51244
v -0.393195 -0.169915 2.51552
v -0.394688 -0.175621 2.51151
v -0.400044 -0.172059 2.50843
v -0.413466 -0.174606 2.52934
v -0.408445 -0.177948 2.53223
v -0.409843 -0.183299 2.52847
v -0.414865 -0.179957 2.52558
v -0.427835 -0.182731 2.54676
v -0.423106 -0.185775 2.54933
v -0.424485 -0.190769 2.54596
v -0.429215 -0.187725 2.54339
v -0.443105 -0.191181 2.56324
v -0.438943 -0.194023 2.56574
v -0.440058 -0.198491 2.56251
v -0.444221 -0.195649 2.56002
v -0.459223 -0.199934 2.57873
v -0.455653 -0.202528 2.58108
v -0.456514 -0.206432 2.57808
v -0.460084 -0.203838 2.57573
v -0.473483 -0.186812 2.58696
v -0.472717 -0.188607 2.59074
v -0.47567 -0.191555 2.58993
v -0.476435 -0.18976 2.58616
v -0.479264 -0.168666 2.57669
v -0.479772 -0.167361 2.57961
v -0.482854 -0.16837 2.57953
v -0.482346 -0.169675 2.5766
v -0.467574 -0.159603 2.5603
v -0.46772 -0.157717 2.56126
v -0.469524 -0.157325 2.56022
v -0.469379 -0.159211 2.55926
v -0.47806 0.195259 2.06558
v -0.478825 0.201905 2.06209
v -0.472422 0.204314 2.06528
v -0.471657 0.197668 2.06877
v -0.49206 0.204632 2.08268
v -0.49252 0.211 2.07883
v -0.48649 0.213578 2.08237
v -0.48603 0.20721 2.08622
v -0.505578 0.213913 2.1002
v -0.506095 0.220056 2.09662
v -0.50025 0.222471 2.09991
v -0.499733 0.216328 2.1035
v -0.519045 0.223263 2.11773
v -0.519531 0.229024 2.11437
v -0.514048 0.231288 2.11746
v -0.513562 0.225527 2.12082
v -0.532967 0.232928 2.13473
v -0.533335 0.238201 2.13152
v -0.528347 0.240349 2.13448
v -0.527978 0.235075 2.13769
v -0.546023 0.242132 2.15265
v -0.546485 0.247012 2.14989
v -0.541821 0.24888 2.15242
v -0.541359 0.244 2.15517
v -0.558171 0.250853 2.17142
v -0.558687 0.255262 2.16912
v -0.554435 0.256853 2.17122
v -0.553919 0.252443 2.17352
v -0.573029 0.23886 2.18029
v -0.575527 0.242297 2.18037
v -0.573922 0.243374 2.18416
v -0.571425 0.239937 2.18408
v -0.572429 0.217285 2.17873
v -0.575671 0.217347 2.17885
v -0.57556 0.217098 2.18208
v -0.572318 0.217037 2.18196
v -0.56019 0.206405 2.16393
v -0.56188 0.205227 2.16343
v -0.561351 0.203822 2.16493
v -0.559662 0.205001 2.16543
v 0.182173 -0.169349 2.12486
v 0.180671 -0.162529 2.12772
v 0.186895 -0.15979 2.12445
v 0.188398 -0.16661 2.1216
v 0.193063 -0.173758 2.14579
v 0.191316 -0.166909 2.14816
v 0.197729 -0.164313 2.14539
v 0.199477 -0.171162 2.14302
v 0.204514 -0.178273 2.1664
v 0.202904 -0.171747 2.16878
v 0.208977 -0.169238 2.16601
v 0.210587 -0.175765 2.16363
v 0.21601 -0.182717 2.18699
v 0.214501 -0.176597 2.18923
v 0.220196 -0.174244 2.18663
v 0.221705 -0.180364 2.18439
v 0.226933 -0.186814 2.20797
v 0.225473 -0.181128 2.20991
v 0.230804 -0.178979 2.20763
v 0.232264 -0.184665 2.20569
v 0.238901 -0.191411 2.22826
v 0.237678 -0.186284 2.23022
v 0.242421 -0.184286 2.22796
v 0.243644 -0.189413 2.226
v 0.251875 -0.196488 2.24781
v 0.250889 -0.191972 2.24972
v 0.255005 -0.190153 2.24754
v 0.255991 -0.194669 2.24563
v 0.24954 -0.215351 2.25686
v 0.249434 -0.213358 2.26062
v 0.253669 -0.213595 2.26086
v 0.253775 -0.215588 2.25711
v 0.242586 -0.232433 2.24555
v 0.241256 -0.233515 2.2483
v 0.243994 -0.235112 2.24899
v 0.245324 -0.23403 2.24624
v 0.232455 -0.230881 2.226
v 0.230947 -0.232202 2.22669
v 0.232078 -0.233857 2.226
v 0.233585 -0.232536 2.2253
v 0.0109985 -0.666677 1.60954
v 0.00690262 -0.671538 1.60547
v 0.00064504 -0.669198 1.60898
v 0.00474092 -0.664337 1.61305
v 0.0145906 -0.68503 1.62458
v 0.0104674 -0.68944 1.62021
v 0.00436134 -0.687521 1.62403
v 0.00848447 -0.683111 1.6284
v 0.0179023 -0.703035 1.6401
v 0.0139781 -0.707354 1.636
v 0.00811708 -0.705418 1.63957
v 0.0120413 -0.701099 1.64367
v 0.0211298 -0.721054 1.65563
v 0.0174498 -0.725106 1.65178
v 0.0119529 -0.723289 1.65513
v 0.0156328 -0.719236 1.65897
v 0.0244618 -0.739551 1.67056
v 0.0210379 -0.743191 1.66691
v 0.0159761 -0.741617 1.6701
v 0.0193999 -0.737976 1.67374
v 0.0274974 -0.757226 1.68651
v 0.0244167 -0.760704 1.68334
v 0.0197805 -0.759105 1.68609
v 0.0228611 -0.755627 1.68926
v 0.030222 -0.77403 1.70343
v 0.0275102 -0.777263 1.70075
v 0.0233613 -0.7757 1.70306
v 0.0260731 -0.772467 1.70575
v 0.0492759 -0.776787 1.71195
v 0.048674 -0.780973 1.71155
v 0.04679 -0.781072 1.71535
v 0.0473919 -0.776886 1.71576
v 0.0638674 -0.760808 1.71219
v 0.0661509 -0.763107 1.71203
v 0.066259 -0.76323 1.71527
v 0.0639755 -0.760931 1.71543
v 0.0625996 -0.742866 1.6994
v 0.0646301 -0.743135 1.69885
v 0.0652358 -0.741943 1.70049
v 0.0632053 -0.741673 1.70105
v -0.151378 0.296388 1.81711
v -0.156089 0.290613 1.8183
v -0.161978 0.295162 1.81705
v -0.157267 0.300936 1.81586
v -0.151944 0.299409 1.84092
v -0.156584 0.29361 1.84156
v -0.162416 0.298198 1.84085
v -0.157776 0.303998 1.84021
v -0.152745 0.303035 1.86463
v -0.157187 0.297506 1.86537
v -0.162763 0.301877 1.86456
v -0.158321 0.307406 1.86382
v -0.153631 0.306662 1.88834
v -0.157797 0.301477 1.88904
v -0.163027 0.305576 1.88828
v -0.158861 0.310761 1.88758
v -0.154473 0.309527 1.91215
v -0.158322 0.304714 1.91266
v -0.163161 0.308523 1.9121
v -0.159312 0.313337 1.91159
v -0.155507 0.313709 1.93577
v -0.159012 0.309364 1.93645
v -0.163407 0.312795 1.93572
v -0.159902 0.31714 1.93503
v -0.156733 0.319188 1.95911
v -0.159856 0.315366 1.95991
v -0.163757 0.318376 1.95906
v -0.160635 0.322198 1.95826
v -0.138946 0.323958 1.96931
v -0.140282 0.321459 1.97247
v -0.142337 0.32475 1.97421
v -0.141001 0.327249 1.97104
v -0.121709 0.331705 1.95877
v -0.119879 0.33024 1.96101
v -0.119954 0.332928 1.96283
v -0.121784 0.334392 1.96058
v -0.119046 0.330258 1.9369
v -0.117075 0.329537 1.93721
v -0.116343 0.331528 1.93718
v -0.118314 0.332249 1.93688
v 0.438997 0.473798 1.0835
v 0.445569 0.472922 1.07989
v 0.446926 0.466669 1.08389
v 0.440354 0.467546 1.08749
v 0.451147 0.488056 1.0985
v 0.457383 0.486883 1.09459
v 0.458982 0.481012 1.09889
v 0.452746 0.482185 1.10281
v 0.463137 0.501916 1.114
v 0.469169 0.500873 1.11034
v 0.470632 0.495178 1.11437
v 0.4646 0.496221 1.11803
v 0.475185 0.515715 1.12951
v 0.480843 0.514737 1.12608
v 0.482214 0.509396 1.12986
v 0.476556 0.510373 1.13329
v 0.487608 0.529832 1.14442
v 0.492769 0.528846 1.14116
v 0.494107 0.523989 1.14475
v 0.488946 0.524976 1.14801
v 0.499453 0.543306 1.16037
v 0.504257 0.542539 1.15755
v 0.505363 0.537992 1.16067
v 0.500559 0.538759 1.16349
v 0.510691 0.556091 1.17729
v 0.515054 0.55552 1.17492
v 0.515946 0.551367 1.17756
v 0.511582 0.551938 1.17993
v 0.501716 0.573855 1.18416
v 0.505533 0.5757 1.18388
v 0.506427 0.574442 1.18784
v 0.502609 0.572597 1.18812
v 0.480326 0.576849 1.18282
v 0.48095 0.580016 1.1825
v 0.480782 0.580376 1.18572
v 0.480157 0.577208 1.18604
v 0.467063 0.564875 1.16986
v 0.46618 0.566664 1.16914
v 0.46475 0.566591 1.17071
v 0.465633 0.564802 1.17143
v -0.209465 -0.300508 1.33585
v -0.202053 -0.299691 1.337
v -0.201102 -0.307128 1.33615
v -0.208514 -0.307945 1.335
v -0.211241 -0.301759 1.35975
v -0.20386 -0.300904 1.36036
v -0.202978 -0.3083 1.36005
v -0.210358 -0.309155 1.35944
v -0.213277 -0.303608 1.38359
v -0.206228 -0.302798 1.38431
v -0.205373 -0.309865 1.38388
v -0.212422 -0.310675 1.38317
v -0.215254 -0.305518 1.40744
v -0.208643 -0.304759 1.40811
v -0.207841 -0.311386 1.4077
v -0.214451 -0.312146 1.40703
v -0.216723 -0.306853 1.43136
v -0.210599 -0.306143 1.43184
v -0.209869 -0.312279 1.4316
v -0.215993 -0.31299 1.43112
v -0.218988 -0.309264 1.45513
v -0.213439 -0.308633 1.45579
v -0.212755 -0.314199 1.45536
v -0.218304 -0.314829 1.4547
v -0.222033 -0.312743 1.47869
v -0.217124 -0.312204 1.47947
v -0.216491 -0.31713 1.47889
v -0.2214 -0.317668 1.47811
v -0.238002 -0.303006 1.48835
v -0.235295 -0.302014 1.49147
v -0.236172 -0.305696 1.4934
v -0.238879 -0.306688 1.49028
v -0.255652 -0.296878 1.47743
v -0.255915 -0.294431 1.47955
v -0.257764 -0.296285 1.48146
v -0.257502 -0.298732 1.47935
v -0.256476 -0.295154 1.45545
v -0.257361 -0.293237 1.45564
v -0.259286 -0.294127 1.45567
v -0.258401 -0.296045 1.45547
v 0.119404 0.0210499 2.70297
v 0.119223 0.0123613 2.69478
v 0.121741 0.0220608 2.6913
v 0.117651 0.0306213 2.69605
v 0.111044 0.0294823 2.70426
v 0.108526 0.0197828 2.70774
v 0.112616 0.0112223 2.703
v 0.110607 0.00850633 2.68448
v 0.114168 0.0222234 2.67957
v 0.108385 0.0343298 2.68627
v 0.099041 0.032719 2.6979
v 0.0954803 0.0190019 2.70281
v 0.101263 0.00689556 2.69611
v 0.0986042 0.011743 2.67812
v 0.101122 0.0214425 2.67464
v 0.0970326 0.030003 2.67938
v 0.0904255 0.028864 2.6876
v 0.0879076 0.0191645 2.69108
v 0.091997 0.0106041 2.68634
v 0.0902445 0.0201755 2.67941
v -0.481433 -0.16912 2.57045
v -0.471675 -0.174873 2.56666
v -0.470044 -0.166273 2.57265
v -0.476939 -0.158218 2.57235
v -0.485465 -0.158765 2.56607
v -0.487096 -0.167365 2.56008
v -0.480201 -0.17542 2.56037
v -0.461908 -0.172655 2.55692
v -0.459601 -0.160492 2.56539
v -0.469353 -0.149102 2.56497
v -0.48141 -0.149875 2.55609
v -0.483717 -0.162038 2.54762
v -0.473966 -0.173428 2.54803
v -0.457853 -0.163765 2.54694
v -0.456222 -0.155165 2.55293
v -0.463117 -0.14711 2.55264
v -0.471644 -0.147657 2.54635
v -0.473275 -0.156257 2.54036
v -0.46638 -0.164312 2.54066
v -0.461886 -0.15341 2.54256
v -0.566943 0.214125 2.18067
v -0.559813 0.220492 2.17351
v -0.568657 0.21662 2.16912
v -0.57276 0.207489 2.17263
v -0.56802 0.202231 2.18052
v -0.559177 0.206103 2.18492
v -0.555073 0.215234 2.18141
v -0.550808 0.217602 2.16323
v -0.563315 0.212125 2.15702
v -0.569118 0.199213 2.16198
v -0.562415 0.191777 2.17315
v -0.549908 0.197253 2.17936
v -0.544105 0.210166 2.1744
v -0.545203 0.207148 2.15586
v -0.554046 0.203275 2.15147
v -0.55815 0.194145 2.15497
v -0.55341 0.188887 2.16287
v -0.544566 0.192759 2.16726
v -0.540463 0.20189 2.16376
v -0.546281 0.195253 2.15571
v 0.245825 -0.234091 2.24001
v 0.244635 -0.223247 2.23515
v 0.235892 -0.227487 2.2394
v 0.234559 -0.238009 2.2394
v 0.241969 -0.244293 2.23514
v 0.250713 -0.240053 2.23089
v 0.252046 -0.229531 2.23089
v 0.239097 -0.218114 2.2234
v 0.226732 -0.224109 2.22941
v 0.224847 -0.23899 2.22941
v 0.235327 -0.247876 2.22339
v 0.247692 -0.24188 2.21738
v 0.249578 -0.226999 2.21738
v 0.232455 -0.221697 2.21165
v 0.223712 -0.225936 2.2159
v 0.222379 -0.236459 2.21589
v 0.229789 -0.242742 2.21164
v 0.238533 -0.238502 2.20739
v 0.239866 -0.22798 2.20739
v 0.2286 -0.231898 2.20677
v 0.062141 -0.754988 1.71484
v 0.0525587 -0.753764 1.70781
v 0.0615815 -0.756607 1.70302
v 0.0709017 -0.753343 1.70689
v 0.0711992 -0.747236 1.71555
v 0.0621764 -0.744393 1.72035
v 0.0528562 -0.747657 1.71648
v 0.0480653 -0.74428 1.6986
v 0.0608255 -0.7483 1.69181
v 0.0740063 -0.743685 1.69729
v 0.0744269 -0.735048 1.70954
v 0.0616668 -0.731027 1.71633
v 0.048486 -0.735643 1.71085
v 0.0512931 -0.732092 1.69259
v 0.0603159 -0.734935 1.68779
v 0.0696361 -0.731671 1.69166
v 0.0699336 -0.725564 1.70033
v 0.0609108 -0.722721 1.70512
v 0.0515906 -0.725985 1.70125
v 0.0603512 -0.72434 1.6933
v -0.12247 0.33709 1.95499
v -0.131311 0.332276 1.94856
v -0.122735 0.326216 1.95006
v -0.113177 0.330704 1.95105
v -0.112194 0.341253 1.95055
v -0.120769 0.347314 1.94905
v -0.130328 0.342825 1.94806
v -0.133537 0.32963 1.93503
v -0.12141 0.32106 1.93714
v -0.107892 0.327408 1.93855
v -0.106502 0.342326 1.93784
v -0.118629 0.350897 1.93572
v -0.132147 0.344549 1.93432
v -0.127845 0.330703 1.92232
v -0.119269 0.324643 1.92381
v -0.109711 0.329132 1.92481
v -0.108728 0.339681 1.9243
v -0.117303 0.345741 1.92281
v -0.126862 0.341252 1.92182
v -0.117568 0.334866 1.91788
v 0.476323 0.572305 1.1855
v 0.481147 0.563292 1.17932
v 0.478736 0.572025 1.17381
v 0.47056 0.57809 1.17678
v 0.464795 0.575423 1.18528
v 0.467206 0.56669 1.1908
v 0.475382 0.560625 1.18782
v 0.476443 0.553665 1.17036
v 0.473033 0.566015 1.16256
v 0.46147 0.574592 1.16677
v 0.453317 0.57082 1.17879
v 0.456727 0.558471 1.18659
v 0.46829 0.549893 1.18238
v 0.464964 0.549063 1.16387
v 0.462553 0.557795 1.15836
v 0.454377 0.56386 1.16133
v 0.448612 0.561193 1.16983
v 0.451023 0.55246 1.17534
v 0.459199 0.546395 1.17237
v 0.453437 0.552181 1.16365
v -0.258915 -0.301423 1.47389
v -0.249248 -0.304609 1.46764
v -0.251031 -0.294195 1.46857
v -0.260966 -0.290565 1.46936
v -0.269119 -0.297348 1.46921
v -0.267336 -0.307762 1.46827
v -0.2574 -0.311392 1.46749
v -0.245781 -0.305041 1.45412
v -0.248302 -0.290313 1.45544
v -0.262353 -0.285179 1.45654
v -0.273882 -0.294772 1.45633
v -0.27136 -0.3095 1.45501
v -0.25731 -0.314634 1.4539
v -0.250544 -0.302465 1.44124
v -0.252327 -0.292051 1.44218
v -0.262262 -0.288421 1.44296
v -0.270414 -0.295204 1.44281
v -0.268631 -0.305618 1.44187
v -0.258696 -0.309249 1.44109
v -0.260747 -0.298391 1.43656
v 0.124992 0.027687 2.69581
v 0.124811 0.0189985 2.68762
v 0.127329 0.028698 2.68414
v 0.123239 0.0372584 2.68888
v 0.116632 0.0361194 2.6971
v 0.114114 0.02642 2.70058
v 0.118204 0.0178595 2.69584
v 0.116195 0.0151435 2.67732
v 0.119756 0.0288606 2.67241
v 0.113973 0.0409669 2.67911
v 0.104629 0.0393561 2.69074
v 0.101068 0.025639 2.69565
v 0.106851 0.0135327 2.68894
v 0.104192 0.0183802 2.67096
v 0.10671 0.0280797 2.66748
v 0.102621 0.0366401 2.67222
v 0.0960134 0.0355011 2.68044
v 0.0934955 0.0258017 2.68392
v 0.0975849 0.0172412 2.67917
v 0.0958324 0.0268126 2.67225
v -0.475213 -0.163518 2.57796
v -0.465455 -0.169272 2.57417
v -0.463824 -0.160671 2.58016
v -0.470719 -0.152617 2.57987
v -0.479245 -0.153164 2.57358
v -0.480876 -0.161764 2.56759
v -0.473981 -0.169818 2.56789
v -0.455688 -0.167054 2.56444
v -0.453381 -0.154891 2.57291
v -0.463132 -0.143501 2.57249
v -0.47519 -0.144273 2.5636
v -0.477497 -0.156436 2.55513
v -0.467746 -0.167827 2.55555
v -0.451633 -0.158164 2.55446
v -0.450002 -0.149563 2.56045
v -0.456897 -0.141509 2.56015
v -0.465423 -0.142056 2.55387
v -0.467055 -0.150656 2.54788
v -0.460159 -0.15871 2.54817
v -0.455666 -0.147809 2.55008
v -0.575261 0.214974 2.17315
v -0.568131 0.221341 2.16599
v -0.576975 0.217468 2.16159
v -0.581079 0.208338 2.1651
v -0.576339 0.20308 2.173
v -0.567495 0.206952 2.17739
v -0.563391 0.216083 2.17388
v -0.559126 0.218451 2.15571
v -0.571633 0.212974 2.1495
v -0.577437 0.200061 2.15445
v -0.570733 0.192625 2.16562
v -0.558226 0.198102 2.17184
v -0.552423 0.211014 2.16688
v -0.553521 0.207996 2.14833
v -0.562365 0.204124 2.14394
v -0.566468 0.194993 2.14745
v -0.561728 0.189735 2.15535
v -0.552885 0.193608 2.15974
v -0.548781 0.202738 2.15623
v -0.554599 0.196102 2.14818
v 0.235932 -0.23284 2.24522
v 0.234743 -0.221996 2.24036
v 0.225999 -0.226236 2.24461
v 0.224666 -0.236758 2.24461
v 0.232077 -0.243041 2.24035
v 0.24082 -0.238802 2.2361
v 0.242153 -0.228279 2.2361
v 0.229205 -0.216862 2.22861
v 0.21684 -0.222858 2.23462
v 0.214954 -0.237739 2.23461
v 0.225435 -0.246624 2.2286
v 0.2378 -0.240629 2.22258
v 0.239685 -0.225748 2.22259
v 0.222563 -0.220445 2.21685
v 0.213819 -0.224685 2.22111
v 0.212486 -0.235207 2.2211
v 0.219897 -0.24149 2.21685
v 0.228641 -0.237251 2.2126
v 0.229974 -0.226728 2.2126
v 0.218707 -0.230647 2.21198
v 0.0674842 -0.760469 1.70659
v 0.0579018 -0.759244 1.69957
v 0.0669246 -0.762087 1.69477
v 0.0762448 -0.758824 1.69864
v 0.0765423 -0.752717 1.70731
v 0.0675195 -0.749874 1.7121
v 0.0581993 -0.753137 1.70823
v 0.0534085 -0.74976 1.69035
v 0.0661686 -0.753781 1.68357
v 0.0793494 -0.749165 1.68904
v 0.0797701 -0.740529 1.7013
v 0.0670099 -0.736508 1.70808
v 0.0538291 -0.741124 1.70261
v 0.0566362 -0.737572 1.68434
v 0.065659 -0.740416 1.67954
v 0.0749792 -0.737152 1.68341
v 0.0752767 -0.731045 1.69208
v 0.0662539 -0.728202 1.69688
v 0.0569337 -0.731466 1.69301
v 0.0656944 -0.72982 1.68506
v -0.117821 0.326919 1.95621
v -0.126661 0.322105 1.94978
v -0.118086 0.316045 1.95128
v -0.108528 0.320533 1.95227
v -0.107545 0.331082 1.95177
v -0.11612 0.337143 1.95027
v -0.125678 0.332654 1.94928
v -0.128888 0.319459 1.93625
v -0.11676 0.310889 1.93837
v -0.103243 0.317237 1.93977
v -0.101852 0.332155 1.93906
v -0.11398 0.340726 1.93695
v -0.127497 0.334378 1.93554
v -0.123195 0.320532 1.92354
v -0.11462 0.314472 1.92504
v -0.105062 0.318961 1.92603
v -0.104078 0.32951 1.92553
v -0.112654 0.33557 1.92403
v -0.122212 0.331081 1.92304
v -0.112919 0.324695 1.9191
v 0.478377 0.579285 1.17692
v 0.483201 0.570273 1.17074
v 0.48079 0.579006 1.16523
v 0.472614 0.585071 1.1682
v 0.466849 0.582403 1.1767
v 0.46926 0.573671 1.18222
v 0.477436 0.567606 1.17924
v 0.478496 0.560646 1.16178
v 0.475087 0.572995 1.15398
v 0.463524 0.581573 1.15819
v 0.455371 0.577801 1.17021
v 0.458781 0.565451 1.17801
v 0.470343 0.556874 1.1738
v 0.467018 0.556043 1.15529
v 0.464607 0.564776 1.14978
v 0.456431 0.570841 1.15275
v 0.450666 0.568174 1.16125
v 0.453077 0.559441 1.16676
v 0.461253 0.553376 1.16379
v 0.455491 0.559161 1.15507
v -0.255015 -0.290891 1.47455
v -0.245348 -0.294078 1.4683
v -0.247131 -0.283664 1.46924
v -0.257066 -0.280033 1.47002
v -0.265218 -0.286817 1.46987
v -0.263435 -0.297231 1.46894
v -0.2535 -0.300861 1.46815
v -0.24188 -0.294509 1.45478
v -0.244402 -0.279782 1.4561
v -0.258452 -0.274648 1.45721
v -0.269981 -0.284241 1.45699
v -0.26746 -0.298969 1.45567
v -0.253409 -0.304103 1.45457
v -0.246643 -0.291934 1.44191
v -0.248426 -0.28152 1.44284
v -0.258361 -0.277889 1.44362
v -0.266514 -0.284673 1.44347
v -0.264731 -0.295087 1.44254
v -0.254796 -0.298717 1.44176
v -0.256847 -0.287859 1.43722
v -0.0175611 -0.00866556 2.47804
v -0.0239783 -0.0373746 2.48095
v -0.0303955 -0.0660837 2.48386
v 0.000567465 -0.0120027 2.50301
v -0.000990459 -0.0408348 2.4975
v -0.00254838 -0.069667 2.492
v 0.0347812 -0.0169303 2.51681
v 0.0317995 -0.0454903 2.51033
v 0.0288178 -0.0740503 2.50385
v 0.0786389 -0.0283226 2.51604
v 0.0707639 -0.0564318 2.51955
v 0.0628889 -0.084541 2.52305
v 0.112977 -0.0361107 2.49474
v 0.11519 -0.0635828 2.50843
v 0.117403 -0.0910549 2.52212
v 0.154473 -0.0485124 2.47079
v 0.15257 -0.0762288 2.47787
v 0.150668 -0.103945 2.48495
v 0.203122 -0.0663117 2.47019
v -0.0627519 -0.0411708 2.47093
v -0.0423399 -0.0256717 2.47475
v -0.0219279 -0.0101725 2.47857
v -0.0758915 -0.02127 2.46718
v -0.0576879 -0.00607927 2.47727
v -0.0394843 0.00911144 2.48736
v -0.0920115 0.00388468 2.46314
v -0.0754186 0.0194367 2.47533
v -0.0588258 0.0349887 2.48753
v -0.113299 0.0345284 2.46104
v -0.0939864 0.0499416 2.46836
v -0.074674 0.0653549 2.47569
v -0.126121 0.0563908 2.43578
v -0.116467 0.0777721 2.4491
v -0.106812 0.0991533 2.46242
v -0.137774 0.0751276 2.40606
v -0.145824 0.0937587 2.42088
v -0.153874 0.11239 2.4357
v -0.173924 0.119343 2.39557
v -0.00968701 -0.0481533 2.49072
v -0.0379305 -0.0454895 2.48127
v -0.066174 -0.0428256 2.47182
v -0.0204787 -0.06734 2.51429
v -0.0458038 -0.0670919 2.49872
v -0.0711288 -0.0668439 2.48315
v -0.0291018 -0.101104 2.52867
v -0.0563876 -0.0953231 2.51825
v -0.0836734 -0.0895419 2.50783
v -0.0448697 -0.143497 2.53248
v -0.0721687 -0.131712 2.53201
v -0.0994678 -0.119926 2.53155
v -0.0570303 -0.183158 2.52901
v -0.0841588 -0.175831 2.54239
v -0.111287 -0.168503 2.55578
v -0.0633698 -0.226898 2.54805
v -0.0855618 -0.220628 2.56563
v -0.107754 -0.214357 2.58321
v -0.0731356 -0.251659 2.60635
v -0.046876 -0.00726516 2.47357
v -0.0297254 -0.0279348 2.48259
v -0.0125747 -0.0486045 2.49161
v -0.0300114 0.00918521 2.48546
v -0.019841 -0.0112964 2.50192
v -0.00967067 -0.0317781 2.51838
v -0.0118395 0.0282862 2.50216
v -0.010271 0.0118126 2.52501
v -0.00870236 -0.00466109 2.54786
v -0.00290292 0.0555591 2.52418
v 0.0056564 0.0410588 2.54678
v 0.0142157 0.0265585 2.56937
v 0.0140921 0.0859489 2.53353
v 0.0120622 0.0820375 2.56269
v 0.0100322 0.078126 2.59186
v 0.0242748 0.120365 2.53132
v 0.0326049 0.124877 2.55712
v 0.040935 0.12939 2.58291
v 0.0601473 0.16409 2.54312
v -0.251818 -0.0913813 2.40415
v -0.268303 -0.115406 2.39915
v -0.284787 -0.139432 2.39416
v -0.249044 -0.101759 2.43426
v -0.258122 -0.127344 2.42299
v -0.267201 -0.15293 2.41172
v -0.230367 -0.121251 2.46201
v -0.240761 -0.145159 2.44834
v -0.251156 -0.169068 2.43467
v -0.201127 -0.154184 2.48152
v -0.221937 -0.172992 2.47271
v -0.242746 -0.191799 2.4639
v -0.168379 -0.182283 2.4794
v -0.189535 -0.204151 2.48401
v -0.210691 -0.226019 2.48862
v -0.134724 -0.220489 2.47489
v -0.156127 -0.239422 2.47257
v -0.177529 -0.258355 2.47025
v -0.114825 -0.265803 2.49021
v -0.296919 -0.104069 2.37325
v -0.276542 -0.0975808 2.38789
v -0.256166 -0.0910923 2.40252
v -0.298695 -0.0821326 2.36799
v -0.283547 -0.0735827 2.387
v -0.2684 -0.0650329 2.40601
v -0.303196 -0.0545969 2.36187
v -0.290729 -0.0437591 2.38169
v -0.278262 -0.0329213 2.40152
v -0.314684 -0.0215078 2.35602
v -0.298144 -0.00955102 2.37176
v -0.281604 0.00240573 2.3875
v -0.313423 0.00259419 2.33081
v -0.307735 0.022261 2.34837
v -0.302046 0.0419278 2.36594
v -0.312806 0.0241526 2.30027
v -0.324367 0.0423188 2.31323
v -0.335928 0.060485 2.32618
v -0.342412 0.0708242 2.28246
v -0.264706 -0.130796 2.41204
v -0.282707 -0.117537 2.39218
v -0.300707 -0.104278 2.37233
v -0.292166 -0.145169 2.42552
v -0.304541 -0.134365 2.40074
v -0.316916 -0.12356 2.37596
v -0.32059 -0.172814 2.42799
v -0.333176 -0.154858 2.40784
v -0.345762 -0.136903 2.3877
v -0.35469 -0.203058 2.41456
v -0.367922 -0.178241 2.4049
v -0.381153 -0.153424 2.39523
v -0.38352 -0.231192 2.39647
v -0.403849 -0.207734 2.39878
v -0.424177 -0.184275 2.40109
v -0.423033 -0.261399 2.40049
v -0.441318 -0.240239 2.40816
v -0.459603 -0.219079 2.41582
v -0.472414 -0.267372 2.4409
v -0.273392 -0.0788506 2.38806
v -0.270517 -0.104475 2.3998
v -0.267642 -0.130099 2.41154
v -0.258998 -0.0700495 2.40871
v -0.265441 -0.0928081 2.42401
v -0.271883 -0.115567 2.43932
v -0.246829 -0.0578104 2.43646
v -0.262888 -0.0744872 2.45259
v -0.278948 -0.0911639 2.46871
v -0.246575 -0.0344016 2.46473
v -0.25748 -0.0513051 2.48446
v -0.268386 -0.0682086 2.5042
v -0.23689 -0.00610874 2.48931
v -0.259415 -0.0130845 2.50703
v -0.281941 -0.0200603 2.52475
v -0.229484 0.0279507 2.4993
v -0.243479 0.0291303 2.52291
v -0.257474 0.0303098 2.54653
v -0.22107 0.0717844 2.53598
v -0.412174 0.175613 1.96098
v -0.420297 0.152541 1.96241
v -0.42842 0.129468 1.96383
v -0.402955 0.172274 1.98474
v -0.405483 0.148435 1.98039
v -0.40801 0.124596 1.97604
v -0.379236 0.16597 2.00347
v -0.382662 0.142441 1.99799
v -0.386087 0.118912 1.99251
v -0.345097 0.152753 2.01354
v -0.35505 0.13054 2.01471
v -0.365004 0.108326 2.01588
v -0.313819 0.142217 2.00526
v -0.318185 0.119946 2.0169
v -0.322551 0.0976751 2.02855
v -0.276894 0.126825 1.99585
v -0.283106 0.104544 2.00129
v -0.289318 0.0822635 2.00674
v -0.240205 0.106752 2.00559
v -0.450502 0.151156 1.94137
v -0.433045 0.164136 1.95074
v -0.415587 0.177116 1.96011
v -0.457025 0.168878 1.93141
v -0.444117 0.183262 1.94487
v -0.431208 0.197646 1.95833
v -0.466471 0.191178 1.91968
v -0.455982 0.206727 1.93399
v -0.445492 0.222275 1.94829
v -0.482286 0.217969 1.90788
v -0.468183 0.233536 1.91854
v -0.454079 0.249102 1.92921
v -0.485544 0.234939 1.88007
v -0.481838 0.256017 1.89232
v -0.478131 0.277096 1.90457
v -0.488658 0.249174 1.84879
v -0.500417 0.266376 1.85846
v -0.512176 0.283577 1.86813
v -0.520541 0.285918 1.82756
v -0.412761 0.142562 1.97646
v -0.433407 0.14621 1.95892
v -0.454053 0.149859 1.94139
v -0.431601 0.124825 1.99323
v -0.447015 0.127081 1.97097
v -0.462429 0.129338 1.9487
v -0.44851 0.0937911 2.00209
v -0.465694 0.102939 1.98307
v -0.482878 0.112087 1.96405
v -0.471153 0.0565721 1.99765
v -0.489818 0.0733912 1.98728
v -0.508482 0.0902103 1.9769
v -0.490304 0.0222082 1.98786
v -0.513925 0.0380127 1.9892
v -0.537546 0.0538172 1.99053
v -0.517055 -0.0132178 1.99895
v -0.537887 0.00195073 2.00515
v -0.558718 0.0171193 2.01136
v -0.556265 -0.0244343 2.041
v -0.435272 0.181176 1.94802
v -0.425508 0.161884 1.96228
v -0.415744 0.142593 1.97653
v -0.422716 0.195305 1.96207
v -0.4212 0.177895 1.98099
v -0.419683 0.160485 1.9999
v -0.411547 0.213525 1.98118
v -0.419642 0.200735 2.00206
v -0.427737 0.187944 2.02294
v -0.412456 0.239978 1.99974
v -0.415157 0.229913 2.0233
v -0.417858 0.219848 2.04686
v -0.405139 0.271382 2.01093
v -0.420409 0.26899 2.03302
v -0.435678 0.266598 2.05511
v -0.401851 0.304051 2.00826
v -0.409531 0.311296 2.03105
v -0.41721 0.318542 2.05384
v -0.392557 0.353234 2.0251
v -0.35368 0.058834 1.80971
v -0.325548 0.0756358 1.81555
v -0.297415 0.0924376 1.82138
v -0.367499 0.0768627 1.8358
v -0.342157 0.0977816 1.83186
v -0.316816 0.118701 1.82792
v -0.391275 0.108626 1.84761
v -0.36524 0.128558 1.84277
v -0.339206 0.14849 1.83792
v -0.416003 0.152192 1.84245
v -0.388166 0.168763 1.84925
v -0.360329 0.185334 1.85606
v -0.434264 0.184538 1.81526
v -0.416524 0.209078 1.8321
v -0.398785 0.233618 1.84895
v -0.455332 0.22594 1.78504
v -0.433356 0.247509 1.79472
v -0.411379 0.269079 1.8044
v -0.48154 0.277873 1.78074
v -0.291768 0.0462511 1.8087
v -0.320478 0.0513287 1.80978
v -0.349188 0.0564062 1.81087
v -0.297783 0.019533 1.80456
v -0.325237 0.0237479 1.81293
v -0.352691 0.0279627 1.82131
v -0.306477 -0.0135487 1.79992
v -0.333176 -0.0103338 1.81092
v -0.359874 -0.00711886 1.82192
v -0.317096 -0.0548038 1.79746
v -0.344935 -0.0487653 1.80298
v -0.372774 -0.0427268 1.80851
v -0.324403 -0.0827431 1.76875
v -0.351174 -0.0888039 1.78175
v -0.377945 -0.0948647 1.79476
v -0.330008 -0.107038 1.73528
v -0.342226 -0.126687 1.75157
v -0.354444 -0.146336 1.76785
v -0.343506 -0.169987 1.72389
v -0.328715 0.0959965 1.82567
v -0.308316 0.0703619 1.81792
v -0.287916 0.0447273 1.81017
v -0.307986 0.102383 1.85417
v -0.286675 0.0809966 1.83971
v -0.265363 0.0596104 1.82525
v -0.276374 0.121802 1.87337
v -0.258197 0.0949664 1.8648
v -0.24002 0.0681312 1.85624
v -0.231339 0.14253 1.88281
v -0.218825 0.111554 1.88503
v -0.206311 0.0805779 1.88725
v -0.190649 0.164371 1.88363
v -0.17631 0.138009 1.90173
v -0.161971 0.111647 1.91984
v -0.155223 0.195843 1.90895
v -0.144498 0.174642 1.93134
v -0.133774 0.15344 1.95374
v -0.138409 0.211611 1.97733
v -0.332028 0.0334478 1.80773
v -0.329143 0.0637195 1.81737
v -0.326259 0.0939912 1.82701
v -0.359751 0.0351137 1.81817
v -0.352664 0.0597555 1.83685
v -0.345578 0.0843973 1.85552
v -0.391239 0.0362517 1.83323
v -0.382059 0.0509968 1.85983
v -0.372879 0.0657418 1.88643
v -0.423954 0.024203 1.85446
v -0.421534 0.0434116 1.87959
v -0.419115 0.0626202 1.90473
v -0.463341 0.0165623 1.85977
v -0.463411 0.0194811 1.89285
v -0.46348 0.0223998 1.92593
v -0.500175 0.000473199 1.85256
v -0.513933 0.00627613 1.87966
v -0.52769 0.0120791 1.90675
v -0.565072 0.00204515 1.85672
v 0.124708 -0.121474 2.02689
v 0.118818 -0.145257 2.02707
v 0.112929 -0.169041 2.02725
v 0.142683 -0.127289 2.04499
v 0.139393 -0.150273 2.0376
v 0.136102 -0.173258 2.03022
v 0.172626 -0.134092 2.05151
v 0.167528 -0.156582 2.04354
v 0.162429 -0.179071 2.03556
v 0.208083 -0.145685 2.04409
v 0.199745 -0.168567 2.04498
v 0.191408 -0.191449 2.04586
v 0.233625 -0.151985 2.02133
v 0.234194 -0.17607 2.02971
v 0.234764 -0.200154 2.03809
v 0.26413 -0.163151 1.99568
v 0.260443 -0.186326 1.99942
v 0.256756 -0.209501 2.00316
v 0.302101 -0.182034 1.98894
v 0.0830936 -0.146877 2.01823
v 0.102118 -0.133559 2.02289
v 0.121142 -0.120242 2.02756
v 0.0721488 -0.128296 2.01449
v 0.0887426 -0.115108 2.02476
v 0.105336 -0.10192 2.03503
v 0.0584929 -0.104929 2.01047
v 0.0734206 -0.091231 2.02255
v 0.0883483 -0.0775333 2.03463
v 0.0399012 -0.0766234 2.00811
v 0.0574214 -0.0628688 2.01578
v 0.0749416 -0.0491142 2.02345
v 0.0295677 -0.056259 1.98488
v 0.0380203 -0.0369199 1.99763
v 0.0464728 -0.0175808 2.01038
v 0.0201071 -0.0387257 1.9575
v 0.0123179 -0.021825 1.97097
v 0.00452867 -0.00492426 1.98443
v -0.0124826 0.00188568 1.94721
v 0.131475 -0.156277 2.03556
v 0.105672 -0.152409 2.02742
v 0.0798687 -0.148542 2.01928
v 0.121573 -0.177004 2.05396
v 0.098407 -0.174443 2.03999
v 0.0752416 -0.171882 2.02601
v 0.113955 -0.20951 2.06148
v 0.0888937 -0.203005 2.0531
v 0.0638324 -0.1965 2.04471
v 0.10041 -0.248064 2.05777
v 0.0750989 -0.238272 2.05931
v 0.0497878 -0.228481 2.06086
v 0.0905723 -0.283246 2.04792
v 0.0655794 -0.280017 2.06113
v 0.0405865 -0.276787 2.07434
v 0.0866971 -0.32581 2.05774
v 0.0662723 -0.32416 2.07455
v 0.0458475 -0.322511 2.09136
v 0.0791467 -0.358499 2.10576
v 0.0982162 -0.11665 2.02415
v 0.113474 -0.136616 2.03042
v 0.128732 -0.156582 2.03669
v 0.114627 -0.102778 2.03583
v 0.123582 -0.123099 2.04887
v 0.132538 -0.143419 2.06191
v 0.132616 -0.0871547 2.05207
v 0.134014 -0.104254 2.07132
v 0.135412 -0.121354 2.09058
v 0.143219 -0.0644566 2.07433
v 0.15091 -0.080443 2.093
v 0.158601 -0.0964294 2.11168
v 0.161195 -0.038869 2.08496
v 0.160357 -0.0453469 2.11112
v 0.159518 -0.0518248 2.13727
v 0.173298 -0.00827084 2.08591
v 0.182496 -0.00768452 2.10927
v 0.191694 -0.00709819 2.13263
v 0.210895 0.0264808 2.09885
v -0.00429741 -0.125587 1.85021
v 0.0273123 -0.11594 1.84626
v 0.058922 -0.106294 1.84232
v -0.00205283 -0.112411 1.88344
v 0.0246045 -0.0966272 1.8718
v 0.0512619 -0.0808439 1.86015
v -0.00794892 -0.0802573 1.91183
v 0.018947 -0.0668352 1.89786
v 0.0458429 -0.053413 1.8839
v -0.0141679 -0.0299407 1.92893
v 0.018101 -0.0269376 1.92219
v 0.0503699 -0.0239345 1.91544
v -0.0252748 0.0160703 1.92122
v 0.00752642 0.0236535 1.92942
v 0.0403276 0.0312367 1.93761
v -0.0315742 0.071807 1.91081
v 0.00038991 0.0762933 1.91109
v 0.032354 0.0807796 1.91137
v -0.0238547 0.12797 1.92454
v 0.0469131 -0.14755 1.82042
v 0.0231975 -0.13825 1.83464
v -0.000518147 -0.12895 1.84886
v 0.0336674 -0.168918 1.81482
v 0.0128686 -0.164453 1.83455
v -0.00793013 -0.159988 1.85427
v 0.0186121 -0.196947 1.80852
v -0.00146215 -0.196041 1.8295
v -0.0215364 -0.195134 1.85049
v 0.00499029 -0.234532 1.80309
v -0.0189664 -0.23162 1.81921
v -0.0429231 -0.228708 1.83532
v -0.0120104 -0.255849 1.77466
v -0.0325672 -0.267226 1.79391
v -0.0531241 -0.278603 1.81316
v -0.0266937 -0.275167 1.74044
v -0.0313637 -0.29845 1.75583
v -0.0360336 -0.321732 1.77121
v -0.0359825 -0.337362 1.72256
v 0.0337168 -0.0988731 1.86022
v 0.0421006 -0.124455 1.84
v 0.0504845 -0.150037 1.81979
v 0.0665709 -0.104004 1.87815
v 0.0723516 -0.123916 1.85187
v 0.0781324 -0.143827 1.82559
v 0.110203 -0.0982802 1.88385
v 0.111261 -0.124429 1.86289
v 0.112319 -0.150578 1.84194
v 0.161941 -0.0945709 1.87248
v 0.15848 -0.126595 1.86334
v 0.15502 -0.15862 1.8542
v 0.207654 -0.0889934 1.85517
v 0.211075 -0.123528 1.86006
v 0.214496 -0.158063 1.86495
v 0.262795 -0.0861961 1.86332
v 0.265773 -0.116899 1.87402
v 0.268751 -0.147602 1.88471
v 0.309251 -0.109033 1.91359
v 0.00744237 -0.152711 1.8346
v 0.0216572 -0.127129 1.84729
v 0.035872 -0.101548 1.85999
v -0.0129904 -0.149179 1.85615
v 0.00710736 -0.132271 1.87394
v 0.0272051 -0.115364 1.89173
v -0.0346051 -0.149093 1.88537
v -0.0106857 -0.144242 1.90571
v 0.0132337 -0.139391 1.92604
v -0.0544422 -0.166411 1.91679
v -0.0355454 -0.157318 1.9406
v -0.0166487 -0.148225 1.96441
v -0.0860386 -0.179875 1.9421
v -0.0650184 -0.188486 1.96633
v -0.0439983 -0.197096 1.99056
v -0.119129 -0.200958 1.95171
v -0.112614 -0.209109 1.98083
v -0.106099 -0.217259 2.00996
v -0.165947 -0.223935 1.99058
v -0.00560104 -0.565311 1.49737
v -0.0166368 -0.589351 1.49266
v -0.0276726 -0.613391 1.48795
v 0.00268393 -0.576012 1.52329
v -0.00251144 -0.599593 1.51185
v -0.00770681 -0.623174 1.50042
v 0.0267762 -0.591847 1.54377
v 0.0195998 -0.613938 1.53049
v 0.0124234 -0.636029 1.51721
v 0.0612211 -0.616709 1.55315
v 0.0450188 -0.636849 1.54637
v 0.0288164 -0.65699 1.53959
v 0.0944951 -0.6345 1.54279
v 0.0810919 -0.658576 1.54759
v 0.0676886 -0.682652 1.55239
v 0.130217 -0.660619 1.52924
v 0.114936 -0.681697 1.52815
v 0.0996556 -0.702775 1.52707
v 0.159054 -0.697368 1.53516
v -0.0492136 -0.582721 1.4776
v -0.0294104 -0.574286 1.48707
v -0.00960714 -0.565851 1.49655
v -0.0569549 -0.563289 1.47889
v -0.0405024 -0.555587 1.49361
v -0.0240498 -0.547885 1.50834
v -0.0677057 -0.539477 1.48123
v -0.0534832 -0.530827 1.4977
v -0.0392607 -0.522176 1.51417
v -0.0844038 -0.511804 1.48607
v -0.0676856 -0.501023 1.49838
v -0.0509675 -0.490241 1.51068
v -0.0924479 -0.486733 1.46919
v -0.0856362 -0.471012 1.48667
v -0.0788245 -0.455292 1.50416
v -0.100417 -0.463615 1.44674
v -0.109967 -0.450596 1.46285
v -0.119517 -0.437577 1.47896
v -0.134752 -0.423787 1.44325
v -0.00739383 -0.603579 1.49991
v -0.0299462 -0.593652 1.48854
v -0.0524985 -0.583725 1.47717
v -0.0246522 -0.621546 1.51614
v -0.0438802 -0.61311 1.49919
v -0.0631082 -0.604673 1.48225
v -0.0417769 -0.651252 1.52139
v -0.0621908 -0.637955 1.5097
v -0.0826047 -0.624658 1.498
v -0.0653155 -0.684655 1.51414
v -0.086087 -0.667511 1.5124
v -0.106858 -0.650366 1.51066
v -0.0842959 -0.715485 1.50149
v -0.108161 -0.703865 1.51116
v -0.132025 -0.692245 1.52083
v -0.103783 -0.754298 1.509
v -0.124311 -0.745158 1.5227
v -0.144839 -0.736017 1.5364
v -0.129496 -0.78117 1.55372
v -0.0293684 -0.557105 1.48893
v -0.0195053 -0.5802 1.49445
v -0.00964225 -0.603296 1.49998
v -0.0137937 -0.548356 1.50604
v -0.0117459 -0.57163 1.51642
v -0.00969811 -0.594905 1.52681
v 0.0019176 -0.538886 1.52929
v -0.00472945 -0.558974 1.54372
v -0.0113765 -0.579062 1.55814
v 0.00855413 -0.522723 1.5584
v 0.00760322 -0.543163 1.57374
v 0.0066523 -0.563603 1.58908
v 0.0245068 -0.502875 1.58083
v 0.0134575 -0.514993 1.60199
v 0.00240814 -0.527111 1.62315
v 0.0362034 -0.47562 1.59406
v 0.0356157 -0.481416 1.61831
v 0.0350281 -0.487211 1.64256
v 0.0655725 -0.448938 1.62834
v -0.0368822 -0.510857 1.31819
v -0.0119714 -0.497181 1.32045
v 0.0129395 -0.483505 1.32272
v -0.0430402 -0.500598 1.3455
v -0.0222119 -0.481919 1.34094
v -0.00138371 -0.46324 1.33637
v -0.0593906 -0.476616 1.36646
v -0.0380407 -0.458824 1.36066
v -0.0166908 -0.441033 1.35487
v -0.0792703 -0.43883 1.37697
v -0.053621 -0.426953 1.3792
v -0.0279717 -0.415076 1.38144
v -0.0981453 -0.405895 1.36621
v -0.0779014 -0.38944 1.38036
v -0.0576574 -0.372985 1.39451
v -0.118497 -0.364489 1.35408
v -0.0963873 -0.349419 1.36104
v -0.0742777 -0.33435 1.368
v -0.136135 -0.318888 1.36435
v 0.0159569 -0.519685 1.29699
v -0.00955463 -0.517253 1.30712
v -0.0350662 -0.51482 1.31726
v 0.00815274 -0.540303 1.28532
v -0.0146402 -0.542479 1.30038
v -0.0374332 -0.544656 1.31543
v -0.000767558 -0.567118 1.27162
v -0.0223997 -0.572087 1.28775
v -0.0440318 -0.577056 1.30389
v -0.00792517 -0.60274 1.25791
v -0.0325397 -0.604822 1.26978
v -0.0571543 -0.606904 1.28166
v -0.0178126 -0.620094 1.22541
v -0.0379379 -0.635034 1.23936
v -0.0580633 -0.649975 1.25332
v -0.0257312 -0.63491 1.18895
v -0.0295561 -0.658819 1.20026
v -0.033381 -0.682727 1.21158
v -0.0273334 -0.691604 1.16452
v -0.0112154 -0.482534 1.33669
v 0.00441022 -0.501928 1.31692
v 0.0200359 -0.521322 1.29715
v 0.0182115 -0.481656 1.35705
v 0.0306378 -0.495816 1.33166
v 0.0430641 -0.509977 1.30626
v 0.0564998 -0.467739 1.36839
v 0.0651026 -0.4892 1.34675
v 0.0737054 -0.510661 1.32511
v 0.104996 -0.452893 1.36465
v 0.108732 -0.482055 1.353
v 0.112469 -0.511217 1.34134
v 0.148359 -0.437767 1.3545
v 0.156895 -0.46968 1.35663
v 0.16543 -0.501592 1.35877
v 0.198414 -0.427104 1.36882
v 0.204906 -0.456243 1.37655
v 0.211399 -0.485381 1.38428
v 0.239835 -0.446645 1.41929
v -0.0207784 -0.533764 1.30378
v -0.0147201 -0.509322 1.32033
v -0.00866175 -0.48488 1.33688
v -0.0430641 -0.536084 1.31949
v -0.0315306 -0.519632 1.34171
v -0.0199971 -0.50318 1.36394
v -0.0675556 -0.54282 1.34091
v -0.0515034 -0.537868 1.36578
v -0.0354512 -0.532917 1.39064
v -0.0882683 -0.565975 1.36201
v -0.079188 -0.559089 1.38972
v -0.0701077 -0.552202 1.41744
v -0.119755 -0.586659 1.37398
v -0.106097 -0.596405 1.40048
v -0.0924398 -0.606151 1.42698
v -0.148456 -0.6117 1.37002
v -0.148991 -0.623505 1.39675
v -0.149527 -0.63531 1.42347
v -0.196686 -0.64518 1.38813
v 0.0209738 -0.352256 1.16412
v -0.0133455 -0.34486 1.16978
v -0.0476647 -0.337463 1.17544
v 0.0176084 -0.377965 1.19065
v -0.017264 -0.375105 1.18554
v -0.0521364 -0.372246 1.18043
v 0.0121006 -0.420848 1.20075
v -0.022527 -0.41649 1.19475
v -0.0571546 -0.412132 1.18875
v -0.00110535 -0.472395 1.19191
v -0.0349686 -0.464694 1.19861
v -0.0688319 -0.456993 1.20531
v -0.0103965 -0.509323 1.16038
v -0.0427485 -0.515605 1.17724
v -0.0751004 -0.521887 1.19411
v -0.0244651 -0.555099 1.12533
v -0.0575945 -0.555506 1.13491
v -0.0907239 -0.555912 1.14448
v -0.0432434 -0.614042 1.11778
v -0.0176845 -0.296916 1.16484
v 0.000780683 -0.322028 1.16521
v 0.0192459 -0.34714 1.16557
v 0.00685183 -0.280393 1.16197
v 0.0246561 -0.304399 1.17018
v 0.0424604 -0.328406 1.17839
v 0.0382506 -0.261036 1.15888
v 0.0560216 -0.283937 1.16998
v 0.0737926 -0.306839 1.18108
v 0.0772772 -0.237148 1.15841
v 0.0938351 -0.26285 1.16355
v 0.110393 -0.288553 1.16869
v 0.104524 -0.219922 1.12917
v 0.129106 -0.236013 1.14295
v 0.153689 -0.252104 1.15673
v 0.127751 -0.204318 1.09459
v 0.151467 -0.199248 1.11264
v 0.175183 -0.194177 1.13069
v 0.185552 -0.166313 1.08489
v -0.0261735 -0.363487 1.17927
v -0.0228824 -0.328237 1.17292
v -0.0195913 -0.292987 1.16657
v -0.047528 -0.354837 1.20943
v -0.0481208 -0.321747 1.19587
v -0.0487136 -0.288656 1.18231
v -0.0865615 -0.34824 1.22891
v -0.0813727 -0.313443 1.22219
v -0.0761839 -0.278646 1.21547
v -0.136803 -0.333087 1.23816
v -0.125149 -0.299652 1.24326
v -0.113495 -0.266218 1.24837
v -0.18434 -0.322026 1.23803
v -0.178539 -0.292113 1.2598
v -0.172739 -0.262199 1.28156
v -0.235554 -0.324978 1.26298
v -0.230857 -0.302166 1.28895
v -0.22616 -0.279354 1.31491
v -0.262842 -0.332124 1.33473
v 0.0229377 -0.316599 1.16392
v -0.00185165 -0.338402 1.17239
v -0.026641 -0.360206 1.18087
v 0.0430575 -0.338993 1.17465
v 0.0186896 -0.35374 1.19302
v -0.00567835 -0.368487 1.21139
v 0.0660573 -0.364214 1.19016
v 0.0469759 -0.370301 1.21756
v 0.0278945 -0.376389 1.24496
v 0.0994125 -0.38137 1.21313
v 0.081834 -0.395668 1.23834
v 0.0642555 -0.409966 1.26356
v 0.134492 -0.40614 1.2185
v 0.130755 -0.410982 1.25346
v 0.127018 -0.415825 1.28841
v 0.174438 -0.422577 1.2112
v 0.17856 -0.439667 1.23919
v 0.182682 -0.456756 1.26718
v 0.219717 -0.475242 1.21375
v -0.149983 0.274376 1.67626
v -0.157703 0.248836 1.67942
v -0.165422 0.223297 1.68258
v -0.143188 0.273944 1.70315
v -0.143708 0.247303 1.70121
v -0.144227 0.220663 1.69927
v -0.120391 0.271378 1.72717
v -0.121204 0.2448 1.72421
v -0.122017 0.218221 1.72125
v -0.0844828 0.262072 1.74509
v -0.0932112 0.237017 1.74828
v -0.10194 0.211961 1.75146
v -0.0488329 0.253474 1.74323
v -0.0529 0.23048 1.75862
v -0.0569671 0.207486 1.77402
v -0.00590723 0.241197 1.74192
v -0.0104382 0.216915 1.75021
v -0.0149693 0.192632 1.75851
v 0.0345945 0.226688 1.76106
v -0.189804 0.245811 1.66232
v -0.171819 0.259437 1.66895
v -0.153833 0.273064 1.67557
v -0.200226 0.263778 1.65696
v -0.185489 0.277562 1.66878
v -0.170752 0.291346 1.6806
v -0.213711 0.286253 1.65095
v -0.201014 0.300734 1.66428
v -0.188317 0.315215 1.6776
v -0.232911 0.313115 1.64611
v -0.217332 0.327983 1.65524
v -0.201754 0.342851 1.66437
v -0.241898 0.332292 1.62176
v -0.236225 0.3522 1.63483
v -0.230551 0.372109 1.6479
v -0.250123 0.348735 1.59343
v -0.260266 0.364911 1.6059
v -0.27041 0.381086 1.61838
v -0.284725 0.386179 1.58009
v -0.147292 0.239074 1.69111
v -0.170101 0.241681 1.67665
v -0.192909 0.244288 1.66218
v -0.16354 0.22489 1.71222
v -0.182235 0.224972 1.69276
v -0.20093 0.225053 1.67331
v -0.1791 0.196568 1.72746
v -0.199092 0.20359 1.71069
v -0.219084 0.210611 1.69393
v -0.20226 0.160381 1.73219
v -0.222281 0.175975 1.72301
v -0.242302 0.19157 1.71382
v -0.222475 0.12609 1.73072
v -0.245562 0.142061 1.73388
v -0.268649 0.158032 1.73703
v -0.2462 0.0932223 1.75066
v -0.265846 0.108997 1.75826
v -0.285491 0.124772 1.76586
v -0.27673 0.0881885 1.79991
v -0.173975 0.276144 1.66509
v -0.161767 0.257601 1.67807
v -0.149558 0.239058 1.69104
v -0.161023 0.290943 1.67783
v -0.156532 0.273732 1.6962
v -0.152041 0.25652 1.71456
v -0.148735 0.309386 1.69536
v -0.153551 0.296442 1.71693
v -0.158367 0.283498 1.73849
v -0.147919 0.335586 1.71391
v -0.146943 0.325459 1.73737
v -0.145967 0.315333 1.76084
v -0.138933 0.36617 1.72381
v -0.150372 0.364219 1.74793
v -0.161811 0.362268 1.77206
v -0.13497 0.39834 1.72074
v -0.138324 0.405771 1.74431
v -0.141678 0.413202 1.76788
v -0.119807 0.44623 1.73577
v -0.15791 0.170723 1.50658
v -0.131075 0.180309 1.50742
v -0.10424 0.189895 1.50825
v -0.163701 0.190002 1.52923
v -0.139412 0.20242 1.52153
v -0.115124 0.214837 1.51382
v -0.176442 0.222433 1.53967
v -0.151519 0.23299 1.53111
v -0.126596 0.243548 1.52255
v -0.188487 0.264623 1.5347
v -0.16103 0.271547 1.53614
v -0.133573 0.278472 1.53758
v -0.199298 0.295176 1.51085
v -0.176553 0.310884 1.52165
v -0.153807 0.326593 1.53246
v -0.208918 0.333781 1.48392
v -0.184276 0.345289 1.48889
v -0.159633 0.356797 1.49386
v -0.216006 0.383016 1.47926
v -0.106537 0.147682 1.49437
v -0.131669 0.157054 1.50069
v -0.156801 0.166427 1.50702
v -0.117467 0.125628 1.48831
v -0.140911 0.132109 1.50093
v -0.164356 0.138589 1.51355
v -0.13114 0.0978084 1.48152
v -0.154012 0.102093 1.49607
v -0.176883 0.106378 1.51062
v -0.146077 0.0617843 1.47626
v -0.170794 0.068765 1.48583
v -0.19551 0.0757458 1.4954
v -0.158871 0.0402458 1.44775
v -0.18284 0.0344921 1.46243
v -0.206808 0.0287385 1.47711
v -0.169448 0.0213145 1.41467
v -0.180229 0.00180637 1.42942
v -0.191009 -0.0177018 1.44417
v -0.186367 -0.0361895 1.39982
v -0.128507 0.198825 1.51879
v -0.115673 0.172183 1.5071
v -0.102839 0.145542 1.49541
v -0.101612 0.200945 1.54045
v -0.089573 0.17817 1.52211
v -0.0775336 0.155395 1.50378
v -0.064473 0.213355 1.55023
v -0.0555767 0.185586 1.53788
v -0.0466803 0.157817 1.52554
v -0.0174305 0.224094 1.5466
v -0.0122151 0.192916 1.54561
v -0.0069996 0.161739 1.54462
v 0.0240994 0.236278 1.53596
v 0.0352233 0.20791 1.54889
v 0.0463473 0.179541 1.56183
v 0.0697392 0.255929 1.54905
v 0.0795456 0.232517 1.56657
v 0.089352 0.209105 1.58408
v 0.107464 0.261508 1.60554
v -0.145526 0.142302 1.50106
v -0.135981 0.169285 1.51048
v -0.126437 0.196268 1.5199
v -0.169243 0.148175 1.51505
v -0.15548 0.168646 1.53206
v -0.141716 0.189118 1.54907
v -0.195782 0.153605 1.53452
v -0.180268 0.163961 1.55802
v -0.164753 0.174317 1.58153
v -0.223896 0.145871 1.55973
v -0.214025 0.161376 1.5834
v -0.204154 0.176882 1.60707
v -0.260178 0.14365 1.5723
v -0.253164 0.143455 1.60287
v -0.246149 0.143261 1.63345
v -0.296742 0.132869 1.57254
v -0.303586 0.137067 1.60064
v -0.31043 0.141264 1.62874
v -0.355472 0.138934 1.58955
v -0.0680799 0.0863931 1.29546
v -0.0953839 0.108859 1.29167
v -0.122688 0.131325 1.28788
v -0.0818564 0.0789283 1.33036
v -0.111472 0.0937375 1.31796
v -0.141087 0.108547 1.30555
v -0.107482 0.0529711 1.35874
v -0.135118 0.0695177 1.34402
v -0.162753 0.0860643 1.32931
v -0.148434 0.0163947 1.37376
v -0.170499 0.0433436 1.36761
v -0.192564 0.0702924 1.36146
v -0.181725 -0.0205878 1.36226
v -0.208693 0.00293137 1.37175
v -0.235661 0.0264506 1.38124
v -0.226228 -0.0593508 1.3476
v -0.249843 -0.0342426 1.34874
v -0.273458 -0.00913447 1.34988
v -0.280346 -0.0879321 1.35937
v -0.0784604 0.146281 1.26608
v -0.0728906 0.119045 1.28018
v -0.0673208 0.0918081 1.29428
v -0.0513648 0.147565 1.26072
v -0.0435063 0.125481 1.281
v -0.0356477 0.103397 1.30128
v -0.0172649 0.151012 1.25482
v -0.00681153 0.131563 1.27664
v 0.00364184 0.112114 1.29846
v 0.0245885 0.160971 1.25021
v 0.0354557 0.137066 1.26669
v 0.046323 0.11316 1.28317
v 0.0541189 0.159163 1.22026
v 0.0758067 0.146362 1.24072
v 0.0974945 0.133561 1.26119
v 0.0804512 0.158161 1.18413
v 0.103946 0.166659 1.20115
v 0.127442 0.175157 1.21817
v 0.142239 0.185672 1.16667
v -0.114649 0.103709 1.30595
v -0.0965097 0.127332 1.28579
v -0.0783707 0.150956 1.26562
v -0.130001 0.134841 1.32616
v -0.115293 0.153247 1.29925
v -0.100585 0.171653 1.27234
v -0.161345 0.16933 1.33314
v -0.138567 0.187299 1.31214
v -0.115788 0.205268 1.29113
v -0.195769 0.21268 1.32236
v -0.165555 0.229946 1.31407
v -0.13534 0.247211 1.30577
v -0.22833 0.249556 1.30495
v -0.200765 0.273946 1.31184
v -0.173201 0.298335 1.31873
v -0.265406 0.294835 1.31488
v -0.241189 0.316357 1.32781
v -0.216972 0.33788 1.34074
v -0.27648 0.346767 1.37078
v -0.0506798 0.113686 1.28037
v -0.0821187 0.110453 1.29313
v -0.113558 0.107221 1.30589
v -0.0420873 0.092444 1.3027
v -0.0694967 0.0993291 1.3214
v -0.0969062 0.106214 1.34011
v -0.0301967 0.0716126 1.33307
v -0.0491847 0.0887754 1.35536
v -0.0681727 0.105938 1.37765
v -0.0041173 0.0619282 1.36689
v -0.0241185 0.0717921 1.39242
v -0.0441198 0.081656 1.41795
v 0.0247843 0.0392474 1.3932
v 0.0198057 0.0609093 1.42085
v 0.0148272 0.0825712 1.44851
v 0.0619003 0.0200722 1.4034
v 0.0644407 0.0276576 1.43547
v 0.066981 0.035243 1.46754
v 0.106483 -0.0143446 1.44412
v 0.365543 0.384199 0.951638
v 0.392187 0.388444 0.947365
v 0.41883 0.392689 0.943092
v 0.36928 0.3977 0.977781
v 0.392382 0.406531 0.966553
v 0.415484 0.415362 0.955326
v 0.368353 0.427345 0.997922
v 0.39138 0.433711 0.984917
v 0.414408 0.440077 0.971911
v 0.369148 0.47054 1.00646
v 0.395557 0.468553 1.0004
v 0.421965 0.466567 0.994339
v 0.365023 0.508215 0.994933
v 0.392731 0.511291 1.00054
v 0.420439 0.514367 1.00615
v 0.366223 0.552774 0.980246
v 0.39271 0.552502 0.979839
v 0.419197 0.55223 0.979432
v 0.379557 0.598429 0.985684
v 0.405407 0.356923 0.932925
v 0.386848 0.369017 0.941923
v 0.368289 0.381112 0.950921
v 0.393339 0.339305 0.934309
v 0.377216 0.349175 0.948726
v 0.361093 0.359046 0.963143
v 0.37914 0.316744 0.9368
v 0.36347 0.324325 0.953044
v 0.3478 0.331905 0.969289
v 0.364756 0.287096 0.94195
v 0.346045 0.295641 0.953882
v 0.327334 0.304186 0.965815
v 0.348169 0.265993 0.924771
v 0.330607 0.263524 0.942235
v 0.313044 0.261054 0.959699
v 0.333218 0.246128 0.901989
v 0.32694 0.231089 0.918484
v 0.320662 0.21605 0.934979
v 0.317812 0.194902 0.89894
v 0.398784 0.40445 0.954585
v 0.403455 0.379582 0.94359
v 0.408126 0.354714 0.932594
v 0.423274 0.4004 0.971691
v 0.427529 0.379072 0.95497
v 0.431783 0.357744 0.938249
v 0.457802 0.403033 0.977766
v 0.458624 0.378036 0.966398
v 0.459446 0.353038 0.95503
v 0.499398 0.402296 0.971424
v 0.497062 0.374987 0.970132
v 0.494725 0.347678 0.96884
v 0.536318 0.403938 0.959425
v 0.540248 0.377461 0.969835
v 0.544179 0.350983 0.980246
v 0.579758 0.410328 0.967897
v 0.58382 0.388176 0.982341
v 0.587882 0.366023 0.996785
v 0.616099 0.405494 1.01429
v 0.372289 0.359339 0.943665
v 0.386054 0.380866 0.949193
v 0.399818 0.402394 0.95472
v 0.355709 0.367822 0.96052
v 0.373927 0.382962 0.971226
v 0.392146 0.398102 0.981933
v 0.338275 0.376221 0.983461
v 0.358551 0.382325 0.998607
v 0.378827 0.388429 1.01375
v 0.319998 0.373478 1.01254
v 0.337277 0.384656 1.02843
v 0.354555 0.395834 1.04432
v 0.293537 0.376619 1.03417
v 0.309043 0.374768 1.05646
v 0.324549 0.372916 1.07875
v 0.263278 0.371991 1.04652
v 0.267467 0.375707 1.07125
v 0.271657 0.379424 1.09598
v 0.222843 0.383976 1.07913
v 0.344675 0.316983 0.763663
v 0.319726 0.331425 0.765275
v 0.294777 0.345867 0.766887
v 0.338494 0.306661 0.791482
v 0.311513 0.314904 0.786167
v 0.284531 0.323147 0.780852
v 0.325719 0.28024 0.813043
v 0.299323 0.289506 0.806405
v 0.272928 0.298773 0.799767
v 0.302734 0.243456 0.824044
v 0.279208 0.259867 0.825391
v 0.255682 0.276278 0.826738
v 0.283739 0.209729 0.813445
v 0.258763 0.219508 0.827011
v 0.233788 0.229287 0.840576
v 0.25786 0.170598 0.801372
v 0.233385 0.182648 0.807685
v 0.20891 0.194697 0.813997
v 0.226342 0.132444 0.811917
v 0.324992 0.367014 0.740988
v 0.336082 0.343816 0.751845
v 0.347172 0.320619 0.762702
v 0.347072 0.370837 0.729521
v 0.360722 0.352528 0.74529
v 0.374372 0.334219 0.76106
v 0.375105 0.377019 0.716042
v 0.39062 0.361233 0.732852
v 0.406134 0.345447 0.749662
v 0.409758 0.389514 0.702548
v 0.424508 0.369581 0.715027
v 0.439258 0.349649 0.727505
v 0.430351 0.389799 0.669954
v 0.453804 0.380635 0.684453
v 0.477257 0.371471 0.698951
v 0.447733 0.390491 0.633228
v 0.470219 0.400124 0.644814
v 0.492705 0.409757 0.6564
v 0.497554 0.419255 0.608687
v 0.306355 0.324678 0.78161
v 0.315312 0.348043 0.761337
v 0.324269 0.371408 0.741064
v 0.289777 0.350082 0.801519
v 0.296005 0.367809 0.775588
v 0.302232 0.385537 0.749656
v 0.257419 0.376159 0.811935
v 0.271919 0.394464 0.789953
v 0.286418 0.41277 0.767972
v 0.219209 0.41027 0.806775
v 0.242718 0.428611 0.795077
v 0.266228 0.446953 0.783378
v 0.183536 0.43967 0.79527
v 0.206642 0.463866 0.797432
v 0.229749 0.488062 0.799594
v 0.147754 0.477646 0.808456
v 0.169425 0.49872 0.816315
v 0.191096 0.519793 0.824175
v 0.141955 0.524702 0.858625
v 0.35633 0.342699 0.748832
v 0.331687 0.335411 0.765291
v 0.307044 0.328123 0.781751
v 0.369797 0.324852 0.765328
v 0.349056 0.32663 0.787408
v 0.328315 0.328408 0.809487
v 0.388151 0.307576 0.787796
v 0.374855 0.319397 0.812434
v 0.361559 0.331218 0.837072
v 0.418685 0.302318 0.809991
v 0.40726 0.307206 0.837683
v 0.395836 0.312094 0.865375
v 0.453009 0.286391 0.823359
v 0.453451 0.304041 0.849772
v 0.453893 0.32169 0.876184
v 0.489956 0.274992 0.820544
v 0.499761 0.28155 0.847688
v 0.509566 0.288108 0.874832
v 0.544147 0.252008 0.840727
v 0.183108 0.259961 0.60174
v 0.197035 0.227799 0.608785
v 0.210962 0.195636 0.615831
v 0.205265 0.273019 0.62843
v 0.223678 0.242834 0.624757
v 0.242091 0.21265 0.621085
v 0.242862 0.294111 0.638774
v 0.260205 0.263359 0.634204
v 0.277547 0.232606 0.629633
v 0.29231 0.313899 0.630452
v 0.306481 0.282314 0.638563
v 0.320652 0.250729 0.646674
v 0.328105 0.327681 0.599252
v 0.352534 0.306229 0.617365
v 0.376963 0.284777 0.635478
v 0.373855 0.343397 0.564652
v 0.394344 0.317548 0.575331
v 0.414834 0.291699 0.58601
v 0.432429 0.364483 0.557602
v 0.160526 0.196002 0.604017
v 0.170216 0.225801 0.603645
v 0.179907 0.2556 0.603273
v 0.132606 0.206291 0.600166
v 0.141723 0.235118 0.607707
v 0.15084 0.263945 0.615247
v 0.0984053 0.220667 0.595802
v 0.106703 0.248865 0.606282
v 0.115 0.277064 0.616762
v 0.0560886 0.23892 0.593823
v 0.0676286 0.267506 0.598412
v 0.0791686 0.296093 0.603
v 0.0266525 0.250639 0.563396
v 0.0256152 0.2805 0.576493
v 0.0245779 0.310361 0.58959
v 0.000967924 0.259987 0.527873
v -0.0170348 0.277121 0.545365
v -0.0350375 0.294254 0.562858
v -0.0633094 0.285902 0.516552
v 0.219547 0.228551 0.618818
v 0.18897 0.210375 0.612324
v 0.158393 0.192198 0.605831
v 0.224295 0.207038 0.649958
v 0.197929 0.186714 0.636374
v 0.171563 0.166389 0.62279
v 0.241231 0.171954 0.671267
v 0.209905 0.155637 0.664267
v 0.178578 0.139319 0.657267
v 0.25787 0.122261 0.683037
v 0.223518 0.112627 0.687564
v 0.189166 0.102993 0.692092
v 0.276379 0.0767967 0.685368
v 0.24778 0.0651755 0.70691
v 0.219181 0.0535542 0.728451
v 0.307687 0.0374955 0.713116
v 0.285405 0.0293088 0.738927
v 0.263122 0.021122 0.764738
v 0.327058 0.0225916 0.786665
v 0.152836 0.240662 0.601478
v 0.18497 0.23348 0.610959
v 0.217104 0.226298 0.620439
v 0.159104 0.270397 0.611369
v 0.185003 0.2599 0.630861
v 0.210902 0.249404 0.650353
v 0.165759 0.304357 0.62586
v 0.181235 0.293544 0.654283
v 0.196711 0.282731 0.682705
v 0.159331 0.342278 0.647283
v 0.180625 0.337654 0.673485
v 0.20192 0.33303 0.699687
v 0.158285 0.385598 0.650908
v 0.163345 0.386913 0.686194
v 0.168404 0.388228 0.721479
v 0.14783 0.427372 0.641521
v 0.158244 0.442054 0.669454
v 0.168657 0.456736 0.697387
v 0.162751 0.495627 0.641985
v -0.187915 -0.288813 1.17037
v -0.16403 -0.275919 1.17343
v -0.140145 -0.263024 1.1765
v -0.192585 -0.283152 1.19764
v -0.173059 -0.264408 1.19537
v -0.153533 -0.245664 1.1931
v -0.207241 -0.264421 1.22172
v -0.18751 -0.245998 1.21838
v -0.167778 -0.227574 1.21504
v -0.226391 -0.23147 1.2392
v -0.202077 -0.219738 1.24224
v -0.177763 -0.208005 1.24528
v -0.245763 -0.199605 1.23647
v -0.226283 -0.185737 1.25186
v -0.206803 -0.171869 1.26725
v -0.267577 -0.159799 1.23409
v -0.24679 -0.145558 1.24226
v -0.226003 -0.131317 1.25044
v -0.286044 -0.11969 1.25258
v -0.138706 -0.297067 1.15646
v -0.161453 -0.293855 1.16308
v -0.1842 -0.290644 1.16971
v -0.14409 -0.317581 1.15133
v -0.164624 -0.316717 1.16328
v -0.185157 -0.315853 1.17523
v -0.150522 -0.343537 1.14561
v -0.170095 -0.344609 1.15913
v -0.189667 -0.345681 1.17264
v -0.156037 -0.376731 1.14116
v -0.177947 -0.376058 1.15038
v -0.199856 -0.375385 1.1596
v -0.163335 -0.397285 1.11668
v -0.18178 -0.407319 1.13005
v -0.200225 -0.417352 1.14341
v -0.169228 -0.41532 1.08809
v -0.173634 -0.4341 1.10096
v -0.17804 -0.452881 1.11383
v -0.171367 -0.467244 1.07506
v -0.164545 -0.261225 1.18508
v -0.149961 -0.279714 1.17071
v -0.135377 -0.298202 1.15633
v -0.14276 -0.262328 1.20659
v -0.129271 -0.276129 1.18709
v -0.115782 -0.28993 1.16759
v -0.111372 -0.252752 1.22196
v -0.101845 -0.272437 1.20533
v -0.0923181 -0.292122 1.1887
v -0.0689198 -0.242973 1.22669
v -0.0653876 -0.268722 1.21789
v -0.0618553 -0.294471 1.20909
v -0.029995 -0.232423 1.2251
v -0.0244042 -0.260336 1.22891
v -0.0188135 -0.288248 1.23272
v 0.010409 -0.224749 1.24531
v 0.0136993 -0.249969 1.25361
v 0.0169896 -0.275189 1.26192
v 0.0361736 -0.241408 1.29586
v -0.171885 -0.307493 1.15936
v -0.167394 -0.285167 1.1722
v -0.162902 -0.262842 1.18504
v -0.191892 -0.308659 1.17231
v -0.182788 -0.29272 1.19072
v -0.173685 -0.276781 1.20912
v -0.214042 -0.312758 1.19016
v -0.201331 -0.306495 1.212
v -0.188621 -0.300231 1.23384
v -0.233616 -0.330567 1.20935
v -0.227078 -0.32206 1.23303
v -0.22054 -0.313552 1.25672
v -0.262186 -0.345594 1.21965
v -0.252771 -0.351914 1.24439
v -0.243355 -0.358234 1.26913
v -0.288365 -0.36562 1.2169
v -0.291549 -0.372729 1.24103
v -0.294733 -0.379837 1.26516
v -0.334162 -0.387999 1.2325
v -0.10719 -0.22454 0.990427
v -0.133252 -0.212133 0.99106
v -0.159315 -0.199725 0.991694
v -0.116898 -0.242124 1.01366
v -0.143157 -0.233686 1.0057
v -0.169416 -0.225247 0.997728
v -0.131113 -0.274282 1.0248
v -0.156472 -0.264037 1.01593
v -0.181831 -0.253792 1.00706
v -0.152905 -0.313162 1.02043
v -0.177429 -0.298271 1.02162
v -0.201953 -0.28338 1.02281
v -0.167235 -0.343126 0.99679
v -0.194738 -0.337693 1.00763
v -0.222241 -0.332261 1.01847
v -0.188266 -0.377934 0.970027
v -0.214071 -0.368225 0.974914
v -0.239876 -0.358516 0.979801
v -0.218811 -0.418056 0.965842
v -0.127387 -0.171425 0.977182
v -0.116144 -0.196046 0.983992
v -0.104901 -0.220667 0.990802
v -0.103804 -0.163625 0.970935
v -0.0916419 -0.184838 0.984061
v -0.0794801 -0.206051 0.997188
v -0.0741493 -0.153603 0.963928
v -0.0607734 -0.172777 0.978959
v -0.0473975 -0.19195 0.993991
v -0.0377704 -0.138469 0.958413
v -0.0249265 -0.16095 0.968423
v -0.0120827 -0.183431 0.978433
v -0.0132354 -0.132462 0.929491
v 0.00815205 -0.145143 0.944524
v 0.0295395 -0.157825 0.959557
v 0.00786893 -0.126702 0.895919
v 0.0294917 -0.120089 0.910798
v 0.0511145 -0.113475 0.925677
v 0.0608979 -0.0972971 0.88059
v -0.148374 -0.223339 1.00276
v -0.138435 -0.195282 0.990464
v -0.128496 -0.167225 0.978169
v -0.169189 -0.205169 1.02442
v -0.161396 -0.180595 1.00542
v -0.153602 -0.156021 0.986423
v -0.204687 -0.187094 1.03402
v -0.190982 -0.161166 1.02105
v -0.177276 -0.135238 1.00807
v -0.245967 -0.160811 1.02985
v -0.227102 -0.134966 1.02838
v -0.208237 -0.109122 1.02691
v -0.284308 -0.13954 1.01866
v -0.271567 -0.111208 1.03127
v -0.258826 -0.0828762 1.04388
v -0.330877 -0.12003 1.03159
v -0.320731 -0.0960913 1.0489
v -0.310586 -0.0721527 1.0662
v -0.361497 -0.0954487 1.08836
v -0.0956545 -0.195433 0.984358
v -0.121838 -0.207721 0.994093
v -0.148021 -0.220008 1.00383
v -0.082925 -0.216411 0.998866
v -0.107447 -0.220892 1.01617
v -0.13197 -0.225374 1.03347
v -0.067811 -0.238962 1.01902
v -0.0863496 -0.2348 1.04273
v -0.104888 -0.230638 1.06645
v -0.0421295 -0.252946 1.04484
v -0.0602704 -0.256498 1.06891
v -0.0784113 -0.260051 1.09299
v -0.0143905 -0.276899 1.05817
v -0.019311 -0.270959 1.08899
v -0.0242314 -0.265019 1.11981
v 0.0196814 -0.294964 1.05888
v 0.021724 -0.302085 1.08753
v 0.0237667 -0.309207 1.11619
v 0.0581113 -0.34032 1.07727
v -0.111866 -0.108503 0.765041
v -0.10758 -0.143854 0.761874
v -0.103295 -0.179204 0.758707
v -0.0968043 -0.112 0.800147
v -0.0854285 -0.143539 0.788336
v -0.0740526 -0.175078 0.776525
v -0.0603435 -0.110221 0.828638
v -0.0514753 -0.141701 0.814575
v -0.0426071 -0.17318 0.800512
v -0.00538258 -0.111284 0.843832
v -0.00758983 -0.146367 0.838494
v -0.00979708 -0.181451 0.833156
v 0.0442806 -0.107164 0.832312
v 0.0481855 -0.142687 0.842701
v 0.0520905 -0.17821 0.85309
v 0.103508 -0.109143 0.817828
v 0.103986 -0.143759 0.819717
v 0.104465 -0.178374 0.821607
v 0.163019 -0.124401 0.830113
v -0.145813 -0.159799 0.736364
v -0.130993 -0.135868 0.750138
v -0.116173 -0.111937 0.763911
v -0.166464 -0.142005 0.730622
v -0.156838 -0.120153 0.750643
v -0.147212 -0.0983024 0.770664
v -0.193665 -0.120861 0.724258
v -0.187696 -0.099126 0.745841
v -0.181727 -0.0773913 0.767424
v -0.230971 -0.0989153 0.719172
v -0.222122 -0.0738003 0.735369
v -0.213273 -0.0486854 0.751567
v -0.251056 -0.077397 0.688659
v -0.257739 -0.0526999 0.7089
v -0.264421 -0.0280028 0.72914
v -0.269322 -0.0587147 0.652052
v -0.292212 -0.0481473 0.669022
v -0.315103 -0.0375799 0.685993
v -0.333097 -0.0353762 0.634179
v -0.0900149 -0.153212 0.77643
v -0.119568 -0.158179 0.756195
v -0.14912 -0.163145 0.73596
v -0.10048 -0.186139 0.797322
v -0.123903 -0.189817 0.770292
v -0.147325 -0.193495 0.743262
v -0.101655 -0.232858 0.805224
v -0.130647 -0.230484 0.784001
v -0.159639 -0.22811 0.762778
v -0.106769 -0.288517 0.795425
v -0.140688 -0.280171 0.786871
v -0.174608 -0.271826 0.778316
v -0.108779 -0.338265 0.778832
v -0.145761 -0.336628 0.785662
v -0.182744 -0.334992 0.792492
v -0.113456 -0.396745 0.789828
v -0.146025 -0.395241 0.802739
v -0.178595 -0.393736 0.815649
v -0.141717 -0.441095 0.846761
v -0.143435 -0.11656 0.74996
v -0.11834 -0.135786 0.763178
v -0.0932451 -0.155011 0.776395
v -0.134985 -0.0948026 0.771965
v -0.119852 -0.118429 0.791295
v -0.10472 -0.142056 0.810625
v -0.129216 -0.0708529 0.801916
v -0.127374 -0.0959546 0.824955
v -0.125532 -0.121056 0.847993
v -0.141511 -0.0449862 0.835175
v -0.133887 -0.0652958 0.861458
v -0.126264 -0.0856053 0.88774
v -0.146765 -0.00778404 0.860491
v -0.158315 -0.0260661 0.888859
v -0.169866 -0.0443481 0.917228
v -0.16032 0.0322608 0.869459
v -0.167519 0.0295661 0.901788
v -0.174718 0.0268713 0.934117
v -0.1687 0.0895449 0.908572
# 4042 verticies
vt 2 0
vt 2 0.333333
vt 1.5 0
vt 0 0
vt 0.5 0.333333
vt 0 0.333333
vt 1.5 0.333333
vt 1 0
vt 1 0.333333
vt 0.5 0
vt 2 0.666667
vt 0.5 0.666667
vt 0 0.666667
vt 1.5 0.666667
vt 1 0.666667
vt 2 1
vt 0.5 1
vt 0 1
vt 1.5 1
vt 1 1
vt 2 1.33333
vt 0.5 1.33333
vt 0 1.33333
vt 1.5 1.33333
vt 1 1.33333
vt 2 1.66667
vt 0.5 1.66667
vt 0 1.66667
vt 1.5 1.66667
vt 1 1.66667
vt 2 2
vt 0.5 2
vt 0 2
vt 1.5 2
vt 1 2
vt 2 2.33333
vt 0.5 2.33333
vt 0 2.33333
vt 1.5 2.33333
vt 1 2.33333
vt 2 2.66667
vt 0.5 2.66667
vt 0 2.66667
vt 1.5 2.66667
vt 1 2.66667
vt 2 3
vt 0.5 3
vt 0 3
vt 1.5 3
vt 1 3
vt 2 3.33333
vt 0.5 3.33333
vt 0 3.33333
vt 1.5 3.33333
vt 1 3.33333
vt 2 3.66667
vt 0.5 3.66667
vt 0 3.66667
vt 1.5 3.66667
vt 1 3.66667
vt 2 4
vt 2 4.33333
vt 1.5 4
vt 0 4
vt 0.5 4.33333
vt 0 4.33333
vt 1.5 4.33333
vt 1 4
vt 1 4.33333
vt 0.5 4
vt 2 4.66667
vt 0.5 4.66667
vt 0 4.66667
vt 1.5 4.66667
vt 1 4.66667
vt 2 5
vt 0.5 5
vt 0 5
vt 1.5 5
vt 1 5
vt 2 5.33333
vt 0.5 5.33333
vt 0 5.33333
vt 1.5 5.33333
vt 1 5.33333
vt 2 5.66667
vt 0.5 5.66667
vt 0 5.66667
vt 1.5 5.66667
vt 1 5.66667
vt 2 6
vt 0.5 6
vt 0 6
vt 1.5 6
vt 1 6
vt 1 0.166667
vt 0.5 0.166667
vt 0 0.166667
vt 1 0.5
vt 0.5 0.5
vt 0 0.5
vt 1 0.833333
vt 0.5 0.833333
vt 0 0.833333
vt 2 6.33333
vt 0.5 6.33333
vt 0 6.33333
vt 1.5 6.33333
vt 1 6.33333
vt 2 6.66667
vt 0.5 6.66667
vt 0 6.66667
vt 1.5 6.66667
vt 1 6.66667
vt 2 7
vt 0.5 7
vt 0 7
vt 1.5 7
vt 1 7
vt 2 7.33333
vt 0.5 7.33333
vt 0 7.33333
vt 1.5 7.33333
vt 1 7.33333
vt 2 7.66667
vt 0.5 7.66667
vt 0 7.66667
vt 1.5 7.66667
vt 1 7.66667
vt 2 8
vt 0.5 8
vt 0 8
vt 1.5 8
vt 1 8
vt 2 8.33333
vt 0.5 8.33333
vt 0 8.33333
vt 1.5 8.33333
vt 1 8.33333
vt 2 8.66667
vt 0.5 8.66667
vt 0 8.66667
vt 1.5 8.66667
vt 1 8.66667
vt 2 9
vt 0.5 9
vt 0 9
vt 1.5 9
vt 1 9
vt 2 9.33333
vt 0.5 9.33333
vt 0 9.33333
vt 1.5 9.33333
vt 1 9.33333
vt 1 9.66667
vt 2 9.77778
vt 1.6 9.77778
vt 1.2 9.77778
vt 0.8 9.77778
vt 0.4 9.77778
vt 0 9.77778
vt 2 9.88889
vt 0.4 9.88889
vt 0 9.88889
vt 1.6 9.88889
vt 1.2 9.88889
vt 0.8 9.88889
vt 1 10
vt 2 9.44444
vt 1.6 9.44444
vt 1.2 9.44444
vt 0.8 9.44444
vt 0.4 9.44444
vt 0 9.44444
vt 2 9.55556
vt 0.4 9.55556
vt 0 9.55556
vt 1.6 9.55556
vt 1.2 9.55556
vt 0.8 9.55556
vt 2 8.77778
vt 1.6 8.77778
vt 1.2 8.77778
vt 0.8 8.77778
vt 0.4 8.77778
vt 0 8.77778
vt 2 8.88889
vt 0.4 8.88889
vt 0 8.88889
vt 1.6 8.88889
vt 1.2 8.88889
vt 0.8 8.88889
vt 2 8.44444
vt 1.6 8.44444
vt 1.2 8.44444
vt 0.8 8.44444
vt 0.4 8.44444
vt 0 8.44444
vt 2 8.55556
vt 0.4 8.55556
vt 0 8.55556
vt 1.6 8.55556
vt 1.2 8.55556
vt 0.8 8.55556
vt 2 8.41667
vt 1.66667 8.41667
vt 1.33333 8.41667
vt 1 8.41667
vt 0.666667 8.41667
vt 0.333333 8.41667
vt 0 8.41667
vt 2 8.5
vt 0.333333 8.5
vt 0 8.5
vt 1.66667 8.5
vt 1.33333 8.5
vt 1 8.5
vt 0.666667 8.5
vt 2 8.58333
vt 0.333333 8.58333
vt 0 8.58333
vt 1.66667 8.58333
vt 1.33333 8.58333
vt 1 8.58333
vt 0.666667 8.58333
vt 2 8.75
vt 1.66667 8.75
vt 1.33333 8.75
vt 1 8.75
vt 0.666667 8.75
vt 0.333333 8.75
vt 0 8.75
vt 2 8.83333
vt 0.333333 8.83333
vt 0 8.83333
vt 1.66667 8.83333
vt 1.33333 8.83333
vt 1 8.83333
vt 0.666667 8.83333
vt 2 8.91667
vt 0.333333 8.91667
vt 0 8.91667
vt 1.66667 8.91667
vt 1.33333 8.91667
vt 1 8.91667
vt 0.666667 8.91667
vt 2 8.08333
vt 1.66667 8.08333
vt 1.33333 8.08333
vt 1 8.08333
vt 0.666667 8.08333
vt 0.333333 8.08333
vt 0 8.08333
vt 2 8.16667
vt 0.333333 8.16667
vt 0 8.16667
vt 1.66667 8.16667
vt 1.33333 8.16667
vt 1 8.16667
vt 0.666667 8.16667
vt 2 8.25
vt 0.333333 8.25
vt 0 8.25
vt 1.66667 8.25
vt 1.33333 8.25
vt 1 8.25
vt 0.666667 8.25
# 267 texture verticies
vn 0.707099 -0.707099 0.00482413
vn 0.707099 -0.707099 0.00460723
vn 0.707099 0.707098 0.00482413
vn 0.707099 0.707099 0.00473583
vn 0.706564 0.707635 0.00455593
vn 0.707301 -0.706899 0.00435596
vn -0.707099 -0.707098 0.00482413
vn -0.707099 -0.707099 0.00475673
vn -0.706544 -0.707654 0.00459311
vn -0.707098 0.707099 0.00482413
vn -0.707099 0.707099 0.00462321
vn -0.707506 0.706694 0.00435221
vn 0.707882 -0.70633 -0.000815662
vn 0.705283 0.706725 0.0558126
vn 0.700654 0.705422 0.107069
vn 0.709503 -0.70468 -0.0056125
vn -0.705544 -0.707054 -0.0477627
vn -0.701176 -0.705914 -0.100191
vn -0.708222 0.705939 0.00843054
vn -0.709991 0.704101 0.0123937
vn 0.706499 -0.706789 0.0361575
vn 0.698884 0.704187 0.125227
vn 0.701436 0.706719 0.0923966
vn 0.702299 -0.707045 0.0828461
vn -0.699447 -0.704599 -0.119643
vn -0.702015 -0.706805 -0.087192
vn -0.707107 0.706452 -0.0304102
vn -0.702964 0.706966 -0.0777249
vn 0.6955 -0.706813 0.129211
vn 0.704707 0.706999 0.0595043
vn 0.705142 0.70656 0.0595613
vn 0.696972 -0.705348 0.129283
vn -0.705244 -0.706857 -0.0546274
vn -0.70568 -0.706414 -0.0547258
vn -0.696214 0.706983 -0.124344
vn -0.697572 0.705614 -0.124508
vn 0.703152 -0.707332 0.0725154
vn 0.705947 0.7069 0.0439548
vn 0.706697 0.706946 0.0284127
vn 0.706536 -0.707513 0.0152464
vn -0.706307 -0.706809 -0.039392
vn -0.706817 -0.706991 -0.0239661
vn -0.70352 0.707424 -0.0678972
vn -0.706655 0.707474 -0.0109229
vn 0.70683 -0.706144 -0.0418524
vn 0.707478 0.706617 0.012919
vn 0.707612 0.706483 0.0129154
vn 0.706561 -0.706416 -0.0418191
vn -0.707461 -0.706701 -0.00856081
vn -0.707534 -0.706628 -0.00855095
vn -0.706752 0.705961 0.0460587
vn -0.706511 0.706198 0.0461034
vn 0.706278 -0.707685 -0.0187905
vn 0.706994 0.704417 0.0628948
vn 0.70177 0.703501 0.112276
vn 0.707383 -0.706817 0.00435774
vn -0.707102 -0.704706 -0.0582796
vn -0.702046 -0.70384 -0.108358
vn -0.706359 0.707469 0.0233512
vn -0.70765 0.706563 -0.000169103
vn 0.707838 -0.705832 0.0276978
vn 0.694779 0.700831 0.161612
vn 0.691911 0.703713 0.161393
vn 0.709566 -0.704083 0.0279919
vn -0.695243 -0.701263 -0.157696
vn -0.692398 -0.704068 -0.157714
vn -0.70828 0.705542 -0.0234543
vn -0.710096 0.703696 -0.0239906
vn 0.709537 -0.704103 0.0282072
vn 0.69186 0.703675 0.161774
vn 0.691856 0.703672 0.161802
vn 0.709533 -0.704106 0.0282348
vn -0.692447 -0.704103 -0.157339
vn -0.692451 -0.704106 -0.157311
vn -0.710125 0.703675 -0.0237718
vn -0.710128 0.703672 -0.0237443
vn 0.709525 -0.704112 0.0282992
vn 0.691848 0.703666 0.161867
vn 0.691843 0.703662 0.161903
vn 0.70952 -0.704116 0.0283361
vn -0.692459 -0.704112 -0.157247
vn -0.692465 -0.704115 -0.15721
vn -0.710136 0.703666 -0.0236799
vn -0.710141 0.703662 -0.0236431
vn 0.709515 -0.704119 0.0283729
vn 0.691838 0.703658 0.16194
vn 0.691838 0.703658 0.16194
vn 0.709514 -0.70412 0.0283729
vn -0.69247 -0.704118 -0.157173
vn -0.69247 -0.704117 -0.157173
vn -0.710146 0.703658 -0.0236062
vn -0.710147 0.703658 -0.0236063
vn -0.691503 -0.704859 -0.158106
vn -0.710993 -0.703018 -0.0159611
vn -0.691503 -0.704859 -0.158106
vn 0.710931 -0.702716 0.0277027
vn 0.677865 -0.709407 0.192977
vn 0.668512 -0.707005 0.230728
vn -0.709908 -0.704041 -0.0188864
vn -0.71132 0.702428 -0.0248741
vn -0.703674 0.706626 -0.0743078
vn -0.711321 0.702428 -0.0248741
vn -0.695529 0.707694 -0.124137
vn 0.690963 0.704746 0.160941
vn 0.689992 0.704533 0.165964
vn 0.690963 0.704747 0.160941
vn 0.687939 0.705433 0.170601
vn 0.710931 -0.702716 0.0277027
vn -0.696758 -0.706621 -0.123351
vn 0.690548 -0.70769 0.149393
vn 0.696988 -0.706982 0.119932
vn -0.675566 -0.6029 0.424408
vn -0.980239 -0.0748812 -0.183094
vn -0.987178 -0.085644 -0.134701
vn -0.989052 -0.0885402 -0.118057
vn -0.703076 -0.706974 -0.0766303
vn -0.692304 0.707764 -0.140662
vn -0.110921 0.992094 0.0586983
vn -0.111777 0.980389 0.162304
vn -0.11249 0.974062 0.196338
vn -0.630762 0.47207 0.615865
vn -0.69871 0.70722 -0.107903
vn 0.695064 0.706663 0.132339
vn 0.986397 0.133148 -0.0963949
vn 0.993304 0.115367 -0.00620028
vn 0.99381 0.108465 0.0240171
vn 0.423825 0.526766 0.736811
vn 0.701364 0.707277 0.0885859
vn 0.108838 -0.908574 -0.403295
vn 0.110424 -0.935753 -0.334923
vn 0.111552 -0.943566 -0.311832
vn 0.545499 -0.657143 0.520186
vn -0.708991 -0.704638 -0.0285862
vn 0.701291 -0.707007 0.0912829
vn 0.700317 -0.707819 0.0924607
vn -0.644799 -0.519476 0.560695
vn 0.594507 0.546663 -0.589678
vn -0.707412 -0.706279 -0.0271864
vn -0.703119 0.707265 -0.0734776
vn 0.730835 -0.330026 -0.597464
vn -0.627429 0.514314 0.584648
vn -0.702682 0.707827 -0.0722382
vn 0.707247 0.705437 0.0464705
vn -0.115778 -0.54409 -0.831
vn 0.288774 0.453843 0.842992
vn 0.705861 0.706757 0.0474911
vn -0.330594 0.414823 -0.84772
vn 0.314145 -0.454664 0.833423
vn -0.707352 -0.706853 -0.00348552
vn 0.688841 -0.709635 0.148043
vn 0.612459 -0.758263 0.223452
vn -0.771858 -0.63352 0.0537366
vn -0.713285 0.700863 0.00385248
vn -0.64694 0.753822 0.114979
vn 0.693437 0.703884 0.15392
vn 0.724415 0.629713 0.280508
vn -0.676739 -0.696655 -0.238108
vn 0.722345 -0.684307 -0.0997068
vn 0.727332 -0.637847 -0.253259
vn -0.88468 -0.401735 0.236538
vn 0.384426 -0.869318 0.310648
vn 0.254018 -0.948701 0.188258
vn -0.677126 -0.685634 -0.267219
vn -0.716857 0.626442 0.306081
vn -0.95515 -0.251384 0.156505
vn -0.439732 0.867736 0.231667
vn -0.701958 0.565263 0.43328
vn 0.667398 0.691927 0.275347
vn -0.273107 0.948438 0.160868
vn 0.746471 0.489462 0.450786
vn 0.662897 0.659333 0.35475
vn 0.775963 0.25831 0.575463
vn -0.67696 -0.675633 -0.291966
vn 0.719354 -0.610619 -0.331171
vn 0.725955 -0.634332 -0.265729
vn -0.441715 -0.321625 0.837523
vn -0.110662 0.592067 -0.798255
vn -0.689073 -0.671664 -0.272113
vn -0.709436 0.575615 0.406655
vn 0.628516 -0.0758542 -0.774089
vn -0.604369 0.421272 0.676216
vn -0.725898 0.620461 0.296816
vn 0.644535 0.626703 0.43797
vn -0.00862171 -0.928871 -0.370303
vn 0.0266672 -0.996651 -0.0772981
vn 0.0362523 -0.998983 0.0268087
vn 0.697155 0.703179 0.139693
vn 0.681613 0.63898 0.356523
vn -0.925134 -0.0983969 -0.366667
vn -0.979335 -0.0761714 -0.187354
vn -0.989699 -0.0693767 -0.125227
vn 0.392497 -0.570803 0.721201
vn 0.0331384 -0.887943 -0.458758
vn 0.174281 -0.818166 -0.547932
vn 0.108398 -0.813546 -0.571308
vn 0.212761 -0.755582 -0.619539
vn 0.145626 -0.70287 -0.696252
vn 0.247304 -0.731316 -0.635624
vn 0.248658 -0.784634 -0.567907
vn 0.203516 -0.826101 -0.525489
vn 0.153327 -0.896165 -0.416388
vn 0.0663244 -0.825691 -0.56021
vn -0.0460786 -0.891006 -0.451648
vn -0.158823 -0.932668 -0.323891
vn -0.264375 -0.82727 -0.495711
vn -0.289079 -0.861794 -0.416827
vn -0.307657 -0.841338 -0.444408
vn -0.25506 -0.939124 -0.230195
vn -0.231313 -0.820888 -0.522147
vn -0.151372 -0.787752 -0.597104
vn -0.181615 -0.964583 0.191298
vn -0.18162 -0.964582 0.191298
vn 0.519467 0.550222 -0.653766
vn 0.610717 0.496044 -0.617223
vn 0.600448 0.564297 -0.566596
vn 0.660593 0.497985 -0.561808
vn 0.660618 0.599181 -0.452291
vn 0.693823 0.482628 -0.53449
vn 0.642432 0.38723 -0.661312
vn 0.621519 0.386078 -0.681659
vn 0.571641 0.353391 -0.740501
vn 0.560135 0.379765 -0.736225
vn 0.369876 0.189545 -0.909541
vn 0.369266 0.183191 -0.91109
vn 0.0651248 -0.0105741 -0.997821
vn 0.159776 -0.218788 -0.962603
vn 0.31666 -0.226214 -0.92117
vn 0.430102 -0.203789 -0.879479
vn 0.317935 -0.636688 -0.702528
vn 0.436103 -0.561352 -0.703348
vn 0.510173 -0.556142 -0.656071
vn 0.396268 -0.758989 -0.516631
vn -0.846529 -0.0538041 -0.529617
vn -0.726589 -0.132356 -0.674203
vn -0.787569 -0.0925591 -0.609235
vn -0.679809 -0.121794 -0.723205
vn -0.705229 -0.104963 -0.701166
vn -0.696218 -0.122759 -0.707255
vn -0.527728 -0.0377198 -0.848576
vn -0.5786 0.0235837 -0.81527
vn -0.628248 0.0757137 -0.77432
vn -0.269283 0.228003 -0.935682
vn -0.341294 0.297644 -0.891586
vn -0.39007 0.34825 -0.852389
vn -0.138087 0.487354 -0.862217
vn -0.240288 0.507968 -0.827182
vn -0.287486 0.527726 -0.799285
vn -0.269412 0.551865 -0.789216
vn -0.302444 0.5394 -0.785859
vn -0.328614 0.532292 -0.780178
vn -0.366543 0.496978 -0.786549
vn 0.60511 -0.387129 -0.695681
vn 0.542939 -0.526294 -0.654395
vn 0.628735 -0.508503 -0.588317
vn 0.547396 -0.639496 -0.539817
vn 0.672921 -0.600503 -0.431942
vn 0.53813 -0.730784 -0.419966
vn 0.361722 -0.684603 -0.632832
vn 0.367892 -0.710427 -0.599958
vn 0.321239 -0.687207 -0.651577
vn 0.262666 -0.557106 -0.787807
vn 0.223008 -0.533965 -0.815567
vn 0.241879 -0.55202 -0.797978
vn -0.0490093 -0.442786 -0.895287
vn -0.108976 -0.419669 -0.901111
vn 0.176739 -0.672991 -0.718225
vn -0.459575 -0.0492229 -0.886774
vn -0.512724 0.0424585 -0.857503
vn -0.432368 -0.0996995 -0.896168
vn -0.543792 0.125287 -0.829815
vn -0.6562 0.226993 -0.719636
vn -0.137705 0.931171 -0.337577
vn -0.159799 0.834003 -0.528113
vn -0.157492 0.905317 -0.394459
vn -0.114347 0.829524 -0.54664
vn -0.16011 0.872719 -0.461224
vn -0.0979521 0.879378 -0.46594
vn 0.0991034 0.671254 -0.734573
vn 0.167564 0.758204 -0.630119
vn 0.232607 0.798007 -0.555948
vn 0.343739 0.565957 -0.749357
vn 0.341882 0.669929 -0.659024
vn 0.369678 0.72791 -0.577482
vn 0.574465 -0.19334 -0.795368
vn 0.702029 0.00374316 -0.712138
vn 0.649032 -0.0406799 -0.759673
vn 0.686831 -0.0130572 -0.7267
vn 0.653284 0.0993553 -0.750565
vn 0.778782 0.0205094 -0.626959
vn 0.727369 0.155039 -0.668503
vn 0.366089 -0.307026 -0.878473
vn 0.485078 -0.33354 -0.808363
vn 0.43439 -0.590533 -0.68013
vn 0.40235 -0.438562 -0.803603
vn 0.354479 -0.269323 -0.895438
vn -0.419289 -0.696374 -0.58246
vn -0.635824 -0.677886 -0.369051
vn -0.550467 -0.719282 -0.423816
vn -0.644465 -0.706073 -0.293473
vn -0.626645 -0.751989 -0.204519
vn -0.619809 -0.682276 -0.387731
vn -0.52702 -0.743091 -0.41239
vn -0.410506 -0.70415 -0.57936
vn -0.298592 -0.671516 -0.678166
vn -0.302048 -0.706825 -0.639661
vn -0.150829 -0.466666 -0.871478
vn -0.166841 -0.449747 -0.877435
vn 0.142879 -0.122582 -0.98212
vn -0.0936429 -0.0892366 -0.991599
vn -0.21047 -0.144363 -0.966882
vn -0.291366 -0.157174 -0.943611
vn -0.232646 0.201259 -0.95151
vn -0.293867 -0.048682 -0.954606
vn -0.343713 -0.0821708 -0.935473
vn -0.173051 0.55855 -0.811219
vn -0.173051 0.55855 -0.811219
vn -0.689737 -0.676318 -0.258568
vn 0.72391 -0.65468 -0.217597
vn 0.724325 -0.647004 -0.238202
vn -0.68962 -0.67985 -0.249456
vn -0.723914 0.654481 0.21818
vn -0.724311 0.64637 0.239955
vn 0.689691 0.676026 0.259452
vn 0.689584 0.679119 0.251536
vn -0.689834 -0.67027 -0.273618
vn 0.723257 -0.626363 -0.290806
vn 0.722406 -0.611653 -0.322508
vn -0.690188 -0.655843 -0.305796
vn -0.722932 0.623901 0.296846
vn -0.721975 0.607913 0.330446
vn 0.689736 0.668178 0.278931
vn 0.690287 0.651999 0.313691
vn -0.690523 -0.633765 -0.348598
vn 0.720678 -0.596723 -0.35291
vn 0.721695 -0.596056 -0.351957
vn -0.692179 -0.62627 -0.358712
vn -0.71997 0.590184 0.365139
vn -0.721468 0.588177 0.36542
vn 0.690475 0.627047 0.360632
vn 0.692283 0.61775 0.372999
vn -0.691417 -0.588533 -0.419013
vn 0.721478 -0.580109 -0.378078
vn 0.720857 -0.56275 -0.40457
vn -0.691278 -0.553886 -0.464054
vn -0.720906 0.569873 0.394385
vn -0.720774 0.551299 0.420184
vn 0.690708 0.579283 0.432843
vn 0.690334 0.543227 0.477852
vn -0.688492 -0.513355 -0.512295
vn 0.715335 -0.580261 -0.389351
vn 0.71029 -0.612921 -0.346144
vn -0.689661 -0.508614 -0.515441
vn -0.716383 0.567925 0.405287
vn -0.712958 0.600943 0.36133
vn 0.687065 0.500119 0.527088
vn 0.687465 0.494024 0.53229
vn -0.683949 -0.493328 -0.537439
vn 0.705893 -0.634265 -0.315314
vn 0.710008 -0.623264 -0.327765
vn -0.678611 -0.481944 -0.554271
vn -0.709551 0.62125 0.332544
vn -0.714098 0.608794 0.345592
vn 0.680205 0.478187 0.55557
vn 0.673846 0.467 0.572575
vn -0.689213 -0.531203 -0.492757
vn 0.722069 -0.579144 -0.378428
vn 0.721227 -0.552701 -0.417555
vn -0.695812 -0.588991 -0.411018
vn -0.725512 0.562565 0.396426
vn -0.722031 0.534658 0.439103
vn 0.685965 0.516609 0.512413
vn 0.695406 0.575718 0.430068
vn -0.682186 -0.683783 -0.258967
vn 0.721644 -0.54102 -0.431887
vn 0.71612 -0.564911 -0.409937
vn -0.668638 -0.719785 -0.186636
vn -0.719618 0.521039 0.458985
vn -0.710387 0.545628 0.444568
vn 0.685992 0.671074 0.281204
vn 0.675222 0.70572 0.214559
vn -0.616519 -0.787332 0.00355966
vn 0.713554 -0.571428 -0.405352
vn 0.70217 -0.57442 -0.420712
vn -0.580577 -0.803775 0.12991
vn -0.705339 0.553236 0.443201
vn -0.686211 0.561955 0.461867
vn 0.628454 0.777287 0.029496
vn 0.596087 0.797252 -0.0952333
vn -0.527893 -0.813003 0.245672
vn 0.693407 -0.572039 -0.43813
vn 0.683111 -0.589305 -0.431368
vn -0.535316 -0.80612 0.252205
vn -0.674081 0.560693 0.480873
vn -0.656663 0.584323 0.476824
vn 0.545901 0.810334 -0.212958
vn 0.555372 0.802624 -0.217617
vn 0.998697 0.0510368 -5.3446e-005
vn 0.997577 0.0404388 -0.0566043
vn 0.99861 0.052703 -0.00101031
vn -0.0566792 0.972587 -0.225524
vn -0.0547835 0.957416 -0.283467
vn -0.0571922 0.938302 -0.341055
vn 0.993715 0.024679 -0.109185
vn 0.0546322 -0.95742 0.283481
vn 0.056851 -0.938606 0.340275
vn -0.997733 -0.0411855 0.0532182
vn -0.993902 -0.0248591 0.107428
vn -0.0599179 0.972164 -0.226512
vn 0.975434 -0.0184461 -0.21952
vn -0.0707785 0.88721 -0.455905
vn -0.0922291 0.853722 -0.512497
vn 0.96159 -0.05264 -0.269395
vn 0.0710648 -0.885573 0.459033
vn 0.0926198 -0.852384 0.514649
vn -0.975414 0.0188195 0.219575
vn -0.959935 0.0559949 0.274572
vn 0.936782 -0.0943815 -0.336945
vn -0.110106 0.812896 -0.571906
vn -0.119284 0.80773 -0.577359
vn 0.931294 -0.110454 -0.34712
vn 0.11266 -0.806586 0.580281
vn 0.123523 -0.800449 0.586535
vn -0.933114 0.100493 0.345254
vn -0.925508 0.119912 0.359243
vn 0.923937 -0.122635 -0.362355
vn -0.119483 0.806413 -0.579156
vn -0.117238 0.809702 -0.575011
vn 0.923937 -0.123164 -0.362176
vn 0.126229 -0.795124 0.593165
vn 0.124684 -0.798061 0.589535
vn -0.916908 0.133643 0.376057
vn -0.916463 0.134932 0.376681
vn 0.921574 -0.126939 -0.366863
vn -0.0943672 0.842933 -0.529677
vn -0.0748985 0.870478 -0.486475
vn 0.918966 -0.128838 -0.372697
vn 0.102306 -0.831801 0.545565
vn 0.0827592 -0.860736 0.502279
vn -0.913027 0.139997 0.383123
vn -0.91015 0.140824 0.389609
vn 0.941504 -0.100375 -0.321707
vn -0.0743675 0.874324 -0.479611
vn -0.088734 0.851849 -0.516217
vn 0.961483 -0.0653038 -0.266994
vn 0.0822188 -0.8649 0.495165
vn 0.0957711 -0.840224 0.533715
vn -0.933645 0.111853 0.340288
vn -0.955711 0.0754935 0.28446
vn 0.968128 -0.0563157 -0.244043
vn -0.107384 0.810101 -0.576372
vn -0.107837 0.792382 -0.600418
vn 0.957123 -0.0799324 -0.278437
vn 0.113886 -0.794405 0.596616
vn 0.114853 -0.774004 0.622677
vn -0.962366 0.0686847 0.262933
vn -0.949772 0.0954581 0.298027
vn 0.908479 -0.170951 -0.381369
vn -0.0950237 0.809329 -0.579618
vn -0.060889 0.839025 -0.540675
vn 0.862034 -0.234796 -0.449186
vn 0.104022 -0.790467 0.603606
vn 0.0773761 -0.819898 0.567256
vn -0.895396 0.189697 0.402842
vn -0.845381 0.252798 0.470558
vn 0.783997 -0.30969 -0.537997
vn 0.0534159 0.912358 -0.405894
vn 0.144602 0.940538 -0.307375
vn 0.763058 -0.30667 -0.568943
vn -0.0326007 -0.899044 0.436644
vn -0.120412 -0.933566 0.337573
vn -0.758133 0.328391 0.563378
vn -0.735831 0.319067 0.597284
vn 0.740113 -0.313374 -0.595005
vn 0.218617 0.955221 -0.199397
vn 0.212997 0.957257 -0.195683
vn 0.74386 -0.288189 -0.603009
vn -0.196982 -0.953614 0.227638
vn -0.191038 -0.95633 0.221219
vn -0.708442 0.324949 0.626513
vn -0.719107 0.289221 0.631851
vn -0.664257 -0.523302 -0.533776
vn -0.938 0.171881 -0.301019
vn -0.434549 0.721879 -0.53857
vn 0.150362 0.366616 -0.918142
vn 0.00841397 -0.402914 -0.915199
vn -0.433592 -0.886505 0.161575
vn -0.433596 -0.886501 0.161589
vn 0.576864 -0.7057 -0.411357
vn 0.57686 -0.705715 -0.411338
vn -0.4336 -0.886496 0.161603
vn -0.844829 0.15779 0.51124
vn -0.84483 0.157788 0.511239
vn -0.844831 0.157786 0.511237
vn -0.088538 0.984039 0.154366
vn -0.0885377 0.984039 0.154366
vn -0.0885374 0.984039 0.154366
vn 0.790101 0.450357 -0.415835
vn 0.790103 0.450354 -0.415834
vn 0.790106 0.450352 -0.415832
vn 0.576869 -0.705686 -0.411376
vn 0.0869129 -0.656949 0.748909
vn -0.186851 0.0382088 0.981645
vn 0.31666 0.588276 0.744082
vn 0.901584 0.232982 0.364508
vn 0.759622 -0.536592 0.367483
vn 0.0155457 -0.110741 -0.993728
vn -0.385249 -0.675281 -0.62895
vn -0.92559 -0.334709 -0.176786
vn -0.858737 0.440304 -0.262111
vn -0.277089 0.578738 -0.766996
vn 0.753766 -0.135802 -0.642958
vn 0.753778 -0.135828 -0.642938
vn 0.314162 0.899926 -0.302383
vn 0.314164 0.899925 -0.302383
vn 0.75379 -0.135854 -0.642919
vn 0.151687 -0.983855 -0.0949783
vn 0.151687 -0.983855 -0.0949803
vn 0.151688 -0.983854 -0.0949822
vn -0.660001 -0.472286 0.584247
vn -0.660002 -0.472289 0.584244
vn -0.660002 -0.472292 0.584241
vn -0.559588 0.692003 0.456063
vn -0.559587 0.692003 0.456063
vn -0.559586 0.692004 0.456063
vn 0.31416 0.899927 -0.302383
vn 0.987992 -0.0700422 0.137715
vn 0.587153 -0.634609 0.502516
vn 0.0468411 -0.294097 0.954627
vn 0.113701 0.481021 0.869305
vn 0.695365 0.619417 0.364404
vn -0.664258 -0.523298 -0.533779
vn -0.937999 0.171853 -0.301038
vn -0.434564 0.721842 -0.538608
vn 0.15028 0.366592 -0.918165
vn 0.00832656 -0.402945 -0.915187
vn -0.433586 -0.886506 0.161589
vn -0.433587 -0.886505 0.161592
vn 0.576865 -0.705701 -0.411355
vn 0.57687 -0.705684 -0.411376
vn -0.433588 -0.886504 0.161595
vn -0.84482 0.157835 0.51124
vn -0.84482 0.157835 0.511241
vn -0.84482 0.157836 0.511241
vn -0.0885367 0.984038 0.154368
vn -0.0885385 0.984038 0.154368
vn -0.0885402 0.984038 0.154368
vn 0.7901 0.45036 -0.415834
vn 0.790118 0.450338 -0.415824
vn 0.790135 0.450316 -0.415815
vn 0.57686 -0.705717 -0.411334
vn 0.0869866 -0.656957 0.748893
vn -0.18679 0.0382878 0.981654
vn 0.31666 0.588276 0.744082
vn 0.901568 0.233004 0.364533
vn 0.759602 -0.536602 0.367509
vn 0.0155455 -0.110741 -0.993728
vn -0.385253 -0.675279 -0.628951
vn -0.925585 -0.334714 -0.1768
vn -0.85874 0.440286 -0.262133
vn -0.277067 0.578681 -0.767048
vn 0.753766 -0.135801 -0.642958
vn 0.753765 -0.135799 -0.642959
vn 0.314179 0.89992 -0.302384
vn 0.314164 0.899925 -0.302385
vn 0.753764 -0.135797 -0.642961
vn 0.151682 -0.983855 -0.0949801
vn -0.660023 -0.472236 0.584262
vn -0.660024 -0.472239 0.58426
vn -0.660024 -0.472241 0.584258
vn -0.559589 0.692001 0.456065
vn -0.559609 0.691987 0.456062
vn -0.559628 0.691973 0.456059
vn 0.314194 0.899915 -0.302384
vn 0.98799 -0.0700538 0.137723
vn 0.587196 -0.634583 0.502499
vn 0.0468517 -0.294003 0.954656
vn 0.113699 0.480942 0.869349
vn 0.695376 0.619389 0.364431
vn -0.313221 -0.609998 -0.727871
vn -0.133981 -0.576366 -0.806134
vn -0.197852 -0.550995 -0.810715
vn -0.0539236 -0.509599 -0.858721
vn -0.0941067 -0.43726 -0.894398
vn -0.0011652 -0.488215 -0.872723
vn -0.00899661 -0.512744 -0.858495
vn -0.065302 -0.523324 -0.849628
vn -0.154634 -0.583291 -0.797409
vn -0.109063 -0.341798 -0.933424
vn -0.247501 -0.364545 -0.897692
vn -0.376512 -0.383788 -0.843176
vn -0.286267 -0.0150024 -0.958033
vn -0.32066 -0.0252829 -0.946857
vn -0.286945 0.0707032 -0.955334
vn -0.240106 0.0140744 -0.970645
vn -0.191864 0.0358435 -0.980767
vn -0.153043 0.0137752 -0.988123
vn -0.279946 -0.194494 -0.940108
vn 0.463744 0.120889 -0.877683
vn 0.568628 0.0455585 -0.821332
vn 0.565173 0.100079 -0.81888
vn 0.649505 0.0328463 -0.759648
vn 0.67203 0.110345 -0.732257
vn 0.702363 0.0104617 -0.711742
vn 0.677716 -0.0258145 -0.73487
vn 0.690769 -0.0078797 -0.723032
vn 0.662225 -0.00320817 -0.749298
vn 0.61218 0.0358156 -0.789907
vn 0.594964 -0.00221655 -0.80375
vn 0.65296 -0.00702397 -0.75736
vn 0.447248 -0.202125 -0.871272
vn 0.606404 -0.289366 -0.740636
vn 0.737689 -0.331458 -0.588176
vn 0.488315 -0.612273 -0.621828
vn 0.614277 -0.601127 -0.511185
vn 0.656963 -0.632463 -0.410353
vn 0.496062 -0.728913 -0.471814
vn -0.690826 0.307481 -0.654381
vn -0.652918 0.183725 -0.734809
vn -0.648571 0.234644 -0.724084
vn -0.626568 0.17673 -0.759065
vn -0.571906 0.173684 -0.801722
vn -0.665266 0.198651 -0.719693
vn -0.584762 0.225247 -0.779305
vn -0.622221 0.32709 -0.711234
vn -0.662006 0.427814 -0.615405
vn -0.439643 0.432519 -0.787173
vn -0.480266 0.565521 -0.67047
vn -0.50995 0.671995 -0.537005
vn -0.337643 0.716118 -0.610878
vn -0.402206 0.799538 -0.446059
vn -0.43042 0.846543 -0.313215
vn -0.461696 0.860676 -0.214649
vn -0.498205 0.855841 -0.139024
vn -0.519585 0.851807 -0.0667587
vn -0.610351 0.790382 0.0526112
vn 0.260529 -0.577026 -0.774058
vn 0.155943 -0.707831 -0.688954
vn 0.232096 -0.701812 -0.673492
vn 0.118327 -0.82604 -0.55105
vn 0.240503 -0.816703 -0.524551
vn 0.0755049 -0.915436 -0.395318
vn -0.0449799 -0.856359 -0.514418
vn -0.045537 -0.896046 -0.44162
vn -0.0693208 -0.885643 -0.459163
vn -0.0309744 -0.859217 -0.510674
vn -0.0616701 -0.870103 -0.488997
vn -0.062164 -0.923942 -0.377449
vn -0.216992 -0.869282 -0.444144
vn -0.236563 -0.887369 -0.395745
vn -0.288875 -0.846875 -0.44649
vn -0.279072 -0.753195 -0.595664
vn -0.277782 -0.700072 -0.657827
vn -0.261945 -0.659133 -0.704932
vn -0.284136 -0.609266 -0.740312
vn 0.311227 0.831897 -0.45944
vn 0.234957 0.767513 -0.596422
vn 0.277147 0.814016 -0.510457
vn 0.277182 0.751504 -0.598674
vn 0.253047 0.780748 -0.571314
vn 0.336743 0.800884 -0.495165
vn 0.395578 0.591673 -0.702453
vn 0.522651 0.638442 -0.565003
vn 0.629072 0.648484 -0.428645
vn 0.581873 0.294939 -0.757914
vn 0.688722 0.281827 -0.668008
vn 0.770755 0.268021 -0.578015
vn 0.733617 0.0118477 -0.67946
vn 0.739364 0.0647496 -0.670186
vn 0.673156 -0.0386083 -0.738492
vn 0.612122 0.243353 -0.752387
vn 0.511548 0.155984 -0.844978
vn 0.399472 0.15417 -0.903689
vn 0.488628 0.382161 -0.784344
vn 0.571905 0.0884639 -0.815536
vn 0.422961 0.198595 -0.884118
vn 0.443127 0.13285 -0.886561
vn 0.315101 0.213555 -0.924719
vn 0.279926 0.133554 -0.950687
vn 0.263792 0.239525 -0.934367
vn 0.290559 0.250528 -0.923478
vn 0.335876 0.214752 -0.917098
vn 0.444619 0.188631 -0.875632
vn 0.214456 0.0586129 -0.974973
vn 0.323974 -0.0301571 -0.945585
vn 0.426083 -0.111498 -0.897787
vn 0.0760974 -0.287691 -0.954695
vn 0.106977 -0.306662 -0.945788
vn 0.0113156 -0.343877 -0.938946
vn 0.0257573 -0.27003 -0.962507
vn -0.0233201 -0.248214 -0.968424
vn -0.0322975 -0.204668 -0.978299
vn 0.215849 -0.158586 -0.963462
vn -0.0794851 0.14041 -0.986898
vn -0.103179 0.276909 -0.955341
vn -0.140899 0.23853 -0.96086
vn -0.160737 0.355538 -0.920737
vn -0.237849 0.325373 -0.915183
vn -0.190546 0.417405 -0.888519
vn -0.144521 0.420343 -0.895782
vn -0.169603 0.420465 -0.891316
vn -0.148629 0.392374 -0.907718
vn -0.133319 0.322135 -0.937259
vn -0.088845 0.329475 -0.939975
vn -0.131757 0.379808 -0.915634
vn 0.177447 0.331296 -0.926691
vn 0.108611 0.52484 -0.844244
vn 0.0150457 0.670898 -0.741397
vn 0.383503 0.661886 -0.644075
vn 0.265366 0.765374 -0.586331
vn 0.230477 0.833119 -0.502786
vn 0.418418 0.765689 -0.488516
vn 0.279016 -0.634229 -0.721043
vn 0.354781 -0.515958 -0.77969
vn 0.312705 -0.546195 -0.777101
vn 0.345241 -0.488678 -0.801251
vn 0.315526 -0.439312 -0.8411
vn 0.350702 -0.537492 -0.766884
vn 0.283321 -0.486922 -0.826218
vn 0.225256 -0.589506 -0.775721
vn 0.166624 -0.697081 -0.697363
vn 0.0335979 -0.508762 -0.860251
vn -0.0510946 -0.638164 -0.768203
vn -0.125958 -0.745517 -0.654476
vn -0.266507 -0.624134 -0.73446
vn -0.306309 -0.745104 -0.592448
vn -0.340096 -0.812218 -0.473959
vn -0.350815 -0.849012 -0.395103
vn -0.334501 -0.884743 -0.32456
vn -0.328389 -0.908917 -0.256967
vn -0.249245 -0.957436 -0.145581
vn 0.350134 0.463037 -0.81425
vn 0.509138 0.477331 -0.716194
vn 0.455298 0.533089 -0.713106
vn 0.612388 0.541229 -0.576239
vn 0.526357 0.631767 -0.569051
vn 0.695611 0.585235 -0.416682
vn 0.735298 0.440888 -0.514738
vn 0.76013 0.474753 -0.443635
vn 0.768634 0.447529 -0.457078
vn 0.727926 0.453044 -0.514661
vn 0.753267 0.440524 -0.488393
vn 0.783584 0.491095 -0.380553
vn 0.847548 0.330145 -0.415532
vn 0.869727 0.333259 -0.364024
vn 0.877592 0.25861 -0.403675
vn 0.817927 0.187229 -0.544005
vn 0.78388 0.142873 -0.604251
vn 0.748876 0.120664 -0.651632
vn 0.731794 0.0687826 -0.678046
vn -0.748659 -0.304397 -0.588941
vn -0.629682 -0.324404 -0.705877
vn -0.704906 -0.320083 -0.632972
vn -0.644401 -0.282103 -0.71075
vn -0.654322 -0.318379 -0.685929
vn -0.737184 -0.26644 -0.620942
vn -0.583381 -0.0914071 -0.807039
vn -0.721809 -0.0215824 -0.691756
vn -0.819052 0.0560304 -0.570976
vn -0.465483 0.240698 -0.851698
vn -0.535715 0.333035 -0.77595
vn -0.589942 0.407151 -0.697278
vn -0.347137 0.541826 -0.765454
vn -0.390719 0.513078 -0.764258
vn -0.256572 0.525394 -0.811253
vn -0.425557 0.303407 -0.852552
vn -0.279852 0.277978 -0.918918
vn -0.197672 0.190684 -0.961543
vn -0.447231 0.122125 -0.886042
vn -0.447314 0.426819 -0.785962
vn -0.433778 0.246957 -0.866515
vn -0.397373 0.305401 -0.865347
vn -0.374865 0.158346 -0.913456
vn -0.291684 0.185753 -0.938305
vn -0.360939 0.103115 -0.926871
vn -0.386551 0.11534 -0.915027
vn -0.388984 0.172468 -0.904956
vn -0.439819 0.268671 -0.856957
vn -0.191843 0.186695 -0.963505
vn -0.196486 0.325515 -0.924896
vn -0.201751 0.451761 -0.869027
vn 0.158242 0.309638 -0.937595
vn 0.152349 0.344801 -0.92623
vn 0.243749 0.297193 -0.923181
vn 0.176086 0.260644 -0.949241
vn 0.192512 0.209444 -0.958683
vn 0.165715 0.174277 -0.970652
vn -0.0338218 0.326627 -0.944548
vn 0.0523941 -0.26522 -0.962763
vn -0.0392994 -0.368475 -0.928806
vn 0.0148225 -0.37277 -0.927805
vn -0.0654119 -0.458906 -0.886073
vn 0.00681415 -0.496715 -0.867887
vn -0.0963593 -0.51764 -0.850155
vn -0.127635 -0.48523 -0.865021
vn -0.112126 -0.503634 -0.85661
vn -0.102576 -0.471452 -0.875906
vn -0.0557569 -0.418041 -0.906716
vn -0.09043 -0.390357 -0.916212
vn -0.105264 -0.453768 -0.884881
vn -0.26315 -0.190208 -0.945819
vn -0.377381 -0.355867 -0.854952
vn -0.443541 -0.507929 -0.73843
vn -0.678928 -0.203588 -0.705413
vn -0.69217 -0.351456 -0.63038
vn -0.732764 -0.41021 -0.542941
vn -0.799871 -0.216256 -0.559856
vn 0.394885 0.649176 -0.650105
vn 0.264315 0.633265 -0.727402
vn 0.3142 0.620722 -0.718319
vn 0.252475 0.608963 -0.751944
vn 0.23968 0.556676 -0.795403
vn 0.281344 0.642764 -0.712531
vn 0.293151 0.560409 -0.774599
vn 0.401521 0.57964 -0.709083
vn 0.510157 0.600657 -0.61559
vn 0.474479 0.384717 -0.791747
vn 0.615503 0.40052 -0.678778
vn 0.729682 0.409135 -0.547881
vn 0.742677 0.232518 -0.627986
vn 0.840473 0.27743 -0.465445
vn 0.895894 0.293092 -0.333872
vn 0.918552 0.315924 -0.2376
vn 0.92274 0.350041 -0.161314
vn 0.925138 0.369132 -0.0886654
vn 0.885588 0.463267 0.033439
vn -0.524452 -0.0564578 -0.849566
vn -0.645831 0.0567708 -0.761367
vn -0.652654 -0.0201969 -0.757387
vn -0.770736 0.0963388 -0.62983
vn -0.782973 -0.0275015 -0.621447
vn -0.868667 0.134124 -0.476894
vn -0.779772 0.255993 -0.571334
vn -0.826169 0.254211 -0.502813
vn -0.810369 0.27804 -0.515748
vn -0.783729 0.242567 -0.571778
vn -0.791759 0.270584 -0.547633
vn -0.855981 0.263331 -0.44492
vn -0.769623 0.417311 -0.483252
vn -0.788292 0.434117 -0.436048
vn -0.731847 0.487969 -0.475696
vn -0.62163 0.487105 -0.613436
vn -0.560128 0.487937 -0.669458
vn -0.515562 0.474133 -0.713718
vn -0.457606 0.495144 -0.738532
vn 0.758589 -0.372224 -0.534782
vn 0.704233 -0.269217 -0.656946
vn 0.745146 -0.328982 -0.580111
vn 0.681962 -0.30784 -0.663447
vn 0.714754 -0.291996 -0.635503
vn 0.724047 -0.387815 -0.570399
vn 0.503854 -0.385914 -0.772788
vn 0.533074 -0.535904 -0.654706
vn 0.529194 -0.659997 -0.533252
vn 0.179779 -0.513274 -0.839184
vn 0.150295 -0.626469 -0.764819
vn 0.123794 -0.716362 -0.686659
vn -0.132643 -0.618901 -0.774189
vn -0.0825508 -0.633472 -0.76935
vn -0.174227 -0.538772 -0.824239
vn 0.103356 -0.525241 -0.844653
vn 0.034848 -0.397714 -0.916848
vn 0.0520177 -0.278508 -0.959024
vn 0.257246 -0.426629 -0.867071
vn -0.489245 -0.870073 -0.0601094
vn -0.250051 -0.921938 -0.295812
vn -0.275371 -0.899616 -0.338912
vn -0.15428 -0.872778 -0.463094
vn -0.255369 -0.823362 -0.506815
vn -0.0747866 -0.844763 -0.529889
vn -0.0587322 -0.836049 -0.545502
vn -0.122351 -0.830987 -0.542671
vn -0.227151 -0.861546 -0.454028
vn -0.147675 -0.602548 -0.784301
vn -0.316634 -0.608339 -0.727782
vn -0.469501 -0.594947 -0.652386
vn -0.326566 -0.18388 -0.927115
vn -0.378083 -0.191004 -0.905854
vn -0.616654 -0.412237 -0.67067
vn -0.315758 -0.172352 -0.933055
vn -0.267846 -0.161468 -0.949835
vn -0.165448 0.0936487 -0.981762
vn -0.0240037 0.0756285 -0.996847
vn -0.414954 -0.454701 -0.788074
vn -0.414954 -0.454701 -0.788074
vn 0.809858 0.245068 -0.532984
vn 0.903879 0.0975723 -0.416511
vn 0.907727 0.19113 -0.373498
vn 0.956242 0.0566711 -0.287036
vn 0.969922 0.180026 -0.163835
vn 0.978301 0.00544975 -0.207118
vn 0.939634 -0.0510748 -0.338347
vn 0.945238 -0.033108 -0.3247
vn 0.922387 -0.0210348 -0.385693
vn 0.87271 0.0419044 -0.486438
vn 0.856196 0.00100911 -0.516651
vn 0.896328 -0.0117653 -0.443235
vn 0.715231 -0.209339 -0.6668
vn 0.843834 -0.32802 -0.424674
vn 0.906879 -0.375969 -0.190308
vn 0.583002 -0.382632 -0.71673
vn 0.680611 -0.731299 -0.0444032
vn 0.768007 -0.633489 -0.0941143
vn 0.7568 -0.652822 0.0328314
vn 0.658116 -0.750109 -0.064968
vn -0.908269 0.412837 -0.0679126
vn -0.928104 0.245757 -0.279689
vn -0.948258 0.241594 -0.206006
vn -0.903593 0.238128 -0.35611
vn -0.874717 0.265743 -0.405279
vn -0.922342 0.246229 -0.297753
vn -0.836681 0.302486 -0.456582
vn -0.841322 0.419791 -0.340519
vn -0.827986 0.52561 -0.19538
vn -0.621056 0.568746 -0.539275
vn -0.6115 0.709141 -0.350978
vn -0.5775 0.800825 -0.15866
vn -0.430265 0.864986 -0.258209
vn -0.440933 0.897519 0.00609236
vn -0.422518 0.884401 0.198277
vn -0.384832 0.901174 0.199475
vn -0.459899 0.726756 0.510214
vn -0.450619 0.660515 0.600551
vn -0.500233 0.417966 0.758335
vn -0.500233 0.417966 0.758335
vn 0.346462 -0.791183 -0.503978
vn 0.141845 -0.924859 -0.352867
vn 0.0407005 -0.993119 -0.109808
vn 0.230932 -0.972964 -0.00334312
vn -0.0636429 -0.99016 0.12463
vn -0.214944 -0.967358 -0.134231
vn -0.234822 -0.971871 -0.0180297
vn -0.265957 -0.962684 -0.0500574
vn -0.207848 -0.971757 -0.11175
vn -0.248649 -0.965485 -0.0775392
vn -0.267811 -0.959852 0.0834317
vn -0.429132 -0.902951 0.0229346
vn -0.462014 -0.881365 0.0986796
vn -0.516928 -0.85517 0.0383382
vn -0.484167 -0.866928 -0.118397
vn -0.474549 -0.855492 -0.207211
vn -0.45433 -0.850535 -0.264906
vn -0.466557 -0.831988 -0.300201
vn 0.334042 0.94151 -0.0444442
vn 0.242661 0.922366 -0.300592
vn 0.290762 0.946631 -0.139093
vn 0.300249 0.896002 -0.327156
vn 0.265734 0.929785 -0.254726
vn 0.196197 0.930214 -0.310176
vn 0.476333 0.679302 -0.558261
vn 0.629214 0.690007 -0.357742
vn 0.631424 0.767372 0.111552
vn 0.744141 0.64331 -0.180018
vn 0.722446 0.420427 -0.54892
vn 0.783877 0.182268 -0.593562
vn 0.878096 0.450991 -0.159858
vn 0.409752 -0.179115 -0.894439
vn 0.751807 -0.160261 -0.639612
vn 0.78197 -0.0980494 -0.615557
vn 0.783029 -0.0371004 -0.620877
vn 0.851573 -0.189098 -0.488944
vn 0.693797 0.157746 -0.702682
vn 0.504944 0.164346 -0.847362
vn 0.798955 -0.286766 -0.528617
vn 0.279932 -0.212982 -0.936097
vn 0.595223 0.385187 -0.705223
vn 0.595234 0.385181 -0.705218
vn -0.724576 -0.408149 -0.555341
vn -0.999075 -0.0401271 0.0154723
vn -0.980119 -0.193354 -0.044509
vn -0.868812 -0.469048 -0.158617
vn -0.963289 -0.0502033 0.263731
vn -0.969989 -0.180625 -0.162776
vn -0.980941 -0.0474277 0.18843
vn -0.838117 -0.475659 -0.267036
vn -0.831937 -0.417694 -0.365258
vn -0.716118 -0.476548 -0.509978
vn -0.753727 -0.53294 -0.384539
vn -0.612688 -0.433818 -0.660617
vn -0.647557 -0.43664 -0.624512
vn -0.250509 -0.30491 -0.918844
vn -0.610159 -0.224981 -0.759664
vn -0.7809 -0.263251 -0.566474
vn -0.869507 -0.276144 -0.409514
vn -0.881496 -0.0988248 -0.461735
vn -0.911253 -0.112416 -0.396208
vn -0.927618 -0.0835012 -0.364078
vn -0.877585 0.0868005 -0.471498
vn 0.980361 0.181063 0.0781597
vn 0.903762 0.390589 -0.175085
vn 0.90734 0.35443 -0.226081
vn 0.831474 0.427072 -0.355332
vn 0.861246 0.313781 -0.399745
vn 0.771394 0.467895 -0.431308
vn 0.764211 0.47508 -0.436212
vn 0.800973 0.4255 -0.421179
vn 0.873488 0.373828 -0.311885
vn 0.709302 0.245599 -0.660736
vn 0.812587 0.126033 -0.56905
vn 0.885433 0.00892074 -0.464681
vn 0.576335 -0.171532 -0.799008
vn 0.612883 -0.203827 -0.763433
vn 0.855479 -0.222616 -0.467544
vn 0.58109 -0.164858 -0.796967
vn 0.546559 -0.13767 -0.826027
vn 0.304983 -0.241818 -0.921146
vn 0.231211 -0.126587 -0.964633
vn 0.808296 -0.0320764 -0.587901
vn 0.808296 -0.0320765 -0.587901
vn -0.623281 0.44552 -0.642676
vn -0.584127 0.614635 -0.530113
vn -0.667495 0.560423 -0.490283
vn -0.60415 0.684284 -0.40836
vn -0.728267 0.620441 -0.290999
vn -0.590354 0.734875 -0.333827
vn -0.497634 0.734153 -0.461931
vn -0.514318 0.725305 -0.457613
vn -0.493758 0.696287 -0.520949
vn -0.477753 0.607954 -0.634148
vn -0.428536 0.616437 -0.660578
vn -0.460392 0.652232 -0.60219
vn -0.129927 0.630763 -0.765021
vn -0.188696 0.817685 -0.543861
vn -0.256423 0.907064 -0.333889
vn 0.111706 0.638115 -0.761795
vn 0.108487 0.99054 -0.0840279
vn -0.00368155 0.985426 -0.170067
vn -0.0182435 0.998813 -0.0451584
vn 0.146682 0.984557 -0.0955638
vn 0.269386 -0.963022 -0.00452746
vn 0.438308 -0.879433 -0.185697
vn 0.443594 -0.888436 -0.117921
vn 0.438971 -0.859668 -0.261297
vn 0.408694 -0.852421 -0.32611
vn 0.431961 -0.879529 -0.199595
vn 0.366651 -0.859067 -0.357171
vn 0.256947 -0.932119 -0.255212
vn 0.130204 -0.984161 -0.120312
vn 0.0504742 -0.870771 -0.489091
vn -0.109465 -0.937585 -0.330079
vn -0.256506 -0.953517 -0.158145
vn -0.369672 -0.878419 -0.302857
vn -0.464857 -0.883406 -0.0591821
vn -0.526452 -0.841418 0.121918
vn -0.559494 -0.822651 0.101052
vn -0.499126 -0.745287 0.442064
vn -0.486057 -0.688661 0.538047
vn -0.340365 -0.571084 0.747003
vn -0.340371 -0.57108 0.747004
vn 0.45328 0.752762 -0.477374
vn 0.665741 0.689575 -0.285089
vn 0.744837 0.66692 -0.0208864
vn 0.593789 0.803109 0.0493027
vn 0.769909 0.597741 0.223486
vn 0.888943 0.457946 0.00812462
vn 0.883021 0.450429 0.131864
vn 0.901971 0.417615 0.109755
vn 0.880263 0.469929 0.065607
vn 0.89063 0.439837 0.115419
vn 0.854377 0.434702 0.284734
vn 0.918298 0.274721 0.285058
vn 0.896052 0.239654 0.373707
vn 0.92464 0.177055 0.337181
vn 0.952223 0.211934 0.2199
vn 0.968634 0.206983 0.137497
vn 0.972486 0.217128 0.0844124
vn 0.974648 0.210567 0.0756455
vn -0.922129 -0.349159 -0.166629
vn -0.81097 -0.416748 -0.41067
vn -0.88601 -0.388374 -0.253282
vn -0.821781 -0.3555 -0.445304
vn -0.840839 -0.401617 -0.362897
vn -0.784835 -0.456259 -0.419358
vn -0.71493 -0.0908115 -0.693274
vn -0.849906 0.0291472 -0.526127
vn -0.998629 0.00352946 -0.0522268
vn -0.915631 0.15671 -0.370217
vn -0.653352 0.262524 -0.710079
vn -0.481122 0.458473 -0.747211
vn -0.849848 0.381255 -0.363873
vn 0.108138 0.374634 -0.920845
vn -0.163398 0.644772 -0.746706
vn -0.232525 0.631214 -0.739933
vn -0.286549 0.592487 -0.752893
vn -0.234664 0.750062 -0.618336
vn -0.347016 0.403641 -0.846554
vn -0.206366 0.241241 -0.94827
vn -0.110372 0.767271 -0.631755
vn 0.237378 0.282103 -0.929554
vn -0.463654 0.191488 -0.865076
vn -0.463651 0.191473 -0.865081
vn 0.84866 -0.313159 -0.426271
vn 0.655926 -0.741028 0.143666
vn 0.77023 -0.630155 0.0982364
vn 0.928719 -0.37036 -0.0177289
vn 0.603144 -0.700948 0.380643
vn 0.772923 -0.634326 -0.0148679
vn 0.867614 -0.493628 0.0598076
vn 0.904679 -0.386204 -0.180007
vn 0.906533 -0.266518 -0.327363
vn 0.95083 -0.254944 -0.175857
vn 0.858481 -0.228669 -0.459044
vn 0.87735 -0.254281 -0.406938
vn 0.621186 -0.0536427 -0.781825
vn 0.745643 -0.373295 -0.551967
vn 0.827117 -0.467394 -0.312122
vn 0.847208 -0.515551 -0.128242
vn 0.751875 -0.633529 -0.18255
vn 0.761281 -0.639872 -0.104954
vn 0.742598 -0.666095 -0.0697526
vn 0.641764 -0.740318 -0.200168
vn -0.778403 0.627749 -0.00452939
vn -0.862203 0.428416 -0.270307
vn -0.833802 0.453849 -0.314318
vn -0.823761 0.345897 -0.449191
vn -0.756845 0.443524 -0.480075
vn -0.806602 0.271894 -0.52485
vn -0.799409 0.25825 -0.542451
vn -0.786268 0.317446 -0.530105
vn -0.807344 0.404767 -0.429372
vn -0.546228 0.354778 -0.758793
vn -0.536298 0.510935 -0.67181
vn -0.51177 0.640361 -0.572738
vn -0.115669 0.519256 -0.846755
vn -0.119208 0.567604 -0.814626
vn -0.320885 0.765223 -0.558092
vn -0.120122 0.5106 -0.851386
vn -0.11094 0.464795 -0.878441
vn 0.146575 0.359444 -0.921583
vn 0.12013 0.22551 -0.966806
vn -0.410128 0.587485 -0.697607
vn 0.126472 -0.776143 -0.617744
vn -0.0374964 -0.85295 -0.520644
vn 0.0530494 -0.880302 -0.471439
vn -0.0902858 -0.911017 -0.402363
vn 0.0257828 -0.962454 -0.270218
vn -0.147245 -0.932535 -0.329694
vn -0.192758 -0.860784 -0.471058
vn -0.17666 -0.868847 -0.462488
vn -0.158294 -0.837346 -0.523254
vn -0.0827951 -0.771087 -0.631323
vn -0.118047 -0.738624 -0.663701
vn -0.139955 -0.7838 -0.605037
vn -0.290234 -0.513184 -0.807717
vn -0.442395 -0.660978 -0.606131
vn -0.514357 -0.758539 -0.400069
vn -0.433311 -0.320565 -0.842306
vn -0.840779 -0.48932 -0.231642
vn -0.756723 -0.582032 -0.297673
vn -0.784204 -0.595131 -0.175622
vn -0.859622 -0.443708 -0.253326
vn 0.555316 0.830735 0.0387785
vn 0.400406 0.901758 -0.162815
vn 0.396627 0.91302 -0.0952909
vn 0.392054 0.888481 -0.238526
vn 0.413739 0.85896 -0.301674
vn 0.402849 0.898503 -0.174373
vn 0.451802 0.831214 -0.323972
vn 0.56498 0.799709 -0.203134
vn 0.665173 0.744809 -0.0529641
vn 0.690228 0.599527 -0.405158
vn 0.819781 0.530134 -0.216603
vn 0.898132 0.439079 -0.0238532
vn 0.942878 0.305282 -0.133358
vn 0.960099 0.247717 0.129792
vn 0.930306 0.182386 0.318223
vn 0.937562 0.146915 0.315268
vn 0.753165 0.157025 0.638816
vn 0.676923 0.132667 0.724
vn 0.425753 0.171792 0.888382
vn 0.425753 0.171792 0.888382
vn -0.818603 -0.153965 -0.553339
vn -0.923112 0.0523182 -0.380956
vn -0.983151 0.132332 -0.126107
vn -0.996534 -0.0709653 -0.0433999
vn -0.972782 0.200875 0.115518
vn -0.917715 0.380706 -0.113411
vn -0.923092 0.384544 0.00515665
vn -0.906881 0.420804 -0.0221396
vn -0.923127 0.373602 -0.0908755
vn -0.914165 0.402725 -0.0459898
vn -0.916319 0.382656 0.118039
vn -0.831747 0.545337 0.103951
vn -0.807774 0.55732 0.192082
vn -0.768308 0.621996 0.151074
vn -0.778218 0.627964 0.00614675
vn -0.762958 0.641455 -0.0801827
vn -0.758161 0.637392 -0.137566
vn -0.740495 0.652698 -0.160165
vn 0.876244 -0.475682 -0.0769586
vn 0.880624 -0.352279 -0.316861
vn 0.890731 -0.4242 -0.163254
vn 0.84518 -0.40181 -0.352448
vn 0.881908 -0.382812 -0.275125
vn 0.89492 -0.307487 -0.323373
vn 0.611102 -0.50181 -0.612161
vn 0.585847 -0.679986 -0.440911
vn 0.638174 -0.768723 0.0424195
vn 0.509082 -0.812849 -0.28304
vn 0.310247 -0.688823 -0.655187
vn 0.0646815 -0.682635 -0.727892
vn 0.290425 -0.910828 -0.293335
vn -0.204283 -0.184936 -0.961284
vn -0.279583 -0.553942 -0.784208
vn -0.227894 -0.598271 -0.768203
vn -0.157312 -0.621164 -0.767729
vn -0.338161 -0.670011 -0.660857
vn 0.0266644 -0.549296 -0.835203
vn 0.0867353 -0.342967 -0.935335
vn -0.430252 -0.576656 -0.694515
vn -0.206974 -0.0118735 -0.978274
vn 0.261352 -0.51554 -0.816036
vn 0.261362 -0.515529 -0.816039
vn -0.270342 0.837492 -0.474892
vn 0.119183 0.982594 0.142496
vn -0.0330129 0.996502 0.0767701
vn -0.116059 0.980246 0.160147
vn -0.015898 0.999166 -0.0376135
vn 0.101984 0.939968 0.325666
vn -0.329053 0.934065 -0.138732
vn -0.268434 0.933466 -0.237874
vn -0.338039 0.854259 -0.394932
vn -0.397402 0.881331 -0.255592
vn -0.307774 0.784335 -0.538604
vn -0.311779 0.812843 -0.492016
vn -0.219131 0.472612 -0.853592
vn -0.110204 0.783469 -0.611582
vn -0.142614 0.91403 -0.379752
vn -0.159217 0.966249 -0.202514
vn 0.0041689 0.974831 -0.222907
vn -0.0138006 0.988847 -0.148295
vn 0.0107871 0.994041 -0.108472
vn 0.164544 0.964545 -0.206346
vn -0.963765 -0.265585 0.0249135
vn 0.267156 -0.96365 -0.00244535
vn 0.266101 -0.963853 -0.0133156
vn -0.963169 -0.266282 0.0374194
vn -0.267112 0.963661 0.00271293
vn -0.266024 0.963842 0.0154958
vn 0.964339 0.264344 -0.0131453
vn 0.963776 0.265586 -0.0245117
vn 0.964047 0.26539 -0.0135041
vn 0.963235 0.26628 -0.0356917
vn -0.962192 -0.266322 0.057087
vn 0.265529 -0.963694 -0.0280825
vn 0.265144 -0.963689 -0.0316687
vn -0.96166 -0.266687 0.0639362
vn -0.265193 0.963563 0.0349263
vn -0.2645 0.963476 0.0418667
vn 0.962583 0.266291 -0.0502225
vn 0.962323 0.266519 -0.0538731
vn -0.960947 -0.266864 0.0732462
vn 0.264885 -0.963607 -0.0360257
vn 0.26484 -0.963593 -0.0367304
vn -0.960726 -0.267002 0.0755997
vn -0.263843 0.963211 0.051102
vn -0.263571 0.963156 0.0534818
vn 0.962056 0.266579 -0.0581724
vn 0.96201 0.26659 -0.0588747
vn -0.958327 -0.267537 0.100171
vn 0.263093 -0.962968 -0.0589501
vn 0.260817 -0.962047 -0.0802503
vn -0.955449 -0.268777 0.121969
vn -0.261522 0.962057 0.0778015
vn -0.258599 0.960809 0.0998583
vn 0.960245 0.26716 -0.0809636
vn 0.957942 0.26807 -0.102399
vn -0.947956 -0.271409 0.166482
vn 0.254873 -0.959063 -0.12344
vn 0.250299 -0.957263 -0.144907
vn -0.942905 -0.274644 0.188414
vn -0.251842 0.956972 0.144154
vn -0.246038 0.954844 0.166551
vn 0.951681 0.270451 -0.145465
vn 0.947409 0.272874 -0.167199
vn -0.922929 -0.282581 0.261438
vn 0.233214 -0.947845 -0.217259
vn 0.21639 -0.939539 -0.265408
vn -0.904953 -0.292716 0.308831
vn -0.228117 0.943983 0.23845
vn -0.208978 0.934854 0.287012
vn 0.92967 0.280621 -0.238675
vn 0.91286 0.289684 -0.287696
vn -0.885012 -0.298968 0.356893
vn 0.200894 -0.927962 -0.313893
vn 0.0535289 -0.738916 -0.671668
vn -0.884307 -0.305306 0.353256
vn -0.192604 0.922337 0.334961
vn -0.0410958 0.735386 0.676401
vn 0.89423 0.295759 -0.335974
vn 0.89278 0.300804 -0.335351
vn -0.832665 0.0207446 -0.553389
vn -0.838146 0.287326 -0.463633
vn -0.906064 0.115251 -0.407143
vn -0.0221246 -0.591452 -0.806037
vn 0.0752507 -0.604626 -0.792947
vn -0.774523 0.473553 -0.419359
vn 0.132895 0.548835 0.8253
vn 0.0343637 0.592661 0.804719
vn -0.0645817 0.629344 0.774439
vn 0.887223 0.0227801 0.460779
vn 0.854978 -0.279479 0.436926
vn 0.924768 -0.103271 0.366252
vn 0.765264 -0.488529 0.419179
vn -0.119282 -0.572466 -0.811206
vn -0.574753 0.718434 -0.391805
vn 0.472208 0.21609 -0.85459
vn 0.617336 0.134387 -0.775136
vn -0.51221 0.815328 -0.269965
vn -0.313327 -0.308656 0.898086
vn -0.454514 -0.189101 0.870436
vn -0.579797 -0.0629285 0.812328
vn 0.563397 -0.732905 0.381358
vn 0.50017 -0.830308 0.245802
vn 0.311001 0.290434 -0.904945
vn -0.402046 0.89976 -0.169676
vn 0.802546 0.595352 -0.0384207
vn 0.896152 0.443644 0.00958509
vn -0.436004 0.883174 -0.172929
vn -0.675175 -0.734836 0.0644588
vn -0.801254 -0.595738 0.055571
vn -0.899031 -0.435596 0.0447202
vn 0.391654 -0.909198 0.141303
vn 0.437962 -0.888815 0.134898
vn 0.681587 0.72677 -0.085117
vn 0.75804 -0.566331 0.323488
vn 0.754562 -0.564143 0.33523
vn 0.758754 -0.56547 0.323322
vn 0.553358 0.822292 0.132784
vn 0.557384 0.821163 0.122531
vn 0.561708 0.819635 0.112615
vn 0.750644 -0.562257 0.346987
vn -0.552056 -0.822973 -0.133975
vn -0.557506 -0.821116 -0.122291
vn -0.552967 -0.822356 -0.134007
vn -0.562456 -0.819399 -0.110579
vn -0.757814 0.566317 -0.324042
vn -0.754694 0.56419 -0.334854
vn -0.758304 0.565388 -0.324519
vn -0.751237 0.562455 -0.34538
vn 0.552629 0.822893 0.132094
vn 0.743671 -0.559947 0.365257
vn 0.566752 0.817939 0.0988269
vn 0.568146 0.817362 0.0955523
vn 0.74139 -0.55877 0.371641
vn -0.569088 -0.817063 -0.0924438
vn -0.571699 -0.815936 -0.0860747
vn -0.746113 0.560816 -0.358889
vn -0.744939 0.560179 -0.362306
vn 0.738059 -0.55738 0.380259
vn 0.569661 0.816771 0.091501
vn 0.569908 0.816671 0.0908462
vn 0.737262 -0.556938 0.382447
vn -0.574907 -0.814541 -0.077499
vn -0.575804 -0.814111 -0.07532
vn -0.743426 0.559591 -0.3663
vn -0.743179 0.55949 -0.366955
vn 0.728217 -0.552838 0.405057
vn 0.577736 0.813194 0.0702605
vn 0.585352 0.809197 0.0506201
vn 0.720324 -0.548134 0.425068
vn -0.584144 -0.809935 -0.0527404
vn -0.592149 -0.805173 -0.0324949
vn -0.735342 0.55605 -0.387402
vn -0.727657 0.552031 -0.407157
vn 0.703331 -0.537231 0.46552
vn 0.600748 0.799364 0.0109227
vn 0.609112 0.793039 -0.00844424
vn 0.69559 -0.529583 0.485485
vn -0.607757 -0.794081 0.00819812
vn -0.616905 -0.786533 0.0281771
vn -0.711668 0.542348 -0.446528
vn -0.703856 0.535822 -0.46635
vn 0.665862 -0.503523 0.550538
vn 0.635819 0.768288 -0.0739397
vn 0.655292 0.746342 -0.116477
vn 0.64733 -0.479577 0.592428
vn -0.64288 -0.760261 0.0933189
vn -0.66323 -0.735992 0.1358
vn -0.67582 0.5117 -0.530501
vn -0.656644 0.489202 -0.57402
vn 0.624547 -0.456565 0.633632
vn 0.67167 0.723289 -0.160353
vn 0.735191 0.461605 -0.496403
vn 0.63004 -0.45223 0.631298
vn -0.679251 -0.711709 0.179132
vn -0.741415 -0.449471 0.498277
vn -0.634426 0.467295 -0.615743
vn -0.637515 0.463002 -0.615795
vn 0.65456 -0.692734 -0.302771
vn 0.431073 -0.860627 -0.271104
vn 0.579908 -0.797866 -0.164673
vn 0.714359 0.298836 -0.632762
vn 0.662623 0.382711 -0.643788
vn 0.241355 -0.927839 -0.284364
vn -0.754153 -0.185374 0.629991
vn -0.721996 -0.290355 0.628025
vn -0.681132 -0.391834 0.618486
vn -0.688543 0.699291 0.192095
vn -0.438036 0.866368 0.239858
vn -0.586393 0.801279 0.11872
vn -0.224766 0.93034 0.289737
vn 0.759071 0.212022 -0.615515
vn -0.0663087 -0.929936 -0.361695
vn -0.158029 0.15536 -0.975136
vn -0.208728 0.324726 -0.922489
vn -0.214616 -0.934685 -0.283381
vn 0.119036 0.0286347 0.992477
vn 0.122476 -0.157844 0.979839
vn 0.121636 -0.338807 0.93296
vn 0.0871267 0.929701 0.357862
vn 0.240689 0.933181 0.266912
vn -0.101952 -0.019292 -0.994602
vn -0.374619 -0.896754 -0.235568
vn -0.899625 0.228649 -0.372014
vn -0.857987 0.401065 -0.320945
vn -0.341338 -0.912323 -0.226177
vn 0.919571 -0.0399418 0.390888
vn 0.893546 -0.226073 0.387901
vn 0.83595 -0.404216 0.371209
vn 0.396996 0.89263 0.213555
vn 0.356785 0.914456 0.190983
vn -0.910614 0.0484428 -0.410409
vn -0.113517 0.954464 0.275886
vn -0.991147 -0.0918518 -0.0958676
vn -0.990459 -0.0879846 -0.106061
vn -0.11513 0.950758 0.287757
vn 0.991134 0.0917354 0.0961132
vn 0.990292 0.0873401 0.108139
vn 0.113474 -0.954579 -0.275505
vn 0.114987 -0.951271 -0.286114
vn -0.116631 0.944718 0.30644
vn -0.98923 -0.0836239 -0.120129
vn -0.988927 -0.0823232 -0.123478
vn -0.117532 0.942491 0.312887
vn 0.988594 0.0815382 0.126625
vn 0.987939 0.0790902 0.133122
vn 0.116068 -0.946873 -0.299934
vn 0.116593 -0.945712 -0.303373
vn -0.118438 0.939419 0.321659
vn -0.988516 -0.0809555 -0.127603
vn -0.988448 -0.0807292 -0.128268
vn -0.118765 0.93862 0.323864
vn 0.98696 0.0761096 0.141837
vn 0.986705 0.0752379 0.144056
vn 0.116992 -0.944347 -0.307442
vn 0.117056 -0.944122 -0.308109
vn -0.121301 0.930032 0.346881
vn -0.986082 -0.0733875 -0.149189
vn -0.983401 -0.0658376 -0.16908
vn -0.124428 0.921829 0.367081
vn 0.983684 0.0671349 0.166907
vn 0.980532 0.0588236 0.187342
vn 0.119349 -0.936792 -0.328902
vn 0.122025 -0.929178 -0.34891
vn -0.13116 0.903562 0.407888
vn -0.976659 -0.0494518 -0.209028
vn -0.972743 -0.0398224 -0.228442
vn -0.136592 0.893595 0.427586
vn 0.972749 0.0415172 0.228114
vn 0.968256 0.0305335 0.248089
vn 0.12822 -0.912414 -0.388664
vn 0.132724 -0.903101 -0.408402
vn -0.152377 0.85693 0.492395
vn -0.955986 -0.00632503 -0.293344
vn -0.941981 0.0208219 -0.33502
vn -0.1683 0.829201 0.53301
vn 0.949977 -0.0033945 0.312301
vn 0.934769 -0.0326955 0.353748
vn 0.147875 -0.868932 -0.472325
vn 0.162693 -0.841711 -0.514833
vn -0.18076 0.798781 0.573825
vn -0.924933 0.0462364 -0.377308
vn -0.691879 0.24778 -0.678166
vn -0.186861 0.800117 0.569997
vn 0.916693 -0.0586421 0.395266
vn 0.686147 -0.260206 0.679334
vn 0.174799 -0.812452 -0.556208
vn 0.179971 -0.81208 -0.555101
vn 0.186783 0.932299 -0.309728
vn 0.444404 0.869465 -0.215721
vn 0.281609 0.948194 -0.147052
vn -0.525828 0.32996 -0.783984
vn -0.554854 0.23608 -0.797749
vn 0.615109 0.766224 -0.185855
vn 0.465321 -0.433119 0.771936
vn 0.525206 -0.341421 0.779481
vn 0.578762 -0.245608 0.777632
vn -0.146255 -0.967377 0.206861
vn -0.437526 -0.879829 0.185667
vn -0.270007 -0.957344 0.102905
vn -0.628421 -0.754855 0.187833
vn -0.491625 0.420592 -0.762501
vn 0.823562 0.528033 -0.207187
vn 0.196432 -0.262825 -0.944636
vn 0.0881189 -0.407712 -0.908849
vn 0.901223 0.420607 -0.104341
vn -0.31522 0.115987 0.941904
vn -0.173661 0.237328 0.955781
vn -0.0260308 0.350374 0.936248
vn -0.835365 -0.512081 0.199848
vn -0.912506 -0.400357 0.083948
vn 0.298065 -0.109 -0.948302
vn 0.960626 0.275596 -0.0352858
vn 0.464503 -0.85293 -0.238216
vn 0.297202 -0.929008 -0.22049
vn 0.949775 0.311521 -0.029708
vn -0.62354 0.748408 0.226016
vn -0.466219 0.847308 0.254382
vn -0.292423 0.916267 0.27376
vn -0.966421 -0.256749 0.0105248
vn -0.953109 -0.302533 -0.00757397
vn 0.615969 -0.747774 -0.247821
vn -0.231536 0.738324 0.633457
vn -0.702438 0.117084 0.702048
vn -0.25473 -0.513975 0.819111
vn 0.492862 -0.282772 0.822877
vn 0.507208 0.491209 0.708134
vn -0.291146 0.943917 -0.155738
vn -0.291148 0.943916 -0.155739
vn 0.818615 0.572689 -0.0435616
vn 0.818615 0.572688 -0.0435607
vn -0.29115 0.943915 -0.155741
vn -0.998554 0.0106884 -0.0526921
vn -0.325994 -0.937313 0.123176
vn -0.325993 -0.937313 0.123175
vn -0.325992 -0.937314 0.123175
vn 0.797075 -0.589981 0.128818
vn 0.797077 -0.589979 0.128815
vn 0.797079 -0.589977 0.128812
vn 0.818614 0.572689 -0.0435625
vn -0.156111 0.518373 -0.840785
vn -0.627009 -0.102852 -0.772192
vn -0.179288 -0.73394 -0.655125
vn 0.568326 -0.502721 -0.651366
vn 0.582662 0.271248 -0.766113
vn -0.61772 -0.600188 0.508131
vn 0.0963993 -0.556602 0.825168
vn 0.262419 0.198811 0.944251
vn -0.349088 0.622087 0.700817
vn -0.893054 0.128279 0.431276
vn -0.476975 -0.839245 -0.26108
vn -0.476978 -0.839243 -0.261079
vn -0.890591 0.255089 -0.376534
vn -0.89059 0.255085 -0.376538
vn -0.476982 -0.839242 -0.261078
vn 0.595803 -0.773769 0.215176
vn 0.595803 -0.773769 0.215176
vn 0.595802 -0.773769 0.215176
vn 0.845204 0.361033 0.394062
vn 0.845204 0.361036 0.39406
vn 0.845204 0.361039 0.394057
vn -0.0734375 0.996896 0.0283672
vn -0.0734374 0.996896 0.0283673
vn -0.0734374 0.996896 0.0283674
vn -0.890591 0.255093 -0.37653
vn -0.0173203 -0.517138 -0.855727
vn 0.696821 -0.473556 -0.538688
vn 0.862842 0.281836 -0.41961
vn 0.251302 0.705125 -0.663058
vn -0.292648 0.211321 -0.932577
vn 0.721523 -0.068476 0.688996
vn 0.177914 0.465598 0.866928
vn -0.521486 0.115202 0.845447
vn -0.410131 -0.63542 0.654243
vn 0.358089 -0.748939 0.557551
vn 0.985963 0.159133 -0.0505316
vn 0.985963 0.159134 -0.0505321
vn 0.440008 -0.863073 -0.247989
vn 0.440006 -0.863074 -0.247987
vn 0.985963 0.159135 -0.0505325
vn 0.169348 0.961426 0.216753
vn 0.169354 0.961424 0.216757
vn 0.16936 0.961422 0.216761
vn -0.881299 0.435055 0.184498
vn -0.8813 0.435054 0.184496
vn -0.881301 0.435052 0.184494
vn -0.714023 -0.692544 -0.102733
vn -0.714022 -0.692544 -0.102735
vn -0.714022 -0.692545 -0.102736
vn 0.44001 -0.863071 -0.247991
vn 0.591151 0.280328 -0.756279
vn 0.0475289 0.814411 -0.578339
vn -0.651845 0.464029 -0.599813
vn -0.540488 -0.286623 -0.791025
vn 0.227712 -0.400139 -0.887714
vn -0.231535 0.738325 0.633457
vn -0.702439 0.117082 0.702048
vn -0.254731 -0.513976 0.81911
vn 0.492863 -0.28277 0.822878
vn 0.507207 0.491208 0.708136
vn -0.291145 0.943918 -0.155736
vn -0.291147 0.943917 -0.155738
vn 0.818615 0.572688 -0.0435599
vn -0.291149 0.943916 -0.15574
vn -0.998554 0.0106849 -0.0526916
vn -0.998554 0.0106849 -0.0526916
vn -0.998554 0.0106849 -0.0526916
vn -0.325995 -0.937312 0.123177
vn -0.325994 -0.937313 0.123176
vn 0.797077 -0.589978 0.128818
vn 0.797078 -0.589977 0.128816
vn 0.79708 -0.589976 0.128815
vn -0.15611 0.518372 -0.840785
vn -0.62701 -0.102854 -0.772191
vn -0.179288 -0.73394 -0.655124
vn 0.568326 -0.50272 -0.651367
vn 0.582661 0.271246 -0.766115
vn -0.617714 -0.600196 0.508128
vn 0.0964134 -0.556613 0.825158
vn 0.262437 0.198795 0.94425
vn -0.349088 0.622088 0.700817
vn -0.893055 0.128277 0.431274
vn -0.476984 -0.83924 -0.261079
vn -0.476979 -0.839243 -0.26108
vn -0.890594 0.255086 -0.376528
vn -0.890594 0.255082 -0.376532
vn -0.476975 -0.839245 -0.261082
vn 0.595799 -0.77377 0.215182
vn 0.5958 -0.77377 0.215182
vn 0.5958 -0.773769 0.215181
vn 0.845204 0.361024 0.394072
vn 0.845203 0.361033 0.394064
vn 0.845203 0.361041 0.394057
vn -0.0734376 0.996896 0.028367
vn -0.0734378 0.996896 0.0283667
vn -0.890595 0.25509 -0.376524
vn -0.0173117 -0.517155 -0.855717
vn 0.696823 -0.473563 -0.53868
vn 0.862844 0.281841 -0.419602
vn 0.251313 0.705132 -0.663046
vn -0.292648 0.21132 -0.932577
vn 0.721534 -0.0684698 0.688985
vn 0.177916 0.465615 0.866919
vn -0.521499 0.115211 0.845438
vn -0.410145 -0.635414 0.65424
vn 0.358101 -0.748937 0.557545
vn 0.985963 0.159136 -0.0505311
vn 0.985963 0.159136 -0.050531
vn 0.440002 -0.863075 -0.247989
vn 0.439999 -0.863078 -0.247987
vn 0.985963 0.159136 -0.050531
vn 0.169349 0.961425 0.216758
vn 0.169352 0.961424 0.21676
vn 0.169355 0.961423 0.216761
vn -0.881298 0.435056 0.184498
vn -0.881299 0.435055 0.184497
vn -0.8813 0.435054 0.184495
vn -0.714021 -0.692546 -0.102732
vn -0.71402 -0.692547 -0.102733
vn -0.714019 -0.692547 -0.102735
vn 0.440005 -0.863073 -0.247992
vn 0.591155 0.280342 -0.75627
vn 0.0475407 0.814413 -0.578335
vn -0.651843 0.46403 -0.599813
vn -0.54048 -0.28664 -0.791024
vn 0.227699 -0.400157 -0.887709
vn 0.302812 0.888379 -0.345092
vn 0.31088 0.891268 -0.330145
vn 0.302612 0.888462 -0.345053
vn -0.77281 0.440069 0.457279
vn -0.784568 0.437162 0.439706
vn -0.796544 0.432856 0.422082
vn 0.318829 0.893905 -0.315091
vn 0.804468 -0.431713 -0.407989
vn 0.814569 -0.428729 -0.390729
vn 0.804493 -0.431562 -0.4081
vn 0.824319 -0.425683 -0.373218
vn -0.270944 -0.878572 0.393321
vn -0.281631 -0.88145 0.379118
vn -0.271976 -0.877757 0.394425
vn -0.292021 -0.884253 0.364444
vn -0.772016 0.44169 0.457057
vn 0.330842 0.89751 -0.29158
vn -0.81673 0.427464 0.387591
vn -0.825998 0.424338 0.371032
vn 0.334489 0.898874 -0.283095
vn 0.838819 -0.421088 -0.345062
vn 0.843871 -0.419363 -0.334689
vn -0.309134 -0.890396 0.334114
vn -0.31639 -0.893323 0.319172
vn 0.33879 0.90019 -0.27364
vn -0.809375 0.427332 0.402863
vn -0.78268 0.429269 0.45071
vn 0.337388 0.901216 -0.27199
vn 0.825098 -0.42395 -0.37347
vn 0.799417 -0.42675 -0.422868
vn -0.323252 -0.896354 0.303411
vn -0.320636 -0.898259 0.300537
vn 0.339887 0.902408 -0.264832
vn -0.747857 0.430773 0.505119
vn -0.74303 0.429275 0.513449
vn 0.342332 0.90322 -0.258848
vn 0.774639 -0.428004 -0.465561
vn 0.778613 -0.424977 -0.461689
vn -0.313535 -0.899092 0.305499
vn -0.305925 -0.900001 0.310496
vn 0.318243 0.90179 -0.292399
vn -0.753507 0.427888 0.499139
vn -0.769269 0.425732 0.476421
vn 0.289676 0.898094 -0.33093
vn 0.752118 -0.428561 -0.500654
vn 0.72009 -0.431388 -0.543484
vn -0.32024 -0.901461 0.291229
vn -0.339417 -0.902749 0.264272
vn 0.267377 0.894119 -0.359251
vn -0.760856 0.426965 0.488671
vn -0.735658 0.4303 0.523115
vn 0.274365 0.895693 -0.349941
vn 0.693642 -0.433103 -0.575572
vn 0.701185 -0.433028 -0.566415
vn -0.333727 -0.902527 0.272159
vn -0.308115 -0.9007 0.306276
vn -0.0615325 0.699834 0.711651
vn -0.0269174 0.709017 0.704677
vn -0.0610588 0.696334 0.715116
vn -0.399806 0.635846 -0.660193
vn -0.430968 0.627506 -0.648462
vn -0.461509 0.617983 -0.63648
vn 0.00799093 0.718155 0.695837
vn 0.34302 -0.654083 0.674176
vn 0.377071 -0.642576 0.667019
vn 0.344098 -0.650646 0.676947
vn 0.410497 -0.631023 0.658257
vn 0.00715998 -0.716574 -0.697474
vn -0.0260306 -0.726908 -0.686241
vn 0.0062046 -0.715734 -0.698346
vn -0.0589131 -0.736595 -0.673763
vn -0.400136 0.63654 -0.659324
vn 0.070203 0.739394 0.669603
vn -0.511905 0.602719 -0.612114
vn -0.531772 0.595286 -0.602373
vn 0.098584 0.747699 0.656679
vn 0.469262 -0.614974 0.633719
vn 0.496757 -0.604806 0.622449
vn -0.111889 -0.753102 -0.64832
vn -0.132431 -0.76005 -0.636228
vn 0.14147 0.763244 0.630432
vn -0.612369 0.568548 -0.549325
vn -0.67018 0.542814 -0.506175
vn 0.155624 0.770452 0.618211
vn 0.585604 -0.577962 0.568355
vn 0.646368 -0.552728 0.526024
vn -0.168 -0.773106 -0.611623
vn -0.180103 -0.781017 -0.597976
vn 0.16258 0.774156 0.61176
vn -0.727934 0.513191 -0.454695
vn -0.732296 0.508687 -0.452747
vn 0.154389 0.771801 0.616836
vn 0.695398 -0.52966 0.485676
vn 0.689206 -0.531221 0.492747
vn -0.196507 -0.789977 -0.580794
vn -0.198281 -0.792837 -0.576276
vn 0.165236 0.776776 0.607713
vn -0.700629 0.526085 -0.482031
vn -0.662747 0.544346 -0.514251
vn 0.182928 0.784986 0.591891
vn 0.702267 -0.524369 0.481516
vn 0.721665 -0.513937 0.463755
vn -0.163146 -0.776621 -0.608476
vn -0.123577 -0.756149 -0.642626
vn 0.192263 0.789078 0.58343
vn -0.655287 0.547777 -0.520133
vn -0.686389 0.533124 -0.49462
vn 0.183741 0.785652 0.590753
vn 0.732826 -0.50744 0.453288
vn 0.724834 -0.512367 0.460538
vn -0.113959 -0.751029 -0.65036
vn -0.144376 -0.767106 -0.625063
vn -0.59654 -0.459708 -0.657882
vn -0.635603 -0.437654 -0.635978
vn -0.596871 -0.456023 -0.660143
vn -0.12012 -0.754516 0.645196
vn -0.0852077 -0.777325 0.623302
vn -0.0461663 -0.796853 0.602406
vn -0.673214 -0.415522 -0.611657
vn 0.0949375 0.773298 -0.626895
vn 0.0588471 0.793132 -0.6062
vn 0.0934142 0.771136 -0.629781
vn 0.0228031 0.812039 -0.583158
vn 0.570076 0.474263 0.670886
vn 0.608352 0.451197 0.652938
vn 0.567958 0.46967 0.675895
vn 0.646197 0.427875 0.631944
vn -0.124981 -0.756749 0.641647
vn -0.734668 -0.383048 -0.559944
vn 0.0132423 -0.832377 0.554051
vn 0.0390293 -0.846695 0.530645
vn -0.75973 -0.368879 -0.53548
vn -0.0349161 0.845205 -0.5333
vn -0.0578156 0.858575 -0.509418
vn 0.71191 0.39457 0.580946
vn 0.738642 0.37954 0.557097
vn -0.79646 -0.347984 -0.494529
vn 0.0395381 -0.844383 0.534278
vn 0.0198444 -0.825764 0.563667
vn -0.808837 -0.342402 -0.478063
vn -0.0552858 0.85501 -0.515656
vn -0.0324778 0.835813 -0.548052
vn 0.779749 0.357721 0.513835
vn 0.794843 0.35134 0.494757
vn -0.829031 -0.330685 -0.45095
vn 0.0113891 -0.815982 0.577965
vn 0.0261242 -0.824794 0.564829
vn -0.836792 -0.326839 -0.439266
vn -0.0204757 0.823705 -0.566649
vn -0.0332544 0.830938 -0.55537
vn 0.819235 0.337795 0.463409
vn 0.829131 0.332824 0.449189
vn -0.849394 -0.316598 -0.422251
vn 0.0406908 -0.837011 0.545671
vn 0.0469346 -0.839018 0.542076
vn -0.854107 -0.312251 -0.415934
vn -0.0491562 0.8441 -0.533927
vn -0.0564286 0.847904 -0.527137
vn 0.840985 0.32336 0.4338
vn 0.843464 0.320278 0.431266
vn -0.895734 -0.278744 -0.346356
vn 0.0729585 -0.863035 0.499848
vn 0.0951449 -0.882368 0.460842
vn -0.927273 -0.247932 -0.280526
vn -0.0864479 0.875661 -0.475126
vn -0.109341 0.896636 -0.429056
vn 0.881648 0.291129 0.371404
vn 0.912837 0.262909 0.312422
vn -0.952478 -0.216744 -0.214028
vn 0.106895 -0.892286 0.438634
vn 0.101126 -0.884512 0.455426
vn -0.94853 -0.226179 -0.221661
vn -0.124518 0.90988 -0.395745
vn -0.118078 0.901342 -0.416702
vn 0.933351 0.241248 0.26581
vn 0.929183 0.249516 0.272691
vn -0.917961 -0.263023 -0.29693
vn 0.114111 -0.890031 0.441388
vn 0.134343 -0.902925 0.408262
vn -0.880324 -0.297595 -0.369413
vn -0.107163 0.887779 -0.447621
vn -0.101978 0.880164 -0.463585
vn 0.915804 0.265901 0.300998
vn 0.908288 0.275535 0.314791
vn -0.844256 -0.320964 -0.429201
vn 0.135914 -0.903938 0.405493
vn 0.118991 -0.892915 0.434217
vn -0.846323 -0.320045 -0.425803
vn -0.0981402 0.877216 -0.469959
vn -0.099837 0.878869 -0.466499
vn 0.88283 0.295777 0.364867
vn 0.866395 0.307467 0.393476
vn -0.654848 -0.457406 0.601626
vn -0.685921 -0.439005 0.580334
vn -0.653828 -0.45361 0.605596
vn 0.00928319 -0.798427 -0.60202
vn 0.0389464 -0.817152 -0.575105
vn 0.0698742 -0.833176 -0.548575
vn -0.716347 -0.420572 0.556746
vn 0.0197758 0.785156 0.618983
vn -0.0150105 0.802814 0.59604
vn 0.0151529 0.783251 0.621521
vn -0.0487515 0.819476 0.571036
vn 0.679339 0.443932 -0.584314
vn 0.710455 0.42678 -0.559564
vn 0.679842 0.441265 -0.585748
vn 0.740208 0.409646 -0.533182
vn 0.00762384 -0.800244 -0.599626
vn -0.767586 -0.394761 0.504951
vn 0.118555 -0.861004 -0.494588
vn 0.140738 -0.870325 -0.471941
vn -0.788278 -0.382445 0.48203
vn -0.0984158 0.849046 0.519072
vn -0.123387 0.859283 0.496395
vn 0.78776 0.384532 -0.481217
vn 0.806632 0.374499 -0.457269
vn -0.824963 -0.366191 0.430512
vn 0.206334 -0.905178 -0.37159
vn 0.254132 -0.921101 -0.294942
vn -0.84047 -0.362097 0.403107
vn -0.19243 0.898494 0.394562
vn -0.244318 0.917311 0.314402
vn 0.839083 0.35997 -0.407874
vn 0.851527 0.358522 -0.382575
vn -0.860531 -0.357821 0.36256
vn 0.299384 -0.931093 -0.208412
vn 0.304182 -0.930526 -0.203948
vn -0.86531 -0.359386 0.3494
vn -0.292839 0.929745 0.223204
vn -0.299119 0.929396 0.216218
vn 0.867791 0.355671 -0.347039
vn 0.870718 0.358423 -0.336724
vn -0.871702 -0.358178 0.334429
vn 0.308692 -0.931428 -0.192744
vn 0.313631 -0.930497 -0.189239
vn -0.873166 -0.356883 0.331986
vn -0.302686 0.930171 0.207757
vn -0.305422 0.929365 0.207359
vn 0.877627 0.357047 -0.319824
vn 0.880999 0.354641 -0.313161
vn -0.837776 -0.367735 0.403612
vn 0.292499 -0.927611 -0.23234
vn 0.268591 -0.921602 -0.280193
vn -0.794876 -0.377064 0.475389
vn -0.277991 0.924856 0.259543
vn -0.247058 0.917843 0.310686
vn 0.852128 0.364217 -0.375798
vn 0.815654 0.371326 -0.443651
vn -0.722266 -0.391123 0.570399
vn 0.230572 -0.912787 -0.33713
vn 0.219506 -0.910084 -0.351518
vn -0.703528 -0.40031 0.587197
vn -0.199131 0.905438 0.374871
vn -0.189751 0.90298 0.385514
vn 0.760737 0.382103 -0.524668
vn 0.742517 0.390063 -0.544536
vn -0.736286 -0.393556 0.550452
vn 0.185734 -0.898738 -0.397205
vn 0.162196 -0.887783 -0.430737
vn -0.789644 -0.378276 0.483083
vn -0.188489 0.901846 0.388774
vn -0.201145 0.903959 0.377358
vn 0.739011 0.393712 -0.546675
vn 0.749108 0.393558 -0.532869
vn -0.829834 -0.359766 0.426549
vn 0.159489 -0.88652 -0.434333
vn 0.179439 -0.895664 -0.406925
vn -0.827607 -0.36119 0.42966
vn -0.204912 0.905316 0.37204
vn -0.20226 0.904602 0.375214
vn 0.785304 0.380052 -0.488731
vn 0.805559 0.371679 -0.461443
vn 0.790795 0.0448247 -0.610437
vn 0.80131 -0.00970936 -0.59817
vn 0.787801 0.0425042 -0.614461
vn 0.584189 0.183405 0.790623
vn 0.577605 0.253815 0.775855
vn 0.559629 0.325698 0.762061
vn 0.810186 -0.064123 -0.582656
vn -0.588917 -0.215103 -0.779043
vn -0.573867 -0.282598 -0.768645
vn -0.580936 -0.212176 -0.785809
vn -0.557528 -0.350564 -0.752508
vn -0.786743 -0.068702 0.613446
vn -0.795644 -0.0156312 0.605562
vn -0.781141 -0.0689712 0.620533
vn -0.803475 0.0386731 0.594081
vn 0.59467 0.181119 0.783303
vn 0.828316 -0.153487 -0.538826
vn 0.542864 0.445828 0.711713
vn 0.531937 0.498465 0.684526
vn 0.835564 -0.191172 -0.515059
vn -0.539715 -0.469246 -0.698939
vn -0.530015 -0.518595 -0.670927
vn -0.823493 0.131089 0.551974
vn -0.830859 0.169918 0.529906
vn 0.845863 -0.249432 -0.471487
vn 0.525128 0.525858 0.669114
vn 0.518516 0.507142 0.688439
vn 0.850394 -0.269661 -0.451788
vn -0.523484 -0.545141 -0.654818
vn -0.518372 -0.524714 -0.675252
vn -0.842968 0.230522 0.486071
vn -0.847988 0.252395 0.466061
vn 0.856291 -0.311619 -0.411897
vn 0.515338 0.527158 0.675671
vn 0.506468 0.570352 0.646675
vn 0.85752 -0.333722 -0.391521
vn -0.515412 -0.542109 -0.663678
vn -0.507122 -0.581365 -0.636272
vn -0.855153 0.297959 0.424187
vn -0.856421 0.322705 0.402994
vn 0.861299 -0.413042 -0.295906
vn 0.510633 0.662379 0.548186
vn 0.513062 0.711861 0.479605
vn 0.857548 -0.46636 -0.217071
vn -0.510808 -0.669734 -0.53901
vn -0.513748 -0.717058 -0.471053
vn -0.861451 0.40562 0.305572
vn -0.858126 0.460946 0.226158
vn 0.847357 -0.514639 -0.130893
vn 0.516173 0.755354 0.40374
vn 0.516814 0.75655 0.400669
vn 0.849934 -0.51188 -0.124867
vn -0.517252 -0.761079 -0.39142
vn -0.517587 -0.764395 -0.384453
vn -0.848827 0.508868 0.143341
vn -0.85159 0.50475 0.141504
vn 0.856834 -0.465156 -0.222407
vn 0.514595 0.768401 0.380463
vn 0.511884 0.77852 0.363155
vn 0.852068 -0.411656 -0.323294
vn -0.51413 -0.780024 -0.356697
vn -0.50754 -0.79294 -0.337119
vn -0.856614 0.453508 0.246056
vn -0.848801 0.397368 0.348763
vn 0.830943 -0.347308 -0.434639
vn 0.514638 0.779136 0.357903
vn 0.516523 0.771886 0.370669
vn 0.829196 -0.333335 -0.448689
vn -0.507031 -0.797441 -0.327121
vn -0.507485 -0.791807 -0.339855
vn -0.823038 0.328387 0.463433
vn -0.822172 0.313403 0.475196
vn 0.82841 -0.31903 -0.460387
vn 0.524778 0.742987 0.415425
vn 0.528152 0.721629 0.447557
vn 0.831283 -0.315347 -0.45774
vn -0.523327 -0.745266 -0.413166
vn -0.532968 -0.700991 -0.473874
vn -0.826877 0.321447 0.461461
vn -0.835847 0.340056 0.430955
vn 0.830466 -0.315178 -0.459335
vn 0.536318 0.680825 0.498839
vn 0.539455 0.663077 0.518958
vn 0.829539 -0.313066 -0.462443
vn -0.540993 -0.649934 -0.533771
vn -0.541893 -0.646994 -0.536424
vn -0.835934 0.346536 0.425589
vn -0.832932 0.328685 0.445185
vn 0.718557 -0.368722 0.589677
vn 0.72268 -0.404547 0.560424
vn 0.714288 -0.370864 0.593509
vn 0.678291 0.550487 -0.486709
vn 0.675785 0.578105 -0.457285
vn 0.670909 0.605334 -0.428313
vn 0.726415 -0.439231 0.52858
vn -0.683695 -0.529201 0.502501
vn -0.678073 -0.560023 0.476016
vn -0.680336 -0.531708 0.50441
vn -0.67223 -0.589405 0.448004
vn -0.721659 0.387001 -0.573967
vn -0.726611 0.422513 -0.541774
vn -0.718908 0.390004 -0.575386
vn -0.730808 0.456256 -0.507691
vn 0.680185 0.549917 -0.484706
vn 0.737165 -0.491748 0.463434
vn 0.664808 0.647955 -0.371732
vn 0.659408 0.666181 -0.348402
vn 0.739269 -0.513697 0.435427
vn -0.666751 -0.632752 0.393787
vn -0.660601 -0.652795 0.370763
vn -0.740228 0.506191 -0.442529
vn -0.743161 0.526232 -0.413271
vn 0.748606 -0.546581 0.375284
vn 0.648593 0.722433 -0.239619
vn 0.632374 0.758859 -0.155679
vn 0.755058 -0.557653 0.344835
vn -0.651243 -0.712183 0.262063
vn -0.635062 -0.752197 0.175769
vn -0.751929 0.556401 -0.353582
vn -0.758974 0.564877 -0.323839
vn 0.76619 -0.572003 0.292856
vn 0.612851 0.787535 -0.0648313
vn 0.60893 0.790763 -0.0624427
vn 0.771935 -0.574646 0.271843
vn -0.615864 -0.78361 0.0816429
vn -0.611354 -0.787665 0.0763578
vn -0.769022 0.576749 -0.275619
vn -0.77433 0.577986 -0.257575
vn 0.765573 -0.561225 0.314523
vn 0.61774 0.778744 -0.109337
vn 0.627168 0.76249 -0.158961
vn 0.753386 -0.539476 0.376
vn -0.619449 -0.775843 0.119793
vn -0.628893 -0.759077 0.168212
vn -0.767664 0.56428 -0.303778
vn -0.755405 0.542804 -0.367052
vn 0.738704 -0.516644 0.432892
vn 0.634734 0.745578 -0.203044
vn 0.633637 0.747732 -0.198496
vn 0.744265 -0.51279 0.42792
vn -0.637236 -0.739983 0.215304
vn -0.636532 -0.740702 0.214915
vn -0.741803 0.522286 -0.420649
vn -0.74774 0.520531 -0.412229
vn 0.76294 -0.554912 0.331654
vn 0.633646 0.740702 -0.223281
vn 0.633932 0.731029 -0.252444
vn 0.772074 -0.590936 0.233871
vn -0.636487 -0.730473 0.247575
vn -0.634201 -0.720438 0.280638
vn -0.765569 0.564948 -0.307795
vn -0.771738 0.601336 -0.206918
vn 0.769971 -0.622028 0.142219
vn 0.634405 0.715814 -0.291787
vn 0.632054 0.712808 -0.303995
vn 0.773967 -0.616481 0.144662
vn -0.632383 -0.70305 0.325289
vn -0.629246 -0.699718 0.338296
vn -0.766255 0.633246 -0.108871
vn -0.771128 0.626727 -0.112135
vn 0.77837 -0.607704 0.157597
vn 0.630035 0.7208 -0.288969
vn 0.628397 0.73233 -0.262316
vn 0.781424 -0.601692 0.165355
vn -0.628956 -0.720737 0.291465
vn -0.627858 -0.743472 0.230311
vn -0.776726 0.609633 -0.158253
vn -0.780341 0.592299 -0.200624
vn 0.780383 -0.600921 0.172905
vn 0.626597 0.750747 -0.209178
vn 0.625441 0.758433 -0.183309
vn 0.780013 -0.602411 0.169353
vn -0.623836 -0.764082 0.164338
vn -0.624049 -0.764757 0.160339
vn -0.778361 0.58888 -0.217659
vn -0.779637 0.596073 -0.191999
vn -0.5158 0.485469 -0.705883
vn -0.469613 0.539492 -0.698865
vn -0.508903 0.483225 -0.712399
vn -0.547419 0.433553 0.715796
vn -0.596494 0.384576 0.704483
vn -0.639889 0.326022 0.695882
vn -0.422152 0.592195 -0.686362
vn 0.575081 -0.414276 -0.705448
vn 0.617141 -0.361809 -0.698736
vn 0.568342 -0.41133 -0.712597
vn 0.658689 -0.30725 -0.686823
vn 0.532079 -0.465856 0.707015
vn 0.486905 -0.515964 0.704773
vn 0.526609 -0.457465 0.716526
vn 0.439365 -0.566759 0.696952
vn -0.551953 0.442102 0.707032
vn -0.349786 0.684539 -0.639574
vn -0.720316 0.236777 0.651982
vn -0.753853 0.195768 0.627201
vn -0.316947 0.723327 -0.613468
vn 0.737106 -0.218052 -0.639631
vn 0.769001 -0.18032 -0.613289
vn 0.365157 -0.664044 0.652462
vn 0.33177 -0.703427 0.628585
vn -0.266818 0.783347 -0.561405
vn -0.768318 0.175292 0.615597
vn -0.748505 0.184443 0.636963
vn -0.247689 0.805691 -0.538063
vn 0.783075 -0.160702 -0.600807
vn 0.763017 -0.172482 -0.62294
vn 0.280627 -0.767446 0.576434
vn 0.260703 -0.791279 0.553092
vn -0.209206 0.846846 -0.488963
vn -0.759844 0.172265 0.626867
vn -0.788172 0.138475 0.599675
vn -0.18764 0.86567 -0.46412
vn 0.772473 -0.162268 -0.613966
vn 0.797927 -0.131639 -0.588203
vn 0.220064 -0.836274 0.502213
vn 0.196471 -0.856736 0.476868
vn -0.122144 0.925533 -0.358425
vn -0.861939 0.0844229 0.499935
vn -0.901504 0.054295 0.429352
vn -0.0771418 0.958689 -0.273797
vn 0.868113 -0.0795333 -0.489953
vn 0.905858 -0.0514693 -0.420443
vn 0.12847 -0.920461 0.369116
vn 0.0817066 -0.955506 0.28343
vn -0.0329694 0.983147 -0.179819
vn -0.936236 0.0281398 0.350244
vn -0.937774 0.0276283 0.346144
vn -0.0372197 0.984276 -0.172673
vn 0.940686 -0.0254273 -0.338325
vn 0.943438 -0.0234973 -0.330715
vn 0.0376815 -0.980681 0.191952
vn 0.0427039 -0.981134 0.188556
vn -0.0734697 0.959962 -0.270323
vn -0.946252 0.017236 0.322971
vn -0.952755 0.00784814 0.303639
vn -0.10931 0.921812 -0.371904
vn 0.953971 -0.0095619 -0.299748
vn 0.960654 0.00493715 -0.277705
vn 0.0812818 -0.952503 0.293482
vn 0.117508 -0.910128 0.397315
vn -0.143758 0.863434 -0.483544
vn -0.956052 0.00685656 0.293118
vn -0.952678 0.00909078 0.303844
vn -0.152011 0.85375 -0.497999
vn 0.964968 0.011137 -0.262132
vn 0.961677 0.0110339 -0.273963
vn 0.152946 -0.845076 0.512302
vn 0.162822 -0.834899 0.525769
vn -0.160369 0.845862 -0.508723
vn -0.933579 0.0382907 0.35632
vn -0.914921 0.0611885 0.398968
vn -0.164063 0.847611 -0.504618
vn 0.940126 -0.026878 -0.339766
vn 0.916043 -0.0596157 -0.396625
vn 0.166393 -0.835338 0.523951
vn 0.164922 -0.846546 0.506124
vn -0.167866 0.842861 -0.511279
vn -0.886897 0.0970752 0.451652
vn -0.879193 0.106371 0.464441
vn -0.173834 0.835692 -0.520961
vn 0.882805 -0.10186 -0.458563
vn 0.876898 -0.108975 -0.468162
vn 0.164021 -0.847664 0.504543
vn 0.171686 -0.838435 0.517254
vn -0.24421 0.812912 0.528711
vn -0.222819 0.836833 0.500062
vn -0.240218 0.811653 0.53246
vn -0.855419 0.0723882 -0.512853
vn -0.875928 0.0511803 -0.479719
vn -0.894041 0.0280934 -0.447104
vn -0.201909 0.859745 0.469118
vn 0.842687 -0.0916661 0.530543
vn 0.863378 -0.0650163 0.500351
vn 0.842079 -0.0865838 0.532359
vn 0.882636 -0.0395659 0.468389
vn 0.232223 -0.827353 -0.511429
vn 0.211877 -0.851453 -0.479724
vn 0.228874 -0.827546 -0.512626
vn 0.192179 -0.873905 -0.446494
vn -0.856675 0.0748301 -0.510401
vn -0.173581 0.8969 0.406744
vn -0.923449 -0.00569423 -0.383678
vn -0.933659 -0.0221119 -0.357479
vn -0.160501 0.910812 0.380343
vn 0.913131 -0.00569838 0.407626
vn 0.924234 0.0125286 0.381621
vn 0.16483 -0.908431 -0.384166
vn 0.153904 -0.921527 -0.356513
vn -0.144828 0.935035 0.323628
vn -0.968129 -0.065518 -0.24173
vn -0.983142 -0.0994299 -0.153449
vn -0.142202 0.944923 0.294787
vn 0.962261 0.0570938 0.266071
vn 0.98011 0.0934503 0.175076
vn 0.13985 -0.94356 -0.300228
vn 0.139675 -0.952043 -0.272223
vn -0.140493 0.958842 0.246746
vn -0.989809 -0.129835 -0.0584814
vn -0.989239 -0.13512 -0.0561047
vn -0.143064 0.963121 0.227884
vn 0.989129 0.125419 0.0767752
vn 0.988737 0.131513 0.0714373
vn 0.139024 -0.963694 -0.227963
vn 0.142332 -0.966819 -0.212138
vn -0.14832 0.949795 0.275483
vn -0.986966 -0.122062 -0.104874
vn -0.982041 -0.105594 -0.156351
vn -0.155273 0.927636 0.339679
vn 0.986057 0.119029 0.116295
vn 0.980803 0.102244 0.166046
vn 0.147605 -0.953247 -0.26369
vn 0.154354 -0.931169 -0.330301
vn -0.160909 0.903151 0.398029
vn -0.975346 -0.0898668 -0.201553
vn -0.976209 -0.0921929 -0.196258
vn -0.167387 0.904765 0.39164
vn 0.973258 0.0848807 0.213457
vn 0.973468 0.0862528 0.211947
vn 0.159218 -0.908628 -0.386062
vn 0.164602 -0.911656 -0.37655
vn -0.150528 0.945126 0.289961
vn -0.971582 -0.0891359 -0.219277
vn -0.965285 -0.0838613 -0.24737
vn -0.131381 0.97329 0.188268
vn 0.966554 0.0812986 0.243236
vn 0.958054 0.0776976 0.275854
vn 0.145511 -0.952811 -0.266418
vn 0.123955 -0.979115 -0.161151
vn -0.106855 0.99012 0.0908021
vn -0.955672 -0.0752434 -0.284657
vn -0.952172 -0.0764519 -0.295843
vn -0.111241 0.989496 0.0923164
vn 0.94526 0.0693906 0.318854
vn 0.941186 0.0715149 0.330235
vn 0.0965467 -0.993675 -0.0573429
vn 0.101452 -0.993123 -0.0584267
vn -0.120446 0.986213 0.113478
vn -0.958337 -0.0842969 -0.272918
vn -0.966524 -0.093232 -0.239039
vn -0.128478 0.982993 0.131215
vn 0.952812 0.0815057 0.292413
vn 0.965815 0.0926411 0.242114
vn 0.115119 -0.988836 -0.0946134
vn 0.128064 -0.983342 -0.128988
vn -0.129793 0.981852 0.138276
vn -0.97687 -0.102964 -0.187415
vn -0.979704 -0.105751 -0.170283
vn -0.127718 0.983883 0.125148
vn 0.978389 0.104634 0.178343
vn 0.980456 0.106642 0.165328
vn 0.131433 -0.980347 -0.147122
vn 0.128623 -0.983123 -0.130096
vn -0.397638 0.914178 -0.0785015
vn -0.626272 0.742333 -0.238171
vn -0.761958 0.620507 -0.185447
vn -0.681572 0.626631 -0.37788
vn -0.593882 0.666101 -0.451236
vn -0.72371 0.542638 -0.426366
vn -0.732622 0.531077 -0.425702
vn -0.686208 0.578558 -0.440896
vn -0.607873 0.695578 -0.382964
vn -0.582119 0.427684 -0.691537
vn -0.457494 0.554824 -0.694889
vn -0.310061 0.668935 -0.675565
vn -0.228657 0.220477 -0.948212
vn -0.193185 0.261419 -0.945695
vn -0.073236 0.636246 -0.768002
vn -0.213991 0.195003 -0.957174
vn -0.244727 0.162058 -0.955953
vn -0.191618 -0.10287 -0.976064
vn -0.306216 -0.174526 -0.935827
vn -0.23981 0.503336 -0.830147
vn -0.239809 0.503336 -0.830147
vn -0.428517 -0.775664 -0.463377
vn -0.574895 -0.759865 -0.303482
vn -0.495819 -0.82017 -0.285453
vn -0.607945 -0.777347 -0.161659
vn -0.495673 -0.864803 -0.080151
vn -0.639436 -0.765263 -0.074126
vn -0.686574 -0.708039 -0.165216
vn -0.671699 -0.724863 -0.152953
vn -0.669244 -0.712477 -0.210922
vn -0.62699 -0.716331 -0.306191
vn -0.656666 -0.684815 -0.31594
vn -0.655249 -0.718974 -0.23179
vn -0.803016 -0.472574 -0.363096
vn -0.845757 -0.529853 -0.0628568
vn -0.800932 -0.570085 0.183064
vn -0.896748 -0.302046 -0.323437
vn -0.850943 -0.247527 0.463278
vn -0.819761 -0.300075 0.487798
vn -0.819965 -0.570283 -0.0493402
vn -0.784767 -0.351679 0.510355
vn -0.84506 -0.25802 0.468294
vn 0.838337 0.443865 -0.316504
vn 0.667405 0.556927 -0.494371
vn 0.746898 0.499264 -0.439181
vn 0.625301 0.538601 -0.564719
vn 0.627705 0.503368 -0.593808
vn 0.65554 0.545997 -0.521684
vn 0.578134 0.434744 -0.690477
vn 0.694953 0.363571 -0.620368
vn 0.805091 0.286753 -0.519231
vn 0.562433 0.0801045 -0.822953
vn 0.714414 -0.0115494 -0.699627
vn 0.823257 -0.0894783 -0.560573
vn 0.712212 -0.256567 -0.653397
vn 0.850308 -0.262295 -0.456264
vn 0.916333 -0.263939 -0.301114
vn 0.971141 -0.191817 -0.141746
vn 0.988041 -0.144729 -0.0531911
vn 0.993515 -0.108103 0.0352329
vn 0.976688 0.075082 0.201105
vn -0.922238 0.214442 -0.3217
vn -0.867698 0.46338 -0.179942
vn -0.804181 0.592686 0.0449005
vn -0.886058 0.435968 0.157585
vn -0.680665 0.686022 0.257037
vn -0.630259 0.776379 -0.00311088
vn -0.592059 0.798702 0.107429
vn -0.576639 0.813264 0.0780326
vn -0.626631 0.776532 0.0658111
vn -0.583276 0.807681 0.0862545
vn -0.502096 0.834491 0.226988
vn -0.391526 0.90925 0.141319
vn -0.332603 0.922826 0.194339
vn -0.312147 0.941551 0.126673
vn -0.413209 0.910515 0.0148263
vn -0.453412 0.889547 -0.0558908
vn -0.491671 0.865313 -0.0974341
vn -0.492303 0.86197 -0.121021
vn -0.362888 0.921349 0.139382
vn -0.464351 0.865461 -0.18803
vn -0.597951 0.741252 -0.30496
vn -0.424727 0.821209 -0.381082
vn -0.3113 0.876719 -0.366683
vn -0.424528 0.77191 -0.473214
vn -0.416388 0.764733 -0.491736
vn -0.389246 0.800073 -0.456476
vn -0.414667 0.840954 -0.34763
vn -0.0837145 0.809935 -0.580515
vn -0.0634741 0.904295 -0.422162
vn -0.0496442 0.95875 -0.279882
vn 0.338316 0.839166 -0.425843
vn 0.32608 0.87288 -0.362976
vn 0.424449 0.825465 -0.372088
vn 0.261514 0.869754 -0.418495
vn 0.507461 0.704686 -0.495884
vn 0.529313 0.621565 -0.577482
vn -0.116004 0.929482 -0.350151
vn -0.116005 0.929481 -0.350153
vn -0.172849 -0.732238 -0.658749
vn -0.362113 -0.693491 -0.622851
vn -0.321029 -0.769482 -0.552121
vn -0.464392 -0.705255 -0.535682
vn -0.440632 -0.815478 -0.375285
vn -0.544503 -0.685555 -0.483251
vn -0.483607 -0.589417 -0.647079
vn -0.478853 -0.602882 -0.638148
vn -0.427249 -0.590975 -0.684257
vn -0.272539 -0.575406 -0.771123
vn -0.266149 -0.523595 -0.809328
vn -0.330901 -0.532555 -0.779031
vn -0.167708 -0.231006 -0.958389
vn -0.432785 -0.220616 -0.874086
vn -0.626666 -0.222023 -0.746991
vn -0.105845 0.01481 -0.994272
vn -0.705063 0.241691 -0.666687
vn -0.684654 0.111661 -0.720265
vn -0.76441 0.135482 -0.630334
vn -0.652133 0.320121 -0.687201
vn 0.826752 0.361363 0.431159
vn 0.807074 0.529901 0.260454
vn 0.840898 0.457471 0.289156
vn 0.821492 0.533577 0.201114
vn 0.855891 0.507211 0.100936
vn 0.804288 0.525151 0.278098
vn 0.863478 0.457699 0.211936
vn 0.870432 0.345215 0.350963
vn 0.840405 0.210027 0.499608
vn 0.952329 0.13012 0.275932
vn 0.89583 -0.0451651 0.442095
vn 0.781596 -0.223983 0.582185
vn 0.757357 -0.355264 0.547903
vn 0.545009 -0.479149 0.688027
vn 0.341249 -0.567519 0.749314
vn 0.287032 -0.583049 0.760044
vn 0.198309 -0.601158 0.774133
vn 0.104384 -0.642453 0.759182
vn -0.525081 -0.441796 0.727397
vn -0.525082 -0.4418 0.727394
vn -0.525082 -0.441805 0.727391
vn -0.626535 0.379702 -0.680647
vn -0.642894 0.590653 -0.487663
vn -0.715292 0.65729 -0.237335
vn -0.85135 0.481852 -0.207416
vn -0.737306 0.67553 -0.0062888
vn -0.539274 0.827516 -0.156205
vn -0.573274 0.817872 -0.0494162
vn -0.527535 0.847122 -0.0639645
vn -0.538083 0.829009 -0.152352
vn -0.540704 0.835136 -0.100935
vn -0.623074 0.781648 0.0283755
vn -0.468701 0.87669 0.108324
vn -0.478783 0.854441 0.201736
vn -0.395946 0.89397 0.209866
vn -0.331478 0.938662 0.0950582
vn -0.272529 0.961398 0.037977
vn -0.243387 0.969908 -0.00638545
vn -0.21444 0.976686 -0.00997552
vn -0.514542 -0.857424 -0.00842171
vn -0.249328 -0.953247 -0.170753
vn -0.0509121 -0.989906 -0.132262
vn -0.129369 -0.940031 -0.315605
vn -0.213498 -0.893953 -0.394039
vn -0.0388972 -0.929156 -0.367636
vn -0.0295626 -0.93304 -0.358557
vn -0.0961376 -0.924252 -0.36948
vn -0.234545 -0.923893 -0.302342
vn -0.0561373 -0.77884 -0.624706
vn -0.2336 -0.750149 -0.618634
vn -0.413574 -0.692552 -0.591039
vn -0.115128 -0.402547 -0.908131
vn -0.170343 -0.397102 -0.901828
vn -0.53442 -0.48693 -0.690865
vn -0.109177 -0.379081 -0.9189
vn -0.0652241 -0.38626 -0.920081
vn 0.123703 -0.200414 -0.97187
vn 0.249628 -0.251649 -0.935072
vn -0.342381 -0.555413 -0.757821
vn -0.342379 -0.555415 -0.75782
vn 0.924019 0.185874 -0.334127
vn 0.984295 0.0500798 -0.169276
vn 0.977646 0.145314 -0.151964
vn 0.999508 0.0229732 -0.0213356
vn 0.986175 0.154524 0.0598459
vn 0.997333 -0.0173821 0.0708921
vn 0.996882 -0.0779476 -0.0122376
vn 0.998365 -0.0559763 0.0116
vn 0.997853 -0.0524001 -0.0392949
vn 0.994609 0.00323657 -0.103648
vn 0.993145 -0.0387456 -0.110282
vn 0.99945 -0.0323567 -0.00723899
vn 0.951631 -0.259794 -0.164027
vn 0.939566 -0.310238 0.144803
vn 0.865784 -0.297632 0.402286
vn 0.894861 -0.4233 -0.141563
vn 0.59118 -0.57225 0.568362
vn 0.596906 -0.520858 0.610254
vn 0.946464 -0.256629 0.195825
vn 0.599998 -0.466854 0.649653
vn 0.593657 -0.553069 0.584539
vn -0.875738 0.426452 -0.226321
vn -0.873875 0.239822 -0.42288
vn -0.871414 0.331053 -0.361998
vn -0.838921 0.224117 -0.495967
vn -0.810727 0.249873 -0.529419
vn -0.861799 0.237545 -0.448192
vn -0.74204 0.268293 -0.614326
vn -0.753856 0.395362 -0.524776
vn -0.755209 0.514596 -0.406017
vn -0.474673 0.499999 -0.724352
vn -0.488579 0.658964 -0.571889
vn -0.485484 0.771878 -0.410498
vn -0.305535 0.80939 -0.501535
vn -0.37196 0.886653 -0.274757
vn -0.400189 0.910635 -0.102917
vn -0.35739 0.928563 -0.100215
vn -0.525261 0.833266 0.172533
vn -0.548393 0.7937 0.263259
vn -0.664733 0.614321 0.425136
vn -0.664729 0.614323 0.425139
vn 0.399441 -0.873693 -0.277682
vn 0.160072 -0.97624 -0.146054
vn 0.00468851 -0.997578 0.0694015
vn 0.171723 -0.966689 0.1898
vn -0.160463 -0.948787 0.272131
vn -0.243245 -0.969946 0.00607546
vn -0.291835 -0.949756 0.113116
vn -0.308898 -0.947421 0.0835167
vn -0.2511 -0.964725 0.0790901
vn -0.304405 -0.948104 0.0918507
vn -0.391732 -0.893244 0.220595
vn -0.503715 -0.855533 0.119727
vn -0.554274 -0.815946 0.164355
vn -0.571071 -0.815452 0.0944214
vn -0.467358 -0.884044 -0.00646311
vn -0.41605 -0.906724 -0.0689538
vn -0.366489 -0.924643 -0.10354
vn -0.359415 -0.924583 -0.126366
vn -0.432816 -0.895487 0.103797
vn -0.288404 -0.934907 -0.206815
vn -0.0949851 -0.94893 -0.300848
vn -0.262463 -0.879316 -0.397387
vn -0.380317 -0.835582 -0.396435
vn -0.216213 -0.84685 -0.485898
vn -0.213083 -0.836099 -0.505504
vn -0.263227 -0.838744 -0.476676
vn -0.29542 -0.881735 -0.367792
vn -0.449252 -0.621203 -0.642089
vn -0.557373 -0.660745 -0.502745
vn -0.633217 -0.679214 -0.371086
vn -0.764585 -0.299529 -0.570695
vn -0.792806 -0.32276 -0.516996
vn -0.814632 -0.212329 -0.539713
vn -0.745621 -0.34689 -0.568962
vn -0.722838 -0.321789 -0.611521
vn -0.67713 0.00167173 -0.735861
vn -0.593889 -0.661746 -0.457589
vn -0.593891 -0.661746 -0.457587
vn 0.713366 0.368776 -0.595914
vn 0.814917 0.205575 -0.541894
vn 0.831019 0.289203 -0.475152
vn 0.885187 0.141319 -0.443252
vn 0.927775 0.238036 -0.287354
vn 0.920821 0.0712362 -0.383424
vn 0.836682 0.0444731 -0.54588
vn 0.843586 0.0575083 -0.533906
vn 0.807354 0.0856761 -0.583814
vn 0.713535 0.182352 -0.676473
vn 0.680109 0.149825 -0.717638
vn 0.728558 0.109049 -0.676248
vn 0.441561 0.0125719 -0.897143
vn 0.600885 -0.185237 -0.777576
vn 0.712846 -0.322069 -0.622994
vn 0.239637 -0.11394 -0.964153
vn 0.429164 -0.695601 -0.576157
vn 0.517061 -0.592603 -0.617632
vn 0.538509 -0.6637 -0.519143
vn 0.34907 -0.711131 -0.610281
vn -0.870613 0.356649 0.338873
vn -0.962651 0.223892 0.152234
vn -0.935299 0.298262 0.190411
vn -0.968967 0.230855 0.08837
vn -0.96238 0.271705 -0.00126097
vn -0.960509 0.22529 0.1633
vn -0.945676 0.315857 0.0770098
vn -0.888608 0.402381 0.220151
vn -0.794122 0.475874 0.378039
vn -0.781784 0.611184 0.123563
vn -0.646745 0.695676 0.312659
vn -0.471576 0.737927 0.482783
vn -0.365323 0.814461 0.450769
vn -0.167239 0.748706 0.641459
vn 0.0117891 0.663292 0.748267
vn 0.0544853 0.639858 0.76656
vn 0.121832 0.585499 0.801466
vn 0.214836 0.542983 0.811797
vn 0.468556 -0.0758876 0.880169
vn 0.46855 -0.0758909 0.880171
vn 0.468544 -0.0758942 0.880174
vn 0.226109 -0.729406 -0.645633
vn 0.065816 -0.88267 -0.465362
vn 0.0385868 -0.975694 -0.215713
vn 0.254095 -0.953377 -0.162815
vn 0.011616 -0.999766 0.0182533
vn -0.214715 -0.962727 -0.16448
vn -0.198011 -0.978662 -0.0548764
vn -0.246228 -0.966208 -0.0762454
vn -0.214608 -0.963126 -0.162268
vn -0.228423 -0.967031 -0.11258
vn -0.160388 -0.986562 0.0311557
vn -0.344066 -0.935961 0.0748001
vn -0.33854 -0.925975 0.167216
vn -0.423116 -0.892498 0.156271
vn -0.478675 -0.877655 0.02433
vn -0.523064 -0.851097 -0.0451344
vn -0.540186 -0.836094 -0.0956358
vn -0.567632 -0.816334 -0.106738
vn 0.906319 0.334238 -0.258592
vn 0.719457 0.571605 -0.394524
vn 0.647592 0.704342 -0.290734
vn 0.58125 0.631998 -0.51257
vn 0.609137 0.542059 -0.578898
vn 0.490545 0.67825 -0.547122
vn 0.462709 0.688932 -0.557919
vn 0.500895 0.638389 -0.584434
vn 0.620785 0.55323 -0.555484
vn 0.26249 0.53928 -0.800173
vn 0.374138 0.408491 -0.83256
vn 0.477022 0.257944 -0.840187
vn -0.0426419 0.189846 -0.980888
vn -0.00555467 0.153093 -0.988196
vn 0.401394 0.0265594 -0.91552
vn -0.0701059 0.178378 -0.981461
vn -0.100534 0.210632 -0.972382
vn -0.367813 0.162865 -0.915526
vn -0.422956 0.281504 -0.861315
vn 0.270964 0.200237 -0.941533
vn 0.270964 0.200237 -0.941533
vn -0.701255 0.516277 -0.491629
vn -0.670291 0.662022 -0.335318
vn -0.741607 0.591671 -0.316141
vn -0.687105 0.699646 -0.195915
vn -0.79148 0.600721 -0.112665
vn -0.673374 0.731053 -0.110135
vn -0.606078 0.768791 -0.204036
vn -0.624447 0.756546 -0.194175
vn -0.609558 0.751097 -0.253559
vn -0.612017 0.707308 -0.353765
vn -0.575402 0.731776 -0.365262
vn -0.612374 0.737026 -0.285992
vn -0.336276 0.845853 -0.414067
vn -0.40249 0.907366 -0.121195
vn -0.461771 0.878882 0.119724
vn -0.14834 0.91571 -0.373457
vn -0.14655 0.898151 0.414546
vn -0.204565 0.876338 0.436102
vn -0.44218 0.889547 -0.114821
vn -0.262134 0.850541 0.455924
vn -0.153667 0.895695 0.417273
vn 0.328429 -0.847037 -0.417927
vn 0.44297 -0.669118 -0.596707
vn 0.383236 -0.750929 -0.537807
vn 0.423182 -0.617092 -0.663411
vn 0.387261 -0.620288 -0.682108
vn 0.431641 -0.648897 -0.626592
vn 0.308955 -0.536278 -0.785464
vn 0.23439 -0.650627 -0.722319
vn 0.160669 -0.759369 -0.630511
vn -0.0598835 -0.461355 -0.885193
vn -0.147483 -0.618631 -0.771715
vn -0.214055 -0.73528 -0.643073
vn -0.381694 -0.60262 -0.700828
vn -0.370201 -0.765525 -0.526235
vn -0.354949 -0.851342 -0.3863
vn -0.26487 -0.930563 -0.252778
vn -0.207758 -0.961936 -0.177525
vn -0.160295 -0.981979 -0.100115
vn 0.0419591 -0.99861 0.0318826
vn 0.282103 0.892297 -0.352453
vn 0.532061 0.814129 -0.232606
vn 0.671375 0.740864 -0.019395
vn 0.5335 0.83862 0.109971
vn 0.769679 0.610534 0.18666
vn 0.83005 0.54984 -0.0932398
vn 0.858853 0.512064 0.0127294
vn 0.868402 0.495458 -0.0199886
vn 0.832611 0.55162 -0.0497329
vn 0.861781 0.505988 -0.0361892
vn 0.899108 0.426667 0.0977752
vn 0.948992 0.314762 -0.0184148
vn 0.965652 0.2582 0.0291455
vn 0.970705 0.235821 -0.0460484
vn 0.922472 0.339882 -0.1831
vn 0.890286 0.378764 -0.252842
vn 0.859624 0.41724 -0.294885
vn 0.844216 0.4171 -0.336641
vn 0.989249 0.122834 0.0793599
vn 0.929869 0.311359 -0.195958
vn 0.831815 0.492112 -0.256729
vn 0.863196 0.333484 -0.379054
vn 0.890019 0.214094 -0.40253
vn 0.80756 0.369345 -0.459817
vn 0.797382 0.372792 -0.47456
vn 0.829265 0.324723 -0.454836
vn 0.891975 0.289944 -0.346862
vn 0.732951 0.10628 -0.671928
vn 0.826066 0.000510962 -0.563573
vn 0.887692 -0.094573 -0.450621
vn 0.592543 -0.330329 -0.734694
vn 0.624002 -0.357885 -0.69465
vn 0.851869 -0.31635 -0.417423
vn 0.597323 -0.314005 -0.737974
vn 0.562872 -0.293085 -0.772837
vn 0.326283 -0.43383 -0.83984
vn 0.253351 -0.33178 -0.9087
vn 0.816698 -0.116355 -0.565213
vn 0.816699 -0.116356 -0.565212
vn -0.721323 0.47161 -0.507225
vn -0.64314 0.640458 -0.419743
vn -0.717305 0.593619 -0.364815
vn -0.626555 0.717876 -0.303451
vn -0.723544 0.670537 -0.163905
vn -0.587838 0.774942 -0.232187
vn -0.52983 0.758679 -0.379059
vn -0.545537 0.755407 -0.362975
vn -0.551364 0.722208 -0.417629
vn -0.588267 0.627551 -0.510021
vn -0.547114 0.631817 -0.549065
vn -0.541619 0.68494 -0.487346
vn -0.319866 0.59153 -0.74012
vn -0.242456 0.796226 -0.554292
vn -0.186387 0.917044 -0.352547
vn -0.115732 0.546561 -0.829383
vn 0.267543 0.911375 -0.312757
vn 0.13165 0.930769 -0.341082
vn 0.181678 0.956508 -0.228221
vn 0.307742 0.883949 -0.352037
vn 0.197545 -0.962709 0.184846
vn 0.352871 -0.935542 -0.0155704
vn 0.276987 -0.960302 0.0331318
vn 0.348134 -0.933532 -0.0855629
vn 0.30845 -0.937862 -0.158974
vn 0.350921 -0.93626 -0.0165043
vn 0.262354 -0.955508 -0.134811
vn 0.164454 -0.986382 0.00225781
vn 0.0606949 -0.985067 0.161121
vn -0.0751887 -0.986974 -0.142228
vn -0.208611 -0.976151 0.0600919
vn -0.323693 -0.911294 0.254494
vn -0.449655 -0.870548 0.199892
vn -0.487417 -0.750137 0.4469
vn -0.502281 -0.612827 0.610047
vn -0.515972 -0.582003 0.628527
vn -0.499348 -0.514315 0.697231
vn -0.509251 -0.425754 0.747928
vn -0.0899317 0.0191476 0.995764
vn -0.0899252 0.0191429 0.995765
vn -0.0899186 0.0191382 0.995765
vn 0.461211 0.691447 -0.556044
vn 0.683101 0.617741 -0.389575
vn 0.784677 0.603257 -0.142698
vn 0.650113 0.75724 -0.0627738
vn 0.830721 0.549084 0.0917035
vn 0.915637 0.380167 -0.130695
vn 0.924207 0.381509 -0.017089
vn 0.938086 0.343556 -0.0443208
vn 0.914772 0.387404 -0.114498
vn 0.929701 0.361667 -0.0696597
vn 0.920384 0.380697 0.0892347
vn 0.975827 0.203729 0.0790951
vn 0.970172 0.178562 0.16396
vn 0.98684 0.102587 0.124992
vn 0.99506 0.0967047 -0.0224559
vn 0.991653 0.0733424 -0.106041
vn 0.984162 0.0702444 -0.16276
vn 0.981444 0.0418207 -0.187135
vn -0.75341 0.633213 -0.177245
vn -0.875901 0.362605 -0.3183
vn -0.951651 0.207026 -0.22694
vn -0.868212 0.22039 -0.444563
vn -0.805799 0.289404 -0.516655
vn -0.866525 0.121245 -0.484185
vn -0.866516 0.0999689 -0.489037
vn -0.843708 0.160539 -0.512235
vn -0.825894 0.306678 -0.473126
vn -0.664956 0.0275824 -0.746373
vn -0.607145 0.192749 -0.770858
vn -0.524534 0.359793 -0.771631
vn -0.234354 -0.0491738 -0.970907
vn -0.220522 0.00226769 -0.975379
vn -0.290569 0.41617 -0.86161
vn -0.20945 -0.0671759 -0.975509
vn -0.222922 -0.109433 -0.968674
vn -0.0561734 -0.326004 -0.943698
vn -0.130607 -0.43414 -0.891328
vn -0.378406 0.218088 -0.899581
vn -0.378408 0.218087 -0.899581
vn -0.0284228 -0.92783 -0.371919
vn -0.172142 -0.962812 -0.208231
vn -0.0769181 -0.978677 -0.190459
vn -0.199733 -0.977911 -0.061613
vn -0.0662334 -0.997603 0.0200592
vn -0.237057 -0.971045 0.0295858
vn -0.298354 -0.952783 -0.0564811
vn -0.277257 -0.960127 -0.0358538
vn -0.275552 -0.957156 -0.0890172
vn -0.224667 -0.960583 -0.163722
vn -0.265177 -0.948881 -0.171192
vn -0.256647 -0.96376 -0.0728
vn -0.476975 -0.849459 -0.225643
vn -0.513404 -0.853987 0.0844005
vn -0.475485 -0.810636 0.341735
vn -0.627744 -0.752146 -0.200533
vn -0.677151 -0.495939 0.543609
vn -0.627271 -0.518584 0.581035
vn -0.464797 -0.876683 0.124061
vn -0.57431 -0.539061 0.616102
vn -0.660723 -0.503792 0.556452
vn 0.579 0.741606 -0.338791
vn 0.383931 0.752894 -0.534553
vn 0.478103 0.741827 -0.470223
vn 0.356349 0.712218 -0.604782
vn 0.378567 0.681041 -0.626794
vn 0.374437 0.736088 -0.563889
vn 0.366063 0.583211 -0.725164
vn 0.495973 0.580087 -0.64615
vn 0.616082 0.573761 -0.539668
vn 0.522478 0.246328 -0.816296
vn 0.689015 0.253939 -0.678803
vn 0.807045 0.256753 -0.531748
vn 0.801493 0.0556658 -0.595408
vn 0.906723 0.147877 -0.394949
vn 0.94923 0.202981 -0.240335
vn 0.960211 0.157917 -0.23034
vn 0.921847 0.387456 -0.00866248
vn 0.897551 0.434932 0.0723574
vn 0.765332 0.610016 0.205299
vn 0.765332 0.610015 0.205299
vn -0.925009 -0.235842 -0.297888
vn -0.982469 0.0237931 -0.184903
vn -0.981283 0.191507 0.020202
vn -0.987547 0.0293986 0.154551
vn -0.908804 0.356413 0.2169
vn -0.903832 0.422896 -0.0651729
vn -0.880129 0.473217 0.0379158
vn -0.873471 0.486839 0.00599723
vn -0.903273 0.428903 -0.0118311
vn -0.877784 0.479029 -0.00511848
vn -0.816285 0.565683 0.11697
vn -0.757737 0.652503 -0.00863739
vn -0.714604 0.69883 0.0312668
vn -0.706643 0.706203 -0.0439588
vn -0.786695 0.595634 -0.162266
vn -0.811338 0.540589 -0.222474
vn -0.833725 0.489144 -0.256206
vn -0.831569 0.472129 -0.292555
vn -0.790044 0.609788 0.0631683
vn -0.879766 0.42751 -0.207959
vn -0.937281 0.228772 -0.262999
vn -0.847636 0.360469 -0.389327
vn -0.783187 0.463456 -0.414521
vn -0.833102 0.293724 -0.468687
vn -0.827816 0.283261 -0.484235
vn -0.81624 0.340681 -0.466572
vn -0.835741 0.413951 -0.360807
vn -0.592683 0.418169 -0.688376
vn -0.583021 0.562406 -0.586332
vn -0.55846 0.677968 -0.477997
vn -0.179938 0.620138 -0.763578
vn -0.181849 0.662961 -0.726233
vn -0.374549 0.809777 -0.451635
vn -0.189414 0.610545 -0.768997
vn -0.180233 0.569831 -0.801754
vn 0.0835326 0.494802 -0.864982
vn 0.061563 0.368073 -0.927756
vn -0.481692 0.63981 -0.598845
vn -0.481692 0.63981 -0.598845
vn 0.182103 -0.853831 -0.487659
vn 0.00765358 -0.917547 -0.397553
vn 0.0933312 -0.934484 -0.343554
vn -0.0587585 -0.958315 -0.279608
vn 0.043405 -0.989006 -0.141363
vn -0.12663 -0.970058 -0.207249
vn -0.156589 -0.922749 -0.352156
vn -0.143215 -0.931368 -0.334727
vn -0.115605 -0.913971 -0.388962
vn -0.0233721 -0.878103 -0.4779
vn -0.0559986 -0.854192 -0.516934
vn -0.0983977 -0.886226 -0.452682
vn -0.189843 -0.677833 -0.710283
vn -0.390136 -0.759801 -0.520092
vn -0.516618 -0.79628 -0.314713
vn -0.30303 -0.510859 -0.804485
vn -0.833005 -0.471843 -0.288906
vn -0.750717 -0.58266 -0.311338
vn -0.804499 -0.559695 -0.198804
vn -0.841565 -0.428169 -0.329301
vn 0.535933 0.827561 0.16709
vn 0.406689 0.912796 -0.0375012
vn 0.477928 0.87829 0.0138431
vn 0.408614 0.906295 -0.107997
vn 0.440178 0.880022 -0.178341
vn 0.408124 0.912058 -0.039809
vn 0.485287 0.859446 -0.160776
vn 0.57643 0.81683 -0.0227133
vn 0.648381 0.748865 0.137126
vn 0.747544 0.642815 -0.167232
vn 0.834379 0.549797 0.039179
vn 0.869785 0.432553 0.237427
vn 0.931271 0.313649 0.18536
vn 0.872822 0.214793 0.43823
vn 0.786549 0.116959 0.606351
vn 0.775165 0.0857882 0.625907
vn 0.714853 0.0538828 0.697196
vn 0.659176 -0.0123688 0.751887
vn 0.0468354 -0.0094317 0.998858
vn 0.0468354 -0.00943172 0.998858
vn 0.0468354 -0.00943173 0.998858
vn -0.814212 -0.180479 -0.551803
vn -0.919945 0.0315753 -0.390773
vn -0.981932 0.119593 -0.146654
vn -0.994729 -0.0823571 -0.061091
vn -0.976532 0.197303 0.0863549
vn -0.917609 0.370809 -0.143161
vn -0.924803 0.379237 -0.0303187
vn -0.908058 0.414671 -0.0589806
vn -0.921792 0.36539 -0.129574
vn -0.913898 0.396501 -0.0870429
vn -0.920522 0.384123 0.0713293
vn -0.834895 0.548076 0.0506266
vn -0.813649 0.565972 0.132861
vn -0.771896 0.629453 0.0892546
vn -0.771589 0.632999 -0.062944
vn -0.752031 0.642342 -0.147808
vn -0.743877 0.636036 -0.205198
vn -0.719635 0.654081 -0.233031
vn 0.266242 0.894939 -0.35805
vn -0.693128 0.434779 0.574927
vn -0.676093 0.43761 0.592786
vn 0.249961 0.892731 -0.3749
vn 0.693192 -0.43475 -0.574871
vn 0.677325 -0.437417 -0.591522
vn -0.265826 -0.894878 0.35851
vn -0.248907 -0.892557 0.376014
vn 0.23967 0.890801 -0.386048
vn -0.662121 0.439307 0.607129
vn -0.664987 0.439601 0.603775
vn 0.244624 0.892027 -0.380062
vn 0.666682 -0.438581 -0.602646
vn 0.672182 -0.438422 -0.596622
vn -0.235121 -0.890039 0.390574
vn -0.237799 -0.890964 0.386825
vn 0.250961 0.892962 -0.373681
vn -0.667734 0.439135 0.601076
vn -0.667217 0.439223 0.601585
vn 0.251547 0.893101 -0.372954
vn 0.678297 -0.437416 -0.590407
vn 0.678942 -0.437395 -0.589681
vn -0.240364 -0.891357 0.384329
vn -0.239846 -0.891278 0.384833
vn 0.247254 0.89246 -0.377333
vn -0.661107 0.440108 0.607653
vn -0.655399 0.441038 0.613138
vn 0.242267 0.89168 -0.382379
vn 0.674641 -0.438078 -0.594094
vn 0.669658 -0.438846 -0.599143
vn -0.233748 -0.890233 0.390957
vn -0.228069 -0.889295 0.396408
vn 0.246984 0.892262 -0.377979
vn -0.658903 0.440441 0.609802
vn -0.667936 0.439118 0.600864
vn 0.256295 0.893678 -0.368309
vn 0.674187 -0.437888 -0.594749
vn 0.683574 -0.436459 -0.585004
vn -0.231559 -0.889866 0.393089
vn -0.240572 -0.891415 0.384064
vn 0.274845 0.896087 -0.348553
vn -0.685656 0.436318 0.582668
vn -0.694187 0.435185 0.57334
vn 0.283354 0.897431 -0.338124
vn 0.701874 -0.433476 -0.565218
vn 0.710686 -0.432669 -0.554728
vn -0.258292 -0.894078 0.365936
vn -0.266815 -0.895365 0.356554
vn 0.292343 0.898346 -0.327886
vn -0.702674 0.433832 0.56395
vn -0.702612 0.433964 0.563925
vn 0.291788 0.898619 -0.327634
vn 0.719435 -0.431232 -0.544474
vn 0.71934 -0.431813 -0.544139
vn -0.275375 -0.896437 0.347231
vn -0.275299 -0.896497 0.347135
vn -0.317755 0.505139 -0.802413
vn -0.126756 0.376739 -0.917606
vn -0.160473 0.540899 -0.825637
vn -0.987274 0.137298 -0.0802415
vn -0.998874 0.0395129 0.0262466
vn -0.0118005 0.232107 -0.972619
vn 0.952326 -0.22246 0.208776
vn 0.984213 -0.160943 0.0736416
vn 0.993401 -0.0957138 -0.063191
vn 0.253185 -0.577533 0.776114
vn 0.105084 -0.39244 0.913755
vn 0.128515 -0.561805 0.817226
vn 0.00444957 -0.21512 0.976578
vn -0.954906 0.232195 -0.185042
vn -0.017671 0.0555074 -0.998302
vn -0.632122 -0.729148 -0.26223
vn -0.624861 -0.776245 -0.0836221
vn 0.0110743 0.0992438 -0.995002
vn 0.602427 0.667013 0.438377
vn 0.658837 0.704535 0.26375
vn 0.692131 0.717339 0.0798691
vn 0.00567697 -0.0446467 0.998987
vn -0.0350718 -0.0781364 0.996326
vn -0.617782 -0.657136 -0.431877
vn 0.580446 -0.441405 -0.684283
vn 0.599931 -0.301239 -0.741173
vn 0.00323639 -0.999657 0.025986
vn -0.0728671 -0.98767 0.138559
vn 0.605459 -0.154066 -0.780822
vn -0.119026 0.989175 0.0858185
vn -0.0179759 0.999589 -0.0223234
vn 0.0834701 0.987998 -0.129974
vn -0.568338 0.428581 0.702361
vn -0.611528 0.29383 0.734641
vn -0.641835 0.152891 0.751447
vn 0.0792796 -0.993043 -0.0870708
vn 0.190802 0.789936 0.582749
vn -0.732501 0.508885 -0.452193
vn -0.74838 0.500802 -0.434885
vn 0.205669 0.798049 0.566408
vn 0.732444 -0.508903 0.452265
vn 0.74726 -0.50139 0.436132
vn -0.191216 -0.790147 -0.582327
vn -0.206662 -0.798553 -0.565335
vn 0.215657 0.802822 0.55585
vn -0.760977 0.493685 -0.420938
vn -0.75813 0.495816 -0.423563
vn 0.210182 0.800646 0.561061
vn 0.757023 -0.495805 0.425551
vn 0.751808 -0.49915 0.430853
vn -0.219664 -0.804917 -0.551232
vn -0.21615 -0.803854 -0.554164
vn 0.20455 0.797599 0.567447
vn -0.755742 0.497065 -0.426357
vn -0.756191 0.496831 -0.425834
vn 0.203884 0.797329 0.568065
vn 0.746298 -0.502011 0.437064
vn 0.745663 -0.502407 0.437692
vn -0.213947 -0.802655 -0.556751
vn -0.214388 -0.802896 -0.556234
vn 0.207755 0.799398 0.563738
vn -0.761529 0.493902 -0.419684
vn -0.766361 0.491306 -0.413896
vn 0.212221 0.801761 0.558695
vn 0.749569 -0.500365 0.433337
vn 0.75403 -0.498 0.428293
vn -0.21982 -0.805691 -0.550038
vn -0.22463 -0.808267 -0.544284
vn 0.208397 0.799475 0.563392
vn -0.763419 0.49288 -0.417447
vn -0.755552 0.497195 -0.426543
vn 0.199827 0.794968 0.572796
vn 0.75011 -0.499884 0.432956
vn 0.741479 -0.504438 0.442438
vn -0.22171 -0.806687 -0.547815
vn -0.213706 -0.802562 -0.556977
vn 0.182369 0.785493 0.59139
vn -0.739436 0.505632 -0.444489
vn -0.731171 0.510017 -0.453069
vn 0.172983 0.781037 0.600048
vn 0.723851 -0.513314 0.46103
vn 0.71456 -0.518382 0.46977
vn -0.197679 -0.794015 -0.574859
vn -0.189327 -0.789747 -0.583485
vn 0.163935 0.776057 0.608984
vn -0.722795 0.514211 -0.461686
vn -0.722792 0.514308 -0.461583
vn 0.163567 0.776447 0.608586
vn 0.705357 -0.522808 0.478689
vn 0.705144 -0.523371 0.478387
vn -0.181084 -0.785286 -0.59206
vn -0.180977 -0.785341 -0.592019
vn 0.633979 0.764037 -0.11966
vn 0.795677 0.605714 0.0029151
vn 0.667841 0.743312 0.0384014
vn -0.0694742 0.508916 -0.858008
vn -0.15359 0.399891 -0.903602
vn 0.8933 0.446571 0.0508848
vn -0.0415204 -0.603281 0.796447
vn 0.080482 -0.527416 0.845786
vn 0.200627 -0.439382 0.875609
vn -0.600954 -0.798673 0.0312592
vn -0.791239 -0.610815 -0.0290929
vn -0.659109 -0.748176 -0.0762161
vn -0.901613 -0.429539 -0.0509032
vn 0.0161035 0.607233 -0.79436
vn 0.954713 0.296561 -0.0239653
vn 0.332166 -0.356192 -0.87338
vn 0.169669 -0.444101 -0.879765
vn 0.945754 0.324294 0.0195684
vn -0.49354 0.269112 0.827041
vn -0.325256 0.32384 0.888446
vn -0.14556 0.367206 0.91868
vn -0.959112 -0.282503 0.0172068
vn -0.954373 -0.296751 -0.0333467
vn 0.483311 -0.25611 -0.837149
vn 0.826466 -0.446713 0.342639
vn 0.854477 -0.314552 0.413432
vn 0.185735 -0.903986 -0.385112
vn 0.0648678 -0.892071 -0.447215
vn 0.86261 -0.175073 0.474608
vn -0.305894 0.910666 0.2777
vn -0.191043 0.908515 0.371622
vn -0.0719857 0.886362 0.457362
vn -0.839845 0.426412 -0.335907
vn -0.847971 0.31384 -0.427142
vn -0.838236 0.194657 -0.509381
vn 0.303146 -0.89908 -0.315844
vn -0.836106 -0.327135 -0.440351
vn 0.0892115 -0.871992 0.481322
vn 0.0751892 -0.862923 0.49971
vn -0.823081 -0.336142 -0.457762
vn -0.0892747 0.87202 -0.481261
vn -0.076188 0.863589 -0.498406
vn 0.835765 0.32736 0.440832
vn 0.82221 0.3367 0.458916
vn -0.814414 -0.341441 -0.469199
vn 0.064173 -0.85505 0.514559
vn 0.0659667 -0.857026 0.511033
vn -0.81884 -0.339161 -0.463111
vn -0.0678813 0.857535 -0.509927
vn -0.0718553 0.860911 -0.503655
vn 0.810673 0.34388 0.473874
vn 0.813291 0.342879 0.470098
vn -0.823959 -0.335683 -0.456519
vn 0.068225 -0.858504 0.508248
vn 0.0677921 -0.858229 0.50877
vn -0.824478 -0.335412 -0.455779
vn -0.0768831 0.864193 -0.497252
vn -0.0773505 0.864587 -0.496494
vn 0.815369 0.341478 0.467511
vn 0.814951 0.341768 0.468027
vn -0.821002 -0.337758 -0.460299
vn 0.0628686 -0.854856 0.515042
vn 0.0581968 -0.851749 0.520708
vn -0.816939 -0.340462 -0.465506
vn -0.0738285 0.862271 -0.501037
vn -0.0697629 0.859568 -0.506237
vn 0.809915 0.345021 0.474339
vn 0.805264 0.348096 0.479979
vn -0.820646 -0.337756 -0.460935
vn 0.0610768 -0.853645 0.517263
vn 0.0683627 -0.858627 0.508022
vn -0.828216 -0.332701 -0.450965
vn -0.0736262 0.86189 -0.501722
vn -0.081258 0.86698 -0.491674
vn 0.808115 0.346186 0.476555
vn 0.81556 0.341369 0.467257
vn -0.843002 -0.322433 -0.430564
vn 0.0828396 -0.868194 0.489262
vn 0.0896802 -0.872868 0.479645
vn -0.850034 -0.318029 -0.419881
vn -0.0963299 0.876682 -0.471328
vn -0.103165 0.881639 -0.46051
vn 0.829926 0.33171 0.448544
vn 0.836872 0.327141 0.438888
vn -0.85704 -0.312968 -0.409309
vn 0.0966552 -0.877362 0.469993
vn 0.0965232 -0.877395 0.46996
vn -0.856903 -0.313585 -0.409124
vn -0.110417 0.88618 -0.449992
vn -0.109936 0.886437 -0.449604
vn 0.843676 0.322399 0.429267
vn 0.843677 0.322497 0.42919
vn -0.140228 -0.470545 -0.871162
vn -0.160389 -0.229832 -0.959923
vn -0.26801 -0.371026 -0.889107
vn 0.537672 -0.829306 -0.152184
vn 0.614451 -0.788123 -0.0362325
vn -0.121941 -0.0436314 -0.991578
vn -0.456481 0.842091 0.287242
vn -0.517377 0.842842 0.148116
vn -0.566339 0.824153 0.00557506
vn 0.238374 0.470725 0.849468
vn 0.186533 0.223816 0.956615
vn 0.305003 0.361052 0.881257
vn 0.113532 0.0267179 0.993175
vn 0.449584 -0.853044 -0.264934
vn 0.0175333 0.0676497 -0.997555
vn 0.976547 0.0153653 -0.214757
vn 0.999038 0.03011 -0.0318737
vn -0.0344941 0.0612046 -0.997529
vn -0.918602 -0.0188344 0.394736
vn -0.975155 0.0204988 0.220572
vn -0.997502 0.0591129 0.0386714
vn -0.0181381 -0.083812 0.996316
vn 0.033802 -0.0931077 0.995082
vn 0.920687 9.56607e-005 -0.390303
vn -0.00605439 0.803258 -0.5956
vn -0.122581 0.735228 -0.666643
vn 0.75772 0.63775 0.138331
vn 0.792335 0.559057 0.244255
vn -0.236258 0.650101 -0.722185
vn -0.6803 -0.732193 -0.0329384
vn -0.748315 -0.649349 -0.135538
vn -0.799855 -0.552209 -0.235153
vn 0.00706436 -0.787987 0.615652
vn 0.135974 -0.738582 0.660309
vn 0.262021 -0.673628 0.691065
vn 0.709004 0.704573 0.0298324
vn -0.837392 -0.357268 0.413684
vn 0.212031 -0.908965 -0.358924
vn 0.223925 -0.91421 -0.337754
vn -0.84889 -0.352736 0.393654
vn -0.212001 0.908939 0.359006
vn -0.223083 0.913853 0.339274
vn 0.837709 0.357129 -0.413161
vn 0.849634 0.35241 -0.392338
vn -0.856224 -0.349206 0.380704
vn 0.233819 -0.917884 -0.320653
vn 0.231076 -0.917374 -0.324083
vn -0.852383 -0.351469 0.387185
vn -0.230859 0.916666 0.326234
vn -0.226358 0.915384 0.332916
vn 0.859204 0.347942 -0.375107
vn 0.856879 0.349643 -0.378825
vn -0.848094 -0.353193 0.394956
vn 0.229309 -0.916619 -0.327455
vn 0.22964 -0.916763 -0.32682
vn -0.847621 -0.35347 0.395723
vn -0.222238 0.913616 0.340465
vn -0.221689 0.913455 0.341253
vn 0.85522 0.350302 -0.381953
vn 0.855555 0.35017 -0.381322
vn -0.850566 -0.352269 0.390441
vn 0.233712 -0.918365 -0.319349
vn 0.237306 -0.919838 -0.312384
vn -0.853932 -0.350866 0.384308
vn -0.224627 0.914706 0.335941
vn -0.227994 0.916103 0.329809
vn 0.859578 0.348418 -0.373805
vn 0.863149 0.346946 -0.366881
vn -0.850949 -0.351865 0.389971
vn 0.235133 -0.918936 -0.316654
vn 0.229143 -0.916575 -0.327694
vn -0.844442 -0.354586 0.401481
vn -0.225238 0.914753 0.335402
vn -0.218681 0.912013 0.347004
vn 0.860979 0.347822 -0.371127
vn 0.855055 0.350398 -0.382234
vn -0.830835 -0.359977 0.424417
vn 0.216993 -0.911432 -0.349578
vn 0.210572 -0.908796 -0.360206
vn -0.823657 -0.363382 0.435365
vn -0.205396 0.906088 0.369889
vn -0.197867 0.903162 0.380982
vn 0.842869 0.355401 -0.404056
vn 0.836486 0.358181 -0.414725
vn -0.816384 -0.366172 0.446581
vn 0.204227 -0.905952 -0.370867
vn 0.204134 -0.906006 -0.370786
vn -0.816333 -0.366728 0.446218
vn -0.190899 0.899881 0.392138
vn -0.190298 0.900079 0.391975
vn 0.830021 0.360752 -0.425351
vn 0.829978 0.360882 -0.425324
vn -0.933644 -0.0543556 -0.354055
vn -0.952592 0.178603 -0.246313
vn -0.978734 -0.00619031 -0.205038
vn -0.116502 -0.444162 -0.88834
vn 0.0278066 -0.435396 -0.899809
vn -0.911598 0.360525 -0.197512
vn 0.271307 0.422322 0.864891
vn 0.125777 0.464007 0.876857
vn -0.0226531 0.494992 0.868602
vn 0.958946 0.0968411 0.266542
vn 0.959782 -0.173427 0.220776
vn 0.985809 0.0136899 0.167313
vn 0.904595 -0.378119 0.196809
vn -0.258359 -0.443585 -0.858186
vn -0.824135 0.502422 -0.261485
vn 0.256383 0.433531 -0.863897
vn 0.426373 0.372606 -0.824239
vn -0.84905 0.479689 -0.221389
vn -0.0780244 -0.496526 0.864508
vn -0.241008 -0.405766 0.881629
vn -0.395533 -0.300766 0.867809
vn 0.818402 -0.515527 0.253869
vn 0.837953 -0.505396 0.205937
vn 0.0776294 0.479638 -0.874026
vn -0.291101 0.929921 0.224736
vn -0.422212 0.865698 0.268894
vn 0.629791 0.723101 -0.283705
vn 0.714036 0.62236 -0.320656
vn -0.5435 0.781334 0.306797
vn -0.531215 -0.822442 0.203467
vn -0.626381 -0.73086 0.271089
vn -0.707757 -0.623188 0.332743
vn 0.312817 -0.925714 -0.212602
vn 0.421877 -0.861217 -0.283418
vn 0.522048 -0.778575 -0.348262
vn 0.533825 0.810383 -0.241474
vn 0.825769 -0.293666 -0.481525
vn 0.545588 0.627327 0.555692
vn 0.549416 0.609022 0.572043
vn 0.82262 -0.276213 -0.496994
vn -0.545554 -0.627401 -0.555642
vn -0.54915 -0.610345 -0.570887
vn -0.825681 0.293215 0.48195
vn -0.822383 0.275074 0.498017
vn 0.82004 -0.265114 -0.507197
vn 0.551897 0.594067 0.585231
vn 0.551966 0.597128 0.582041
vn 0.821652 -0.270511 -0.501709
vn -0.550936 -0.598945 -0.581149
vn -0.550408 -0.60483 -0.575528
vn -0.819039 0.260236 0.511325
vn -0.820234 0.263204 0.507877
vn 0.822932 -0.277296 -0.495873
vn 0.551365 0.600067 0.579582
vn 0.551489 0.599511 0.580041
vn 0.82312 -0.277936 -0.495203
vn -0.549066 -0.611391 -0.569848
vn -0.549005 -0.612083 -0.569164
vn -0.820758 0.265945 0.505597
vn -0.820657 0.26539 0.506054
vn 0.822239 -0.273335 -0.499211
vn 0.552699 0.592973 0.585582
vn 0.553916 0.586865 0.590564
vn 0.821183 -0.267992 -0.503824
vn -0.549934 -0.607468 -0.573197
vn -0.550986 -0.602125 -0.577806
vn -0.819283 0.258852 0.511635
vn -0.818068 0.252783 0.51659
vn 0.821978 -0.273016 -0.499814
vn 0.55316 0.590608 0.587535
vn 0.551362 0.600274 0.579371
vn 0.823938 -0.283008 -0.490951
vn -0.549811 -0.606977 -0.573835
vn -0.547845 -0.617051 -0.564902
vn -0.818803 0.256512 0.51358
vn -0.82083 0.266176 0.505359
vn 0.82749 -0.302923 -0.472755
vn 0.547551 0.619291 0.562732
vn 0.545845 0.628478 0.554138
vn 0.829523 -0.31216 -0.463084
vn -0.543707 -0.636756 -0.546739
vn -0.542214 -0.646276 -0.536965
vn -0.824489 0.285176 0.488766
vn -0.826333 0.294361 0.48013
vn 0.831073 -0.321845 -0.453579
vn 0.543925 0.63763 0.545504
vn 0.544033 0.637571 0.545465
vn 0.831409 -0.321326 -0.453331
vn -0.540124 -0.655753 -0.527498
vn -0.540641 -0.655649 -0.527098
vn -0.827955 0.303565 0.471528
vn -0.828029 0.303501 0.471439
vn 0.424479 0.339999 -0.839177
vn 0.270873 0.164731 -0.948415
vn 0.446761 0.182744 -0.875791
vn 0.191249 0.980762 -0.0391137
vn 0.108002 0.990991 0.0792018
vn 0.113424 0.0622395 -0.991595
vn -0.25781 -0.949456 0.179072
vn -0.215268 -0.975902 0.0357055
vn -0.16776 -0.979841 -0.108485
vn -0.495123 -0.269714 0.825898
vn -0.285454 -0.14197 0.947819
vn -0.466382 -0.149127 0.871923
vn -0.0956067 -0.0561877 0.993832
vn 0.270474 0.949904 -0.156607
vn -0.0641973 0.0800474 -0.994722
vn -0.712284 0.689326 -0.132215
vn -0.737874 0.673073 0.050139
vn -0.022406 0.0486821 -0.998563
vn 0.673935 -0.667726 0.316154
vn 0.686333 -0.714604 0.135232
vn 0.674651 -0.736412 -0.0504348
vn 0.0758676 -0.0688085 0.994741
vn 0.0450947 -0.0261512 0.99864
vn -0.662354 0.682023 -0.310051
vn -0.557906 -0.507513 -0.656637
vn -0.4272 -0.531326 -0.731569
vn -0.987261 0.053171 0.149959
vn -0.956808 0.120875 0.264402
vn -0.286554 -0.542777 -0.789481
vn 0.997976 0.0554268 -0.0311658
vn 0.988605 -0.0387279 -0.145468
vn 0.957466 -0.13203 -0.256567
vn 0.546639 0.494987 0.675406
vn 0.419902 0.543722 0.726669
vn 0.284321 0.581003 0.762625
vn -0.999344 -0.0155225 0.0327257
vn 0.780793 -0.608314 0.142534
vn 0.623122 0.770696 -0.133218
vn 0.622737 0.77484 -0.108727
vn 0.781651 -0.612194 0.119337
vn -0.623113 -0.770688 0.133307
vn -0.622779 -0.774559 0.110478
vn -0.780805 0.608442 -0.141921
vn -0.781671 0.612462 -0.117815
vn 0.781647 -0.61494 0.104291
vn 0.621799 0.778112 -0.0889212
vn 0.622585 0.776991 -0.0931247
vn 0.781973 -0.613176 0.111949
vn -0.621951 -0.777236 0.0952945
vn -0.622786 -0.775552 0.103232
vn -0.781755 0.615855 -0.0978919
vn -0.782217 0.614537 -0.102381
vn 0.781703 -0.611823 0.120885
vn 0.622647 0.776472 -0.09697
vn 0.622638 0.776568 -0.0962473
vn 0.781738 -0.611597 0.1218
vn -0.622941 -0.774223 0.111908
vn -0.623037 -0.774008 0.112852
vn -0.782117 0.614058 -0.105949
vn -0.782142 0.614151 -0.105231
vn 0.781912 -0.612556 0.115712
vn 0.622361 0.777803 -0.0876836
vn 0.622193 0.778789 -0.0797718
vn 0.78208 -0.613632 0.108659
vn -0.622909 -0.774979 0.106732
vn -0.622738 -0.776055 0.0996813
vn -0.782263 0.61541 -0.0966185
vn -0.782423 0.616391 -0.0887516
vn 0.781746 -0.612886 0.115084
vn 0.622279 0.77821 -0.0846106
vn 0.622681 0.776409 -0.0972551
vn 0.781406 -0.610671 0.128396
vn -0.622665 -0.775274 0.106013
vn -0.623011 -0.773042 0.119431
vn -0.782313 0.615818 -0.0935652
vn -0.782133 0.613981 -0.106281
vn 0.780359 -0.605782 0.155141
vn 0.623235 0.772383 -0.122484
vn 0.623669 0.769954 -0.134935
vn 0.780186 -0.602493 0.168261
vn -0.623442 -0.7681 0.146091
vn -0.624192 -0.764837 0.1594
vn -0.781438 0.609981 -0.131446
vn -0.781147 0.607528 -0.143944
vn 0.779469 -0.599548 0.181577
vn 0.623883 0.767488 -0.14742
vn 0.623986 0.767414 -0.147369
vn 0.779876 -0.599091 0.181338
vn -0.624336 -0.761844 0.172621
vn -0.62484 -0.761424 0.17265
vn -0.780635 0.605101 -0.1564
vn -0.780716 0.604995 -0.156408
vn 0.520136 -0.55987 -0.644984
vn 0.342626 -0.735956 -0.583931
vn 0.515065 -0.674362 -0.529097
vn 0.369001 0.468384 -0.80278
vn 0.283311 0.578988 -0.764531
vn 0.171411 -0.817616 -0.549656
vn -0.435505 -0.329284 0.837799
vn -0.391529 -0.467442 0.792593
vn -0.338522 -0.594819 0.729104
vn -0.576008 0.589125 0.566698
vn -0.352758 0.748131 0.562016
vn -0.528002 0.689694 0.495516
vn -0.152918 0.82171 0.549007
vn 0.446928 0.347925 -0.824138
vn 0.000409075 -0.801267 -0.598307
vn -0.566916 0.286376 -0.772396
vn -0.603962 0.434484 -0.668172
vn 0.0359102 -0.823206 -0.566606
vn 0.524178 -0.116459 0.843608
vn 0.536661 -0.295591 0.790329
vn 0.530318 -0.464353 0.709323
vn 0.0131078 0.806517 0.591065
vn -0.00950763 0.8338 0.551985
vn -0.510497 0.128482 -0.850227
vn -0.608372 -0.793358 -0.0215931
vn -0.480699 -0.876716 -0.0172438
vn -0.967055 0.209378 -0.144792
vn -0.930391 0.340468 -0.135846
vn -0.341841 -0.939675 -0.0124933
vn 0.991599 -0.052152 0.118371
vn 0.970795 -0.198085 0.135351
vn 0.928616 -0.339656 0.149351
vn 0.594093 0.803411 0.0398021
vn 0.476033 0.879422 0.00303719
vn 0.347945 0.936906 -0.0337917
vn -0.985724 0.0743914 -0.151044
vn -0.190309 0.815453 -0.546644
vn -0.859784 0.128993 0.494098
vn -0.847892 0.143506 0.510378
vn -0.201939 0.802041 -0.562096
vn 0.859823 -0.128928 -0.494047
vn 0.848757 -0.142469 -0.509228
vn 0.190601 -0.815098 0.547072
vn 0.202678 -0.80114 0.563113
vn -0.208987 0.793014 -0.572235
vn -0.837801 0.154827 0.523564
vn -0.840158 0.152957 0.520326
vn -0.205797 0.797731 -0.566809
vn 0.841021 -0.151022 -0.519496
vn 0.845217 -0.146916 -0.513833
vn 0.212184 -0.789181 0.576343
vn 0.210629 -0.792053 0.572963
vn -0.201298 0.802981 -0.560982
vn -0.842084 0.150637 0.517883
vn -0.841723 0.151072 0.518343
vn -0.20092 0.803537 -0.56032
vn 0.849507 -0.14175 -0.508177
vn 0.849999 -0.141265 -0.50749
vn 0.208805 -0.794173 0.570693
vn 0.209171 -0.793747 0.571151
vn -0.203959 0.799964 -0.564321
vn -0.837367 0.156111 0.523875
vn -0.833334 0.160871 0.528843
vn -0.207473 0.795791 -0.568921
vn 0.846975 -0.144888 -0.511509
vn 0.843454 -0.149056 -0.516108
vn 0.213433 -0.788578 0.576708
vn 0.217439 -0.783841 0.581648
vn -0.204036 0.799532 -0.564906
vn -0.8358 0.157944 0.525826
vn -0.842235 0.150494 0.517679
vn -0.197461 0.807338 -0.55607
vn 0.846539 -0.145097 -0.51217
vn 0.853167 -0.137229 -0.503264
vn 0.214969 -0.786738 0.578646
vn 0.208665 -0.794376 0.570461
vn -0.184199 0.82264 -0.537898
vn -0.854708 0.135582 0.501091
vn -0.860774 0.128464 0.492509
vn -0.178342 0.830131 -0.528278
vn 0.865926 -0.121566 -0.485174
vn 0.872307 -0.114352 -0.475398
vn 0.196117 -0.809151 0.553907
vn 0.190136 -0.816393 0.545299
vn -0.171839 0.837466 -0.51877
vn -0.866689 0.121182 0.483906
vn -0.8667 0.121316 0.483854
vn -0.172474 0.837464 -0.518562
vn 0.878339 -0.106692 -0.46598
vn 0.878516 -0.107147 -0.465541
vn 0.184012 -0.823461 0.536704
vn 0.184115 -0.823493 0.536619
vn -0.464578 0.1051 -0.879273
vn -0.226689 0.070934 -0.971381
vn -0.345006 0.209993 -0.914808
vn -0.913923 -0.399136 -0.0737203
vn -0.883261 -0.466073 0.0512454
vn -0.0509392 -0.00339262 -0.998696
vn 0.916426 0.335372 0.218377
vn 0.923621 0.376419 0.0723324
vn 0.909513 0.408784 -0.0753803
vn 0.447135 -0.203748 0.870952
vn 0.216143 -0.0958245 0.971648
vn 0.32855 -0.245366 0.912058
vn 0.0357977 0.0147842 0.99925
vn -0.925359 -0.323802 -0.197135
vn 0.0343141 -0.159793 -0.986554
vn -0.160131 -0.983697 -0.0818482
vn -0.144144 -0.984254 0.102309
vn 0.0369707 -0.107909 -0.993473
vn 0.15196 0.951361 0.267994
vn 0.195363 0.976813 0.0875744
vn 0.231913 0.967996 -0.0959178
vn -0.0501423 0.163065 0.98534
vn -0.0683038 0.113889 0.991143
vn -0.170646 -0.949527 -0.263208
vn 0.77439 -0.213091 -0.595745
vn 0.725473 -0.0967239 -0.68142
vn 0.500825 -0.833041 0.234981
vn 0.420469 -0.83913 0.34506
vn 0.659672 0.021894 -0.751235
vn -0.604097 0.787884 -0.119605
vn -0.513776 0.826268 -0.2309
vn -0.412143 0.84646 -0.33711
vn -0.758939 0.212079 0.615658
vn -0.731284 0.0834227 0.676952
vn -0.688218 -0.0469912 0.723981
vn 0.57186 -0.811449 0.120528
vn -0.12238 0.988465 0.0892151
vn -0.985336 -0.111646 -0.129031
vn -0.988034 -0.113525 -0.104407
vn -0.120205 0.990561 0.0658742
vn 0.985323 0.111654 0.129121
vn 0.987861 0.113394 0.106169
vn 0.1223 -0.988531 -0.0885971
vn 0.120033 -0.990683 -0.0643434
vn -0.118237 0.991688 0.050748
vn -0.989717 -0.115432 -0.0844729
vn -0.989473 -0.114312 -0.0887429
vn -0.119728 0.991085 0.0584471
vn 0.989194 0.115051 0.0908748
vn 0.988581 0.113699 0.0988953
vn 0.11766 -0.992064 -0.0443204
vn 0.118925 -0.991702 -0.0488331
vn -0.120509 0.990419 0.0674308
vn -0.989143 -0.114108 -0.0926039
vn -0.989206 -0.114144 -0.091878
vn -0.120696 0.990334 0.0683525
vn 0.987737 0.113117 0.107615
vn 0.987651 0.112948 0.10857
vn 0.119198 -0.991486 -0.0524181
vn 0.119145 -0.99153 -0.0516966
vn -0.120129 0.990806 0.0622314
vn -0.989898 -0.114752 -0.0832703
vn -0.990489 -0.115139 -0.0753269
vn -0.119474 0.991305 0.0551424
vn 0.988257 0.113394 0.102418
vn 0.988908 0.113896 0.0953307
vn 0.118326 -0.992041 -0.0430461
vn 0.117734 -0.992423 -0.0351484
vn -0.119775 0.990888 0.0615985
vn -0.990133 -0.114927 -0.0801827
vn -0.989123 -0.114052 -0.0928909
vn -0.121123 0.989801 0.0749855
vn 0.988294 0.113739 0.101679
vn 0.986938 0.11264 0.115173
vn 0.118073 -0.9922 -0.0399799
vn 0.119265 -0.99146 -0.0527512
vn -0.123882 0.98705 0.101913
vn -0.986626 -0.112179 -0.118254
vn -0.985195 -0.110829 -0.130795
vn -0.126111 0.985311 0.115141
vn 0.983705 0.11028 0.141993
vn 0.981907 0.108161 0.155431
vn 0.121641 -0.989501 -0.0780538
vn 0.123189 -0.988236 -0.0906359
vn -0.12771 0.983442 0.128575
vn -0.983582 -0.109609 -0.143362
vn -0.983603 -0.109479 -0.143317
vn -0.128327 0.983393 0.128335
vn 0.979872 0.106658 0.168749
vn 0.979931 0.106008 0.168813
vn 0.124564 -0.986832 -0.103185
vn 0.124699 -0.986814 -0.103193
vn 0.0290413 0.727852 -0.685119
vn 0.278958 0.730191 -0.623701
vn 0.113369 0.811367 -0.573438
vn -0.590777 -0.11358 -0.798801
vn -0.608431 -0.250116 -0.753163
vn 0.457719 0.668845 -0.585782
vn 0.539409 -0.0297138 0.84152
vn 0.606059 0.0964756 0.789547
vn 0.658729 0.22044 0.719363
vn -0.0100812 -0.792164 0.610225
vn -0.280368 -0.747124 0.60266
vn -0.115006 -0.833136 0.540979
vn -0.473692 -0.658716 0.584559
vn -0.560695 0.0253464 -0.827634
vn 0.56718 0.533966 -0.627046
vn 0.19976 -0.64405 -0.738441
vn 0.121076 -0.769196 -0.627438
vn 0.557532 0.576223 -0.5976
vn -0.289774 0.497725 0.817497
vn -0.171881 0.63017 0.757194
vn -0.0479599 0.740511 0.670331
vn -0.58044 -0.528521 0.61948
vn -0.583668 -0.565841 0.582371
vn 0.271618 -0.496895 -0.824208
vn 0.991185 0.129711 -0.0269717
vn 0.959816 0.278944 -0.0307189
vn 0.536154 -0.838308 -0.0988861
vn 0.417535 -0.904529 -0.0865523
vn 0.906113 0.421687 -0.0337513
vn -0.664623 0.743165 0.0773447
vn -0.546766 0.832463 0.0897287
vn -0.416871 0.903433 0.100137
vn -0.988224 -0.145907 0.0460865
vn -0.958407 -0.284908 0.016817
vn -0.9084 -0.417906 -0.0128067
vn 0.644796 -0.756488 -0.10938
vn 0.777585 0.0233162 0.628346
vn 0.867787 -0.350384 0.352388
vn 0.976935 0.0700805 0.201709
vn 0.799663 0.44117 0.407319
vn 0.513244 0.391799 0.763593
vn 0.404106 -0.0286686 0.914263
vn 0.581369 -0.399763 0.708661
vn 0.774152 -0.381873 -0.504839
vn 0.653646 -0.399919 -0.642504
vn 0.774151 -0.38187 -0.504842
vn 0.296715 -0.94895 0.107024
vn 0.159199 -0.987207 -0.00882651
vn 0.0111102 -0.991648 -0.128496
vn 0.505554 -0.404361 -0.762173
vn 0.691922 0.573518 -0.438545
vn 0.568495 0.589508 -0.573842
vn 0.691927 0.573513 -0.438543
vn 0.4204 0.585068 -0.693512
vn 0.132258 0.961815 0.239623
vn -0.0111118 0.991648 0.128495
vn 0.132264 0.961815 0.239622
vn -0.159197 0.987207 0.00882815
vn -0.345154 0.39474 0.851498
vn -0.505554 0.40436 0.762173
vn -0.34516 0.394736 0.851498
vn -0.653648 0.399918 0.642503
vn -0.262939 -0.560658 0.785192
vn -0.420399 -0.585069 0.693512
vn -0.262936 -0.560649 0.785199
vn -0.568492 -0.589508 0.573844
vn 0.296715 -0.94895 0.107027
vn 0.345162 -0.394736 -0.851497
vn -0.132266 -0.961814 -0.239623
vn -0.132266 -0.961813 -0.239629
vn 0.345165 -0.394742 -0.851493
vn 0.262933 0.560649 -0.7852
vn 0.262923 0.560654 -0.785199
vn -0.296714 0.94895 -0.107024
vn -0.296711 0.948951 -0.107024
vn -0.77415 0.38187 0.504843
vn -0.774148 0.381874 0.504844
vn -0.691928 -0.573513 0.438542
vn -0.691929 -0.573516 0.438536
vn -0.513244 -0.391799 -0.763593
vn -0.777585 -0.0233162 -0.628346
vn -0.404105 0.0286687 -0.914263
vn -0.581369 0.399763 -0.708661
vn -0.867787 0.350384 -0.352388
vn -0.976935 -0.0700805 -0.201709
vn -0.799663 -0.441169 -0.407319
vn -0.521252 -0.418901 0.743517
vn -0.16398 -0.721151 0.673091
vn -0.0932766 -0.348308 0.932728
vn -0.392176 0.000853205 0.91989
vn -0.761785 -0.0228421 0.647427
vn -0.832496 -0.395682 0.387797
vn -0.533592 -0.744832 0.40063
vn 0.663083 -0.508375 0.549432
vn 0.785982 -0.446713 0.427411
vn 0.66308 -0.508379 0.549432
vn 0.131637 -0.986947 -0.0927806
vn 0.2356 -0.942336 -0.237689
vn 0.334867 -0.862556 -0.37929
vn 0.885253 -0.366932 0.28581
vn 0.387646 0.363036 0.847311
vn 0.500738 0.455748 0.735904
vn 0.387646 0.36303 0.847313
vn 0.600015 0.535526 0.594301
vn -0.419203 0.755837 0.502971
vn -0.334871 0.862555 0.37929
vn -0.419204 0.755838 0.502969
vn -0.235599 0.942336 0.237688
vn -0.950648 0.277266 -0.139253
vn -0.885253 0.366929 -0.285815
vn -0.950648 0.277267 -0.139251
vn -0.78598 0.446712 -0.427416
vn -0.675227 -0.594132 -0.437122
vn -0.600018 -0.535521 -0.594302
vn -0.675228 -0.594131 -0.437121
vn -0.500745 -0.455738 -0.735906
vn 0.131637 -0.986947 -0.0927806
vn 0.950649 -0.277268 0.139246
vn 0.419198 -0.755841 -0.502968
vn 0.41919 -0.755846 -0.502968
vn 0.950649 -0.277267 0.139246
vn 0.675228 0.594135 0.437117
vn 0.675229 0.594134 0.437117
vn -0.131636 0.986947 0.0927805
vn -0.131635 0.986947 0.092782
vn -0.663077 0.508377 -0.549438
vn -0.663077 0.508377 -0.549437
vn -0.387656 -0.363018 -0.847314
vn -0.387654 -0.363018 -0.847315
vn 0.761776 0.0228642 -0.647437
vn 0.521243 0.418911 -0.743519
vn 0.83249 0.39569 -0.387801
vn 0.533588 0.744831 -0.400638
vn 0.163976 0.721149 -0.673095
vn 0.0932729 0.34832 -0.932724
vn 0.392165 -0.000827769 -0.919894
vn -0.550994 0.503252 0.66569
vn -0.311403 0.842708 0.439171
vn -0.694775 0.674837 0.248763
vn -0.872666 0.279028 0.400747
vn -0.667195 0.0510864 0.743129
vn -0.283826 0.218968 0.93354
vn -0.105921 0.614778 0.781556
vn -0.185284 0.891655 -0.413062
vn -0.0869551 0.827583 -0.554568
vn -0.185286 0.891653 -0.413066
vn 0.525435 0.819156 0.230003
vn 0.649094 0.752504 0.111419
vn 0.754029 0.656661 -0.0153618
vn 0.0179794 0.731741 -0.681346
vn -0.862703 0.211317 -0.459445
vn -0.788511 0.123004 -0.602595
vn -0.862703 0.211315 -0.459445
vn -0.683577 0.0271547 -0.729374
vn -0.829408 -0.541521 0.137251
vn -0.754029 -0.656662 0.0153606
vn -0.829408 -0.541521 0.137251
vn -0.649093 -0.752505 -0.111421
vn -0.118711 -0.614019 0.780313
vn -0.0179915 -0.731744 0.681342
vn -0.118699 -0.614022 0.780312
vn 0.0869545 -0.827586 0.554564
vn 0.558744 0.066327 0.826683
vn 0.683584 -0.0271547 0.729367
vn 0.558741 0.0663258 0.826686
vn 0.788513 -0.123 0.602592
vn 0.525435 0.819156 0.230002
vn 0.118684 0.614018 -0.780318
vn 0.829408 0.541521 -0.137251
vn 0.829408 0.541521 -0.137252
vn 0.118687 0.614025 -0.780312
vn -0.558732 -0.0663263 -0.826692
vn -0.558729 -0.0663376 -0.826693
vn -0.525433 -0.819157 -0.230005
vn -0.525433 -0.819157 -0.230005
vn 0.185287 -0.891652 0.413067
vn 0.185294 -0.891652 0.413066
vn 0.862704 -0.211314 0.459443
vn 0.862702 -0.211315 0.459447
vn 0.667186 -0.0511006 -0.743136
vn 0.550988 -0.503255 -0.665692
vn 0.283818 -0.218976 -0.93354
vn 0.105921 -0.614777 -0.781556
vn 0.311401 -0.842708 -0.439173
vn 0.694772 -0.674838 -0.248768
vn 0.872662 -0.279034 -0.400751
vn 0.459335 -0.058481 0.886336
vn 0.46569 0.40422 0.787235
vn 0.0866528 0.220436 0.971545
vn 0.0288621 -0.235719 0.971393
vn 0.350111 -0.508085 0.786938
vn 0.72915 -0.3243 0.602636
vn 0.786936 0.131852 0.602782
vn -0.191281 0.863157 0.467303
vn -0.285581 0.905053 0.315154
vn -0.191284 0.863157 0.467302
vn 0.653926 0.756232 0.0222265
vn 0.589751 0.794318 -0.145783
vn 0.502275 0.805455 -0.314584
vn -0.373062 0.916191 0.146353
vn -0.718512 0.0907862 0.689564
vn -0.831594 0.105162 0.545337
vn -0.718511 0.0907875 0.689565
vn -0.919073 0.116301 0.376536
vn -0.40052 -0.788497 0.466751
vn -0.502271 -0.805457 0.314584
vn -0.40052 -0.788496 0.466753
vn -0.58975 -0.794318 0.145784
vn 0.444694 -0.89542 0.021674
vn 0.373062 -0.916191 -0.146352
vn 0.444694 -0.89542 0.021674
vn 0.285584 -0.905052 -0.315153
vn 0.971916 -0.123057 -0.200588
vn 0.919072 -0.116302 -0.376537
vn 0.971916 -0.123056 -0.200589
vn 0.831593 -0.105162 -0.545338
vn 0.653927 0.756231 0.0222269
vn -0.444695 0.89542 -0.0216741
vn 0.400525 0.788494 -0.466752
vn 0.400529 0.788492 -0.466751
vn -0.444695 0.89542 -0.0216741
vn -0.971917 0.123054 0.200587
vn -0.971917 0.123054 0.200587
vn -0.653926 -0.756232 -0.0222259
vn -0.653926 -0.756232 -0.0222249
vn 0.19129 -0.863156 -0.467301
vn 0.191291 -0.863154 -0.467305
vn 0.718511 -0.0907874 -0.689565
vn 0.71851 -0.0907859 -0.689566
vn -0.350116 0.508071 -0.786945
vn -0.45933 0.0584824 -0.886338
vn -0.729151 0.324299 -0.602635
vn -0.786932 -0.13184 -0.60279
vn -0.465683 -0.404207 -0.787246
vn -0.0866466 -0.220427 -0.971547
vn -0.0288588 0.235709 -0.971395
vn 0.0477306 -0.817296 0.574238
vn -0.361641 -0.867264 0.342153
vn 0.0294919 -0.990512 0.134221
vn 0.433518 -0.849029 0.302013
vn 0.446419 -0.584294 0.677724
vn 0.0552813 -0.461049 0.885651
vn -0.348754 -0.602528 0.717866
vn -0.490039 -0.71573 -0.497587
vn -0.516595 -0.585581 -0.624679
vn -0.490041 -0.71573 -0.497584
vn -0.946563 -0.247452 0.206846
vn -0.989384 -0.100618 0.104854
vn -0.998474 0.0550342 -0.00450892
vn -0.525687 -0.429928 -0.734041
vn 0.469684 -0.693722 -0.546028
vn 0.47733 -0.562791 -0.67485
vn 0.469682 -0.693724 -0.546027
vn 0.468241 -0.407135 -0.784214
vn 0.972895 -0.203435 0.109953
vn 0.998474 -0.0550326 0.00450791
vn 0.972895 -0.203436 0.109953
vn 0.989384 0.100618 -0.104856
vn 0.516384 0.264829 0.814379
vn 0.525692 0.429925 0.734038
vn 0.516382 0.264832 0.814379
vn 0.516602 0.585578 0.624676
vn -0.443356 0.242827 0.862827
vn -0.468244 0.407133 0.784213
vn -0.443356 0.242827 0.862827
vn -0.477336 0.562787 0.674849
vn -0.946563 -0.247452 0.206848
vn -0.516375 -0.264835 -0.814382
vn -0.972895 0.203437 -0.109953
vn -0.972895 0.203437 -0.109952
vn -0.516377 -0.264836 -0.814381
vn 0.443352 -0.242824 -0.86283
vn 0.443355 -0.24282 -0.86283
vn 0.946563 0.247451 -0.206847
vn 0.946564 0.247448 -0.206848
vn 0.490049 0.715726 0.497583
vn 0.490052 0.715723 0.497583
vn -0.469688 0.693719 0.546028
vn -0.469691 0.69372 0.546024
vn -0.446414 0.584298 -0.677725
vn -0.0477291 0.817294 -0.574241
vn -0.055276 0.461049 -0.885652
vn 0.348752 0.602526 -0.717868
vn 0.361642 0.867261 -0.342161
vn -0.0294932 0.990511 -0.134231
vn -0.43352 0.849028 -0.302015
vn -0.130714 0.0593213 0.989644
vn -0.530433 -0.141912 0.835764
vn -0.1587 -0.404614 0.900612
vn 0.255657 -0.210023 0.943679
vn 0.298279 0.24727 0.921893
vn -0.0734543 0.509972 0.857049
vn -0.487812 0.315381 0.813986
vn -0.587606 -0.770431 0.247297
vn -0.583649 -0.809184 0.0676311
vn -0.587603 -0.770434 0.247294
vn -0.984839 0.0985796 0.14274
vn -0.99504 0.0907939 -0.040649
vn -0.970146 0.0794992 -0.229122
vn -0.558753 -0.820482 -0.120847
vn 0.36118 -0.852654 0.377533
vn 0.398943 -0.894334 0.202513
vn 0.361178 -0.852654 0.377534
vn 0.423836 -0.90563 0.0140395
vn 0.912727 -0.0658505 0.403228
vn 0.970146 -0.079497 0.229124
vn 0.912726 -0.0658522 0.40323
vn 0.99504 -0.0907952 0.0406488
vn 0.51549 0.803156 0.298681
vn 0.558753 0.820482 0.120846
vn 0.515489 0.803157 0.29868
vn 0.583649 0.809185 -0.0676298
vn -0.433288 0.885376 0.168435
vn -0.423836 0.90563 -0.0140395
vn -0.43329 0.885376 0.168433
vn -0.398945 0.894332 -0.202517
vn -0.984839 0.0985787 0.14274
vn -0.51549 -0.803157 -0.298679
vn -0.912727 0.0658552 -0.403228
vn -0.912728 0.0658606 -0.403224
vn -0.515487 -0.803158 -0.298681
vn 0.433291 -0.885375 -0.168433
vn 0.433288 -0.885377 -0.168431
vn 0.984839 -0.0985796 -0.142741
vn 0.984839 -0.0985787 -0.142742
vn 0.587604 0.770433 -0.247293
vn 0.587606 0.770433 -0.247291
vn -0.36118 0.852651 -0.377538
vn -0.361182 0.852649 -0.377541
vn -0.298274 -0.247261 -0.921897
vn 0.130714 -0.0593177 -0.989644
vn 0.0734596 -0.509972 -0.857048
vn 0.487812 -0.315381 -0.813986
vn 0.530433 0.141912 -0.835764
vn 0.158695 0.404614 -0.900613
vn -0.255661 0.210033 -0.943676
vn 0.610292 0.536635 0.582723
vn 0.896389 0.213625 0.388395
vn 0.791869 0.592171 0.149254
vn 0.437437 0.855092 0.278328
vn 0.187523 0.739466 0.646549
vn 0.292038 0.360918 0.885693
vn 0.646474 0.0979999 0.756616
vn 0.897763 -0.0297507 -0.439472
vn 0.813528 -0.133012 -0.56611
vn 0.897764 -0.0297508 -0.439472
vn 0.722281 -0.626193 0.293586
vn 0.631792 -0.750709 0.19307
vn 0.515563 -0.85291 0.0820932
vn 0.697299 -0.235211 -0.67709
vn 0.343833 0.744468 -0.572316
vn 0.239853 0.668797 -0.703691
vn 0.34383 0.744469 -0.572317
vn 0.123618 0.566596 -0.81467
vn -0.385594 0.922247 0.0278906
vn -0.515564 0.85291 -0.0820935
vn -0.385594 0.922247 0.0278907
vn -0.631791 0.750708 -0.193072
vn -0.561079 0.325798 0.760951
vn -0.697299 0.235212 0.677089
vn -0.561077 0.325802 0.76095
vn -0.813527 0.133015 0.566111
vn -0.00714132 -0.448414 0.893798
vn -0.123623 -0.566593 0.814671
vn -0.00714131 -0.448414 0.893798
vn -0.239849 -0.668797 0.703692
vn 0.722281 -0.626193 0.293585
vn 0.561076 -0.325802 -0.760952
vn 0.385594 -0.922247 -0.0278906
vn 0.385594 -0.922247 -0.02789
vn 0.561072 -0.3258 -0.760955
vn 0.00713279 0.448415 -0.893797
vn 0.00712551 0.448414 -0.893797
vn -0.722281 0.626192 -0.293588
vn -0.72228 0.626193 -0.293588
vn -0.897763 0.0297539 0.439472
vn -0.897763 0.0297567 0.439472
vn -0.343824 -0.744469 0.57232
vn -0.343823 -0.744473 0.572316
vn -0.187529 -0.739464 -0.64655
vn -0.610294 -0.536633 -0.582723
vn -0.292047 -0.360917 -0.88569
vn -0.646475 -0.0979996 -0.756615
vn -0.896387 -0.213626 -0.388399
vn -0.791868 -0.592173 -0.149257
vn -0.437437 -0.855091 -0.278331
vn 0.048866 -0.0808541 0.995527
vn 0.474076 -0.229179 0.850135
vn 0.396784 0.22226 0.890597
vn -0.0338955 0.379639 0.924513
vn -0.387284 0.0855764 0.91798
vn -0.309997 -0.365864 0.877522
vn 0.120684 -0.523238 0.843598
vn 0.95984 0.142674 0.241559
vn 0.984739 0.16316 0.0605684
vn 0.95984 0.142678 0.241557
vn 0.626583 -0.757119 0.184837
vn 0.639607 -0.7687 0.00182739
vn 0.630303 -0.7533 -0.187769
vn 0.975433 0.178559 -0.129028
vn 0.34673 0.877498 0.331325
vn 0.349784 0.924163 0.153539
vn 0.346734 0.877495 0.331328
vn 0.340478 0.939561 -0.0360558
vn -0.599622 0.712515 0.364384
vn -0.6303 0.753303 0.187769
vn -0.599626 0.712513 0.364381
vn -0.639607 0.7687 -0.00182822
vn -0.932883 -0.187284 0.307658
vn -0.975432 -0.17856 0.129026
vn -0.932883 -0.187283 0.307659
vn -0.984739 -0.163161 -0.0605678
vn -0.319776 -0.9221 0.217887
vn -0.34048 -0.93956 0.0360578
vn -0.319777 -0.922099 0.217888
vn -0.349787 -0.924162 -0.153538
vn 0.626584 -0.757118 0.184836
vn 0.932883 0.187281 -0.30766
vn 0.59963 -0.71251 -0.364381
vn 0.59963 -0.712509 -0.364382
vn 0.932883 0.187281 -0.30766
vn 0.319775 0.9221 -0.217888
vn 0.319774 0.9221 -0.21789
vn -0.626583 0.757119 -0.184837
vn -0.626583 0.757119 -0.184837
vn -0.95984 -0.142679 -0.241555
vn -0.959841 -0.142677 -0.241553
vn -0.346738 -0.877494 -0.331327
vn -0.346736 -0.877494 -0.331329
vn 0.387294 -0.085574 -0.917976
vn -0.0488636 0.0808562 -0.995527
vn 0.31 0.36586 -0.877523
vn -0.120684 0.523238 -0.843598
vn -0.474075 0.229178 -0.850135
vn -0.396788 -0.222256 -0.890596
vn 0.0338995 -0.37963 -0.924517
vn 0.777583 0.0233112 0.628348
vn 0.867786 -0.35039 0.352384
vn 0.976936 0.0700814 0.201706
vn 0.799664 0.441174 0.407311
vn 0.513242 0.391796 0.763596
vn 0.40409 -0.0286816 0.914269
vn 0.58136 -0.399774 0.708662
vn 0.774146 -0.381874 -0.504846
vn 0.653641 -0.399926 -0.642505
vn 0.774147 -0.381875 -0.504845
vn 0.296715 -0.94895 0.107025
vn 0.159199 -0.987207 -0.00882747
vn 0.01111 -0.991648 -0.128497
vn 0.505547 -0.404367 -0.762174
vn 0.691922 0.573518 -0.438545
vn 0.568487 0.589514 -0.573843
vn 0.691923 0.573516 -0.438544
vn 0.420399 0.585069 -0.693512
vn 0.132265 0.961815 0.239621
vn -0.0111103 0.991648 0.128494
vn 0.132265 0.961815 0.239621
vn -0.159199 0.987207 0.00882841
vn -0.345175 0.394724 0.851497
vn -0.505554 0.404361 0.762173
vn -0.345163 0.394733 0.851498
vn -0.653645 0.399922 0.642504
vn -0.262927 -0.560655 0.785197
vn -0.420394 -0.585074 0.693511
vn -0.262926 -0.560653 0.785199
vn -0.56849 -0.589511 0.573843
vn 0.296715 -0.94895 0.107027
vn 0.345153 -0.394741 -0.851498
vn -0.132266 -0.961814 -0.239625
vn -0.132266 -0.961813 -0.239629
vn 0.345152 -0.39474 -0.851499
vn 0.262937 0.560648 -0.7852
vn 0.262945 0.560643 -0.7852
vn -0.296715 0.94895 -0.107024
vn -0.296714 0.94895 -0.107024
vn -0.774152 0.381868 0.504842
vn -0.774157 0.381861 0.50484
vn -0.691928 -0.573512 0.438543
vn -0.691927 -0.573509 0.438548
vn -0.513244 -0.391798 -0.763593
vn -0.777584 -0.0233213 -0.628346
vn -0.404105 0.0286578 -0.914264
vn -0.581375 0.39975 -0.708663
vn -0.867789 0.350381 -0.352385
vn -0.976934 -0.0700805 -0.201713
vn -0.799661 -0.44117 -0.407321
vn -0.521246 -0.418908 0.743518
vn -0.163974 -0.721149 0.673095
vn -0.0932719 -0.348319 0.932724
vn -0.392173 0.000832343 0.919891
vn -0.761782 -0.0228544 0.64743
vn -0.832493 -0.395684 0.387801
vn -0.533588 -0.744831 0.400638
vn 0.663076 -0.508378 0.549439
vn 0.78598 -0.446711 0.427417
vn 0.663077 -0.508376 0.549439
vn 0.131636 -0.986947 -0.0927795
vn 0.2356 -0.942336 -0.237689
vn 0.334866 -0.862556 -0.379291
vn 0.885254 -0.366928 0.285814
vn 0.387656 0.363022 0.847312
vn 0.500746 0.455737 0.735906
vn 0.387657 0.363018 0.847314
vn 0.60002 0.535519 0.594302
vn -0.419202 0.755836 0.502973
vn -0.334871 0.862554 0.37929
vn -0.419203 0.755837 0.502969
vn -0.235599 0.942336 0.237687
vn -0.950648 0.277265 -0.139256
vn -0.885254 0.36693 -0.285811
vn -0.950648 0.277267 -0.139251
vn -0.785982 0.446713 -0.427411
vn -0.675231 -0.594132 -0.437115
vn -0.600017 -0.535526 -0.594299
vn -0.675229 -0.594133 -0.437117
vn -0.500737 -0.455748 -0.735905
vn 0.131635 -0.986947 -0.0927793
vn 0.950649 -0.277265 0.13925
vn 0.419196 -0.755841 -0.50297
vn 0.419186 -0.755847 -0.50297
vn 0.950649 -0.277265 0.13925
vn 0.675231 0.59413 0.437119
vn 0.67523 0.594131 0.437118
vn -0.131637 0.986947 0.0927795
vn -0.131636 0.986947 0.0927805
vn -0.66308 0.508379 -0.549433
vn -0.663078 0.508377 -0.549437
vn -0.387645 -0.36303 -0.847314
vn -0.387638 -0.363031 -0.847316
vn 0.761779 0.0228522 -0.647433
vn 0.521249 0.418905 -0.743518
vn 0.832495 0.395687 -0.387793
vn 0.533592 0.744833 -0.400629
vn 0.163978 0.721152 -0.673091
vn 0.0932759 0.348308 -0.932728
vn 0.392167 -0.000849669 -0.919894
vn -0.550988 0.503255 0.665692
vn -0.3114 0.842708 0.439174
vn -0.694773 0.674837 0.248769
vn -0.872664 0.279031 0.400749
vn -0.667187 0.0511007 0.743135
vn -0.283816 0.218976 0.933541
vn -0.105921 0.614777 0.781556
vn -0.185287 0.891649 -0.413074
vn -0.0869536 0.827585 -0.554565
vn -0.185286 0.891652 -0.413069
vn 0.525433 0.819157 0.230005
vn 0.649093 0.752505 0.111421
vn 0.754029 0.656661 -0.0153595
vn 0.0179818 0.731746 -0.68134
vn -0.862706 0.211314 -0.45944
vn -0.788514 0.123007 -0.602591
vn -0.862705 0.211318 -0.459439
vn -0.683578 0.0271585 -0.729372
vn -0.82941 -0.541518 0.137249
vn -0.754029 -0.656661 0.0153601
vn -0.829409 -0.54152 0.13725
vn -0.649092 -0.752506 -0.11142
vn -0.118688 -0.614024 0.780313
vn -0.0179831 -0.731745 0.681341
vn -0.118687 -0.614024 0.780313
vn 0.0869544 -0.827585 0.554564
vn 0.558744 0.066327 0.826683
vn 0.683579 -0.0271589 0.729371
vn 0.558734 0.0663232 0.826691
vn 0.788512 -0.123005 0.602594
vn 0.525433 0.819157 0.230006
vn 0.118687 0.614025 -0.780312
vn 0.829409 0.54152 -0.137249
vn 0.829409 0.54152 -0.137247
vn 0.118687 0.614026 -0.780311
vn -0.558732 -0.0663247 -0.826692
vn -0.558729 -0.0663375 -0.826693
vn -0.525432 -0.819157 -0.230005
vn -0.525432 -0.819157 -0.230005
vn 0.185286 -0.891652 0.413068
vn 0.185292 -0.891652 0.413066
vn 0.862706 -0.211318 0.459438
vn 0.862708 -0.211317 0.459435
vn 0.667187 -0.0511006 -0.743135
vn 0.550988 -0.503255 -0.665692
vn 0.283816 -0.218976 -0.933541
vn 0.105921 -0.614777 -0.781556
vn 0.3114 -0.842708 -0.439173
vn 0.694773 -0.674837 -0.248768
vn 0.872664 -0.279031 -0.400749
vn 0.459341 -0.0584837 0.886333
vn 0.465692 0.404206 0.787241
vn 0.0866691 0.220426 0.971546
vn 0.028881 -0.235713 0.971393
vn 0.350125 -0.508072 0.78694
vn 0.729151 -0.324299 0.602635
vn 0.786932 0.131841 0.60279
vn -0.285583 0.905053 0.315153
vn -0.191288 0.863156 0.467301
vn 0.653926 0.756232 0.022226
vn 0.589749 0.79432 -0.145782
vn 0.502271 0.805458 -0.314581
vn -0.373065 0.91619 0.146352
vn -0.71852 0.0907872 0.689555
vn -0.831595 0.105167 0.545334
vn -0.718515 0.0907935 0.68956
vn -0.919072 0.116306 0.376537
vn -0.400519 -0.788498 0.46675
vn -0.502271 -0.805458 0.314581
vn -0.400519 -0.788499 0.466748
vn -0.589749 -0.794319 0.145781
vn 0.444695 -0.89542 0.021673
vn 0.373064 -0.91619 -0.146355
vn 0.444694 -0.89542 0.0216739
vn 0.285584 -0.905053 -0.315152
vn 0.971916 -0.123054 -0.200591
vn 0.919073 -0.116306 -0.376534
vn 0.971916 -0.123056 -0.200589
vn 0.831595 -0.105167 -0.545334
vn 0.653926 0.756232 0.0222261
vn -0.444695 0.89542 -0.0216744
vn 0.40052 0.788499 -0.466748
vn 0.400522 0.788498 -0.466747
vn -0.444697 0.895419 -0.021675
vn -0.971916 0.123056 0.200589
vn -0.971917 0.123054 0.200587
vn -0.653926 -0.756232 -0.0222253
vn -0.653926 -0.756232 -0.0222245
vn 0.19129 -0.863157 -0.467299
vn 0.191288 -0.86316 -0.467293
vn 0.718513 -0.0907933 -0.689561
vn 0.71851 -0.090786 -0.689566
vn -0.350125 0.508072 -0.78694
vn -0.45934 0.0584839 -0.886333
vn -0.729151 0.324299 -0.602635
vn -0.786932 -0.13184 -0.60279
vn -0.465692 -0.404206 -0.787241
vn -0.086669 -0.220426 -0.971546
vn -0.0288806 0.235713 -0.971393
vn 0.047731 -0.817295 0.574239
vn -0.361638 -0.867264 0.342155
vn 0.0294901 -0.990512 0.134228
vn 0.433515 -0.84903 0.302016
vn 0.446413 -0.584297 0.677727
vn 0.055283 -0.461049 0.885651
vn -0.348743 -0.602532 0.717867
vn -0.490043 -0.715729 -0.497585
vn -0.5166 -0.585582 -0.624674
vn -0.490045 -0.71573 -0.497581
vn -0.946563 -0.247453 0.206845
vn -0.989384 -0.100619 0.104854
vn -0.998474 0.0550334 -0.00450865
vn -0.525691 -0.429929 -0.734037
vn 0.469679 -0.693728 -0.546026
vn 0.477333 -0.56279 -0.674849
vn 0.469683 -0.693723 -0.546027
vn 0.468245 -0.407133 -0.784212
vn 0.972895 -0.203436 0.109953
vn 0.998474 -0.0550336 0.00450866
vn 0.972895 -0.203437 0.109953
vn 0.989384 0.100618 -0.104854
vn 0.516377 0.264834 0.814382
vn 0.525687 0.429927 0.734041
vn 0.516376 0.264836 0.814382
vn 0.516597 0.58558 0.624679
vn -0.443348 0.242829 0.86283
vn -0.468238 0.407136 0.784215
vn -0.443349 0.24283 0.86283
vn -0.477331 0.562789 0.67485
vn -0.946563 -0.247453 0.206847
vn -0.516379 -0.264836 -0.81438
vn -0.972895 0.203436 -0.109952
vn -0.972895 0.203436 -0.109952
vn -0.516377 -0.264835 -0.814382
vn 0.443356 -0.242827 -0.862827
vn 0.443356 -0.242827 -0.862827
vn 0.946563 0.247452 -0.206845
vn 0.946564 0.247451 -0.206846
vn 0.490045 0.715727 0.497585
vn 0.490047 0.715725 0.497585
vn -0.469685 0.693721 0.546029
vn -0.469688 0.693722 0.546025
vn -0.446411 0.584299 -0.677725
vn -0.0477269 0.817295 -0.574239
vn -0.0552762 0.461051 -0.88565
vn 0.348752 0.602531 -0.717864
vn 0.361643 0.867262 -0.342156
vn -0.0294895 0.990511 -0.134231
vn -0.433515 0.84903 -0.302016
vn -0.130714 0.0593171 0.989644
vn -0.530434 -0.141913 0.835764
vn -0.158694 -0.404615 0.900612
vn 0.255661 -0.210033 0.943675
vn 0.298273 0.247261 0.921898
vn -0.0734607 0.509971 0.857049
vn -0.487813 0.31538 0.813986
vn -0.587605 -0.770432 0.247294
vn -0.583649 -0.809185 0.0676297
vn -0.587604 -0.770433 0.247294
vn -0.984839 0.0985797 0.14274
vn -0.99504 0.0907954 -0.0406479
vn -0.970146 0.0794969 -0.229124
vn -0.558754 -0.820481 -0.120847
vn 0.361182 -0.852651 0.377537
vn 0.398944 -0.894332 0.202516
vn 0.361179 -0.852651 0.377539
vn 0.423837 -0.90563 0.0140411
vn 0.912724 -0.0658591 0.403233
vn 0.970145 -0.0794995 0.229124
vn 0.912726 -0.0658552 0.40323
vn 0.99504 -0.0907947 0.0406461
vn 0.515489 0.80316 0.298673
vn 0.558754 0.820482 0.120844
vn 0.515491 0.803157 0.298677
vn 0.583649 0.809185 -0.0676292
vn -0.433291 0.885375 0.168436
vn -0.423838 0.905629 -0.0140387
vn -0.433293 0.885374 0.168434
vn -0.398944 0.894333 -0.202515
vn -0.51549 -0.803157 -0.298679
vn -0.912726 0.0658519 -0.40323
vn -0.912725 0.0658495 -0.403232
vn -0.515491 -0.803157 -0.298679
vn 0.433291 -0.885375 -0.168434
vn 0.433291 -0.885375 -0.168433
vn 0.984838 -0.0985802 -0.142742
vn 0.984838 -0.0985788 -0.142743
vn 0.587602 0.770435 -0.247294
vn 0.587604 0.770434 -0.247291
vn -0.361178 0.852653 -0.377535
vn -0.361179 0.852652 -0.377536
vn -0.298279 -0.247269 -0.921893
vn 0.130714 -0.0593205 -0.989644
vn 0.0734551 -0.509971 -0.85705
vn 0.487813 -0.31538 -0.813986
vn 0.530433 0.141913 -0.835764
vn 0.1587 0.404615 -0.900612
vn -0.255657 0.210023 -0.943679
vn 0.610294 0.536634 0.582723
vn 0.896385 0.213631 0.388401
vn 0.791867 0.592173 0.149256
vn 0.43744 0.85509 0.27833
vn 0.18753 0.739463 0.64655
vn 0.292048 0.360917 0.88569
vn 0.646474 0.0980015 0.756615
vn 0.897763 -0.0297547 -0.439473
vn 0.813527 -0.133015 -0.56611
vn 0.897763 -0.0297547 -0.439473
vn 0.72228 -0.626193 0.293588
vn 0.631791 -0.750709 0.193071
vn 0.515563 -0.85291 0.0820917
vn 0.697298 -0.235214 -0.677089
vn 0.343824 0.744469 -0.572321
vn 0.239851 0.668796 -0.703693
vn 0.343826 0.744468 -0.57232
vn 0.123624 0.566595 -0.81467
vn -0.385594 0.922247 0.0278913
vn -0.515564 0.85291 -0.0820921
vn -0.385595 0.922247 0.0278914
vn -0.631791 0.750709 -0.19307
vn -0.561079 0.325798 0.760951
vn -0.697299 0.235213 0.677089
vn -0.561077 0.325802 0.76095
vn -0.813527 0.133013 0.566111
vn -0.00713291 -0.448422 0.893793
vn -0.123619 -0.566597 0.814669
vn -0.00713387 -0.448416 0.893797
vn -0.23985 -0.668796 0.703693
vn 0.72228 -0.626192 0.293591
vn 0.561077 -0.325804 -0.76095
vn 0.385595 -0.922247 -0.0278914
vn 0.385595 -0.922247 -0.027891
vn 0.561073 -0.325803 -0.760953
vn 0.00714132 0.448414 -0.893798
vn 0.00714139 0.448414 -0.893798
vn -0.72228 0.626194 -0.293585
vn -0.722279 0.626195 -0.293586
vn -0.897763 0.0297512 0.439473
vn -0.897763 0.0297478 0.439473
vn -0.343827 -0.74447 0.572318
vn -0.343827 -0.744469 0.572319
vn -0.187523 -0.739465 -0.646549
vn -0.610291 -0.536636 -0.582724
vn -0.292039 -0.360919 -0.885692
vn -0.646473 -0.0980017 -0.756616
vn -0.896387 -0.213628 -0.388398
vn -0.791866 -0.592173 -0.149258
vn -0.437435 -0.855092 -0.278331
vn 0.0488659 -0.0808541 0.995527
vn 0.474076 -0.229179 0.850135
vn 0.396783 0.22226 0.890597
vn -0.0338957 0.379639 0.924513
vn 0.120684 -0.523238 0.843598
vn 0.95984 0.142675 0.241558
vn 0.984739 0.16316 0.0605684
vn 0.959841 0.142678 0.241556
vn 0.626584 -0.757118 0.184836
vn 0.639608 -0.768699 0.00182764
vn 0.630303 -0.7533 -0.187768
vn 0.975433 0.178559 -0.129028
vn 0.34673 0.877498 0.331325
vn 0.349784 0.924163 0.153539
vn 0.346734 0.877495 0.331328
vn 0.340479 0.939561 -0.0360548
vn -0.630301 0.753302 0.187769
vn -0.599627 0.712513 0.36438
vn -0.639608 0.768699 -0.00182855
vn -0.932884 -0.187284 0.307656
vn -0.975433 -0.17856 0.129025
vn -0.932884 -0.187283 0.307657
vn -0.984739 -0.163161 -0.0605685
vn -0.319777 -0.9221 0.217887
vn -0.340479 -0.93956 0.0360567
vn -0.349786 -0.924162 -0.153538
vn 0.626585 -0.757118 0.184836
vn 0.932883 0.187282 -0.307659
vn 0.599631 -0.71251 -0.364379
vn 0.599631 -0.71251 -0.364379
vn 0.932883 0.187282 -0.30766
vn 0.319777 0.9221 -0.217887
vn 0.319777 0.9221 -0.217887
vn -0.626584 0.757118 -0.184837
vn -0.626585 0.757117 -0.184837
vn -0.346737 -0.877494 -0.331326
vn -0.346736 -0.877494 -0.331328
vn 0.387294 -0.0855733 -0.917976
vn -0.0488634 0.0808566 -0.995527
vn 0.310001 0.36586 -0.877522
vn -0.120684 0.523238 -0.843598
vn -0.474076 0.229178 -0.850135
vn -0.396788 -0.222255 -0.890596
vn 0.0338994 -0.379629 -0.924518
vn 0.771968 -0.232533 -0.591603
vn 0.60644 0.0138963 -0.795008
vn 0.653214 -0.108315 -0.749386
vn 0.43808 0.0934675 -0.894064
vn 0.435767 -0.0213721 -0.899806
vn 0.348152 0.162242 -0.923292
vn 0.273039 0.181439 -0.944738
vn 0.275185 0.122199 -0.953593
vn 0.363533 0.0429554 -0.93059
vn -0.106585 0.0302804 -0.993842
vn -0.0317333 -0.121992 -0.992024
vn 0.0370116 -0.257102 -0.965675
vn -0.46527 -0.281119 -0.839342
vn -0.429186 -0.327006 -0.841942
vn -0.0689517 -0.44942 -0.890656
vn -0.451937 -0.275728 -0.848367
vn -0.697725 -0.213014 -0.683963
vn -0.716641 -0.246884 -0.652283
vn -0.759441 -0.111528 -0.640946
vn -0.0997841 -0.23972 -0.965701
vn -0.0997823 -0.239728 -0.965699
vn 0.214656 -0.0421595 -0.975779
vn 0.29395 0.130169 -0.946916
vn 0.175181 0.148728 -0.973238
vn 0.268579 0.252023 -0.929704
vn 0.0718543 0.327895 -0.941978
vn 0.278588 0.320109 -0.905494
vn 0.419652 0.193452 -0.886831
vn 0.41142 0.17636 -0.894221
vn 0.449042 0.0966273 -0.88827
vn 0.483174 -0.0679821 -0.872881
vn 0.533233 -0.0904102 -0.841124
vn 0.506428 -0.029833 -0.861766
vn 0.765887 -0.15879 -0.623059
vn 0.722979 0.126638 -0.679165
vn 0.620253 0.345606 -0.704161
vn 0.891498 -0.132764 -0.433134
vn 0.73714 0.586065 -0.336381
vn 0.720755 0.519657 -0.458769
vn 0.650793 0.624577 -0.431708
vn 0.773611 0.564003 -0.288835
vn 0.122843 -0.796542 -0.591971
vn 0.333894 -0.649667 -0.682969
vn 0.233733 -0.7121 -0.662029
vn 0.350898 -0.580484 -0.734785
vn 0.32799 -0.564337 -0.757592
vn 0.327073 -0.623194 -0.710389
vn 0.323946 -0.426006 -0.844735
vn 0.191266 -0.506133 -0.84098
vn 0.0391241 -0.591312 -0.805493
vn 0.0837788 -0.149012 -0.98528
vn -0.100721 -0.260476 -0.960212
vn -0.265138 -0.353237 -0.897176
vn -0.312693 -0.104611 -0.944076
vn -0.450047 -0.273387 -0.850128
vn -0.53956 -0.374302 -0.754171
vn -0.575037 -0.475379 -0.665843
vn -0.582395 -0.545859 -0.602373
vn -0.593666 -0.601091 -0.535024
vn -0.531138 -0.7442 -0.405042
vn 0.528792 0.0695327 -0.845899
vn 0.736219 -0.0115378 -0.676645
vn 0.724594 0.146344 -0.673459
vn 0.884223 0.0606585 -0.46311
vn 0.840754 0.290046 -0.457172
vn 0.958227 0.120921 -0.259191
vn 0.91818 -0.173876 -0.355968
vn 0.954523 -0.120387 -0.272749
vn 0.94159 -0.186824 -0.280188
vn 0.900794 -0.210936 -0.379574
vn 0.916198 -0.205466 -0.344043
vn 0.959984 -0.0804022 -0.268264
vn 0.954024 -0.260951 -0.147455
vn 0.972522 -0.222012 -0.0700759
vn 0.947596 -0.317782 -0.0328158
vn 0.886015 -0.450596 -0.109273
vn 0.839662 -0.526136 -0.134719
vn 0.807415 -0.567455 -0.161479
vn 0.783796 -0.603225 -0.147594
vn 0.821596 -0.51138 -0.251934
vn 0.869822 -0.230306 -0.436313
vn 0.838503 -0.353884 -0.414342
vn 0.813852 -0.0973107 -0.572866
vn 0.758899 -0.184927 -0.624399
vn 0.78543 -0.00221905 -0.618946
vn 0.769764 0.0265761 -0.637775
vn 0.756363 -0.0363519 -0.653142
vn 0.780355 -0.169704 -0.601869
vn 0.493179 0.0437143 -0.868829
vn 0.479147 -0.131916 -0.867765
vn 0.448958 -0.302512 -0.840787
vn 0.0213594 -0.0162816 -0.999639
vn 0.023071 -0.0709665 -0.997212
vn 0.236191 -0.41391 -0.879143
vn 0.0023598 -0.00331404 -0.999992
vn -0.000411304 0.0460549 -0.998939
vn -0.232331 0.195317 -0.952824
vn -0.191114 0.329377 -0.924654
vn 0.276068 -0.196773 -0.94078
vn 0.276068 -0.196773 -0.94078
vn 0.606466 -0.138679 -0.782922
vn 0.71551 0.0131539 -0.698479
vn 0.637244 0.060555 -0.768279
vn 0.723052 0.145525 -0.675291
vn 0.596966 0.26107 -0.7586
vn 0.737881 0.208286 -0.641987
vn 0.799761 0.0857057 -0.59417
vn 0.789713 0.0789223 -0.608379
vn 0.801964 0.000595132 -0.597372
vn 0.788372 -0.128988 -0.601525
vn 0.813187 -0.153198 -0.561478
vn 0.801597 -0.0784724 -0.592692
vn 0.926473 -0.221298 -0.304424
vn 0.931701 0.0799308 -0.354322
vn 0.858589 0.317524 -0.402496
vn 0.976716 -0.184061 -0.110218
vn 0.832962 0.552443 -0.0313154
vn 0.856465 0.492795 -0.153689
vn 0.783607 0.603597 -0.147076
vn 0.844156 0.536096 0.00159307
vn 0.105527 -0.780118 -0.616668
vn 0.355768 -0.736697 -0.575071
vn 0.250186 -0.748104 -0.614611
vn 0.414441 -0.681938 -0.60266
vn 0.427284 -0.648936 -0.629532
vn 0.359166 -0.710408 -0.605243
vn 0.487781 -0.551909 -0.676362
vn 0.346459 -0.562679 -0.750572
vn 0.157033 -0.563689 -0.810922
vn 0.478928 -0.218303 -0.850277
vn 0.272768 -0.214372 -0.937893
vn 0.0573267 -0.198657 -0.978391
vn 0.173967 0.0413557 -0.983883
vn -0.0613041 -0.00741636 -0.998092
vn -0.234818 -0.0256799 -0.9717
vn -0.348761 -0.0530548 -0.935709
vn -0.425841 -0.0951452 -0.899782
vn -0.49937 -0.120682 -0.857943
vn -0.597497 -0.239 -0.765426
vn 0.839665 -0.145597 -0.523225
vn 0.917875 -0.290073 -0.270855
vn 0.950962 -0.150238 -0.27037
vn 0.962169 -0.27224 0.0107589
vn 0.998216 -0.0596631 0.00216661
vn 0.937749 -0.235842 0.254961
vn 0.870736 -0.471182 0.140734
vn 0.868641 -0.41959 0.263454
vn 0.846827 -0.460783 0.265639
vn 0.877992 -0.428066 0.214219
vn 0.867013 -0.412051 0.280184
vn 0.862094 -0.28517 0.418895
vn 0.759453 -0.392543 0.518788
vn 0.721113 -0.332303 0.607923
vn 0.676744 -0.393747 0.622078
vn 0.713673 -0.444563 0.541326
vn 0.711065 -0.503717 0.490566
vn 0.717824 -0.529716 0.451806
vn 0.723539 -0.519385 0.454677
vn 0.864271 -0.327836 -0.381522
vn 0.783617 -0.076162 -0.616558
vn 0.79988 -0.198944 -0.566227
vn 0.657261 0.0141358 -0.75353
vn 0.634345 -0.0979059 -0.766825
vn 0.588392 0.0893497 -0.803624
vn 0.537139 0.111742 -0.83606
vn 0.53748 0.0511517 -0.841724
vn 0.610241 -0.0384171 -0.791283
vn 0.186702 -0.00535193 -0.982402
vn 0.2412 -0.164848 -0.956372
vn 0.284029 -0.306678 -0.908447
vn -0.236783 -0.264445 -0.934881
vn -0.211395 -0.312789 -0.926
vn 0.137985 -0.480041 -0.866326
vn -0.243097 -0.253749 -0.936224
vn -0.271309 -0.210014 -0.939301
vn -0.536491 -0.185604 -0.823243
vn -0.562579 -0.0448594 -0.825526
vn 0.109646 -0.264679 -0.958083
vn 0.109645 -0.264676 -0.958084
vn 0.584588 -0.223174 -0.780032
vn 0.664003 -0.0421524 -0.74654
vn 0.573273 -0.0284309 -0.818871
vn 0.646217 0.0885652 -0.757997
vn 0.491471 0.158007 -0.85644
vn 0.650235 0.161654 -0.742335
vn 0.743863 0.0589175 -0.66573
vn 0.734369 0.0480491 -0.677048
vn 0.759533 -0.0226135 -0.650076
vn 0.767759 -0.155996 -0.62146
vn 0.799159 -0.165756 -0.577814
vn 0.7775 -0.0998098 -0.620912
vn 0.932588 -0.166361 -0.320319
vn 0.89826 0.115642 -0.423977
vn 0.794219 0.332602 -0.508519
vn 0.985867 -0.0920209 -0.139992
vn 0.765729 0.619876 -0.171505
vn 0.789927 0.543419 -0.284095
vn 0.705688 0.646012 -0.290987
vn 0.784278 0.607343 -0.12666
vn 0.296515 -0.803413 -0.51634
vn 0.522622 -0.683812 -0.509183
vn 0.424991 -0.729636 -0.535737
vn 0.559267 -0.620083 -0.550198
vn 0.561653 -0.585516 -0.584565
vn 0.514528 -0.6645 -0.541942
vn 0.580193 -0.495226 -0.646628
vn 0.442834 -0.558779 -0.701188
vn 0.25511 -0.624961 -0.737796
vn 0.457611 -0.2161 -0.862492
vn 0.252843 -0.283137 -0.925151
vn 0.037534 -0.333468 -0.942014
vn 0.0840395 -0.0695706 -0.994031
vn -0.127812 -0.179934 -0.97534
vn -0.287131 -0.238398 -0.927751
vn -0.385076 -0.285668 -0.877559
vn -0.445208 -0.34073 -0.828066
vn -0.506252 -0.37806 -0.775099
vn -0.561617 -0.502201 -0.657557
vn 0.777332 -0.068717 -0.625326
vn 0.918584 -0.136873 -0.37077
vn 0.918386 0.0121771 -0.395498
vn 0.992896 -0.0434953 -0.110755
vn 0.97206 0.170573 -0.161261
vn 0.992772 0.0438613 0.111718
vn 0.97155 -0.228712 0.0614996
vn 0.974405 -0.151255 0.166304
vn 0.96306 -0.20054 0.179721
vn 0.975776 -0.190387 0.107768
vn 0.973997 -0.157497 0.162862
vn 0.967799 0.00329724 0.251704
vn 0.972819 -0.231215 0.0127533
vn 0.823846 -0.0334341 0.565827
vn 0.879929 -0.0290974 0.474214
vn 0.851131 -0.0969179 0.51593
vn 0.875296 -0.185015 0.446795
vn 0.870308 -0.260036 0.418264
vn 0.871502 -0.298973 0.388715
vn 0.872005 -0.297778 0.388504
vn -0.289782 0.708632 -0.643325
vn -0.334088 0.410893 -0.848264
vn -0.282587 0.530816 -0.798986
vn -0.265777 0.228464 -0.936572
vn -0.181702 0.308849 -0.933594
vn -0.250424 0.113456 -0.961465
vn -0.207636 0.0426833 -0.977274
vn -0.165804 0.0831724 -0.982645
vn -0.174087 0.198153 -0.964588
vn 0.0214887 0.0326166 -0.999237
vn 0.226147 0.0353523 -0.973451
vn 0.268063 0.178534 -0.946714
vn 0.442518 -0.417289 -0.793756
vn 0.622426 -0.143221 -0.769463
vn 0.62803 -0.0829648 -0.773754
vn 0.466253 0.246132 -0.849722
vn 0.602626 -0.129084 -0.787515
vn 0.722417 -0.341206 -0.601408
vn 0.755985 -0.328586 -0.566143
vn 0.693139 -0.455547 -0.558601
vn 0.328139 0.0877321 -0.940547
vn 0.328139 0.0877323 -0.940547
vn -0.00989289 0.155249 -0.987826
vn -0.191768 0.100896 -0.97624
vn -0.123513 -0.00191923 -0.992341
vn -0.266649 0.00109227 -0.963793
vn -0.190547 -0.200499 -0.960985
vn -0.327986 -0.0377551 -0.943928
vn -0.32783 0.162638 -0.930632
vn -0.309441 0.167077 -0.936126
vn -0.274063 0.247551 -0.929305
vn -0.169881 0.387427 -0.906113
vn -0.18867 0.442001 -0.876948
vn -0.217797 0.383448 -0.897514
vn -0.300068 0.677406 -0.671625
vn -0.489998 0.46531 -0.737149
vn -0.59548 0.248538 -0.763959
vn -0.411695 0.768896 -0.48919
vn -0.886662 0.209761 -0.412106
vn -0.814783 0.234174 -0.530368
vn -0.856544 0.115755 -0.502925
vn -0.896089 0.257567 -0.361503
vn 0.565146 0.615719 -0.54909
vn 0.323254 0.667006 -0.671274
vn 0.433992 0.637332 -0.636756
vn 0.266096 0.631112 -0.728622
vn 0.273584 0.601742 -0.750372
vn 0.308037 0.645358 -0.699018
vn 0.186803 0.501267 -0.844888
vn 0.334285 0.462615 -0.821122
vn 0.491568 0.416701 -0.764671
vn 0.175952 0.131753 -0.975542
vn 0.379823 0.0825717 -0.921367
vn 0.549268 0.0372324 -0.834816
vn 0.421419 -0.170633 -0.890668
vn 0.623891 -0.139332 -0.768991
vn 0.743959 -0.1228 -0.656845
vn 0.830497 -0.0611639 -0.553655
vn 0.874895 -0.0108653 -0.484191
vn 0.911007 0.0261375 -0.411562
vn 0.943158 0.186663 -0.274972
vn -0.318016 0.315124 -0.894183
vn -0.412449 0.52658 -0.74337
vn -0.523987 0.410749 -0.746138
vn -0.586191 0.592676 -0.552373
vn -0.729676 0.404322 -0.55145
vn -0.70079 0.613229 -0.364479
vn -0.43977 0.781457 -0.442636
vn -0.509874 0.776226 -0.370814
vn -0.447225 0.811829 -0.375397
vn -0.381361 0.795237 -0.471341
vn -0.396023 0.805213 -0.441359
vn -0.523753 0.760278 -0.384267
vn -0.390251 0.884877 -0.254354
vn -0.437051 0.880147 -0.185277
vn -0.348417 0.926944 -0.139212
vn -0.185066 0.963207 -0.194894
vn -0.092976 0.973774 -0.207651
vn -0.0352871 0.973401 -0.226376
vn 0.0106298 0.978864 -0.204234
vn 0.670862 -0.171523 -0.721474
vn 0.490625 0.101423 -0.865448
vn 0.540759 -0.0276843 -0.840722
vn 0.315413 0.197129 -0.928254
vn 0.31026 0.0851213 -0.946833
vn 0.225489 0.271658 -0.935605
vn 0.147739 0.297858 -0.943109
vn 0.145711 0.238591 -0.960126
vn 0.231998 0.147938 -0.961401
vn -0.241034 0.177368 -0.954172
vn -0.180045 0.0202214 -0.98345
vn -0.118344 -0.126775 -0.984847
vn -0.60004 -0.125046 -0.790136
vn -0.567125 -0.172912 -0.805276
vn -0.229559 -0.324774 -0.91751
vn -0.577988 -0.126102 -0.806244
vn -0.79587 -0.0554643 -0.602922
vn -0.814475 -0.0902134 -0.573143
vn -0.839694 0.0462666 -0.541085
vn -0.230857 -0.119111 -0.96567
vn -0.230857 -0.11911 -0.96567
vn 0.263361 -0.038512 -0.963928
vn 0.346983 0.131638 -0.928587
vn 0.231128 0.15425 -0.960618
vn 0.325004 0.254476 -0.910832
vn 0.133669 0.335984 -0.932334
vn 0.335957 0.321204 -0.885416
vn 0.468471 0.193539 -0.86202
vn 0.459923 0.176875 -0.870165
vn 0.495151 0.0964711 -0.863434
vn 0.523087 -0.0654036 -0.849766
vn 0.570523 -0.0888299 -0.816464
vn 0.544735 -0.0271422 -0.838169
vn 0.790443 -0.159342 -0.591447
vn 0.752076 0.12808 -0.646511
vn 0.651556 0.348716 -0.6737
vn 0.907201 -0.133463 -0.398967
vn 0.75158 0.58668 -0.301553
vn 0.739836 0.521595 -0.424949
vn 0.668911 0.626758 -0.399665
vn 0.784641 0.564986 -0.255206
vn 0.121242 -0.690837 -0.712773
vn 0.333572 -0.527561 -0.781287
vn 0.231919 -0.596812 -0.768133
vn 0.351163 -0.44918 -0.821536
vn 0.326006 -0.436801 -0.838406
vn 0.328878 -0.493217 -0.805343
vn 0.32621 -0.266131 -0.907062
vn 0.195547 -0.34528 -0.917901
vn 0.0484835 -0.434183 -0.899519
vn 0.0836321 0.0376646 -0.995785
vn -0.0968842 -0.0811159 -0.991985
vn -0.255803 -0.187836 -0.948305
vn -0.312655 0.0589335 -0.948037
vn -0.442648 -0.130738 -0.887113
vn -0.526731 -0.251708 -0.81191
vn -0.556409 -0.370528 -0.743719
vn -0.560102 -0.451085 -0.694844
vn -0.568318 -0.517574 -0.639634
vn -0.499126 -0.677814 -0.539853
vn 0.506727 0.119074 -0.853844
vn 0.714028 0.0173396 -0.699903
vn 0.708618 0.17421 -0.683748
vn 0.870357 0.0650656 -0.488103
vn 0.837313 0.295917 -0.459718
vn 0.953879 0.103692 -0.281714
vn 0.894807 -0.183297 -0.407091
vn 0.935797 -0.140404 -0.323374
vn 0.91829 -0.205556 -0.338364
vn 0.868463 -0.223579 -0.442475
vn 0.884106 -0.225958 -0.409022
vn 0.938413 -0.116792 -0.325178
vn 0.921053 -0.315045 -0.228929
vn 0.944898 -0.290081 -0.151722
vn 0.91202 -0.390416 -0.12568
vn 0.829426 -0.516319 -0.21323
vn 0.77307 -0.585449 -0.244157
vn 0.733917 -0.62182 -0.273323
vn 0.702187 -0.662901 -0.2598
vn -0.312977 0.889959 -0.33169
vn -0.50941 0.682777 -0.523754
vn -0.411046 0.765557 -0.494939
vn -0.5358 0.532735 -0.655066
vn -0.436232 0.571338 -0.695179
vn -0.567259 0.435897 -0.698721
vn -0.56804 0.392287 -0.723492
vn -0.518287 0.431202 -0.738541
vn -0.464433 0.551297 -0.69309
vn -0.331053 0.181259 -0.92604
vn -0.217084 0.312545 -0.924765
vn -0.0989071 0.430046 -0.897373
vn 0.0997382 -0.0596677 -0.993223
vn 0.130061 -0.0145303 -0.9914
vn 0.13705 0.390752 -0.910236
vn 0.103754 -0.0789471 -0.991465
vn 0.0777488 -0.121816 -0.989503
vn 0.184404 -0.372051 -0.90971
vn 0.0721066 -0.457729 -0.886163
vn -0.0251738 0.240694 -0.970275
vn -0.0251737 0.240694 -0.970275
vn -0.33563 0.427708 -0.839296
vn -0.517699 0.384496 -0.764298
vn -0.482126 0.291879 -0.826052
vn -0.605807 0.289286 -0.741155
vn -0.574944 0.110063 -0.810756
vn -0.658397 0.253332 -0.708757
vn -0.630062 0.399049 -0.666169
vn -0.615809 0.399577 -0.679057
vn -0.574581 0.47078 -0.669495
vn -0.476496 0.568913 -0.670291
vn -0.481153 0.608249 -0.631288
vn -0.517659 0.54491 -0.659623
vn -0.532389 0.757058 -0.378714
vn -0.730456 0.533088 -0.426909
vn -0.829022 0.306452 -0.467772
vn -0.600879 0.778432 -0.181626
vn -0.986284 0.138782 -0.0893502
vn -0.957665 0.192798 -0.213791
vn -0.977498 0.0630415 -0.201302
vn -0.985279 0.162457 -0.0532183
vn 0.442494 0.640753 -0.627403
vn 0.212453 0.761811 -0.61197
vn 0.308295 0.704069 -0.63972
vn 0.134069 0.752433 -0.644879
vn 0.110696 0.73237 -0.671849
vn 0.193977 0.742211 -0.641479
vn -0.00489478 0.687155 -0.726494
vn 0.118726 0.606707 -0.786009
vn 0.271982 0.492938 -0.826461
vn -0.192096 0.401251 -0.895598
vn -0.0232924 0.272561 -0.961857
vn 0.140769 0.134182 -0.980907
vn -0.0947694 0.00794002 -0.995468
vn 0.124461 -0.0875718 -0.988352
vn 0.272257 -0.168884 -0.947288
vn 0.380316 -0.206917 -0.901413
vn 0.464679 -0.213403 -0.859379
vn 0.536375 -0.230747 -0.811824
vn 0.67971 -0.181599 -0.710645
vn -0.532549 0.59478 -0.602187
vn -0.519557 0.772297 -0.365537
vn -0.635604 0.681981 -0.361815
vn -0.586004 0.804967 -0.0928864
vn -0.748033 0.656656 -0.0961764
vn -0.608567 0.779617 0.147797
vn -0.395063 0.918118 0.0313757
vn -0.434625 0.888222 0.148869
vn -0.388746 0.909405 0.147851
vn -0.418248 0.904889 0.0790264
vn -0.425096 0.89418 0.140484
vn -0.517715 0.81114 0.272071
vn -0.408369 0.912492 -0.0243693
vn -0.325972 0.765412 0.554876
vn -0.38698 0.793011 0.47051
vn -0.309475 0.815601 0.488897
vn -0.277206 0.874896 0.397132
vn -0.225338 0.91071 0.346165
vn -0.204411 0.929847 0.305942
vn -0.202723 0.930299 0.30569
vn 0.858593 -0.314936 -0.404517
vn 0.822042 -0.0160733 -0.569199
vn 0.822343 -0.147853 -0.549447
vn 0.720348 0.112899 -0.684363
vn 0.683879 0.0162899 -0.729413
vn 0.665802 0.203799 -0.717756
vn 0.630432 0.237273 -0.739092
vn 0.625255 0.17513 -0.760517
vn 0.680594 0.0483522 -0.731064
vn 0.302613 0.224169 -0.926377
vn 0.321834 0.0521506 -0.945359
vn 0.329655 -0.119146 -0.936553
vn -0.172015 0.0777757 -0.982019
vn -0.158303 0.0247105 -0.987081
vn 0.137789 -0.266938 -0.953813
vn -0.185501 0.0830736 -0.979126
vn -0.197777 0.130057 -0.971581
vn -0.448856 0.218811 -0.8664
vn -0.432217 0.355908 -0.828564
vn 0.139221 -0.0501232 -0.988992
vn 0.13922 -0.0501253 -0.988992
vn 0.351891 0.200707 -0.91427
vn 0.446903 0.350164 -0.823203
vn 0.340649 0.390246 -0.855375
vn 0.434072 0.467379 -0.770155
vn 0.262031 0.564885 -0.782461
vn 0.447159 0.520963 -0.72708
vn 0.553303 0.39719 -0.732186
vn 0.544035 0.384068 -0.746001
vn 0.575219 0.303252 -0.759711
vn 0.592207 0.155509 -0.790638
vn 0.633909 0.121493 -0.763806
vn 0.606691 0.186341 -0.772789
vn 0.834159 -0.00198438 -0.55152
vn 0.79116 0.293501 -0.536585
vn 0.685378 0.510709 -0.519069
vn 0.93668 -0.0167276 -0.349786
vn 0.735683 0.669187 -0.104686
vn 0.736147 0.632932 -0.23976
vn 0.657778 0.726862 -0.197484
vn 0.758526 0.647474 -0.0735966
vn 0.0534424 -0.697186 -0.714896
vn 0.302452 -0.595257 -0.74444
vn 0.187584 -0.634773 -0.749583
vn 0.342554 -0.524763 -0.779282
vn 0.328074 -0.502974 -0.799615
vn 0.303653 -0.562424 -0.769074
vn 0.375657 -0.348664 -0.858671
vn 0.229637 -0.389609 -0.891892
vn 0.0548439 -0.43527 -0.898628
vn 0.241849 0.00484278 -0.970302
vn 0.0335784 -0.053733 -0.997991
vn -0.161486 -0.106967 -0.981061
vn -0.136453 0.151232 -0.979035
vn -0.329084 0.0160749 -0.944164
vn -0.46103 -0.068999 -0.884698
vn -0.538757 -0.159598 -0.827206
vn -0.577588 -0.232443 -0.782536
vn -0.617197 -0.290057 -0.731392
vn -0.625507 -0.455553 -0.633414
vn 0.699067 0.130307 -0.703082
vn 0.852714 -0.0269677 -0.521682
vn 0.86336 0.118831 -0.490396
vn 0.961558 -0.0415648 -0.271437
vn 0.957976 0.179719 -0.22357
vn 0.998038 -0.0513527 -0.0358293
vn 0.933565 -0.290414 -0.210041
vn 0.958515 -0.266298 -0.101661
vn 0.94054 -0.317025 -0.121981
vn 0.930155 -0.296145 -0.21705
vn 0.936682 -0.306259 -0.169799
vn 0.973581 -0.22565 -0.0349542
vn 0.912193 -0.409262 0.0201939
vn 0.911756 -0.394727 0.113541
vn 0.869926 -0.480731 0.110122
vn 0.835171 -0.549716 -0.0173964
vn 0.796049 -0.599684 -0.0817573
vn 0.773324 -0.620624 -0.1296
vn 0.748843 -0.648466 -0.136847
vn -0.412752 0.818147 -0.400339
vn -0.513426 0.574068 -0.63784
vn -0.445456 0.677286 -0.585536
vn -0.475109 0.420574 -0.772909
vn -0.383614 0.48999 -0.782784
vn -0.472104 0.317663 -0.822319
vn -0.446328 0.2649 -0.854763
vn -0.4061 0.309607 -0.859783
vn -0.40318 0.423845 -0.811049
vn -0.0991611 0.116439 -0.988235
vn -0.0357531 0.272114 -0.961601
vn 0.0233589 0.406323 -0.913431
vn 0.38811 0.0337432 -0.920995
vn 0.400308 0.0874044 -0.912203
vn 0.245064 0.440953 -0.863426
vn 0.383715 0.0236981 -0.923147
vn 0.376513 -0.0278958 -0.925991
vn 0.558414 -0.218747 -0.800202
vn 0.486406 -0.342317 -0.803883
vn 0.122126 0.262902 -0.957062
vn 0.122127 0.262903 -0.957062
vn -0.26292 0.548666 -0.793624
vn -0.443353 0.468695 -0.764044
vn -0.383325 0.396308 -0.834267
vn -0.517149 0.360219 -0.776401
vn -0.446298 0.202415 -0.871692
vn -0.569692 0.309071 -0.761529
vn -0.571777 0.451346 -0.685097
vn -0.557028 0.453349 -0.695841
vn -0.528398 0.523211 -0.668614
vn -0.444311 0.629313 -0.637615
vn -0.461822 0.658572 -0.594141
vn -0.489603 0.595584 -0.636843
vn -0.564228 0.753406 -0.337677
vn -0.728411 0.522966 -0.442633
vn -0.798027 0.292973 -0.526611
vn -0.656621 0.737664 -0.157166
vn -0.979586 0.0670083 -0.189527
vn -0.943133 0.138696 -0.3021
vn -0.951322 0.00634799 -0.308134
vn -0.985565 0.0897184 -0.143567
vn 0.331823 0.791132 -0.513812
vn 0.082746 0.853075 -0.515185
vn 0.187278 0.821892 -0.537978
vn 0.0140342 0.829691 -0.558046
vn -0.00874715 0.805393 -0.592677
vn 0.0763394 0.833211 -0.54766
vn -0.0830958 0.748996 -0.657344
vn 0.0632142 0.704606 -0.706778
vn 0.247705 0.629365 -0.736574
vn -0.171472 0.45599 -0.87331
vn 0.027883 0.370125 -0.928563
vn 0.22203 0.265727 -0.938132
vn 0.0140283 0.0981706 -0.995071
vn 0.244984 0.0417605 -0.968627
vn 0.401143 -0.0184298 -0.91583
vn 0.504933 -0.0460648 -0.861928
vn 0.584828 -0.0434651 -0.809992
vn 0.65366 -0.0546762 -0.75481
vn 0.773854 0.00433948 -0.633349
vn -0.513892 0.564623 -0.645845
vn -0.579533 0.71232 -0.395906
vn -0.679527 0.600615 -0.421313
vn -0.704766 0.695429 -0.140296
vn -0.83195 0.520846 -0.191257
vn -0.769849 0.633262 0.0794434
vn -0.568258 0.822227 0.0320184
vn -0.625223 0.768804 0.134297
vn -0.583053 0.798924 0.147546
vn -0.593932 0.801222 0.0727227
vn -0.616111 0.777531 0.12591
vn -0.723348 0.657599 0.21055
vn -0.612374 0.70384 0.360009
vn -0.642357 0.630367 0.435906
vn -0.5754 0.662402 0.479728
vn -0.525951 0.744524 0.411168
vn -0.468763 0.79542 0.384146
vn -0.440826 0.824298 0.355253
vn -0.43916 0.825034 0.355609
vn -0.259523 -0.676847 -0.688858
vn -0.0167304 -0.48108 -0.876517
vn -0.138216 -0.535973 -0.832844
vn 0.0620155 -0.297562 -0.952686
vn -0.0541417 -0.299263 -0.952633
vn 0.130936 -0.202352 -0.97052
vn 0.149776 -0.119789 -0.981437
vn 0.0913716 -0.119833 -0.98858
vn 0.016211 -0.209466 -0.977682
vn -0.00808453 0.0476206 -0.998833
vn -0.157701 0.185914 -0.969828
vn -0.289303 0.110375 -0.950853
vn -0.00262131 0.649736 -0.760156
vn -0.32361 0.577693 -0.749365
vn -0.369553 0.537976 -0.757636
vn -0.482808 0.194067 -0.853952
vn -0.320565 0.550805 -0.770618
vn -0.261341 0.778041 -0.571273
vn -0.294863 0.790843 -0.536305
vn -0.161405 0.83691 -0.523001
vn -0.273921 0.207634 -0.939072
vn -0.27392 0.207634 -0.939072
vn -0.0714019 -0.0670216 -0.995193
vn 0.0968288 -0.154156 -0.983291
vn 0.119136 -0.0317524 -0.99237
vn 0.219445 -0.134588 -0.966297
vn 0.304292 0.0639332 -0.950431
vn 0.290495 -0.150087 -0.945033
vn 0.148984 -0.296849 -0.943231
vn 0.132645 -0.287245 -0.948628
vn 0.0507935 -0.320808 -0.945781
vn -0.125035 -0.351154 -0.927931
vn -0.151047 -0.40518 -0.901673
vn -0.0896362 -0.383521 -0.919172
vn -0.245594 -0.662476 -0.707678
vn 0.0391472 -0.64267 -0.765142
vn 0.26585 -0.562406 -0.782958
vn -0.237874 -0.815373 -0.52781
vn 0.490571 -0.756785 -0.431991
vn 0.424834 -0.718674 -0.550476
vn 0.536847 -0.665623 -0.518403
vn 0.46202 -0.800259 -0.38226
vn -0.819391 -0.0266561 -0.572614
vn -0.673276 -0.224556 -0.704467
vn -0.735871 -0.128598 -0.664798
vn -0.604514 -0.235481 -0.760994
vn -0.591981 -0.206393 -0.779076
vn -0.644427 -0.220767 -0.732104
vn -0.449922 -0.188457 -0.872957
vn -0.53223 -0.0626729 -0.844277
vn -0.617001 0.0699809 -0.783845
vn -0.185255 0.0845201 -0.979049
vn -0.306698 0.252206 -0.917784
vn -0.405784 0.389798 -0.826678
vn -0.175814 0.46485 -0.867758
vn -0.355192 0.56476 -0.744906
vn -0.46181 0.621457 -0.632868
vn -0.576619 0.620498 -0.5315
vn -0.645833 0.605261 -0.465359
vn -0.700307 0.594327 -0.395406
vn -0.835164 0.479222 -0.269902
vn 0.0407202 -0.401829 -0.914809
vn -0.0424988 -0.625059 -0.77942
vn 0.118702 -0.619307 -0.776124
vn 0.0300212 -0.801815 -0.596817
vn 0.265929 -0.767077 -0.583845
vn 0.0910556 -0.906288 -0.412735
vn -0.215354 -0.837838 -0.501648
vn -0.165782 -0.885975 -0.433087
vn -0.236678 -0.865749 -0.440979
vn -0.274393 -0.797412 -0.53744
vn -0.275199 -0.814988 -0.509961
vn -0.159519 -0.87663 -0.453954
vn -0.354646 -0.873086 -0.334585
vn -0.325535 -0.906696 -0.268198
vn -0.425965 -0.876294 -0.225083
vn -0.570008 -0.773054 -0.278349
vn -0.641047 -0.710872 -0.289344
vn -0.680489 -0.66571 -0.30621
vn -0.721043 -0.633532 -0.280595
vn 0.921229 -0.307898 -0.237774
vn 0.859016 -0.0859967 -0.504674
vn 0.872016 -0.201362 -0.446141
vn 0.746854 -0.018443 -0.664732
vn 0.726106 -0.133621 -0.674475
vn 0.682182 0.0463386 -0.729712
vn 0.642967 0.0592272 -0.763601
vn 0.649304 1.22211e-005 -0.760529
vn 0.721143 -0.0727852 -0.688952
vn 0.33989 -0.110492 -0.933952
vn 0.40557 -0.258783 -0.876667
vn 0.45371 -0.385325 -0.803537
vn -0.0463362 -0.411238 -0.91035
vn -0.0184413 -0.455177 -0.89021
vn 0.324291 -0.565263 -0.758494
vn -0.0529571 -0.39802 -0.915847
vn -0.0866336 -0.358338 -0.929564
vn -0.365775 -0.361039 -0.857822
vn -0.406966 -0.226311 -0.884965
vn 0.291246 -0.357416 -0.887372
vn 0.291246 -0.357416 -0.887372
vn 0.381076 -0.0542026 -0.922954
vn 0.455119 0.121541 -0.882097
vn 0.344949 0.138952 -0.928279
vn 0.427703 0.245435 -0.869961
vn 0.241865 0.317946 -0.91674
vn 0.433122 0.312777 -0.845326
vn 0.559494 0.197229 -0.805027
vn 0.551603 0.181407 -0.814141
vn 0.588494 0.104476 -0.801723
vn 0.61806 -0.0473983 -0.784701
vn 0.661307 -0.065804 -0.747223
vn 0.632593 -0.00390625 -0.774475
vn 0.855456 -0.108906 -0.506294
vn 0.801229 0.176428 -0.571756
vn 0.685974 0.390927 -0.61369
vn 0.947653 -0.0647873 -0.312661
vn 0.725763 0.643249 -0.243924
vn 0.730634 0.576286 -0.366153
vn 0.648492 0.676235 -0.349521
vn 0.754051 0.62606 -0.198635
vn 0.183535 -0.875472 -0.447062
vn 0.41371 -0.766265 -0.491611
vn 0.311863 -0.81009 -0.496483
vn 0.44591 -0.709915 -0.545147
vn 0.442304 -0.680551 -0.584138
vn 0.403991 -0.750691 -0.522737
vn 0.453133 -0.599112 -0.660102
vn 0.307836 -0.663912 -0.681511
vn 0.118748 -0.726988 -0.676304
vn 0.298579 -0.346546 -0.889245
vn 0.086736 -0.415141 -0.905613
vn -0.124979 -0.460654 -0.878737
vn -0.0868559 -0.20817 -0.974229
vn -0.290554 -0.310702 -0.90501
vn -0.436768 -0.359353 -0.824682
vn -0.524752 -0.403085 -0.749771
vn -0.574434 -0.451021 -0.683085
vn -0.62449 -0.481279 -0.615128
vn -0.656384 -0.592185 -0.467415
vn 0.713022 -0.0209418 -0.700829
vn 0.879463 -0.0850637 -0.468305
vn 0.870408 0.0673325 -0.487705
vn 0.975213 0.00941241 -0.221067
vn 0.938308 0.227434 -0.260483
vn 0.995604 0.0935903 -0.00376212
vn 0.980294 -0.187896 -0.0609732
vn 0.99262 -0.115275 0.0376568
vn 0.984221 -0.170725 0.0465029
vn 0.984149 -0.173686 -0.0358282
vn 0.989012 -0.147185 0.0138537
vn 0.995225 0.00675247 0.0973761
vn 0.962032 -0.119318 0.245474
vn 0.944405 -0.0516045 0.32471
vn 0.920781 -0.126832 0.368884
vn 0.926511 -0.231613 0.296534
vn 0.912227 -0.309178 0.268795
vn 0.905365 -0.350707 0.239415
vn 0.900582 -0.361088 0.242008
vn -0.233075 0.710302 -0.664189
vn -0.361498 0.421479 -0.83167
vn -0.281344 0.531339 -0.799077
vn -0.344245 0.22827 -0.910707
vn -0.247343 0.28626 -0.925676
vn -0.356493 0.113406 -0.92739
vn -0.33507 0.0361025 -0.941501
vn -0.285056 0.0684403 -0.956064
vn -0.258865 0.189592 -0.947124
vn -0.01653 -0.217721 -0.975871
vn 0.0786562 -0.0774377 -0.99389
vn 0.164783 0.0543911 -0.984829
vn 0.437343 -0.359767 -0.824196
vn 0.45875 -0.30575 -0.834305
vn 0.390245 0.0663629 -0.918316
vn 0.426874 -0.346444 -0.835317
vn 0.493877 -0.577711 -0.649873
vn 0.533406 -0.575378 -0.620015
vn 0.435535 -0.675789 -0.594658
vn 0.224173 -0.0598897 -0.972707
vn 0.224175 -0.0598883 -0.972707
vn -0.118442 0.317167 -0.940945
vn -0.306985 0.28822 -0.907022
vn -0.261174 0.183173 -0.947753
vn -0.397116 0.199823 -0.895751
vn -0.357831 -0.000164061 -0.933786
vn -0.458447 0.169368 -0.872434
vn -0.427862 0.344243 -0.835721
vn -0.409761 0.346106 -0.843982
vn -0.363725 0.418796 -0.832054
vn -0.248158 0.527671 -0.812392
vn -0.25625 0.576224 -0.776081
vn -0.293361 0.519947 -0.802244
vn -0.325665 0.775744 -0.540522
vn -0.5403 0.582394 -0.607366
vn -0.664456 0.373635 -0.647222
vn -0.415075 0.840477 -0.348298
vn -0.914049 0.293458 -0.279994
vn -0.85492 0.328327 -0.401638
vn -0.900038 0.207776 -0.383093
vn -0.91496 0.329422 -0.233088
vn 0.50215 0.538739 -0.676466
vn 0.252427 0.631164 -0.733425
vn 0.363788 0.582944 -0.726522
vn 0.17866 0.605844 -0.775264
vn 0.177203 0.579116 -0.795753
vn 0.230588 0.608684 -0.759166
vn 0.0445649 0.495713 -0.867342
vn 0.182885 0.428489 -0.884845
vn 0.341558 0.347287 -0.873344
vn -0.0800823 0.140384 -0.986853
vn 0.11577 0.046606 -0.992182
vn 0.292307 -0.0407273 -0.955457
vn 0.103972 -0.217497 -0.970507
vn 0.332653 -0.24075 -0.911801
vn 0.480078 -0.26111 -0.837465
vn 0.593752 -0.239212 -0.768268
vn 0.665873 -0.207841 -0.71653
vn 0.728044 -0.188177 -0.659198
vn 0.832822 -0.0625933 -0.549991
vn -0.380887 0.422051 -0.822678
vn -0.414062 0.639466 -0.647793
vn -0.540076 0.546114 -0.640372
vn -0.542361 0.724661 -0.425102
vn -0.712294 0.566815 -0.413954
vn -0.621931 0.753231 -0.214113
vn -0.358483 0.876012 -0.322635
vn -0.419295 0.877116 -0.234221
vn -0.358352 0.90124 -0.243621
vn -0.325423 0.880852 -0.343802
vn -0.337095 0.890479 -0.305639
vn -0.462062 0.859187 -0.219767
vn -0.302526 0.947161 -0.1066
vn -0.341698 0.939466 -0.0254341
vn -0.24734 0.968908 0.00629817
vn -0.11312 0.990364 -0.0798971
vn -0.0272002 0.993354 -0.111842
vn 0.0221844 0.989557 -0.142424
vn 0.0638663 0.989162 -0.132212
vn -0.556466 -0.739984 -0.377849
vn -0.269905 -0.777737 -0.567693
vn -0.395225 -0.744636 -0.53788
vn -0.127347 -0.709158 -0.693453
vn -0.216011 -0.648478 -0.729942
vn -0.0281529 -0.678517 -0.734045
vn 0.0119941 -0.6501 -0.759754
vn -0.0470891 -0.629431 -0.775628
vn -0.176041 -0.654252 -0.735502
vn 0.0621814 -0.319469 -0.945554
vn -0.109657 -0.299159 -0.947881
vn -0.272221 -0.26956 -0.923706
vn 0.0191485 0.177125 -0.984002
vn -0.0354093 0.176248 -0.983709
vn -0.371958 -0.0525203 -0.926763
vn 0.031174 0.188517 -0.981575
vn 0.0811628 0.191445 -0.978142
vn 0.223277 0.419118 -0.88005
vn 0.357201 0.374714 -0.855568
vn -0.158264 -0.104374 -0.981865
vn -0.148351 -0.478433 -0.865502
vn -0.0148694 -0.60884 -0.793154
vn 0.0449692 -0.524947 -0.849946
vn 0.111481 -0.63042 -0.768208
vn 0.24733 -0.501724 -0.828915
vn 0.169084 -0.65605 -0.735533
vn 0.027064 -0.715671 -0.697913
vn 0.0177737 -0.703665 -0.710309
vn -0.0658777 -0.708511 -0.702618
vn -0.205827 -0.680021 -0.703709
vn -0.238458 -0.707013 -0.665785
vn -0.166478 -0.702545 -0.691893
vn -0.346161 -0.840365 -0.417083
vn -0.0512342 -0.885772 -0.461284
vn 0.1922 -0.846687 -0.496165
vn -0.334764 -0.916601 -0.218575
vn 0.409516 -0.905237 -0.113325
vn 0.350515 -0.905531 -0.239067
vn 0.470232 -0.853973 -0.222739
vn 0.387514 -0.918707 -0.0762256
vn -0.765421 0.039435 -0.642321
vn -0.736249 -0.221455 -0.639449
vn -0.742551 -0.107027 -0.661184
vn -0.683612 -0.280112 -0.673952
vn -0.65516 -0.284247 -0.699978
vn -0.708846 -0.226246 -0.668095
vn -0.545971 -0.357898 -0.757512
vn -0.548431 -0.208482 -0.809789
vn -0.541399 -0.018852 -0.840554
vn -0.197011 -0.344162 -0.918008
vn -0.187838 -0.130109 -0.973544
vn -0.16969 0.0815502 -0.982117
vn 0.0691083 -0.0364428 -0.996943
vn 0.0181761 0.196091 -0.980417
vn -0.00359858 0.360005 -0.932943
vn -0.0399168 0.46826 -0.882689
vn -0.0855217 0.537987 -0.838604
vn -0.115246 0.603527 -0.78897
vn -0.243666 0.685958 -0.68563
vn -0.182915 -0.746529 -0.639716
vn -0.343371 -0.843022 -0.414016
vn -0.202904 -0.890737 -0.406716
vn -0.340456 -0.928697 -0.147006
vn -0.125232 -0.98167 -0.143671
vn -0.313479 -0.945162 0.0916522
vn -0.547225 -0.836429 -0.0305091
vn -0.50511 -0.858958 0.0839947
vn -0.549892 -0.8314 0.0799572
vn -0.533139 -0.846021 0.00318573
vn -0.524483 -0.849196 0.0615192
vn -0.41141 -0.891325 0.190479
vn -0.53654 -0.791147 0.293618
vn -0.485846 -0.783172 0.388066
vn -0.550456 -0.72935 0.406259
vn -0.62177 -0.719851 0.308572
vn -0.678463 -0.688317 0.256726
vn -0.705167 -0.675465 0.215608
vn -0.712041 -0.668565 0.21452
vn -0.208506 0.880825 -0.425055
vn -0.432406 0.679578 -0.592621
vn -0.32373 0.754643 -0.570712
vn -0.479815 0.520363 -0.7064
vn -0.378307 0.545175 -0.74811
vn -0.52376 0.423254 -0.739278
vn -0.530712 0.371923 -0.761589
vn -0.476097 0.401537 -0.782368
vn -0.404423 0.517955 -0.753767
vn -0.329005 0.1007 -0.938944
vn -0.198052 0.21318 -0.956729
vn -0.0631056 0.315873 -0.946701
vn 0.0633523 -0.207962 -0.976083
vn 0.0993231 -0.166554 -0.981017
vn 0.166704 0.24154 -0.955965
vn 0.0655387 -0.220644 -0.97315
vn 0.0338394 -0.257694 -0.965634
vn 0.104235 -0.512343 -0.852432
vn -0.0184789 -0.576869 -0.816628
vn -0.0139963 0.122305 -0.992394
vn -0.0139963 0.122305 -0.992394
vn -0.3429 0.162192 -0.925264
vn -0.521064 0.160534 -0.838285
vn -0.494929 0.0486942 -0.867568
vn -0.612201 0.0861958 -0.78599
vn -0.597959 -0.112608 -0.793577
vn -0.665066 0.0684233 -0.743644
vn -0.619511 0.228018 -0.751141
vn -0.602931 0.227692 -0.764611
vn -0.551916 0.298276 -0.77873
vn -0.435352 0.395171 -0.808893
vn -0.429973 0.449897 -0.782761
vn -0.469054 0.392449 -0.791184
vn -0.437648 0.691896 -0.574234
vn -0.662718 0.496983 -0.56019
vn -0.788566 0.291773 -0.541324
vn -0.482908 0.791956 -0.373638
vn -0.957317 0.259098 -0.128108
vn -0.924317 0.276498 -0.263035
vn -0.962255 0.161042 -0.219387
vn -0.951614 0.291906 -0.0960254
vn 0.565293 0.420091 -0.709906
vn 0.341589 0.569276 -0.747825
vn 0.438988 0.496053 -0.749147
vn 0.261285 0.562603 -0.784352
vn 0.252496 0.537802 -0.804372
vn 0.313611 0.552116 -0.772539
vn 0.0977393 0.489537 -0.866487
vn 0.214197 0.391376 -0.894955
vn 0.349598 0.273366 -0.896132
vn -0.117469 0.177438 -0.977096
vn 0.0489784 0.0386589 -0.998051
vn 0.202062 -0.0907764 -0.975157
vn -0.0243359 -0.21625 -0.976035
vn 0.195449 -0.296832 -0.934714
vn 0.338786 -0.35526 -0.871214
vn 0.457373 -0.365333 -0.810767
vn 0.538372 -0.354532 -0.764502
vn 0.607191 -0.352848 -0.711911
vn 0.746295 -0.262094 -0.611841
vn -0.482396 0.494153 -0.723262
vn -0.440642 0.712233 -0.546406
vn -0.569306 0.640674 -0.515197
vn -0.494828 0.815494 -0.300191
vn -0.678521 0.690011 -0.251981
vn -0.512628 0.855978 -0.067194
vn -0.272216 0.931943 -0.239541
vn -0.308427 0.941788 -0.133819
vn -0.254702 0.954574 -0.154643
vn -0.260863 0.931647 -0.252949
vn -0.25698 0.943836 -0.207689
vn -0.348614 0.934024 -0.0778956
vn -0.15965 0.986948 -0.0211149
vn -0.173462 0.982311 0.0705342
vn -0.0764716 0.994689 0.0688901
vn 0.0101447 0.998286 -0.0576444
vn 0.0769146 0.989865 -0.119381
vn 0.1097 0.980024 -0.16589
vn 0.150087 0.973636 -0.171774
vn -0.4789 -0.783014 -0.396918
vn -0.214141 -0.747268 -0.629075
vn -0.338524 -0.741441 -0.579367
vn -0.100428 -0.637978 -0.763478
vn -0.206307 -0.595136 -0.776692
vn -0.0131186 -0.583474 -0.812026
vn 0.0192892 -0.535904 -0.844059
vn -0.0402283 -0.524668 -0.850356
vn -0.142462 -0.579928 -0.802115
vn -0.0276873 -0.166352 -0.985678
vn -0.194825 -0.190144 -0.962231
vn -0.342829 -0.206207 -0.916486
vn -0.202915 0.298114 -0.932713
vn -0.255335 0.28198 -0.92482
vn -0.486294 -0.0305914 -0.87326
vn -0.191815 0.301604 -0.933939
vn -0.143617 0.320979 -0.936134
vn -0.0706246 0.575301 -0.814887
vn 0.0724938 0.574398 -0.81536
vn -0.269437 -0.0432978 -0.962044
vn -0.269437 -0.0432978 -0.962044
vn -0.319891 -0.522757 -0.790186
vn -0.157738 -0.634973 -0.756259
vn -0.126216 -0.547381 -0.827311
vn -0.026248 -0.641826 -0.766401
vn 0.0725134 -0.501285 -0.862238
vn 0.0443422 -0.659746 -0.75018
vn -0.0758115 -0.733729 -0.6752
vn -0.0849997 -0.722329 -0.686306
vn -0.159775 -0.734098 -0.659979
vn -0.293609 -0.717517 -0.631635
vn -0.309859 -0.747009 -0.588188
vn -0.241089 -0.737873 -0.630412
vn -0.339056 -0.880618 -0.330987
vn -0.0551975 -0.899845 -0.432704
vn 0.177804 -0.838563 -0.514973
vn -0.278251 -0.948789 -0.149586
vn 0.462781 -0.868875 -0.175756
vn 0.38376 -0.877056 -0.288965
vn 0.500521 -0.81407 -0.294566
vn 0.446582 -0.88513 -0.130804
vn -0.839357 -0.135079 -0.52653
vn -0.763281 -0.380181 -0.522364
vn -0.790511 -0.274801 -0.547337
vn -0.706879 -0.427579 -0.56347
vn -0.674026 -0.434867 -0.597143
vn -0.742227 -0.375926 -0.554778
vn -0.585153 -0.47114 -0.660017
vn -0.621948 -0.324001 -0.712884
vn -0.652472 -0.127991 -0.746926
vn -0.284253 -0.399215 -0.871681
vn -0.313135 -0.185296 -0.931457
vn -0.324386 0.0345751 -0.945293
vn -0.0725755 -0.056902 -0.995738
vn -0.144715 0.170342 -0.974701
vn -0.175314 0.336059 -0.925381
vn -0.206555 0.440082 -0.873878
vn -0.251118 0.50789 -0.824007
vn -0.278193 0.573459 -0.770554
vn -0.392981 0.647594 -0.652831
vn -0.205347 -0.743364 -0.636586
vn -0.301684 -0.871948 -0.385609
vn -0.154593 -0.899557 -0.408533
vn -0.227048 -0.965613 -0.126648
vn -0.0115671 -0.98468 -0.173986
vn -0.144153 -0.984888 0.095997
vn -0.408507 -0.911766 0.0424773
vn -0.334956 -0.930692 0.147022
vn -0.382169 -0.910255 0.159317
vn -0.375736 -0.922755 0.0857089
vn -0.34483 -0.928105 0.140407
vn -0.188142 -0.954794 0.230156
vn -0.417137 -0.908768 -0.0117005
vn -0.203812 -0.812418 0.546295
vn -0.209511 -0.866318 0.453429
vn -0.271911 -0.82531 0.494902
vn -0.364163 -0.829094 0.424251
vn -0.436631 -0.808294 0.394987
vn -0.474925 -0.800759 0.36501
vn -0.47546 -0.800393 0.365115
vn 0.71846 0.162985 -0.676203
vn 0.421234 0.239471 -0.874766
vn 0.535331 0.174267 -0.826469
vn 0.227187 0.193174 -0.9545
vn 0.296925 0.0996166 -0.949691
vn 0.109678 0.192494 -0.97515
vn 0.0321934 0.158334 -0.986861
vn 0.0660931 0.111361 -0.99158
vn 0.180823 0.105382 -0.977854
vn -0.00972211 -0.0678725 -0.997647
vn -0.0311436 -0.270099 -0.962329
vn 0.106571 -0.328538 -0.938459
vn -0.499638 -0.418873 -0.758227
vn -0.247237 -0.630427 -0.735823
vn -0.187199 -0.643357 -0.742326
vn 0.154038 -0.529142 -0.834434
vn -0.22624 -0.610787 -0.758785
vn -0.446416 -0.697391 -0.560676
vn -0.436782 -0.730879 -0.52444
vn -0.554642 -0.652806 -0.515961
vn 0.0205149 -0.367814 -0.929673
vn 0.0205149 -0.367814 -0.929673
vn 0.118062 -0.0507702 -0.991708
vn 0.0913213 0.136823 -0.986377
vn -0.0213151 0.08357 -0.996274
vn 0.00377839 0.225824 -0.974161
vn -0.208253 0.180136 -0.961344
vn -0.0257259 0.29387 -0.955499
vn 0.177393 0.263409 -0.948234
vn 0.178633 0.24469 -0.953004
vn 0.252727 0.197498 -0.947166
vn 0.378355 0.0716465 -0.922884
vn 0.436733 0.08271 -0.895781
vn 0.383892 0.120848 -0.915436
vn 0.696976 0.158552 -0.699347
vn 0.519149 0.379366 -0.765876
vn 0.323587 0.519772 -0.790651
vn 0.814019 0.256782 -0.520995
vn 0.35044 0.823571 -0.446008
vn 0.358334 0.745083 -0.562537
vn 0.250285 0.807816 -0.533657
vn 0.402521 0.825935 -0.394725
vn 0.511894 -0.668314 -0.539742
vn 0.591049 -0.439455 -0.676417
vn 0.548213 -0.543868 -0.63535
vn 0.561404 -0.37956 -0.735364
vn 0.53013 -0.385173 -0.755383
vn 0.57211 -0.420168 -0.704378
vn 0.437507 -0.2884 -0.851712
vn 0.382313 -0.428004 -0.818932
vn 0.321756 -0.572869 -0.753853
vn 0.06615 -0.239135 -0.96873
vn -0.00223867 -0.433096 -0.901345
vn -0.0601736 -0.590417 -0.804852
vn -0.252982 -0.448062 -0.857462
vn -0.235062 -0.646993 -0.725359
vn -0.22341 -0.762194 -0.607576
vn -0.159274 -0.851464 -0.499641
vn -0.108765 -0.896481 -0.429526
vn -0.070371 -0.931728 -0.356273
vn 0.0986062 -0.96993 -0.222515
vn 0.323209 0.236645 -0.916261
vn 0.550259 0.304113 -0.777644
vn 0.451357 0.43211 -0.780742
vn 0.647034 0.472829 -0.598146
vn 0.480752 0.643886 -0.595221
vn 0.691223 0.589698 -0.417693
vn 0.817318 0.299712 -0.492101
vn 0.82552 0.37083 -0.425444
vn 0.851169 0.301366 -0.429756
vn 0.820635 0.22916 -0.523493
vn 0.83426 0.240891 -0.495966
vn 0.813467 0.37383 -0.445558
vn 0.922588 0.221518 -0.315849
vn 0.930122 0.268464 -0.250601
vn 0.964032 0.17239 -0.202296
vn 0.968542 -0.00444612 -0.248811
vn 0.961559 -0.098273 -0.25641
vn 0.949555 -0.15693 -0.271512
vn 0.947447 -0.205443 -0.245228
vn -0.434092 0.864393 -0.25375
vn -0.545853 0.658749 -0.517779
vn -0.473977 0.750912 -0.459866
vn -0.513657 0.528906 -0.675585
vn -0.418154 0.596038 -0.685482
vn -0.51336 0.436111 -0.7391
vn -0.494033 0.39773 -0.773138
vn -0.456408 0.444075 -0.771032
vn -0.455483 0.547884 -0.701683
vn -0.158514 0.297889 -0.941348
vn -0.0996434 0.449971 -0.887467
vn -0.0437529 0.574929 -0.817032
vn 0.327963 0.234579 -0.915103
vn 0.339445 0.285679 -0.896195
vn 0.175517 0.610539 -0.772293
vn 0.323784 0.220348 -0.920115
vn 0.319236 0.168367 -0.932599
vn 0.516878 -0.0270397 -0.855632
vn 0.450119 -0.151639 -0.879999
vn 0.0529479 0.438082 -0.897375
vn -0.229266 0.292249 -0.928454
vn -0.40581 0.221063 -0.88682
vn -0.340052 0.129981 -0.931381
vn -0.4739 0.114383 -0.873118
vn -0.393531 -0.0693366 -0.916693
vn -0.52536 0.0711166 -0.847903
vn -0.533101 0.243491 -0.810257
vn -0.516243 0.249243 -0.819372
vn -0.487855 0.330177 -0.808072
vn -0.401101 0.459562 -0.792414
vn -0.418596 0.504015 -0.755477
vn -0.441919 0.439971 -0.78175
vn -0.525302 0.676423 -0.516245
vn -0.688992 0.436058 -0.578916
vn -0.759481 0.202977 -0.618052
vn -0.621771 0.713864 -0.32218
vn -0.967382 0.0579942 -0.246593
vn -0.923073 0.107311 -0.369353
vn -0.936041 -0.02107 -0.35126
vn -0.97528 0.0907586 -0.201473
vn 0.489537 0.74211 -0.457851
vn 0.24872 0.826375 -0.505215
vn 0.352557 0.785594 -0.508473
vn 0.186071 0.808225 -0.558704
vn 0.169347 0.784459 -0.596612
vn 0.244 0.808118 -0.536106
vn 0.101174 0.731919 -0.673838
vn 0.249802 0.675498 -0.693759
vn 0.427493 0.588248 -0.68645
vn 0.0324409 0.438402 -0.898193
vn 0.231429 0.339098 -0.911841
vn 0.413444 0.224951 -0.882305
vn 0.210591 0.0693387 -0.975112
vn 0.427774 0.00271922 -0.903882
vn 0.565924 -0.0619301 -0.822128
vn 0.660116 -0.0890988 -0.745861
vn 0.728842 -0.0875024 -0.679068
vn 0.785579 -0.0987295 -0.610834
vn 0.88533 -0.0371726 -0.463475
vn -0.489063 0.506709 -0.709974
vn -0.5613 0.673377 -0.48115
vn -0.662854 0.558771 -0.498396
vn -0.695908 0.678629 -0.234893
vn -0.824355 0.497262 -0.270496
vn -0.770076 0.637716 -0.0173652
vn -0.558995 0.825421 -0.0787641
vn -0.618899 0.785226 0.0196218
vn -0.573143 0.819007 0.0271065
vn -0.568994 0.82039 -0.0566166
vn -0.590618 0.806917 -0.00738899
vn -0.704113 0.705873 0.0772599
vn -0.589936 0.775907 0.223482
vn -0.62563 0.718562 0.303736
vn -0.554807 0.756108 0.347117
vn -0.481472 0.832792 0.273207
vn -0.415312 0.876161 0.244657
vn -0.380162 0.899617 0.214863
vn -0.367574 0.904118 0.217851
vn -0.338201 -0.677037 -0.653637
vn -0.0431042 -0.567276 -0.822399
vn -0.177405 -0.587215 -0.789751
vn 0.0815079 -0.420311 -0.903712
vn -0.0276303 -0.392248 -0.919444
vn 0.17146 -0.348464 -0.921507
vn 0.211 -0.279653 -0.936629
vn 0.152641 -0.267299 -0.951447
vn 0.0477058 -0.334021 -0.941357
vn 0.166985 0.124064 -0.978123
vn 0.000310903 0.0928235 -0.995683
vn -0.154247 0.0616024 -0.98611
vn -0.0503628 0.550068 -0.8336
vn -0.103674 0.527472 -0.843223
vn -0.321032 0.215101 -0.922318
vn -0.0519253 0.534638 -0.843485
vn 0.0657816 0.746927 -0.661644
vn 0.0364112 0.77393 -0.632224
vn 0.176667 0.774983 -0.606786
vn -0.113847 0.188416 -0.975468
vn -0.113847 0.188416 -0.975468
vn -0.140989 -0.32321 -0.935766
vn 0.0132446 -0.435515 -0.900084
vn 0.0548645 -0.329685 -0.942495
vn 0.139677 -0.436531 -0.88878
vn 0.252664 -0.268388 -0.929585
vn 0.204506 -0.457867 -0.865179
vn 0.0606453 -0.558726 -0.827132
vn 0.0466382 -0.547326 -0.835619
vn -0.0370646 -0.56623 -0.823414
vn -0.194566 -0.561513 -0.804268
vn -0.222779 -0.601017 -0.76756
vn -0.156572 -0.587233 -0.79413
vn -0.312305 -0.788207 -0.530278
vn -0.0233802 -0.801834 -0.597089
vn 0.211796 -0.740479 -0.637835
vn -0.293042 -0.894487 -0.337669
vn 0.446697 -0.852966 -0.27002
vn 0.380087 -0.837878 -0.391784
vn 0.496836 -0.783161 -0.373916
vn 0.422468 -0.878387 -0.223511
vn -0.735422 -0.0359918 -0.676653
vn -0.625137 -0.278626 -0.729089
vn -0.669254 -0.165734 -0.724314
vn -0.555254 -0.313541 -0.770315
vn -0.534833 -0.296532 -0.791216
vn -0.593994 -0.277955 -0.754925
vn -0.383403 -0.332446 -0.861674
vn -0.432954 -0.18694 -0.881819
vn -0.486918 -0.0158883 -0.873303
vn -0.043627 -0.173466 -0.983873
vn -0.113979 0.0320942 -0.992965
vn -0.175411 0.220677 -0.959444
vn 0.0834096 0.209387 -0.974269
vn -0.0595799 0.390373 -0.918727
vn -0.147884 0.511755 -0.846308
vn -0.241606 0.579271 -0.778506
vn -0.314259 0.610137 -0.727306
vn -0.371534 0.642182 -0.670496
vn -0.533743 0.632219 -0.56162
vn -0.0299216 -0.580782 -0.813509
vn -0.160193 -0.755598 -0.635145
vn -0.00542733 -0.778336 -0.627824
vn -0.129704 -0.903089 -0.4094
vn 0.10152 -0.911282 -0.399072
vn -0.0934409 -0.976043 -0.196489
vn -0.36556 -0.879193 -0.305591
vn -0.322838 -0.921581 -0.215554
vn -0.38248 -0.89623 -0.22468
vn -0.390101 -0.861749 -0.324361
vn -0.387974 -0.876476 -0.285071
vn -0.276374 -0.940683 -0.196806
vn -0.449455 -0.889386 -0.0835654
vn -0.415 -0.90982 -0.00127201
vn -0.501847 -0.864441 0.0298604
vn -0.610655 -0.789767 -0.0580357
vn -0.673948 -0.733101 -0.0914157
vn -0.706354 -0.697108 -0.122901
vn -0.734761 -0.668709 -0.113817
vn 0.914464 0.144703 -0.37791
vn 0.733013 0.366389 -0.573106
vn 0.800993 0.256591 -0.540898
vn 0.582353 0.412672 -0.700405
vn 0.60547 0.306757 -0.734375
vn 0.489257 0.458028 -0.742185
vn 0.439671 0.464226 -0.768885
vn 0.468062 0.408566 -0.783576
vn 0.577934 0.339983 -0.741892
vn 0.175243 0.253243 -0.951398
vn 0.286597 0.121215 -0.950352
vn 0.384266 -0.00980089 -0.923171
vn -0.13178 -0.140287 -0.981302
vn -0.0913678 -0.176885 -0.979981
vn 0.309121 -0.235489 -0.921406
vn -0.148141 -0.139526 -0.979074
vn -0.187123 -0.107628 -0.976423
vn -0.446084 -0.177748 -0.877163
vn -0.514584 -0.0538186 -0.855749
vn 0.189374 -0.0508998 -0.980585
vn 0.189374 -0.0508998 -0.980585
vn 0.438621 0.228597 -0.869112
vn 0.432467 0.415868 -0.800017
vn 0.331019 0.395759 -0.856622
vn 0.35623 0.519021 -0.776993
vn 0.168503 0.519145 -0.837911
vn 0.332362 0.577989 -0.745294
vn 0.477267 0.52286 -0.706281
vn 0.475749 0.507518 -0.718393
vn 0.539445 0.453038 -0.709757
vn 0.621079 0.334806 -0.708637
vn 0.663422 0.33218 -0.670469
vn 0.608783 0.378667 -0.697133
vn 0.833848 0.356284 -0.421616
vn 0.654045 0.593421 -0.469123
vn 0.452233 0.734529 -0.505917
vn 0.878988 0.421136 -0.223662
vn 0.338069 0.932803 -0.124851
vn 0.380554 0.890296 -0.250101
vn 0.258847 0.937057 -0.234357
vn 0.363745 0.927438 -0.086877
vn 0.527755 -0.568285 -0.631289
vn 0.686699 -0.359595 -0.631772
vn 0.612375 -0.446776 -0.652218
vn 0.689164 -0.281548 -0.66767
vn 0.671514 -0.258824 -0.694319
vn 0.670171 -0.337987 -0.660783
vn 0.643459 -0.132715 -0.753888
vn 0.542051 -0.243508 -0.804291
vn 0.405711 -0.376574 -0.832821
vn 0.382114 0.0949606 -0.919223
vn 0.227443 -0.0542451 -0.972279
vn 0.0676914 -0.19468 -0.978528
vn -0.0228514 0.056155 -0.99816
vn -0.147184 -0.146375 -0.978218
vn -0.245153 -0.278713 -0.928558
vn -0.294133 -0.380681 -0.87668
vn -0.309659 -0.461805 -0.831173
vn -0.33376 -0.528811 -0.780361
vn -0.298498 -0.675419 -0.674321
vn 0.648462 0.401982 -0.646458
vn 0.830913 0.365014 -0.419939
vn 0.762166 0.497153 -0.41466
vn 0.887488 0.434317 -0.154058
vn 0.768119 0.621469 -0.154173
vn 0.878863 0.469756 0.08324
vn 0.973307 0.227015 -0.0337353
vn 0.958205 0.274767 0.0796636
vn 0.971698 0.223454 0.0766319
vn 0.969922 0.243413 -0.00107763
vn 0.965681 0.253458 0.0567475
vn 0.912688 0.365819 0.182145
vn 0.934073 0.20893 0.28958
vn 0.891777 0.240731 0.383121
vn 0.901254 0.157294 0.403733
vn 0.946455 0.0974608 0.307772
vn 0.965572 0.0337788 0.257933
vn 0.975997 0.00467921 0.217733
vn 0.976171 -0.00530696 0.21694
# 5870 normals
usemtl Stalk
f  1/1/1 5/2/2 2/3/1
f  1/4/3 8/5/4 5/6/5
f  2/3/1 5/2/2 6/7/6
f  2/3/7 6/7/8 3/8/7
f  3/8/7 6/7/8 7/9/9
f  3/8/10 7/9/11 4/10/10
f  4/10/10 7/9/11 8/5/12
f  4/10/3 8/5/4 1/4/3
f  5/2/2 9/11/13 6/7/6
f  5/6/5 12/12/14 9/13/15
f  6/7/6 9/11/13 10/14/16
f  6/7/8 10/14/17 7/9/9
f  7/9/9 10/14/17 11/15/18
f  7/9/11 11/15/19 8/5/12
f  8/5/12 11/15/19 12/12/20
f  8/5/4 12/12/14 5/6/5
f  9/11/13 13/16/21 10/14/16
f  9/13/15 16/17/22 13/18/23
f  10/14/16 13/16/21 14/19/24
f  10/14/17 14/19/25 11/15/18
f  11/15/18 14/19/25 15/20/26
f  11/15/19 15/20/27 12/12/20
f  12/12/20 15/20/27 16/17/28
f  12/12/14 16/17/22 9/13/15
f  13/16/21 17/21/29 14/19/24
f  13/18/23 20/22/30 17/23/31
f  14/19/24 17/21/29 18/24/32
f  14/19/25 18/24/33 15/20/26
f  15/20/26 18/24/33 19/25/34
f  15/20/27 19/25/35 16/17/28
f  16/17/28 19/25/35 20/22/36
f  16/17/22 20/22/30 13/18/23
f  17/21/29 21/26/37 18/24/32
f  17/23/31 24/27/38 21/28/39
f  18/24/32 21/26/37 22/29/40
f  18/24/33 22/29/41 19/25/34
f  19/25/34 22/29/41 23/30/42
f  19/25/35 23/30/43 20/22/36
f  20/22/36 23/30/43 24/27/44
f  20/22/30 24/27/38 17/23/31
f  21/26/37 25/31/45 22/29/40
f  21/28/39 28/32/46 25/33/47
f  22/29/40 25/31/45 26/34/48
f  22/29/41 26/34/49 23/30/42
f  23/30/42 26/34/49 27/35/50
f  23/30/43 27/35/51 24/27/44
f  24/27/44 27/35/51 28/32/52
f  24/27/38 28/32/46 21/28/39
f  25/31/45 29/36/53 26/34/48
f  25/33/47 32/37/54 29/38/55
f  26/34/48 29/36/53 30/39/56
f  26/34/49 30/39/57 27/35/50
f  27/35/50 30/39/57 31/40/58
f  27/35/51 31/40/59 28/32/52
f  28/32/52 31/40/59 32/37/60
f  28/32/46 32/37/54 25/33/47
f  29/36/53 33/41/61 30/39/56
f  29/38/55 36/42/62 33/43/63
f  30/39/56 33/41/61 34/44/64
f  30/39/57 34/44/65 31/40/58
f  31/40/58 34/44/65 35/45/66
f  31/40/59 35/45/67 32/37/60
f  32/37/60 35/45/67 36/42/68
f  32/37/54 36/42/62 29/38/55
f  33/41/61 37/46/69 34/44/64
f  33/43/63 40/47/70 37/48/71
f  34/44/64 37/46/69 38/49/72
f  34/44/65 38/49/73 35/45/66
f  35/45/66 38/49/73 39/50/74
f  35/45/67 39/50/75 36/42/68
f  36/42/68 39/50/75 40/47/76
f  36/42/62 40/47/70 33/43/63
f  37/46/69 41/51/77 38/49/72
f  37/48/71 44/52/78 41/53/79
f  38/49/72 41/51/77 42/54/80
f  38/49/73 42/54/81 39/50/74
f  39/50/74 42/54/81 43/55/82
f  39/50/75 43/55/83 40/47/76
f  40/47/76 43/55/83 44/52/84
f  40/47/70 44/52/78 37/48/71
f  41/51/77 45/56/85 42/54/80
f  41/53/79 48/57/86 45/58/87
f  42/54/80 45/56/85 46/59/88
f  42/54/81 46/59/89 43/55/82
f  43/55/82 46/59/89 47/60/90
f  43/55/83 47/60/91 44/52/84
f  44/52/84 47/60/91 48/57/92
f  44/52/78 48/57/86 41/53/79
f  49/61/93 53/62/94 50/63/95
f  49/64/96 56/65/97 53/66/98
f  50/63/95 53/62/94 54/67/99
f  50/63/100 54/67/101 51/68/102
f  51/68/102 54/67/101 55/69/103
f  51/68/104 55/69/105 52/70/106
f  52/70/106 55/69/105 56/65/107
f  52/70/108 56/65/97 49/64/96
f  53/62/94 57/71/109 54/67/99
f  53/66/98 60/72/110 57/73/111
f  53/62/94 89/71/112 54/67/99
f  53/66/113 92/72/114 89/73/115
f  54/67/99 57/71/109 58/74/116
f  54/67/101 58/74/117 55/69/103
f  54/67/118 89/71/119 90/74/120
f  54/67/121 90/74/121 55/69/121
f  55/69/103 58/74/117 59/75/122
f  55/69/105 59/75/123 56/65/107
f  55/69/124 90/74/125 91/75/126
f  55/69/127 91/75/127 56/65/127
f  56/65/107 59/75/123 60/72/128
f  56/65/97 60/72/110 53/66/98
f  56/65/129 91/75/130 92/72/131
f  56/65/97 92/72/132 53/66/98
f  57/71/109 61/76/133 58/74/116
f  57/73/111 64/77/134 61/78/135
f  57/71/136 85/76/136 58/74/136
f  57/73/137 88/77/137 85/78/137
f  58/74/116 61/76/133 62/79/138
f  58/74/117 62/79/139 59/75/122
f  58/74/140 85/76/140 86/79/140
f  58/74/141 86/79/141 59/75/141
f  59/75/122 62/79/139 63/80/142
f  59/75/123 63/80/143 60/72/128
f  59/75/144 86/79/144 87/80/144
f  59/75/145 87/80/145 60/72/145
f  60/72/128 63/80/143 64/77/146
f  60/72/110 64/77/134 57/73/111
f  60/72/147 87/80/147 88/77/147
f  60/72/148 88/77/148 57/73/148
f  61/76/133 65/81/149 62/79/138
f  61/78/135 68/82/150 65/83/151
f  62/79/138 65/81/149 66/84/152
f  62/79/139 66/84/153 63/80/142
f  63/80/142 66/84/153 67/85/154
f  63/80/143 67/85/155 64/77/146
f  64/77/146 67/85/155 68/82/156
f  64/77/134 68/82/150 61/78/135
f  65/81/149 69/86/157 66/84/152
f  65/83/151 72/87/158 69/88/159
f  65/81/149 81/86/160 66/84/152
f  65/83/151 84/87/161 81/88/162
f  66/84/152 69/86/157 70/89/163
f  66/84/153 70/89/164 67/85/154
f  66/84/152 81/86/160 82/89/165
f  66/84/153 82/89/166 67/85/154
f  67/85/154 70/89/164 71/90/167
f  67/85/155 71/90/168 68/82/156
f  67/85/154 82/89/166 83/90/169
f  67/85/155 83/90/170 68/82/156
f  68/82/156 71/90/168 72/87/171
f  68/82/150 72/87/158 65/83/151
f  68/82/156 83/90/170 84/87/172
f  68/82/150 84/87/161 65/83/151
f  69/86/157 73/91/173 70/89/163
f  69/88/159 76/92/174 73/93/175
f  69/86/176 77/91/176 70/89/176
f  69/88/177 80/92/177 77/93/177
f  70/89/163 73/91/173 74/94/178
f  70/89/164 74/94/179 71/90/167
f  70/89/180 77/91/180 78/94/180
f  70/89/164 78/94/181 71/90/167
f  71/90/167 74/94/179 75/95/182
f  71/90/168 75/95/183 72/87/171
f  71/90/184 78/94/185 79/95/186
f  71/90/168 79/95/187 72/87/171
f  72/87/171 75/95/183 76/92/188
f  72/87/158 76/92/174 69/88/159
f  72/87/189 79/95/190 80/92/191
f  72/87/192 80/92/192 69/88/192
usemtl Leaf
f  93/8/193 96/96/194 94/10/195
f  94/10/195 96/96/194 97/97/196
f  94/10/195 97/97/196 95/4/197
f  95/4/197 97/97/196 98/98/198
f  96/96/194 99/9/199 97/97/196
f  97/97/196 99/9/199 100/5/200
f  97/97/196 100/5/200 98/98/198
f  98/98/198 100/5/200 101/6/201
f  99/9/199 102/99/202 100/5/200
f  100/5/200 102/99/202 103/100/203
f  100/5/200 103/100/203 101/6/201
f  101/6/201 103/100/203 104/101/204
f  102/99/202 105/15/205 103/100/203
f  103/100/203 105/15/205 106/12/206
f  103/100/203 106/12/206 104/101/204
f  104/101/204 106/12/206 107/13/207
f  105/15/205 108/102/208 106/12/206
f  106/12/206 108/102/208 109/103/209
f  106/12/206 109/103/209 107/13/207
f  107/13/207 109/103/209 110/104/210
f  108/102/208 111/17/211 109/103/211
f  109/103/211 111/17/211 110/104/212
f  112/8/213 115/96/214 113/10/215
f  113/10/215 115/96/214 116/97/216
f  113/10/215 116/97/216 114/4/217
f  114/4/217 116/97/216 117/98/218
f  115/96/214 118/9/219 116/97/216
f  116/97/216 118/9/219 119/5/220
f  116/97/216 119/5/220 117/98/218
f  117/98/218 119/5/220 120/6/221
f  118/9/219 121/99/222 119/5/220
f  119/5/220 121/99/222 122/100/223
f  119/5/220 122/100/223 120/6/221
f  120/6/221 122/100/223 123/101/224
f  121/99/225 124/15/226 122/100/223
f  122/100/223 124/15/226 125/12/227
f  122/100/223 125/12/227 123/101/224
f  123/101/224 125/12/227 126/13/228
f  124/15/226 127/102/229 125/12/227
f  125/12/227 127/102/229 128/103/230
f  125/12/227 128/103/230 126/13/228
f  126/13/228 128/103/230 129/104/231
f  127/102/229 130/17/232 128/103/230
f  128/103/230 130/17/232 129/104/231
f  131/8/233 134/96/234 132/10/235
f  132/10/235 134/96/234 135/97/236
f  132/10/235 135/97/236 133/4/237
f  133/4/237 135/97/236 136/98/238
f  134/96/234 137/9/239 135/97/236
f  135/97/236 137/9/239 138/5/240
f  135/97/236 138/5/240 136/98/238
f  136/98/238 138/5/240 139/6/241
f  137/9/239 140/99/242 138/5/240
f  138/5/240 140/99/242 141/100/243
f  138/5/240 141/100/243 139/6/241
f  139/6/241 141/100/243 142/101/244
f  140/99/242 143/15/245 141/100/243
f  141/100/243 143/15/245 144/12/246
f  141/100/243 144/12/246 142/101/244
f  142/101/244 144/12/246 145/13/247
f  143/15/245 146/102/248 144/12/246
f  144/12/246 146/102/248 147/103/249
f  144/12/246 147/103/249 145/13/247
f  145/13/247 147/103/249 148/104/250
f  146/102/248 149/17/251 147/103/249
f  147/103/249 149/17/251 148/104/250
f  150/8/252 153/96/253 151/10/254
f  151/10/254 153/96/253 154/97/255
f  151/10/254 154/97/255 152/4/256
f  152/4/256 154/97/255 155/98/257
f  153/96/253 156/9/258 154/97/255
f  154/97/255 156/9/258 157/5/259
f  154/97/255 157/5/259 155/98/257
f  155/98/257 157/5/259 158/6/260
f  156/9/258 159/99/261 157/5/259
f  157/5/259 159/99/261 160/100/262
f  157/5/259 160/100/262 158/6/260
f  158/6/260 160/100/262 161/101/263
f  159/99/261 162/15/264 160/100/262
f  160/100/262 162/15/264 163/12/265
f  160/100/262 163/12/265 161/101/263
f  161/101/263 163/12/265 164/13/266
f  162/15/264 165/102/267 163/12/265
f  163/12/265 165/102/267 166/103/268
f  163/12/265 166/103/268 164/13/269
f  164/13/269 166/103/268 167/104/270
f  165/102/267 168/17/271 166/103/268
f  166/103/268 168/17/271 167/104/270
f  169/8/272 172/96/273 170/10/274
f  170/10/274 172/96/273 173/97/275
f  170/10/274 173/97/275 171/4/276
f  171/4/276 173/97/275 174/98/277
f  172/96/273 175/9/278 173/97/275
f  173/97/275 175/9/278 176/5/279
f  173/97/275 176/5/279 174/98/277
f  174/98/277 176/5/279 177/6/280
f  175/9/278 178/99/281 176/5/279
f  176/5/279 178/99/281 179/100/282
f  176/5/279 179/100/282 177/6/280
f  177/6/280 179/100/282 180/101/283
f  178/99/284 181/15/285 179/100/286
f  179/100/286 181/15/285 182/12/287
f  179/100/286 182/12/287 180/101/288
f  180/101/288 182/12/287 183/13/289
f  181/15/285 184/102/290 182/12/287
f  182/12/287 184/102/291 185/103/292
f  182/12/287 185/103/292 183/13/289
f  183/13/293 185/103/292 186/104/294
f  184/102/291 187/17/295 185/103/292
f  185/103/292 187/17/295 186/104/294
f  188/8/296 191/96/297 189/10/298
f  189/10/298 191/96/297 192/97/299
f  189/10/298 192/97/299 190/4/300
f  190/4/300 192/97/299 193/98/301
f  191/96/297 194/9/302 192/97/299
f  192/97/299 194/9/302 195/5/303
f  192/97/299 195/5/303 193/98/301
f  193/98/301 195/5/303 196/6/304
f  194/9/302 197/99/305 195/5/303
f  195/5/303 197/99/305 198/100/306
f  195/5/303 198/100/306 196/6/304
f  196/6/304 198/100/306 199/101/307
f  197/99/308 200/15/309 198/100/306
f  198/100/306 200/15/309 201/12/310
f  198/100/306 201/12/310 199/101/307
f  199/101/307 201/12/310 202/13/311
f  200/15/309 203/102/312 201/12/310
f  201/12/310 203/102/312 204/103/313
f  201/12/310 204/103/313 202/13/311
f  202/13/311 204/103/313 205/104/314
f  203/102/312 206/17/315 204/103/315
f  204/103/315 206/17/315 205/104/316
usemtl Stalk
f  73/91/173 207/105/317 74/94/178
f  73/93/175 210/106/318 207/107/319
f  74/94/178 207/105/317 208/108/320
f  74/94/179 208/108/321 75/95/182
f  75/95/182 208/108/321 209/109/322
f  75/95/183 209/109/323 76/92/188
f  76/92/188 209/109/323 210/106/324
f  76/92/174 210/106/318 73/93/175
f  207/105/317 211/110/325 208/108/320
f  207/107/319 214/111/326 211/112/327
f  208/108/320 211/110/325 212/113/328
f  208/108/321 212/113/329 209/109/322
f  209/109/322 212/113/329 213/114/330
f  209/109/323 213/114/331 210/106/324
f  210/106/324 213/114/331 214/111/332
f  210/106/318 214/111/326 207/107/319
f  211/110/325 215/115/333 212/113/328
f  211/112/327 218/116/334 215/117/335
f  212/113/328 215/115/333 216/118/336
f  212/113/329 216/118/337 213/114/330
f  213/114/330 216/118/337 217/119/338
f  213/114/331 217/119/339 214/111/332
f  214/111/332 217/119/339 218/116/340
f  214/111/326 218/116/334 211/112/327
f  215/115/333 219/120/341 216/118/336
f  215/117/335 222/121/342 219/122/343
f  216/118/336 219/120/341 220/123/344
f  216/118/337 220/123/345 217/119/338
f  217/119/338 220/123/345 221/124/346
f  217/119/339 221/124/347 218/116/340
f  218/116/340 221/124/347 222/121/348
f  218/116/334 222/121/342 215/117/335
f  219/120/341 223/125/349 220/123/344
f  219/122/343 226/126/350 223/127/351
f  220/123/344 223/125/349 224/128/352
f  220/123/345 224/128/353 221/124/346
f  221/124/346 224/128/353 225/129/354
f  221/124/347 225/129/355 222/121/348
f  222/121/348 225/129/355 226/126/356
f  222/121/342 226/126/350 219/122/343
f  223/125/349 227/130/357 224/128/352
f  223/127/351 230/131/358 227/132/359
f  224/128/352 227/130/357 228/133/360
f  224/128/353 228/133/361 225/129/354
f  225/129/354 228/133/361 229/134/362
f  225/129/355 229/134/363 226/126/356
f  226/126/356 229/134/363 230/131/364
f  226/126/350 230/131/358 223/127/351
f  227/130/357 231/135/365 228/133/360
f  227/132/359 234/136/366 231/137/367
f  228/133/360 231/135/365 232/138/368
f  228/133/361 232/138/369 229/134/362
f  229/134/362 232/138/369 233/139/370
f  229/134/363 233/139/371 230/131/364
f  230/131/364 233/139/371 234/136/372
f  230/131/358 234/136/366 227/132/359
f  231/135/365 235/140/373 232/138/368
f  231/137/367 238/141/374 235/142/375
f  232/138/368 235/140/373 236/143/376
f  232/138/369 236/143/377 233/139/370
f  233/139/370 236/143/377 237/144/378
f  233/139/371 237/144/379 234/136/372
f  234/136/372 237/144/379 238/141/380
f  234/136/366 238/141/374 231/137/367
f  235/140/373 239/145/381 236/143/376
f  235/142/375 242/146/382 239/147/383
f  236/143/376 239/145/381 240/148/384
f  236/143/377 240/148/385 237/144/378
f  237/144/378 240/148/385 241/149/386
f  237/144/379 241/149/387 238/141/380
f  238/141/380 241/149/387 242/146/388
f  238/141/374 242/146/382 235/142/375
f  239/145/381 243/150/389 240/148/384
f  239/147/383 246/151/390 243/152/391
f  240/148/384 243/150/389 244/153/392
f  240/148/385 244/153/393 241/149/386
f  241/149/386 244/153/393 245/154/394
f  241/149/387 245/154/395 242/146/388
f  242/146/388 245/154/395 246/151/396
f  242/146/382 246/151/390 239/147/383
f  77/91/397 247/105/398 78/94/399
f  77/93/400 250/106/401 247/107/402
f  78/94/399 247/105/398 248/108/403
f  78/94/185 248/108/404 79/95/186
f  79/95/186 248/108/404 249/109/405
f  79/95/190 249/109/406 80/92/191
f  80/92/191 249/109/406 250/106/407
f  80/92/408 250/106/401 77/93/400
f  247/105/398 251/110/409 248/108/403
f  247/107/402 254/111/410 251/112/411
f  248/108/403 251/110/409 252/113/412
f  248/108/404 252/113/413 249/109/405
f  249/109/405 252/113/413 253/114/414
f  249/109/406 253/114/415 250/106/407
f  250/106/407 253/114/415 254/111/416
f  250/106/401 254/111/410 247/107/402
f  251/110/409 255/115/417 252/113/412
f  251/112/411 258/116/418 255/117/419
f  252/113/412 255/115/417 256/118/420
f  252/113/413 256/118/421 253/114/414
f  253/114/414 256/118/421 257/119/422
f  253/114/415 257/119/423 254/111/416
f  254/111/416 257/119/423 258/116/424
f  254/111/410 258/116/418 251/112/411
f  255/115/417 259/120/425 256/118/420
f  255/117/419 262/121/426 259/122/427
f  256/118/420 259/120/425 260/123/428
f  256/118/421 260/123/429 257/119/422
f  257/119/422 260/123/429 261/124/430
f  257/119/423 261/124/431 258/116/424
f  258/116/424 261/124/431 262/121/432
f  258/116/418 262/121/426 255/117/419
f  259/120/425 263/125/433 260/123/428
f  259/122/427 266/126/434 263/127/435
f  260/123/428 263/125/433 264/128/436
f  260/123/429 264/128/437 261/124/430
f  261/124/430 264/128/437 265/129/438
f  261/124/431 265/129/439 262/121/432
f  262/121/432 265/129/439 266/126/440
f  262/121/426 266/126/434 259/122/427
f  263/125/433 267/130/441 264/128/436
f  263/127/435 270/131/442 267/132/443
f  264/128/436 267/130/441 268/133/444
f  264/128/437 268/133/445 265/129/438
f  265/129/438 268/133/445 269/134/446
f  265/129/439 269/134/447 266/126/440
f  266/126/440 269/134/447 270/131/448
f  266/126/434 270/131/442 263/127/435
f  267/130/441 271/135/449 268/133/444
f  267/132/443 274/136/450 271/137/451
f  268/133/444 271/135/449 272/138/452
f  268/133/445 272/138/453 269/134/446
f  269/134/446 272/138/453 273/139/454
f  269/134/447 273/139/455 270/131/448
f  270/131/448 273/139/455 274/136/456
f  270/131/442 274/136/450 267/132/443
f  271/135/449 275/140/457 272/138/452
f  271/137/451 278/141/458 275/142/459
f  272/138/452 275/140/457 276/143/460
f  272/138/453 276/143/461 273/139/454
f  273/139/454 276/143/461 277/144/462
f  273/139/455 277/144/463 274/136/456
f  274/136/456 277/144/463 278/141/464
f  274/136/450 278/141/458 271/137/451
f  275/140/457 279/145/465 276/143/460
f  275/142/459 282/146/466 279/147/467
f  276/143/460 279/145/465 280/148/468
f  276/143/461 280/148/469 277/144/462
f  277/144/462 280/148/469 281/149/470
f  277/144/463 281/149/471 278/141/464
f  278/141/464 281/149/471 282/146/472
f  278/141/458 282/146/466 275/142/459
f  279/145/465 283/150/473 280/148/468
f  279/147/467 286/151/474 283/152/475
f  280/148/468 283/150/473 284/153/476
f  280/148/469 284/153/477 281/149/470
f  281/149/470 284/153/477 285/154/478
f  281/149/471 285/154/479 282/146/472
f  282/146/472 285/154/479 286/151/480
f  282/146/466 286/151/474 279/147/467
f  287/155/481 288/156/481 289/157/481
f  287/155/482 289/157/482 290/158/482
f  287/155/483 290/158/483 291/159/483
f  287/155/484 291/159/484 292/160/484
f  287/155/485 292/160/485 288/161/485
f  288/156/486 293/162/487 289/157/487
f  288/161/488 297/163/488 293/164/489
f  289/157/487 293/162/487 294/165/490
f  289/157/491 294/165/492 290/158/492
f  290/158/492 294/165/492 295/166/493
f  290/158/494 295/166/495 291/159/495
f  291/159/495 295/166/495 296/167/496
f  291/159/497 296/167/498 292/160/498
f  292/160/498 296/167/498 297/163/499
f  292/160/500 297/163/488 288/161/488
f  293/162/501 298/168/501 294/165/501
f  294/165/502 298/168/502 295/166/502
f  295/166/503 298/168/503 296/167/503
f  296/167/504 298/168/504 297/163/504
f  297/163/505 298/168/505 293/164/505
f  299/155/506 300/156/506 301/157/506
f  299/155/507 301/157/507 302/158/507
f  299/155/508 302/158/508 303/159/508
f  299/155/509 303/159/509 304/160/509
f  299/155/510 304/160/510 300/161/510
f  300/156/511 305/162/512 301/157/512
f  300/161/513 309/163/513 305/164/514
f  301/157/512 305/162/512 306/165/515
f  301/157/516 306/165/517 302/158/517
f  302/158/517 306/165/517 307/166/518
f  302/158/519 307/166/520 303/159/520
f  303/159/520 307/166/520 308/167/521
f  303/159/522 308/167/523 304/160/523
f  304/160/523 308/167/523 309/163/524
f  304/160/525 309/163/513 300/161/513
f  305/162/526 310/168/526 306/165/526
f  306/165/527 310/168/527 307/166/527
f  307/166/528 310/168/528 308/167/528
f  308/167/529 310/168/529 309/163/529
f  309/163/530 310/168/530 305/164/530
f  311/155/531 312/156/531 313/157/531
f  311/155/532 313/157/532 314/158/532
f  311/155/533 314/158/533 315/159/533
f  311/155/534 315/159/534 316/160/534
f  311/155/535 316/160/535 312/161/535
f  312/156/536 317/162/537 313/157/537
f  312/161/538 321/163/538 317/164/539
f  313/157/537 317/162/537 318/165/540
f  313/157/541 318/165/542 314/158/542
f  314/158/542 318/165/542 319/166/543
f  314/158/544 319/166/545 315/159/545
f  315/159/545 319/166/545 320/167/546
f  315/159/547 320/167/548 316/160/548
f  316/160/548 320/167/548 321/163/549
f  316/160/550 321/163/538 312/161/538
f  317/162/551 322/168/551 318/165/551
f  318/165/552 322/168/552 319/166/552
f  319/166/553 322/168/553 320/167/553
f  320/167/554 322/168/554 321/163/554
f  321/163/555 322/168/555 317/164/555
f  323/155/556 324/156/556 325/157/556
f  323/155/557 325/157/557 326/158/557
f  323/155/558 326/158/558 327/159/558
f  323/155/559 327/159/559 328/160/559
f  323/155/560 328/160/560 324/161/560
f  324/156/561 329/162/562 325/157/562
f  324/161/563 333/163/563 329/164/564
f  325/157/562 329/162/562 330/165/565
f  325/157/566 330/165/566 326/158/566
f  326/158/566 330/165/566 331/166/566
f  326/158/567 331/166/568 327/159/568
f  327/159/568 331/166/568 332/167/569
f  327/159/570 332/167/571 328/160/571
f  328/160/571 332/167/571 333/163/572
f  328/160/573 333/163/563 324/161/563
f  329/162/574 334/168/574 330/165/574
f  330/165/575 334/168/575 331/166/575
f  331/166/576 334/168/576 332/167/576
f  332/167/577 334/168/577 333/163/577
f  333/163/578 334/168/578 329/164/578
usemtl Leaf
f  335/8/579 338/96/580 336/10/581
f  336/10/581 338/96/580 339/97/582
f  336/10/581 339/97/582 337/4/583
f  337/4/583 339/97/582 340/98/584
f  338/96/580 341/9/585 339/97/582
f  339/97/582 341/9/585 342/5/586
f  339/97/582 342/5/586 340/98/584
f  340/98/584 342/5/586 343/6/587
f  341/9/585 344/99/588 342/5/586
f  342/5/586 344/99/588 345/100/589
f  342/5/586 345/100/589 343/6/587
f  343/6/587 345/100/589 346/101/590
f  344/99/588 347/15/591 345/100/589
f  345/100/589 347/15/591 348/12/592
f  345/100/589 348/12/592 346/101/590
f  346/101/590 348/12/592 349/13/593
f  347/15/591 350/102/594 348/12/592
f  348/12/592 350/102/594 351/103/595
f  348/12/592 351/103/595 349/13/593
f  349/13/593 351/103/595 352/104/596
f  350/102/594 353/17/597 351/103/595
f  351/103/595 353/17/597 352/104/596
f  354/8/598 357/96/599 355/10/600
f  355/10/600 357/96/599 358/97/601
f  355/10/600 358/97/601 356/4/602
f  356/4/602 358/97/601 359/98/603
f  357/96/599 360/9/604 358/97/601
f  358/97/601 360/9/604 361/5/605
f  358/97/601 361/5/605 359/98/603
f  359/98/603 361/5/605 362/6/606
f  360/9/604 363/99/607 361/5/605
f  361/5/605 363/99/607 364/100/608
f  361/5/605 364/100/608 362/6/606
f  362/6/606 364/100/608 365/101/609
f  363/99/607 366/15/610 364/100/608
f  364/100/608 366/15/610 367/12/611
f  364/100/608 367/12/611 365/101/609
f  365/101/609 367/12/611 368/13/612
f  366/15/610 369/102/613 367/12/611
f  367/12/611 369/102/613 370/103/614
f  367/12/611 370/103/614 368/13/612
f  368/13/612 370/103/614 371/104/615
f  369/102/613 372/17/616 370/103/614
f  370/103/614 372/17/616 371/104/615
f  373/8/617 376/96/618 374/10/619
f  374/10/619 376/96/618 377/97/620
f  374/10/619 377/97/620 375/4/621
f  375/4/621 377/97/620 378/98/622
f  376/96/618 379/9/623 377/97/620
f  377/97/620 379/9/623 380/5/624
f  377/97/620 380/5/624 378/98/622
f  378/98/622 380/5/624 381/6/625
f  379/9/623 382/99/626 380/5/624
f  380/5/624 382/99/626 383/100/627
f  380/5/624 383/100/627 381/6/625
f  381/6/625 383/100/627 384/101/628
f  382/99/626 385/15/629 383/100/627
f  383/100/627 385/15/629 386/12/630
f  383/100/627 386/12/630 384/101/628
f  384/101/628 386/12/630 387/13/631
f  385/15/629 388/102/632 386/12/630
f  386/12/630 388/102/632 389/103/633
f  386/12/630 389/103/633 387/13/631
f  387/13/631 389/103/633 390/104/634
f  388/102/632 391/17/635 389/103/633
f  389/103/633 391/17/635 390/104/634
f  392/8/636 395/96/637 393/10/638
f  393/10/638 395/96/637 396/97/639
f  393/10/638 396/97/639 394/4/640
f  394/4/640 396/97/639 397/98/641
f  395/96/637 398/9/642 396/97/639
f  396/97/639 398/9/642 399/5/643
f  396/97/639 399/5/643 397/98/641
f  397/98/641 399/5/643 400/6/644
f  398/9/642 401/99/645 399/5/643
f  399/5/643 401/99/645 402/100/646
f  399/5/643 402/100/646 400/6/644
f  400/6/644 402/100/646 403/101/647
f  401/99/645 404/15/648 402/100/646
f  402/100/646 404/15/648 405/12/649
f  402/100/646 405/12/649 403/101/647
f  403/101/647 405/12/649 406/13/650
f  404/15/648 407/102/651 405/12/649
f  405/12/649 407/102/651 408/103/652
f  405/12/649 408/103/652 406/13/650
f  406/13/650 408/103/652 409/104/653
f  407/102/651 410/17/654 408/103/652
f  408/103/652 410/17/654 409/104/653
f  411/8/655 414/96/656 412/10/657
f  412/10/657 414/96/656 415/97/658
f  412/10/657 415/97/658 413/4/659
f  413/4/659 415/97/658 416/98/660
f  414/96/656 417/9/661 415/97/658
f  415/97/658 417/9/661 418/5/662
f  415/97/658 418/5/662 416/98/660
f  416/98/660 418/5/662 419/6/663
f  417/9/661 420/99/664 418/5/662
f  418/5/662 420/99/664 421/100/665
f  418/5/662 421/100/665 419/6/663
f  419/6/663 421/100/665 422/101/666
f  420/99/664 423/15/667 421/100/665
f  421/100/665 423/15/667 424/12/668
f  421/100/665 424/12/668 422/101/666
f  422/101/666 424/12/668 425/13/669
f  423/15/667 426/102/670 424/12/668
f  424/12/668 426/102/670 427/103/671
f  424/12/668 427/103/671 425/13/669
f  425/13/669 427/103/671 428/104/672
f  426/102/670 429/17/673 427/103/671
f  427/103/671 429/17/673 428/104/672
f  430/8/674 433/96/675 431/10/676
f  431/10/676 433/96/675 434/97/677
f  431/10/676 434/97/677 432/4/678
f  432/4/678 434/97/677 435/98/679
f  433/96/675 436/9/680 434/97/677
f  434/97/677 436/9/680 437/5/681
f  434/97/677 437/5/681 435/98/679
f  435/98/679 437/5/681 438/6/682
f  436/9/680 439/99/683 437/5/681
f  437/5/681 439/99/683 440/100/684
f  437/5/681 440/100/684 438/6/682
f  438/6/682 440/100/684 441/101/685
f  439/99/683 442/15/686 440/100/684
f  440/100/684 442/15/686 443/12/687
f  440/100/684 443/12/687 441/101/685
f  441/101/685 443/12/687 444/13/688
f  442/15/686 445/102/689 443/12/687
f  443/12/687 445/102/689 446/103/690
f  443/12/687 446/103/690 444/13/688
f  444/13/688 446/103/690 447/104/691
f  445/102/689 448/17/692 446/103/690
f  446/103/690 448/17/692 447/104/691
f  449/8/693 452/96/694 450/10/695
f  450/10/695 452/96/694 453/97/696
f  450/10/695 453/97/696 451/4/697
f  451/4/697 453/97/696 454/98/698
f  452/96/694 455/9/699 453/97/696
f  453/97/696 455/9/699 456/5/700
f  453/97/696 456/5/700 454/98/698
f  454/98/698 456/5/700 457/6/701
f  455/9/699 458/99/702 456/5/700
f  456/5/700 458/99/702 459/100/703
f  456/5/700 459/100/703 457/6/701
f  457/6/701 459/100/703 460/101/704
f  458/99/702 461/15/705 459/100/703
f  459/100/703 461/15/705 462/12/706
f  459/100/703 462/12/706 460/101/704
f  460/101/704 462/12/706 463/13/707
f  461/15/705 464/102/708 462/12/706
f  462/12/706 464/102/708 465/103/709
f  462/12/706 465/103/709 463/13/707
f  463/13/707 465/103/709 466/104/710
f  464/102/708 467/17/711 465/103/709
f  465/103/709 467/17/711 466/104/710
f  468/8/712 471/96/713 469/10/714
f  469/10/714 471/96/713 472/97/715
f  469/10/714 472/97/715 470/4/716
f  470/4/716 472/97/715 473/98/717
f  471/96/713 474/9/718 472/97/715
f  472/97/715 474/9/718 475/5/719
f  472/97/715 475/5/719 473/98/717
f  473/98/717 475/5/719 476/6/720
f  474/9/718 477/99/721 475/5/719
f  475/5/719 477/99/721 478/100/722
f  475/5/719 478/100/722 476/6/720
f  476/6/720 478/100/722 479/101/723
f  477/99/721 480/15/724 478/100/722
f  478/100/722 480/15/724 481/12/725
f  478/100/722 481/12/725 479/101/723
f  479/101/723 481/12/725 482/13/726
f  480/15/724 483/102/727 481/12/725
f  481/12/725 483/102/727 484/103/728
f  481/12/725 484/103/728 482/13/726
f  482/13/726 484/103/728 485/104/729
f  483/102/727 486/17/730 484/103/728
f  484/103/728 486/17/730 485/104/729
f  487/8/731 490/96/732 488/10/733
f  488/10/733 490/96/732 491/97/734
f  488/10/733 491/97/734 489/4/735
f  489/4/735 491/97/734 492/98/736
f  490/96/732 493/9/737 491/97/734
f  491/97/734 493/9/737 494/5/738
f  491/97/734 494/5/738 492/98/736
f  492/98/736 494/5/738 495/6/739
f  493/9/737 496/99/740 494/5/738
f  494/5/738 496/99/740 497/100/741
f  494/5/738 497/100/741 495/6/739
f  495/6/739 497/100/741 498/101/742
f  496/99/740 499/15/743 497/100/741
f  497/100/741 499/15/743 500/12/744
f  497/100/741 500/12/744 498/101/742
f  498/101/742 500/12/744 501/13/745
f  499/15/743 502/102/746 500/12/744
f  500/12/744 502/102/746 503/103/747
f  500/12/744 503/103/747 501/13/745
f  501/13/745 503/103/747 504/104/748
f  502/102/746 505/17/749 503/103/747
f  503/103/747 505/17/749 504/104/748
f  506/8/750 509/96/751 507/10/752
f  507/10/752 509/96/751 510/97/753
f  507/10/752 510/97/753 508/4/754
f  508/4/754 510/97/753 511/98/755
f  509/96/751 512/9/756 510/97/753
f  510/97/753 512/9/756 513/5/757
f  510/97/753 513/5/757 511/98/755
f  511/98/755 513/5/757 514/6/758
f  512/9/756 515/99/759 513/5/757
f  513/5/757 515/99/759 516/100/760
f  513/5/757 516/100/760 514/6/758
f  514/6/758 516/100/760 517/101/761
f  515/99/759 518/15/762 516/100/760
f  516/100/760 518/15/762 519/12/763
f  516/100/760 519/12/763 517/101/761
f  517/101/761 519/12/763 520/13/764
f  518/15/762 521/102/765 519/12/763
f  519/12/763 521/102/765 522/103/766
f  519/12/763 522/103/766 520/13/764
f  520/13/764 522/103/766 523/104/767
f  521/102/765 524/17/768 522/103/766
f  522/103/766 524/17/768 523/104/767
f  525/8/769 528/96/770 526/10/771
f  526/10/771 528/96/770 529/97/772
f  526/10/771 529/97/772 527/4/773
f  527/4/773 529/97/772 530/98/774
f  528/96/770 531/9/775 529/97/772
f  529/97/772 531/9/775 532/5/776
f  529/97/772 532/5/776 530/98/774
f  530/98/774 532/5/776 533/6/777
f  531/9/775 534/99/778 532/5/776
f  532/5/776 534/99/778 535/100/779
f  532/5/776 535/100/779 533/6/777
f  533/6/777 535/100/779 536/101/780
f  534/99/778 537/15/781 535/100/779
f  535/100/779 537/15/781 538/12/782
f  535/100/779 538/12/782 536/101/780
f  536/101/780 538/12/782 539/13/783
f  537/15/781 540/102/784 538/12/782
f  538/12/782 540/102/784 541/103/785
f  538/12/782 541/103/785 539/13/783
f  539/13/783 541/103/785 542/104/786
f  540/102/784 543/17/787 541/103/785
f  541/103/785 543/17/787 542/104/786
f  544/8/788 547/96/789 545/10/790
f  545/10/790 547/96/789 548/97/791
f  545/10/790 548/97/791 546/4/792
f  546/4/792 548/97/791 549/98/793
f  547/96/789 550/9/794 548/97/791
f  548/97/791 550/9/794 551/5/795
f  548/97/791 551/5/795 549/98/793
f  549/98/793 551/5/795 552/6/796
f  550/9/794 553/99/797 551/5/795
f  551/5/795 553/99/797 554/100/798
f  551/5/795 554/100/798 552/6/796
f  552/6/796 554/100/798 555/101/799
f  553/99/797 556/15/800 554/100/798
f  554/100/798 556/15/800 557/12/801
f  554/100/798 557/12/801 555/101/799
f  555/101/799 557/12/801 558/13/802
f  556/15/800 559/102/803 557/12/801
f  557/12/801 559/102/803 560/103/804
f  557/12/801 560/103/804 558/13/802
f  558/13/802 560/103/804 561/104/805
f  559/102/803 562/17/806 560/103/804
f  560/103/804 562/17/806 561/104/805
f  563/8/807 566/96/808 564/10/809
f  564/10/809 566/96/808 567/97/810
f  564/10/809 567/97/810 565/4/811
f  565/4/811 567/97/810 568/98/812
f  566/96/808 569/9/813 567/97/810
f  567/97/810 569/9/813 570/5/814
f  567/97/810 570/5/814 568/98/812
f  568/98/812 570/5/814 571/6/815
f  569/9/813 572/99/816 570/5/814
f  570/5/814 572/99/816 573/100/817
f  570/5/814 573/100/817 571/6/815
f  571/6/815 573/100/817 574/101/818
f  572/99/816 575/15/819 573/100/817
f  573/100/817 575/15/819 576/12/820
f  573/100/817 576/12/820 574/101/818
f  574/101/818 576/12/820 577/13/821
f  575/15/819 578/102/822 576/12/820
f  576/12/820 578/102/822 579/103/823
f  576/12/820 579/103/823 577/13/821
f  577/13/821 579/103/823 580/104/824
f  578/102/822 581/17/825 579/103/823
f  579/103/823 581/17/825 580/104/824
f  582/8/826 585/96/827 583/10/828
f  583/10/828 585/96/827 586/97/829
f  583/10/828 586/97/829 584/4/830
f  584/4/830 586/97/829 587/98/831
f  585/96/827 588/9/832 586/97/829
f  586/97/829 588/9/832 589/5/833
f  586/97/829 589/5/833 587/98/831
f  587/98/831 589/5/833 590/6/834
f  588/9/832 591/99/835 589/5/833
f  589/5/833 591/99/835 592/100/836
f  589/5/833 592/100/836 590/6/834
f  590/6/834 592/100/836 593/101/837
f  591/99/835 594/15/838 592/100/836
f  592/100/836 594/15/838 595/12/839
f  592/100/836 595/12/839 593/101/837
f  593/101/837 595/12/839 596/13/840
f  594/15/838 597/102/841 595/12/839
f  595/12/839 597/102/841 598/103/842
f  595/12/839 598/103/842 596/13/840
f  596/13/840 598/103/842 599/104/843
f  597/102/841 600/17/844 598/103/842
f  598/103/842 600/17/844 599/104/843
f  601/8/845 604/96/846 602/10/847
f  602/10/847 604/96/846 605/97/848
f  602/10/847 605/97/848 603/4/849
f  603/4/849 605/97/848 606/98/850
f  604/96/846 607/9/851 605/97/848
f  605/97/848 607/9/851 608/5/852
f  605/97/848 608/5/852 606/98/850
f  606/98/850 608/5/852 609/6/853
f  607/9/851 610/99/854 608/5/852
f  608/5/852 610/99/854 611/100/855
f  608/5/852 611/100/855 609/6/853
f  609/6/853 611/100/855 612/101/856
f  610/99/854 613/15/857 611/100/855
f  611/100/855 613/15/857 614/12/858
f  611/100/855 614/12/858 612/101/856
f  612/101/856 614/12/858 615/13/859
f  613/15/857 616/102/860 614/12/858
f  614/12/858 616/102/860 617/103/861
f  614/12/858 617/103/861 615/13/859
f  615/13/859 617/103/861 618/104/862
f  616/102/860 619/17/863 617/103/861
f  617/103/861 619/17/863 618/104/862
f  620/8/864 623/96/865 621/10/866
f  621/10/866 623/96/865 624/97/867
f  621/10/866 624/97/867 622/4/868
f  622/4/868 624/97/867 625/98/869
f  623/96/865 626/9/870 624/97/867
f  624/97/867 626/9/870 627/5/871
f  624/97/867 627/5/871 625/98/869
f  625/98/869 627/5/871 628/6/872
f  626/9/870 629/99/873 627/5/871
f  627/5/871 629/99/873 630/100/874
f  627/5/871 630/100/874 628/6/872
f  628/6/872 630/100/874 631/101/875
f  629/99/873 632/15/876 630/100/874
f  630/100/874 632/15/876 633/12/877
f  630/100/874 633/12/877 631/101/875
f  631/101/875 633/12/877 634/13/878
f  632/15/876 635/102/879 633/12/877
f  633/12/877 635/102/879 636/103/880
f  633/12/877 636/103/880 634/13/881
f  634/13/881 636/103/880 637/104/882
f  635/102/879 638/17/883 636/103/880
f  636/103/880 638/17/883 637/104/884
f  639/8/885 641/96/886 621/10/887
f  621/10/887 641/96/886 642/97/888
f  621/10/887 642/97/888 640/4/889
f  640/4/889 642/97/888 643/98/890
f  641/96/886 644/9/891 642/97/888
f  642/97/888 644/9/891 645/5/892
f  642/97/888 645/5/892 643/98/890
f  643/98/890 645/5/892 646/6/893
f  644/9/891 647/99/894 645/5/892
f  645/5/892 647/99/894 648/100/895
f  645/5/892 648/100/895 646/6/893
f  646/6/893 648/100/895 649/101/896
f  647/99/894 650/15/897 648/100/895
f  648/100/895 650/15/897 651/12/898
f  648/100/895 651/12/898 649/101/896
f  649/101/896 651/12/898 652/13/899
f  650/15/897 653/102/900 651/12/898
f  651/12/898 653/102/901 654/103/902
f  651/12/898 654/103/902 652/13/899
f  652/13/899 654/103/902 655/104/903
f  653/102/901 656/17/904 654/103/902
f  654/103/902 656/17/904 655/104/903
f  657/8/905 659/96/906 621/10/907
f  621/10/907 659/96/906 660/97/908
f  621/10/907 660/97/908 658/4/909
f  658/4/909 660/97/908 661/98/910
f  659/96/906 662/9/911 660/97/908
f  660/97/908 662/9/911 663/5/912
f  660/97/908 663/5/912 661/98/910
f  661/98/910 663/5/912 664/6/913
f  662/9/911 665/99/914 663/5/912
f  663/5/912 665/99/914 666/100/915
f  663/5/912 666/100/915 664/6/913
f  664/6/913 666/100/915 667/101/916
f  665/99/914 668/15/917 666/100/915
f  666/100/915 668/15/917 669/12/918
f  666/100/915 669/12/918 667/101/916
f  667/101/916 669/12/918 670/13/919
f  668/15/917 671/102/920 669/12/918
f  669/12/918 671/102/920 672/103/921
f  669/12/918 672/103/921 670/13/919
f  670/13/919 672/103/921 673/104/922
f  671/102/923 674/17/924 672/103/921
f  672/103/921 674/17/924 673/104/922
f  675/8/925 677/96/926 621/10/866
f  621/10/866 677/96/926 678/97/927
f  621/10/866 678/97/927 676/4/928
f  676/4/928 678/97/927 679/98/929
f  677/96/926 680/9/930 678/97/927
f  678/97/927 680/9/930 681/5/931
f  678/97/927 681/5/931 679/98/929
f  679/98/929 681/5/931 682/6/932
f  680/9/930 683/99/933 681/5/931
f  681/5/931 683/99/933 684/100/934
f  681/5/931 684/100/934 682/6/932
f  682/6/932 684/100/934 685/101/935
f  683/99/933 686/15/936 684/100/934
f  684/100/934 686/15/936 687/12/937
f  684/100/934 687/12/937 685/101/935
f  685/101/935 687/12/937 688/13/938
f  686/15/936 689/102/939 687/12/937
f  687/12/937 689/102/939 690/103/940
f  687/12/937 690/103/940 688/13/938
f  688/13/938 690/103/940 691/104/941
f  689/102/939 692/17/942 690/103/940
f  690/103/940 692/17/942 691/104/941
f  693/8/943 695/96/944 621/10/945
f  621/10/945 695/96/944 696/97/946
f  621/10/945 696/97/946 694/4/947
f  694/4/947 696/97/946 697/98/948
f  695/96/944 698/9/949 696/97/946
f  696/97/946 698/9/949 699/5/950
f  696/97/946 699/5/950 697/98/948
f  697/98/951 699/5/950 700/6/952
f  698/9/949 701/99/953 699/5/950
f  699/5/950 701/99/953 702/100/954
f  699/5/950 702/100/954 700/6/952
f  700/6/952 702/100/954 703/101/955
f  701/99/956 704/15/957 702/100/954
f  702/100/954 704/15/957 705/12/958
f  702/100/954 705/12/958 703/101/959
f  703/101/959 705/12/958 706/13/960
f  704/15/957 707/102/961 705/12/958
f  705/12/958 707/102/961 708/103/962
f  705/12/958 708/103/963 706/13/960
f  706/13/964 708/103/962 709/104/964
f  707/102/961 710/17/965 708/103/962
f  708/103/962 710/17/965 709/104/966
f  711/8/967 713/96/967 621/10/866
f  621/10/907 713/96/968 714/97/969
f  621/10/866 714/97/969 712/4/970
f  712/4/971 714/97/969 715/98/972
f  713/96/968 716/9/973 714/97/969
f  714/97/969 716/9/974 717/5/975
f  714/97/969 717/5/975 715/98/972
f  715/98/972 717/5/975 718/6/976
f  716/9/974 719/99/977 717/5/975
f  717/5/975 719/99/977 720/100/978
f  717/5/975 720/100/978 718/6/976
f  718/6/976 720/100/978 721/101/979
f  719/99/980 722/15/981 720/100/978
f  720/100/978 722/15/981 723/12/982
f  720/100/978 723/12/982 721/101/979
f  721/101/979 723/12/982 724/13/983
f  722/15/981 725/102/984 723/12/982
f  723/12/982 725/102/984 726/103/985
f  723/12/982 726/103/985 724/13/983
f  724/13/983 726/103/985 727/104/986
f  725/102/984 728/17/987 726/103/985
f  726/103/985 728/17/987 727/104/986
f  729/8/988 732/96/989 730/10/990
f  730/10/990 732/96/989 733/97/991
f  730/10/990 733/97/991 731/4/992
f  731/4/992 733/97/991 734/98/993
f  732/96/989 735/9/994 733/97/991
f  733/97/991 735/9/994 736/5/995
f  733/97/991 736/5/995 734/98/993
f  734/98/993 736/5/995 737/6/996
f  735/9/994 738/99/997 736/5/995
f  736/5/995 738/99/997 739/100/998
f  736/5/995 739/100/998 737/6/996
f  737/6/996 739/100/998 740/101/999
f  738/99/997 741/15/1000 739/100/998
f  739/100/998 741/15/1000 742/12/1001
f  739/100/998 742/12/1001 740/101/999
f  740/101/999 742/12/1001 743/13/1002
f  741/15/1000 744/102/1003 742/12/1001
f  742/12/1001 744/102/1003 745/103/1004
f  742/12/1001 745/103/1004 743/13/1005
f  743/13/1005 745/103/1004 746/104/1006
f  744/102/1003 747/17/1007 745/103/1004
f  745/103/1004 747/17/1007 746/104/1008
f  748/8/1009 750/96/1010 730/10/1011
f  730/10/1011 750/96/1010 751/97/1012
f  730/10/1011 751/97/1012 749/4/1013
f  749/4/1013 751/97/1012 752/98/1014
f  750/96/1010 753/9/1015 751/97/1012
f  751/97/1012 753/9/1015 754/5/1016
f  751/97/1012 754/5/1016 752/98/1014
f  752/98/1014 754/5/1016 755/6/1017
f  753/9/1015 756/99/1018 754/5/1016
f  754/5/1016 756/99/1018 757/100/1019
f  754/5/1016 757/100/1019 755/6/1017
f  755/6/1017 757/100/1019 758/101/1020
f  756/99/1018 759/15/1021 757/100/1019
f  757/100/1019 759/15/1021 760/12/1022
f  757/100/1019 760/12/1022 758/101/1020
f  758/101/1020 760/12/1022 761/13/1023
f  759/15/1021 762/102/1024 760/12/1022
f  760/12/1022 762/102/1025 763/103/1026
f  760/12/1022 763/103/1026 761/13/1023
f  761/13/1023 763/103/1026 764/104/1027
f  762/102/1025 765/17/1028 763/103/1026
f  763/103/1026 765/17/1028 764/104/1027
f  766/8/1029 768/96/1030 730/10/1031
f  730/10/1031 768/96/1030 769/97/1032
f  730/10/1031 769/97/1032 767/4/1033
f  767/4/1033 769/97/1032 770/98/1034
f  768/96/1030 771/9/1035 769/97/1032
f  769/97/1032 771/9/1035 772/5/1036
f  769/97/1032 772/5/1036 770/98/1034
f  770/98/1034 772/5/1036 773/6/1037
f  771/9/1035 774/99/1038 772/5/1036
f  772/5/1036 774/99/1038 775/100/1039
f  772/5/1036 775/100/1039 773/6/1037
f  773/6/1037 775/100/1039 776/101/1040
f  774/99/1038 777/15/1041 775/100/1039
f  775/100/1039 777/15/1041 778/12/1042
f  775/100/1039 778/12/1042 776/101/1040
f  776/101/1040 778/12/1042 779/13/1043
f  777/15/1041 780/102/1044 778/12/1042
f  778/12/1042 780/102/1044 781/103/1045
f  778/12/1042 781/103/1045 779/13/1043
f  779/13/1043 781/103/1045 782/104/1046
f  780/102/1047 783/17/1048 781/103/1045
f  781/103/1045 783/17/1048 782/104/1046
f  784/8/1049 786/96/1050 730/10/990
f  730/10/990 786/96/1050 787/97/1051
f  730/10/990 787/97/1051 785/4/1052
f  785/4/1052 787/97/1051 788/98/1053
f  786/96/1050 789/9/1054 787/97/1051
f  787/97/1051 789/9/1054 790/5/1055
f  787/97/1051 790/5/1055 788/98/1053
f  788/98/1053 790/5/1055 791/6/1056
f  789/9/1054 792/99/1057 790/5/1055
f  790/5/1055 792/99/1057 793/100/1058
f  790/5/1055 793/100/1058 791/6/1056
f  791/6/1056 793/100/1058 794/101/1059
f  792/99/1057 795/15/1060 793/100/1058
f  793/100/1058 795/15/1060 796/12/1061
f  793/100/1058 796/12/1061 794/101/1059
f  794/101/1059 796/12/1061 797/13/1062
f  795/15/1060 798/102/1063 796/12/1061
f  796/12/1061 798/102/1063 799/103/1064
f  796/12/1061 799/103/1064 797/13/1062
f  797/13/1062 799/103/1064 800/104/1065
f  798/102/1063 801/17/1066 799/103/1064
f  799/103/1064 801/17/1066 800/104/1065
f  802/8/1067 804/96/1068 730/10/1069
f  730/10/1069 804/96/1068 805/97/1070
f  730/10/1069 805/97/1070 803/4/1071
f  803/4/1071 805/97/1070 806/98/1072
f  804/96/1068 807/9/1073 805/97/1070
f  805/97/1070 807/9/1073 808/5/1074
f  805/97/1070 808/5/1074 806/98/1072
f  806/98/1075 808/5/1074 809/6/1076
f  807/9/1073 810/99/1077 808/5/1074
f  808/5/1074 810/99/1077 811/100/1078
f  808/5/1074 811/100/1078 809/6/1076
f  809/6/1076 811/100/1078 812/101/1079
f  810/99/1080 813/15/1081 811/100/1078
f  811/100/1078 813/15/1081 814/12/1082
f  811/100/1078 814/12/1082 812/101/1083
f  812/101/1083 814/12/1082 815/13/1084
f  813/15/1081 816/102/1085 814/12/1082
f  814/12/1082 816/102/1085 817/103/1086
f  814/12/1082 817/103/1087 815/13/1084
f  815/13/1088 817/103/1086 818/104/1088
f  816/102/1085 819/17/1089 817/103/1086
f  817/103/1086 819/17/1089 818/104/1090
f  820/8/1091 822/96/1091 730/10/990
f  730/10/1031 822/96/1092 823/97/1093
f  730/10/990 823/97/1093 821/4/1094
f  821/4/1095 823/97/1093 824/98/1096
f  822/96/1092 825/9/1097 823/97/1093
f  823/97/1093 825/9/1097 826/5/1098
f  823/97/1093 826/5/1098 824/98/1096
f  824/98/1096 826/5/1098 827/6/1099
f  825/9/1097 828/99/1100 826/5/1098
f  826/5/1098 828/99/1100 829/100/1101
f  826/5/1098 829/100/1101 827/6/1099
f  827/6/1099 829/100/1101 830/101/1102
f  828/99/1103 831/15/1104 829/100/1101
f  829/100/1101 831/15/1104 832/12/1105
f  829/100/1101 832/12/1105 830/101/1102
f  830/101/1102 832/12/1105 833/13/1106
f  831/15/1104 834/102/1107 832/12/1105
f  832/12/1105 834/102/1107 835/103/1108
f  832/12/1105 835/103/1108 833/13/1106
f  833/13/1106 835/103/1108 836/104/1109
f  834/102/1107 837/17/1110 835/103/1108
f  835/103/1108 837/17/1110 836/104/1109
f  838/8/1111 841/96/1112 839/10/1113
f  839/10/1113 841/96/1112 842/97/1114
f  839/10/1113 842/97/1114 840/4/1115
f  840/4/1115 842/97/1114 843/98/1116
f  841/96/1112 844/9/1117 842/97/1114
f  842/97/1114 844/9/1117 845/5/1118
f  842/97/1114 845/5/1118 843/98/1116
f  843/98/1116 845/5/1118 846/6/1119
f  844/9/1117 847/99/1120 845/5/1118
f  845/5/1118 847/99/1120 848/100/1121
f  845/5/1118 848/100/1121 846/6/1119
f  846/6/1119 848/100/1121 849/101/1122
f  847/99/1120 850/15/1123 848/100/1121
f  848/100/1121 850/15/1123 851/12/1124
f  848/100/1121 851/12/1124 849/101/1122
f  849/101/1122 851/12/1124 852/13/1125
f  850/15/1123 853/102/1126 851/12/1124
f  851/12/1124 853/102/1126 854/103/1127
f  851/12/1124 854/103/1127 852/13/1128
f  852/13/1128 854/103/1127 855/104/1129
f  853/102/1126 856/17/1130 854/103/1127
f  854/103/1127 856/17/1130 855/104/1130
f  857/8/1131 859/96/1132 839/10/1133
f  839/10/1133 859/96/1132 860/97/1134
f  839/10/1133 860/97/1134 858/4/1135
f  858/4/1135 860/97/1134 861/98/1136
f  859/96/1132 862/9/1137 860/97/1134
f  860/97/1134 862/9/1137 863/5/1138
f  860/97/1134 863/5/1138 861/98/1136
f  861/98/1136 863/5/1138 864/6/1139
f  862/9/1137 865/99/1140 863/5/1138
f  863/5/1138 865/99/1140 866/100/1141
f  863/5/1138 866/100/1141 864/6/1139
f  864/6/1139 866/100/1141 867/101/1142
f  865/99/1140 868/15/1143 866/100/1141
f  866/100/1141 868/15/1143 869/12/1144
f  866/100/1141 869/12/1144 867/101/1142
f  867/101/1142 869/12/1144 870/13/1145
f  868/15/1143 871/102/1146 869/12/1144
f  869/12/1144 871/102/1147 872/103/1148
f  869/12/1144 872/103/1148 870/13/1145
f  870/13/1145 872/103/1148 873/104/1149
f  871/102/1147 874/17/1150 872/103/1148
f  872/103/1148 874/17/1150 873/104/1149
f  875/8/1151 877/96/1152 839/10/1153
f  839/10/1153 877/96/1152 878/97/1154
f  839/10/1153 878/97/1154 876/4/1155
f  876/4/1155 878/97/1154 879/98/1156
f  877/96/1152 880/9/1157 878/97/1154
f  878/97/1154 880/9/1157 881/5/1158
f  878/97/1154 881/5/1158 879/98/1156
f  879/98/1156 881/5/1158 882/6/1159
f  880/9/1157 883/99/1160 881/5/1158
f  881/5/1158 883/99/1160 884/100/1161
f  881/5/1158 884/100/1161 882/6/1159
f  882/6/1159 884/100/1161 885/101/1162
f  883/99/1160 886/15/1163 884/100/1161
f  884/100/1161 886/15/1163 887/12/1164
f  884/100/1161 887/12/1164 885/101/1162
f  885/101/1162 887/12/1164 888/13/1165
f  886/15/1163 889/102/1166 887/12/1164
f  887/12/1164 889/102/1166 890/103/1167
f  887/12/1164 890/103/1167 888/13/1165
f  888/13/1165 890/103/1167 891/104/1168
f  889/102/1169 892/17/1170 890/103/1167
f  890/103/1167 892/17/1170 891/104/1168
f  893/8/1171 895/96/1172 839/10/1113
f  839/10/1113 895/96/1172 896/97/1173
f  839/10/1113 896/97/1173 894/4/1174
f  894/4/1174 896/97/1173 897/98/1175
f  895/96/1172 898/9/1176 896/97/1173
f  896/97/1173 898/9/1176 899/5/1177
f  896/97/1173 899/5/1177 897/98/1175
f  897/98/1175 899/5/1177 900/6/1178
f  898/9/1176 901/99/1179 899/5/1177
f  899/5/1177 901/99/1179 902/100/1180
f  899/5/1177 902/100/1180 900/6/1178
f  900/6/1178 902/100/1180 903/101/1181
f  901/99/1179 904/15/1182 902/100/1180
f  902/100/1180 904/15/1182 905/12/1183
f  902/100/1180 905/12/1183 903/101/1181
f  903/101/1181 905/12/1183 906/13/1184
f  904/15/1182 907/102/1185 905/12/1183
f  905/12/1183 907/102/1185 908/103/1186
f  905/12/1183 908/103/1186 906/13/1184
f  906/13/1184 908/103/1186 909/104/1187
f  907/102/1185 910/17/1188 908/103/1186
f  908/103/1186 910/17/1188 909/104/1187
f  911/8/1189 913/96/1190 839/10/1191
f  839/10/1191 913/96/1190 914/97/1192
f  839/10/1191 914/97/1192 912/4/1193
f  912/4/1193 914/97/1192 915/98/1194
f  913/96/1190 916/9/1195 914/97/1192
f  914/97/1192 916/9/1195 917/5/1196
f  914/97/1192 917/5/1196 915/98/1194
f  915/98/1197 917/5/1196 918/6/1198
f  916/9/1195 919/99/1199 917/5/1196
f  917/5/1196 919/99/1199 920/100/1200
f  917/5/1196 920/100/1200 918/6/1198
f  918/6/1198 920/100/1200 921/101/1201
f  919/99/1202 922/15/1203 920/100/1200
f  920/100/1200 922/15/1203 923/12/1204
f  920/100/1200 923/12/1204 921/101/1205
f  921/101/1205 923/12/1204 924/13/1206
f  922/15/1203 925/102/1207 923/12/1204
f  923/12/1204 925/102/1207 926/103/1208
f  923/12/1204 926/103/1209 924/13/1206
f  924/13/1210 926/103/1208 927/104/1210
f  925/102/1207 928/17/1211 926/103/1208
f  926/103/1208 928/17/1211 927/104/1212
f  929/8/1213 931/96/1213 839/10/1113
f  839/10/1153 931/96/1214 932/97/1215
f  839/10/1113 932/97/1215 930/4/1216
f  930/4/1216 932/97/1215 933/98/1217
f  931/96/1214 934/9/1218 932/97/1215
f  932/97/1215 934/9/1219 935/5/1220
f  932/97/1215 935/5/1220 933/98/1217
f  933/98/1217 935/5/1220 936/6/1221
f  934/9/1219 937/99/1222 935/5/1220
f  935/5/1220 937/99/1222 938/100/1223
f  935/5/1220 938/100/1223 936/6/1221
f  936/6/1221 938/100/1223 939/101/1224
f  937/99/1225 940/15/1226 938/100/1223
f  938/100/1223 940/15/1226 941/12/1227
f  938/100/1223 941/12/1227 939/101/1224
f  939/101/1224 941/12/1227 942/13/1228
f  940/15/1226 943/102/1229 941/12/1227
f  941/12/1227 943/102/1229 944/103/1230
f  941/12/1227 944/103/1230 942/13/1228
f  942/13/1228 944/103/1230 945/104/1231
f  943/102/1229 946/17/1232 944/103/1230
f  944/103/1230 946/17/1232 945/104/1231
usemtl Stalk
f  81/86/160 947/91/1233 82/89/165
f  81/88/162 950/92/1234 947/93/1235
f  82/89/165 947/91/1233 948/94/1236
f  82/89/166 948/94/1237 83/90/169
f  83/90/169 948/94/1237 949/95/1238
f  83/90/1239 949/95/1240 84/87/1241
f  84/87/1241 949/95/1240 950/92/1242
f  84/87/161 950/92/1234 81/88/162
f  947/91/1233 951/105/1243 948/94/1236
f  947/93/1235 954/106/1244 951/107/1245
f  948/94/1236 951/105/1243 952/108/1246
f  948/94/1237 952/108/1247 949/95/1238
f  949/95/1238 952/108/1247 953/109/1248
f  949/95/1240 953/109/1249 950/92/1242
f  950/92/1242 953/109/1249 954/106/1250
f  950/92/1234 954/106/1244 947/93/1235
f  951/105/1243 955/110/1251 952/108/1246
f  951/107/1245 958/111/1252 955/112/1253
f  952/108/1246 955/110/1251 956/113/1254
f  952/108/1247 956/113/1255 953/109/1248
f  953/109/1248 956/113/1255 957/114/1256
f  953/109/1249 957/114/1257 954/106/1250
f  954/106/1250 957/114/1257 958/111/1258
f  954/106/1244 958/111/1252 951/107/1245
f  955/110/1251 959/115/1259 956/113/1254
f  955/112/1253 962/116/1260 959/117/1261
f  956/113/1254 959/115/1259 960/118/1262
f  956/113/1255 960/118/1263 957/114/1256
f  957/114/1256 960/118/1263 961/119/1264
f  957/114/1257 961/119/1265 958/111/1258
f  958/111/1258 961/119/1265 962/116/1266
f  958/111/1252 962/116/1260 955/112/1253
f  959/115/1259 963/120/1267 960/118/1262
f  959/117/1261 966/121/1268 963/122/1269
f  960/118/1262 963/120/1267 964/123/1270
f  960/118/1263 964/123/1271 961/119/1264
f  961/119/1264 964/123/1271 965/124/1272
f  961/119/1265 965/124/1273 962/116/1266
f  962/116/1266 965/124/1273 966/121/1274
f  962/116/1260 966/121/1268 959/117/1261
f  963/120/1267 967/125/1275 964/123/1270
f  963/122/1269 970/126/1276 967/127/1277
f  964/123/1270 967/125/1275 968/128/1278
f  964/123/1271 968/128/1279 965/124/1272
f  965/124/1272 968/128/1279 969/129/1280
f  965/124/1273 969/129/1281 966/121/1274
f  966/121/1274 969/129/1281 970/126/1282
f  966/121/1268 970/126/1276 963/122/1269
f  967/125/1275 971/130/1283 968/128/1278
f  967/127/1277 974/131/1284 971/132/1285
f  968/128/1278 971/130/1283 972/133/1286
f  968/128/1279 972/133/1287 969/129/1280
f  969/129/1280 972/133/1287 973/134/1288
f  969/129/1281 973/134/1289 970/126/1282
f  970/126/1282 973/134/1289 974/131/1290
f  970/126/1276 974/131/1284 967/127/1277
f  971/130/1291 975/135/1292 972/133/1293
f  971/132/1285 978/136/1294 975/137/1295
f  972/133/1293 975/135/1292 976/138/1296
f  972/133/1297 976/138/1298 973/134/1288
f  973/134/1288 976/138/1298 977/139/1299
f  973/134/1300 977/139/1301 974/131/1302
f  974/131/1302 977/139/1301 978/136/1303
f  974/131/1304 978/136/1294 971/132/1285
f  975/135/1292 979/140/1305 976/138/1296
f  975/137/1306 982/141/1306 979/142/1307
f  976/138/1296 979/140/1305 980/143/1308
f  976/138/1309 980/143/1310 977/139/1310
f  977/139/1310 980/143/1310 981/144/1311
f  977/139/1301 981/144/1312 978/136/1303
f  978/136/1303 981/144/1312 982/141/1313
f  978/136/1314 982/141/1306 975/137/1306
f  979/140/1305 983/145/1315 980/143/1308
f  979/142/1316 986/146/1316 983/147/1317
f  980/143/1308 983/145/1315 984/148/1318
f  980/143/1319 984/148/1320 981/144/1320
f  981/144/1320 984/148/1320 985/149/1321
f  981/144/1312 985/149/1322 982/141/1313
f  982/141/1313 985/149/1322 986/146/1323
f  982/141/1324 986/146/1316 979/142/1316
f  85/76/1325 987/81/1326 86/79/1327
f  85/78/1328 990/82/1329 987/83/1330
f  86/79/1327 987/81/1326 988/84/1331
f  86/79/1332 988/84/1333 87/80/1334
f  87/80/1334 988/84/1333 989/85/1335
f  87/80/1336 989/85/1337 88/77/1338
f  88/77/1338 989/85/1337 990/82/1339
f  88/77/1340 990/82/1329 85/78/1328
f  987/81/1326 991/86/1341 988/84/1331
f  987/83/1330 994/87/1342 991/88/1343
f  988/84/1331 991/86/1341 992/89/1344
f  988/84/1333 992/89/1345 989/85/1335
f  989/85/1335 992/89/1345 993/90/1346
f  989/85/1337 993/90/1347 990/82/1339
f  990/82/1339 993/90/1347 994/87/1348
f  990/82/1329 994/87/1342 987/83/1330
f  991/86/1341 995/91/1349 992/89/1344
f  991/88/1343 998/92/1350 995/93/1351
f  992/89/1344 995/91/1349 996/94/1352
f  992/89/1345 996/94/1353 993/90/1346
f  993/90/1346 996/94/1353 997/95/1354
f  993/90/1347 997/95/1355 994/87/1348
f  994/87/1348 997/95/1355 998/92/1356
f  994/87/1342 998/92/1350 991/88/1343
f  995/91/1349 999/105/1357 996/94/1352
f  995/93/1351 1002/106/1358 999/107/1359
f  996/94/1352 999/105/1357 1000/108/1360
f  996/94/1353 1000/108/1361 997/95/1354
f  997/95/1354 1000/108/1361 1001/109/1362
f  997/95/1355 1001/109/1363 998/92/1356
f  998/92/1356 1001/109/1363 1002/106/1364
f  998/92/1350 1002/106/1358 995/93/1351
f  999/105/1357 1003/110/1365 1000/108/1360
f  999/107/1359 1006/111/1366 1003/112/1367
f  1000/108/1360 1003/110/1365 1004/113/1368
f  1000/108/1361 1004/113/1369 1001/109/1362
f  1001/109/1362 1004/113/1369 1005/114/1370
f  1001/109/1363 1005/114/1371 1002/106/1364
f  1002/106/1364 1005/114/1371 1006/111/1372
f  1002/106/1358 1006/111/1366 999/107/1359
f  1003/110/1365 1007/115/1373 1004/113/1368
f  1003/112/1367 1010/116/1374 1007/117/1375
f  1004/113/1368 1007/115/1373 1008/118/1376
f  1004/113/1369 1008/118/1377 1005/114/1370
f  1005/114/1370 1008/118/1377 1009/119/1378
f  1005/114/1371 1009/119/1379 1006/111/1372
f  1006/111/1372 1009/119/1379 1010/116/1380
f  1006/111/1366 1010/116/1374 1003/112/1367
f  1007/115/1373 1011/120/1381 1008/118/1376
f  1007/117/1375 1014/121/1382 1011/122/1383
f  1008/118/1376 1011/120/1381 1012/123/1384
f  1008/118/1377 1012/123/1385 1009/119/1378
f  1009/119/1378 1012/123/1385 1013/124/1386
f  1009/119/1379 1013/124/1387 1010/116/1380
f  1010/116/1380 1013/124/1387 1014/121/1388
f  1010/116/1374 1014/121/1382 1007/117/1375
f  1011/120/1389 1015/125/1390 1012/123/1391
f  1011/122/1383 1018/126/1392 1015/127/1393
f  1012/123/1391 1015/125/1390 1016/128/1394
f  1012/123/1395 1016/128/1396 1013/124/1386
f  1013/124/1386 1016/128/1396 1017/129/1397
f  1013/124/1398 1017/129/1399 1014/121/1400
f  1014/121/1400 1017/129/1399 1018/126/1401
f  1014/121/1402 1018/126/1392 1011/122/1383
f  1015/125/1390 1019/130/1403 1016/128/1394
f  1015/127/1404 1022/131/1404 1019/132/1405
f  1016/128/1394 1019/130/1403 1020/133/1406
f  1016/128/1407 1020/133/1408 1017/129/1408
f  1017/129/1408 1020/133/1408 1021/134/1409
f  1017/129/1399 1021/134/1410 1018/126/1401
f  1018/126/1401 1021/134/1410 1022/131/1411
f  1018/126/1412 1022/131/1404 1015/127/1404
f  1019/130/1403 1023/135/1413 1020/133/1406
f  1019/132/1414 1026/136/1414 1023/137/1415
f  1020/133/1406 1023/135/1413 1024/138/1416
f  1020/133/1417 1024/138/1418 1021/134/1418
f  1021/134/1418 1024/138/1418 1025/139/1419
f  1021/134/1410 1025/139/1420 1022/131/1411
f  1022/131/1411 1025/139/1420 1026/136/1421
f  1022/131/1422 1026/136/1414 1019/132/1414
f  89/71/119 1027/76/1423 90/74/120
f  89/73/115 1030/77/1424 1027/78/1425
f  90/74/120 1027/76/1423 1028/79/1426
f  90/74/125 1028/79/1427 91/75/126
f  91/75/126 1028/79/1427 1029/80/1428
f  91/75/130 1029/80/1429 92/72/131
f  92/72/131 1029/80/1429 1030/77/1430
f  92/72/114 1030/77/1424 89/73/115
f  1027/76/1423 1031/81/1431 1028/79/1426
f  1027/78/1425 1034/82/1432 1031/83/1433
f  1028/79/1426 1031/81/1431 1032/84/1434
f  1028/79/1427 1032/84/1435 1029/80/1428
f  1029/80/1428 1032/84/1435 1033/85/1436
f  1029/80/1429 1033/85/1437 1030/77/1430
f  1030/77/1430 1033/85/1437 1034/82/1438
f  1030/77/1424 1034/82/1432 1027/78/1425
f  1031/81/1431 1035/86/1439 1032/84/1434
f  1031/83/1433 1038/87/1440 1035/88/1441
f  1032/84/1434 1035/86/1439 1036/89/1442
f  1032/84/1435 1036/89/1443 1033/85/1436
f  1033/85/1436 1036/89/1443 1037/90/1444
f  1033/85/1437 1037/90/1445 1034/82/1438
f  1034/82/1438 1037/90/1445 1038/87/1446
f  1034/82/1432 1038/87/1440 1031/83/1433
f  1035/86/1439 1039/91/1447 1036/89/1442
f  1035/88/1441 1042/92/1448 1039/93/1449
f  1036/89/1442 1039/91/1447 1040/94/1450
f  1036/89/1443 1040/94/1451 1037/90/1444
f  1037/90/1444 1040/94/1451 1041/95/1452
f  1037/90/1445 1041/95/1453 1038/87/1446
f  1038/87/1446 1041/95/1453 1042/92/1454
f  1038/87/1440 1042/92/1448 1035/88/1441
f  1039/91/1447 1043/105/1455 1040/94/1450
f  1039/93/1449 1046/106/1456 1043/107/1457
f  1040/94/1450 1043/105/1455 1044/108/1458
f  1040/94/1451 1044/108/1459 1041/95/1452
f  1041/95/1452 1044/108/1459 1045/109/1460
f  1041/95/1453 1045/109/1461 1042/92/1454
f  1042/92/1454 1045/109/1461 1046/106/1462
f  1042/92/1448 1046/106/1456 1039/93/1449
f  1043/105/1455 1047/110/1463 1044/108/1458
f  1043/107/1457 1050/111/1464 1047/112/1465
f  1044/108/1458 1047/110/1463 1048/113/1466
f  1044/108/1459 1048/113/1467 1045/109/1460
f  1045/109/1460 1048/113/1467 1049/114/1468
f  1045/109/1461 1049/114/1469 1046/106/1462
f  1046/106/1462 1049/114/1469 1050/111/1470
f  1046/106/1456 1050/111/1464 1043/107/1457
f  1047/110/1463 1051/115/1471 1048/113/1466
f  1047/112/1465 1054/116/1472 1051/117/1473
f  1048/113/1466 1051/115/1471 1052/118/1474
f  1048/113/1467 1052/118/1475 1049/114/1468
f  1049/114/1468 1052/118/1475 1053/119/1476
f  1049/114/1469 1053/119/1477 1050/111/1470
f  1050/111/1470 1053/119/1477 1054/116/1478
f  1050/111/1464 1054/116/1472 1047/112/1465
f  1051/115/1479 1055/120/1480 1052/118/1481
f  1051/117/1473 1058/121/1482 1055/122/1483
f  1052/118/1481 1055/120/1480 1056/123/1484
f  1052/118/1485 1056/123/1486 1053/119/1476
f  1053/119/1476 1056/123/1486 1057/124/1487
f  1053/119/1488 1057/124/1489 1054/116/1490
f  1054/116/1490 1057/124/1489 1058/121/1491
f  1054/116/1492 1058/121/1482 1051/117/1473
f  1055/120/1480 1059/125/1493 1056/123/1484
f  1055/122/1494 1062/126/1494 1059/127/1495
f  1056/123/1484 1059/125/1493 1060/128/1496
f  1056/123/1497 1060/128/1498 1057/124/1498
f  1057/124/1498 1060/128/1498 1061/129/1499
f  1057/124/1489 1061/129/1500 1058/121/1491
f  1058/121/1491 1061/129/1500 1062/126/1501
f  1058/121/1502 1062/126/1494 1055/122/1494
f  1059/125/1493 1063/130/1503 1060/128/1496
f  1059/127/1504 1066/131/1504 1063/132/1505
f  1060/128/1496 1063/130/1503 1064/133/1506
f  1060/128/1507 1064/133/1508 1061/129/1508
f  1061/129/1508 1064/133/1508 1065/134/1509
f  1061/129/1500 1065/134/1510 1062/126/1501
f  1062/126/1501 1065/134/1510 1066/131/1511
f  1062/126/1512 1066/131/1504 1059/127/1504
f  1067/154/1513 1068/169/1513 1069/170/1513
f  1067/154/1514 1069/170/1514 1070/171/1514
f  1067/154/1515 1070/171/1515 1071/172/1515
f  1067/154/1516 1071/172/1516 1072/173/1516
f  1067/154/1517 1072/173/1517 1068/174/1517
f  1068/169/1518 1073/175/1519 1069/170/1519
f  1068/174/1520 1077/176/1520 1073/177/1521
f  1069/170/1519 1073/175/1519 1074/178/1522
f  1069/170/1523 1074/178/1523 1070/171/1523
f  1070/171/1523 1074/178/1523 1075/179/1523
f  1070/171/1524 1075/179/1525 1071/172/1525
f  1071/172/1525 1075/179/1525 1076/180/1526
f  1071/172/1527 1076/180/1528 1072/173/1528
f  1072/173/1528 1076/180/1528 1077/176/1529
f  1072/173/1530 1077/176/1520 1068/174/1520
f  1073/175/1531 1078/155/1531 1074/178/1531
f  1074/178/1532 1078/155/1532 1075/179/1532
f  1075/179/1533 1078/155/1533 1076/180/1533
f  1076/180/1534 1078/155/1534 1077/176/1534
f  1077/176/1535 1078/155/1535 1073/177/1535
f  1079/144/1536 1080/181/1536 1081/182/1536
f  1079/144/1537 1081/182/1537 1082/183/1537
f  1079/144/1538 1082/183/1538 1083/184/1538
f  1079/144/1539 1083/184/1539 1084/185/1539
f  1079/144/1540 1084/185/1540 1080/186/1540
f  1080/181/1541 1085/187/1542 1081/182/1542
f  1080/186/1543 1089/188/1543 1085/189/1544
f  1081/182/1542 1085/187/1542 1086/190/1545
f  1081/182/1546 1086/190/1547 1082/183/1547
f  1082/183/1547 1086/190/1547 1087/191/1548
f  1082/183/1549 1087/191/1550 1083/184/1550
f  1083/184/1550 1087/191/1550 1088/192/1551
f  1083/184/1552 1088/192/1553 1084/185/1553
f  1084/185/1553 1088/192/1553 1089/188/1554
f  1084/185/1555 1089/188/1543 1080/186/1543
f  1085/187/1556 1090/149/1556 1086/190/1556
f  1086/190/1557 1090/149/1557 1087/191/1557
f  1087/191/1558 1090/149/1558 1088/192/1558
f  1088/192/1559 1090/149/1559 1089/188/1559
f  1089/188/1560 1090/149/1560 1085/189/1560
f  1091/139/1561 1092/193/1561 1093/194/1561
f  1091/139/1562 1093/194/1562 1094/195/1562
f  1091/139/1563 1094/195/1563 1095/196/1563
f  1091/139/1564 1095/196/1564 1096/197/1564
f  1091/139/1565 1096/197/1565 1092/198/1565
f  1092/193/1566 1097/199/1567 1093/194/1567
f  1092/198/1568 1101/200/1568 1097/201/1569
f  1093/194/1567 1097/199/1567 1098/202/1570
f  1093/194/1571 1098/202/1572 1094/195/1572
f  1094/195/1572 1098/202/1572 1099/203/1573
f  1094/195/1574 1099/203/1575 1095/196/1575
f  1095/196/1575 1099/203/1575 1100/204/1576
f  1095/196/1577 1100/204/1578 1096/197/1578
f  1096/197/1578 1100/204/1578 1101/200/1579
f  1096/197/1580 1101/200/1568 1092/198/1568
f  1097/199/1581 1102/144/1581 1098/202/1581
f  1098/202/1582 1102/144/1582 1099/203/1582
f  1099/203/1583 1102/144/1583 1100/204/1583
f  1100/204/1584 1102/144/1584 1101/200/1584
f  1101/200/1585 1102/144/1585 1097/201/1585
f  1103/154/1586 1104/169/1586 1105/170/1586
f  1103/154/1587 1105/170/1587 1106/171/1587
f  1103/154/1588 1106/171/1588 1107/172/1588
f  1103/154/1589 1107/172/1589 1108/173/1589
f  1103/154/1590 1108/173/1590 1104/174/1590
f  1104/169/1591 1109/175/1592 1105/170/1592
f  1104/174/1593 1113/176/1593 1109/177/1593
f  1105/170/1592 1109/175/1592 1110/178/1594
f  1105/170/1595 1110/178/1596 1106/171/1596
f  1106/171/1596 1110/178/1596 1111/179/1597
f  1106/171/1598 1111/179/1599 1107/172/1599
f  1107/172/1599 1111/179/1599 1112/180/1526
f  1107/172/1600 1112/180/1601 1108/173/1601
f  1108/173/1601 1112/180/1601 1113/176/1602
f  1108/173/1593 1113/176/1593 1104/174/1593
f  1109/175/1603 1114/155/1603 1110/178/1603
f  1110/178/1604 1114/155/1604 1111/179/1604
f  1111/179/1605 1114/155/1605 1112/180/1605
f  1112/180/1606 1114/155/1606 1113/176/1606
f  1113/176/1607 1114/155/1607 1109/177/1607
f  1115/144/1608 1116/181/1608 1117/182/1608
f  1115/144/1609 1117/182/1609 1118/183/1609
f  1115/144/1610 1118/183/1610 1119/184/1610
f  1115/144/1611 1119/184/1611 1120/185/1611
f  1115/144/1612 1120/185/1612 1116/186/1612
f  1116/181/1613 1121/187/1614 1117/182/1614
f  1116/186/1615 1125/188/1615 1121/189/1616
f  1117/182/1614 1121/187/1614 1122/190/1617
f  1117/182/1618 1122/190/1619 1118/183/1619
f  1118/183/1619 1122/190/1619 1123/191/1620
f  1118/183/1621 1123/191/1622 1119/184/1622
f  1119/184/1622 1123/191/1622 1124/192/1623
f  1119/184/1552 1124/192/1624 1120/185/1624
f  1120/185/1624 1124/192/1624 1125/188/1625
f  1120/185/1626 1125/188/1615 1116/186/1615
f  1121/187/1627 1126/149/1627 1122/190/1627
f  1122/190/1628 1126/149/1628 1123/191/1628
f  1123/191/1629 1126/149/1629 1124/192/1629
f  1124/192/1630 1126/149/1630 1125/188/1630
f  1125/188/1631 1126/149/1631 1121/189/1631
f  1127/139/1632 1128/193/1632 1129/194/1632
f  1127/139/1633 1129/194/1633 1130/195/1633
f  1127/139/1634 1130/195/1634 1131/196/1634
f  1127/139/1635 1131/196/1635 1132/197/1635
f  1127/139/1636 1132/197/1636 1128/198/1636
f  1128/193/1637 1133/199/1638 1129/194/1638
f  1128/198/1639 1137/200/1639 1133/201/1640
f  1129/194/1638 1133/199/1638 1134/202/1641
f  1129/194/1642 1134/202/1643 1130/195/1643
f  1130/195/1643 1134/202/1643 1135/203/1644
f  1130/195/1645 1135/203/1646 1131/196/1646
f  1131/196/1646 1135/203/1646 1136/204/1647
f  1131/196/1648 1136/204/1649 1132/197/1649
f  1132/197/1649 1136/204/1649 1137/200/1650
f  1132/197/1651 1137/200/1639 1128/198/1639
f  1133/199/1652 1138/144/1652 1134/202/1652
f  1134/202/1653 1138/144/1653 1135/203/1653
f  1135/203/1654 1138/144/1654 1136/204/1654
f  1136/204/1655 1138/144/1655 1137/200/1655
f  1137/200/1656 1138/144/1656 1133/201/1656
f  1139/41/1657 1143/46/1658 1140/44/1659
f  1139/43/1660 1146/47/1661 1143/48/1662
f  1140/44/1659 1143/46/1658 1144/49/1663
f  1140/44/1664 1144/49/1665 1141/45/1666
f  1141/45/1666 1144/49/1665 1145/50/1667
f  1141/45/1668 1145/50/1669 1142/42/1670
f  1142/42/1670 1145/50/1669 1146/47/1671
f  1142/42/1672 1146/47/1661 1139/43/1660
f  1143/46/1658 1147/51/1673 1144/49/1663
f  1143/48/1662 1150/52/1674 1147/53/1675
f  1144/49/1663 1147/51/1673 1148/54/1676
f  1144/49/1665 1148/54/1677 1145/50/1667
f  1145/50/1667 1148/54/1677 1149/55/1678
f  1145/50/1669 1149/55/1679 1146/47/1671
f  1146/47/1671 1149/55/1679 1150/52/1680
f  1146/47/1661 1150/52/1674 1143/48/1662
f  1147/51/1673 1151/56/1681 1148/54/1676
f  1147/53/1675 1154/57/1682 1151/58/1683
f  1148/54/1676 1151/56/1681 1152/59/1684
f  1148/54/1677 1152/59/1685 1149/55/1678
f  1149/55/1678 1152/59/1685 1153/60/1686
f  1149/55/1679 1153/60/1687 1150/52/1680
f  1150/52/1680 1153/60/1687 1154/57/1688
f  1150/52/1674 1154/57/1682 1147/53/1675
f  1151/56/1681 1155/61/1689 1152/59/1684
f  1151/58/1683 1158/70/1690 1155/64/1691
f  1152/59/1684 1155/61/1689 1156/63/1692
f  1152/59/1685 1156/63/1693 1153/60/1686
f  1153/60/1686 1156/63/1693 1157/68/1694
f  1153/60/1687 1157/68/1695 1154/57/1688
f  1154/57/1688 1157/68/1695 1158/70/1696
f  1154/57/1682 1158/70/1690 1151/58/1683
f  1155/61/1689 1159/62/1697 1156/63/1692
f  1155/64/1691 1162/65/1698 1159/66/1699
f  1156/63/1692 1159/62/1697 1160/67/1700
f  1156/63/1693 1160/67/1701 1157/68/1694
f  1157/68/1694 1160/67/1701 1161/69/1702
f  1157/68/1695 1161/69/1703 1158/70/1696
f  1158/70/1696 1161/69/1703 1162/65/1704
f  1158/70/1690 1162/65/1698 1155/64/1691
f  1159/62/1697 1163/71/1705 1160/67/1700
f  1159/66/1699 1166/72/1706 1163/73/1707
f  1160/67/1700 1163/71/1705 1164/74/1708
f  1160/67/1701 1164/74/1709 1161/69/1702
f  1161/69/1702 1164/74/1709 1165/75/1710
f  1161/69/1703 1165/75/1711 1162/65/1704
f  1162/65/1704 1165/75/1711 1166/72/1712
f  1162/65/1698 1166/72/1706 1159/66/1699
f  1167/41/1713 1171/46/1714 1168/44/1715
f  1167/43/1716 1174/47/1717 1171/48/1718
f  1168/44/1715 1171/46/1714 1172/49/1719
f  1168/44/1720 1172/49/1721 1169/45/1722
f  1169/45/1722 1172/49/1721 1173/50/1723
f  1169/45/1724 1173/50/1725 1170/42/1726
f  1170/42/1726 1173/50/1725 1174/47/1727
f  1170/42/1728 1174/47/1717 1167/43/1716
f  1171/46/1714 1175/51/1729 1172/49/1719
f  1171/48/1718 1178/52/1730 1175/53/1731
f  1172/49/1719 1175/51/1729 1176/54/1732
f  1172/49/1721 1176/54/1733 1173/50/1723
f  1173/50/1723 1176/54/1733 1177/55/1734
f  1173/50/1725 1177/55/1735 1174/47/1727
f  1174/47/1727 1177/55/1735 1178/52/1736
f  1174/47/1717 1178/52/1730 1171/48/1718
f  1175/51/1729 1179/56/1737 1176/54/1732
f  1175/53/1731 1182/57/1738 1179/58/1739
f  1176/54/1732 1179/56/1737 1180/59/1740
f  1176/54/1733 1180/59/1741 1177/55/1734
f  1177/55/1734 1180/59/1741 1181/60/1742
f  1177/55/1735 1181/60/1743 1178/52/1736
f  1178/52/1736 1181/60/1743 1182/57/1744
f  1178/52/1730 1182/57/1738 1175/53/1731
f  1179/56/1737 1183/61/1745 1180/59/1740
f  1179/58/1739 1186/70/1746 1183/64/1747
f  1180/59/1740 1183/61/1745 1184/63/1748
f  1180/59/1741 1184/63/1749 1181/60/1742
f  1181/60/1742 1184/63/1749 1185/68/1750
f  1181/60/1743 1185/68/1751 1182/57/1744
f  1182/57/1744 1185/68/1751 1186/70/1752
f  1182/57/1738 1186/70/1746 1179/58/1739
f  1183/61/1745 1187/62/1753 1184/63/1748
f  1183/64/1747 1190/65/1754 1187/66/1755
f  1184/63/1748 1187/62/1753 1188/67/1756
f  1184/63/1749 1188/67/1757 1185/68/1750
f  1185/68/1750 1188/67/1757 1189/69/1758
f  1185/68/1751 1189/69/1759 1186/70/1752
f  1186/70/1752 1189/69/1759 1190/65/1760
f  1186/70/1746 1190/65/1754 1183/64/1747
f  1187/62/1753 1191/71/1761 1188/67/1756
f  1187/66/1755 1194/72/1762 1191/73/1763
f  1188/67/1756 1191/71/1761 1192/74/1764
f  1188/67/1757 1192/74/1765 1189/69/1758
f  1189/69/1758 1192/74/1765 1193/75/1766
f  1189/69/1759 1193/75/1767 1190/65/1760
f  1190/65/1760 1193/75/1767 1194/72/1768
f  1190/65/1754 1194/72/1762 1187/66/1755
f  1195/31/1769 1199/36/1770 1196/34/1771
f  1195/33/1772 1202/37/1773 1199/38/1774
f  1196/34/1771 1199/36/1770 1200/39/1775
f  1196/34/1776 1200/39/1777 1197/35/1778
f  1197/35/1778 1200/39/1777 1201/40/1779
f  1197/35/1780 1201/40/1781 1198/32/1782
f  1198/32/1782 1201/40/1781 1202/37/1783
f  1198/32/1784 1202/37/1773 1195/33/1772
f  1199/36/1770 1203/41/1785 1200/39/1775
f  1199/38/1774 1206/42/1786 1203/43/1787
f  1200/39/1775 1203/41/1785 1204/44/1788
f  1200/39/1777 1204/44/1789 1201/40/1779
f  1201/40/1779 1204/44/1789 1205/45/1790
f  1201/40/1781 1205/45/1791 1202/37/1783
f  1202/37/1783 1205/45/1791 1206/42/1792
f  1202/37/1773 1206/42/1786 1199/38/1774
f  1203/41/1785 1207/46/1793 1204/44/1788
f  1203/43/1787 1210/47/1794 1207/48/1795
f  1204/44/1788 1207/46/1793 1208/49/1796
f  1204/44/1789 1208/49/1797 1205/45/1790
f  1205/45/1790 1208/49/1797 1209/50/1798
f  1205/45/1791 1209/50/1799 1206/42/1792
f  1206/42/1792 1209/50/1799 1210/47/1800
f  1206/42/1786 1210/47/1794 1203/43/1787
f  1207/46/1793 1211/51/1801 1208/49/1796
f  1207/48/1795 1214/52/1802 1211/53/1803
f  1208/49/1796 1211/51/1801 1212/54/1804
f  1208/49/1797 1212/54/1805 1209/50/1798
f  1209/50/1798 1212/54/1805 1213/55/1806
f  1209/50/1799 1213/55/1807 1210/47/1800
f  1210/47/1800 1213/55/1807 1214/52/1808
f  1210/47/1794 1214/52/1802 1207/48/1795
f  1211/51/1801 1215/56/1809 1212/54/1804
f  1211/53/1803 1218/57/1810 1215/58/1811
f  1212/54/1804 1215/56/1809 1216/59/1812
f  1212/54/1805 1216/59/1813 1213/55/1806
f  1213/55/1806 1216/59/1813 1217/60/1814
f  1213/55/1807 1217/60/1815 1214/52/1808
f  1214/52/1808 1217/60/1815 1218/57/1816
f  1214/52/1802 1218/57/1810 1211/53/1803
f  1215/56/1809 1219/61/1817 1216/59/1812
f  1215/58/1811 1222/70/1818 1219/64/1819
f  1216/59/1812 1219/61/1817 1220/63/1820
f  1216/59/1813 1220/63/1821 1217/60/1814
f  1217/60/1814 1220/63/1821 1221/68/1822
f  1217/60/1815 1221/68/1823 1218/57/1816
f  1218/57/1816 1221/68/1823 1222/70/1824
f  1218/57/1810 1222/70/1818 1215/58/1811
f  1219/61/1817 1223/62/1825 1220/63/1820
f  1219/64/1819 1226/65/1826 1223/66/1827
f  1220/63/1820 1223/62/1825 1224/67/1828
f  1220/63/1821 1224/67/1829 1221/68/1822
f  1221/68/1822 1224/67/1829 1225/69/1830
f  1221/68/1823 1225/69/1831 1222/70/1824
f  1222/70/1824 1225/69/1831 1226/65/1832
f  1222/70/1818 1226/65/1826 1219/64/1819
f  1223/62/1825 1227/71/1833 1224/67/1828
f  1223/66/1827 1230/72/1834 1227/73/1835
f  1224/67/1828 1227/71/1833 1228/74/1836
f  1224/67/1829 1228/74/1837 1225/69/1830
f  1225/69/1830 1228/74/1837 1229/75/1838
f  1225/69/1831 1229/75/1839 1226/65/1832
f  1226/65/1832 1229/75/1839 1230/72/1840
f  1226/65/1826 1230/72/1834 1223/66/1827
f  1227/71/1833 1231/76/1841 1228/74/1836
f  1227/73/1835 1234/77/1842 1231/78/1843
f  1228/74/1836 1231/76/1841 1232/79/1844
f  1228/74/1837 1232/79/1845 1229/75/1838
f  1229/75/1838 1232/79/1845 1233/80/1846
f  1229/75/1839 1233/80/1847 1230/72/1840
f  1230/72/1840 1233/80/1847 1234/77/1848
f  1230/72/1834 1234/77/1842 1227/73/1835
f  1235/31/1849 1239/36/1850 1236/34/1851
f  1235/33/1852 1242/37/1853 1239/38/1854
f  1236/34/1851 1239/36/1850 1240/39/1855
f  1236/34/1856 1240/39/1857 1237/35/1858
f  1237/35/1858 1240/39/1857 1241/40/1859
f  1237/35/1860 1241/40/1861 1238/32/1862
f  1238/32/1862 1241/40/1861 1242/37/1863
f  1238/32/1864 1242/37/1853 1235/33/1852
f  1239/36/1850 1243/41/1865 1240/39/1855
f  1239/38/1854 1246/42/1866 1243/43/1867
f  1240/39/1855 1243/41/1865 1244/44/1868
f  1240/39/1857 1244/44/1869 1241/40/1859
f  1241/40/1859 1244/44/1869 1245/45/1870
f  1241/40/1861 1245/45/1871 1242/37/1863
f  1242/37/1863 1245/45/1871 1246/42/1872
f  1242/37/1853 1246/42/1866 1239/38/1854
f  1243/41/1865 1247/46/1873 1244/44/1868
f  1243/43/1867 1250/47/1874 1247/48/1875
f  1244/44/1868 1247/46/1873 1248/49/1876
f  1244/44/1869 1248/49/1877 1245/45/1870
f  1245/45/1870 1248/49/1877 1249/50/1878
f  1245/45/1871 1249/50/1879 1246/42/1872
f  1246/42/1872 1249/50/1879 1250/47/1880
f  1246/42/1866 1250/47/1874 1243/43/1867
f  1247/46/1873 1251/51/1881 1248/49/1876
f  1247/48/1875 1254/52/1882 1251/53/1883
f  1248/49/1876 1251/51/1881 1252/54/1884
f  1248/49/1877 1252/54/1885 1249/50/1878
f  1249/50/1878 1252/54/1885 1253/55/1886
f  1249/50/1879 1253/55/1887 1250/47/1880
f  1250/47/1880 1253/55/1887 1254/52/1888
f  1250/47/1874 1254/52/1882 1247/48/1875
f  1251/51/1881 1255/56/1889 1252/54/1884
f  1251/53/1883 1258/57/1890 1255/58/1891
f  1252/54/1884 1255/56/1889 1256/59/1892
f  1252/54/1885 1256/59/1893 1253/55/1886
f  1253/55/1886 1256/59/1893 1257/60/1894
f  1253/55/1887 1257/60/1895 1254/52/1888
f  1254/52/1888 1257/60/1895 1258/57/1896
f  1254/52/1882 1258/57/1890 1251/53/1883
f  1255/56/1889 1259/61/1897 1256/59/1892
f  1255/58/1891 1262/70/1898 1259/64/1899
f  1256/59/1892 1259/61/1897 1260/63/1900
f  1256/59/1893 1260/63/1901 1257/60/1894
f  1257/60/1894 1260/63/1901 1261/68/1902
f  1257/60/1895 1261/68/1903 1258/57/1896
f  1258/57/1896 1261/68/1903 1262/70/1904
f  1258/57/1890 1262/70/1898 1255/58/1891
f  1259/61/1897 1263/62/1905 1260/63/1900
f  1259/64/1899 1266/65/1906 1263/66/1907
f  1260/63/1900 1263/62/1905 1264/67/1908
f  1260/63/1901 1264/67/1909 1261/68/1902
f  1261/68/1902 1264/67/1909 1265/69/1910
f  1261/68/1903 1265/69/1911 1262/70/1904
f  1262/70/1904 1265/69/1911 1266/65/1912
f  1262/70/1898 1266/65/1906 1259/64/1899
f  1263/62/1905 1267/71/1913 1264/67/1908
f  1263/66/1907 1270/72/1914 1267/73/1915
f  1264/67/1908 1267/71/1913 1268/74/1916
f  1264/67/1909 1268/74/1917 1265/69/1910
f  1265/69/1910 1268/74/1917 1269/75/1918
f  1265/69/1911 1269/75/1919 1266/65/1912
f  1266/65/1912 1269/75/1919 1270/72/1920
f  1266/65/1906 1270/72/1914 1263/66/1907
f  1267/71/1913 1271/76/1921 1268/74/1916
f  1267/73/1915 1274/77/1922 1271/78/1923
f  1268/74/1916 1271/76/1921 1272/79/1924
f  1268/74/1917 1272/79/1925 1269/75/1918
f  1269/75/1918 1272/79/1925 1273/80/1926
f  1269/75/1919 1273/80/1927 1270/72/1920
f  1270/72/1920 1273/80/1927 1274/77/1928
f  1270/72/1914 1274/77/1922 1267/73/1915
f  1275/21/1929 1279/26/1930 1276/24/1931
f  1275/23/1932 1282/27/1933 1279/28/1934
f  1276/24/1931 1279/26/1930 1280/29/1935
f  1276/24/1936 1280/29/1937 1277/25/1938
f  1277/25/1938 1280/29/1937 1281/30/1939
f  1277/25/1940 1281/30/1941 1278/22/1942
f  1278/22/1942 1281/30/1941 1282/27/1943
f  1278/22/1944 1282/27/1933 1275/23/1932
f  1279/26/1930 1283/31/1945 1280/29/1935
f  1279/28/1934 1286/32/1946 1283/33/1947
f  1280/29/1935 1283/31/1945 1284/34/1948
f  1280/29/1937 1284/34/1949 1281/30/1939
f  1281/30/1939 1284/34/1949 1285/35/1950
f  1281/30/1941 1285/35/1951 1282/27/1943
f  1282/27/1943 1285/35/1951 1286/32/1952
f  1282/27/1933 1286/32/1946 1279/28/1934
f  1283/31/1945 1287/36/1953 1284/34/1948
f  1283/33/1947 1290/37/1954 1287/38/1955
f  1284/34/1948 1287/36/1953 1288/39/1956
f  1284/34/1949 1288/39/1957 1285/35/1950
f  1285/35/1950 1288/39/1957 1289/40/1958
f  1285/35/1951 1289/40/1959 1286/32/1952
f  1286/32/1952 1289/40/1959 1290/37/1960
f  1286/32/1946 1290/37/1954 1283/33/1947
f  1287/36/1953 1291/41/1961 1288/39/1956
f  1287/38/1955 1294/42/1962 1291/43/1963
f  1288/39/1956 1291/41/1961 1292/44/1964
f  1288/39/1957 1292/44/1965 1289/40/1958
f  1289/40/1958 1292/44/1965 1293/45/1966
f  1289/40/1959 1293/45/1967 1290/37/1960
f  1290/37/1960 1293/45/1967 1294/42/1968
f  1290/37/1954 1294/42/1962 1287/38/1955
f  1291/41/1961 1295/46/1969 1292/44/1964
f  1291/43/1963 1298/47/1970 1295/48/1971
f  1292/44/1964 1295/46/1969 1296/49/1972
f  1292/44/1965 1296/49/1973 1293/45/1966
f  1293/45/1966 1296/49/1973 1297/50/1974
f  1293/45/1967 1297/50/1975 1294/42/1968
f  1294/42/1968 1297/50/1975 1298/47/1976
f  1294/42/1962 1298/47/1970 1291/43/1963
f  1295/46/1969 1299/51/1977 1296/49/1972
f  1295/48/1971 1302/52/1978 1299/53/1979
f  1296/49/1972 1299/51/1977 1300/54/1980
f  1296/49/1973 1300/54/1981 1297/50/1974
f  1297/50/1974 1300/54/1981 1301/55/1982
f  1297/50/1975 1301/55/1983 1298/47/1976
f  1298/47/1976 1301/55/1983 1302/52/1984
f  1298/47/1970 1302/52/1978 1295/48/1971
f  1299/51/1977 1303/56/1985 1300/54/1980
f  1299/53/1979 1306/57/1986 1303/58/1987
f  1300/54/1980 1303/56/1985 1304/59/1988
f  1300/54/1981 1304/59/1989 1301/55/1982
f  1301/55/1982 1304/59/1989 1305/60/1990
f  1301/55/1983 1305/60/1991 1302/52/1984
f  1302/52/1984 1305/60/1991 1306/57/1992
f  1302/52/1978 1306/57/1986 1299/53/1979
f  1303/56/1985 1307/61/1993 1304/59/1988
f  1303/58/1987 1310/70/1994 1307/64/1995
f  1304/59/1988 1307/61/1993 1308/63/1996
f  1304/59/1989 1308/63/1997 1305/60/1990
f  1305/60/1990 1308/63/1997 1309/68/1998
f  1305/60/1991 1309/68/1999 1306/57/1992
f  1306/57/1992 1309/68/1999 1310/70/2000
f  1306/57/1986 1310/70/1994 1303/58/1987
f  1307/61/1993 1311/62/2001 1308/63/1996
f  1307/64/1995 1314/65/2002 1311/66/2003
f  1308/63/1996 1311/62/2001 1312/67/2004
f  1308/63/1997 1312/67/2005 1309/68/1998
f  1309/68/1998 1312/67/2005 1313/69/2006
f  1309/68/1999 1313/69/2007 1310/70/2000
f  1310/70/2000 1313/69/2007 1314/65/2008
f  1310/70/1994 1314/65/2002 1307/64/1995
f  1311/62/2001 1315/71/2009 1312/67/2004
f  1311/66/2003 1318/72/2010 1315/73/2011
f  1312/67/2004 1315/71/2009 1316/74/2012
f  1312/67/2005 1316/74/2013 1313/69/2006
f  1313/69/2006 1316/74/2013 1317/75/2014
f  1313/69/2007 1317/75/2015 1314/65/2008
f  1314/65/2008 1317/75/2015 1318/72/2016
f  1314/65/2002 1318/72/2010 1311/66/2003
f  1319/21/2017 1323/26/2018 1320/24/2019
f  1319/23/2020 1326/27/2021 1323/28/2022
f  1320/24/2019 1323/26/2018 1324/29/2023
f  1320/24/2024 1324/29/2025 1321/25/2026
f  1321/25/2026 1324/29/2025 1325/30/2027
f  1321/25/2028 1325/30/2029 1322/22/2030
f  1322/22/2030 1325/30/2029 1326/27/2031
f  1322/22/2032 1326/27/2021 1319/23/2020
f  1323/26/2018 1327/31/2033 1324/29/2023
f  1323/28/2022 1330/32/2034 1327/33/2035
f  1324/29/2023 1327/31/2033 1328/34/2036
f  1324/29/2025 1328/34/2037 1325/30/2027
f  1325/30/2027 1328/34/2037 1329/35/2038
f  1325/30/2029 1329/35/2039 1326/27/2031
f  1326/27/2031 1329/35/2039 1330/32/2040
f  1326/27/2021 1330/32/2034 1323/28/2022
f  1327/31/2033 1331/36/2041 1328/34/2036
f  1327/33/2035 1334/37/2042 1331/38/2043
f  1328/34/2036 1331/36/2041 1332/39/2044
f  1328/34/2037 1332/39/2045 1329/35/2038
f  1329/35/2038 1332/39/2045 1333/40/2046
f  1329/35/2039 1333/40/2047 1330/32/2040
f  1330/32/2040 1333/40/2047 1334/37/2048
f  1330/32/2034 1334/37/2042 1327/33/2035
f  1331/36/2041 1335/41/2049 1332/39/2044
f  1331/38/2043 1338/42/2050 1335/43/2051
f  1332/39/2044 1335/41/2049 1336/44/2052
f  1332/39/2045 1336/44/2053 1333/40/2046
f  1333/40/2046 1336/44/2053 1337/45/2054
f  1333/40/2047 1337/45/2055 1334/37/2048
f  1334/37/2048 1337/45/2055 1338/42/2056
f  1334/37/2042 1338/42/2050 1331/38/2043
f  1335/41/2049 1339/46/2057 1336/44/2052
f  1335/43/2051 1342/47/2058 1339/48/2059
f  1336/44/2052 1339/46/2057 1340/49/2060
f  1336/44/2053 1340/49/2061 1337/45/2054
f  1337/45/2054 1340/49/2061 1341/50/2062
f  1337/45/2055 1341/50/2063 1338/42/2056
f  1338/42/2056 1341/50/2063 1342/47/2064
f  1338/42/2050 1342/47/2058 1335/43/2051
f  1339/46/2057 1343/51/2065 1340/49/2060
f  1339/48/2059 1346/52/2066 1343/53/2067
f  1340/49/2060 1343/51/2065 1344/54/2068
f  1340/49/2061 1344/54/2069 1341/50/2062
f  1341/50/2062 1344/54/2069 1345/55/2070
f  1341/50/2063 1345/55/2071 1342/47/2064
f  1342/47/2064 1345/55/2071 1346/52/2072
f  1342/47/2058 1346/52/2066 1339/48/2059
f  1343/51/2065 1347/56/2073 1344/54/2068
f  1343/53/2067 1350/57/2074 1347/58/2075
f  1344/54/2068 1347/56/2073 1348/59/2076
f  1344/54/2069 1348/59/2077 1345/55/2070
f  1345/55/2070 1348/59/2077 1349/60/2078
f  1345/55/2071 1349/60/2079 1346/52/2072
f  1346/52/2072 1349/60/2079 1350/57/2080
f  1346/52/2066 1350/57/2074 1343/53/2067
f  1347/56/2073 1351/61/2081 1348/59/2076
f  1347/58/2075 1354/70/2082 1351/64/2083
f  1348/59/2076 1351/61/2081 1352/63/2084
f  1348/59/2077 1352/63/2085 1349/60/2078
f  1349/60/2078 1352/63/2085 1353/68/2086
f  1349/60/2079 1353/68/2087 1350/57/2080
f  1350/57/2080 1353/68/2087 1354/70/2088
f  1350/57/2074 1354/70/2082 1347/58/2075
f  1351/61/2081 1355/62/2089 1352/63/2084
f  1351/64/2083 1358/65/2090 1355/66/2091
f  1352/63/2084 1355/62/2089 1356/67/2092
f  1352/63/2085 1356/67/2093 1353/68/2086
f  1353/68/2086 1356/67/2093 1357/69/2094
f  1353/68/2087 1357/69/2095 1354/70/2088
f  1354/70/2088 1357/69/2095 1358/65/2096
f  1354/70/2082 1358/65/2090 1351/64/2083
f  1355/62/2089 1359/71/2097 1356/67/2092
f  1355/66/2091 1362/72/2098 1359/73/2099
f  1356/67/2092 1359/71/2097 1360/74/2100
f  1356/67/2093 1360/74/2101 1357/69/2094
f  1357/69/2094 1360/74/2101 1361/75/2102
f  1357/69/2095 1361/75/2103 1358/65/2096
f  1358/65/2096 1361/75/2103 1362/72/2104
f  1358/65/2090 1362/72/2098 1355/66/2091
f  1363/16/2105 1367/21/2106 1364/19/2107
f  1363/18/2108 1370/22/2109 1367/23/2110
f  1364/19/2107 1367/21/2106 1368/24/2111
f  1364/19/2112 1368/24/2113 1365/20/2114
f  1365/20/2114 1368/24/2113 1369/25/2115
f  1365/20/2116 1369/25/2117 1366/17/2118
f  1366/17/2118 1369/25/2117 1370/22/2119
f  1366/17/2120 1370/22/2109 1363/18/2108
f  1367/21/2106 1371/26/2121 1368/24/2111
f  1367/23/2110 1374/27/2122 1371/28/2123
f  1368/24/2111 1371/26/2121 1372/29/2124
f  1368/24/2113 1372/29/2125 1369/25/2115
f  1369/25/2115 1372/29/2125 1373/30/2126
f  1369/25/2117 1373/30/2127 1370/22/2119
f  1370/22/2119 1373/30/2127 1374/27/2128
f  1370/22/2109 1374/27/2122 1367/23/2110
f  1371/26/2121 1375/31/2129 1372/29/2124
f  1371/28/2123 1378/32/2130 1375/33/2131
f  1372/29/2124 1375/31/2129 1376/34/2132
f  1372/29/2125 1376/34/2133 1373/30/2126
f  1373/30/2126 1376/34/2133 1377/35/2134
f  1373/30/2127 1377/35/2135 1374/27/2128
f  1374/27/2128 1377/35/2135 1378/32/2136
f  1374/27/2122 1378/32/2130 1371/28/2123
f  1375/31/2129 1379/36/2137 1376/34/2132
f  1375/33/2131 1382/37/2138 1379/38/2139
f  1376/34/2132 1379/36/2137 1380/39/2140
f  1376/34/2133 1380/39/2141 1377/35/2134
f  1377/35/2134 1380/39/2141 1381/40/2142
f  1377/35/2135 1381/40/2143 1378/32/2136
f  1378/32/2136 1381/40/2143 1382/37/2144
f  1378/32/2130 1382/37/2138 1375/33/2131
f  1379/36/2137 1383/41/2145 1380/39/2140
f  1379/38/2139 1386/42/2146 1383/43/2147
f  1380/39/2140 1383/41/2145 1384/44/2148
f  1380/39/2141 1384/44/2149 1381/40/2142
f  1381/40/2142 1384/44/2149 1385/45/2150
f  1381/40/2143 1385/45/2151 1382/37/2144
f  1382/37/2144 1385/45/2151 1386/42/2152
f  1382/37/2138 1386/42/2146 1379/38/2139
f  1383/41/2145 1387/46/2153 1384/44/2148
f  1383/43/2147 1390/47/2154 1387/48/2155
f  1384/44/2148 1387/46/2153 1388/49/2156
f  1384/44/2149 1388/49/2157 1385/45/2150
f  1385/45/2150 1388/49/2157 1389/50/2158
f  1385/45/2151 1389/50/2159 1386/42/2152
f  1386/42/2152 1389/50/2159 1390/47/2160
f  1386/42/2146 1390/47/2154 1383/43/2147
f  1387/46/2153 1391/51/2161 1388/49/2156
f  1387/48/2155 1394/52/2162 1391/53/2163
f  1388/49/2156 1391/51/2161 1392/54/2164
f  1388/49/2157 1392/54/2165 1389/50/2158
f  1389/50/2158 1392/54/2165 1393/55/2166
f  1389/50/2159 1393/55/2167 1390/47/2160
f  1390/47/2160 1393/55/2167 1394/52/2168
f  1390/47/2154 1394/52/2162 1387/48/2155
f  1391/51/2161 1395/56/2169 1392/54/2164
f  1391/53/2163 1398/57/2170 1395/58/2171
f  1392/54/2164 1395/56/2169 1396/59/2172
f  1392/54/2165 1396/59/2173 1393/55/2166
f  1393/55/2166 1396/59/2173 1397/60/2174
f  1393/55/2167 1397/60/2175 1394/52/2168
f  1394/52/2168 1397/60/2175 1398/57/2176
f  1394/52/2162 1398/57/2170 1391/53/2163
f  1395/56/2169 1399/61/2177 1396/59/2172
f  1395/58/2171 1402/70/2178 1399/64/2179
f  1396/59/2172 1399/61/2177 1400/63/2180
f  1396/59/2173 1400/63/2181 1397/60/2174
f  1397/60/2174 1400/63/2181 1401/68/2182
f  1397/60/2175 1401/68/2183 1398/57/2176
f  1398/57/2176 1401/68/2183 1402/70/2184
f  1398/57/2170 1402/70/2178 1395/58/2171
f  1399/61/2177 1403/62/2185 1400/63/2180
f  1399/64/2179 1406/65/2186 1403/66/2187
f  1400/63/2180 1403/62/2185 1404/67/2188
f  1400/63/2181 1404/67/2189 1401/68/2182
f  1401/68/2182 1404/67/2189 1405/69/2190
f  1401/68/2183 1405/69/2191 1402/70/2184
f  1402/70/2184 1405/69/2191 1406/65/2192
f  1402/70/2178 1406/65/2186 1399/64/2179
f  1407/16/2193 1411/21/2194 1408/19/2195
f  1407/18/2196 1414/22/2197 1411/23/2198
f  1408/19/2195 1411/21/2194 1412/24/2199
f  1408/19/2200 1412/24/2201 1409/20/2202
f  1409/20/2202 1412/24/2201 1413/25/2203
f  1409/20/2204 1413/25/2205 1410/17/2206
f  1410/17/2206 1413/25/2205 1414/22/2207
f  1410/17/2208 1414/22/2197 1407/18/2196
f  1411/21/2194 1415/26/2209 1412/24/2199
f  1411/23/2198 1418/27/2210 1415/28/2211
f  1412/24/2199 1415/26/2209 1416/29/2212
f  1412/24/2201 1416/29/2213 1413/25/2203
f  1413/25/2203 1416/29/2213 1417/30/2214
f  1413/25/2205 1417/30/2215 1414/22/2207
f  1414/22/2207 1417/30/2215 1418/27/2216
f  1414/22/2197 1418/27/2210 1411/23/2198
f  1415/26/2209 1419/31/2217 1416/29/2212
f  1415/28/2211 1422/32/2218 1419/33/2219
f  1416/29/2212 1419/31/2217 1420/34/2220
f  1416/29/2213 1420/34/2221 1417/30/2214
f  1417/30/2214 1420/34/2221 1421/35/2222
f  1417/30/2215 1421/35/2223 1418/27/2216
f  1418/27/2216 1421/35/2223 1422/32/2224
f  1418/27/2210 1422/32/2218 1415/28/2211
f  1419/31/2217 1423/36/2225 1420/34/2220
f  1419/33/2219 1426/37/2226 1423/38/2227
f  1420/34/2220 1423/36/2225 1424/39/2228
f  1420/34/2221 1424/39/2229 1421/35/2222
f  1421/35/2222 1424/39/2229 1425/40/2230
f  1421/35/2223 1425/40/2231 1422/32/2224
f  1422/32/2224 1425/40/2231 1426/37/2232
f  1422/32/2218 1426/37/2226 1419/33/2219
f  1423/36/2225 1427/41/2233 1424/39/2228
f  1423/38/2227 1430/42/2234 1427/43/2235
f  1424/39/2228 1427/41/2233 1428/44/2236
f  1424/39/2229 1428/44/2237 1425/40/2230
f  1425/40/2230 1428/44/2237 1429/45/2238
f  1425/40/2231 1429/45/2239 1426/37/2232
f  1426/37/2232 1429/45/2239 1430/42/2240
f  1426/37/2226 1430/42/2234 1423/38/2227
f  1427/41/2233 1431/46/2241 1428/44/2236
f  1427/43/2235 1434/47/2242 1431/48/2243
f  1428/44/2236 1431/46/2241 1432/49/2244
f  1428/44/2237 1432/49/2245 1429/45/2238
f  1429/45/2238 1432/49/2245 1433/50/2246
f  1429/45/2239 1433/50/2247 1430/42/2240
f  1430/42/2240 1433/50/2247 1434/47/2248
f  1430/42/2234 1434/47/2242 1427/43/2235
f  1431/46/2241 1435/51/2249 1432/49/2244
f  1431/48/2243 1438/52/2250 1435/53/2251
f  1432/49/2244 1435/51/2249 1436/54/2252
f  1432/49/2245 1436/54/2253 1433/50/2246
f  1433/50/2246 1436/54/2253 1437/55/2254
f  1433/50/2247 1437/55/2255 1434/47/2248
f  1434/47/2248 1437/55/2255 1438/52/2256
f  1434/47/2242 1438/52/2250 1431/48/2243
f  1435/51/2249 1439/56/2257 1436/54/2252
f  1435/53/2251 1442/57/2258 1439/58/2259
f  1436/54/2252 1439/56/2257 1440/59/2260
f  1436/54/2253 1440/59/2261 1437/55/2254
f  1437/55/2254 1440/59/2261 1441/60/2262
f  1437/55/2255 1441/60/2263 1438/52/2256
f  1438/52/2256 1441/60/2263 1442/57/2264
f  1438/52/2250 1442/57/2258 1435/53/2251
f  1439/56/2257 1443/61/2265 1440/59/2260
f  1439/58/2259 1446/70/2266 1443/64/2267
f  1440/59/2260 1443/61/2265 1444/63/2268
f  1440/59/2261 1444/63/2269 1441/60/2262
f  1441/60/2262 1444/63/2269 1445/68/2270
f  1441/60/2263 1445/68/2271 1442/57/2264
f  1442/57/2264 1445/68/2271 1446/70/2272
f  1442/57/2258 1446/70/2266 1439/58/2259
f  1443/61/2265 1447/62/2273 1444/63/2268
f  1443/64/2267 1450/65/2274 1447/66/2275
f  1444/63/2268 1447/62/2273 1448/67/2276
f  1444/63/2269 1448/67/2277 1445/68/2270
f  1445/68/2270 1448/67/2277 1449/69/2278
f  1445/68/2271 1449/69/2279 1446/70/2272
f  1446/70/2272 1449/69/2279 1450/65/2280
f  1446/70/2266 1450/65/2274 1443/64/2267
usemtl Leaf
f  1451/8/2281 1454/96/2282 1452/10/2283
f  1452/10/2283 1454/96/2282 1455/97/2284
f  1452/10/2283 1455/97/2284 1453/4/2285
f  1453/4/2285 1455/97/2284 1456/98/2286
f  1454/96/2282 1457/9/2287 1455/97/2284
f  1455/97/2284 1457/9/2287 1458/5/2288
f  1455/97/2284 1458/5/2288 1456/98/2286
f  1456/98/2286 1458/5/2288 1459/6/2289
f  1457/9/2287 1460/99/2290 1458/5/2288
f  1458/5/2288 1460/99/2290 1461/100/2291
f  1458/5/2288 1461/100/2291 1459/6/2289
f  1459/6/2289 1461/100/2291 1462/101/2292
f  1460/99/2290 1463/15/2293 1461/100/2291
f  1461/100/2291 1463/15/2293 1464/12/2294
f  1461/100/2291 1464/12/2294 1462/101/2292
f  1462/101/2292 1464/12/2294 1465/13/2295
f  1463/15/2293 1466/102/2296 1464/12/2294
f  1464/12/2294 1466/102/2296 1467/103/2297
f  1464/12/2294 1467/103/2297 1465/13/2298
f  1465/13/2298 1467/103/2297 1468/104/2299
f  1466/102/2296 1469/17/2300 1467/103/2297
f  1467/103/2297 1469/17/2300 1468/104/2301
f  1470/8/2302 1472/96/2303 1452/10/2304
f  1452/10/2304 1472/96/2303 1473/97/2305
f  1452/10/2304 1473/97/2305 1471/4/2306
f  1471/4/2306 1473/97/2305 1474/98/2307
f  1472/96/2303 1475/9/2308 1473/97/2305
f  1473/97/2305 1475/9/2308 1476/5/2309
f  1473/97/2305 1476/5/2309 1474/98/2307
f  1474/98/2307 1476/5/2309 1477/6/2310
f  1475/9/2308 1478/99/2311 1476/5/2309
f  1476/5/2309 1478/99/2311 1479/100/2312
f  1476/5/2309 1479/100/2312 1477/6/2310
f  1477/6/2310 1479/100/2312 1480/101/2313
f  1478/99/2311 1481/15/2314 1479/100/2312
f  1479/100/2312 1481/15/2314 1482/12/2315
f  1479/100/2312 1482/12/2315 1480/101/2313
f  1480/101/2313 1482/12/2315 1483/13/2316
f  1481/15/2314 1484/102/2317 1482/12/2315
f  1482/12/2315 1484/102/2318 1485/103/2319
f  1482/12/2315 1485/103/2320 1483/13/2316
f  1483/13/2316 1485/103/2319 1486/104/2321
f  1484/102/2318 1487/17/2322 1485/103/2319
f  1485/103/2319 1487/17/2322 1486/104/2321
f  1488/8/2323 1490/96/2324 1452/10/2325
f  1452/10/2325 1490/96/2324 1491/97/2326
f  1452/10/2325 1491/97/2326 1489/4/2327
f  1489/4/2327 1491/97/2326 1492/98/2328
f  1490/96/2324 1493/9/2329 1491/97/2326
f  1491/97/2326 1493/9/2329 1494/5/2330
f  1491/97/2326 1494/5/2330 1492/98/2328
f  1492/98/2328 1494/5/2330 1495/6/2331
f  1493/9/2329 1496/99/2332 1494/5/2330
f  1494/5/2330 1496/99/2332 1497/100/2333
f  1494/5/2330 1497/100/2333 1495/6/2331
f  1495/6/2331 1497/100/2333 1498/101/2334
f  1496/99/2332 1499/15/2335 1497/100/2333
f  1497/100/2333 1499/15/2335 1500/12/2336
f  1497/100/2333 1500/12/2336 1498/101/2334
f  1498/101/2334 1500/12/2336 1501/13/2337
f  1499/15/2335 1502/102/2338 1500/12/2336
f  1500/12/2336 1502/102/2338 1503/103/2339
f  1500/12/2336 1503/103/2339 1501/13/2337
f  1501/13/2337 1503/103/2339 1504/104/2340
f  1502/102/2338 1505/17/2341 1503/103/2339
f  1503/103/2339 1505/17/2341 1504/104/2340
f  1506/8/2342 1508/96/2343 1452/10/2283
f  1452/10/2283 1508/96/2343 1509/97/2344
f  1452/10/2283 1509/97/2344 1507/4/2345
f  1507/4/2345 1509/97/2344 1510/98/2346
f  1508/96/2343 1511/9/2347 1509/97/2344
f  1509/97/2344 1511/9/2347 1512/5/2348
f  1509/97/2344 1512/5/2348 1510/98/2346
f  1510/98/2346 1512/5/2348 1513/6/2349
f  1511/9/2347 1514/99/2350 1512/5/2348
f  1512/5/2348 1514/99/2350 1515/100/2351
f  1512/5/2348 1515/100/2351 1513/6/2349
f  1513/6/2349 1515/100/2351 1516/101/2352
f  1514/99/2350 1517/15/2353 1515/100/2351
f  1515/100/2351 1517/15/2353 1518/12/2354
f  1515/100/2351 1518/12/2354 1516/101/2352
f  1516/101/2352 1518/12/2354 1519/13/2355
f  1517/15/2353 1520/102/2356 1518/12/2354
f  1518/12/2354 1520/102/2356 1521/103/2357
f  1518/12/2354 1521/103/2357 1519/13/2355
f  1519/13/2355 1521/103/2357 1522/104/2358
f  1520/102/2356 1523/17/2359 1521/103/2357
f  1521/103/2357 1523/17/2359 1522/104/2358
f  1524/8/2360 1527/96/2361 1525/10/2362
f  1525/10/2362 1527/96/2361 1528/97/2363
f  1525/10/2362 1528/97/2363 1526/4/2364
f  1526/4/2364 1528/97/2363 1529/98/2365
f  1527/96/2361 1530/9/2366 1528/97/2363
f  1528/97/2363 1530/9/2366 1531/5/2367
f  1528/97/2363 1531/5/2367 1529/98/2365
f  1529/98/2365 1531/5/2367 1532/6/2368
f  1530/9/2366 1533/99/2369 1531/5/2367
f  1531/5/2367 1533/99/2369 1534/100/2370
f  1531/5/2367 1534/100/2370 1532/6/2368
f  1532/6/2368 1534/100/2370 1535/101/2371
f  1533/99/2369 1536/15/2372 1534/100/2370
f  1534/100/2370 1536/15/2372 1537/12/2373
f  1534/100/2370 1537/12/2373 1535/101/2371
f  1535/101/2371 1537/12/2373 1538/13/2374
f  1536/15/2372 1539/102/2375 1537/12/2373
f  1537/12/2373 1539/102/2375 1540/103/2376
f  1537/12/2373 1540/103/2376 1538/13/2374
f  1538/13/2374 1540/103/2376 1541/104/2377
f  1539/102/2375 1542/17/2378 1540/103/2378
f  1540/103/2378 1542/17/2378 1541/104/2379
f  1543/8/2380 1545/96/2381 1525/10/2382
f  1525/10/2382 1545/96/2381 1546/97/2383
f  1525/10/2382 1546/97/2383 1544/4/2384
f  1544/4/2384 1546/97/2383 1547/98/2385
f  1545/96/2381 1548/9/2386 1546/97/2383
f  1546/97/2383 1548/9/2386 1549/5/2387
f  1546/97/2383 1549/5/2387 1547/98/2385
f  1547/98/2385 1549/5/2387 1550/6/2388
f  1548/9/2386 1551/99/2389 1549/5/2387
f  1549/5/2387 1551/99/2389 1552/100/2390
f  1549/5/2387 1552/100/2390 1550/6/2388
f  1550/6/2388 1552/100/2390 1553/101/2391
f  1551/99/2389 1554/15/2392 1552/100/2390
f  1552/100/2390 1554/15/2392 1555/12/2393
f  1552/100/2390 1555/12/2393 1553/101/2391
f  1553/101/2391 1555/12/2393 1556/13/2394
f  1554/15/2392 1557/102/2395 1555/12/2393
f  1555/12/2393 1557/102/2396 1558/103/2397
f  1555/12/2393 1558/103/2397 1556/13/2394
f  1556/13/2394 1558/103/2397 1559/104/2398
f  1557/102/2396 1560/17/2399 1558/103/2397
f  1558/103/2397 1560/17/2399 1559/104/2398
f  1561/8/2400 1563/96/2401 1525/10/2402
f  1525/10/2402 1563/96/2401 1564/97/2403
f  1525/10/2402 1564/97/2403 1562/4/2404
f  1562/4/2404 1564/97/2403 1565/98/2405
f  1563/96/2401 1566/9/2406 1564/97/2403
f  1564/97/2403 1566/9/2406 1567/5/2407
f  1564/97/2403 1567/5/2407 1565/98/2405
f  1565/98/2405 1567/5/2407 1568/6/2408
f  1566/9/2406 1569/99/2409 1567/5/2407
f  1567/5/2407 1569/99/2409 1570/100/2410
f  1567/5/2407 1570/100/2410 1568/6/2408
f  1568/6/2408 1570/100/2410 1571/101/2411
f  1569/99/2409 1572/15/2412 1570/100/2410
f  1570/100/2410 1572/15/2412 1573/12/2413
f  1570/100/2410 1573/12/2413 1571/101/2411
f  1571/101/2411 1573/12/2413 1574/13/2414
f  1572/15/2412 1575/102/2415 1573/12/2413
f  1573/12/2413 1575/102/2415 1576/103/2416
f  1573/12/2413 1576/103/2416 1574/13/2414
f  1574/13/2414 1576/103/2416 1577/104/2417
f  1575/102/2418 1578/17/2419 1576/103/2419
f  1576/103/2419 1578/17/2419 1577/104/2420
f  1579/8/2421 1581/96/2422 1525/10/2362
f  1525/10/2362 1581/96/2422 1582/97/2423
f  1525/10/2362 1582/97/2423 1580/4/2424
f  1580/4/2424 1582/97/2423 1583/98/2425
f  1581/96/2422 1584/9/2426 1582/97/2423
f  1582/97/2423 1584/9/2426 1585/5/2427
f  1582/97/2423 1585/5/2427 1583/98/2425
f  1583/98/2425 1585/5/2427 1586/6/2428
f  1584/9/2426 1587/99/2429 1585/5/2427
f  1585/5/2427 1587/99/2429 1588/100/2430
f  1585/5/2427 1588/100/2430 1586/6/2428
f  1586/6/2428 1588/100/2430 1589/101/2431
f  1587/99/2429 1590/15/2432 1588/100/2430
f  1588/100/2430 1590/15/2432 1591/12/2433
f  1588/100/2430 1591/12/2433 1589/101/2431
f  1589/101/2431 1591/12/2433 1592/13/2434
f  1590/15/2432 1593/102/2435 1591/12/2433
f  1591/12/2433 1593/102/2435 1594/103/2436
f  1591/12/2433 1594/103/2436 1592/13/2434
f  1592/13/2434 1594/103/2436 1595/104/2437
f  1593/102/2435 1596/17/2438 1594/103/2436
f  1594/103/2436 1596/17/2438 1595/104/2437
f  1597/8/2439 1600/96/2440 1598/10/2441
f  1598/10/2441 1600/96/2440 1601/97/2442
f  1598/10/2441 1601/97/2442 1599/4/2443
f  1599/4/2443 1601/97/2442 1602/98/2444
f  1600/96/2440 1603/9/2445 1601/97/2442
f  1601/97/2442 1603/9/2445 1604/5/2446
f  1601/97/2442 1604/5/2446 1602/98/2444
f  1602/98/2444 1604/5/2446 1605/6/2447
f  1603/9/2445 1606/99/2448 1604/5/2446
f  1604/5/2446 1606/99/2448 1607/100/2449
f  1604/5/2446 1607/100/2449 1605/6/2447
f  1605/6/2447 1607/100/2449 1608/101/2450
f  1606/99/2448 1609/15/2451 1607/100/2449
f  1607/100/2449 1609/15/2451 1610/12/2452
f  1607/100/2449 1610/12/2452 1608/101/2450
f  1608/101/2450 1610/12/2452 1611/13/2453
f  1609/15/2451 1612/102/2454 1610/12/2452
f  1610/12/2452 1612/102/2454 1613/103/2455
f  1610/12/2452 1613/103/2455 1611/13/2456
f  1611/13/2456 1613/103/2455 1614/104/2457
f  1612/102/2454 1615/17/2458 1613/103/2455
f  1613/103/2455 1615/17/2458 1614/104/2459
f  1616/8/2460 1618/96/2461 1598/10/2462
f  1598/10/2462 1618/96/2461 1619/97/2463
f  1598/10/2462 1619/97/2463 1617/4/2464
f  1617/4/2464 1619/97/2463 1620/98/2465
f  1618/96/2461 1621/9/2466 1619/97/2463
f  1619/97/2463 1621/9/2466 1622/5/2467
f  1619/97/2463 1622/5/2467 1620/98/2465
f  1620/98/2465 1622/5/2467 1623/6/2468
f  1621/9/2466 1624/99/2469 1622/5/2467
f  1622/5/2467 1624/99/2469 1625/100/2470
f  1622/5/2467 1625/100/2470 1623/6/2468
f  1623/6/2468 1625/100/2470 1626/101/2471
f  1624/99/2469 1627/15/2472 1625/100/2470
f  1625/100/2470 1627/15/2472 1628/12/2473
f  1625/100/2470 1628/12/2473 1626/101/2471
f  1626/101/2471 1628/12/2473 1629/13/2474
f  1627/15/2472 1630/102/2475 1628/12/2473
f  1628/12/2473 1630/102/2476 1631/103/2477
f  1628/12/2473 1631/103/2478 1629/13/2474
f  1629/13/2474 1631/103/2477 1632/104/2479
f  1630/102/2476 1633/17/2480 1631/103/2477
f  1631/103/2477 1633/17/2480 1632/104/2479
f  1634/8/2481 1636/96/2482 1598/10/2483
f  1598/10/2483 1636/96/2482 1637/97/2484
f  1598/10/2483 1637/97/2484 1635/4/2485
f  1635/4/2485 1637/97/2484 1638/98/2486
f  1636/96/2482 1639/9/2487 1637/97/2484
f  1637/97/2484 1639/9/2487 1640/5/2488
f  1637/97/2484 1640/5/2488 1638/98/2486
f  1638/98/2486 1640/5/2488 1641/6/2489
f  1639/9/2487 1642/99/2490 1640/5/2488
f  1640/5/2488 1642/99/2490 1643/100/2491
f  1640/5/2488 1643/100/2491 1641/6/2489
f  1641/6/2489 1643/100/2491 1644/101/2492
f  1642/99/2490 1645/15/2493 1643/100/2491
f  1643/100/2491 1645/15/2493 1646/12/2494
f  1643/100/2491 1646/12/2494 1644/101/2492
f  1644/101/2492 1646/12/2494 1647/13/2495
f  1645/15/2493 1648/102/2496 1646/12/2494
f  1646/12/2494 1648/102/2496 1649/103/2497
f  1646/12/2494 1649/103/2497 1647/13/2495
f  1647/13/2495 1649/103/2497 1650/104/2498
f  1648/102/2499 1651/17/2500 1649/103/2497
f  1649/103/2497 1651/17/2500 1650/104/2498
f  1652/8/2501 1654/96/2502 1598/10/2441
f  1598/10/2441 1654/96/2502 1655/97/2503
f  1598/10/2441 1655/97/2503 1653/4/2504
f  1653/4/2504 1655/97/2503 1656/98/2505
f  1654/96/2502 1657/9/2506 1655/97/2503
f  1655/97/2503 1657/9/2506 1658/5/2507
f  1655/97/2503 1658/5/2507 1656/98/2505
f  1656/98/2505 1658/5/2507 1659/6/2508
f  1657/9/2506 1660/99/2509 1658/5/2507
f  1658/5/2507 1660/99/2509 1661/100/2510
f  1658/5/2507 1661/100/2510 1659/6/2508
f  1659/6/2508 1661/100/2510 1662/101/2511
f  1660/99/2509 1663/15/2512 1661/100/2510
f  1661/100/2510 1663/15/2512 1664/12/2513
f  1661/100/2510 1664/12/2513 1662/101/2511
f  1662/101/2511 1664/12/2513 1665/13/2514
f  1663/15/2512 1666/102/2515 1664/12/2513
f  1664/12/2513 1666/102/2515 1667/103/2516
f  1664/12/2513 1667/103/2516 1665/13/2514
f  1665/13/2514 1667/103/2516 1668/104/2517
f  1666/102/2515 1669/17/2518 1667/103/2516
f  1667/103/2516 1669/17/2518 1668/104/2517
f  1670/8/2519 1673/96/2520 1671/10/2521
f  1671/10/2521 1673/96/2520 1674/97/2522
f  1671/10/2521 1674/97/2522 1672/4/2523
f  1672/4/2523 1674/97/2522 1675/98/2524
f  1673/96/2520 1676/9/2525 1674/97/2522
f  1674/97/2522 1676/9/2525 1677/5/2526
f  1674/97/2522 1677/5/2526 1675/98/2524
f  1675/98/2524 1677/5/2526 1678/6/2527
f  1676/9/2525 1679/99/2528 1677/5/2526
f  1677/5/2526 1679/99/2528 1680/100/2529
f  1677/5/2526 1680/100/2529 1678/6/2527
f  1678/6/2527 1680/100/2529 1681/101/2530
f  1679/99/2528 1682/15/2531 1680/100/2529
f  1680/100/2529 1682/15/2531 1683/12/2532
f  1680/100/2529 1683/12/2532 1681/101/2530
f  1681/101/2530 1683/12/2532 1684/13/2533
f  1682/15/2531 1685/102/2534 1683/12/2532
f  1683/12/2532 1685/102/2534 1686/103/2535
f  1683/12/2532 1686/103/2535 1684/13/2533
f  1684/13/2533 1686/103/2535 1687/104/2536
f  1685/102/2534 1688/17/2537 1686/103/2535
f  1686/103/2535 1688/17/2537 1687/104/2538
f  1689/8/2539 1691/96/2540 1671/10/2541
f  1671/10/2541 1691/96/2540 1692/97/2542
f  1671/10/2541 1692/97/2542 1690/4/2543
f  1690/4/2543 1692/97/2542 1693/98/2544
f  1691/96/2540 1694/9/2545 1692/97/2542
f  1692/97/2542 1694/9/2545 1695/5/2546
f  1692/97/2542 1695/5/2546 1693/98/2544
f  1693/98/2544 1695/5/2546 1696/6/2547
f  1694/9/2545 1697/99/2548 1695/5/2546
f  1695/5/2546 1697/99/2548 1698/100/2549
f  1695/5/2546 1698/100/2549 1696/6/2547
f  1696/6/2547 1698/100/2549 1699/101/2550
f  1697/99/2548 1700/15/2551 1698/100/2549
f  1698/100/2549 1700/15/2551 1701/12/2552
f  1698/100/2549 1701/12/2552 1699/101/2550
f  1699/101/2550 1701/12/2552 1702/13/2553
f  1700/15/2551 1703/102/2554 1701/12/2552
f  1701/12/2552 1703/102/2555 1704/103/2556
f  1701/12/2552 1704/103/2556 1702/13/2553
f  1702/13/2553 1704/103/2556 1705/104/2557
f  1703/102/2555 1706/17/2558 1704/103/2556
f  1704/103/2556 1706/17/2558 1705/104/2557
f  1707/8/2559 1709/96/2560 1671/10/2561
f  1671/10/2561 1709/96/2560 1710/97/2562
f  1671/10/2561 1710/97/2562 1708/4/2563
f  1708/4/2563 1710/97/2562 1711/98/2564
f  1709/96/2560 1712/9/2565 1710/97/2562
f  1710/97/2562 1712/9/2565 1713/5/2566
f  1710/97/2562 1713/5/2566 1711/98/2564
f  1711/98/2564 1713/5/2566 1714/6/2567
f  1712/9/2565 1715/99/2568 1713/5/2566
f  1713/5/2566 1715/99/2568 1716/100/2569
f  1713/5/2566 1716/100/2569 1714/6/2567
f  1714/6/2567 1716/100/2569 1717/101/2570
f  1715/99/2568 1718/15/2571 1716/100/2569
f  1716/100/2569 1718/15/2571 1719/12/2572
f  1716/100/2569 1719/12/2572 1717/101/2570
f  1717/101/2570 1719/12/2572 1720/13/2573
f  1718/15/2571 1721/102/2574 1719/12/2572
f  1719/12/2572 1721/102/2574 1722/103/2575
f  1719/12/2572 1722/103/2575 1720/13/2573
f  1720/13/2573 1722/103/2575 1723/104/2576
f  1721/102/2577 1724/17/2578 1722/103/2578
f  1722/103/2578 1724/17/2578 1723/104/2579
f  1725/8/2580 1727/96/2581 1671/10/2521
f  1671/10/2521 1727/96/2581 1728/97/2582
f  1671/10/2521 1728/97/2582 1726/4/2583
f  1726/4/2583 1728/97/2582 1729/98/2584
f  1727/96/2581 1730/9/2585 1728/97/2582
f  1728/97/2582 1730/9/2585 1731/5/2586
f  1728/97/2582 1731/5/2586 1729/98/2584
f  1729/98/2584 1731/5/2586 1732/6/2587
f  1730/9/2585 1733/99/2588 1731/5/2586
f  1731/5/2586 1733/99/2588 1734/100/2589
f  1731/5/2586 1734/100/2589 1732/6/2587
f  1732/6/2587 1734/100/2589 1735/101/2590
f  1733/99/2588 1736/15/2591 1734/100/2589
f  1734/100/2589 1736/15/2591 1737/12/2592
f  1734/100/2589 1737/12/2592 1735/101/2590
f  1735/101/2590 1737/12/2592 1738/13/2593
f  1736/15/2591 1739/102/2594 1737/12/2592
f  1737/12/2592 1739/102/2594 1740/103/2595
f  1737/12/2592 1740/103/2595 1738/13/2593
f  1738/13/2593 1740/103/2595 1741/104/2596
f  1739/102/2594 1742/17/2597 1740/103/2595
f  1740/103/2595 1742/17/2597 1741/104/2596
f  1743/8/2598 1746/96/2599 1744/10/2600
f  1744/10/2600 1746/96/2599 1747/97/2601
f  1744/10/2600 1747/97/2601 1745/4/2602
f  1745/4/2602 1747/97/2601 1748/98/2603
f  1746/96/2599 1749/9/2604 1747/97/2601
f  1747/97/2601 1749/9/2604 1750/5/2605
f  1747/97/2601 1750/5/2605 1748/98/2603
f  1748/98/2603 1750/5/2605 1751/6/2606
f  1749/9/2604 1752/99/2607 1750/5/2605
f  1750/5/2605 1752/99/2607 1753/100/2608
f  1750/5/2605 1753/100/2608 1751/6/2606
f  1751/6/2606 1753/100/2608 1754/101/2609
f  1752/99/2607 1755/15/2610 1753/100/2608
f  1753/100/2608 1755/15/2610 1756/12/2611
f  1753/100/2608 1756/12/2611 1754/101/2609
f  1754/101/2609 1756/12/2611 1757/13/2612
f  1755/15/2610 1758/102/2613 1756/12/2611
f  1756/12/2611 1758/102/2613 1759/103/2614
f  1756/12/2611 1759/103/2614 1757/13/2615
f  1757/13/2615 1759/103/2614 1760/104/2616
f  1758/102/2613 1761/17/2617 1759/103/2614
f  1759/103/2614 1761/17/2617 1760/104/2618
f  1762/8/2619 1764/96/2620 1744/10/2621
f  1744/10/2621 1764/96/2620 1765/97/2622
f  1744/10/2621 1765/97/2622 1763/4/2623
f  1763/4/2623 1765/97/2622 1766/98/2624
f  1764/96/2620 1767/9/2625 1765/97/2622
f  1765/97/2622 1767/9/2625 1768/5/2626
f  1765/97/2622 1768/5/2626 1766/98/2624
f  1766/98/2624 1768/5/2626 1769/6/2627
f  1767/9/2625 1770/99/2628 1768/5/2626
f  1768/5/2626 1770/99/2628 1771/100/2629
f  1768/5/2626 1771/100/2629 1769/6/2627
f  1769/6/2627 1771/100/2629 1772/101/2630
f  1770/99/2628 1773/15/2631 1771/100/2629
f  1771/100/2629 1773/15/2631 1774/12/2632
f  1771/100/2629 1774/12/2632 1772/101/2630
f  1772/101/2630 1774/12/2632 1775/13/2633
f  1773/15/2631 1776/102/2634 1774/12/2632
f  1774/12/2632 1776/102/2635 1777/103/2636
f  1774/12/2632 1777/103/2637 1775/13/2633
f  1775/13/2633 1777/103/2636 1778/104/2638
f  1776/102/2635 1779/17/2639 1777/103/2636
f  1777/103/2636 1779/17/2639 1778/104/2638
f  1780/8/2640 1782/96/2641 1744/10/2642
f  1744/10/2642 1782/96/2641 1783/97/2643
f  1744/10/2642 1783/97/2643 1781/4/2644
f  1781/4/2644 1783/97/2643 1784/98/2645
f  1782/96/2641 1785/9/2646 1783/97/2643
f  1783/97/2643 1785/9/2646 1786/5/2647
f  1783/97/2643 1786/5/2647 1784/98/2645
f  1784/98/2645 1786/5/2647 1787/6/2648
f  1785/9/2646 1788/99/2649 1786/5/2647
f  1786/5/2647 1788/99/2649 1789/100/2650
f  1786/5/2647 1789/100/2650 1787/6/2648
f  1787/6/2648 1789/100/2650 1790/101/2651
f  1788/99/2649 1791/15/2652 1789/100/2650
f  1789/100/2650 1791/15/2652 1792/12/2653
f  1789/100/2650 1792/12/2653 1790/101/2651
f  1790/101/2651 1792/12/2653 1793/13/2654
f  1791/15/2652 1794/102/2655 1792/12/2653
f  1792/12/2653 1794/102/2655 1795/103/2656
f  1792/12/2653 1795/103/2656 1793/13/2654
f  1793/13/2654 1795/103/2656 1796/104/2657
f  1794/102/2655 1797/17/2658 1795/103/2656
f  1795/103/2656 1797/17/2658 1796/104/2657
f  1798/8/2659 1800/96/2660 1744/10/2600
f  1744/10/2600 1800/96/2660 1801/97/2661
f  1744/10/2600 1801/97/2661 1799/4/2662
f  1799/4/2662 1801/97/2661 1802/98/2663
f  1800/96/2660 1803/9/2664 1801/97/2661
f  1801/97/2661 1803/9/2664 1804/5/2665
f  1801/97/2661 1804/5/2665 1802/98/2663
f  1802/98/2663 1804/5/2665 1805/6/2666
f  1803/9/2664 1806/99/2667 1804/5/2665
f  1804/5/2665 1806/99/2667 1807/100/2668
f  1804/5/2665 1807/100/2668 1805/6/2666
f  1805/6/2666 1807/100/2668 1808/101/2669
f  1806/99/2667 1809/15/2670 1807/100/2668
f  1807/100/2668 1809/15/2670 1810/12/2671
f  1807/100/2668 1810/12/2671 1808/101/2669
f  1808/101/2669 1810/12/2671 1811/13/2672
f  1809/15/2670 1812/102/2673 1810/12/2671
f  1810/12/2671 1812/102/2673 1813/103/2674
f  1810/12/2671 1813/103/2674 1811/13/2672
f  1811/13/2672 1813/103/2674 1814/104/2675
f  1812/102/2673 1815/17/2676 1813/103/2674
f  1813/103/2674 1815/17/2676 1814/104/2675
f  1816/8/2677 1819/96/2678 1817/10/2679
f  1817/10/2679 1819/96/2678 1820/97/2680
f  1817/10/2679 1820/97/2680 1818/4/2681
f  1818/4/2681 1820/97/2680 1821/98/2682
f  1819/96/2678 1822/9/2683 1820/97/2680
f  1820/97/2680 1822/9/2683 1823/5/2684
f  1820/97/2680 1823/5/2684 1821/98/2682
f  1821/98/2682 1823/5/2684 1824/6/2685
f  1822/9/2683 1825/99/2686 1823/5/2684
f  1823/5/2684 1825/99/2686 1826/100/2687
f  1823/5/2684 1826/100/2687 1824/6/2685
f  1824/6/2685 1826/100/2687 1827/101/2688
f  1825/99/2686 1828/15/2689 1826/100/2687
f  1826/100/2687 1828/15/2689 1829/12/2690
f  1826/100/2687 1829/12/2690 1827/101/2688
f  1827/101/2688 1829/12/2690 1830/13/2691
f  1828/15/2689 1831/102/2692 1829/12/2690
f  1829/12/2690 1831/102/2692 1832/103/2693
f  1829/12/2690 1832/103/2693 1830/13/2694
f  1830/13/2694 1832/103/2693 1833/104/2695
f  1831/102/2692 1834/17/2696 1832/103/2693
f  1832/103/2693 1834/17/2696 1833/104/2697
f  1835/8/2698 1837/96/2699 1817/10/2700
f  1817/10/2700 1837/96/2699 1838/97/2701
f  1817/10/2700 1838/97/2701 1836/4/2702
f  1836/4/2702 1838/97/2701 1839/98/2703
f  1837/96/2699 1840/9/2704 1838/97/2701
f  1838/97/2701 1840/9/2704 1841/5/2705
f  1838/97/2701 1841/5/2705 1839/98/2703
f  1839/98/2703 1841/5/2705 1842/6/2706
f  1840/9/2704 1843/99/2707 1841/5/2705
f  1841/5/2705 1843/99/2707 1844/100/2708
f  1841/5/2705 1844/100/2708 1842/6/2706
f  1842/6/2706 1844/100/2708 1845/101/2709
f  1843/99/2707 1846/15/2710 1844/100/2708
f  1844/100/2708 1846/15/2710 1847/12/2711
f  1844/100/2708 1847/12/2711 1845/101/2709
f  1845/101/2709 1847/12/2711 1848/13/2712
f  1846/15/2710 1849/102/2713 1847/12/2711
f  1847/12/2711 1849/102/2714 1850/103/2715
f  1847/12/2711 1850/103/2715 1848/13/2712
f  1848/13/2712 1850/103/2715 1851/104/2716
f  1849/102/2714 1852/17/2717 1850/103/2715
f  1850/103/2715 1852/17/2717 1851/104/2716
f  1853/8/2718 1855/96/2719 1817/10/2720
f  1817/10/2720 1855/96/2719 1856/97/2721
f  1817/10/2720 1856/97/2721 1854/4/2722
f  1854/4/2722 1856/97/2721 1857/98/2723
f  1855/96/2719 1858/9/2724 1856/97/2721
f  1856/97/2721 1858/9/2724 1859/5/2725
f  1856/97/2721 1859/5/2725 1857/98/2723
f  1857/98/2723 1859/5/2725 1860/6/2726
f  1858/9/2724 1861/99/2727 1859/5/2725
f  1859/5/2725 1861/99/2727 1862/100/2728
f  1859/5/2725 1862/100/2728 1860/6/2726
f  1860/6/2726 1862/100/2728 1863/101/2729
f  1861/99/2727 1864/15/2730 1862/100/2728
f  1862/100/2728 1864/15/2730 1865/12/2731
f  1862/100/2728 1865/12/2731 1863/101/2729
f  1863/101/2729 1865/12/2731 1866/13/2732
f  1864/15/2730 1867/102/2733 1865/12/2731
f  1865/12/2731 1867/102/2733 1868/103/2734
f  1865/12/2731 1868/103/2734 1866/13/2732
f  1866/13/2732 1868/103/2734 1869/104/2735
f  1867/102/2736 1870/17/2737 1868/103/2737
f  1868/103/2737 1870/17/2737 1869/104/2738
f  1871/8/2739 1873/96/2740 1817/10/2679
f  1817/10/2679 1873/96/2740 1874/97/2741
f  1817/10/2679 1874/97/2741 1872/4/2742
f  1872/4/2742 1874/97/2741 1875/98/2743
f  1873/96/2740 1876/9/2744 1874/97/2741
f  1874/97/2741 1876/9/2744 1877/5/2745
f  1874/97/2741 1877/5/2745 1875/98/2743
f  1875/98/2743 1877/5/2745 1878/6/2746
f  1876/9/2744 1879/99/2747 1877/5/2745
f  1877/5/2745 1879/99/2747 1880/100/2748
f  1877/5/2745 1880/100/2748 1878/6/2746
f  1878/6/2746 1880/100/2748 1881/101/2749
f  1879/99/2747 1882/15/2750 1880/100/2748
f  1880/100/2748 1882/15/2750 1883/12/2751
f  1880/100/2748 1883/12/2751 1881/101/2749
f  1881/101/2749 1883/12/2751 1884/13/2752
f  1882/15/2750 1885/102/2753 1883/12/2751
f  1883/12/2751 1885/102/2753 1886/103/2754
f  1883/12/2751 1886/103/2754 1884/13/2752
f  1884/13/2752 1886/103/2754 1887/104/2755
f  1885/102/2753 1888/17/2756 1886/103/2754
f  1886/103/2754 1888/17/2756 1887/104/2755
f  1889/8/2757 1892/96/2758 1890/10/2759
f  1890/10/2759 1892/96/2758 1893/97/2760
f  1890/10/2759 1893/97/2760 1891/4/2761
f  1891/4/2761 1893/97/2760 1894/98/2762
f  1892/96/2758 1895/9/2763 1893/97/2760
f  1893/97/2760 1895/9/2763 1896/5/2764
f  1893/97/2760 1896/5/2764 1894/98/2762
f  1894/98/2762 1896/5/2764 1897/6/2765
f  1895/9/2763 1898/99/2766 1896/5/2764
f  1896/5/2764 1898/99/2766 1899/100/2767
f  1896/5/2764 1899/100/2767 1897/6/2765
f  1897/6/2765 1899/100/2767 1900/101/2768
f  1898/99/2766 1901/15/2769 1899/100/2767
f  1899/100/2767 1901/15/2769 1902/12/2770
f  1899/100/2767 1902/12/2770 1900/101/2768
f  1900/101/2768 1902/12/2770 1903/13/2771
f  1901/15/2769 1904/102/2772 1902/12/2770
f  1902/12/2770 1904/102/2772 1905/103/2773
f  1902/12/2770 1905/103/2773 1903/13/2774
f  1903/13/2774 1905/103/2773 1906/104/2775
f  1904/102/2772 1907/17/2776 1905/103/2773
f  1905/103/2773 1907/17/2776 1906/104/2777
f  1908/8/2778 1910/96/2779 1890/10/2780
f  1890/10/2780 1910/96/2779 1911/97/2781
f  1890/10/2780 1911/97/2781 1909/4/2782
f  1909/4/2782 1911/97/2781 1912/98/2783
f  1910/96/2779 1913/9/2784 1911/97/2781
f  1911/97/2781 1913/9/2784 1914/5/2785
f  1911/97/2781 1914/5/2785 1912/98/2783
f  1912/98/2783 1914/5/2785 1915/6/2786
f  1913/9/2784 1916/99/2787 1914/5/2785
f  1914/5/2785 1916/99/2787 1917/100/2788
f  1914/5/2785 1917/100/2788 1915/6/2786
f  1915/6/2786 1917/100/2788 1918/101/2789
f  1916/99/2787 1919/15/2790 1917/100/2788
f  1917/100/2788 1919/15/2790 1920/12/2791
f  1917/100/2788 1920/12/2791 1918/101/2789
f  1918/101/2789 1920/12/2791 1921/13/2792
f  1919/15/2790 1922/102/2793 1920/12/2791
f  1920/12/2791 1922/102/2794 1923/103/2795
f  1920/12/2791 1923/103/2796 1921/13/2792
f  1921/13/2792 1923/103/2795 1924/104/2797
f  1922/102/2794 1925/17/2798 1923/103/2795
f  1923/103/2795 1925/17/2798 1924/104/2797
f  1926/8/2799 1928/96/2800 1890/10/2801
f  1890/10/2801 1928/96/2800 1929/97/2802
f  1890/10/2801 1929/97/2802 1927/4/2803
f  1927/4/2803 1929/97/2802 1930/98/2804
f  1928/96/2800 1931/9/2805 1929/97/2802
f  1929/97/2802 1931/9/2805 1932/5/2806
f  1929/97/2802 1932/5/2806 1930/98/2804
f  1930/98/2804 1932/5/2806 1933/6/2807
f  1931/9/2805 1934/99/2808 1932/5/2806
f  1932/5/2806 1934/99/2808 1935/100/2809
f  1932/5/2806 1935/100/2809 1933/6/2807
f  1933/6/2807 1935/100/2809 1936/101/2810
f  1934/99/2808 1937/15/2811 1935/100/2809
f  1935/100/2809 1937/15/2811 1938/12/2812
f  1935/100/2809 1938/12/2812 1936/101/2810
f  1936/101/2810 1938/12/2812 1939/13/2813
f  1937/15/2811 1940/102/2814 1938/12/2812
f  1938/12/2812 1940/102/2814 1941/103/2815
f  1938/12/2812 1941/103/2815 1939/13/2813
f  1939/13/2813 1941/103/2815 1942/104/2816
f  1940/102/2817 1943/17/2818 1941/103/2815
f  1941/103/2815 1943/17/2818 1942/104/2816
f  1944/8/2819 1946/96/2820 1890/10/2759
f  1890/10/2759 1946/96/2820 1947/97/2821
f  1890/10/2759 1947/97/2821 1945/4/2822
f  1945/4/2822 1947/97/2821 1948/98/2823
f  1946/96/2820 1949/9/2824 1947/97/2821
f  1947/97/2821 1949/9/2824 1950/5/2825
f  1947/97/2821 1950/5/2825 1948/98/2823
f  1948/98/2823 1950/5/2825 1951/6/2826
f  1949/9/2824 1952/99/2827 1950/5/2825
f  1950/5/2825 1952/99/2827 1953/100/2828
f  1950/5/2825 1953/100/2828 1951/6/2826
f  1951/6/2826 1953/100/2828 1954/101/2829
f  1952/99/2827 1955/15/2830 1953/100/2828
f  1953/100/2828 1955/15/2830 1956/12/2831
f  1953/100/2828 1956/12/2831 1954/101/2829
f  1954/101/2829 1956/12/2831 1957/13/2832
f  1955/15/2830 1958/102/2833 1956/12/2831
f  1956/12/2831 1958/102/2833 1959/103/2834
f  1956/12/2831 1959/103/2834 1957/13/2832
f  1957/13/2832 1959/103/2834 1960/104/2835
f  1958/102/2833 1961/17/2836 1959/103/2834
f  1959/103/2834 1961/17/2836 1960/104/2835
f  1962/8/2837 1965/96/2838 1963/10/2839
f  1963/10/2839 1965/96/2838 1966/97/2840
f  1963/10/2839 1966/97/2840 1964/4/2841
f  1964/4/2841 1966/97/2840 1967/98/2842
f  1965/96/2838 1968/9/2843 1966/97/2840
f  1966/97/2840 1968/9/2843 1969/5/2844
f  1966/97/2840 1969/5/2844 1967/98/2842
f  1967/98/2842 1969/5/2844 1970/6/2845
f  1968/9/2843 1971/99/2846 1969/5/2844
f  1969/5/2844 1971/99/2846 1972/100/2847
f  1969/5/2844 1972/100/2847 1970/6/2845
f  1970/6/2845 1972/100/2847 1973/101/2848
f  1971/99/2846 1974/15/2849 1972/100/2847
f  1972/100/2847 1974/15/2849 1975/12/2850
f  1972/100/2847 1975/12/2850 1973/101/2848
f  1973/101/2848 1975/12/2850 1976/13/2851
f  1974/15/2849 1977/102/2852 1975/12/2850
f  1975/12/2850 1977/102/2852 1978/103/2853
f  1975/12/2850 1978/103/2853 1976/13/2854
f  1976/13/2854 1978/103/2853 1979/104/2855
f  1977/102/2852 1980/17/2856 1978/103/2853
f  1978/103/2853 1980/17/2856 1979/104/2857
f  1981/8/2858 1983/96/2859 1963/10/2860
f  1963/10/2860 1983/96/2859 1984/97/2861
f  1963/10/2860 1984/97/2861 1982/4/2862
f  1982/4/2862 1984/97/2861 1985/98/2863
f  1983/96/2859 1986/9/2864 1984/97/2861
f  1984/97/2861 1986/9/2864 1987/5/2865
f  1984/97/2861 1987/5/2865 1985/98/2863
f  1985/98/2863 1987/5/2865 1988/6/2866
f  1986/9/2864 1989/99/2867 1987/5/2865
f  1987/5/2865 1989/99/2867 1990/100/2868
f  1987/5/2865 1990/100/2868 1988/6/2866
f  1988/6/2866 1990/100/2868 1991/101/2869
f  1989/99/2867 1992/15/2870 1990/100/2868
f  1990/100/2868 1992/15/2870 1993/12/2871
f  1990/100/2868 1993/12/2871 1991/101/2869
f  1991/101/2869 1993/12/2871 1994/13/2872
f  1992/15/2870 1995/102/2873 1993/12/2871
f  1993/12/2871 1995/102/2874 1996/103/2875
f  1993/12/2871 1996/103/2875 1994/13/2872
f  1994/13/2872 1996/103/2875 1997/104/2876
f  1995/102/2874 1998/17/2877 1996/103/2875
f  1996/103/2875 1998/17/2877 1997/104/2876
f  1999/8/2878 2001/96/2879 1963/10/2880
f  1963/10/2880 2001/96/2879 2002/97/2881
f  1963/10/2880 2002/97/2881 2000/4/2882
f  2000/4/2882 2002/97/2881 2003/98/2883
f  2001/96/2879 2004/9/2884 2002/97/2881
f  2002/97/2881 2004/9/2884 2005/5/2885
f  2002/97/2881 2005/5/2885 2003/98/2883
f  2003/98/2883 2005/5/2885 2006/6/2886
f  2004/9/2884 2007/99/2887 2005/5/2885
f  2005/5/2885 2007/99/2887 2008/100/2888
f  2005/5/2885 2008/100/2888 2006/6/2886
f  2006/6/2886 2008/100/2888 2009/101/2889
f  2007/99/2887 2010/15/2890 2008/100/2888
f  2008/100/2888 2010/15/2890 2011/12/2891
f  2008/100/2888 2011/12/2891 2009/101/2889
f  2009/101/2889 2011/12/2891 2012/13/2892
f  2010/15/2890 2013/102/2893 2011/12/2891
f  2011/12/2891 2013/102/2893 2014/103/2894
f  2011/12/2891 2014/103/2894 2012/13/2892
f  2012/13/2892 2014/103/2894 2015/104/2895
f  2013/102/2896 2016/17/2897 2014/103/2897
f  2014/103/2897 2016/17/2897 2015/104/2898
f  2017/8/2899 2019/96/2900 1963/10/2839
f  1963/10/2839 2019/96/2900 2020/97/2901
f  1963/10/2839 2020/97/2901 2018/4/2902
f  2018/4/2902 2020/97/2901 2021/98/2903
f  2019/96/2900 2022/9/2904 2020/97/2901
f  2020/97/2901 2022/9/2904 2023/5/2905
f  2020/97/2901 2023/5/2905 2021/98/2903
f  2021/98/2903 2023/5/2905 2024/6/2906
f  2022/9/2904 2025/99/2907 2023/5/2905
f  2023/5/2905 2025/99/2907 2026/100/2908
f  2023/5/2905 2026/100/2908 2024/6/2906
f  2024/6/2906 2026/100/2908 2027/101/2909
f  2025/99/2907 2028/15/2910 2026/100/2908
f  2026/100/2908 2028/15/2910 2029/12/2911
f  2026/100/2908 2029/12/2911 2027/101/2909
f  2027/101/2909 2029/12/2911 2030/13/2912
f  2028/15/2910 2031/102/2913 2029/12/2911
f  2029/12/2911 2031/102/2913 2032/103/2914
f  2029/12/2911 2032/103/2914 2030/13/2912
f  2030/13/2912 2032/103/2914 2033/104/2915
f  2031/102/2913 2034/17/2916 2032/103/2914
f  2032/103/2914 2034/17/2916 2033/104/2915
usemtl Stalk
f  1163/71/1705 2035/76/2917 1164/74/1708
f  1163/73/1707 2038/77/2918 2035/78/2919
f  1164/74/1708 2035/76/2917 2036/79/2920
f  1164/74/1709 2036/79/2921 1165/75/1710
f  1165/75/1710 2036/79/2921 2037/80/2922
f  1165/75/1711 2037/80/2923 1166/72/1712
f  1166/72/1712 2037/80/2923 2038/77/2924
f  1166/72/1706 2038/77/2918 1163/73/1707
f  2035/76/2917 2039/81/2925 2036/79/2920
f  2035/78/2919 2042/82/2926 2039/83/2927
f  2036/79/2920 2039/81/2925 2040/84/2928
f  2036/79/2921 2040/84/2929 2037/80/2922
f  2037/80/2922 2040/84/2929 2041/85/2930
f  2037/80/2923 2041/85/2931 2038/77/2924
f  2038/77/2924 2041/85/2931 2042/82/2932
f  2038/77/2918 2042/82/2926 2035/78/2919
f  2039/81/2925 2043/86/2933 2040/84/2928
f  2039/83/2927 2046/87/2934 2043/88/2935
f  2040/84/2928 2043/86/2933 2044/89/2936
f  2040/84/2929 2044/89/2937 2041/85/2930
f  2041/85/2930 2044/89/2937 2045/90/2938
f  2041/85/2931 2045/90/2939 2042/82/2932
f  2042/82/2932 2045/90/2939 2046/87/2940
f  2042/82/2926 2046/87/2934 2039/83/2927
f  2043/86/2933 2047/91/2941 2044/89/2936
f  2043/88/2935 2050/92/2942 2047/93/2943
f  2044/89/2936 2047/91/2941 2048/94/2944
f  2044/89/2937 2048/94/2945 2045/90/2938
f  2045/90/2938 2048/94/2945 2049/95/2946
f  2045/90/2939 2049/95/2947 2046/87/2940
f  2046/87/2940 2049/95/2947 2050/92/2948
f  2046/87/2934 2050/92/2942 2043/88/2935
f  2047/91/2941 2051/105/2949 2048/94/2944
f  2047/93/2943 2054/106/2950 2051/107/2951
f  2048/94/2944 2051/105/2949 2052/108/2952
f  2048/94/2945 2052/108/2953 2049/95/2946
f  2049/95/2946 2052/108/2953 2053/109/2954
f  2049/95/2947 2053/109/2955 2050/92/2948
f  2050/92/2948 2053/109/2955 2054/106/2956
f  2050/92/2942 2054/106/2950 2047/93/2943
f  2051/105/2949 2055/110/2957 2052/108/2952
f  2051/107/2951 2058/111/2958 2055/112/2959
f  2052/108/2952 2055/110/2957 2056/113/2960
f  2052/108/2953 2056/113/2961 2053/109/2954
f  2053/109/2954 2056/113/2961 2057/114/2962
f  2053/109/2955 2057/114/2963 2054/106/2956
f  2054/106/2956 2057/114/2963 2058/111/2964
f  2054/106/2950 2058/111/2958 2051/107/2951
f  2055/110/2957 2059/115/2965 2056/113/2960
f  2055/112/2959 2062/116/2966 2059/117/2967
f  2056/113/2960 2059/115/2965 2060/118/2968
f  2056/113/2961 2060/118/2969 2057/114/2962
f  2057/114/2962 2060/118/2969 2061/119/2970
f  2057/114/2963 2061/119/2971 2058/111/2964
f  2058/111/2964 2061/119/2971 2062/116/2972
f  2058/111/2958 2062/116/2966 2055/112/2959
f  2059/115/2973 2063/120/2974 2060/118/2975
f  2059/117/2976 2066/121/2976 2063/122/2977
f  2060/118/2975 2063/120/2974 2064/123/2978
f  2060/118/2979 2064/123/2980 2061/119/2980
f  2061/119/2980 2064/123/2980 2065/124/2981
f  2061/119/2982 2065/124/2983 2062/116/2984
f  2062/116/2984 2065/124/2983 2066/121/2985
f  2062/116/2986 2066/121/2976 2059/117/2976
f  2063/120/2974 2067/125/2987 2064/123/2978
f  2063/122/2988 2070/126/2988 2067/127/2989
f  2064/123/2978 2067/125/2987 2068/128/2990
f  2064/123/2991 2068/128/2992 2065/124/2992
f  2065/124/2992 2068/128/2992 2069/129/2993
f  2065/124/2983 2069/129/2994 2066/121/2985
f  2066/121/2985 2069/129/2994 2070/126/2995
f  2066/121/2996 2070/126/2988 2063/122/2988
f  2067/125/2997 2071/130/2998 2068/128/2998
f  2067/127/2999 2074/131/2999 2071/132/3000
f  2068/128/2998 2071/130/2998 2072/133/3001
f  2068/128/3002 2072/133/3003 2069/129/3003
f  2069/129/3003 2072/133/3003 2073/134/3004
f  2069/129/3005 2073/134/3006 2070/126/3006
f  2070/126/3006 2073/134/3006 2074/131/3007
f  2070/126/3008 2074/131/2999 2067/127/2999
f  1191/71/1761 2075/76/3009 1192/74/1764
f  1191/73/1763 2078/77/3010 2075/78/3011
f  1192/74/1764 2075/76/3009 2076/79/3012
f  1192/74/1765 2076/79/3013 1193/75/1766
f  1193/75/1766 2076/79/3013 2077/80/3014
f  1193/75/1767 2077/80/3015 1194/72/1768
f  1194/72/1768 2077/80/3015 2078/77/3016
f  1194/72/1762 2078/77/3010 1191/73/1763
f  2075/76/3009 2079/81/3017 2076/79/3012
f  2075/78/3011 2082/82/3018 2079/83/3019
f  2076/79/3012 2079/81/3017 2080/84/3020
f  2076/79/3013 2080/84/3021 2077/80/3014
f  2077/80/3014 2080/84/3021 2081/85/3022
f  2077/80/3015 2081/85/3023 2078/77/3016
f  2078/77/3016 2081/85/3023 2082/82/3024
f  2078/77/3010 2082/82/3018 2075/78/3011
f  2079/81/3017 2083/86/3025 2080/84/3020
f  2079/83/3019 2086/87/3026 2083/88/3027
f  2080/84/3020 2083/86/3025 2084/89/3028
f  2080/84/3021 2084/89/3029 2081/85/3022
f  2081/85/3022 2084/89/3029 2085/90/3030
f  2081/85/3023 2085/90/3031 2082/82/3024
f  2082/82/3024 2085/90/3031 2086/87/3032
f  2082/82/3018 2086/87/3026 2079/83/3019
f  2083/86/3025 2087/91/3033 2084/89/3028
f  2083/88/3027 2090/92/3034 2087/93/3035
f  2084/89/3028 2087/91/3033 2088/94/3036
f  2084/89/3029 2088/94/3037 2085/90/3030
f  2085/90/3030 2088/94/3037 2089/95/3038
f  2085/90/3031 2089/95/3039 2086/87/3032
f  2086/87/3032 2089/95/3039 2090/92/3040
f  2086/87/3026 2090/92/3034 2083/88/3027
f  2087/91/3033 2091/105/3041 2088/94/3036
f  2087/93/3035 2094/106/3042 2091/107/3043
f  2088/94/3036 2091/105/3041 2092/108/3044
f  2088/94/3037 2092/108/3045 2089/95/3038
f  2089/95/3038 2092/108/3045 2093/109/3046
f  2089/95/3039 2093/109/3047 2090/92/3040
f  2090/92/3040 2093/109/3047 2094/106/3048
f  2090/92/3034 2094/106/3042 2087/93/3035
f  2091/105/3041 2095/110/3049 2092/108/3044
f  2091/107/3043 2098/111/3050 2095/112/3051
f  2092/108/3044 2095/110/3049 2096/113/3052
f  2092/108/3045 2096/113/3053 2093/109/3046
f  2093/109/3046 2096/113/3053 2097/114/3054
f  2093/109/3047 2097/114/3055 2094/106/3048
f  2094/106/3048 2097/114/3055 2098/111/3056
f  2094/106/3042 2098/111/3050 2091/107/3043
f  2095/110/3049 2099/115/3057 2096/113/3052
f  2095/112/3051 2102/116/3058 2099/117/3059
f  2096/113/3052 2099/115/3057 2100/118/3060
f  2096/113/3053 2100/118/3061 2097/114/3054
f  2097/114/3054 2100/118/3061 2101/119/3062
f  2097/114/3055 2101/119/3063 2098/111/3056
f  2098/111/3056 2101/119/3063 2102/116/3064
f  2098/111/3050 2102/116/3058 2095/112/3051
f  2099/115/3065 2103/120/3066 2100/118/3067
f  2099/117/3068 2106/121/3068 2103/122/3069
f  2100/118/3067 2103/120/3066 2104/123/3070
f  2100/118/3071 2104/123/3072 2101/119/3072
f  2101/119/3072 2104/123/3072 2105/124/3073
f  2101/119/3074 2105/124/3075 2102/116/3076
f  2102/116/3076 2105/124/3075 2106/121/3077
f  2102/116/3078 2106/121/3068 2099/117/3068
f  2103/120/3066 2107/125/3079 2104/123/3070
f  2103/122/3080 2110/126/3080 2107/127/3081
f  2104/123/3070 2107/125/3079 2108/128/3082
f  2104/123/3083 2108/128/3084 2105/124/3084
f  2105/124/3084 2108/128/3084 2109/129/3085
f  2105/124/3075 2109/129/3086 2106/121/3077
f  2106/121/3077 2109/129/3086 2110/126/3087
f  2106/121/3088 2110/126/3080 2103/122/3080
f  2107/125/3089 2111/130/3090 2108/128/3090
f  2107/127/3091 2114/131/3091 2111/132/3092
f  2108/128/3090 2111/130/3090 2112/133/3093
f  2108/128/3094 2112/133/3095 2109/129/3095
f  2109/129/3095 2112/133/3095 2113/134/3096
f  2109/129/3097 2113/134/3098 2110/126/3098
f  2110/126/3098 2113/134/3098 2114/131/3099
f  2110/126/3100 2114/131/3091 2107/127/3091
f  1231/76/1841 2115/81/3101 1232/79/1844
f  1231/78/1843 2118/82/3102 2115/83/3103
f  1232/79/1844 2115/81/3101 2116/84/3104
f  1232/79/1845 2116/84/3105 1233/80/1846
f  1233/80/1846 2116/84/3105 2117/85/3106
f  1233/80/1847 2117/85/3107 1234/77/1848
f  1234/77/1848 2117/85/3107 2118/82/3108
f  1234/77/1842 2118/82/3102 1231/78/1843
f  2115/81/3101 2119/86/3109 2116/84/3104
f  2115/83/3103 2122/87/3110 2119/88/3111
f  2116/84/3104 2119/86/3109 2120/89/3112
f  2116/84/3105 2120/89/3113 2117/85/3106
f  2117/85/3106 2120/89/3113 2121/90/3114
f  2117/85/3107 2121/90/3115 2118/82/3108
f  2118/82/3108 2121/90/3115 2122/87/3116
f  2118/82/3102 2122/87/3110 2115/83/3103
f  2119/86/3109 2123/91/3117 2120/89/3112
f  2119/88/3111 2126/92/3118 2123/93/3119
f  2120/89/3112 2123/91/3117 2124/94/3120
f  2120/89/3113 2124/94/3121 2121/90/3114
f  2121/90/3114 2124/94/3121 2125/95/3122
f  2121/90/3115 2125/95/3123 2122/87/3116
f  2122/87/3116 2125/95/3123 2126/92/3124
f  2122/87/3110 2126/92/3118 2119/88/3111
f  2123/91/3117 2127/105/3125 2124/94/3120
f  2123/93/3119 2130/106/3126 2127/107/3127
f  2124/94/3120 2127/105/3125 2128/108/3128
f  2124/94/3121 2128/108/3129 2125/95/3122
f  2125/95/3122 2128/108/3129 2129/109/3130
f  2125/95/3123 2129/109/3131 2126/92/3124
f  2126/92/3124 2129/109/3131 2130/106/3132
f  2126/92/3118 2130/106/3126 2123/93/3119
f  2127/105/3125 2131/110/3133 2128/108/3128
f  2127/107/3127 2134/111/3134 2131/112/3135
f  2128/108/3128 2131/110/3133 2132/113/3136
f  2128/108/3129 2132/113/3137 2129/109/3130
f  2129/109/3130 2132/113/3137 2133/114/3138
f  2129/109/3131 2133/114/3139 2130/106/3132
f  2130/106/3132 2133/114/3139 2134/111/3140
f  2130/106/3126 2134/111/3134 2127/107/3127
f  2131/110/3133 2135/115/3141 2132/113/3136
f  2131/112/3135 2138/116/3142 2135/117/3143
f  2132/113/3136 2135/115/3141 2136/118/3144
f  2132/113/3137 2136/118/3145 2133/114/3138
f  2133/114/3138 2136/118/3145 2137/119/3146
f  2133/114/3139 2137/119/3147 2134/111/3140
f  2134/111/3140 2137/119/3147 2138/116/3148
f  2134/111/3134 2138/116/3142 2131/112/3135
f  2135/115/3141 2139/120/3149 2136/118/3144
f  2135/117/3143 2142/121/3150 2139/122/3151
f  2136/118/3144 2139/120/3149 2140/123/3152
f  2136/118/3145 2140/123/3153 2137/119/3146
f  2137/119/3146 2140/123/3153 2141/124/3154
f  2137/119/3147 2141/124/3155 2138/116/3148
f  2138/116/3148 2141/124/3155 2142/121/3156
f  2138/116/3142 2142/121/3150 2135/117/3143
f  2139/120/3157 2143/125/3158 2140/123/3159
f  2139/122/3160 2146/126/3160 2143/127/3161
f  2140/123/3159 2143/125/3158 2144/128/3162
f  2140/123/3163 2144/128/3164 2141/124/3164
f  2141/124/3164 2144/128/3164 2145/129/3165
f  2141/124/3166 2145/129/3167 2142/121/3168
f  2142/121/3168 2145/129/3167 2146/126/3169
f  2142/121/3170 2146/126/3160 2139/122/3160
f  2143/125/3158 2147/130/3171 2144/128/3162
f  2143/127/3172 2150/131/3172 2147/132/3173
f  2144/128/3162 2147/130/3171 2148/133/3174
f  2144/128/3175 2148/133/3176 2145/129/3176
f  2145/129/3176 2148/133/3176 2149/134/3177
f  2145/129/3167 2149/134/3178 2146/126/3169
f  2146/126/3169 2149/134/3178 2150/131/3179
f  2146/126/3180 2150/131/3172 2143/127/3172
f  2147/130/3181 2151/135/3182 2148/133/3182
f  2147/132/3183 2154/136/3183 2151/137/3184
f  2148/133/3182 2151/135/3182 2152/138/3185
f  2148/133/3186 2152/138/3187 2149/134/3187
f  2149/134/3187 2152/138/3187 2153/139/3188
f  2149/134/3189 2153/139/3190 2150/131/3190
f  2150/131/3190 2153/139/3190 2154/136/3191
f  2150/131/3192 2154/136/3183 2147/132/3183
f  1271/76/1921 2155/81/3193 1272/79/1924
f  1271/78/1923 2158/82/3194 2155/83/3195
f  1272/79/1924 2155/81/3193 2156/84/3196
f  1272/79/1925 2156/84/3197 1273/80/1926
f  1273/80/1926 2156/84/3197 2157/85/3198
f  1273/80/1927 2157/85/3199 1274/77/1928
f  1274/77/1928 2157/85/3199 2158/82/3200
f  1274/77/1922 2158/82/3194 1271/78/1923
f  2155/81/3193 2159/86/3201 2156/84/3196
f  2155/83/3195 2162/87/3202 2159/88/3203
f  2156/84/3196 2159/86/3201 2160/89/3204
f  2156/84/3197 2160/89/3205 2157/85/3198
f  2157/85/3198 2160/89/3205 2161/90/3206
f  2157/85/3199 2161/90/3207 2158/82/3200
f  2158/82/3200 2161/90/3207 2162/87/3208
f  2158/82/3194 2162/87/3202 2155/83/3195
f  2159/86/3201 2163/91/3209 2160/89/3204
f  2159/88/3203 2166/92/3210 2163/93/3211
f  2160/89/3204 2163/91/3209 2164/94/3212
f  2160/89/3205 2164/94/3213 2161/90/3206
f  2161/90/3206 2164/94/3213 2165/95/3214
f  2161/90/3207 2165/95/3215 2162/87/3208
f  2162/87/3208 2165/95/3215 2166/92/3216
f  2162/87/3202 2166/92/3210 2159/88/3203
f  2163/91/3209 2167/105/3217 2164/94/3212
f  2163/93/3211 2170/106/3218 2167/107/3219
f  2164/94/3212 2167/105/3217 2168/108/3220
f  2164/94/3213 2168/108/3221 2165/95/3214
f  2165/95/3214 2168/108/3221 2169/109/3222
f  2165/95/3215 2169/109/3223 2166/92/3216
f  2166/92/3216 2169/109/3223 2170/106/3224
f  2166/92/3210 2170/106/3218 2163/93/3211
f  2167/105/3217 2171/110/3225 2168/108/3220
f  2167/107/3219 2174/111/3226 2171/112/3227
f  2168/108/3220 2171/110/3225 2172/113/3228
f  2168/108/3221 2172/113/3229 2169/109/3222
f  2169/109/3222 2172/113/3229 2173/114/3230
f  2169/109/3223 2173/114/3231 2170/106/3224
f  2170/106/3224 2173/114/3231 2174/111/3232
f  2170/106/3218 2174/111/3226 2167/107/3219
f  2171/110/3225 2175/115/3233 2172/113/3228
f  2171/112/3227 2178/116/3234 2175/117/3235
f  2172/113/3228 2175/115/3233 2176/118/3236
f  2172/113/3229 2176/118/3237 2173/114/3230
f  2173/114/3230 2176/118/3237 2177/119/3238
f  2173/114/3231 2177/119/3239 2174/111/3232
f  2174/111/3232 2177/119/3239 2178/116/3240
f  2174/111/3226 2178/116/3234 2171/112/3227
f  2175/115/3233 2179/120/3241 2176/118/3236
f  2175/117/3235 2182/121/3242 2179/122/3243
f  2176/118/3236 2179/120/3241 2180/123/3244
f  2176/118/3237 2180/123/3245 2177/119/3238
f  2177/119/3238 2180/123/3245 2181/124/3246
f  2177/119/3239 2181/124/3247 2178/116/3240
f  2178/116/3240 2181/124/3247 2182/121/3248
f  2178/116/3234 2182/121/3242 2175/117/3235
f  2179/120/3249 2183/125/3250 2180/123/3251
f  2179/122/3252 2186/126/3252 2183/127/3253
f  2180/123/3251 2183/125/3250 2184/128/3254
f  2180/123/3255 2184/128/3256 2181/124/3256
f  2181/124/3256 2184/128/3256 2185/129/3257
f  2181/124/3258 2185/129/3259 2182/121/3260
f  2182/121/3260 2185/129/3259 2186/126/3261
f  2182/121/3262 2186/126/3252 2179/122/3252
f  2183/125/3250 2187/130/3263 2184/128/3254
f  2183/127/3264 2190/131/3264 2187/132/3265
f  2184/128/3254 2187/130/3263 2188/133/3266
f  2184/128/3267 2188/133/3268 2185/129/3268
f  2185/129/3268 2188/133/3268 2189/134/3269
f  2185/129/3259 2189/134/3270 2186/126/3261
f  2186/126/3261 2189/134/3270 2190/131/3271
f  2186/126/3272 2190/131/3264 2183/127/3264
f  2187/130/3273 2191/135/3274 2188/133/3274
f  2187/132/3275 2194/136/3275 2191/137/3276
f  2188/133/3274 2191/135/3274 2192/138/3277
f  2188/133/3278 2192/138/3279 2189/134/3279
f  2189/134/3279 2192/138/3279 2193/139/3280
f  2189/134/3281 2193/139/3282 2190/131/3282
f  2190/131/3282 2193/139/3282 2194/136/3283
f  2190/131/3284 2194/136/3275 2187/132/3275
f  1315/71/2009 2195/76/3285 1316/74/2012
f  1315/73/2011 2198/77/3286 2195/78/3287
f  1316/74/2012 2195/76/3285 2196/79/3288
f  1316/74/2013 2196/79/3289 1317/75/2014
f  1317/75/2014 2196/79/3289 2197/80/3290
f  1317/75/2015 2197/80/3291 1318/72/2016
f  1318/72/2016 2197/80/3291 2198/77/3292
f  1318/72/2010 2198/77/3286 1315/73/2011
f  2195/76/3285 2199/81/3293 2196/79/3288
f  2195/78/3287 2202/82/3294 2199/83/3295
f  2196/79/3288 2199/81/3293 2200/84/3296
f  2196/79/3289 2200/84/3297 2197/80/3290
f  2197/80/3290 2200/84/3297 2201/85/3298
f  2197/80/3291 2201/85/3299 2198/77/3292
f  2198/77/3292 2201/85/3299 2202/82/3300
f  2198/77/3286 2202/82/3294 2195/78/3287
f  2199/81/3293 2203/86/3301 2200/84/3296
f  2199/83/3295 2206/87/3302 2203/88/3303
f  2200/84/3296 2203/86/3301 2204/89/3304
f  2200/84/3297 2204/89/3305 2201/85/3298
f  2201/85/3298 2204/89/3305 2205/90/3306
f  2201/85/3299 2205/90/3307 2202/82/3300
f  2202/82/3300 2205/90/3307 2206/87/3308
f  2202/82/3294 2206/87/3302 2199/83/3295
f  2203/86/3301 2207/91/3309 2204/89/3304
f  2203/88/3303 2210/92/3310 2207/93/3311
f  2204/89/3304 2207/91/3309 2208/94/3312
f  2204/89/3305 2208/94/3313 2205/90/3306
f  2205/90/3306 2208/94/3313 2209/95/3314
f  2205/90/3307 2209/95/3315 2206/87/3308
f  2206/87/3308 2209/95/3315 2210/92/3316
f  2206/87/3302 2210/92/3310 2203/88/3303
f  2207/91/3309 2211/105/3317 2208/94/3312
f  2207/93/3311 2214/106/3318 2211/107/3319
f  2208/94/3312 2211/105/3317 2212/108/3320
f  2208/94/3313 2212/108/3321 2209/95/3314
f  2209/95/3314 2212/108/3321 2213/109/3322
f  2209/95/3315 2213/109/3323 2210/92/3316
f  2210/92/3316 2213/109/3323 2214/106/3324
f  2210/92/3310 2214/106/3318 2207/93/3311
f  2211/105/3317 2215/110/3325 2212/108/3320
f  2211/107/3319 2218/111/3326 2215/112/3327
f  2212/108/3320 2215/110/3325 2216/113/3328
f  2212/108/3321 2216/113/3329 2213/109/3322
f  2213/109/3322 2216/113/3329 2217/114/3330
f  2213/109/3323 2217/114/3331 2214/106/3324
f  2214/106/3324 2217/114/3331 2218/111/3332
f  2214/106/3318 2218/111/3326 2211/107/3319
f  2215/110/3325 2219/115/3333 2216/113/3328
f  2215/112/3327 2222/116/3334 2219/117/3335
f  2216/113/3328 2219/115/3333 2220/118/3336
f  2216/113/3329 2220/118/3337 2217/114/3330
f  2217/114/3330 2220/118/3337 2221/119/3338
f  2217/114/3331 2221/119/3339 2218/111/3332
f  2218/111/3332 2221/119/3339 2222/116/3340
f  2218/111/3326 2222/116/3334 2215/112/3327
f  2219/115/3341 2223/120/3342 2220/118/3343
f  2219/117/3344 2226/121/3344 2223/122/3345
f  2220/118/3343 2223/120/3342 2224/123/3346
f  2220/118/3347 2224/123/3348 2221/119/3348
f  2221/119/3348 2224/123/3348 2225/124/3349
f  2221/119/3350 2225/124/3351 2222/116/3352
f  2222/116/3352 2225/124/3351 2226/121/3353
f  2222/116/3354 2226/121/3344 2219/117/3344
f  2223/120/3342 2227/125/3355 2224/123/3346
f  2223/122/3356 2230/126/3356 2227/127/3357
f  2224/123/3346 2227/125/3355 2228/128/3358
f  2224/123/3359 2228/128/3360 2225/124/3360
f  2225/124/3360 2228/128/3360 2229/129/3361
f  2225/124/3351 2229/129/3362 2226/121/3353
f  2226/121/3353 2229/129/3362 2230/126/3363
f  2226/121/3364 2230/126/3356 2223/122/3356
f  2227/125/3365 2231/130/3366 2228/128/3366
f  2227/127/3367 2234/131/3367 2231/132/3368
f  2228/128/3366 2231/130/3366 2232/133/3369
f  2228/128/3370 2232/133/3371 2229/129/3371
f  2229/129/3371 2232/133/3371 2233/134/3372
f  2229/129/3373 2233/134/3374 2230/126/3374
f  2230/126/3374 2233/134/3374 2234/131/3375
f  2230/126/3376 2234/131/3367 2227/127/3367
f  1359/71/2097 2235/76/3377 1360/74/2100
f  1359/73/2099 2238/77/3378 2235/78/3379
f  1360/74/2100 2235/76/3377 2236/79/3380
f  1360/74/2101 2236/79/3381 1361/75/2102
f  1361/75/2102 2236/79/3381 2237/80/3382
f  1361/75/2103 2237/80/3383 1362/72/2104
f  1362/72/2104 2237/80/3383 2238/77/3384
f  1362/72/2098 2238/77/3378 1359/73/2099
f  2235/76/3377 2239/81/3385 2236/79/3380
f  2235/78/3379 2242/82/3386 2239/83/3387
f  2236/79/3380 2239/81/3385 2240/84/3388
f  2236/79/3381 2240/84/3389 2237/80/3382
f  2237/80/3382 2240/84/3389 2241/85/3390
f  2237/80/3383 2241/85/3391 2238/77/3384
f  2238/77/3384 2241/85/3391 2242/82/3392
f  2238/77/3378 2242/82/3386 2235/78/3379
f  2239/81/3385 2243/86/3393 2240/84/3388
f  2239/83/3387 2246/87/3394 2243/88/3395
f  2240/84/3388 2243/86/3393 2244/89/3396
f  2240/84/3389 2244/89/3397 2241/85/3390
f  2241/85/3390 2244/89/3397 2245/90/3398
f  2241/85/3391 2245/90/3399 2242/82/3392
f  2242/82/3392 2245/90/3399 2246/87/3400
f  2242/82/3386 2246/87/3394 2239/83/3387
f  2243/86/3393 2247/91/3401 2244/89/3396
f  2243/88/3395 2250/92/3402 2247/93/3403
f  2244/89/3396 2247/91/3401 2248/94/3404
f  2244/89/3397 2248/94/3405 2245/90/3398
f  2245/90/3398 2248/94/3405 2249/95/3406
f  2245/90/3399 2249/95/3407 2246/87/3400
f  2246/87/3400 2249/95/3407 2250/92/3408
f  2246/87/3394 2250/92/3402 2243/88/3395
f  2247/91/3401 2251/105/3409 2248/94/3404
f  2247/93/3403 2254/106/3410 2251/107/3411
f  2248/94/3404 2251/105/3409 2252/108/3412
f  2248/94/3405 2252/108/3413 2249/95/3406
f  2249/95/3406 2252/108/3413 2253/109/3414
f  2249/95/3407 2253/109/3415 2250/92/3408
f  2250/92/3408 2253/109/3415 2254/106/3416
f  2250/92/3402 2254/106/3410 2247/93/3403
f  2251/105/3409 2255/110/3417 2252/108/3412
f  2251/107/3411 2258/111/3418 2255/112/3419
f  2252/108/3412 2255/110/3417 2256/113/3420
f  2252/108/3413 2256/113/3421 2253/109/3414
f  2253/109/3414 2256/113/3421 2257/114/3422
f  2253/109/3415 2257/114/3423 2254/106/3416
f  2254/106/3416 2257/114/3423 2258/111/3424
f  2254/106/3410 2258/111/3418 2251/107/3411
f  2255/110/3417 2259/115/3425 2256/113/3420
f  2255/112/3419 2262/116/3426 2259/117/3427
f  2256/113/3420 2259/115/3425 2260/118/3428
f  2256/113/3421 2260/118/3429 2257/114/3422
f  2257/114/3422 2260/118/3429 2261/119/3430
f  2257/114/3423 2261/119/3431 2258/111/3424
f  2258/111/3424 2261/119/3431 2262/116/3432
f  2258/111/3418 2262/116/3426 2255/112/3419
f  2259/115/3433 2263/120/3434 2260/118/3435
f  2259/117/3436 2266/121/3436 2263/122/3437
f  2260/118/3435 2263/120/3434 2264/123/3438
f  2260/118/3439 2264/123/3440 2261/119/3440
f  2261/119/3440 2264/123/3440 2265/124/3441
f  2261/119/3442 2265/124/3443 2262/116/3444
f  2262/116/3444 2265/124/3443 2266/121/3445
f  2262/116/3446 2266/121/3436 2259/117/3436
f  2263/120/3434 2267/125/3447 2264/123/3438
f  2263/122/3448 2270/126/3448 2267/127/3449
f  2264/123/3438 2267/125/3447 2268/128/3450
f  2264/123/3451 2268/128/3452 2265/124/3452
f  2265/124/3452 2268/128/3452 2269/129/3453
f  2265/124/3443 2269/129/3454 2266/121/3445
f  2266/121/3445 2269/129/3454 2270/126/3455
f  2266/121/3456 2270/126/3448 2263/122/3448
f  2267/125/3457 2271/130/3458 2268/128/3458
f  2267/127/3459 2274/131/3459 2271/132/3460
f  2268/128/3458 2271/130/3458 2272/133/3461
f  2268/128/3462 2272/133/3463 2269/129/3463
f  2269/129/3463 2272/133/3463 2273/134/3464
f  2269/129/3465 2273/134/3466 2270/126/3466
f  2270/126/3466 2273/134/3466 2274/131/3467
f  2270/126/3468 2274/131/3459 2267/127/3459
f  1403/62/2185 2275/71/3469 1404/67/2188
f  1403/66/2187 2278/72/3470 2275/73/3471
f  1404/67/2188 2275/71/3469 2276/74/3472
f  1404/67/2189 2276/74/3473 1405/69/2190
f  1405/69/2190 2276/74/3473 2277/75/3474
f  1405/69/2191 2277/75/3475 1406/65/2192
f  1406/65/2192 2277/75/3475 2278/72/3476
f  1406/65/2186 2278/72/3470 1403/66/2187
f  2275/71/3469 2279/76/3477 2276/74/3472
f  2275/73/3471 2282/77/3478 2279/78/3479
f  2276/74/3472 2279/76/3477 2280/79/3480
f  2276/74/3473 2280/79/3481 2277/75/3474
f  2277/75/3474 2280/79/3481 2281/80/3482
f  2277/75/3475 2281/80/3483 2278/72/3476
f  2278/72/3476 2281/80/3483 2282/77/3484
f  2278/72/3470 2282/77/3478 2275/73/3471
f  2279/76/3477 2283/81/3485 2280/79/3480
f  2279/78/3479 2286/82/3486 2283/83/3487
f  2280/79/3480 2283/81/3485 2284/84/3488
f  2280/79/3481 2284/84/3489 2281/80/3482
f  2281/80/3482 2284/84/3489 2285/85/3490
f  2281/80/3483 2285/85/3491 2282/77/3484
f  2282/77/3484 2285/85/3491 2286/82/3492
f  2282/77/3478 2286/82/3486 2279/78/3479
f  2283/81/3485 2287/86/3493 2284/84/3488
f  2283/83/3487 2290/87/3494 2287/88/3495
f  2284/84/3488 2287/86/3493 2288/89/3496
f  2284/84/3489 2288/89/3497 2285/85/3490
f  2285/85/3490 2288/89/3497 2289/90/3498
f  2285/85/3491 2289/90/3499 2286/82/3492
f  2286/82/3492 2289/90/3499 2290/87/3500
f  2286/82/3486 2290/87/3494 2283/83/3487
f  2287/86/3493 2291/91/3501 2288/89/3496
f  2287/88/3495 2294/92/3502 2291/93/3503
f  2288/89/3496 2291/91/3501 2292/94/3504
f  2288/89/3497 2292/94/3505 2289/90/3498
f  2289/90/3498 2292/94/3505 2293/95/3506
f  2289/90/3499 2293/95/3507 2290/87/3500
f  2290/87/3500 2293/95/3507 2294/92/3508
f  2290/87/3494 2294/92/3502 2287/88/3495
f  2291/91/3501 2295/105/3509 2292/94/3504
f  2291/93/3503 2298/106/3510 2295/107/3511
f  2292/94/3504 2295/105/3509 2296/108/3512
f  2292/94/3505 2296/108/3513 2293/95/3506
f  2293/95/3506 2296/108/3513 2297/109/3514
f  2293/95/3507 2297/109/3515 2294/92/3508
f  2294/92/3508 2297/109/3515 2298/106/3516
f  2294/92/3502 2298/106/3510 2291/93/3503
f  2295/105/3509 2299/110/3517 2296/108/3512
f  2295/107/3511 2302/111/3518 2299/112/3519
f  2296/108/3512 2299/110/3517 2300/113/3520
f  2296/108/3513 2300/113/3521 2297/109/3514
f  2297/109/3514 2300/113/3521 2301/114/3522
f  2297/109/3515 2301/114/3523 2298/106/3516
f  2298/106/3516 2301/114/3523 2302/111/3524
f  2298/106/3510 2302/111/3518 2295/107/3511
f  2299/110/3525 2303/115/3526 2300/113/3527
f  2299/112/3528 2306/116/3528 2303/117/3529
f  2300/113/3527 2303/115/3526 2304/118/3530
f  2300/113/3531 2304/118/3532 2301/114/3532
f  2301/114/3532 2304/118/3532 2305/119/3533
f  2301/114/3534 2305/119/3535 2302/111/3536
f  2302/111/3536 2305/119/3535 2306/116/3537
f  2302/111/3538 2306/116/3528 2299/112/3528
f  2303/115/3526 2307/120/3539 2304/118/3530
f  2303/117/3540 2310/121/3540 2307/122/3541
f  2304/118/3530 2307/120/3539 2308/123/3542
f  2304/118/3543 2308/123/3544 2305/119/3544
f  2305/119/3544 2308/123/3544 2309/124/3545
f  2305/119/3535 2309/124/3546 2306/116/3537
f  2306/116/3537 2309/124/3546 2310/121/3547
f  2306/116/3548 2310/121/3540 2303/117/3540
f  2307/120/3549 2311/125/3550 2308/123/3550
f  2307/122/3551 2314/126/3551 2311/127/3552
f  2308/123/3550 2311/125/3550 2312/128/3553
f  2308/123/3554 2312/128/3555 2309/124/3555
f  2309/124/3555 2312/128/3555 2313/129/3556
f  2309/124/3557 2313/129/3558 2310/121/3558
f  2310/121/3558 2313/129/3558 2314/126/3559
f  2310/121/3560 2314/126/3551 2307/122/3551
f  1447/62/2273 2315/71/3561 1448/67/2276
f  1447/66/2275 2318/72/3562 2315/73/3563
f  1448/67/2276 2315/71/3561 2316/74/3564
f  1448/67/2277 2316/74/3565 1449/69/2278
f  1449/69/2278 2316/74/3565 2317/75/3566
f  1449/69/2279 2317/75/3567 1450/65/2280
f  1450/65/2280 2317/75/3567 2318/72/3568
f  1450/65/2274 2318/72/3562 1447/66/2275
f  2315/71/3561 2319/76/3569 2316/74/3564
f  2315/73/3563 2322/77/3570 2319/78/3571
f  2316/74/3564 2319/76/3569 2320/79/3572
f  2316/74/3565 2320/79/3573 2317/75/3566
f  2317/75/3566 2320/79/3573 2321/80/3574
f  2317/75/3567 2321/80/3575 2318/72/3568
f  2318/72/3568 2321/80/3575 2322/77/3576
f  2318/72/3562 2322/77/3570 2315/73/3563
f  2319/76/3569 2323/81/3577 2320/79/3572
f  2319/78/3571 2326/82/3578 2323/83/3579
f  2320/79/3572 2323/81/3577 2324/84/3580
f  2320/79/3573 2324/84/3581 2321/80/3574
f  2321/80/3574 2324/84/3581 2325/85/3582
f  2321/80/3575 2325/85/3583 2322/77/3576
f  2322/77/3576 2325/85/3583 2326/82/3584
f  2322/77/3570 2326/82/3578 2319/78/3571
f  2323/81/3577 2327/86/3585 2324/84/3580
f  2323/83/3579 2330/87/3586 2327/88/3587
f  2324/84/3580 2327/86/3585 2328/89/3588
f  2324/84/3581 2328/89/3589 2325/85/3582
f  2325/85/3582 2328/89/3589 2329/90/3590
f  2325/85/3583 2329/90/3591 2326/82/3584
f  2326/82/3584 2329/90/3591 2330/87/3592
f  2326/82/3578 2330/87/3586 2323/83/3579
f  2327/86/3585 2331/91/3593 2328/89/3588
f  2327/88/3587 2334/92/3594 2331/93/3595
f  2328/89/3588 2331/91/3593 2332/94/3596
f  2328/89/3589 2332/94/3597 2329/90/3590
f  2329/90/3590 2332/94/3597 2333/95/3598
f  2329/90/3591 2333/95/3599 2330/87/3592
f  2330/87/3592 2333/95/3599 2334/92/3600
f  2330/87/3586 2334/92/3594 2327/88/3587
f  2331/91/3593 2335/105/3601 2332/94/3596
f  2331/93/3595 2338/106/3602 2335/107/3603
f  2332/94/3596 2335/105/3601 2336/108/3604
f  2332/94/3597 2336/108/3605 2333/95/3598
f  2333/95/3598 2336/108/3605 2337/109/3606
f  2333/95/3599 2337/109/3607 2334/92/3600
f  2334/92/3600 2337/109/3607 2338/106/3608
f  2334/92/3594 2338/106/3602 2331/93/3595
f  2335/105/3601 2339/110/3609 2336/108/3604
f  2335/107/3603 2342/111/3610 2339/112/3611
f  2336/108/3604 2339/110/3609 2340/113/3612
f  2336/108/3605 2340/113/3613 2337/109/3606
f  2337/109/3606 2340/113/3613 2341/114/3614
f  2337/109/3607 2341/114/3615 2338/106/3608
f  2338/106/3608 2341/114/3615 2342/111/3616
f  2338/106/3602 2342/111/3610 2335/107/3603
f  2339/110/3617 2343/115/3618 2340/113/3619
f  2339/112/3620 2346/116/3620 2343/117/3621
f  2340/113/3619 2343/115/3618 2344/118/3622
f  2340/113/3623 2344/118/3624 2341/114/3624
f  2341/114/3624 2344/118/3624 2345/119/3625
f  2341/114/3626 2345/119/3627 2342/111/3628
f  2342/111/3628 2345/119/3627 2346/116/3629
f  2342/111/3630 2346/116/3620 2339/112/3620
f  2343/115/3618 2347/120/3631 2344/118/3622
f  2343/117/3632 2350/121/3632 2347/122/3633
f  2344/118/3622 2347/120/3631 2348/123/3634
f  2344/118/3635 2348/123/3636 2345/119/3636
f  2345/119/3636 2348/123/3636 2349/124/3637
f  2345/119/3627 2349/124/3638 2346/116/3629
f  2346/116/3629 2349/124/3638 2350/121/3639
f  2346/116/3640 2350/121/3632 2343/117/3632
f  2347/120/3641 2351/125/3642 2348/123/3642
f  2347/122/3643 2354/126/3643 2351/127/3644
f  2348/123/3642 2351/125/3642 2352/128/3645
f  2348/123/3646 2352/128/3647 2349/124/3647
f  2349/124/3647 2352/128/3647 2353/129/3648
f  2349/124/3649 2353/129/3650 2350/121/3650
f  2350/121/3650 2353/129/3650 2354/126/3651
f  2350/121/3652 2354/126/3643 2347/122/3643
f  2355/139/3653 2356/205/3654 2357/206/3655
f  2355/139/3653 2357/206/3655 2358/207/3656
f  2355/139/3653 2358/207/3656 2359/208/3657
f  2355/139/3653 2359/208/3657 2360/209/3658
f  2355/139/3653 2360/209/3658 2361/210/3659
f  2355/139/3653 2361/210/3659 2356/211/3654
f  2356/205/3660 2362/212/3661 2357/206/3662
f  2356/211/3663 2367/213/3664 2362/214/3665
f  2357/206/3662 2362/212/3661 2363/215/3666
f  2357/206/3667 2363/215/3668 2358/207/3669
f  2358/207/3669 2363/215/3668 2364/216/3670
f  2358/207/3671 2364/216/3672 2359/208/3673
f  2359/208/3673 2364/216/3672 2365/217/3674
f  2359/208/3675 2365/217/3676 2360/209/3677
f  2360/209/3677 2365/217/3676 2366/218/3678
f  2360/209/3679 2366/218/3680 2361/210/3681
f  2361/210/3681 2366/218/3680 2367/213/3682
f  2361/210/3683 2367/213/3664 2356/211/3663
f  2362/212/3661 2368/219/3684 2363/215/3666
f  2362/214/3665 2373/220/3685 2368/221/3686
f  2363/215/3666 2368/219/3684 2369/222/3687
f  2363/215/3668 2369/222/3688 2364/216/3670
f  2364/216/3670 2369/222/3688 2370/223/3689
f  2364/216/3672 2370/223/3690 2365/217/3674
f  2365/217/3674 2370/223/3690 2371/224/3691
f  2365/217/3676 2371/224/3692 2366/218/3678
f  2366/218/3678 2371/224/3692 2372/225/3693
f  2366/218/3680 2372/225/3694 2367/213/3682
f  2367/213/3682 2372/225/3694 2373/220/3695
f  2367/213/3664 2373/220/3685 2362/214/3665
f  2368/219/3696 2374/144/3697 2369/222/3698
f  2369/222/3698 2374/144/3697 2370/223/3699
f  2370/223/3699 2374/144/3697 2371/224/3700
f  2371/224/3700 2374/144/3697 2372/225/3701
f  2372/225/3701 2374/144/3697 2373/220/3702
f  2373/220/3702 2374/144/3697 2368/221/3696
f  2375/139/3703 2376/205/3704 2377/206/3705
f  2375/139/3703 2377/206/3705 2378/207/3706
f  2375/139/3703 2378/207/3706 2379/208/3707
f  2375/139/3703 2379/208/3707 2380/209/3708
f  2375/139/3703 2380/209/3708 2381/210/3709
f  2375/139/3703 2381/210/3709 2376/211/3704
f  2376/205/3710 2382/212/3711 2377/206/3712
f  2376/211/3713 2387/213/3714 2382/214/3715
f  2377/206/3712 2382/212/3711 2383/215/3716
f  2377/206/3717 2383/215/3718 2378/207/3719
f  2378/207/3719 2383/215/3718 2384/216/3720
f  2378/207/3721 2384/216/3722 2379/208/3723
f  2379/208/3723 2384/216/3722 2385/217/3724
f  2379/208/3725 2385/217/3726 2380/209/3727
f  2380/209/3727 2385/217/3726 2386/218/3728
f  2380/209/3729 2386/218/3730 2381/210/3731
f  2381/210/3731 2386/218/3730 2387/213/3732
f  2381/210/3733 2387/213/3714 2376/211/3713
f  2382/212/3711 2388/219/3734 2383/215/3716
f  2382/214/3715 2393/220/3735 2388/221/3736
f  2383/215/3716 2388/219/3734 2389/222/3737
f  2383/215/3718 2389/222/3738 2384/216/3720
f  2384/216/3720 2389/222/3738 2390/223/3739
f  2384/216/3722 2390/223/3740 2385/217/3724
f  2385/217/3724 2390/223/3740 2391/224/3741
f  2385/217/3726 2391/224/3742 2386/218/3728
f  2386/218/3728 2391/224/3742 2392/225/3743
f  2386/218/3730 2392/225/3744 2387/213/3732
f  2387/213/3732 2392/225/3744 2393/220/3745
f  2387/213/3714 2393/220/3735 2382/214/3715
f  2388/219/3746 2394/144/3747 2389/222/3748
f  2389/222/3748 2394/144/3747 2390/223/3749
f  2390/223/3749 2394/144/3747 2391/224/3750
f  2391/224/3750 2394/144/3747 2392/225/3751
f  2392/225/3751 2394/144/3747 2393/220/3752
f  2393/220/3752 2394/144/3747 2388/221/3746
f  2395/144/3753 2396/226/3754 2397/227/3755
f  2395/144/3753 2397/227/3755 2398/228/3756
f  2395/144/3753 2398/228/3756 2399/229/3757
f  2395/144/3753 2399/229/3757 2400/230/3758
f  2395/144/3753 2400/230/3758 2401/231/3759
f  2395/144/3753 2401/231/3759 2396/232/3754
f  2396/226/3760 2402/233/3761 2397/227/3762
f  2396/232/3763 2407/234/3764 2402/235/3765
f  2397/227/3762 2402/233/3761 2403/236/3766
f  2397/227/3767 2403/236/3768 2398/228/3769
f  2398/228/3769 2403/236/3768 2404/237/3770
f  2398/228/3771 2404/237/3772 2399/229/3773
f  2399/229/3773 2404/237/3772 2405/238/3774
f  2399/229/3775 2405/238/3776 2400/230/3777
f  2400/230/3777 2405/238/3776 2406/239/3778
f  2400/230/3779 2406/239/3780 2401/231/3781
f  2401/231/3781 2406/239/3780 2407/234/3782
f  2401/231/3783 2407/234/3764 2396/232/3763
f  2402/233/3761 2408/240/3784 2403/236/3766
f  2402/235/3765 2413/241/3785 2408/242/3786
f  2403/236/3766 2408/240/3784 2409/243/3787
f  2403/236/3768 2409/243/3788 2404/237/3770
f  2404/237/3770 2409/243/3788 2410/244/3789
f  2404/237/3772 2410/244/3790 2405/238/3774
f  2405/238/3774 2410/244/3790 2411/245/3791
f  2405/238/3776 2411/245/3792 2406/239/3778
f  2406/239/3778 2411/245/3792 2412/246/3793
f  2406/239/3780 2412/246/3794 2407/234/3782
f  2407/234/3782 2412/246/3794 2413/241/3795
f  2407/234/3764 2413/241/3785 2402/235/3765
f  2408/240/3796 2414/149/3797 2409/243/3798
f  2409/243/3798 2414/149/3797 2410/244/3799
f  2410/244/3799 2414/149/3797 2411/245/3800
f  2411/245/3800 2414/149/3797 2412/246/3801
f  2412/246/3801 2414/149/3797 2413/241/3802
f  2413/241/3802 2414/149/3797 2408/242/3796
f  2415/144/3803 2416/226/3804 2417/227/3805
f  2415/144/3803 2417/227/3805 2418/228/3806
f  2415/144/3803 2418/228/3806 2419/229/3807
f  2415/144/3803 2419/229/3807 2420/230/3808
f  2415/144/3803 2420/230/3808 2421/231/3809
f  2415/144/3803 2421/231/3809 2416/232/3804
f  2416/226/3810 2422/233/3811 2417/227/3812
f  2416/232/3813 2427/234/3814 2422/235/3815
f  2417/227/3812 2422/233/3811 2423/236/3816
f  2417/227/3817 2423/236/3818 2418/228/3819
f  2418/228/3819 2423/236/3818 2424/237/3820
f  2418/228/3821 2424/237/3822 2419/229/3823
f  2419/229/3823 2424/237/3822 2425/238/3824
f  2419/229/3825 2425/238/3826 2420/230/3827
f  2420/230/3827 2425/238/3826 2426/239/3828
f  2420/230/3829 2426/239/3830 2421/231/3831
f  2421/231/3831 2426/239/3830 2427/234/3832
f  2421/231/3833 2427/234/3814 2416/232/3813
f  2422/233/3811 2428/240/3834 2423/236/3816
f  2422/235/3815 2433/241/3835 2428/242/3836
f  2423/236/3816 2428/240/3834 2429/243/3837
f  2423/236/3818 2429/243/3838 2424/237/3820
f  2424/237/3820 2429/243/3838 2430/244/3839
f  2424/237/3822 2430/244/3840 2425/238/3824
f  2425/238/3824 2430/244/3840 2431/245/3841
f  2425/238/3826 2431/245/3842 2426/239/3828
f  2426/239/3828 2431/245/3842 2432/246/3843
f  2426/239/3830 2432/246/3844 2427/234/3832
f  2427/234/3832 2432/246/3844 2433/241/3845
f  2427/234/3814 2433/241/3835 2422/235/3815
f  2428/240/3846 2434/149/3847 2429/243/3848
f  2429/243/3848 2434/149/3847 2430/244/3849
f  2430/244/3849 2434/149/3847 2431/245/3850
f  2431/245/3850 2434/149/3847 2432/246/3851
f  2432/246/3851 2434/149/3847 2433/241/3852
f  2433/241/3852 2434/149/3847 2428/242/3846
f  2435/139/3853 2436/205/3854 2437/206/3855
f  2435/139/3853 2437/206/3855 2438/207/3856
f  2435/139/3853 2438/207/3856 2439/208/3857
f  2435/139/3853 2439/208/3857 2440/209/3858
f  2435/139/3853 2440/209/3858 2441/210/3859
f  2435/139/3853 2441/210/3859 2436/211/3854
f  2436/205/3860 2442/212/3861 2437/206/3862
f  2436/211/3863 2447/213/3864 2442/214/3865
f  2437/206/3862 2442/212/3861 2443/215/3866
f  2437/206/3867 2443/215/3868 2438/207/3869
f  2438/207/3869 2443/215/3868 2444/216/3870
f  2438/207/3871 2444/216/3872 2439/208/3873
f  2439/208/3873 2444/216/3872 2445/217/3874
f  2439/208/3875 2445/217/3876 2440/209/3877
f  2440/209/3877 2445/217/3876 2446/218/3878
f  2440/209/3879 2446/218/3880 2441/210/3881
f  2441/210/3881 2446/218/3880 2447/213/3882
f  2441/210/3883 2447/213/3864 2436/211/3863
f  2442/212/3861 2448/219/3884 2443/215/3866
f  2442/214/3865 2453/220/3885 2448/221/3886
f  2443/215/3866 2448/219/3884 2449/222/3887
f  2443/215/3868 2449/222/3888 2444/216/3870
f  2444/216/3870 2449/222/3888 2450/223/3889
f  2444/216/3872 2450/223/3890 2445/217/3874
f  2445/217/3874 2450/223/3890 2451/224/3891
f  2445/217/3876 2451/224/3892 2446/218/3878
f  2446/218/3878 2451/224/3892 2452/225/3893
f  2446/218/3880 2452/225/3894 2447/213/3882
f  2447/213/3882 2452/225/3894 2453/220/3895
f  2447/213/3864 2453/220/3885 2442/214/3865
f  2448/219/3896 2454/144/3897 2449/222/3898
f  2449/222/3898 2454/144/3897 2450/223/3899
f  2450/223/3899 2454/144/3897 2451/224/3900
f  2451/224/3900 2454/144/3897 2452/225/3901
f  2452/225/3901 2454/144/3897 2453/220/3902
f  2453/220/3902 2454/144/3897 2448/221/3896
f  2455/139/3903 2456/205/3904 2457/206/3905
f  2455/139/3903 2457/206/3905 2458/207/3906
f  2455/139/3903 2458/207/3906 2459/208/3907
f  2455/139/3903 2459/208/3907 2460/209/3908
f  2455/139/3903 2460/209/3908 2461/210/3909
f  2455/139/3903 2461/210/3909 2456/211/3904
f  2456/205/3910 2462/212/3911 2457/206/3912
f  2456/211/3913 2467/213/3914 2462/214/3915
f  2457/206/3912 2462/212/3911 2463/215/3916
f  2457/206/3917 2463/215/3918 2458/207/3919
f  2458/207/3919 2463/215/3918 2464/216/3920
f  2458/207/3921 2464/216/3922 2459/208/3923
f  2459/208/3923 2464/216/3922 2465/217/3924
f  2459/208/3925 2465/217/3926 2460/209/3927
f  2460/209/3927 2465/217/3926 2466/218/3928
f  2460/209/3929 2466/218/3930 2461/210/3931
f  2461/210/3931 2466/218/3930 2467/213/3932
f  2461/210/3933 2467/213/3914 2456/211/3913
f  2462/212/3911 2468/219/3934 2463/215/3916
f  2462/214/3915 2473/220/3935 2468/221/3936
f  2463/215/3916 2468/219/3934 2469/222/3937
f  2463/215/3918 2469/222/3938 2464/216/3920
f  2464/216/3920 2469/222/3938 2470/223/3939
f  2464/216/3922 2470/223/3940 2465/217/3924
f  2465/217/3924 2470/223/3940 2471/224/3941
f  2465/217/3926 2471/224/3942 2466/218/3928
f  2466/218/3928 2471/224/3942 2472/225/3943
f  2466/218/3930 2472/225/3944 2467/213/3932
f  2467/213/3932 2472/225/3944 2473/220/3945
f  2467/213/3914 2473/220/3935 2462/214/3915
f  2468/219/3946 2474/144/3947 2469/222/3948
f  2469/222/3948 2474/144/3947 2470/223/3949
f  2470/223/3949 2474/144/3947 2471/224/3950
f  2471/224/3950 2474/144/3947 2472/225/3951
f  2472/225/3951 2474/144/3947 2473/220/3952
f  2473/220/3952 2474/144/3947 2468/221/3946
f  2475/134/3953 2476/247/3954 2477/248/3955
f  2475/134/3953 2477/248/3955 2478/249/3956
f  2475/134/3953 2478/249/3956 2479/250/3957
f  2475/134/3953 2479/250/3957 2480/251/3958
f  2475/134/3953 2480/251/3958 2481/252/3959
f  2475/134/3953 2481/252/3959 2476/253/3954
f  2476/247/3960 2482/254/3961 2477/248/3962
f  2476/253/3963 2487/255/3964 2482/256/3965
f  2477/248/3962 2482/254/3961 2483/257/3966
f  2477/248/3967 2483/257/3968 2478/249/3969
f  2478/249/3969 2483/257/3968 2484/258/3970
f  2478/249/3971 2484/258/3972 2479/250/3973
f  2479/250/3973 2484/258/3972 2485/259/3974
f  2479/250/3975 2485/259/3976 2480/251/3977
f  2480/251/3977 2485/259/3976 2486/260/3978
f  2480/251/3979 2486/260/3980 2481/252/3981
f  2481/252/3981 2486/260/3980 2487/255/3982
f  2481/252/3983 2487/255/3964 2476/253/3963
f  2482/254/3961 2488/261/3984 2483/257/3966
f  2482/256/3965 2493/262/3985 2488/263/3986
f  2483/257/3966 2488/261/3984 2489/264/3987
f  2483/257/3968 2489/264/3988 2484/258/3970
f  2484/258/3970 2489/264/3988 2490/265/3989
f  2484/258/3972 2490/265/3990 2485/259/3974
f  2485/259/3974 2490/265/3990 2491/266/3991
f  2485/259/3976 2491/266/3992 2486/260/3978
f  2486/260/3978 2491/266/3992 2492/267/3993
f  2486/260/3980 2492/267/3994 2487/255/3982
f  2487/255/3982 2492/267/3994 2493/262/3995
f  2487/255/3964 2493/262/3985 2482/256/3965
f  2488/261/3996 2494/139/3997 2489/264/3998
f  2489/264/3998 2494/139/3997 2490/265/3999
f  2490/265/3999 2494/139/3997 2491/266/4000
f  2491/266/4000 2494/139/3997 2492/267/4001
f  2492/267/4001 2494/139/3997 2493/262/4002
f  2493/262/4002 2494/139/3997 2488/263/3996
f  2495/134/4003 2496/247/4004 2497/248/4005
f  2495/134/4003 2497/248/4005 2498/249/4006
f  2495/134/4003 2498/249/4006 2499/250/4007
f  2495/134/4003 2499/250/4007 2500/251/4008
f  2495/134/4003 2500/251/4008 2501/252/4009
f  2495/134/4003 2501/252/4009 2496/253/4004
f  2496/247/4010 2502/254/4011 2497/248/4012
f  2496/253/4013 2507/255/4014 2502/256/4015
f  2497/248/4012 2502/254/4011 2503/257/4016
f  2497/248/4017 2503/257/4018 2498/249/4019
f  2498/249/4019 2503/257/4018 2504/258/4020
f  2498/249/4021 2504/258/4022 2499/250/4023
f  2499/250/4023 2504/258/4022 2505/259/4024
f  2499/250/4025 2505/259/4026 2500/251/4027
f  2500/251/4027 2505/259/4026 2506/260/4028
f  2500/251/4029 2506/260/4030 2501/252/4031
f  2501/252/4031 2506/260/4030 2507/255/4032
f  2501/252/4033 2507/255/4014 2496/253/4013
f  2502/254/4011 2508/261/4034 2503/257/4016
f  2502/256/4015 2513/262/4035 2508/263/4036
f  2503/257/4016 2508/261/4034 2509/264/4037
f  2503/257/4018 2509/264/4038 2504/258/4020
f  2504/258/4020 2509/264/4038 2510/265/4039
f  2504/258/4022 2510/265/4040 2505/259/4024
f  2505/259/4024 2510/265/4040 2511/266/4041
f  2505/259/4026 2511/266/4042 2506/260/4028
f  2506/260/4028 2511/266/4042 2512/267/4043
f  2506/260/4030 2512/267/4044 2507/255/4032
f  2507/255/4032 2512/267/4044 2513/262/4045
f  2507/255/4014 2513/262/4035 2502/256/4015
f  2508/261/4046 2514/139/4047 2509/264/4048
f  2509/264/4048 2514/139/4047 2510/265/4049
f  2510/265/4049 2514/139/4047 2511/266/4050
f  2511/266/4050 2514/139/4047 2512/267/4051
f  2512/267/4051 2514/139/4047 2513/262/4052
f  2513/262/4052 2514/139/4047 2508/263/4046
f  2515/139/4053 2516/205/4054 2517/206/4055
f  2515/139/4053 2517/206/4055 2518/207/4056
f  2515/139/4053 2518/207/4056 2519/208/4057
f  2515/139/4053 2519/208/4057 2520/209/4058
f  2515/139/4053 2520/209/4058 2521/210/4059
f  2515/139/4053 2521/210/4059 2516/211/4054
f  2516/205/4060 2522/212/4061 2517/206/4062
f  2516/211/4063 2527/213/4064 2522/214/4065
f  2517/206/4062 2522/212/4061 2523/215/4066
f  2517/206/4067 2523/215/4068 2518/207/4069
f  2518/207/4069 2523/215/4068 2524/216/4070
f  2518/207/4071 2524/216/4072 2519/208/4073
f  2519/208/4073 2524/216/4072 2525/217/4074
f  2519/208/4075 2525/217/4076 2520/209/4077
f  2520/209/4077 2525/217/4076 2526/218/4078
f  2520/209/4079 2526/218/4080 2521/210/4081
f  2521/210/4081 2526/218/4080 2527/213/4082
f  2521/210/4083 2527/213/4064 2516/211/4063
f  2522/212/4061 2528/219/4084 2523/215/4066
f  2522/214/4065 2533/220/4085 2528/221/4086
f  2523/215/4066 2528/219/4084 2529/222/4087
f  2523/215/4068 2529/222/4088 2524/216/4070
f  2524/216/4070 2529/222/4088 2530/223/4089
f  2524/216/4072 2530/223/4090 2525/217/4074
f  2525/217/4074 2530/223/4090 2531/224/4091
f  2525/217/4076 2531/224/4092 2526/218/4078
f  2526/218/4078 2531/224/4092 2532/225/4093
f  2526/218/4080 2532/225/4094 2527/213/4082
f  2527/213/4082 2532/225/4094 2533/220/4095
f  2527/213/4064 2533/220/4085 2522/214/4065
f  2528/219/4096 2534/144/4097 2529/222/4098
f  2529/222/4098 2534/144/4097 2530/223/4099
f  2530/223/4099 2534/144/4097 2531/224/4100
f  2531/224/4100 2534/144/4097 2532/225/4101
f  2532/225/4101 2534/144/4097 2533/220/4102
f  2533/220/4102 2534/144/4097 2528/221/4096
f  2535/139/4103 2536/205/4104 2537/206/4105
f  2535/139/4103 2537/206/4105 2538/207/4106
f  2535/139/4103 2538/207/4106 2539/208/4107
f  2535/139/4103 2539/208/4107 2540/209/4108
f  2535/139/4103 2540/209/4108 2541/210/4109
f  2535/139/4103 2541/210/4109 2536/211/4104
f  2536/205/4110 2542/212/4111 2537/206/4112
f  2536/211/4113 2547/213/4114 2542/214/4115
f  2537/206/4112 2542/212/4111 2543/215/4116
f  2537/206/4117 2543/215/4118 2538/207/4119
f  2538/207/4119 2543/215/4118 2544/216/4120
f  2538/207/4121 2544/216/4122 2539/208/4123
f  2539/208/4123 2544/216/4122 2545/217/4124
f  2539/208/4125 2545/217/4126 2540/209/4127
f  2540/209/4127 2545/217/4126 2546/218/4128
f  2540/209/4129 2546/218/4130 2541/210/4131
f  2541/210/4131 2546/218/4130 2547/213/4132
f  2541/210/4133 2547/213/4114 2536/211/4113
f  2542/212/4111 2548/219/4134 2543/215/4116
f  2542/214/4115 2553/220/4135 2548/221/4136
f  2543/215/4116 2548/219/4134 2549/222/4137
f  2543/215/4118 2549/222/4138 2544/216/4120
f  2544/216/4120 2549/222/4138 2550/223/4139
f  2544/216/4122 2550/223/4140 2545/217/4124
f  2545/217/4124 2550/223/4140 2551/224/4141
f  2545/217/4126 2551/224/4142 2546/218/4128
f  2546/218/4128 2551/224/4142 2552/225/4143
f  2546/218/4130 2552/225/4144 2547/213/4132
f  2547/213/4132 2552/225/4144 2553/220/4145
f  2547/213/4114 2553/220/4135 2542/214/4115
f  2548/219/4146 2554/144/4147 2549/222/4148
f  2549/222/4148 2554/144/4147 2550/223/4149
f  2550/223/4149 2554/144/4147 2551/224/4150
f  2551/224/4150 2554/144/4147 2552/225/4151
f  2552/225/4151 2554/144/4147 2553/220/4152
f  2553/220/4152 2554/144/4147 2548/221/4146
f  2555/144/4153 2556/226/4154 2557/227/4155
f  2555/144/4153 2557/227/4155 2558/228/4156
f  2555/144/4153 2558/228/4156 2559/229/4157
f  2555/144/4153 2559/229/4157 2560/230/4158
f  2555/144/4153 2560/230/4158 2561/231/4159
f  2555/144/4153 2561/231/4159 2556/232/4154
f  2556/226/4160 2562/233/4161 2557/227/4162
f  2556/232/4163 2567/234/4164 2562/235/4165
f  2557/227/4162 2562/233/4161 2563/236/4166
f  2557/227/4167 2563/236/4168 2558/228/4169
f  2558/228/4169 2563/236/4168 2564/237/4170
f  2558/228/4171 2564/237/4172 2559/229/4173
f  2559/229/4173 2564/237/4172 2565/238/4174
f  2559/229/4175 2565/238/4176 2560/230/4177
f  2560/230/4177 2565/238/4176 2566/239/4178
f  2560/230/4179 2566/239/4180 2561/231/4181
f  2561/231/4181 2566/239/4180 2567/234/4182
f  2561/231/4183 2567/234/4164 2556/232/4163
f  2562/233/4161 2568/240/4184 2563/236/4166
f  2562/235/4165 2573/241/4185 2568/242/4186
f  2563/236/4166 2568/240/4184 2569/243/4187
f  2563/236/4168 2569/243/4188 2564/237/4170
f  2564/237/4170 2569/243/4188 2570/244/4189
f  2564/237/4172 2570/244/4190 2565/238/4174
f  2565/238/4174 2570/244/4190 2571/245/4191
f  2565/238/4176 2571/245/4192 2566/239/4178
f  2566/239/4178 2571/245/4192 2572/246/4193
f  2566/239/4180 2572/246/4194 2567/234/4182
f  2567/234/4182 2572/246/4194 2573/241/4195
f  2567/234/4164 2573/241/4185 2562/235/4165
f  2568/240/4196 2574/149/4197 2569/243/4198
f  2569/243/4198 2574/149/4197 2570/244/4199
f  2570/244/4199 2574/149/4197 2571/245/4200
f  2571/245/4200 2574/149/4197 2572/246/4201
f  2572/246/4201 2574/149/4197 2573/241/4202
f  2573/241/4202 2574/149/4197 2568/242/4196
f  2575/144/4203 2576/226/4204 2577/227/4205
f  2575/144/4203 2577/227/4205 2578/228/4206
f  2575/144/4203 2578/228/4206 2579/229/4207
f  2575/144/4203 2579/229/4207 2580/230/4208
f  2575/144/4203 2580/230/4208 2581/231/4209
f  2575/144/4203 2581/231/4209 2576/232/4204
f  2576/226/3810 2582/233/4210 2577/227/4211
f  2576/232/4212 2587/234/4213 2582/235/4214
f  2577/227/4211 2582/233/4210 2583/236/4215
f  2577/227/4216 2583/236/4217 2578/228/4218
f  2578/228/4218 2583/236/4217 2584/237/4219
f  2578/228/4220 2584/237/4221 2579/229/4222
f  2579/229/4222 2584/237/4221 2585/238/4223
f  2579/229/4224 2585/238/4225 2580/230/4226
f  2580/230/4226 2585/238/4225 2586/239/4227
f  2580/230/4228 2586/239/4229 2581/231/4230
f  2581/231/4230 2586/239/4229 2587/234/4231
f  2581/231/4232 2587/234/4213 2576/232/4212
f  2582/233/4210 2588/240/4233 2583/236/4215
f  2582/235/4214 2593/241/4234 2588/242/4235
f  2583/236/4215 2588/240/4233 2589/243/4236
f  2583/236/4217 2589/243/4237 2584/237/4219
f  2584/237/4219 2589/243/4237 2590/244/4238
f  2584/237/4221 2590/244/4239 2585/238/4223
f  2585/238/4223 2590/244/4239 2591/245/4240
f  2585/238/4225 2591/245/4241 2586/239/4227
f  2586/239/4227 2591/245/4241 2592/246/4242
f  2586/239/4229 2592/246/4243 2587/234/4231
f  2587/234/4231 2592/246/4243 2593/241/4244
f  2587/234/4213 2593/241/4234 2582/235/4214
f  2588/240/4245 2594/149/4246 2589/243/4247
f  2589/243/4247 2594/149/4246 2590/244/4248
f  2590/244/4248 2594/149/4246 2591/245/4249
f  2591/245/4249 2594/149/4246 2592/246/4250
f  2592/246/4250 2594/149/4246 2593/241/4251
f  2593/241/4251 2594/149/4246 2588/242/4245
f  2595/139/4252 2596/205/4253 2597/206/4254
f  2595/139/4252 2597/206/4254 2598/207/4255
f  2595/139/4252 2598/207/4255 2599/208/4256
f  2595/139/4252 2599/208/4256 2600/209/4257
f  2595/139/4252 2600/209/4257 2601/210/4258
f  2595/139/4252 2601/210/4258 2596/211/4253
f  2596/205/4259 2602/212/4260 2597/206/4261
f  2596/211/4262 2607/213/4263 2602/214/4264
f  2597/206/4261 2602/212/4260 2603/215/4265
f  2597/206/4266 2603/215/4267 2598/207/4268
f  2598/207/4268 2603/215/4267 2604/216/4269
f  2598/207/4270 2604/216/4271 2599/208/4272
f  2599/208/4272 2604/216/4271 2605/217/4273
f  2599/208/4274 2605/217/4275 2600/209/4276
f  2600/209/4276 2605/217/4275 2606/218/4277
f  2600/209/4278 2606/218/4279 2601/210/4280
f  2601/210/4280 2606/218/4279 2607/213/4281
f  2601/210/4282 2607/213/4263 2596/211/4262
f  2602/212/4260 2608/219/4283 2603/215/4265
f  2602/214/4264 2613/220/4284 2608/221/4285
f  2603/215/4265 2608/219/4283 2609/222/4286
f  2603/215/4267 2609/222/4287 2604/216/4269
f  2604/216/4269 2609/222/4287 2610/223/4288
f  2604/216/4271 2610/223/4289 2605/217/4273
f  2605/217/4273 2610/223/4289 2611/224/4290
f  2605/217/4275 2611/224/4291 2606/218/4277
f  2606/218/4277 2611/224/4291 2612/225/4292
f  2606/218/4279 2612/225/4293 2607/213/4281
f  2607/213/4281 2612/225/4293 2613/220/4294
f  2607/213/4263 2613/220/4284 2602/214/4264
f  2608/219/4295 2614/144/4296 2609/222/4297
f  2609/222/4297 2614/144/4296 2610/223/4298
f  2610/223/4298 2614/144/4296 2611/224/4299
f  2611/224/4299 2614/144/4296 2612/225/4300
f  2612/225/4300 2614/144/4296 2613/220/4301
f  2613/220/4301 2614/144/4296 2608/221/4295
f  2615/139/4302 2616/205/4303 2617/206/4304
f  2615/139/4302 2617/206/4304 2618/207/4305
f  2615/139/4302 2618/207/4305 2619/208/4306
f  2615/139/4302 2619/208/4306 2620/209/4307
f  2615/139/4302 2620/209/4307 2621/210/4308
f  2615/139/4302 2621/210/4308 2616/211/4303
f  2616/205/4309 2622/212/4310 2617/206/4311
f  2616/211/4312 2627/213/4313 2622/214/4314
f  2617/206/4311 2622/212/4310 2623/215/4315
f  2617/206/4316 2623/215/4317 2618/207/4318
f  2618/207/4318 2623/215/4317 2624/216/4319
f  2618/207/4320 2624/216/4321 2619/208/4322
f  2619/208/4322 2624/216/4321 2625/217/4323
f  2619/208/4324 2625/217/4325 2620/209/4326
f  2620/209/4326 2625/217/4325 2626/218/4327
f  2620/209/4328 2626/218/4329 2621/210/4330
f  2621/210/4330 2626/218/4329 2627/213/4331
f  2621/210/3933 2627/213/4313 2616/211/4312
f  2622/212/4310 2628/219/4332 2623/215/4315
f  2622/214/4314 2633/220/4333 2628/221/4334
f  2623/215/4315 2628/219/4332 2629/222/4335
f  2623/215/4317 2629/222/4336 2624/216/4319
f  2624/216/4319 2629/222/4336 2630/223/4337
f  2624/216/4321 2630/223/4338 2625/217/4323
f  2625/217/4323 2630/223/4338 2631/224/4339
f  2625/217/4325 2631/224/4340 2626/218/4327
f  2626/218/4327 2631/224/4340 2632/225/4341
f  2626/218/4329 2632/225/4342 2627/213/4331
f  2627/213/4331 2632/225/4342 2633/220/4343
f  2627/213/4313 2633/220/4333 2622/214/4314
f  2628/219/4344 2634/144/4345 2629/222/4346
f  2629/222/4346 2634/144/4345 2630/223/4347
f  2630/223/4347 2634/144/4345 2631/224/4348
f  2631/224/4348 2634/144/4345 2632/225/4349
f  2632/225/4349 2634/144/4345 2633/220/4350
f  2633/220/4350 2634/144/4345 2628/221/4344
f  2635/134/4351 2636/247/4352 2637/248/4353
f  2635/134/4351 2637/248/4353 2638/249/4354
f  2635/134/4351 2638/249/4354 2639/250/4355
f  2635/134/4351 2639/250/4355 2640/251/4356
f  2635/134/4351 2640/251/4356 2641/252/4357
f  2635/134/4351 2641/252/4357 2636/253/4352
f  2636/247/4358 2642/254/4359 2637/248/4360
f  2636/253/4361 2647/255/4362 2642/256/4363
f  2637/248/4360 2642/254/4359 2643/257/4364
f  2637/248/4365 2643/257/4366 2638/249/4367
f  2638/249/4367 2643/257/4366 2644/258/4368
f  2638/249/4369 2644/258/4370 2639/250/4371
f  2639/250/4371 2644/258/4370 2645/259/4372
f  2639/250/4373 2645/259/4374 2640/251/4375
f  2640/251/4375 2645/259/4374 2646/260/4376
f  2640/251/4377 2646/260/4378 2641/252/4379
f  2641/252/4379 2646/260/4378 2647/255/4380
f  2641/252/4381 2647/255/4362 2636/253/4361
f  2642/254/4359 2648/261/4382 2643/257/4364
f  2642/256/4363 2653/262/4383 2648/263/4384
f  2643/257/4364 2648/261/4382 2649/264/4385
f  2643/257/4366 2649/264/4386 2644/258/4368
f  2644/258/4368 2649/264/4386 2650/265/4387
f  2644/258/4370 2650/265/4388 2645/259/4372
f  2645/259/4372 2650/265/4388 2651/266/4389
f  2645/259/4374 2651/266/4390 2646/260/4376
f  2646/260/4376 2651/266/4390 2652/267/4391
f  2646/260/4378 2652/267/4392 2647/255/4380
f  2647/255/4380 2652/267/4392 2653/262/4393
f  2647/255/4362 2653/262/4383 2642/256/4363
f  2648/261/4394 2654/139/4395 2649/264/4396
f  2649/264/4396 2654/139/4395 2650/265/4397
f  2650/265/4397 2654/139/4395 2651/266/4398
f  2651/266/4398 2654/139/4395 2652/267/4399
f  2652/267/4399 2654/139/4395 2653/262/4400
f  2653/262/4400 2654/139/4395 2648/263/4394
f  2655/134/4401 2656/247/4402 2657/248/4403
f  2655/134/4401 2657/248/4403 2658/249/4404
f  2655/134/4401 2658/249/4404 2659/250/4007
f  2655/134/4401 2659/250/4007 2660/251/4008
f  2655/134/4401 2660/251/4008 2661/252/4405
f  2655/134/4401 2661/252/4405 2656/253/4402
f  2656/247/4406 2662/254/4407 2657/248/4408
f  2656/253/4409 2667/255/4410 2662/256/4411
f  2657/248/4408 2662/254/4407 2663/257/4412
f  2657/248/4413 2663/257/4414 2658/249/4415
f  2658/249/4415 2663/257/4414 2664/258/4416
f  2658/249/4021 2664/258/4417 2659/250/4418
f  2659/250/4418 2664/258/4417 2665/259/4419
f  2659/250/4420 2665/259/4421 2660/251/4422
f  2660/251/4422 2665/259/4421 2666/260/4423
f  2660/251/4424 2666/260/4425 2661/252/4424
f  2661/252/4424 2666/260/4425 2667/255/4426
f  2661/252/4427 2667/255/4410 2656/253/4409
f  2662/254/4407 2668/261/4428 2663/257/4412
f  2662/256/4411 2673/262/4429 2668/263/4430
f  2663/257/4412 2668/261/4428 2669/264/4431
f  2663/257/4414 2669/264/4432 2664/258/4416
f  2664/258/4416 2669/264/4432 2670/265/4433
f  2664/258/4417 2670/265/4434 2665/259/4419
f  2665/259/4419 2670/265/4434 2671/266/4435
f  2665/259/4421 2671/266/4042 2666/260/4423
f  2666/260/4423 2671/266/4042 2672/267/4043
f  2666/260/4425 2672/267/4436 2667/255/4426
f  2667/255/4426 2672/267/4436 2673/262/4437
f  2667/255/4410 2673/262/4429 2662/256/4411
f  2668/261/4438 2674/139/4439 2669/264/4440
f  2669/264/4440 2674/139/4439 2670/265/4441
f  2670/265/4441 2674/139/4439 2671/266/4442
f  2671/266/4442 2674/139/4439 2672/267/4443
f  2672/267/4443 2674/139/4439 2673/262/4444
f  2673/262/4444 2674/139/4439 2668/263/4438
usemtl Leaf
f  2675/8/4445 2678/96/4446 2676/10/4447
f  2676/10/4447 2678/96/4446 2679/97/4448
f  2676/10/4447 2679/97/4448 2677/4/4449
f  2677/4/4449 2679/97/4448 2680/98/4450
f  2678/96/4446 2681/9/4451 2679/97/4448
f  2679/97/4448 2681/9/4451 2682/5/4452
f  2679/97/4448 2682/5/4452 2680/98/4450
f  2680/98/4450 2682/5/4452 2683/6/4453
f  2681/9/4451 2684/99/4454 2682/5/4452
f  2682/5/4452 2684/99/4454 2685/100/4455
f  2682/5/4452 2685/100/4455 2683/6/4453
f  2683/6/4453 2685/100/4455 2686/101/4456
f  2684/99/4454 2687/15/4457 2685/100/4455
f  2685/100/4455 2687/15/4457 2688/12/4458
f  2685/100/4455 2688/12/4458 2686/101/4456
f  2686/101/4456 2688/12/4458 2689/13/4459
f  2687/15/4457 2690/102/4460 2688/12/4458
f  2688/12/4458 2690/102/4460 2691/103/4461
f  2688/12/4458 2691/103/4461 2689/13/4462
f  2689/13/4462 2691/103/4461 2692/104/4463
f  2690/102/4460 2693/17/4464 2691/103/4464
f  2691/103/4464 2693/17/4464 2692/104/4465
f  2694/8/4466 2697/96/4467 2695/10/4468
f  2695/10/4468 2697/96/4467 2698/97/4469
f  2695/10/4468 2698/97/4469 2696/4/4470
f  2696/4/4470 2698/97/4469 2699/98/4471
f  2697/96/4467 2700/9/4472 2698/97/4469
f  2698/97/4469 2700/9/4472 2701/5/4473
f  2698/97/4469 2701/5/4473 2699/98/4471
f  2699/98/4471 2701/5/4473 2702/6/4474
f  2700/9/4472 2703/99/4475 2701/5/4473
f  2701/5/4473 2703/99/4475 2704/100/4476
f  2701/5/4473 2704/100/4476 2702/6/4474
f  2702/6/4474 2704/100/4476 2705/101/4477
f  2703/99/4475 2706/15/4478 2704/100/4476
f  2704/100/4476 2706/15/4478 2707/12/4479
f  2704/100/4476 2707/12/4479 2705/101/4477
f  2705/101/4477 2707/12/4479 2708/13/4480
f  2706/15/4478 2709/102/4481 2707/12/4479
f  2707/12/4479 2709/102/4482 2710/103/4483
f  2707/12/4479 2710/103/4483 2708/13/4480
f  2708/13/4480 2710/103/4483 2711/104/4484
f  2709/102/4482 2712/17/4485 2710/103/4483
f  2710/103/4483 2712/17/4485 2711/104/4484
f  2713/8/4486 2716/96/4487 2714/10/4488
f  2714/10/4488 2716/96/4487 2717/97/4489
f  2714/10/4488 2717/97/4489 2715/4/4490
f  2715/4/4490 2717/97/4489 2718/98/4491
f  2716/96/4487 2719/9/4492 2717/97/4489
f  2717/97/4489 2719/9/4492 2720/5/4493
f  2717/97/4489 2720/5/4493 2718/98/4491
f  2718/98/4491 2720/5/4493 2721/6/4494
f  2719/9/4492 2722/99/4495 2720/5/4493
f  2720/5/4493 2722/99/4495 2723/100/4496
f  2720/5/4493 2723/100/4496 2721/6/4494
f  2721/6/4494 2723/100/4496 2724/101/4497
f  2722/99/4495 2725/15/4498 2723/100/4496
f  2723/100/4496 2725/15/4498 2726/12/4499
f  2723/100/4496 2726/12/4499 2724/101/4497
f  2724/101/4497 2726/12/4499 2727/13/4500
f  2725/15/4498 2728/102/4501 2726/12/4499
f  2726/12/4499 2728/102/4501 2729/103/4502
f  2726/12/4499 2729/103/4502 2727/13/4500
f  2727/13/4500 2729/103/4502 2730/104/4503
f  2728/102/4501 2731/17/4504 2729/103/4502
f  2729/103/4502 2731/17/4504 2730/104/4503
f  2732/8/4505 2735/96/4506 2733/10/4507
f  2733/10/4507 2735/96/4506 2736/97/4508
f  2733/10/4507 2736/97/4508 2734/4/4509
f  2734/4/4509 2736/97/4508 2737/98/4510
f  2735/96/4506 2738/9/4511 2736/97/4508
f  2736/97/4508 2738/9/4511 2739/5/4512
f  2736/97/4508 2739/5/4512 2737/98/4510
f  2737/98/4510 2739/5/4512 2740/6/4513
f  2738/9/4511 2741/99/4514 2739/5/4512
f  2739/5/4512 2741/99/4514 2742/100/4515
f  2739/5/4512 2742/100/4515 2740/6/4513
f  2740/6/4513 2742/100/4515 2743/101/4516
f  2741/99/4514 2744/15/4517 2742/100/4515
f  2742/100/4515 2744/15/4517 2745/12/4518
f  2742/100/4515 2745/12/4518 2743/101/4516
f  2743/101/4516 2745/12/4518 2746/13/4519
f  2744/15/4517 2747/102/4520 2745/12/4518
f  2745/12/4518 2747/102/4520 2748/103/4521
f  2745/12/4518 2748/103/4521 2746/13/4519
f  2746/13/4519 2748/103/4521 2749/104/4522
f  2747/102/4520 2750/17/4523 2748/103/4521
f  2748/103/4521 2750/17/4523 2749/104/4522
f  2751/8/4524 2754/96/4525 2752/10/4526
f  2752/10/4526 2754/96/4525 2755/97/4527
f  2752/10/4526 2755/97/4527 2753/4/4528
f  2753/4/4528 2755/97/4527 2756/98/4529
f  2754/96/4525 2757/9/4530 2755/97/4527
f  2755/97/4527 2757/9/4530 2758/5/4531
f  2755/97/4527 2758/5/4531 2756/98/4529
f  2756/98/4529 2758/5/4531 2759/6/4532
f  2757/9/4530 2760/99/4533 2758/5/4531
f  2758/5/4531 2760/99/4533 2761/100/4534
f  2758/5/4531 2761/100/4534 2759/6/4532
f  2759/6/4532 2761/100/4534 2762/101/4535
f  2760/99/4533 2763/15/4536 2761/100/4534
f  2761/100/4534 2763/15/4536 2764/12/4537
f  2761/100/4534 2764/12/4537 2762/101/4535
f  2762/101/4535 2764/12/4537 2765/13/4538
f  2763/15/4536 2766/102/4539 2764/12/4537
f  2764/12/4537 2766/102/4539 2767/103/4540
f  2764/12/4537 2767/103/4540 2765/13/4541
f  2765/13/4541 2767/103/4540 2768/104/4542
f  2766/102/4539 2769/17/4543 2767/103/4540
f  2767/103/4540 2769/17/4543 2768/104/4544
f  2770/8/4545 2773/96/4546 2771/10/4547
f  2771/10/4547 2773/96/4546 2774/97/4548
f  2771/10/4547 2774/97/4548 2772/4/4549
f  2772/4/4549 2774/97/4548 2775/98/4550
f  2773/96/4546 2776/9/4551 2774/97/4548
f  2774/97/4548 2776/9/4551 2777/5/4552
f  2774/97/4548 2777/5/4552 2775/98/4550
f  2775/98/4550 2777/5/4552 2778/6/4553
f  2776/9/4551 2779/99/4554 2777/5/4552
f  2777/5/4552 2779/99/4554 2780/100/4555
f  2777/5/4552 2780/100/4555 2778/6/4553
f  2778/6/4553 2780/100/4555 2781/101/4556
f  2779/99/4554 2782/15/4557 2780/100/4555
f  2780/100/4555 2782/15/4557 2783/12/4558
f  2780/100/4555 2783/12/4558 2781/101/4556
f  2781/101/4556 2783/12/4558 2784/13/4559
f  2782/15/4557 2785/102/4560 2783/12/4558
f  2783/12/4558 2785/102/4561 2786/103/4562
f  2783/12/4558 2786/103/4562 2784/13/4559
f  2784/13/4559 2786/103/4562 2787/104/4563
f  2785/102/4561 2788/17/4564 2786/103/4562
f  2786/103/4562 2788/17/4564 2787/104/4563
f  2789/8/4565 2792/96/4566 2790/10/4567
f  2790/10/4567 2792/96/4566 2793/97/4568
f  2790/10/4567 2793/97/4568 2791/4/4569
f  2791/4/4569 2793/97/4568 2794/98/4570
f  2792/96/4566 2795/9/4571 2793/97/4568
f  2793/97/4568 2795/9/4571 2796/5/4572
f  2793/97/4568 2796/5/4572 2794/98/4570
f  2794/98/4570 2796/5/4572 2797/6/4573
f  2795/9/4571 2798/99/4574 2796/5/4572
f  2796/5/4572 2798/99/4574 2799/100/4575
f  2796/5/4572 2799/100/4575 2797/6/4573
f  2797/6/4573 2799/100/4575 2800/101/4576
f  2798/99/4574 2801/15/4577 2799/100/4575
f  2799/100/4575 2801/15/4577 2802/12/4578
f  2799/100/4575 2802/12/4578 2800/101/4576
f  2800/101/4576 2802/12/4578 2803/13/4579
f  2801/15/4577 2804/102/4580 2802/12/4578
f  2802/12/4578 2804/102/4580 2805/103/4581
f  2802/12/4578 2805/103/4581 2803/13/4579
f  2803/13/4579 2805/103/4581 2806/104/4582
f  2804/102/4580 2807/17/4583 2805/103/4581
f  2805/103/4581 2807/17/4583 2806/104/4582
f  2808/8/4584 2811/96/4585 2809/10/4586
f  2809/10/4586 2811/96/4585 2812/97/4587
f  2809/10/4586 2812/97/4587 2810/4/4588
f  2810/4/4588 2812/97/4587 2813/98/4589
f  2811/96/4585 2814/9/4590 2812/97/4587
f  2812/97/4587 2814/9/4590 2815/5/4591
f  2812/97/4587 2815/5/4591 2813/98/4589
f  2813/98/4589 2815/5/4591 2816/6/4592
f  2814/9/4590 2817/99/4593 2815/5/4591
f  2815/5/4591 2817/99/4593 2818/100/4594
f  2815/5/4591 2818/100/4594 2816/6/4592
f  2816/6/4592 2818/100/4594 2819/101/4595
f  2817/99/4593 2820/15/4596 2818/100/4594
f  2818/100/4594 2820/15/4596 2821/12/4597
f  2818/100/4594 2821/12/4597 2819/101/4595
f  2819/101/4595 2821/12/4597 2822/13/4598
f  2820/15/4596 2823/102/4599 2821/12/4597
f  2821/12/4597 2823/102/4599 2824/103/4600
f  2821/12/4597 2824/103/4600 2822/13/4598
f  2822/13/4598 2824/103/4600 2825/104/4601
f  2823/102/4599 2826/17/4602 2824/103/4600
f  2824/103/4600 2826/17/4602 2825/104/4601
f  2827/8/4603 2830/96/4604 2828/10/4605
f  2828/10/4605 2830/96/4604 2831/97/4606
f  2828/10/4605 2831/97/4606 2829/4/4607
f  2829/4/4607 2831/97/4606 2832/98/4608
f  2830/96/4604 2833/9/4609 2831/97/4606
f  2831/97/4606 2833/9/4609 2834/5/4610
f  2831/97/4606 2834/5/4610 2832/98/4608
f  2832/98/4608 2834/5/4610 2835/6/4611
f  2833/9/4609 2836/99/4612 2834/5/4610
f  2834/5/4610 2836/99/4612 2837/100/4613
f  2834/5/4610 2837/100/4613 2835/6/4611
f  2835/6/4611 2837/100/4613 2838/101/4614
f  2836/99/4612 2839/15/4615 2837/100/4613
f  2837/100/4613 2839/15/4615 2840/12/4616
f  2837/100/4613 2840/12/4616 2838/101/4614
f  2838/101/4614 2840/12/4616 2841/13/4617
f  2839/15/4615 2842/102/4618 2840/12/4616
f  2840/12/4616 2842/102/4618 2843/103/4619
f  2840/12/4616 2843/103/4619 2841/13/4620
f  2841/13/4620 2843/103/4619 2844/104/4621
f  2842/102/4618 2845/17/4622 2843/103/4619
f  2843/103/4619 2845/17/4622 2844/104/4623
f  2846/8/4624 2849/96/4625 2847/10/4626
f  2847/10/4626 2849/96/4625 2850/97/4627
f  2847/10/4626 2850/97/4627 2848/4/4628
f  2848/4/4628 2850/97/4627 2851/98/4629
f  2849/96/4625 2852/9/4630 2850/97/4627
f  2850/97/4627 2852/9/4630 2853/5/4631
f  2850/97/4627 2853/5/4631 2851/98/4629
f  2851/98/4629 2853/5/4631 2854/6/4632
f  2852/9/4630 2855/99/4633 2853/5/4631
f  2853/5/4631 2855/99/4633 2856/100/4634
f  2853/5/4631 2856/100/4634 2854/6/4632
f  2854/6/4632 2856/100/4634 2857/101/4635
f  2855/99/4633 2858/15/4636 2856/100/4634
f  2856/100/4634 2858/15/4636 2859/12/4637
f  2856/100/4634 2859/12/4637 2857/101/4635
f  2857/101/4635 2859/12/4637 2860/13/4638
f  2858/15/4636 2861/102/4639 2859/12/4637
f  2859/12/4637 2861/102/4640 2862/103/4641
f  2859/12/4637 2862/103/4641 2860/13/4638
f  2860/13/4638 2862/103/4641 2863/104/4642
f  2861/102/4640 2864/17/4643 2862/103/4641
f  2862/103/4641 2864/17/4643 2863/104/4642
f  2865/8/4644 2868/96/4645 2866/10/4646
f  2866/10/4646 2868/96/4645 2869/97/4647
f  2866/10/4646 2869/97/4647 2867/4/4648
f  2867/4/4648 2869/97/4647 2870/98/4649
f  2868/96/4645 2871/9/4650 2869/97/4647
f  2869/97/4647 2871/9/4650 2872/5/4651
f  2869/97/4647 2872/5/4651 2870/98/4649
f  2870/98/4649 2872/5/4651 2873/6/4652
f  2871/9/4650 2874/99/4653 2872/5/4651
f  2872/5/4651 2874/99/4653 2875/100/4654
f  2872/5/4651 2875/100/4654 2873/6/4652
f  2873/6/4652 2875/100/4654 2876/101/4655
f  2874/99/4653 2877/15/4656 2875/100/4654
f  2875/100/4654 2877/15/4656 2878/12/4657
f  2875/100/4654 2878/12/4657 2876/101/4655
f  2876/101/4655 2878/12/4657 2879/13/4658
f  2877/15/4656 2880/102/4659 2878/12/4657
f  2878/12/4657 2880/102/4659 2881/103/4660
f  2878/12/4657 2881/103/4660 2879/13/4658
f  2879/13/4658 2881/103/4660 2882/104/4661
f  2880/102/4659 2883/17/4662 2881/103/4660
f  2881/103/4660 2883/17/4662 2882/104/4661
f  2884/8/4663 2887/96/4664 2885/10/4665
f  2885/10/4665 2887/96/4664 2888/97/4666
f  2885/10/4665 2888/97/4666 2886/4/4667
f  2886/4/4667 2888/97/4666 2889/98/4668
f  2887/96/4664 2890/9/4669 2888/97/4666
f  2888/97/4666 2890/9/4669 2891/5/4670
f  2888/97/4666 2891/5/4670 2889/98/4668
f  2889/98/4668 2891/5/4670 2892/6/4671
f  2890/9/4669 2893/99/4672 2891/5/4670
f  2891/5/4670 2893/99/4672 2894/100/4673
f  2891/5/4670 2894/100/4673 2892/6/4671
f  2892/6/4671 2894/100/4673 2895/101/4674
f  2893/99/4672 2896/15/4675 2894/100/4673
f  2894/100/4673 2896/15/4676 2897/12/4677
f  2894/100/4673 2897/12/4677 2895/101/4674
f  2895/101/4674 2897/12/4677 2898/13/4678
f  2896/15/4676 2899/102/4679 2897/12/4677
f  2897/12/4677 2899/102/4679 2900/103/4680
f  2897/12/4677 2900/103/4680 2898/13/4678
f  2898/13/4678 2900/103/4680 2901/104/4681
f  2899/102/4679 2902/17/4682 2900/103/4680
f  2900/103/4680 2902/17/4682 2901/104/4681
f  2903/8/4683 2906/96/4684 2904/10/4685
f  2904/10/4685 2906/96/4684 2907/97/4686
f  2904/10/4685 2907/97/4686 2905/4/4687
f  2905/4/4687 2907/97/4686 2908/98/4688
f  2906/96/4684 2909/9/4689 2907/97/4686
f  2907/97/4686 2909/9/4689 2910/5/4690
f  2907/97/4686 2910/5/4690 2908/98/4688
f  2908/98/4688 2910/5/4690 2911/6/4691
f  2909/9/4689 2912/99/4692 2910/5/4690
f  2910/5/4690 2912/99/4692 2913/100/4693
f  2910/5/4690 2913/100/4693 2911/6/4691
f  2911/6/4691 2913/100/4693 2914/101/4694
f  2912/99/4695 2915/15/4696 2913/100/4693
f  2913/100/4693 2915/15/4696 2916/12/4697
f  2913/100/4693 2916/12/4697 2914/101/4694
f  2914/101/4694 2916/12/4697 2917/13/4698
f  2915/15/4696 2918/102/4699 2916/12/4697
f  2916/12/4697 2918/102/4699 2919/103/4700
f  2916/12/4697 2919/103/4700 2917/13/4701
f  2917/13/4701 2919/103/4700 2920/104/4702
f  2918/102/4699 2921/17/4703 2919/103/4703
f  2919/103/4703 2921/17/4703 2920/104/4704
f  2922/8/4705 2925/96/4706 2923/10/4707
f  2923/10/4707 2925/96/4706 2926/97/4708
f  2923/10/4707 2926/97/4708 2924/4/4709
f  2924/4/4709 2926/97/4708 2927/98/4710
f  2925/96/4706 2928/9/4711 2926/97/4708
f  2926/97/4708 2928/9/4711 2929/5/4712
f  2926/97/4708 2929/5/4712 2927/98/4710
f  2927/98/4710 2929/5/4712 2930/6/4713
f  2928/9/4711 2931/99/4714 2929/5/4712
f  2929/5/4712 2931/99/4714 2932/100/4715
f  2929/5/4712 2932/100/4715 2930/6/4713
f  2930/6/4713 2932/100/4715 2933/101/4716
f  2931/99/4714 2934/15/4717 2932/100/4715
f  2932/100/4715 2934/15/4717 2935/12/4718
f  2932/100/4715 2935/12/4718 2933/101/4716
f  2933/101/4716 2935/12/4718 2936/13/4719
f  2934/15/4717 2937/102/4720 2935/12/4718
f  2935/12/4718 2937/102/4721 2938/103/4722
f  2935/12/4718 2938/103/4722 2936/13/4719
f  2936/13/4719 2938/103/4722 2939/104/4723
f  2937/102/4721 2940/17/4724 2938/103/4722
f  2938/103/4722 2940/17/4724 2939/104/4723
f  2941/8/4725 2944/96/4726 2942/10/4727
f  2942/10/4727 2944/96/4726 2945/97/4728
f  2942/10/4727 2945/97/4728 2943/4/4729
f  2943/4/4729 2945/97/4728 2946/98/4730
f  2944/96/4726 2947/9/4731 2945/97/4728
f  2945/97/4728 2947/9/4731 2948/5/4732
f  2945/97/4728 2948/5/4732 2946/98/4730
f  2946/98/4730 2948/5/4732 2949/6/4733
f  2947/9/4731 2950/99/4734 2948/5/4732
f  2948/5/4732 2950/99/4734 2951/100/4735
f  2948/5/4732 2951/100/4735 2949/6/4733
f  2949/6/4733 2951/100/4735 2952/101/4736
f  2950/99/4734 2953/15/4737 2951/100/4735
f  2951/100/4735 2953/15/4737 2954/12/4738
f  2951/100/4735 2954/12/4738 2952/101/4736
f  2952/101/4736 2954/12/4738 2955/13/4739
f  2953/15/4737 2956/102/4740 2954/12/4738
f  2954/12/4738 2956/102/4740 2957/103/4741
f  2954/12/4738 2957/103/4741 2955/13/4739
f  2955/13/4739 2957/103/4741 2958/104/4742
f  2956/102/4740 2959/17/4743 2957/103/4741
f  2957/103/4741 2959/17/4743 2958/104/4742
f  2960/8/4744 2963/96/4745 2961/10/4746
f  2961/10/4746 2963/96/4745 2964/97/4747
f  2961/10/4746 2964/97/4747 2962/4/4748
f  2962/4/4748 2964/97/4747 2965/98/4749
f  2963/96/4745 2966/9/4750 2964/97/4747
f  2964/97/4747 2966/9/4750 2967/5/4751
f  2964/97/4747 2967/5/4751 2965/98/4749
f  2965/98/4749 2967/5/4751 2968/6/4752
f  2966/9/4750 2969/99/4753 2967/5/4751
f  2967/5/4751 2969/99/4753 2970/100/4754
f  2967/5/4751 2970/100/4754 2968/6/4752
f  2968/6/4752 2970/100/4754 2971/101/4755
f  2969/99/4753 2972/15/4756 2970/100/4754
f  2970/100/4754 2972/15/4756 2973/12/4757
f  2970/100/4754 2973/12/4757 2971/101/4755
f  2971/101/4755 2973/12/4757 2974/13/4758
f  2972/15/4756 2975/102/4759 2973/12/4757
f  2973/12/4757 2975/102/4759 2976/103/4760
f  2973/12/4757 2976/103/4760 2974/13/4758
f  2974/13/4758 2976/103/4760 2977/104/4761
f  2975/102/4759 2978/17/4762 2976/103/4760
f  2976/103/4760 2978/17/4762 2977/104/4761
f  2979/8/4763 2982/96/4764 2980/10/4765
f  2980/10/4765 2982/96/4764 2983/97/4766
f  2980/10/4765 2983/97/4766 2981/4/4767
f  2981/4/4767 2983/97/4766 2984/98/4768
f  2982/96/4764 2985/9/4769 2983/97/4766
f  2983/97/4766 2985/9/4769 2986/5/4770
f  2983/97/4766 2986/5/4770 2984/98/4768
f  2984/98/4768 2986/5/4770 2987/6/4771
f  2985/9/4769 2988/99/4772 2986/5/4770
f  2986/5/4770 2988/99/4772 2989/100/4773
f  2986/5/4770 2989/100/4773 2987/6/4771
f  2987/6/4771 2989/100/4773 2990/101/4774
f  2988/99/4772 2991/15/4775 2989/100/4773
f  2989/100/4773 2991/15/4775 2992/12/4776
f  2989/100/4773 2992/12/4776 2990/101/4774
f  2990/101/4774 2992/12/4776 2993/13/4777
f  2991/15/4775 2994/102/4778 2992/12/4776
f  2992/12/4776 2994/102/4778 2995/103/4779
f  2992/12/4776 2995/103/4779 2993/13/4780
f  2993/13/4780 2995/103/4779 2996/104/4781
f  2994/102/4778 2997/17/4782 2995/103/4782
f  2995/103/4782 2997/17/4782 2996/104/4783
f  2998/8/4784 3001/96/4785 2999/10/4786
f  2999/10/4786 3001/96/4785 3002/97/4787
f  2999/10/4786 3002/97/4787 3000/4/4788
f  3000/4/4788 3002/97/4787 3003/98/4789
f  3001/96/4785 3004/9/4790 3002/97/4787
f  3002/97/4787 3004/9/4790 3005/5/4791
f  3002/97/4787 3005/5/4791 3003/98/4789
f  3003/98/4789 3005/5/4791 3006/6/4792
f  3004/9/4790 3007/99/4793 3005/5/4791
f  3005/5/4791 3007/99/4793 3008/100/4794
f  3005/5/4791 3008/100/4794 3006/6/4792
f  3006/6/4792 3008/100/4794 3009/101/4795
f  3007/99/4793 3010/15/4796 3008/100/4794
f  3008/100/4794 3010/15/4796 3011/12/4797
f  3008/100/4794 3011/12/4797 3009/101/4795
f  3009/101/4795 3011/12/4797 3012/13/4798
f  3010/15/4796 3013/102/4799 3011/12/4797
f  3011/12/4797 3013/102/4800 3014/103/4801
f  3011/12/4797 3014/103/4801 3012/13/4798
f  3012/13/4798 3014/103/4801 3015/104/4802
f  3013/102/4800 3016/17/4803 3014/103/4801
f  3014/103/4801 3016/17/4803 3015/104/4802
f  3017/8/4804 3020/96/4805 3018/10/4806
f  3018/10/4806 3020/96/4805 3021/97/4807
f  3018/10/4806 3021/97/4807 3019/4/4808
f  3019/4/4808 3021/97/4807 3022/98/4809
f  3020/96/4805 3023/9/4810 3021/97/4807
f  3021/97/4807 3023/9/4810 3024/5/4811
f  3021/97/4807 3024/5/4811 3022/98/4809
f  3022/98/4809 3024/5/4811 3025/6/4812
f  3023/9/4810 3026/99/4813 3024/5/4811
f  3024/5/4811 3026/99/4813 3027/100/4814
f  3024/5/4811 3027/100/4814 3025/6/4812
f  3025/6/4812 3027/100/4814 3028/101/4815
f  3026/99/4813 3029/15/4816 3027/100/4814
f  3027/100/4814 3029/15/4816 3030/12/4817
f  3027/100/4814 3030/12/4817 3028/101/4815
f  3028/101/4815 3030/12/4817 3031/13/4818
f  3029/15/4816 3032/102/4819 3030/12/4817
f  3030/12/4817 3032/102/4819 3033/103/4820
f  3030/12/4817 3033/103/4820 3031/13/4818
f  3031/13/4818 3033/103/4820 3034/104/4821
f  3032/102/4819 3035/17/4822 3033/103/4820
f  3033/103/4820 3035/17/4822 3034/104/4821
f  3036/8/4823 3039/96/4824 3037/10/4825
f  3037/10/4825 3039/96/4824 3040/97/4826
f  3037/10/4825 3040/97/4826 3038/4/4827
f  3038/4/4827 3040/97/4826 3041/98/4828
f  3039/96/4824 3042/9/4829 3040/97/4826
f  3040/97/4826 3042/9/4829 3043/5/4830
f  3040/97/4826 3043/5/4830 3041/98/4828
f  3041/98/4828 3043/5/4830 3044/6/4831
f  3042/9/4829 3045/99/4832 3043/5/4830
f  3043/5/4830 3045/99/4832 3046/100/4833
f  3043/5/4830 3046/100/4833 3044/6/4831
f  3044/6/4831 3046/100/4833 3047/101/4834
f  3045/99/4832 3048/15/4835 3046/100/4833
f  3046/100/4833 3048/15/4835 3049/12/4836
f  3046/100/4833 3049/12/4836 3047/101/4834
f  3047/101/4834 3049/12/4836 3050/13/4837
f  3048/15/4835 3051/102/4838 3049/12/4836
f  3049/12/4836 3051/102/4838 3052/103/4839
f  3049/12/4836 3052/103/4839 3050/13/4837
f  3050/13/4837 3052/103/4839 3053/104/4840
f  3051/102/4838 3054/17/4841 3052/103/4839
f  3052/103/4839 3054/17/4841 3053/104/4840
f  3055/8/4842 3058/96/4843 3056/10/4844
f  3056/10/4844 3058/96/4843 3059/97/4845
f  3056/10/4844 3059/97/4845 3057/4/4846
f  3057/4/4846 3059/97/4845 3060/98/4847
f  3058/96/4843 3061/9/4848 3059/97/4845
f  3059/97/4845 3061/9/4848 3062/5/4849
f  3059/97/4845 3062/5/4849 3060/98/4847
f  3060/98/4847 3062/5/4849 3063/6/4850
f  3061/9/4848 3064/99/4851 3062/5/4849
f  3062/5/4849 3064/99/4851 3065/100/4852
f  3062/5/4849 3065/100/4852 3063/6/4850
f  3063/6/4850 3065/100/4852 3066/101/4853
f  3064/99/4851 3067/15/4854 3065/100/4852
f  3065/100/4852 3067/15/4854 3068/12/4855
f  3065/100/4852 3068/12/4855 3066/101/4853
f  3066/101/4853 3068/12/4855 3069/13/4856
f  3067/15/4854 3070/102/4857 3068/12/4855
f  3068/12/4855 3070/102/4857 3071/103/4858
f  3068/12/4855 3071/103/4858 3069/13/4859
f  3069/13/4859 3071/103/4858 3072/104/4860
f  3070/102/4857 3073/17/4861 3071/103/4858
f  3071/103/4858 3073/17/4861 3072/104/4862
f  3074/8/4863 3077/96/4864 3075/10/4865
f  3075/10/4865 3077/96/4864 3078/97/4866
f  3075/10/4865 3078/97/4866 3076/4/4867
f  3076/4/4867 3078/97/4866 3079/98/4868
f  3077/96/4864 3080/9/4869 3078/97/4866
f  3078/97/4866 3080/9/4869 3081/5/4870
f  3078/97/4866 3081/5/4870 3079/98/4868
f  3079/98/4868 3081/5/4870 3082/6/4871
f  3080/9/4869 3083/99/4872 3081/5/4870
f  3081/5/4870 3083/99/4872 3084/100/4873
f  3081/5/4870 3084/100/4873 3082/6/4871
f  3082/6/4871 3084/100/4873 3085/101/4874
f  3083/99/4872 3086/15/4875 3084/100/4873
f  3084/100/4873 3086/15/4875 3087/12/4876
f  3084/100/4873 3087/12/4876 3085/101/4874
f  3085/101/4874 3087/12/4876 3088/13/4877
f  3086/15/4875 3089/102/4878 3087/12/4876
f  3087/12/4876 3089/102/4879 3090/103/4880
f  3087/12/4876 3090/103/4880 3088/13/4877
f  3088/13/4877 3090/103/4880 3091/104/4881
f  3089/102/4879 3092/17/4882 3090/103/4880
f  3090/103/4880 3092/17/4882 3091/104/4881
f  3093/8/4883 3096/96/4884 3094/10/4885
f  3094/10/4885 3096/96/4884 3097/97/4886
f  3094/10/4885 3097/97/4886 3095/4/4887
f  3095/4/4887 3097/97/4886 3098/98/4888
f  3096/96/4884 3099/9/4889 3097/97/4886
f  3097/97/4886 3099/9/4889 3100/5/4890
f  3097/97/4886 3100/5/4890 3098/98/4888
f  3098/98/4888 3100/5/4890 3101/6/4891
f  3099/9/4889 3102/99/4892 3100/5/4890
f  3100/5/4890 3102/99/4892 3103/100/4893
f  3100/5/4890 3103/100/4893 3101/6/4891
f  3101/6/4891 3103/100/4893 3104/101/4894
f  3102/99/4892 3105/15/4895 3103/100/4893
f  3103/100/4893 3105/15/4895 3106/12/4896
f  3103/100/4893 3106/12/4896 3104/101/4894
f  3104/101/4894 3106/12/4896 3107/13/4897
f  3105/15/4895 3108/102/4898 3106/12/4896
f  3106/12/4896 3108/102/4898 3109/103/4899
f  3106/12/4896 3109/103/4899 3107/13/4897
f  3107/13/4897 3109/103/4899 3110/104/4900
f  3108/102/4898 3111/17/4901 3109/103/4899
f  3109/103/4899 3111/17/4901 3110/104/4900
f  3112/8/4902 3115/96/4903 3113/10/4904
f  3113/10/4904 3115/96/4903 3116/97/4905
f  3113/10/4904 3116/97/4905 3114/4/4906
f  3114/4/4906 3116/97/4905 3117/98/4907
f  3115/96/4903 3118/9/4908 3116/97/4905
f  3116/97/4905 3118/9/4908 3119/5/4909
f  3116/97/4905 3119/5/4909 3117/98/4907
f  3117/98/4907 3119/5/4909 3120/6/4910
f  3118/9/4908 3121/99/4911 3119/5/4909
f  3119/5/4909 3121/99/4911 3122/100/4912
f  3119/5/4909 3122/100/4912 3120/6/4910
f  3120/6/4910 3122/100/4912 3123/101/4913
f  3121/99/4911 3124/15/4914 3122/100/4912
f  3122/100/4912 3124/15/4915 3125/12/4916
f  3122/100/4912 3125/12/4916 3123/101/4913
f  3123/101/4913 3125/12/4916 3126/13/4917
f  3124/15/4915 3127/102/4918 3125/12/4916
f  3125/12/4916 3127/102/4918 3128/103/4919
f  3125/12/4916 3128/103/4919 3126/13/4917
f  3126/13/4917 3128/103/4919 3129/104/4920
f  3127/102/4918 3130/17/4921 3128/103/4919
f  3128/103/4919 3130/17/4921 3129/104/4920
f  3131/8/4922 3134/96/4923 3132/10/4924
f  3132/10/4924 3134/96/4923 3135/97/4925
f  3132/10/4924 3135/97/4925 3133/4/4926
f  3133/4/4926 3135/97/4925 3136/98/4927
f  3134/96/4923 3137/9/4928 3135/97/4925
f  3135/97/4925 3137/9/4928 3138/5/4929
f  3135/97/4925 3138/5/4929 3136/98/4927
f  3136/98/4927 3138/5/4929 3139/6/4930
f  3137/9/4928 3140/99/4931 3138/5/4929
f  3138/5/4929 3140/99/4931 3141/100/4932
f  3138/5/4929 3141/100/4932 3139/6/4930
f  3139/6/4930 3141/100/4932 3142/101/4933
f  3140/99/4931 3143/15/4934 3141/100/4932
f  3141/100/4932 3143/15/4934 3144/12/4935
f  3141/100/4932 3144/12/4935 3142/101/4933
f  3142/101/4933 3144/12/4935 3145/13/4936
f  3143/15/4934 3146/102/4937 3144/12/4935
f  3144/12/4935 3146/102/4937 3147/103/4938
f  3144/12/4935 3147/103/4938 3145/13/4939
f  3145/13/4939 3147/103/4938 3148/104/4940
f  3146/102/4937 3149/17/4941 3147/103/4938
f  3147/103/4938 3149/17/4941 3148/104/4942
f  3150/8/4943 3153/96/4944 3151/10/4945
f  3151/10/4945 3153/96/4944 3154/97/4946
f  3151/10/4945 3154/97/4946 3152/4/4947
f  3152/4/4947 3154/97/4946 3155/98/4948
f  3153/96/4944 3156/9/4949 3154/97/4946
f  3154/97/4946 3156/9/4949 3157/5/4950
f  3154/97/4946 3157/5/4950 3155/98/4948
f  3155/98/4948 3157/5/4950 3158/6/4951
f  3156/9/4949 3159/99/4952 3157/5/4950
f  3157/5/4950 3159/99/4952 3160/100/4953
f  3157/5/4950 3160/100/4953 3158/6/4951
f  3158/6/4951 3160/100/4953 3161/101/4954
f  3159/99/4952 3162/15/4955 3160/100/4953
f  3160/100/4953 3162/15/4955 3163/12/4956
f  3160/100/4953 3163/12/4956 3161/101/4954
f  3161/101/4954 3163/12/4956 3164/13/4957
f  3162/15/4955 3165/102/4958 3163/12/4956
f  3163/12/4956 3165/102/4959 3166/103/4960
f  3163/12/4956 3166/103/4960 3164/13/4957
f  3164/13/4957 3166/103/4960 3167/104/4961
f  3165/102/4959 3168/17/4962 3166/103/4960
f  3166/103/4960 3168/17/4962 3167/104/4961
f  3169/8/4963 3172/96/4964 3170/10/4965
f  3170/10/4965 3172/96/4964 3173/97/4966
f  3170/10/4965 3173/97/4966 3171/4/4967
f  3171/4/4967 3173/97/4966 3174/98/4968
f  3172/96/4964 3175/9/4969 3173/97/4966
f  3173/97/4966 3175/9/4969 3176/5/4970
f  3173/97/4966 3176/5/4970 3174/98/4968
f  3174/98/4968 3176/5/4970 3177/6/4971
f  3175/9/4969 3178/99/4972 3176/5/4970
f  3176/5/4970 3178/99/4972 3179/100/4973
f  3176/5/4970 3179/100/4973 3177/6/4971
f  3177/6/4971 3179/100/4973 3180/101/4974
f  3178/99/4972 3181/15/4975 3179/100/4973
f  3179/100/4973 3181/15/4975 3182/12/4976
f  3179/100/4973 3182/12/4976 3180/101/4974
f  3180/101/4974 3182/12/4976 3183/13/4977
f  3181/15/4975 3184/102/4978 3182/12/4976
f  3182/12/4976 3184/102/4978 3185/103/4979
f  3182/12/4976 3185/103/4979 3183/13/4977
f  3183/13/4977 3185/103/4979 3186/104/4980
f  3184/102/4978 3187/17/4981 3185/103/4979
f  3185/103/4979 3187/17/4981 3186/104/4980
f  3188/8/4982 3191/96/4983 3189/10/4984
f  3189/10/4984 3191/96/4983 3192/97/4985
f  3189/10/4984 3192/97/4985 3190/4/4986
f  3190/4/4986 3192/97/4985 3193/98/4987
f  3191/96/4983 3194/9/4988 3192/97/4985
f  3192/97/4985 3194/9/4988 3195/5/4989
f  3192/97/4985 3195/5/4989 3193/98/4987
f  3193/98/4987 3195/5/4989 3196/6/4990
f  3194/9/4988 3197/99/4991 3195/5/4989
f  3195/5/4989 3197/99/4991 3198/100/4992
f  3195/5/4989 3198/100/4992 3196/6/4990
f  3196/6/4990 3198/100/4992 3199/101/4993
f  3197/99/4991 3200/15/4994 3198/100/4992
f  3198/100/4992 3200/15/4994 3201/12/4995
f  3198/100/4992 3201/12/4995 3199/101/4993
f  3199/101/4993 3201/12/4995 3202/13/4996
f  3200/15/4994 3203/102/4997 3201/12/4995
f  3201/12/4995 3203/102/4997 3204/103/4998
f  3201/12/4995 3204/103/4998 3202/13/4996
f  3202/13/4996 3204/103/4998 3205/104/4999
f  3203/102/4997 3206/17/5000 3204/103/4998
f  3204/103/4998 3206/17/5000 3205/104/4999
f  3207/8/5001 3210/96/5002 3208/10/5003
f  3208/10/5003 3210/96/5002 3211/97/5004
f  3208/10/5003 3211/97/5004 3209/4/5005
f  3209/4/5005 3211/97/5004 3212/98/5006
f  3210/96/5002 3213/9/5007 3211/97/5004
f  3211/97/5004 3213/9/5007 3214/5/5008
f  3211/97/5004 3214/5/5008 3212/98/5006
f  3212/98/5006 3214/5/5008 3215/6/5009
f  3213/9/5007 3216/99/5010 3214/5/5008
f  3214/5/5008 3216/99/5010 3217/100/5011
f  3214/5/5008 3217/100/5011 3215/6/5009
f  3215/6/5009 3217/100/5011 3218/101/5012
f  3216/99/5010 3219/15/5013 3217/100/5011
f  3217/100/5011 3219/15/5013 3220/12/5014
f  3217/100/5011 3220/12/5014 3218/101/5012
f  3218/101/5012 3220/12/5014 3221/13/5015
f  3219/15/5013 3222/102/5016 3220/12/5014
f  3220/12/5014 3222/102/5016 3223/103/5017
f  3220/12/5014 3223/103/5017 3221/13/5018
f  3221/13/5018 3223/103/5017 3224/104/5019
f  3222/102/5016 3225/17/5020 3223/103/5017
f  3223/103/5017 3225/17/5020 3224/104/5021
f  3226/8/5022 3229/96/5023 3227/10/5024
f  3227/10/5024 3229/96/5023 3230/97/5025
f  3227/10/5024 3230/97/5025 3228/4/5026
f  3228/4/5026 3230/97/5025 3231/98/5027
f  3229/96/5023 3232/9/5028 3230/97/5025
f  3230/97/5025 3232/9/5028 3233/5/5029
f  3230/97/5025 3233/5/5029 3231/98/5027
f  3231/98/5027 3233/5/5029 3234/6/5030
f  3232/9/5028 3235/99/5031 3233/5/5029
f  3233/5/5029 3235/99/5031 3236/100/5032
f  3233/5/5029 3236/100/5032 3234/6/5030
f  3234/6/5030 3236/100/5032 3237/101/5033
f  3235/99/5031 3238/15/5034 3236/100/5032
f  3236/100/5032 3238/15/5034 3239/12/5035
f  3236/100/5032 3239/12/5035 3237/101/5033
f  3237/101/5033 3239/12/5035 3240/13/5036
f  3238/15/5034 3241/102/5037 3239/12/5035
f  3239/12/5035 3241/102/5038 3242/103/5039
f  3239/12/5035 3242/103/5039 3240/13/5036
f  3240/13/5036 3242/103/5039 3243/104/5040
f  3241/102/5038 3244/17/5041 3242/103/5039
f  3242/103/5039 3244/17/5041 3243/104/5040
f  3245/8/5042 3248/96/5043 3246/10/5044
f  3246/10/5044 3248/96/5043 3249/97/5045
f  3246/10/5044 3249/97/5045 3247/4/5046
f  3247/4/5046 3249/97/5045 3250/98/5047
f  3248/96/5043 3251/9/5048 3249/97/5045
f  3249/97/5045 3251/9/5048 3252/5/5049
f  3249/97/5045 3252/5/5049 3250/98/5047
f  3250/98/5047 3252/5/5049 3253/6/5050
f  3251/9/5048 3254/99/5051 3252/5/5049
f  3252/5/5049 3254/99/5051 3255/100/5052
f  3252/5/5049 3255/100/5052 3253/6/5050
f  3253/6/5050 3255/100/5052 3256/101/5053
f  3254/99/5051 3257/15/5054 3255/100/5052
f  3255/100/5052 3257/15/5054 3258/12/5055
f  3255/100/5052 3258/12/5055 3256/101/5053
f  3256/101/5053 3258/12/5055 3259/13/5056
f  3257/15/5054 3260/102/5057 3258/12/5055
f  3258/12/5055 3260/102/5057 3261/103/5058
f  3258/12/5055 3261/103/5058 3259/13/5056
f  3259/13/5056 3261/103/5058 3262/104/5059
f  3260/102/5057 3263/17/5060 3261/103/5058
f  3261/103/5058 3263/17/5060 3262/104/5059
f  3264/8/5061 3267/96/5062 3265/10/5063
f  3265/10/5063 3267/96/5062 3268/97/5064
f  3265/10/5063 3268/97/5064 3266/4/5065
f  3266/4/5065 3268/97/5064 3269/98/5066
f  3267/96/5062 3270/9/5067 3268/97/5064
f  3268/97/5064 3270/9/5067 3271/5/5068
f  3268/97/5064 3271/5/5068 3269/98/5066
f  3269/98/5066 3271/5/5068 3272/6/5069
f  3270/9/5067 3273/99/5070 3271/5/5068
f  3271/5/5068 3273/99/5070 3274/100/5071
f  3271/5/5068 3274/100/5071 3272/6/5069
f  3272/6/5069 3274/100/5071 3275/101/5072
f  3273/99/5070 3276/15/5073 3274/100/5071
f  3274/100/5071 3276/15/5073 3277/12/5074
f  3274/100/5071 3277/12/5074 3275/101/5072
f  3275/101/5072 3277/12/5074 3278/13/5075
f  3276/15/5073 3279/102/5076 3277/12/5074
f  3277/12/5074 3279/102/5076 3280/103/5077
f  3277/12/5074 3280/103/5077 3278/13/5075
f  3278/13/5075 3280/103/5077 3281/104/5078
f  3279/102/5076 3282/17/5079 3280/103/5077
f  3280/103/5077 3282/17/5079 3281/104/5078
f  3283/8/5080 3286/96/5081 3284/10/5082
f  3284/10/5082 3286/96/5081 3287/97/5083
f  3284/10/5082 3287/97/5083 3285/4/5084
f  3285/4/5084 3287/97/5083 3288/98/5085
f  3286/96/5081 3289/9/5086 3287/97/5083
f  3287/97/5083 3289/9/5086 3290/5/5087
f  3287/97/5083 3290/5/5087 3288/98/5085
f  3288/98/5085 3290/5/5087 3291/6/5088
f  3289/9/5086 3292/99/5089 3290/5/5087
f  3290/5/5087 3292/99/5089 3293/100/5090
f  3290/5/5087 3293/100/5090 3291/6/5088
f  3291/6/5088 3293/100/5090 3294/101/5091
f  3292/99/5092 3295/15/5093 3293/100/5090
f  3293/100/5090 3295/15/5093 3296/12/5094
f  3293/100/5090 3296/12/5094 3294/101/5091
f  3294/101/5091 3296/12/5094 3297/13/5095
f  3295/15/5093 3298/102/5096 3296/12/5094
f  3296/12/5094 3298/102/5096 3299/103/5097
f  3296/12/5094 3299/103/5097 3297/13/5098
f  3297/13/5098 3299/103/5097 3300/104/5099
f  3298/102/5096 3301/17/5100 3299/103/5100
f  3299/103/5100 3301/17/5100 3300/104/5101
f  3302/8/5102 3305/96/5103 3303/10/5104
f  3303/10/5104 3305/96/5103 3306/97/5105
f  3303/10/5104 3306/97/5105 3304/4/5106
f  3304/4/5106 3306/97/5105 3307/98/5107
f  3305/96/5103 3308/9/5108 3306/97/5105
f  3306/97/5105 3308/9/5108 3309/5/5109
f  3306/97/5105 3309/5/5109 3307/98/5107
f  3307/98/5107 3309/5/5109 3310/6/5110
f  3308/9/5108 3311/99/5111 3309/5/5109
f  3309/5/5109 3311/99/5111 3312/100/5112
f  3309/5/5109 3312/100/5112 3310/6/5110
f  3310/6/5110 3312/100/5112 3313/101/5113
f  3311/99/5111 3314/15/5114 3312/100/5112
f  3312/100/5112 3314/15/5114 3315/12/5115
f  3312/100/5112 3315/12/5115 3313/101/5113
f  3313/101/5113 3315/12/5115 3316/13/5116
f  3314/15/5114 3317/102/5117 3315/12/5115
f  3315/12/5115 3317/102/5118 3318/103/5119
f  3315/12/5115 3318/103/5119 3316/13/5116
f  3316/13/5116 3318/103/5119 3319/104/5120
f  3317/102/5118 3320/17/5121 3318/103/5119
f  3318/103/5119 3320/17/5121 3319/104/5120
f  3321/8/5122 3324/96/5123 3322/10/5124
f  3322/10/5124 3324/96/5123 3325/97/5125
f  3322/10/5124 3325/97/5125 3323/4/5126
f  3323/4/5126 3325/97/5125 3326/98/5127
f  3324/96/5123 3327/9/5128 3325/97/5125
f  3325/97/5125 3327/9/5128 3328/5/5129
f  3325/97/5125 3328/5/5129 3326/98/5127
f  3326/98/5127 3328/5/5129 3329/6/5130
f  3327/9/5128 3330/99/5131 3328/5/5129
f  3328/5/5129 3330/99/5131 3331/100/5132
f  3328/5/5129 3331/100/5132 3329/6/5130
f  3329/6/5130 3331/100/5132 3332/101/5133
f  3330/99/5131 3333/15/5134 3331/100/5132
f  3331/100/5132 3333/15/5134 3334/12/5135
f  3331/100/5132 3334/12/5135 3332/101/5133
f  3332/101/5133 3334/12/5135 3335/13/5136
f  3333/15/5134 3336/102/5137 3334/12/5135
f  3334/12/5135 3336/102/5137 3337/103/5138
f  3334/12/5135 3337/103/5138 3335/13/5136
f  3335/13/5136 3337/103/5138 3338/104/5139
f  3336/102/5137 3339/17/5140 3337/103/5138
f  3337/103/5138 3339/17/5140 3338/104/5139
f  3340/8/5141 3343/96/5142 3341/10/5143
f  3341/10/5143 3343/96/5142 3344/97/5144
f  3341/10/5143 3344/97/5144 3342/4/5145
f  3342/4/5145 3344/97/5144 3345/98/5146
f  3343/96/5142 3346/9/5147 3344/97/5144
f  3344/97/5144 3346/9/5147 3347/5/5148
f  3344/97/5144 3347/5/5148 3345/98/5146
f  3345/98/5146 3347/5/5148 3348/6/5149
f  3346/9/5147 3349/99/5150 3347/5/5148
f  3347/5/5148 3349/99/5150 3350/100/5151
f  3347/5/5148 3350/100/5151 3348/6/5149
f  3348/6/5149 3350/100/5151 3351/101/5152
f  3349/99/5150 3352/15/5153 3350/100/5151
f  3350/100/5151 3352/15/5153 3353/12/5154
f  3350/100/5151 3353/12/5154 3351/101/5152
f  3351/101/5152 3353/12/5154 3354/13/5155
f  3352/15/5153 3355/102/5156 3353/12/5154
f  3353/12/5154 3355/102/5156 3356/103/5157
f  3353/12/5154 3356/103/5157 3354/13/5155
f  3354/13/5155 3356/103/5157 3357/104/5158
f  3355/102/5156 3358/17/5159 3356/103/5157
f  3356/103/5157 3358/17/5159 3357/104/5158
f  3359/8/5160 3362/96/5161 3360/10/5162
f  3360/10/5162 3362/96/5161 3363/97/5163
f  3360/10/5162 3363/97/5163 3361/4/5164
f  3361/4/5164 3363/97/5163 3364/98/5165
f  3362/96/5161 3365/9/5166 3363/97/5163
f  3363/97/5163 3365/9/5166 3366/5/5167
f  3363/97/5163 3366/5/5167 3364/98/5165
f  3364/98/5165 3366/5/5167 3367/6/5168
f  3365/9/5166 3368/99/5169 3366/5/5167
f  3366/5/5167 3368/99/5169 3369/100/5170
f  3366/5/5167 3369/100/5170 3367/6/5168
f  3367/6/5168 3369/100/5170 3370/101/5171
f  3368/99/5169 3371/15/5172 3369/100/5170
f  3369/100/5170 3371/15/5172 3372/12/5173
f  3369/100/5170 3372/12/5173 3370/101/5171
f  3370/101/5171 3372/12/5173 3373/13/5174
f  3371/15/5172 3374/102/5175 3372/12/5173
f  3372/12/5173 3374/102/5175 3375/103/5176
f  3372/12/5173 3375/103/5176 3373/13/5177
f  3373/13/5177 3375/103/5176 3376/104/5178
f  3374/102/5175 3377/17/5179 3375/103/5176
f  3375/103/5176 3377/17/5179 3376/104/5180
f  3378/8/5181 3381/96/5182 3379/10/5183
f  3379/10/5183 3381/96/5182 3382/97/5184
f  3379/10/5183 3382/97/5184 3380/4/5185
f  3380/4/5185 3382/97/5184 3383/98/5186
f  3381/96/5182 3384/9/5187 3382/97/5184
f  3382/97/5184 3384/9/5187 3385/5/5188
f  3382/97/5184 3385/5/5188 3383/98/5186
f  3383/98/5186 3385/5/5188 3386/6/5189
f  3384/9/5187 3387/99/5190 3385/5/5188
f  3385/5/5188 3387/99/5190 3388/100/5191
f  3385/5/5188 3388/100/5191 3386/6/5189
f  3386/6/5189 3388/100/5191 3389/101/5192
f  3387/99/5190 3390/15/5193 3388/100/5191
f  3388/100/5191 3390/15/5193 3391/12/5194
f  3388/100/5191 3391/12/5194 3389/101/5192
f  3389/101/5192 3391/12/5194 3392/13/5195
f  3390/15/5193 3393/102/5196 3391/12/5194
f  3391/12/5194 3393/102/5197 3394/103/5198
f  3391/12/5194 3394/103/5198 3392/13/5195
f  3392/13/5195 3394/103/5198 3395/104/5199
f  3393/102/5197 3396/17/5200 3394/103/5198
f  3394/103/5198 3396/17/5200 3395/104/5199
f  3397/8/5201 3400/96/5202 3398/10/5203
f  3398/10/5203 3400/96/5202 3401/97/5204
f  3398/10/5203 3401/97/5204 3399/4/5205
f  3399/4/5205 3401/97/5204 3402/98/5206
f  3400/96/5202 3403/9/5207 3401/97/5204
f  3401/97/5204 3403/9/5207 3404/5/5208
f  3401/97/5204 3404/5/5208 3402/98/5206
f  3402/98/5206 3404/5/5208 3405/6/5209
f  3403/9/5207 3406/99/5210 3404/5/5208
f  3404/5/5208 3406/99/5210 3407/100/5211
f  3404/5/5208 3407/100/5211 3405/6/5209
f  3405/6/5209 3407/100/5211 3408/101/5212
f  3406/99/5210 3409/15/5213 3407/100/5211
f  3407/100/5211 3409/15/5213 3410/12/5214
f  3407/100/5211 3410/12/5214 3408/101/5212
f  3408/101/5212 3410/12/5214 3411/13/5215
f  3409/15/5213 3412/102/5216 3410/12/5214
f  3410/12/5214 3412/102/5216 3413/103/5217
f  3410/12/5214 3413/103/5217 3411/13/5215
f  3411/13/5215 3413/103/5217 3414/104/5218
f  3412/102/5216 3415/17/5219 3413/103/5217
f  3413/103/5217 3415/17/5219 3414/104/5218
f  3416/8/5220 3419/96/5221 3417/10/5222
f  3417/10/5222 3419/96/5221 3420/97/5223
f  3417/10/5222 3420/97/5223 3418/4/5224
f  3418/4/5224 3420/97/5223 3421/98/5225
f  3419/96/5221 3422/9/5226 3420/97/5223
f  3420/97/5223 3422/9/5226 3423/5/5227
f  3420/97/5223 3423/5/5227 3421/98/5225
f  3421/98/5225 3423/5/5227 3424/6/5228
f  3422/9/5226 3425/99/5229 3423/5/5227
f  3423/5/5227 3425/99/5229 3426/100/5230
f  3423/5/5227 3426/100/5230 3424/6/5228
f  3424/6/5228 3426/100/5230 3427/101/5231
f  3425/99/5229 3428/15/5232 3426/100/5230
f  3426/100/5230 3428/15/5232 3429/12/5233
f  3426/100/5230 3429/12/5233 3427/101/5231
f  3427/101/5231 3429/12/5233 3430/13/5234
f  3428/15/5232 3431/102/5235 3429/12/5233
f  3429/12/5233 3431/102/5235 3432/103/5236
f  3429/12/5233 3432/103/5236 3430/13/5234
f  3430/13/5234 3432/103/5236 3433/104/5237
f  3431/102/5235 3434/17/5238 3432/103/5236
f  3432/103/5236 3434/17/5238 3433/104/5237
f  3435/8/5239 3438/96/5240 3436/10/5241
f  3436/10/5241 3438/96/5240 3439/97/5242
f  3436/10/5241 3439/97/5242 3437/4/5243
f  3437/4/5243 3439/97/5242 3440/98/5244
f  3438/96/5240 3441/9/5245 3439/97/5242
f  3439/97/5242 3441/9/5245 3442/5/5246
f  3439/97/5242 3442/5/5246 3440/98/5244
f  3440/98/5244 3442/5/5246 3443/6/5247
f  3441/9/5245 3444/99/5248 3442/5/5246
f  3442/5/5246 3444/99/5248 3445/100/5249
f  3442/5/5246 3445/100/5249 3443/6/5247
f  3443/6/5247 3445/100/5249 3446/101/5250
f  3444/99/5248 3447/15/5251 3445/100/5249
f  3445/100/5249 3447/15/5251 3448/12/5252
f  3445/100/5249 3448/12/5252 3446/101/5250
f  3446/101/5250 3448/12/5252 3449/13/5253
f  3447/15/5251 3450/102/5254 3448/12/5252
f  3448/12/5252 3450/102/5254 3451/103/5255
f  3448/12/5252 3451/103/5255 3449/13/5256
f  3449/13/5256 3451/103/5255 3452/104/5257
f  3450/102/5254 3453/17/5258 3451/103/5258
f  3451/103/5258 3453/17/5258 3452/104/5259
f  3454/8/5260 3457/96/5261 3455/10/5262
f  3455/10/5262 3457/96/5261 3458/97/5263
f  3455/10/5262 3458/97/5263 3456/4/5264
f  3456/4/5264 3458/97/5263 3459/98/5265
f  3457/96/5261 3460/9/5266 3458/97/5263
f  3458/97/5263 3460/9/5266 3461/5/5267
f  3458/97/5263 3461/5/5267 3459/98/5265
f  3459/98/5265 3461/5/5267 3462/6/5268
f  3460/9/5266 3463/99/5269 3461/5/5267
f  3461/5/5267 3463/99/5269 3464/100/5270
f  3461/5/5267 3464/100/5270 3462/6/5268
f  3462/6/5268 3464/100/5270 3465/101/5271
f  3463/99/5269 3466/15/5272 3464/100/5270
f  3464/100/5270 3466/15/5272 3467/12/5273
f  3464/100/5270 3467/12/5273 3465/101/5271
f  3465/101/5271 3467/12/5273 3468/13/5274
f  3466/15/5272 3469/102/5275 3467/12/5273
f  3467/12/5273 3469/102/5276 3470/103/5277
f  3467/12/5273 3470/103/5277 3468/13/5274
f  3468/13/5274 3470/103/5277 3471/104/5278
f  3469/102/5276 3472/17/5279 3470/103/5277
f  3470/103/5277 3472/17/5279 3471/104/5278
f  3473/8/5280 3476/96/5281 3474/10/5282
f  3474/10/5282 3476/96/5281 3477/97/5283
f  3474/10/5282 3477/97/5283 3475/4/5284
f  3475/4/5284 3477/97/5283 3478/98/5285
f  3476/96/5281 3479/9/5286 3477/97/5283
f  3477/97/5283 3479/9/5286 3480/5/5287
f  3477/97/5283 3480/5/5287 3478/98/5285
f  3478/98/5285 3480/5/5287 3481/6/5288
f  3479/9/5286 3482/99/5289 3480/5/5287
f  3480/5/5287 3482/99/5289 3483/100/5290
f  3480/5/5287 3483/100/5290 3481/6/5288
f  3481/6/5288 3483/100/5290 3484/101/5291
f  3482/99/5289 3485/15/5292 3483/100/5290
f  3483/100/5290 3485/15/5292 3486/12/5293
f  3483/100/5290 3486/12/5293 3484/101/5291
f  3484/101/5291 3486/12/5293 3487/13/5294
f  3485/15/5292 3488/102/5295 3486/12/5293
f  3486/12/5293 3488/102/5295 3489/103/5296
f  3486/12/5293 3489/103/5296 3487/13/5294
f  3487/13/5294 3489/103/5296 3490/104/5297
f  3488/102/5295 3491/17/5298 3489/103/5296
f  3489/103/5296 3491/17/5298 3490/104/5297
f  3492/8/5299 3495/96/5300 3493/10/5301
f  3493/10/5301 3495/96/5300 3496/97/5302
f  3493/10/5301 3496/97/5302 3494/4/5303
f  3494/4/5303 3496/97/5302 3497/98/5304
f  3495/96/5300 3498/9/5305 3496/97/5302
f  3496/97/5302 3498/9/5305 3499/5/5306
f  3496/97/5302 3499/5/5306 3497/98/5304
f  3497/98/5304 3499/5/5306 3500/6/5307
f  3498/9/5305 3501/99/5308 3499/5/5306
f  3499/5/5306 3501/99/5308 3502/100/5309
f  3499/5/5306 3502/100/5309 3500/6/5307
f  3500/6/5307 3502/100/5309 3503/101/5310
f  3501/99/5308 3504/15/5311 3502/100/5309
f  3502/100/5309 3504/15/5311 3505/12/5312
f  3502/100/5309 3505/12/5312 3503/101/5310
f  3503/101/5310 3505/12/5312 3506/13/5313
f  3504/15/5311 3507/102/5314 3505/12/5312
f  3505/12/5312 3507/102/5314 3508/103/5315
f  3505/12/5312 3508/103/5315 3506/13/5313
f  3506/13/5313 3508/103/5315 3509/104/5316
f  3507/102/5314 3510/17/5317 3508/103/5315
f  3508/103/5315 3510/17/5317 3509/104/5316
f  3511/8/5318 3514/96/5319 3512/10/5320
f  3512/10/5320 3514/96/5319 3515/97/5321
f  3512/10/5320 3515/97/5321 3513/4/5322
f  3513/4/5322 3515/97/5321 3516/98/5323
f  3514/96/5319 3517/9/5324 3515/97/5321
f  3515/97/5321 3517/9/5324 3518/5/5325
f  3515/97/5321 3518/5/5325 3516/98/5323
f  3516/98/5323 3518/5/5325 3519/6/5326
f  3517/9/5324 3520/99/5327 3518/5/5325
f  3518/5/5325 3520/99/5327 3521/100/5328
f  3518/5/5325 3521/100/5328 3519/6/5326
f  3519/6/5326 3521/100/5328 3522/101/5329
f  3520/99/5327 3523/15/5330 3521/100/5328
f  3521/100/5328 3523/15/5330 3524/12/5331
f  3521/100/5328 3524/12/5331 3522/101/5329
f  3522/101/5329 3524/12/5331 3525/13/5332
f  3523/15/5330 3526/102/5333 3524/12/5331
f  3524/12/5331 3526/102/5333 3527/103/5334
f  3524/12/5331 3527/103/5334 3525/13/5335
f  3525/13/5335 3527/103/5334 3528/104/5336
f  3526/102/5333 3529/17/5337 3527/103/5334
f  3527/103/5334 3529/17/5337 3528/104/5337
f  3530/8/5338 3533/96/5339 3531/10/5340
f  3531/10/5340 3533/96/5339 3534/97/5341
f  3531/10/5340 3534/97/5341 3532/4/5342
f  3532/4/5342 3534/97/5341 3535/98/5343
f  3533/96/5339 3536/9/5344 3534/97/5341
f  3534/97/5341 3536/9/5344 3537/5/5345
f  3534/97/5341 3537/5/5345 3535/98/5343
f  3535/98/5343 3537/5/5345 3538/6/5346
f  3536/9/5344 3539/99/5347 3537/5/5345
f  3537/5/5345 3539/99/5347 3540/100/5348
f  3537/5/5345 3540/100/5348 3538/6/5346
f  3538/6/5346 3540/100/5348 3541/101/5349
f  3539/99/5347 3542/15/5350 3540/100/5348
f  3540/100/5348 3542/15/5350 3543/12/5351
f  3540/100/5348 3543/12/5351 3541/101/5349
f  3541/101/5349 3543/12/5351 3544/13/5352
f  3542/15/5350 3545/102/5353 3543/12/5351
f  3543/12/5351 3545/102/5354 3546/103/5355
f  3543/12/5351 3546/103/5355 3544/13/5352
f  3544/13/5352 3546/103/5355 3547/104/5356
f  3545/102/5354 3548/17/5357 3546/103/5355
f  3546/103/5355 3548/17/5357 3547/104/5356
f  3549/8/5358 3552/96/5359 3550/10/5360
f  3550/10/5360 3552/96/5359 3553/97/5361
f  3550/10/5360 3553/97/5361 3551/4/5362
f  3551/4/5362 3553/97/5361 3554/98/5363
f  3552/96/5359 3555/9/5364 3553/97/5361
f  3553/97/5361 3555/9/5364 3556/5/5365
f  3553/97/5361 3556/5/5365 3554/98/5363
f  3554/98/5363 3556/5/5365 3557/6/5366
f  3555/9/5364 3558/99/5367 3556/5/5365
f  3556/5/5365 3558/99/5367 3559/100/5368
f  3556/5/5365 3559/100/5368 3557/6/5366
f  3557/6/5366 3559/100/5368 3560/101/5369
f  3558/99/5367 3561/15/5370 3559/100/5368
f  3559/100/5368 3561/15/5370 3562/12/5371
f  3559/100/5368 3562/12/5371 3560/101/5369
f  3560/101/5369 3562/12/5371 3563/13/5372
f  3561/15/5370 3564/102/5373 3562/12/5371
f  3562/12/5371 3564/102/5373 3565/103/5374
f  3562/12/5371 3565/103/5374 3563/13/5372
f  3563/13/5372 3565/103/5374 3566/104/5375
f  3564/102/5373 3567/17/5376 3565/103/5374
f  3565/103/5374 3567/17/5376 3566/104/5375
f  3568/8/5377 3571/96/5378 3569/10/5379
f  3569/10/5379 3571/96/5378 3572/97/5380
f  3569/10/5379 3572/97/5380 3570/4/5381
f  3570/4/5381 3572/97/5380 3573/98/5382
f  3571/96/5378 3574/9/5383 3572/97/5380
f  3572/97/5380 3574/9/5383 3575/5/5384
f  3572/97/5380 3575/5/5384 3573/98/5382
f  3573/98/5382 3575/5/5384 3576/6/5385
f  3574/9/5383 3577/99/5386 3575/5/5384
f  3575/5/5384 3577/99/5386 3578/100/5387
f  3575/5/5384 3578/100/5387 3576/6/5385
f  3576/6/5385 3578/100/5387 3579/101/5388
f  3577/99/5386 3580/15/5389 3578/100/5387
f  3578/100/5387 3580/15/5389 3581/12/5390
f  3578/100/5387 3581/12/5390 3579/101/5388
f  3579/101/5388 3581/12/5390 3582/13/5391
f  3580/15/5389 3583/102/5392 3581/12/5390
f  3581/12/5390 3583/102/5392 3584/103/5393
f  3581/12/5390 3584/103/5393 3582/13/5391
f  3582/13/5391 3584/103/5393 3585/104/5394
f  3583/102/5392 3586/17/5395 3584/103/5393
f  3584/103/5393 3586/17/5395 3585/104/5394
f  3587/8/5396 3590/96/5397 3588/10/5398
f  3588/10/5398 3590/96/5397 3591/97/5399
f  3588/10/5398 3591/97/5399 3589/4/5400
f  3589/4/5400 3591/97/5399 3592/98/5401
f  3590/96/5397 3593/9/5402 3591/97/5399
f  3591/97/5399 3593/9/5402 3594/5/5403
f  3591/97/5399 3594/5/5403 3592/98/5401
f  3592/98/5401 3594/5/5403 3595/6/5404
f  3593/9/5402 3596/99/5405 3594/5/5403
f  3594/5/5403 3596/99/5405 3597/100/5406
f  3594/5/5403 3597/100/5406 3595/6/5404
f  3595/6/5404 3597/100/5406 3598/101/5407
f  3596/99/5405 3599/15/5408 3597/100/5406
f  3597/100/5406 3599/15/5408 3600/12/5409
f  3597/100/5406 3600/12/5409 3598/101/5407
f  3598/101/5407 3600/12/5409 3601/13/5410
f  3599/15/5408 3602/102/5411 3600/12/5409
f  3600/12/5409 3602/102/5411 3603/103/5412
f  3600/12/5409 3603/103/5412 3601/13/5413
f  3601/13/5413 3603/103/5412 3604/104/5414
f  3602/102/5411 3605/17/5415 3603/103/5412
f  3603/103/5412 3605/17/5415 3604/104/5416
f  3606/8/5417 3609/96/5418 3607/10/5419
f  3607/10/5419 3609/96/5418 3610/97/5420
f  3607/10/5419 3610/97/5420 3608/4/5421
f  3608/4/5421 3610/97/5420 3611/98/5422
f  3609/96/5418 3612/9/5423 3610/97/5420
f  3610/97/5420 3612/9/5423 3613/5/5424
f  3610/97/5420 3613/5/5424 3611/98/5422
f  3611/98/5422 3613/5/5424 3614/6/5425
f  3612/9/5423 3615/99/5426 3613/5/5424
f  3613/5/5424 3615/99/5426 3616/100/5427
f  3613/5/5424 3616/100/5427 3614/6/5425
f  3614/6/5425 3616/100/5427 3617/101/5428
f  3615/99/5426 3618/15/5429 3616/100/5427
f  3616/100/5427 3618/15/5429 3619/12/5430
f  3616/100/5427 3619/12/5430 3617/101/5428
f  3617/101/5428 3619/12/5430 3620/13/5431
f  3618/15/5429 3621/102/5432 3619/12/5430
f  3619/12/5430 3621/102/5433 3622/103/5434
f  3619/12/5430 3622/103/5434 3620/13/5431
f  3620/13/5431 3622/103/5434 3623/104/5435
f  3621/102/5433 3624/17/5436 3622/103/5434
f  3622/103/5434 3624/17/5436 3623/104/5435
f  3625/8/5437 3628/96/5438 3626/10/5439
f  3626/10/5439 3628/96/5438 3629/97/5440
f  3626/10/5439 3629/97/5440 3627/4/5441
f  3627/4/5441 3629/97/5440 3630/98/5442
f  3628/96/5438 3631/9/5443 3629/97/5440
f  3629/97/5440 3631/9/5443 3632/5/5444
f  3629/97/5440 3632/5/5444 3630/98/5442
f  3630/98/5442 3632/5/5444 3633/6/5445
f  3631/9/5443 3634/99/5446 3632/5/5444
f  3632/5/5444 3634/99/5446 3635/100/5447
f  3632/5/5444 3635/100/5447 3633/6/5445
f  3633/6/5445 3635/100/5447 3636/101/5448
f  3634/99/5446 3637/15/5449 3635/100/5447
f  3635/100/5447 3637/15/5449 3638/12/5450
f  3635/100/5447 3638/12/5450 3636/101/5448
f  3636/101/5448 3638/12/5450 3639/13/5451
f  3637/15/5449 3640/102/5452 3638/12/5450
f  3638/12/5450 3640/102/5452 3641/103/5453
f  3638/12/5450 3641/103/5453 3639/13/5451
f  3639/13/5451 3641/103/5453 3642/104/5454
f  3640/102/5452 3643/17/5455 3641/103/5453
f  3641/103/5453 3643/17/5455 3642/104/5454
f  3644/8/5456 3647/96/5457 3645/10/5458
f  3645/10/5458 3647/96/5457 3648/97/5459
f  3645/10/5458 3648/97/5459 3646/4/5460
f  3646/4/5460 3648/97/5459 3649/98/5461
f  3647/96/5457 3650/9/5462 3648/97/5459
f  3648/97/5459 3650/9/5462 3651/5/5463
f  3648/97/5459 3651/5/5463 3649/98/5461
f  3649/98/5461 3651/5/5463 3652/6/5464
f  3650/9/5462 3653/99/5465 3651/5/5463
f  3651/5/5463 3653/99/5465 3654/100/5466
f  3651/5/5463 3654/100/5466 3652/6/5464
f  3652/6/5464 3654/100/5466 3655/101/5467
f  3653/99/5465 3656/15/5468 3654/100/5466
f  3654/100/5466 3656/15/5468 3657/12/5469
f  3654/100/5466 3657/12/5469 3655/101/5467
f  3655/101/5467 3657/12/5469 3658/13/5470
f  3656/15/5468 3659/102/5471 3657/12/5469
f  3657/12/5469 3659/102/5471 3660/103/5472
f  3657/12/5469 3660/103/5472 3658/13/5470
f  3658/13/5470 3660/103/5472 3661/104/5473
f  3659/102/5471 3662/17/5474 3660/103/5472
f  3660/103/5472 3662/17/5474 3661/104/5473
f  3663/8/5475 3666/96/5476 3664/10/5477
f  3664/10/5477 3666/96/5476 3667/97/5478
f  3664/10/5477 3667/97/5478 3665/4/5479
f  3665/4/5479 3667/97/5478 3668/98/5480
f  3666/96/5476 3669/9/5481 3667/97/5478
f  3667/97/5478 3669/9/5481 3670/5/5482
f  3667/97/5478 3670/5/5482 3668/98/5480
f  3668/98/5480 3670/5/5482 3671/6/5483
f  3669/9/5481 3672/99/5484 3670/5/5482
f  3670/5/5482 3672/99/5484 3673/100/5485
f  3670/5/5482 3673/100/5485 3671/6/5483
f  3671/6/5483 3673/100/5485 3674/101/5486
f  3672/99/5484 3675/15/5487 3673/100/5485
f  3673/100/5485 3675/15/5487 3676/12/5488
f  3673/100/5485 3676/12/5488 3674/101/5486
f  3674/101/5486 3676/12/5488 3677/13/5489
f  3675/15/5487 3678/102/5490 3676/12/5488
f  3676/12/5488 3678/102/5490 3679/103/5491
f  3676/12/5488 3679/103/5491 3677/13/5492
f  3677/13/5492 3679/103/5491 3680/104/5493
f  3678/102/5490 3681/17/5494 3679/103/5491
f  3679/103/5491 3681/17/5494 3680/104/5495
f  3682/8/5496 3685/96/5497 3683/10/5498
f  3683/10/5498 3685/96/5497 3686/97/5499
f  3683/10/5498 3686/97/5499 3684/4/5500
f  3684/4/5500 3686/97/5499 3687/98/5501
f  3685/96/5497 3688/9/5502 3686/97/5499
f  3686/97/5499 3688/9/5502 3689/5/5503
f  3686/97/5499 3689/5/5503 3687/98/5501
f  3687/98/5501 3689/5/5503 3690/6/5504
f  3688/9/5502 3691/99/5505 3689/5/5503
f  3689/5/5503 3691/99/5505 3692/100/5506
f  3689/5/5503 3692/100/5506 3690/6/5504
f  3690/6/5504 3692/100/5506 3693/101/5507
f  3691/99/5505 3694/15/5508 3692/100/5506
f  3692/100/5506 3694/15/5508 3695/12/5509
f  3692/100/5506 3695/12/5509 3693/101/5507
f  3693/101/5507 3695/12/5509 3696/13/5510
f  3694/15/5508 3697/102/5511 3695/12/5509
f  3695/12/5509 3697/102/5512 3698/103/5513
f  3695/12/5509 3698/103/5513 3696/13/5510
f  3696/13/5510 3698/103/5513 3699/104/5514
f  3697/102/5512 3700/17/5515 3698/103/5513
f  3698/103/5513 3700/17/5515 3699/104/5514
f  3701/8/5516 3704/96/5517 3702/10/5518
f  3702/10/5518 3704/96/5517 3705/97/5519
f  3702/10/5518 3705/97/5519 3703/4/5520
f  3703/4/5520 3705/97/5519 3706/98/5521
f  3704/96/5517 3707/9/5522 3705/97/5519
f  3705/97/5519 3707/9/5522 3708/5/5523
f  3705/97/5519 3708/5/5523 3706/98/5521
f  3706/98/5521 3708/5/5523 3709/6/5524
f  3707/9/5522 3710/99/5525 3708/5/5523
f  3708/5/5523 3710/99/5525 3711/100/5526
f  3708/5/5523 3711/100/5526 3709/6/5524
f  3709/6/5524 3711/100/5526 3712/101/5527
f  3710/99/5525 3713/15/5528 3711/100/5526
f  3711/100/5526 3713/15/5528 3714/12/5529
f  3711/100/5526 3714/12/5529 3712/101/5527
f  3712/101/5527 3714/12/5529 3715/13/5530
f  3713/15/5528 3716/102/5531 3714/12/5529
f  3714/12/5529 3716/102/5531 3717/103/5532
f  3714/12/5529 3717/103/5532 3715/13/5530
f  3715/13/5530 3717/103/5532 3718/104/5533
f  3716/102/5531 3719/17/5534 3717/103/5532
f  3717/103/5532 3719/17/5534 3718/104/5533
f  3720/8/5535 3723/96/5536 3721/10/5537
f  3721/10/5537 3723/96/5536 3724/97/5538
f  3721/10/5537 3724/97/5538 3722/4/5539
f  3722/4/5539 3724/97/5538 3725/98/5540
f  3723/96/5536 3726/9/5541 3724/97/5538
f  3724/97/5538 3726/9/5541 3727/5/5542
f  3724/97/5538 3727/5/5542 3725/98/5540
f  3725/98/5540 3727/5/5542 3728/6/5543
f  3726/9/5541 3729/99/5544 3727/5/5542
f  3727/5/5542 3729/99/5544 3730/100/5545
f  3727/5/5542 3730/100/5545 3728/6/5543
f  3728/6/5543 3730/100/5545 3731/101/5546
f  3729/99/5544 3732/15/5547 3730/100/5545
f  3730/100/5545 3732/15/5548 3733/12/5549
f  3730/100/5545 3733/12/5549 3731/101/5546
f  3731/101/5546 3733/12/5549 3734/13/5550
f  3732/15/5548 3735/102/5551 3733/12/5549
f  3733/12/5549 3735/102/5551 3736/103/5552
f  3733/12/5549 3736/103/5552 3734/13/5550
f  3734/13/5550 3736/103/5552 3737/104/5553
f  3735/102/5551 3738/17/5554 3736/103/5552
f  3736/103/5552 3738/17/5554 3737/104/5553
f  3739/8/5555 3742/96/5556 3740/10/5557
f  3740/10/5557 3742/96/5556 3743/97/5558
f  3740/10/5557 3743/97/5558 3741/4/5559
f  3741/4/5559 3743/97/5558 3744/98/5560
f  3742/96/5556 3745/9/5561 3743/97/5558
f  3743/97/5558 3745/9/5561 3746/5/5562
f  3743/97/5558 3746/5/5562 3744/98/5560
f  3744/98/5560 3746/5/5562 3747/6/5563
f  3745/9/5561 3748/99/5564 3746/5/5562
f  3746/5/5562 3748/99/5564 3749/100/5565
f  3746/5/5562 3749/100/5565 3747/6/5563
f  3747/6/5563 3749/100/5565 3750/101/5566
f  3748/99/5567 3751/15/5568 3749/100/5565
f  3749/100/5565 3751/15/5568 3752/12/5569
f  3749/100/5565 3752/12/5569 3750/101/5566
f  3750/101/5566 3752/12/5569 3753/13/5570
f  3751/15/5568 3754/102/5571 3752/12/5569
f  3752/12/5569 3754/102/5571 3755/103/5572
f  3752/12/5569 3755/103/5572 3753/13/5573
f  3753/13/5573 3755/103/5572 3756/104/5574
f  3754/102/5571 3757/17/5575 3755/103/5575
f  3755/103/5575 3757/17/5575 3756/104/5576
f  3758/8/5577 3761/96/5578 3759/10/5579
f  3759/10/5579 3761/96/5578 3762/97/5580
f  3759/10/5579 3762/97/5580 3760/4/5581
f  3760/4/5581 3762/97/5580 3763/98/5582
f  3761/96/5578 3764/9/5583 3762/97/5580
f  3762/97/5580 3764/9/5583 3765/5/5584
f  3762/97/5580 3765/5/5584 3763/98/5582
f  3763/98/5582 3765/5/5584 3766/6/5585
f  3764/9/5583 3767/99/5586 3765/5/5584
f  3765/5/5584 3767/99/5586 3768/100/5587
f  3765/5/5584 3768/100/5587 3766/6/5585
f  3766/6/5585 3768/100/5587 3769/101/5588
f  3767/99/5586 3770/15/5589 3768/100/5587
f  3768/100/5587 3770/15/5589 3771/12/5590
f  3768/100/5587 3771/12/5590 3769/101/5588
f  3769/101/5588 3771/12/5590 3772/13/5591
f  3770/15/5589 3773/102/5592 3771/12/5590
f  3771/12/5590 3773/102/5593 3774/103/5594
f  3771/12/5590 3774/103/5594 3772/13/5591
f  3772/13/5591 3774/103/5594 3775/104/5595
f  3773/102/5593 3776/17/5596 3774/103/5594
f  3774/103/5594 3776/17/5596 3775/104/5595
f  3777/8/5597 3780/96/5598 3778/10/5599
f  3778/10/5599 3780/96/5598 3781/97/5600
f  3778/10/5599 3781/97/5600 3779/4/5601
f  3779/4/5601 3781/97/5600 3782/98/5602
f  3780/96/5598 3783/9/5603 3781/97/5600
f  3781/97/5600 3783/9/5603 3784/5/5604
f  3781/97/5600 3784/5/5604 3782/98/5602
f  3782/98/5602 3784/5/5604 3785/6/5605
f  3783/9/5603 3786/99/5606 3784/5/5604
f  3784/5/5604 3786/99/5606 3787/100/5607
f  3784/5/5604 3787/100/5607 3785/6/5605
f  3785/6/5605 3787/100/5607 3788/101/5608
f  3786/99/5606 3789/15/5609 3787/100/5607
f  3787/100/5607 3789/15/5609 3790/12/5610
f  3787/100/5607 3790/12/5610 3788/101/5608
f  3788/101/5608 3790/12/5610 3791/13/5611
f  3789/15/5609 3792/102/5612 3790/12/5610
f  3790/12/5610 3792/102/5612 3793/103/5613
f  3790/12/5610 3793/103/5613 3791/13/5611
f  3791/13/5611 3793/103/5613 3794/104/5614
f  3792/102/5612 3795/17/5615 3793/103/5613
f  3793/103/5613 3795/17/5615 3794/104/5614
f  3796/8/5616 3799/96/5617 3797/10/5618
f  3797/10/5618 3799/96/5617 3800/97/5619
f  3797/10/5618 3800/97/5619 3798/4/5620
f  3798/4/5620 3800/97/5619 3801/98/5621
f  3799/96/5617 3802/9/5622 3800/97/5619
f  3800/97/5619 3802/9/5622 3803/5/5623
f  3800/97/5619 3803/5/5623 3801/98/5621
f  3801/98/5621 3803/5/5623 3804/6/5624
f  3802/9/5622 3805/99/5625 3803/5/5623
f  3803/5/5623 3805/99/5625 3806/100/5626
f  3803/5/5623 3806/100/5626 3804/6/5624
f  3804/6/5624 3806/100/5626 3807/101/5627
f  3805/99/5625 3808/15/5628 3806/100/5626
f  3806/100/5626 3808/15/5628 3809/12/5629
f  3806/100/5626 3809/12/5629 3807/101/5627
f  3807/101/5627 3809/12/5629 3810/13/5630
f  3808/15/5628 3811/102/5631 3809/12/5629
f  3809/12/5629 3811/102/5631 3812/103/5632
f  3809/12/5629 3812/103/5632 3810/13/5630
f  3810/13/5630 3812/103/5632 3813/104/5633
f  3811/102/5631 3814/17/5634 3812/103/5632
f  3812/103/5632 3814/17/5634 3813/104/5633
f  3815/8/5635 3818/96/5636 3816/10/5637
f  3816/10/5637 3818/96/5636 3819/97/5638
f  3816/10/5637 3819/97/5638 3817/4/5639
f  3817/4/5639 3819/97/5638 3820/98/5640
f  3818/96/5636 3821/9/5641 3819/97/5638
f  3819/97/5638 3821/9/5641 3822/5/5642
f  3819/97/5638 3822/5/5642 3820/98/5640
f  3820/98/5640 3822/5/5642 3823/6/5643
f  3821/9/5641 3824/99/5644 3822/5/5642
f  3822/5/5642 3824/99/5644 3825/100/5645
f  3822/5/5642 3825/100/5645 3823/6/5643
f  3823/6/5643 3825/100/5645 3826/101/5646
f  3824/99/5644 3827/15/5647 3825/100/5645
f  3825/100/5645 3827/15/5647 3828/12/5648
f  3825/100/5645 3828/12/5648 3826/101/5646
f  3826/101/5646 3828/12/5648 3829/13/5649
f  3827/15/5647 3830/102/5650 3828/12/5648
f  3828/12/5648 3830/102/5650 3831/103/5651
f  3828/12/5648 3831/103/5651 3829/13/5652
f  3829/13/5652 3831/103/5651 3832/104/5653
f  3830/102/5650 3833/17/5654 3831/103/5651
f  3831/103/5651 3833/17/5654 3832/104/5654
f  3834/8/5655 3837/96/5656 3835/10/5657
f  3835/10/5657 3837/96/5656 3838/97/5658
f  3835/10/5657 3838/97/5658 3836/4/5659
f  3836/4/5659 3838/97/5658 3839/98/5660
f  3837/96/5656 3840/9/5661 3838/97/5658
f  3838/97/5658 3840/9/5661 3841/5/5662
f  3838/97/5658 3841/5/5662 3839/98/5660
f  3839/98/5660 3841/5/5662 3842/6/5663
f  3840/9/5661 3843/99/5664 3841/5/5662
f  3841/5/5662 3843/99/5664 3844/100/5665
f  3841/5/5662 3844/100/5665 3842/6/5663
f  3842/6/5663 3844/100/5665 3845/101/5666
f  3843/99/5664 3846/15/5667 3844/100/5665
f  3844/100/5665 3846/15/5667 3847/12/5668
f  3844/100/5665 3847/12/5668 3845/101/5666
f  3845/101/5666 3847/12/5668 3848/13/5669
f  3846/15/5667 3849/102/5670 3847/12/5668
f  3847/12/5668 3849/102/5671 3850/103/5672
f  3847/12/5668 3850/103/5672 3848/13/5669
f  3848/13/5669 3850/103/5672 3851/104/5673
f  3849/102/5671 3852/17/5674 3850/103/5672
f  3850/103/5672 3852/17/5674 3851/104/5673
f  3853/8/5675 3856/96/5676 3854/10/5677
f  3854/10/5677 3856/96/5676 3857/97/5678
f  3854/10/5677 3857/97/5678 3855/4/5679
f  3855/4/5679 3857/97/5678 3858/98/5680
f  3856/96/5676 3859/9/5681 3857/97/5678
f  3857/97/5678 3859/9/5681 3860/5/5682
f  3857/97/5678 3860/5/5682 3858/98/5680
f  3858/98/5680 3860/5/5682 3861/6/5683
f  3859/9/5681 3862/99/5684 3860/5/5682
f  3860/5/5682 3862/99/5684 3863/100/5685
f  3860/5/5682 3863/100/5685 3861/6/5683
f  3861/6/5683 3863/100/5685 3864/101/5686
f  3862/99/5684 3865/15/5687 3863/100/5685
f  3863/100/5685 3865/15/5687 3866/12/5688
f  3863/100/5685 3866/12/5688 3864/101/5686
f  3864/101/5686 3866/12/5688 3867/13/5689
f  3865/15/5687 3868/102/5690 3866/12/5688
f  3866/12/5688 3868/102/5690 3869/103/5691
f  3866/12/5688 3869/103/5691 3867/13/5689
f  3867/13/5689 3869/103/5691 3870/104/5692
f  3868/102/5690 3871/17/5693 3869/103/5691
f  3869/103/5691 3871/17/5693 3870/104/5692
f  3872/8/5694 3875/96/5695 3873/10/5696
f  3873/10/5696 3875/96/5695 3876/97/5697
f  3873/10/5696 3876/97/5697 3874/4/5698
f  3874/4/5698 3876/97/5697 3877/98/5699
f  3875/96/5695 3878/9/5700 3876/97/5697
f  3876/97/5697 3878/9/5700 3879/5/5701
f  3876/97/5697 3879/5/5701 3877/98/5699
f  3877/98/5699 3879/5/5701 3880/6/5702
f  3878/9/5700 3881/99/5703 3879/5/5701
f  3879/5/5701 3881/99/5703 3882/100/5704
f  3879/5/5701 3882/100/5704 3880/6/5702
f  3880/6/5702 3882/100/5704 3883/101/5705
f  3881/99/5703 3884/15/5706 3882/100/5704
f  3882/100/5704 3884/15/5706 3885/12/5707
f  3882/100/5704 3885/12/5707 3883/101/5705
f  3883/101/5705 3885/12/5707 3886/13/5708
f  3884/15/5706 3887/102/5709 3885/12/5707
f  3885/12/5707 3887/102/5709 3888/103/5710
f  3885/12/5707 3888/103/5710 3886/13/5708
f  3886/13/5708 3888/103/5710 3889/104/5711
f  3887/102/5709 3890/17/5712 3888/103/5710
f  3888/103/5710 3890/17/5712 3889/104/5711
f  3891/8/5713 3894/96/5714 3892/10/5715
f  3892/10/5715 3894/96/5714 3895/97/5716
f  3892/10/5715 3895/97/5716 3893/4/5717
f  3893/4/5717 3895/97/5716 3896/98/5718
f  3894/96/5714 3897/9/5719 3895/97/5716
f  3895/97/5716 3897/9/5719 3898/5/5720
f  3895/97/5716 3898/5/5720 3896/98/5718
f  3896/98/5718 3898/5/5720 3899/6/5721
f  3897/9/5719 3900/99/5722 3898/5/5720
f  3898/5/5720 3900/99/5722 3901/100/5723
f  3898/5/5720 3901/100/5723 3899/6/5721
f  3899/6/5721 3901/100/5723 3902/101/5724
f  3900/99/5722 3903/15/5725 3901/100/5723
f  3901/100/5723 3903/15/5725 3904/12/5726
f  3901/100/5723 3904/12/5726 3902/101/5724
f  3902/101/5724 3904/12/5726 3905/13/5727
f  3903/15/5725 3906/102/5728 3904/12/5726
f  3904/12/5726 3906/102/5728 3907/103/5729
f  3904/12/5726 3907/103/5729 3905/13/5730
f  3905/13/5730 3907/103/5729 3908/104/5731
f  3906/102/5728 3909/17/5732 3907/103/5732
f  3907/103/5732 3909/17/5732 3908/104/5733
f  3910/8/5734 3913/96/5735 3911/10/5736
f  3911/10/5736 3913/96/5735 3914/97/5737
f  3911/10/5736 3914/97/5737 3912/4/5738
f  3912/4/5738 3914/97/5737 3915/98/5739
f  3913/96/5735 3916/9/5740 3914/97/5737
f  3914/97/5737 3916/9/5740 3917/5/5741
f  3914/97/5737 3917/5/5741 3915/98/5739
f  3915/98/5739 3917/5/5741 3918/6/5742
f  3916/9/5740 3919/99/5743 3917/5/5741
f  3917/5/5741 3919/99/5743 3920/100/5744
f  3917/5/5741 3920/100/5744 3918/6/5742
f  3918/6/5742 3920/100/5744 3921/101/5745
f  3919/99/5743 3922/15/5746 3920/100/5744
f  3920/100/5744 3922/15/5746 3923/12/5747
f  3920/100/5744 3923/12/5747 3921/101/5745
f  3921/101/5745 3923/12/5747 3924/13/5748
f  3922/15/5746 3925/102/5749 3923/12/5747
f  3923/12/5747 3925/102/5750 3926/103/5751
f  3923/12/5747 3926/103/5751 3924/13/5748
f  3924/13/5748 3926/103/5751 3927/104/5752
f  3925/102/5750 3928/17/5753 3926/103/5751
f  3926/103/5751 3928/17/5753 3927/104/5752
f  3929/8/5754 3932/96/5755 3930/10/5756
f  3930/10/5756 3932/96/5755 3933/97/5757
f  3930/10/5756 3933/97/5757 3931/4/5758
f  3931/4/5758 3933/97/5757 3934/98/5759
f  3932/96/5755 3935/9/5760 3933/97/5757
f  3933/97/5757 3935/9/5760 3936/5/5761
f  3933/97/5757 3936/5/5761 3934/98/5759
f  3934/98/5759 3936/5/5761 3937/6/5762
f  3935/9/5760 3938/99/5763 3936/5/5761
f  3936/5/5761 3938/99/5763 3939/100/5764
f  3936/5/5761 3939/100/5764 3937/6/5762
f  3937/6/5762 3939/100/5764 3940/101/5765
f  3938/99/5763 3941/15/5766 3939/100/5764
f  3939/100/5764 3941/15/5766 3942/12/5767
f  3939/100/5764 3942/12/5767 3940/101/5765
f  3940/101/5765 3942/12/5767 3943/13/5768
f  3941/15/5766 3944/102/5769 3942/12/5767
f  3942/12/5767 3944/102/5769 3945/103/5770
f  3942/12/5767 3945/103/5770 3943/13/5768
f  3943/13/5768 3945/103/5770 3946/104/5771
f  3944/102/5769 3947/17/5772 3945/103/5770
f  3945/103/5770 3947/17/5772 3946/104/5771
f  3948/8/5773 3951/96/5774 3949/10/5775
f  3949/10/5775 3951/96/5774 3952/97/5776
f  3949/10/5775 3952/97/5776 3950/4/5777
f  3950/4/5777 3952/97/5776 3953/98/5778
f  3951/96/5774 3954/9/5779 3952/97/5776
f  3952/97/5776 3954/9/5779 3955/5/5780
f  3952/97/5776 3955/5/5780 3953/98/5778
f  3953/98/5778 3955/5/5780 3956/6/5781
f  3954/9/5779 3957/99/5782 3955/5/5780
f  3955/5/5780 3957/99/5782 3958/100/5783
f  3955/5/5780 3958/100/5783 3956/6/5781
f  3956/6/5781 3958/100/5783 3959/101/5784
f  3957/99/5782 3960/15/5785 3958/100/5783
f  3958/100/5783 3960/15/5785 3961/12/5786
f  3958/100/5783 3961/12/5786 3959/101/5784
f  3959/101/5784 3961/12/5786 3962/13/5787
f  3960/15/5785 3963/102/5788 3961/12/5786
f  3961/12/5786 3963/102/5788 3964/103/5789
f  3961/12/5786 3964/103/5789 3962/13/5787
f  3962/13/5787 3964/103/5789 3965/104/5790
f  3963/102/5788 3966/17/5791 3964/103/5789
f  3964/103/5789 3966/17/5791 3965/104/5790
f  3967/8/5792 3970/96/5793 3968/10/5794
f  3968/10/5794 3970/96/5793 3971/97/5795
f  3968/10/5794 3971/97/5795 3969/4/5796
f  3969/4/5796 3971/97/5795 3972/98/5797
f  3970/96/5793 3973/9/5798 3971/97/5795
f  3971/97/5795 3973/9/5798 3974/5/5799
f  3971/97/5795 3974/5/5799 3972/98/5797
f  3972/98/5797 3974/5/5799 3975/6/5800
f  3973/9/5798 3976/99/5801 3974/5/5799
f  3974/5/5799 3976/99/5801 3977/100/5802
f  3974/5/5799 3977/100/5802 3975/6/5800
f  3975/6/5800 3977/100/5802 3978/101/5803
f  3976/99/5801 3979/15/5804 3977/100/5802
f  3977/100/5802 3979/15/5804 3980/12/5805
f  3977/100/5802 3980/12/5805 3978/101/5803
f  3978/101/5803 3980/12/5805 3981/13/5806
f  3979/15/5804 3982/102/5807 3980/12/5805
f  3980/12/5805 3982/102/5807 3983/103/5808
f  3980/12/5805 3983/103/5808 3981/13/5809
f  3981/13/5809 3983/103/5808 3984/104/5810
f  3982/102/5807 3985/17/5811 3983/103/5808
f  3983/103/5808 3985/17/5811 3984/104/5812
f  3986/8/5813 3989/96/5814 3987/10/5815
f  3987/10/5815 3989/96/5814 3990/97/5816
f  3987/10/5815 3990/97/5816 3988/4/5817
f  3988/4/5817 3990/97/5816 3991/98/5818
f  3989/96/5814 3992/9/5819 3990/97/5816
f  3990/97/5816 3992/9/5819 3993/5/5820
f  3990/97/5816 3993/5/5820 3991/98/5818
f  3991/98/5818 3993/5/5820 3994/6/5821
f  3992/9/5819 3995/99/5822 3993/5/5820
f  3993/5/5820 3995/99/5822 3996/100/5823
f  3993/5/5820 3996/100/5823 3994/6/5821
f  3994/6/5821 3996/100/5823 3997/101/5824
f  3995/99/5822 3998/15/5825 3996/100/5823
f  3996/100/5823 3998/15/5825 3999/12/5826
f  3996/100/5823 3999/12/5826 3997/101/5824
f  3997/101/5824 3999/12/5826 4000/13/5827
f  3998/15/5825 4001/102/5828 3999/12/5826
f  3999/12/5826 4001/102/5829 4002/103/5830
f  3999/12/5826 4002/103/5830 4000/13/5827
f  4000/13/5827 4002/103/5830 4003/104/5831
f  4001/102/5829 4004/17/5832 4002/103/5830
f  4002/103/5830 4004/17/5832 4003/104/5831
f  4005/8/5833 4008/96/5834 4006/10/5835
f  4006/10/5835 4008/96/5834 4009/97/5836
f  4006/10/5835 4009/97/5836 4007/4/5837
f  4007/4/5837 4009/97/5836 4010/98/5838
f  4008/96/5834 4011/9/5839 4009/97/5836
f  4009/97/5836 4011/9/5839 4012/5/5840
f  4009/97/5836 4012/5/5840 4010/98/5838
f  4010/98/5838 4012/5/5840 4013/6/5841
f  4011/9/5839 4014/99/5842 4012/5/5840
f  4012/5/5840 4014/99/5842 4015/100/5843
f  4012/5/5840 4015/100/5843 4013/6/5841
f  4013/6/5841 4015/100/5843 4016/101/5844
f  4014/99/5842 4017/15/5845 4015/100/5843
f  4015/100/5843 4017/15/5845 4018/12/5846
f  4015/100/5843 4018/12/5846 4016/101/5844
f  4016/101/5844 4018/12/5846 4019/13/5847
f  4017/15/5845 4020/102/5848 4018/12/5846
f  4018/12/5846 4020/102/5848 4021/103/5849
f  4018/12/5846 4021/103/5849 4019/13/5847
f  4019/13/5847 4021/103/5849 4022/104/5850
f  4020/102/5848 4023/17/5851 4021/103/5849
f  4021/103/5849 4023/17/5851 4022/104/5850
f  4024/8/5852 4027/96/5853 4025/10/5854
f  4025/10/5854 4027/96/5853 4028/97/5855
f  4025/10/5854 4028/97/5855 4026/4/5856
f  4026/4/5856 4028/97/5855 4029/98/5857
f  4027/96/5853 4030/9/5858 4028/97/5855
f  4028/97/5855 4030/9/5858 4031/5/5859
f  4028/97/5855 4031/5/5859 4029/98/5857
f  4029/98/5857 4031/5/5859 4032/6/5860
f  4030/9/5858 4033/99/5861 4031/5/5859
f  4031/5/5859 4033/99/5861 4034/100/5862
f  4031/5/5859 4034/100/5862 4032/6/5860
f  4032/6/5860 4034/100/5862 4035/101/5863
f  4033/99/5861 4036/15/5864 4034/100/5862
f  4034/100/5862 4036/15/5864 4037/12/5865
f  4034/100/5862 4037/12/5865 4035/101/5863
f  4035/101/5863 4037/12/5865 4038/13/5866
f  4036/15/5864 4039/102/5867 4037/12/5865
f  4037/12/5865 4039/102/5867 4040/103/5868
f  4037/12/5865 4040/103/5868 4038/13/5866
f  4038/13/5866 4040/103/5868 4041/104/5869
f  4039/102/5867 4042/17/5870 4040/103/5868
f  4040/103/5868 4042/17/5870 4041/104/5869
