# 
# Wavefront OBJ file
# Converted by the DEEP Exploration 3.5.9.1158
# Right Hemisphere, LTD
# http://www.righthemisphere.com/
# 
mtllib GC18_2.mtl
# object GC18_2
g GC18_2
v -0.120148 -0.0051963 -0.039872
v -0.124297 0.00269647 -0.0411425
v -0.115555 0.00249983 -0.0389855
v -0.123507 -0.00518758 0.0184719
v -0.127519 0.0024767 0.0172422
v -0.119038 0.00227128 0.0193351
v -0.148073 -0.00124856 0.0717302
v -0.151019 0.00593855 0.0683746
v -0.144474 0.00614259 0.0737342
v -0.195899 0.00662715 0.105152
v -0.197085 0.0128418 0.0999649
v -0.193763 0.0142236 0.107313
v -0.252296 0.0166086 0.118299
v -0.252913 0.0202455 0.111309
v -0.251129 0.0244088 0.117786
v -0.309726 0.0253318 0.125152
v -0.309528 0.0305904 0.119624
v -0.308569 0.0326696 0.126904
v -0.38298 0.0358687 0.131425
v -0.383283 0.0360731 0.124129
v -0.382382 0.0422509 0.127922
v -0.456583 0.0455148 0.134224
v -0.456924 0.0444547 0.127307
v -0.456003 0.0509301 0.129817
v -0.52998 0.0575243 0.136037
v -0.530533 0.05387 0.130398
v -0.529383 0.0605031 0.130018
v -0.60775 0.0742041 0.131837
v -0.608582 0.0696263 0.127303
v -0.606908 0.0756563 0.125561
v -0.683518 0.0972922 0.124275
v -0.684466 0.0930298 0.119767
v -0.682227 0.0987056 0.118298
v -0.746514 0.124585 0.113335
v -0.748153 0.120109 0.109534
v -0.74571 0.12524 0.107328
v -0.810081 0.152012 0.11364
v -0.811665 0.149513 0.108512
v -0.80908 0.154839 0.108536
v -0.827416 0.160576 0.118468
v -0.829179 0.161013 0.112887
v -0.825794 0.165195 0.115231
v -0.843931 0.170553 0.125296
v -0.845695 0.171689 0.119872
v -0.842128 0.175383 0.122603
v -0.860109 0.180648 0.132968
v -0.861895 0.182075 0.127677
v -0.858251 0.185522 0.130517
v -0.875968 0.190753 0.141354
v -0.877732 0.192394 0.136178
v -0.874049 0.195635 0.139099
v -0.891696 0.200916 0.150025
v -0.893431 0.202603 0.144914
v -0.889768 0.205763 0.147843
v -0.907457 0.211128 0.158693
v -0.909115 0.212746 0.153595
v -0.905538 0.215916 0.156514
v -0.923378 0.223458 0.1644
v -0.811064 0.151096 0.112924
v -0.81144 0.15431 0.109305
v -0.807252 0.151969 0.110047
v -0.7939 0.186877 0.147434
v -0.794059 0.190565 0.14445
v -0.790003 0.188173 0.145053
v -0.782042 0.221969 0.184572
v -0.782052 0.225885 0.182088
v -0.778171 0.223371 0.182438
v -0.763711 0.246533 0.226385
v -0.763517 0.250752 0.224722
v -0.759765 0.248204 0.224889
v -0.759367 0.262175 0.275704
v -0.759212 0.266291 0.273991
v -0.755448 0.263961 0.274541
v -0.752506 0.288731 0.319747
v -0.752382 0.292759 0.317977
v -0.748737 0.290295 0.318097
v -0.735759 0.301516 0.366397
v -0.735597 0.305587 0.364866
v -0.731991 0.30315 0.364955
v -0.733503 0.320102 0.41481
v -0.733739 0.323175 0.411802
v -0.729991 0.3212 0.412573
v -0.718134 0.355598 0.439207
v -0.680933 0.0939572 0.12109
v -0.685746 0.0955259 0.122019
v -0.682085 0.0989698 0.120914
v -0.665273 0.0987853 0.174032
v -0.670028 0.100306 0.174747
v -0.666397 0.1037 0.173896
v -0.659862 0.102284 0.228816
v -0.664564 0.103731 0.229242
v -0.661019 0.107068 0.228418
v -0.6499 0.112866 0.28122
v -0.654467 0.11431 0.281927
v -0.650984 0.117584 0.281163
v -0.639254 0.108566 0.334308
v -0.643795 0.109972 0.33454
v -0.640306 0.113207 0.334391
v -0.644117 0.112155 0.388044
v -0.64861 0.113518 0.388145
v -0.645204 0.116699 0.387569
v -0.632866 0.121677 0.439047
v -0.63724 0.123057 0.439788
v -0.633893 0.126207 0.439113
v -0.626443 0.114744 0.491482
v -0.630834 0.116093 0.491746
v -0.627472 0.119228 0.49155
v -0.627469 0.121602 0.54393
v -0.631762 0.122985 0.544577
v -0.628583 0.125967 0.543245
v -0.614785 0.131181 0.583612
v -0.527333 0.0591317 0.130996
v -0.529105 0.0542305 0.132842
v -0.531783 0.0588536 0.134266
v -0.493328 0.0684657 0.176995
v -0.495306 0.0636322 0.178458
v -0.498091 0.0681513 0.179571
v -0.466633 0.0685576 0.228056
v -0.468751 0.0637854 0.229054
v -0.471665 0.0681804 0.229727
v -0.453239 0.076258 0.282615
v -0.455245 0.0715876 0.28378
v -0.458205 0.075864 0.284157
v -0.429885 0.0831818 0.333673
v -0.43204 0.0785649 0.334251
v -0.434815 0.0828059 0.335033
v -0.420246 0.0758004 0.388591
v -0.422391 0.0712331 0.388969
v -0.425254 0.0753991 0.389197
v -0.416078 0.0862733 0.442552
v -0.418075 0.0817989 0.443574
v -0.420928 0.0859077 0.443732
v -0.395918 0.0886984 0.493881
v -0.397989 0.0842312 0.494457
v -0.400639 0.0883261 0.495349
v -0.387029 0.0847705 0.547544
v -0.388951 0.0803781 0.548619
v -0.391633 0.0844497 0.54923
v -0.36788 0.0953046 0.595595
v -0.368715 0.0913892 0.598363
v -0.370697 0.0956741 0.599547
v -0.357753 0.0958384 0.604974
v -0.311693 0.0304019 0.12633
v -0.306305 0.0321621 0.123678
v -0.308208 0.0262154 0.123249
v -0.286294 0.0151249 0.177117
v -0.280756 0.0167195 0.175063
v -0.282578 0.0108884 0.174734
v -0.260273 0.00753958 0.229107
v -0.254741 0.00902949 0.227407
v -0.256583 0.00336245 0.22695
v -0.241939 -0.00916418 0.281329
v -0.236299 -0.00786161 0.280487
v -0.238131 -0.0133929 0.279976
v -0.236825 -0.0119105 0.338931
v -0.231343 -0.0105837 0.337813
v -0.232993 -0.0160889 0.337976
v -0.215894 -0.0133827 0.392803
v -0.210529 -0.0120364 0.391546
v -0.212273 -0.0174189 0.391136
v -0.207049 -0.0297554 0.446479
v -0.201629 -0.0284941 0.445773
v -0.203385 -0.0337831 0.445131
v -0.198904 -0.0307916 0.503522
v -0.194091 -0.0293226 0.50118
v -0.195697 -0.0346354 0.501125
v -0.168193 -0.0419906 0.540643
v -0.665686 0.313028 0.445987
v -0.723903 0.344967 0.438699
v -0.78212 0.376907 0.431412
v -0.667634 0.311077 0.460883
v -0.726438 0.343531 0.452656
v -0.785243 0.375984 0.444429
v -0.671203 0.310086 0.479055
v -0.729924 0.341455 0.469553
v -0.788645 0.372823 0.460052
v -0.676379 0.310784 0.502621
v -0.735382 0.338075 0.488065
v -0.794385 0.365366 0.473508
v -0.681766 0.309841 0.522407
v -0.741387 0.333721 0.504049
v -0.801009 0.357601 0.485692
v -0.68409 0.316711 0.545008
v -0.747671 0.330599 0.522733
v -0.811252 0.344488 0.500458
v -0.698923 0.321785 0.568212
v -0.755084 0.322742 0.540009
v -0.811246 0.3237 0.511807
v -0.764695 0.318305 0.561301
v -0.755328 0.371505 0.389361
v -0.722362 0.344967 0.436156
v -0.689396 0.318429 0.482952
v -0.74937 0.371077 0.384012
v -0.712719 0.343724 0.428658
v -0.676069 0.316371 0.473304
v -0.740555 0.369845 0.376976
v -0.701024 0.341645 0.417919
v -0.661493 0.313444 0.458863
v -0.728376 0.372622 0.36883
v -0.688283 0.339884 0.404606
v -0.64819 0.307147 0.440382
v -0.727121 0.363081 0.358421
v -0.677259 0.339591 0.38912
v -0.627398 0.316101 0.419819
v -0.71174 0.367646 0.339037
v -0.665252 0.335497 0.371071
v -0.618763 0.303348 0.403106
v -0.695317 0.358994 0.32321
v -0.653118 0.332225 0.355253
v -0.61092 0.305456 0.387296
v -0.640938 0.32903 0.339415
v -0.731597 0.33661 0.50411
v -0.724736 0.346273 0.437184
v -0.717875 0.355935 0.370258
v -0.744167 0.349205 0.505279
v -0.733078 0.354816 0.437562
v -0.721988 0.360426 0.369845
v -0.761792 0.36778 0.502685
v -0.744472 0.367141 0.436494
v -0.727152 0.366503 0.370304
v -0.777806 0.39056 0.497237
v -0.758662 0.38071 0.432965
v -0.739518 0.370859 0.368694
v -0.796396 0.407154 0.488667
v -0.769664 0.39417 0.427545
v -0.742933 0.381186 0.366423
v -0.811326 0.433394 0.477777
v -0.783917 0.408764 0.418276
v -0.756508 0.384134 0.358776
v -0.815079 0.45932 0.455923
v -0.79902 0.421507 0.406915
v -0.782961 0.383695 0.357907
v -0.818092 0.432702 0.39704
v -0.582028 0.167023 0.541439
v -0.619672 0.127461 0.57318
v -0.657316 0.0879004 0.604921
v -0.574984 0.159894 0.539449
v -0.611116 0.11734 0.570712
v -0.647248 0.0747865 0.601976
v -0.566622 0.15044 0.537274
v -0.600994 0.105295 0.565975
v -0.635366 0.0601497 0.594676
v -0.554601 0.137507 0.534366
v -0.591014 0.0918705 0.558013
v -0.627428 0.0462338 0.58166
v -0.544785 0.127001 0.529406
v -0.583241 0.0806569 0.548449
v -0.621696 0.0343131 0.567493
v -0.529175 0.115962 0.529178
v -0.572952 0.0686941 0.538099
v -0.616729 0.0214257 0.547019
v -0.518347 0.0955327 0.523777
v -0.565494 0.0593616 0.522984
v -0.612641 0.0231906 0.522191
v -0.554247 0.0466312 0.508256
v -0.675428 0.133119 0.604571
v -0.620651 0.13026 0.573391
v -0.565874 0.127401 0.542211
v -0.675848 0.148394 0.603943
v -0.620368 0.142519 0.572763
v -0.564889 0.136643 0.541583
v -0.675191 0.168158 0.60011
v -0.620204 0.158272 0.569893
v -0.565217 0.148385 0.539676
v -0.671445 0.191527 0.597022
v -0.619622 0.176075 0.564855
v -0.567798 0.160623 0.532689
v -0.677569 0.204314 0.582533
v -0.620067 0.194052 0.558687
v -0.562565 0.18379 0.534841
v -0.675068 0.235494 0.570422
v -0.619828 0.211876 0.545688
v -0.564588 0.188258 0.520954
v -0.66759 0.253513 0.546472
v -0.616739 0.226479 0.532074
v -0.565887 0.199444 0.517676
v -0.612368 0.2393 0.517044
v -0.574723 0.0806231 0.559276
v -0.621237 0.127735 0.574655
v -0.66775 0.174847 0.590034
v -0.577681 0.0739656 0.566898
v -0.625335 0.120807 0.583482
v -0.67299 0.167648 0.600065
v -0.583685 0.0648632 0.578076
v -0.631373 0.110726 0.595516
v -0.67906 0.156589 0.612955
v -0.588065 0.055715 0.592674
v -0.639657 0.0971007 0.607501
v -0.691248 0.138486 0.622328
v -0.596279 0.0430609 0.599505
v -0.646857 0.0843649 0.618344
v -0.697435 0.125669 0.637183
v -0.600578 0.0281523 0.615023
v -0.657229 0.0670947 0.628152
v -0.71388 0.106037 0.64128
v -0.613003 0.0162009 0.637899
v -0.668367 0.0478588 0.633203
v -0.723731 0.0795168 0.628506
v -0.676581 0.0252807 0.630148
v -0.384603 0.148779 0.617872
v -0.368144 0.0948301 0.598845
v -0.351686 0.0408816 0.579817
v -0.380285 0.155263 0.605546
v -0.364142 0.0999082 0.587908
v -0.347999 0.0445535 0.570271
v -0.374359 0.161424 0.590284
v -0.359789 0.105575 0.574171
v -0.345218 0.0497266 0.558058
v -0.36555 0.167667 0.571561
v -0.356207 0.110667 0.55786
v -0.346865 0.0536672 0.544158
v -0.3593 0.172499 0.555522
v -0.354215 0.114578 0.542783
v -0.34913 0.0566575 0.530043
v -0.345059 0.17832 0.541736
v -0.349715 0.119206 0.526212
v -0.354371 0.0600928 0.510687
v -0.332836 0.175984 0.521576
v -0.349519 0.124087 0.508725
v -0.366201 0.0721899 0.495874
v -0.343807 0.128194 0.488739
v -0.369591 0.0355315 0.623495
v -0.369029 0.0947311 0.601679
v -0.368468 0.153931 0.579863
v -0.373129 0.0397324 0.637046
v -0.371954 0.0988788 0.612859
v -0.370778 0.158025 0.588671
v -0.378686 0.0475721 0.654354
v -0.376675 0.104838 0.626952
v -0.374665 0.162105 0.59955
v -0.3812 0.0589206 0.675334
v -0.382242 0.112734 0.642743
v -0.383284 0.166547 0.610152
v -0.397044 0.0648571 0.687236
v -0.388113 0.120582 0.659033
v -0.379181 0.176307 0.63083
v -0.406125 0.0837946 0.716689
v -0.398341 0.132564 0.674477
v -0.390556 0.181334 0.632264
v -0.423056 0.111472 0.730478
v -0.407147 0.146939 0.68561
v -0.391239 0.182405 0.640743
v -0.415786 0.163431 0.693532
v -0.347991 0.125421 0.543477
v -0.367675 0.0929729 0.599861
v -0.387359 0.0605246 0.656245
v -0.343307 0.120445 0.541392
v -0.360409 0.083882 0.597166
v -0.377511 0.0473195 0.652941
v -0.336588 0.111769 0.538843
v -0.35014 0.0714331 0.592425
v -0.363692 0.0310969 0.646006
v -0.32534 0.104058 0.53717
v -0.33932 0.0570008 0.583908
v -0.3533 0.00994339 0.630646
v -0.32035 0.0945483 0.529375
v -0.328362 0.0451966 0.575411
v -0.336373 -0.00415503 0.621446
v -0.304877 0.0874002 0.522468
v -0.317202 0.0310461 0.562097
v -0.329527 -0.0253079 0.601727
v -0.283703 0.0724055 0.521903
v -0.308383 0.0182891 0.545392
v -0.333064 -0.0358272 0.568881
v -0.303128 0.0107115 0.522997
v -0.207131 -0.0983859 0.52718
v -0.178425 -0.036652 0.536986
v -0.149718 0.0250819 0.546791
v -0.213444 -0.0983386 0.539177
v -0.184925 -0.0357148 0.550115
v -0.156406 0.0269091 0.561053
v -0.220315 -0.0973149 0.554032
v -0.193773 -0.034416 0.565613
v -0.167232 0.0284829 0.577194
v -0.228528 -0.0959624 0.574232
v -0.205561 -0.0317662 0.58177
v -0.182595 0.0324301 0.589307
v -0.237712 -0.0945111 0.59014
v -0.218099 -0.0287325 0.594531
v -0.198486 0.037046 0.598923
v -0.242201 -0.0963802 0.611646
v -0.231805 -0.026347 0.609655
v -0.22141 0.0436862 0.607664
v -0.253128 -0.0866507 0.634586
v -0.249935 -0.0237074 0.619879
v -0.246742 0.039236 0.605172
v -0.269185 -0.0203775 0.634636
v -0.139143 0.00113139 0.502994
v -0.17743 -0.0379028 0.534478
v -0.215718 -0.0769369 0.565963
v -0.136896 -0.00520328 0.496364
v -0.175237 -0.0467171 0.526217
v -0.213579 -0.088231 0.556071
v -0.134945 -0.0143892 0.487301
v -0.173061 -0.0573441 0.514438
v -0.211177 -0.100299 0.541575
v -0.12916 -0.0269135 0.47792
v -0.170389 -0.0688902 0.500217
v -0.211619 -0.110867 0.522514
v -0.13512 -0.0278859 0.46404
v -0.166433 -0.0787194 0.484432
v -0.197747 -0.129553 0.504825
v -0.126121 -0.0429084 0.443794
v -0.166207 -0.0893773 0.465117
v -0.206294 -0.135846 0.486441
v -0.131679 -0.058591 0.424441
v -0.166426 -0.100441 0.448216
v -0.201173 -0.142291 0.471991
v -0.167132 -0.111626 0.431369
v -0.209199 -0.0366233 0.595812
v -0.176739 -0.0356126 0.536105
v -0.14428 -0.0346019 0.476398
v -0.199038 -0.0241547 0.602309
v -0.169447 -0.0270897 0.540214
v -0.139855 -0.0300248 0.478119
v -0.182626 -0.00561285 0.607942
v -0.158532 -0.0150687 0.544604
v -0.134439 -0.0245246 0.481266
v -0.161328 0.0126989 0.612234
v -0.146167 0.000344031 0.547336
v -0.131006 -0.0120108 0.482437
v -0.145311 0.0340122 0.611386
v -0.133243 0.0131633 0.547835
v -0.121175 -0.00768557 0.484284
v -0.119093 0.0539279 0.610901
v -0.118718 0.0300073 0.54513
v -0.118342 0.00608673 0.479358
v -0.088017 0.0650446 0.598443
v -0.10587 0.0479623 0.539461
v -0.123723 0.03088 0.480478
v -0.0962593 0.0696198 0.534444
v -0.558469 0.059885 0.127142
v -0.562326 0.06695 0.125927
v -0.554212 0.0668002 0.126568
v -0.561383 0.0683832 0.191834
v -0.565154 0.0752667 0.191226
v -0.55729 0.0751018 0.191546
v -0.566292 0.0735006 0.264379
v -0.569895 0.0801625 0.26445
v -0.562325 0.0799501 0.264555
v -0.564019 0.0653542 0.319341
v -0.567455 0.0717559 0.320414
v -0.560117 0.0715146 0.320221
v -0.564118 0.0557144 0.353021
v -0.567465 0.0618894 0.354599
v -0.560272 0.0616094 0.354532
v -0.564076 0.0466394 0.387609
v -0.567361 0.052795 0.388636
v -0.560315 0.0525084 0.388676
v -0.565529 0.0363258 0.462774
v -0.568683 0.0422355 0.463466
v -0.561955 0.0420111 0.463284
v -0.560955 0.0332901 0.523823
v -0.564008 0.038997 0.52398
v -0.557548 0.0387912 0.523607
v -0.559149 0.0370334 0.582491
v -0.56213 0.0424459 0.581753
v -0.555917 0.0422504 0.581462
v -0.554805 0.0530692 0.652278
v -0.557666 0.0581314 0.651209
v -0.551799 0.0578537 0.650538
v -0.543448 0.072218 0.724734
v -0.546189 0.0768811 0.723351
v -0.540695 0.0764958 0.722434
v -0.538997 0.0857515 0.757419
v -0.541725 0.0900944 0.75564
v -0.536354 0.0897781 0.754915
v -0.533908 0.102151 0.788838
v -0.536627 0.106132 0.786699
v -0.531455 0.105674 0.785774
v -0.527444 0.119383 0.81161
v -0.530195 0.122998 0.809186
v -0.525221 0.122341 0.808031
v -0.520373 0.140614 0.830065
v -0.527502 0.116778 0.804786
v -0.522609 0.126561 0.799406
v -0.534051 0.123978 0.806012
v -0.520254 0.119944 0.807376
v -0.52756 0.132476 0.802906
v -0.530237 0.120891 0.813254
v -0.517073 0.128376 0.807217
v -0.532899 0.132576 0.810374
v -0.521637 0.121668 0.816802
v -0.52097 0.136845 0.808853
v -0.532173 0.128642 0.819024
v -0.515114 0.12867 0.816824
v -0.527791 0.13993 0.814807
v -0.524817 0.126689 0.824758
v -0.515681 0.138098 0.817073
v -0.530389 0.137473 0.823398
v -0.516811 0.130836 0.826365
v -0.52129 0.1438 0.821081
v -0.525971 0.134883 0.830367
v -0.514653 0.138915 0.826898
v -0.5246 0.143671 0.828398
v -0.519569 0.137895 0.833203
v -0.51848 0.143632 0.83115
v -0.521806 0.142529 0.83393
v -0.520357 0.101786 0.800203
v -0.52822 0.101881 0.813508
v -0.53901 0.104483 0.803115
v -0.517488 0.0822996 0.798397
v -0.529525 0.0914679 0.818305
v -0.547556 0.0883005 0.801868
v -0.521279 0.0624194 0.806261
v -0.533007 0.0813015 0.817716
v -0.551399 0.0690993 0.806846
v -0.524753 0.0519333 0.822115
v -0.536027 0.0710089 0.827555
v -0.55248 0.0568178 0.82191
v -0.539081 0.0486751 0.842768
v -0.524274 0.133521 0.784642
v -0.510712 0.136595 0.79148
v -0.510667 0.121386 0.790408
v -0.518594 0.138556 0.764142
v -0.500539 0.142416 0.781108
v -0.500886 0.117856 0.778813
v -0.49532 0.144408 0.752624
v -0.503922 0.133374 0.773431
v -0.495796 0.114358 0.759979
v -0.474222 0.146808 0.762701
v -0.491331 0.136288 0.773657
v -0.477848 0.119266 0.767729
v -0.462155 0.132927 0.78604
v -0.54421 0.111975 0.808471
v -0.549824 0.127288 0.813182
v -0.547611 0.128977 0.796713
v -0.557753 0.102201 0.808396
v -0.562513 0.127801 0.817142
v -0.570354 0.128613 0.791291
v -0.574537 0.0964203 0.810477
v -0.574436 0.12318 0.816677
v -0.596087 0.120686 0.800694
v -0.586812 0.0939969 0.825523
v -0.58352 0.118682 0.828346
v -0.607104 0.116962 0.821351
v -0.605073 0.102533 0.847911
v -0.508309 0.116969 0.799879
v -0.50812 0.114943 0.815066
v -0.520007 0.106772 0.810682
v -0.49265 0.103439 0.795581
v -0.498772 0.108361 0.819098
v -0.516396 0.0931171 0.811881
v -0.478274 0.0867497 0.806067
v -0.494905 0.0987148 0.82003
v -0.506691 0.0783277 0.81366
v -0.470025 0.0767144 0.825006
v -0.488159 0.0884065 0.831808
v -0.496263 0.0679131 0.828677
v -0.476431 0.0674316 0.847325
v -0.540833 0.140302 0.793817
v -0.528878 0.151157 0.798465
v -0.521038 0.141328 0.787728
v -0.550669 0.148731 0.782316
v -0.531025 0.163534 0.793903
v -0.519358 0.154349 0.771651
v -0.556129 0.162685 0.767265
v -0.533497 0.160837 0.78222
v -0.52594 0.176218 0.761678
v -0.559464 0.178864 0.777686
v -0.536197 0.173471 0.784399
v -0.533905 0.195182 0.773483
v -0.549648 0.197573 0.795538
v -0.529223 0.10615 0.817449
v -0.535978 0.115454 0.827316
v -0.544966 0.116032 0.815438
v -0.531916 0.0912308 0.823307
v -0.53939 0.110041 0.837137
v -0.557923 0.106634 0.822081
v -0.540606 0.0792484 0.837135
v -0.546448 0.102093 0.843841
v -0.56729 0.093391 0.835376
v -0.545108 0.072567 0.856646
v -0.548942 0.0943983 0.85965
v -0.569157 0.0861078 0.857014
v -0.556893 0.0757749 0.880404
v -0.508458 0.136637 0.795928
v -0.501702 0.134935 0.811029
v -0.504403 0.119469 0.806417
v -0.491266 0.141506 0.784726
v -0.490296 0.139499 0.811543
v -0.491012 0.114232 0.803666
v -0.463673 0.141857 0.788383
v -0.482086 0.134721 0.806663
v -0.473795 0.11146 0.797113
v -0.447683 0.13955 0.805687
v -0.469289 0.13196 0.814544
v -0.458029 0.111282 0.809137
v -0.44507 0.124276 0.830841
v -0.549029 0.131695 0.812313
v -0.543673 0.145254 0.815747
v -0.542215 0.144706 0.801093
v -0.561189 0.132148 0.814341
v -0.551312 0.153807 0.818889
v -0.557309 0.155338 0.795862
v -0.575081 0.137266 0.815996
v -0.56205 0.157421 0.819356
v -0.579851 0.164784 0.805303
v -0.584264 0.141888 0.831214
v -0.57377 0.161312 0.832466
v -0.593981 0.166994 0.826757
v -0.595426 0.154548 0.849048
v -0.507506 0.110603 0.81871
v -0.5145 0.115926 0.832625
v -0.526385 0.10752 0.825532
v -0.49616 0.098458 0.826211
v -0.51103 0.111531 0.84402
v -0.527842 0.0942086 0.833832
v -0.48952 0.0836005 0.843405
v -0.508352 0.0997943 0.853012
v -0.52178 0.0782248 0.846612
v -0.487706 0.0753373 0.864605
v -0.504536 0.0924281 0.868486
v -0.517511 0.0724792 0.866196
v -0.502538 0.0685308 0.891544
v -0.524762 0.149393 0.801724
v -0.514073 0.150587 0.811899
v -0.508367 0.141345 0.802192
v -0.524141 0.162805 0.795367
v -0.509221 0.158421 0.813589
v -0.497893 0.149211 0.795086
v -0.516577 0.179562 0.792838
v -0.506714 0.162077 0.80591
v -0.489183 0.16853 0.791537
v -0.510329 0.194033 0.806379
v -0.501883 0.174908 0.812756
v -0.484615 0.185892 0.806147
v -0.495031 0.198518 0.827181
v -0.53798 0.118124 0.82799
v -0.5385 0.13339 0.833638
v -0.546926 0.134267 0.820037
v -0.546307 0.110595 0.836869
v -0.545437 0.135884 0.844221
v -0.563588 0.135777 0.825708
v -0.561 0.1076 0.849141
v -0.558396 0.133565 0.852803
v -0.581988 0.131463 0.842259
v -0.569304 0.108118 0.867477
v -0.568753 0.132132 0.868528
v -0.591456 0.127502 0.86376
v -0.586364 0.118699 0.888407
v -0.498695 0.131743 0.81332
v -0.502375 0.131383 0.827477
v -0.505218 0.117988 0.823031
v -0.478162 0.130889 0.81705
v -0.492664 0.131708 0.835747
v -0.493993 0.109446 0.829016
v -0.462141 0.126635 0.832904
v -0.483736 0.126768 0.842609
v -0.48023 0.104234 0.837859
v -0.453057 0.124216 0.853789
v -0.474202 0.125723 0.857948
v -0.470991 0.104738 0.856889
v -0.458988 0.114672 0.875026
v -0.542002 0.148241 0.816108
v -0.529397 0.155283 0.823261
v -0.52562 0.15594 0.807878
v -0.554148 0.160691 0.816429
v -0.531588 0.166557 0.828106
v -0.52902 0.177125 0.804874
v -0.562004 0.176712 0.820821
v -0.536976 0.177405 0.82809
v -0.539497 0.198641 0.813924
v -0.566714 0.188998 0.836328
v -0.543213 0.188238 0.839935
v -0.546802 0.210316 0.833043
v -0.563213 0.206482 0.858428
v -0.518033 0.117392 0.833353
v -0.523998 0.12872 0.840075
v -0.53514 0.122444 0.833841
v -0.514529 0.10653 0.846222
v -0.523716 0.126323 0.854663
v -0.542215 0.114611 0.847555
v -0.515345 0.0993656 0.8646
v -0.526088 0.11975 0.868656
v -0.543606 0.105251 0.865076
v -0.515536 0.0962085 0.885946
v -0.527397 0.113847 0.887928
v -0.541763 0.0985766 0.886651
v -0.529036 0.0940987 0.90769
v -0.511941 0.151838 0.811967
v -0.508823 0.148285 0.82719
v -0.501334 0.136985 0.819303
v -0.499452 0.167706 0.808865
v -0.501491 0.156758 0.832129
v -0.485405 0.141379 0.819935
v -0.482606 0.181252 0.818015
v -0.491042 0.161119 0.831752
v -0.468892 0.152884 0.822504
v -0.471079 0.18793 0.837334
v -0.482685 0.168338 0.843274
v -0.461103 0.160758 0.839684
v -0.461113 0.179391 0.859849
v -0.54109 0.135767 0.834057
v -0.533043 0.147338 0.836398
v -0.54014 0.150704 0.82474
v -0.551298 0.136001 0.843703
v -0.536762 0.153576 0.847476
v -0.55189 0.16243 0.832982
v -0.560479 0.142345 0.856385
v -0.545445 0.159864 0.857589
v -0.564364 0.16984 0.84985
v -0.567197 0.145735 0.874815
v -0.553686 0.161889 0.876001
v -0.571935 0.171252 0.872835
v -0.573045 0.160947 0.896697
v -0.500621 0.130312 0.831223
v -0.510494 0.136803 0.841664
v -0.516132 0.122452 0.839952
v -0.484907 0.126365 0.842268
v -0.502827 0.139164 0.85515
v -0.512408 0.116017 0.853571
v -0.475052 0.12082 0.864088
v -0.496502 0.132924 0.870741
v -0.503857 0.109005 0.868759
v -0.472217 0.118011 0.886951
v -0.49337 0.127333 0.8897
v -0.497721 0.10488 0.888465
v -0.482328 0.1108 0.91187
v -0.528315 0.155358 0.82287
v -0.518145 0.152537 0.832242
v -0.511202 0.153449 0.820249
v -0.53186 0.169839 0.824416
v -0.517223 0.160287 0.839115
v -0.503875 0.167195 0.822412
v -0.529527 0.185605 0.833349
v -0.514788 0.170011 0.841168
v -0.501422 0.185156 0.831324
v -0.528224 0.194429 0.847792
v -0.516207 0.177881 0.851788
v -0.502568 0.192741 0.848113
v -0.513769 0.197015 0.868127
v -0.522786 0.12875 0.842627
v -0.522774 0.14434 0.842995
v -0.536851 0.140998 0.837885
v -0.522755 0.125867 0.858011
v -0.524053 0.151064 0.857707
v -0.547179 0.144176 0.851864
v -0.527249 0.126051 0.877172
v -0.530746 0.15104 0.877264
v -0.553723 0.142164 0.874158
v -0.532016 0.125495 0.898188
v -0.53523 0.14829 0.898538
v -0.556297 0.140171 0.896685
v -0.546474 0.130858 0.91862
v -0.50211 0.153371 0.829274
v -0.511097 0.14909 0.843148
v -0.502529 0.135058 0.839689
v -0.48862 0.164968 0.838348
v -0.507137 0.154617 0.856048
v -0.491443 0.133172 0.850323
v -0.475301 0.172197 0.859181
v -0.496523 0.157128 0.868449
v -0.476955 0.138612 0.86481
v -0.469796 0.175248 0.880559
v -0.488471 0.15899 0.885294
v -0.468551 0.144312 0.883577
v -0.463889 0.165114 0.908182
v -0.533376 0.147535 0.840286
v -0.518475 0.150888 0.842423
v -0.522354 0.159771 0.830749
v -0.539679 0.153323 0.850944
v -0.515398 0.158531 0.853388
v -0.523249 0.175816 0.837819
v -0.543002 0.165447 0.863705
v -0.51868 0.170968 0.864523
v -0.528756 0.191552 0.855716
v -0.545109 0.174445 0.882066
v -0.522473 0.176876 0.882403
v -0.529758 0.197739 0.878726
v -0.53815 0.190331 0.903185
v -0.506404 0.139813 0.842958
v -0.517078 0.152895 0.843751
v -0.526757 0.139908 0.847521
v -0.497166 0.142694 0.858021
v -0.51512 0.163324 0.858245
v -0.530585 0.141744 0.862626
v -0.494957 0.146919 0.882474
v -0.514686 0.165858 0.882347
v -0.528403 0.14279 0.884279
v -0.493897 0.146796 0.904234
v -0.511724 0.164234 0.905154
v -0.524436 0.143244 0.905964
v -0.506219 0.14578 0.928862
v -0.521171 0.15863 0.839957
v -0.519394 0.14644 0.848945
v -0.505967 0.147812 0.842391
v -0.520925 0.172936 0.85312
v -0.518775 0.150854 0.863917
v -0.496192 0.155464 0.856295
v -0.51649 0.181956 0.872177
v -0.513076 0.158128 0.877598
v -0.490591 0.165962 0.872863
v -0.51267 0.185587 0.89389
v -0.508077 0.163648 0.895997
v -0.488025 0.172764 0.893655
v -0.49834 0.180249 0.918603
v -0.519765 0.140838 0.851197
v -0.509183 0.152602 0.845764
v -0.523955 0.15902 0.842362
v -0.519026 0.142405 0.869409
v -0.50193 0.16262 0.863769
v -0.525839 0.173651 0.859765
v -0.5179 0.148818 0.888999
v -0.502839 0.171106 0.885972
v -0.527748 0.180412 0.884458
v -0.518993 0.151651 0.909164
v -0.503154 0.170566 0.907979
v -0.524838 0.181538 0.907926
v -0.523353 0.166206 0.934484
v 0.00519817 3.18286e-019 -0.039862
v -0.0025692 -0.00436021 -0.0411949
v -0.00262897 0.00436021 -0.0389431
v 0.00519843 -0.00593439 0.0424273
v -0.00233255 -0.0101415 0.0411402
v -0.00237227 -0.0016968 0.0433214
v 0.000767095 -0.0400867 0.117811
v -0.00627181 -0.043053 0.114247
v -0.0067172 -0.0368324 0.119917
v -0.00923855 -0.113845 0.154471
v -0.0149775 -0.114922 0.14881
v -0.0170221 -0.112264 0.156219
v -0.0198492 -0.194382 0.169692
v -0.0254716 -0.194482 0.16423
v -0.0273366 -0.193311 0.171754
v -0.0294332 -0.285822 0.178592
v -0.0307439 -0.286154 0.171193
v -0.0364772 -0.285351 0.175996
v -0.0386884 -0.377647 0.183351
v -0.038397 -0.377941 0.176139
v -0.0447643 -0.377201 0.179469
v -0.0496593 -0.469495 0.186069
v -0.0467021 -0.469721 0.179781
v -0.0535898 -0.468976 0.180358
v -0.0617989 -0.555077 0.1804
v -0.0562064 -0.555711 0.176717
v -0.0621239 -0.554667 0.173694
v -0.0770004 -0.640131 0.17635
v -0.0719106 -0.641057 0.172374
v -0.0776852 -0.639269 0.169918
v -0.107734 -0.730414 0.161857
v -0.10277 -0.731622 0.158135
v -0.108082 -0.729262 0.155652
v -0.141894 -0.819156 0.146836
v -0.138152 -0.820176 0.142086
v -0.143629 -0.817574 0.141171
v -0.17543 -0.882519 0.140461
v -0.172195 -0.884517 0.135826
v -0.177426 -0.881753 0.13486
v -0.208058 -0.945333 0.153535
v -0.207731 -0.947158 0.147979
v -0.212321 -0.94398 0.149751
v -0.220724 -0.965615 0.163895
v -0.222237 -0.967609 0.158655
v -0.225617 -0.963754 0.161381
v -0.234021 -0.985222 0.175778
v -0.235808 -0.987226 0.170687
v -0.238937 -0.983291 0.173491
v -0.247303 -1.00447 0.18835
v -0.249227 -1.00646 0.183365
v -0.252204 -1.0025 0.186192
v -0.260589 -1.02354 0.201257
v -0.262549 -1.0255 0.196334
v -0.265454 -1.02156 0.199164
v -0.273935 -1.04267 0.214112
v -0.275813 -1.04455 0.209186
v -0.278739 -1.04071 0.212013
v -0.289549 -1.0622 0.223847
v -0.209367 -0.944067 0.152896
v -0.20752 -0.947441 0.15002
v -0.212195 -0.94637 0.149771
v -0.223603 -0.986613 0.197455
v -0.222076 -0.99076 0.195951
v -0.226637 -0.989769 0.195832
v -0.228594 -1.01233 0.255259
v -0.227156 -1.01651 0.254245
v -0.231589 -1.01555 0.254147
v -0.236156 -1.0287 0.315802
v -0.234769 -1.03283 0.314992
v -0.239091 -1.03187 0.314814
v -0.240024 -1.04069 0.37744
v -0.238642 -1.04467 0.37635
v -0.2429 -1.04376 0.376319
v -0.24388 -1.06107 0.436527
v -0.242466 -1.06484 0.43503
v -0.246652 -1.06389 0.434854
v -0.25422 -1.08517 0.492904
v -0.252748 -1.08864 0.490964
v -0.256859 -1.08764 0.490699
v -0.257359 -1.09723 0.507467
v -0.139514 -0.817973 0.145769
v -0.142941 -0.820903 0.143543
v -0.142044 -0.816287 0.141764
v -0.184324 -0.791688 0.185364
v -0.188478 -0.793971 0.184122
v -0.187976 -0.789171 0.183281
v -0.211101 -0.780752 0.244202
v -0.215297 -0.782881 0.2434
v -0.214884 -0.778154 0.24289
v -0.227518 -0.769885 0.306404
v -0.231676 -0.771929 0.305866
v -0.231265 -0.767311 0.305358
v -0.237502 -0.763326 0.370268
v -0.241548 -0.765355 0.36954
v -0.24116 -0.760804 0.369139
v -0.254718 -0.757344 0.432277
v -0.25863 -0.759385 0.431281
v -0.25817 -0.754933 0.430626
v -0.274523 -0.743962 0.491746
v -0.278307 -0.746013 0.490544
v -0.277722 -0.741681 0.489616
v -0.300465 -0.731504 0.543959
v -0.0730645 -0.642661 0.172033
v -0.0770481 -0.640784 0.175071
v -0.0742695 -0.637449 0.171944
v -0.0259205 -0.631294 0.222248
v -0.030705 -0.62984 0.223759
v -0.0272317 -0.626237 0.222262
v -0.00648931 -0.625855 0.288133
v -0.011352 -0.624529 0.288893
v -0.00783211 -0.620939 0.288054
v 0.00665195 -0.619216 0.354528
v 0.0018909 -0.617919 0.355242
v 0.00535181 -0.614403 0.354523
v 0.0181433 -0.618933 0.420964
v 0.0134579 -0.61766 0.42163
v 0.0168772 -0.614199 0.421041
v 0.0253898 -0.616206 0.487409
v 0.0207886 -0.614945 0.488197
v 0.0241069 -0.611545 0.487296
v 0.0402532 -0.609982 0.551505
v 0.0358341 -0.608707 0.552809
v 0.0390083 -0.605366 0.551538
v 0.0594435 -0.607722 0.614216
v 0.055235 -0.606445 0.615949
v 0.0581911 -0.603164 0.614262
v 0.0703656 -0.60122 0.64538
v -0.0479122 -0.47108 0.17965
v -0.051629 -0.471364 0.183963
v -0.0483721 -0.466731 0.183307
v 0.00502672 -0.499744 0.220277
v -7.72305e-005 -0.499265 0.222442
v 0.00325188 -0.494815 0.222153
v 0.0280926 -0.515587 0.285626
v 0.0228133 -0.514975 0.286735
v 0.0260707 -0.510635 0.286557
v 0.0428327 -0.52024 0.353764
v 0.0376513 -0.519635 0.354755
v 0.0408269 -0.515385 0.354535
v 0.0562098 -0.528533 0.421066
v 0.0511159 -0.527939 0.422036
v 0.0542671 -0.523779 0.421997
v 0.0652343 -0.536017 0.488544
v 0.0602529 -0.535459 0.489725
v 0.0633274 -0.531333 0.489515
v 0.0821878 -0.541963 0.553658
v 0.0774719 -0.541525 0.555527
v 0.0804747 -0.537425 0.555208
v 0.10499 -0.556914 0.614745
v 0.100644 -0.556694 0.617276
v 0.103615 -0.552639 0.617019
v 0.116759 -0.563532 0.642532
v -0.0208463 -0.195374 0.169678
v -0.0272212 -0.196075 0.170118
v -0.0247315 -0.190492 0.16813
v -0.0161231 -0.170634 0.237537
v -0.0223194 -0.171342 0.237734
v -0.0198532 -0.165683 0.236825
v -0.0179119 -0.160969 0.308788
v -0.0239265 -0.161684 0.308813
v -0.021537 -0.156149 0.308224
v -0.017957 -0.150241 0.379133
v -0.0238278 -0.150913 0.379369
v -0.0214941 -0.145525 0.378659
v -0.014367 -0.144137 0.449428
v -0.0201389 -0.144805 0.449582
v -0.017843 -0.139505 0.448934
v -0.0164358 -0.135858 0.519085
v -0.0221272 -0.136514 0.519226
v -0.0198625 -0.131377 0.518076
v -0.0145929 -0.118564 0.586267
v -0.0201916 -0.119095 0.586787
v -0.0179791 -0.114263 0.584876
v -0.0174344 -0.116525 0.588404
v -0.323699 -1.07309 0.496297
v -0.255057 -1.08862 0.49927
v -0.186415 -1.10415 0.502243
v -0.323549 -1.06584 0.509099
v -0.253989 -1.08138 0.512405
v -0.18443 -1.09693 0.515712
v -0.321972 -1.05742 0.524833
v -0.252551 -1.07157 0.527812
v -0.183129 -1.08572 0.530792
v -0.319193 -1.04695 0.545915
v -0.249933 -1.05844 0.54355
v -0.180674 -1.06994 0.541185
v -0.316706 -1.03552 0.562318
v -0.24718 -1.04461 0.555651
v -0.177654 -1.05371 0.548983
v -0.315429 -1.0287 0.585297
v -0.24451 -1.02956 0.570109
v -0.17359 -1.03042 0.554921
v -0.302939 -1.01333 0.606676
v -0.242659 -1.01023 0.579309
v -0.182379 -1.00713 0.551942
v -0.238821 -0.989425 0.592763
v -0.217207 -1.13309 0.472527
v -0.256434 -1.09062 0.497788
v -0.295662 -1.04814 0.523049
v -0.223864 -1.14038 0.47252
v -0.265415 -1.09899 0.497918
v -0.306966 -1.0576 0.523316
v -0.233931 -1.14922 0.471844
v -0.277262 -1.1096 0.496072
v -0.320593 -1.06998 0.520301
v -0.245729 -1.16161 0.473579
v -0.29069 -1.12177 0.4923
v -0.335651 -1.08193 0.511022
v -0.252609 -1.16398 0.461027
v -0.302777 -1.13506 0.486073
v -0.352945 -1.10614 0.511119
v -0.269065 -1.18431 0.454402
v -0.317847 -1.14655 0.474777
v -0.366628 -1.10878 0.495153
v -0.290377 -1.19067 0.44162
v -0.332563 -1.15561 0.464317
v -0.37475 -1.12055 0.487014
v -0.347353 -1.1634 0.452919
v -0.250314 -1.0379 0.541839
v -0.254229 -1.09039 0.498841
v -0.258144 -1.14288 0.455842
v -0.241319 -1.04605 0.552181
v -0.24762 -1.09699 0.506292
v -0.253921 -1.14793 0.460402
v -0.227548 -1.06052 0.564863
v -0.238177 -1.10708 0.515872
v -0.248805 -1.15365 0.466882
v -0.214272 -1.0793 0.578695
v -0.22527 -1.11922 0.525036
v -0.236268 -1.15915 0.471378
v -0.195936 -1.09534 0.586387
v -0.214399 -1.13196 0.53219
v -0.232863 -1.16858 0.477994
v -0.179253 -1.11995 0.598743
v -0.199136 -1.14747 0.53754
v -0.219019 -1.17498 0.476337
v -0.169036 -1.1538 0.601474
v -0.181833 -1.16219 0.539384
v -0.19463 -1.17059 0.477294
v -0.16017 -1.17298 0.540334
v -0.280231 -0.671487 0.519514
v -0.2919 -0.73511 0.5362
v -0.30357 -0.798733 0.552886
v -0.274036 -0.669022 0.529892
v -0.284793 -0.733211 0.548413
v -0.29555 -0.797399 0.566934
v -0.26706 -0.666944 0.542834
v -0.275177 -0.730688 0.562665
v -0.283294 -0.794431 0.582497
v -0.258543 -0.663972 0.560692
v -0.262331 -0.728382 0.577279
v -0.26612 -0.792791 0.593866
v -0.249345 -0.661035 0.574422
v -0.248854 -0.726342 0.588448
v -0.248363 -0.79165 0.602473
v -0.244995 -0.655305 0.593476
v -0.234225 -0.722763 0.601542
v -0.223455 -0.790221 0.609609
v -0.231138 -0.657869 0.6148
v -0.215825 -0.718572 0.609227
v -0.200512 -0.779274 0.603653
v -0.195807 -0.713535 0.621028
v -0.335013 -0.779521 0.519041
v -0.293971 -0.734153 0.534474
v -0.252929 -0.688785 0.549906
v -0.343219 -0.772639 0.517362
v -0.302658 -0.725672 0.532644
v -0.262097 -0.678704 0.547926
v -0.353092 -0.762343 0.514046
v -0.313519 -0.714743 0.528281
v -0.273946 -0.667144 0.542516
v -0.366358 -0.749642 0.512634
v -0.325744 -0.70246 0.521774
v -0.285131 -0.655279 0.530914
v -0.369594 -0.744684 0.498182
v -0.338878 -0.691676 0.513252
v -0.308162 -0.638668 0.528322
v -0.390037 -0.728396 0.487557
v -0.34994 -0.678645 0.499304
v -0.309843 -0.628893 0.511052
v -0.395866 -0.708751 0.470588
v -0.35839 -0.665536 0.486464
v -0.320915 -0.622321 0.502341
v -0.365435 -0.652304 0.472874
v -0.240278 -0.728829 0.577463
v -0.293606 -0.736169 0.535968
v -0.346934 -0.743509 0.494474
v -0.247464 -0.736503 0.589319
v -0.299519 -0.741948 0.544591
v -0.351575 -0.747392 0.499862
v -0.260649 -0.748719 0.604638
v -0.308712 -0.750259 0.555963
v -0.356774 -0.751798 0.507288
v -0.278344 -0.760121 0.621311
v -0.319829 -0.761907 0.567737
v -0.361314 -0.763693 0.514164
v -0.293494 -0.777248 0.633106
v -0.331865 -0.771681 0.577287
v -0.370237 -0.766114 0.521469
v -0.317588 -0.791717 0.649523
v -0.346728 -0.78591 0.586156
v -0.375869 -0.780104 0.522789
v -0.351455 -0.801396 0.655287
v -0.361164 -0.802523 0.59209
v -0.370872 -0.80365 0.528892
v -0.372037 -0.823337 0.598018
v 0.102676 -0.561265 0.606705
v 0.0658588 -0.604353 0.63459
v 0.0290414 -0.647441 0.662475
v 0.111459 -0.566975 0.607783
v 0.0765049 -0.612489 0.636075
v 0.0415511 -0.658003 0.664367
v 0.121877 -0.574698 0.609335
v 0.0895373 -0.622496 0.636033
v 0.057198 -0.670293 0.662732
v 0.136537 -0.585257 0.611443
v 0.103431 -0.634351 0.632929
v 0.070325 -0.683445 0.654415
v 0.149076 -0.594266 0.61038
v 0.115079 -0.644779 0.627166
v 0.0810816 -0.695293 0.643953
v 0.166132 -0.602381 0.614876
v 0.129259 -0.655606 0.62102
v 0.0923869 -0.708832 0.627164
v 0.181212 -0.621233 0.614039
v 0.14117 -0.664862 0.609034
v 0.101128 -0.70849 0.60403
v 0.156891 -0.676713 0.598178
v 0.00926436 -0.603131 0.664937
v 0.0647977 -0.601743 0.635021
v 0.120331 -0.600356 0.605104
v 0.0111214 -0.589054 0.670613
v 0.0669046 -0.590489 0.639454
v 0.122688 -0.591924 0.608294
v 0.0149435 -0.569604 0.675251
v 0.0695607 -0.575176 0.643309
v 0.124178 -0.580747 0.611367
v 0.0223839 -0.547369 0.681885
v 0.0730866 -0.557195 0.645944
v 0.123789 -0.567021 0.610002
v 0.019171 -0.528782 0.673624
v 0.0757402 -0.538427 0.647407
v 0.132309 -0.548073 0.62119
v 0.0271839 -0.495191 0.673888
v 0.0794341 -0.517301 0.642234
v 0.131684 -0.539412 0.610579
v 0.0389436 -0.470422 0.657258
v 0.0854716 -0.499565 0.634677
v 0.132 -0.528708 0.612097
v 0.0926339 -0.483518 0.624648
v 0.113039 -0.648175 0.618447
v 0.0644335 -0.604015 0.635967
v 0.0158283 -0.559855 0.653488
v 0.113273 -0.652881 0.627619
v 0.0639495 -0.608873 0.64687
v 0.0146262 -0.564866 0.666121
v 0.112245 -0.659066 0.641499
v 0.0633507 -0.615884 0.662147
v 0.0144562 -0.572703 0.682795
v 0.114346 -0.663343 0.657697
v 0.0619537 -0.626111 0.679217
v 0.00956116 -0.588879 0.700737
v 0.111898 -0.673518 0.669509
v 0.0618009 -0.635281 0.694949
v 0.0117034 -0.597044 0.720389
v 0.117388 -0.68099 0.687604
v 0.0604048 -0.648976 0.712628
v 0.00342163 -0.616961 0.737652
v 0.118767 -0.682287 0.714511
v 0.0583311 -0.666012 0.72763
v -0.00210438 -0.649736 0.740749
v 0.058042 -0.688796 0.735838
v 0.145965 -0.512238 0.62818
v 0.111439 -0.560573 0.632067
v 0.0769133 -0.608907 0.635955
v 0.1559 -0.518665 0.624715
v 0.121225 -0.56785 0.628503
v 0.0865493 -0.617034 0.632292
v 0.167261 -0.527485 0.620023
v 0.132724 -0.576388 0.622618
v 0.0981879 -0.62529 0.625213
v 0.181671 -0.539559 0.613759
v 0.14428 -0.585665 0.613386
v 0.106888 -0.63177 0.613013
v 0.193254 -0.54892 0.606113
v 0.153442 -0.59306 0.602996
v 0.11363 -0.637199 0.599879
v 0.209124 -0.56101 0.603447
v 0.16461 -0.601592 0.592099
v 0.120097 -0.642174 0.580752
v 0.219931 -0.579609 0.592962
v 0.173592 -0.60684 0.577219
v 0.127253 -0.634072 0.561475
v 0.185317 -0.616277 0.562306
v 0.0570426 -0.575353 0.662855
v 0.110527 -0.558592 0.633884
v 0.164012 -0.541831 0.604914
v 0.0600098 -0.566546 0.675052
v 0.113464 -0.551456 0.643434
v 0.166919 -0.536367 0.611817
v 0.0656062 -0.55297 0.689652
v 0.117396 -0.54098 0.654889
v 0.169185 -0.528991 0.620127
v 0.0758258 -0.53883 0.707595
v 0.122757 -0.528118 0.667076
v 0.169688 -0.517407 0.626556
v 0.0749445 -0.518118 0.713294
v 0.127876 -0.514371 0.679168
v 0.180808 -0.510624 0.645041
v 0.0890259 -0.491084 0.733732
v 0.134656 -0.495174 0.687665
v 0.180286 -0.499263 0.641599
v 0.106146 -0.460619 0.73427
v 0.143801 -0.477602 0.691636
v 0.181455 -0.494586 0.649001
v 0.154385 -0.460361 0.691956
v 0.155714 -0.589539 0.591973
v 0.110168 -0.560978 0.633558
v 0.0646212 -0.532416 0.675143
v 0.156611 -0.596344 0.596364
v 0.110522 -0.570636 0.640579
v 0.0644329 -0.544927 0.684794
v 0.156725 -0.606184 0.603462
v 0.111216 -0.584679 0.64981
v 0.0657078 -0.563174 0.696158
v 0.160519 -0.615688 0.613064
v 0.111419 -0.602868 0.657998
v 0.062319 -0.590047 0.702933
v 0.15921 -0.628241 0.615551
v 0.113024 -0.619732 0.664678
v 0.0668381 -0.611224 0.713806
v 0.166903 -0.64212 0.623546
v 0.113785 -0.641681 0.669115
v 0.0606675 -0.641243 0.714684
v 0.172049 -0.659331 0.642207
v 0.113913 -0.664462 0.668346
v 0.055776 -0.669594 0.694485
v 0.11542 -0.686313 0.65801
v 0.0107239 -0.0616815 0.555584
v -0.0162643 -0.12112 0.577264
v -0.0432524 -0.180558 0.598945
v 0.0216198 -0.0636914 0.560942
v -0.00354974 -0.12452 0.583768
v -0.0287193 -0.185349 0.606594
v 0.0346634 -0.0671288 0.567655
v 0.0126647 -0.128886 0.589948
v -0.00933401 -0.190643 0.612242
v 0.0525744 -0.0718586 0.576796
v 0.0315513 -0.134945 0.593636
v 0.0105282 -0.198031 0.610476
v 0.0689645 -0.0761322 0.581457
v 0.0487366 -0.140765 0.593462
v 0.0285086 -0.205399 0.605468
v 0.0873208 -0.0779415 0.593034
v 0.0685449 -0.146234 0.59361
v 0.0497691 -0.214526 0.594186
v 0.109726 -0.0917006 0.599226
v 0.0876566 -0.151197 0.586519
v 0.0655871 -0.210694 0.573812
v 0.110783 -0.157571 0.581622
v -0.0757668 -0.143267 0.586978
v -0.0183255 -0.119167 0.57695
v 0.0391158 -0.0950671 0.566922
v -0.0809674 -0.13154 0.590468
v -0.0224342 -0.108046 0.580142
v 0.0360991 -0.0845523 0.569816
v -0.0866309 -0.11493 0.592978
v -0.0279353 -0.0931558 0.58225
v 0.0307602 -0.071382 0.571522
v -0.0921519 -0.0947091 0.598195
v -0.0341353 -0.0757269 0.582935
v 0.0238812 -0.0567447 0.567676
v -0.0997022 -0.0830352 0.586826
v -0.0418359 -0.0583726 0.58196
v 0.0160304 -0.03371 0.577094
v -0.110747 -0.0536352 0.585216
v -0.048428 -0.0386486 0.574597
v 0.0138907 -0.0236619 0.563978
v -0.110314 -0.0283896 0.570147
v -0.0516031 -0.0205468 0.566208
v 0.0071082 -0.0127041 0.562269
v -0.0530455 -0.00315468 0.555969
v 0.0464802 -0.14188 0.583517
v -0.0181059 -0.121434 0.578025
v -0.0826919 -0.100988 0.572533
v 0.0447329 -0.147338 0.594625
v -0.0205753 -0.126392 0.58861
v -0.0858834 -0.105445 0.582594
v 0.0399563 -0.155414 0.610702
v -0.0244487 -0.133516 0.603345
v -0.0888538 -0.111619 0.595988
v 0.0350185 -0.161693 0.630198
v -0.0295364 -0.143991 0.619541
v -0.0940914 -0.126288 0.608884
v 0.0290951 -0.174714 0.644301
v -0.0345653 -0.153007 0.634542
v -0.0982257 -0.131301 0.624783
v 0.0238204 -0.184741 0.667662
v -0.0416643 -0.166704 0.650791
v -0.107149 -0.148666 0.633921
v 0.00736266 -0.190704 0.693575
v -0.0489862 -0.18364 0.664175
v -0.105335 -0.176576 0.634775
v -0.0521424 -0.205877 0.673238
v -0.0473225 -0.44 0.180459
v -0.0543091 -0.444059 0.179469
v -0.0543684 -0.435941 0.180072
v -0.0560737 -0.443294 0.24808
v -0.0628027 -0.447217 0.247582
v -0.0628454 -0.439418 0.247885
v -0.0578173 -0.447759 0.315306
v -0.0642857 -0.451476 0.315734
v -0.0642595 -0.444004 0.315797
v -0.0444842 -0.444829 0.377489
v -0.050556 -0.448349 0.378887
v -0.0505264 -0.441195 0.378713
v -0.0249537 -0.444161 0.452165
v -0.030754 -0.447501 0.453177
v -0.0307045 -0.440732 0.453162
v -0.0216025 -0.444666 0.514988
v -0.0271939 -0.447883 0.515031
v -0.0271817 -0.441439 0.514725
v -0.0275448 -0.438683 0.577657
v -0.0328277 -0.441756 0.577264
v -0.0327962 -0.435649 0.576809
v -0.036772 -0.435305 0.65289
v -0.0416081 -0.438213 0.651901
v -0.0415627 -0.4325 0.651473
v -0.0587604 -0.429276 0.724426
v -0.0630569 -0.432027 0.722851
v -0.0628294 -0.426751 0.722066
v -0.0849644 -0.418331 0.777831
v -0.0656799 -0.423421 0.756133
v -0.0804548 -0.417115 0.75023
v -0.0751935 -0.431694 0.756992
v -0.070396 -0.415706 0.75746
v -0.0844124 -0.42387 0.754643
v -0.0705987 -0.426641 0.762693
v -0.0789453 -0.413852 0.758191
v -0.0820707 -0.428786 0.761401
v -0.071461 -0.418603 0.765481
v -0.085599 -0.41813 0.760989
v -0.0772616 -0.427543 0.767995
v -0.0777813 -0.41368 0.766583
v -0.0866446 -0.423692 0.766463
v -0.0755321 -0.421407 0.772309
v -0.0849234 -0.414694 0.768549
v -0.0836418 -0.425107 0.772856
v -0.0790888 -0.415817 0.774493
v -0.088037 -0.418753 0.772871
v -0.0818457 -0.421434 0.77773
v -0.0847007 -0.415262 0.776834
v -0.0865751 -0.419573 0.778521
v -0.085856 -0.417912 0.779916
v -0.054002 -0.413536 0.763555
v -0.0628585 -0.421308 0.773265
v -0.0553851 -0.43216 0.76605
v -0.0405919 -0.407035 0.775777
v -0.0568258 -0.42022 0.788926
v -0.0428128 -0.437291 0.778775
v -0.0277561 -0.40697 0.792984
v -0.0453498 -0.421548 0.802379
v -0.0291096 -0.437417 0.793705
v -0.0189055 -0.408369 0.810006
v -0.0352487 -0.422611 0.816186
v -0.0188689 -0.436185 0.809914
v -0.0123372 -0.421661 0.830187
v -0.0962565 -0.414692 0.747391
v -0.0906304 -0.409454 0.760847
v -0.0829144 -0.401349 0.750492
v -0.113364 -0.405616 0.74676
v -0.100757 -0.400334 0.767781
v -0.0907816 -0.384952 0.751274
v -0.127797 -0.390933 0.75335
v -0.109361 -0.389403 0.770275
v -0.104762 -0.370366 0.755274
v -0.140936 -0.377746 0.764763
v -0.122163 -0.381135 0.777393
v -0.119009 -0.360481 0.769019
v -0.140812 -0.356658 0.785699
v -0.0670763 -0.441172 0.767222
v -0.0818573 -0.435192 0.77305
v -0.0864028 -0.444156 0.759709
v -0.0633857 -0.454851 0.780074
v -0.0868458 -0.442996 0.78805
v -0.0950245 -0.460879 0.76951
v -0.0654948 -0.4694 0.795268
v -0.0896563 -0.457664 0.801013
v -0.0966978 -0.47943 0.786623
v -0.068345 -0.480593 0.81228
v -0.0895894 -0.467736 0.815681
v -0.0975168 -0.489428 0.807035
v -0.083919 -0.495302 0.833461
v -0.0721956 -0.401554 0.758268
v -0.0735033 -0.409724 0.771165
v -0.0598798 -0.413627 0.76602
v -0.0680394 -0.384304 0.765699
v -0.072332 -0.400626 0.783862
v -0.0497497 -0.406288 0.776576
v -0.0614597 -0.370226 0.781219
v -0.0655231 -0.390483 0.794926
v -0.0420006 -0.392582 0.788811
v -0.0559631 -0.358851 0.79951
v -0.0590143 -0.379104 0.809119
v -0.0371483 -0.378739 0.804972
v -0.0439408 -0.358137 0.821425
v -0.098302 -0.434806 0.757764
v -0.0974692 -0.421293 0.767718
v -0.100613 -0.414795 0.752844
v -0.115314 -0.441802 0.761333
v -0.110165 -0.420422 0.77732
v -0.119123 -0.409116 0.754791
v -0.136394 -0.441313 0.768789
v -0.126684 -0.419106 0.781111
v -0.141665 -0.409018 0.761378
v -0.151581 -0.438911 0.781955
v -0.141837 -0.417148 0.788804
v -0.160672 -0.410585 0.774733
v -0.169733 -0.424022 0.79658
v -0.0592483 -0.42369 0.772744
v -0.0727452 -0.426256 0.779131
v -0.069856 -0.439071 0.772086
v -0.0485963 -0.423963 0.785482
v -0.0712449 -0.426476 0.79452
v -0.0663151 -0.448478 0.785954
v -0.0420443 -0.429362 0.804774
v -0.0656813 -0.432743 0.810327
v -0.058427 -0.45477 0.803698
v -0.0369386 -0.433164 0.824955
v -0.0589529 -0.434922 0.828507
v -0.0526487 -0.455841 0.825866
v -0.0406545 -0.444429 0.848891
v -0.0924649 -0.404872 0.757577
v -0.0856377 -0.407608 0.772493
v -0.0735556 -0.400371 0.764162
v -0.104203 -0.390254 0.760435
v -0.0928812 -0.399211 0.783144
v -0.0734772 -0.385114 0.771931
v -0.111609 -0.370576 0.772973
v -0.0964344 -0.38385 0.790796
v -0.0794068 -0.366649 0.780064
v -0.115369 -0.355019 0.789215
v -0.0997151 -0.369549 0.801328
v -0.0855102 -0.351774 0.793211
v -0.103499 -0.341921 0.812888
v -0.0836499 -0.441698 0.77157
v -0.0918297 -0.429949 0.775975
v -0.0986778 -0.434365 0.763696
v -0.0867493 -0.451581 0.781793
v -0.100617 -0.432487 0.787311
v -0.112559 -0.442851 0.769463
v -0.096019 -0.460973 0.794428
v -0.110121 -0.441542 0.797731
v -0.123722 -0.455875 0.784383
v -0.103403 -0.467621 0.811218
v -0.118141 -0.451223 0.812908
v -0.130009 -0.467731 0.80516
v -0.120127 -0.475122 0.827556
v -0.0662799 -0.403487 0.773724
v -0.074685 -0.413892 0.783314
v -0.0615589 -0.422455 0.779238
v -0.0612196 -0.391947 0.786092
v -0.0750147 -0.410849 0.798804
v -0.0524748 -0.422868 0.792971
v -0.0529128 -0.384482 0.806279
v -0.0660006 -0.405489 0.816105
v -0.0422096 -0.415194 0.810975
v -0.0458849 -0.380532 0.827543
v -0.0598281 -0.399634 0.833122
v -0.0381002 -0.409313 0.83072
v -0.0358337 -0.392311 0.85497
v -0.0998081 -0.421562 0.763656
v -0.0926572 -0.414127 0.774276
v -0.0923636 -0.40489 0.763016
v -0.113663 -0.421218 0.76879
v -0.099264 -0.409703 0.784085
v -0.102216 -0.394043 0.766719
v -0.128552 -0.415218 0.778834
v -0.11105 -0.403612 0.790361
v -0.12015 -0.386985 0.776352
v -0.142366 -0.410036 0.793405
v -0.125134 -0.399299 0.801502
v -0.136769 -0.383669 0.792401
v -0.150971 -0.394135 0.812379
v -0.0686318 -0.430156 0.780138
v -0.0838028 -0.425247 0.783449
v -0.0860985 -0.438572 0.774851
v -0.0635377 -0.435186 0.793849
v -0.0883346 -0.427407 0.798205
v -0.0913573 -0.449979 0.785813
v -0.0645155 -0.445858 0.812503
v -0.0898599 -0.439094 0.815009
v -0.0911234 -0.462992 0.805034
v -0.0671651 -0.453563 0.831736
v -0.090867 -0.44959 0.832463
v -0.0894443 -0.472344 0.826148
v -0.0806241 -0.470296 0.851227
v -0.08573 -0.399444 0.770962
v -0.0833028 -0.408786 0.781959
v -0.070014 -0.405185 0.777751
v -0.0907059 -0.384204 0.781945
v -0.0863088 -0.402462 0.796363
v -0.0649921 -0.395129 0.790491
v -0.0908843 -0.372287 0.799742
v -0.0846013 -0.392787 0.809785
v -0.0641247 -0.382933 0.80466
v -0.0909743 -0.36258 0.819751
v -0.0864137 -0.382744 0.826022
v -0.0672163 -0.373784 0.8243
v -0.0804014 -0.36337 0.841312
v -0.094336 -0.43516 0.775774
v -0.093698 -0.420521 0.782476
v -0.102896 -0.41825 0.769765
v -0.106548 -0.443614 0.787467
v -0.103108 -0.419433 0.796587
v -0.121151 -0.416348 0.778616
v -0.121073 -0.446678 0.801514
v -0.117623 -0.421651 0.807954
v -0.138919 -0.421086 0.793665
v -0.134128 -0.448669 0.81772
v -0.130466 -0.425589 0.822168
v -0.151692 -0.42578 0.812307
v -0.15375 -0.44291 0.837422
v -0.0697989 -0.413092 0.782567
v -0.0824957 -0.418939 0.786268
v -0.07439 -0.430308 0.783536
v -0.0633701 -0.407656 0.797597
v -0.0841563 -0.416887 0.803086
v -0.07093 -0.435435 0.799776
v -0.0595958 -0.406759 0.817107
v -0.0798956 -0.417735 0.82096
v -0.064934 -0.435086 0.818725
v -0.0571672 -0.405877 0.838592
v -0.0745648 -0.417914 0.841451
v -0.0590999 -0.432087 0.840391
v -0.0543525 -0.418463 0.8608
v -0.0995454 -0.41289 0.771444
v -0.0896778 -0.414462 0.783864
v -0.0837293 -0.402178 0.776138
v -0.115289 -0.404912 0.778961
v -0.0978213 -0.409698 0.797324
v -0.0891201 -0.388449 0.786519
v -0.127641 -0.393689 0.793565
v -0.106787 -0.398691 0.807895
v -0.101849 -0.37568 0.798403
v -0.136435 -0.383036 0.812077
v -0.116143 -0.390961 0.82098
v -0.111329 -0.368918 0.815777
v -0.131789 -0.369836 0.834062
v -0.0811308 -0.431457 0.78666
v -0.09015 -0.420426 0.787708
v -0.0974451 -0.429796 0.780185
v -0.0812254 -0.437743 0.800641
v -0.0950012 -0.41927 0.802473
v -0.108455 -0.434771 0.792673
v -0.087878 -0.44231 0.817707
v -0.1026 -0.424487 0.817809
v -0.115482 -0.441762 0.81053
v -0.0928174 -0.447517 0.836678
v -0.106655 -0.431631 0.83773
v -0.118634 -0.448015 0.833394
v -0.109834 -0.451595 0.857613
v -0.082932 -0.401736 0.782806
v -0.088428 -0.414811 0.789693
v -0.0730991 -0.41718 0.789392
v -0.0838637 -0.388949 0.796208
v -0.0941147 -0.410344 0.805593
v -0.0695143 -0.415335 0.805641
v -0.0821806 -0.381163 0.818161
v -0.0906928 -0.404185 0.825122
v -0.0658472 -0.40749 0.823755
v -0.0803623 -0.377415 0.840822
v -0.0861012 -0.399585 0.844997
v -0.0632528 -0.400323 0.843587
v -0.0713678 -0.384678 0.866151
v -0.0970438 -0.425519 0.780605
v -0.0888279 -0.416286 0.787423
v -0.0955953 -0.408318 0.778282
v -0.108671 -0.428666 0.789907
v -0.0936355 -0.415158 0.800538
v -0.10535 -0.400754 0.787881
v -0.119929 -0.426027 0.80487
v -0.103768 -0.411518 0.811932
v -0.118835 -0.397994 0.802185
v -0.1283 -0.424179 0.819383
v -0.111838 -0.412458 0.824467
v -0.126035 -0.398564 0.81939
v -0.132136 -0.409281 0.839195
v -0.0767829 -0.415505 0.789558
v -0.0922738 -0.414413 0.788129
v -0.089722 -0.429488 0.786843
v -0.0755175 -0.411965 0.805514
v -0.100628 -0.411787 0.803041
v -0.0950168 -0.435931 0.801648
v -0.0777709 -0.413166 0.826146
v -0.102892 -0.415251 0.825001
v -0.0952342 -0.438834 0.823746
v -0.0786736 -0.416666 0.847841
v -0.10161 -0.418656 0.847583
v -0.0945834 -0.440137 0.846056
v -0.0853544 -0.430687 0.86819
v -0.0999462 -0.408138 0.78584
v -0.0915669 -0.419938 0.794902
v -0.0800886 -0.407838 0.79288
v -0.111224 -0.401431 0.799304
v -0.0957698 -0.420815 0.811502
v -0.0782266 -0.40038 0.807815
v -0.117938 -0.394252 0.821371
v -0.0997958 -0.413038 0.830387
v -0.0845945 -0.390685 0.827522
v -0.122039 -0.389842 0.842308
v -0.103499 -0.405628 0.848834
v -0.0918816 -0.383794 0.846963
v -0.114628 -0.381372 0.870129
v -0.0859125 -0.424677 0.793076
v -0.0861155 -0.409268 0.792475
v -0.0993945 -0.413124 0.786226
v -0.0880043 -0.427297 0.807686
v -0.0892079 -0.402397 0.806569
v -0.110858 -0.409425 0.797367
v -0.0968752 -0.425778 0.825865
v -0.100075 -0.401079 0.82431
v -0.121702 -0.409965 0.81682
v -0.105647 -0.42505 0.84503
v -0.106324 -0.402317 0.843963
v -0.127437 -0.408238 0.839374
v -0.122165 -0.41568 0.86468
v -0.0917269 -0.405524 0.789061
v -0.103408 -0.417481 0.786554
v -0.0906852 -0.425962 0.793094
v -0.0988777 -0.39731 0.802887
v -0.117251 -0.417139 0.79874
v -0.0956872 -0.430575 0.807601
v -0.108265 -0.396006 0.82565
v -0.125078 -0.417362 0.822617
v -0.101591 -0.428936 0.828819
v -0.111993 -0.394846 0.846933
v -0.127932 -0.414037 0.846344
v -0.106266 -0.424927 0.850194
v -0.113103 -0.406395 0.871929
# 1650 verticies
vt 1 0
vt 1 0.333333
vt 0.666667 0
vt 0 0
vt 0.333333 0.333333
vt 0 0.333333
vt 0.666667 0.333333
vt 0.333333 0
vt 1 0.666667
vt 0.333333 0.666667
vt 0 0.666667
vt 0.666667 0.666667
vt 1 1
vt 0.333333 1
vt 0 1
vt 0.666667 1
vt 1 1.33333
vt 0.333333 1.33333
vt 0 1.33333
vt 0.666667 1.33333
vt 1 1.66667
vt 0.333333 1.66667
vt 0 1.66667
vt 0.666667 1.66667
vt 1 2
vt 0.333333 2
vt 0 2
vt 0.666667 2
vt 1 2.33333
vt 0.333333 2.33333
vt 0 2.33333
vt 0.666667 2.33333
vt 1 2.66667
vt 0.333333 2.66667
vt 0 2.66667
vt 0.666667 2.66667
vt 1 3
vt 0.333333 3
vt 0 3
vt 0.666667 3
vt 1 3.33333
vt 0.333333 3.33333
vt 0 3.33333
vt 0.666667 3.33333
vt 1 3.66667
vt 0.333333 3.66667
vt 0 3.66667
vt 0.666667 3.66667
vt 1 4
vt 0.333333 4
vt 0 4
vt 0.666667 4
vt 1 4.33333
vt 0.333333 4.33333
vt 0 4.33333
vt 0.666667 4.33333
vt 1 4.66667
vt 0.333333 4.66667
vt 0 4.66667
vt 0.666667 4.66667
vt 1 5
vt 0.333333 5
vt 0 5
vt 0.666667 5
vt 1 5.33333
vt 0.333333 5.33333
vt 0 5.33333
vt 0.666667 5.33333
vt 1 5.66667
vt 0.333333 5.66667
vt 0 5.66667
vt 0.666667 5.66667
vt 1 6
vt 0.333333 6
vt 0 6
vt 0.666667 6
vt 0.5 6.33333
vt 1 6.33333
vt 0.333333 6.33333
vt 0 6.33333
vt 0.666667 6.33333
vt 1 6.66667
vt 0.333333 6.66667
vt 0 6.66667
vt 0.666667 6.66667
vt 0.5 7
vt 0.5 6.66667
vt 0.5 4.66667
vt 1 0.142857
vt 0.5 0
vt 0.5 0.142857
vt 0 0.142857
vt 1 0.285714
vt 0.5 0.285714
vt 0 0.285714
vt 1 0.428571
vt 0.5 0.428571
vt 0 0.428571
vt 1 0.571429
vt 0.5 0.571429
vt 0 0.571429
vt 1 0.714286
vt 0.5 0.714286
vt 0 0.714286
vt 1 0.857143
vt 0.5 0.857143
vt 0 0.857143
vt 0.5 1
vt 1 0.2
vt 0.5 0.2
vt 0 0.2
vt 1 0.4
vt 0.5 0.4
vt 0 0.4
vt 1 0.6
vt 0.5 0.6
vt 0 0.6
vt 1 0.8
vt 0.5 0.8
vt 0 0.8
vt 0.5 6
vt 0.5 5.33333
vt 0.5 4
vt 0.5 3
# 124 texture verticies
vn -0.880663 -0.47103 -0.0506243
vn -0.86598 -0.4777 -0.147921
vn -0.88107 -0.47028 -0.0505197
vn 0.854693 -0.516801 0.0491534
vn 0.837483 -0.520409 0.166724
vn 0.811756 -0.510391 0.283817
vn -0.840672 -0.483269 -0.244381
vn 0.0212689 0.999762 0.00493714
vn 0.0269651 0.999545 -0.0135007
vn 0.0220891 0.999743 0.00511165
vn 0.026397 0.999011 -0.0357811
vn 0.855132 -0.516084 0.0490547
vn -0.733769 -0.507628 -0.451549
vn 0.687368 -0.488807 0.537209
vn 0.593635 -0.440445 0.673503
vn -0.631978 -0.551598 -0.544374
vn 0.0410155 0.996164 -0.0773032
vn 0.0377776 0.991303 -0.126061
vn -0.448193 -0.5988 -0.663748
vn 0.363303 -0.373401 0.85357
vn 0.290105 -0.218942 0.931614
vn -0.33889 -0.725397 -0.599127
vn 0.0592706 0.982059 -0.179016
vn 0.0537309 0.943395 -0.32729
vn -0.227026 -0.812173 -0.537433
vn 0.173469 -0.0786383 0.981695
vn 0.159225 -0.0584524 0.98551
vn -0.208161 -0.826554 -0.52295
vn 0.0684273 0.891644 -0.447536
vn 0.0708036 0.881474 -0.466893
vn -0.193374 -0.771739 -0.605826
vn 0.0756301 -0.145843 0.986413
vn 0.0310289 -0.236833 0.971055
vn -0.194276 -0.707264 -0.679732
vn 0.0729361 0.923505 -0.37659
vn 0.0730796 0.956407 -0.282744
vn -0.160954 -0.712221 -0.683253
vn 0.141819 0.46603 0.873329
vn 0.110195 0.470256 0.875623
vn 0.110797 0.5221 0.845657
vn -0.0756174 -0.996828 -0.0248066
vn -0.103223 -0.994378 -0.0235943
vn -0.104213 -0.993891 0.036325
vn 0.0540833 0.95825 -0.280769
vn 0.0552739 0.516546 -0.854473
vn 0.0388581 0.518696 -0.854075
vn 0.0321233 0.467163 -0.883588
vn -0.0164227 -0.22984 0.97309
vn -0.130998 -0.986605 0.0972082
vn 0.0912464 0.574659 0.81329
vn 0.11878 0.721957 0.681667
vn -0.117098 -0.949007 0.292702
vn 0.0159578 0.414947 -0.909706
vn 0.00520603 0.2259 -0.974137
vn -0.150806 -0.892081 0.425968
vn 0.130845 0.810639 0.57074
vn 0.164843 0.908408 0.384215
vn -0.151903 -0.779803 0.607316
vn 0.00819105 0.0827827 -0.996534
vn 0.00604778 -0.132432 -0.991174
vn -0.214255 -0.71912 0.661031
vn 0.200542 0.926812 0.317495
vn 0.235758 0.937203 0.257037
vn -0.236923 -0.667625 0.705793
vn 0.0124094 -0.207632 -0.978128
vn 0.00826516 -0.271265 -0.962469
vn -0.311656 -0.65069 0.69244
vn 0.281488 0.920841 0.269847
vn 0.318924 0.917754 0.236673
vn -0.338955 -0.610702 0.715648
vn 0.0218729 -0.267275 -0.963372
vn 0.0171267 -0.305637 -0.951994
vn -0.328642 -0.579025 0.74614
vn 0.374098 0.906376 0.1963
vn 0.384663 0.881427 0.274083
vn -0.326884 -0.639839 0.695523
vn -0.0346044 -0.332482 -0.942474
vn -0.0539902 -0.243219 -0.968468
vn -0.301329 -0.741769 0.599149
vn 0.463334 0.796957 0.387532
vn 0.468476 0.636344 0.612859
vn -0.400223 -0.838108 0.370671
vn -0.114625 -0.078262 -0.990321
vn -0.0781547 0.209918 -0.97459
vn -0.440734 -0.867458 0.230802
vn 0.536937 0.477513 0.695471
vn 0.496666 0.341706 0.797847
vn -0.520586 -0.851499 0.0627709
vn -0.0846897 0.378939 -0.921538
vn -0.0199966 0.536778 -0.843487
vn -0.521412 -0.852862 0.0275096
vn 0.535182 0.284273 0.795468
vn 0.52477 0.242699 0.815913
vn -0.542107 -0.840191 -0.0141046
vn -0.0110689 0.566682 -0.823862
vn 0.00461226 0.605497 -0.795835
vn -0.545041 -0.837967 -0.0272346
vn 0.543929 0.216457 0.810733
vn 0.542519 0.191214 0.817992
vn -0.557759 -0.828638 -0.0475731
vn 0.0029698 0.620326 -0.784339
vn 0.00912624 0.641363 -0.767183
vn -0.562705 -0.824684 -0.0570902
vn 0.552928 0.172537 0.81517
vn 0.549486 0.158943 0.820245
vn -0.569709 -0.818926 -0.0692245
vn 0.00912211 0.652538 -0.757701
vn 0.0149138 0.66341 -0.748107
vn -0.570396 -0.818152 -0.0726294
vn 0.55187 0.153618 0.819659
vn 0.550014 0.151759 0.821251
vn -0.571402 -0.817224 -0.0751302
vn 0.016543 0.665812 -0.745936
vn 0.0184869 0.66731 -0.74455
vn -0.588124 -0.806119 -0.0654341
vn 0.52285 0.169844 0.835333
vn 0.509343 0.178972 0.841748
vn -0.596437 -0.800402 -0.060173
vn 0.00412516 0.675558 -0.737295
vn -0.00356912 0.679575 -0.733597
vn -0.62192 -0.781731 -0.045954
vn -0.0257053 0.692723 -0.720746
vn 0.46679 0.204508 0.860397
vn -0.943542 0.192884 0.269305
vn -0.954403 0.165239 0.248619
vn -0.943362 0.188214 0.273211
vn 0.52293 -0.708147 0.474417
vn 0.524921 -0.703817 0.478643
vn 0.525524 -0.699858 0.483759
vn -0.964219 0.141511 0.224178
vn 0.421779 0.518709 -0.743669
vn 0.427951 0.539885 -0.724832
vn 0.419806 0.519738 -0.744067
vn 0.433414 0.560704 -0.705523
vn 0.521313 -0.708419 0.47579
vn -0.962177 0.14298 0.231886
vn 0.508625 -0.748477 0.425538
vn 0.486858 -0.796325 0.358937
vn -0.949911 0.158596 0.269289
vn 0.453341 0.605576 -0.654034
vn 0.462965 0.631482 -0.622007
vn -0.963403 0.142651 0.226949
vn 0.460127 -0.845593 0.270659
vn 0.458943 -0.852165 0.251369
vn -0.983688 0.101461 0.14854
vn 0.504069 0.706594 -0.496628
vn 0.523366 0.753158 -0.398548
vn -0.99423 0.0725669 0.079
vn 0.464448 -0.836918 0.289578
vn 0.478076 -0.808857 0.342337
vn -0.992859 0.0746432 0.0930557
vn 0.531858 0.763393 -0.36655
vn 0.514871 0.737732 -0.436646
vn -0.979695 0.106305 0.169991
vn 0.468051 -0.831098 0.300341
vn 0.451273 -0.870398 0.196877
vn -0.963602 0.129132 0.234085
vn 0.509497 0.722651 -0.467106
vn 0.514219 0.741228 -0.431463
vn -0.970612 0.120497 0.208307
vn 0.441255 -0.882419 0.163187
vn 0.453373 -0.860863 0.231016
vn -0.990346 0.0577581 0.126013
vn 0.527748 0.76562 -0.367844
vn 0.517355 0.782978 -0.345382
vn -0.989399 0.0777219 0.122673
vn 0.498964 -0.773991 0.389838
vn 0.509729 -0.741588 0.436146
vn -0.981088 0.0914333 0.170604
vn 0.497798 0.712781 -0.494106
vn 0.469728 0.665304 -0.58028
vn -0.935262 0.208189 0.286256
vn 0.407397 0.467176 -0.784713
vn 0.549827 -0.621562 0.557989
vn -0.276047 -0.946355 0.167958
vn -0.281605 -0.948956 0.142064
vn -0.27658 -0.946165 0.168156
vn 0.933407 0.204682 -0.294714
vn 0.949295 0.210185 -0.233798
vn 0.960864 0.217156 -0.171998
vn -0.284789 -0.951595 0.115597
vn -0.658517 0.741412 0.129088
vn -0.667265 0.738899 0.0937314
vn -0.659611 0.740392 0.129358
vn -0.675282 0.735271 0.0580524
vn 0.933546 0.204139 -0.294652
vn -0.281518 -0.949367 0.139463
vn 0.964549 0.218716 -0.147676
vn 0.958121 0.217669 -0.186077
vn -0.270859 -0.943893 0.188948
vn -0.683285 0.730083 0.0100426
vn -0.685495 0.728075 -0.00209864
vn -0.278271 -0.947971 0.154652
vn 0.954292 0.2152 -0.207404
vn 0.956975 0.218289 -0.19118
vn -0.288662 -0.955005 0.0681184
vn -0.677685 0.7333 0.0549021
vn -0.669521 0.73235 0.124119
vn -0.298178 -0.95451 0.00079164
vn 0.970918 0.221037 -0.0919779
vn 0.973628 0.227953 -0.00929463
vn -0.293391 -0.955811 0.0186464
vn -0.670386 0.736174 0.0928983
vn -0.683488 0.729905 -0.00909698
vn -0.288133 -0.951964 0.103654
vn 0.974393 0.222391 -0.0331666
vn 0.964639 0.221783 -0.142422
vn -0.275826 -0.946377 0.168197
vn -0.683774 0.726484 -0.0683628
vn -0.685554 0.727527 -0.0268121
vn -0.285866 -0.949734 0.12762
vn 0.957169 0.21397 -0.195051
vn 0.964607 0.2216 -0.142926
vn -0.292682 -0.956045 0.0177399
vn -0.675306 0.734209 0.0699897
vn -0.670043 0.731797 0.124563
vn -0.300063 -0.953717 -0.0196337
vn 0.972785 0.223161 -0.0623511
vn 0.972204 0.231208 -0.0369008
vn -0.291782 -0.955217 0.049232
vn -0.673393 0.734459 0.0843308
vn -0.689843 0.723862 -0.0118329
vn -0.275888 -0.944057 0.180673
vn 0.967882 0.22 -0.121673
vn 0.959677 0.217057 -0.178625
vn -0.270816 -0.939112 0.21149
vn -0.682797 0.730016 -0.0294162
vn -0.681974 0.731315 0.00945014
vn -0.250868 -0.919643 0.302194
vn -0.650213 0.74932 0.125469
vn 0.922905 0.182468 -0.339045
vn 0.758928 -0.451251 -0.469469
vn 0.770241 -0.451156 -0.450763
vn 0.758781 -0.451805 -0.469172
vn -0.129884 0.985966 -0.104888
vn -0.104036 0.992687 -0.0612294
vn -0.0800716 0.996648 -0.0167933
vn 0.782469 -0.447487 -0.43301
vn -0.621726 -0.535969 0.571133
vn -0.665654 -0.540874 0.514161
vn -0.62407 -0.53166 0.572602
vn -0.704953 -0.545443 0.453359
vn -0.135919 0.98554 -0.101176
vn 0.832841 -0.442905 -0.331981
vn -0.0758365 0.99696 -0.0178977
vn -0.0963765 0.99328 -0.0640756
vn 0.866424 -0.434064 -0.246774
vn -0.754439 -0.554513 0.351192
vn -0.768263 -0.558843 0.312196
vn 0.876055 -0.431892 -0.214469
vn -0.1099 0.98855 -0.103401
vn -0.106177 0.989736 -0.0956466
vn 0.859463 -0.433586 -0.270791
vn -0.766474 -0.557028 0.319745
vn -0.74808 -0.553965 0.365375
vn 0.852269 -0.436859 -0.287735
vn -0.0811408 0.996639 -0.0112766
vn -0.066468 0.995606 0.0659646
vn 0.865681 -0.433314 -0.250668
vn -0.773318 -0.557582 0.301797
vn -0.803328 -0.565942 0.185401
vn 0.891175 -0.43212 -0.138131
vn -0.0669393 0.997131 0.0353259
vn -0.0943217 0.992835 -0.0733626
vn 0.904067 -0.422435 -0.0648937
vn -0.819827 -0.563067 0.104107
vn -0.81226 -0.566753 0.137932
vn 0.897273 -0.43048 -0.0979184
vn -0.0992283 0.987059 -0.12597
vn -0.0934826 0.993128 -0.0704176
vn 0.876997 -0.433281 -0.207711
vn -0.796493 -0.560843 0.225953
vn -0.780697 -0.560256 0.276812
vn 0.858371 -0.437901 -0.267287
vn -0.0719051 0.99727 0.0168261
vn -0.0589921 0.997074 0.0486103
vn 0.873217 -0.432996 -0.223623
vn -0.790036 -0.558568 0.252678
vn -0.808407 -0.562077 0.174776
vn 0.877896 -0.434359 -0.201572
vn -0.0746063 0.997212 -0.00154232
vn -0.0938815 0.991874 -0.0858571
vn 0.877988 -0.417673 -0.233852
vn -0.803009 -0.558938 0.206797
vn -0.784949 -0.531865 0.317767
vn 0.796354 -0.467832 -0.383346
vn -0.0732045 0.987668 -0.138391
vn -0.0453859 0.991119 -0.124992
vn 0.754349 -0.478509 -0.44943
vn -0.642887 -0.491181 0.587739
vn -0.587598 -0.456423 0.668137
vn 0.583748 -0.547994 -0.599116
vn -0.350652 -0.396643 0.848362
vn 0.0203398 0.996692 -0.0786865
vn -0.133085 0.92877 0.345941
vn -0.153438 0.938446 0.309478
vn -0.135656 0.928116 0.346695
vn -0.704339 -0.695232 0.143385
vn -0.691808 -0.701326 0.171882
vn -0.679007 -0.706212 0.200533
vn -0.170996 0.947096 0.271605
vn 0.840755 -0.233862 -0.488304
vn 0.845315 -0.236705 -0.478971
vn 0.840575 -0.234473 -0.48832
vn 0.84993 -0.238982 -0.469582
vn -0.705501 -0.693786 0.144667
vn -0.172618 0.946874 0.271355
vn -0.692887 -0.701136 0.16827
vn -0.716705 -0.689288 0.105901
vn -0.163536 0.936507 0.310179
vn 0.865258 -0.246189 -0.436715
vn 0.875305 -0.251512 -0.413016
vn -0.174801 0.950617 0.256461
vn -0.736814 -0.674918 0.0398908
vn -0.7353 -0.676772 0.0362372
vn -0.201406 0.966058 0.161764
vn 0.915058 -0.275568 -0.2945
vn 0.937785 -0.286323 -0.196411
vn -0.216774 0.972932 0.0800729
vn -0.722215 -0.683495 0.106018
vn -0.699852 -0.692381 0.175542
vn -0.21751 0.97142 0.0950405
vn 0.938344 -0.292678 -0.183985
vn 0.921264 -0.278767 -0.271222
vn -0.198322 0.963805 0.17818
vn -0.712816 -0.686958 0.14136
vn -0.734905 -0.677452 0.0312016
vn -0.186169 0.951172 0.246195
vn 0.907775 -0.275279 -0.316491
vn 0.920136 -0.275894 -0.277907
vn -0.187736 0.955771 0.2264
vn -0.74538 -0.666335 -0.0201587
vn -0.738149 -0.673728 0.0350211
vn -0.223779 0.964729 0.13864
vn 0.936034 -0.287195 -0.203371
vn 0.942641 -0.28801 -0.168755
vn -0.200607 0.966952 0.157356
vn -0.699882 -0.695382 0.163124
vn -0.687223 -0.6983 0.200253
vn -0.189668 0.958775 0.211607
vn 0.915156 -0.27813 -0.291775
vn 0.89015 -0.265192 -0.370549
vn -0.104475 0.924939 0.365476
vn 0.778417 -0.229199 -0.58441
vn -0.629152 -0.715034 0.304787
vn -0.456833 -0.872376 -0.173967
vn -0.459283 -0.873413 -0.16189
vn -0.457046 -0.872413 -0.173217
vn -0.454104 -0.873451 -0.175709
vn -0.457276 -0.872493 -0.172208
vn -0.443565 -0.870548 -0.213065
vn -0.454178 -0.880253 -0.137393
vn -0.423883 -0.87976 -0.215281
vn -0.362333 -0.855796 -0.369225
vn -0.399953 -0.901729 -0.16408
vn -0.330292 -0.885374 -0.327139
vn -0.233343 -0.833565 -0.500719
vn -0.365323 -0.926347 -0.0917658
vn -0.270866 -0.925843 -0.263528
vn -0.128379 -0.852569 -0.506601
vn -0.27096 -0.96222 0.0267052
vn -0.085479 -0.945098 -0.31541
vn 0.143071 -0.739194 -0.658121
vn -0.00113577 -0.987379 -0.158372
vn 0.064225 -0.956532 -0.284466
vn 0.397064 -0.439684 -0.805617
vn 0.0701674 -0.982405 -0.173078
vn -0.321299 -0.902861 -0.285672
vn -0.331996 -0.901265 -0.27839
vn -0.328695 -0.901785 -0.280612
vn -0.350899 -0.898416 -0.264044
vn -0.334807 -0.900979 -0.275937
vn -0.372318 -0.894946 -0.245868
vn -0.285933 -0.897527 -0.335689
vn -0.352356 -0.889365 -0.291334
vn -0.449277 -0.870911 -0.199158
vn -0.280718 -0.874536 -0.395455
vn -0.42564 -0.873982 -0.23449
vn -0.378563 -0.872007 -0.310312
vn -0.76476 -0.518278 0.382791
vn -0.256437 -0.922282 -0.2892
vn -0.331309 -0.906003 -0.263425
vn -0.415994 -0.901791 -0.117145
vn -0.415825 -0.886864 -0.201401
vn -0.504814 -0.860588 -0.0674621
vn -0.507266 -0.857248 -0.088355
vn -0.470116 -0.872435 -0.133599
vn -0.428426 -0.88334 -0.19016
vn -0.393801 -0.891037 -0.225773
vn -0.439496 -0.88394 -0.159666
vn -0.705223 -0.687902 -0.171615
vn -0.705405 -0.68757 -0.172195
vn -0.707477 -0.685504 -0.171932
vn -0.711353 -0.680974 -0.173931
vn -0.713468 -0.679133 -0.172458
vn -0.729973 -0.659487 -0.179488
vn -0.733043 -0.65486 -0.183863
vn -0.718721 -0.674982 -0.166854
vn -0.60227 -0.790991 -0.107719
vn -0.704075 -0.699623 -0.121685
vn -0.641938 -0.760343 -0.0989696
vn -0.701283 -0.699397 -0.138008
vn -0.729437 -0.664392 -0.162803
vn -0.764616 -0.621662 -0.169996
vn -0.6796 -0.729422 -0.0780235
vn -0.816277 -0.548797 -0.180317
vn -0.694955 -0.718968 0.0110799
vn -0.353138 -0.884355 0.305302
vn -0.89643 -0.354261 -0.266294
vn -0.668133 -0.678762 0.304763
vn -0.654063 -0.715048 0.246796
vn -0.00685277 -0.7928 0.609444
vn -0.602942 -0.714929 0.35403
vn -0.473811 -0.230963 -0.849799
vn -0.47906 -0.220437 -0.849652
vn -0.485033 -0.215969 -0.847408
vn -0.50759 -0.182796 -0.841985
vn -0.496215 -0.202332 -0.844294
vn -0.545711 -0.134646 -0.827085
vn -0.485388 -0.187591 -0.853937
vn -0.558178 -0.0857206 -0.825282
vn -0.649247 0.0469415 -0.759128
vn -0.511633 -0.075087 -0.855917
vn -0.625484 0.0955474 -0.774365
vn -0.704188 0.245711 -0.666142
vn -0.451727 -0.029265 -0.891676
vn -0.624825 0.239419 -0.743151
vn -0.678929 0.360788 -0.639444
vn -0.333081 0.0515665 -0.941487
vn -0.183336 -0.239639 -0.953395
vn -0.548735 0.381018 -0.74412
vn -0.668612 0.626497 -0.400574
vn -0.401907 0.433353 -0.806645
vn -0.477017 0.544012 -0.690294
vn -0.607652 0.793002 -0.0436825
vn -0.391527 0.526872 -0.754396
vn -0.391527 0.526872 -0.754396
vn -0.496025 -0.0492578 -0.86691
vn -0.49559 -0.0773782 -0.865103
vn -0.494708 -0.0384971 -0.868206
vn -0.495704 -0.0874584 -0.864077
vn -0.493144 -0.0199842 -0.869718
vn -0.495771 -0.103639 -0.862247
vn -0.493918 -0.112597 -0.862187
vn -0.507218 -0.153749 -0.847993
vn -0.52694 -0.294513 -0.797243
vn -0.52578 -0.123593 -0.841594
vn -0.531601 -0.387438 -0.753188
vn -0.518222 -0.214586 -0.827888
vn -0.498349 -0.743666 -0.445655
vn -0.410694 -0.303154 -0.8599
vn -0.458992 -0.302223 -0.835456
vn -0.352499 0.165188 -0.921118
vn -0.493651 -0.470531 -0.731375
vn -0.499502 -0.606396 -0.618693
vn -0.403261 -0.535669 -0.741916
vn -0.4623 -0.861542 -0.20982
vn -0.497392 -0.60102 -0.625601
vn -0.501255 -0.573369 -0.648067
vn -0.484351 -0.511195 -0.709988
vn -0.456788 -0.450754 -0.76692
vn -0.49343 -0.585625 -0.643095
vn -0.646119 -0.432682 -0.628742
vn -0.639031 -0.421692 -0.643285
vn -0.644015 -0.429864 -0.632821
vn -0.636464 -0.416969 -0.648884
vn -0.641923 -0.426588 -0.637148
vn -0.635706 -0.41545 -0.650599
vn -0.649934 -0.441767 -0.618407
vn -0.616429 -0.40562 -0.674898
vn -0.547542 -0.308732 -0.777742
vn -0.553195 -0.37004 -0.746355
vn -0.502006 -0.297519 -0.812079
vn -0.519832 -0.341501 -0.78304
vn -0.539742 -0.342631 -0.76895
vn -0.535443 -0.353271 -0.767137
vn -0.459021 -0.229224 -0.858345
vn -0.528264 -0.452226 -0.71863
vn -0.342056 -0.238742 -0.908845
vn -0.256981 -0.0484347 -0.965202
vn -0.542598 -0.586656 -0.601184
vn 0.0431421 -0.072374 -0.996444
vn 0.0423849 0.0395885 -0.998317
vn 0.268349 0.33532 -0.903078
vn 0.202713 0.212705 -0.955858
vn 0.132592 0.0853842 -0.987486
vn -0.909454 -0.139271 -0.391786
vn -0.907101 -0.137397 -0.397857
vn -0.90833 -0.138328 -0.394717
vn -0.912345 -0.140322 -0.384625
vn -0.906715 -0.136655 -0.39899
vn -0.92506 -0.152048 -0.34806
vn -0.906566 -0.125455 -0.402988
vn -0.935147 -0.139246 -0.325746
vn -0.971388 -0.173347 -0.16235
vn -0.929234 -0.0875451 -0.35897
vn -0.975114 -0.115566 -0.189203
vn -0.990163 -0.139314 0.0129708
vn -0.906746 -0.00851147 -0.421592
vn -0.971458 -0.016024 -0.236668
vn -0.997989 -0.0459825 0.0436342
vn -0.85658 0.146664 -0.494732
vn -0.985925 0.119059 -0.117375
vn -0.944119 0.0557039 0.324863
vn -0.931253 0.288122 -0.223056
vn -0.960725 0.266563 -0.0771402
vn -0.747495 0.0769081 0.6598
vn -0.919406 0.343146 -0.192209
vn -0.919406 0.343146 -0.192209
vn -0.970268 -0.0755346 -0.229943
vn -0.967158 -0.0797345 -0.241345
vn -0.970874 -0.0744094 -0.227741
vn -0.964562 -0.084062 -0.250108
vn -0.971823 -0.0728273 -0.224178
vn -0.959379 -0.0920786 -0.266672
vn -0.973237 -0.0693416 -0.219092
vn -0.962888 -0.099448 -0.25091
vn -0.911372 -0.181388 -0.369458
vn -0.91081 -0.209216 -0.355885
vn -0.896964 -0.204868 -0.391772
vn -0.965439 -0.104581 -0.238728
vn -0.883518 -0.146215 -0.444991
vn -0.955385 -0.0532823 -0.290518
vn -0.973995 0.204972 0.0965378
vn -0.901666 -0.165678 -0.399437
vn -0.869854 -0.201422 -0.450314
vn -0.865549 -0.1087 -0.488885
vn -0.349399 -0.580692 -0.735334
vn -0.854509 -0.22597 -0.467709
vn -0.910027 -0.114277 -0.398486
vn -0.960389 0.0343685 -0.276537
vn -0.952022 0.284553 -0.112623
vn -0.852502 -0.218407 -0.474909
vn -0.852502 -0.218407 -0.474909
vn -0.720689 -0.461592 -0.517242
vn -0.73515 -0.442617 -0.513462
vn -0.732679 -0.446265 -0.513838
vn -0.74466 -0.430475 -0.510072
vn -0.742462 -0.434005 -0.510285
vn -0.748676 -0.425238 -0.508583
vn -0.676915 -0.495867 -0.543969
vn -0.738167 -0.424312 -0.52447
vn -0.830896 -0.304618 -0.465638
vn -0.766585 -0.361543 -0.530692
vn -0.83429 -0.265303 -0.483296
vn -0.795606 -0.303495 -0.52431
vn -0.762767 -0.350083 -0.543717
vn -0.756044 -0.35206 -0.55177
vn -0.853935 -0.246006 -0.458559
vn -0.603044 -0.411578 -0.683331
vn -0.889027 -0.0828219 -0.450302
vn -0.959539 0.10383 -0.261732
vn -0.362452 -0.481779 -0.797821
vn -0.877 0.213037 -0.430681
vn -0.920439 0.209365 -0.330087
vn -0.922346 0.3462 -0.171531
vn -0.90893 0.280723 -0.308287
vn -0.795433 0.436635 -0.420281
vn -0.798047 0.43635 -0.415596
vn -0.794312 0.436215 -0.42283
vn -0.788116 0.432066 -0.438397
vn -0.792949 0.435916 -0.425686
vn -0.766929 0.426468 -0.479525
vn -0.804718 0.423818 -0.415701
vn -0.761996 0.403799 -0.506269
vn -0.670972 0.371743 -0.641564
vn -0.793179 0.366914 -0.486046
vn -0.687704 0.323796 -0.649784
vn -0.553734 0.266758 -0.788809
vn -0.827405 0.303263 -0.472686
vn -0.715469 0.239815 -0.656195
vn -0.515044 0.161558 -0.841801
vn -0.875606 0.171134 -0.451693
vn -0.630326 0.0620936 -0.773843
vn -0.244296 -0.0556555 -0.968102
vn -0.689749 -0.0706904 -0.72059
vn -0.559776 -0.106567 -0.821763
vn 0.135515 -0.231937 -0.963245
vn -0.617713 -0.149076 -0.772144
vn -0.617713 -0.149075 -0.772144
vn -0.771728 0.308335 -0.556206
vn -0.775352 0.325402 -0.541243
vn -0.773146 0.316009 -0.549894
vn -0.779392 0.346133 -0.522246
vn -0.774769 0.323019 -0.543499
vn -0.784094 0.369841 -0.498411
vn -0.761049 0.309342 -0.570187
vn -0.76862 0.370438 -0.521535
vn -0.781399 0.464248 -0.417
vn -0.727751 0.325413 -0.603726
vn -0.781853 0.521026 -0.342399
vn -0.753968 0.412739 -0.511056
vn -0.634684 0.740599 0.220656
vn -0.816634 0.306982 -0.488745
vn -0.803613 0.375281 -0.46192
vn -0.834043 0.458029 -0.307541
vn -0.802821 0.46689 -0.370799
vn -0.805738 0.547791 -0.225193
vn -0.798311 0.553595 -0.237133
vn -0.803621 0.523282 -0.283495
vn -0.804326 0.485922 -0.341965
vn -0.806069 0.452689 -0.381215
vn -0.810737 0.502787 -0.299851
vn -0.637456 0.693942 -0.334805
vn -0.639375 0.691219 -0.336773
vn -0.633356 0.698365 -0.333385
vn -0.631821 0.698765 -0.335456
vn -0.623498 0.709066 -0.329355
vn -0.607075 0.722566 -0.330693
vn -0.61901 0.708468 -0.338969
vn -0.640017 0.693012 -0.331832
vn -0.753967 0.568576 -0.32902
vn -0.693885 0.652583 -0.304399
vn -0.74977 0.584473 -0.310219
vn -0.68152 0.656935 -0.322438
vn -0.66945 0.665305 -0.330463
vn -0.628703 0.708358 -0.320875
vn -0.749309 0.602055 -0.275801
vn -0.593459 0.746296 -0.30141
vn -0.790179 0.583888 -0.186259
vn -0.983771 0.177516 0.0261348
vn -0.749072 0.661629 -0.0337461
vn -0.863748 0.502208 0.0415581
vn -0.915993 -0.214128 0.339273
vn -0.891386 0.429261 0.145488
vn -0.891386 0.429261 0.145488
vn -0.879129 -0.476033 0.0229247
vn -0.877746 -0.479076 0.00687729
vn -0.878381 -0.47741 0.022944
vn 0.850955 -0.514435 0.105977
vn 0.851343 -0.514669 0.101642
vn 0.850054 -0.517555 0.0976946
vn -0.877848 -0.478851 -0.00915412
vn 0.0281847 0.991745 -0.125092
vn 0.0259022 0.994104 -0.105291
vn 0.0270475 0.991752 -0.125285
vn 0.0261316 0.996038 -0.085003
vn 0.850698 -0.51484 0.106077
vn -0.878167 -0.477524 -0.0281577
vn 0.8529 -0.521469 0.0251245
vn 0.851109 -0.523179 -0.0435651
vn -0.880512 -0.473049 -0.0303718
vn 0.026185 0.999639 0.00602367
vn 0.0304811 0.996523 0.0775467
vn -0.882495 -0.465665 -0.0660142
vn 0.846618 -0.517784 -0.123032
vn 0.845796 -0.516434 -0.133886
vn -0.884487 -0.456206 -0.0977669
vn 0.0337257 0.980949 0.191316
vn 0.0384864 0.971307 0.234695
vn -0.884346 -0.449498 -0.126029
vn 0.845253 -0.515146 -0.14203
vn 0.845242 -0.515902 -0.139319
vn -0.884916 -0.449641 -0.121439
vn 0.0396105 0.961834 0.270753
vn 0.0392547 0.963671 0.264191
vn -0.884935 -0.453708 -0.105069
vn 0.845839 -0.521997 -0.109888
vn 0.846579 -0.525749 -0.083013
vn -0.884225 -0.457709 -0.0929966
vn 0.0391393 0.974971 0.21886
vn 0.0380717 0.983015 0.179534
vn -0.88398 -0.465845 -0.0395875
vn 0.846628 -0.527903 -0.0673715
vn 0.846619 -0.526382 -0.078479
vn -0.882494 -0.470321 0.00141478
vn 0.0369997 0.993192 0.110455
vn 0.0354272 0.996119 0.0805734
vn -0.879823 -0.47293 0.047413
vn 0.84831 -0.526384 -0.0573506
vn 0.849599 -0.526841 -0.0249149
vn -0.879315 -0.47336 0.0522941
vn 0.0326074 0.999375 0.0136829
vn 0.0305734 0.999258 -0.0234349
vn -0.87812 -0.469615 0.0914683
vn 0.851972 -0.522898 0.0268566
vn 0.853688 -0.518751 0.0459718
vn -0.876049 -0.46553 0.125776
vn 0.0258093 0.99309 -0.11448
vn 0.0232985 0.98546 -0.1683
vn -0.871401 -0.452121 0.190385
vn 0.852752 -0.520312 0.0457058
vn 0.849183 -0.527403 0.0270905
vn -0.86858 -0.443736 0.220608
vn 0.0192714 0.972443 -0.232345
vn 0.0209413 0.969705 -0.243379
vn -0.863458 -0.429809 0.264017
vn 0.850776 -0.5243 0.0359141
vn 0.854134 -0.516028 0.0645755
vn -0.861746 -0.424761 0.277439
vn 0.014607 0.954947 -0.296416
vn 0.0101476 0.941046 -0.338127
vn -0.857531 -0.411569 0.30863
vn 0.859738 -0.500798 0.100257
vn 0.860211 -0.49802 0.1096
vn -0.85454 -0.40392 0.32651
vn -0.00146269 0.914107 -0.405471
vn -0.00305005 0.902014 -0.431696
vn -0.845262 -0.368337 0.387118
vn 0.861561 -0.493075 0.120786
vn 0.861189 -0.492812 0.124455
vn -0.836268 -0.340975 0.429409
vn -0.0158155 0.863402 -0.504268
vn -0.0232635 0.835044 -0.549691
vn -0.816632 -0.283846 0.502537
vn 0.867352 -0.476513 0.143654
vn 0.869789 -0.469287 0.152433
vn -0.811428 -0.26982 0.518442
vn -0.0370757 0.794337 -0.606345
vn -0.0381966 0.789287 -0.612836
vn -0.79411 -0.225949 0.564213
vn -0.0446636 0.773792 -0.631863
vn 0.877523 -0.44582 0.176628
vn 0 0 1
vn -0.83487 -0.2476 -0.491616
vn -0.849745 -0.164109 -0.501001
vn -0.857628 -0.146175 -0.49306
vn 0.567417 -0.436233 -0.698383
vn 0.576058 -0.417596 -0.702688
vn 0.609153 -0.380004 -0.696081
vn -0.864827 -0.0750565 -0.496428
vn -0.771039 0.0240093 -0.636335
vn 0.647808 -0.298831 -0.700746
vn 0.66052 -0.26858 -0.701126
vn -0.784824 -0.0437692 -0.618172
vn -0.483323 0.214676 -0.848712
vn 0.672903 -0.380162 -0.634569
vn 0.664935 -0.516268 -0.539749
vn -0.807246 -0.298624 -0.509095
vn -0.82652 -0.303315 -0.474199
vn -0.770841 -0.294524 -0.564853
vn 0.656657 -0.570306 -0.493511
vn 0.652712 -0.549168 -0.521902
vn -0.764991 -0.28785 -0.576135
vn 0.631122 -0.493783 -0.598217
vn 0.39932 -0.811106 -0.427376
vn 0.349588 -0.889788 -0.29337
vn 0.351967 -0.901519 -0.251759
vn -0.585436 0.0552493 -0.808834
vn -0.658607 0.0509416 -0.75076
vn -0.691054 0.0580539 -0.720468
vn 0.293416 -0.94898 -0.115519
vn 0.29471 -0.950614 -0.0973575
vn -0.738966 0.0590439 -0.67115
vn -0.886963 -0.096644 -0.451615
vn 0.256526 -0.946515 -0.195713
vn -0.886672 0.443311 -0.131483
vn -0.902443 -0.0274163 0.429936
vn -0.943983 -0.256607 -0.207482
vn 0.208277 -0.855898 -0.473349
vn 0.239714 -0.871554 -0.427704
vn 0.174228 -0.831923 -0.526828
vn -0.110539 0.542063 -0.833036
vn 0.171061 0.538634 -0.824992
vn 0.0626585 0.518944 -0.852509
vn 0.307436 0.520856 -0.796362
vn 0.14353 -0.816195 -0.559665
vn 0.378025 0.556972 -0.739513
vn -0.385443 0.139366 -0.912146
vn -0.27685 0.188443 -0.942254
vn -0.277288 0.213895 -0.936675
vn -0.261197 -0.956063 -0.133118
vn -0.168802 -0.977952 -0.122948
vn -0.104431 -0.989948 -0.0953778
vn -0.2184 0.260002 -0.940585
vn -0.180823 0.257939 -0.949089
vn 0.106366 -0.989443 -0.098431
vn 0.209698 -0.970803 -0.116479
vn -0.131563 0.253927 -0.958234
vn -0.04947 0.225599 -0.972963
vn 0.280055 -0.946195 -0.162127
vn 0.195003 -0.968314 -0.156016
vn -0.777972 0.144581 -0.611437
vn -0.773182 0.16348 -0.612751
vn -0.79358 0.158465 -0.587468
vn -0.770671 0.172924 -0.613321
vn 0.187677 -0.94615 -0.263776
vn 0.1592 -0.938652 -0.30592
vn -0.729901 0.172974 -0.661305
vn 0.204415 -0.853502 -0.479322
vn -0.311196 -0.942499 -0.121875
vn -0.498735 -0.859934 -0.108525
vn -0.528062 -0.84667 -0.0655798
vn 0.461069 -0.20788 -0.862671
vn 0.418038 -0.125388 -0.899734
vn 0.402145 -0.0784676 -0.912207
vn -0.665383 -0.745348 -0.0414962
vn -0.664841 -0.746797 -0.0167488
vn 0.360819 0.00697445 -0.93261
vn 0.346912 0.0552425 -0.936269
vn -0.693938 -0.714845 -0.0862923
vn -0.737241 -0.351237 -0.577155
vn -0.684392 -0.640447 -0.348476
vn 0.491489 -0.0286612 -0.870412
vn 0.628843 -0.112132 -0.769404
vn -0.618183 -0.72844 -0.295338
vn -0.597698 -0.706047 -0.37981
vn 0.719542 -0.194411 -0.666681
vn 0.707316 -0.175052 -0.68488
vn -0.597079 -0.665358 -0.448101
vn 0.674578 -0.156523 -0.721418
vn 0.486901 -0.169368 -0.856879
vn 0.539607 -0.250086 -0.803916
vn 0.559805 -0.228066 -0.79662
vn -0.864184 -0.173301 -0.47239
vn -0.874532 -0.232904 -0.425382
vn -0.880734 -0.257473 -0.397512
vn 0.623112 -0.308036 -0.71892
vn 0.641425 -0.297797 -0.707029
vn -0.88473 -0.298315 -0.358134
vn -0.787336 -0.393561 -0.474565
vn 0.671517 -0.40593 -0.619907
vn -0.242258 -0.932867 0.266591
vn -0.253107 -0.929542 0.26812
vn -0.231377 -0.936069 0.265028
vn -0.799251 -0.301566 -0.519861
vn -0.838524 -0.240176 -0.489073
vn 0.494132 0.540495 -0.680954
vn 0.393885 0.446322 -0.803524
vn 0.41598 0.392925 -0.820104
vn 0.337831 0.392673 -0.855382
vn -0.872331 -0.143904 -0.467259
vn -0.857601 -0.155885 -0.490122
vn 0.346628 0.545933 -0.762762
vn -0.808259 -0.194163 -0.555894
vn -0.883213 -0.183615 -0.431533
vn -0.868162 -0.119505 -0.481677
vn -0.888185 -0.110922 -0.445896
vn 0.269825 -0.930042 -0.249432
vn 0.331046 -0.896602 -0.294131
vn 0.365052 -0.877699 -0.310455
vn -0.880493 -0.0381125 -0.472524
vn -0.842261 -0.0106179 -0.538965
vn 0.434018 -0.823764 -0.36475
vn 0.466957 -0.792839 -0.391609
vn -0.859028 -0.0342111 -0.510784
vn -0.904589 -0.094422 -0.415696
vn 0.481097 -0.78725 -0.385725
vn 0.454497 -0.824951 -0.335989
vn -0.941249 -0.133737 -0.310105
vn -0.937113 -0.11945 -0.327948
vn 0.419848 -0.825854 -0.37642
vn 0.391802 -0.827508 -0.402148
vn -0.896726 -0.0980943 -0.431578
vn 0.379602 -0.756127 -0.533079
vn 0.435639 -0.851827 -0.290878
vn 0.300609 -0.923437 -0.238534
vn 0.326172 -0.926683 -0.186738
vn 0.124808 0.263457 -0.956563
vn 0.0245341 0.281748 -0.959175
vn -0.00996154 0.287782 -0.957644
vn 0.186877 -0.975739 -0.114061
vn 0.201315 -0.976226 -0.0803405
vn -0.173337 0.297052 -0.938996
vn -0.250031 0.286356 -0.924924
vn 0.0756851 -0.983938 -0.161674
vn -0.610586 -0.301003 -0.732518
vn -0.33298 0.27692 -0.901354
vn -0.305053 0.266639 -0.914246
vn 0.1075 -0.900843 -0.420625
vn 0.119142 -0.922749 -0.366524
vn 0.0959175 -0.859281 -0.502429
vn 0.533203 0.47692 -0.698743
vn 0.553282 0.480495 -0.680444
vn 0.535147 0.475849 -0.697986
vn 0.563173 0.482148 -0.671096
vn 0.0832717 -0.84792 -0.523544
vn 0.588459 0.488838 -0.644014
vn -0.129851 0.291348 -0.947763
vn -0.13811 0.294099 -0.945744
vn -0.129476 0.280445 -0.951098
vn -0.771944 -0.63347 -0.0530958
vn -0.763037 -0.644275 -0.0518061
vn -0.7134 -0.700757 -0.000431283
vn -0.097924 0.257185 -0.961388
vn -0.0456528 0.210918 -0.976437
vn -0.570805 -0.82072 0.0245021
vn -0.437636 -0.898146 0.0425131
vn -0.0122963 0.189406 -0.981822
vn 0.0102581 0.15797 -0.987391
vn -0.352934 -0.935633 -0.00535928
vn -0.331504 -0.942829 -0.0343275
vn -0.655266 0.515673 -0.552003
vn -0.641715 0.429817 -0.635184
vn -0.644893 0.451467 -0.616677
vn -0.631459 0.384558 -0.673331
vn -0.24418 -0.947894 -0.204627
vn -0.183598 -0.940455 -0.286069
vn -0.633815 0.385647 -0.670489
vn -0.104898 -0.8654 -0.489978
vn -0.615809 -0.787853 -0.00816373
vn -0.660679 -0.749291 -0.0454686
vn -0.673904 -0.737066 -0.0508572
vn 0.678766 -0.53693 -0.500981
vn 0.67921 -0.565037 -0.468409
vn 0.703025 -0.51536 -0.490061
vn -0.729294 -0.673685 -0.119493
vn -0.739087 -0.622811 -0.256625
vn 0.717539 -0.445108 -0.53574
vn 0.725146 -0.32824 -0.605328
vn -0.732273 -0.609408 -0.30397
vn -0.715455 -0.63936 -0.28168
vn 0.758481 -0.326341 -0.564099
vn 0.797458 -0.386377 -0.463438
vn -0.706199 -0.645668 -0.29051
vn -0.708767 -0.622647 -0.331603
vn 0.798805 -0.440849 -0.409344
vn 0.783189 -0.461574 -0.41661
vn -0.66926 -0.544144 -0.505962
vn 0.74747 -0.427828 -0.508186
vn 0.687963 -0.189998 -0.700434
vn 0.679803 -0.267879 -0.682722
vn 0.687752 -0.277295 -0.670898
vn -0.537077 0.430387 -0.725476
vn -0.516334 0.447879 -0.729934
vn -0.5797 0.425694 -0.69479
vn 0.678116 -0.345294 -0.648792
vn 0.683485 -0.345892 -0.642812
vn -0.600571 0.42288 -0.678591
vn -0.782678 0.0982606 -0.614622
vn 0.789566 -0.151188 -0.594751
vn -0.735904 -0.485811 -0.471629
vn -0.539997 -0.677759 -0.499046
vn -0.777752 -0.0677378 -0.624911
vn -0.647009 0.444798 -0.619302
vn 0.790919 0.113699 -0.601265
vn 0.794976 0.0987468 -0.59855
vn 0.754391 0.11784 -0.645761
vn -0.605041 0.561031 -0.564951
vn -0.584557 0.573815 -0.57361
vn 0.782273 0.143336 -0.606221
vn -0.577978 0.541011 -0.61094
vn -0.894243 0.128207 -0.428826
vn -0.84664 0.159063 -0.507839
vn -0.831422 0.170546 -0.528821
vn -0.342911 -0.926875 0.152691
vn -0.286405 -0.951045 0.116124
vn -0.214124 -0.971515 0.101532
vn -0.750748 0.205642 -0.627765
vn -0.678442 0.200642 -0.706725
vn -0.0624904 -0.997915 0.0161679
vn 0.0600173 -0.997129 -0.0461623
vn -0.723546 0.188528 -0.664032
vn -0.787217 0.123814 -0.604118
vn 0.114975 -0.990322 -0.0777424
vn 0.150632 -0.98597 -0.0719241
vn -0.838949 0.0796119 -0.538356
vn -0.801021 0.0445214 -0.596978
vn 0.19478 -0.96725 -0.162751
vn 0.240714 -0.942785 -0.230679
vn -0.762853 0.0457448 -0.644952
vn 0.259859 -0.891129 -0.371971
vn 0.188872 -0.981705 0.0241354
vn 0.0773392 -0.996991 -0.00523948
vn 0.0507193 -0.998657 0.0105702
vn 0.620616 0.12522 -0.774051
vn 0.631249 0.120352 -0.766186
vn 0.613946 0.148613 -0.775232
vn -0.0699569 -0.997167 -0.0276587
vn -0.122782 -0.980473 -0.153615
vn 0.627458 0.167292 -0.760467
vn 0.609728 0.2133 -0.763371
vn -0.137317 -0.970481 -0.19827
vn -0.105108 -0.978843 -0.175552
vn 0.702883 0.226061 -0.674427
vn 0.784955 0.219752 -0.579271
vn -0.0928403 -0.977651 -0.188625
vn -0.115203 -0.964836 -0.236263
vn 0.837928 0.181802 -0.514611
vn 0.839642 0.15475 -0.520628
vn -0.149586 -0.885569 -0.439763
vn 0.784522 0.150401 -0.601586
vn 0.20809 0.488426 -0.84743
vn 0.264198 0.412666 -0.871726
vn 0.285025 0.417347 -0.862892
vn -0.97104 0.0289923 -0.237151
vn -0.970514 -0.0277121 -0.239445
vn -0.971501 -0.079324 -0.223369
vn 0.327413 0.386432 -0.862248
vn 0.315406 0.323132 -0.892247
vn -0.941533 -0.233696 -0.242698
vn -0.914243 -0.30832 -0.262866
vn 0.267158 0.468384 -0.842165
vn 0.27296 0.134207 -0.952618
vn -0.899083 -0.337132 -0.27927
vn -0.927976 -0.269227 -0.25764
vn 0.13051 0.776707 -0.616192
vn 0.135157 0.780464 -0.610416
vn 0.121604 0.76631 -0.630858
vn -0.899731 -0.268811 -0.343838
vn -0.879633 -0.26608 -0.394267
vn 0.121194 0.769036 -0.627611
vn -0.780359 -0.29841 -0.549538
vn -0.849669 -0.514904 0.113739
vn -0.883581 -0.468252 0.00504862
vn -0.894486 -0.446909 -0.0129394
vn 0.448213 -0.88898 0.0939131
vn 0.50176 -0.864607 -0.0263135
vn 0.526905 -0.846808 -0.0727148
vn -0.914066 -0.390313 -0.11018
vn -0.904505 -0.383656 -0.18622
vn 0.569033 -0.7999 -0.190685
vn 0.602081 -0.75843 -0.249562
vn -0.895457 -0.400181 -0.194965
vn -0.863162 -0.459872 -0.208492
vn 0.627095 -0.735892 -0.255374
vn 0.670041 -0.696868 -0.255775
vn -0.832578 -0.48344 -0.270368
vn -0.791058 -0.490981 -0.364918
vn 0.678522 -0.659874 -0.32276
vn 0.686626 -0.613303 -0.39039
vn -0.74203 -0.442421 -0.503643
vn 0.646748 -0.565651 -0.511622
vn 0.901013 -0.343659 -0.264715
vn 0.823322 -0.491772 -0.283375
vn 0.815269 -0.519639 -0.255561
vn 0.166447 0.636185 -0.753369
vn 0.0521125 0.594587 -0.802341
vn -0.00421368 0.578326 -0.815795
vn 0.736912 -0.627407 -0.251639
vn 0.743678 -0.627659 -0.230192
vn -0.133579 0.513758 -0.847473
vn -0.175369 0.486855 -0.855697
vn 0.744347 -0.607972 -0.276255
vn 0.228254 -0.612206 -0.757036
vn -0.117204 0.600131 -0.791269
vn 0.0338678 0.743297 -0.668103
vn 0.761585 -0.547156 -0.347288
vn 0.799044 -0.539809 -0.26483
vn 0.743144 -0.55401 -0.375245
vn 0.144041 0.803327 -0.577856
vn 0.181237 0.792136 -0.582815
vn 0.667763 -0.548244 -0.503509
vn 0.143566 0.726914 -0.671554
vn -0.631809 0.549911 -0.546275
vn -0.605158 0.539327 -0.585585
vn -0.600389 0.560978 -0.569945
vn -0.755899 -0.586562 0.290796
vn -0.71031 -0.661162 0.241506
vn -0.683031 -0.695105 0.224269
vn -0.560317 0.565421 -0.605264
vn -0.535443 0.550201 -0.640765
vn -0.610862 -0.778347 0.144996
vn -0.551018 -0.829325 0.0927301
vn -0.577539 0.563106 -0.591067
vn -0.642217 0.580935 -0.500072
vn -0.486124 -0.873886 -0.00243554
vn -0.45167 -0.890721 -0.0510877
vn -0.672483 0.59884 -0.434922
vn -0.660585 0.586835 -0.468243
vn -0.418838 -0.887595 -0.191705
vn -0.409914 -0.880065 -0.239702
vn -0.618589 0.557952 -0.553207
vn -0.368198 -0.847201 -0.382991
vn -0.15305 -0.897638 0.413306
vn -0.266384 -0.911113 0.314503
vn -0.298328 -0.896027 0.328839
vn 0.911337 -0.328407 -0.248219
vn 0.88724 -0.307536 -0.343841
vn 0.878356 -0.314902 -0.359622
vn -0.436975 -0.875798 0.205015
vn -0.491116 -0.866205 0.0921625
vn 0.84861 -0.308517 -0.429742
vn 0.836569 -0.28272 -0.469278
vn -0.527763 -0.848278 -0.0434689
vn -0.479831 -0.868788 -0.122353
vn 0.868255 -0.264262 -0.41988
vn 0.902612 -0.21391 -0.373543
vn -0.448908 -0.867013 -0.216262
vn -0.417076 -0.85784 -0.300263
vn 0.912157 -0.190401 -0.362929
vn 0.892806 -0.149671 -0.424848
vn -0.412381 -0.816697 -0.403667
vn 0.843179 -0.134795 -0.52046
vn 0.660445 0.489537 -0.569356
vn 0.683074 0.369303 -0.630099
vn 0.712816 0.370983 -0.595202
vn -0.665633 0.667051 -0.334627
vn -0.729392 0.569545 -0.378954
vn -0.744665 0.53943 -0.39305
vn 0.743688 0.283155 -0.6056
vn 0.697848 0.22466 -0.680099
vn -0.788151 0.418186 -0.451595
vn -0.787877 0.383269 -0.482032
vn 0.708805 0.281794 -0.646675
vn 0.511211 0.0530686 -0.857815
vn -0.795371 0.366331 -0.482894
vn -0.778515 0.465353 -0.421144
vn 0.771763 0.482429 -0.4143
vn 0.784951 0.522335 -0.333195
vn 0.777492 0.461456 -0.427274
vn -0.747843 0.516555 -0.417015
vn -0.719809 0.558815 -0.411827
vn 0.726094 0.390673 -0.565828
vn -0.696179 0.515393 -0.499704
vn -0.968491 -0.00517031 0.248996
vn -0.991957 -0.00225916 0.126556
vn -0.997808 -0.0190467 0.0633729
vn -0.0302103 -0.796362 0.604065
vn 0.0163953 -0.856878 0.515258
vn 0.0737866 -0.883837 0.46194
vn -0.994713 -0.0349391 -0.0965685
vn -0.975532 -0.0788757 -0.205219
vn 0.173286 -0.941515 0.289001
vn 0.272661 -0.949694 0.154067
vn -0.960433 -0.105936 -0.257576
vn -0.957766 -0.132564 -0.255171
vn 0.329723 -0.943816 0.0222447
vn 0.361971 -0.931949 -0.0211554
vn -0.932602 -0.126842 -0.337883
vn -0.910652 -0.122351 -0.394643
vn 0.368484 -0.90833 -0.197881
vn 0.366722 -0.888578 -0.275579
vn -0.824674 -0.107765 -0.555247
vn 0.350116 -0.795531 -0.49452
vn 0.708808 -0.657174 0.256348
vn 0.653719 -0.730352 0.198083
vn 0.633702 -0.751248 0.184524
vn 0.68631 0.539357 -0.487928
vn 0.697495 0.541581 -0.469246
vn 0.669267 0.557936 -0.490702
vn 0.558188 -0.824056 0.0967324
vn 0.529255 -0.847842 -0.0324493
vn 0.629369 0.569832 -0.528381
vn 0.540582 0.588502 -0.601195
vn 0.517217 -0.850587 -0.0948092
vn 0.5598 -0.812509 -0.162645
vn 0.542749 0.634246 -0.550595
vn 0.522848 0.68996 -0.500585
vn 0.583067 -0.784451 -0.211349
vn 0.582011 -0.755863 -0.299891
vn 0.515428 0.705341 -0.48665
vn 0.467259 0.697674 -0.543065
vn 0.546852 -0.741409 -0.388929
vn 0.424709 0.650109 -0.630064
vn -0.145859 0.904151 -0.401543
vn -0.130435 0.875823 -0.464672
vn -0.128172 0.861332 -0.491609
vn -0.92751 0.075945 0.366002
vn -0.943859 0.0210713 0.329675
vn -0.948147 -0.0449715 0.314633
vn -0.107223 0.798829 -0.591925
vn -0.109642 0.733868 -0.670385
vn -0.956466 -0.184157 0.226405
vn -0.937973 -0.310191 0.154878
vn -0.130758 0.754279 -0.643402
vn -0.136768 0.840123 -0.52487
vn -0.914889 -0.400948 0.0471057
vn -0.917695 -0.396217 0.0291245
vn -0.120069 0.880894 -0.457831
vn -0.0879281 0.882863 -0.461325
vn -0.911928 -0.387928 -0.133793
vn -0.918009 -0.352529 -0.18161
vn -0.0781856 0.808912 -0.582708
vn -0.841534 -0.364143 -0.399023
vn -0.490277 -0.445378 0.749178
vn -0.578408 -0.510444 0.636311
vn -0.604634 -0.532745 0.592116
vn 0.773444 -0.445524 0.45088
vn 0.794853 -0.487466 0.361366
vn 0.800142 -0.50042 0.330685
vn -0.690704 -0.60201 0.400639
vn -0.706944 -0.657712 0.260089
vn 0.815558 -0.54472 0.195308
vn 0.835058 -0.543528 0.0851787
vn -0.70985 -0.697352 0.0990614
vn -0.693608 -0.718441 0.0524363
vn 0.842017 -0.536724 -0.0541659
vn 0.84884 -0.515495 -0.1172
vn -0.696498 -0.710815 -0.0981445
vn -0.694211 -0.701126 -0.162766
vn 0.817846 -0.505039 -0.275794
vn 0.798535 -0.496727 -0.340007
vn -0.662181 -0.658048 -0.358453
vn 0.720247 -0.456355 -0.522479
vn 0.986427 0.16228 0.0250531
vn 0.992365 0.117848 -0.0363821
vn 0.99389 0.100953 -0.0446109
vn -0.17842 0.970478 -0.162295
vn -0.202587 0.955378 -0.214966
vn -0.231107 0.941957 -0.24353
vn 0.991013 0.0424291 -0.126858
vn 0.972565 0.0315938 -0.230474
vn -0.2709 0.912985 -0.305075
vn -0.321108 0.879787 -0.35052
vn 0.961409 0.0415166 -0.271974
vn 0.948472 0.101838 -0.30005
vn -0.345776 0.885225 -0.311152
vn -0.387971 0.880375 -0.272797
vn 0.935965 0.134676 -0.325317
vn 0.907485 0.152371 -0.391477
vn -0.402038 0.8726 -0.27737
vn -0.422574 0.84575 -0.32579
vn 0.869492 0.136423 -0.474734
vn -0.416299 0.809067 -0.414855
vn -0.699232 0.698748 0.151085
vn -0.727481 0.683269 0.0625626
vn -0.742619 0.669184 0.0266263
vn -0.384079 -0.459521 0.800827
vn -0.415518 -0.588926 0.693189
vn -0.419753 -0.634029 0.649473
vn -0.765949 0.638399 -0.0759579
vn -0.791643 0.593434 -0.145384
vn -0.436992 -0.760841 0.479749
vn -0.411461 -0.834777 0.365851
vn -0.810157 0.560854 -0.170553
vn -0.810813 0.573407 -0.117415
vn -0.385204 -0.907398 0.16807
vn -0.386161 -0.917216 0.0979559
vn -0.781687 0.593972 -0.190166
vn -0.753978 0.61725 -0.224767
vn -0.412898 -0.901882 -0.12698
vn -0.443966 -0.878248 -0.177694
vn -0.701091 0.55934 -0.442277
vn -0.40455 -0.801621 -0.440162
vn 0.496669 -0.865692 -0.062432
vn 0.502393 -0.850889 -0.153587
vn 0.495757 -0.86622 -0.0623572
vn 0.492186 0.868243 0.0625041
vn 0.495939 0.850964 0.17293
vn 0.484474 0.827682 0.283245
vn 0.504871 -0.827941 -0.244169
vn -0.999969 -0.00745999 0.00235038
vn -0.999886 -0.00154142 -0.0150151
vn -0.999976 -0.00643312 0.00253635
vn -0.999315 -0.00372244 -0.0368197
vn 0.491284 0.868759 0.0624325
vn 0.534648 -0.69812 -0.476214
vn 0.471043 0.792069 0.388259
vn 0.457249 0.79967 0.389168
vn 0.598471 -0.55579 -0.577
vn -0.996383 0.0160905 -0.0834425
vn -0.987604 0.0144268 -0.156302
vn 0.64999 -0.346938 -0.676127
vn 0.335771 0.37667 0.863353
vn 0.308097 0.304025 0.901468
vn 0.270363 0.232361 0.934298
vn 0.692687 -0.276538 -0.666116
vn -0.971907 0.0424894 -0.231498
vn -0.96187 0.049329 -0.269021
vn 0.392995 0.354615 0.848412
vn 0.693205 -0.195698 -0.693663
vn 0.265647 0.104284 0.958414
vn 0.275257 0.0801803 0.958021
vn 0.686682 -0.183324 -0.703463
vn -0.963199 0.0606174 -0.261865
vn -0.967043 0.0558989 -0.248401
vn 0.691106 -0.141426 -0.708782
vn -0.335701 0.126049 0.933497
vn -0.33862 0.0961916 0.935993
vn -0.404741 0.0969966 0.909272
vn 0.982821 -0.0695105 -0.170972
vn 0.981481 -0.0885201 -0.169882
vn 0.99131 -0.0863477 -0.0992443
vn -0.9686 0.0370323 -0.245851
vn -0.639595 0.0281141 -0.768198
vn -0.64038 0.0201104 -0.767795
vn -0.584133 0.0162301 -0.811496
vn 0.267792 0.0178027 0.963312
vn 0.994388 -0.102316 -0.0269205
vn -0.471211 0.0746952 0.878852
vn -0.637277 0.0918382 0.765143
vn 0.980576 -0.0890863 0.174743
vn -0.524915 0.00905739 -0.851107
vn -0.34238 0.00451909 -0.939551
vn 0.945697 -0.114233 0.304314
vn -0.736306 0.0716743 0.672842
vn -0.905505 0.0994458 0.412518
vn 0.805743 -0.106618 0.58259
vn -0.212169 0.016726 -0.97709
vn 0.102103 0.0228035 -0.994512
vn 0.678406 -0.130883 0.722935
vn -0.964116 0.121584 0.236005
vn -0.983627 0.161214 0.0805449
vn 0.556024 -0.124768 0.821748
vn 0.285957 0.0104893 -0.958185
vn 0.430734 -0.0143852 -0.902364
vn 0.560484 -0.199372 0.803809
vn -0.970527 0.215048 0.108774
vn -0.958134 0.257215 0.125779
vn 0.556457 -0.255521 0.79061
vn 0.409219 -0.0187949 -0.912243
vn 0.400508 -0.00620505 -0.916272
vn 0.528532 -0.31553 0.788096
vn -0.939922 0.318627 0.122569
vn -0.928479 0.316333 0.194577
vn 0.577019 -0.342481 0.741456
vn 0.413292 0.00213881 -0.910596
vn 0.351218 0.0253248 -0.935951
vn 0.625891 -0.380234 0.680943
vn -0.893092 0.350369 0.282186
vn -0.858086 0.366419 0.359758
vn 0.669392 -0.40346 0.623806
vn 0.265624 0.0275511 -0.963683
vn 0.183721 0.0290732 -0.982548
vn 0.690222 -0.360726 0.627272
vn -0.820372 0.445466 0.358538
vn -0.734258 0.464438 0.495139
vn 0.776343 -0.38292 0.500663
vn 0.138169 -0.0724365 -0.987756
vn -0.043434 -0.0821223 -0.995675
vn 0.849518 -0.394512 0.350257
vn -0.579792 0.548161 0.602794
vn -0.376415 0.546454 0.748131
vn 0.857808 -0.497427 0.129347
vn -0.258046 -0.13256 -0.956995
vn -0.490014 -0.0613991 -0.86955
vn 0.842178 -0.536365 0.0552218
vn -0.256389 0.601692 0.756459
vn -0.175219 0.576682 0.797958
vn 0.813628 -0.580704 -0.0281347
vn -0.580683 -0.0640405 -0.811607
vn -0.651798 -0.0156848 -0.758231
vn 0.811482 -0.582946 -0.0408805
vn -0.147619 0.596832 0.78867
vn -0.127257 0.595133 0.793488
vn 0.80315 -0.593095 -0.0564694
vn -0.663553 -0.0134972 -0.748007
vn -0.678842 -0.00629658 -0.734258
vn 0.799973 -0.59685 -0.0617521
vn -0.113795 0.60353 0.789178
vn -0.103532 0.602316 0.791515
vn 0.795444 -0.602026 -0.0695215
vn -0.686518 -0.00720717 -0.727077
vn -0.693891 -0.00314707 -0.720073
vn 0.794288 -0.603239 -0.0721747
vn -0.0990998 0.603725 0.791009
vn -0.0981055 0.601835 0.792572
vn 0.793647 -0.603851 -0.0740895
vn -0.696216 -0.0019779 -0.71783
vn -0.6969 1.74832e-005 -0.717168
vn 0.785702 -0.615116 -0.0656048
vn -0.115021 0.578986 0.807184
vn -0.123546 0.568026 0.813685
vn 0.781723 -0.620655 -0.0608055
vn -0.701704 -0.00871562 -0.712415
vn -0.704038 -0.0138041 -0.710028
vn 0.768049 -0.638532 -0.0487639
vn -0.712861 -0.027328 -0.700773
vn -0.146571 0.532795 0.833454
vn 0.89852 0.136318 0.417227
vn 0.914585 0.193457 0.355118
vn 0.891276 0.151583 0.427376
vn -0.767774 0.568235 0.296028
vn -0.764906 0.585957 0.267532
vn -0.756893 0.606728 0.242888
vn 0.928612 0.239762 0.283186
vn -0.123457 -0.702098 -0.701297
vn -0.149023 -0.775898 -0.613004
vn -0.128676 -0.70105 -0.701406
vn -0.169598 -0.840427 -0.514702
vn -0.775312 0.562603 0.287001
vn 0.940641 0.27468 0.199363
vn -0.752155 0.636703 0.169919
vn -0.748043 0.65106 0.128653
vn 0.940803 0.276503 0.196049
vn -0.188869 -0.910871 -0.366938
vn -0.193562 -0.926607 -0.322386
vn 0.944134 0.283827 0.167491
vn -0.744145 0.662618 0.0847641
vn -0.743526 0.663452 0.0836721
vn 0.946241 0.290448 0.142366
vn -0.200122 -0.947073 -0.251005
vn -0.202156 -0.953252 -0.224595
vn 0.94724 0.292376 0.131353
vn -0.746077 0.656315 0.11234
vn -0.748696 0.647556 0.141861
vn 0.945652 0.290526 0.146071
vn -0.201617 -0.948951 -0.242575
vn -0.198317 -0.937263 -0.286721
vn 0.941544 0.272167 0.198546
vn -0.749489 0.642178 0.160852
vn -0.745867 0.648479 0.152178
vn 0.936728 0.257931 0.236667
vn -0.191635 -0.913775 -0.358177
vn -0.189389 -0.902881 -0.385925
vn 0.926803 0.224441 0.301103
vn -0.755816 0.625083 0.19497
vn -0.759323 0.611577 0.222267
vn 0.924232 0.216212 0.314719
vn -0.182412 -0.879246 -0.44006
vn -0.181408 -0.872689 -0.453327
vn 0.915446 0.190096 0.354714
vn -0.17408 -0.852761 -0.492437
vn -0.773408 0.560063 0.296934
vn 0.175299 -0.717185 0.674474
vn 0.251103 -0.779574 0.57377
vn 0.180916 -0.713178 0.677234
vn 0.534635 0.844006 0.0426476
vn 0.534005 0.84358 0.0566753
vn 0.539402 0.838383 0.078478
vn 0.319318 -0.830038 0.457246
vn -0.702123 -0.133244 -0.699478
vn -0.779548 -0.0562518 -0.623811
vn -0.695276 -0.0941979 -0.712543
vn -0.849401 0.0006149 -0.527748
vn 0.525532 0.850377 0.0259955
vn 0.383362 -0.870826 0.307725
vn 0.546988 0.834958 0.0604089
vn 0.557987 0.829158 0.0338621
vn 0.390935 -0.875726 0.283327
vn -0.929881 0.0376607 -0.365928
vn -0.947901 0.0492429 -0.314737
vn 0.40565 -0.885841 0.225242
vn 0.565349 0.824839 0.00456694
vn 0.565912 0.824455 0.00424198
vn 0.413148 -0.890317 0.191427
vn -0.971615 0.0610924 -0.228544
vn -0.978729 0.0657625 -0.194333
vn 0.416502 -0.892807 0.171528
vn 0.561323 0.827161 0.026863
vn 0.55537 0.830125 0.0495585
vn 0.414324 -0.890967 0.185775
vn -0.978102 0.0660927 -0.197354
vn -0.970091 0.0624171 -0.234579
vn 0.399291 -0.884738 0.240427
vn 0.556814 0.82914 0.0498482
vn 0.565553 0.824226 0.0282945
vn 0.386197 -0.878717 0.280552
vn -0.955618 0.0556228 -0.28931
vn -0.94995 0.0555293 -0.307428
vn 0.363459 -0.867687 0.339141
vn 0.56515 0.824493 0.0285699
vn 0.562093 0.826084 0.04044
vn 0.358703 -0.865922 0.348585
vn -0.93629 0.0491835 -0.347767
vn -0.931985 0.0489338 -0.359179
vn 0.346034 -0.859177 0.376929
vn -0.919028 0.0401307 -0.392145
vn 0.546573 0.834266 0.0725117
vn -0.159983 -0.919758 0.3584
vn -0.190272 -0.937217 0.292268
vn -0.162068 -0.9186 0.360427
vn 0.700573 0.166836 -0.693804
vn 0.794989 0.196302 -0.573985
vn 0.869622 0.229208 -0.437287
vn -0.216608 -0.950655 0.222116
vn -0.539921 0.769571 0.340949
vn -0.605355 0.740685 0.291429
vn -0.560692 0.744668 0.362069
vn -0.655473 0.72062 0.225969
vn 0.705092 0.151189 -0.692811
vn -0.240464 -0.959339 0.147803
vn 0.931608 0.24773 -0.265962
vn 0.937601 0.252326 -0.239241
vn -0.239356 -0.959988 0.145366
vn -0.692144 0.711684 0.120175
vn -0.699436 0.708289 0.0954744
vn -0.245376 -0.962948 0.111897
vn 0.946616 0.255356 -0.19675
vn 0.949423 0.256385 -0.181283
vn -0.250671 -0.964749 0.0801456
vn -0.701283 0.707649 0.0862258
vn -0.698677 0.708079 0.102342
vn -0.25461 -0.965501 0.0546007
vn 0.954692 0.257673 -0.148888
vn 0.956804 0.259016 -0.132046
vn -0.253674 -0.965371 0.0608879
vn -0.69974 0.708007 0.095338
vn -0.704001 0.706518 0.0722135
vn -0.247939 -0.964174 0.0943104
vn 0.953302 0.257652 -0.157576
vn 0.945705 0.256265 -0.199928
vn -0.241648 -0.962788 0.121015
vn -0.704968 0.706324 0.0642326
vn -0.70395 0.705763 0.0797005
vn -0.238985 -0.961574 0.135139
vn 0.932478 0.252549 -0.258269
vn 0.927361 0.253907 -0.274833
vn -0.242053 -0.962502 0.122478
vn -0.694059 0.709109 0.124281
vn -0.687934 0.709257 0.153954
vn -0.224916 -0.961001 0.160902
vn 0.914371 0.252553 -0.316454
vn 0.909731 0.25323 -0.329036
vn -0.214376 -0.958809 0.186356
vn -0.675377 0.711438 0.194222
vn -0.674446 0.710703 0.20006
vn -0.180417 -0.948307 0.261082
vn -0.667238 0.712678 0.216525
vn 0.896318 0.249915 -0.366273
vn -0.270948 -0.916694 -0.293699
vn -0.224069 -0.935402 -0.273526
vn -0.251917 -0.913106 -0.320587
vn 0.680444 0.488224 -0.546474
vn 0.76386 0.468061 -0.444339
vn 0.836483 0.430617 -0.338917
vn -0.184048 -0.953983 -0.236734
vn -0.400342 0.398402 0.825228
vn -0.534199 0.461347 0.708371
vn -0.411221 0.384019 0.826696
vn -0.646996 0.517765 0.559747
vn 0.676433 0.514566 -0.526935
vn -0.147274 -0.979974 -0.134017
vn 0.89351 0.402029 -0.200034
vn 0.897506 0.400847 -0.183862
vn -0.13313 -0.987122 -0.0886936
vn -0.745579 0.575956 0.335241
vn -0.764016 0.584533 0.273129
vn -0.126957 -0.990152 -0.0589983
vn 0.903919 0.398333 -0.155757
vn 0.906287 0.397476 -0.143726
vn -0.130132 -0.988498 -0.0770546
vn -0.776691 0.591649 0.21611
vn -0.775835 0.590609 0.221948
vn -0.133007 -0.986651 -0.0939664
vn 0.911692 0.394659 -0.11429
vn 0.914616 0.39255 -0.0968605
vn -0.13263 -0.986804 -0.0928863
vn -0.778273 0.592019 0.209296
vn -0.782074 0.593306 0.190653
vn -0.129867 -0.988258 -0.0805075
vn 0.910809 0.395492 -0.118378
vn 0.902881 0.400114 -0.15721
vn -0.124442 -0.989737 -0.0702515
vn -0.780374 0.592495 0.199916
vn -0.775686 0.588623 0.227671
vn -0.134064 -0.986009 -0.0990639
vn 0.889846 0.406676 -0.206855
vn 0.886705 0.407482 -0.218431
vn -0.143998 -0.97962 -0.140032
vn -0.755725 0.578406 0.307126
vn -0.740644 0.568472 0.35817
vn -0.15436 -0.97223 -0.175904
vn 0.877927 0.413002 -0.242225
vn 0.875712 0.413797 -0.2488
vn -0.151262 -0.97288 -0.174998
vn -0.701656 0.545126 0.458821
vn -0.69108 0.53706 0.48371
vn -0.148042 -0.974376 -0.169339
vn -0.653263 0.51393 0.555989
vn 0.867001 0.420705 -0.267051
vn 0.125768 -0.934833 0.332068
vn 0.12055 -0.955683 0.268586
vn 0.121627 -0.935103 0.332851
vn 0.791733 0.554269 -0.256797
vn 0.798536 0.570422 -0.192246
vn 0.800821 0.585278 -0.127026
vn 0.117782 -0.97206 0.203043
vn -0.920328 0.384124 -0.0737902
vn -0.919121 0.386942 -0.0741098
vn -0.91942 0.386179 -0.0743871
vn -0.918484 0.388467 -0.0740336
vn 0.794345 0.551144 -0.255454
vn 0.117188 -0.983073 0.140833
vn 0.801228 0.594211 -0.0703374
vn 0.801111 0.593137 -0.0800661
vn 0.117714 -0.982365 0.14527
vn -0.918594 0.389223 -0.0684816
vn -0.918696 0.389844 -0.0634012
vn 0.117437 -0.984982 0.126566
vn 0.800998 0.591771 -0.0906013
vn 0.801059 0.591561 -0.0914308
vn 0.117233 -0.987719 0.103282
vn -0.918689 0.393479 -0.034409
vn -0.918076 0.396267 -0.0104637
vn 0.116851 -0.988733 0.0935611
vn 0.801352 0.593203 -0.0771008
vn 0.800561 0.596015 -0.0621969
vn 0.116897 -0.98735 0.107124
vn -0.918164 0.395907 -0.0152074
vn -0.918711 0.392484 -0.0438947
vn 0.117175 -0.979767 0.162255
vn 0.801691 0.591204 -0.088147
vn 0.801315 0.5841 -0.129315
vn 0.116115 -0.972109 0.203768
vn -0.918479 0.388682 -0.0729563
vn -0.918182 0.389277 -0.0735261
vn 0.115556 -0.962672 0.244765
vn 0.787609 0.616079 -0.0108794
vn 0.772391 0.631145 0.0711873
vn 0.114129 -0.962793 0.244958
vn -0.889106 0.446281 0.101605
vn -0.861487 0.470255 0.191574
vn 0.130877 -0.624556 0.769936
vn -0.73645 0.512099 0.442035
vn 0.696582 0.648031 0.307944
vn 0.213024 0.849087 -0.483396
vn 0.212967 0.850037 -0.481749
vn 0.212873 0.848682 -0.484174
vn 0.208378 0.839307 -0.502137
vn 0.212755 0.848173 -0.485116
vn 0.202076 0.81618 -0.541309
vn 0.200125 0.84739 -0.491812
vn 0.177567 0.799784 -0.573424
vn 0.143414 0.696725 -0.702856
vn 0.138598 0.813988 -0.564105
vn 0.0929154 0.697692 -0.710347
vn 0.0382135 0.545805 -0.83704
vn 0.077009 0.82787 -0.555608
vn 0.00732819 0.703637 -0.710522
vn -0.0703811 0.478851 -0.87507
vn -0.05131 0.850842 -0.52291
vn -0.172797 0.581131 -0.795253
vn -0.270099 0.158524 -0.949693
vn -0.297614 0.623441 -0.723012
vn -0.330211 0.494931 -0.803744
vn -0.388107 -0.259534 -0.884316
vn -0.368148 0.551789 -0.748329
vn -0.368148 0.551789 -0.748329
vn -0.296027 0.271288 -0.915844
vn -0.268042 0.295712 -0.916901
vn -0.284737 0.280522 -0.916642
vn -0.237892 0.321439 -0.916561
vn -0.273947 0.290224 -0.91691
vn -0.203383 0.351393 -0.91387
vn -0.250865 0.296665 -0.921443
vn -0.176248 0.350447 -0.91985
vn -0.0563338 0.445685 -0.893416
vn -0.205138 0.281087 -0.937501
vn -0.0422347 0.450143 -0.891957
vn -0.0744683 0.401612 -0.912777
vn 0.499321 0.759483 -0.41697
vn -0.157341 0.476282 -0.865101
vn -0.0816801 0.493062 -0.866151
vn -0.325833 0.229138 -0.91724
vn 0.0585472 0.582712 -0.810567
vn 0.183814 0.676375 -0.713252
vn 0.222697 0.751701 -0.620767
vn 0.201192 0.673659 -0.71113
vn 0.181658 0.667334 -0.722264
vn 0.138025 0.641098 -0.754945
vn 0.103431 0.625239 -0.773549
vn 0.186026 0.681836 -0.707456
vn 0.825162 0.319867 -0.46561
vn 0.820449 0.323817 -0.471174
vn 0.829039 0.315379 -0.461769
vn 0.825342 0.317076 -0.467198
vn 0.836608 0.306934 -0.453739
vn 0.84063 0.296593 -0.453181
vn 0.826443 0.309604 -0.470251
vn 0.812175 0.336261 -0.47676
vn 0.718179 0.44719 -0.533141
vn 0.76769 0.414801 -0.488458
vn 0.712546 0.467956 -0.522776
vn 0.772441 0.396841 -0.495834
vn 0.759262 0.402192 -0.511628
vn 0.793748 0.368569 -0.483861
vn 0.701704 0.499954 -0.507599
vn 0.812728 0.363483 -0.455361
vn 0.66479 0.595332 -0.451259
vn 0.465995 0.740492 -0.484274
vn 0.699704 0.650335 -0.29577
vn 0.540533 0.790676 -0.287497
vn -0.172883 0.980167 -0.0968752
vn 0.443285 0.871628 -0.209196
vn 0.443285 0.871628 -0.209196
vn 0.853215 -0.273041 -0.444378
vn 0.856117 -0.271037 -0.440003
vn 0.850573 -0.273307 -0.449253
vn 0.841972 -0.272174 -0.465837
vn 0.847671 -0.273936 -0.454328
vn 0.815803 -0.276956 -0.507701
vn 0.861047 -0.254965 -0.439989
vn 0.804576 -0.258194 -0.534783
vn 0.698703 -0.268152 -0.663256
vn 0.831447 -0.20895 -0.514817
vn 0.700941 -0.217597 -0.679215
vn 0.546905 -0.217978 -0.80832
vn 0.849096 -0.13038 -0.511896
vn 0.701847 -0.128145 -0.700706
vn 0.474848 -0.137686 -0.869231
vn 0.856259 0.0167589 -0.516274
vn 0.554949 -0.0012939 -0.831884
vn 0.143162 -0.0328175 -0.989155
vn 0.571337 0.151779 -0.806559
vn 0.418342 0.130046 -0.898932
vn -0.261304 0.0226831 -0.96499
vn 0.460983 0.195763 -0.865547
vn 0.267371 0.0846442 -0.959869
vn 0.292539 0.0589937 -0.954432
vn 0.272749 0.0784755 -0.958879
vn 0.315153 0.0347204 -0.948406
vn 0.278888 0.0721599 -0.957609
vn 0.342948 0.0054614 -0.939338
vn 0.302521 0.037997 -0.952385
vn 0.34952 -0.0264255 -0.936556
vn 0.442437 -0.136338 -0.886375
vn 0.289192 -0.00868214 -0.957232
vn 0.516627 -0.227384 -0.825465
vn 0.396988 -0.114462 -0.910658
vn 0.740334 -0.567441 -0.360439
vn 0.48393 -0.0317888 -0.874529
vn 0.490746 -0.101349 -0.865388
vn 0.216122 0.14909 -0.964916
vn 0.578953 -0.232417 -0.781534
vn 0.665378 -0.338117 -0.665544
vn 0.742001 -0.3693 -0.55951
vn 0.661543 -0.351012 -0.662685
vn 0.653211 -0.331797 -0.680608
vn 0.62713 -0.289907 -0.722954
vn 0.610141 -0.253314 -0.750706
vn 0.665795 -0.331864 -0.668268
vn 0.376924 -0.864925 -0.33141
vn 0.37888 -0.862572 -0.33529
vn 0.374047 -0.867392 -0.328206
vn 0.373317 -0.866749 -0.330728
vn 0.368745 -0.872093 -0.321686
vn 0.356813 -0.879238 -0.315634
vn 0.357696 -0.876335 -0.322632
vn 0.384281 -0.861114 -0.332883
vn 0.489307 -0.769941 -0.409596
vn 0.44822 -0.825624 -0.342702
vn 0.498362 -0.774917 -0.388766
vn 0.431681 -0.831937 -0.348614
vn 0.423424 -0.832826 -0.35653
vn 0.391914 -0.862278 -0.320749
vn 0.522455 -0.770009 -0.366233
vn 0.374655 -0.883682 -0.280607
vn 0.603721 -0.732994 -0.313433
vn 0.746789 -0.536806 -0.392614
vn 0.64891 -0.746138 -0.148977
vn 0.786672 -0.590889 -0.178875
vn 0.974051 0.167137 -0.152613
vn 0.864532 -0.48701 -0.124123
vn 0.864532 -0.48701 -0.124123
vn -0.169963 -0.428942 -0.887199
vn -0.178589 -0.418919 -0.890288
vn -0.183346 -0.41723 -0.890114
vn -0.215051 -0.387505 -0.896433
vn -0.196961 -0.406443 -0.892194
vn -0.265214 -0.346417 -0.899809
vn -0.197678 -0.383511 -0.902132
vn -0.293451 -0.295967 -0.909005
vn -0.423016 -0.1763 -0.888806
vn -0.254804 -0.271013 -0.928239
vn -0.414315 -0.117746 -0.902485
vn -0.544693 0.0279105 -0.838171
vn -0.214445 -0.206881 -0.954575
vn -0.379367 -0.0313749 -0.924714
vn -0.557165 0.160075 -0.814827
vn -0.121665 -0.0987915 -0.987643
vn -0.421664 0.201684 -0.884038
vn -0.652841 0.457635 -0.603629
vn -0.288648 0.282343 -0.914858
vn -0.401141 0.386809 -0.83034
vn -0.697937 0.66967 -0.253824
vn -0.310403 0.3846 -0.869329
vn -0.310404 0.3846 -0.869329
vn -0.445192 0.384755 -0.808559
vn -0.449047 0.358647 -0.81837
vn -0.442349 0.394396 -0.805468
vn -0.450544 0.349575 -0.821467
vn -0.438174 0.410803 -0.799527
vn -0.45267 0.335829 -0.82602
vn -0.452896 0.323594 -0.830766
vn -0.472305 0.284671 -0.834201
vn -0.516492 0.140109 -0.844752
vn -0.487108 0.307546 -0.817399
vn -0.537844 0.0348264 -0.842325
vn -0.492771 0.218065 -0.842392
vn -0.578641 -0.412683 -0.703469
vn -0.479656 -0.0631961 -0.875178
vn -0.448968 0.120681 -0.885361
vn -0.261205 0.57516 -0.775218
vn -0.51715 -0.0854682 -0.851617
vn -0.550496 -0.254065 -0.795239
vn -0.436007 -0.141403 -0.888765
vn -0.575687 -0.649748 -0.4964
vn -0.539854 -0.24019 -0.806763
vn -0.547849 -0.227954 -0.804921
vn -0.513573 -0.142905 -0.846062
vn -0.465112 -0.0581448 -0.88334
vn -0.54662 -0.254604 -0.797737
vn -0.698008 -0.644193 -0.312731
vn -0.697386 -0.640541 -0.321497
vn -0.69771 -0.643039 -0.315755
vn -0.697636 -0.640056 -0.321919
vn -0.697516 -0.641693 -0.318908
vn -0.697989 -0.641978 -0.317293
vn -0.69744 -0.670062 -0.254153
vn -0.689175 -0.650666 -0.31886
vn -0.67491 -0.584383 -0.450549
vn -0.659797 -0.64651 -0.383004
vn -0.648109 -0.597195 -0.47256
vn -0.645837 -0.638065 -0.419246
vn -0.658849 -0.656011 -0.368195
vn -0.652266 -0.667506 -0.359145
vn -0.647795 -0.57801 -0.496252
vn -0.590538 -0.774097 -0.228118
vn -0.557311 -0.62271 -0.549214
vn -0.46693 -0.334756 -0.818483
vn -0.495241 -0.868599 -0.016498
vn -0.306177 -0.46933 -0.828242
vn -0.347555 -0.37321 -0.860186
vn -0.256816 -0.189799 -0.94764
vn -0.282826 -0.321932 -0.903532
vn -0.262738 0.110579 -0.95851
vn -0.272446 0.118249 -0.954877
vn -0.264243 0.111966 -0.957935
vn -0.294578 0.138476 -0.945541
vn -0.266136 0.113496 -0.957231
vn -0.333154 0.170775 -0.927278
vn -0.303072 0.15646 -0.940036
vn -0.370088 0.225606 -0.901186
vn -0.479378 0.329594 -0.813366
vn -0.349661 0.261452 -0.899655
vn -0.465528 0.38227 -0.798219
vn -0.566985 0.495004 -0.658406
vn -0.303583 0.307437 -0.901843
vn -0.412772 0.450339 -0.791716
vn -0.54572 0.598639 -0.586363
vn -0.183328 0.379445 -0.90687
vn -0.393668 0.633227 -0.66637
vn -0.557633 0.785195 -0.269286
vn -0.236525 0.679951 -0.694063
vn -0.313294 0.752699 -0.579044
vn -0.538119 0.829611 0.14891
vn -0.217245 0.738614 -0.638164
vn -0.217244 0.738615 -0.638164
vn -0.475584 0.764028 -0.435982
vn -0.479706 0.752929 -0.450534
vn -0.473593 0.767666 -0.43174
vn -0.482189 0.747327 -0.457161
vn -0.470564 0.773733 -0.424154
vn -0.486471 0.737391 -0.468615
vn -0.477861 0.7524 -0.45337
vn -0.500439 0.724207 -0.474431
vn -0.560097 0.608634 -0.562011
vn -0.589387 0.585118 -0.557009
vn -0.58084 0.560007 -0.590776
vn -0.511337 0.708221 -0.486783
vn -0.52927 0.529384 -0.663042
vn -0.472551 0.679502 -0.561224
vn -0.210808 0.951878 -0.222461
vn -0.564119 0.519953 -0.64142
vn -0.584626 0.455369 -0.671455
vn -0.496107 0.491905 -0.715477
vn -0.700767 -0.236173 -0.673163
vn -0.608373 0.404389 -0.6829
vn -0.534392 0.522791 -0.664165
vn -0.41724 0.682755 -0.599797
vn -0.189046 0.843393 -0.502941
vn -0.609243 0.386879 -0.692205
vn -0.609243 0.386879 -0.692205
vn -0.740783 -0.430407 -0.515742
vn -0.740613 -0.414079 -0.52918
vn -0.740804 -0.418548 -0.525382
vn -0.74082 -0.402571 -0.537701
vn -0.741129 -0.407724 -0.533375
vn -0.740881 -0.396327 -0.542236
vn -0.726661 -0.482653 -0.488887
vn -0.729907 -0.405433 -0.550327
vn -0.732099 -0.25843 -0.630274
vn -0.709908 -0.353474 -0.609169
vn -0.705321 -0.233594 -0.669296
vn -0.695003 -0.290614 -0.657658
vn -0.696715 -0.346573 -0.628073
vn -0.693287 -0.344537 -0.632968
vn -0.710819 -0.168175 -0.682974
vn -0.598008 -0.521971 -0.60822
vn -0.626583 -0.0347552 -0.778579
vn -0.58055 0.247211 -0.775789
vn -0.460447 -0.7122 -0.529868
vn -0.416404 0.200864 -0.886714
vn -0.465595 0.281714 -0.838963
vn -0.395084 0.477036 -0.785076
vn -0.408191 0.367192 -0.835793
vn 0.325478 -0.450932 -0.831099
vn 0.316996 -0.4466 -0.836697
vn 0.315452 -0.447268 -0.836924
vn 0.281359 -0.433894 -0.855905
vn 0.304734 -0.444099 -0.842563
vn 0.227502 -0.416951 -0.879997
vn 0.288985 -0.422991 -0.858817
vn 0.183257 -0.381226 -0.906137
vn 0.0217366 -0.320223 -0.947093
vn 0.201586 -0.341491 -0.918012
vn 0.00519258 -0.261158 -0.965282
vn -0.183761 -0.173202 -0.967591
vn 0.208303 -0.267276 -0.940837
vn 2.73751e-005 -0.165817 -0.986157
vn -0.261139 -0.0487703 -0.964069
vn 0.246568 -0.132212 -0.960065
vn -0.143711 0.0409001 -0.988774
vn -0.530178 0.204442 -0.82287
vn -0.0593795 0.165196 -0.984472
vn -0.216022 0.222632 -0.950668
vn -0.760771 0.392577 -0.516828
vn -0.132891 0.253905 -0.958057
vn -0.240903 0.177126 -0.95425
vn -0.229102 0.146631 -0.962295
vn -0.242032 0.181552 -0.953131
vn -0.222804 0.127901 -0.966437
vn -0.243897 0.187474 -0.951508
vn -0.213738 0.101494 -0.971604
vn -0.215967 0.107486 -0.970466
vn -0.208942 0.0479156 -0.976753
vn -0.172948 -0.097725 -0.980071
vn -0.24196 0.0669589 -0.967973
vn -0.134693 -0.223781 -0.965287
vn -0.193596 -0.0526222 -0.979669
vn 0.033353 -0.686133 -0.726711
vn -0.0512555 -0.0762052 -0.995774
vn -0.0903467 -0.118604 -0.988823
vn -0.209352 0.308105 -0.928032
vn -0.0490691 -0.324462 -0.944625
vn -0.000382542 -0.483439 -0.875378
vn 0.0759012 -0.580824 -0.810483
vn -0.00320016 -0.486173 -0.873857
vn -0.0059809 -0.48055 -0.876947
vn -0.0157319 -0.41175 -0.911161
vn -0.0163358 -0.348454 -0.937183
vn 0.00984016 -0.506685 -0.862075
vn -0.232636 -0.857919 -0.458099
vn -0.230354 -0.853037 -0.468258
vn -0.232987 -0.858384 -0.457049
vn -0.231598 -0.853345 -0.467081
vn -0.233368 -0.859015 -0.455667
vn -0.234772 -0.85691 -0.458898
vn -0.241874 -0.864644 -0.440326
vn -0.218011 -0.847369 -0.484187
vn -0.168235 -0.778788 -0.604307
vn -0.160891 -0.821186 -0.54751
vn -0.133631 -0.773421 -0.619647
vn -0.151385 -0.811658 -0.564175
vn -0.170343 -0.808227 -0.563695
vn -0.168346 -0.824965 -0.53953
vn -0.109286 -0.743149 -0.660141
vn -0.150588 -0.866552 -0.475826
vn 0.00589634 -0.725601 -0.688091
vn 0.0566873 -0.564443 -0.823523
vn -0.172806 -0.930214 -0.323792
vn 0.336006 -0.537803 -0.773219
vn 0.321721 -0.434732 -0.841132
vn 0.462859 0.00293954 -0.886427
vn 0.433392 -0.200055 -0.878721
vn 0.385663 -0.39462 -0.83399
vn 0.499828 -0.865832 0.0225081
vn 0.502819 -0.864392 0.000318542
vn 0.501056 -0.865122 0.0225317
vn 0.491842 0.864236 0.105775
vn 0.492665 0.865185 0.0934663
vn 0.49745 0.863646 0.081598
vn 0.501427 -0.864928 -0.0216693
vn -0.992324 0.00195467 -0.123649
vn -0.995939 -0.00109665 -0.0900263
vn -0.992299 0.000667738 -0.123861
vn -0.998451 -0.00051889 -0.0556274
vn 0.492004 0.864139 0.105814
vn 0.498444 -0.865428 -0.0508729
vn 0.499366 0.866389 -0.00210864
vn 0.497406 0.864371 -0.0738209
vn 0.493094 -0.868087 -0.0572959
vn -0.998378 0.000230935 0.0569334
vn -0.990736 0.00487968 0.135713
vn 0.487267 -0.869404 -0.0818995
vn 0.48947 0.860358 -0.142139
vn 0.489466 0.860876 -0.138983
vn 0.4826 -0.870165 -0.0995516
vn -0.973728 0.00705023 0.227606
vn -0.970093 0.00905882 0.242564
vn 0.48443 -0.870232 -0.0895828
vn 0.497368 0.862082 -0.0971545
vn 0.501033 0.863456 -0.0583904
vn 0.491236 -0.868828 -0.0618457
vn -0.981436 0.00849386 0.191599
vn -0.992192 0.00658971 0.124542
vn 0.497374 -0.867292 0.0205979
vn 0.504174 0.863247 -0.0247746
vn 0.502371 0.864136 -0.0298741
vn 0.496373 -0.864866 0.0749701
vn -0.999961 0.00321988 0.00827432
vn -0.99916 0.00021191 -0.0409871
vn 0.493812 -0.861353 0.119246
vn 0.501298 0.865127 -0.0160006
vn 0.500819 0.865546 0.0032522
vn 0.494672 -0.862167 0.109402
vn -0.9951 -0.00251254 -0.0988458
vn -0.994178 -0.00198658 -0.10773
vn 0.488354 -0.861548 0.138731
vn 0.495073 0.867927 0.0400738
vn 0.493397 0.867807 0.0589092
vn 0.479734 -0.859213 0.177788
vn -0.984652 -0.00613252 -0.174424
vn -0.972738 -0.00549163 -0.231843
vn 0.44828 -0.852732 0.268128
vn 0.49244 0.867217 0.0737398
vn 0.495152 0.865761 0.0726823
vn 0.436757 -0.850301 0.293652
vn -0.949116 -0.0100599 -0.314766
vn -0.944659 -0.00811382 -0.327953
vn 0.40153 -0.8383 0.368819
vn -0.930111 -0.0145538 -0.366991
vn 0.49778 0.864709 0.0670254
vn 0.0341641 -0.0530394 0.998008
vn 0.651049 -0.758914 -0.0135989
vn 0.601018 -0.794415 -0.0876481
vn 0.582982 -0.805064 -0.109565
vn 0.739237 0.642741 -0.201029
vn 0.709121 0.657553 -0.254504
vn 0.681769 0.675718 -0.28035
vn 0.5091 -0.834367 -0.211301
vn 0.470035 -0.828028 -0.305674
vn 0.623796 0.698243 -0.351192
vn 0.562737 0.724653 -0.397749
vn 0.450218 -0.816782 -0.360793
vn 0.473282 -0.786827 -0.396116
vn 0.538819 0.739878 -0.402807
vn 0.516707 0.762111 -0.39013
vn 0.465476 -0.762167 -0.449927
vn 0.44726 -0.734619 -0.51019
vn 0.473451 0.755886 -0.452194
vn 0.429559 0.750435 -0.502321
vn 0.390785 -0.705155 -0.591645
vn 0.348096 0.705351 -0.617503
vn 0.211812 0.877558 -0.430148
vn 0.321076 0.829438 -0.457104
vn 0.351468 0.818808 -0.453898
vn -0.75527 -0.107072 -0.646608
vn -0.721473 -0.170546 -0.671111
vn -0.707014 -0.211215 -0.674921
vn 0.448188 0.760687 -0.469557
vn 0.48775 0.697451 -0.525035
vn -0.664035 -0.287863 -0.690067
vn -0.63919 -0.341933 -0.688853
vn 0.476222 0.696332 -0.536968
vn 0.436953 0.754645 -0.489472
vn -0.622391 -0.372578 -0.688343
vn -0.663185 -0.313178 -0.679783
vn 0.430271 0.764549 -0.479929
vn 0.457247 0.749647 -0.478492
vn -0.665412 -0.251836 -0.702713
vn -0.68048 -0.183667 -0.709375
vn 0.517951 0.601132 -0.608578
vn -0.616941 -0.212945 -0.757653
vn -0.470005 -0.801538 -0.369638
vn -0.484017 -0.737703 -0.470661
vn -0.496275 -0.717384 -0.48895
vn 0.750726 -0.637658 0.172637
vn 0.816102 -0.568493 0.103893
vn 0.845399 -0.528094 0.0801079
vn -0.507698 -0.64223 -0.574268
vn -0.490916 -0.605681 -0.62622
vn 0.910312 -0.413348 -0.021825
vn 0.943274 -0.32199 -0.0809704
vn -0.473799 -0.614026 -0.631258
vn -0.474542 -0.658223 -0.584425
vn 0.959708 -0.242869 -0.141331
vn 0.960243 -0.244683 -0.134403
vn -0.477462 -0.65815 -0.582124
vn -0.48144 -0.636035 -0.603054
vn 0.943419 -0.218081 -0.249803
vn 0.928398 -0.219907 -0.299529
vn -0.445117 -0.548249 -0.708021
vn 0.869977 -0.128161 -0.476146
vn 0.97844 0.114608 0.171813
vn 0.996317 -0.0527524 0.0676021
vn 0.992768 -0.102425 0.0626117
vn 0.122372 0.919501 -0.373556
vn 0.0679992 0.873275 -0.482459
vn 0.0507771 0.854756 -0.516541
vn 0.966875 -0.254071 -0.0245006
vn 0.94989 -0.298507 -0.0927517
vn 0.000260235 0.79154 -0.611117
vn -0.0444381 0.755482 -0.653661
vn 0.935389 -0.320643 -0.149116
vn 0.936515 -0.289987 -0.197098
vn -0.0781552 0.748419 -0.658605
vn -0.112463 0.757024 -0.643635
vn 0.919106 -0.289446 -0.267328
vn 0.892633 -0.295853 -0.340114
vn -0.126587 0.723474 -0.678646
vn -0.14704 0.683259 -0.715218
vn 0.830343 -0.336018 -0.444547
vn -0.160761 0.583028 -0.796388
vn -0.553162 0.515921 -0.654092
vn -0.471176 0.541771 -0.696044
vn -0.466224 0.56186 -0.683336
vn -0.445863 -0.850994 -0.277518
vn -0.377835 -0.875089 -0.302424
vn -0.35489 -0.881864 -0.310433
vn -0.365004 0.596555 -0.714768
vn -0.288204 0.589346 -0.754725
vn -0.260023 -0.900605 -0.34828
vn -0.195975 -0.909233 -0.367272
vn -0.297254 0.582015 -0.756901
vn -0.337154 0.51772 -0.786316
vn -0.179539 -0.919244 -0.350365
vn -0.165718 -0.934686 -0.314481
vn -0.398153 0.476521 -0.783838
vn -0.35184 0.420656 -0.836216
vn -0.103901 -0.927682 -0.358623
vn -0.023859 -0.917857 -0.396193
vn -0.337923 0.416824 -0.84384
vn 0.0731219 -0.862757 -0.500304
vn 0.209437 -0.976532 0.0502231
vn 0.168952 -0.984865 -0.038675
vn 0.146224 -0.988674 -0.0337935
vn 0.980417 0.152623 0.12445
vn 0.977383 0.210756 0.0174622
vn 0.974657 0.223211 -0.0148564
vn 0.0761582 -0.98706 -0.141113
vn 0.0481538 -0.972548 -0.227666
vn 0.954743 0.268777 -0.127379
vn 0.933951 0.30523 -0.185932
vn 0.0444044 -0.957 -0.28667
vn 0.063642 -0.967746 -0.243756
vn 0.903081 0.347047 -0.252988
vn 0.899912 0.352014 -0.257381
vn 0.0507433 -0.964446 -0.259363
vn 0.0303811 -0.957851 -0.285654
vn 0.872045 0.333035 -0.358644
vn 0.863893 0.310417 -0.396649
vn 0.00362358 -0.905011 -0.425373
vn 0.77508 0.303541 -0.554178
vn 0.553633 0.826521 -0.101754
vn 0.653158 0.739406 -0.16329
vn 0.671924 0.728458 -0.133672
vn -0.674086 0.507293 -0.5369
vn -0.671314 0.409801 -0.617576
vn -0.663407 0.389788 -0.638715
vn 0.772124 0.609581 -0.179544
vn 0.809439 0.533648 -0.245006
vn -0.63883 0.297564 -0.709472
vn -0.629351 0.242269 -0.738393
vn 0.82887 0.460499 -0.317672
vn 0.801596 0.464045 -0.37697
vn -0.650839 0.227769 -0.724244
vn -0.685992 0.241241 -0.686453
vn 0.782398 0.448571 -0.432016
vn 0.765401 0.413486 -0.493143
vn -0.698068 0.263497 -0.665786
vn -0.691818 0.242249 -0.680223
vn 0.752138 0.339375 -0.564901
vn -0.668019 0.207523 -0.714622
vn -0.770916 -0.333237 -0.542808
vn -0.769368 -0.330775 -0.5465
vn -0.749524 -0.332116 -0.572637
vn 0.333303 -0.930986 0.148911
vn 0.366352 -0.921747 0.127157
vn 0.430208 -0.894397 0.122374
vn -0.714695 -0.315098 -0.624439
vn -0.649759 -0.300677 -0.698145
vn 0.547984 -0.83398 0.0647309
vn 0.660528 -0.750581 0.018181
vn -0.665411 -0.34241 -0.663312
vn -0.647672 -0.41075 -0.64172
vn 0.719672 -0.693626 -0.030905
vn 0.770629 -0.635601 -0.0462844
vn -0.633747 -0.450554 -0.628782
vn -0.575116 -0.446245 -0.685643
vn 0.814452 -0.54511 -0.198805
vn 0.836988 -0.470849 -0.278842
vn -0.538027 -0.407524 -0.73787
vn 0.805415 -0.356935 -0.473186
vn 0.855498 -0.441115 0.271183
vn 0.846748 -0.487332 0.213369
vn 0.845127 -0.502238 0.183078
vn 0.51268 0.848461 -0.131429
vn 0.509003 0.84868 -0.14373
vn 0.476064 0.861389 -0.177123
vn 0.821865 -0.566158 0.0632739
vn 0.806409 -0.58793 -0.0635887
vn 0.419338 0.863582 -0.279967
vn 0.328363 0.859129 -0.392523
vn 0.786704 -0.597104 -0.156729
vn 0.792783 -0.589669 -0.154228
vn 0.280845 0.851743 -0.442335
vn 0.287494 0.865689 -0.409793
vn 0.75672 -0.604995 -0.247703
vn 0.72978 -0.618056 -0.29228
vn 0.30377 0.846687 -0.436859
vn 0.319898 0.831001 -0.455086
vn 0.629909 -0.602821 -0.489716
vn 0.281581 0.773094 -0.568364
vn -0.286278 0.864761 -0.412594
vn -0.224138 0.862831 -0.453084
vn -0.20279 0.860792 -0.466812
vn -0.857734 -0.38626 -0.339258
vn -0.843496 -0.404272 -0.353665
vn -0.81416 -0.455079 -0.360619
vn -0.124669 0.845815 -0.518705
vn -0.0739261 0.801708 -0.593126
vn -0.729927 -0.545875 -0.411373
vn -0.628056 -0.636275 -0.447996
vn -0.094366 0.795855 -0.598089
vn -0.149883 0.784368 -0.601915
vn -0.563932 -0.677998 -0.471486
vn -0.557082 -0.691221 -0.460297
vn -0.192516 0.785678 -0.587918
vn -0.177896 0.758413 -0.627026
vn -0.516002 -0.685209 -0.514034
vn -0.488856 -0.681216 -0.544945
vn -0.137506 0.727581 -0.6721
vn -0.398824 -0.664729 -0.631724
vn -0.305447 -0.952131 0.0121705
vn -0.325863 -0.940213 -0.0990599
vn -0.32736 -0.933738 -0.144804
vn 0.819457 -0.403697 0.40684
vn 0.875054 -0.359725 0.323849
vn 0.90314 -0.320827 0.285322
vn -0.339171 -0.887878 -0.310863
vn -0.31408 -0.845095 -0.43263
vn 0.961895 -0.229743 0.148244
vn 0.988902 -0.137602 0.0560213
vn -0.293089 -0.826266 -0.481022
vn -0.232667 -0.838211 -0.493222
vn 0.997021 -0.0768869 -0.00613094
vn 0.99975 -0.00786751 -0.0209316
vn -0.19223 -0.818329 -0.541651
vn -0.149044 -0.777317 -0.611199
vn 0.990753 0.0561972 -0.12349
vn 0.974077 0.114968 -0.194824
vn -0.139077 -0.701869 -0.698597
vn 0.928427 0.152108 -0.338949
vn 0.881504 0.437652 0.177236
vn 0.924879 0.365164 0.106083
vn 0.93578 0.339519 0.0950947
vn -0.355082 0.846398 -0.396898
vn -0.358442 0.835195 -0.417095
vn -0.372498 0.820536 -0.433551
vn 0.969174 0.246357 0.00316574
vn 0.973758 0.208684 -0.0908101
vn -0.388028 0.793778 -0.46835
vn -0.424467 0.748166 -0.509976
vn 0.96966 0.191379 -0.1521
vn 0.969399 0.209738 -0.127573
vn -0.448842 0.725763 -0.521352
vn -0.452953 0.737709 -0.500619
vn 0.964728 0.177125 -0.194747
vn 0.96099 0.14389 -0.236207
vn -0.419167 0.72849 -0.54185
vn -0.390772 0.72933 -0.561583
vn 0.896821 0.0668261 -0.437318
vn -0.361146 0.644201 -0.674225
vn -0.871487 0.23505 -0.430421
vn -0.819519 0.2677 -0.506681
vn -0.806136 0.283869 -0.519195
vn -0.30749 -0.950091 0.0526921
vn -0.244947 -0.969528 0.00396271
vn -0.205253 -0.978631 -0.0123291
vn -0.743795 0.318075 -0.587875
vn -0.699412 0.3116 -0.643218
vn -0.0990597 -0.991003 -0.0900006
vn -0.00475298 -0.990365 -0.138397
vn -0.695141 0.291578 -0.657085
vn -0.716173 0.257587 -0.648649
vn 0.0693336 -0.980505 -0.183854
vn 0.0970854 -0.977971 -0.18479
vn -0.726055 0.246246 -0.642034
vn -0.703778 0.240468 -0.668485
vn 0.151103 -0.940358 -0.304785
vn 0.17764 -0.914041 -0.364656
vn -0.651212 0.241919 -0.719304
vn 0.253838 -0.808636 -0.53073
vn 0.475867 -0.794231 0.37782
vn 0.464918 -0.847521 0.256044
vn 0.455333 -0.862396 0.221234
vn 0.807057 0.499917 0.314233
vn 0.821406 0.546231 0.164085
vn 0.821539 0.558968 0.11238
vn 0.427578 -0.90022 0.0823539
vn 0.4303 -0.902621 -0.0108456
vn 0.809399 0.585361 -0.0471704
vn 0.780127 0.611732 -0.131094
vn 0.440787 -0.895101 -0.0670922
vn 0.490632 -0.864969 -0.1054
vn 0.748442 0.633821 -0.195205
vn 0.698762 0.67649 -0.232578
vn 0.498073 -0.83833 -0.221646
vn 0.502396 -0.802545 -0.321745
vn 0.648957 0.680182 -0.340892
vn 0.598864 0.684499 -0.41572
vn 0.44274 -0.754843 -0.483935
vn 0.543578 0.634202 -0.549828
vn 0.127223 0.991572 0.0244702
vn 0.254116 0.963872 -0.0798531
vn 0.291974 0.952284 -0.0889201
vn -0.92017 0.263416 -0.289654
vn -0.89266 0.169629 -0.417593
vn -0.878185 0.137615 -0.458098
vn 0.40868 0.895443 -0.176528
vn 0.444393 0.858572 -0.255675
vn -0.819605 0.0447023 -0.571182
vn -0.787035 -0.0180357 -0.616644
vn 0.456777 0.830663 -0.31836
vn 0.440894 0.843003 -0.308154
vn -0.779611 -0.0603114 -0.623353
vn -0.81497 -0.0330899 -0.578558
vn 0.454128 0.820457 -0.347302
vn 0.474504 0.798296 -0.370904
vn -0.79387 -0.00445659 -0.608071
vn -0.775327 0.0203713 -0.631231
vn 0.499045 0.692352 -0.521155
vn -0.665268 -0.030747 -0.745971
vn -0.772768 -0.61819 -0.143772
vn -0.76678 -0.607161 -0.208338
vn -0.775679 -0.594845 -0.210907
vn 0.492231 -0.744835 0.450476
vn 0.572326 -0.735938 0.361717
vn 0.594147 -0.73261 0.332072
vn -0.76865 -0.561411 -0.306585
vn -0.740538 -0.547675 -0.38943
vn 0.665964 -0.712897 0.219704
vn 0.715766 -0.681238 0.153599
vn -0.712472 -0.55268 -0.432353
vn -0.702668 -0.581556 -0.40994
vn 0.772469 -0.633299 0.0471648
vn 0.803921 -0.594684 -0.00783762
vn -0.692487 -0.570137 -0.442047
vn -0.674631 -0.555466 -0.486138
vn 0.815872 -0.557662 -0.152857
vn 0.815065 -0.541193 -0.206832
vn -0.621139 -0.501164 -0.602512
vn 0.795749 -0.486266 -0.36101
vn 0.847003 -0.0791395 0.525664
vn 0.896851 -0.159697 0.412499
vn 0.894109 -0.191614 0.404788
vn 0.153186 0.987779 0.0287517
vn 0.150147 0.983988 -0.0960436
vn 0.165884 0.97938 -0.115313
vn 0.918933 -0.302003 0.253686
vn 0.927684 -0.346113 0.140029
vn 0.177267 0.9561 -0.233344
vn 0.162254 0.940334 -0.299073
vn 0.928061 -0.372421 0.00224041
vn 0.941255 -0.329415 -0.074331
vn 0.134011 0.934461 -0.329884
vn 0.0740519 0.939231 -0.335204
vn 0.930366 -0.312624 -0.191535
vn 0.916208 -0.28936 -0.277188
vn 0.0387364 0.919046 -0.392242
vn 0.000249975 0.887742 -0.460341
vn 0.868898 -0.299176 -0.394348
vn -0.00881682 0.820268 -0.571912
vn -0.676458 0.719182 -0.158686
vn -0.605055 0.745293 -0.280084
vn -0.581781 0.765361 -0.275233
vn -0.793532 -0.605608 0.0595405
vn -0.72776 -0.683458 -0.0570147
vn -0.717878 -0.69035 -0.0898267
vn -0.488708 0.789987 -0.37025
vn -0.448035 0.781763 -0.433718
vn -0.648165 -0.732684 -0.207501
vn -0.604413 -0.753329 -0.259192
vn -0.438315 0.763641 -0.47406
vn -0.474766 0.77582 -0.415573
vn -0.52904 -0.782106 -0.329283
vn -0.535759 -0.779022 -0.325711
vn -0.455045 0.781136 -0.427504
vn -0.424534 0.788933 -0.444248
vn -0.533049 -0.747944 -0.395524
vn -0.559501 -0.721072 -0.408673
vn -0.327599 0.723599 -0.607522
vn -0.490805 -0.694014 -0.526739
vn -0.1057 -0.870093 0.48142
vn -0.0982674 -0.929542 0.355381
vn -0.0733457 -0.953701 0.291674
vn 0.726101 0.064488 0.684558
vn 0.807753 0.0869707 0.583071
vn 0.842425 0.120624 0.525139
vn -0.0380063 -0.993287 0.109251
vn 0.0216219 -0.999659 -0.0146692
vn 0.924591 0.172233 0.339804
vn 0.950649 0.239261 0.197538
vn 0.0587106 -0.991026 -0.12009
vn 0.0880815 -0.984514 -0.151568
vn 0.958734 0.278149 0.0588442
vn 0.950993 0.309022 0.0108961
vn 0.086468 -0.952713 -0.291309
vn 0.0846679 -0.92956 -0.358817
vn 0.933578 0.316491 -0.168125
vn 0.915085 0.317028 -0.249223
vn 0.0784009 -0.832769 -0.548041
vn 0.826227 0.303962 -0.474295
vn 0.571771 0.714999 0.40231
vn 0.635822 0.700465 0.324159
vn 0.656679 0.697334 0.287224
vn -0.730175 0.675502 -0.102671
vn -0.730143 0.671555 -0.126118
vn -0.741075 0.6533 -0.154941
vn 0.724123 0.670354 0.162085
vn 0.743479 0.667397 0.0426614
vn -0.745502 0.617465 -0.250926
vn -0.756202 0.547316 -0.358613
vn 0.746652 0.664528 -0.0302047
vn 0.713177 0.694919 -0.0920113
vn -0.762888 0.503831 -0.405161
vn -0.787594 0.447697 -0.423394
vn 0.697399 0.693598 -0.180433
vn 0.677521 0.685466 -0.266649
vn -0.766938 0.399616 -0.502108
vn -0.744918 0.347555 -0.569476
vn 0.674087 0.637233 -0.373552
vn -0.665993 0.295672 -0.684859
vn -0.999075 -0.0115466 0.0414277
vn -0.998531 -0.0151843 -0.0520065
vn -0.994801 -0.0288406 -0.0976725
vn -0.0466203 -0.802831 0.594382
vn 0.00135966 -0.852346 0.522976
vn 0.0395037 -0.871285 0.489185
vn -0.96509 -0.0462354 -0.257805
vn -0.920232 -0.0879516 -0.381362
vn 0.129775 -0.923897 0.359963
vn 0.223987 -0.938385 0.263178
vn -0.884977 -0.116033 -0.450946
vn -0.905663 -0.109653 -0.409573
vn 0.305314 -0.941806 0.140657
vn 0.311137 -0.943202 0.116462
vn -0.888078 -0.080275 -0.45263
vn -0.878901 -0.048437 -0.474538
vn 0.314882 -0.947986 -0.0465957
vn 0.2887 -0.952232 -0.0995308
vn -0.776633 -0.0525814 -0.627756
vn 0.32053 -0.888606 -0.328086
vn 0.28495 -0.387139 0.876885
vn 0.352277 -0.452581 0.819189
vn 0.234115 0.789129 0.567861
vn 0.300906 0.822982 0.481826
vn 0.322468 0.831142 0.453009
vn 0.56555 -0.641059 0.518842
vn 0.653774 -0.647109 0.392212
vn 0.403042 0.858239 0.317778
vn 0.42741 0.880563 0.204766
vn 0.726361 -0.643907 0.240382
vn 0.754788 -0.626212 0.195331
vn 0.455189 0.889093 0.0481385
vn 0.448699 0.893226 -0.0285753
vn 0.770748 -0.636295 0.032815
vn 0.769295 -0.637854 -0.0364437
vn 0.467973 0.857771 -0.212674
vn 0.470384 0.835407 -0.284313
vn 0.748509 -0.614019 -0.250431
vn 0.459634 0.742 -0.48803
# 2425 normals
usemtl Stalk
f  1/1/1 4/2/2 2/3/3
f  1/4/4 6/5/5 4/6/6
f  2/3/3 4/2/2 5/7/7
f  2/3/8 5/7/9 3/8/10
f  3/8/10 5/7/9 6/5/11
f  3/8/12 6/5/5 1/4/4
f  4/2/2 7/9/13 5/7/7
f  4/6/6 9/10/14 7/11/15
f  5/7/7 7/9/13 8/12/16
f  5/7/9 8/12/17 6/5/11
f  6/5/11 8/12/17 9/10/18
f  6/5/5 9/10/14 4/6/6
f  7/9/13 10/13/19 8/12/16
f  7/11/15 12/14/20 10/15/21
f  8/12/16 10/13/19 11/16/22
f  8/12/17 11/16/23 9/10/18
f  9/10/18 11/16/23 12/14/24
f  9/10/14 12/14/20 7/11/15
f  10/13/19 13/17/25 11/16/22
f  10/15/21 15/18/26 13/19/27
f  11/16/22 13/17/25 14/20/28
f  11/16/23 14/20/29 12/14/24
f  12/14/24 14/20/29 15/18/30
f  12/14/20 15/18/26 10/15/21
f  13/17/25 16/21/31 14/20/28
f  13/19/27 18/22/32 16/23/33
f  14/20/28 16/21/31 17/24/34
f  14/20/29 17/24/35 15/18/30
f  15/18/30 17/24/35 18/22/36
f  15/18/26 18/22/32 13/19/27
f  16/21/31 19/25/37 17/24/34
f  16/23/38 21/26/39 19/27/40
f  17/24/41 19/25/42 20/28/43
f  17/24/35 20/28/44 18/22/36
f  18/22/45 20/28/46 21/26/47
f  18/22/32 21/26/48 16/23/33
f  19/25/42 22/29/49 20/28/43
f  19/27/40 24/30/50 22/31/51
f  20/28/43 22/29/49 23/32/52
f  20/28/46 23/32/53 21/26/47
f  21/26/47 23/32/53 24/30/54
f  21/26/39 24/30/50 19/27/40
f  22/29/49 25/33/55 23/32/52
f  22/31/51 27/34/56 25/35/57
f  23/32/52 25/33/55 26/36/58
f  23/32/53 26/36/59 24/30/54
f  24/30/54 26/36/59 27/34/60
f  24/30/50 27/34/56 22/31/51
f  25/33/55 28/37/61 26/36/58
f  25/35/57 30/38/62 28/39/63
f  26/36/58 28/37/61 29/40/64
f  26/36/59 29/40/65 27/34/60
f  27/34/60 29/40/65 30/38/66
f  27/34/56 30/38/62 25/35/57
f  28/37/61 31/41/67 29/40/64
f  28/39/63 33/42/68 31/43/69
f  29/40/64 31/41/67 32/44/70
f  29/40/65 32/44/71 30/38/66
f  30/38/66 32/44/71 33/42/72
f  30/38/62 33/42/68 28/39/63
f  31/41/67 34/45/73 32/44/70
f  31/43/69 36/46/74 34/47/75
f  32/44/70 34/45/73 35/48/76
f  32/44/71 35/48/77 33/42/72
f  33/42/72 35/48/77 36/46/78
f  33/42/68 36/46/74 31/43/69
f  34/45/73 37/49/79 35/48/76
f  34/47/75 39/50/80 37/51/81
f  35/48/76 37/49/79 38/52/82
f  35/48/77 38/52/83 36/46/78
f  36/46/78 38/52/83 39/50/84
f  36/46/74 39/50/80 34/47/75
f  37/49/79 40/53/85 38/52/82
f  37/51/81 42/54/86 40/55/87
f  38/52/82 40/53/85 41/56/88
f  38/52/83 41/56/89 39/50/84
f  39/50/84 41/56/89 42/54/90
f  39/50/80 42/54/86 37/51/81
f  40/53/85 43/57/91 41/56/88
f  40/55/87 45/58/92 43/59/93
f  41/56/88 43/57/91 44/60/94
f  41/56/89 44/60/95 42/54/90
f  42/54/90 44/60/95 45/58/96
f  42/54/86 45/58/92 40/55/87
f  43/57/91 46/61/97 44/60/94
f  43/59/93 48/62/98 46/63/99
f  44/60/94 46/61/97 47/64/100
f  44/60/95 47/64/101 45/58/96
f  45/58/96 47/64/101 48/62/102
f  45/58/92 48/62/98 43/59/93
f  46/61/97 49/65/103 47/64/100
f  46/63/99 51/66/104 49/67/105
f  47/64/100 49/65/103 50/68/106
f  47/64/101 50/68/107 48/62/102
f  48/62/102 50/68/107 51/66/108
f  48/62/98 51/66/104 46/63/99
f  49/65/103 52/69/109 50/68/106
f  49/67/105 54/70/110 52/71/111
f  50/68/106 52/69/109 53/72/112
f  50/68/107 53/72/113 51/66/108
f  51/66/108 53/72/113 54/70/114
f  51/66/104 54/70/110 49/67/105
f  52/69/109 55/73/115 53/72/112
f  52/71/111 57/74/116 55/75/117
f  53/72/112 55/73/115 56/76/118
f  53/72/113 56/76/119 54/70/114
f  54/70/114 56/76/119 57/74/120
f  54/70/110 57/74/116 52/71/111
f  55/73/115 58/77/121 56/76/118
f  56/76/119 58/77/122 57/74/120
f  57/74/116 58/77/123 55/75/117
f  59/53/124 62/57/125 60/56/126
f  59/55/127 64/58/128 62/59/129
f  60/56/126 62/57/125 63/60/130
f  60/56/131 63/60/132 61/54/133
f  61/54/133 63/60/132 64/58/134
f  61/54/135 64/58/128 59/55/127
f  62/57/125 65/61/136 63/60/130
f  62/59/129 67/62/137 65/63/138
f  63/60/130 65/61/136 66/64/139
f  63/60/132 66/64/140 64/58/134
f  64/58/134 66/64/140 67/62/141
f  64/58/128 67/62/137 62/59/129
f  65/61/136 68/65/142 66/64/139
f  65/63/138 70/66/143 68/67/144
f  66/64/139 68/65/142 69/68/145
f  66/64/140 69/68/146 67/62/141
f  67/62/141 69/68/146 70/66/147
f  67/62/137 70/66/143 65/63/138
f  68/65/142 71/69/148 69/68/145
f  68/67/144 73/70/149 71/71/150
f  69/68/145 71/69/148 72/72/151
f  69/68/146 72/72/152 70/66/147
f  70/66/147 72/72/152 73/70/153
f  70/66/143 73/70/149 68/67/144
f  71/69/148 74/73/154 72/72/151
f  71/71/150 76/74/155 74/75/156
f  72/72/151 74/73/154 75/76/157
f  72/72/152 75/76/158 73/70/153
f  73/70/153 75/76/158 76/74/159
f  73/70/149 76/74/155 71/71/150
f  74/73/154 77/78/160 75/76/157
f  74/75/156 79/79/161 77/80/162
f  75/76/157 77/78/160 78/81/163
f  75/76/158 78/81/164 76/74/159
f  76/74/159 78/81/164 79/79/165
f  76/74/155 79/79/161 74/75/156
f  77/78/160 80/82/166 78/81/163
f  77/80/162 82/83/167 80/84/168
f  78/81/163 80/82/166 81/85/169
f  78/81/164 81/85/170 79/79/165
f  79/79/165 81/85/170 82/83/171
f  79/79/161 82/83/167 77/80/162
f  80/82/166 83/86/172 81/85/169
f  81/85/170 83/86/173 82/83/171
f  82/83/167 83/86/174 80/84/168
f  84/45/175 87/49/176 85/48/177
f  84/47/178 89/50/179 87/51/180
f  85/48/177 87/49/176 88/52/181
f  85/48/182 88/52/183 86/46/184
f  86/46/184 88/52/183 89/50/185
f  86/46/186 89/50/179 84/47/178
f  87/49/176 90/53/187 88/52/181
f  87/51/180 92/54/188 90/55/189
f  88/52/181 90/53/187 91/56/190
f  88/52/183 91/56/191 89/50/185
f  89/50/185 91/56/191 92/54/192
f  89/50/179 92/54/188 87/51/180
f  90/53/187 93/57/193 91/56/190
f  90/55/189 95/58/194 93/59/195
f  91/56/190 93/57/193 94/60/196
f  91/56/191 94/60/197 92/54/192
f  92/54/192 94/60/197 95/58/198
f  92/54/188 95/58/194 90/55/189
f  93/57/193 96/61/199 94/60/196
f  93/59/195 98/62/200 96/63/201
f  94/60/196 96/61/199 97/64/202
f  94/60/197 97/64/203 95/58/198
f  95/58/198 97/64/203 98/62/204
f  95/58/194 98/62/200 93/59/195
f  96/61/199 99/65/205 97/64/202
f  96/63/201 101/66/206 99/67/207
f  97/64/202 99/65/205 100/68/208
f  97/64/203 100/68/209 98/62/204
f  98/62/204 100/68/209 101/66/210
f  98/62/200 101/66/206 96/63/201
f  99/65/205 102/69/211 100/68/208
f  99/67/207 104/70/212 102/71/213
f  100/68/208 102/69/211 103/72/214
f  100/68/209 103/72/215 101/66/210
f  101/66/210 103/72/215 104/70/216
f  101/66/206 104/70/212 99/67/207
f  102/69/211 105/73/217 103/72/214
f  102/71/213 107/74/218 105/75/219
f  103/72/214 105/73/217 106/76/220
f  103/72/215 106/76/221 104/70/216
f  104/70/216 106/76/221 107/74/222
f  104/70/212 107/74/218 102/71/213
f  105/73/217 108/78/223 106/76/220
f  105/75/219 110/79/224 108/80/225
f  106/76/220 108/78/223 109/81/226
f  106/76/221 109/81/227 107/74/222
f  107/74/222 109/81/227 110/79/228
f  107/74/218 110/79/224 105/75/219
f  108/78/223 111/87/229 109/81/226
f  109/81/227 111/87/230 110/79/228
f  110/79/224 111/87/231 108/80/225
f  112/37/232 115/41/233 113/40/234
f  112/39/235 117/42/236 115/43/237
f  113/40/234 115/41/233 116/44/238
f  113/40/239 116/44/240 114/38/241
f  114/38/241 116/44/240 117/42/242
f  114/38/243 117/42/236 112/39/235
f  115/41/233 118/45/244 116/44/238
f  115/43/237 120/46/245 118/47/246
f  116/44/238 118/45/244 119/48/247
f  116/44/240 119/48/248 117/42/242
f  117/42/242 119/48/248 120/46/249
f  117/42/236 120/46/245 115/43/237
f  118/45/244 121/49/250 119/48/247
f  118/47/246 123/50/251 121/51/252
f  119/48/247 121/49/250 122/52/253
f  119/48/248 122/52/254 120/46/249
f  120/46/249 122/52/254 123/50/255
f  120/46/245 123/50/251 118/47/246
f  121/49/250 124/53/256 122/52/253
f  121/51/252 126/54/257 124/55/258
f  122/52/253 124/53/256 125/56/259
f  122/52/254 125/56/260 123/50/255
f  123/50/255 125/56/260 126/54/261
f  123/50/251 126/54/257 121/51/252
f  124/53/256 127/57/262 125/56/259
f  124/55/258 129/58/263 127/59/264
f  125/56/259 127/57/262 128/60/265
f  125/56/260 128/60/266 126/54/261
f  126/54/261 128/60/266 129/58/267
f  126/54/257 129/58/263 124/55/258
f  127/57/262 130/61/268 128/60/265
f  127/59/264 132/62/269 130/63/270
f  128/60/265 130/61/268 131/64/271
f  128/60/266 131/64/272 129/58/267
f  129/58/267 131/64/272 132/62/273
f  129/58/263 132/62/269 127/59/264
f  130/61/268 133/65/274 131/64/271
f  130/63/270 135/66/275 133/67/276
f  131/64/271 133/65/274 134/68/277
f  131/64/272 134/68/278 132/62/273
f  132/62/273 134/68/278 135/66/279
f  132/62/269 135/66/275 130/63/270
f  133/65/274 136/69/280 134/68/277
f  133/67/276 138/70/281 136/71/282
f  134/68/277 136/69/280 137/72/283
f  134/68/278 137/72/284 135/66/279
f  135/66/279 137/72/284 138/70/285
f  135/66/275 138/70/281 133/67/276
f  136/69/280 139/73/286 137/72/283
f  136/71/282 141/74/287 139/75/288
f  137/72/283 139/73/286 140/76/289
f  137/72/284 140/76/290 138/70/285
f  138/70/285 140/76/290 141/74/291
f  138/70/281 141/74/287 136/71/282
f  139/73/286 142/77/292 140/76/289
f  140/76/290 142/77/293 141/74/291
f  141/74/287 142/77/294 139/75/288
f  143/25/295 146/29/296 144/28/297
f  143/27/298 148/30/299 146/31/300
f  144/28/297 146/29/296 147/32/301
f  144/28/302 147/32/303 145/26/304
f  145/26/304 147/32/303 148/30/305
f  145/26/306 148/30/299 143/27/298
f  146/29/296 149/33/307 147/32/301
f  146/31/300 151/34/308 149/35/309
f  147/32/301 149/33/307 150/36/310
f  147/32/303 150/36/311 148/30/305
f  148/30/305 150/36/311 151/34/312
f  148/30/299 151/34/308 146/31/300
f  149/33/307 152/37/313 150/36/310
f  149/35/309 154/38/314 152/39/315
f  150/36/310 152/37/313 153/40/316
f  150/36/311 153/40/317 151/34/312
f  151/34/312 153/40/317 154/38/318
f  151/34/308 154/38/314 149/35/309
f  152/37/313 155/41/319 153/40/316
f  152/39/315 157/42/320 155/43/321
f  153/40/316 155/41/319 156/44/322
f  153/40/317 156/44/323 154/38/318
f  154/38/318 156/44/323 157/42/324
f  154/38/314 157/42/320 152/39/315
f  155/41/319 158/45/325 156/44/322
f  155/43/321 160/46/326 158/47/327
f  156/44/322 158/45/325 159/48/328
f  156/44/323 159/48/329 157/42/324
f  157/42/324 159/48/329 160/46/330
f  157/42/320 160/46/326 155/43/321
f  158/45/325 161/49/331 159/48/328
f  158/47/327 163/50/332 161/51/333
f  159/48/328 161/49/331 162/52/334
f  159/48/329 162/52/335 160/46/330
f  160/46/330 162/52/335 163/50/336
f  160/46/326 163/50/332 158/47/327
f  161/49/331 164/53/337 162/52/334
f  161/51/333 166/54/338 164/55/339
f  162/52/334 164/53/337 165/56/340
f  162/52/335 165/56/341 163/50/336
f  163/50/336 165/56/341 166/54/342
f  163/50/332 166/54/338 161/51/333
f  164/53/337 167/88/343 165/56/340
f  165/56/341 167/88/344 166/54/342
f  166/54/338 167/88/345 164/55/339
usemtl Leaf
f  168/1/346 171/89/347 169/90/348
f  169/90/348 171/89/347 172/91/349
f  169/90/348 172/91/349 170/4/350
f  170/4/350 172/91/349 173/92/351
f  171/89/347 174/93/352 172/91/349
f  172/91/349 174/93/352 175/94/353
f  172/91/349 175/94/353 173/92/351
f  173/92/351 175/94/353 176/95/354
f  174/93/352 177/96/355 175/94/353
f  175/94/353 177/96/355 178/97/356
f  175/94/353 178/97/356 176/95/354
f  176/95/354 178/97/356 179/98/357
f  177/96/355 180/99/358 178/97/356
f  178/97/356 180/99/358 181/100/359
f  178/97/356 181/100/359 179/98/357
f  179/98/357 181/100/359 182/101/360
f  180/99/358 183/102/361 181/100/359
f  181/100/359 183/102/361 184/103/362
f  181/100/359 184/103/362 182/101/360
f  182/101/360 184/103/362 185/104/363
f  183/102/361 186/105/364 184/103/362
f  184/103/362 186/105/364 187/106/365
f  184/103/362 187/106/365 185/104/363
f  185/104/363 187/106/366 188/107/366
f  186/105/364 189/108/367 187/106/365
f  187/106/365 189/108/367 188/107/367
f  190/1/368 193/89/369 191/90/370
f  191/90/370 193/89/369 194/91/371
f  191/90/370 194/91/371 192/4/372
f  192/4/372 194/91/371 195/92/373
f  193/89/369 196/93/374 194/91/371
f  194/91/371 196/93/374 197/94/375
f  194/91/371 197/94/375 195/92/373
f  195/92/373 197/94/375 198/95/376
f  196/93/374 199/96/377 197/94/375
f  197/94/375 199/96/377 200/97/378
f  197/94/375 200/97/378 198/95/376
f  198/95/376 200/97/378 201/98/379
f  199/96/380 202/99/380 200/97/380
f  200/97/378 202/99/381 203/100/382
f  200/97/378 203/100/382 201/98/379
f  201/98/379 203/100/382 204/101/383
f  202/99/381 205/102/384 203/100/382
f  203/100/382 205/102/384 206/103/385
f  203/100/382 206/103/385 204/101/383
f  204/101/383 206/103/385 207/104/386
f  205/102/384 208/105/387 206/103/385
f  206/103/385 208/105/387 209/106/388
f  206/103/385 209/106/388 207/104/386
f  207/104/386 209/106/388 210/107/389
f  208/105/387 211/108/390 209/106/388
f  209/106/388 211/108/390 210/107/389
f  212/1/391 215/89/392 213/90/393
f  213/90/393 215/89/392 216/91/394
f  213/90/393 216/91/394 214/4/395
f  214/4/395 216/91/394 217/92/396
f  215/89/392 218/93/397 216/91/394
f  216/91/394 218/93/397 219/94/398
f  216/91/394 219/94/398 217/92/396
f  217/92/396 219/94/398 220/95/399
f  218/93/397 221/96/400 219/94/398
f  219/94/398 221/96/400 222/97/401
f  219/94/398 222/97/401 220/95/399
f  220/95/399 222/97/401 223/98/402
f  221/96/400 224/99/403 222/97/401
f  222/97/401 224/99/403 225/100/404
f  222/97/401 225/100/404 223/98/402
f  223/98/402 225/100/404 226/101/405
f  224/99/403 227/102/406 225/100/404
f  225/100/404 227/102/406 228/103/407
f  225/100/404 228/103/407 226/101/405
f  226/101/405 228/103/407 229/104/408
f  227/102/406 230/105/409 228/103/407
f  228/103/407 230/105/410 231/106/411
f  228/103/407 231/106/411 229/104/408
f  229/104/408 231/106/412 232/107/412
f  230/105/410 233/108/413 231/106/411
f  231/106/411 233/108/413 232/107/413
f  234/1/414 237/89/415 235/90/416
f  235/90/416 237/89/415 238/91/417
f  235/90/416 238/91/417 236/4/418
f  236/4/418 238/91/417 239/92/419
f  237/89/415 240/93/420 238/91/417
f  238/91/417 240/93/420 241/94/421
f  238/91/417 241/94/421 239/92/419
f  239/92/419 241/94/421 242/95/422
f  240/93/420 243/96/423 241/94/421
f  241/94/421 243/96/423 244/97/424
f  241/94/421 244/97/424 242/95/422
f  242/95/422 244/97/424 245/98/425
f  243/96/423 246/99/426 244/97/424
f  244/97/424 246/99/426 247/100/427
f  244/97/424 247/100/427 245/98/425
f  245/98/425 247/100/427 248/101/428
f  246/99/426 249/102/429 247/100/430
f  247/100/427 249/102/429 250/103/431
f  247/100/427 250/103/431 248/101/428
f  248/101/428 250/103/431 251/104/432
f  249/102/429 252/105/433 250/103/431
f  250/103/431 252/105/433 253/106/434
f  250/103/431 253/106/434 251/104/432
f  251/104/432 253/106/435 254/107/435
f  252/105/433 255/108/436 253/106/434
f  253/106/434 255/108/436 254/107/437
f  256/1/438 259/89/439 257/90/440
f  257/90/440 259/89/439 260/91/441
f  257/90/440 260/91/441 258/4/442
f  258/4/442 260/91/441 261/92/443
f  259/89/439 262/93/444 260/91/441
f  260/91/441 262/93/444 263/94/445
f  260/91/441 263/94/445 261/92/443
f  261/92/443 263/94/445 264/95/446
f  262/93/444 265/96/447 263/94/445
f  263/94/445 265/96/447 266/97/448
f  263/94/445 266/97/448 264/95/446
f  264/95/446 266/97/448 267/98/449
f  265/96/450 268/99/450 266/97/448
f  266/97/448 268/99/451 269/100/452
f  266/97/448 269/100/452 267/98/449
f  267/98/449 269/100/452 270/101/453
f  268/99/451 271/102/454 269/100/452
f  269/100/452 271/102/454 272/103/455
f  269/100/452 272/103/455 270/101/456
f  270/101/457 272/103/455 273/104/458
f  271/102/454 274/105/459 272/103/455
f  272/103/455 274/105/459 275/106/460
f  272/103/455 275/106/460 273/104/458
f  273/104/458 275/106/460 276/107/461
f  274/105/459 277/108/462 275/106/460
f  275/106/460 277/108/462 276/107/461
f  278/1/463 281/89/464 279/90/465
f  279/90/465 281/89/464 282/91/466
f  279/90/465 282/91/466 280/4/467
f  280/4/467 282/91/466 283/92/468
f  281/89/464 284/93/469 282/91/466
f  282/91/466 284/93/469 285/94/470
f  282/91/466 285/94/470 283/92/468
f  283/92/468 285/94/470 286/95/471
f  284/93/469 287/96/472 285/94/470
f  285/94/470 287/96/472 288/97/473
f  285/94/470 288/97/473 286/95/471
f  286/95/471 288/97/473 289/98/474
f  287/96/472 290/99/475 288/97/473
f  288/97/473 290/99/475 291/100/476
f  288/97/473 291/100/476 289/98/474
f  289/98/474 291/100/476 292/101/477
f  290/99/475 293/102/478 291/100/476
f  291/100/476 293/102/478 294/103/479
f  291/100/476 294/103/479 292/101/477
f  292/101/477 294/103/479 295/104/480
f  293/102/478 296/105/481 294/103/479
f  294/103/479 296/105/482 297/106/483
f  294/103/479 297/106/483 295/104/480
f  295/104/484 297/106/483 298/107/485
f  296/105/482 299/108/486 297/106/483
f  297/106/483 299/108/486 298/107/485
f  300/1/487 303/89/488 301/90/489
f  301/90/489 303/89/488 304/91/490
f  301/90/489 304/91/490 302/4/491
f  302/4/491 304/91/490 305/92/492
f  303/89/488 306/93/493 304/91/490
f  304/91/490 306/93/493 307/94/494
f  304/91/490 307/94/494 305/92/492
f  305/92/492 307/94/494 308/95/495
f  306/93/493 309/96/496 307/94/494
f  307/94/494 309/96/496 310/97/497
f  307/94/494 310/97/497 308/95/495
f  308/95/495 310/97/497 311/98/498
f  309/96/496 312/99/499 310/97/497
f  310/97/497 312/99/499 313/100/500
f  310/97/497 313/100/500 311/98/498
f  311/98/498 313/100/500 314/101/501
f  312/99/499 315/102/502 313/100/500
f  313/100/500 315/102/502 316/103/503
f  313/100/500 316/103/503 314/101/501
f  314/101/501 316/103/503 317/104/504
f  315/102/502 318/105/505 316/103/503
f  316/103/503 318/105/505 319/106/506
f  316/103/503 319/106/506 317/104/504
f  317/104/504 319/106/507 320/107/507
f  318/105/505 321/108/508 319/106/506
f  319/106/506 321/108/508 320/107/509
f  322/1/510 325/89/511 323/90/512
f  323/90/512 325/89/511 326/91/513
f  323/90/512 326/91/513 324/4/514
f  324/4/514 326/91/513 327/92/515
f  325/89/511 328/93/516 326/91/513
f  326/91/513 328/93/516 329/94/517
f  326/91/513 329/94/517 327/92/515
f  327/92/515 329/94/517 330/95/518
f  328/93/516 331/96/519 329/94/517
f  329/94/517 331/96/519 332/97/520
f  329/94/517 332/97/520 330/95/518
f  330/95/518 332/97/520 333/98/521
f  331/96/519 334/99/522 332/97/520
f  332/97/520 334/99/522 335/100/523
f  332/97/520 335/100/523 333/98/521
f  333/98/521 335/100/523 336/101/524
f  334/99/522 337/102/525 335/100/523
f  335/100/523 337/102/525 338/103/526
f  335/100/523 338/103/526 336/101/527
f  336/101/528 338/103/528 339/104/528
f  337/102/525 340/105/529 338/103/526
f  338/103/526 340/105/529 341/106/530
f  338/103/526 341/106/530 339/104/531
f  339/104/531 341/106/530 342/107/532
f  340/105/529 343/108/533 341/106/530
f  341/106/530 343/108/533 342/107/534
f  344/1/535 347/89/536 345/90/537
f  345/90/537 347/89/536 348/91/538
f  345/90/537 348/91/538 346/4/539
f  346/4/539 348/91/538 349/92/540
f  347/89/536 350/93/541 348/91/538
f  348/91/538 350/93/541 351/94/542
f  348/91/538 351/94/542 349/92/540
f  349/92/540 351/94/542 352/95/543
f  350/93/541 353/96/544 351/94/542
f  351/94/542 353/96/544 354/97/545
f  351/94/542 354/97/545 352/95/543
f  352/95/543 354/97/545 355/98/546
f  353/96/544 356/99/547 354/97/545
f  354/97/545 356/99/547 357/100/548
f  354/97/545 357/100/548 355/98/546
f  355/98/546 357/100/548 358/101/549
f  356/99/547 359/102/550 357/100/548
f  357/100/548 359/102/550 360/103/551
f  357/100/548 360/103/551 358/101/549
f  358/101/549 360/103/551 361/104/552
f  359/102/550 362/105/553 360/103/553
f  360/103/551 362/105/554 363/106/555
f  360/103/551 363/106/555 361/104/552
f  361/104/552 363/106/555 364/107/556
f  362/105/554 365/108/557 363/106/555
f  363/106/555 365/108/557 364/107/556
f  366/1/558 369/89/559 367/90/560
f  367/90/560 369/89/559 370/91/561
f  367/90/560 370/91/561 368/4/562
f  368/4/562 370/91/561 371/92/563
f  369/89/559 372/93/564 370/91/561
f  370/91/561 372/93/564 373/94/565
f  370/91/561 373/94/565 371/92/563
f  371/92/563 373/94/565 374/95/566
f  372/93/564 375/96/567 373/94/565
f  373/94/565 375/96/567 376/97/568
f  373/94/565 376/97/568 374/95/566
f  374/95/566 376/97/568 377/98/569
f  375/96/567 378/99/570 376/97/568
f  376/97/568 378/99/570 379/100/571
f  376/97/568 379/100/571 377/98/569
f  377/98/569 379/100/571 380/101/572
f  378/99/570 381/102/573 379/100/571
f  379/100/571 381/102/573 382/103/574
f  379/100/571 382/103/574 380/101/572
f  380/101/572 382/103/574 383/104/575
f  381/102/573 384/105/576 382/103/574
f  382/103/574 384/105/576 385/106/577
f  382/103/574 385/106/577 383/104/575
f  383/104/575 385/106/578 386/107/578
f  384/105/576 387/108/579 385/106/577
f  385/106/577 387/108/579 386/107/580
f  388/1/581 391/89/582 389/90/583
f  389/90/583 391/89/582 392/91/584
f  389/90/583 392/91/584 390/4/585
f  390/4/585 392/91/584 393/92/586
f  391/89/582 394/93/587 392/91/584
f  392/91/584 394/93/587 395/94/588
f  392/91/584 395/94/588 393/92/586
f  393/92/586 395/94/588 396/95/589
f  394/93/587 397/96/590 395/94/588
f  395/94/588 397/96/590 398/97/591
f  395/94/588 398/97/591 396/95/589
f  396/95/589 398/97/591 399/98/592
f  397/96/593 400/99/593 398/97/591
f  398/97/591 400/99/594 401/100/595
f  398/97/591 401/100/595 399/98/592
f  399/98/592 401/100/595 402/101/596
f  400/99/594 403/102/597 401/100/595
f  401/100/595 403/102/597 404/103/598
f  401/100/595 404/103/598 402/101/596
f  402/101/596 404/103/598 405/104/599
f  403/102/597 406/105/600 404/103/598
f  404/103/598 406/105/600 407/106/601
f  404/103/598 407/106/601 405/104/599
f  405/104/599 407/106/601 408/107/602
f  406/105/600 409/108/603 407/106/601
f  407/106/601 409/108/603 408/107/602
f  410/1/604 413/89/605 411/90/606
f  411/90/606 413/89/605 414/91/607
f  411/90/606 414/91/607 412/4/608
f  412/4/608 414/91/607 415/92/609
f  413/89/605 416/93/610 414/91/607
f  414/91/607 416/93/610 417/94/611
f  414/91/607 417/94/611 415/92/609
f  415/92/609 417/94/611 418/95/612
f  416/93/610 419/96/613 417/94/611
f  417/94/611 419/96/613 420/97/614
f  417/94/611 420/97/614 418/95/612
f  418/95/612 420/97/614 421/98/615
f  419/96/613 422/99/616 420/97/614
f  420/97/614 422/99/616 423/100/617
f  420/97/614 423/100/617 421/98/615
f  421/98/615 423/100/617 424/101/618
f  422/99/616 425/102/619 423/100/617
f  423/100/617 425/102/619 426/103/620
f  423/100/617 426/103/620 424/101/618
f  424/101/618 426/103/620 427/104/621
f  425/102/619 428/105/622 426/103/620
f  426/103/620 428/105/622 429/106/623
f  426/103/620 429/106/623 427/104/621
f  427/104/621 429/106/624 430/107/624
f  428/105/622 431/108/625 429/106/623
f  429/106/623 431/108/625 430/107/626
usemtl Stalk
f  432/1/627 435/2/628 433/3/629
f  432/4/630 437/5/631 435/6/632
f  433/3/629 435/2/628 436/7/633
f  433/3/634 436/7/635 434/8/636
f  434/8/636 436/7/635 437/5/637
f  434/8/638 437/5/631 432/4/630
f  435/2/628 438/9/639 436/7/633
f  435/6/632 440/10/640 438/11/641
f  436/7/633 438/9/639 439/12/642
f  436/7/635 439/12/643 437/5/637
f  437/5/637 439/12/643 440/10/644
f  437/5/631 440/10/640 435/6/632
f  438/9/639 441/13/645 439/12/642
f  438/11/641 443/14/646 441/15/647
f  439/12/642 441/13/645 442/16/648
f  439/12/643 442/16/649 440/10/644
f  440/10/644 442/16/649 443/14/650
f  440/10/640 443/14/646 438/11/641
f  441/13/645 444/17/651 442/16/648
f  441/15/647 446/18/652 444/19/653
f  442/16/648 444/17/651 445/20/654
f  442/16/649 445/20/655 443/14/650
f  443/14/650 445/20/655 446/18/656
f  443/14/646 446/18/652 441/15/647
f  444/17/651 447/21/657 445/20/654
f  444/19/653 449/22/658 447/23/659
f  445/20/654 447/21/657 448/24/660
f  445/20/655 448/24/661 446/18/656
f  446/18/656 448/24/661 449/22/662
f  446/18/652 449/22/658 444/19/653
f  447/21/657 450/25/663 448/24/660
f  447/23/659 452/26/664 450/27/665
f  448/24/660 450/25/663 451/28/666
f  448/24/661 451/28/667 449/22/662
f  449/22/662 451/28/667 452/26/668
f  449/22/658 452/26/664 447/23/659
f  450/25/663 453/29/669 451/28/666
f  450/27/665 455/30/670 453/31/671
f  451/28/666 453/29/669 454/32/672
f  451/28/667 454/32/673 452/26/668
f  452/26/668 454/32/673 455/30/674
f  452/26/664 455/30/670 450/27/665
f  453/29/669 456/33/675 454/32/672
f  453/31/671 458/34/676 456/35/677
f  454/32/672 456/33/675 457/36/678
f  454/32/673 457/36/679 455/30/674
f  455/30/674 457/36/679 458/34/680
f  455/30/670 458/34/676 453/31/671
f  456/33/675 459/37/681 457/36/678
f  456/35/677 461/38/682 459/39/683
f  457/36/678 459/37/681 460/40/684
f  457/36/679 460/40/685 458/34/680
f  458/34/680 460/40/685 461/38/686
f  458/34/676 461/38/682 456/35/677
f  459/37/681 462/41/687 460/40/684
f  459/39/683 464/42/688 462/43/689
f  460/40/684 462/41/687 463/44/690
f  460/40/685 463/44/691 461/38/686
f  461/38/686 463/44/691 464/42/692
f  461/38/682 464/42/688 459/39/683
f  462/41/687 465/45/693 463/44/690
f  462/43/689 467/46/694 465/47/695
f  463/44/690 465/45/693 466/48/696
f  463/44/691 466/48/697 464/42/692
f  464/42/692 466/48/697 467/46/698
f  464/42/688 467/46/694 462/43/689
f  465/45/693 468/49/699 466/48/696
f  465/47/695 470/50/700 468/51/701
f  466/48/696 468/49/699 469/52/702
f  466/48/697 469/52/703 467/46/698
f  467/46/698 469/52/703 470/50/704
f  467/46/694 470/50/700 465/47/695
f  468/49/699 471/53/705 469/52/702
f  468/51/701 473/54/706 471/55/707
f  469/52/702 471/53/705 472/56/708
f  469/52/703 472/56/709 470/50/704
f  470/50/704 472/56/709 473/54/710
f  470/50/700 473/54/706 468/51/701
f  471/53/705 474/88/711 472/56/708
f  472/56/709 474/88/712 473/54/710
f  473/54/706 474/88/713 471/55/707
f  474/88/714 475/1/714 475/90/714
f  474/88/714 475/90/714 475/4/714
f  474/88/714 476/1/714 476/90/714
f  474/88/714 476/90/714 476/4/714
f  474/88/714 477/1/714 477/90/714
f  474/88/714 477/90/714 477/4/714
f  474/88/714 478/1/714 478/90/714
f  474/88/714 478/90/714 478/4/714
f  474/88/714 479/1/714 479/90/714
f  474/88/714 479/90/714 479/4/714
f  474/88/714 480/1/714 480/90/714
f  474/88/714 480/90/714 480/4/714
f  474/88/714 481/1/714 481/90/714
f  474/88/714 481/90/714 481/4/714
f  474/88/714 482/1/714 482/90/714
f  474/88/714 482/90/714 482/4/714
f  474/88/714 483/1/714 483/90/714
f  474/88/714 483/90/714 483/4/714
f  474/88/714 484/1/714 484/90/714
f  474/88/714 484/90/714 484/4/714
f  474/88/714 485/1/714 485/90/714
f  474/88/714 485/90/714 485/4/714
f  474/88/714 486/1/714 486/90/714
f  474/88/714 486/90/714 486/4/714
f  474/88/714 487/1/714 487/90/714
f  474/88/714 487/90/714 487/4/714
f  474/88/714 488/1/714 488/90/714
f  474/88/714 488/90/714 488/4/714
f  474/88/714 489/1/714 489/90/714
f  474/88/714 489/90/714 489/4/714
f  474/88/714 490/1/714 490/90/714
f  474/88/714 490/90/714 490/4/714
f  474/88/714 491/1/714 491/90/714
f  474/88/714 491/90/714 491/4/714
f  474/88/714 492/1/714 492/90/714
f  474/88/714 492/90/714 492/4/714
f  474/88/714 493/1/714 493/90/714
f  474/88/714 493/90/714 493/4/714
f  474/88/714 494/1/714 494/90/714
f  474/88/714 494/90/714 494/4/714
f  474/88/714 495/1/714 495/90/714
f  474/88/714 495/90/714 495/4/714
f  474/88/714 496/1/714 496/90/714
f  474/88/714 496/90/714 496/4/714
f  474/88/714 497/1/714 497/90/714
f  474/88/714 497/90/714 497/4/714
f  474/88/714 498/1/714 498/90/714
f  474/88/714 498/90/714 498/4/714
usemtl Petal
f  475/1/714 499/109/714 475/90/714
f  475/90/715 499/109/716 500/110/717
f  475/90/714 500/110/714 475/4/714
f  475/4/718 500/110/719 501/111/720
f  499/109/716 502/112/721 500/110/717
f  500/110/717 502/112/721 503/113/722
f  500/110/719 503/113/723 501/111/720
f  501/111/720 503/113/723 504/114/724
f  502/112/721 505/115/725 503/113/722
f  503/113/722 505/115/725 506/116/726
f  503/113/723 506/116/727 504/114/724
f  504/114/724 506/116/727 507/117/728
f  505/115/725 508/118/729 506/116/730
f  506/116/730 508/118/729 509/119/731
f  506/116/727 509/119/732 507/117/728
f  507/117/728 509/119/732 510/120/733
f  508/118/729 511/108/734 509/119/731
f  509/119/732 511/108/735 510/120/733
f  476/1/714 512/109/714 476/90/714
f  476/90/736 512/109/737 513/110/738
f  476/90/714 513/110/714 476/4/714
f  476/4/739 513/110/740 514/111/741
f  512/109/737 515/112/742 513/110/738
f  513/110/738 515/112/742 516/113/743
f  513/110/740 516/113/744 514/111/741
f  514/111/741 516/113/744 517/114/745
f  515/112/742 518/115/746 516/113/743
f  516/113/747 518/115/747 519/116/747
f  516/113/748 519/116/748 517/114/748
f  517/114/745 519/116/749 520/117/749
f  518/115/746 521/118/750 519/116/751
f  519/116/751 521/118/750 522/119/752
f  519/116/753 522/119/754 520/117/755
f  520/117/755 522/119/754 523/120/756
f  521/118/750 524/108/757 522/119/752
f  522/119/754 524/108/758 523/120/756
f  477/1/714 525/109/714 477/90/714
f  477/90/759 525/109/760 526/110/761
f  477/90/714 526/110/714 477/4/714
f  477/4/762 526/110/763 527/111/764
f  525/109/760 528/112/765 526/110/761
f  526/110/761 528/112/765 529/113/766
f  526/110/763 529/113/767 527/111/764
f  527/111/764 529/113/767 530/114/768
f  528/112/765 531/115/769 529/113/766
f  529/113/766 531/115/769 532/116/770
f  529/113/767 532/116/771 530/114/768
f  530/114/768 532/116/771 533/117/772
f  531/115/773 534/118/774 532/116/775
f  532/116/775 534/118/774 535/119/776
f  532/116/771 535/119/777 533/117/772
f  533/117/772 535/119/777 536/120/778
f  534/118/774 537/108/779 535/119/776
f  535/119/777 537/108/780 536/120/778
f  478/1/714 538/109/714 478/90/714
f  478/90/781 538/109/782 539/110/783
f  478/90/714 539/110/714 478/4/714
f  478/4/784 539/110/785 540/111/786
f  538/109/782 541/112/787 539/110/783
f  539/110/783 541/112/787 542/113/788
f  539/110/785 542/113/789 540/111/786
f  540/111/786 542/113/789 543/114/790
f  541/112/787 544/115/791 542/113/788
f  542/113/792 544/115/792 545/116/793
f  542/113/789 545/116/794 543/114/790
f  543/114/790 545/116/794 546/117/795
f  544/115/791 547/118/796 545/116/793
f  545/116/793 547/118/796 548/119/797
f  545/116/794 548/119/798 546/117/795
f  546/117/795 548/119/798 549/120/799
f  547/118/796 550/108/800 548/119/797
f  548/119/798 550/108/801 549/120/799
f  479/1/714 551/109/714 479/90/714
f  479/90/802 551/109/803 552/110/804
f  479/90/714 552/110/714 479/4/714
f  479/4/805 552/110/806 553/111/807
f  551/109/803 554/112/808 552/110/804
f  552/110/804 554/112/808 555/113/809
f  552/110/806 555/113/810 553/111/807
f  553/111/807 555/113/810 556/114/811
f  554/112/808 557/115/812 555/113/809
f  555/113/813 557/115/814 558/116/813
f  555/113/813 558/116/813 556/114/815
f  556/114/811 558/116/816 559/117/817
f  557/115/818 560/118/819 558/116/820
f  558/116/820 560/118/819 561/119/821
f  558/116/816 561/119/822 559/117/817
f  559/117/817 561/119/822 562/120/823
f  560/118/819 563/108/824 561/119/821
f  561/119/822 563/108/825 562/120/823
f  480/1/714 564/109/714 480/90/714
f  480/90/826 564/109/827 565/110/828
f  480/90/714 565/110/714 480/4/714
f  480/4/829 565/110/830 566/111/831
f  564/109/827 567/112/832 565/110/828
f  565/110/828 567/112/832 568/113/833
f  565/110/830 568/113/834 566/111/831
f  566/111/831 568/113/834 569/114/835
f  567/112/832 570/115/836 568/113/833
f  568/113/833 570/115/836 571/116/837
f  568/113/834 571/116/838 569/114/835
f  569/114/835 571/116/838 572/117/839
f  570/115/836 573/118/840 571/116/837
f  571/116/837 573/118/840 574/119/841
f  571/116/838 574/119/842 572/117/839
f  572/117/839 574/119/842 575/120/843
f  573/118/840 576/108/844 574/119/841
f  574/119/842 576/108/845 575/120/843
f  481/1/714 577/109/714 481/90/714
f  481/90/846 577/109/847 578/110/848
f  481/90/714 578/110/714 481/4/714
f  481/4/849 578/110/850 579/111/851
f  577/109/847 580/112/852 578/110/848
f  578/110/848 580/112/852 581/113/853
f  578/110/850 581/113/854 579/111/851
f  579/111/851 581/113/854 582/114/855
f  580/112/852 583/115/856 581/113/853
f  581/113/857 583/115/857 584/116/857
f  581/113/854 584/116/858 582/114/855
f  582/114/855 584/116/858 585/117/859
f  583/115/856 586/118/860 584/116/861
f  584/116/861 586/118/860 587/119/862
f  584/116/863 587/119/864 585/117/865
f  585/117/865 587/119/864 588/120/866
f  586/118/860 589/108/867 587/119/862
f  587/119/864 589/108/868 588/120/866
f  482/1/714 590/109/714 482/90/714
f  482/90/869 590/109/870 591/110/871
f  482/90/714 591/110/714 482/4/714
f  482/4/872 591/110/873 592/111/874
f  590/109/870 593/112/875 591/110/871
f  591/110/871 593/112/875 594/113/876
f  591/110/873 594/113/877 592/111/874
f  592/111/874 594/113/877 595/114/878
f  593/112/875 596/115/879 594/113/876
f  594/113/876 596/115/879 597/116/880
f  594/113/877 597/116/881 595/114/878
f  595/114/878 597/116/881 598/117/882
f  596/115/883 599/118/884 597/116/885
f  597/116/885 599/118/884 600/119/886
f  597/116/881 600/119/887 598/117/882
f  598/117/882 600/119/887 601/120/888
f  599/118/884 602/108/889 600/119/886
f  600/119/887 602/108/890 601/120/888
f  483/1/714 603/109/714 483/90/714
f  483/90/891 603/109/892 604/110/893
f  483/90/714 604/110/714 483/4/714
f  483/4/894 604/110/895 605/111/896
f  603/109/892 606/112/897 604/110/893
f  604/110/893 606/112/897 607/113/898
f  604/110/895 607/113/899 605/111/896
f  605/111/896 607/113/899 608/114/900
f  606/112/897 609/115/901 607/113/898
f  607/113/898 609/115/901 610/116/902
f  607/113/899 610/116/903 608/114/900
f  608/114/900 610/116/903 611/117/904
f  609/115/901 612/118/905 610/116/902
f  610/116/902 612/118/905 613/119/906
f  610/116/903 613/119/907 611/117/904
f  611/117/904 613/119/907 614/120/908
f  612/118/905 615/108/909 613/119/906
f  613/119/907 615/108/910 614/120/908
f  484/1/714 616/109/714 484/90/714
f  484/90/911 616/109/912 617/110/913
f  484/90/714 617/110/714 484/4/714
f  484/4/914 617/110/915 618/111/916
f  616/109/912 619/112/917 617/110/913
f  617/110/913 619/112/917 620/113/918
f  617/110/915 620/113/919 618/111/916
f  618/111/916 620/113/919 621/114/920
f  619/112/917 622/115/921 620/113/918
f  620/113/922 622/115/923 623/116/924
f  620/113/922 623/116/924 621/114/920
f  621/114/920 623/116/924 624/117/925
f  622/115/921 625/118/926 623/116/927
f  623/116/927 625/118/926 626/119/928
f  623/116/924 626/119/929 624/117/925
f  624/117/925 626/119/929 627/120/930
f  625/118/926 628/108/931 626/119/928
f  626/119/929 628/108/932 627/120/930
f  485/1/714 629/109/714 485/90/714
f  485/90/933 629/109/934 630/110/935
f  485/90/714 630/110/714 485/4/714
f  485/4/936 630/110/937 631/111/938
f  629/109/934 632/112/939 630/110/935
f  630/110/935 632/112/939 633/113/940
f  630/110/937 633/113/941 631/111/938
f  631/111/938 633/113/941 634/114/942
f  632/112/939 635/115/943 633/113/940
f  633/113/940 635/115/943 636/116/944
f  633/113/941 636/116/945 634/114/942
f  634/114/942 636/116/945 637/117/946
f  635/115/943 638/118/947 636/116/944
f  636/116/944 638/118/947 639/119/948
f  636/116/945 639/119/949 637/117/946
f  637/117/946 639/119/949 640/120/950
f  638/118/947 641/108/951 639/119/948
f  639/119/949 641/108/952 640/120/950
f  486/1/714 642/109/714 486/90/714
f  486/90/953 642/109/954 643/110/955
f  486/90/714 643/110/714 486/4/714
f  486/4/956 643/110/957 644/111/958
f  642/109/954 645/112/959 643/110/955
f  643/110/955 645/112/959 646/113/960
f  643/110/957 646/113/961 644/111/958
f  644/111/958 646/113/961 647/114/962
f  645/112/959 648/115/963 646/113/960
f  646/113/960 648/115/963 649/116/964
f  646/113/961 649/116/965 647/114/962
f  647/114/962 649/116/965 650/117/966
f  648/115/963 651/118/967 649/116/964
f  649/116/964 651/118/967 652/119/968
f  649/116/965 652/119/969 650/117/966
f  650/117/966 652/119/969 653/120/970
f  651/118/967 654/108/971 652/119/968
f  652/119/969 654/108/972 653/120/970
f  487/1/714 655/109/714 487/90/714
f  487/90/973 655/109/974 656/110/975
f  487/90/714 656/110/714 487/4/714
f  487/4/976 656/110/977 657/111/978
f  655/109/974 658/112/979 656/110/975
f  656/110/975 658/112/979 659/113/980
f  656/110/977 659/113/981 657/111/978
f  657/111/978 659/113/981 660/114/982
f  658/112/979 661/115/983 659/113/980
f  659/113/980 661/115/983 662/116/984
f  659/113/981 662/116/985 660/114/982
f  660/114/982 662/116/985 663/117/986
f  661/115/983 664/118/987 662/116/988
f  662/116/988 664/118/987 665/119/989
f  662/116/985 665/119/990 663/117/986
f  663/117/986 665/119/990 666/120/991
f  664/118/987 667/108/992 665/119/989
f  665/119/990 667/108/993 666/120/991
f  488/1/714 668/109/714 488/90/714
f  488/90/994 668/109/995 669/110/996
f  488/90/714 669/110/714 488/4/714
f  488/4/997 669/110/998 670/111/999
f  668/109/995 671/112/1000 669/110/996
f  669/110/996 671/112/1000 672/113/1001
f  669/110/998 672/113/1002 670/111/999
f  670/111/999 672/113/1002 673/114/1003
f  671/112/1000 674/115/1004 672/113/1001
f  672/113/1001 674/115/1004 675/116/1005
f  672/113/1002 675/116/1006 673/114/1003
f  673/114/1003 675/116/1006 676/117/1007
f  674/115/1004 677/118/1008 675/116/1005
f  675/116/1005 677/118/1008 678/119/1009
f  675/116/1006 678/119/1010 676/117/1007
f  676/117/1007 678/119/1010 679/120/1011
f  677/118/1008 680/108/1012 678/119/1009
f  678/119/1010 680/108/1013 679/120/1011
f  489/1/714 681/109/714 489/90/714
f  489/90/1014 681/109/1015 682/110/1016
f  489/90/714 682/110/714 489/4/714
f  489/4/1017 682/110/1018 683/111/1019
f  681/109/1015 684/112/1020 682/110/1016
f  682/110/1016 684/112/1020 685/113/1021
f  682/110/1018 685/113/1022 683/111/1019
f  683/111/1019 685/113/1022 686/114/1023
f  684/112/1020 687/115/1024 685/113/1021
f  685/113/1025 687/115/1025 688/116/1025
f  685/113/1022 688/116/1026 686/114/1023
f  686/114/1023 688/116/1026 689/117/1027
f  687/115/1024 690/118/1028 688/116/1029
f  688/116/1029 690/118/1028 691/119/1030
f  688/116/1026 691/119/1031 689/117/1027
f  689/117/1027 691/119/1031 692/120/1032
f  690/118/1028 693/108/1033 691/119/1030
f  691/119/1031 693/108/1034 692/120/1032
f  490/1/714 694/109/714 490/90/714
f  490/90/1035 694/109/1036 695/110/1037
f  490/90/714 695/110/714 490/4/714
f  490/4/1038 695/110/1039 696/111/1040
f  694/109/1036 697/112/1041 695/110/1037
f  695/110/1037 697/112/1041 698/113/1042
f  695/110/1039 698/113/1043 696/111/1040
f  696/111/1040 698/113/1043 699/114/1044
f  697/112/1041 700/115/1045 698/113/1042
f  698/113/1042 700/115/1045 701/116/1046
f  698/113/1043 701/116/1047 699/114/1044
f  699/114/1044 701/116/1047 702/117/1048
f  700/115/1045 703/118/1049 701/116/1046
f  701/116/1046 703/118/1049 704/119/1050
f  701/116/1047 704/119/1051 702/117/1048
f  702/117/1048 704/119/1051 705/120/1052
f  703/118/1049 706/108/1053 704/119/1050
f  704/119/1051 706/108/1054 705/120/1052
f  491/1/714 707/109/714 491/90/714
f  491/90/1055 707/109/1056 708/110/1057
f  491/90/714 708/110/714 491/4/714
f  491/4/1058 708/110/1059 709/111/1060
f  707/109/1056 710/112/1061 708/110/1057
f  708/110/1057 710/112/1061 711/113/1062
f  708/110/1059 711/113/1063 709/111/1060
f  709/111/1060 711/113/1063 712/114/1064
f  710/112/1061 713/115/1065 711/113/1062
f  711/113/1062 713/115/1065 714/116/1066
f  711/113/1063 714/116/1067 712/114/1064
f  712/114/1064 714/116/1067 715/117/1068
f  713/115/1065 716/118/1069 714/116/1066
f  714/116/1066 716/118/1069 717/119/1070
f  714/116/1067 717/119/1071 715/117/1068
f  715/117/1068 717/119/1071 718/120/1072
f  716/118/1069 719/108/1073 717/119/1070
f  717/119/1071 719/108/1074 718/120/1072
f  492/1/714 720/109/714 492/90/714
f  492/90/1075 720/109/1076 721/110/1077
f  492/90/714 721/110/714 492/4/714
f  492/4/1078 721/110/1079 722/111/1080
f  720/109/1076 723/112/1081 721/110/1077
f  721/110/1077 723/112/1081 724/113/1082
f  721/110/1079 724/113/1083 722/111/1080
f  722/111/1080 724/113/1083 725/114/1084
f  723/112/1081 726/115/1085 724/113/1082
f  724/113/1082 726/115/1085 727/116/1086
f  724/113/1083 727/116/1087 725/114/1084
f  725/114/1084 727/116/1087 728/117/1088
f  726/115/1085 729/118/1089 727/116/1090
f  727/116/1090 729/118/1089 730/119/1091
f  727/116/1087 730/119/1092 728/117/1088
f  728/117/1088 730/119/1092 731/120/1093
f  729/118/1089 732/108/1094 730/119/1091
f  730/119/1092 732/108/1095 731/120/1093
f  493/1/714 733/109/714 493/90/714
f  493/90/1096 733/109/1097 734/110/1098
f  493/90/714 734/110/714 493/4/714
f  493/4/1099 734/110/1100 735/111/1101
f  733/109/1097 736/112/1102 734/110/1098
f  734/110/1098 736/112/1102 737/113/1103
f  734/110/1100 737/113/1104 735/111/1101
f  735/111/1101 737/113/1104 738/114/1105
f  736/112/1102 739/115/1106 737/113/1103
f  737/113/1103 739/115/1106 740/116/1107
f  737/113/1104 740/116/1108 738/114/1105
f  738/114/1105 740/116/1108 741/117/1109
f  739/115/1106 742/118/1110 740/116/1107
f  740/116/1107 742/118/1110 743/119/1111
f  740/116/1108 743/119/1112 741/117/1109
f  741/117/1109 743/119/1112 744/120/1113
f  742/118/1110 745/108/1114 743/119/1111
f  743/119/1112 745/108/1115 744/120/1113
f  494/1/714 746/109/714 494/90/714
f  494/90/1116 746/109/1117 747/110/1118
f  494/90/714 747/110/714 494/4/714
f  494/4/1119 747/110/1120 748/111/1121
f  746/109/1117 749/112/1122 747/110/1118
f  747/110/1118 749/112/1122 750/113/1123
f  747/110/1120 750/113/1124 748/111/1121
f  748/111/1121 750/113/1124 751/114/1125
f  749/112/1122 752/115/1126 750/113/1123
f  750/113/1123 752/115/1126 753/116/1127
f  750/113/1124 753/116/1128 751/114/1125
f  751/114/1125 753/116/1128 754/117/1129
f  752/115/1126 755/118/1130 753/116/1127
f  753/116/1127 755/118/1130 756/119/1131
f  753/116/1128 756/119/1132 754/117/1129
f  754/117/1129 756/119/1132 757/120/1133
f  755/118/1130 758/108/1134 756/119/1131
f  756/119/1132 758/108/1135 757/120/1133
f  495/1/714 759/109/714 495/90/714
f  495/90/1136 759/109/1137 760/110/1138
f  495/90/714 760/110/714 495/4/714
f  495/4/1139 760/110/1140 761/111/1141
f  759/109/1137 762/112/1142 760/110/1138
f  760/110/1138 762/112/1142 763/113/1143
f  760/110/1140 763/113/1144 761/111/1141
f  761/111/1141 763/113/1144 764/114/1145
f  762/112/1142 765/115/1146 763/113/1143
f  763/113/1143 765/115/1146 766/116/1147
f  763/113/1144 766/116/1148 764/114/1145
f  764/114/1145 766/116/1148 767/117/1149
f  765/115/1146 768/118/1150 766/116/1147
f  766/116/1147 768/118/1150 769/119/1151
f  766/116/1148 769/119/1152 767/117/1149
f  767/117/1149 769/119/1152 770/120/1153
f  768/118/1150 771/108/1154 769/119/1151
f  769/119/1152 771/108/1155 770/120/1153
f  496/1/714 772/109/714 496/90/714
f  496/90/1156 772/109/1157 773/110/1158
f  496/90/714 773/110/714 496/4/714
f  496/4/1159 773/110/1160 774/111/1161
f  772/109/1157 775/112/1162 773/110/1158
f  773/110/1158 775/112/1162 776/113/1163
f  773/110/1160 776/113/1164 774/111/1161
f  774/111/1161 776/113/1164 777/114/1165
f  775/112/1162 778/115/1166 776/113/1163
f  776/113/1163 778/115/1166 779/116/1167
f  776/113/1164 779/116/1168 777/114/1165
f  777/114/1165 779/116/1168 780/117/1169
f  778/115/1166 781/118/1170 779/116/1167
f  779/116/1167 781/118/1170 782/119/1171
f  779/116/1168 782/119/1172 780/117/1169
f  780/117/1169 782/119/1172 783/120/1173
f  781/118/1170 784/108/1174 782/119/1171
f  782/119/1172 784/108/1175 783/120/1173
f  497/1/714 785/109/714 497/90/714
f  497/90/1176 785/109/1177 786/110/1178
f  497/90/714 786/110/714 497/4/714
f  497/4/1179 786/110/1180 787/111/1181
f  785/109/1177 788/112/1182 786/110/1178
f  786/110/1178 788/112/1182 789/113/1183
f  786/110/1180 789/113/1184 787/111/1181
f  787/111/1181 789/113/1184 790/114/1185
f  788/112/1182 791/115/1186 789/113/1183
f  789/113/1183 791/115/1186 792/116/1187
f  789/113/1184 792/116/1188 790/114/1185
f  790/114/1185 792/116/1188 793/117/1189
f  791/115/1186 794/118/1190 792/116/1187
f  792/116/1187 794/118/1190 795/119/1191
f  792/116/1188 795/119/1192 793/117/1189
f  793/117/1189 795/119/1192 796/120/1193
f  794/118/1190 797/108/1194 795/119/1191
f  795/119/1192 797/108/1195 796/120/1193
f  498/1/714 798/109/714 498/90/714
f  498/90/1196 798/109/1197 799/110/1198
f  498/90/714 799/110/714 498/4/714
f  498/4/1199 799/110/1200 800/111/1201
f  798/109/1197 801/112/1202 799/110/1198
f  799/110/1198 801/112/1202 802/113/1203
f  799/110/1200 802/113/1204 800/111/1201
f  800/111/1201 802/113/1204 803/114/1205
f  801/112/1202 804/115/1206 802/113/1203
f  802/113/1203 804/115/1206 805/116/1207
f  802/113/1204 805/116/1208 803/114/1205
f  803/114/1205 805/116/1208 806/117/1209
f  804/115/1206 807/118/1210 805/116/1207
f  805/116/1207 807/118/1210 808/119/1211
f  805/116/1208 808/119/1212 806/117/1209
f  806/117/1209 808/119/1212 809/120/1213
f  807/118/1210 810/108/1214 808/119/1211
f  808/119/1212 810/108/1215 809/120/1213
usemtl Stalk
f  811/1/1216 814/2/1217 812/3/1218
f  811/4/1219 816/5/1220 814/6/1221
f  812/3/1218 814/2/1217 815/7/1222
f  812/3/1223 815/7/1224 813/8/1225
f  813/8/1225 815/7/1224 816/5/1226
f  813/8/1227 816/5/1220 811/4/1219
f  814/2/1217 817/9/1228 815/7/1222
f  814/6/1221 819/10/1229 817/11/1230
f  815/7/1222 817/9/1228 818/12/1231
f  815/7/1224 818/12/1232 816/5/1226
f  816/5/1226 818/12/1232 819/10/1233
f  816/5/1220 819/10/1229 814/6/1221
f  817/9/1228 820/13/1234 818/12/1231
f  817/11/1235 822/14/1236 820/15/1237
f  818/12/1231 820/13/1234 821/16/1238
f  818/12/1232 821/16/1239 819/10/1233
f  819/10/1233 821/16/1239 822/14/1240
f  819/10/1241 822/14/1236 817/11/1235
f  820/13/1234 823/17/1242 821/16/1238
f  820/15/1237 825/18/1243 823/19/1244
f  821/16/1238 823/17/1242 824/20/1245
f  821/16/1239 824/20/1246 822/14/1240
f  822/14/1240 824/20/1246 825/18/1247
f  822/14/1236 825/18/1243 820/15/1237
f  823/17/1242 826/21/1248 824/20/1245
f  823/19/1249 828/22/1250 826/23/1251
f  824/20/1252 826/21/1253 827/24/1254
f  824/20/1246 827/24/1255 825/18/1247
f  825/18/1256 827/24/1257 828/22/1258
f  825/18/1243 828/22/1259 823/19/1244
f  826/21/1253 829/25/1260 827/24/1254
f  826/23/1251 831/26/1261 829/27/1262
f  827/24/1254 829/25/1260 830/28/1263
f  827/24/1257 830/28/1264 828/22/1258
f  828/22/1258 830/28/1264 831/26/1265
f  828/22/1250 831/26/1261 826/23/1251
f  829/25/1260 832/29/1266 830/28/1263
f  829/27/1262 834/30/1267 832/31/1268
f  830/28/1263 832/29/1266 833/32/1269
f  830/28/1264 833/32/1270 831/26/1265
f  831/26/1265 833/32/1270 834/30/1271
f  831/26/1261 834/30/1267 829/27/1262
f  832/29/1266 835/33/1272 833/32/1269
f  832/31/1268 837/34/1273 835/35/1274
f  833/32/1269 835/33/1272 836/36/1275
f  833/32/1270 836/36/1276 834/30/1271
f  834/30/1271 836/36/1276 837/34/1277
f  834/30/1267 837/34/1273 832/31/1268
f  835/33/1272 838/37/1278 836/36/1275
f  835/35/1274 840/38/1279 838/39/1280
f  836/36/1275 838/37/1278 839/40/1281
f  836/36/1276 839/40/1282 837/34/1277
f  837/34/1277 839/40/1282 840/38/1283
f  837/34/1273 840/38/1279 835/35/1274
f  838/37/1278 841/41/1284 839/40/1281
f  838/39/1280 843/42/1285 841/43/1286
f  839/40/1281 841/41/1284 842/44/1287
f  839/40/1282 842/44/1288 840/38/1283
f  840/38/1283 842/44/1288 843/42/1289
f  840/38/1279 843/42/1285 838/39/1280
f  841/41/1284 844/45/1290 842/44/1287
f  841/43/1286 846/46/1291 844/47/1292
f  842/44/1287 844/45/1290 845/48/1293
f  842/44/1288 845/48/1294 843/42/1289
f  843/42/1289 845/48/1294 846/46/1295
f  843/42/1285 846/46/1291 841/43/1286
f  844/45/1290 847/49/1296 845/48/1293
f  844/47/1292 849/50/1297 847/51/1298
f  845/48/1293 847/49/1296 848/52/1299
f  845/48/1294 848/52/1300 846/46/1295
f  846/46/1295 848/52/1300 849/50/1301
f  846/46/1291 849/50/1297 844/47/1292
f  847/49/1296 850/53/1302 848/52/1299
f  847/51/1298 852/54/1303 850/55/1304
f  848/52/1299 850/53/1302 851/56/1305
f  848/52/1300 851/56/1306 849/50/1301
f  849/50/1301 851/56/1306 852/54/1307
f  849/50/1297 852/54/1303 847/51/1298
f  850/53/1302 853/57/1308 851/56/1305
f  850/55/1304 855/58/1309 853/59/1310
f  851/56/1305 853/57/1308 854/60/1311
f  851/56/1306 854/60/1312 852/54/1307
f  852/54/1307 854/60/1312 855/58/1313
f  852/54/1303 855/58/1309 850/55/1304
f  853/57/1308 856/61/1314 854/60/1311
f  853/59/1310 858/62/1315 856/63/1316
f  854/60/1311 856/61/1314 857/64/1317
f  854/60/1312 857/64/1318 855/58/1313
f  855/58/1313 857/64/1318 858/62/1319
f  855/58/1309 858/62/1315 853/59/1310
f  856/61/1314 859/65/1320 857/64/1317
f  856/63/1316 861/66/1321 859/67/1322
f  857/64/1317 859/65/1320 860/68/1323
f  857/64/1318 860/68/1324 858/62/1319
f  858/62/1319 860/68/1324 861/66/1325
f  858/62/1315 861/66/1321 856/63/1316
f  859/65/1320 862/69/1326 860/68/1323
f  859/67/1322 864/70/1327 862/71/1328
f  860/68/1323 862/69/1326 863/72/1329
f  860/68/1324 863/72/1330 861/66/1325
f  861/66/1325 863/72/1330 864/70/1331
f  861/66/1321 864/70/1327 859/67/1322
f  862/69/1326 865/73/1332 863/72/1329
f  862/71/1328 867/74/1333 865/75/1334
f  863/72/1329 865/73/1332 866/76/1335
f  863/72/1330 866/76/1336 864/70/1331
f  864/70/1331 866/76/1336 867/74/1337
f  864/70/1327 867/74/1333 862/71/1328
f  865/73/1332 868/77/1338 866/76/1335
f  866/76/1336 868/77/1339 867/74/1337
f  867/74/1333 868/77/1340 865/75/1334
f  869/57/1341 872/61/1342 870/60/1343
f  869/59/1344 874/62/1345 872/63/1346
f  870/60/1343 872/61/1342 873/64/1347
f  870/60/1348 873/64/1349 871/58/1350
f  871/58/1350 873/64/1349 874/62/1351
f  871/58/1352 874/62/1345 869/59/1344
f  872/61/1342 875/65/1353 873/64/1347
f  872/63/1346 877/66/1354 875/67/1355
f  873/64/1347 875/65/1353 876/68/1356
f  873/64/1349 876/68/1357 874/62/1351
f  874/62/1351 876/68/1357 877/66/1358
f  874/62/1345 877/66/1354 872/63/1346
f  875/65/1353 878/69/1359 876/68/1356
f  875/67/1355 880/70/1360 878/71/1361
f  876/68/1356 878/69/1359 879/72/1362
f  876/68/1357 879/72/1363 877/66/1358
f  877/66/1358 879/72/1363 880/70/1364
f  877/66/1354 880/70/1360 875/67/1355
f  878/69/1359 881/73/1365 879/72/1362
f  878/71/1361 883/74/1366 881/75/1367
f  879/72/1362 881/73/1365 882/76/1368
f  879/72/1363 882/76/1369 880/70/1364
f  880/70/1364 882/76/1369 883/74/1370
f  880/70/1360 883/74/1366 878/71/1361
f  881/73/1365 884/78/1371 882/76/1368
f  881/75/1367 886/79/1372 884/80/1373
f  882/76/1368 884/78/1371 885/81/1374
f  882/76/1369 885/81/1375 883/74/1370
f  883/74/1370 885/81/1375 886/79/1376
f  883/74/1366 886/79/1372 881/75/1367
f  884/78/1371 887/82/1377 885/81/1374
f  884/80/1373 889/83/1378 887/84/1379
f  885/81/1374 887/82/1377 888/85/1380
f  885/81/1375 888/85/1381 886/79/1376
f  886/79/1376 888/85/1381 889/83/1382
f  886/79/1372 889/83/1378 884/80/1373
f  887/82/1377 890/86/1383 888/85/1380
f  888/85/1381 890/86/1384 889/83/1382
f  889/83/1378 890/86/1385 887/84/1379
f  891/49/1386 894/53/1387 892/52/1388
f  891/51/1389 896/54/1390 894/55/1391
f  892/52/1388 894/53/1387 895/56/1392
f  892/52/1393 895/56/1394 893/50/1395
f  893/50/1395 895/56/1394 896/54/1396
f  893/50/1397 896/54/1390 891/51/1389
f  894/53/1387 897/57/1398 895/56/1392
f  894/55/1391 899/58/1399 897/59/1400
f  895/56/1392 897/57/1398 898/60/1401
f  895/56/1394 898/60/1402 896/54/1396
f  896/54/1396 898/60/1402 899/58/1403
f  896/54/1390 899/58/1399 894/55/1391
f  897/57/1398 900/61/1404 898/60/1401
f  897/59/1400 902/62/1405 900/63/1406
f  898/60/1401 900/61/1404 901/64/1407
f  898/60/1402 901/64/1408 899/58/1403
f  899/58/1403 901/64/1408 902/62/1409
f  899/58/1399 902/62/1405 897/59/1400
f  900/61/1404 903/65/1410 901/64/1407
f  900/63/1406 905/66/1411 903/67/1412
f  901/64/1407 903/65/1410 904/68/1413
f  901/64/1408 904/68/1414 902/62/1409
f  902/62/1409 904/68/1414 905/66/1415
f  902/62/1405 905/66/1411 900/63/1406
f  903/65/1410 906/69/1416 904/68/1413
f  903/67/1412 908/70/1417 906/71/1418
f  904/68/1413 906/69/1416 907/72/1419
f  904/68/1414 907/72/1420 905/66/1415
f  905/66/1415 907/72/1420 908/70/1421
f  905/66/1411 908/70/1417 903/67/1412
f  906/69/1416 909/73/1422 907/72/1419
f  906/71/1418 911/74/1423 909/75/1424
f  907/72/1419 909/73/1422 910/76/1425
f  907/72/1420 910/76/1426 908/70/1421
f  908/70/1421 910/76/1426 911/74/1427
f  908/70/1417 911/74/1423 906/71/1418
f  909/73/1422 912/77/1428 910/76/1425
f  910/76/1426 912/77/1429 911/74/1427
f  911/74/1423 912/77/1430 909/75/1424
f  913/41/1431 916/45/1432 914/44/1433
f  913/43/1434 918/46/1435 916/47/1436
f  914/44/1433 916/45/1432 917/48/1437
f  914/44/1438 917/48/1439 915/42/1440
f  915/42/1440 917/48/1439 918/46/1441
f  915/42/1442 918/46/1435 913/43/1434
f  916/45/1432 919/49/1443 917/48/1437
f  916/47/1436 921/50/1444 919/51/1445
f  917/48/1437 919/49/1443 920/52/1446
f  917/48/1439 920/52/1447 918/46/1441
f  918/46/1441 920/52/1447 921/50/1448
f  918/46/1435 921/50/1444 916/47/1436
f  919/49/1443 922/53/1449 920/52/1446
f  919/51/1445 924/54/1450 922/55/1451
f  920/52/1446 922/53/1449 923/56/1452
f  920/52/1447 923/56/1453 921/50/1448
f  921/50/1448 923/56/1453 924/54/1454
f  921/50/1444 924/54/1450 919/51/1445
f  922/53/1449 925/57/1455 923/56/1452
f  922/55/1451 927/58/1456 925/59/1457
f  923/56/1452 925/57/1455 926/60/1458
f  923/56/1453 926/60/1459 924/54/1454
f  924/54/1454 926/60/1459 927/58/1460
f  924/54/1450 927/58/1456 922/55/1451
f  925/57/1455 928/61/1461 926/60/1458
f  925/59/1457 930/62/1462 928/63/1463
f  926/60/1458 928/61/1461 929/64/1464
f  926/60/1459 929/64/1465 927/58/1460
f  927/58/1460 929/64/1465 930/62/1466
f  927/58/1456 930/62/1462 925/59/1457
f  928/61/1461 931/65/1467 929/64/1464
f  928/63/1463 933/66/1468 931/67/1469
f  929/64/1464 931/65/1467 932/68/1470
f  929/64/1465 932/68/1471 930/62/1466
f  930/62/1466 932/68/1471 933/66/1472
f  930/62/1462 933/66/1468 928/63/1463
f  931/65/1467 934/69/1473 932/68/1470
f  931/67/1469 936/70/1474 934/71/1475
f  932/68/1470 934/69/1473 935/72/1476
f  932/68/1471 935/72/1477 933/66/1472
f  933/66/1472 935/72/1477 936/70/1478
f  933/66/1468 936/70/1474 931/67/1469
f  934/69/1473 937/121/1479 935/72/1476
f  935/72/1477 937/121/1480 936/70/1478
f  936/70/1474 937/121/1481 934/71/1475
f  938/33/1482 941/37/1483 939/36/1484
f  938/35/1485 943/38/1486 941/39/1487
f  939/36/1484 941/37/1483 942/40/1488
f  939/36/1489 942/40/1490 940/34/1491
f  940/34/1491 942/40/1490 943/38/1492
f  940/34/1493 943/38/1486 938/35/1485
f  941/37/1483 944/41/1494 942/40/1488
f  941/39/1487 946/42/1495 944/43/1496
f  942/40/1488 944/41/1494 945/44/1497
f  942/40/1490 945/44/1498 943/38/1492
f  943/38/1492 945/44/1498 946/42/1499
f  943/38/1486 946/42/1495 941/39/1487
f  944/41/1494 947/45/1500 945/44/1497
f  944/43/1496 949/46/1501 947/47/1502
f  945/44/1497 947/45/1500 948/48/1503
f  945/44/1498 948/48/1504 946/42/1499
f  946/42/1499 948/48/1504 949/46/1505
f  946/42/1495 949/46/1501 944/43/1496
f  947/45/1500 950/49/1506 948/48/1503
f  947/47/1502 952/50/1507 950/51/1508
f  948/48/1503 950/49/1506 951/52/1509
f  948/48/1504 951/52/1510 949/46/1505
f  949/46/1505 951/52/1510 952/50/1511
f  949/46/1501 952/50/1507 947/47/1502
f  950/49/1506 953/53/1512 951/52/1509
f  950/51/1508 955/54/1513 953/55/1514
f  951/52/1509 953/53/1512 954/56/1515
f  951/52/1510 954/56/1516 952/50/1511
f  952/50/1511 954/56/1516 955/54/1517
f  952/50/1507 955/54/1513 950/51/1508
f  953/53/1512 956/57/1518 954/56/1515
f  953/55/1514 958/58/1519 956/59/1520
f  954/56/1515 956/57/1518 957/60/1521
f  954/56/1516 957/60/1522 955/54/1517
f  955/54/1517 957/60/1522 958/58/1523
f  955/54/1513 958/58/1519 953/55/1514
f  956/57/1518 959/61/1524 957/60/1521
f  956/59/1520 961/62/1525 959/63/1526
f  957/60/1521 959/61/1524 960/64/1527
f  957/60/1522 960/64/1528 958/58/1523
f  958/58/1523 960/64/1528 961/62/1529
f  958/58/1519 961/62/1525 956/59/1520
f  959/61/1524 962/122/1530 960/64/1527
f  960/64/1528 962/122/1531 961/62/1529
f  961/62/1525 962/122/1532 959/63/1526
f  963/21/1533 966/25/1534 964/24/1535
f  963/23/1536 968/26/1537 966/27/1538
f  964/24/1535 966/25/1534 967/28/1539
f  964/24/1540 967/28/1541 965/22/1542
f  965/22/1542 967/28/1541 968/26/1543
f  965/22/1544 968/26/1537 963/23/1536
f  966/25/1534 969/29/1545 967/28/1539
f  966/27/1538 971/30/1546 969/31/1547
f  967/28/1539 969/29/1545 970/32/1548
f  967/28/1541 970/32/1549 968/26/1543
f  968/26/1543 970/32/1549 971/30/1550
f  968/26/1537 971/30/1546 966/27/1538
f  969/29/1545 972/33/1551 970/32/1548
f  969/31/1547 974/34/1552 972/35/1553
f  970/32/1548 972/33/1551 973/36/1554
f  970/32/1549 973/36/1555 971/30/1550
f  971/30/1550 973/36/1555 974/34/1556
f  971/30/1546 974/34/1552 969/31/1547
f  972/33/1551 975/37/1557 973/36/1554
f  972/35/1553 977/38/1558 975/39/1559
f  973/36/1554 975/37/1557 976/40/1560
f  973/36/1555 976/40/1561 974/34/1556
f  974/34/1556 976/40/1561 977/38/1562
f  974/34/1552 977/38/1558 972/35/1553
f  975/37/1557 978/41/1563 976/40/1560
f  975/39/1559 980/42/1564 978/43/1565
f  976/40/1560 978/41/1563 979/44/1566
f  976/40/1561 979/44/1567 977/38/1562
f  977/38/1562 979/44/1567 980/42/1568
f  977/38/1558 980/42/1564 975/39/1559
f  978/41/1563 981/45/1569 979/44/1566
f  978/43/1565 983/46/1570 981/47/1571
f  979/44/1566 981/45/1569 982/48/1572
f  979/44/1567 982/48/1573 980/42/1568
f  980/42/1568 982/48/1573 983/46/1574
f  980/42/1564 983/46/1570 978/43/1565
f  981/45/1575 984/123/1575 982/48/1575
f  982/48/1573 984/123/1576 983/46/1574
f  983/46/1570 984/123/1577 981/47/1571
usemtl Leaf
f  985/1/1578 988/89/1579 986/90/1580
f  986/90/1580 988/89/1579 989/91/1581
f  986/90/1580 989/91/1581 987/4/1582
f  987/4/1582 989/91/1581 990/92/1583
f  988/89/1579 991/93/1584 989/91/1581
f  989/91/1581 991/93/1584 992/94/1585
f  989/91/1581 992/94/1585 990/92/1583
f  990/92/1583 992/94/1585 993/95/1586
f  991/93/1584 994/96/1587 992/94/1585
f  992/94/1585 994/96/1587 995/97/1588
f  992/94/1585 995/97/1588 993/95/1586
f  993/95/1586 995/97/1588 996/98/1589
f  994/96/1587 997/99/1590 995/97/1588
f  995/97/1588 997/99/1590 998/100/1591
f  995/97/1588 998/100/1591 996/98/1589
f  996/98/1589 998/100/1591 999/101/1592
f  997/99/1590 1000/102/1593 998/100/1591
f  998/100/1591 1000/102/1593 1001/103/1594
f  998/100/1591 1001/103/1594 999/101/1592
f  999/101/1592 1001/103/1594 1002/104/1595
f  1000/102/1593 1003/105/1596 1001/103/1594
f  1001/103/1594 1003/105/1596 1004/106/1597
f  1001/103/1594 1004/106/1597 1002/104/1595
f  1002/104/1595 1004/106/1598 1005/107/1598
f  1003/105/1596 1006/108/1599 1004/106/1597
f  1004/106/1597 1006/108/1599 1005/107/1600
f  1007/1/1601 1010/89/1602 1008/90/1603
f  1008/90/1603 1010/89/1602 1011/91/1604
f  1008/90/1603 1011/91/1604 1009/4/1605
f  1009/4/1605 1011/91/1604 1012/92/1606
f  1010/89/1602 1013/93/1607 1011/91/1604
f  1011/91/1604 1013/93/1607 1014/94/1608
f  1011/91/1604 1014/94/1608 1012/92/1606
f  1012/92/1606 1014/94/1608 1015/95/1609
f  1013/93/1607 1016/96/1610 1014/94/1608
f  1014/94/1608 1016/96/1610 1017/97/1611
f  1014/94/1608 1017/97/1611 1015/95/1609
f  1015/95/1609 1017/97/1611 1018/98/1612
f  1016/96/1613 1019/99/1613 1017/97/1613
f  1017/97/1611 1019/99/1614 1020/100/1615
f  1017/97/1611 1020/100/1615 1018/98/1612
f  1018/98/1612 1020/100/1615 1021/101/1616
f  1019/99/1614 1022/102/1617 1020/100/1615
f  1020/100/1615 1022/102/1617 1023/103/1618
f  1020/100/1615 1023/103/1618 1021/101/1619
f  1021/101/1619 1023/103/1618 1024/104/1620
f  1022/102/1617 1025/105/1621 1023/103/1618
f  1023/103/1618 1025/105/1621 1026/106/1622
f  1023/103/1618 1026/106/1622 1024/104/1620
f  1024/104/1620 1026/106/1622 1027/107/1623
f  1025/105/1621 1028/108/1624 1026/106/1622
f  1026/106/1622 1028/108/1624 1027/107/1623
f  1029/1/1625 1032/89/1626 1030/90/1627
f  1030/90/1627 1032/89/1626 1033/91/1628
f  1030/90/1627 1033/91/1628 1031/4/1629
f  1031/4/1629 1033/91/1628 1034/92/1630
f  1032/89/1626 1035/93/1631 1033/91/1628
f  1033/91/1628 1035/93/1631 1036/94/1632
f  1033/91/1628 1036/94/1632 1034/92/1630
f  1034/92/1630 1036/94/1632 1037/95/1633
f  1035/93/1631 1038/96/1634 1036/94/1632
f  1036/94/1632 1038/96/1634 1039/97/1635
f  1036/94/1632 1039/97/1635 1037/95/1633
f  1037/95/1633 1039/97/1635 1040/98/1636
f  1038/96/1634 1041/99/1637 1039/97/1635
f  1039/97/1635 1041/99/1637 1042/100/1638
f  1039/97/1635 1042/100/1638 1040/98/1636
f  1040/98/1636 1042/100/1638 1043/101/1639
f  1041/99/1637 1044/102/1640 1042/100/1638
f  1042/100/1638 1044/102/1640 1045/103/1641
f  1042/100/1638 1045/103/1641 1043/101/1639
f  1043/101/1639 1045/103/1641 1046/104/1642
f  1044/102/1640 1047/105/1643 1045/103/1641
f  1045/103/1641 1047/105/1643 1048/106/1644
f  1045/103/1641 1048/106/1644 1046/104/1642
f  1046/104/1645 1048/106/1645 1049/107/1645
f  1047/105/1643 1050/108/1646 1048/106/1644
f  1048/106/1644 1050/108/1646 1049/107/1647
f  1051/1/1648 1054/89/1649 1052/90/1650
f  1052/90/1650 1054/89/1649 1055/91/1651
f  1052/90/1650 1055/91/1651 1053/4/1652
f  1053/4/1652 1055/91/1651 1056/92/1653
f  1054/89/1649 1057/93/1654 1055/91/1651
f  1055/91/1651 1057/93/1654 1058/94/1655
f  1055/91/1651 1058/94/1655 1056/92/1653
f  1056/92/1653 1058/94/1655 1059/95/1656
f  1057/93/1654 1060/96/1657 1058/94/1655
f  1058/94/1655 1060/96/1657 1061/97/1658
f  1058/94/1655 1061/97/1658 1059/95/1656
f  1059/95/1656 1061/97/1658 1062/98/1659
f  1060/96/1657 1063/99/1660 1061/97/1658
f  1061/97/1658 1063/99/1660 1064/100/1661
f  1061/97/1658 1064/100/1661 1062/98/1659
f  1062/98/1659 1064/100/1661 1065/101/1662
f  1063/99/1660 1066/102/1663 1064/100/1661
f  1064/100/1661 1066/102/1663 1067/103/1664
f  1064/100/1661 1067/103/1664 1065/101/1662
f  1065/101/1662 1067/103/1664 1068/104/1665
f  1066/102/1663 1069/105/1666 1067/103/1664
f  1067/103/1664 1069/105/1666 1070/106/1667
f  1067/103/1664 1070/106/1667 1068/104/1665
f  1068/104/1665 1070/106/1668 1071/107/1668
f  1069/105/1666 1072/108/1669 1070/106/1667
f  1070/106/1667 1072/108/1669 1071/107/1669
f  1073/1/1670 1076/89/1671 1074/90/1672
f  1074/90/1672 1076/89/1671 1077/91/1673
f  1074/90/1672 1077/91/1673 1075/4/1674
f  1075/4/1674 1077/91/1673 1078/92/1675
f  1076/89/1671 1079/93/1676 1077/91/1673
f  1077/91/1673 1079/93/1676 1080/94/1677
f  1077/91/1673 1080/94/1677 1078/92/1675
f  1078/92/1675 1080/94/1677 1081/95/1678
f  1079/93/1676 1082/96/1679 1080/94/1677
f  1080/94/1677 1082/96/1679 1083/97/1680
f  1080/94/1677 1083/97/1680 1081/95/1678
f  1081/95/1678 1083/97/1680 1084/98/1681
f  1082/96/1682 1085/99/1682 1083/97/1680
f  1083/97/1680 1085/99/1683 1086/100/1684
f  1083/97/1680 1086/100/1684 1084/98/1681
f  1084/98/1681 1086/100/1684 1087/101/1685
f  1085/99/1683 1088/102/1686 1086/100/1684
f  1086/100/1684 1088/102/1686 1089/103/1687
f  1086/100/1684 1089/103/1687 1087/101/1688
f  1087/101/1688 1089/103/1687 1090/104/1689
f  1088/102/1686 1091/105/1690 1089/103/1687
f  1089/103/1687 1091/105/1690 1092/106/1691
f  1089/103/1687 1092/106/1691 1090/104/1689
f  1090/104/1689 1092/106/1691 1093/107/1692
f  1091/105/1690 1094/108/1693 1092/106/1691
f  1092/106/1691 1094/108/1693 1093/107/1692
f  1095/1/1694 1098/89/1695 1096/90/1696
f  1096/90/1696 1098/89/1695 1099/91/1697
f  1096/90/1696 1099/91/1697 1097/4/1698
f  1097/4/1698 1099/91/1697 1100/92/1699
f  1098/89/1695 1101/93/1700 1099/91/1697
f  1099/91/1697 1101/93/1700 1102/94/1701
f  1099/91/1697 1102/94/1701 1100/92/1699
f  1100/92/1699 1102/94/1701 1103/95/1702
f  1101/93/1700 1104/96/1703 1102/94/1701
f  1102/94/1701 1104/96/1703 1105/97/1704
f  1102/94/1701 1105/97/1704 1103/95/1702
f  1103/95/1702 1105/97/1704 1106/98/1705
f  1104/96/1703 1107/99/1706 1105/97/1704
f  1105/97/1704 1107/99/1706 1108/100/1707
f  1105/97/1704 1108/100/1707 1106/98/1705
f  1106/98/1705 1108/100/1707 1109/101/1708
f  1107/99/1706 1110/102/1709 1108/100/1707
f  1108/100/1707 1110/102/1709 1111/103/1710
f  1108/100/1707 1111/103/1710 1109/101/1708
f  1109/101/1708 1111/103/1710 1112/104/1711
f  1110/102/1709 1113/105/1712 1111/103/1710
f  1111/103/1710 1113/105/1712 1114/106/1713
f  1111/103/1710 1114/106/1713 1112/104/1711
f  1112/104/1714 1114/106/1714 1115/107/1714
f  1113/105/1712 1116/108/1715 1114/106/1713
f  1114/106/1713 1116/108/1715 1115/107/1716
f  1117/1/1717 1120/89/1718 1118/90/1719
f  1118/90/1719 1120/89/1718 1121/91/1720
f  1118/90/1719 1121/91/1720 1119/4/1721
f  1119/4/1721 1121/91/1720 1122/92/1722
f  1120/89/1718 1123/93/1723 1121/91/1720
f  1121/91/1720 1123/93/1723 1124/94/1724
f  1121/91/1720 1124/94/1724 1122/92/1722
f  1122/92/1722 1124/94/1724 1125/95/1725
f  1123/93/1723 1126/96/1726 1124/94/1724
f  1124/94/1724 1126/96/1726 1127/97/1727
f  1124/94/1724 1127/97/1727 1125/95/1725
f  1125/95/1725 1127/97/1727 1128/98/1728
f  1126/96/1726 1129/99/1729 1127/97/1727
f  1127/97/1727 1129/99/1729 1130/100/1730
f  1127/97/1727 1130/100/1730 1128/98/1728
f  1128/98/1728 1130/100/1730 1131/101/1731
f  1129/99/1729 1132/102/1732 1130/100/1730
f  1130/100/1730 1132/102/1732 1133/103/1733
f  1130/100/1730 1133/103/1733 1131/101/1731
f  1131/101/1731 1133/103/1733 1134/104/1734
f  1132/102/1732 1135/105/1735 1133/103/1733
f  1133/103/1733 1135/105/1735 1136/106/1736
f  1133/103/1733 1136/106/1736 1134/104/1734
f  1134/104/1734 1136/106/1737 1137/107/1737
f  1135/105/1735 1138/108/1738 1136/106/1736
f  1136/106/1736 1138/108/1738 1137/107/1739
f  1139/1/1740 1142/89/1741 1140/90/1742
f  1140/90/1742 1142/89/1741 1143/91/1743
f  1140/90/1742 1143/91/1743 1141/4/1744
f  1141/4/1744 1143/91/1743 1144/92/1745
f  1142/89/1741 1145/93/1746 1143/91/1743
f  1143/91/1743 1145/93/1746 1146/94/1747
f  1143/91/1743 1146/94/1747 1144/92/1745
f  1144/92/1745 1146/94/1747 1147/95/1748
f  1145/93/1746 1148/96/1749 1146/94/1747
f  1146/94/1747 1148/96/1749 1149/97/1750
f  1146/94/1747 1149/97/1750 1147/95/1748
f  1147/95/1748 1149/97/1750 1150/98/1751
f  1148/96/1752 1151/99/1753 1149/97/1750
f  1149/97/1750 1151/99/1753 1152/100/1754
f  1149/97/1750 1152/100/1754 1150/98/1751
f  1150/98/1751 1152/100/1754 1153/101/1755
f  1151/99/1753 1154/102/1756 1152/100/1754
f  1152/100/1754 1154/102/1756 1155/103/1757
f  1152/100/1754 1155/103/1757 1153/101/1758
f  1153/101/1759 1155/103/1757 1156/104/1760
f  1154/102/1756 1157/105/1761 1155/103/1757
f  1155/103/1757 1157/105/1761 1158/106/1762
f  1155/103/1757 1158/106/1762 1156/104/1760
f  1156/104/1760 1158/106/1762 1159/107/1763
f  1157/105/1761 1160/108/1764 1158/106/1762
f  1158/106/1762 1160/108/1764 1159/107/1763
f  1161/1/1765 1164/89/1766 1162/90/1767
f  1162/90/1767 1164/89/1766 1165/91/1768
f  1162/90/1767 1165/91/1768 1163/4/1769
f  1163/4/1769 1165/91/1768 1166/92/1770
f  1164/89/1766 1167/93/1771 1165/91/1768
f  1165/91/1768 1167/93/1771 1168/94/1772
f  1165/91/1768 1168/94/1772 1166/92/1770
f  1166/92/1770 1168/94/1772 1169/95/1773
f  1167/93/1771 1170/96/1774 1168/94/1772
f  1168/94/1772 1170/96/1774 1171/97/1775
f  1168/94/1772 1171/97/1775 1169/95/1773
f  1169/95/1773 1171/97/1775 1172/98/1776
f  1170/96/1774 1173/99/1777 1171/97/1775
f  1171/97/1775 1173/99/1777 1174/100/1778
f  1171/97/1775 1174/100/1778 1172/98/1776
f  1172/98/1776 1174/100/1778 1175/101/1779
f  1173/99/1777 1176/102/1780 1174/100/1778
f  1174/100/1778 1176/102/1780 1177/103/1781
f  1174/100/1778 1177/103/1781 1175/101/1779
f  1175/101/1779 1177/103/1781 1178/104/1782
f  1176/102/1780 1179/105/1783 1177/103/1781
f  1177/103/1781 1179/105/1784 1180/106/1785
f  1177/103/1781 1180/106/1785 1178/104/1782
f  1178/104/1782 1180/106/1785 1181/107/1786
f  1179/105/1784 1182/108/1787 1180/106/1785
f  1180/106/1785 1182/108/1787 1181/107/1786
f  1183/1/1788 1186/89/1789 1184/90/1790
f  1184/90/1790 1186/89/1789 1187/91/1791
f  1184/90/1790 1187/91/1791 1185/4/1792
f  1185/4/1792 1187/91/1791 1188/92/1793
f  1186/89/1789 1189/93/1794 1187/91/1791
f  1187/91/1791 1189/93/1794 1190/94/1795
f  1187/91/1791 1190/94/1795 1188/92/1793
f  1188/92/1793 1190/94/1795 1191/95/1796
f  1189/93/1794 1192/96/1797 1190/94/1795
f  1190/94/1795 1192/96/1797 1193/97/1798
f  1190/94/1795 1193/97/1798 1191/95/1796
f  1191/95/1796 1193/97/1798 1194/98/1799
f  1192/96/1797 1195/99/1800 1193/97/1798
f  1193/97/1798 1195/99/1800 1196/100/1801
f  1193/97/1798 1196/100/1801 1194/98/1799
f  1194/98/1799 1196/100/1801 1197/101/1802
f  1195/99/1800 1198/102/1803 1196/100/1801
f  1196/100/1801 1198/102/1803 1199/103/1804
f  1196/100/1801 1199/103/1804 1197/101/1802
f  1197/101/1802 1199/103/1804 1200/104/1805
f  1198/102/1803 1201/105/1806 1199/103/1804
f  1199/103/1804 1201/105/1806 1202/106/1807
f  1199/103/1804 1202/106/1807 1200/104/1805
f  1200/104/1805 1202/106/1808 1203/107/1808
f  1201/105/1806 1204/108/1809 1202/106/1807
f  1202/106/1807 1204/108/1809 1203/107/1810
f  1205/1/1811 1208/89/1812 1206/90/1813
f  1206/90/1813 1208/89/1812 1209/91/1814
f  1206/90/1813 1209/91/1814 1207/4/1815
f  1207/4/1815 1209/91/1814 1210/92/1816
f  1208/89/1812 1211/93/1817 1209/91/1814
f  1209/91/1814 1211/93/1817 1212/94/1818
f  1209/91/1814 1212/94/1818 1210/92/1816
f  1210/92/1816 1212/94/1818 1213/95/1819
f  1211/93/1817 1214/96/1820 1212/94/1818
f  1212/94/1818 1214/96/1820 1215/97/1821
f  1212/94/1818 1215/97/1821 1213/95/1819
f  1213/95/1819 1215/97/1821 1216/98/1822
f  1214/96/1820 1217/99/1823 1215/97/1821
f  1215/97/1821 1217/99/1823 1218/100/1824
f  1215/97/1821 1218/100/1824 1216/98/1822
f  1216/98/1822 1218/100/1824 1219/101/1825
f  1217/99/1823 1220/102/1826 1218/100/1824
f  1218/100/1824 1220/102/1826 1221/103/1827
f  1218/100/1824 1221/103/1827 1219/101/1828
f  1219/101/1829 1221/103/1829 1222/104/1829
f  1220/102/1826 1223/105/1830 1221/103/1827
f  1221/103/1827 1223/105/1830 1224/106/1831
f  1221/103/1827 1224/106/1831 1222/104/1832
f  1222/104/1832 1224/106/1831 1225/107/1833
f  1223/105/1830 1226/108/1834 1224/106/1831
f  1224/106/1831 1226/108/1834 1225/107/1835
f  1227/1/1836 1230/89/1837 1228/90/1838
f  1228/90/1838 1230/89/1837 1231/91/1839
f  1228/90/1838 1231/91/1839 1229/4/1840
f  1229/4/1840 1231/91/1839 1232/92/1841
f  1230/89/1837 1233/93/1842 1231/91/1839
f  1231/91/1839 1233/93/1842 1234/94/1843
f  1231/91/1839 1234/94/1843 1232/92/1841
f  1232/92/1841 1234/94/1843 1235/95/1844
f  1233/93/1842 1236/96/1845 1234/94/1843
f  1234/94/1843 1236/96/1845 1237/97/1846
f  1234/94/1843 1237/97/1846 1235/95/1844
f  1235/95/1844 1237/97/1846 1238/98/1847
f  1236/96/1845 1239/99/1848 1237/97/1846
f  1237/97/1846 1239/99/1848 1240/100/1849
f  1237/97/1846 1240/100/1849 1238/98/1847
f  1238/98/1847 1240/100/1849 1241/101/1850
f  1239/99/1848 1242/102/1851 1240/100/1849
f  1240/100/1849 1242/102/1851 1243/103/1852
f  1240/100/1849 1243/103/1852 1241/101/1850
f  1241/101/1850 1243/103/1852 1244/104/1853
f  1242/102/1851 1245/105/1854 1243/103/1854
f  1243/103/1852 1245/105/1855 1246/106/1856
f  1243/103/1852 1246/106/1856 1244/104/1853
f  1244/104/1853 1246/106/1856 1247/107/1857
f  1245/105/1855 1248/108/1858 1246/106/1856
f  1246/106/1856 1248/108/1858 1247/107/1857
f  1249/1/1859 1252/89/1860 1250/90/1861
f  1250/90/1861 1252/89/1860 1253/91/1862
f  1250/90/1861 1253/91/1862 1251/4/1863
f  1251/4/1863 1253/91/1862 1254/92/1864
f  1252/89/1860 1255/93/1865 1253/91/1862
f  1253/91/1862 1255/93/1865 1256/94/1866
f  1253/91/1862 1256/94/1866 1254/92/1864
f  1254/92/1864 1256/94/1866 1257/95/1867
f  1255/93/1865 1258/96/1868 1256/94/1866
f  1256/94/1866 1258/96/1868 1259/97/1869
f  1256/94/1866 1259/97/1869 1257/95/1867
f  1257/95/1867 1259/97/1869 1260/98/1870
f  1258/96/1868 1261/99/1871 1259/97/1869
f  1259/97/1869 1261/99/1871 1262/100/1872
f  1259/97/1869 1262/100/1872 1260/98/1870
f  1260/98/1870 1262/100/1872 1263/101/1873
f  1261/99/1871 1264/102/1874 1262/100/1872
f  1262/100/1872 1264/102/1874 1265/103/1875
f  1262/100/1872 1265/103/1875 1263/101/1873
f  1263/101/1873 1265/103/1875 1266/104/1876
f  1264/102/1874 1267/105/1877 1265/103/1875
f  1265/103/1875 1267/105/1877 1268/106/1878
f  1265/103/1875 1268/106/1878 1266/104/1876
f  1266/104/1876 1268/106/1879 1269/107/1879
f  1267/105/1877 1270/108/1880 1268/106/1878
f  1268/106/1878 1270/108/1880 1269/107/1880
f  1271/1/1881 1274/89/1882 1272/90/1883
f  1272/90/1883 1274/89/1882 1275/91/1884
f  1272/90/1883 1275/91/1884 1273/4/1885
f  1273/4/1885 1275/91/1884 1276/92/1886
f  1274/89/1882 1277/93/1887 1275/91/1884
f  1275/91/1884 1277/93/1887 1278/94/1888
f  1275/91/1884 1278/94/1888 1276/92/1886
f  1276/92/1886 1278/94/1888 1279/95/1889
f  1277/93/1887 1280/96/1890 1278/94/1888
f  1278/94/1888 1280/96/1890 1281/97/1891
f  1278/94/1888 1281/97/1891 1279/95/1889
f  1279/95/1889 1281/97/1891 1282/98/1892
f  1280/96/1893 1283/99/1893 1281/97/1891
f  1281/97/1891 1283/99/1894 1284/100/1895
f  1281/97/1891 1284/100/1895 1282/98/1892
f  1282/98/1892 1284/100/1895 1285/101/1896
f  1283/99/1894 1286/102/1897 1284/100/1895
f  1284/100/1895 1286/102/1897 1287/103/1898
f  1284/100/1895 1287/103/1898 1285/101/1899
f  1285/101/1899 1287/103/1898 1288/104/1900
f  1286/102/1897 1289/105/1901 1287/103/1898
f  1287/103/1898 1289/105/1901 1290/106/1902
f  1287/103/1898 1290/106/1902 1288/104/1900
f  1288/104/1900 1290/106/1902 1291/107/1903
f  1289/105/1901 1292/108/1904 1290/106/1902
f  1290/106/1902 1292/108/1904 1291/107/1903
f  1293/1/1905 1296/89/1906 1294/90/1907
f  1294/90/1907 1296/89/1906 1297/91/1908
f  1294/90/1907 1297/91/1908 1295/4/1909
f  1295/4/1909 1297/91/1908 1298/92/1910
f  1296/89/1906 1299/93/1911 1297/91/1908
f  1297/91/1908 1299/93/1911 1300/94/1912
f  1297/91/1908 1300/94/1912 1298/92/1910
f  1298/92/1910 1300/94/1912 1301/95/1913
f  1299/93/1911 1302/96/1914 1300/94/1912
f  1300/94/1912 1302/96/1914 1303/97/1915
f  1300/94/1912 1303/97/1915 1301/95/1913
f  1301/95/1913 1303/97/1915 1304/98/1916
f  1302/96/1914 1305/99/1917 1303/97/1915
f  1303/97/1915 1305/99/1917 1306/100/1918
f  1303/97/1915 1306/100/1918 1304/98/1916
f  1304/98/1916 1306/100/1918 1307/101/1919
f  1305/99/1917 1308/102/1920 1306/100/1918
f  1306/100/1918 1308/102/1920 1309/103/1921
f  1306/100/1918 1309/103/1921 1307/101/1919
f  1307/101/1919 1309/103/1921 1310/104/1922
f  1308/102/1920 1311/105/1923 1309/103/1921
f  1309/103/1921 1311/105/1924 1312/106/1925
f  1309/103/1921 1312/106/1925 1310/104/1922
f  1310/104/1926 1312/106/1925 1313/107/1927
f  1311/105/1924 1314/108/1928 1312/106/1925
f  1312/106/1925 1314/108/1928 1313/107/1927
usemtl Stalk
f  1315/1/1929 1318/2/1930 1316/3/1931
f  1315/4/1932 1320/5/1933 1318/6/1934
f  1316/3/1931 1318/2/1930 1319/7/1935
f  1316/3/1936 1319/7/1937 1317/8/1938
f  1317/8/1938 1319/7/1937 1320/5/1939
f  1317/8/1940 1320/5/1933 1315/4/1932
f  1318/2/1930 1321/9/1941 1319/7/1935
f  1318/6/1934 1323/10/1942 1321/11/1943
f  1319/7/1935 1321/9/1941 1322/12/1944
f  1319/7/1937 1322/12/1945 1320/5/1939
f  1320/5/1939 1322/12/1945 1323/10/1946
f  1320/5/1933 1323/10/1942 1318/6/1934
f  1321/9/1941 1324/13/1947 1322/12/1944
f  1321/11/1943 1326/14/1948 1324/15/1949
f  1322/12/1944 1324/13/1947 1325/16/1950
f  1322/12/1945 1325/16/1951 1323/10/1946
f  1323/10/1946 1325/16/1951 1326/14/1952
f  1323/10/1942 1326/14/1948 1321/11/1943
f  1324/13/1947 1327/17/1953 1325/16/1950
f  1324/15/1949 1329/18/1954 1327/19/1955
f  1325/16/1950 1327/17/1953 1328/20/1956
f  1325/16/1951 1328/20/1957 1326/14/1952
f  1326/14/1952 1328/20/1957 1329/18/1958
f  1326/14/1948 1329/18/1954 1324/15/1949
f  1327/17/1953 1330/21/1959 1328/20/1956
f  1327/19/1955 1332/22/1960 1330/23/1961
f  1328/20/1956 1330/21/1959 1331/24/1962
f  1328/20/1957 1331/24/1963 1329/18/1958
f  1329/18/1958 1331/24/1963 1332/22/1964
f  1329/18/1954 1332/22/1960 1327/19/1955
f  1330/21/1959 1333/25/1965 1331/24/1962
f  1330/23/1961 1335/26/1966 1333/27/1967
f  1331/24/1962 1333/25/1965 1334/28/1968
f  1331/24/1963 1334/28/1969 1332/22/1964
f  1332/22/1964 1334/28/1969 1335/26/1970
f  1332/22/1960 1335/26/1966 1330/23/1961
f  1333/25/1965 1336/29/1971 1334/28/1968
f  1333/27/1967 1338/30/1972 1336/31/1973
f  1334/28/1968 1336/29/1971 1337/32/1974
f  1334/28/1969 1337/32/1975 1335/26/1970
f  1335/26/1970 1337/32/1975 1338/30/1976
f  1335/26/1966 1338/30/1972 1333/27/1967
f  1336/29/1971 1339/33/1977 1337/32/1974
f  1336/31/1973 1341/34/1978 1339/35/1979
f  1337/32/1974 1339/33/1977 1340/36/1980
f  1337/32/1975 1340/36/1981 1338/30/1976
f  1338/30/1976 1340/36/1981 1341/34/1982
f  1338/30/1972 1341/34/1978 1336/31/1973
f  1339/33/1977 1342/124/1983 1340/36/1980
f  1340/36/1981 1342/124/1984 1341/34/1982
f  1341/34/1978 1342/124/1985 1339/35/1979
f  1342/124/714 1343/1/714 1343/90/714
f  1342/124/714 1343/90/714 1343/4/714
f  1342/124/714 1344/1/714 1344/90/714
f  1342/124/714 1344/90/714 1344/4/714
f  1342/124/714 1345/1/714 1345/90/714
f  1342/124/714 1345/90/714 1345/4/714
f  1342/124/714 1346/1/714 1346/90/714
f  1342/124/714 1346/90/714 1346/4/714
f  1342/124/714 1347/1/714 1347/90/714
f  1342/124/714 1347/90/714 1347/4/714
f  1342/124/714 1348/1/714 1348/90/714
f  1342/124/714 1348/90/714 1348/4/714
f  1342/124/714 1349/1/714 1349/90/714
f  1342/124/714 1349/90/714 1349/4/714
f  1342/124/714 1350/1/714 1350/90/714
f  1342/124/714 1350/90/714 1350/4/714
f  1342/124/714 1351/1/714 1351/90/714
f  1342/124/714 1351/90/714 1351/4/714
f  1342/124/714 1352/1/714 1352/90/714
f  1342/124/714 1352/90/714 1352/4/714
f  1342/124/714 1353/1/714 1353/90/714
f  1342/124/714 1353/90/714 1353/4/714
f  1342/124/714 1354/1/714 1354/90/714
f  1342/124/714 1354/90/714 1354/4/714
f  1342/124/714 1355/1/714 1355/90/714
f  1342/124/714 1355/90/714 1355/4/714
f  1342/124/714 1356/1/714 1356/90/714
f  1342/124/714 1356/90/714 1356/4/714
f  1342/124/714 1357/1/714 1357/90/714
f  1342/124/714 1357/90/714 1357/4/714
f  1342/124/714 1358/1/714 1358/90/714
f  1342/124/714 1358/90/714 1358/4/714
f  1342/124/714 1359/1/714 1359/90/714
f  1342/124/714 1359/90/714 1359/4/714
f  1342/124/714 1360/1/714 1360/90/714
f  1342/124/714 1360/90/714 1360/4/714
f  1342/124/714 1361/1/714 1361/90/714
f  1342/124/714 1361/90/714 1361/4/714
f  1342/124/714 1362/1/714 1362/90/714
f  1342/124/714 1362/90/714 1362/4/714
f  1342/124/714 1363/1/714 1363/90/714
f  1342/124/714 1363/90/714 1363/4/714
f  1342/124/714 1364/1/1986 1364/90/1986
f  1342/124/714 1364/90/1986 1364/4/1986
usemtl Petal
f  1343/1/714 1365/109/714 1343/90/714
f  1343/90/1987 1365/109/1988 1366/110/1989
f  1343/90/714 1366/110/714 1343/4/714
f  1343/4/1990 1366/110/1991 1367/111/1992
f  1365/109/1988 1368/112/1993 1366/110/1989
f  1366/110/1989 1368/112/1993 1369/113/1994
f  1366/110/1991 1369/113/1995 1367/111/1992
f  1367/111/1992 1369/113/1995 1370/114/1996
f  1368/112/1993 1371/115/1997 1369/113/1994
f  1369/113/1994 1371/115/1997 1372/116/1998
f  1369/113/1995 1372/116/1999 1370/114/1996
f  1370/114/1996 1372/116/1999 1373/117/2000
f  1371/115/1997 1374/118/2001 1372/116/1998
f  1372/116/1998 1374/118/2001 1375/119/2002
f  1372/116/1999 1375/119/2003 1373/117/2000
f  1373/117/2000 1375/119/2003 1376/120/2004
f  1374/118/2001 1377/108/2005 1375/119/2002
f  1375/119/2003 1377/108/2006 1376/120/2004
f  1344/1/714 1378/109/714 1344/90/714
f  1344/90/2007 1378/109/2008 1379/110/2009
f  1344/90/714 1379/110/714 1344/4/714
f  1344/4/2010 1379/110/2011 1380/111/2012
f  1378/109/2008 1381/112/2013 1379/110/2009
f  1379/110/2009 1381/112/2013 1382/113/2014
f  1379/110/2011 1382/113/2015 1380/111/2012
f  1380/111/2012 1382/113/2015 1383/114/2016
f  1381/112/2013 1384/115/2017 1382/113/2014
f  1382/113/2014 1384/115/2017 1385/116/2018
f  1382/113/2015 1385/116/2019 1383/114/2016
f  1383/114/2016 1385/116/2019 1386/117/2020
f  1384/115/2017 1387/118/2021 1385/116/2018
f  1385/116/2018 1387/118/2021 1388/119/2022
f  1385/116/2019 1388/119/2023 1386/117/2020
f  1386/117/2020 1388/119/2023 1389/120/2024
f  1387/118/2021 1390/108/2025 1388/119/2022
f  1388/119/2023 1390/108/2026 1389/120/2024
f  1345/1/714 1391/109/714 1345/90/714
f  1345/90/2027 1391/109/2028 1392/110/2029
f  1345/90/714 1392/110/714 1345/4/714
f  1345/4/2030 1392/110/2031 1393/111/2032
f  1391/109/2028 1394/112/2033 1392/110/2029
f  1392/110/2029 1394/112/2033 1395/113/2034
f  1392/110/2031 1395/113/2035 1393/111/2032
f  1393/111/2032 1395/113/2035 1396/114/2036
f  1394/112/2033 1397/115/2037 1395/113/2034
f  1395/113/2034 1397/115/2037 1398/116/2038
f  1395/113/2035 1398/116/2039 1396/114/2036
f  1396/114/2036 1398/116/2039 1399/117/2040
f  1397/115/2037 1400/118/2041 1398/116/2038
f  1398/116/2038 1400/118/2041 1401/119/2042
f  1398/116/2039 1401/119/2043 1399/117/2040
f  1399/117/2040 1401/119/2043 1402/120/2044
f  1400/118/2041 1403/108/2045 1401/119/2042
f  1401/119/2043 1403/108/2046 1402/120/2044
f  1346/1/714 1404/109/714 1346/90/714
f  1346/90/2047 1404/109/2048 1405/110/2049
f  1346/90/714 1405/110/714 1346/4/714
f  1346/4/2050 1405/110/2051 1406/111/2052
f  1404/109/2048 1407/112/2053 1405/110/2049
f  1405/110/2049 1407/112/2053 1408/113/2054
f  1405/110/2051 1408/113/2055 1406/111/2052
f  1406/111/2052 1408/113/2055 1409/114/2056
f  1407/112/2053 1410/115/2057 1408/113/2054
f  1408/113/2054 1410/115/2057 1411/116/2058
f  1408/113/2055 1411/116/2059 1409/114/2056
f  1409/114/2056 1411/116/2059 1412/117/2060
f  1410/115/2057 1413/118/2061 1411/116/2058
f  1411/116/2058 1413/118/2061 1414/119/2062
f  1411/116/2059 1414/119/2063 1412/117/2060
f  1412/117/2060 1414/119/2063 1415/120/2064
f  1413/118/2061 1416/108/2065 1414/119/2062
f  1414/119/2063 1416/108/2066 1415/120/2064
f  1347/1/714 1417/109/714 1347/90/714
f  1347/90/2067 1417/109/2068 1418/110/2069
f  1347/90/714 1418/110/714 1347/4/714
f  1347/4/2070 1418/110/2071 1419/111/2072
f  1417/109/2068 1420/112/2073 1418/110/2069
f  1418/110/2069 1420/112/2073 1421/113/2074
f  1418/110/2071 1421/113/2075 1419/111/2072
f  1419/111/2072 1421/113/2075 1422/114/2076
f  1420/112/2073 1423/115/2077 1421/113/2074
f  1421/113/2074 1423/115/2077 1424/116/2078
f  1421/113/2075 1424/116/2079 1422/114/2076
f  1422/114/2076 1424/116/2079 1425/117/2080
f  1423/115/2077 1426/118/2081 1424/116/2078
f  1424/116/2078 1426/118/2081 1427/119/2082
f  1424/116/2079 1427/119/2083 1425/117/2080
f  1425/117/2080 1427/119/2083 1428/120/2084
f  1426/118/2081 1429/108/2085 1427/119/2082
f  1427/119/2083 1429/108/2086 1428/120/2084
f  1348/1/714 1430/109/714 1348/90/714
f  1348/90/2087 1430/109/2088 1431/110/2089
f  1348/90/714 1431/110/714 1348/4/714
f  1348/4/2090 1431/110/2091 1432/111/2092
f  1430/109/2088 1433/112/2093 1431/110/2089
f  1431/110/2089 1433/112/2093 1434/113/2094
f  1431/110/2091 1434/113/2095 1432/111/2092
f  1432/111/2092 1434/113/2095 1435/114/2096
f  1433/112/2093 1436/115/2097 1434/113/2094
f  1434/113/2094 1436/115/2097 1437/116/2098
f  1434/113/2095 1437/116/2099 1435/114/2096
f  1435/114/2096 1437/116/2099 1438/117/2100
f  1436/115/2097 1439/118/2101 1437/116/2098
f  1437/116/2098 1439/118/2101 1440/119/2102
f  1437/116/2099 1440/119/2103 1438/117/2100
f  1438/117/2100 1440/119/2103 1441/120/2104
f  1439/118/2101 1442/108/2105 1440/119/2102
f  1440/119/2103 1442/108/2106 1441/120/2104
f  1349/1/714 1443/109/714 1349/90/714
f  1349/90/2107 1443/109/2108 1444/110/2109
f  1349/90/714 1444/110/714 1349/4/714
f  1349/4/2110 1444/110/2111 1445/111/2112
f  1443/109/2108 1446/112/2113 1444/110/2109
f  1444/110/2109 1446/112/2113 1447/113/2114
f  1444/110/2111 1447/113/2115 1445/111/2112
f  1445/111/2112 1447/113/2115 1448/114/2116
f  1446/112/2113 1449/115/2117 1447/113/2114
f  1447/113/2114 1449/115/2117 1450/116/2118
f  1447/113/2115 1450/116/2119 1448/114/2116
f  1448/114/2116 1450/116/2119 1451/117/2120
f  1449/115/2117 1452/118/2121 1450/116/2118
f  1450/116/2118 1452/118/2121 1453/119/2122
f  1450/116/2119 1453/119/2123 1451/117/2120
f  1451/117/2120 1453/119/2123 1454/120/2124
f  1452/118/2121 1455/108/2125 1453/119/2122
f  1453/119/2123 1455/108/2126 1454/120/2124
f  1350/1/714 1456/109/714 1350/90/714
f  1350/90/2127 1456/109/2128 1457/110/2129
f  1350/90/714 1457/110/714 1350/4/714
f  1350/4/2130 1457/110/2131 1458/111/2132
f  1456/109/2128 1459/112/2133 1457/110/2129
f  1457/110/2129 1459/112/2133 1460/113/2134
f  1457/110/2131 1460/113/2135 1458/111/2132
f  1458/111/2132 1460/113/2135 1461/114/2136
f  1459/112/2133 1462/115/2137 1460/113/2134
f  1460/113/2134 1462/115/2137 1463/116/2138
f  1460/113/2135 1463/116/2139 1461/114/2136
f  1461/114/2136 1463/116/2139 1464/117/2140
f  1462/115/2137 1465/118/2141 1463/116/2138
f  1463/116/2138 1465/118/2141 1466/119/2142
f  1463/116/2139 1466/119/2143 1464/117/2140
f  1464/117/2140 1466/119/2143 1467/120/2144
f  1465/118/2141 1468/108/2145 1466/119/2142
f  1466/119/2143 1468/108/2146 1467/120/2144
f  1351/1/714 1469/109/714 1351/90/714
f  1351/90/2147 1469/109/2148 1470/110/2149
f  1351/90/714 1470/110/714 1351/4/714
f  1351/4/2150 1470/110/2151 1471/111/2152
f  1469/109/2148 1472/112/2153 1470/110/2149
f  1470/110/2149 1472/112/2153 1473/113/2154
f  1470/110/2151 1473/113/2155 1471/111/2152
f  1471/111/2152 1473/113/2155 1474/114/2156
f  1472/112/2153 1475/115/2157 1473/113/2154
f  1473/113/2154 1475/115/2157 1476/116/2158
f  1473/113/2155 1476/116/2159 1474/114/2156
f  1474/114/2156 1476/116/2159 1477/117/2160
f  1475/115/2157 1478/118/2161 1476/116/2158
f  1476/116/2158 1478/118/2161 1479/119/2162
f  1476/116/2159 1479/119/2163 1477/117/2160
f  1477/117/2160 1479/119/2163 1480/120/2164
f  1478/118/2161 1481/108/2165 1479/119/2162
f  1479/119/2163 1481/108/2166 1480/120/2164
f  1352/1/714 1482/109/714 1352/90/714
f  1352/90/2167 1482/109/2168 1483/110/2169
f  1352/90/714 1483/110/714 1352/4/714
f  1352/4/2170 1483/110/2171 1484/111/2172
f  1482/109/2168 1485/112/2173 1483/110/2169
f  1483/110/2169 1485/112/2173 1486/113/2174
f  1483/110/2171 1486/113/2175 1484/111/2172
f  1484/111/2172 1486/113/2175 1487/114/2176
f  1485/112/2173 1488/115/2177 1486/113/2174
f  1486/113/2174 1488/115/2177 1489/116/2178
f  1486/113/2175 1489/116/2179 1487/114/2176
f  1487/114/2176 1489/116/2179 1490/117/2180
f  1488/115/2177 1491/118/2181 1489/116/2178
f  1489/116/2178 1491/118/2181 1492/119/2182
f  1489/116/2179 1492/119/2183 1490/117/2180
f  1490/117/2180 1492/119/2183 1493/120/2184
f  1491/118/2181 1494/108/2185 1492/119/2182
f  1492/119/2183 1494/108/2186 1493/120/2184
f  1353/1/714 1495/109/714 1353/90/714
f  1353/90/2187 1495/109/2188 1496/110/2189
f  1353/90/714 1496/110/714 1353/4/714
f  1353/4/2190 1496/110/2191 1497/111/2192
f  1495/109/2188 1498/112/2193 1496/110/2189
f  1496/110/2189 1498/112/2193 1499/113/2194
f  1496/110/2191 1499/113/2195 1497/111/2192
f  1497/111/2192 1499/113/2195 1500/114/2196
f  1498/112/2193 1501/115/2197 1499/113/2194
f  1499/113/2194 1501/115/2197 1502/116/2198
f  1499/113/2195 1502/116/2199 1500/114/2196
f  1500/114/2196 1502/116/2199 1503/117/2200
f  1501/115/2197 1504/118/2201 1502/116/2198
f  1502/116/2198 1504/118/2201 1505/119/2202
f  1502/116/2199 1505/119/2203 1503/117/2200
f  1503/117/2200 1505/119/2203 1506/120/2204
f  1504/118/2201 1507/108/2205 1505/119/2202
f  1505/119/2203 1507/108/2206 1506/120/2204
f  1354/1/714 1508/109/714 1354/90/714
f  1354/90/2207 1508/109/2208 1509/110/2209
f  1354/90/714 1509/110/714 1354/4/714
f  1354/4/2210 1509/110/2211 1510/111/2212
f  1508/109/2208 1511/112/2213 1509/110/2209
f  1509/110/2209 1511/112/2213 1512/113/2214
f  1509/110/2211 1512/113/2215 1510/111/2212
f  1510/111/2212 1512/113/2215 1513/114/2216
f  1511/112/2213 1514/115/2217 1512/113/2214
f  1512/113/2214 1514/115/2217 1515/116/2218
f  1512/113/2215 1515/116/2219 1513/114/2216
f  1513/114/2216 1515/116/2219 1516/117/2220
f  1514/115/2217 1517/118/2221 1515/116/2218
f  1515/116/2218 1517/118/2221 1518/119/2222
f  1515/116/2219 1518/119/2223 1516/117/2220
f  1516/117/2220 1518/119/2223 1519/120/2224
f  1517/118/2221 1520/108/2225 1518/119/2222
f  1518/119/2223 1520/108/2226 1519/120/2224
f  1355/1/714 1521/109/714 1355/90/714
f  1355/90/2227 1521/109/2228 1522/110/2229
f  1355/90/714 1522/110/714 1355/4/714
f  1355/4/2230 1522/110/2231 1523/111/2232
f  1521/109/2228 1524/112/2233 1522/110/2229
f  1522/110/2229 1524/112/2233 1525/113/2234
f  1522/110/2231 1525/113/2235 1523/111/2232
f  1523/111/2232 1525/113/2235 1526/114/2236
f  1524/112/2233 1527/115/2237 1525/113/2234
f  1525/113/2234 1527/115/2237 1528/116/2238
f  1525/113/2235 1528/116/2239 1526/114/2236
f  1526/114/2236 1528/116/2239 1529/117/2240
f  1527/115/2237 1530/118/2241 1528/116/2238
f  1528/116/2238 1530/118/2241 1531/119/2242
f  1528/116/2239 1531/119/2243 1529/117/2240
f  1529/117/2240 1531/119/2243 1532/120/2244
f  1530/118/2241 1533/108/2245 1531/119/2242
f  1531/119/2243 1533/108/2246 1532/120/2244
f  1356/1/714 1534/109/714 1356/90/714
f  1356/90/2247 1534/109/2248 1535/110/2249
f  1356/90/714 1535/110/714 1356/4/714
f  1356/4/2250 1535/110/2251 1536/111/2252
f  1534/109/2248 1537/112/2253 1535/110/2249
f  1535/110/2249 1537/112/2253 1538/113/2254
f  1535/110/2251 1538/113/2255 1536/111/2252
f  1536/111/2252 1538/113/2255 1539/114/2256
f  1537/112/2253 1540/115/2257 1538/113/2254
f  1538/113/2254 1540/115/2257 1541/116/2258
f  1538/113/2255 1541/116/2259 1539/114/2256
f  1539/114/2256 1541/116/2259 1542/117/2260
f  1540/115/2257 1543/118/2261 1541/116/2258
f  1541/116/2258 1543/118/2261 1544/119/2262
f  1541/116/2259 1544/119/2263 1542/117/2260
f  1542/117/2260 1544/119/2263 1545/120/2264
f  1543/118/2261 1546/108/2265 1544/119/2262
f  1544/119/2263 1546/108/2266 1545/120/2264
f  1357/1/714 1547/109/714 1357/90/714
f  1357/90/2267 1547/109/2268 1548/110/2269
f  1357/90/714 1548/110/714 1357/4/714
f  1357/4/2270 1548/110/2271 1549/111/2272
f  1547/109/2268 1550/112/2273 1548/110/2269
f  1548/110/2269 1550/112/2273 1551/113/2274
f  1548/110/2271 1551/113/2275 1549/111/2272
f  1549/111/2272 1551/113/2275 1552/114/2276
f  1550/112/2273 1553/115/2277 1551/113/2274
f  1551/113/2274 1553/115/2277 1554/116/2278
f  1551/113/2275 1554/116/2279 1552/114/2276
f  1552/114/2276 1554/116/2279 1555/117/2280
f  1553/115/2277 1556/118/2281 1554/116/2278
f  1554/116/2278 1556/118/2281 1557/119/2282
f  1554/116/2279 1557/119/2283 1555/117/2280
f  1555/117/2280 1557/119/2283 1558/120/2284
f  1556/118/2281 1559/108/2285 1557/119/2282
f  1557/119/2283 1559/108/2286 1558/120/2284
f  1358/1/714 1560/109/714 1358/90/714
f  1358/90/2287 1560/109/2288 1561/110/2289
f  1358/90/714 1561/110/714 1358/4/714
f  1358/4/2290 1561/110/2291 1562/111/2292
f  1560/109/2288 1563/112/2293 1561/110/2289
f  1561/110/2289 1563/112/2293 1564/113/2294
f  1561/110/2291 1564/113/2295 1562/111/2292
f  1562/111/2292 1564/113/2295 1565/114/2296
f  1563/112/2293 1566/115/2297 1564/113/2294
f  1564/113/2294 1566/115/2297 1567/116/2298
f  1564/113/2295 1567/116/2299 1565/114/2296
f  1565/114/2296 1567/116/2299 1568/117/2300
f  1566/115/2297 1569/118/2301 1567/116/2298
f  1567/116/2298 1569/118/2301 1570/119/2302
f  1567/116/2299 1570/119/2303 1568/117/2300
f  1568/117/2300 1570/119/2303 1571/120/2304
f  1569/118/2301 1572/108/2305 1570/119/2302
f  1570/119/2303 1572/108/2306 1571/120/2304
f  1359/1/714 1573/109/714 1359/90/714
f  1359/90/2307 1573/109/2308 1574/110/2309
f  1359/90/714 1574/110/714 1359/4/714
f  1359/4/2310 1574/110/2311 1575/111/2312
f  1573/109/2308 1576/112/2313 1574/110/2309
f  1574/110/2309 1576/112/2313 1577/113/2314
f  1574/110/2311 1577/113/2315 1575/111/2312
f  1575/111/2312 1577/113/2315 1578/114/2316
f  1576/112/2313 1579/115/2317 1577/113/2314
f  1577/113/2314 1579/115/2317 1580/116/2318
f  1577/113/2315 1580/116/2319 1578/114/2316
f  1578/114/2316 1580/116/2319 1581/117/2320
f  1579/115/2317 1582/118/2321 1580/116/2318
f  1580/116/2318 1582/118/2321 1583/119/2322
f  1580/116/2319 1583/119/2323 1581/117/2320
f  1581/117/2320 1583/119/2323 1584/120/2324
f  1582/118/2321 1585/108/2325 1583/119/2322
f  1583/119/2323 1585/108/2326 1584/120/2324
f  1360/1/714 1586/109/714 1360/90/714
f  1360/90/2327 1586/109/2328 1587/110/2329
f  1360/90/714 1587/110/714 1360/4/714
f  1360/4/2330 1587/110/2331 1588/111/2332
f  1586/109/2328 1589/112/2333 1587/110/2329
f  1587/110/2329 1589/112/2333 1590/113/2334
f  1587/110/2331 1590/113/2335 1588/111/2332
f  1588/111/2332 1590/113/2335 1591/114/2336
f  1589/112/2333 1592/115/2337 1590/113/2334
f  1590/113/2334 1592/115/2337 1593/116/2338
f  1590/113/2335 1593/116/2339 1591/114/2336
f  1591/114/2336 1593/116/2339 1594/117/2340
f  1592/115/2337 1595/118/2341 1593/116/2338
f  1593/116/2338 1595/118/2341 1596/119/2342
f  1593/116/2339 1596/119/2343 1594/117/2340
f  1594/117/2340 1596/119/2343 1597/120/2344
f  1595/118/2341 1598/108/2345 1596/119/2342
f  1596/119/2343 1598/108/2346 1597/120/2344
f  1361/1/714 1599/109/714 1361/90/714
f  1361/90/2347 1599/109/2348 1600/110/2349
f  1361/90/714 1600/110/714 1361/4/714
f  1361/4/2350 1600/110/2351 1601/111/2352
f  1599/109/2348 1602/112/2353 1600/110/2349
f  1600/110/2349 1602/112/2353 1603/113/2354
f  1600/110/2351 1603/113/2355 1601/111/2352
f  1601/111/2352 1603/113/2355 1604/114/2356
f  1602/112/2353 1605/115/2357 1603/113/2354
f  1603/113/2354 1605/115/2357 1606/116/2358
f  1603/113/2355 1606/116/2359 1604/114/2356
f  1604/114/2356 1606/116/2359 1607/117/2360
f  1605/115/2357 1608/118/2361 1606/116/2358
f  1606/116/2358 1608/118/2361 1609/119/2362
f  1606/116/2359 1609/119/2363 1607/117/2360
f  1607/117/2360 1609/119/2363 1610/120/2364
f  1608/118/2361 1611/108/2365 1609/119/2362
f  1609/119/2363 1611/108/2366 1610/120/2364
f  1362/1/714 1612/109/714 1362/90/714
f  1362/90/2367 1612/109/2368 1613/110/2369
f  1362/90/714 1613/110/714 1362/4/714
f  1362/4/2370 1613/110/2371 1614/111/2372
f  1612/109/2368 1615/112/2373 1613/110/2369
f  1613/110/2369 1615/112/2373 1616/113/2374
f  1613/110/2371 1616/113/2375 1614/111/2372
f  1614/111/2372 1616/113/2375 1617/114/2376
f  1615/112/2373 1618/115/2377 1616/113/2374
f  1616/113/2374 1618/115/2377 1619/116/2378
f  1616/113/2375 1619/116/2379 1617/114/2376
f  1617/114/2376 1619/116/2379 1620/117/2380
f  1618/115/2377 1621/118/2381 1619/116/2378
f  1619/116/2378 1621/118/2381 1622/119/2382
f  1619/116/2379 1622/119/2383 1620/117/2380
f  1620/117/2380 1622/119/2383 1623/120/2384
f  1621/118/2381 1624/108/2385 1622/119/2382
f  1622/119/2383 1624/108/2386 1623/120/2384
f  1363/1/714 1625/109/714 1363/90/714
f  1363/90/2387 1625/109/2388 1626/110/2389
f  1363/90/714 1626/110/714 1363/4/714
f  1363/4/2390 1626/110/2391 1627/111/2392
f  1625/109/2388 1628/112/2393 1626/110/2389
f  1626/110/2389 1628/112/2393 1629/113/2394
f  1626/110/2391 1629/113/2395 1627/111/2392
f  1627/111/2392 1629/113/2395 1630/114/2396
f  1628/112/2393 1631/115/2397 1629/113/2394
f  1629/113/2394 1631/115/2397 1632/116/2398
f  1629/113/2395 1632/116/2399 1630/114/2396
f  1630/114/2396 1632/116/2399 1633/117/2400
f  1631/115/2397 1634/118/2401 1632/116/2398
f  1632/116/2398 1634/118/2401 1635/119/2402
f  1632/116/2399 1635/119/2403 1633/117/2400
f  1633/117/2400 1635/119/2403 1636/120/2404
f  1634/118/2401 1637/108/2405 1635/119/2402
f  1635/119/2403 1637/108/2406 1636/120/2404
f  1364/1/1986 1638/109/2407 1364/90/1986
f  1364/90/1986 1638/109/2407 1639/110/2408
f  1364/90/1986 1639/110/2408 1364/4/1986
f  1364/4/2409 1639/110/2410 1640/111/2411
f  1638/109/2407 1641/112/2412 1639/110/2408
f  1639/110/2408 1641/112/2412 1642/113/2413
f  1639/110/2410 1642/113/2414 1640/111/2411
f  1640/111/2411 1642/113/2414 1643/114/2415
f  1641/112/2412 1644/115/2416 1642/113/2413
f  1642/113/2413 1644/115/2416 1645/116/2417
f  1642/113/2414 1645/116/2418 1643/114/2415
f  1643/114/2415 1645/116/2418 1646/117/2419
f  1644/115/2416 1647/118/2420 1645/116/2417
f  1645/116/2417 1647/118/2420 1648/119/2421
f  1645/116/2418 1648/119/2422 1646/117/2419
f  1646/117/2419 1648/119/2422 1649/120/2423
f  1647/118/2420 1650/108/2424 1648/119/2421
f  1648/119/2422 1650/108/2425 1649/120/2423
