# 
# Wavefront OBJ file
# Converted by the DEEP Exploration 3.5.9.1158
# Right Hemisphere, LTD
# http://www.righthemisphere.com/
# 
mtllib GC18_1.mtl
# object GC18_1
g GC18_1
v -0.047338 -0.44 0.180597
v -0.05429 -0.444058 0.179381
v -0.054372 -0.435943 0.180022
v -0.0557495 -0.443156 0.245288
v -0.0625225 -0.447122 0.24468
v -0.0625822 -0.439257 0.245
v -0.0607246 -0.44821 0.317833
v -0.0672809 -0.452001 0.317905
v -0.0672848 -0.444428 0.318009
v -0.0526465 -0.445704 0.372796
v -0.0589474 -0.449322 0.373868
v -0.0589157 -0.44198 0.373675
v -0.0430078 -0.445528 0.406476
v -0.0490846 -0.44905 0.408054
v -0.0490102 -0.441852 0.407986
v -0.0339377 -0.445227 0.441063
v -0.0399969 -0.448686 0.44209
v -0.0399116 -0.441635 0.442131
v -0.0235868 -0.446384 0.516229
v -0.029404 -0.449706 0.51692
v -0.0293718 -0.442974 0.516738
v -0.0206829 -0.441726 0.577278
v -0.0263003 -0.444941 0.577434
v -0.0262791 -0.438477 0.577061
v -0.0244763 -0.440028 0.635945
v -0.0298015 -0.443162 0.635207
v -0.0297835 -0.436946 0.634917
v -0.0406296 -0.436143 0.705733
v -0.045608 -0.439148 0.704664
v -0.045498 -0.433275 0.703992
v -0.0600949 -0.425338 0.778188
v -0.0646779 -0.428211 0.776805
v -0.0644497 -0.422708 0.775889
v -0.07375 -0.421275 0.810874
v -0.0780132 -0.424126 0.809095
v -0.0778504 -0.418749 0.808369
v -0.0902886 -0.416656 0.842293
v -0.0941898 -0.419488 0.840153
v -0.0938798 -0.414305 0.839229
v -0.107698 -0.410687 0.865065
v -0.111232 -0.41354 0.862641
v -0.110718 -0.40855 0.861485
v -0.129122 -0.404225 0.88352
v -0.104861 -0.410511 0.859253
v -0.115686 -0.405581 0.853131
v -0.112451 -0.417717 0.860081
v -0.108603 -0.403152 0.861375
v -0.121291 -0.411122 0.856686
v -0.109281 -0.413518 0.867228
v -0.117251 -0.400374 0.861012
v -0.120999 -0.416511 0.864168
v -0.110318 -0.404859 0.87059
v -0.125527 -0.404648 0.862572
v -0.11698 -0.415615 0.872716
v -0.117478 -0.398605 0.870484
v -0.128306 -0.411563 0.868441
v -0.115198 -0.408232 0.878321
v -0.126788 -0.399474 0.870642
v -0.125727 -0.414105 0.876903
v -0.119475 -0.400391 0.879837
v -0.132281 -0.405236 0.874514
v -0.123163 -0.409711 0.883794
v -0.127522 -0.398369 0.88024
v -0.132096 -0.408728 0.881679
v -0.125975 -0.40332 0.886696
v -0.132529 -0.402079 0.884035
v -0.131404 -0.40343 0.886954
v -0.0899946 -0.402774 0.856309
v -0.0911912 -0.41043 0.869464
v -0.0920734 -0.421287 0.85912
v -0.0708627 -0.399002 0.856618
v -0.0811371 -0.411186 0.875492
v -0.075608 -0.428941 0.859842
v -0.0518988 -0.401688 0.866188
v -0.070434 -0.414169 0.876719
v -0.0569867 -0.431741 0.866661
v -0.0421081 -0.404516 0.882327
v -0.0604677 -0.416606 0.887309
v -0.0455012 -0.432122 0.882104
v -0.0386248 -0.418443 0.902843
v -0.123587 -0.406754 0.838804
v -0.126799 -0.393875 0.846801
v -0.111751 -0.392881 0.844558
v -0.130666 -0.400084 0.819444
v -0.133589 -0.384094 0.838535
v -0.109573 -0.382142 0.833246
v -0.139225 -0.378152 0.80981
v -0.12594 -0.385398 0.829801
v -0.10935 -0.373238 0.816181
v -0.145089 -0.358421 0.820686
v -0.131326 -0.373426 0.831118
v -0.117285 -0.356819 0.825308
v -0.133398 -0.344407 0.844136
v -0.10063 -0.427868 0.863351
v -0.116076 -0.432871 0.86831
v -0.117596 -0.431808 0.85171
v -0.0910719 -0.441674 0.864392
v -0.116836 -0.445346 0.87318
v -0.117612 -0.454758 0.847857
v -0.0857153 -0.458527 0.867941
v -0.112524 -0.457784 0.873879
v -0.110269 -0.479921 0.858539
v -0.08366 -0.470414 0.883453
v -0.108306 -0.466706 0.886101
v -0.106913 -0.490409 0.879442
v -0.0925875 -0.48823 0.906046
v -0.106156 -0.390709 0.854531
v -0.104776 -0.391081 0.869788
v -0.0956219 -0.402174 0.865263
v -0.0936574 -0.374058 0.851461
v -0.0989747 -0.381433 0.874528
v -0.0822364 -0.397629 0.867275
v -0.0784435 -0.359005 0.862875
v -0.089535 -0.376625 0.876337
v -0.0682683 -0.386904 0.870238
v -0.0693644 -0.350396 0.882088
v -0.079919 -0.369297 0.888658
v -0.058912 -0.376031 0.885688
v -0.0599059 -0.356337 0.904462
v -0.129527 -0.424514 0.848151
v -0.140127 -0.412634 0.853524
v -0.131161 -0.404753 0.842085
v -0.138713 -0.434502 0.837243
v -0.152393 -0.414819 0.850077
v -0.145253 -0.40321 0.827058
v -0.154332 -0.440046 0.824075
v -0.151586 -0.417251 0.83864
v -0.167613 -0.409728 0.818585
v -0.170157 -0.442978 0.835234
v -0.164371 -0.419726 0.841662
v -0.186245 -0.41726 0.831114
v -0.188429 -0.432799 0.853334
v -0.0947872 -0.412073 0.872108
v -0.104413 -0.41873 0.88173
v -0.104257 -0.42807 0.870113
v -0.080103 -0.414291 0.878744
v -0.0992602 -0.421835 0.892051
v -0.094935 -0.44063 0.877566
v -0.068477 -0.422419 0.893244
v -0.0913075 -0.428691 0.899599
v -0.0819987 -0.449424 0.891522
v -0.0620541 -0.426567 0.912929
v -0.0838222 -0.430857 0.915772
v -0.0750766 -0.450902 0.913307
v -0.0652071 -0.438303 0.936719
v -0.126132 -0.391746 0.850219
v -0.124561 -0.385593 0.86559
v -0.109047 -0.387217 0.860648
v -0.132126 -0.374448 0.839897
v -0.129718 -0.374569 0.866699
v -0.104594 -0.373365 0.858431
v -0.13406 -0.347266 0.84452
v -0.125678 -0.365566 0.862379
v -0.103039 -0.355572 0.852967
v -0.132736 -0.331549 0.862089
v -0.123753 -0.35271 0.870714
v -0.103854 -0.340078 0.865417
v -0.117635 -0.328216 0.887262
v -0.120043 -0.43257 0.866616
v -0.133534 -0.427109 0.870154
v -0.133296 -0.426141 0.855451
v -0.120466 -0.444714 0.869081
v -0.142023 -0.434664 0.873731
v -0.143991 -0.441347 0.850926
v -0.125644 -0.458585 0.871459
v -0.145787 -0.445515 0.874734
v -0.153222 -0.463539 0.861007
v -0.130182 -0.467535 0.886936
v -0.149621 -0.457065 0.888158
v -0.155281 -0.477327 0.882609
v -0.14278 -0.478589 0.90488
v -0.0999573 -0.390283 0.873025
v -0.105469 -0.397612 0.886692
v -0.0963181 -0.409071 0.879825
v -0.0885751 -0.378499 0.881022
v -0.10153 -0.393993 0.898379
v -0.0832604 -0.41003 0.888603
v -0.074463 -0.371364 0.898657
v -0.0900705 -0.390813 0.908001
v -0.0679242 -0.403406 0.901881
v -0.0665653 -0.369289 0.919973
v -0.083051 -0.386741 0.923724
v -0.062623 -0.398971 0.921559
v -0.0594005 -0.383889 0.946946
v -0.138184 -0.40872 0.855803
v -0.139337 -0.398229 0.866186
v -0.130624 -0.392094 0.856255
v -0.151817 -0.40842 0.849933
v -0.147212 -0.393665 0.868235
v -0.139058 -0.381756 0.849601
v -0.168889 -0.401342 0.848197
v -0.151491 -0.391011 0.861021
v -0.158761 -0.373601 0.846894
v -0.183305 -0.395648 0.862057
v -0.164407 -0.386616 0.868306
v -0.175988 -0.369688 0.86184
v -0.188105 -0.38056 0.882942
v -0.106504 -0.421033 0.881971
v -0.121834 -0.42166 0.887434
v -0.122399 -0.430422 0.87403
v -0.0989688 -0.429031 0.891163
v -0.124349 -0.428468 0.898225
v -0.123721 -0.446963 0.880067
v -0.0958809 -0.443424 0.903803
v -0.121919 -0.441346 0.907278
v -0.119244 -0.464982 0.896963
v -0.0963472 -0.45157 0.922236
v -0.120371 -0.45156 0.923209
v -0.115212 -0.474172 0.918553
v -0.106606 -0.468777 0.943206
v -0.121252 -0.382269 0.867298
v -0.120828 -0.386218 0.881381
v -0.107291 -0.388378 0.876983
v -0.121328 -0.361814 0.871421
v -0.121635 -0.376627 0.889888
v -0.0992967 -0.376894 0.883287
v -0.117852 -0.345869 0.887509
v -0.117134 -0.367523 0.897056
v -0.0947452 -0.363061 0.89242
v -0.115879 -0.336845 0.908453
v -0.116544 -0.358047 0.912541
v -0.095703 -0.353994 0.911532
v -0.106142 -0.342459 0.929689
v -0.136319 -0.42592 0.87
v -0.143462 -0.413395 0.877193
v -0.144479 -0.40975 0.861797
v -0.148551 -0.438302 0.870663
v -0.154647 -0.415773 0.882281
v -0.165628 -0.413561 0.859204
v -0.164368 -0.446413 0.875436
v -0.165509 -0.421372 0.8826
v -0.18679 -0.424378 0.868598
v -0.176449 -0.451293 0.891072
v -0.17616 -0.427773 0.894624
v -0.198182 -0.431831 0.887813
v -0.193929 -0.448101 0.913222
v -0.106257 -0.401136 0.887041
v -0.11751 -0.407403 0.893613
v -0.110811 -0.418382 0.88753
v -0.0957057 -0.397259 0.900065
v -0.115318 -0.406993 0.908313
v -0.102992 -0.425164 0.9014
v -0.0887256 -0.39781 0.918534
v -0.108815 -0.40913 0.922496
v -0.0937971 -0.426228 0.919025
v -0.0856802 -0.397877 0.939907
v -0.102977 -0.410236 0.941855
v -0.0873 -0.424161 0.940626
v -0.0832396 -0.411297 0.961666
v -0.140684 -0.396143 0.865679
v -0.137115 -0.39306 0.880906
v -0.126135 -0.38512 0.873009
v -0.156977 -0.384168 0.862819
v -0.14581 -0.386043 0.885992
v -0.131059 -0.369345 0.873843
v -0.171015 -0.36786 0.872183
v -0.150581 -0.3757 0.885828
v -0.143095 -0.353252 0.876662
v -0.178011 -0.356642 0.891568
v -0.158049 -0.367626 0.897459
v -0.15117 -0.345804 0.893907
v -0.169767 -0.346457 0.914095
v -0.123756 -0.424693 0.887631
v -0.135518 -0.416916 0.889933
v -0.138718 -0.424162 0.878321
v -0.123736 -0.434846 0.897343
v -0.141667 -0.420736 0.901058
v -0.150146 -0.436147 0.886638
v -0.129848 -0.444119 0.91008
v -0.147751 -0.429541 0.911251
v -0.157233 -0.44873 0.903557
v -0.133063 -0.450878 0.928531
v -0.149565 -0.437793 0.929703
v -0.158448 -0.456283 0.926556
v -0.148118 -0.457099 0.95042
v -0.119452 -0.3842 0.884721
v -0.125666 -0.394279 0.895133
v -0.111148 -0.39948 0.893447
v -0.116002 -0.368391 0.895794
v -0.128284 -0.386697 0.908636
v -0.104859 -0.395584 0.907087
v -0.110788 -0.358397 0.917631
v -0.12226 -0.380198 0.924264
v -0.0981333 -0.386843 0.922299
v -0.108083 -0.355492 0.940498
v -0.11678 -0.37691 0.943238
v -0.094208 -0.380599 0.942012
v -0.100587 -0.365392 0.965418
v -0.143635 -0.412592 0.876277
v -0.141131 -0.402342 0.885652
v -0.142216 -0.395432 0.873655
v -0.15801 -0.416555 0.87779
v -0.148915 -0.401644 0.892504
v -0.156173 -0.388505 0.875783
v -0.173855 -0.414677 0.886689
v -0.1587 -0.399493 0.894522
v -0.174215 -0.386571 0.884662
v -0.182726 -0.413629 0.901124
v -0.166534 -0.401138 0.905127
v -0.18178 -0.387934 0.901444
v -0.185738 -0.399253 0.921457
v -0.117044 -0.406416 0.896031
v -0.132624 -0.40689 0.896499
v -0.128882 -0.420826 0.891282
v -0.11406 -0.406386 0.911392
v -0.139208 -0.408448 0.911199
v -0.131649 -0.431328 0.905222
v -0.114012 -0.410967 0.930521
v -0.138886 -0.415206 0.930663
v -0.129337 -0.437902 0.927487
v -0.113263 -0.415759 0.951519
v -0.135953 -0.419647 0.951891
v -0.127215 -0.440462 0.950008
v -0.118173 -0.430389 0.971943
v -0.14222 -0.386072 0.882421
v -0.137776 -0.394787 0.896417
v -0.123913 -0.385989 0.892854
v -0.154096 -0.372696 0.891315
v -0.143369 -0.390807 0.909211
v -0.122254 -0.374728 0.903329
v -0.161615 -0.359329 0.912015
v -0.146069 -0.380156 0.921391
v -0.128001 -0.360194 0.917647
v -0.164788 -0.353788 0.933361
v -0.148101 -0.372068 0.938143
v -0.133889 -0.351818 0.936372
v -0.154792 -0.347576 0.960968
v -0.135772 -0.417862 0.893352
v -0.139791 -0.403151 0.895655
v -0.148318 -0.407222 0.883782
v -0.141443 -0.424575 0.9038
v -0.147658 -0.400556 0.906471
v -0.164423 -0.408901 0.890594
v -0.153573 -0.428573 0.916315
v -0.159981 -0.404475 0.917265
v -0.180135 -0.415233 0.908271
v -0.162592 -0.431143 0.934598
v -0.165821 -0.408608 0.935001
v -0.186404 -0.416612 0.931245
v -0.178767 -0.424819 0.955697
v -0.12764 -0.390176 0.896525
v -0.140485 -0.401079 0.89788
v -0.127179 -0.410522 0.901096
v -0.130047 -0.380975 0.911683
v -0.1503 -0.399333 0.91257
v -0.12829 -0.414365 0.916267
v -0.133547 -0.378831 0.936219
v -0.152059 -0.398961 0.936391
v -0.128674 -0.41218 0.937966
v -0.133115 -0.37776 0.957958
v -0.150143 -0.395972 0.959014
v -0.128868 -0.408211 0.959664
v -0.131635 -0.39005 0.982579
v -0.148038 -0.40462 0.891955
v -0.136427 -0.402279 0.90156
v -0.137608 -0.389149 0.894396
v -0.163084 -0.404104 0.90424
v -0.141518 -0.401215 0.915874
v -0.146216 -0.378954 0.907403
v -0.172957 -0.399309 0.922734
v -0.14932 -0.395326 0.928583
v -0.157512 -0.373077 0.923364
v -0.177105 -0.395259 0.944279
v -0.155285 -0.390203 0.946558
v -0.164789 -0.370358 0.943998
v -0.172295 -0.380662 0.968944
v -0.130343 -0.397859 0.903476
v -0.140862 -0.387608 0.895467
v -0.148424 -0.402197 0.894506
v -0.132642 -0.393405 0.921045
v -0.151562 -0.376108 0.912351
v -0.163928 -0.399666 0.911157
v -0.139654 -0.389078 0.940072
v -0.161263 -0.373394 0.935619
v -0.171544 -0.397963 0.935616
v -0.142854 -0.38866 0.960181
v -0.161159 -0.372184 0.958305
v -0.172927 -0.393439 0.958867
v -0.157757 -0.391637 0.985499
v 0.00519926 3.18353e-019 -0.0399125
v -0.00258513 -0.00442017 -0.0409051
v -0.00261413 0.00442017 -0.0391824
v 0.00522079 -0.00504595 0.0320145
v -0.00235486 -0.0093342 0.0310511
v -0.00237126 -0.000737654 0.0327264
v 0.00259186 -0.0270476 0.100945
v -0.0046169 -0.0304948 0.0980377
v -0.0048833 -0.0234128 0.102736
v -0.00515488 -0.0836551 0.145668
v -0.011493 -0.0852228 0.140634
v -0.0128118 -0.0815805 0.147912
v -0.0143605 -0.153262 0.162895
v -0.020244 -0.153431 0.157497
v -0.0219257 -0.152147 0.165197
v -0.0267515 -0.276488 0.175701
v -0.0286316 -0.276787 0.168391
v -0.033998 -0.275944 0.17364
v -0.0414691 -0.400151 0.182008
v -0.0387136 -0.400436 0.175412
v -0.0457734 -0.399711 0.176311
v -0.0534255 -0.488338 0.17627
v -0.0475849 -0.488824 0.172631
v -0.0536044 -0.48791 0.169387
v -0.0647592 -0.576341 0.171004
v -0.0594064 -0.577052 0.167084
v -0.0653559 -0.57568 0.164391
v -0.0839996 -0.648676 0.162987
v -0.0790005 -0.649681 0.158955
v -0.0846993 -0.647607 0.156614
v -0.108258 -0.718969 0.151959
v -0.103742 -0.720367 0.147732
v -0.109128 -0.717615 0.145824
v -0.176249 -0.854159 0.130963
v -0.173737 -0.855284 0.125583
v -0.179044 -0.852409 0.125898
v -0.207041 -0.905174 0.142728
v -0.206674 -0.907024 0.137108
v -0.211233 -0.903647 0.138825
v -0.238624 -0.954917 0.159675
v -0.239157 -0.956972 0.154266
v -0.243194 -0.953393 0.156425
v -0.248472 -0.970959 0.170817
v -0.250856 -0.973052 0.166
v -0.253556 -0.96893 0.168998
v -0.258992 -0.986524 0.183066
v -0.26149 -0.988621 0.178362
v -0.26405 -0.984465 0.181352
v -0.269479 -1.00188 0.195643
v -0.272028 -1.00397 0.191016
v -0.274503 -0.999811 0.193992
v -0.27997 -1.01718 0.208347
v -0.282508 -1.01923 0.203753
v -0.284953 -1.01511 0.206722
v -0.290523 -1.03259 0.220923
v -0.292967 -1.03456 0.216302
v -0.295456 -1.03054 0.219277
v -0.303597 -1.04837 0.23078
v -0.238329 -0.95656 0.158307
v -0.242801 -0.956514 0.156665
v -0.24054 -0.952411 0.157533
v -0.254382 -0.95623 0.207801
v -0.258931 -0.95621 0.206817
v -0.256644 -0.952189 0.207333
v -0.26742 -0.957214 0.258073
v -0.271892 -0.957198 0.257276
v -0.269632 -0.953272 0.25762
v -0.275772 -0.954394 0.308872
v -0.280178 -0.954373 0.30829
v -0.277948 -0.950535 0.308519
v -0.281456 -0.955371 0.359924
v -0.285755 -0.955351 0.359151
v -0.283598 -0.951579 0.359595
v -0.292619 -0.95574 0.409892
v -0.29679 -0.955733 0.408808
v -0.294674 -0.952005 0.409257
v -0.303863 -0.952999 0.459441
v -0.307846 -0.953014 0.457926
v -0.305842 -0.949317 0.458613
v -0.322174 -0.954061 0.507226
v -0.325179 -0.954218 0.504276
v -0.323758 -0.950493 0.50564
v -0.344723 -0.952023 0.525729
v -0.177949 -0.854042 0.129908
v -0.177151 -0.851791 0.125565
v -0.173418 -0.854063 0.127902
v -0.165941 -0.81023 0.15698
v -0.164973 -0.806463 0.154083
v -0.161389 -0.809389 0.155536
v -0.158379 -0.777597 0.198262
v -0.157352 -0.773508 0.196089
v -0.153892 -0.77659 0.197102
v -0.149537 -0.755492 0.245563
v -0.148482 -0.751323 0.243809
v -0.145119 -0.754424 0.244611
v -0.145682 -0.736909 0.294942
v -0.144673 -0.732922 0.292959
v -0.14134 -0.735869 0.293986
v -0.139706 -0.712723 0.341494
v -0.138812 -0.709065 0.339022
v -0.135489 -0.71189 0.340146
v -0.130019 -0.686832 0.38621
v -0.129352 -0.683779 0.383034
v -0.125946 -0.686248 0.3845
v -0.121658 -0.649956 0.42312
v -0.12167 -0.648703 0.418891
v -0.117958 -0.650213 0.420734
v -0.10735 -0.600689 0.435572
v -0.108364 -0.601763 0.431466
v -0.104329 -0.602466 0.432972
v -0.103023 -0.590058 0.429955
v -0.105861 -0.719842 0.15132
v -0.10939 -0.720291 0.147527
v -0.106916 -0.715775 0.148255
v -0.143588 -0.702899 0.187102
v -0.148114 -0.702971 0.184757
v -0.145531 -0.698596 0.18518
v -0.170606 -0.693565 0.234048
v -0.175305 -0.693533 0.232358
v -0.172716 -0.689271 0.232617
v -0.188062 -0.683393 0.284898
v -0.192796 -0.6833 0.28365
v -0.190217 -0.679141 0.283782
v -0.200756 -0.678539 0.337787
v -0.205374 -0.678462 0.336429
v -0.202885 -0.674352 0.336732
v -0.218131 -0.672728 0.389084
v -0.222574 -0.672708 0.387407
v -0.220103 -0.668658 0.387632
v -0.235283 -0.662551 0.439392
v -0.239501 -0.662617 0.437324
v -0.237084 -0.658598 0.437603
v -0.259104 -0.653837 0.487435
v -0.262441 -0.654278 0.484223
v -0.260273 -0.650199 0.484781
v -0.297747 -0.637627 0.522346
v -0.29923 -0.638979 0.518196
v -0.297251 -0.634846 0.518702
v -0.341808 -0.616026 0.530769
v -0.0608346 -0.573602 0.167731
v -0.0621506 -0.578791 0.168862
v -0.0660668 -0.575195 0.167568
v -0.0669918 -0.557769 0.222621
v -0.0682313 -0.562953 0.223253
v -0.0721262 -0.55933 0.222532
v -0.0700625 -0.552498 0.279324
v -0.0712498 -0.557613 0.27965
v -0.0750866 -0.554048 0.279148
v -0.0754077 -0.546924 0.33522
v -0.0765793 -0.551933 0.335626
v -0.0803418 -0.548434 0.335141
v -0.0756537 -0.541165 0.391012
v -0.0768025 -0.5461 0.39131
v -0.0805083 -0.542645 0.391012
v -0.0776742 -0.539736 0.446716
v -0.0788057 -0.544605 0.447013
v -0.0824545 -0.541212 0.446508
v -0.0824601 -0.533516 0.501305
v -0.0835981 -0.538296 0.501931
v -0.0871953 -0.534966 0.501216
v -0.0836801 -0.526081 0.555684
v -0.0848127 -0.530794 0.556447
v -0.0883635 -0.527536 0.555524
v -0.0903648 -0.517735 0.609031
v -0.0916009 -0.522176 0.610581
v -0.0949344 -0.519312 0.6085
v -0.102837 -0.495489 0.656083
v -0.104481 -0.498618 0.659355
v -0.107228 -0.497405 0.655589
v -0.109799 -0.487039 0.664612
v -0.0445227 -0.397934 0.176598
v -0.0390629 -0.398395 0.178693
v -0.0430902 -0.402424 0.180091
v -0.0622985 -0.36651 0.223836
v -0.0567645 -0.367452 0.225076
v -0.060637 -0.371627 0.225861
v -0.0689138 -0.347452 0.27886
v -0.0634342 -0.348512 0.279596
v -0.0671965 -0.35267 0.280087
v -0.0754857 -0.338059 0.33549
v -0.0701179 -0.339091 0.336248
v -0.0737883 -0.343201 0.336554
v -0.082285 -0.326246 0.391146
v -0.0769998 -0.327275 0.391814
v -0.0806282 -0.331276 0.392325
v -0.084822 -0.315673 0.446954
v -0.0796163 -0.316667 0.44771
v -0.0831931 -0.320623 0.448178
v -0.0925488 -0.305263 0.501489
v -0.0874886 -0.306108 0.502802
v -0.0910655 -0.309962 0.50343
v -0.102311 -0.285185 0.552218
v -0.0974594 -0.28576 0.554125
v -0.101186 -0.289243 0.555344
v -0.114257 -0.257155 0.597135
v -0.110219 -0.256597 0.600356
v -0.114338 -0.259406 0.601817
v -0.134121 -0.220195 0.616748
v -0.0195963 -0.155594 0.164325
v -0.0217702 -0.149997 0.16171
v -0.0154594 -0.151648 0.161131
v -0.00606127 -0.129193 0.21501
v -0.00797208 -0.123302 0.213464
v -0.00178546 -0.124841 0.213131
v -0.000310104 -0.110156 0.270452
v -0.00214117 -0.104342 0.26921
v 0.00389173 -0.10583 0.268928
v 0.00824377 -0.0962589 0.326673
v 0.00648164 -0.090526 0.325679
v 0.0123642 -0.0920094 0.325287
v 0.0134042 -0.0859941 0.383962
v 0.0116349 -0.0804536 0.382593
v 0.017433 -0.0818796 0.382368
v 0.0191535 -0.0678267 0.439221
v 0.017286 -0.0626478 0.437113
v 0.0229545 -0.0641761 0.436579
v 0.0328894 -0.0436872 0.490812
v 0.0306865 -0.039472 0.487448
v 0.0361347 -0.041342 0.486581
v 0.0509191 -0.00242066 0.529305
v 0.047622 -0.00129302 0.524729
v 0.0528273 -0.00363362 0.524016
v 0.0509067 -0.00142856 0.525897
v -0.318428 -0.898396 0.543685
v -0.333498 -0.953342 0.521392
v -0.348568 -1.00829 0.4991
v -0.313459 -0.90445 0.557272
v -0.329595 -0.958932 0.53253
v -0.34573 -1.01341 0.507787
v -0.307904 -0.913893 0.573272
v -0.324263 -0.966396 0.545536
v -0.340622 -1.0189 0.517799
v -0.301756 -0.928038 0.592842
v -0.316814 -0.976221 0.558573
v -0.331872 -1.0244 0.524305
v -0.294381 -0.941347 0.607955
v -0.30865 -0.985923 0.568558
v -0.322919 -1.0305 0.529162
v -0.293364 -0.956853 0.627361
v -0.300813 -0.997781 0.58005
v -0.308262 -1.03871 0.532739
v -0.287734 -0.982139 0.63925
v -0.288765 -1.00926 0.588488
v -0.289795 -1.03639 0.537727
v -0.278534 -1.02585 0.598215
v -0.363233 -0.974379 0.468486
v -0.334638 -0.951211 0.519734
v -0.306043 -0.928044 0.570983
v -0.366749 -0.968048 0.466808
v -0.339659 -0.940219 0.517566
v -0.312568 -0.912389 0.568324
v -0.370958 -0.958667 0.464847
v -0.345563 -0.926032 0.513059
v -0.320167 -0.893398 0.561271
v -0.379913 -0.947767 0.463759
v -0.352542 -0.910295 0.506254
v -0.325172 -0.872823 0.548749
v -0.374391 -0.940894 0.454241
v -0.360467 -0.896087 0.496418
v -0.346544 -0.85128 0.538595
v -0.388671 -0.924776 0.443401
v -0.365509 -0.879058 0.48333
v -0.342346 -0.833339 0.523259
v -0.38957 -0.903706 0.433113
v -0.370091 -0.863113 0.471802
v -0.350613 -0.82252 0.510491
v -0.374238 -0.847385 0.459767
v -0.306308 -0.978139 0.576648
v -0.334994 -0.953904 0.519997
v -0.36368 -0.929668 0.463346
v -0.316498 -0.991634 0.576878
v -0.342517 -0.963182 0.519838
v -0.368537 -0.934729 0.462799
v -0.332089 -1.01012 0.573479
v -0.353429 -0.975879 0.518218
v -0.374769 -0.941639 0.462956
v -0.351774 -1.02813 0.568881
v -0.365185 -0.99131 0.513573
v -0.378596 -0.954494 0.458265
v -0.365023 -1.04711 0.559033
v -0.377139 -1.00387 0.508015
v -0.389255 -0.960637 0.456997
v -0.387798 -1.06605 0.550075
v -0.389787 -1.01939 0.497948
v -0.391776 -0.972729 0.445822
v -0.416046 -1.07412 0.533345
v -0.40009 -1.03521 0.485175
v -0.384133 -0.996292 0.437004
v -0.406286 -1.05482 0.472381
v -0.0399842 -0.607273 0.458903
v -0.106272 -0.599872 0.436256
v -0.172559 -0.59247 0.413609
v -0.0428539 -0.597328 0.473241
v -0.109441 -0.591436 0.44829
v -0.176028 -0.585544 0.423338
v -0.0479192 -0.583009 0.488678
v -0.113667 -0.580345 0.46225
v -0.179416 -0.577682 0.435822
v -0.0551734 -0.561946 0.50416
v -0.119798 -0.567447 0.477179
v -0.184422 -0.572947 0.450198
v -0.0617158 -0.54382 0.515808
v -0.126149 -0.555397 0.489818
v -0.190582 -0.566973 0.463828
v -0.0647384 -0.519638 0.517176
v -0.13276 -0.538532 0.50053
v -0.200781 -0.557426 0.483884
v -0.0788328 -0.496981 0.515882
v -0.139883 -0.52262 0.513086
v -0.200933 -0.548259 0.510291
v -0.148528 -0.499877 0.519142
v -0.138141 -0.615799 0.38281
v -0.104571 -0.600918 0.434118
v -0.0710008 -0.586038 0.485425
v -0.132104 -0.616724 0.378339
v -0.0941952 -0.602009 0.427645
v -0.0562862 -0.587294 0.476951
v -0.123082 -0.617593 0.372585
v -0.081265 -0.603888 0.418388
v -0.0394483 -0.590183 0.46419
v -0.112986 -0.613711 0.363797
v -0.0673358 -0.605323 0.40628
v -0.0216857 -0.596936 0.448763
v -0.106068 -0.624843 0.358462
v -0.0555485 -0.60631 0.391397
v -0.00502899 -0.587777 0.424332
v -0.0933017 -0.620397 0.338235
v -0.0409559 -0.609716 0.375205
v 0.0113899 -0.599035 0.412176
v -0.0733356 -0.623319 0.325254
v -0.0272206 -0.610637 0.360419
v 0.0188943 -0.597956 0.395585
v -0.0137238 -0.610657 0.345345
v -0.117654 -0.569031 0.493934
v -0.107024 -0.599814 0.434276
v -0.096394 -0.630596 0.374619
v -0.129215 -0.558516 0.487241
v -0.115123 -0.592682 0.429153
v -0.101032 -0.626848 0.371065
v -0.144458 -0.544867 0.474277
v -0.125725 -0.582863 0.420546
v -0.106992 -0.620859 0.366815
v -0.156464 -0.528572 0.457537
v -0.138462 -0.572534 0.409189
v -0.120461 -0.616496 0.36084
v -0.171394 -0.517666 0.441715
v -0.147458 -0.562693 0.396785
v -0.123522 -0.60772 0.351856
v -0.180144 -0.499194 0.420601
v -0.159107 -0.552582 0.380534
v -0.13807 -0.60597 0.340467
v -0.177237 -0.486649 0.391762
v -0.171499 -0.543756 0.36356
v -0.165761 -0.600862 0.335358
v -0.187634 -0.533674 0.348573
v -0.307934 -0.558394 0.54261
v -0.332131 -0.620369 0.536605
v -0.356328 -0.682345 0.5306
v -0.314606 -0.556142 0.555839
v -0.338757 -0.618998 0.549155
v -0.362908 -0.681855 0.54247
v -0.324913 -0.554208 0.570703
v -0.347535 -0.617187 0.564042
v -0.370156 -0.680165 0.557381
v -0.341174 -0.551641 0.586829
v -0.357933 -0.615815 0.580592
v -0.374692 -0.679989 0.574355
v -0.355069 -0.549267 0.5994
v -0.367734 -0.614718 0.595196
v -0.380398 -0.68017 0.590991
v -0.374569 -0.544068 0.602886
v -0.381995 -0.612185 0.608925
v -0.389422 -0.680303 0.614964
v -0.396811 -0.548536 0.607657
v -0.394848 -0.609078 0.624427
v -0.392884 -0.66962 0.641198
v -0.415343 -0.605482 0.635933
v -0.332124 -0.664923 0.490336
v -0.331026 -0.619441 0.534051
v -0.329927 -0.573958 0.577766
v -0.330247 -0.659845 0.484003
v -0.328307 -0.611178 0.525386
v -0.326368 -0.562511 0.566769
v -0.327718 -0.652015 0.475663
v -0.324435 -0.60113 0.513534
v -0.321152 -0.550244 0.551405
v -0.32974 -0.642226 0.464471
v -0.320899 -0.590324 0.498926
v -0.312057 -0.538422 0.533381
v -0.317764 -0.639187 0.456404
v -0.31844 -0.581617 0.482205
v -0.319116 -0.524048 0.508007
v -0.320336 -0.627974 0.433771
v -0.312794 -0.570853 0.463794
v -0.305253 -0.513733 0.493817
v -0.313076 -0.610943 0.417403
v -0.309404 -0.559762 0.447253
v -0.305731 -0.50858 0.477103
v -0.30677 -0.548478 0.430665
v -0.355485 -0.612323 0.598227
v -0.332611 -0.621522 0.534889
v -0.309738 -0.63072 0.47155
v -0.369068 -0.622896 0.59557
v -0.341726 -0.628918 0.532671
v -0.314385 -0.63494 0.469772
v -0.387573 -0.637692 0.587707
v -0.354447 -0.638808 0.527848
v -0.321321 -0.639923 0.46799
v -0.408643 -0.649418 0.575237
v -0.368487 -0.651017 0.520655
v -0.328331 -0.652616 0.466072
v -0.424882 -0.664552 0.563331
v -0.381437 -0.659744 0.511288
v -0.337992 -0.654937 0.459245
v -0.447763 -0.67272 0.545117
v -0.395632 -0.671384 0.49844
v -0.3435 -0.670047 0.451763
v -0.462682 -0.671724 0.516685
v -0.408732 -0.683847 0.484561
v -0.354783 -0.69597 0.452437
v -0.423603 -0.699051 0.472973
v -0.137807 -0.484785 0.606761
v -0.103854 -0.495876 0.658856
v -0.0699014 -0.506966 0.710951
v -0.132603 -0.479229 0.603832
v -0.0944931 -0.487152 0.654612
v -0.0563835 -0.495075 0.705392
v -0.125865 -0.471773 0.600799
v -0.083458 -0.477002 0.647889
v -0.0410509 -0.482232 0.694981
v -0.11721 -0.459752 0.596342
v -0.0709491 -0.467117 0.638455
v -0.024688 -0.474482 0.680568
v -0.110257 -0.450201 0.590664
v -0.0602508 -0.459689 0.628062
v -0.0102448 -0.469178 0.66546
v -0.106397 -0.433819 0.587531
v -0.0500233 -0.449439 0.615961
v 0.00635083 -0.465058 0.644392
v -0.0916601 -0.418213 0.582753
v -0.0407583 -0.443468 0.60016
v 0.0101434 -0.468724 0.617567
v -0.0305862 -0.432003 0.583712
v -0.113287 -0.528896 0.713138
v -0.106569 -0.496932 0.659156
v -0.0998519 -0.464968 0.605174
v -0.130626 -0.529571 0.711292
v -0.118745 -0.497041 0.657576
v -0.106863 -0.464511 0.60386
v -0.152568 -0.53 0.705167
v -0.134265 -0.497624 0.653677
v -0.115962 -0.465248 0.602188
v -0.177386 -0.525655 0.697439
v -0.151638 -0.497716 0.647284
v -0.12589 -0.469776 0.597129
v -0.193431 -0.535548 0.684693
v -0.169246 -0.498011 0.640123
v -0.145061 -0.460474 0.595553
v -0.22492 -0.531838 0.667526
v -0.186403 -0.499568 0.626342
v -0.147886 -0.467298 0.585159
v -0.24133 -0.529793 0.639158
v -0.199555 -0.498342 0.611057
v -0.15778 -0.466891 0.582955
v -0.210465 -0.496006 0.594177
v -0.057272 -0.457566 0.631109
v -0.104478 -0.496412 0.66081
v -0.151685 -0.535257 0.690511
v -0.0538966 -0.45424 0.638941
v -0.100814 -0.492658 0.671543
v -0.147732 -0.531076 0.704144
v -0.0499075 -0.450088 0.651115
v -0.0956543 -0.486732 0.686414
v -0.141401 -0.523377 0.721713
v -0.048874 -0.441792 0.662773
v -0.0878504 -0.479608 0.703333
v -0.126827 -0.517424 0.743893
v -0.0414509 -0.438217 0.673583
v -0.0813639 -0.470809 0.717897
v -0.121277 -0.5034 0.762212
v -0.0395575 -0.424854 0.683301
v -0.0712454 -0.460114 0.734787
v -0.102933 -0.495374 0.786273
v -0.0480464 -0.410095 0.699745
v -0.0580508 -0.44888 0.749595
v -0.0680553 -0.487665 0.799446
v -0.038747 -0.436843 0.757906
v -0.181701 -0.254323 0.632915
v -0.129016 -0.231125 0.617768
v -0.0763301 -0.207926 0.602621
v -0.185054 -0.257417 0.619477
v -0.131418 -0.233646 0.60555
v -0.0777821 -0.209875 0.591624
v -0.188033 -0.259464 0.602852
v -0.134043 -0.236548 0.590568
v -0.0800528 -0.213632 0.578284
v -0.191346 -0.259276 0.58218
v -0.135803 -0.240171 0.57358
v -0.0802601 -0.221065 0.56498
v -0.193917 -0.259353 0.565182
v -0.136858 -0.243843 0.558349
v -0.0797988 -0.228332 0.551516
v -0.199741 -0.251072 0.548221
v -0.13918 -0.245239 0.540773
v -0.0786195 -0.239405 0.533325
v -0.196569 -0.243465 0.527075
v -0.141109 -0.250385 0.523468
v -0.0856486 -0.257305 0.519861
v -0.143377 -0.250123 0.502403
v -0.0825886 -0.199481 0.648897
v -0.129707 -0.230384 0.620511
v -0.176825 -0.261286 0.592125
v -0.0914882 -0.194998 0.660454
v -0.137296 -0.22717 0.629611
v -0.183105 -0.259342 0.598768
v -0.105592 -0.189577 0.674389
v -0.147868 -0.223185 0.640959
v -0.190145 -0.256793 0.607529
v -0.124365 -0.178963 0.685268
v -0.161396 -0.217769 0.652376
v -0.198427 -0.256576 0.619484
v -0.137739 -0.17914 0.702375
v -0.175553 -0.210334 0.662658
v -0.213367 -0.241528 0.622941
v -0.167586 -0.16175 0.713326
v -0.194401 -0.204758 0.672677
v -0.221216 -0.247766 0.632029
v -0.20185 -0.158942 0.717576
v -0.213686 -0.200014 0.676381
v -0.225521 -0.241085 0.635186
v -0.233495 -0.195939 0.675775
v -0.142633 -0.252152 0.556288
v -0.127935 -0.229547 0.618678
v -0.113238 -0.206941 0.681069
v -0.139574 -0.24717 0.553024
v -0.122181 -0.220211 0.613941
v -0.104788 -0.193252 0.674857
v -0.134313 -0.238726 0.548819
v -0.114683 -0.207236 0.606305
v -0.0950521 -0.175745 0.663791
v -0.133019 -0.227126 0.543283
v -0.105388 -0.193487 0.595237
v -0.0777571 -0.159847 0.647191
v -0.125562 -0.220193 0.535142
v -0.0992933 -0.180687 0.583807
v -0.0730242 -0.141182 0.632472
v -0.126918 -0.207122 0.523473
v -0.0908258 -0.167104 0.568128
v -0.0547339 -0.127085 0.612784
v -0.129538 -0.183213 0.516906
v -0.0819972 -0.156268 0.550122
v -0.0344564 -0.129323 0.583338
v -0.073881 -0.152059 0.527695
v 0.107204 -0.0423706 0.520224
v 0.0459797 -0.0121555 0.528584
v -0.0152448 0.0180596 0.536944
v 0.110687 -0.0409761 0.533417
v 0.0488818 -0.0102204 0.542844
v -0.0129238 0.0205352 0.552271
v 0.114345 -0.0374345 0.549062
v 0.0527847 -0.00772354 0.560127
v -0.00877576 0.0219874 0.571191
v 0.119801 -0.0298906 0.568186
v 0.0568159 -0.00530043 0.579745
v -0.00616922 0.0192897 0.591304
v 0.12489 -0.0240058 0.583642
v 0.060631 -0.00371166 0.597414
v -0.00362825 0.0165825 0.611185
v 0.13318 -0.0100417 0.59405
v 0.0668835 0.000941619 0.616428
v 0.000586643 0.0119249 0.638806
v 0.133379 0.00618856 0.610645
v 0.0740464 0.00186355 0.636126
v 0.0147138 -0.00246146 0.661607
v 0.0837438 0.00944624 0.657289
v -0.0011531 0.00678241 0.489268
v 0.0466325 -0.0123902 0.525735
v 0.0944181 -0.0315628 0.562201
v 0.0037242 0.00692815 0.481686
v 0.0540367 -0.0125614 0.515942
v 0.104349 -0.0320509 0.550199
v 0.0112118 0.00660921 0.471602
v 0.0629143 -0.01334 0.502638
v 0.114617 -0.0332893 0.533674
v 0.0211789 0.0108238 0.459779
v 0.0724686 -0.013653 0.486786
v 0.123758 -0.0381299 0.513792
v 0.0223219 0.0012311 0.448141
v 0.0800569 -0.0127743 0.469377
v 0.137792 -0.0267796 0.490612
v 0.0334264 0.00736281 0.425126
v 0.0891604 -0.015491 0.449466
v 0.144894 -0.0383448 0.473805
v 0.0487735 0.000998289 0.40611
v 0.0990468 -0.0171692 0.431928
v 0.14932 -0.0353367 0.457746
v 0.109271 -0.0186661 0.414532
v 0.0602099 -0.0116308 0.593427
v 0.0447929 -0.0110285 0.527234
v 0.0293759 -0.0104262 0.461041
v 0.0508273 0.00322561 0.596395
v 0.0383516 -0.00109437 0.528824
v 0.025876 -0.00541435 0.461254
v 0.0370041 0.0250427 0.596292
v 0.0295254 0.0132148 0.529316
v 0.0220468 0.00138698 0.46234
v 0.0255893 0.050706 0.591977
v 0.0181571 0.0295542 0.528011
v 0.010725 0.0084023 0.464045
v 0.0102724 0.0715717 0.586362
v 0.00977803 0.0451497 0.523747
v 0.00928366 0.0187277 0.461131
v 0.00141634 0.100438 0.575393
v -0.00177121 0.0628943 0.516414
v -0.00495877 0.0253509 0.457434
v 0.000570171 0.123697 0.551139
v -0.0144346 0.0795521 0.507373
v -0.0294395 0.0354067 0.463606
v -0.0298522 0.0969907 0.500682
v -0.107324 -0.734544 0.144472
v -0.114308 -0.738604 0.14347
v -0.114368 -0.730484 0.144057
v -0.112538 -0.737687 0.20559
v -0.119322 -0.741651 0.205083
v -0.119373 -0.733783 0.205379
v -0.115539 -0.740289 0.240054
v -0.122177 -0.744187 0.239412
v -0.12225 -0.736473 0.239802
v -0.118123 -0.741929 0.274515
v -0.124642 -0.745767 0.274121
v -0.124701 -0.738192 0.274126
v -0.120138 -0.740341 0.301354
v -0.126565 -0.744117 0.301081
v -0.126593 -0.736671 0.300649
v -0.122726 -0.73853 0.327893
v -0.129062 -0.742239 0.327801
v -0.129098 -0.734902 0.327521
v -0.12404 -0.73658 0.39458
v -0.130123 -0.740143 0.394484
v -0.130164 -0.733093 0.394374
v -0.126226 -0.736624 0.429925
v -0.132169 -0.740115 0.429739
v -0.132219 -0.733221 0.429745
v -0.126733 -0.736683 0.46495
v -0.132533 -0.740072 0.465439
v -0.132577 -0.733342 0.465169
v -0.120813 -0.732809 0.520428
v -0.12635 -0.736061 0.521308
v -0.1264 -0.729584 0.521053
v -0.114228 -0.733127 0.547121
v -0.11957 -0.736303 0.548443
v -0.119553 -0.729949 0.548508
v -0.106932 -0.733431 0.574172
v -0.112194 -0.736542 0.575349
v -0.11219 -0.730316 0.575359
v -0.0933064 -0.733297 0.640486
v -0.0982369 -0.736246 0.641887
v -0.0982774 -0.730336 0.641705
v -0.0725873 -0.729162 0.708323
v -0.0770684 -0.731935 0.710167
v -0.077122 -0.726356 0.709976
v -0.0604413 -0.729794 0.739293
v -0.0647634 -0.732494 0.741162
v -0.0646955 -0.727067 0.741277
v -0.0469995 -0.730715 0.769737
v -0.0510938 -0.733347 0.771769
v -0.051051 -0.728073 0.771839
v -0.04141 -0.73039 0.782227
v -0.0454439 -0.732995 0.784251
v -0.0455016 -0.727786 0.784133
v -0.035571 -0.730049 0.794442
v -0.0394968 -0.73262 0.79656
v -0.0395581 -0.727473 0.796435
v -0.0293996 -0.729684 0.806487
v -0.0332109 -0.73222 0.808702
v -0.0332766 -0.727136 0.80857
v -0.0253618 -0.729284 0.819836
v -0.0311028 -0.729986 0.785433
v -0.0419955 -0.724949 0.791398
v -0.0354821 -0.737792 0.790997
v -0.030941 -0.723299 0.790825
v -0.0428953 -0.731381 0.797202
v -0.0274675 -0.734517 0.79323
v -0.0361016 -0.721125 0.79807
v -0.0371038 -0.737841 0.800521
v -0.0246491 -0.726548 0.797357
v -0.0400417 -0.726204 0.805058
v -0.0277585 -0.737948 0.802394
v -0.0284326 -0.720925 0.804069
v -0.037453 -0.734089 0.809686
v -0.0216454 -0.7314 0.805377
v -0.0337523 -0.722547 0.811566
v -0.0293473 -0.737564 0.812171
v -0.0223486 -0.724385 0.810962
v -0.0341135 -0.729121 0.817343
v -0.0222003 -0.734006 0.814899
v -0.0263765 -0.7234 0.81798
v -0.0283714 -0.733096 0.820799
v -0.0217463 -0.7288 0.820158
v -0.024232 -0.729216 0.822829
v -0.0238789 -0.729195 0.823764
v -0.0241014 -0.72072 0.772924
v -0.0141403 -0.730517 0.77953
v -0.0243531 -0.739788 0.773131
v -0.0139263 -0.715148 0.757825
v -0.00291404 -0.731277 0.773442
v -0.0148328 -0.745992 0.757735
v 0.00262616 -0.71623 0.744995
v -0.00747123 -0.731733 0.761817
v 0.000912611 -0.747035 0.744472
v 0.0191629 -0.718716 0.753751
v 0.00383996 -0.733179 0.762504
v 0.0187886 -0.746854 0.752836
v 0.0292387 -0.732854 0.772218
v -0.0576908 -0.724885 0.789589
v -0.0519197 -0.713783 0.798731
v -0.0460772 -0.710382 0.785065
v -0.0741162 -0.720041 0.786839
v -0.0598236 -0.705966 0.801882
v -0.0576428 -0.694755 0.780016
v -0.0889599 -0.709005 0.790356
v -0.0673657 -0.70027 0.799633
v -0.0756063 -0.681437 0.785994
v -0.100367 -0.701266 0.805928
v -0.0784604 -0.69704 0.810995
v -0.0865335 -0.676656 0.805895
v -0.100401 -0.68269 0.829122
v -0.0267472 -0.748608 0.781435
v -0.0322169 -0.75413 0.796528
v -0.046332 -0.749659 0.788796
v -0.022706 -0.769077 0.772689
v -0.0310403 -0.765878 0.798666
v -0.0541156 -0.764676 0.784648
v -0.0246394 -0.793983 0.777303
v -0.0351619 -0.774717 0.793815
v -0.0570668 -0.785349 0.782086
v -0.0274512 -0.808124 0.795081
v -0.035982 -0.785783 0.802582
v -0.0566575 -0.798264 0.797597
v -0.0431301 -0.813021 0.820335
v -0.0342978 -0.710431 0.787332
v -0.0209022 -0.712454 0.794492
v -0.0196477 -0.721298 0.782346
v -0.0327633 -0.695807 0.779984
v -0.0144175 -0.703852 0.794594
v -0.00726109 -0.710894 0.772362
v -0.0250437 -0.680257 0.776476
v -0.0125318 -0.698525 0.787633
v 0.00365707 -0.6897 0.77166
v -0.0186387 -0.667059 0.789705
v -0.00755781 -0.685987 0.795251
v 0.00866119 -0.672618 0.787925
v -0.00403492 -0.661235 0.809151
v -0.0562011 -0.743952 0.797163
v -0.0558039 -0.733604 0.810397
v -0.0593891 -0.723473 0.797833
v -0.0738269 -0.752518 0.799111
v -0.0653202 -0.735462 0.818501
v -0.0769858 -0.719158 0.800789
v -0.0943733 -0.753599 0.810416
v -0.0778112 -0.734775 0.820934
v -0.0972431 -0.720177 0.809756
v -0.103588 -0.752258 0.829402
v -0.0886509 -0.732893 0.833565
v -0.10996 -0.722346 0.828043
v -0.112597 -0.737123 0.850729
v -0.0144582 -0.733064 0.784523
v -0.0133654 -0.741496 0.797063
v -0.023635 -0.748718 0.789027
v 0.000968389 -0.737033 0.776247
v -0.00419303 -0.745232 0.798766
v -0.0154761 -0.761053 0.784479
v 0.0193128 -0.750141 0.778896
v -0.000423645 -0.751206 0.793398
v -0.000988096 -0.772374 0.781849
v 0.031311 -0.75845 0.795608
v 0.0100139 -0.756791 0.802242
v 0.0122392 -0.778264 0.797963
v 0.0290344 -0.770369 0.819407
v -0.048924 -0.712622 0.800524
v -0.0353095 -0.708186 0.808984
v -0.0307178 -0.706403 0.793379
v -0.0598977 -0.700698 0.801696
v -0.0371886 -0.698809 0.816009
v -0.0310088 -0.686621 0.793332
v -0.0662391 -0.682673 0.807904
v -0.0411004 -0.687121 0.816412
v -0.0388647 -0.664636 0.802613
v -0.0690551 -0.67057 0.82413
v -0.045408 -0.675764 0.828219
v -0.044816 -0.652597 0.821395
v -0.0576342 -0.6552 0.84663
v -0.0363599 -0.755155 0.799251
v -0.040235 -0.749651 0.812632
v -0.0515181 -0.745711 0.80401
v -0.0384451 -0.771311 0.802222
v -0.0435227 -0.756422 0.820657
v -0.0630553 -0.755021 0.807052
v -0.046199 -0.786691 0.814329
v -0.0497909 -0.764807 0.824103
v -0.0713812 -0.770629 0.815825
v -0.0498743 -0.794483 0.833919
v -0.0554461 -0.773512 0.838175
v -0.0746552 -0.78308 0.834594
v -0.0635777 -0.795052 0.854286
v -0.0158708 -0.712038 0.793064
v -0.00864304 -0.721736 0.804226
v -0.00859953 -0.730872 0.790856
v -0.00468677 -0.700756 0.791106
v 0.000626839 -0.72002 0.808708
v 0.00860381 -0.730374 0.786
v 0.0133598 -0.692418 0.792776
v 0.00970481 -0.716189 0.804211
v 0.030816 -0.720026 0.789174
v 0.0268247 -0.687932 0.808692
v 0.019059 -0.710346 0.813958
v 0.0418166 -0.713874 0.807539
v 0.0437242 -0.698689 0.832996
v -0.0529603 -0.730176 0.810906
v -0.044417 -0.721527 0.819357
v -0.0471786 -0.713129 0.807779
v -0.064975 -0.730638 0.818288
v -0.0481569 -0.717425 0.829079
v -0.0573526 -0.702513 0.813311
v -0.0767348 -0.726092 0.831145
v -0.0575437 -0.712863 0.836676
v -0.0728306 -0.696912 0.828466
v -0.0846996 -0.723486 0.850112
v -0.0670385 -0.710955 0.853084
v -0.082675 -0.696593 0.849656
v -0.0881798 -0.70976 0.872166
v -0.0140921 -0.74472 0.798805
v -0.0194911 -0.745904 0.814124
v -0.0314432 -0.752278 0.805564
v -0.00185262 -0.757223 0.798936
v -0.0146767 -0.752658 0.821499
v -0.0317275 -0.766545 0.807765
v 0.00626946 -0.777587 0.809823
v -0.0126822 -0.764346 0.822468
v -0.0252972 -0.784814 0.812765
v 0.00861871 -0.787917 0.82938
v -0.0112814 -0.775486 0.834629
v -0.0196045 -0.797064 0.829655
v -0.00553904 -0.798779 0.852241
v -0.0322102 -0.705853 0.807905
v -0.0206796 -0.711174 0.815175
v -0.0157644 -0.709978 0.801696
v -0.0319237 -0.690106 0.812838
v -0.0151516 -0.703542 0.822775
v -0.00423704 -0.694182 0.804446
v -0.0262908 -0.676629 0.822561
v -0.0105713 -0.693608 0.827577
v 0.00245236 -0.677219 0.817358
v -0.022968 -0.667951 0.840724
v -0.0100881 -0.685127 0.843124
v 0.00363614 -0.669271 0.839658
v -0.00864752 -0.666135 0.859931
v -0.042384 -0.749397 0.815801
v -0.039147 -0.738197 0.826923
v -0.0513896 -0.731964 0.819012
v -0.052175 -0.762874 0.8279
v -0.0432737 -0.742183 0.841029
v -0.0653854 -0.733721 0.831157
v -0.0626953 -0.769632 0.846601
v -0.0531331 -0.746333 0.853342
v -0.0775457 -0.741105 0.847452
v -0.0699409 -0.772146 0.867472
v -0.060982 -0.750345 0.870689
v -0.0838237 -0.746282 0.867596
v -0.0815476 -0.764196 0.892139
v -0.00872872 -0.725081 0.804664
v -0.0116715 -0.732867 0.816488
v -0.0125477 -0.742458 0.806017
v 0.00832995 -0.722492 0.805866
v -0.0027901 -0.733899 0.823002
v 0.00228061 -0.750639 0.808035
v 0.0247318 -0.724843 0.81612
v 0.00689268 -0.736855 0.825334
v 0.0201902 -0.753354 0.816342
v 0.0340375 -0.726088 0.8351
v 0.0174766 -0.738964 0.83906
v 0.0331514 -0.752416 0.835247
v 0.0398074 -0.740007 0.855896
v -0.0451775 -0.720155 0.820311
v -0.0307514 -0.718836 0.826962
v -0.0302733 -0.708322 0.815335
v -0.0562721 -0.712368 0.83106
v -0.0322105 -0.712517 0.840347
v -0.0326667 -0.691649 0.825914
v -0.0627845 -0.702299 0.846636
v -0.0374821 -0.702376 0.851636
v -0.0417309 -0.67859 0.843881
v -0.0658729 -0.694935 0.866773
v -0.0425621 -0.697516 0.868716
v -0.0450741 -0.674695 0.865709
v -0.0583514 -0.682536 0.888426
v -0.0200883 -0.750165 0.816287
v -0.0247282 -0.742182 0.827189
v -0.0366124 -0.747369 0.821762
v -0.0136204 -0.764111 0.824773
v -0.0209915 -0.747042 0.838511
v -0.0402934 -0.75734 0.832288
v -0.0127051 -0.775493 0.843113
v -0.022332 -0.755483 0.84954
v -0.0403292 -0.768815 0.845581
v -0.0124194 -0.782882 0.863997
v -0.0217085 -0.764242 0.867341
v -0.0377799 -0.777267 0.865676
v -0.0256499 -0.783419 0.887853
v -0.0178186 -0.70985 0.81651
v -0.0142919 -0.722088 0.825805
v -0.00580919 -0.724773 0.813097
v -0.00943429 -0.696638 0.822893
v -0.00820953 -0.718345 0.836243
v 0.0106367 -0.720699 0.81983
v 0.00391065 -0.688097 0.835993
v 0.00260314 -0.71263 0.842872
v 0.0256967 -0.710656 0.833234
v 0.0120598 -0.685117 0.855375
v 0.011922 -0.70825 0.857973
v 0.0339058 -0.703672 0.853463
v 0.0261655 -0.691917 0.878397
v -0.0395527 -0.737461 0.826856
v -0.0296736 -0.728634 0.831726
v -0.0392596 -0.720049 0.826505
v -0.0474035 -0.742401 0.839233
v -0.0298068 -0.729385 0.845753
v -0.0452327 -0.714304 0.839468
v -0.0530675 -0.741906 0.857665
v -0.0356196 -0.727454 0.860546
v -0.0531077 -0.713726 0.857288
v -0.0564515 -0.741577 0.874599
v -0.0393329 -0.729782 0.876031
v -0.0544557 -0.715952 0.875388
v -0.0553326 -0.72775 0.895497
v -0.00830379 -0.732069 0.818317
v -0.0186293 -0.732763 0.829984
v -0.0209916 -0.74593 0.822469
v 0.00603628 -0.734533 0.827775
v -0.0148095 -0.734766 0.841991
v -0.0148456 -0.757312 0.831597
v 0.0173685 -0.741751 0.844897
v -0.00673663 -0.74228 0.852338
v -0.00226798 -0.765887 0.846085
v 0.0236663 -0.748078 0.865568
v 0.000913995 -0.748049 0.869093
v 0.00557337 -0.769982 0.865866
v 0.0191427 -0.762278 0.886382
v -0.0323034 -0.714369 0.832635
v -0.0189761 -0.724422 0.836225
v -0.0124005 -0.712946 0.825866
v -0.0344298 -0.706569 0.846814
v -0.0125737 -0.723047 0.850569
v -0.00201172 -0.701716 0.837441
v -0.0308746 -0.698585 0.865259
v -0.00804416 -0.714057 0.866906
v 0.00164577 -0.689438 0.860664
v -0.0287215 -0.695231 0.884914
v -0.00669976 -0.707452 0.886004
v 0.000154744 -0.683744 0.883524
v -0.0168625 -0.686682 0.911123
v -0.0210752 -0.743769 0.830348
v -0.0203802 -0.729319 0.835692
v -0.0353001 -0.731932 0.834788
v -0.0168072 -0.752323 0.844013
v -0.0165467 -0.728223 0.850476
v -0.0405094 -0.733178 0.848469
v -0.018238 -0.756962 0.866158
v -0.019908 -0.732248 0.869171
v -0.0433687 -0.739195 0.86714
v -0.0210777 -0.75915 0.88851
v -0.0203833 -0.736409 0.889403
v -0.0423446 -0.740791 0.888805
v -0.0326306 -0.750775 0.911816
v -0.015203 -0.717709 0.830052
v -0.0243053 -0.729772 0.837623
v -0.012506 -0.738388 0.829678
v -0.00734581 -0.711106 0.843383
v -0.0239117 -0.731131 0.851899
v -0.00288618 -0.744519 0.841762
v 0.00156197 -0.711888 0.864379
v -0.0151087 -0.733284 0.867883
v 0.00856943 -0.744844 0.862425
v 0.00738405 -0.712001 0.884407
v -0.00796407 -0.73151 0.886965
v 0.0140627 -0.742062 0.884452
v 0.0129582 -0.724783 0.908176
v -0.0232939 -0.736901 0.838207
v -0.0089536 -0.73533 0.833264
v -0.0136493 -0.721145 0.834626
v -0.0207176 -0.742066 0.855425
v 0.00323501 -0.739275 0.8502
v -0.00468017 -0.716402 0.852075
v -0.0156864 -0.742124 0.875278
v 0.00835823 -0.737075 0.873002
v -0.00184431 -0.715055 0.873626
v -0.0120767 -0.740578 0.896974
v 0.00948208 -0.73417 0.895959
v -0.00146909 -0.714915 0.896099
v -0.0041154 -0.726836 0.921312
v -0.00907801 -0.726149 0.834296
v -0.021523 -0.715615 0.838044
v -0.0281774 -0.730401 0.840879
v 0.0038428 -0.724323 0.851986
v -0.016572 -0.707207 0.856786
v -0.027884 -0.731113 0.859928
v 0.00945417 -0.722269 0.876304
v -0.0128742 -0.707178 0.878842
v -0.0222292 -0.732072 0.880286
v 0.012232 -0.722876 0.898526
v -0.00672286 -0.707077 0.899601
v -0.017555 -0.728776 0.90115
v 0.00102078 -0.727007 0.92553
# 1392 verticies
vt 1 0
vt 1 0.333333
vt 0.666667 0
vt 0 0
vt 0.333333 0.333333
vt 0 0.333333
vt 0.666667 0.333333
vt 0.333333 0
vt 1 0.666667
vt 0.333333 0.666667
vt 0 0.666667
vt 0.666667 0.666667
vt 1 1
vt 0.333333 1
vt 0 1
vt 0.666667 1
vt 1 1.33333
vt 0.333333 1.33333
vt 0 1.33333
vt 0.666667 1.33333
vt 1 1.66667
vt 0.333333 1.66667
vt 0 1.66667
vt 0.666667 1.66667
vt 1 2
vt 0.333333 2
vt 0 2
vt 0.666667 2
vt 1 2.33333
vt 0.333333 2.33333
vt 0 2.33333
vt 0.666667 2.33333
vt 1 2.66667
vt 0.333333 2.66667
vt 0 2.66667
vt 0.666667 2.66667
vt 1 3
vt 0.333333 3
vt 0 3
vt 0.666667 3
vt 1 3.33333
vt 0.333333 3.33333
vt 0 3.33333
vt 0.666667 3.33333
vt 1 3.66667
vt 0.333333 3.66667
vt 0 3.66667
vt 0.666667 3.66667
vt 1 4
vt 0.333333 4
vt 0 4
vt 0.666667 4
vt 1 4.33333
vt 0.333333 4.33333
vt 0 4.33333
vt 0.666667 4.33333
vt 0.5 4.66667
vt 0.5 0
vt 1 0.2
vt 0.5 0.2
vt 0 0.2
vt 1 0.4
vt 0.5 0.4
vt 0 0.4
vt 1 0.6
vt 0.5 0.6
vt 0 0.6
vt 1 0.8
vt 0.5 0.8
vt 0 0.8
vt 0.5 1
vt 1 4.66667
vt 0.333333 4.66667
vt 0 4.66667
vt 0.666667 4.66667
vt 1 5
vt 0.333333 5
vt 0 5
vt 0.666667 5
vt 1 5.33333
vt 0.333333 5.33333
vt 0 5.33333
vt 0.666667 5.33333
vt 1 5.66667
vt 0.333333 5.66667
vt 0 5.66667
vt 0.666667 5.66667
vt 1 6
vt 0.333333 6
vt 0 6
vt 0.666667 6
vt 0.5 6.33333
vt 1 6.33333
vt 0.333333 6.33333
vt 0 6.33333
vt 0.666667 6.33333
vt 1 6.66667
vt 0.333333 6.66667
vt 0 6.66667
vt 0.666667 6.66667
vt 1 7
vt 0.333333 7
vt 0 7
vt 0.666667 7
vt 0.5 7.33333
vt 0.5 7
vt 0.5 6.66667
vt 0.5 5.33333
vt 0.5 4.33333
vt 1 0.142857
vt 0.5 0.142857
vt 0 0.142857
vt 1 0.285714
vt 0.5 0.285714
vt 0 0.285714
vt 1 0.428571
vt 0.5 0.428571
vt 0 0.428571
vt 1 0.571429
vt 0.5 0.571429
vt 0 0.571429
vt 1 0.714286
vt 0.5 0.714286
vt 0 0.714286
vt 1 0.857143
vt 0.5 0.857143
vt 0 0.857143
# 127 texture verticies
vn 0.50095 -0.865172 0.0229257
vn 0.503951 -0.863705 0.00687781
vn 0.502303 -0.864387 0.0229449
vn 0.489919 0.865302 0.105977
vn 0.490141 0.865697 0.101642
vn 0.493065 0.86449 0.0976942
vn 0.503729 -0.863813 -0.00915409
vn -0.992145 -0.000151349 -0.125092
vn -0.994438 -0.00250013 -0.105291
vn -0.99212 -0.00128818 -0.125285
vn -0.996378 -0.00232572 -0.085003
vn 0.490332 0.865056 0.106077
vn 0.502412 -0.86417 -0.0281584
vn 0.496898 0.867445 0.0251248
vn 0.49866 0.865702 -0.0435643
vn 0.498006 -0.866641 -0.0303725
vn -0.999979 -0.0023749 0.0060237
vn -0.996987 0.00200833 0.0775467
vn 0.490681 -0.868835 -0.0660148
vn 0.493394 0.861061 -0.123032
vn 0.492068 0.8602 -0.133887
vn 0.481281 -0.871097 -0.0977664
vn -0.981512 0.00569581 0.191316
vn -0.97201 0.0107299 0.234695
vn 0.47457 -0.871149 -0.126028
vn 0.490797 0.859619 -0.142031
vn 0.491554 0.85963 -0.13932
vn 0.474728 -0.871715 -0.121438
vn -0.962573 0.0121245 0.270753
vn -0.964399 0.0117171 0.264191
vn 0.478793 -0.871618 -0.105069
vn 0.49763 0.8604 -0.109888
vn 0.501359 0.861248 -0.0830131
vn 0.482771 -0.870795 -0.092996
vn -0.975691 0.0112791 0.21886
vn -0.983701 0.00998192 0.179534
vn 0.490895 -0.870319 -0.0395866
vn 0.503512 0.861358 -0.0673717
vn 0.50199 0.861305 -0.0784792
vn 0.495328 -0.868705 0.00141554
vn -0.993844 0.00861935 0.110456
vn -0.996724 0.00696381 0.0805734
vn 0.497862 -0.865959 0.0474134
vn 0.501942 0.862998 -0.0573512
vn 0.502363 0.864298 -0.0249154
vn 0.498279 -0.865438 0.0522941
vn -0.999898 0.00405226 0.0136829
vn -0.999723 0.00202257 -0.0234349
vn 0.494502 -0.86435 0.0914684
vn 0.498356 0.866556 0.026857
vn 0.494163 0.868153 0.0459726
vn 0.490362 -0.862395 0.125777
vn -0.993422 -0.00256331 -0.11448
vn -0.985724 -0.00485535 -0.1683
vn 0.476828 -0.858131 0.190386
vn 0.495749 0.867262 0.0457067
vn 0.502935 0.863899 0.0270904
vn 0.468365 -0.85555 0.220609
vn -0.972596 -0.00850934 -0.232344
vn -0.969908 -0.00676254 -0.243379
vn 0.454296 -0.850829 0.264017
vn 0.499786 0.865404 0.0359134
vn 0.491419 0.868526 0.064573
vn 0.449202 -0.849261 0.27744
vn -0.954975 -0.0126731 -0.296416
vn -0.940952 -0.0167329 -0.338127
vn 0.435899 -0.845422 0.308632
vn 0.476034 0.873694 0.100252
vn 0.473245 0.874087 0.109597
vn 0.428167 -0.842652 0.326512
vn -0.913693 -0.0275677 -0.40547
vn -0.901559 -0.0288079 -0.431695
vn 0.392329 -0.834396 0.387119
vn 0.468266 0.875293 0.120784
vn 0.468015 0.874913 0.124453
vn 0.364717 -0.826189 0.429409
vn -0.862598 -0.0404654 -0.504268
vn -0.834039 -0.0471015 -0.549691
vn 0.307052 -0.808193 0.502536
vn 0.451545 0.880608 0.143652
vn 0.444251 0.88284 0.152429
vn 0.292883 -0.803391 0.518441
vn -0.792954 -0.0597461 -0.606345
vn -0.787874 -0.0607228 -0.612835
vn 0.248537 -0.787334 0.564211
vn -0.772202 -0.0667444 -0.631862
vn 0.420573 0.8899 0.176624
vn 0 0 1
vn 0.0423295 -0.0285334 0.998696
vn 0.340723 -0.825712 -0.449564
vn 0.259741 -0.844704 -0.467984
vn 0.241364 -0.853323 -0.46215
vn 0.484208 0.582606 -0.652773
vn 0.464462 0.590816 -0.659706
vn 0.425367 0.621727 -0.657661
vn 0.168772 -0.863971 -0.474415
vn 0.0892513 -0.794422 -0.600773
vn 0.35346 0.655685 -0.667191
vn 0.31948 0.671473 -0.668623
vn 0.146221 -0.800221 -0.581606
vn 0.230855 -0.770197 -0.594561
vn 0.411946 0.687549 -0.597977
vn 0.516323 0.690802 -0.506166
vn 0.358508 -0.795354 -0.488757
vn 0.353169 -0.760729 -0.544576
vn 0.554412 0.685324 -0.472185
vn 0.530491 0.681031 -0.504754
vn 0.340148 -0.750201 -0.567008
vn 0.47388 0.654667 -0.588939
vn 0.755538 0.471092 -0.45523
vn 0.84316 0.41928 -0.33658
vn 0.856477 0.421474 -0.298005
vn -0.0893524 -0.538076 -0.838147
vn -0.0778741 -0.606331 -0.79139
vn -0.0838236 -0.643389 -0.760937
vn 0.912248 0.366169 -0.183641
vn 0.913026 0.370552 -0.170514
vn -0.0805208 -0.691955 -0.717436
vn 0.0866598 -0.80641 -0.584973
vn 0.887413 0.386562 -0.251132
vn -0.0928378 -0.993427 0.066966
vn -0.312426 -0.940549 -0.133258
vn 0.135208 -0.955799 0.261089
vn 0.263745 -0.856598 -0.443484
vn 0.792556 0.389484 -0.46921
vn 0.801471 0.427656 -0.418037
vn 0.779715 0.358145 -0.513593
vn -0.554005 -0.159377 -0.817115
vn -0.590906 0.103462 -0.800078
vn -0.562148 0.0124565 -0.826943
vn -0.593746 0.232516 -0.770326
vn 0.764863 0.308372 -0.56559
vn -0.630488 0.27978 -0.724022
vn -0.139096 -0.446638 -0.883837
vn -0.185508 -0.340829 -0.921641
vn -0.210768 -0.339867 -0.916552
vn 0.952667 -0.285134 -0.105474
vn 0.976004 -0.192555 -0.101682
vn 0.988731 -0.127222 -0.0788971
vn -0.254808 -0.283033 -0.924643
vn -0.251834 -0.250423 -0.934809
vn 0.992736 0.0756955 -0.0935199
vn 0.976954 0.179571 -0.115395
vn -0.246676 -0.206034 -0.946943
vn -0.217847 -0.129875 -0.967303
vn 0.955008 0.248961 -0.16118
vn 0.973289 0.17348 -0.150376
vn -0.152317 -0.794124 -0.588359
vn -0.171919 -0.785936 -0.593927
vn -0.167074 -0.809026 -0.563527
vn -0.181714 -0.781688 -0.59661
vn 0.951435 0.166755 -0.258776
vn 0.94305 0.14018 -0.301673
vn -0.18084 -0.736287 -0.652057
vn 0.858937 0.184667 -0.477625
vn 0.965971 -0.241248 -0.09327
vn 0.896322 -0.433825 -0.0916699
vn 0.883293 -0.466006 -0.051303
vn 0.210503 0.513194 -0.832058
vn 0.13245 0.466185 -0.874716
vn 0.0879964 0.447773 -0.889807
vn 0.791135 -0.610493 -0.0374791
vn 0.713216 -0.672284 -0.198386
vn 0.00998334 0.40416 -0.914634
vn -0.0367484 0.389088 -0.920467
vn 0.685792 -0.685451 -0.244634
vn 0.704407 -0.630829 -0.325369
vn 0.0301363 0.527638 -0.848934
vn 0.0913832 0.656515 -0.748757
vn 0.772807 -0.566221 -0.28664
vn 0.750348 -0.547674 -0.370177
vn 0.157241 0.74074 -0.653131
vn 0.137478 0.726013 -0.673799
vn 0.707186 -0.549531 -0.444864
vn 0.119445 0.6882 -0.715621
vn 0.106434 0.487015 -0.866884
vn 0.18923 0.539804 -0.820246
vn 0.165014 0.559857 -0.811992
vn 0.149831 -0.865124 -0.478657
vn 0.209295 -0.874143 -0.438258
vn 0.235202 -0.880084 -0.412471
vn 0.239734 0.620274 -0.746852
vn 0.22437 0.63689 -0.737583
vn 0.276849 -0.883642 -0.377533
vn 0.360497 -0.797113 -0.484409
vn 0.328741 0.665459 -0.670145
vn 0.960333 -0.25117 0.12114
vn 0.976335 -0.187005 0.108624
vn 0.93998 -0.314196 0.133108
vn 0.259147 -0.81778 -0.513886
vn 0.204119 -0.853126 -0.480116
vn -0.560576 0.492766 -0.665534
vn -0.471928 0.393014 -0.789192
vn -0.427483 0.414917 -0.803183
vn -0.421083 0.337541 -0.841876
vn 0.116741 -0.88175 -0.457043
vn 0.134827 -0.865742 -0.481989
vn -0.555293 0.347125 -0.755747
vn 0.174661 -0.814871 -0.552701
vn 0.221833 -0.891547 -0.394884
vn 0.159387 -0.879273 -0.44886
vn 0.149042 -0.897815 -0.414384
vn 0.935783 0.280806 -0.213211
vn 0.902355 0.341726 -0.262636
vn 0.883704 0.374325 -0.280977
vn 0.0756744 -0.891528 -0.4466
vn 0.0482389 -0.857642 -0.51198
vn 0.831234 0.440345 -0.339333
vn 0.799919 0.473657 -0.368481
vn 0.069047 -0.870197 -0.487841
vn 0.125074 -0.91052 -0.394094
vn 0.790616 0.490183 -0.366942
vn 0.822986 0.468576 -0.321139
vn 0.15816 -0.9411 -0.298858
vn 0.143205 -0.937294 -0.31776
vn 0.822064 0.43528 -0.367074
vn 0.823632 0.407823 -0.394096
vn 0.121002 -0.896493 -0.426215
vn 0.752234 0.393225 -0.528695
vn 0.822494 0.494025 -0.281855
vn 0.901539 0.361974 -0.237069
vn 0.903965 0.385755 -0.184498
vn -0.285544 0.151887 -0.946253
vn -0.298182 0.0519847 -0.953093
vn -0.302465 0.0171258 -0.953006
vn 0.961364 0.248049 -0.119373
vn 0.961441 0.261488 -0.0851836
vn -0.30288 -0.137363 -0.943078
vn -0.289868 -0.20852 -0.934075
vn 0.975625 0.141004 -0.168147
vn 0.404888 -0.536868 -0.740161
vn -0.27714 -0.284701 -0.917681
vn -0.270086 -0.261026 -0.926779
vn 0.892487 0.172774 -0.416673
vn 0.913813 0.186545 -0.360759
vn 0.852975 0.159562 -0.496964
vn -0.513357 0.519623 -0.682976
vn -0.517748 0.534638 -0.667907
vn -0.512953 0.520463 -0.68264
vn -0.519852 0.542054 -0.660251
vn 0.840152 0.143497 -0.523024
vn -0.526651 0.562281 -0.637557
vn -0.310936 -0.16128 -0.936647
vn -0.31371 -0.169695 -0.934232
vn -0.300042 -0.161254 -0.940198
vn 0.633741 -0.772478 -0.0406162
vn 0.644476 -0.763585 -0.0398561
vn 0.7016 -0.712521 0.00843696
vn -0.277881 -0.132609 -0.951418
vn -0.232007 -0.0828656 -0.969178
vn 0.819748 -0.572073 0.0272907
vn 0.89784 -0.438415 0.0409282
vn -0.211274 -0.051979 -0.976044
vn -0.178687 -0.02896 -0.98348
vn 0.934752 -0.355223 -0.00745121
vn 0.943133 -0.330571 -0.0349741
vn -0.518918 -0.665236 -0.536828
vn -0.432353 -0.651132 -0.623778
vn -0.454918 -0.656084 -0.602166
vn -0.386599 -0.640359 -0.663688
vn 0.947649 -0.244612 -0.205245
vn 0.939997 -0.183889 -0.287387
vn -0.386124 -0.639327 -0.664958
vn 0.864417 -0.10694 -0.491271
vn 0.813655 -0.581114 0.0165171
vn 0.778068 -0.627764 -0.0228501
vn 0.766377 -0.641708 -0.0296101
vn 0.52594 0.705059 -0.475688
vn 0.550952 0.706326 -0.444472
vn 0.501653 0.727882 -0.467473
vn 0.70669 -0.700098 -0.102232
vn 0.660104 -0.712502 -0.237913
vn 0.432324 0.739607 -0.515827
vn 0.317203 0.743345 -0.588915
vn 0.645582 -0.707014 -0.288713
vn 0.672643 -0.689986 -0.267339
vn 0.310754 0.774657 -0.550762
vn 0.364157 0.81391 -0.452703
vn 0.674522 -0.681656 -0.283488
vn 0.651532 -0.68537 -0.325229
vn 0.415328 0.81584 -0.402377
vn 0.435956 0.800865 -0.410558
vn 0.571828 -0.648243 -0.502787
vn 0.403466 0.76325 -0.504642
vn 0.14526 0.704004 -0.695182
vn 0.223292 0.697974 -0.680422
vn 0.232492 0.706158 -0.668797
vn -0.438845 -0.539703 -0.718426
vn -0.457932 -0.518534 -0.722095
vn -0.432607 -0.58181 -0.688729
vn 0.300125 0.698729 -0.649387
vn 0.300204 0.704272 -0.643333
vn -0.429021 -0.602441 -0.673057
vn -0.112116 -0.77419 -0.622944
vn 0.107984 0.799614 -0.590726
vn 0.687405 -0.447209 -0.572257
vn 0.226975 -0.86267 -0.451977
vn -0.168524 -0.774594 -0.609593
vn -0.441819 -0.657084 -0.610767
vn -0.148076 0.791978 -0.592321
vn -0.135459 0.798203 -0.58696
vn -0.150932 0.75628 -0.636601
vn -0.550627 -0.620327 -0.558574
vn -0.561799 -0.601338 -0.568133
vn -0.173069 0.779064 -0.602584
vn -0.527331 -0.593129 -0.608375
vn -0.108332 -0.906512 -0.408043
vn -0.138964 -0.861251 -0.488811
vn -0.150208 -0.846327 -0.511047
vn 0.929752 -0.324926 0.173158
vn 0.954113 -0.267495 0.134587
vn 0.973507 -0.195598 0.118434
vn -0.185326 -0.76798 -0.613075
vn -0.181045 -0.697498 -0.693339
vn 0.998516 -0.0454842 0.0299453
vn 0.996472 0.076405 -0.034737
vn -0.168001 -0.739148 -0.652255
vn -0.10294 -0.798334 -0.593352
vn 0.988795 0.132411 -0.0689332
vn 0.983133 0.170824 -0.0653352
vn -0.0586585 -0.844796 -0.531863
vn -0.024286 -0.806198 -0.591148
vn 0.963531 0.215401 -0.158775
vn 0.938124 0.260929 -0.227684
vn -0.0263192 -0.766441 -0.641776
vn 0.886207 0.278442 -0.370281
vn 0.972171 0.231539 0.0356874
vn 0.992617 0.121219 0.00414323
vn 0.995362 0.0942618 0.0191984
vn -0.146912 0.63063 -0.762052
vn -0.142829 0.640667 -0.754417
vn -0.169954 0.622494 -0.763948
vn 0.999419 -0.0262799 -0.0216925
vn 0.986212 -0.0782883 -0.145799
vn -0.18911 0.634525 -0.74941
vn -0.234525 0.614564 -0.753199
vn 0.976966 -0.0936278 -0.191757
vn 0.983687 -0.0621978 -0.168793
vn -0.251795 0.702951 -0.665176
vn -0.249617 0.781622 -0.571629
vn 0.981214 -0.0523683 -0.185681
vn 0.969424 -0.0754054 -0.23352
vn -0.214366 0.833121 -0.50986
vn -0.187498 0.835526 -0.516469
vn 0.891622 -0.112503 -0.438581
vn -0.18068 0.779852 -0.599321
vn -0.508077 0.192361 -0.839556
vn -0.434063 0.249539 -0.865632
vn -0.4388 0.27031 -0.856964
vn -0.0148482 -0.973214 -0.229421
vn 0.0418937 -0.971623 -0.232794
vn 0.0936875 -0.971508 -0.217703
vn -0.408674 0.313164 -0.857271
vn -0.347795 0.302518 -0.887424
vn 0.245274 -0.939506 -0.239101
vn 0.319947 -0.911096 -0.259881
vn -0.488159 0.251882 -0.835617
vn -0.164248 0.264412 -0.95032
vn 0.349222 -0.895332 -0.276451
vn 0.285543 -0.924009 -0.254309
vn -0.78319 0.112621 -0.611498
vn -0.787974 0.116952 -0.604499
vn -0.772388 0.104106 -0.626561
vn 0.285314 -0.895494 -0.341593
vn 0.282664 -0.875246 -0.392486
vn -0.773416 0.103931 -0.625321
vn 0.312589 -0.775316 -0.548792
vn 0.538054 -0.833364 0.126503
vn 0.49403 -0.869281 0.0168768
vn 0.473334 -0.880881 -0.00187847
vn 0.873909 0.474294 0.106431
vn 0.849737 0.526985 -0.0152862
vn 0.83205 0.551209 -0.0621357
vn 0.418447 -0.9026 -0.10107
vn 0.412006 -0.893709 -0.177583
vn 0.785496 0.591519 -0.181938
vn 0.743631 0.623275 -0.241955
vn 0.427795 -0.884078 -0.188144
vn 0.486066 -0.850162 -0.202395
vn 0.719793 0.647651 -0.249894
vn 0.678937 0.689623 -0.25192
vn 0.50814 -0.818892 -0.266852
vn 0.514699 -0.777344 -0.361693
vn 0.641353 0.69704 -0.320625
vn 0.59462 0.703769 -0.388761
vn 0.464675 -0.729443 -0.501986
vn 0.548217 0.662284 -0.510723
vn 0.311382 0.914537 -0.258192
vn 0.461845 0.842013 -0.278772
vn 0.490216 0.834576 -0.251337
vn -0.647384 0.152562 -0.746739
vn -0.602343 0.0400528 -0.797232
vn -0.58432 -0.0154543 -0.811376
vn 0.60073 0.759655 -0.249093
vn 0.601033 0.766116 -0.227652
vn -0.516575 -0.141235 -0.844513
vn -0.488782 -0.182446 -0.853115
vn 0.581969 0.76555 -0.27431
vn 0.603882 0.266635 -0.751154
vn -0.602125 -0.129294 -0.787863
vn -0.747354 0.013808 -0.664282
vn 0.521739 0.780178 -0.345124
vn 0.513087 0.81738 -0.261975
vn 0.529369 0.761943 -0.37311
vn -0.809121 0.120187 -0.57522
vn -0.798892 0.15734 -0.580531
vn 0.525885 0.686135 -0.502656
vn -0.731992 0.121633 -0.670368
vn -0.534799 -0.648461 -0.541746
vn -0.524884 -0.621755 -0.581307
vn -0.546491 -0.61737 -0.565864
vn 0.604838 -0.739728 0.294912
vn 0.678511 -0.692484 0.24513
vn 0.711747 -0.66452 0.22766
vn -0.551789 -0.57747 -0.601712
vn -0.537149 -0.552292 -0.63753
vn 0.793246 -0.590694 0.147789
vn 0.842826 -0.52971 0.0951386
vn -0.54854 -0.594132 -0.588311
vn -0.564403 -0.658599 -0.497691
vn 0.885968 -0.463746 -0.000642576
vn 0.902115 -0.428618 -0.0497585
vn -0.581249 -0.688627 -0.433523
vn -0.569549 -0.676394 -0.467018
vn 0.898232 -0.395905 -0.19089
vn 0.890502 -0.387133 -0.239028
vn -0.541618 -0.633508 -0.552555
vn 0.856521 -0.346373 -0.382619
vn 0.900887 -0.126515 0.415208
vn 0.918001 -0.23931 0.316235
vn 0.903876 -0.271735 0.330405
vn 0.301452 0.921181 -0.246071
vn 0.281495 0.896569 -0.341942
vn 0.289213 0.887916 -0.357716
vn 0.888064 -0.41087 0.206225
vn 0.880245 -0.465253 0.0933238
vn 0.28388 0.858005 -0.428066
vn 0.258529 0.84522 -0.467725
vn 0.863592 -0.502392 -0.0425691
vn 0.882715 -0.453932 -0.12149
vn 0.239026 0.876105 -0.418696
vn 0.187569 0.908815 -0.372657
vn 0.879997 -0.423144 -0.215766
vn 0.869932 -0.391597 -0.299785
vn 0.163671 0.91753 -0.362423
vn 0.123539 0.896989 -0.424439
vn 0.828639 -0.388089 -0.403416
vn 0.110148 0.846896 -0.520225
vn -0.507086 0.645856 -0.570731
vn -0.387419 0.671934 -0.631198
vn -0.390073 0.701637 -0.596279
vn -0.646723 -0.68475 -0.335957
vn -0.547343 -0.745655 -0.38002
vn -0.51676 -0.760063 -0.394033
vn -0.30321 0.735043 -0.606445
vn -0.243115 0.690646 -0.681105
vn -0.394018 -0.800063 -0.452382
vn -0.359145 -0.798699 -0.482799
vn -0.300808 0.700071 -0.647622
vn -0.0653467 0.508215 -0.858747
vn -0.342178 -0.80566 -0.483555
vn -0.442146 -0.791605 -0.421744
vn -0.504187 0.757462 -0.414786
vn -0.544451 0.769502 -0.333826
vn -0.483421 0.76378 -0.42772
vn -0.494415 -0.762438 -0.417422
vn -0.537547 -0.735624 -0.41219
vn -0.411206 0.714494 -0.566045
vn -0.494843 -0.710785 -0.499916
vn 0.0367497 -0.969415 0.24266
vn 0.0337724 -0.992163 0.1203
vn 0.050158 -0.9971 0.0572388
vn 0.801026 -0.00891572 0.598563
vn 0.85914 0.0397673 0.510193
vn 0.883971 0.0984372 0.457061
vn 0.0648432 -0.992655 -0.102133
vn 0.107475 -0.971676 -0.210465
vn 0.937369 0.200486 0.284859
vn 0.941771 0.300691 0.150508
vn 0.133815 -0.955829 -0.261696
vn 0.160376 -0.952592 -0.258552
vn 0.93359 0.357801 0.0197155
vn 0.920694 0.389605 -0.0230256
vn 0.153934 -0.927797 -0.339848
vn 0.14876 -0.905967 -0.39635
vn 0.896661 0.395462 -0.19902
vn 0.87692 0.393125 -0.276521
vn 0.131513 -0.820584 -0.55619
vn 0.784262 0.373995 -0.495037
vn 0.643086 0.724829 0.247109
vn 0.717169 0.670557 0.189792
vn 0.738335 0.650839 0.176836
vn -0.552272 0.668524 -0.498068
vn -0.554864 0.680491 -0.4786
vn -0.570791 0.651489 -0.49976
vn 0.812351 0.576083 0.090636
vn 0.836478 0.54661 -0.0390213
vn -0.582074 0.611093 -0.536428
vn -0.598787 0.521143 -0.608165
vn 0.83911 0.534655 -0.100187
vn 0.799637 0.576514 -0.167968
vn -0.645352 0.523682 -0.556127
vn -0.701066 0.503861 -0.50461
vn 0.770711 0.600064 -0.214306
vn 0.742002 0.598133 -0.30277
vn -0.716731 0.497205 -0.488963
vn -0.70802 0.449247 -0.544872
vn 0.728506 0.562881 -0.390442
vn -0.659818 0.407877 -0.631091
vn -0.890286 -0.177574 -0.419355
vn -0.861766 -0.160073 -0.481391
vn -0.847358 -0.156578 -0.507412
vn -0.0413737 -0.935636 0.350534
vn 0.0134522 -0.948776 0.315664
vn 0.0801051 -0.950015 0.301754
vn -0.784854 -0.131537 -0.60556
vn -0.71912 -0.130145 -0.68259
vn 0.220422 -0.951202 0.215936
vn 0.346026 -0.926741 0.146347
vn -0.741234 -0.15242 -0.653712
vn -0.829859 -0.162965 -0.533644
vn 0.435487 -0.899274 0.0407153
vn 0.429536 -0.902731 0.0239889
vn -0.87376 -0.14921 -0.462904
vn -0.877184 -0.117344 -0.465595
vn 0.420752 -0.89672 -0.137337
vn 0.385274 -0.904118 -0.184758
vn -0.804171 -0.104746 -0.585097
vn 0.394632 -0.826825 -0.400782
vn 0.486618 -0.482792 0.72809
vn 0.547685 -0.568989 0.613427
vn 0.567386 -0.594712 0.569553
vn 0.451496 0.782357 0.429033
vn 0.487795 0.803561 0.341096
vn 0.498557 0.809732 0.309475
vn 0.629395 -0.678726 0.378409
vn 0.679861 -0.69362 0.238077
vn 0.535713 0.825939 0.175603
vn 0.529577 0.845703 0.0658364
vn 0.714371 -0.695068 0.0809609
vn 0.734087 -0.678034 0.0372367
vn 0.518154 0.85254 -0.0684953
vn 0.495315 0.859161 -0.128471
vn 0.724889 -0.680445 -0.107377
vn 0.714735 -0.678156 -0.171052
vn 0.484089 0.828123 -0.282613
vn 0.475813 0.80867 -0.345912
vn 0.669914 -0.647405 -0.36343
vn 0.43613 0.730128 -0.526027
vn -0.175421 0.984102 -0.0277687
vn -0.128954 0.98801 -0.0848935
vn -0.112012 0.98958 -0.0904676
vn -0.95531 -0.203078 -0.214807
vn -0.938049 -0.227109 -0.261699
vn -0.922447 -0.257231 -0.287964
vn -0.0519651 0.985025 -0.164394
vn -0.038961 0.962973 -0.266767
vn -0.890923 -0.29821 -0.342529
vn -0.855853 -0.347987 -0.38265
vn -0.0505872 0.952509 -0.300279
vn -0.112876 0.938716 -0.325685
vn -0.866165 -0.370558 -0.335327
vn -0.864783 -0.409798 -0.290199
vn -0.149237 0.928623 -0.339689
vn -0.166108 0.899208 -0.404762
vn -0.859757 -0.422043 -0.287573
vn -0.832656 -0.441828 -0.333873
vn -0.149767 0.863401 -0.481776
vn -0.796433 -0.435533 -0.41953
vn -0.766478 -0.592094 0.248869
vn -0.749775 -0.640944 0.164403
vn -0.73086 -0.670261 0.128817
vn 0.361492 -0.223671 0.905149
vn 0.565617 -0.340697 0.751001
vn -0.691653 -0.721904 0.0217142
vn -0.638725 -0.767726 -0.0512558
vn 0.708798 -0.403372 0.578702
vn 0.792741 -0.402421 0.457841
vn -0.598904 -0.795161 -0.095049
vn -0.605816 -0.793525 -0.0574861
vn 0.882676 -0.405118 0.238248
vn 0.897224 -0.41359 0.1547
vn -0.623033 -0.766593 -0.155451
vn -0.644761 -0.738729 -0.196372
vn 0.887968 -0.451197 -0.0890725
vn 0.864199 -0.482256 -0.14349
vn -0.581493 -0.69435 -0.423962
vn 0.789471 -0.448182 -0.419366
vn 0.498713 -0.864632 -0.0608065
vn 0.501057 -0.856643 -0.122905
vn 0.498125 -0.864975 -0.0607465
vn 0.496345 0.866013 0.0605241
vn 0.498186 0.856369 0.135804
vn 0.490723 0.84543 0.210805
vn 0.500522 -0.845748 -0.1849
vn -0.999988 -0.00385253 0.0029371
vn -0.999962 -0.000661673 -0.00874391
vn -0.99999 -0.00319196 0.00306647
vn -0.999733 -0.0031649 -0.022903
vn 0.49576 0.866352 0.0604666
vn 0.521004 -0.762594 -0.383412
vn 0.482032 0.750485 0.452125
vn 0.43924 0.655149 0.614694
vn 0.555965 -0.662621 -0.501833
vn -0.998056 0.010102 -0.0614974
vn -0.993926 0.0075933 -0.109785
vn 0.596629 -0.46211 -0.656116
vn 0.380068 0.423463 0.82233
vn 0.340192 0.312256 0.886998
vn 0.639448 -0.35662 -0.681122
vn -0.985218 0.0355489 -0.167575
vn -0.977706 0.0466765 -0.204724
vn 0.656882 -0.222289 -0.720482
vn 0.310709 0.137457 0.940513
vn 0.11947 0.1218 0.985338
vn 0.795078 -0.169718 -0.582277
vn -0.973634 0.063278 -0.219165
vn -0.914592 0.0472523 -0.401607
vn 0.899048 -0.123567 -0.420052
vn -0.0819388 0.0721483 0.994022
vn -0.266577 0.0862104 0.95995
vn 0.96396 -0.107076 -0.24355
vn -0.819838 0.0284317 -0.571889
vn -0.697678 0.0177063 -0.716193
vn 0.961898 -0.126831 -0.242212
vn -0.786999 0.12448 0.604266
vn -0.792909 0.0740061 0.604829
vn 0.920594 -0.0530952 0.386896
vn 0.916442 -0.100944 0.387226
vn -0.697814 0.0162381 -0.716095
vn -0.127222 -0.00930098 -0.991831
vn -0.124545 0.0170673 -0.992067
vn -0.270068 0.0464502 0.96172
vn 0.910177 -0.148559 0.386662
vn -0.990654 0.132104 0.0339586
vn -0.990746 0.131419 0.0339184
vn -0.990164 0.128052 0.056374
vn 0.522415 -0.0791477 0.84901
vn 0.520361 -0.0983032 0.848269
vn 0.538883 -0.108218 0.8354
vn -0.12178 0.0434235 -0.991607
vn 0.477359 0.0265655 -0.878307
vn 0.475473 0.00925667 -0.879681
vn 0.45448 0.00509092 -0.890742
vn -0.796771 0.0233411 0.603831
vn 0.549966 -0.16066 0.819589
vn -0.982575 0.166609 0.0823882
vn -0.971889 0.202775 0.119641
vn 0.570036 -0.202612 0.796246
vn 0.432164 -0.00668551 -0.90177
vn 0.400648 -0.00466346 -0.91622
vn 0.563732 -0.264221 0.782555
vn -0.954829 0.263597 0.13718
vn -0.945968 0.278702 0.165743
vn 0.576266 -0.293738 0.762651
vn 0.39136 0.000504611 -0.920237
vn 0.369423 0.0115284 -0.92919
vn 0.569906 -0.344261 0.746117
vn -0.920648 0.340867 0.190309
vn -0.88015 0.347538 0.323347
vn 0.645987 -0.40145 0.64926
vn 0.352073 0.00732375 -0.935944
vn 0.232499 0.0499727 -0.971312
vn 0.71861 -0.420781 0.553663
vn -0.784888 0.433957 0.442303
vn -0.653012 0.447325 0.611127
vn 0.809379 -0.449743 0.377672
vn 0.0723147 -0.00392955 -0.997374
vn -0.161178 -0.00233577 -0.986923
vn 0.841862 -0.450875 0.296614
vn -0.538487 0.521934 0.661526
vn -0.448379 0.507655 0.735692
vn 0.85147 -0.492556 0.179967
vn -0.296338 -0.0692884 -0.952566
vn -0.409252 -0.0256426 -0.912061
vn 0.862183 -0.487163 0.138968
vn -0.363382 0.588946 0.72187
vn -0.22831 0.60846 0.760033
vn 0.837833 -0.54487 0.0339475
vn -0.483717 -0.0780148 -0.87174
vn -0.611504 -0.06545 -0.78853
vn 0.813747 -0.57964 -0.0428155
vn -0.106908 0.646837 0.755098
vn -0.0293716 0.615743 0.787399
vn 0.771 -0.626096 -0.116461
vn -0.700619 -0.0670249 -0.710381
vn -0.75661 -0.0118464 -0.65376
vn 0.771238 -0.6243 -0.124263
vn -0.0127084 0.630753 0.775879
vn -0.00264506 0.63038 0.776282
vn 0.765853 -0.629712 -0.130125
vn -0.758727 -0.00675764 -0.651374
vn -0.765047 -0.00335841 -0.643966
vn 0.763616 -0.632042 -0.131961
vn 0.00408344 0.63468 0.772764
vn 0.00856771 0.633901 0.773367
vn 0.761083 -0.634472 -0.1349
vn -0.768312 -0.00354166 -0.640065
vn -0.771048 -0.00147744 -0.636776
vn 0.760882 -0.634454 -0.136116
vn 0.00907493 0.632856 0.774217
vn 0.00711587 0.631173 0.77561
vn 0.761718 -0.633439 -0.136166
vn -0.771081 -5.49549e-005 -0.636737
vn -0.76983 0.000765949 -0.638249
vn 0.753458 -0.645607 -0.124469
vn -0.0119984 0.605907 0.795445
vn -0.0215443 0.594512 0.803798
vn 0.7495 -0.651452 -0.11773
vn -0.77565 -0.0107083 -0.631072
vn -0.778402 -0.0175664 -0.62752
vn 0.734154 -0.671418 -0.101067
vn -0.789335 -0.0350942 -0.612958
vn -0.0459854 0.556385 0.829651
vn -0.0113791 -0.999931 0.00297681
vn -0.00568497 -0.999975 -0.00411149
vn -0.0084046 -0.999958 0.00365057
vn 0.8286 0.492823 0.265607
vn 0.831996 0.493811 0.252852
vn 0.834884 0.49541 0.239872
vn -0.00193034 -0.99993 -0.011642
vn -0.819149 0.507894 -0.266531
vn -0.827156 0.504843 -0.246873
vn -0.820656 0.505042 -0.267313
vn -0.834139 0.502789 -0.226748
vn 0.829249 0.491537 0.265964
vn -0.00449016 -0.999979 0.0046829
vn 0.846918 0.496742 0.189677
vn 0.854411 0.496904 0.151878
vn -0.00832414 -0.999544 0.0290397
vn -0.842633 0.502895 -0.192524
vn -0.845778 0.502544 -0.17919
vn -0.00899676 -0.999536 0.0291149
vn 0.861168 0.496023 0.111134
vn 0.861584 0.495925 0.108308
vn -0.00507967 -0.999975 0.00488154
vn -0.852695 0.503656 -0.138715
vn -0.856778 0.503422 -0.111793
vn -0.00228932 -0.999875 -0.015629
vn 0.857768 0.496039 0.134827
vn 0.852293 0.496727 0.163886
vn -0.00150659 -0.99993 -0.0117148
vn -0.855551 0.50413 -0.117834
vn -0.850753 0.503385 -0.151073
vn -0.00613322 -0.999909 0.0120075
vn 0.84825 0.496667 0.183833
vn 0.850074 0.496811 0.174794
vn -0.0102977 -0.999436 0.0319574
vn -0.842249 0.502693 -0.19472
vn -0.841206 0.499969 -0.205924
vn -0.00680437 -0.999572 0.0284679
vn 0.838302 0.499981 0.217414
vn 0.822685 0.500897 0.268871
vn 0.0172212 -0.999805 0.00963113
vn -0.832285 0.49864 -0.242199
vn -0.83512 0.47702 -0.273911
vn 0.014069 -0.999726 0.0187159
vn 0.737448 0.520466 0.430448
vn 0.699036 0.525796 0.484651
vn 0.0157517 -0.999185 0.037159
vn -0.776251 0.474605 -0.414951
vn -0.75047 0.459999 -0.474548
vn -0.0253381 -0.996561 0.0788909
vn -0.629179 0.467377 -0.621042
vn 0.565546 0.531399 0.630692
vn -0.959062 0.281572 -0.0302812
vn -0.965836 0.258903 -0.0114276
vn -0.963292 0.268224 -0.0111133
vn 0.338093 -0.559648 0.756629
vn 0.334481 -0.636452 0.695019
vn 0.328541 -0.707854 0.625303
vn -0.969659 0.244413 -0.0049047
vn 0.627496 0.28682 -0.723867
vn 0.623144 0.383693 -0.681521
vn 0.597758 0.302334 -0.742482
vn 0.627895 0.469669 -0.620611
vn 0.333396 -0.559263 0.758994
vn -0.96829 0.249619 0.0102614
vn 0.310156 -0.814383 0.490493
vn 0.301508 -0.852903 0.426204
vn -0.965472 0.258462 0.0325768
vn 0.656769 0.565716 -0.498617
vn 0.661988 0.594179 -0.456861
vn -0.965379 0.258962 0.0313418
vn 0.290193 -0.892331 0.345736
vn 0.288402 -0.898185 0.331796
vn -0.968584 0.248531 0.00877456
vn 0.675561 0.634381 -0.375737
vn 0.679435 0.650581 -0.339282
vn -0.9705 0.240879 -0.0103089
vn 0.290415 -0.89099 0.348993
vn 0.295125 -0.876883 0.379444
vn -0.970724 0.24014 -0.00530715
vn 0.680512 0.650538 -0.3372
vn 0.674921 0.636806 -0.372773
vn -0.967937 0.250633 0.016749
vn 0.300855 -0.858474 0.415343
vn 0.302458 -0.855035 0.421229
vn -0.965499 0.257972 0.0355231
vn 0.666199 0.608903 -0.430601
vn 0.655651 0.60162 -0.456262
vn -0.967222 0.251268 0.0366765
vn 0.324142 -0.806781 0.494
vn 0.339895 -0.756238 0.559085
vn -0.975734 0.215909 0.0364196
vn 0.641221 0.558909 -0.525791
vn 0.602757 0.543049 -0.584621
vn -0.975871 0.213665 0.0449798
vn 0.408988 -0.593902 0.692827
vn 0.45276 -0.472983 0.755841
vn -0.970903 0.216086 0.103222
vn 0.560354 0.385648 -0.732993
vn 0.474434 0.262893 -0.840119
vn -0.94459 0.304113 0.123555
vn 0.569985 -0.200826 0.796735
vn 0.604407 -0.124181 0.786938
vn -0.93407 0.326107 0.14549
vn 0.3871 -0.00809837 -0.922002
vn 0.339278 -0.0630226 -0.938573
vn -0.898643 0.424399 0.111025
vn 0.298751 -0.255026 -0.919625
vn 0.683279 0.103792 0.722743
vn -0.169545 -0.94781 0.270019
vn -0.125042 -0.962203 0.241928
vn -0.153966 -0.946685 0.282988
vn 0.695733 0.534736 0.479597
vn 0.72767 0.528272 0.437522
vn 0.758748 0.516846 0.396449
vn -0.0896754 -0.974691 0.204781
vn -0.530116 0.410087 -0.742163
vn -0.603305 0.429643 -0.671885
vn -0.534846 0.400346 -0.744085
vn -0.668281 0.449793 -0.592525
vn 0.694921 0.539032 0.475951
vn -0.0662382 -0.984363 0.163223
vn 0.81125 0.501595 0.300458
vn 0.833906 0.492485 0.249115
vn -0.0659108 -0.983486 0.168554
vn -0.744804 0.482359 -0.461082
vn -0.766392 0.490473 -0.414825
vn -0.0584183 -0.988011 0.142905
vn 0.856126 0.482531 0.184965
vn 0.859293 0.480974 0.17401
vn -0.0490023 -0.99245 0.112439
vn -0.798529 0.505745 -0.326455
vn -0.810807 0.511219 -0.285038
vn -0.0422765 -0.995325 0.0868333
vn 0.856172 0.482214 0.185578
vn 0.849155 0.48556 0.207766
vn -0.0423993 -0.994819 0.0923983
vn -0.814127 0.513521 -0.271098
vn -0.806678 0.509766 -0.299014
vn -0.0523441 -0.990961 0.123515
vn 0.846139 0.486455 0.217738
vn 0.850661 0.483705 0.205923
vn -0.060716 -0.986922 0.149326
vn -0.793876 0.504064 -0.340119
vn -0.789854 0.501004 -0.35373
vn -0.0662339 -0.983807 0.166542
vn 0.840343 0.489956 0.231878
vn 0.826623 0.492479 0.27232
vn -0.0515761 -0.985358 0.162511
vn -0.774242 0.493674 -0.396025
vn -0.765544 0.482459 -0.425648
vn -0.076626 -0.977134 0.198339
vn 0.768448 0.523375 0.368193
vn 0.725802 0.533807 0.433892
vn -0.0843758 -0.961827 0.260326
vn -0.692036 0.452231 -0.562649
vn -0.623584 0.409159 -0.666132
vn -0.190503 -0.920558 0.341002
vn 0.604175 0.599654 0.524774
vn 0.567625 0.615434 0.546849
vn -0.213152 -0.903946 0.37074
vn -0.428919 0.322069 -0.843979
vn -0.371192 0.28598 -0.883421
vn -0.340941 -0.851121 0.399189
vn -0.175561 0.202141 -0.963492
vn 0.445179 0.681616 0.580702
vn 0.963642 -0.207758 0.168023
vn 0.96723 -0.213857 0.136862
vn 0.963369 -0.20873 0.168378
vn -0.27173 0.916181 -0.294577
vn -0.278265 0.932068 -0.231989
vn -0.284939 0.943654 -0.168308
vn 0.970198 -0.218308 0.105151
vn -0.69348 -0.708854 0.128887
vn -0.6892 -0.718011 0.0972781
vn -0.690753 -0.711391 0.12955
vn -0.685543 -0.725116 0.0650918
vn -0.270034 0.916747 -0.294375
vn 0.971438 -0.220791 0.0869469
vn -0.288862 0.951017 -0.11011
vn -0.289176 0.950191 -0.116252
vn 0.970571 -0.218795 0.1006
vn -0.682573 -0.730398 0.0247533
vn -0.681832 -0.731309 0.0170747
vn 0.971649 -0.220419 0.0855151
vn -0.289137 0.950391 -0.114707
vn -0.289585 0.95114 -0.107111
vn 0.973206 -0.22288 0.0565184
vn -0.682673 -0.730079 0.0307008
vn -0.683328 -0.728258 0.0519911
vn 0.973845 -0.224941 0.0320426
vn -0.290582 0.953665 -0.0780066
vn -0.291838 0.954794 -0.056554
vn 0.973821 -0.224361 0.0365274
vn -0.683497 -0.728423 0.0472462
vn -0.682257 -0.730806 0.021154
vn 0.972868 -0.222321 0.0640388
vn -0.291061 0.954297 -0.0678254
vn -0.289941 0.951736 -0.100663
vn 0.971671 -0.21979 0.0868735
vn -0.681619 -0.731691 0.00484551
vn -0.68161 -0.73157 0.0146136
vn 0.971256 -0.220079 0.090705
vn -0.287724 0.948274 -0.134131
vn -0.288516 0.947899 -0.135076
vn 0.972345 -0.222296 0.0716165
vn -0.683582 -0.728525 0.0443461
vn -0.684584 -0.726092 0.0643012
vn 0.97181 -0.219385 0.0863459
vn -0.287917 0.945645 -0.151191
vn -0.292405 0.941551 -0.167275
vn 0.968944 -0.215906 0.120551
vn -0.684041 -0.726398 0.0665905
vn -0.676609 -0.734658 0.0497794
vn 0.958901 -0.191003 0.209825
vn -0.278874 0.919191 -0.278058
vn -0.28627 0.881231 -0.376139
vn 0.948236 -0.173437 0.266025
vn -0.681646 -0.728019 0.0731243
vn -0.659199 -0.740836 0.128909
vn 0.914182 -0.0578115 0.40116
vn -0.248385 0.779549 -0.574985
vn -0.250279 0.735857 -0.629186
vn 0.897568 -0.010873 0.440742
vn -0.697588 -0.671947 0.248712
vn -0.695051 -0.655241 0.29591
vn 0.828394 0.13347 0.544012
vn -0.759681 -0.523815 0.385359
vn -0.184133 0.618949 -0.763543
vn 0.251269 0.846822 -0.468782
vn 0.242607 0.87789 -0.412858
vn 0.250314 0.84683 -0.469279
vn -0.926001 -0.361122 -0.110058
vn -0.935573 -0.344955 -0.0755635
vn -0.944735 -0.324961 -0.0433117
vn 0.232009 0.905601 -0.355046
vn 0.671069 -0.472502 0.571321
vn 0.689601 -0.533068 0.490193
vn 0.659981 -0.482586 0.575791
vn 0.7075 -0.582521 0.400141
vn -0.921964 -0.373578 -0.102086
vn 0.217175 0.945327 -0.243293
vn -0.948386 -0.316316 -0.0225582
vn -0.946459 -0.320441 -0.0391467
vn 0.21102 0.958741 -0.19049
vn 0.730792 -0.627966 0.267586
vn 0.734895 -0.637513 0.231315
vn 0.207253 0.966609 -0.150712
vn -0.944887 -0.323074 -0.0530192
vn -0.945216 -0.322583 -0.0500629
vn 0.208531 0.964066 -0.164597
vn 0.737486 -0.643398 0.205314
vn 0.736493 -0.641013 0.216057
vn 0.209647 0.961704 -0.17656
vn -0.947689 -0.31811 -0.0262866
vn -0.949462 -0.313835 -0.00545274
vn 0.209304 0.962113 -0.174727
vn 0.737698 -0.643529 0.204137
vn 0.740005 -0.647714 0.181271
vn 0.208462 0.963682 -0.166918
vn -0.948771 -0.315678 -0.013452
vn -0.945977 -0.321461 -0.0423124
vn 0.206049 0.96513 -0.161456
vn 0.739943 -0.647715 0.181519
vn 0.736763 -0.644396 0.204779
vn 0.215653 0.9535 -0.210552
vn -0.943288 -0.32534 -0.0660396
vn -0.945599 -0.319289 -0.0624211
vn 0.224696 0.937625 -0.265275
vn 0.7275 -0.627502 0.277463
vn 0.714001 -0.618432 0.328245
vn 0.250279 0.896897 -0.364605
vn -0.947163 -0.314918 -0.0609025
vn -0.956198 -0.280735 -0.0829027
vn 0.256333 0.873556 -0.413756
vn 0.692751 -0.581941 0.425959
vn 0.65539 -0.579819 0.484019
vn 0.332535 0.775371 -0.536862
vn -0.94346 -0.305173 -0.129431
vn -0.940169 -0.300373 -0.160807
vn 0.358016 0.734864 -0.576021
vn 0.632257 -0.561337 0.533996
vn 0.595311 -0.58893 0.546595
vn 0.449347 0.595086 -0.666303
vn 0.411801 -0.135386 0.901161
vn -0.903355 -0.380176 -0.198532
vn -0.917674 -0.1946 0.346417
vn -0.92974 -0.219983 0.295281
vn -0.916006 -0.19971 0.347919
vn 0.737884 -0.658963 0.14593
vn 0.737538 -0.659073 0.147174
vn 0.736183 -0.660138 0.149173
vn -0.93978 -0.241369 0.241979
vn 0.178629 0.854229 -0.488247
vn 0.19233 0.877944 -0.438432
vn 0.182268 0.853414 -0.488326
vn 0.203108 0.899438 -0.386987
vn 0.739172 -0.657786 0.144718
vn -0.946889 -0.256812 0.193519
vn 0.733495 -0.669048 0.119832
vn 0.729951 -0.677612 0.0895193
vn -0.94587 -0.255573 0.200031
vn 0.213738 0.926089 -0.310927
vn 0.21664 0.933046 -0.287214
vn -0.948344 -0.259478 0.182526
vn 0.726181 -0.685032 0.0582386
vn 0.725552 -0.685724 0.0579279
vn -0.951039 -0.26536 0.158456
vn 0.222407 0.945221 -0.238938
vn 0.225138 0.950451 -0.214374
vn -0.952041 -0.266291 0.150688
vn 0.728848 -0.679286 0.0857368
vn 0.731881 -0.67185 0.113879
vn -0.949578 -0.264985 0.167586
vn 0.223747 0.945966 -0.234703
vn 0.22033 0.934605 -0.279227
vn -0.941638 -0.240327 0.235713
vn 0.732773 -0.667307 0.133209
vn 0.72022 -0.680708 0.133865
vn -0.931104 -0.223751 0.288065
vn 0.208567 0.906563 -0.366939
vn 0.211885 0.886969 -0.410354
vn -0.907716 -0.158465 0.38851
vn 0.731777 -0.659265 0.172837
vn 0.710507 -0.65231 0.263953
vn -0.874997 -0.150843 0.460029
vn 0.178771 0.812464 -0.554926
vn 0.17819 0.737282 -0.651662
vn -0.847483 -0.12107 0.516831
vn 0.713191 -0.622372 0.322509
vn 0.657637 -0.647107 0.385703
vn -0.818864 -0.171608 0.547734
vn 0.185142 0.689964 -0.699766
vn 0.221214 0.699011 -0.680035
vn -0.0597867 0.958357 0.279245
vn 0.25054 0.7453 -0.617866
vn 0.808358 0.566004 0.161851
vn 0.919764 -0.098088 -0.380016
vn 0.920433 -0.100456 -0.377771
vn 0.92107 -0.10069 -0.376153
vn 0.917455 -0.0929499 -0.38683
vn 0.923236 -0.104465 -0.369759
vn 0.906068 -0.0719741 -0.416966
vn 0.919135 -0.0881829 -0.383946
vn 0.898314 -0.0374071 -0.43776
vn 0.824781 0.0808078 -0.559648
vn 0.908265 -0.0081863 -0.418314
vn 0.842604 0.110101 -0.527159
vn 0.719606 0.268083 -0.640545
vn 0.925566 0.0154132 -0.378272
vn 0.868551 0.159592 -0.469201
vn 0.692606 0.393721 -0.604385
vn 0.962737 0.0661466 -0.262225
vn 0.825681 0.363737 -0.431214
vn 0.453429 0.690483 -0.563592
vn 0.890245 0.366421 -0.270555
vn 0.828703 0.456942 -0.323194
vn 0.0165993 0.881714 -0.471492
vn 0.882775 0.406662 -0.235233
vn 0.882775 0.406662 -0.235233
vn 0.777459 0.282929 -0.561702
vn 0.78784 0.258085 -0.559195
vn 0.786696 0.261937 -0.559015
vn 0.804162 0.220608 -0.551956
vn 0.794424 0.244957 -0.555776
vn 0.8203 0.182785 -0.541938
vn 0.756447 0.290052 -0.586223
vn 0.798322 0.19602 -0.569437
vn 0.851488 0.0642142 -0.520427
vn 0.72595 0.278767 -0.628717
vn 0.842164 0.0748318 -0.534003
vn 0.808026 0.120087 -0.576778
vn 0.794687 -0.606582 0.0230326
vn 0.822968 0.232274 -0.518432
vn 0.846707 0.144515 -0.512057
vn 0.916969 0.0211331 -0.398398
vn 0.88191 0.0286913 -0.470543
vn 0.925689 -0.107565 -0.362671
vn 0.919709 -0.117002 -0.374761
vn 0.915246 -0.0810973 -0.39465
vn 0.901235 -0.0325121 -0.43211
vn 0.892408 0.00184216 -0.451226
vn 0.916013 -0.0617735 -0.396363
vn 0.660837 -0.508391 -0.552116
vn 0.665753 -0.501241 -0.552749
vn 0.654522 -0.515285 -0.553247
vn 0.657347 -0.509257 -0.555475
vn 0.640271 -0.53113 -0.554936
vn 0.631836 -0.533234 -0.562535
vn 0.656728 -0.502881 -0.561977
vn 0.678098 -0.489759 -0.548014
vn 0.780139 -0.382666 -0.494925
vn 0.743916 -0.445114 -0.498461
vn 0.7933 -0.381817 -0.474226
vn 0.735783 -0.442663 -0.512516
vn 0.734068 -0.434156 -0.522162
vn 0.702848 -0.474088 -0.530325
vn 0.806169 -0.385616 -0.448767
vn 0.672359 -0.520178 -0.526638
vn 0.849985 -0.395298 -0.34823
vn 0.995047 -0.0987365 -0.0115241
vn 0.522198 -0.625446 -0.579765
vn 0.912246 -0.408685 -0.0279843
vn 0.960064 -0.279263 0.0170284
vn 0.965775 -0.0994868 0.239542
vn 0.943276 -0.328677 0.0469306
vn -0.266328 -0.816152 0.512802
vn -0.273406 -0.796083 0.539909
vn -0.264446 -0.819495 0.508425
vn -0.267904 -0.801283 0.534952
vn -0.262004 -0.824575 0.501428
vn -0.253351 -0.824303 0.506299
vn -0.286753 -0.727063 0.62382
vn -0.252957 -0.775471 0.578496
vn -0.17866 -0.873315 0.453212
vn -0.256389 -0.670651 0.696055
vn -0.18331 -0.782656 0.59485
vn -0.080394 -0.889969 0.448879
vn -0.264603 -0.503475 0.822495
vn -0.166377 -0.644807 0.746018
vn -0.0294127 -0.817608 0.575024
vn -0.215553 -0.250416 0.943837
vn -0.0312663 -0.572487 0.819317
vn 0.160675 -0.823993 0.54334
vn 0.0117204 -0.300783 0.953621
vn 0.0735675 -0.4224 0.903419
vn 0.356316 -0.882048 0.308271
vn 0.0552286 -0.237257 0.969876
vn 0.0552285 -0.237257 0.969876
vn 0.0401425 -0.966367 0.254013
vn 0.051406 -0.967393 0.24801
vn 0.0484237 -0.96716 0.249512
vn 0.0511745 -0.967368 0.248153
vn 0.0550712 -0.967851 0.245422
vn 0.0440188 -0.966385 0.253302
vn 0.149124 -0.976013 0.158624
vn 0.0965255 -0.977532 0.187388
vn 0.00476394 -0.966147 0.25795
vn 0.189594 -0.979635 0.0661076
vn 0.0585551 -0.977212 0.204029
vn 0.122652 -0.985541 0.116899
vn -0.480889 -0.603617 0.635918
vn 0.273921 -0.954608 0.117012
vn 0.198706 -0.969938 0.140484
vn 0.117818 -0.956195 0.267976
vn 0.133559 -0.976892 0.166865
vn 0.0375453 -0.959579 0.278925
vn 0.0475246 -0.968324 0.245134
vn 0.103537 -0.975875 0.19222
vn 0.155816 -0.978855 0.132533
vn 0.197114 -0.975916 0.0934566
vn 0.159036 -0.97676 0.143695
vn -0.721825 -0.658994 0.211413
vn -0.727412 -0.653971 0.207831
vn -0.719505 -0.660915 0.213316
vn -0.730326 -0.651532 0.205256
vn -0.714056 -0.665471 0.217423
vn -0.738542 -0.644484 0.19798
vn -0.779254 -0.60647 0.157979
vn -0.761957 -0.619028 0.190331
vn -0.660145 -0.68739 0.302825
vn -0.779727 -0.588077 0.21492
vn -0.729342 -0.629444 0.268067
vn -0.778328 -0.591785 0.209753
vn -0.824897 -0.54958 0.132313
vn -0.848557 -0.517459 0.110393
vn -0.781207 -0.577266 0.237656
vn -0.911888 -0.410184 0.0144347
vn -0.823961 -0.495013 0.275771
vn -0.548714 -0.571305 0.610347
vn -0.953581 -0.228884 -0.195695
vn -0.793926 -0.33149 0.509702
vn -0.703833 -0.418732 0.573831
vn -0.516738 -0.420278 0.745887
vn -0.745611 -0.353798 0.564704
vn 0.806777 -0.360356 0.468245
vn 0.789033 -0.356561 0.500292
vn 0.807637 -0.360346 0.466769
vn 0.792703 -0.354092 0.496226
vn 0.808714 -0.360461 0.464811
vn 0.808247 -0.353619 0.47084
vn 0.732672 -0.332376 0.593901
vn 0.778079 -0.32562 0.537182
vn 0.855319 -0.319005 0.408247
vn 0.699557 -0.270263 0.661497
vn 0.804146 -0.263217 0.532979
vn 0.893148 -0.245233 0.377023
vn 0.561734 -0.184184 0.806555
vn 0.713509 -0.164669 0.681021
vn 0.865722 -0.152737 0.476652
vn 0.361421 -0.0134571 0.932306
vn 0.708019 -0.00474182 0.706177
vn 0.925902 -0.012346 0.377562
vn 0.514976 0.175225 0.839104
vn 0.754295 0.152596 0.638556
vn 0.992467 0.0615296 0.105942
vn 0.506935 0.245336 0.826333
vn 0.506935 0.245337 0.826333
vn 0.973591 -0.169991 0.152395
vn 0.97497 -0.16557 0.148392
vn 0.974554 -0.166936 0.149592
vn 0.97368 -0.169589 0.152271
vn 0.975382 -0.164395 0.146982
vn 0.970603 -0.178107 0.161888
vn 0.993194 -0.102405 0.0554915
vn 0.984423 -0.148637 0.0939083
vn 0.957267 -0.223758 0.18323
vn 0.995519 -0.0883771 -0.0336223
vn 0.942291 -0.253334 0.218882
vn 0.989473 -0.14192 0.0283175
vn 0.563782 -0.521315 0.64061
vn 0.999835 0.00375747 0.017797
vn 0.996655 -0.0669186 0.0469202
vn 0.973568 -0.127643 0.189399
vn 0.986975 -0.132269 0.0915661
vn 0.953853 -0.205424 0.219008
vn 0.960685 -0.204036 0.18829
vn 0.979075 -0.15954 0.126333
vn 0.991078 -0.118063 0.0618427
vn 0.996498 -0.0817513 0.0175658
vn 0.990124 -0.11652 0.0779657
vn 0.545461 -0.77867 0.310073
vn 0.537143 -0.785193 0.308139
vn 0.549484 -0.775155 0.311772
vn 0.535144 -0.786858 0.307369
vn 0.559547 -0.766418 0.315453
vn 0.528903 -0.792004 0.304944
vn 0.467769 -0.840044 0.274806
vn 0.488043 -0.818975 0.301817
vn 0.59338 -0.70577 0.387027
vn 0.445976 -0.833307 0.326656
vn 0.50535 -0.781672 0.365527
vn 0.452747 -0.831658 0.321505
vn 0.380073 -0.889945 0.252077
vn 0.339319 -0.910283 0.237167
vn 0.426688 -0.834531 0.348563
vn 0.207134 -0.965367 0.158626
vn 0.335415 -0.856611 0.392063
vn 0.504779 -0.546119 0.668545
vn -0.00389988 -0.999449 -0.0329716
vn 0.194063 -0.764687 0.614486
vn 0.250329 -0.778907 0.575011
vn 0.472266 -0.18311 0.862227
vn 0.22754 -0.721196 0.654295
vn 0.227539 -0.721196 0.654295
vn 0.50007 -0.721152 -0.479447
vn 0.502107 -0.715547 -0.485676
vn 0.484975 -0.734836 -0.474147
vn 0.469948 -0.745277 -0.472981
vn 0.472948 -0.746013 -0.468812
vn 0.430987 -0.7808 -0.452328
vn 0.505391 -0.691865 -0.515657
vn 0.412429 -0.779441 -0.471565
vn 0.298803 -0.868465 -0.395583
vn 0.434682 -0.711694 -0.551854
vn 0.275896 -0.849689 -0.449345
vn 0.139596 -0.928482 -0.344142
vn 0.404524 -0.644351 -0.648978
vn 0.150508 -0.876635 -0.45701
vn 0.048979 -0.927844 -0.369739
vn 0.312923 -0.551899 -0.772973
vn 0.540561 -0.279167 -0.793637
vn 0.0243791 -0.844739 -0.534623
vn -0.221585 -0.952174 -0.210393
vn -0.0517315 -0.739203 -0.671493
vn -0.230536 -0.872694 -0.430416
vn -0.459123 -0.886591 0.0562365
vn -0.161678 -0.759851 -0.629672
vn -0.161678 -0.759851 -0.629672
vn 0.0867575 -0.86192 -0.499567
vn 0.104299 -0.861223 -0.497409
vn 0.0775938 -0.861428 -0.501917
vn 0.108032 -0.861158 -0.496725
vn 0.056328 -0.860482 -0.506358
vn 0.117855 -0.860943 -0.494861
vn 0.107895 -0.858366 -0.501565
vn 0.137246 -0.865941 -0.480946
vn 0.283197 -0.871539 -0.400274
vn 0.268978 -0.886024 -0.37764
vn 0.315777 -0.870944 -0.376486
vn 0.148141 -0.866121 -0.477377
vn 0.360451 -0.827921 -0.429677
vn 0.197509 -0.832419 -0.517754
vn -0.263781 -0.662493 -0.701087
vn 0.328082 -0.853216 -0.405442
vn 0.38067 -0.848715 -0.367114
vn 0.423657 -0.792933 -0.437918
vn 0.749492 -0.628263 0.20868
vn 0.38957 -0.85126 -0.351555
vn 0.325501 -0.839641 -0.4348
vn 0.232626 -0.82148 -0.52063
vn 0.257867 -0.811306 -0.524678
vn 0.388477 -0.844789 -0.367991
vn 0.650406 -0.758436 0.0418071
vn 0.650825 -0.757996 0.0432349
vn 0.650624 -0.758205 0.0425824
vn 0.653497 -0.755108 0.0524707
vn 0.650861 -0.757961 0.0433056
vn 0.658142 -0.749947 0.0665501
vn 0.690337 -0.70622 0.157124
vn 0.680089 -0.726325 0.0996555
vn 0.633851 -0.773218 -0.0191545
vn 0.694533 -0.71674 0.0625044
vn 0.664271 -0.747228 -0.0198468
vn 0.707733 -0.704839 0.048122
vn 0.735145 -0.664961 0.131868
vn 0.747069 -0.647064 0.152304
vn 0.68574 -0.726745 0.0400335
vn 0.854723 -0.408317 0.320509
vn 0.702199 -0.705479 -0.096002
vn 0.563586 -0.782163 -0.265691
vn 0.866551 -0.0543333 0.496121
vn 0.699239 -0.625431 -0.346267
vn 0.624851 -0.699649 -0.346485
vn 0.490074 -0.732917 -0.471869
vn 0.603161 -0.683664 -0.410854
vn 0.425102 -0.899496 0.100974
vn 0.421305 -0.90335 0.0803818
vn 0.42516 -0.899393 0.101641
vn 0.420481 -0.90267 0.0915595
vn 0.425294 -0.899223 0.102581
vn 0.423191 -0.897011 0.127598
vn 0.400478 -0.915978 0.0245216
vn 0.399325 -0.910829 0.104543
vn 0.399321 -0.878326 0.262842
vn 0.348195 -0.937278 0.0164284
vn 0.346696 -0.918655 0.189409
vn 0.33018 -0.866581 0.374191
vn 0.270025 -0.956479 -0.110614
vn 0.254518 -0.963217 0.086223
vn 0.238222 -0.905471 0.351245
vn 0.113281 -0.959908 -0.256407
vn 0.102981 -0.983333 0.149838
vn 0.0860532 -0.828912 0.55272
vn -0.0599445 -0.998121 -0.012685
vn -0.0563472 -0.988017 0.143693
vn -0.0220579 -0.595412 0.803118
vn -0.123752 -0.992313 0.000985559
vn -0.123752 -0.992313 0.000985559
vn 0.239067 -0.828963 0.505636
vn 0.233466 -0.825821 0.513336
vn 0.243803 -0.830357 0.501066
vn 0.240911 -0.82705 0.507888
vn 0.251424 -0.832941 0.492945
vn 0.260678 -0.831401 0.490734
vn 0.156875 -0.791019 0.591336
vn 0.197667 -0.795227 0.573186
vn 0.325016 -0.815572 0.478755
vn 0.249461 -0.771022 0.585914
vn 0.263857 -0.789717 0.553829
vn 0.0985472 -0.74137 0.663822
vn 0.125672 -0.799654 0.587163
vn -0.0263729 -0.729846 0.683102
vn -0.153672 -0.700736 0.696674
vn 0.00737046 -0.713381 0.700738
vn 0.035909 -0.727002 0.685696
vn 0.738738 -0.645102 0.195217
vn -0.055346 -0.693874 0.717967
vn -0.158234 -0.670806 0.724556
vn -0.216622 -0.645828 0.732107
vn -0.282444 -0.63754 0.716777
vn -0.160949 -0.675429 0.719646
vn 0.849527 -0.527468 -0.00901138
vn 0.848659 -0.528877 -0.00821583
vn 0.849336 -0.527778 -0.00887461
vn 0.852861 -0.522008 -0.0116189
vn 0.849188 -0.528018 -0.00875374
vn 0.859045 -0.511598 -0.0175998
vn 0.902852 -0.42249 -0.0797518
vn 0.874601 -0.482092 -0.051574
vn 0.810034 -0.585961 0.022238
vn 0.855688 -0.513096 -0.0673166
vn 0.805564 -0.592312 -0.0152489
vn 0.838797 -0.538716 -0.0787686
vn 0.870182 -0.478125 -0.119081
vn 0.876696 -0.460222 -0.139999
vn 0.827018 -0.561279 -0.0317224
vn 0.882143 -0.308093 -0.356233
vn 0.7385 -0.672784 -0.0444954
vn 0.601507 -0.788746 0.126764
vn 0.806541 -0.0727372 -0.586686
vn 0.537918 -0.838183 -0.0899647
vn 0.539139 -0.841991 0.0194994
vn 0.405717 -0.901503 0.150617
vn 0.486616 -0.873532 0.012138
vn -0.411017 -0.888859 0.20247
vn -0.404611 -0.884531 0.232153
vn -0.41089 -0.888658 0.20361
vn -0.404 -0.887009 0.223604
vn -0.410668 -0.888462 0.204908
vn -0.408196 -0.891895 0.194678
vn -0.372591 -0.873815 0.312448
vn -0.378891 -0.895385 0.233938
vn -0.395827 -0.913661 0.092438
vn -0.309406 -0.886291 0.344611
vn -0.332011 -0.927561 0.171463
vn -0.344289 -0.93886 -0.00258
vn -0.193462 -0.853665 0.483558
vn -0.247614 -0.956112 0.156643
vn -0.255295 -0.966468 0.0276432
vn 0.0104939 -0.789902 0.613143
vn -0.014306 -0.59208 0.805752
vn -0.0771597 -0.973276 0.216285
vn -0.162574 -0.971371 -0.173227
vn 0.131959 -0.931251 0.339646
vn 0.0360144 -0.998784 0.0336805
vn -0.136704 -0.873822 -0.466634
vn 0.179879 -0.94933 0.257715
vn -0.247013 -0.952674 -0.177192
vn -0.252233 -0.95248 -0.170764
vn -0.249486 -0.952554 -0.174348
vn -0.262998 -0.95188 -0.157345
vn -0.25163 -0.952491 -0.171589
vn -0.2767 -0.950936 -0.13841
vn -0.218195 -0.946364 -0.238298
vn -0.26614 -0.945207 -0.189086
vn -0.33942 -0.937052 -0.0820182
vn -0.225208 -0.92606 -0.30281
vn -0.374866 -0.926685 -0.0270305
vn -0.283215 -0.933496 -0.219941
vn -0.571674 -0.659799 0.487702
vn -0.15266 -0.963403 -0.220338
vn -0.220145 -0.95695 -0.189163
vn -0.278075 -0.959999 -0.0328022
vn -0.291798 -0.949317 -0.116842
vn -0.357455 -0.933575 0.0257662
vn -0.361466 -0.932379 0.00339391
vn -0.326856 -0.943383 -0.0565158
vn -0.291455 -0.948899 -0.121014
vn -0.258852 -0.951618 -0.165587
vn -0.296168 -0.95067 -0.0922587
vn -0.813909 -0.5509 0.184555
vn -0.818399 -0.543866 0.18556
vn -0.811905 -0.553857 0.184533
vn -0.820372 -0.540923 0.185452
vn -0.80661 -0.561671 0.184135
vn -0.826814 -0.531171 0.18503
vn -0.860895 -0.47565 0.180601
vn -0.841549 -0.502778 0.197511
vn -0.726333 -0.644387 0.239175
vn -0.844508 -0.48063 0.236221
vn -0.792141 -0.556259 0.251175
vn -0.842675 -0.489185 0.224939
vn -0.894676 -0.403852 0.190941
vn -0.915709 -0.354788 0.188684
vn -0.834682 -0.478341 0.272939
vn -0.960387 -0.22644 0.162427
vn -0.842467 -0.415086 0.343442
vn -0.499019 -0.667349 0.552834
vn -0.998853 0.0119926 0.0463496
vn -0.736848 -0.332908 0.588411
vn -0.755676 -0.376432 0.53596
vn -0.098439 -0.683558 0.723228
vn -0.692258 -0.375609 0.616195
vn -0.692258 -0.375609 0.616196
vn 0.502669 -0.864478 -0.00157262
vn 0.504288 -0.863498 -0.0081051
vn 0.503624 -0.863922 -0.00160802
vn 0.492869 0.865775 0.0866853
vn 0.492123 0.865438 0.0939828
vn 0.490396 0.865627 0.101009
vn 0.505983 -0.862418 -0.0147102
vn -0.996699 -0.00141068 -0.0811786
vn -0.996634 -0.0026458 -0.0819386
vn -0.996683 -0.00235229 -0.0813496
vn -0.99656 -0.00390468 -0.0827822
vn 0.493601 0.865342 0.0868356
vn 0.506636 -0.862026 -0.0151778
vn 0.489911 0.866208 0.0983366
vn 0.48937 0.86761 0.088145
vn 0.507293 -0.861724 -0.00921014
vn -0.996839 -0.00475173 -0.0793044
vn -0.997129 -0.00625143 -0.0754634
vn 0.505634 -0.86231 0.0274671
vn 0.491829 0.869403 0.0473509
vn 0.493426 0.869632 0.016422
vn 0.504048 -0.861726 0.0579982
vn -0.997443 -0.00709987 -0.0711176
vn -0.997446 -0.00778292 -0.0709926
vn 0.501171 -0.860138 0.0948143
vn 0.495037 0.86877 -0.0132577
vn 0.495259 0.868661 -0.0120617
vn 0.50108 -0.859485 0.101018
vn -0.996924 -0.00825133 -0.0779342
vn -0.996333 -0.00850464 -0.0851347
vn 0.50226 -0.860696 0.0832962
vn 0.495243 0.868664 -0.012533
vn 0.495233 0.868646 -0.0140792
vn 0.503705 -0.861845 0.0591986
vn -0.997733 -0.00774875 -0.0668525
vn -0.999125 -0.00671295 -0.0412926
vn 0.504612 -0.862697 0.0334882
vn 0.494874 0.868965 0.000188822
vn 0.494066 0.869279 0.0159211
vn 0.504939 -0.86257 0.0317735
vn -0.999537 -0.00610494 -0.0298162
vn -0.999014 -0.00663454 -0.0439082
vn 0.505535 -0.862525 0.0220138
vn 0.493495 0.869423 0.0237861
vn 0.494445 0.86906 0.0160609
vn 0.505552 -0.862682 0.0140267
vn -0.999091 -0.00704149 -0.0420527
vn -0.999633 -0.007104 -0.0261223
vn 0.505285 -0.86293 0.00615971
vn 0.494254 0.86873 -0.0319452
vn 0.492094 0.867547 -0.0721531
vn 0.505537 -0.862783 0.0061261
vn -0.999536 -0.00538473 0.0299833
vn -0.997529 -0.00408625 0.0701414
vn 0.500517 -0.864827 -0.0394559
vn 0.488273 0.865524 -0.111612
vn 0.487595 0.866 -0.110881
vn 0.493271 -0.865761 -0.0845075
vn -0.987988 -0.00111385 0.154528
vn -0.980087 -0.000385406 0.198569
vn 0.483359 -0.865307 -0.132692
vn 0.486926 0.865998 -0.113797
vn 0.486233 0.865893 -0.117503
vn 0.481385 -0.865935 -0.13574
vn -0.968344 0.000709691 0.249618
vn -0.966424 0.000108184 0.256954
vn 0.483732 -0.866111 -0.125915
vn 0.486814 0.865908 -0.114957
vn 0.488563 0.865728 -0.108726
vn 0.486922 -0.866177 -0.112451
vn -0.969572 0.000165815 0.244805
vn -0.974339 5.71021e-005 0.225085
vn 0.490098 -0.866109 -0.0982785
vn 0.482641 0.865602 -0.133387
vn 0.474062 0.86507 -0.164071
vn 0.491463 -0.865347 -0.098179
vn -0.971818 0.000827441 0.235733
vn -0.963979 0.00103561 0.265976
vn 0.480805 -0.867001 -0.130904
vn 0.468021 0.863948 -0.185876
vn 0.470885 0.864225 -0.177153
vn 0.469576 -0.867475 -0.164273
vn -0.947235 0.00241053 0.320532
vn -0.938631 0.00283885 0.344911
vn 0.45283 -0.867587 -0.205518
vn 0.472645 0.864163 -0.172709
vn 0.471273 0.864052 -0.176961
vn 0.449473 -0.867172 -0.214445
vn -0.92413 0.00344994 0.382062
vn -0.918696 0.00286039 0.394956
vn 0.452107 -0.86675 -0.210577
vn 0.462662 0.864809 -0.195061
vn 0.455339 0.865448 -0.208966
vn 0.458787 -0.866118 -0.198379
vn -0.912397 0.00220835 0.409301
vn -0.911863 0.00099769 0.410493
vn 0.463575 -0.865612 -0.189247
vn 0.445883 0.865839 -0.226962
vn 0.443522 0.865952 -0.231118
vn 0.462348 -0.865463 -0.192897
vn -0.907696 0.000288995 0.419629
vn -0.904159 -0.000408726 0.427195
vn 0.458984 -0.865683 -0.199815
vn 0.439256 0.865748 -0.239863
vn 0.437064 0.865572 -0.244458
vn 0.457239 -0.865739 -0.203542
vn -0.896374 4.22819e-005 0.443298
vn -0.892259 0.000254946 0.451523
vn 0.47012 -0.864064 -0.179945
vn 0.448855 0.865377 -0.222828
vn 0.455835 0.865024 -0.209637
vn 0.477356 -0.862829 -0.166305
vn -0.866429 0.00179101 0.499298
vn -0.854925 0.00242508 0.518747
vn 0.498183 -0.858019 -0.124968
vn -0.817857 0.00437648 0.575405
vn 0.475882 0.862961 -0.169806
vn -0.252856 -0.704355 -0.663286
vn -0.319783 -0.731343 -0.602392
vn -0.329024 -0.742634 -0.583299
vn -0.213876 0.70345 -0.677802
vn -0.248943 0.72077 -0.64693
vn -0.270164 0.749441 -0.604441
vn -0.386196 -0.760013 -0.522718
vn -0.387329 -0.764046 -0.515955
vn -0.297278 0.769477 -0.565271
vn -0.438901 0.655009 -0.615085
vn -0.426856 -0.762389 -0.486371
vn -0.791357 0.538693 0.289075
vn -0.67573 0.697841 0.2375
vn -0.874255 0.357265 0.328695
vn -0.546771 0.478922 -0.686786
vn 0.199142 -0.777295 -0.596787
vn 0.154002 -0.671573 -0.724757
vn 0.0955419 -0.658229 -0.74673
vn 0.12926 -0.610093 -0.781715
vn 0.136546 0.774684 -0.61743
vn 0.218933 0.746577 -0.628244
vn 0.208553 0.758859 -0.616959
vn 0.259512 0.730364 -0.63184
vn 0.266339 -0.689718 -0.673315
vn 0.239384 0.72122 -0.650028
vn 0.0937331 0.603396 -0.791914
vn 0.191555 0.562655 -0.804192
vn 0.213176 0.566314 -0.796143
vn -0.794548 -0.415253 -0.44301
vn -0.756415 -0.481141 -0.443102
vn -0.732121 -0.531308 -0.426275
vn 0.263448 0.556271 -0.788136
vn 0.2948 0.431567 -0.852551
vn -0.621531 -0.655702 -0.428665
vn -0.587546 -0.678626 -0.440745
vn 0.175105 0.560163 -0.809664
vn 0.356296 0.1052 -0.928432
vn -0.576472 -0.673349 -0.462906
vn -0.70715 -0.556566 -0.436088
vn -0.0759644 0.860804 -0.503235
vn -0.110328 0.892623 -0.437094
vn -0.0518428 0.865642 -0.497972
vn -0.742453 -0.490127 -0.456662
vn -0.784406 -0.423941 -0.452749
vn -0.00601116 0.780505 -0.625121
vn -0.725348 -0.423127 -0.542986
vn -0.85044 -0.313094 -0.422758
vn -0.903182 -0.175759 -0.391625
vn -0.919329 -0.166315 -0.356615
vn 0.415516 -0.216077 -0.883548
vn 0.432611 -0.166477 -0.886077
vn 0.462353 -0.122029 -0.878259
vn -0.947244 -0.0549495 -0.315767
vn -0.952477 -0.0651962 -0.297551
vn 0.499166 0.0224087 -0.866216
vn 0.49878 0.0765728 -0.863339
vn -0.942318 -0.10453 -0.317979
vn -0.242983 0.551328 -0.798121
vn 0.48697 0.130846 -0.863562
vn 0.454331 0.045399 -0.889675
vn -0.889699 -0.195187 -0.412721
vn -0.911721 -0.223505 -0.34469
vn -0.871687 -0.179781 -0.455895
vn 0.585626 -0.529609 -0.613642
vn 0.537587 -0.581207 -0.6109
vn 0.556428 -0.590167 -0.584885
vn 0.512502 -0.605982 -0.608381
vn -0.829836 -0.135092 -0.541407
vn 0.498219 -0.561404 -0.66076
vn 0.453622 -0.121354 -0.882893
vn 0.417 -0.288987 -0.861741
vn 0.439673 -0.311391 -0.842451
vn -0.520801 0.663655 -0.536961
vn -0.617113 0.604446 -0.503802
vn -0.666802 0.575891 -0.472995
vn 0.435843 -0.403092 -0.804709
vn 0.468722 -0.37962 -0.797614
vn -0.731592 0.524829 -0.435118
vn -0.852885 0.289034 -0.434794
vn 0.454492 -0.404655 -0.793531
vn -0.416116 -0.66425 -0.620983
vn -0.955008 -0.045024 -0.293142
vn -0.843421 0.302004 -0.444336
vn -0.72185 0.507368 -0.470648
vn 0.794352 0.19211 -0.57628
vn 0.735156 0.206364 -0.645724
vn 0.73336 0.185395 -0.654073
vn 0.703126 0.212847 -0.678461
vn -0.687638 0.532549 -0.493504
vn -0.669814 0.524724 -0.52537
vn 0.737607 0.247781 -0.628124
vn -0.645531 0.441768 -0.623002
vn -0.601404 0.638066 -0.480818
vn -0.510173 0.684925 -0.520193
vn -0.511264 0.705602 -0.490647
vn -0.387877 -0.768442 -0.508968
vn -0.348763 -0.775699 -0.52598
vn -0.327639 -0.781328 -0.531205
vn -0.421631 0.750898 -0.508311
vn -0.334734 0.717013 -0.611429
vn -0.252402 -0.785275 -0.565364
vn -0.225203 -0.779096 -0.585058
vn -0.370475 0.718243 -0.588962
vn -0.45697 0.649683 -0.607528
vn -0.292612 -0.810582 -0.507283
vn -0.35278 -0.838984 -0.414308
vn -0.582076 0.623039 -0.522504
vn -0.562987 0.564097 -0.60402
vn -0.359274 -0.845878 -0.394223
vn -0.30024 -0.841642 -0.448882
vn -0.546791 0.556279 -0.625759
vn -0.252362 -0.797105 -0.548578
vn -0.259474 -0.811771 -0.523164
vn -0.355733 -0.789651 -0.499905
vn -0.333343 -0.821401 -0.462799
vn 0.405893 0.358353 -0.840734
vn 0.37138 0.402787 -0.836564
vn 0.352458 0.437227 -0.827409
vn -0.412504 -0.808454 -0.419813
vn -0.393474 -0.831205 -0.392781
vn 0.220771 0.548915 -0.806196
vn 0.176383 0.55329 -0.8141
vn -0.3476 -0.863356 -0.365774
vn -0.572482 0.3179 -0.755781
vn 0.324686 0.517045 -0.791987
vn 0.596984 0.345246 -0.724165
vn -0.194134 -0.904129 -0.380609
vn -0.186272 -0.920681 -0.343001
vn -0.196503 -0.891636 -0.407886
vn 0.745673 0.242965 -0.620435
vn 0.762974 0.201472 -0.614231
vn -0.208834 -0.866282 -0.45381
vn 0.7324 0.205271 -0.649195
vn 0.263518 0.612482 -0.745268
vn 0.320803 0.522255 -0.790149
vn 0.344663 0.549798 -0.760874
vn -0.933196 0.263362 -0.244509
vn -0.953921 0.141661 -0.264512
vn -0.959483 0.0894765 -0.267182
vn 0.408689 0.487599 -0.771506
vn 0.404848 0.401398 -0.82157
vn -0.94381 -0.0934621 -0.316997
vn -0.922261 -0.151155 -0.355789
vn 0.391461 0.477739 -0.786463
vn 0.340223 0.145894 -0.928958
vn -0.918244 -0.170928 -0.357227
vn -0.943942 -0.0951266 -0.316108
vn 0.285998 0.752201 -0.593632
vn 0.294284 0.764482 -0.573554
vn 0.269047 0.733827 -0.623788
vn -0.937999 -0.0812363 -0.336986
vn -0.926606 -0.0842674 -0.36647
vn 0.268916 0.726272 -0.632624
vn -0.881135 -0.112751 -0.459226
vn -0.96264 -0.0215639 -0.269923
vn -0.95774 0.0227509 -0.286733
vn -0.953508 0.0407716 -0.298599
vn 0.239807 -0.7253 -0.645316
vn 0.208707 -0.757049 -0.619127
vn 0.268673 -0.734636 -0.622996
vn -0.936568 0.101407 -0.335494
vn -0.862302 0.151952 -0.483059
vn 0.333453 -0.695428 -0.636544
vn 0.412388 -0.628786 -0.659215
vn -0.886218 0.104561 -0.451315
vn -0.879827 -0.00102915 -0.475293
vn 0.414938 -0.69605 -0.585953
vn 0.42623 -0.753019 -0.501289
vn -0.906191 -0.107029 -0.409099
vn -0.855707 -0.125456 -0.502023
vn 0.429417 -0.761595 -0.485359
vn 0.454256 -0.711098 -0.536648
vn -0.823662 -0.105757 -0.557133
vn 0.436313 -0.638717 -0.633776
vn 0.464099 -0.497554 -0.732838
vn 0.439053 -0.517821 -0.734229
vn 0.441458 -0.523081 -0.729041
vn -0.00612911 0.825612 -0.564205
vn 0.0565595 0.824401 -0.563173
vn -0.0136777 0.847734 -0.530246
vn 0.399639 -0.551917 -0.731899
vn 0.392608 -0.559029 -0.730305
vn -0.197978 0.827184 -0.525901
vn -0.326591 0.789131 -0.520203
vn 0.566279 -0.494667 -0.659267
vn -0.275832 -0.381896 -0.882084
vn -0.32002 0.799542 -0.508252
vn -0.120941 0.883036 -0.453455
vn 0.73468 -0.381581 -0.560928
vn 0.763861 -0.38009 -0.521582
vn 0.722972 -0.385229 -0.573507
vn -0.0314343 0.904453 -0.425414
vn 0.018814 0.902868 -0.429505
vn 0.671028 -0.381812 -0.635564
vn -0.0111229 0.859145 -0.511612
vn -0.429066 0.811499 -0.396701
vn -0.381326 0.810736 -0.444182
vn -0.366411 0.812206 -0.453944
vn -0.881682 -0.456175 -0.120586
vn -0.876224 -0.464596 -0.127995
vn -0.839582 -0.524771 -0.140417
vn -0.316303 0.805951 -0.500395
vn -0.291571 0.762805 -0.57716
vn -0.756487 -0.619164 -0.210626
vn -0.656489 -0.702588 -0.274576
vn -0.343044 0.775349 -0.53024
vn -0.416803 0.773858 -0.476885
vn -0.608067 -0.730994 -0.309681
vn -0.609446 -0.736538 -0.293407
vn -0.469472 0.783701 -0.406705
vn -0.464247 0.761563 -0.452214
vn -0.58779 -0.7242 -0.360606
vn -0.569428 -0.716248 -0.403411
vn -0.432114 0.733466 -0.524695
vn -0.511174 -0.681525 -0.523664
vn -0.480403 -0.845085 -0.234615
vn -0.586618 -0.764982 -0.265859
vn -0.610964 -0.749959 -0.253541
vn 0.658487 -0.319988 -0.681177
vn 0.656867 -0.306696 -0.688813
vn 0.667839 -0.246997 -0.702128
vn -0.715484 -0.634795 -0.291749
vn -0.732466 -0.49056 -0.472063
vn 0.655231 -0.128045 -0.744498
vn 0.635974 -0.0295326 -0.771145
vn -0.731434 -0.47645 -0.487852
vn -0.645288 -0.527982 -0.552122
vn 0.717517 -0.102967 -0.688888
vn 0.799937 -0.193577 -0.568005
vn -0.588582 -0.650359 -0.480213
vn -0.538039 -0.620389 -0.570641
vn 0.848825 -0.253258 -0.464065
vn 0.844085 -0.21206 -0.492495
vn -0.529584 -0.590786 -0.608698
vn 0.825542 -0.196486 -0.529032
vn 0.608312 0.335535 -0.719287
vn 0.601656 0.283697 -0.746676
vn 0.613875 0.275854 -0.739637
vn -0.66229 0.728065 -0.176898
vn -0.678503 0.711098 -0.184316
vn -0.715521 0.675846 -0.176812
vn 0.622895 0.249714 -0.741381
vn 0.588113 0.237875 -0.773006
vn -0.774188 0.60103 -0.198485
vn -0.816009 0.537086 -0.213699
vn 0.638978 0.348398 -0.685803
vn 0.48054 0.192108 -0.855673
vn -0.829106 0.503677 -0.242679
vn -0.807943 0.545283 -0.22337
vn 0.74023 0.517185 -0.429628
vn 0.754769 0.5488 -0.359365
vn 0.745376 0.496788 -0.44454
vn -0.774851 0.547991 -0.315139
vn -0.745182 0.568968 -0.347821
vn 0.697518 0.444479 -0.562057
vn -0.704472 0.499565 -0.504137
vn -0.954202 0.298302 -0.0226843
vn -0.919049 0.377651 -0.112819
vn -0.906544 0.405329 -0.117841
vn -0.306788 -0.918614 -0.249059
vn -0.278726 -0.915524 -0.290047
vn -0.250199 -0.916623 -0.311774
vn -0.855502 0.477776 -0.199614
vn -0.827769 0.480772 -0.289236
vn -0.198658 -0.907628 -0.369791
vn -0.141507 -0.8996 -0.413153
vn -0.820123 0.468229 -0.328875
vn -0.837895 0.427866 -0.338913
vn -0.122803 -0.912806 -0.389492
vn -0.115357 -0.932135 -0.343246
vn -0.842724 0.409589 -0.349362
vn -0.826402 0.39833 -0.397986
vn -0.111702 -0.914686 -0.388422
vn -0.0990006 -0.892089 -0.440881
vn -0.777272 0.392028 -0.4921
vn -0.0647603 -0.808866 -0.584416
vn 0.374082 -0.814591 -0.443289
vn 0.270744 -0.833575 -0.481509
vn 0.253837 -0.846938 -0.467186
vn 0.668818 0.519483 -0.531808
vn 0.593754 0.567985 -0.569955
vn 0.547276 0.603301 -0.5801
vn 0.184195 -0.861229 -0.473664
vn 0.133872 -0.803593 -0.579928
vn 0.442253 0.654463 -0.613262
vn 0.402124 0.671071 -0.622865
vn 0.213197 -0.817439 -0.535107
vn 0.319131 -0.778842 -0.539963
vn 0.464143 0.690376 -0.554935
vn 0.522004 0.7087 -0.474611
vn 0.441899 -0.777318 -0.447775
vn 0.437825 -0.72613 -0.530136
vn 0.53936 0.713362 -0.447443
vn 0.498423 0.718347 -0.485336
vn 0.407004 -0.702863 -0.583379
vn 0.45582 0.690374 -0.561794
vn 0.0210253 0.971011 -0.23811
vn 0.0825315 0.928125 -0.363006
vn 0.109506 0.919274 -0.378078
vn -0.969655 0.199835 0.140835
vn -0.996674 0.0764691 0.0281651
vn -0.999678 0.0223409 -0.0120115
vn 0.164784 0.875235 -0.454763
vn 0.160444 0.846736 -0.507244
vn -0.982835 -0.112169 -0.14647
vn -0.960196 -0.181894 -0.211987
vn 0.129615 0.864853 -0.485004
vn 0.109294 0.906758 -0.407239
vn -0.939527 -0.232271 -0.251671
vn -0.955768 -0.207708 -0.208243
vn 0.111689 0.922594 -0.369251
vn 0.133294 0.912415 -0.386952
vn -0.937207 -0.178798 -0.299458
vn -0.928057 -0.147224 -0.342105
vn 0.136819 0.838399 -0.527606
vn -0.826575 -0.161993 -0.539011
vn -0.815027 -0.574681 0.0739769
vn -0.858258 -0.513111 0.0104893
vn -0.867841 -0.495324 0.0388084
vn 0.512597 -0.763692 -0.392452
vn 0.519636 -0.735437 -0.434869
vn 0.522748 -0.72417 -0.449791
vn -0.914282 -0.403805 -0.0320792
vn -0.922131 -0.363474 -0.132519
vn 0.527415 -0.703352 -0.476581
vn 0.545127 -0.675676 -0.496285
vn -0.918455 -0.337937 -0.205519
vn -0.900472 -0.376838 -0.217125
vn 0.571765 -0.679007 -0.460472
vn 0.598268 -0.678452 -0.426355
vn -0.886513 -0.384081 -0.258025
vn -0.869096 -0.375296 -0.32222
vn 0.59762 -0.687156 -0.413118
vn 0.593716 -0.676957 -0.435006
vn -0.823289 -0.327039 -0.463941
vn 0.577253 -0.648879 -0.495717
vn 0.880935 -0.0978065 -0.463019
vn 0.836328 -0.157763 -0.525039
vn 0.850641 -0.17769 -0.494809
vn 0.0458833 0.983131 -0.177052
vn -0.0334697 0.973109 -0.227901
vn -0.0633059 0.967524 -0.244725
vn 0.809919 -0.248424 -0.531335
vn 0.756732 -0.261486 -0.599151
vn -0.155613 0.935753 -0.316465
vn -0.198397 0.91324 -0.355852
vn 0.777845 -0.241142 -0.580351
vn 0.813007 -0.157226 -0.560624
vn -0.211341 0.921699 -0.325277
vn -0.215428 0.93855 -0.269655
vn 0.876723 -0.0932283 -0.471873
vn 0.849845 -0.0638075 -0.523155
vn -0.227349 0.926622 -0.299474
vn -0.259958 0.897617 -0.355958
vn 0.842178 -0.0651202 -0.535253
vn -0.272004 0.835101 -0.478143
vn -0.705127 0.681855 0.194599
vn -0.678788 0.732695 0.0490418
vn -0.654073 0.755091 0.0450198
vn -0.717294 -0.652832 0.243517
vn -0.693393 -0.713635 0.0996537
vn -0.695837 -0.715274 0.0647617
vn -0.595587 0.79897 -0.0832066
vn -0.577774 0.800411 -0.159751
vn -0.670338 -0.738654 -0.0709765
vn -0.646711 -0.751195 -0.132174
vn -0.578242 0.78642 -0.217209
vn -0.590647 0.791052 -0.159287
vn -0.600276 -0.770386 -0.214884
vn -0.603829 -0.769544 -0.207829
vn -0.564944 0.797806 -0.210581
vn -0.535729 0.80747 -0.246954
vn -0.61661 -0.73777 -0.27475
vn -0.640254 -0.713405 -0.284831
vn -0.47458 0.745546 -0.467905
vn -0.601412 -0.677387 -0.423616
vn 0.125313 -0.990752 0.0520366
vn 0.0215151 -0.998955 -0.0403196
vn -0.0136479 -0.997215 -0.0733236
vn 0.972939 -0.0452325 -0.226594
vn 0.964001 -0.0217041 -0.26501
vn 0.950325 0.044993 -0.307989
vn -0.115582 -0.976177 -0.18363
vn -0.135689 -0.939976 -0.313104
vn 0.907331 0.136123 -0.397769
vn 0.851877 0.23193 -0.469589
vn -0.128314 -0.925241 -0.357021
vn -0.0841718 -0.926963 -0.365589
vn 0.854718 0.259452 -0.449601
vn 0.881691 0.265021 -0.390366
vn -0.068189 -0.918617 -0.389222
vn -0.0701057 -0.892709 -0.445147
vn 0.872919 0.252699 -0.417318
vn 0.851278 0.248824 -0.461966
vn -0.090051 -0.813502 -0.574548
vn 0.76183 0.249791 -0.597678
vn 0.624229 0.752187 -0.211073
vn 0.625137 0.736974 -0.257048
vn 0.618216 0.732756 -0.284391
vn -0.675602 0.668256 0.311441
vn -0.697542 0.657275 0.285349
vn -0.740172 0.619128 0.262345
vn 0.607375 0.712245 -0.351857
vn 0.568857 0.703885 -0.42538
vn -0.820339 0.548908 0.160449
vn -0.89083 0.450503 0.0589
vn 0.558422 0.736686 -0.381391
vn 0.51796 0.780915 -0.349126
vn -0.922104 0.385644 -0.03167
vn -0.942724 0.324928 -0.0754518
vn 0.4971 0.804239 -0.325716
vn 0.462012 0.797986 -0.386992
vn -0.932498 0.275594 -0.233443
vn -0.918433 0.232029 -0.320381
vn 0.449387 0.769237 -0.454232
vn -0.844384 0.19181 -0.500224
vn -0.856743 -0.142139 0.495771
vn -0.91763 -0.0982798 0.385091
vn -0.935808 -0.0849176 0.34213
vn 0.160812 -0.973818 0.160677
vn 0.166145 -0.981522 0.0949261
vn 0.17885 -0.982081 0.0594099
vn -0.987298 -0.0283232 0.156332
vn -0.999671 -0.0254331 0.00332419
vn 0.196535 -0.97918 -0.0508035
vn 0.238575 -0.960231 -0.145047
vn -0.991841 -0.0227243 -0.125439
vn -0.993527 -0.0212125 -0.111598
vn 0.267626 -0.941993 -0.202548
vn 0.262883 -0.949061 -0.173711
vn -0.978611 0.00860071 -0.20554
vn -0.96919 0.0391452 -0.243185
vn 0.229019 -0.942157 -0.244726
vn 0.195345 -0.941693 -0.273962
vn -0.888513 0.0450653 -0.456634
vn 0.186053 -0.870252 -0.456121
vn 0.821131 -0.563772 0.0889101
vn 0.792787 -0.609244 -0.0176338
vn 0.779246 -0.625466 -0.0396042
vn 0.642368 0.754209 0.136134
vn 0.628761 0.771503 0.0971709
vn 0.599753 0.797539 0.0650235
vn 0.726906 -0.664722 -0.172487
vn 0.703435 -0.651926 -0.283146
vn 0.546744 0.836764 -0.0299501
vn 0.472113 0.873682 -0.117424
vn 0.698817 -0.635835 -0.327671
vn 0.728387 -0.616092 -0.299804
vn 0.41916 0.887191 -0.192865
vn 0.392747 0.894332 -0.21429
vn 0.727642 -0.61327 -0.307305
vn 0.713569 -0.607197 -0.349474
vn 0.37057 0.86627 -0.335043
vn 0.361705 0.847572 -0.388318
vn 0.663146 -0.583219 -0.469142
vn 0.308734 0.775626 -0.550534
vn 0.0549135 0.894502 0.443679
vn 0.0247372 0.929758 0.36734
vn -0.00180922 0.942793 0.333373
vn -0.614825 -0.274485 0.739357
vn -0.717566 -0.297956 0.62954
vn -0.748894 -0.306029 0.587797
vn -0.056912 0.979025 0.195629
vn -0.125813 0.988553 0.0832718
vn -0.847884 -0.325998 0.418113
vn -0.882918 -0.36286 0.297975
vn -0.176032 0.984234 -0.0172195
vn -0.235621 0.969807 -0.0629006
vn -0.905662 -0.39266 0.159985
vn -0.890968 -0.445741 0.0865534
vn -0.261975 0.947448 -0.183604
vn -0.286432 0.922987 -0.257005
vn -0.88079 -0.468945 -0.0655701
vn -0.8602 -0.488175 -0.147446
vn -0.27824 0.872515 -0.401621
vn -0.827823 -0.468591 -0.308434
vn -0.34701 -0.650356 0.675738
vn -0.427508 -0.705951 0.564686
vn -0.45408 -0.715553 0.530843
vn 0.907047 -0.369532 0.201772
vn 0.914639 -0.397154 0.0755228
vn 0.911657 -0.40898 0.0402104
vn -0.538725 -0.756069 0.371664
vn -0.559128 -0.78852 0.256149
vn 0.89964 -0.429831 -0.0767683
vn 0.90005 -0.409613 -0.148751
vn -0.570363 -0.813306 0.114976
vn -0.577781 -0.808781 0.109735
vn 0.895844 -0.382264 -0.22658
vn 0.895777 -0.386412 -0.219702
vn -0.613708 -0.788347 -0.0432601
vn -0.640674 -0.762534 -0.0898751
vn 0.855857 -0.410878 -0.314147
vn 0.831922 -0.439487 -0.338757
vn -0.609098 -0.706217 -0.360912
vn 0.740323 -0.407732 -0.534487
# 2081 normals
usemtl Stalk
f  1/1/1 4/2/2 2/3/3
f  1/4/4 6/5/5 4/6/6
f  2/3/3 4/2/2 5/7/7
f  2/3/8 5/7/9 3/8/10
f  3/8/10 5/7/9 6/5/11
f  3/8/12 6/5/5 1/4/4
f  4/2/2 7/9/13 5/7/7
f  4/6/6 9/10/14 7/11/15
f  5/7/7 7/9/13 8/12/16
f  5/7/9 8/12/17 6/5/11
f  6/5/11 8/12/17 9/10/18
f  6/5/5 9/10/14 4/6/6
f  7/9/13 10/13/19 8/12/16
f  7/11/15 12/14/20 10/15/21
f  8/12/16 10/13/19 11/16/22
f  8/12/17 11/16/23 9/10/18
f  9/10/18 11/16/23 12/14/24
f  9/10/14 12/14/20 7/11/15
f  10/13/19 13/17/25 11/16/22
f  10/15/21 15/18/26 13/19/27
f  11/16/22 13/17/25 14/20/28
f  11/16/23 14/20/29 12/14/24
f  12/14/24 14/20/29 15/18/30
f  12/14/20 15/18/26 10/15/21
f  13/17/25 16/21/31 14/20/28
f  13/19/27 18/22/32 16/23/33
f  14/20/28 16/21/31 17/24/34
f  14/20/29 17/24/35 15/18/30
f  15/18/30 17/24/35 18/22/36
f  15/18/26 18/22/32 13/19/27
f  16/21/31 19/25/37 17/24/34
f  16/23/33 21/26/38 19/27/39
f  17/24/34 19/25/37 20/28/40
f  17/24/35 20/28/41 18/22/36
f  18/22/36 20/28/41 21/26/42
f  18/22/32 21/26/38 16/23/33
f  19/25/37 22/29/43 20/28/40
f  19/27/39 24/30/44 22/31/45
f  20/28/40 22/29/43 23/32/46
f  20/28/41 23/32/47 21/26/42
f  21/26/42 23/32/47 24/30/48
f  21/26/38 24/30/44 19/27/39
f  22/29/43 25/33/49 23/32/46
f  22/31/45 27/34/50 25/35/51
f  23/32/46 25/33/49 26/36/52
f  23/32/47 26/36/53 24/30/48
f  24/30/48 26/36/53 27/34/54
f  24/30/44 27/34/50 22/31/45
f  25/33/49 28/37/55 26/36/52
f  25/35/51 30/38/56 28/39/57
f  26/36/52 28/37/55 29/40/58
f  26/36/53 29/40/59 27/34/54
f  27/34/54 29/40/59 30/38/60
f  27/34/50 30/38/56 25/35/51
f  28/37/55 31/41/61 29/40/58
f  28/39/57 33/42/62 31/43/63
f  29/40/58 31/41/61 32/44/64
f  29/40/59 32/44/65 30/38/60
f  30/38/60 32/44/65 33/42/66
f  30/38/56 33/42/62 28/39/57
f  31/41/61 34/45/67 32/44/64
f  31/43/63 36/46/68 34/47/69
f  32/44/64 34/45/67 35/48/70
f  32/44/65 35/48/71 33/42/66
f  33/42/66 35/48/71 36/46/72
f  33/42/62 36/46/68 31/43/63
f  34/45/67 37/49/73 35/48/70
f  34/47/69 39/50/74 37/51/75
f  35/48/70 37/49/73 38/52/76
f  35/48/71 38/52/77 36/46/72
f  36/46/72 38/52/77 39/50/78
f  36/46/68 39/50/74 34/47/69
f  37/49/73 40/53/79 38/52/76
f  37/51/75 42/54/80 40/55/81
f  38/52/76 40/53/79 41/56/82
f  38/52/77 41/56/83 39/50/78
f  39/50/78 41/56/83 42/54/84
f  39/50/74 42/54/80 37/51/75
f  40/53/79 43/57/85 41/56/82
f  41/56/83 43/57/86 42/54/84
f  42/54/80 43/57/87 40/55/81
f  43/57/88 44/1/88 44/58/88
f  43/57/88 44/58/88 44/4/88
f  43/57/88 45/1/88 45/58/88
f  43/57/88 45/58/88 45/4/88
f  43/57/88 46/1/88 46/58/88
f  43/57/88 46/58/88 46/4/88
f  43/57/88 47/1/88 47/58/88
f  43/57/88 47/58/88 47/4/88
f  43/57/88 48/1/88 48/58/88
f  43/57/88 48/58/88 48/4/88
f  43/57/88 49/1/88 49/58/88
f  43/57/88 49/58/88 49/4/88
f  43/57/88 50/1/88 50/58/88
f  43/57/88 50/58/88 50/4/88
f  43/57/88 51/1/88 51/58/88
f  43/57/88 51/58/88 51/4/88
f  43/57/88 52/1/88 52/58/88
f  43/57/88 52/58/88 52/4/88
f  43/57/88 53/1/88 53/58/88
f  43/57/88 53/58/88 53/4/88
f  43/57/88 54/1/88 54/58/88
f  43/57/88 54/58/88 54/4/88
f  43/57/88 55/1/88 55/58/88
f  43/57/88 55/58/88 55/4/88
f  43/57/88 56/1/88 56/58/88
f  43/57/88 56/58/88 56/4/88
f  43/57/88 57/1/88 57/58/88
f  43/57/88 57/58/88 57/4/88
f  43/57/88 58/1/88 58/58/88
f  43/57/88 58/58/88 58/4/88
f  43/57/88 59/1/88 59/58/88
f  43/57/88 59/58/88 59/4/88
f  43/57/88 60/1/88 60/58/88
f  43/57/88 60/58/88 60/4/88
f  43/57/88 61/1/88 61/58/88
f  43/57/88 61/58/88 61/4/88
f  43/57/88 62/1/88 62/58/88
f  43/57/88 62/58/88 62/4/88
f  43/57/88 63/1/88 63/58/88
f  43/57/88 63/58/88 63/4/88
f  43/57/88 64/1/88 64/58/88
f  43/57/88 64/58/88 64/4/88
f  43/57/88 65/1/88 65/58/88
f  43/57/88 65/58/88 65/4/88
f  43/57/88 66/1/88 66/58/88
f  43/57/88 66/58/88 66/4/88
f  43/57/88 67/1/89 67/58/89
f  43/57/88 67/58/89 67/4/89
usemtl Petal
f  44/1/88 68/59/88 44/58/88
f  44/58/90 68/59/91 69/60/92
f  44/58/88 69/60/88 44/4/88
f  44/4/93 69/60/94 70/61/95
f  68/59/91 71/62/96 69/60/92
f  69/60/92 71/62/96 72/63/97
f  69/60/94 72/63/98 70/61/95
f  70/61/95 72/63/98 73/64/99
f  71/62/96 74/65/100 72/63/97
f  72/63/97 74/65/100 75/66/101
f  72/63/98 75/66/102 73/64/99
f  73/64/99 75/66/102 76/67/103
f  74/65/100 77/68/104 75/66/101
f  75/66/101 77/68/104 78/69/105
f  75/66/102 78/69/106 76/67/103
f  76/67/103 78/69/106 79/70/107
f  77/68/104 80/71/108 78/69/105
f  78/69/106 80/71/109 79/70/107
f  45/1/88 81/59/88 45/58/88
f  45/58/110 81/59/111 82/60/112
f  45/58/88 82/60/88 45/4/88
f  45/4/113 82/60/114 83/61/115
f  81/59/111 84/62/116 82/60/112
f  82/60/112 84/62/116 85/63/117
f  82/60/114 85/63/118 83/61/115
f  83/61/115 85/63/118 86/64/119
f  84/62/116 87/65/120 85/63/117
f  85/63/121 87/65/122 88/66/121
f  85/63/121 88/66/121 86/64/123
f  86/64/119 88/66/124 89/67/124
f  87/65/120 90/68/125 88/66/126
f  88/66/126 90/68/125 91/69/127
f  88/66/128 91/69/129 89/67/130
f  89/67/130 91/69/129 92/70/131
f  90/68/125 93/71/132 91/69/127
f  91/69/129 93/71/133 92/70/131
f  46/1/88 94/59/88 46/58/88
f  46/58/134 94/59/135 95/60/136
f  46/58/88 95/60/88 46/4/88
f  46/4/137 95/60/138 96/61/139
f  94/59/135 97/62/140 95/60/136
f  95/60/136 97/62/140 98/63/141
f  95/60/138 98/63/142 96/61/139
f  96/61/139 98/63/142 99/64/143
f  97/62/140 100/65/144 98/63/141
f  98/63/141 100/65/144 101/66/145
f  98/63/142 101/66/146 99/64/143
f  99/64/143 101/66/146 102/67/147
f  100/65/148 103/68/149 101/66/150
f  101/66/150 103/68/149 104/69/151
f  101/66/146 104/69/152 102/67/147
f  102/67/147 104/69/152 105/70/153
f  103/68/149 106/71/154 104/69/151
f  104/69/152 106/71/155 105/70/153
f  47/1/88 107/59/88 47/58/88
f  47/58/156 107/59/157 108/60/158
f  47/58/88 108/60/88 47/4/88
f  47/4/159 108/60/160 109/61/161
f  107/59/157 110/62/162 108/60/158
f  108/60/158 110/62/162 111/63/163
f  108/60/160 111/63/164 109/61/161
f  109/61/161 111/63/164 112/64/165
f  110/62/162 113/65/166 111/63/163
f  111/63/163 113/65/166 114/66/167
f  111/63/164 114/66/168 112/64/165
f  112/64/165 114/66/168 115/67/169
f  113/65/166 116/68/170 114/66/167
f  114/66/167 116/68/170 117/69/171
f  114/66/168 117/69/172 115/67/169
f  115/67/169 117/69/172 118/70/173
f  116/68/170 119/71/174 117/69/171
f  117/69/172 119/71/175 118/70/173
f  48/1/88 120/59/88 48/58/88
f  48/58/176 120/59/177 121/60/178
f  48/58/88 121/60/88 48/4/88
f  48/4/179 121/60/180 122/61/181
f  120/59/177 123/62/182 121/60/178
f  121/60/178 123/62/182 124/63/183
f  121/60/180 124/63/184 122/61/181
f  122/61/181 124/63/184 125/64/185
f  123/62/182 126/65/186 124/63/183
f  124/63/187 126/65/188 127/66/187
f  124/63/187 127/66/187 125/64/189
f  125/64/185 127/66/190 128/67/191
f  126/65/192 129/68/193 127/66/194
f  127/66/194 129/68/193 130/69/195
f  127/66/190 130/69/196 128/67/191
f  128/67/191 130/69/196 131/70/197
f  129/68/193 132/71/198 130/69/195
f  130/69/196 132/71/199 131/70/197
f  49/1/88 133/59/88 49/58/88
f  49/58/200 133/59/201 134/60/202
f  49/58/88 134/60/88 49/4/88
f  49/4/203 134/60/204 135/61/205
f  133/59/201 136/62/206 134/60/202
f  134/60/202 136/62/206 137/63/207
f  134/60/204 137/63/208 135/61/205
f  135/61/205 137/63/208 138/64/209
f  136/62/206 139/65/210 137/63/207
f  137/63/207 139/65/210 140/66/211
f  137/63/208 140/66/212 138/64/209
f  138/64/209 140/66/212 141/67/213
f  139/65/210 142/68/214 140/66/211
f  140/66/211 142/68/214 143/69/215
f  140/66/212 143/69/216 141/67/213
f  141/67/213 143/69/216 144/70/217
f  142/68/214 145/71/218 143/69/215
f  143/69/216 145/71/219 144/70/217
f  50/1/88 146/59/88 50/58/88
f  50/58/220 146/59/221 147/60/222
f  50/58/88 147/60/88 50/4/88
f  50/4/223 147/60/224 148/61/225
f  146/59/221 149/62/226 147/60/222
f  147/60/222 149/62/226 150/63/227
f  147/60/224 150/63/228 148/61/225
f  148/61/225 150/63/228 151/64/229
f  149/62/226 152/65/230 150/63/227
f  150/63/231 152/65/231 153/66/231
f  150/63/228 153/66/232 151/64/229
f  151/64/229 153/66/232 154/67/233
f  152/65/230 155/68/234 153/66/235
f  153/66/235 155/68/234 156/69/236
f  153/66/237 156/69/238 154/67/239
f  154/67/239 156/69/238 157/70/240
f  155/68/234 158/71/241 156/69/236
f  156/69/238 158/71/242 157/70/240
f  51/1/88 159/59/88 51/58/88
f  51/58/243 159/59/244 160/60/245
f  51/58/88 160/60/88 51/4/88
f  51/4/246 160/60/247 161/61/248
f  159/59/244 162/62/249 160/60/245
f  160/60/245 162/62/249 163/63/250
f  160/60/247 163/63/251 161/61/248
f  161/61/248 163/63/251 164/64/252
f  162/62/249 165/65/253 163/63/250
f  163/63/250 165/65/253 166/66/254
f  163/63/251 166/66/255 164/64/252
f  164/64/252 166/66/255 167/67/256
f  165/65/257 168/68/258 166/66/259
f  166/66/259 168/68/258 169/69/260
f  166/66/255 169/69/261 167/67/256
f  167/67/256 169/69/261 170/70/262
f  168/68/258 171/71/263 169/69/260
f  169/69/261 171/71/264 170/70/262
f  52/1/88 172/59/88 52/58/88
f  52/58/265 172/59/266 173/60/267
f  52/58/88 173/60/88 52/4/88
f  52/4/268 173/60/269 174/61/270
f  172/59/266 175/62/271 173/60/267
f  173/60/267 175/62/271 176/63/272
f  173/60/269 176/63/273 174/61/270
f  174/61/270 176/63/273 177/64/274
f  175/62/271 178/65/275 176/63/272
f  176/63/272 178/65/275 179/66/276
f  176/63/273 179/66/277 177/64/274
f  177/64/274 179/66/277 180/67/278
f  178/65/275 181/68/279 179/66/276
f  179/66/276 181/68/279 182/69/280
f  179/66/277 182/69/281 180/67/278
f  180/67/278 182/69/281 183/70/282
f  181/68/279 184/71/283 182/69/280
f  182/69/281 184/71/284 183/70/282
f  53/1/88 185/59/88 53/58/88
f  53/58/285 185/59/286 186/60/287
f  53/58/88 186/60/88 53/4/88
f  53/4/288 186/60/289 187/61/290
f  185/59/286 188/62/291 186/60/287
f  186/60/287 188/62/291 189/63/292
f  186/60/289 189/63/293 187/61/290
f  187/61/290 189/63/293 190/64/294
f  188/62/291 191/65/295 189/63/292
f  189/63/296 191/65/296 192/66/296
f  189/63/297 192/66/298 190/64/294
f  190/64/294 192/66/298 193/67/299
f  191/65/295 194/68/300 192/66/301
f  192/66/301 194/68/300 195/69/302
f  192/66/298 195/69/303 193/67/299
f  193/67/299 195/69/303 196/70/304
f  194/68/300 197/71/305 195/69/302
f  195/69/303 197/71/306 196/70/304
f  54/1/88 198/59/88 54/58/88
f  54/58/307 198/59/308 199/60/309
f  54/58/88 199/60/88 54/4/88
f  54/4/310 199/60/311 200/61/312
f  198/59/308 201/62/313 199/60/309
f  199/60/309 201/62/313 202/63/314
f  199/60/311 202/63/315 200/61/312
f  200/61/312 202/63/315 203/64/316
f  201/62/313 204/65/317 202/63/314
f  202/63/314 204/65/317 205/66/318
f  202/63/315 205/66/319 203/64/316
f  203/64/316 205/66/319 206/67/320
f  204/65/317 207/68/321 205/66/318
f  205/66/318 207/68/321 208/69/322
f  205/66/319 208/69/323 206/67/320
f  206/67/320 208/69/323 209/70/324
f  207/68/321 210/71/325 208/69/322
f  208/69/323 210/71/326 209/70/324
f  55/1/88 211/59/88 55/58/88
f  55/58/327 211/59/328 212/60/329
f  55/58/88 212/60/88 55/4/88
f  55/4/330 212/60/331 213/61/332
f  211/59/328 214/62/333 212/60/329
f  212/60/329 214/62/333 215/63/334
f  212/60/331 215/63/335 213/61/332
f  213/61/332 215/63/335 216/64/336
f  214/62/333 217/65/337 215/63/334
f  215/63/334 217/65/337 218/66/338
f  215/63/335 218/66/339 216/64/336
f  216/64/336 218/66/339 219/67/340
f  217/65/337 220/68/341 218/66/338
f  218/66/338 220/68/341 221/69/342
f  218/66/339 221/69/343 219/67/340
f  219/67/340 221/69/343 222/70/344
f  220/68/341 223/71/345 221/69/342
f  221/69/343 223/71/346 222/70/344
f  56/1/88 224/59/88 56/58/88
f  56/58/347 224/59/348 225/60/349
f  56/58/88 225/60/88 56/4/88
f  56/4/350 225/60/351 226/61/352
f  224/59/348 227/62/353 225/60/349
f  225/60/349 227/62/353 228/63/354
f  225/60/351 228/63/355 226/61/352
f  226/61/352 228/63/355 229/64/356
f  227/62/353 230/65/357 228/63/354
f  228/63/354 230/65/357 231/66/358
f  228/63/355 231/66/359 229/64/356
f  229/64/356 231/66/359 232/67/360
f  230/65/357 233/68/361 231/66/362
f  231/66/362 233/68/361 234/69/363
f  231/66/359 234/69/364 232/67/360
f  232/67/360 234/69/364 235/70/365
f  233/68/361 236/71/366 234/69/363
f  234/69/364 236/71/367 235/70/365
f  57/1/88 237/59/88 57/58/88
f  57/58/368 237/59/369 238/60/370
f  57/58/88 238/60/88 57/4/88
f  57/4/371 238/60/372 239/61/373
f  237/59/369 240/62/374 238/60/370
f  238/60/370 240/62/374 241/63/375
f  238/60/372 241/63/376 239/61/373
f  239/61/373 241/63/376 242/64/377
f  240/62/374 243/65/378 241/63/375
f  241/63/375 243/65/378 244/66/379
f  241/63/376 244/66/380 242/64/377
f  242/64/377 244/66/380 245/67/381
f  243/65/378 246/68/382 244/66/379
f  244/66/379 246/68/382 247/69/383
f  244/66/380 247/69/384 245/67/381
f  245/67/381 247/69/384 248/70/385
f  246/68/382 249/71/386 247/69/383
f  247/69/384 249/71/387 248/70/385
f  58/1/88 250/59/88 58/58/88
f  58/58/388 250/59/389 251/60/390
f  58/58/88 251/60/88 58/4/88
f  58/4/391 251/60/392 252/61/393
f  250/59/389 253/62/394 251/60/390
f  251/60/390 253/62/394 254/63/395
f  251/60/392 254/63/396 252/61/393
f  252/61/393 254/63/396 255/64/397
f  253/62/394 256/65/398 254/63/395
f  254/63/399 256/65/399 257/66/399
f  254/63/396 257/66/400 255/64/397
f  255/64/397 257/66/400 258/67/401
f  256/65/398 259/68/402 257/66/403
f  257/66/403 259/68/402 260/69/404
f  257/66/400 260/69/405 258/67/401
f  258/67/401 260/69/405 261/70/406
f  259/68/402 262/71/407 260/69/404
f  260/69/405 262/71/408 261/70/406
f  59/1/88 263/59/88 59/58/88
f  59/58/409 263/59/410 264/60/411
f  59/58/88 264/60/88 59/4/88
f  59/4/412 264/60/413 265/61/414
f  263/59/410 266/62/415 264/60/411
f  264/60/411 266/62/415 267/63/416
f  264/60/413 267/63/417 265/61/414
f  265/61/414 267/63/417 268/64/418
f  266/62/415 269/65/419 267/63/416
f  267/63/416 269/65/419 270/66/420
f  267/63/417 270/66/421 268/64/418
f  268/64/418 270/66/421 271/67/422
f  269/65/419 272/68/423 270/66/420
f  270/66/420 272/68/423 273/69/424
f  270/66/421 273/69/425 271/67/422
f  271/67/422 273/69/425 274/70/426
f  272/68/423 275/71/427 273/69/424
f  273/69/425 275/71/428 274/70/426
f  60/1/88 276/59/88 60/58/88
f  60/58/429 276/59/430 277/60/431
f  60/58/88 277/60/88 60/4/88
f  60/4/432 277/60/433 278/61/434
f  276/59/430 279/62/435 277/60/431
f  277/60/431 279/62/435 280/63/436
f  277/60/433 280/63/437 278/61/434
f  278/61/434 280/63/437 281/64/438
f  279/62/435 282/65/439 280/63/436
f  280/63/436 282/65/439 283/66/440
f  280/63/437 283/66/441 281/64/438
f  281/64/438 283/66/441 284/67/442
f  282/65/439 285/68/443 283/66/440
f  283/66/440 285/68/443 286/69/444
f  283/66/441 286/69/445 284/67/442
f  284/67/442 286/69/445 287/70/446
f  285/68/443 288/71/447 286/69/444
f  286/69/445 288/71/448 287/70/446
f  61/1/88 289/59/88 61/58/88
f  61/58/449 289/59/450 290/60/451
f  61/58/88 290/60/88 61/4/88
f  61/4/452 290/60/453 291/61/454
f  289/59/450 292/62/455 290/60/451
f  290/60/451 292/62/455 293/63/456
f  290/60/453 293/63/457 291/61/454
f  291/61/454 293/63/457 294/64/458
f  292/62/455 295/65/459 293/63/456
f  293/63/456 295/65/459 296/66/460
f  293/63/457 296/66/461 294/64/458
f  294/64/458 296/66/461 297/67/462
f  295/65/459 298/68/463 296/66/464
f  296/66/464 298/68/463 299/69/465
f  296/66/461 299/69/466 297/67/462
f  297/67/462 299/69/466 300/70/467
f  298/68/463 301/71/468 299/69/465
f  299/69/466 301/71/469 300/70/467
f  62/1/88 302/59/88 62/58/88
f  62/58/470 302/59/471 303/60/472
f  62/58/88 303/60/88 62/4/88
f  62/4/473 303/60/474 304/61/475
f  302/59/471 305/62/476 303/60/472
f  303/60/472 305/62/476 306/63/477
f  303/60/474 306/63/478 304/61/475
f  304/61/475 306/63/478 307/64/479
f  305/62/476 308/65/480 306/63/477
f  306/63/477 308/65/480 309/66/481
f  306/63/478 309/66/482 307/64/479
f  307/64/479 309/66/482 310/67/483
f  308/65/480 311/68/484 309/66/481
f  309/66/481 311/68/484 312/69/485
f  309/66/482 312/69/486 310/67/483
f  310/67/483 312/69/486 313/70/487
f  311/68/484 314/71/488 312/69/485
f  312/69/486 314/71/489 313/70/487
f  63/1/88 315/59/88 63/58/88
f  63/58/490 315/59/491 316/60/492
f  63/58/88 316/60/88 63/4/88
f  63/4/493 316/60/494 317/61/495
f  315/59/491 318/62/496 316/60/492
f  316/60/492 318/62/496 319/63/497
f  316/60/494 319/63/498 317/61/495
f  317/61/495 319/63/498 320/64/499
f  318/62/496 321/65/500 319/63/497
f  319/63/497 321/65/500 322/66/501
f  319/63/498 322/66/502 320/64/499
f  320/64/499 322/66/502 323/67/503
f  321/65/500 324/68/504 322/66/501
f  322/66/501 324/68/504 325/69/505
f  322/66/502 325/69/506 323/67/503
f  323/67/503 325/69/506 326/70/507
f  324/68/504 327/71/508 325/69/505
f  325/69/506 327/71/509 326/70/507
f  64/1/88 328/59/88 64/58/88
f  64/58/510 328/59/511 329/60/512
f  64/58/88 329/60/88 64/4/88
f  64/4/513 329/60/514 330/61/515
f  328/59/511 331/62/516 329/60/512
f  329/60/512 331/62/516 332/63/517
f  329/60/514 332/63/518 330/61/515
f  330/61/515 332/63/518 333/64/519
f  331/62/516 334/65/520 332/63/517
f  332/63/517 334/65/520 335/66/521
f  332/63/518 335/66/522 333/64/519
f  333/64/519 335/66/522 336/67/523
f  334/65/520 337/68/524 335/66/521
f  335/66/521 337/68/524 338/69/525
f  335/66/522 338/69/526 336/67/523
f  336/67/523 338/69/526 339/70/527
f  337/68/524 340/71/528 338/69/525
f  338/69/526 340/71/529 339/70/527
f  65/1/88 341/59/88 65/58/88
f  65/58/530 341/59/531 342/60/532
f  65/58/88 342/60/88 65/4/88
f  65/4/533 342/60/534 343/61/535
f  341/59/531 344/62/536 342/60/532
f  342/60/532 344/62/536 345/63/537
f  342/60/534 345/63/538 343/61/535
f  343/61/535 345/63/538 346/64/539
f  344/62/536 347/65/540 345/63/537
f  345/63/537 347/65/540 348/66/541
f  345/63/538 348/66/542 346/64/539
f  346/64/539 348/66/542 349/67/543
f  347/65/540 350/68/544 348/66/541
f  348/66/541 350/68/544 351/69/545
f  348/66/542 351/69/546 349/67/543
f  349/67/543 351/69/546 352/70/547
f  350/68/544 353/71/548 351/69/545
f  351/69/546 353/71/549 352/70/547
f  66/1/88 354/59/88 66/58/88
f  66/58/550 354/59/551 355/60/552
f  66/58/88 355/60/88 66/4/88
f  66/4/553 355/60/554 356/61/555
f  354/59/551 357/62/556 355/60/552
f  355/60/552 357/62/556 358/63/557
f  355/60/554 358/63/558 356/61/555
f  356/61/555 358/63/558 359/64/559
f  357/62/556 360/65/560 358/63/557
f  358/63/557 360/65/560 361/66/561
f  358/63/558 361/66/562 359/64/559
f  359/64/559 361/66/562 362/67/563
f  360/65/560 363/68/564 361/66/561
f  361/66/561 363/68/564 364/69/565
f  361/66/562 364/69/566 362/67/563
f  362/67/563 364/69/566 365/70/567
f  363/68/564 366/71/568 364/69/565
f  364/69/566 366/71/569 365/70/567
f  67/1/89 367/59/88 67/58/89
f  67/58/570 367/59/571 368/60/572
f  67/58/89 368/60/573 67/4/89
f  67/4/89 368/60/573 369/61/574
f  367/59/571 370/62/575 368/60/572
f  368/60/572 370/62/575 371/63/576
f  368/60/573 371/63/577 369/61/574
f  369/61/574 371/63/577 372/64/578
f  370/62/575 373/65/579 371/63/576
f  371/63/576 373/65/579 374/66/580
f  371/63/577 374/66/581 372/64/578
f  372/64/578 374/66/581 375/67/582
f  373/65/579 376/68/583 374/66/580
f  374/66/580 376/68/583 377/69/584
f  374/66/581 377/69/585 375/67/582
f  375/67/582 377/69/585 378/70/586
f  376/68/583 379/71/587 377/69/584
f  377/69/585 379/71/588 378/70/586
usemtl Stalk
f  380/1/589 383/2/590 381/3/591
f  380/4/592 385/5/593 383/6/594
f  381/3/591 383/2/590 384/7/595
f  381/3/596 384/7/597 382/8/598
f  382/8/598 384/7/597 385/5/599
f  382/8/600 385/5/593 380/4/592
f  383/2/590 386/9/601 384/7/595
f  383/6/594 388/10/602 386/11/603
f  384/7/595 386/9/601 387/12/604
f  384/7/597 387/12/605 385/5/599
f  385/5/599 387/12/605 388/10/606
f  385/5/593 388/10/602 383/6/594
f  386/9/601 389/13/607 387/12/604
f  386/11/603 391/14/608 389/15/609
f  387/12/604 389/13/607 390/16/610
f  387/12/605 390/16/611 388/10/606
f  388/10/606 390/16/611 391/14/612
f  388/10/602 391/14/608 386/11/603
f  389/13/607 392/17/613 390/16/610
f  389/15/609 394/18/614 392/19/615
f  390/16/610 392/17/613 393/20/616
f  390/16/611 393/20/617 391/14/612
f  391/14/612 393/20/617 394/18/618
f  391/14/608 394/18/614 389/15/609
f  392/17/613 395/21/619 393/20/616
f  392/19/615 397/22/620 395/23/621
f  393/20/616 395/21/619 396/24/622
f  393/20/617 396/24/623 394/18/618
f  394/18/618 396/24/623 397/22/624
f  394/18/614 397/22/620 392/19/615
f  395/21/619 398/25/625 396/24/622
f  395/23/626 400/26/627 398/27/627
f  396/24/628 398/25/629 399/28/629
f  396/24/623 399/28/630 397/22/624
f  397/22/631 399/28/632 400/26/632
f  397/22/620 400/26/633 395/23/621
f  398/25/629 401/29/634 399/28/629
f  398/27/635 403/30/636 401/31/637
f  399/28/638 401/29/639 402/32/640
f  399/28/632 402/32/641 400/26/632
f  400/26/642 402/32/643 403/30/644
f  400/26/627 403/30/645 398/27/627
f  401/29/639 404/33/646 402/32/640
f  401/31/637 406/34/647 404/35/648
f  402/32/640 404/33/646 405/36/649
f  402/32/643 405/36/650 403/30/644
f  403/30/644 405/36/650 406/34/651
f  403/30/636 406/34/647 401/31/637
f  404/33/646 407/37/652 405/36/649
f  404/35/648 409/38/653 407/39/654
f  405/36/649 407/37/652 408/40/655
f  405/36/650 408/40/656 406/34/651
f  406/34/651 408/40/656 409/38/657
f  406/34/647 409/38/653 404/35/648
f  407/37/652 410/41/658 408/40/655
f  407/39/654 412/42/659 410/43/660
f  408/40/655 410/41/658 411/44/661
f  408/40/656 411/44/662 409/38/657
f  409/38/657 411/44/662 412/42/663
f  409/38/653 412/42/659 407/39/654
f  410/41/658 413/45/664 411/44/661
f  410/43/660 415/46/665 413/47/666
f  411/44/661 413/45/664 414/48/667
f  411/44/662 414/48/668 412/42/663
f  412/42/663 414/48/668 415/46/669
f  412/42/659 415/46/665 410/43/660
f  413/45/664 416/49/670 414/48/667
f  413/47/666 418/50/671 416/51/672
f  414/48/667 416/49/670 417/52/673
f  414/48/668 417/52/674 415/46/669
f  415/46/669 417/52/674 418/50/675
f  415/46/665 418/50/671 413/47/666
f  416/49/670 419/53/676 417/52/673
f  416/51/672 421/54/677 419/55/678
f  417/52/673 419/53/676 420/56/679
f  417/52/674 420/56/680 418/50/675
f  418/50/675 420/56/680 421/54/681
f  418/50/671 421/54/677 416/51/672
f  419/53/676 422/72/682 420/56/679
f  419/55/678 424/73/683 422/74/684
f  420/56/679 422/72/682 423/75/685
f  420/56/680 423/75/686 421/54/681
f  421/54/681 423/75/686 424/73/687
f  421/54/677 424/73/683 419/55/678
f  422/72/682 425/76/688 423/75/685
f  422/74/684 427/77/689 425/78/690
f  423/75/685 425/76/688 426/79/691
f  423/75/686 426/79/692 424/73/687
f  424/73/687 426/79/692 427/77/693
f  424/73/683 427/77/689 422/74/684
f  425/76/688 428/80/694 426/79/691
f  425/78/690 430/81/695 428/82/696
f  426/79/691 428/80/694 429/83/697
f  426/79/692 429/83/698 427/77/693
f  427/77/693 429/83/698 430/81/699
f  427/77/689 430/81/695 425/78/690
f  428/80/694 431/84/700 429/83/697
f  428/82/696 433/85/701 431/86/702
f  429/83/697 431/84/700 432/87/703
f  429/83/698 432/87/704 430/81/699
f  430/81/699 432/87/704 433/85/705
f  430/81/695 433/85/701 428/82/696
f  431/84/700 434/88/706 432/87/703
f  431/86/702 436/89/707 434/90/708
f  432/87/703 434/88/706 435/91/709
f  432/87/704 435/91/710 433/85/705
f  433/85/705 435/91/710 436/89/711
f  433/85/701 436/89/707 431/86/702
f  434/88/706 437/92/712 435/91/709
f  435/91/710 437/92/713 436/89/711
f  436/89/707 437/92/714 434/90/708
f  438/72/715 441/76/716 439/75/717
f  438/74/718 443/77/719 441/78/720
f  439/75/717 441/76/716 442/79/721
f  439/75/722 442/79/723 440/73/724
f  440/73/724 442/79/723 443/77/725
f  440/73/726 443/77/719 438/74/718
f  441/76/716 444/80/727 442/79/721
f  441/78/720 446/81/728 444/82/729
f  442/79/721 444/80/727 445/83/730
f  442/79/723 445/83/731 443/77/725
f  443/77/725 445/83/731 446/81/732
f  443/77/719 446/81/728 441/78/720
f  444/80/727 447/84/733 445/83/730
f  444/82/729 449/85/734 447/86/735
f  445/83/730 447/84/733 448/87/736
f  445/83/731 448/87/737 446/81/732
f  446/81/732 448/87/737 449/85/738
f  446/81/728 449/85/734 444/82/729
f  447/84/733 450/88/739 448/87/736
f  447/86/735 452/89/740 450/90/741
f  448/87/736 450/88/739 451/91/742
f  448/87/737 451/91/743 449/85/738
f  449/85/738 451/91/743 452/89/744
f  449/85/734 452/89/740 447/86/735
f  450/88/739 453/93/745 451/91/742
f  450/90/741 455/94/746 453/95/747
f  451/91/742 453/93/745 454/96/748
f  451/91/743 454/96/749 452/89/744
f  452/89/744 454/96/749 455/94/750
f  452/89/740 455/94/746 450/90/741
f  453/93/745 456/97/751 454/96/748
f  453/95/747 458/98/752 456/99/753
f  454/96/748 456/97/751 457/100/754
f  454/96/749 457/100/755 455/94/750
f  455/94/750 457/100/755 458/98/756
f  455/94/746 458/98/752 453/95/747
f  456/97/751 459/101/757 457/100/754
f  456/99/753 461/102/758 459/103/759
f  457/100/754 459/101/757 460/104/760
f  457/100/755 460/104/761 458/98/756
f  458/98/756 460/104/761 461/102/762
f  458/98/752 461/102/758 456/99/753
f  459/101/757 462/105/763 460/104/760
f  460/104/761 462/105/764 461/102/762
f  461/102/758 462/105/765 459/103/759
f  463/49/766 466/53/767 464/52/768
f  463/51/769 468/54/770 466/55/771
f  464/52/768 466/53/767 467/56/772
f  464/52/773 467/56/774 465/50/775
f  465/50/775 467/56/774 468/54/776
f  465/50/777 468/54/770 463/51/769
f  466/53/767 469/72/778 467/56/772
f  466/55/771 471/73/779 469/74/780
f  467/56/772 469/72/778 470/75/781
f  467/56/774 470/75/782 468/54/776
f  468/54/776 470/75/782 471/73/783
f  468/54/770 471/73/779 466/55/771
f  469/72/778 472/76/784 470/75/781
f  469/74/780 474/77/785 472/78/786
f  470/75/781 472/76/784 473/79/787
f  470/75/782 473/79/788 471/73/783
f  471/73/783 473/79/788 474/77/789
f  471/73/779 474/77/785 469/74/780
f  472/76/784 475/80/790 473/79/787
f  472/78/786 477/81/791 475/82/792
f  473/79/787 475/80/790 476/83/793
f  473/79/788 476/83/794 474/77/789
f  474/77/789 476/83/794 477/81/795
f  474/77/785 477/81/791 472/78/786
f  475/80/790 478/84/796 476/83/793
f  475/82/792 480/85/797 478/86/798
f  476/83/793 478/84/796 479/87/799
f  476/83/794 479/87/800 477/81/795
f  477/81/795 479/87/800 480/85/801
f  477/81/791 480/85/797 475/82/792
f  478/84/796 481/88/802 479/87/799
f  478/86/798 483/89/803 481/90/804
f  479/87/799 481/88/802 482/91/805
f  479/87/800 482/91/806 480/85/801
f  480/85/801 482/91/806 483/89/807
f  480/85/797 483/89/803 478/86/798
f  481/88/802 484/93/808 482/91/805
f  481/90/804 486/94/809 484/95/810
f  482/91/805 484/93/808 485/96/811
f  482/91/806 485/96/812 483/89/807
f  483/89/807 485/96/812 486/94/813
f  483/89/803 486/94/809 481/90/804
f  484/93/808 487/97/814 485/96/811
f  484/95/810 489/98/815 487/99/816
f  485/96/811 487/97/814 488/100/817
f  485/96/812 488/100/818 486/94/813
f  486/94/813 488/100/818 489/98/819
f  486/94/809 489/98/815 484/95/810
f  487/97/814 490/106/820 488/100/817
f  488/100/818 490/106/821 489/98/819
f  489/98/815 490/106/822 487/99/816
f  491/45/823 494/49/824 492/48/825
f  491/47/826 496/50/827 494/51/828
f  492/48/825 494/49/824 495/52/829
f  492/48/830 495/52/831 493/46/832
f  493/46/832 495/52/831 496/50/833
f  493/46/834 496/50/827 491/47/826
f  494/49/824 497/53/835 495/52/829
f  494/51/828 499/54/836 497/55/837
f  495/52/829 497/53/835 498/56/838
f  495/52/831 498/56/839 496/50/833
f  496/50/833 498/56/839 499/54/840
f  496/50/827 499/54/836 494/51/828
f  497/53/835 500/72/841 498/56/838
f  497/55/837 502/73/842 500/74/843
f  498/56/838 500/72/841 501/75/844
f  498/56/839 501/75/845 499/54/840
f  499/54/840 501/75/845 502/73/846
f  499/54/836 502/73/842 497/55/837
f  500/72/841 503/76/847 501/75/844
f  500/74/843 505/77/848 503/78/849
f  501/75/844 503/76/847 504/79/850
f  501/75/845 504/79/851 502/73/846
f  502/73/846 504/79/851 505/77/852
f  502/73/842 505/77/848 500/74/843
f  503/76/847 506/80/853 504/79/850
f  503/78/849 508/81/854 506/82/855
f  504/79/850 506/80/853 507/83/856
f  504/79/851 507/83/857 505/77/852
f  505/77/852 507/83/857 508/81/858
f  505/77/848 508/81/854 503/78/849
f  506/80/853 509/84/859 507/83/856
f  506/82/855 511/85/860 509/86/861
f  507/83/856 509/84/859 510/87/862
f  507/83/857 510/87/863 508/81/858
f  508/81/858 510/87/863 511/85/864
f  508/81/854 511/85/860 506/82/855
f  509/84/859 512/88/865 510/87/862
f  509/86/861 514/89/866 512/90/867
f  510/87/862 512/88/865 513/91/868
f  510/87/863 513/91/869 511/85/864
f  511/85/864 513/91/869 514/89/870
f  511/85/860 514/89/866 509/86/861
f  512/88/865 515/93/871 513/91/868
f  512/90/867 517/94/872 515/95/873
f  513/91/868 515/93/871 516/96/874
f  513/91/869 516/96/875 514/89/870
f  514/89/870 516/96/875 517/94/876
f  514/89/866 517/94/872 512/90/867
f  515/93/871 518/107/877 516/96/874
f  516/96/875 518/107/878 517/94/876
f  517/94/872 518/107/879 515/95/873
f  519/37/880 522/41/881 520/40/882
f  519/39/883 524/42/884 522/43/885
f  520/40/882 522/41/881 523/44/886
f  520/40/887 523/44/888 521/38/889
f  521/38/889 523/44/888 524/42/890
f  521/38/891 524/42/884 519/39/883
f  522/41/881 525/45/892 523/44/886
f  522/43/885 527/46/893 525/47/894
f  523/44/886 525/45/892 526/48/895
f  523/44/888 526/48/896 524/42/890
f  524/42/890 526/48/896 527/46/897
f  524/42/884 527/46/893 522/43/885
f  525/45/892 528/49/898 526/48/895
f  525/47/894 530/50/899 528/51/900
f  526/48/895 528/49/898 529/52/901
f  526/48/896 529/52/902 527/46/897
f  527/46/897 529/52/902 530/50/903
f  527/46/893 530/50/899 525/47/894
f  528/49/898 531/53/904 529/52/901
f  528/51/900 533/54/905 531/55/906
f  529/52/901 531/53/904 532/56/907
f  529/52/902 532/56/908 530/50/903
f  530/50/903 532/56/908 533/54/909
f  530/50/899 533/54/905 528/51/900
f  531/53/904 534/72/910 532/56/907
f  531/55/906 536/73/911 534/74/912
f  532/56/907 534/72/910 535/75/913
f  532/56/908 535/75/914 533/54/909
f  533/54/909 535/75/914 536/73/915
f  533/54/905 536/73/911 531/55/906
f  534/72/910 537/76/916 535/75/913
f  534/74/912 539/77/917 537/78/918
f  535/75/913 537/76/916 538/79/919
f  535/75/914 538/79/920 536/73/915
f  536/73/915 538/79/920 539/77/921
f  536/73/911 539/77/917 534/74/912
f  537/76/916 540/80/922 538/79/919
f  537/78/918 542/81/923 540/82/924
f  538/79/919 540/80/922 541/83/925
f  538/79/920 541/83/926 539/77/921
f  539/77/921 541/83/926 542/81/927
f  539/77/917 542/81/923 537/78/918
f  540/80/922 543/84/928 541/83/925
f  540/82/924 545/85/929 543/86/930
f  541/83/925 543/84/928 544/87/931
f  541/83/926 544/87/932 542/81/927
f  542/81/927 544/87/932 545/85/933
f  542/81/923 545/85/929 540/82/924
f  543/84/928 546/88/934 544/87/931
f  543/86/930 548/89/935 546/90/936
f  544/87/931 546/88/934 547/91/937
f  544/87/932 547/91/938 545/85/933
f  545/85/933 547/91/938 548/89/939
f  545/85/929 548/89/935 543/86/930
f  546/88/934 549/92/940 547/91/937
f  547/91/938 549/92/941 548/89/939
f  548/89/935 549/92/942 546/90/936
f  550/29/943 553/33/944 551/32/945
f  550/31/946 555/34/947 553/35/948
f  551/32/945 553/33/944 554/36/949
f  551/32/950 554/36/951 552/30/952
f  552/30/952 554/36/951 555/34/953
f  552/30/954 555/34/947 550/31/946
f  553/33/944 556/37/955 554/36/949
f  553/35/948 558/38/956 556/39/957
f  554/36/949 556/37/955 557/40/958
f  554/36/951 557/40/959 555/34/953
f  555/34/953 557/40/959 558/38/960
f  555/34/947 558/38/956 553/35/948
f  556/37/955 559/41/961 557/40/958
f  556/39/957 561/42/962 559/43/963
f  557/40/958 559/41/961 560/44/964
f  557/40/959 560/44/965 558/38/960
f  558/38/960 560/44/965 561/42/966
f  558/38/956 561/42/962 556/39/957
f  559/41/961 562/45/967 560/44/964
f  559/43/963 564/46/968 562/47/969
f  560/44/964 562/45/967 563/48/970
f  560/44/965 563/48/971 561/42/966
f  561/42/966 563/48/971 564/46/972
f  561/42/962 564/46/968 559/43/963
f  562/45/967 565/49/973 563/48/970
f  562/47/969 567/50/974 565/51/975
f  563/48/970 565/49/973 566/52/976
f  563/48/971 566/52/977 564/46/972
f  564/46/972 566/52/977 567/50/978
f  564/46/968 567/50/974 562/47/969
f  565/49/973 568/53/979 566/52/976
f  565/51/975 570/54/980 568/55/981
f  566/52/976 568/53/979 569/56/982
f  566/52/977 569/56/983 567/50/978
f  567/50/978 569/56/983 570/54/984
f  567/50/974 570/54/980 565/51/975
f  568/53/979 571/72/985 569/56/982
f  568/55/981 573/73/986 571/74/987
f  569/56/982 571/72/985 572/75/988
f  569/56/983 572/75/989 570/54/984
f  570/54/984 572/75/989 573/73/990
f  570/54/980 573/73/986 568/55/981
f  571/72/985 574/76/991 572/75/988
f  571/74/987 576/77/992 574/78/993
f  572/75/988 574/76/991 575/79/994
f  572/75/989 575/79/995 573/73/990
f  573/73/990 575/79/995 576/77/996
f  573/73/986 576/77/992 571/74/987
f  574/76/991 577/108/997 575/79/994
f  575/79/998 577/108/998 576/77/998
f  576/77/992 577/108/999 574/78/993
f  578/21/1000 581/25/1001 579/24/1002
f  578/23/1003 583/26/1004 581/27/1005
f  579/24/1002 581/25/1001 582/28/1006
f  579/24/1007 582/28/1008 580/22/1009
f  580/22/1009 582/28/1008 583/26/1010
f  580/22/1011 583/26/1004 578/23/1003
f  581/25/1001 584/29/1012 582/28/1006
f  581/27/1005 586/30/1013 584/31/1014
f  582/28/1006 584/29/1012 585/32/1015
f  582/28/1008 585/32/1016 583/26/1010
f  583/26/1010 585/32/1016 586/30/1017
f  583/26/1004 586/30/1013 581/27/1005
f  584/29/1012 587/33/1018 585/32/1015
f  584/31/1014 589/34/1019 587/35/1020
f  585/32/1015 587/33/1018 588/36/1021
f  585/32/1016 588/36/1022 586/30/1017
f  586/30/1017 588/36/1022 589/34/1023
f  586/30/1013 589/34/1019 584/31/1014
f  587/33/1018 590/37/1024 588/36/1021
f  587/35/1020 592/38/1025 590/39/1026
f  588/36/1021 590/37/1024 591/40/1027
f  588/36/1022 591/40/1028 589/34/1023
f  589/34/1023 591/40/1028 592/38/1029
f  589/34/1019 592/38/1025 587/35/1020
f  590/37/1024 593/41/1030 591/40/1027
f  590/39/1026 595/42/1031 593/43/1032
f  591/40/1027 593/41/1030 594/44/1033
f  591/40/1028 594/44/1034 592/38/1029
f  592/38/1029 594/44/1034 595/42/1035
f  592/38/1025 595/42/1031 590/39/1026
f  593/41/1030 596/45/1036 594/44/1033
f  593/43/1032 598/46/1037 596/47/1038
f  594/44/1033 596/45/1036 597/48/1039
f  594/44/1034 597/48/1040 595/42/1035
f  595/42/1035 597/48/1040 598/46/1041
f  595/42/1031 598/46/1037 593/43/1032
f  596/45/1036 599/49/1042 597/48/1039
f  596/47/1038 601/50/1043 599/51/1044
f  597/48/1039 599/49/1042 600/52/1045
f  597/48/1040 600/52/1046 598/46/1041
f  598/46/1041 600/52/1046 601/50/1047
f  598/46/1037 601/50/1043 596/47/1038
f  599/49/1048 602/109/1048 600/52/1048
f  600/52/1046 602/109/1049 601/50/1047
f  601/50/1050 602/109/1050 599/51/1050
usemtl Leaf
f  603/1/1051 606/110/1052 604/58/1053
f  604/58/1053 606/110/1052 607/111/1054
f  604/58/1053 607/111/1054 605/4/1055
f  605/4/1055 607/111/1054 608/112/1056
f  606/110/1052 609/113/1057 607/111/1054
f  607/111/1054 609/113/1057 610/114/1058
f  607/111/1054 610/114/1058 608/112/1056
f  608/112/1056 610/114/1058 611/115/1059
f  609/113/1057 612/116/1060 610/114/1058
f  610/114/1058 612/116/1060 613/117/1061
f  610/114/1058 613/117/1061 611/115/1059
f  611/115/1059 613/117/1061 614/118/1062
f  612/116/1060 615/119/1063 613/117/1061
f  613/117/1061 615/119/1063 616/120/1064
f  613/117/1061 616/120/1064 614/118/1062
f  614/118/1062 616/120/1064 617/121/1065
f  615/119/1063 618/122/1066 616/120/1064
f  616/120/1064 618/122/1066 619/123/1067
f  616/120/1064 619/123/1067 617/121/1065
f  617/121/1065 619/123/1067 620/124/1068
f  618/122/1066 621/125/1069 619/123/1067
f  619/123/1067 621/125/1069 622/126/1070
f  619/123/1067 622/126/1070 620/124/1068
f  620/124/1068 622/126/1071 623/127/1071
f  621/125/1069 624/71/1072 622/126/1070
f  622/126/1070 624/71/1072 623/127/1073
f  625/1/1074 628/110/1075 626/58/1076
f  626/58/1076 628/110/1075 629/111/1077
f  626/58/1076 629/111/1077 627/4/1078
f  627/4/1078 629/111/1077 630/112/1079
f  628/110/1075 631/113/1080 629/111/1077
f  629/111/1077 631/113/1080 632/114/1081
f  629/111/1077 632/114/1081 630/112/1079
f  630/112/1079 632/114/1081 633/115/1082
f  631/113/1080 634/116/1083 632/114/1081
f  632/114/1081 634/116/1083 635/117/1084
f  632/114/1081 635/117/1084 633/115/1082
f  633/115/1082 635/117/1084 636/118/1085
f  634/116/1086 637/119/1086 635/117/1086
f  635/117/1084 637/119/1087 638/120/1088
f  635/117/1084 638/120/1088 636/118/1085
f  636/118/1085 638/120/1088 639/121/1089
f  637/119/1087 640/122/1090 638/120/1088
f  638/120/1088 640/122/1090 641/123/1091
f  638/120/1088 641/123/1091 639/121/1089
f  639/121/1089 641/123/1091 642/124/1092
f  640/122/1090 643/125/1093 641/123/1091
f  641/123/1091 643/125/1093 644/126/1094
f  641/123/1091 644/126/1094 642/124/1092
f  642/124/1092 644/126/1094 645/127/1095
f  643/125/1093 646/71/1096 644/126/1094
f  644/126/1094 646/71/1096 645/127/1095
f  647/1/1097 650/110/1098 648/58/1099
f  648/58/1099 650/110/1098 651/111/1100
f  648/58/1099 651/111/1100 649/4/1101
f  649/4/1101 651/111/1100 652/112/1102
f  650/110/1098 653/113/1103 651/111/1100
f  651/111/1100 653/113/1103 654/114/1104
f  651/111/1100 654/114/1104 652/112/1102
f  652/112/1102 654/114/1104 655/115/1105
f  653/113/1103 656/116/1106 654/114/1104
f  654/114/1104 656/116/1106 657/117/1107
f  654/114/1104 657/117/1107 655/115/1105
f  655/115/1105 657/117/1107 658/118/1108
f  656/116/1106 659/119/1109 657/117/1107
f  657/117/1107 659/119/1109 660/120/1110
f  657/117/1107 660/120/1110 658/118/1108
f  658/118/1108 660/120/1110 661/121/1111
f  659/119/1109 662/122/1112 660/120/1110
f  660/120/1110 662/122/1112 663/123/1113
f  660/120/1110 663/123/1113 661/121/1111
f  661/121/1111 663/123/1113 664/124/1114
f  662/122/1112 665/125/1115 663/123/1113
f  663/123/1113 665/125/1116 666/126/1117
f  663/123/1113 666/126/1117 664/124/1114
f  664/124/1114 666/126/1117 667/127/1118
f  665/125/1116 668/71/1119 666/126/1117
f  666/126/1117 668/71/1119 667/127/1118
f  669/1/1120 672/110/1121 670/58/1122
f  670/58/1122 672/110/1121 673/111/1123
f  670/58/1122 673/111/1123 671/4/1124
f  671/4/1124 673/111/1123 674/112/1125
f  672/110/1121 675/113/1126 673/111/1123
f  673/111/1123 675/113/1126 676/114/1127
f  673/111/1123 676/114/1127 674/112/1125
f  674/112/1125 676/114/1127 677/115/1128
f  675/113/1126 678/116/1129 676/114/1127
f  676/114/1127 678/116/1129 679/117/1130
f  676/114/1127 679/117/1130 677/115/1128
f  677/115/1128 679/117/1130 680/118/1131
f  678/116/1129 681/119/1132 679/117/1130
f  679/117/1130 681/119/1132 682/120/1133
f  679/117/1130 682/120/1133 680/118/1131
f  680/118/1131 682/120/1133 683/121/1134
f  681/119/1132 684/122/1135 682/120/1133
f  682/120/1133 684/122/1135 685/123/1136
f  682/120/1133 685/123/1136 683/121/1134
f  683/121/1134 685/123/1136 686/124/1137
f  684/122/1135 687/125/1138 685/123/1136
f  685/123/1136 687/125/1138 688/126/1139
f  685/123/1136 688/126/1139 686/124/1137
f  686/124/1137 688/126/1140 689/127/1140
f  687/125/1138 690/71/1141 688/126/1139
f  688/126/1139 690/71/1141 689/127/1142
f  691/1/1143 694/110/1144 692/58/1145
f  692/58/1145 694/110/1144 695/111/1146
f  692/58/1145 695/111/1146 693/4/1147
f  693/4/1147 695/111/1146 696/112/1148
f  694/110/1144 697/113/1149 695/111/1146
f  695/111/1146 697/113/1149 698/114/1150
f  695/111/1146 698/114/1150 696/112/1148
f  696/112/1148 698/114/1150 699/115/1151
f  697/113/1149 700/116/1152 698/114/1150
f  698/114/1150 700/116/1152 701/117/1153
f  698/114/1150 701/117/1153 699/115/1151
f  699/115/1151 701/117/1153 702/118/1154
f  700/116/1155 703/119/1155 701/117/1155
f  701/117/1153 703/119/1156 704/120/1157
f  701/117/1153 704/120/1157 702/118/1154
f  702/118/1154 704/120/1157 705/121/1158
f  703/119/1156 706/122/1159 704/120/1157
f  704/120/1157 706/122/1159 707/123/1160
f  704/120/1157 707/123/1160 705/121/1158
f  705/121/1158 707/123/1160 708/124/1161
f  706/122/1159 709/125/1162 707/123/1160
f  707/123/1160 709/125/1162 710/126/1163
f  707/123/1160 710/126/1163 708/124/1161
f  708/124/1161 710/126/1163 711/127/1164
f  709/125/1162 712/71/1165 710/126/1163
f  710/126/1163 712/71/1165 711/127/1164
f  713/1/1166 716/110/1167 714/58/1168
f  714/58/1168 716/110/1167 717/111/1169
f  714/58/1168 717/111/1169 715/4/1170
f  715/4/1170 717/111/1169 718/112/1171
f  716/110/1167 719/113/1172 717/111/1169
f  717/111/1169 719/113/1172 720/114/1173
f  717/111/1169 720/114/1173 718/112/1171
f  718/112/1171 720/114/1173 721/115/1174
f  719/113/1172 722/116/1175 720/114/1173
f  720/114/1173 722/116/1175 723/117/1176
f  720/114/1173 723/117/1176 721/115/1174
f  721/115/1174 723/117/1176 724/118/1177
f  722/116/1175 725/119/1178 723/117/1176
f  723/117/1176 725/119/1178 726/120/1179
f  723/117/1176 726/120/1179 724/118/1177
f  724/118/1177 726/120/1179 727/121/1180
f  725/119/1178 728/122/1181 726/120/1179
f  726/120/1179 728/122/1181 729/123/1182
f  726/120/1179 729/123/1182 727/121/1180
f  727/121/1180 729/123/1182 730/124/1183
f  728/122/1181 731/125/1184 729/123/1182
f  729/123/1182 731/125/1185 732/126/1186
f  729/123/1182 732/126/1186 730/124/1183
f  730/124/1183 732/126/1186 733/127/1187
f  731/125/1185 734/71/1188 732/126/1186
f  732/126/1186 734/71/1188 733/127/1187
f  735/1/1189 738/110/1190 736/58/1191
f  736/58/1191 738/110/1190 739/111/1192
f  736/58/1191 739/111/1192 737/4/1193
f  737/4/1193 739/111/1192 740/112/1194
f  738/110/1190 741/113/1195 739/111/1192
f  739/111/1192 741/113/1195 742/114/1196
f  739/111/1192 742/114/1196 740/112/1194
f  740/112/1194 742/114/1196 743/115/1197
f  741/113/1195 744/116/1198 742/114/1196
f  742/114/1196 744/116/1198 745/117/1199
f  742/114/1196 745/117/1199 743/115/1197
f  743/115/1197 745/117/1199 746/118/1200
f  744/116/1198 747/119/1201 745/117/1199
f  745/117/1199 747/119/1201 748/120/1202
f  745/117/1199 748/120/1202 746/118/1200
f  746/118/1200 748/120/1202 749/121/1203
f  747/119/1201 750/122/1204 748/120/1202
f  748/120/1202 750/122/1204 751/123/1205
f  748/120/1202 751/123/1205 749/121/1203
f  749/121/1203 751/123/1205 752/124/1206
f  750/122/1204 753/125/1207 751/123/1205
f  751/123/1205 753/125/1207 754/126/1208
f  751/123/1205 754/126/1208 752/124/1206
f  752/124/1206 754/126/1208 755/127/1209
f  753/125/1207 756/71/1210 754/126/1208
f  754/126/1208 756/71/1210 755/127/1211
f  757/1/1212 760/110/1213 758/58/1214
f  758/58/1214 760/110/1213 761/111/1215
f  758/58/1214 761/111/1215 759/4/1216
f  759/4/1216 761/111/1215 762/112/1217
f  760/110/1213 763/113/1218 761/111/1215
f  761/111/1215 763/113/1218 764/114/1219
f  761/111/1215 764/114/1219 762/112/1217
f  762/112/1217 764/114/1219 765/115/1220
f  763/113/1218 766/116/1221 764/114/1219
f  764/114/1219 766/116/1221 767/117/1222
f  764/114/1219 767/117/1222 765/115/1220
f  765/115/1220 767/117/1222 768/118/1223
f  766/116/1224 769/119/1224 767/117/1222
f  767/117/1222 769/119/1225 770/120/1226
f  767/117/1222 770/120/1226 768/118/1223
f  768/118/1223 770/120/1226 771/121/1227
f  769/119/1225 772/122/1228 770/120/1226
f  770/120/1226 772/122/1228 773/123/1229
f  770/120/1226 773/123/1229 771/121/1227
f  771/121/1227 773/123/1229 774/124/1230
f  772/122/1228 775/125/1231 773/123/1229
f  773/123/1229 775/125/1231 776/126/1232
f  773/123/1229 776/126/1232 774/124/1230
f  774/124/1230 776/126/1232 777/127/1233
f  775/125/1231 778/71/1234 776/126/1232
f  776/126/1232 778/71/1234 777/127/1233
f  779/1/1235 782/110/1236 780/58/1237
f  780/58/1237 782/110/1236 783/111/1238
f  780/58/1237 783/111/1238 781/4/1239
f  781/4/1239 783/111/1238 784/112/1240
f  782/110/1236 785/113/1241 783/111/1238
f  783/111/1238 785/113/1241 786/114/1242
f  783/111/1238 786/114/1242 784/112/1240
f  784/112/1240 786/114/1242 787/115/1243
f  785/113/1241 788/116/1244 786/114/1242
f  786/114/1242 788/116/1244 789/117/1245
f  786/114/1242 789/117/1245 787/115/1243
f  787/115/1243 789/117/1245 790/118/1246
f  788/116/1244 791/119/1247 789/117/1245
f  789/117/1245 791/119/1247 792/120/1248
f  789/117/1245 792/120/1248 790/118/1246
f  790/118/1246 792/120/1248 793/121/1249
f  791/119/1247 794/122/1250 792/120/1248
f  792/120/1248 794/122/1250 795/123/1251
f  792/120/1248 795/123/1251 793/121/1249
f  793/121/1249 795/123/1251 796/124/1252
f  794/122/1250 797/125/1253 795/123/1251
f  795/123/1251 797/125/1254 798/126/1255
f  795/123/1251 798/126/1255 796/124/1252
f  796/124/1252 798/126/1256 799/127/1256
f  797/125/1254 800/71/1257 798/126/1255
f  798/126/1255 800/71/1257 799/127/1258
f  801/1/1259 804/110/1260 802/58/1261
f  802/58/1261 804/110/1260 805/111/1262
f  802/58/1261 805/111/1262 803/4/1263
f  803/4/1263 805/111/1262 806/112/1264
f  804/110/1260 807/113/1265 805/111/1262
f  805/111/1262 807/113/1265 808/114/1266
f  805/111/1262 808/114/1266 806/112/1264
f  806/112/1264 808/114/1266 809/115/1267
f  807/113/1265 810/116/1268 808/114/1266
f  808/114/1266 810/116/1268 811/117/1269
f  808/114/1266 811/117/1269 809/115/1267
f  809/115/1267 811/117/1269 812/118/1270
f  810/116/1268 813/119/1271 811/117/1269
f  811/117/1269 813/119/1271 814/120/1272
f  811/117/1269 814/120/1272 812/118/1270
f  812/118/1270 814/120/1272 815/121/1273
f  813/119/1271 816/122/1274 814/120/1275
f  814/120/1272 816/122/1274 817/123/1276
f  814/120/1272 817/123/1276 815/121/1273
f  815/121/1273 817/123/1276 818/124/1277
f  816/122/1274 819/125/1278 817/123/1276
f  817/123/1276 819/125/1278 820/126/1279
f  817/123/1276 820/126/1279 818/124/1277
f  818/124/1277 820/126/1279 821/127/1280
f  819/125/1278 822/71/1281 820/126/1279
f  820/126/1279 822/71/1281 821/127/1282
f  823/1/1283 826/110/1284 824/58/1285
f  824/58/1285 826/110/1284 827/111/1286
f  824/58/1285 827/111/1286 825/4/1287
f  825/4/1287 827/111/1286 828/112/1288
f  826/110/1284 829/113/1289 827/111/1286
f  827/111/1286 829/113/1289 830/114/1290
f  827/111/1286 830/114/1290 828/112/1288
f  828/112/1288 830/114/1290 831/115/1291
f  829/113/1289 832/116/1292 830/114/1290
f  830/114/1290 832/116/1292 833/117/1293
f  830/114/1290 833/117/1293 831/115/1291
f  831/115/1291 833/117/1293 834/118/1294
f  832/116/1292 835/119/1295 833/117/1293
f  833/117/1293 835/119/1295 836/120/1296
f  833/117/1293 836/120/1296 834/118/1294
f  834/118/1294 836/120/1296 837/121/1297
f  835/119/1295 838/122/1298 836/120/1296
f  836/120/1296 838/122/1298 839/123/1299
f  836/120/1296 839/123/1299 837/121/1300
f  837/121/1301 839/123/1301 840/124/1301
f  838/122/1298 841/125/1302 839/123/1299
f  839/123/1299 841/125/1302 842/126/1303
f  839/123/1299 842/126/1303 840/124/1304
f  840/124/1304 842/126/1303 843/127/1305
f  841/125/1302 844/71/1306 842/126/1303
f  842/126/1303 844/71/1306 843/127/1305
f  845/1/1307 848/110/1308 846/58/1309
f  846/58/1309 848/110/1308 849/111/1310
f  846/58/1309 849/111/1310 847/4/1311
f  847/4/1311 849/111/1310 850/112/1312
f  848/110/1308 851/113/1313 849/111/1310
f  849/111/1310 851/113/1313 852/114/1314
f  849/111/1310 852/114/1314 850/112/1312
f  850/112/1312 852/114/1314 853/115/1315
f  851/113/1313 854/116/1316 852/114/1314
f  852/114/1314 854/116/1316 855/117/1317
f  852/114/1314 855/117/1317 853/115/1315
f  853/115/1315 855/117/1317 856/118/1318
f  854/116/1316 857/119/1319 855/117/1317
f  855/117/1317 857/119/1319 858/120/1320
f  855/117/1317 858/120/1320 856/118/1318
f  856/118/1318 858/120/1320 859/121/1321
f  857/119/1319 860/122/1322 858/120/1320
f  858/120/1320 860/122/1322 861/123/1323
f  858/120/1320 861/123/1323 859/121/1321
f  859/121/1321 861/123/1323 862/124/1324
f  860/122/1322 863/125/1325 861/123/1325
f  861/123/1323 863/125/1326 864/126/1327
f  861/123/1323 864/126/1327 862/124/1324
f  862/124/1324 864/126/1327 865/127/1328
f  863/125/1326 866/71/1329 864/126/1327
f  864/126/1327 866/71/1329 865/127/1328
f  867/1/1330 870/110/1331 868/58/1332
f  868/58/1332 870/110/1331 871/111/1333
f  868/58/1332 871/111/1333 869/4/1334
f  869/4/1334 871/111/1333 872/112/1335
f  870/110/1331 873/113/1336 871/111/1333
f  871/111/1333 873/113/1336 874/114/1337
f  871/111/1333 874/114/1337 872/112/1335
f  872/112/1335 874/114/1337 875/115/1338
f  873/113/1336 876/116/1339 874/114/1337
f  874/114/1337 876/116/1339 877/117/1340
f  874/114/1337 877/117/1340 875/115/1338
f  875/115/1338 877/117/1340 878/118/1341
f  876/116/1339 879/119/1342 877/117/1340
f  877/117/1340 879/119/1342 880/120/1343
f  877/117/1340 880/120/1343 878/118/1341
f  878/118/1341 880/120/1343 881/121/1344
f  879/119/1342 882/122/1345 880/120/1343
f  880/120/1343 882/122/1345 883/123/1346
f  880/120/1343 883/123/1346 881/121/1344
f  881/121/1344 883/123/1346 884/124/1347
f  882/122/1345 885/125/1348 883/123/1346
f  883/123/1346 885/125/1348 886/126/1349
f  883/123/1346 886/126/1349 884/124/1347
f  884/124/1347 886/126/1350 887/127/1350
f  885/125/1348 888/71/1351 886/126/1349
f  886/126/1349 888/71/1351 887/127/1352
f  889/1/1353 892/110/1354 890/58/1355
f  890/58/1355 892/110/1354 893/111/1356
f  890/58/1355 893/111/1356 891/4/1357
f  891/4/1357 893/111/1356 894/112/1358
f  892/110/1354 895/113/1359 893/111/1356
f  893/111/1356 895/113/1359 896/114/1360
f  893/111/1356 896/114/1360 894/112/1358
f  894/112/1358 896/114/1360 897/115/1361
f  895/113/1359 898/116/1362 896/114/1360
f  896/114/1360 898/116/1362 899/117/1363
f  896/114/1360 899/117/1363 897/115/1361
f  897/115/1361 899/117/1363 900/118/1364
f  898/116/1362 901/119/1365 899/117/1363
f  899/117/1363 901/119/1365 902/120/1366
f  899/117/1363 902/120/1366 900/118/1364
f  900/118/1364 902/120/1366 903/121/1367
f  901/119/1365 904/122/1368 902/120/1366
f  902/120/1366 904/122/1368 905/123/1369
f  902/120/1366 905/123/1369 903/121/1367
f  903/121/1370 905/123/1370 906/124/1370
f  904/122/1368 907/125/1371 905/123/1369
f  905/123/1369 907/125/1371 908/126/1372
f  905/123/1369 908/126/1372 906/124/1373
f  906/124/1373 908/126/1372 909/127/1374
f  907/125/1371 910/71/1375 908/126/1372
f  908/126/1372 910/71/1375 909/127/1374
f  911/1/1376 914/110/1377 912/58/1378
f  912/58/1378 914/110/1377 915/111/1379
f  912/58/1378 915/111/1379 913/4/1380
f  913/4/1380 915/111/1379 916/112/1381
f  914/110/1377 917/113/1382 915/111/1379
f  915/111/1379 917/113/1382 918/114/1383
f  915/111/1379 918/114/1383 916/112/1381
f  916/112/1381 918/114/1383 919/115/1384
f  917/113/1382 920/116/1385 918/114/1383
f  918/114/1383 920/116/1385 921/117/1386
f  918/114/1383 921/117/1386 919/115/1384
f  919/115/1384 921/117/1386 922/118/1387
f  920/116/1385 923/119/1388 921/117/1386
f  921/117/1386 923/119/1388 924/120/1389
f  921/117/1386 924/120/1389 922/118/1387
f  922/118/1387 924/120/1389 925/121/1390
f  923/119/1388 926/122/1391 924/120/1389
f  924/120/1389 926/122/1391 927/123/1392
f  924/120/1389 927/123/1392 925/121/1390
f  925/121/1390 927/123/1392 928/124/1393
f  926/122/1391 929/125/1394 927/123/1394
f  927/123/1392 929/125/1395 930/126/1396
f  927/123/1392 930/126/1396 928/124/1393
f  928/124/1393 930/126/1396 931/127/1397
f  929/125/1395 932/71/1398 930/126/1396
f  930/126/1396 932/71/1398 931/127/1397
f  933/1/1399 936/110/1400 934/58/1401
f  934/58/1401 936/110/1400 937/111/1402
f  934/58/1401 937/111/1402 935/4/1403
f  935/4/1403 937/111/1402 938/112/1404
f  936/110/1400 939/113/1405 937/111/1402
f  937/111/1402 939/113/1405 940/114/1406
f  937/111/1402 940/114/1406 938/112/1404
f  938/112/1404 940/114/1406 941/115/1407
f  939/113/1405 942/116/1408 940/114/1406
f  940/114/1406 942/116/1408 943/117/1409
f  940/114/1406 943/117/1409 941/115/1407
f  941/115/1407 943/117/1409 944/118/1410
f  942/116/1408 945/119/1411 943/117/1409
f  943/117/1409 945/119/1411 946/120/1412
f  943/117/1409 946/120/1412 944/118/1410
f  944/118/1410 946/120/1412 947/121/1413
f  945/119/1411 948/122/1414 946/120/1415
f  946/120/1412 948/122/1414 949/123/1416
f  946/120/1412 949/123/1416 947/121/1413
f  947/121/1413 949/123/1416 950/124/1417
f  948/122/1414 951/125/1418 949/123/1416
f  949/123/1416 951/125/1418 952/126/1419
f  949/123/1416 952/126/1419 950/124/1417
f  950/124/1417 952/126/1419 953/127/1420
f  951/125/1418 954/71/1421 952/126/1419
f  952/126/1419 954/71/1421 953/127/1421
f  955/1/1422 958/110/1423 956/58/1424
f  956/58/1424 958/110/1423 959/111/1425
f  956/58/1424 959/111/1425 957/4/1426
f  957/4/1426 959/111/1425 960/112/1427
f  958/110/1423 961/113/1428 959/111/1425
f  959/111/1425 961/113/1428 962/114/1429
f  959/111/1425 962/114/1429 960/112/1427
f  960/112/1427 962/114/1429 963/115/1430
f  961/113/1428 964/116/1431 962/114/1429
f  962/114/1429 964/116/1431 965/117/1432
f  962/114/1429 965/117/1432 963/115/1430
f  963/115/1430 965/117/1432 966/118/1433
f  964/116/1434 967/119/1434 965/117/1432
f  965/117/1432 967/119/1435 968/120/1436
f  965/117/1432 968/120/1436 966/118/1433
f  966/118/1433 968/120/1436 969/121/1437
f  967/119/1435 970/122/1438 968/120/1436
f  968/120/1436 970/122/1438 971/123/1439
f  968/120/1436 971/123/1439 969/121/1437
f  969/121/1437 971/123/1439 972/124/1440
f  970/122/1438 973/125/1441 971/123/1439
f  971/123/1439 973/125/1441 974/126/1442
f  971/123/1439 974/126/1442 972/124/1440
f  972/124/1440 974/126/1442 975/127/1443
f  973/125/1441 976/71/1444 974/126/1442
f  974/126/1442 976/71/1444 975/127/1443
f  977/1/1445 980/110/1446 978/58/1447
f  978/58/1447 980/110/1446 981/111/1448
f  978/58/1447 981/111/1448 979/4/1449
f  979/4/1449 981/111/1448 982/112/1450
f  980/110/1446 983/113/1451 981/111/1448
f  981/111/1448 983/113/1451 984/114/1452
f  981/111/1448 984/114/1452 982/112/1450
f  982/112/1450 984/114/1452 985/115/1453
f  983/113/1451 986/116/1454 984/114/1452
f  984/114/1452 986/116/1454 987/117/1455
f  984/114/1452 987/117/1455 985/115/1453
f  985/115/1453 987/117/1455 988/118/1456
f  986/116/1454 989/119/1457 987/117/1455
f  987/117/1455 989/119/1457 990/120/1458
f  987/117/1455 990/120/1458 988/118/1456
f  988/118/1456 990/120/1458 991/121/1459
f  989/119/1457 992/122/1460 990/120/1458
f  990/120/1458 992/122/1460 993/123/1461
f  990/120/1458 993/123/1461 991/121/1459
f  991/121/1459 993/123/1461 994/124/1462
f  992/122/1460 995/125/1463 993/123/1461
f  993/123/1461 995/125/1464 996/126/1465
f  993/123/1461 996/126/1465 994/124/1462
f  994/124/1462 996/126/1466 997/127/1466
f  995/125/1464 998/71/1467 996/126/1465
f  996/126/1465 998/71/1467 997/127/1468
usemtl Stalk
f  999/1/1469 1002/2/1470 1000/3/1471
f  999/4/1472 1004/5/1473 1002/6/1474
f  1000/3/1471 1002/2/1470 1003/7/1475
f  1000/3/1476 1003/7/1477 1001/8/1478
f  1001/8/1478 1003/7/1477 1004/5/1479
f  1001/8/1480 1004/5/1473 999/4/1472
f  1002/2/1470 1005/9/1481 1003/7/1475
f  1002/6/1474 1007/10/1482 1005/11/1483
f  1003/7/1475 1005/9/1481 1006/12/1484
f  1003/7/1477 1006/12/1485 1004/5/1479
f  1004/5/1479 1006/12/1485 1007/10/1486
f  1004/5/1473 1007/10/1482 1002/6/1474
f  1005/9/1481 1008/13/1487 1006/12/1484
f  1005/11/1483 1010/14/1488 1008/15/1489
f  1006/12/1484 1008/13/1487 1009/16/1490
f  1006/12/1485 1009/16/1491 1007/10/1486
f  1007/10/1486 1009/16/1491 1010/14/1492
f  1007/10/1482 1010/14/1488 1005/11/1483
f  1008/13/1487 1011/17/1493 1009/16/1490
f  1008/15/1489 1013/18/1494 1011/19/1495
f  1009/16/1490 1011/17/1493 1012/20/1496
f  1009/16/1491 1012/20/1497 1010/14/1492
f  1010/14/1492 1012/20/1497 1013/18/1498
f  1010/14/1488 1013/18/1494 1008/15/1489
f  1011/17/1493 1014/21/1499 1012/20/1496
f  1011/19/1495 1016/22/1500 1014/23/1501
f  1012/20/1496 1014/21/1499 1015/24/1502
f  1012/20/1497 1015/24/1503 1013/18/1498
f  1013/18/1498 1015/24/1503 1016/22/1504
f  1013/18/1494 1016/22/1500 1011/19/1495
f  1014/21/1499 1017/25/1505 1015/24/1502
f  1014/23/1501 1019/26/1506 1017/27/1507
f  1015/24/1502 1017/25/1505 1018/28/1508
f  1015/24/1503 1018/28/1509 1016/22/1504
f  1016/22/1504 1018/28/1509 1019/26/1510
f  1016/22/1500 1019/26/1506 1014/23/1501
f  1017/25/1505 1020/29/1511 1018/28/1508
f  1017/27/1507 1022/30/1512 1020/31/1513
f  1018/28/1508 1020/29/1511 1021/32/1514
f  1018/28/1509 1021/32/1515 1019/26/1510
f  1019/26/1510 1021/32/1515 1022/30/1516
f  1019/26/1506 1022/30/1512 1017/27/1507
f  1020/29/1511 1023/33/1517 1021/32/1514
f  1020/31/1513 1025/34/1518 1023/35/1519
f  1021/32/1514 1023/33/1517 1024/36/1520
f  1021/32/1515 1024/36/1521 1022/30/1516
f  1022/30/1516 1024/36/1521 1025/34/1522
f  1022/30/1512 1025/34/1518 1020/31/1513
f  1023/33/1517 1026/37/1523 1024/36/1520
f  1023/35/1519 1028/38/1524 1026/39/1525
f  1024/36/1520 1026/37/1523 1027/40/1526
f  1024/36/1521 1027/40/1527 1025/34/1522
f  1025/34/1522 1027/40/1527 1028/38/1528
f  1025/34/1518 1028/38/1524 1023/35/1519
f  1026/37/1523 1029/41/1529 1027/40/1526
f  1026/39/1525 1031/42/1530 1029/43/1531
f  1027/40/1526 1029/41/1529 1030/44/1532
f  1027/40/1527 1030/44/1533 1028/38/1528
f  1028/38/1528 1030/44/1533 1031/42/1534
f  1028/38/1524 1031/42/1530 1026/39/1525
f  1029/41/1529 1032/45/1535 1030/44/1532
f  1029/43/1531 1034/46/1536 1032/47/1537
f  1030/44/1532 1032/45/1535 1033/48/1538
f  1030/44/1533 1033/48/1539 1031/42/1534
f  1031/42/1534 1033/48/1539 1034/46/1540
f  1031/42/1530 1034/46/1536 1029/43/1531
f  1032/45/1535 1035/49/1541 1033/48/1538
f  1032/47/1537 1037/50/1542 1035/51/1543
f  1033/48/1538 1035/49/1541 1036/52/1544
f  1033/48/1539 1036/52/1545 1034/46/1540
f  1034/46/1540 1036/52/1545 1037/50/1546
f  1034/46/1536 1037/50/1542 1032/47/1537
f  1035/49/1541 1038/53/1547 1036/52/1544
f  1035/51/1543 1040/54/1548 1038/55/1549
f  1036/52/1544 1038/53/1547 1039/56/1550
f  1036/52/1545 1039/56/1551 1037/50/1546
f  1037/50/1546 1039/56/1551 1040/54/1552
f  1037/50/1542 1040/54/1548 1035/51/1543
f  1038/53/1547 1041/72/1553 1039/56/1550
f  1038/55/1549 1043/73/1554 1041/74/1555
f  1039/56/1550 1041/72/1553 1042/75/1556
f  1039/56/1551 1042/75/1557 1040/54/1552
f  1040/54/1552 1042/75/1557 1043/73/1558
f  1040/54/1548 1043/73/1554 1038/55/1549
f  1041/72/1553 1044/76/1559 1042/75/1556
f  1041/74/1555 1046/77/1560 1044/78/1561
f  1042/75/1556 1044/76/1559 1045/79/1562
f  1042/75/1557 1045/79/1563 1043/73/1558
f  1043/73/1558 1045/79/1563 1046/77/1564
f  1043/73/1554 1046/77/1560 1041/74/1555
f  1044/76/1559 1047/80/1565 1045/79/1562
f  1044/78/1561 1049/81/1566 1047/82/1567
f  1045/79/1562 1047/80/1565 1048/83/1568
f  1045/79/1563 1048/83/1569 1046/77/1564
f  1046/77/1564 1048/83/1569 1049/81/1570
f  1046/77/1560 1049/81/1566 1044/78/1561
f  1047/80/1565 1050/84/1571 1048/83/1568
f  1047/82/1567 1052/85/1572 1050/86/1573
f  1048/83/1568 1050/84/1571 1051/87/1574
f  1048/83/1569 1051/87/1575 1049/81/1570
f  1049/81/1570 1051/87/1575 1052/85/1576
f  1049/81/1566 1052/85/1572 1047/82/1567
f  1050/84/1571 1053/88/1577 1051/87/1574
f  1050/86/1573 1055/89/1578 1053/90/1579
f  1051/87/1574 1053/88/1577 1054/91/1580
f  1051/87/1575 1054/91/1581 1052/85/1576
f  1052/85/1576 1054/91/1581 1055/89/1582
f  1052/85/1572 1055/89/1578 1050/86/1573
f  1053/88/1577 1056/92/1583 1054/91/1580
f  1054/91/1581 1056/92/1584 1055/89/1582
f  1055/89/1578 1056/92/1585 1053/90/1579
f  1056/92/88 1057/1/88 1057/58/88
f  1056/92/88 1057/58/88 1057/4/88
f  1056/92/88 1058/1/88 1058/58/88
f  1056/92/88 1058/58/88 1058/4/88
f  1056/92/88 1059/1/88 1059/58/88
f  1056/92/88 1059/58/88 1059/4/88
f  1056/92/88 1060/1/88 1060/58/88
f  1056/92/88 1060/58/88 1060/4/88
f  1056/92/88 1061/1/88 1061/58/88
f  1056/92/88 1061/58/88 1061/4/88
f  1056/92/88 1062/1/88 1062/58/88
f  1056/92/88 1062/58/88 1062/4/88
f  1056/92/88 1063/1/88 1063/58/88
f  1056/92/88 1063/58/88 1063/4/88
f  1056/92/88 1064/1/88 1064/58/88
f  1056/92/88 1064/58/88 1064/4/88
f  1056/92/88 1065/1/88 1065/58/88
f  1056/92/88 1065/58/88 1065/4/88
f  1056/92/88 1066/1/88 1066/58/88
f  1056/92/88 1066/58/88 1066/4/88
f  1056/92/88 1067/1/88 1067/58/88
f  1056/92/88 1067/58/88 1067/4/88
f  1056/92/88 1068/1/88 1068/58/88
f  1056/92/88 1068/58/88 1068/4/88
f  1056/92/88 1069/1/88 1069/58/88
f  1056/92/88 1069/58/88 1069/4/88
f  1056/92/88 1070/1/88 1070/58/88
f  1056/92/88 1070/58/88 1070/4/88
f  1056/92/88 1071/1/88 1071/58/88
f  1056/92/88 1071/58/88 1071/4/88
f  1056/92/88 1072/1/88 1072/58/88
f  1056/92/88 1072/58/88 1072/4/88
f  1056/92/88 1073/1/88 1073/58/88
f  1056/92/88 1073/58/88 1073/4/88
f  1056/92/88 1074/1/88 1074/58/88
f  1056/92/88 1074/58/88 1074/4/88
f  1056/92/88 1075/1/88 1075/58/88
f  1056/92/88 1075/58/88 1075/4/88
f  1056/92/88 1076/1/88 1076/58/88
f  1056/92/88 1076/58/88 1076/4/88
f  1056/92/88 1077/1/88 1077/58/88
f  1056/92/88 1077/58/88 1077/4/88
f  1056/92/88 1078/1/88 1078/58/88
f  1056/92/88 1078/58/88 1078/4/88
f  1056/92/88 1079/1/88 1079/58/88
f  1056/92/88 1079/58/88 1079/4/88
f  1056/92/88 1080/1/88 1080/58/88
f  1056/92/88 1080/58/88 1080/4/88
usemtl Petal
f  1057/1/88 1081/59/88 1057/58/88
f  1057/58/1586 1081/59/1587 1082/60/1588
f  1057/58/88 1082/60/88 1057/4/88
f  1057/4/1589 1082/60/1590 1083/61/1591
f  1081/59/1587 1084/62/1592 1082/60/1588
f  1082/60/1588 1084/62/1592 1085/63/1593
f  1082/60/1590 1085/63/1594 1083/61/1591
f  1083/61/1591 1085/63/1594 1086/64/1595
f  1084/62/1592 1087/65/1596 1085/63/1593
f  1085/63/1597 1087/65/1598 1088/66/1597
f  1085/63/1597 1088/66/1597 1086/64/1599
f  1086/64/1595 1088/66/1600 1089/67/1600
f  1087/65/1601 1090/68/1602 1088/66/1603
f  1088/66/1603 1090/68/1602 1091/69/1604
f  1088/66/1605 1091/69/1606 1089/67/1607
f  1089/67/1607 1091/69/1606 1092/70/1608
f  1090/68/1602 1093/71/1609 1091/69/1604
f  1091/69/1606 1093/71/1610 1092/70/1608
f  1058/1/88 1094/59/88 1058/58/88
f  1058/58/1611 1094/59/1612 1095/60/1613
f  1058/58/88 1095/60/88 1058/4/88
f  1058/4/1614 1095/60/1615 1096/61/1616
f  1094/59/1612 1097/62/1617 1095/60/1613
f  1095/60/1613 1097/62/1617 1098/63/1618
f  1095/60/1615 1098/63/1619 1096/61/1616
f  1096/61/1616 1098/63/1619 1099/64/1620
f  1097/62/1617 1100/65/1621 1098/63/1618
f  1098/63/1618 1100/65/1621 1101/66/1622
f  1098/63/1619 1101/66/1623 1099/64/1620
f  1099/64/1620 1101/66/1623 1102/67/1624
f  1100/65/1621 1103/68/1625 1101/66/1626
f  1101/66/1626 1103/68/1625 1104/69/1627
f  1101/66/1623 1104/69/1628 1102/67/1624
f  1102/67/1624 1104/69/1628 1105/70/1629
f  1103/68/1625 1106/71/1630 1104/69/1627
f  1104/69/1628 1106/71/1631 1105/70/1629
f  1059/1/88 1107/59/88 1059/58/88
f  1059/58/1632 1107/59/1633 1108/60/1634
f  1059/58/88 1108/60/88 1059/4/88
f  1059/4/1635 1108/60/1636 1109/61/1637
f  1107/59/1633 1110/62/1638 1108/60/1634
f  1108/60/1634 1110/62/1638 1111/63/1639
f  1108/60/1636 1111/63/1640 1109/61/1637
f  1109/61/1637 1111/63/1640 1112/64/1641
f  1110/62/1638 1113/65/1642 1111/63/1639
f  1111/63/1643 1113/65/1643 1114/66/1643
f  1111/63/1640 1114/66/1644 1112/64/1641
f  1112/64/1641 1114/66/1644 1115/67/1645
f  1113/65/1642 1116/68/1646 1114/66/1647
f  1114/66/1647 1116/68/1646 1117/69/1648
f  1114/66/1649 1117/69/1650 1115/67/1651
f  1115/67/1651 1117/69/1650 1118/70/1652
f  1116/68/1646 1119/71/1653 1117/69/1648
f  1117/69/1650 1119/71/1654 1118/70/1652
f  1060/1/88 1120/59/88 1060/58/88
f  1060/58/1655 1120/59/1656 1121/60/1657
f  1060/58/88 1121/60/88 1060/4/88
f  1060/4/1658 1121/60/1659 1122/61/1660
f  1120/59/1656 1123/62/1661 1121/60/1657
f  1121/60/1657 1123/62/1661 1124/63/1662
f  1121/60/1659 1124/63/1663 1122/61/1660
f  1122/61/1660 1124/63/1663 1125/64/1664
f  1123/62/1661 1126/65/1665 1124/63/1662
f  1124/63/1666 1126/65/1666 1127/66/1666
f  1124/63/1667 1127/66/1668 1125/64/1664
f  1125/64/1664 1127/66/1668 1128/67/1669
f  1126/65/1670 1129/68/1671 1127/66/1672
f  1127/66/1672 1129/68/1671 1130/69/1673
f  1127/66/1668 1130/69/1674 1128/67/1669
f  1128/67/1669 1130/69/1674 1131/70/1675
f  1129/68/1671 1132/71/1676 1130/69/1673
f  1130/69/1674 1132/71/1677 1131/70/1675
f  1061/1/88 1133/59/88 1061/58/88
f  1061/58/1678 1133/59/1679 1134/60/1680
f  1061/58/88 1134/60/88 1061/4/88
f  1061/4/1681 1134/60/1682 1135/61/1683
f  1133/59/1679 1136/62/1684 1134/60/1680
f  1134/60/1680 1136/62/1684 1137/63/1685
f  1134/60/1682 1137/63/1686 1135/61/1683
f  1135/61/1683 1137/63/1686 1138/64/1687
f  1136/62/1684 1139/65/1688 1137/63/1685
f  1137/63/1685 1139/65/1688 1140/66/1689
f  1137/63/1686 1140/66/1690 1138/64/1687
f  1138/64/1687 1140/66/1690 1141/67/1691
f  1139/65/1688 1142/68/1692 1140/66/1689
f  1140/66/1689 1142/68/1692 1143/69/1693
f  1140/66/1690 1143/69/1694 1141/67/1691
f  1141/67/1691 1143/69/1694 1144/70/1695
f  1142/68/1692 1145/71/1696 1143/69/1693
f  1143/69/1694 1145/71/1697 1144/70/1695
f  1062/1/88 1146/59/88 1062/58/88
f  1062/58/1698 1146/59/1699 1147/60/1700
f  1062/58/88 1147/60/88 1062/4/88
f  1062/4/1701 1147/60/1702 1148/61/1703
f  1146/59/1699 1149/62/1704 1147/60/1700
f  1147/60/1700 1149/62/1704 1150/63/1705
f  1147/60/1702 1150/63/1706 1148/61/1703
f  1148/61/1703 1150/63/1706 1151/64/1707
f  1149/62/1704 1152/65/1708 1150/63/1705
f  1150/63/1709 1152/65/1709 1153/66/1709
f  1150/63/1706 1153/66/1710 1151/64/1707
f  1151/64/1707 1153/66/1710 1154/67/1711
f  1152/65/1708 1155/68/1712 1153/66/1713
f  1153/66/1713 1155/68/1712 1156/69/1714
f  1153/66/1710 1156/69/1715 1154/67/1711
f  1154/67/1711 1156/69/1715 1157/70/1716
f  1155/68/1712 1158/71/1717 1156/69/1714
f  1156/69/1715 1158/71/1718 1157/70/1716
f  1063/1/88 1159/59/88 1063/58/88
f  1063/58/1719 1159/59/1720 1160/60/1721
f  1063/58/88 1160/60/88 1063/4/88
f  1063/4/1722 1160/60/1723 1161/61/1724
f  1159/59/1720 1162/62/1725 1160/60/1721
f  1160/60/1721 1162/62/1725 1163/63/1726
f  1160/60/1723 1163/63/1727 1161/61/1724
f  1161/61/1724 1163/63/1727 1164/64/1728
f  1162/62/1725 1165/65/1729 1163/63/1726
f  1163/63/1726 1165/65/1729 1166/66/1730
f  1163/63/1727 1166/66/1731 1164/64/1728
f  1164/64/1728 1166/66/1731 1167/67/1732
f  1165/65/1729 1168/68/1733 1166/66/1734
f  1166/66/1734 1168/68/1733 1169/69/1735
f  1166/66/1731 1169/69/1736 1167/67/1732
f  1167/67/1732 1169/69/1736 1170/70/1737
f  1168/68/1733 1171/71/1738 1169/69/1735
f  1169/69/1736 1171/71/1739 1170/70/1737
f  1064/1/88 1172/59/88 1064/58/88
f  1064/58/1740 1172/59/1741 1173/60/1742
f  1064/58/88 1173/60/88 1064/4/88
f  1064/4/1743 1173/60/1744 1174/61/1745
f  1172/59/1741 1175/62/1746 1173/60/1742
f  1173/60/1742 1175/62/1746 1176/63/1747
f  1173/60/1744 1176/63/1748 1174/61/1745
f  1174/61/1745 1176/63/1748 1177/64/1749
f  1175/62/1746 1178/65/1750 1176/63/1747
f  1176/63/1747 1178/65/1750 1179/66/1751
f  1176/63/1748 1179/66/1752 1177/64/1749
f  1177/64/1749 1179/66/1752 1180/67/1753
f  1178/65/1750 1181/68/1754 1179/66/1751
f  1179/66/1751 1181/68/1754 1182/69/1755
f  1179/66/1752 1182/69/1756 1180/67/1753
f  1180/67/1753 1182/69/1756 1183/70/1757
f  1181/68/1754 1184/71/1758 1182/69/1755
f  1182/69/1756 1184/71/1759 1183/70/1757
f  1065/1/88 1185/59/88 1065/58/88
f  1065/58/1760 1185/59/1761 1186/60/1762
f  1065/58/88 1186/60/88 1065/4/88
f  1065/4/1763 1186/60/1764 1187/61/1765
f  1185/59/1761 1188/62/1766 1186/60/1762
f  1186/60/1762 1188/62/1766 1189/63/1767
f  1186/60/1764 1189/63/1768 1187/61/1765
f  1187/61/1765 1189/63/1768 1190/64/1769
f  1188/62/1766 1191/65/1770 1189/63/1767
f  1189/63/1771 1191/65/1771 1192/66/1771
f  1189/63/1768 1192/66/1772 1190/64/1769
f  1190/64/1769 1192/66/1772 1193/67/1773
f  1191/65/1770 1194/68/1774 1192/66/1775
f  1192/66/1775 1194/68/1774 1195/69/1776
f  1192/66/1772 1195/69/1777 1193/67/1773
f  1193/67/1773 1195/69/1777 1196/70/1778
f  1194/68/1774 1197/71/1779 1195/69/1776
f  1195/69/1777 1197/71/1780 1196/70/1778
f  1066/1/88 1198/59/88 1066/58/88
f  1066/58/1781 1198/59/1782 1199/60/1783
f  1066/58/88 1199/60/88 1066/4/88
f  1066/4/1784 1199/60/1785 1200/61/1786
f  1198/59/1782 1201/62/1787 1199/60/1783
f  1199/60/1783 1201/62/1787 1202/63/1788
f  1199/60/1785 1202/63/1789 1200/61/1786
f  1200/61/1786 1202/63/1789 1203/64/1790
f  1201/62/1787 1204/65/1791 1202/63/1788
f  1202/63/1788 1204/65/1791 1205/66/1792
f  1202/63/1789 1205/66/1793 1203/64/1790
f  1203/64/1790 1205/66/1793 1206/67/1794
f  1204/65/1791 1207/68/1795 1205/66/1792
f  1205/66/1792 1207/68/1795 1208/69/1796
f  1205/66/1793 1208/69/1797 1206/67/1794
f  1206/67/1794 1208/69/1797 1209/70/1798
f  1207/68/1795 1210/71/1799 1208/69/1796
f  1208/69/1797 1210/71/1800 1209/70/1798
f  1067/1/88 1211/59/88 1067/58/88
f  1067/58/1801 1211/59/1802 1212/60/1803
f  1067/58/88 1212/60/88 1067/4/88
f  1067/4/1804 1212/60/1805 1213/61/1806
f  1211/59/1802 1214/62/1807 1212/60/1803
f  1212/60/1803 1214/62/1807 1215/63/1808
f  1212/60/1805 1215/63/1809 1213/61/1806
f  1213/61/1806 1215/63/1809 1216/64/1810
f  1214/62/1807 1217/65/1811 1215/63/1808
f  1215/63/1808 1217/65/1811 1218/66/1812
f  1215/63/1809 1218/66/1813 1216/64/1810
f  1216/64/1810 1218/66/1813 1219/67/1814
f  1217/65/1811 1220/68/1815 1218/66/1812
f  1218/66/1812 1220/68/1815 1221/69/1816
f  1218/66/1813 1221/69/1817 1219/67/1814
f  1219/67/1814 1221/69/1817 1222/70/1818
f  1220/68/1815 1223/71/1819 1221/69/1816
f  1221/69/1817 1223/71/1820 1222/70/1818
f  1068/1/88 1224/59/88 1068/58/88
f  1068/58/1821 1224/59/1822 1225/60/1823
f  1068/58/88 1225/60/88 1068/4/88
f  1068/4/1824 1225/60/1825 1226/61/1826
f  1224/59/1822 1227/62/1827 1225/60/1823
f  1225/60/1823 1227/62/1827 1228/63/1828
f  1225/60/1825 1228/63/1829 1226/61/1826
f  1226/61/1826 1228/63/1829 1229/64/1830
f  1227/62/1827 1230/65/1831 1228/63/1828
f  1228/63/1828 1230/65/1831 1231/66/1832
f  1228/63/1829 1231/66/1833 1229/64/1830
f  1229/64/1830 1231/66/1833 1232/67/1834
f  1230/65/1831 1233/68/1835 1231/66/1836
f  1231/66/1836 1233/68/1835 1234/69/1837
f  1231/66/1833 1234/69/1838 1232/67/1834
f  1232/67/1834 1234/69/1838 1235/70/1839
f  1233/68/1835 1236/71/1840 1234/69/1837
f  1234/69/1838 1236/71/1841 1235/70/1839
f  1069/1/88 1237/59/88 1069/58/88
f  1069/58/1842 1237/59/1843 1238/60/1844
f  1069/58/88 1238/60/88 1069/4/88
f  1069/4/1845 1238/60/1846 1239/61/1847
f  1237/59/1843 1240/62/1848 1238/60/1844
f  1238/60/1844 1240/62/1848 1241/63/1849
f  1238/60/1846 1241/63/1850 1239/61/1847
f  1239/61/1847 1241/63/1850 1242/64/1851
f  1240/62/1848 1243/65/1852 1241/63/1849
f  1241/63/1849 1243/65/1852 1244/66/1853
f  1241/63/1850 1244/66/1854 1242/64/1851
f  1242/64/1851 1244/66/1854 1245/67/1855
f  1243/65/1852 1246/68/1856 1244/66/1853
f  1244/66/1853 1246/68/1856 1247/69/1857
f  1244/66/1854 1247/69/1858 1245/67/1855
f  1245/67/1855 1247/69/1858 1248/70/1859
f  1246/68/1856 1249/71/1860 1247/69/1857
f  1247/69/1858 1249/71/1861 1248/70/1859
f  1070/1/88 1250/59/88 1070/58/88
f  1070/58/1862 1250/59/1863 1251/60/1864
f  1070/58/88 1251/60/88 1070/4/88
f  1070/4/1865 1251/60/1866 1252/61/1867
f  1250/59/1863 1253/62/1868 1251/60/1864
f  1251/60/1864 1253/62/1868 1254/63/1869
f  1251/60/1866 1254/63/1870 1252/61/1867
f  1252/61/1867 1254/63/1870 1255/64/1871
f  1253/62/1868 1256/65/1872 1254/63/1869
f  1254/63/1869 1256/65/1872 1257/66/1873
f  1254/63/1870 1257/66/1874 1255/64/1871
f  1255/64/1871 1257/66/1874 1258/67/1875
f  1256/65/1872 1259/68/1876 1257/66/1873
f  1257/66/1873 1259/68/1876 1260/69/1877
f  1257/66/1874 1260/69/1878 1258/67/1875
f  1258/67/1875 1260/69/1878 1261/70/1879
f  1259/68/1876 1262/71/1880 1260/69/1877
f  1260/69/1878 1262/71/1881 1261/70/1879
f  1071/1/88 1263/59/88 1071/58/88
f  1071/58/1882 1263/59/1883 1264/60/1884
f  1071/58/88 1264/60/88 1071/4/88
f  1071/4/1885 1264/60/1886 1265/61/1887
f  1263/59/1883 1266/62/1888 1264/60/1884
f  1264/60/1884 1266/62/1888 1267/63/1889
f  1264/60/1886 1267/63/1890 1265/61/1887
f  1265/61/1887 1267/63/1890 1268/64/1891
f  1266/62/1888 1269/65/1892 1267/63/1889
f  1267/63/1889 1269/65/1892 1270/66/1893
f  1267/63/1890 1270/66/1894 1268/64/1891
f  1268/64/1891 1270/66/1894 1271/67/1895
f  1269/65/1892 1272/68/1896 1270/66/1893
f  1270/66/1893 1272/68/1896 1273/69/1897
f  1270/66/1894 1273/69/1898 1271/67/1895
f  1271/67/1895 1273/69/1898 1274/70/1899
f  1272/68/1896 1275/71/1900 1273/69/1897
f  1273/69/1898 1275/71/1901 1274/70/1899
f  1072/1/88 1276/59/88 1072/58/88
f  1072/58/1902 1276/59/1903 1277/60/1904
f  1072/58/88 1277/60/88 1072/4/88
f  1072/4/1905 1277/60/1906 1278/61/1907
f  1276/59/1903 1279/62/1908 1277/60/1904
f  1277/60/1904 1279/62/1908 1280/63/1909
f  1277/60/1906 1280/63/1910 1278/61/1907
f  1278/61/1907 1280/63/1910 1281/64/1911
f  1279/62/1908 1282/65/1912 1280/63/1909
f  1280/63/1909 1282/65/1912 1283/66/1913
f  1280/63/1910 1283/66/1914 1281/64/1911
f  1281/64/1911 1283/66/1914 1284/67/1915
f  1282/65/1912 1285/68/1916 1283/66/1913
f  1283/66/1913 1285/68/1916 1286/69/1917
f  1283/66/1914 1286/69/1918 1284/67/1915
f  1284/67/1915 1286/69/1918 1287/70/1919
f  1285/68/1916 1288/71/1920 1286/69/1917
f  1286/69/1918 1288/71/1921 1287/70/1919
f  1073/1/88 1289/59/88 1073/58/88
f  1073/58/1922 1289/59/1923 1290/60/1924
f  1073/58/88 1290/60/88 1073/4/88
f  1073/4/1925 1290/60/1926 1291/61/1927
f  1289/59/1923 1292/62/1928 1290/60/1924
f  1290/60/1924 1292/62/1928 1293/63/1929
f  1290/60/1926 1293/63/1930 1291/61/1927
f  1291/61/1927 1293/63/1930 1294/64/1931
f  1292/62/1928 1295/65/1932 1293/63/1929
f  1293/63/1929 1295/65/1932 1296/66/1933
f  1293/63/1930 1296/66/1934 1294/64/1931
f  1294/64/1931 1296/66/1934 1297/67/1935
f  1295/65/1932 1298/68/1936 1296/66/1933
f  1296/66/1933 1298/68/1936 1299/69/1937
f  1296/66/1934 1299/69/1938 1297/67/1935
f  1297/67/1935 1299/69/1938 1300/70/1939
f  1298/68/1936 1301/71/1940 1299/69/1937
f  1299/69/1938 1301/71/1941 1300/70/1939
f  1074/1/88 1302/59/88 1074/58/88
f  1074/58/1942 1302/59/1943 1303/60/1944
f  1074/58/88 1303/60/88 1074/4/88
f  1074/4/1945 1303/60/1946 1304/61/1947
f  1302/59/1943 1305/62/1948 1303/60/1944
f  1303/60/1944 1305/62/1948 1306/63/1949
f  1303/60/1946 1306/63/1950 1304/61/1947
f  1304/61/1947 1306/63/1950 1307/64/1951
f  1305/62/1948 1308/65/1952 1306/63/1949
f  1306/63/1949 1308/65/1952 1309/66/1953
f  1306/63/1950 1309/66/1954 1307/64/1951
f  1307/64/1951 1309/66/1954 1310/67/1955
f  1308/65/1952 1311/68/1956 1309/66/1953
f  1309/66/1953 1311/68/1956 1312/69/1957
f  1309/66/1954 1312/69/1958 1310/67/1955
f  1310/67/1955 1312/69/1958 1313/70/1959
f  1311/68/1956 1314/71/1960 1312/69/1957
f  1312/69/1958 1314/71/1961 1313/70/1959
f  1075/1/88 1315/59/88 1075/58/88
f  1075/58/1962 1315/59/1963 1316/60/1964
f  1075/58/88 1316/60/88 1075/4/88
f  1075/4/1965 1316/60/1966 1317/61/1967
f  1315/59/1963 1318/62/1968 1316/60/1964
f  1316/60/1964 1318/62/1968 1319/63/1969
f  1316/60/1966 1319/63/1970 1317/61/1967
f  1317/61/1967 1319/63/1970 1320/64/1971
f  1318/62/1968 1321/65/1972 1319/63/1969
f  1319/63/1969 1321/65/1972 1322/66/1973
f  1319/63/1970 1322/66/1974 1320/64/1971
f  1320/64/1971 1322/66/1974 1323/67/1975
f  1321/65/1972 1324/68/1976 1322/66/1973
f  1322/66/1973 1324/68/1976 1325/69/1977
f  1322/66/1974 1325/69/1978 1323/67/1975
f  1323/67/1975 1325/69/1978 1326/70/1979
f  1324/68/1976 1327/71/1980 1325/69/1977
f  1325/69/1978 1327/71/1981 1326/70/1979
f  1076/1/88 1328/59/88 1076/58/88
f  1076/58/1982 1328/59/1983 1329/60/1984
f  1076/58/88 1329/60/88 1076/4/88
f  1076/4/1985 1329/60/1986 1330/61/1987
f  1328/59/1983 1331/62/1988 1329/60/1984
f  1329/60/1984 1331/62/1988 1332/63/1989
f  1329/60/1986 1332/63/1990 1330/61/1987
f  1330/61/1987 1332/63/1990 1333/64/1991
f  1331/62/1988 1334/65/1992 1332/63/1989
f  1332/63/1989 1334/65/1992 1335/66/1993
f  1332/63/1990 1335/66/1994 1333/64/1991
f  1333/64/1991 1335/66/1994 1336/67/1995
f  1334/65/1992 1337/68/1996 1335/66/1993
f  1335/66/1993 1337/68/1996 1338/69/1997
f  1335/66/1994 1338/69/1998 1336/67/1995
f  1336/67/1995 1338/69/1998 1339/70/1999
f  1337/68/1996 1340/71/2000 1338/69/1997
f  1338/69/1998 1340/71/2001 1339/70/1999
f  1077/1/88 1341/59/88 1077/58/88
f  1077/58/2002 1341/59/2003 1342/60/2004
f  1077/58/88 1342/60/88 1077/4/88
f  1077/4/2005 1342/60/2006 1343/61/2007
f  1341/59/2003 1344/62/2008 1342/60/2004
f  1342/60/2004 1344/62/2008 1345/63/2009
f  1342/60/2006 1345/63/2010 1343/61/2007
f  1343/61/2007 1345/63/2010 1346/64/2011
f  1344/62/2008 1347/65/2012 1345/63/2009
f  1345/63/2009 1347/65/2012 1348/66/2013
f  1345/63/2010 1348/66/2014 1346/64/2011
f  1346/64/2011 1348/66/2014 1349/67/2015
f  1347/65/2012 1350/68/2016 1348/66/2013
f  1348/66/2013 1350/68/2016 1351/69/2017
f  1348/66/2014 1351/69/2018 1349/67/2015
f  1349/67/2015 1351/69/2018 1352/70/2019
f  1350/68/2016 1353/71/2020 1351/69/2017
f  1351/69/2018 1353/71/2021 1352/70/2019
f  1078/1/88 1354/59/88 1078/58/88
f  1078/58/2022 1354/59/2023 1355/60/2024
f  1078/58/88 1355/60/88 1078/4/88
f  1078/4/2025 1355/60/2026 1356/61/2027
f  1354/59/2023 1357/62/2028 1355/60/2024
f  1355/60/2024 1357/62/2028 1358/63/2029
f  1355/60/2026 1358/63/2030 1356/61/2027
f  1356/61/2027 1358/63/2030 1359/64/2031
f  1357/62/2028 1360/65/2032 1358/63/2029
f  1358/63/2029 1360/65/2032 1361/66/2033
f  1358/63/2030 1361/66/2034 1359/64/2031
f  1359/64/2031 1361/66/2034 1362/67/2035
f  1360/65/2032 1363/68/2036 1361/66/2033
f  1361/66/2033 1363/68/2036 1364/69/2037
f  1361/66/2034 1364/69/2038 1362/67/2035
f  1362/67/2035 1364/69/2038 1365/70/2039
f  1363/68/2036 1366/71/2040 1364/69/2037
f  1364/69/2038 1366/71/2041 1365/70/2039
f  1079/1/88 1367/59/88 1079/58/88
f  1079/58/2042 1367/59/2043 1368/60/2044
f  1079/58/88 1368/60/88 1079/4/88
f  1079/4/2045 1368/60/2046 1369/61/2047
f  1367/59/2043 1370/62/2048 1368/60/2044
f  1368/60/2044 1370/62/2048 1371/63/2049
f  1368/60/2046 1371/63/2050 1369/61/2047
f  1369/61/2047 1371/63/2050 1372/64/2051
f  1370/62/2048 1373/65/2052 1371/63/2049
f  1371/63/2049 1373/65/2052 1374/66/2053
f  1371/63/2050 1374/66/2054 1372/64/2051
f  1372/64/2051 1374/66/2054 1375/67/2055
f  1373/65/2052 1376/68/2056 1374/66/2053
f  1374/66/2053 1376/68/2056 1377/69/2057
f  1374/66/2054 1377/69/2058 1375/67/2055
f  1375/67/2055 1377/69/2058 1378/70/2059
f  1376/68/2056 1379/71/2060 1377/69/2057
f  1377/69/2058 1379/71/2061 1378/70/2059
f  1080/1/88 1380/59/88 1080/58/88
f  1080/58/2062 1380/59/2063 1381/60/2064
f  1080/58/88 1381/60/88 1080/4/88
f  1080/4/2065 1381/60/2066 1382/61/2067
f  1380/59/2063 1383/62/2068 1381/60/2064
f  1381/60/2064 1383/62/2068 1384/63/2069
f  1381/60/2066 1384/63/2070 1382/61/2067
f  1382/61/2067 1384/63/2070 1385/64/2071
f  1383/62/2068 1386/65/2072 1384/63/2069
f  1384/63/2069 1386/65/2072 1387/66/2073
f  1384/63/2070 1387/66/2074 1385/64/2071
f  1385/64/2071 1387/66/2074 1388/67/2075
f  1386/65/2072 1389/68/2076 1387/66/2073
f  1387/66/2073 1389/68/2076 1390/69/2077
f  1387/66/2074 1390/69/2078 1388/67/2075
f  1388/67/2075 1390/69/2078 1391/70/2079
f  1389/68/2076 1392/71/2080 1390/69/2077
f  1390/69/2078 1392/71/2081 1391/70/2079
