# 
# Wavefront OBJ file
# Converted by the DEEP Exploration 3.5.9.1158
# Right Hemisphere, LTD
# http://www.righthemisphere.com/
# 
mtllib GC20_3.mtl
# object GC20_3
g GC20_3
v -0.000105948 -0.00755375 0.0265
v 0 0 0.0242952
v -0.00558431 0.00593042 0.0266367
v 0.0111692 -0.00150137 0.0417446
v 0.0112264 0.00427426 0.0400233
v 0.00697509 0.00882602 0.0418514
v 0.0225662 0.00457827 0.0565517
v 0.0225981 0.00886233 0.0552608
v 0.0195058 0.0122657 0.056702
v 0.0344087 0.00949094 0.0710237
v 0.0344392 0.0129417 0.0699915
v 0.031961 0.0156854 0.0711665
v 0.0457025 0.0144008 0.085807
v 0.045659 0.0173081 0.0848432
v 0.0435345 0.0196351 0.0858208
v 0.0570823 0.0198011 0.0984531
v 0.057061 0.0222272 0.0976691
v 0.0553687 0.0241931 0.0985707
v 0.00527931 0.00493991 0.0214039
v 0 0 0.018678
v -0.00145069 -0.00766621 0.0215726
v -0.0157927 0.015348 0.0403717
v -0.020053 0.0112842 0.0380969
v -0.0212934 0.00505225 0.0405124
v -0.037383 0.0254759 0.0580094
v -0.0407188 0.0222539 0.0561936
v -0.0418345 0.017414 0.0582192
v -0.0582436 0.0373652 0.0743892
v -0.0609607 0.0347447 0.0729159
v -0.0619012 0.0308268 0.074593
v -0.078824 0.0481315 0.0914512
v -0.0809984 0.0457966 0.0900669
v -0.0817824 0.0424196 0.0914855
v -0.101224 0.0588378 0.104702
v -0.103162 0.0567776 0.103489
v -0.104034 0.0538896 0.104863
v -0.121484 0.0723924 0.117771
v -0.123206 0.0705941 0.116721
v -0.123944 0.0680444 0.117913
v -0.131265 0.0769832 0.124114
v -0.132715 0.0752382 0.123057
v -0.133356 0.0728519 0.124137
v -0.00703444 0.000409769 0.016139
v 0 0 0.0131065
v 0.0068582 0.00328361 0.0163381
v 2.46393e-005 -0.0312199 0.0347623
v 0.00578758 -0.0314667 0.032219
v 0.0114425 -0.0288641 0.0349293
v 0.0079359 -0.0629265 0.0511568
v 0.0125096 -0.0630732 0.0491125
v 0.0170464 -0.0612313 0.0513844
v 0.0132059 -0.0952457 0.065365
v 0.0169393 -0.0953631 0.0636986
v 0.0206511 -0.0939243 0.0655845
v 0.0197462 -0.126396 0.0805725
v 0.0229044 -0.126249 0.0790376
v 0.0260903 -0.124982 0.0806416
v 0.027941 -0.158512 0.08957
v 0.0307468 -0.158384 0.0882134
v 0.0336243 -0.157533 0.0897241
v 0.031093 -0.19087 0.098215
v 0.0335905 -0.190783 0.0970207
v 0.0361413 -0.190012 0.0983618
v 0.0366133 -0.21279 0.105037
v 0.0388142 -0.212507 0.103918
v 0.0410945 -0.211767 0.105109
v 0.00445526 -0.00543421 0.0102595
v 0 0 0.00702664
v -0.00673114 0.00348109 0.0104871
v 0.0275401 0.0243832 0.0266201
v 0.0238791 0.0286716 0.0239684
v 0.0185339 0.0315712 0.0268069
v 0.0498907 0.0548381 0.0401487
v 0.0469965 0.0581275 0.038064
v 0.0430083 0.0605927 0.0403714
v 0.0747015 0.0830861 0.050874
v 0.0723436 0.0857526 0.0491813
v 0.0691587 0.0878163 0.0510831
v 0.0975379 0.111793 0.0627347
v 0.0953366 0.113867 0.06121
v 0.0925777 0.115618 0.0628317
v 0.119343 0.141989 0.0670332
v 0.117396 0.143818 0.0656923
v 0.115149 0.145588 0.067169
v 0.14497 0.167938 0.0709554
v 0.143308 0.16954 0.0698045
v 0.141367 0.171062 0.0710822
v 0.148344 0.172523 0.0717278
v 0.146615 0.17394 0.0705954
v 0.144672 0.17535 0.0718298
v 0.0722828 -0.145303 0.138352
v 0.0566669 0.022085 0.0972396
v -0.0404357 0.158445 0.141171
v 0.0952069 -0.134198 0.167696
v 0.0808257 0.0308661 0.122472
v -0.0121886 0.168856 0.164963
v 0.128039 -0.123448 0.196993
v 0.108948 0.0417436 0.151736
v 0.0128594 0.177924 0.195588
v 0.152094 -0.112858 0.232646
v 0.143723 0.0520256 0.182413
v 0.0636818 0.197843 0.228353
v 0.182078 -0.11124 0.249042
v 0.183604 0.0573821 0.215966
v 0.11724 0.202325 0.280132
v 0.242331 -0.105585 0.268066
v 0.228156 0.0640611 0.250297
v 0.156685 0.196547 0.331757
v 0.299658 -0.104181 0.268636
v 0.280951 0.0685191 0.278856
v 0.224962 0.18763 0.392688
v 0.343714 -0.110357 0.303619
v 0.336702 0.070137 0.308146
v 0.28815 0.201473 0.422344
v 0.39928 -0.0953127 0.320483
v 0.398814 0.0697908 0.327394
v 0.377055 0.189483 0.43923
v 0.464839 0.0743706 0.330484
v -0.0348935 0.205975 0.180432
v -0.132232 0.0749923 0.1228
v -0.184058 -0.0815988 0.175204
v -0.0641134 0.218941 0.19721
v -0.161156 0.090235 0.137917
v -0.216981 -0.063819 0.189387
v -0.102214 0.235266 0.22248
v -0.195663 0.107244 0.154814
v -0.252781 -0.0491413 0.199337
v -0.135955 0.249897 0.247176
v -0.233997 0.129438 0.17196
v -0.306798 -0.0219596 0.211441
v -0.191362 0.278103 0.267289
v -0.27799 0.155102 0.184247
v -0.358017 0.00713904 0.219353
v -0.265175 0.316189 0.270319
v -0.328433 0.180716 0.187001
v -0.406109 0.0324039 0.222584
v -0.340471 0.348656 0.269879
v -0.382442 0.206139 0.179285
v -0.461512 0.0532675 0.20494
v -0.365603 0.3827 0.260403
v -0.430853 0.243828 0.164985
v -0.546904 0.106959 0.186122
v -0.401403 0.39106 0.267508
v -0.47282 0.292613 0.155638
v -0.596518 0.183375 0.147088
v -0.507828 0.348028 0.145968
v -0.121397 -0.236366 0.16488
v 0.0386846 -0.211932 0.103808
v 0.194775 -0.165616 0.162488
v -0.11045 -0.274341 0.172857
v 0.0470867 -0.246324 0.110443
v 0.202063 -0.198924 0.167309
v -0.0988193 -0.322851 0.177479
v 0.0583491 -0.286275 0.11697
v 0.211733 -0.235386 0.176841
v -0.0869363 -0.360824 0.192799
v 0.0683467 -0.332299 0.123133
v 0.228534 -0.293671 0.174393
v -0.0752013 -0.400125 0.211566
v 0.0731236 -0.384381 0.126233
v 0.240937 -0.369843 0.160251
v -0.0454303 -0.48416 0.224836
v 0.0856403 -0.439583 0.124189
v 0.252437 -0.403838 0.138242
v -0.0226596 -0.576006 0.193399
v 0.105578 -0.494258 0.108828
v 0.270351 -0.445566 0.13637
v -0.0108107 -0.63994 0.162463
v 0.12996 -0.550232 0.0932998
v 0.295778 -0.49837 0.142923
v 0.0310001 -0.698913 0.103372
v 0.160591 -0.60226 0.0691471
v 0.304422 -0.558302 0.137613
v 0.201963 -0.638673 0.0323742
v 0.272304 0.0717691 0.131558
v 0.146249 0.173465 0.0705611
v 0.0158186 0.269736 0.131164
v 0.294005 0.102009 0.133508
v 0.168092 0.201993 0.0731148
v 0.0387145 0.297482 0.133461
v 0.322337 0.14574 0.141684
v 0.192096 0.236451 0.0745273
v 0.0578233 0.330006 0.128557
v 0.343971 0.179537 0.152943
v 0.221449 0.273756 0.0761882
v 0.0909308 0.377705 0.120227
v 0.380733 0.222654 0.146204
v 0.253547 0.315158 0.076949
v 0.126119 0.418457 0.128148
v 0.416376 0.253765 0.131789
v 0.293545 0.354126 0.0674724
v 0.190424 0.480612 0.119082
v 0.459191 0.29892 0.136166
v 0.339137 0.387308 0.0464197
v 0.243844 0.53201 0.0625638
v 0.498207 0.28714 0.0954081
v 0.390992 0.411601 0.0201618
v 0.333795 0.57975 0.0533567
v 0.542546 0.317488 0.0448348
v 0.438468 0.427464 -0.0213465
v 0.400528 0.58757 -0.0060557
v 0.482809 0.446867 -0.0665926
v 0.00136762 0.00738816 0.0250181
v 0.00596788 -0.00492537 0.0218152
v -0.0073355 -0.00246279 0.0218152
v -0.000487639 -0.00263432 0.0604026
v 0.00401348 -0.0149114 0.0578598
v -0.00908514 -0.0124867 0.0578598
v -0.0019921 -0.0107617 0.0963774
v 0.00241758 -0.0229357 0.0943632
v -0.0104673 -0.0205506 0.0943632
v -0.00321034 -0.0173429 0.132749
v 0.00111421 -0.0293752 0.131155
v -0.0115553 -0.0270299 0.131155
v -0.00419613 -0.0226683 0.169388
v 4.96132e-005 -0.0345406 0.168127
v -0.0124103 -0.0322342 0.168127
v -0.00499312 -0.0269738 0.206209
v -0.00081899 -0.0386837 0.205211
v -0.0130823 -0.0364137 0.205211
v -0.00565521 -0.0305506 0.244243
v -0.00154572 -0.0421039 0.243459
v -0.013628 -0.0398674 0.243459
v -0.0061844 -0.0334094 0.282367
v -0.00212836 -0.0448282 0.281752
v -0.0140591 -0.0426197 0.281752
v -0.00660508 -0.0356819 0.320553
v -0.00259099 -0.0469927 0.320071
v -0.0144019 -0.0448064 0.320071
v -0.00693789 -0.0374799 0.358782
v -0.00295717 -0.0487029 0.358406
v -0.0146722 -0.0465344 0.358406
v -0.0072 -0.0388958 0.397041
v -0.00324714 -0.0500443 0.39675
v -0.0148816 -0.0478907 0.39675
v -0.00733838 -0.0396434 0.422785
v -0.00340268 -0.0507453 0.422542
v -0.0149873 -0.0486009 0.422542
v -0.00745516 -0.0402743 0.448537
v -0.00353641 -0.0513297 0.448335
v -0.0150716 -0.0491944 0.448335
v -0.00755379 -0.0408071 0.474296
v -0.00365268 -0.0518137 0.474129
v -0.0151363 -0.0496879 0.474129
v -0.00763732 -0.0412584 0.500059
v -0.00375545 -0.0522113 0.499922
v -0.0151826 -0.050096 0.499922
v -0.00765612 -0.0413599 0.5069
v -0.00377973 -0.0522975 0.506769
v -0.0151908 -0.0501852 0.506769
v -0.00767742 -0.0415013 0.511878
v -0.0037912 -0.0523463 0.513277
v -0.0152006 -0.050225 0.513282
v -0.00588522 -0.000928401 0.0207241
v 0.00190817 0.00702158 0.0134896
v 0.00397704 -0.00609318 0.0134896
v 0.0164357 0.00259276 0.0483161
v 0.0249106 0.0105263 0.0423941
v 0.0269413 -0.00234657 0.0423941
v 0.0351765 0.00554914 0.0787376
v 0.0440347 0.0134137 0.0739505
v 0.0460256 0.000793394 0.0739505
v 0.0507189 0.00800098 0.111126
v 0.0597614 0.0157661 0.107286
v 0.0617127 0.0033966 0.107286
v 0.0635016 0.0100175 0.144862
v 0.0726057 0.0176709 0.141796
v 0.0745196 0.0055383 0.141796
v 0.0739458 0.0116651 0.179515
v 0.0830447 0.0192097 0.177075
v 0.0849254 0.00728781 0.177075
v 0.0826639 0.0130403 0.215795
v 0.09173 0.0204893 0.213871
v 0.0935828 0.00874405 0.213871
v 0.0896482 0.0141421 0.252521
v 0.0986768 0.0215166 0.25101
v 0.100509 0.00990518 0.25101
v 0.0952006 0.015018 0.289547
v 0.10419 0.022333 0.288369
v 0.106006 0.0108257 0.288369
v 0.0995805 0.015709 0.326777
v 0.108527 0.0229717 0.325865
v 0.110329 0.0115532 0.325865
v 0.103012 0.0162503 0.364144
v 0.111907 0.0234598 0.363443
v 0.113694 0.012129 0.363443
v 0.104806 0.0165332 0.389272
v 0.113656 0.0237023 0.388691
v 0.115433 0.0124369 0.388691
v 0.105145 0.0165868 0.394954
v 0.113985 0.0237459 0.3944
v 0.115759 0.0124966 0.3944
v 0.105499 0.0166474 0.399922
v 0.114311 0.023795 0.400899
v 0.116077 0.0125444 0.400904
v 0.00136878 -0.0036606 0.0152453
v -0.00692389 -0.000502791 0.00530753
v 0.00555511 0.00416339 0.00530753
v -0.00943377 0.0252292 0.0331314
v -0.0181803 0.0299335 0.0246042
v -0.00591956 0.0345181 0.0246042
v -0.018943 0.0506601 0.0566065
v -0.0279548 0.0564211 0.0494907
v -0.0159218 0.0609205 0.0494907
v -0.0270856 0.0724363 0.0842325
v -0.0362205 0.0788732 0.0784038
v -0.024415 0.0832876 0.0784038
v -0.0339242 0.0907253 0.11482
v -0.0430879 0.0975698 0.110103
v -0.0314995 0.101903 0.110103
v -0.0395886 0.105874 0.14747
v -0.0487269 0.11295 0.143684
v -0.0373353 0.11721 0.143684
v -0.0443649 0.118647 0.182532
v -0.0534537 0.125852 0.179532
v -0.0422328 0.130047 0.179532
v -0.0482171 0.128949 0.218612
v -0.0572554 0.136221 0.216248
v -0.0461668 0.140367 0.216248
v -0.0512939 0.137178 0.255375
v -0.060285 0.144479 0.253526
v -0.049299 0.148587 0.253526
v -0.0537287 0.143689 0.292596
v -0.0626737 0.150996 0.29116
v -0.0517721 0.155072 0.29116
v -0.0556389 0.148798 0.33012
v -0.0645341 0.15609 0.329015
v -0.0537106 0.160138 0.329015
v -0.0566381 0.15147 0.355466
v -0.0654948 0.158743 0.354549
v -0.0547261 0.16277 0.354549
v -0.0574749 0.153708 0.380879
v -0.0662863 0.160952 0.380122
v -0.0555782 0.164956 0.380122
v -0.0575183 0.153824 0.382462
v -0.0663266 0.161066 0.381714
v -0.0556226 0.165069 0.381714
v -0.057682 0.154248 0.387427
v -0.0664843 0.161495 0.388204
v -0.0557773 0.165489 0.388209
v -0.00717292 -0.0388398 0.534702
v -0.00356466 -0.0489425 0.535834
v -0.0141702 -0.0469708 0.535838
v -0.00674016 -0.0365578 0.557556
v -0.00341944 -0.0458811 0.558447
v -0.0131892 -0.0440649 0.55845
v -0.00639472 -0.0347383 0.580474
v -0.00335135 -0.0433083 0.58111
v -0.0123143 -0.0416421 0.581113
v -0.00616295 -0.0335216 0.60346
v -0.0033657 -0.0414204 0.603826
v -0.0116119 -0.0398874 0.603827
v -0.00606281 -0.0329976 0.626435
v -0.00346247 -0.0403501 0.626612
v -0.0111318 -0.0389243 0.626613
v -0.00602659 -0.0328087 0.64939
v -0.00359218 -0.0396954 0.649425
v -0.0107734 -0.0383603 0.649425
v -0.00610175 -0.0332193 0.67241
v -0.00381101 -0.0396947 0.672211
v -0.0105668 -0.0384387 0.672212
v -0.0064297 -0.0350026 0.695644
v -0.00425568 -0.0410621 0.69481
v -0.0106378 -0.0398754 0.694815
v -0.00747942 -0.0407872 0.722084
v -0.00542724 -0.0464246 0.720993
v -0.0114222 -0.04531 0.720998
v -0.00864566 -0.0471601 0.748098
v -0.0067158 -0.0524883 0.747162
v -0.0123627 -0.0514378 0.747162
v -0.00955846 -0.0519863 0.774357
v -0.00774571 -0.0570426 0.773694
v -0.0130666 -0.0560529 0.773688
v -0.0103018 -0.0557616 0.800709
v -0.00860539 -0.0605477 0.800438
v -0.0136046 -0.0596172 0.800418
v -0.0105312 -0.055989 0.827148
v -0.00894914 -0.0604463 0.827526
v -0.0136141 -0.0595808 0.827477
v -0.0101625 -0.051995 0.853575
v -0.00870281 -0.0560843 0.854101
v -0.0130029 -0.0552864 0.854053
v -0.0100392 -0.0508172 0.862788
v -0.00862628 -0.0547885 0.863206
v -0.0127906 -0.0540143 0.863175
v 0.104295 0.016466 0.416875
v 0.11256 0.0231643 0.4177
v 0.114215 0.0126228 0.417704
v 0.103172 0.0162966 0.43381
v 0.110863 0.0225258 0.434519
v 0.112401 0.0127238 0.434523
v 0.102205 0.0161508 0.450777
v 0.109332 0.0219195 0.451344
v 0.110757 0.0128439 0.451347
v 0.101437 0.0160358 0.467771
v 0.108045 0.0213799 0.468182
v 0.109365 0.0129739 0.468185
v 0.100927 0.0159606 0.484798
v 0.107094 0.0209436 0.485032
v 0.108324 0.0131072 0.485034
v 0.100833 0.01595 0.501883
v 0.106636 0.0206362 0.501878
v 0.107792 0.0132674 0.50188
v 0.101432 0.0160474 0.518939
v 0.106908 0.0204708 0.518739
v 0.108 0.0135144 0.518741
v 0.102368 0.0161968 0.535904
v 0.107552 0.0203875 0.535628
v 0.108587 0.0137961 0.535629
v 0.10349 0.0163751 0.552838
v 0.108416 0.0203584 0.552516
v 0.109399 0.0140924 0.552517
v 0.104787 0.0165805 0.569763
v 0.109477 0.0203766 0.569391
v 0.110415 0.014404 0.569391
v 0.106345 0.0168268 0.5867
v 0.110814 0.0204504 0.586228
v 0.11171 0.0147469 0.586229
v 0.108514 0.0171694 0.603712
v 0.112744 0.0206261 0.602935
v 0.1136 0.0151749 0.602936
v 0.111939 0.0177133 0.619689
v 0.115944 0.0210152 0.61871
v 0.116763 0.0157968 0.618712
v 0.115964 0.018352 0.635386
v 0.119783 0.0215061 0.634409
v 0.120565 0.0165189 0.63441
v 0.119751 0.0189458 0.651001
v 0.123421 0.0219558 0.650229
v 0.124166 0.017205 0.650226
v 0.122484 0.019355 0.66681
v 0.125993 0.0222133 0.666276
v 0.1267 0.0177109 0.66627
v 0.124689 0.0196736 0.682739
v 0.128008 0.0223653 0.682387
v 0.128672 0.0181297 0.682377
v 0.125321 0.0197475 0.689893
v 0.128554 0.0223593 0.689808
v 0.129198 0.0182529 0.689782
v -0.057385 0.153431 0.403775
v -0.0656887 0.16027 0.404439
v -0.0555904 0.164037 0.404443
v -0.057107 0.152666 0.420109
v -0.0648891 0.159078 0.420686
v -0.0554264 0.162608 0.42069
v -0.0568707 0.152015 0.436468
v -0.0641349 0.158003 0.436933
v -0.0553039 0.161298 0.436937
v -0.0566904 0.151516 0.452849
v -0.063465 0.157104 0.453187
v -0.0552313 0.160176 0.453189
v -0.0565844 0.151218 0.469257
v -0.0629226 0.156449 0.469444
v -0.0552212 0.159322 0.469446
v -0.0565942 0.151233 0.485711
v -0.0625699 0.156166 0.485694
v -0.0553098 0.158874 0.485696
v -0.0567899 0.151749 0.502132
v -0.062449 0.156419 0.501959
v -0.0555725 0.158985 0.50196
v -0.057066 0.152484 0.518485
v -0.0624422 0.156919 0.518248
v -0.0559084 0.159356 0.518249
v -0.0573962 0.153364 0.53482
v -0.0625186 0.157588 0.534535
v -0.056292 0.159911 0.534536
v -0.0577882 0.154411 0.551156
v -0.0626811 0.158443 0.550806
v -0.0567317 0.160663 0.550807
v -0.0582836 0.155734 0.567515
v -0.0629648 0.159584 0.567035
v -0.0572679 0.16171 0.567036
v -0.0590273 0.15772 0.583943
v -0.0635008 0.16137 0.583125
v -0.0580373 0.163408 0.583127
v -0.0601282 0.160652 0.598243
v -0.0644233 0.164122 0.597178
v -0.0591547 0.166088 0.59718
v -0.0614332 0.164129 0.612264
v -0.0655686 0.167458 0.611156
v -0.0604876 0.169353 0.611158
v -0.0627149 0.167554 0.626171
v -0.0667085 0.170783 0.625203
v -0.0618117 0.17261 0.625203
v -0.063762 0.170379 0.640195
v -0.0676157 0.173514 0.639412
v -0.0629038 0.175272 0.63941
v -0.0646864 0.17288 0.654322
v -0.0683918 0.175905 0.653674
v -0.0638688 0.177592 0.65367
v -0.0654705 0.175032 0.66847
v -0.0690228 0.177948 0.668021
v -0.0646966 0.179561 0.668011
v -0.0659015 0.176334 0.682628
v -0.0692905 0.17913 0.682539
v -0.0651728 0.180666 0.682507
v -0.0655327 0.175868 0.695834
v -0.0687382 0.178504 0.696258
v -0.064832 0.179965 0.69619
v -0.00672547 -0.0565474 0.860404
v -0.00996959 -0.0505751 0.85969
v -0.0146128 -0.0552378 0.860348
v -0.00651926 -0.0562329 0.863863
v -0.00989826 -0.0500123 0.86312
v -0.0147345 -0.0548688 0.863804
v -0.00635714 -0.0555651 0.868224
v -0.00980474 -0.0493074 0.86697
v -0.0147176 -0.0541749 0.868177
v -0.00616938 -0.054322 0.873307
v -0.00965031 -0.0482587 0.87107
v -0.0145415 -0.0529244 0.873287
v -0.00585645 -0.0522617 0.878764
v -0.00939414 -0.0466591 0.875128
v -0.0141998 -0.050857 0.878781
v -0.00526455 -0.049223 0.884049
v -0.00900315 -0.0443552 0.878626
v -0.0137538 -0.0477712 0.884111
v -0.00491984 -0.0448696 0.887944
v -0.00853599 -0.0416721 0.881444
v -0.0126432 -0.0435153 0.888042
v -0.00807637 -0.0389063 0.886686
v 0.129011 0.0246715 0.686685
v 0.124433 0.019612 0.687062
v 0.130403 0.0167982 0.686648
v 0.129329 0.0248902 0.690143
v 0.12456 0.0196203 0.690536
v 0.130779 0.0166896 0.690104
v 0.129511 0.024984 0.694553
v 0.124631 0.0196182 0.694451
v 0.130987 0.0166382 0.694527
v 0.129295 0.0249386 0.699785
v 0.124414 0.0195692 0.698679
v 0.130774 0.0165804 0.699785
v 0.128357 0.0247551 0.705548
v 0.123646 0.0194325 0.702978
v 0.129826 0.0164229 0.705587
v 0.126389 0.0245049 0.711342
v 0.122073 0.0191695 0.706872
v 0.127872 0.0160212 0.71143
v 0.123018 0.0235356 0.716026
v 0.119993 0.0188278 0.710175
v 0.124344 0.0158079 0.716153
v 0.118312 0.0185414 0.71587
v -0.0712428 0.178826 0.693255
v -0.0653694 0.175346 0.692952
v -0.063809 0.181769 0.693164
v -0.0713447 0.178713 0.696731
v -0.0652271 0.175088 0.696415
v -0.0636019 0.181777 0.696636
v -0.0712497 0.178389 0.701133
v -0.0650413 0.174729 0.70031
v -0.0633692 0.181507 0.70105
v -0.0708986 0.177615 0.7063
v -0.0647369 0.174064 0.704481
v -0.063005 0.180735 0.706243
v -0.0702433 0.176107 0.711906
v -0.064235 0.172873 0.708655
v -0.0623716 0.179209 0.711886
v -0.0693187 0.173607 0.71742
v -0.0634717 0.170969 0.712328
v -0.0612989 0.176747 0.717447
v -0.0674703 0.170008 0.721647
v -0.0625612 0.16865 0.715354
v -0.0601578 0.172839 0.721716
v -0.0616628 0.166449 0.720802
v -0.00502496 -0.0477922 0.859268
v -0.010527 -0.0535847 0.860081
v -0.00747416 -0.060958 0.860975
v -0.00495938 -0.0474173 0.862809
v -0.0105038 -0.0530798 0.863647
v -0.00758158 -0.0604232 0.864668
v -0.00469238 -0.0471184 0.867145
v -0.0104821 -0.0525926 0.86782
v -0.00785103 -0.0600936 0.86869
v -0.0043316 -0.0466951 0.871524
v -0.0104685 -0.0517459 0.872494
v -0.00832012 -0.0593272 0.873916
v -0.0045615 -0.0458162 0.877025
v -0.010844 -0.0506905 0.877612
v -0.00900361 -0.058231 0.879437
v -0.00579825 -0.0446128 0.883364
v -0.0119042 -0.0496833 0.883084
v -0.0100533 -0.0571581 0.885027
v -0.00725141 -0.0437068 0.889839
v -0.0135755 -0.0486103 0.888766
v -0.0122404 -0.0562871 0.890881
v -0.00835381 -0.0412841 0.894129
v -0.0152103 -0.0461051 0.89431
v -0.0142478 -0.0533416 0.898433
v -0.00855667 -0.0397627 0.89813
v -0.0156545 -0.042288 0.899556
v -0.0159977 -0.0481724 0.90446
v -0.015346 -0.0374626 0.904086
v 0.120144 0.0233399 0.687346
v 0.127472 0.0200953 0.686836
v 0.133442 0.0254442 0.686355
v 0.120555 0.0234111 0.691036
v 0.127797 0.0201416 0.690423
v 0.133746 0.0254086 0.689816
v 0.121015 0.0233269 0.695474
v 0.12832 0.020197 0.694591
v 0.134155 0.0256044 0.69378
v 0.121491 0.0238351 0.699785
v 0.128636 0.0202487 0.69933
v 0.134841 0.0252861 0.698843
v 0.121714 0.0244854 0.70433
v 0.128395 0.0201384 0.704563
v 0.135102 0.0244275 0.704994
v 0.122773 0.0251539 0.710817
v 0.128837 0.0200618 0.710209
v 0.13597 0.0235073 0.709637
v 0.123959 0.024083 0.718252
v 0.13016 0.0194073 0.716044
v 0.13706 0.0234012 0.714768
v 0.125083 0.0235294 0.724463
v 0.131989 0.0194189 0.722073
v 0.138373 0.0243751 0.719844
v 0.128512 0.0221352 0.731367
v 0.13479 0.0193735 0.727941
v 0.13962 0.0247462 0.725372
v 0.139337 0.0185918 0.732697
v -0.0681621 0.17039 0.692833
v -0.0664516 0.178232 0.693097
v -0.0728872 0.18302 0.693469
v -0.0680897 0.170301 0.6964
v -0.0664018 0.178084 0.696696
v -0.0727964 0.182831 0.69698
v -0.0683482 0.17036 0.700957
v -0.0663572 0.178104 0.700898
v -0.0725871 0.183117 0.70094
v -0.0688375 0.170217 0.705157
v -0.0663649 0.177817 0.705639
v -0.0722789 0.183205 0.705968
v -0.0686787 0.169797 0.710204
v -0.0665642 0.177456 0.710862
v -0.0726855 0.182564 0.71099
v -0.067901 0.168912 0.715214
v -0.0660132 0.176531 0.716422
v -0.0722146 0.181239 0.717985
v -0.0679158 0.167704 0.720645
v -0.0646079 0.174934 0.722053
v -0.0696637 0.180346 0.725268
v -0.0651988 0.164886 0.723885
v -0.062739 0.172107 0.727364
v -0.0685741 0.175841 0.732085
v -0.0619515 0.162441 0.729012
v -0.0595263 0.169025 0.732103
v -0.0639984 0.171726 0.737715
v -0.0562093 0.165833 0.736868
v 0.000478056 -0.0505996 0.694563
v -0.0146935 -0.0266938 0.695617
v 0.0193836 -0.0409192 0.747098
v 0.00421204 -0.0170135 0.748153
v 0.118931 0.027653 0.602249
v 0.104308 0.00766062 0.60414
v 0.107948 0.040114 0.649073
v 0.093326 0.0201216 0.650964
v -0.0719382 0.166465 0.582381
v -0.0484387 0.1552 0.584416
v -0.0828915 0.152499 0.631555
v -0.0593921 0.141233 0.63359
v -0.0067941 -0.0409693 0.695447
v -0.00710772 -0.0386467 0.69509
v -0.00923663 -0.0373309 0.695596
v -0.00164125 -0.0378375 0.709868
v -0.00189515 -0.0359777 0.709575
v -0.00359757 -0.0349212 0.70999
v 0.00356306 -0.0342776 0.723772
v 0.00336286 -0.0327948 0.723545
v 0.00202975 -0.0319412 0.723934
v 0.00963167 -0.0316074 0.737115
v 0.00947044 -0.0303578 0.736943
v 0.00835486 -0.0296391 0.737282
v 0.0145577 -0.0288836 0.750692
v 0.0143842 -0.0278197 0.750464
v 0.0134145 -0.0271977 0.750748
v 0.0210199 -0.0243569 0.762657
v 0.0208591 -0.0234232 0.762447
v 0.0200687 -0.0228422 0.762807
v 0.0291229 -0.0215061 0.773765
v 0.0289713 -0.0206947 0.773568
v 0.0283178 -0.0201694 0.773931
v 0.0369494 -0.0167549 0.78405
v 0.0367419 -0.0161198 0.783806
v 0.0362484 -0.0156464 0.784151
v 0.113162 0.0185024 0.603361
v 0.111619 0.0176568 0.603194
v 0.111305 0.0158235 0.603595
v 0.109779 0.0216748 0.616053
v 0.108633 0.0210449 0.615925
v 0.108397 0.0196839 0.616233
v 0.106078 0.0248159 0.628332
v 0.105198 0.024334 0.628238
v 0.105005 0.0233033 0.628519
v 0.102766 0.0289903 0.640073
v 0.10204 0.0285989 0.640009
v 0.101877 0.0277601 0.64026
v 0.0996888 0.0324288 0.651906
v 0.0990935 0.0320806 0.651799
v 0.0989479 0.0313787 0.652025
v 0.0943456 0.0368757 0.662183
v 0.093864 0.0365855 0.662086
v 0.093696 0.0360639 0.662364
v 0.0929908 0.0387725 0.664564
v 0.0925382 0.0385087 0.664483
v 0.0923804 0.0380273 0.664746
v -0.0614288 0.162345 0.583586
v -0.0601885 0.160832 0.583399
v -0.058122 0.160862 0.583853
v -0.0641338 0.158172 0.596987
v -0.0631824 0.157015 0.596839
v -0.061601 0.157035 0.597197
v -0.0667153 0.15366 0.609947
v -0.0659769 0.152757 0.609839
v -0.0647593 0.152757 0.610167
v -0.0704278 0.149384 0.622349
v -0.069821 0.148633 0.622276
v -0.0688186 0.148627 0.622566
v -0.07335 0.145586 0.634899
v -0.0728154 0.144965 0.634778
v -0.0719605 0.144955 0.635033
v -0.0767677 0.139425 0.645958
v -0.0763087 0.138899 0.645849
v -0.0756221 0.138832 0.646171
v -0.0817491 0.13437 0.65427
v -0.0813653 0.133932 0.654176
v -0.0808206 0.133842 0.654489
v 0.0662429 -0.0796324 0.794114
v 0.0365703 -0.0162183 0.783696
v -0.00590461 0.0373935 0.801917
v 0.07674 -0.0729681 0.801054
v 0.0467768 -0.0103185 0.790491
v 0.0050166 0.0430823 0.808897
v 0.0906473 -0.0636539 0.812429
v 0.0587029 -0.00260289 0.797577
v 0.0160237 0.0513807 0.812825
v 0.100298 -0.0573419 0.822508
v 0.0729048 0.00534233 0.805137
v 0.034705 0.0632062 0.818327
v 0.118077 -0.0478348 0.827685
v 0.0887395 0.0143033 0.812929
v 0.0503391 0.0709219 0.829034
v 0.132648 -0.042501 0.828476
v 0.10808 0.0221492 0.817646
v 0.0802362 0.0827583 0.838902
v 0.14874 -0.0368572 0.840696
v 0.13 0.0281263 0.818536
v 0.111954 0.0961264 0.829277
v 0.161877 -0.0424142 0.827086
v 0.153666 0.0303914 0.817441
v 0.150111 0.100122 0.841652
v 0.184301 -0.0349074 0.820226
v 0.177082 0.0315243 0.810101
v 0.181461 0.0962407 0.829085
v 0.200509 0.0340804 0.801667
v 0.140203 0.0782469 0.663805
v 0.0926261 0.038402 0.66434
v 0.0632375 -0.0124796 0.68431
v 0.134612 0.0842922 0.67245
v 0.0874301 0.0447136 0.673029
v 0.0580013 -0.00540907 0.693392
v 0.127578 0.0920209 0.686018
v 0.0806195 0.0519806 0.68275
v 0.0499103 0.00143507 0.70067
v 0.12376 0.0969215 0.697035
v 0.0734633 0.0610549 0.693424
v 0.0379189 0.013808 0.711687
v 0.114644 0.108369 0.706365
v 0.0654707 0.0712603 0.704961
v 0.0315626 0.0241208 0.725581
v 0.108498 0.118412 0.710658
v 0.0571069 0.0850783 0.714504
v 0.0192713 0.0458383 0.742712
v 0.105602 0.12803 0.724848
v 0.0489861 0.10208 0.721017
v -0.000118442 0.0718333 0.744836
v 0.104478 0.1405 0.714582
v 0.0433862 0.121733 0.725237
v -0.00549454 0.102938 0.763386
v 0.0938936 0.157779 0.715438
v 0.0373175 0.142358 0.723956
v -0.010456 0.133168 0.757786
v 0.0302184 0.163031 0.721999
v -0.131541 0.175717 0.653179
v -0.081265 0.13405 0.654036
v -0.0239919 0.112307 0.676652
v -0.13712 0.168371 0.661682
v -0.0872056 0.127049 0.662596
v -0.030772 0.105047 0.685639
v -0.144418 0.158948 0.675169
v -0.0938914 0.118128 0.672093
v -0.0367056 0.0949411 0.692606
v -0.14932 0.153479 0.686271
v -0.102451 0.108441 0.682434
v -0.0478175 0.0795566 0.702947
v -0.159905 0.141378 0.694919
v -0.11209 0.0976048 0.693529
v -0.0580683 0.0701875 0.716643
v -0.169365 0.13287 0.698474
v -0.125307 0.0857973 0.702223
v -0.0791648 0.0523479 0.732604
v -0.179643 0.127144 0.712572
v -0.141694 0.0738042 0.707486
v -0.102395 0.0273081 0.732078
v -0.191831 0.124196 0.700889
v -0.161159 0.064032 0.710258
v -0.134483 0.0147475 0.749085
v -0.207775 0.109835 0.700003
v -0.181189 0.0538901 0.707157
v -0.164256 0.00424541 0.740869
v -0.201004 0.0426725 0.703315
v -0.00893341 -0.0397448 0.693691
v -0.00747411 -0.0363201 0.696064
v -0.00491565 -0.0398752 0.695515
v -0.0158592 -0.0472332 0.708658
v -0.0144717 -0.044 0.710846
v -0.0120744 -0.0473412 0.71034
v -0.0225738 -0.0541422 0.723742
v -0.0212245 -0.0510596 0.725666
v -0.0189722 -0.0541756 0.725174
v -0.0282269 -0.0611338 0.738845
v -0.0269196 -0.0581846 0.740564
v -0.0248046 -0.061134 0.740129
v -0.0344599 -0.0674133 0.753849
v -0.0331003 -0.0644826 0.755179
v -0.0311342 -0.067359 0.754919
v -0.0389152 -0.0715558 0.769939
v -0.0375457 -0.0686546 0.770956
v -0.0356305 -0.0714058 0.770657
v -0.041879 -0.0765421 0.785727
v -0.040527 -0.0736962 0.786567
v -0.0386842 -0.0763781 0.786359
v -0.0459062 -0.0793017 0.801717
v -0.0445292 -0.0764783 0.802146
v -0.0427662 -0.0791131 0.802113
v -0.0466452 -0.0802553 0.818086
v -0.0453023 -0.0774919 0.818385
v -0.0435693 -0.0800423 0.818237
v -0.0476329 -0.0829132 0.833921
v -0.0463245 -0.0802218 0.834164
v -0.0446446 -0.0827101 0.83413
v -0.049419 -0.0827166 0.850053
v -0.0481431 -0.0801025 0.850071
v -0.0465176 -0.0825145 0.850105
v -0.0492641 -0.0827231 0.85243
v -0.0479956 -0.0801251 0.852552
v -0.0463775 -0.0825203 0.852416
v -0.0493164 -0.0828868 0.854692
v -0.0479827 -0.0801551 0.85482
v -0.0462813 -0.0826736 0.854677
v 0.112807 0.0166834 0.602076
v 0.110151 0.0167752 0.604016
v 0.1119 0.0195119 0.60349
v 0.121809 0.0134809 0.614498
v 0.119331 0.0135783 0.616232
v 0.120948 0.0160915 0.615762
v 0.130178 0.0102996 0.627137
v 0.127818 0.0104163 0.628604
v 0.129304 0.0127275 0.628175
v 0.138075 0.00803018 0.639966
v 0.135783 0.0081624 0.64121
v 0.137201 0.0103253 0.640852
v 0.145198 0.00517696 0.652959
v 0.142881 0.0053543 0.653843
v 0.144292 0.00739108 0.653636
v 0.149596 0.00325187 0.667049
v 0.147289 0.0034398 0.667643
v 0.148635 0.00540397 0.667442
v 0.153804 0.00282194 0.680987
v 0.151547 0.00300944 0.681416
v 0.152858 0.00490126 0.681298
v 0.156288 0.000911395 0.695067
v 0.154083 0.00110837 0.695228
v 0.155362 0.00292292 0.695225
v 0.156381 0.00101146 0.704598
v 0.154236 0.00120043 0.704724
v 0.155471 0.00296632 0.704631
v 0.156741 0.000863572 0.706569
v 0.154088 0.00109732 0.706725
v 0.155615 0.00328166 0.70661
v -0.0593624 0.162334 0.582165
v -0.0589282 0.159404 0.584312
v -0.0622747 0.160758 0.58372
v -0.0578307 0.172268 0.595343
v -0.0574339 0.169516 0.597286
v -0.0605352 0.170781 0.59675
v -0.0561902 0.18158 0.608718
v -0.0558343 0.178947 0.610389
v -0.058705 0.180114 0.609892
v -0.0553976 0.190299 0.622232
v -0.0550707 0.187749 0.623679
v -0.0577671 0.188869 0.623255
v -0.053815 0.198474 0.635839
v -0.0535309 0.195888 0.63691
v -0.0560889 0.19703 0.636652
v -0.052622 0.203818 0.650603
v -0.0523525 0.201234 0.651363
v -0.0548187 0.202319 0.651106
v -0.052945 0.208778 0.665185
v -0.0526853 0.206238 0.665761
v -0.0550692 0.207306 0.665598
v -0.0513708 0.212258 0.679974
v -0.0511331 0.209747 0.680224
v -0.0534354 0.210806 0.680203
v -0.0514797 0.212772 0.69496
v -0.0512452 0.210341 0.695122
v -0.0534718 0.211352 0.69502
v -0.0517935 0.213828 0.702354
v -0.0515625 0.211448 0.702535
v -0.0537445 0.212442 0.702513
v -0.051642 0.214205 0.704419
v -0.0513717 0.211419 0.70463
v -0.0539257 0.212583 0.704605
v -0.0502201 -0.0838716 0.861289
v -0.0489137 -0.0811835 0.861859
v -0.0472124 -0.083702 0.861716
v -0.0520701 -0.0854765 0.867547
v -0.0508573 -0.0828768 0.868561
v -0.049156 -0.0853952 0.868418
v -0.0548387 -0.0876705 0.873249
v -0.0537901 -0.085206 0.874693
v -0.0520887 -0.0877244 0.87455
v -0.0584596 -0.0903963 0.878179
v -0.0576476 -0.0881143 0.880021
v -0.0559463 -0.0906327 0.879878
v -0.0628242 -0.0935687 0.882125
v -0.06232 -0.0915142 0.884312
v -0.0606186 -0.0940327 0.884169
v -0.0677797 -0.0970737 0.884897
v -0.067649 -0.0952869 0.887356
v -0.0659476 -0.0978054 0.887213
v -0.0731298 -0.10077 0.886336
v -0.073428 -0.0992828 0.888974
v -0.0717266 -0.101801 0.888831
v -0.0786382 -0.104491 0.886338
v -0.0794056 -0.103325 0.889041
v -0.0777043 -0.105843 0.888898
v -0.0801527 -0.105017 0.877574
v -0.0855278 -0.096977 0.885319
v -0.0830145 -0.100563 0.89691
v -0.0760861 -0.110818 0.896328
v -0.0743174 -0.113571 0.884378
v 0.157919 0.000344195 0.712328
v 0.155316 0.000563248 0.712872
v 0.156843 0.00274759 0.712756
v 0.159896 -0.000751023 0.717769
v 0.157401 -0.000586786 0.718699
v 0.158928 0.00159755 0.718584
v 0.162636 -0.00240613 0.722703
v 0.160309 -0.00233962 0.724006
v 0.161836 -0.00015528 0.723891
v 0.166068 -0.00458183 0.726941
v 0.16397 -0.00465721 0.728587
v 0.165497 -0.00247287 0.728472
v 0.170086 -0.00721319 0.7303
v 0.168275 -0.00747384 0.732242
v 0.169802 -0.0052895 0.732127
v 0.174545 -0.0102084 0.732617
v 0.173074 -0.0106944 0.734789
v 0.174601 -0.00851009 0.734673
v 0.179267 -0.0134489 0.733758
v 0.178178 -0.0141944 0.736077
v 0.179705 -0.0120101 0.735961
v 0.184039 -0.0167917 0.733635
v 0.183361 -0.0178218 0.736001
v 0.184888 -0.0156375 0.735886
v 0.184827 -0.0177494 0.725923
v 0.180032 -0.0247742 0.732681
v 0.182335 -0.0217477 0.742857
v 0.188554 -0.0128524 0.742388
v 0.190094 -0.0103813 0.731922
v -0.051043 0.215649 0.710429
v -0.0507478 0.212927 0.711045
v -0.0533019 0.214091 0.71102
v -0.0500166 0.218023 0.716063
v -0.049666 0.215431 0.717081
v -0.05222 0.216595 0.717056
v -0.0485815 0.221281 0.721126
v -0.0481433 0.21889 0.722528
v -0.0506973 0.220054 0.722503
v -0.0467743 0.225339 0.72542
v -0.0462159 0.223218 0.727173
v -0.04877 0.224383 0.727147
v -0.0446511 0.230069 0.728759
v -0.043941 0.228287 0.730809
v -0.0464951 0.229452 0.730784
v -0.0422874 0.235302 0.730978
v -0.0413975 0.23392 0.733254
v -0.0439516 0.235084 0.733228
v -0.0397783 0.240827 0.731946
v -0.0386856 0.239892 0.734357
v -0.0412396 0.241057 0.734331
v -0.0372359 0.246396 0.731579
v -0.0359247 0.245941 0.734019
v -0.0384788 0.247106 0.733994
v -0.0367785 0.247221 0.723414
v -0.0282697 0.243738 0.730206
v -0.031331 0.245774 0.74103
v -0.0417318 0.250516 0.740927
v -0.0450986 0.25141 0.73004
v -0.0842397 -0.107889 0.879524
v -0.0886353 -0.101314 0.885858
v -0.0865799 -0.104246 0.895337
v -0.0809141 -0.112633 0.894861
v -0.0794677 -0.114884 0.885088
v -0.0989512 -0.11768 0.876929
v -0.104729 -0.109037 0.885255
v -0.102028 -0.112891 0.897716
v -0.0945795 -0.123916 0.89709
v -0.0926782 -0.126876 0.884243
v -0.109673 -0.124686 0.872744
v -0.11763 -0.112785 0.88421
v -0.11391 -0.118092 0.901367
v -0.103654 -0.133274 0.900506
v -0.101036 -0.137349 0.882816
v -0.116675 -0.128802 0.861928
v -0.13018 -0.108602 0.881389
v -0.123865 -0.117611 0.910511
v -0.106458 -0.143379 0.909049
v -0.102014 -0.150295 0.879023
v 0.188485 -0.0202211 0.72754
v 0.184564 -0.0259657 0.733067
v 0.186447 -0.0234907 0.741389
v 0.191532 -0.0162164 0.741005
v 0.192792 -0.0141957 0.732446
v 0.201076 -0.0291604 0.724936
v 0.195922 -0.0367121 0.732201
v 0.198398 -0.0334586 0.74314
v 0.205082 -0.0238961 0.742636
v 0.206738 -0.0212397 0.731385
v 0.210116 -0.0356859 0.721029
v 0.203019 -0.0460844 0.731033
v 0.206428 -0.0416044 0.746096
v 0.215632 -0.028437 0.745401
v 0.217912 -0.0247792 0.729909
v 0.215536 -0.0399826 0.711395
v 0.203489 -0.0576324 0.728375
v 0.209275 -0.0500282 0.753942
v 0.224898 -0.0276789 0.752763
v 0.228768 -0.0214703 0.726468
v -0.0348384 0.25151 0.724936
v -0.0278801 0.248662 0.73049
v -0.0303836 0.250327 0.739342
v -0.0388891 0.254205 0.739257
v -0.0416423 0.254936 0.730354
v -0.0281198 0.266174 0.721565
v -0.0189728 0.26243 0.728867
v -0.0222637 0.264619 0.740502
v -0.0334446 0.269716 0.740392
v -0.0370639 0.270678 0.728688
v -0.0232863 0.276678 0.716998
v -0.0106909 0.271522 0.727053
v -0.0152225 0.274536 0.743075
v -0.0306185 0.281555 0.742922
v -0.0356022 0.282878 0.726806
v -0.0203528 0.282886 0.706578
v 0.00102562 0.274134 0.723644
v -0.00666597 0.27925 0.750839
v -0.0327981 0.291164 0.75058
v -0.041257 0.29341 0.723225
v -0.0677962 -0.0968072 0.880004
v -0.0678461 -0.0962998 0.880834
v -0.0673016 -0.0971057 0.880788
v -0.0698337 -0.0980646 0.877906
v -0.0701229 -0.0951203 0.88272
v -0.0669638 -0.0997967 0.882454
v -0.0735658 -0.100569 0.877601
v -0.0739958 -0.0961922 0.884755
v -0.0693 -0.103143 0.884361
v -0.0787825 -0.104233 0.88007
v -0.0791653 -0.100337 0.886439
v -0.0749853 -0.106525 0.886088
v -0.083745 -0.107703 0.882139
v -0.0841064 -0.104024 0.888153
v -0.0801592 -0.109867 0.887821
v 0.174267 -0.0102399 0.72833
v 0.173878 -0.0104509 0.72906
v 0.174366 -0.00975192 0.729024
v 0.175906 -0.0114856 0.726447
v 0.173651 -0.01271 0.730683
v 0.176486 -0.00865396 0.730469
v 0.179122 -0.0137519 0.726095
v 0.175769 -0.0155717 0.732392
v 0.179983 -0.00954295 0.732074
v 0.183789 -0.0169069 0.728141
v 0.180805 -0.0185269 0.733747
v 0.184556 -0.0131603 0.733464
v 0.188213 -0.0199093 0.729842
v 0.185394 -0.0214391 0.735136
v 0.188937 -0.0163714 0.734868
v -0.0424147 0.234925 0.726476
v -0.0420864 0.234579 0.727237
v -0.0429037 0.234951 0.727229
v -0.0415321 0.236816 0.724409
v -0.0396274 0.234807 0.728826
v -0.0443699 0.236969 0.728779
v -0.039818 0.240564 0.723879
v -0.0369868 0.237579 0.730443
v -0.0440359 0.240792 0.730374
v -0.0373421 0.246037 0.725803
v -0.0348218 0.243379 0.731646
v -0.0410968 0.24624 0.731584
v -0.0349946 0.251221 0.727375
v -0.0326148 0.248711 0.732893
v -0.0385402 0.251412 0.732834
v -0.0840825 -0.1466 0.888538
v -0.10213 -0.12 0.879972
v -0.119542 -0.0941112 0.891516
v -0.0938872 -0.152891 0.884247
v -0.108942 -0.124395 0.876322
v -0.129264 -0.100524 0.887218
v -0.104291 -0.15973 0.87466
v -0.116015 -0.129642 0.867259
v -0.13905 -0.107005 0.874638
v -0.1113 -0.16206 0.85381
v -0.121673 -0.130603 0.853181
v -0.14675 -0.110226 0.860488
v -0.108043 -0.159618 0.835054
v -0.12089 -0.129022 0.835635
v -0.149031 -0.111427 0.835506
v -0.12479 -0.12354 0.816228
v 0.220251 -0.00807629 0.735146
v 0.204013 -0.0310763 0.727531
v 0.188426 -0.0536018 0.737547
v 0.228417 -0.0140732 0.731167
v 0.209696 -0.0352262 0.72418
v 0.196666 -0.0594931 0.733563
v 0.237148 -0.0203183 0.722532
v 0.216088 -0.0392501 0.716073
v 0.20487 -0.0653045 0.722317
v 0.240973 -0.025046 0.704117
v 0.21846 -0.0433922 0.703628
v 0.209731 -0.070409 0.709756
v 0.237703 -0.0228944 0.687751
v 0.216686 -0.0430124 0.688274
v 0.211095 -0.071565 0.68781
v 0.21316 -0.0476635 0.671237
v -0.0530536 0.282255 0.733162
v -0.0265686 0.269633 0.724153
v 0.000177229 0.257987 0.733689
v -0.0486038 0.291752 0.728559
v -0.0235253 0.276226 0.720339
v 0.00450352 0.267541 0.729085
v -0.0442362 0.301778 0.719042
v -0.0209828 0.283422 0.711525
v 0.00839345 0.276882 0.716854
v -0.04099 0.306222 0.699391
v -0.0177694 0.286385 0.698198
v 0.0121229 0.282599 0.703323
v -0.0434051 0.302068 0.682349
v -0.018587 0.284137 0.682106
v 0.0119693 0.283743 0.680182
v -0.0139543 0.28099 0.664002
v -0.0962745 -0.12865 0.881081
v -0.106163 -0.11395 0.887309
v -0.107128 -0.11231 0.905991
v -0.107243 -0.132708 0.879011
v -0.114451 -0.116672 0.885483
v -0.118071 -0.116406 0.903864
v -0.121784 -0.133924 0.873509
v -0.12598 -0.117233 0.880829
v -0.132593 -0.117651 0.898317
v -0.137057 -0.130094 0.864342
v -0.138207 -0.113629 0.873137
v -0.147866 -0.113821 0.88915
v -0.150044 -0.120092 0.852087
v -0.148504 -0.104876 0.86291
v -0.160872 -0.10379 0.87694
v -0.162549 -0.0966991 0.851426
v 0.209275 -0.0235854 0.728537
v 0.200421 -0.0363728 0.733939
v 0.19963 -0.0379271 0.750311
v 0.216007 -0.0312645 0.726502
v 0.205222 -0.0422801 0.732174
v 0.206384 -0.0455729 0.748225
v 0.221485 -0.0427148 0.721419
v 0.209232 -0.0514803 0.727891
v 0.21188 -0.0569972 0.743102
v 0.223012 -0.0562964 0.713149
v 0.21001 -0.0625173 0.720965
v 0.213407 -0.0705789 0.734833
v 0.218729 -0.0698999 0.70226
v 0.205933 -0.0735541 0.71189
v 0.209106 -0.0842083 0.723983
v 0.203485 -0.0874627 0.701644
v -0.0352626 0.273684 0.725538
v -0.0200925 0.267061 0.730653
v -0.0175227 0.266899 0.747785
v -0.0287048 0.282058 0.722908
v -0.0149859 0.273107 0.728425
v -0.011006 0.275289 0.745103
v -0.0181615 0.289781 0.716891
v -0.00644992 0.278903 0.723386
v -0.000494874 0.283024 0.739046
v -0.00482216 0.293748 0.707464
v 0.00446815 0.281643 0.715515
v 0.0128445 0.286991 0.729619
v 0.00951424 0.291648 0.695356
v 0.016202 0.279311 0.705448
v 0.027213 0.284879 0.717552
v 0.0305369 0.279183 0.693978
v -0.097072 -0.128435 0.906464
v -0.0977189 -0.127692 0.88771
v -0.107494 -0.113312 0.880618
v -0.104606 -0.13714 0.904362
v -0.102855 -0.134274 0.885931
v -0.115004 -0.122053 0.878577
v -0.11094 -0.149521 0.900328
v -0.108072 -0.145158 0.88237
v -0.121853 -0.13548 0.874236
v -0.11217 -0.165212 0.891792
v -0.10821 -0.156713 0.875611
v -0.123026 -0.15038 0.866117
v -0.105396 -0.179901 0.877948
v -0.102625 -0.166472 0.86518
v -0.117335 -0.162774 0.854182
v -0.0977538 -0.180119 0.852098
v 0.209688 -0.0246457 0.750774
v 0.209032 -0.025157 0.734331
v 0.200226 -0.0375733 0.728055
v 0.219148 -0.0280557 0.748736
v 0.216006 -0.0272747 0.732631
v 0.209709 -0.0409533 0.726069
v 0.231215 -0.0293058 0.744995
v 0.226505 -0.0280855 0.729337
v 0.22279 -0.0422927 0.722043
v 0.244333 -0.0252794 0.737371
v 0.235918 -0.0244853 0.723321
v 0.235249 -0.0384728 0.714792
v 0.254052 -0.0149427 0.72524
v 0.242019 -0.0167135 0.714199
v 0.243454 -0.0297683 0.704333
v 0.251491 -0.00827194 0.702712
v -0.0331412 0.274804 0.748845
v -0.0333042 0.273858 0.731547
v -0.0191065 0.266956 0.724409
v -0.0315154 0.285194 0.746401
v -0.032525 0.281438 0.729559
v -0.0175133 0.277364 0.722022
v -0.0327025 0.297836 0.742249
v -0.033846 0.292384 0.72592
v -0.018815 0.291066 0.717552
v -0.0397368 0.310481 0.734281
v -0.0396556 0.301311 0.719667
v -0.025492 0.303076 0.709974
v -0.052872 0.318314 0.721954
v -0.0493022 0.305952 0.710414
v -0.0365691 0.309688 0.699338
v -0.0603994 0.313902 0.698666
v -0.111778 -0.107995 0.901233
v -0.0994086 -0.126352 0.896053
v -0.0942862 -0.134166 0.875329
v -0.118259 -0.114282 0.902499
v -0.103515 -0.130629 0.896984
v -0.0993797 -0.139086 0.876335
v -0.123944 -0.121773 0.905496
v -0.107783 -0.136478 0.899497
v -0.105078 -0.146517 0.879365
v -0.128726 -0.132347 0.910754
v -0.110924 -0.144098 0.903299
v -0.108848 -0.154813 0.883514
v -0.131865 -0.144757 0.91924
v -0.112642 -0.153222 0.909851
v -0.110303 -0.162938 0.889129
v -0.132137 -0.170504 0.926755
v -0.111853 -0.166718 0.916293
v -0.10826 -0.161541 0.894032
v -0.124325 -0.1905 0.918842
v -0.108862 -0.181134 0.91354
v -0.107193 -0.168913 0.899299
v -0.108063 -0.189935 0.901437
v 0.197491 -0.0430227 0.746092
v 0.208575 -0.0270722 0.741625
v 0.213091 -0.0201512 0.723488
v 0.204686 -0.046375 0.747042
v 0.213376 -0.0291053 0.742337
v 0.218729 -0.0227921 0.724243
v 0.21264 -0.0487206 0.749513
v 0.219537 -0.0307994 0.744421
v 0.22664 -0.0251682 0.726744
v 0.222866 -0.0493912 0.753958
v 0.226811 -0.0310335 0.747641
v 0.234668 -0.0257095 0.730252
v 0.234103 -0.0481956 0.76123
v 0.234936 -0.0296672 0.7533
v 0.241873 -0.0244192 0.735101
v 0.255263 -0.0407201 0.767556
v 0.245974 -0.0249127 0.75888
v 0.240305 -0.0230625 0.739492
v 0.269241 -0.0283331 0.7607
v 0.257017 -0.0180897 0.756397
v 0.246237 -0.0199598 0.744023
v 0.263945 -0.0147389 0.745748
v -0.0120578 0.265556 0.743111
v -0.0308755 0.27391 0.739116
v -0.0397889 0.276872 0.720364
v -0.00991277 0.273657 0.743839
v -0.029651 0.279279 0.739696
v -0.0380929 0.283222 0.720946
v -0.00887769 0.282384 0.746209
v -0.0289669 0.286022 0.741718
v -0.0370157 0.291917 0.723348
v -0.00990423 0.293191 0.750712
v -0.0299458 0.293667 0.744996
v -0.0378059 0.300408 0.726903
v -0.0128598 0.304652 0.758209
v -0.0326307 0.302017 0.75095
v -0.0403141 0.307833 0.732038
v -0.023526 0.325141 0.764838
v -0.0393019 0.313086 0.757006
v -0.0417181 0.306338 0.736901
v -0.0384113 0.337739 0.758237
v -0.0481644 0.323835 0.754539
v -0.0457954 0.312385 0.741678
v -0.052891 0.330481 0.743375
v -0.105468 -0.117511 0.885358
v -0.103749 -0.119998 0.890202
v -0.100596 -0.124651 0.891204
v -0.117218 -0.114477 0.881364
v -0.11098 -0.120898 0.895189
v -0.103056 -0.135018 0.898203
v -0.127668 -0.113035 0.880776
v -0.118487 -0.121253 0.899829
v -0.110466 -0.141783 0.905216
v -0.137956 -0.112059 0.884913
v -0.126182 -0.121359 0.905136
v -0.120129 -0.144873 0.91181
v -0.145048 -0.109856 0.891833
v -0.134697 -0.120652 0.912872
v -0.13284 -0.145219 0.920575
v -0.145787 -0.107354 0.900158
v -0.146748 -0.118859 0.923836
v -0.151457 -0.143707 0.931211
v -0.146499 -0.106194 0.906377
v -0.161432 -0.111362 0.924218
v -0.175409 -0.130208 0.928394
v -0.171799 -0.108926 0.913086
v 0.203092 -0.0346613 0.732214
v 0.204655 -0.0325394 0.73647
v 0.20749 -0.0285126 0.737366
v 0.204237 -0.0451785 0.728533
v 0.207724 -0.0382438 0.740709
v 0.216842 -0.0273697 0.74338
v 0.206322 -0.0541777 0.727848
v 0.210429 -0.0443408 0.744644
v 0.224797 -0.0314092 0.749347
v 0.208803 -0.0629617 0.731303
v 0.212998 -0.0506783 0.749162
v 0.230443 -0.0384402 0.754936
v 0.20931 -0.0695561 0.737272
v 0.2152 -0.0579966 0.755816
v 0.23483 -0.0488497 0.762388
v 0.207591 -0.0712688 0.74466
v 0.217741 -0.0686542 0.765242
v 0.239645 -0.0645148 0.771282
v 0.206937 -0.0725653 0.750003
v 0.216423 -0.0830992 0.765354
v 0.236446 -0.0881143 0.768598
v 0.217763 -0.0921956 0.75546
v -0.0224552 0.269463 0.728896
v -0.0247344 0.270773 0.73346
v -0.0293915 0.272964 0.734579
v -0.0119832 0.272556 0.724458
v -0.0192105 0.275123 0.737575
v -0.0320522 0.28256 0.740838
v -0.00311226 0.2764 0.723235
v -0.0132265 0.279163 0.741353
v -0.0290903 0.29169 0.746794
v 0.00566776 0.280703 0.726368
v -0.00693798 0.28312 0.745732
v -0.022615 0.298988 0.752223
v 0.0126207 0.282569 0.732258
v 0.000564126 0.286945 0.752323
v -0.012251 0.305701 0.759473
v 0.0151717 0.281295 0.739968
v 0.0116306 0.291832 0.76158
v 0.00345902 0.313854 0.767818
v 0.0172481 0.281039 0.745263
v 0.0267649 0.293222 0.760897
v 0.027988 0.314965 0.763931
v 0.0355044 0.296289 0.750117
v -0.0121023 -0.0646522 0.396292
v -0.00478354 -0.0265683 0.397402
v 0.0115078 -0.0713364 0.469903
v 0.0188265 -0.0332525 0.471013
v 0.0108942 -0.022876 0.206845
v -0.0234905 -0.0451715 0.204243
v -0.00853719 -0.0018927 0.28383
v -0.0429219 -0.0241882 0.281228
v 0.127834 0.0207838 0.362355
v 0.0912408 0.0137756 0.364998
v 0.128334 0.0448461 0.433077
v 0.0917402 0.0378379 0.43572
v 0.0649548 0.0253678 0.181128
v 0.0963225 7.39039e-005 0.174648
v 0.0623001 0.00204693 0.259307
v 0.0936678 -0.023247 0.252827
v -0.0648841 0.172454 0.327292
v -0.0510384 0.137563 0.331474
v -0.089827 0.1711 0.398582
v -0.0759813 0.13621 0.402764
v -0.0513115 0.0945548 0.149965
v -0.0324557 0.129468 0.139927
v -0.0315503 0.106462 0.228505
v -0.0126945 0.141375 0.218468
v -0.0118934 -0.0503463 0.397668
v -0.00844291 -0.0456103 0.396847
v -0.0101215 -0.0395492 0.397874
v -0.00496266 -0.0516515 0.417944
v -0.00191877 -0.0474573 0.417188
v -0.00339173 -0.0420953 0.418133
v 0.00285836 -0.0523377 0.437535
v 0.00549303 -0.0486782 0.436833
v 0.00425017 -0.044016 0.437769
v 0.0107739 -0.0542116 0.456455
v 0.0130864 -0.0510282 0.455887
v 0.0120236 -0.046972 0.456753
v 0.0181163 -0.0555469 0.475448
v 0.0201149 -0.0527223 0.474834
v 0.0191647 -0.0491337 0.475571
v 0.0268104 -0.05676 0.493375
v 0.0285785 -0.0542475 0.492816
v 0.0277932 -0.0510731 0.493602
v 0.0353424 -0.0592239 0.510851
v 0.0369147 -0.0569842 0.510345
v 0.0362335 -0.0541603 0.511082
v 0.0441741 -0.060741 0.528094
v 0.0455094 -0.0587295 0.527525
v 0.0449274 -0.0562172 0.528223
v 0.0548995 -0.0628357 0.543808
v 0.0560596 -0.0610424 0.543269
v 0.0556433 -0.0588365 0.544036
v 0.0662973 -0.0659644 0.559026
v 0.0672546 -0.0643745 0.558479
v 0.0669605 -0.0624542 0.559232
v 0.0799036 -0.0685569 0.572684
v 0.0806033 -0.06716 0.572107
v 0.0804804 -0.065536 0.572859
v 0.0961626 -0.0722924 0.582788
v 0.0966367 -0.0711047 0.582257
v 0.096729 -0.069802 0.582977
v 0.113118 -0.0763944 0.588557
v 0.113368 -0.0754201 0.588109
v 0.113594 -0.0744198 0.588705
v 6.44159e-005 -0.0331745 0.207083
v -0.00629813 -0.0340238 0.205544
v -0.00996537 -0.040079 0.206198
v -0.00717649 -0.0264021 0.23214
v -0.0126586 -0.0271553 0.230744
v -0.015837 -0.0323827 0.231337
v -0.0157966 -0.0193295 0.256072
v -0.0204255 -0.0199968 0.254806
v -0.0231553 -0.0244013 0.25542
v -0.0234482 -0.0110576 0.279169
v -0.0274168 -0.0116267 0.278094
v -0.0297689 -0.0153858 0.278662
v -0.0313327 -0.0037721 0.302159
v -0.0347237 -0.00432458 0.301063
v -0.0367543 -0.00760434 0.301517
v -0.0407142 0.00478031 0.323452
v -0.0436426 0.00426232 0.322421
v -0.0454627 0.0014507 0.322944
v -0.049271 0.0145281 0.344013
v -0.05179 0.0140321 0.343027
v -0.0533966 0.0115941 0.343524
v -0.0597173 0.0242305 0.363651
v -0.0617847 0.0236745 0.362594
v -0.0632026 0.0215819 0.363067
v -0.0722962 0.0368071 0.38031
v -0.0739387 0.0361959 0.379272
v -0.0752368 0.0345088 0.379801
v -0.0862321 0.0517532 0.393948
v -0.0874081 0.0510531 0.392979
v -0.0885511 0.0497472 0.39348
v -0.103164 0.0683728 0.400993
v -0.103866 0.0676126 0.400224
v -0.104838 0.0667112 0.400638
v -0.105709 0.0709806 0.400653
v -0.106359 0.0702361 0.399923
v -0.107309 0.0694029 0.400316
v 0.114863 0.0159289 0.364234
v 0.109538 0.0172797 0.363677
v 0.104906 0.0137391 0.364856
v 0.114036 0.0228758 0.383829
v 0.109676 0.0239741 0.383352
v 0.105885 0.0210918 0.384361
v 0.112441 0.0304083 0.402784
v 0.10894 0.0312767 0.402369
v 0.105894 0.0290022 0.403285
v 0.112057 0.0384898 0.42104
v 0.109172 0.0392192 0.420731
v 0.106662 0.0373716 0.421548
v 0.111453 0.04603 0.439289
v 0.109062 0.0465959 0.438944
v 0.106979 0.0450746 0.439641
v 0.110258 0.0551462 0.456326
v 0.108285 0.0555966 0.456013
v 0.106562 0.0544257 0.45674
v 0.110271 0.0654114 0.472339
v 0.108684 0.0657531 0.472055
v 0.107295 0.0648923 0.47275
v 0.109365 0.0770409 0.487101
v 0.108174 0.0772192 0.486799
v 0.10712 0.0766892 0.487427
v 0.108829 0.0844116 0.492323
v 0.107844 0.0845425 0.492062
v 0.106968 0.0842 0.492646
v 0.0781155 0.0182846 0.179617
v 0.0806386 0.0127209 0.177888
v 0.0873145 0.0112658 0.177614
v 0.0776581 0.00969 0.205057
v 0.0797677 0.00506968 0.203537
v 0.0853427 0.00385909 0.203296
v 0.0773755 -0.000276749 0.229411
v 0.0791088 -0.00402479 0.228075
v 0.0836706 -0.0050355 0.227941
v 0.0757329 -0.0096895 0.25319
v 0.0771848 -0.0128197 0.252055
v 0.0810027 -0.0136643 0.25194
v 0.0753423 -0.0190814 0.276671
v 0.076578 -0.0216469 0.275529
v 0.0798071 -0.0223246 0.275349
v 0.0743355 -0.0305755 0.298572
v 0.0753954 -0.0326745 0.297474
v 0.0781251 -0.033267 0.297375
v 0.0722582 -0.0422832 0.319773
v 0.0731663 -0.0439337 0.318688
v 0.0754576 -0.0443996 0.318568
v 0.0713555 -0.0567159 0.339272
v 0.0721357 -0.0578092 0.338126
v 0.0740046 -0.0581309 0.337991
v 0.0690251 -0.0755564 0.354587
v 0.0696802 -0.0760896 0.35356
v 0.0710932 -0.0763165 0.353493
v 0.0680801 -0.0825956 0.357674
v 0.0686765 -0.082974 0.356727
v 0.0699348 -0.0831531 0.356661
v -0.0576318 0.160613 0.329743
v -0.0579612 0.155009 0.329383
v -0.0535522 0.151099 0.330793
v -0.0645944 0.159368 0.349441
v -0.064868 0.154634 0.349124
v -0.0611617 0.151328 0.350366
v -0.0719867 0.157212 0.368525
v -0.0722023 0.153294 0.368239
v -0.0691802 0.150553 0.369383
v -0.0801227 0.15612 0.386855
v -0.0803252 0.152816 0.386661
v -0.0778073 0.150503 0.387694
v -0.0876203 0.154983 0.405227
v -0.087758 0.152173 0.404982
v -0.0856212 0.150202 0.405875
v -0.0963684 0.153052 0.422504
v -0.0964833 0.150653 0.422291
v -0.0947412 0.148961 0.423208
v -0.106069 0.152296 0.438954
v -0.106168 0.15026 0.438772
v -0.104756 0.148816 0.439654
v -0.116313 0.150708 0.454779
v -0.116342 0.14902 0.454549
v -0.115268 0.147801 0.455402
v -0.129396 0.148603 0.467919
v -0.129401 0.147263 0.467713
v -0.128748 0.146266 0.468557
v -0.142054 0.147455 0.476478
v -0.142025 0.146425 0.476293
v -0.141666 0.145635 0.477013
v -0.0469597 0.108606 0.146896
v -0.0418836 0.112011 0.144946
v -0.0417773 0.118828 0.143819
v -0.039678 0.113046 0.172407
v -0.0354106 0.115912 0.170673
v -0.0353352 0.121667 0.16967
v -0.0310914 0.117992 0.196832
v -0.0275874 0.120353 0.195292
v -0.02752 0.125128 0.194487
v -0.0228218 0.121666 0.220851
v -0.0198715 0.123654 0.219529
v -0.0198292 0.127677 0.218804
v -0.0149641 0.126795 0.244387
v -0.012517 0.128453 0.243063
v -0.0125314 0.131858 0.242306
v -0.00509317 0.131948 0.266536
v -0.00306047 0.133341 0.265266
v -0.0030842 0.136253 0.264607
v 0.00478377 0.136646 0.288284
v 0.00642643 0.137789 0.287029
v 0.00633568 0.140235 0.286335
v 0.0163732 0.14383 0.308429
v 0.0175336 0.144683 0.307076
v 0.0173311 0.146667 0.306334
v 0.0318606 0.151664 0.325681
v 0.0325067 0.15223 0.324356
v 0.0322019 0.153757 0.323674
v 0.0482447 0.160305 0.337443
v 0.0484215 0.160595 0.336298
v 0.0480072 0.161667 0.335721
v 0.0957692 -0.144065 0.607117
v 0.113067 -0.0753466 0.5881
v 0.128587 -0.00848313 0.614013
v 0.115241 -0.147772 0.608062
v 0.131237 -0.0794334 0.588686
v 0.14545 -0.0126264 0.613909
v 0.139085 -0.152972 0.60733
v 0.152585 -0.083471 0.589296
v 0.164715 -0.0165483 0.615981
v 0.159744 -0.15708 0.612265
v 0.176408 -0.0894573 0.58987
v 0.193685 -0.0220153 0.612346
v 0.181036 -0.162239 0.618847
v 0.201717 -0.0991074 0.588951
v 0.228575 -0.0329064 0.603206
v 0.222956 -0.168498 0.621748
v 0.230038 -0.105899 0.585744
v 0.248234 -0.035954 0.592208
v 0.265383 -0.176803 0.604446
v 0.259474 -0.108966 0.576072
v 0.272638 -0.0374639 0.588566
v 0.296175 -0.183916 0.587631
v 0.290521 -0.110564 0.566302
v 0.303814 -0.0383012 0.587955
v 0.329986 -0.177539 0.559433
v 0.321043 -0.108422 0.552326
v 0.333633 -0.046118 0.581775
v 0.346919 -0.0976635 0.532594
v -0.0597277 0.120887 0.435847
v -0.106135 0.0700002 0.399968
v -0.162901 0.0180816 0.41057
v -0.0735732 0.134596 0.433058
v -0.119701 0.0841059 0.397535
v -0.175621 0.0321704 0.408234
v -0.0938561 0.15245 0.431962
v -0.136152 0.0998445 0.394232
v -0.19021 0.0451582 0.402407
v -0.111241 0.167503 0.433684
v -0.153903 0.118637 0.391403
v -0.21045 0.0658239 0.39437
v -0.131195 0.190358 0.427024
v -0.173749 0.1391 0.388203
v -0.229732 0.0864802 0.394711
v -0.145178 0.212795 0.417352
v -0.191123 0.163576 0.380408
v -0.254827 0.121126 0.386569
v -0.165918 0.239525 0.414415
v -0.204561 0.190677 0.367332
v -0.271403 0.151482 0.357736
v -0.158589 0.263281 0.394332
v -0.21324 0.22053 0.352397
v -0.290712 0.196717 0.350382
v -0.168204 0.289914 0.36667
v -0.216889 0.247832 0.329838
v -0.288802 0.231265 0.322637
v -0.222695 0.273425 0.304795
v 0.177877 0.0806164 0.500418
v 0.107848 0.0842821 0.491916
v 0.045618 0.0671463 0.520613
v 0.176698 0.0969921 0.510188
v 0.107291 0.0998648 0.500786
v 0.0453434 0.0819901 0.528299
v 0.175633 0.118 0.520525
v 0.105922 0.118 0.511138
v 0.0445547 0.0977748 0.538938
v 0.175062 0.13333 0.534061
v 0.105768 0.138676 0.522629
v 0.0421465 0.124514 0.549326
v 0.175514 0.14812 0.549177
v 0.108575 0.162162 0.533645
v 0.0428749 0.160483 0.55814
v 0.172267 0.181612 0.571028
v 0.108105 0.18831 0.544218
v 0.0398955 0.182954 0.55833
v 0.168839 0.225886 0.576398
v 0.103488 0.217375 0.549919
v 0.0355469 0.205392 0.566789
v 0.167035 0.260286 0.576354
v 0.0973183 0.247537 0.555966
v 0.0296257 0.231856 0.580674
v 0.150715 0.299273 0.567713
v 0.0873695 0.278295 0.557903
v 0.0299175 0.261253 0.588852
v 0.0696342 0.305578 0.552433
v 0.0199358 -0.0589424 0.411537
v 0.0687153 -0.0826653 0.356628
v 0.142827 -0.0971076 0.340623
v 0.018112 -0.0775899 0.417163
v 0.0665919 -0.101164 0.36275
v 0.140232 -0.114904 0.346777
v 0.0181052 -0.102878 0.426773
v 0.0648008 -0.123042 0.369153
v 0.138178 -0.134638 0.349444
v 0.0193262 -0.123949 0.437257
v 0.0620164 -0.147299 0.377632
v 0.133738 -0.162728 0.354377
v 0.0139425 -0.1548 0.445147
v 0.0596282 -0.174205 0.386757
v 0.132438 -0.186118 0.366022
v 0.00418294 -0.182731 0.449892
v 0.0519855 -0.203172 0.394002
v 0.123662 -0.224271 0.378383
v -0.000871324 -0.215843 0.462224
v 0.0388829 -0.232949 0.397809
v 0.105525 -0.262111 0.370778
v -0.0289761 -0.233168 0.457254
v 0.0207883 -0.261914 0.400771
v 0.0885519 -0.303734 0.388426
v -0.0495401 -0.266908 0.446619
v -0.00152112 -0.288808 0.395183
v 0.0564728 -0.332372 0.382147
v -0.0218797 -0.317024 0.385732
v -0.147849 0.217583 0.478431
v -0.141745 0.146452 0.476183
v -0.121593 0.0887799 0.513192
v -0.165443 0.21498 0.485974
v -0.15849 0.144506 0.482882
v -0.137458 0.0871223 0.518787
v -0.187678 0.211925 0.493397
v -0.177895 0.141523 0.490775
v -0.154711 0.0850446 0.527269
v -0.204668 0.210397 0.504698
v -0.200148 0.139523 0.499317
v -0.182822 0.079876 0.534166
v -0.221396 0.210126 0.517512
v -0.225488 0.140162 0.506639
v -0.22042 0.0766552 0.537801
v -0.257125 0.204562 0.534579
v -0.253059 0.137304 0.513368
v -0.243189 0.0708145 0.535089
v -0.300648 0.196775 0.533657
v -0.282385 0.129838 0.515123
v -0.267386 0.0643487 0.540495
v -0.333635 0.191857 0.52864
v -0.312832 0.121168 0.517182
v -0.296447 0.056668 0.55083
v -0.369028 0.171837 0.515865
v -0.343087 0.108764 0.5154
v -0.327805 0.0548909 0.554328
v -0.368465 0.0885803 0.507534
v 0.0429169 0.131565 0.407841
v 0.0481429 0.160444 0.336217
v 0.0288363 0.220225 0.290999
v 0.0595471 0.141001 0.412235
v 0.0647192 0.169762 0.341197
v 0.0450041 0.228851 0.296251
v 0.0808393 0.156597 0.419059
v 0.0840939 0.181034 0.346031
v 0.0628505 0.237348 0.297882
v 0.098008 0.171805 0.426613
v 0.105737 0.193507 0.352952
v 0.0881897 0.248419 0.301635
v 0.127421 0.18615 0.433592
v 0.129254 0.208171 0.359982
v 0.106089 0.262132 0.310401
v 0.157184 0.195414 0.439584
v 0.157005 0.219819 0.367028
v 0.13879 0.278363 0.321194
v 0.187173 0.215127 0.449597
v 0.188355 0.227737 0.372809
v 0.177949 0.281412 0.317426
v 0.22028 0.20373 0.454941
v 0.221652 0.232939 0.379607
v 0.214673 0.300039 0.335119
v 0.262726 0.206595 0.449357
v 0.257127 0.23232 0.3803
v 0.254592 0.293648 0.339136
v 0.293009 0.2338 0.3761
# 1765 verticies
vt 1 0
vt 1 0.25
vt 0.5 0
vt 0.5 0.25
vt 0 0
vt 0 0.25
vt 1 0.5
vt 0.5 0.5
vt 0 0.5
vt 1 0.75
vt 0.5 0.75
vt 0 0.75
vt 1 1
vt 0.5 1
vt 0 1
vt 1 1.25
vt 0.5 1.25
vt 0 1.25
vt 1 1.5
vt 0.5 1.5
vt 0 1.5
vt 1 1.75
vt 0.5 1.75
vt 0 1.75
vt 1 0.111111
vt 0.5 0.111111
vt 0 0.111111
vt 1 0.222222
vt 0.5 0.222222
vt 0 0.222222
vt 1 0.333333
vt 0.5 0.333333
vt 0 0.333333
vt 1 0.444444
vt 0.5 0.444444
vt 0 0.444444
vt 1 0.555556
vt 0.5 0.555556
vt 0 0.555556
vt 1 0.666667
vt 0.5 0.666667
vt 0 0.666667
vt 1 0.777778
vt 0.5 0.777778
vt 0 0.777778
vt 1 0.888889
vt 0.5 0.888889
vt 0 0.888889
vt 1 0.2
vt 0.666667 0
vt 0.333333 0.2
vt 0 0.2
vt 0.666667 0.2
vt 0.333333 0
vt 1 0.4
vt 0.333333 0.4
vt 0 0.4
vt 0.666667 0.4
vt 1 0.6
vt 0.333333 0.6
vt 0 0.6
vt 0.666667 0.6
vt 1 0.8
vt 0.333333 0.8
vt 0 0.8
vt 0.666667 0.8
vt 0.333333 1
vt 0.666667 1
vt 1 1.2
vt 0.333333 1.2
vt 0 1.2
vt 0.666667 1.2
vt 1 1.4
vt 0.333333 1.4
vt 0 1.4
vt 0.666667 1.4
vt 1 1.6
vt 0.333333 1.6
vt 0 1.6
vt 0.666667 1.6
vt 1 1.8
vt 0.333333 1.8
vt 0 1.8
vt 0.666667 1.8
vt 1 2
vt 0.333333 2
vt 0 2
vt 0.666667 2
vt 1 2.2
vt 0.333333 2.2
vt 0 2.2
vt 0.666667 2.2
vt 1 2.4
vt 0.333333 2.4
vt 0 2.4
vt 0.666667 2.4
vt 1 2.6
vt 0.333333 2.6
vt 0 2.6
vt 0.666667 2.6
vt 1 2.8
vt 0.333333 2.8
vt 0 2.8
vt 0.666667 2.8
vt 1 3
vt 0.333333 3
vt 0 3
vt 0.666667 3
vt 1 3.2
vt 0.333333 3.2
vt 0 3.2
vt 0.666667 3.2
vt 1 3.4
vt 0.333333 3.4
vt 0 3.4
vt 0.666667 3.4
vt 1 3.6
vt 0.333333 3.6
vt 0 3.6
vt 0.666667 3.6
vt 1 3.8
vt 0.333333 3.8
vt 0 3.8
vt 0.666667 3.8
vt 1 4
vt 0.333333 4
vt 0 4
vt 0.666667 4
vt 1 4.2
vt 0.333333 4.2
vt 0 4.2
vt 0.666667 4.2
vt 1 4.4
vt 0.333333 4.4
vt 0 4.4
vt 0.666667 4.4
vt 1 4.6
vt 0.333333 4.6
vt 0 4.6
vt 0.666667 4.6
vt 1 4.8
vt 0.333333 4.8
vt 0 4.8
vt 0.666667 4.8
vt 1 5
vt 0.333333 5
vt 0 5
vt 0.666667 5
vt 1 5.2
vt 0.333333 5.2
vt 0 5.2
vt 0.666667 5.2
vt 1 5.4
vt 0.333333 5.4
vt 0 5.4
vt 0.666667 5.4
vt 1 5.6
vt 0.333333 5.6
vt 0 5.6
vt 0.666667 5.6
vt 1 5.8
vt 0.333333 5.8
vt 0 5.8
vt 0.666667 5.8
vt 1 6
vt 0.333333 6
vt 0 6
vt 0.666667 6
vt 1 6.2
vt 0.333333 6.2
vt 0 6.2
vt 0.666667 6.2
vt 1 6.4
vt 0.333333 6.4
vt 0 6.4
vt 0.666667 6.4
vt 1 6.6
vt 0.333333 6.6
vt 0 6.6
vt 0.666667 6.6
vt 1 6.8
vt 0.333333 6.8
vt 0 6.8
vt 0.666667 6.8
vt 1 0.142857
vt 0.5 0.142857
vt 0 0.142857
vt 1 0.285714
vt 0.5 0.285714
vt 0 0.285714
vt 1 0.428571
vt 0.5 0.428571
vt 0 0.428571
vt 1 0.571429
vt 0.5 0.571429
vt 0 0.571429
vt 1 0.714286
vt 0.5 0.714286
vt 0 0.714286
vt 1 0.857143
vt 0.5 0.857143
vt 0 0.857143
vt 1 5.25
vt 0.5 5
vt 0.5 5.25
vt 0 5.25
vt 1 5.5
vt 0.5 5.5
vt 0 5.5
vt 1 5.75
vt 0.5 5.75
vt 0 5.75
vt 0.5 6
vt 1 6.25
vt 0.5 6.25
vt 0 6.25
vt 1 6.5
vt 0.5 6.5
vt 0 6.5
vt 1 6.75
vt 0.5 6.75
vt 0 6.75
vt 1 5.45
vt 0.5 5.2
vt 0.5 5.45
vt 0 5.45
vt 1 5.7
vt 0.5 5.7
vt 0 5.7
vt 1 5.95
vt 0.5 5.95
vt 0 5.95
vt 0.5 6.2
vt 1 6.45
vt 0.5 6.45
vt 0 6.45
vt 1 6.7
vt 0.5 6.7
vt 0 6.7
vt 1 5.65
vt 0.5 5.4
vt 0.5 5.65
vt 0 5.65
vt 1 5.9
vt 0.5 5.9
vt 0 5.9
vt 1 6.15
vt 0.5 6.15
vt 0 6.15
vt 0.5 6.4
vt 1 6.65
vt 0.5 6.65
vt 0 6.65
vt 1 6.9
vt 0.5 6.9
vt 0 6.9
vt 0.333333 5.25
vt 0.666667 5.25
vt 0.333333 5.5
vt 0.666667 5.5
vt 0.333333 5.75
vt 0.666667 5.75
vt 0.333333 6.25
vt 0.666667 6.25
vt 0.333333 6.5
vt 0.666667 6.5
vt 0.333333 6.75
vt 0.666667 6.75
vt 1 7
vt 0.333333 7
vt 0 7
vt 0.666667 7
vt 1 7.25
vt 0.333333 7.25
vt 0 7.25
vt 0.666667 7.25
vt 1 7.5
vt 0.333333 7.5
vt 0 7.5
vt 0.666667 7.5
vt 1 7.75
vt 0.333333 7.75
vt 0 7.75
vt 0.666667 7.75
vt 1 8
vt 0.333333 8
vt 0 8
vt 0.666667 8
vt 0.333333 5.45
vt 0.666667 5.45
vt 0.333333 5.7
vt 0.666667 5.7
vt 0.333333 5.95
vt 0.666667 5.95
vt 0.333333 6.45
vt 0.666667 6.45
vt 0.333333 6.7
vt 0.666667 6.7
vt 1 6.95
vt 0.333333 6.95
vt 0 6.95
vt 0.666667 6.95
vt 1 7.2
vt 0.333333 7.2
vt 0 7.2
vt 0.666667 7.2
vt 1 7.45
vt 0.333333 7.45
vt 0 7.45
vt 0.666667 7.45
vt 0.333333 5.65
vt 0.666667 5.65
vt 0.333333 5.9
vt 0.666667 5.9
vt 0.333333 6.15
vt 0.666667 6.15
vt 0.333333 6.65
vt 0.666667 6.65
vt 0.333333 6.9
vt 0.666667 6.9
vt 1 7.15
vt 0.333333 7.15
vt 0 7.15
vt 0.666667 7.15
vt 1 7.4
vt 0.333333 7.4
vt 0 7.4
vt 0.666667 7.4
vt 1 7.65
vt 0.333333 7.65
vt 0 7.65
vt 0.666667 7.65
vt 1 7.9
vt 0.333333 7.9
vt 0 7.9
vt 0.666667 7.9
vt 1 8.25
vt 0.333333 8.25
vt 0 8.25
vt 0.666667 8.25
vt 1 8.5
vt 0.333333 8.5
vt 0 8.5
vt 0.666667 8.5
vt 1 8.75
vt 0.333333 8.75
vt 0 8.75
vt 0.666667 8.75
vt 1 9
vt 0.333333 9
vt 0 9
vt 0.666667 9
vt 1 9.25
vt 0.333333 9.25
vt 0 9.25
vt 0.666667 9.25
vt 1 9.5
vt 0.333333 9.5
vt 0 9.5
vt 0.666667 9.5
vt 1 9.75
vt 0.333333 9.75
vt 0 9.75
vt 0.666667 9.75
vt 1 10
vt 0.333333 10
vt 0 10
vt 0.666667 10
vt 1.03 0
vt 0.83 0
vt 0.23 0
vt 0.03 0
vt 0.63 0
vt 0.43 0
vt 1 7.7
vt 0.333333 7.7
vt 0 7.7
vt 0.666667 7.7
vt 1 7.95
vt 0.333333 7.95
vt 0 7.95
vt 0.666667 7.95
vt 1 8.2
vt 0.333333 8.2
vt 0 8.2
vt 0.666667 8.2
vt 1 8.45
vt 0.333333 8.45
vt 0 8.45
vt 0.666667 8.45
vt 1 8.7
vt 0.333333 8.7
vt 0 8.7
vt 0.666667 8.7
vt 1 8.95
vt 0.333333 8.95
vt 0 8.95
vt 0.666667 8.95
vt 1 9.2
vt 0.333333 9.2
vt 0 9.2
vt 0.666667 9.2
vt 1 9.45
vt 0.333333 9.45
vt 0 9.45
vt 0.666667 9.45
vt 1 8.15
vt 0.333333 8.15
vt 0 8.15
vt 0.666667 8.15
vt 1 8.4
vt 0.333333 8.4
vt 0 8.4
vt 0.666667 8.4
vt 1 8.65
vt 0.333333 8.65
vt 0 8.65
vt 0.666667 8.65
vt 1 8.9
vt 0.333333 8.9
vt 0 8.9
vt 0.666667 8.9
vt 1 9.15
vt 0.333333 9.15
vt 0 9.15
vt 0.666667 9.15
vt 1 9.4
vt 0.333333 9.4
vt 0 9.4
vt 0.666667 9.4
vt 1 9.65
vt 0.333333 9.65
vt 0 9.65
vt 0.666667 9.65
vt 1 9.9
vt 0.333333 9.9
vt 0 9.9
vt 0.666667 9.9
vt 1.03 0.2
vt 0.23 0.2
vt 0.03 0.2
vt 0.83 0.2
vt 0.63 0.2
vt 0.43 0.2
vt 1.03 0.4
vt 0.23 0.4
vt 0.03 0.4
vt 0.83 0.4
vt 0.63 0.4
vt 0.43 0.4
vt 1.03 0.6
vt 0.23 0.6
vt 0.03 0.6
vt 0.83 0.6
vt 0.63 0.6
vt 0.43 0.6
vt 1.03 0.8
vt 0.23 0.8
vt 0.03 0.8
vt 0.83 0.8
vt 0.63 0.8
vt 0.43 0.8
vt 1 10.25
vt 1 10.5
vt 0.666667 10.25
vt 0 10.25
vt 0.333333 10.5
vt 0 10.5
vt 0.666667 10.5
vt 0.333333 10.25
vt 1 10.75
vt 0.333333 10.75
vt 0 10.75
vt 0.666667 10.75
vt 1 11
vt 0.333333 11
vt 0 11
vt 0.666667 11
vt 1 11.25
vt 0.333333 11.25
vt 0 11.25
vt 0.666667 11.25
vt 1 9.7
vt 1 9.95
vt 0.666667 9.7
vt 0 9.7
vt 0.333333 9.95
vt 0 9.95
vt 0.666667 9.95
vt 0.333333 9.7
vt 1 10.2
vt 0.333333 10.2
vt 0 10.2
vt 0.666667 10.2
vt 1 10.45
vt 0.333333 10.45
vt 0 10.45
vt 0.666667 10.45
vt 1 10.7
vt 0.333333 10.7
vt 0 10.7
vt 0.666667 10.7
vt 1 10.15
vt 1 10.4
vt 0.666667 10.15
vt 0 10.15
vt 0.333333 10.4
vt 0 10.4
vt 0.666667 10.4
vt 0.333333 10.15
vt 1 10.65
vt 0.333333 10.65
vt 0 10.65
vt 0.666667 10.65
vt 1 10.9
vt 0.333333 10.9
vt 0 10.9
vt 0.666667 10.9
vt 1 11.15
vt 0.333333 11.15
vt 0 11.15
vt 0.666667 11.15
vt 0.5 0.2
vt 0.5 0.4
vt 0.5 0.6
vt 0.5 0.8
vt 1 2.45
vt 0.5 2.2
vt 0.5 2.45
vt 0 2.45
vt 1 2.7
vt 0.5 2.7
vt 0 2.7
vt 1 2.95
vt 0.5 2.95
vt 0 2.95
vt 0.5 3.2
vt 1 3.45
vt 0.5 3.45
vt 0 3.45
vt 1 3.7
vt 0.5 3.7
vt 0 3.7
vt 1 3.95
vt 0.5 3.95
vt 0 3.95
vt 0.5 4.2
vt 1 4.45
vt 0.5 4.45
vt 0 4.45
vt 1 4.7
vt 0.5 4.7
vt 0 4.7
vt 1 4.95
vt 0.5 4.95
vt 0 4.95
vt 1 1.45
vt 0.5 1.2
vt 0.5 1.45
vt 0 1.45
vt 1 1.7
vt 0.5 1.7
vt 0 1.7
vt 1 1.95
vt 0.5 1.95
vt 0 1.95
# 566 texture verticies
vn -0.823339 0.169633 0.541606
vn -0.820114 0.170894 0.546084
vn -0.823345 0.169602 0.541607
vn -0.816866 0.172115 0.550551
vn -0.496401 -0.680326 0.539206
vn -0.49107 -0.678248 0.546652
vn -0.49642 -0.680289 0.539235
vn -0.485677 -0.676147 0.554024
vn -0.805981 0.176329 0.565069
vn -0.798252 0.179162 0.57506
vn -0.478501 -0.673384 0.563552
vn -0.476741 -0.672797 0.565741
vn -0.796862 0.179649 0.576833
vn -0.803296 0.176847 0.568719
vn -0.476779 -0.672839 0.565658
vn -0.478533 -0.673535 0.563344
vn -0.796403 0.179874 0.577397
vn -0.782823 0.185119 0.59407
vn -0.462319 -0.667354 0.583866
vn -0.443639 -0.660296 0.605965
vn -0.768824 0.190675 0.610372
vn -0.768833 0.190514 0.610409
vn -0.424722 -0.652459 0.627622
vn -0.424347 -0.652999 0.627313
vn 0.280108 -0.675653 0.681933
vn 0.273553 -0.672058 0.688118
vn 0.280182 -0.675603 0.681952
vn 0.267044 -0.668341 0.694267
vn 0.724504 0.119229 0.67888
vn 0.714034 0.124984 0.688865
vn 0.724455 0.119117 0.678953
vn 0.70343 0.130805 0.698625
vn 0.245526 -0.656441 0.713304
vn 0.23071 -0.647805 0.726031
vn 0.688942 0.13888 0.711387
vn 0.685216 0.141194 0.714523
vn 0.226159 -0.645068 0.72989
vn 0.237434 -0.650367 0.721559
vn 0.683405 0.142324 0.716032
vn 0.685358 0.141188 0.714388
vn 0.220734 -0.642192 0.734075
vn 0.193533 -0.627078 0.754532
vn 0.652344 0.159872 0.74087
vn 0.616089 0.180326 0.766757
vn 0.151323 -0.603776 0.782659
vn 0.137724 -0.595222 0.791671
vn 0.59357 0.191492 0.781668
vn 0.608979 0.183863 0.771582
vn 0.147553 -0.600813 0.785653
vn 0.172878 -0.612986 0.770948
vn 0.617896 0.178782 0.765664
vn 0.612257 0.182948 0.769202
vn 0.19699 -0.625344 0.755076
vn 0.199177 -0.623595 0.755948
vn 0.606343 0.18661 0.772997
vn 0.606515 0.186979 0.772773
vn 0.361216 0.531667 0.766063
vn 0.363407 0.520517 0.772656
vn 0.361059 0.531702 0.766113
vn 0.365376 0.509291 0.779181
vn -0.534074 0.364965 0.762605
vn -0.530672 0.34759 0.773026
vn -0.533858 0.365016 0.762731
vn -0.527208 0.330022 0.783031
vn 0.372289 0.47348 0.798259
vn 0.376418 0.44869 0.810547
vn -0.52256 0.305303 0.796066
vn -0.521566 0.298266 0.799378
vn 0.377928 0.43884 0.815224
vn 0.373625 0.45424 0.808746
vn -0.520797 0.293029 0.801813
vn -0.521027 0.294864 0.800991
vn 0.380301 0.427285 0.820243
vn 0.388463 0.384233 0.837533
vn -0.511454 0.241431 0.824697
vn -0.501008 0.184713 0.845501
vn 0.40136 0.317851 0.859
vn 0.404407 0.29532 0.865587
vn -0.492125 0.147226 0.857985
vn -0.496969 0.166519 0.851642
vn 0.402964 0.302687 0.863713
vn 0.395178 0.332581 0.856285
vn -0.498605 0.174868 0.849008
vn -0.497468 0.163544 0.851927
vn 0.388554 0.362029 0.847326
vn 0.385314 0.36211 0.848769
vn -0.495748 0.152266 0.855014
vn -0.495889 0.152231 0.854938
vn -0.582913 0.00547143 0.812517
vn -0.573936 0.0165263 0.818734
vn -0.5828 0.00527859 0.812598
vn -0.564685 0.0274071 0.824852
vn 0.117879 -0.576105 0.808831
vn 0.131563 -0.559259 0.818487
vn 0.117641 -0.575909 0.809005
vn 0.145341 -0.542222 0.82757
vn -0.536351 0.0621124 0.841707
vn -0.516389 0.0852497 0.8521
vn 0.165452 -0.517901 0.839288
vn 0.171809 -0.510827 0.84234
vn -0.506948 0.095939 0.856621
vn -0.516507 0.0817317 0.852373
vn 0.177585 -0.504333 0.845051
vn 0.176926 -0.504909 0.844846
vn -0.496893 0.108433 0.861011
vn -0.46495 0.14724 0.873007
vn 0.217801 -0.456424 0.862693
vn 0.25968 -0.406041 0.876183
vn -0.416854 0.206296 0.885254
vn -0.399902 0.2248 0.888563
vn 0.286676 -0.370084 0.88366
vn 0.274347 -0.387129 0.880264
vn -0.402642 0.221267 0.888212
vn -0.420796 0.196662 0.885582
vn 0.269384 -0.393346 0.87904
vn 0.278554 -0.384343 0.880164
vn -0.439224 0.173156 0.881532
vn -0.438115 0.170609 0.88258
vn 0.287264 -0.374744 0.881502
vn 0.287534 -0.375291 0.881182
vn -0.79904 0.0720728 0.596943
vn -0.742178 0.109199 0.661247
vn -0.769261 0.0951366 0.631812
vn -0.719539 0.117834 0.684382
vn -0.490065 -0.563296 0.665232
vn -0.472811 -0.542019 0.694741
vn -0.461267 -0.541445 0.702902
vn -0.490053 -0.547711 0.67813
vn -0.755428 0.0967602 0.648047
vn -0.754714 0.111966 0.64643
vn -0.497883 -0.556962 0.66476
vn -0.452888 -0.529983 0.716945
vn -0.678336 0.15989 0.717144
vn -0.605314 0.190572 0.772837
vn -0.443628 -0.502828 0.741861
vn -0.480845 -0.5005 0.719922
vn -0.484949 0.193142 0.852948
vn -0.556652 -0.213557 0.802828
vn -0.568131 -0.567171 0.596276
vn -0.324167 0.11077 0.939492
vn -0.466121 -0.316956 0.825996
vn -0.512262 -0.658601 0.55121
vn -0.385837 -0.0393856 0.921726
vn -0.483254 -0.410923 0.773051
vn -0.340085 -0.715852 0.609834
vn -0.464007 -0.0637958 0.883532
vn -0.3485 -0.0388149 0.936505
vn -0.234968 -0.700553 0.673807
vn -0.208565 -0.684993 0.698058
vn -0.20855 -0.039496 0.977214
vn -0.171298 -0.0416846 0.984337
vn -0.144261 -0.688769 0.710483
vn -0.106241 -0.689098 0.716838
vn -0.0438104 -0.0419039 0.998161
vn 0.0130151 -0.681397 0.731798
vn 0.232213 -0.531106 0.814864
vn 0.225209 -0.537658 0.81253
vn 0.200436 -0.523061 0.828391
vn 0.194509 -0.541219 0.818076
vn 0.50791 0.117485 0.853361
vn 0.480607 0.121485 0.868481
vn 0.479822 0.12451 0.868486
vn 0.419372 0.132343 0.898116
vn 0.233603 -0.571024 0.786995
vn 0.158589 -0.569914 0.806256
vn 0.418757 0.118199 0.900373
vn 0.348982 0.118976 0.929546
vn 0.120939 -0.572658 0.810825
vn 0.00205688 -0.54293 0.839776
vn 0.347876 0.100286 0.932161
vn 0.268828 0.108405 0.957069
vn -0.079921 -0.509053 0.857017
vn -0.149399 -0.476567 0.866351
vn 0.223032 0.12262 0.967068
vn 0.16579 0.143531 0.97566
vn -0.191783 -0.449076 0.872668
vn -0.235357 -0.445793 0.863641
vn 0.0866773 0.1877 0.978395
vn -0.0259361 0.223943 0.974257
vn -0.395908 -0.393177 0.829861
vn -0.490815 -0.348117 0.798696
vn -0.113202 0.243615 0.963243
vn -0.131413 0.233926 0.963332
vn -0.387248 -0.411307 0.825146
vn -0.36948 -0.445177 0.815661
vn -0.0712127 0.202977 0.976591
vn -0.135137 0.221131 0.965836
vn 0.0280164 -0.574989 0.817681
vn -0.629849 -0.337844 0.699393
vn -0.156594 0.176412 0.97178
vn -0.223646 0.17825 0.958232
vn -0.662941 -0.299029 0.686361
vn -0.141352 0.0828515 0.986486
vn 0.304792 0.279139 0.910595
vn 0.319939 0.234246 0.918024
vn 0.3109 0.266458 0.912327
vn 0.318497 0.219685 0.922116
vn -0.37308 0.0870435 0.923707
vn -0.363384 0.0649317 0.929374
vn -0.366122 0.0716682 0.927803
vn -0.372 0.0799008 0.924787
vn 0.29365 0.279041 0.914279
vn 0.30454 0.289885 0.907316
vn -0.377507 0.0752829 0.922942
vn -0.352417 0.0182898 0.935664
vn 0.299654 0.373154 0.878045
vn 0.387484 0.264274 0.883185
vn -0.322012 -0.0164675 0.946592
vn -0.256342 -0.100336 0.961364
vn 0.415421 0.295144 0.860416
vn 0.511564 0.165133 0.843228
vn -0.227903 -0.0869068 0.969798
vn -0.111405 -0.280557 0.95335
vn 0.564494 0.0976504 0.819641
vn 0.594059 -0.0108989 0.804348
vn -0.0580229 -0.303983 0.950909
vn -0.0384774 -0.310445 0.949812
vn 0.611885 -0.124831 0.781034
vn 0.25499 -0.175046 0.950967
vn -0.164573 -0.139599 0.976436
vn 0.566144 -0.207995 0.797634
vn 0.171822 -0.243642 0.954524
vn -0.269308 -0.214383 0.938889
vn 0.476503 -0.284627 0.831825
vn 0.0554603 -0.409352 0.910689
vn -0.391287 -0.137063 0.910005
vn 0.457167 -0.318987 0.830208
vn -0.0812113 -0.7524 0.653681
vn -0.316873 0.167206 0.933613
vn -0.340011 0.134766 0.930715
vn -0.318325 0.164234 0.933647
vn -0.346934 0.144834 0.926639
vn 0.237899 -0.265785 0.934217
vn 0.247633 -0.254505 0.934829
vn 0.236512 -0.268533 0.933784
vn 0.282453 -0.18582 0.941112
vn -0.394752 0.0906412 0.914306
vn -0.39126 0.149587 0.908041
vn 0.279599 -0.168866 0.94515
vn 0.287571 -0.105449 0.951937
vn -0.372112 0.209373 0.904265
vn -0.323077 0.286371 0.902005
vn 0.238794 -0.142286 0.960589
vn 0.208918 -0.169553 0.963122
vn -0.234315 0.375697 0.896632
vn -0.196864 0.380855 0.903435
vn 0.214106 -0.186356 0.958869
vn 0.244532 -0.182323 0.952346
vn -0.193034 0.371854 0.907999
vn -0.19832 0.418277 0.886405
vn 0.342229 -0.0871566 0.935566
vn 0.434671 0.0365788 0.899846
vn -0.217591 0.434588 0.873949
vn 0.00997261 0.616446 0.787334
vn 0.463932 0.140384 0.874677
vn 0.384256 0.103098 0.917452
vn 0.474784 0.855346 0.207277
vn 0.318943 0.743053 0.588343
vn 0.354721 0.369438 0.858888
vn 0.509254 0.00628876 0.860593
vn 0.324376 0.688947 0.648177
vn 0.332499 0.696993 0.635331
vn 0.663943 0.082596 0.743208
vn 0.673872 0.0896455 0.73339
vn 0.337577 0.698909 0.63053
vn 0.690293 0.0950777 0.717256
vn 0.939011 0.314808 0.138401
vn 0.939426 0.317318 0.129572
vn 0.938895 0.315171 0.138361
vn -0.763862 0.630373 0.138364
vn -0.763589 0.632579 0.129519
vn -0.763074 0.634917 0.12082
vn 0.939789 0.319719 0.120732
vn -0.175172 -0.946314 -0.271671
vn -0.176044 -0.951023 -0.254093
vn -0.175172 -0.946314 -0.271671
vn -0.176857 -0.955418 -0.236426
vn -0.764091 0.630142 0.138151
vn 0.940523 0.323165 0.104785
vn -0.762523 0.638425 0.10475
vn -0.762187 0.639948 0.0976642
vn 0.940758 0.324725 0.0976069
vn -0.178174 -0.962531 -0.204423
vn -0.178698 -0.965362 -0.190114
vn 0.941237 0.32696 0.0846805
vn -0.761832 0.642219 0.0846575
vn -0.761612 0.643211 0.0789105
vn 0.941388 0.327974 0.078873
vn -0.179545 -0.969938 -0.164265
vn -0.179882 -0.971758 -0.152738
vn 0.9417 0.329425 0.0684099
vn -0.761383 0.644685 0.0683947
vn -0.761239 0.645332 0.063733
vn 0.941799 0.330086 0.0637084
vn -0.180426 -0.9747 -0.131934
vn -0.180643 -0.97587 -0.122664
vn 0.942003 0.331031 0.0552191
vn -0.761091 0.646291 0.0552089
vn -0.760995 0.646717 0.0514135
vn 0.942067 0.331465 0.0513973
vn -0.180993 -0.977763 -0.105931
vn -0.181133 -0.978516 -0.0984715
vn 0.942202 0.332089 0.0444005
vn -0.760898 0.64735 0.0443938
vn -0.760835 0.647636 0.0412118
vn 0.942245 0.33238 0.041201
vn -0.181361 -0.979749 -0.0848525
vn -0.181453 -0.980246 -0.0786943
vn 0.942335 0.332792 0.0354104
vn -0.760771 0.648053 0.035406
vn -0.76073 0.648239 0.0328092
vn 0.942363 0.33298 0.0328022
vn -0.181602 -0.981048 -0.0675712
vn -0.181661 -0.981366 -0.0626071
vn 0.942421 0.333246 0.0280968
vn -0.760689 0.648508 0.028094
vn -0.760662 0.648627 0.0259923
vn 0.942439 0.333367 0.0259878
vn -0.181756 -0.981881 -0.053615
vn -0.181794 -0.982086 -0.0495874
vn 0.942476 0.333536 0.0221913
vn -0.760637 0.648799 0.0221894
vn -0.76062 0.648874 0.0204987
vn 0.942487 0.333613 0.0204957
vn -0.181855 -0.982416 -0.0422908
vn -0.181879 -0.982546 -0.039022
vn 0.942511 0.333719 0.0174555
vn -0.760603 0.648982 0.0174545
vn -0.760594 0.649029 0.0161075
vn 0.942518 0.333766 0.0161056
vn -0.181918 -0.982756 -0.0331059
vn -0.181933 -0.982839 -0.0304587
vn 0.942531 0.333825 0.0139897
vn -0.760585 0.649088 0.0139889
vn -0.76058 0.64911 0.0132213
vn 0.942535 0.333847 0.0132202
vn -0.181955 -0.982956 -0.0262793
vn -0.181962 -0.982994 -0.0247473
vn 0.942542 0.33388 0.0118068
vn -0.760574 0.649143 0.0118062
vn -0.760571 0.649159 0.0111613
vn 0.942544 0.333896 0.0111605
vn -0.181974 -0.983059 -0.0218994
vn -0.181979 -0.983087 -0.0205835
vn 0.942549 0.333919 0.00997846
vn -0.760567 0.649182 0.009978
vn -0.760565 0.649193 0.00944158
vn 0.94255 0.33393 0.00944094
vn -0.181988 -0.983134 -0.0181391
vn -0.181991 -0.983153 -0.0170107
vn 0.942554 0.333947 0.00845153
vn -0.760562 0.64921 0.00845105
vn -0.760561 0.649218 0.00799869
vn 0.942555 0.333954 0.00799821
vn -0.181997 -0.983186 -0.0149278
vn -0.182 -0.983199 -0.0139732
vn 0.942548 0.333934 0.0095366
vn -0.760556 0.649245 0.00597295
vn -0.759041 0.650986 0.00857698
vn 0.942102 0.335221 0.00841806
vn -0.182006 -0.983233 -0.0112424
vn -0.182267 -0.983208 -0.00900031
vn 0.94245 0.334059 -0.013871
vn -0.759454 0.650422 -0.0134559
vn -0.759574 0.649535 -0.0339349
vn 0.942263 0.332697 -0.0381336
vn -0.182325 -0.982209 0.0449704
vn -0.181881 -0.978507 0.0971822
vn -0.517056 0.795165 0.316805
vn -0.530634 0.792788 0.299858
vn -0.518579 0.793979 0.317289
vn -0.249022 -0.91503 0.317345
vn -0.261002 -0.917656 0.299643
vn -0.273756 -0.919226 0.282985
vn -0.543672 0.7903 0.282572
vn 0.769458 0.121383 -0.627058
vn 0.795148 0.125436 -0.5933
vn 0.769458 0.121383 -0.627058
vn 0.819438 0.129267 -0.558401
vn -0.248006 -0.915857 0.315751
vn -0.563297 0.787708 0.249426
vn -0.293558 -0.92287 0.249267
vn -0.302293 -0.923952 0.234374
vn -0.572172 0.786017 0.234086
vn 0.859694 0.135618 -0.492478
vn 0.876166 0.138216 -0.461768
vn -0.585426 0.784269 0.205425
vn -0.315623 -0.926406 0.205313
vn -0.321512 -0.927137 0.192474
vn -0.591379 0.783135 0.192279
vn 0.903266 0.142491 -0.40473
vn 0.914262 0.144226 -0.378581
vn -0.60024 0.781968 0.16804
vn -0.3304 -0.928776 0.167963
vn -0.334344 -0.929265 0.157099
vn -0.604211 0.781211 0.156969
vn 0.932293 0.147071 -0.330455
vn 0.939581 0.14822 -0.308575
vn -0.610116 0.780436 0.136671
vn -0.340253 -0.930357 0.136617
vn -0.342898 -0.930681 0.127493
vn -0.612768 0.779925 0.127406
vn 0.95152 0.150104 -0.268476
vn 0.95634 0.150864 -0.250309
vn -0.616733 0.779408 0.11029
vn -0.346857 -0.931415 0.110254
vn -0.348653 -0.931637 0.102443
vn -0.618529 0.779063 0.102384
vn 0.964316 0.152122 -0.216688
vn 0.967573 0.152636 -0.201258
vn -0.621165 0.778721 0.0880197
vn -0.351281 -0.932126 0.0879956
vn -0.352453 -0.93227 0.081549
vn -0.622334 0.778496 0.0815105
vn 0.972879 0.153473 -0.173067
vn 0.975008 0.153809 -0.160322
vn -0.624039 0.778276 0.0697283
vn -0.354151 -0.932586 0.0697125
vn -0.354906 -0.932679 0.0644382
vn -0.624791 0.77813 0.0644129
vn 0.978459 0.154353 -0.137089
vn 0.979836 0.15457 -0.126611
vn -0.625877 0.777991 0.0548398
vn -0.355986 -0.932881 0.0548293
vn -0.356465 -0.932939 0.0505657
vn -0.626354 0.777898 0.0505492
vn 0.982052 0.15492 -0.107579
vn 0.982929 0.155058 -0.0990307
vn -0.627034 0.777812 0.0428612
vn -0.357141 -0.933067 0.0428557
vn -0.357431 -0.933106 0.0394512
vn -0.627323 0.77776 0.0394403
vn 0.984329 0.155279 -0.0835806
vn 0.984876 0.155365 -0.0766815
vn -0.627696 0.777712 0.0340856
vn -0.357802 -0.933175 0.0340833
vn -0.35793 -0.933195 0.0321425
vn -0.627825 0.777691 0.032137
vn 0.985642 0.155486 -0.0658286
vn 0.985892 0.155526 -0.061877
vn -0.627845 0.777686 0.0318743
vn -0.358154 -0.933235 0.0282595
vn -0.360272 -0.932344 0.0306344
vn -0.629021 0.776792 0.0304368
vn 0.98626 0.155584 -0.0555416
vn 0.986453 0.155349 -0.0527014
vn -0.629054 0.777318 0.00830473
vn -0.360614 -0.932674 0.00877513
vn -0.360672 -0.932626 -0.0111816
vn -0.628802 0.777411 -0.0154996
vn 0.987859 0.15533 0.00266669
vn 0.986361 0.154852 0.0557904
vn -0.723315 -0.538258 0.432543
vn -0.713204 -0.563961 0.416279
vn -0.720473 -0.540321 0.434708
vn 0.898138 0.0648442 0.434906
vn 0.908406 0.0418057 0.415994
vn 0.916511 0.0173698 0.399632
vn -0.70288 -0.588911 0.398928
vn -0.179009 0.478733 -0.859518
vn -0.197295 0.527635 -0.826242
vn -0.21489 0.574693 -0.789652
vn 0.89987 0.0661032 0.431119
vn -0.689198 -0.628534 0.360487
vn 0.932595 -0.0224668 0.360224
vn 0.938598 -0.0404243 0.342636
vn -0.6817 -0.646736 0.342079
vn -0.245012 0.655248 -0.714577
vn -0.257794 0.689432 -0.676924
vn -0.671949 -0.674958 0.304822
vn 0.949997 -0.0686827 0.304611
vn 0.954249 -0.0813453 0.287737
vn -0.666708 -0.687708 0.287329
vn -0.279269 0.746865 -0.603492
vn -0.288193 0.770731 -0.568259
vn -0.659971 -0.707206 0.253572
vn 0.962092 -0.100796 0.253414
vn 0.965023 -0.109506 0.2382
vn -0.656389 -0.715926 0.237915
vn -0.303018 0.810378 -0.501465
vn -0.309101 0.826645 -0.470229
vn -0.651818 -0.72916 0.208468
vn 0.970331 -0.122667 0.208352
vn 0.972317 -0.128594 0.195099
vn -0.649385 -0.735058 0.194904
vn -0.319141 0.853496 -0.41194
vn -0.32323 0.864432 -0.38507
vn -0.646292 -0.744037 0.16946
vn 0.975913 -0.137493 0.169381
vn 0.977278 -0.141556 0.157763
vn -0.644634 -0.748064 0.157629
vn -0.330024 0.882602 -0.33481
vn -0.332811 0.890055 -0.311509
vn -0.642567 -0.754076 0.135935
vn 0.979684 -0.147499 0.135881
vn 0.980581 -0.150169 0.126139
vn -0.64148 -0.756713 0.12605
vn -0.337358 0.902218 -0.268687
vn -0.339186 0.907106 -0.249223
vn -0.640137 -0.760623 0.108059
vn 0.982144 -0.154026 0.108023
vn 0.982724 -0.155757 0.0999634
vn -0.639433 -0.762328 0.0999048
vn -0.342153 0.915039 -0.213624
vn -0.343338 0.918207 -0.19752
vn -0.638575 -0.764833 0.0851578
vn 0.983726 -0.158224 0.085134
vn 0.984096 -0.159327 0.0785539
vn -0.638126 -0.765918 0.0785156
vn -0.345248 0.923314 -0.168215
vn -0.346003 0.925336 -0.15503
vn -0.637588 -0.767496 0.0665741
vn 0.984727 -0.160878 0.0665619
vn 0.984962 -0.161547 0.0612583
vn -0.637325 -0.768158 0.0612334
vn -0.347211 0.928569 -0.131167
vn -0.347685 0.929836 -0.120498
vn -0.637025 -0.769027 0.0528742
vn 0.985307 -0.162403 0.052865
vn 0.985413 -0.162716 0.0498371
vn -0.636898 -0.769336 0.0498243
vn -0.348351 0.931614 -0.103671
vn -0.348569 0.932196 -0.0975205
vn -0.63673 -0.769818 0.0442043
vn 0.985604 -0.163191 0.0442015
vn 0.985682 -0.163399 0.041623
vn -0.636651 -0.770028 0.0416132
vn -0.348937 0.933178 -0.0861508
vn -0.349091 0.933587 -0.0809349
vn -0.636633 -0.770078 0.0409558
vn 0.985801 -0.163703 0.0373891
vn 0.985335 -0.165862 0.040047
vn -0.635538 -0.771041 0.0398335
vn -0.349283 0.9341 -0.0738795
vn -0.349097 0.934348 -0.0715856
vn -0.635916 -0.771552 0.0178433
vn 0.985872 -0.166494 0.018334
vn 0.985969 -0.166918 -0.0017682
vn -0.635899 -0.771748 -0.00607553
vn -0.34972 0.936696 -0.0172363
vn -0.349328 0.936329 0.0354665
vn 0.94221 0.330228 -0.0564734
vn -0.76061 0.64681 -0.0557687
vn -0.760576 0.647082 -0.0530044
vn 0.942279 0.330502 -0.0536507
vn -0.180838 -0.973005 0.143382
vn -0.180974 -0.973725 0.138232
vn 0.942386 0.331151 -0.0474205
vn -0.760439 0.64772 -0.0468043
vn -0.760401 0.648001 -0.0434037
vn 0.942454 0.331433 -0.0439565
vn -0.181279 -0.975342 0.12588
vn -0.181444 -0.976214 0.118676
vn 0.942559 0.332088 -0.036052
vn -0.76026 0.648646 -0.035541
vn -0.760228 0.64891 -0.0311176
vn 0.942629 0.332348 -0.0315513
vn -0.181799 -0.978091 0.101429
vn -0.181983 -0.979046 0.0913825
vn 0.94271 0.332889 -0.0219589
vn -0.760105 0.649441 -0.0216022
vn -0.760098 0.649597 -0.0165542
vn 0.942767 0.333029 -0.016801
vn -0.182314 -0.980792 0.0693464
vn -0.182462 -0.981538 0.0573566
vn 0.942786 0.333272 -0.00919523
vn -0.760022 0.649834 -0.00903101
vn -0.760046 0.649836 -0.00659397
vn 0.942813 0.333255 -0.00669293
vn -0.182629 -0.982396 0.0392964
vn -0.182677 -0.982611 0.0332342
vn 0.942816 0.333312 0.000196139
vn -0.760025 0.649894 0.000284713
vn -0.760032 0.649869 0.004697
vn 0.942816 0.333282 0.00462121
vn -0.182753 -0.983002 0.0175383
vn -0.182777 -0.983123 0.0079055
vn 0.942753 0.332952 0.0189573
vn -0.76009 0.64954 0.0190296
vn -0.759946 0.649338 0.0290246
vn 0.942572 0.332756 0.0288413
vn -0.18274 -0.982912 -0.0221472
vn -0.182644 -0.982258 -0.0425591
vn 0.942188 0.329333 0.0618242
vn -0.760771 0.645992 0.0626213
vn -0.761466 0.642456 0.0861368
vn 0.941625 0.325787 0.0848874
vn -0.181748 -0.977108 -0.110579
vn -0.180619 -0.970769 -0.158065
vn 0.94042 0.321023 0.112047
vn -0.762026 0.637517 0.11353
vn -0.762303 0.636474 0.117455
vn 0.940285 0.31995 0.116173
vn -0.178731 -0.960442 -0.213556
vn -0.178368 -0.95859 -0.222013
vn 0.940546 0.321019 0.110997
vn -0.762158 0.637718 0.111491
vn -0.761798 0.639812 0.101509
vn 0.940876 0.323128 0.101689
vn -0.178789 -0.960898 -0.211445
vn -0.179422 -0.964781 -0.192369
vn 0.941438 0.326006 0.0861095
vn -0.761337 0.642821 0.0845364
vn -0.760893 0.644202 0.0777527
vn 0.941442 0.327599 0.079791
vn -0.18042 -0.970486 -0.160015
vn -0.180657 -0.972528 -0.146805
vn 0.942344 0.33047 0.0527058
vn -0.760634 0.647485 0.0468986
vn -0.759919 0.649611 0.022998
vn 0.942428 0.332899 0.0317438
vn -0.182021 -0.97928 -0.0887596
vn -0.182472 -0.982238 -0.0437401
vn 0.942888 0.332829 -0.0137189
vn -0.760003 0.649245 -0.0296092
vn -0.760344 0.646913 -0.0581385
vn 0.942812 0.331119 -0.0382952
vn -0.182892 -0.981612 0.054667
vn -0.182482 -0.977258 0.108011
vn 0.942426 0.328972 -0.0600858
vn -0.760207 0.644501 -0.0818777
vn -0.760345 0.644925 -0.0771187
vn 0.942539 0.329128 -0.0574009
vn -0.181866 -0.971194 0.153972
vn -0.181968 -0.972256 0.146989
vn 0.942565 0.3295 -0.0547832
vn -0.760279 0.645556 -0.0723452
vn -0.760289 0.645543 -0.0723505
vn 0.94254 0.329565 -0.0548262
vn -0.182051 -0.973271 0.140005
vn -0.181969 -0.973292 0.139967
vn -0.627122 0.778117 -0.0353868
vn -0.358549 -0.932868 -0.0346366
vn -0.358565 -0.93289 -0.0338733
vn -0.62715 0.778131 -0.0345676
vn 0.982213 0.154224 0.107107
vn 0.982324 0.154242 0.106058
vn -0.62732 0.778095 -0.0322224
vn -0.358736 -0.932906 -0.0315366
vn -0.358807 -0.932929 -0.0300075
vn -0.6274 0.778094 -0.0306402
vn 0.982776 0.154311 0.101686
vn 0.983106 0.154362 0.098363
vn -0.627622 0.778046 -0.0270904
vn -0.359033 -0.93295 -0.0264715
vn -0.359097 -0.932979 -0.0245094
vn -0.627696 0.778055 -0.0250663
vn 0.983879 0.15448 0.0900973
vn 0.984309 0.154545 0.0851538
vn -0.627922 0.778006 -0.0205088
vn -0.359327 -0.932998 -0.0199561
vn -0.359378 -0.933029 -0.0174198
vn -0.627983 0.778021 -0.0179063
vn 0.985236 0.154686 0.0733653
vn 0.985711 0.154757 0.0665193
vn -0.628198 0.777972 -0.0112184
vn -0.3596 -0.933045 -0.0107309
vn -0.359631 -0.933071 -0.0066414
vn -0.628235 0.777991 -0.00705665
vn 0.986679 0.154904 0.049683
vn 0.987122 0.154969 0.039691
vn -0.628292 0.777968 0.00392603
vn -0.359695 -0.93306 0.00434755
vn -0.359541 -0.933063 0.0111641
vn -0.628141 0.778024 0.0108361
vn 0.98779 0.155066 0.014999
vn 0.987902 0.155077 0.000297718
vn -0.627892 0.778016 0.0210524
vn -0.35931 -0.932974 0.0213664
vn -0.359084 -0.932979 0.0246754
vn -0.627672 0.778095 0.0244362
vn 0.987666 0.155034 -0.0219124
vn 0.987476 0.155 -0.0294214
vn -0.627422 0.778115 0.0296451
vn -0.358841 -0.93292 0.029893
vn -0.358698 -0.932914 0.0317393
vn -0.62728 0.778155 0.0315272
vn 0.987059 0.154932 -0.0413466
vn 0.98687 0.154901 -0.0457628
vn -0.62706 0.778179 0.0351166
vn -0.358481 -0.932868 0.0353296
vn -0.358337 -0.932857 0.0370399
vn -0.626917 0.778214 0.0368513
vn 0.986454 0.154834 -0.0541816
vn 0.986231 0.154798 -0.0581839
vn -0.626601 0.778253 0.0411449
vn -0.358024 -0.932797 0.0413433
vn -0.357784 -0.932772 0.0439033
vn -0.626363 0.778304 0.0437273
vn 0.985635 0.154703 -0.0677566
vn 0.985246 0.154642 -0.0733261
vn -0.625582 0.778411 0.0521789
vn -0.357007 -0.932633 0.0523688
vn -0.356413 -0.932511 0.0582517
vn -0.624977 0.778481 0.0580627
vn 0.983813 0.154416 -0.0909319
vn 0.982655 0.154233 -0.102959
vn -0.622196 0.778974 0.0779159
vn -0.353585 -0.932117 0.0783336
vn -0.35111 -0.931762 0.0924192
vn -0.619735 0.779411 0.0919121
vn 0.977688 0.153444 -0.143461
vn 0.973211 0.152727 -0.171855
vn -0.615735 0.7799 0.112371
vn -0.34713 -0.930976 0.113067
vn -0.345491 -0.930778 0.119533
vn -0.614096 0.780226 0.118883
vn 0.965204 0.151451 -0.213176
vn 0.962302 0.150983 -0.22623
vn -0.613069 0.780346 0.123315
vn -0.344531 -0.930583 0.123747
vn -0.345167 -0.930648 0.121466
vn -0.613686 0.780185 0.121251
vn 0.960318 0.150667 -0.234711
vn 0.961381 0.150869 -0.230184
vn -0.616479 0.779857 0.108523
vn -0.348063 -0.931251 0.107815
vn -0.350377 -0.931626 0.0964867
vn -0.618856 0.779392 0.0978056
vn 0.967238 0.151811 -0.203478
vn 0.971534 0.152584 -0.181219
vn -0.621772 0.778931 0.0816515
vn -0.353325 -0.932135 0.0792815
vn -0.354219 -0.932267 0.0735317
vn -0.622811 0.778657 0.0761507
vn 0.977113 0.153508 -0.147258
vn 0.978736 0.153861 -0.135658
vn -0.624528 0.778466 0.0628905
vn -0.356014 -0.932627 0.0588193
vn -0.357159 -0.932704 0.0500158
vn -0.625723 0.77811 0.0549088
vn 0.982217 0.154385 -0.106837
vn 0.983878 0.154733 -0.0896792
vn -0.626609 0.777913 0.0470357
vn -0.358103 -0.932777 0.04111
vn -0.358362 -0.932669 0.0412974
vn -0.627017 0.7776 0.0467805
vn 0.985261 0.154953 -0.0724645
vn 0.985234 0.155088 -0.0725416
vn -0.636778 -0.770596 -0.0263765
vn 0.985924 -0.165225 -0.0255972
vn 0.985938 -0.165222 -0.0250596
vn -0.636789 -0.770607 -0.0257913
vn -0.348248 0.933369 0.0868601
vn -0.348266 0.933419 0.0862499
vn -0.636745 -0.770701 -0.0239782
vn 0.985966 -0.16532 -0.0232621
vn 0.985988 -0.165354 -0.0220388
vn -0.636738 -0.770746 -0.0227069
vn -0.348359 0.933672 0.0830825
vn -0.348432 0.933869 0.0805247
vn -0.636678 -0.770876 -0.0197959
vn 0.986026 -0.16549 -0.0191482
vn 0.986051 -0.165516 -0.0175203
vn -0.63668 -0.770915 -0.0181098
vn -0.348607 0.934342 0.0740152
vn -0.348705 0.93461 0.0700632
vn -0.636618 -0.771047 -0.0142641
vn 0.986088 -0.165657 -0.013686
vn 0.986114 -0.16567 -0.011531
vn -0.636631 -0.771075 -0.0120433
vn -0.348919 0.935197 0.0605214
vn -0.349029 0.935501 0.0549313
vn -0.636573 -0.771189 -0.00646862
vn 0.986142 -0.165796 -0.00596305
vn 0.986159 -0.165781 -0.0026127
vn -0.6366 -0.771188 -0.0030419
vn -0.34926 0.936134 0.0408619
vn -0.349364 0.936427 0.0323825
vn -0.636585 -0.771185 0.00578252
vn 0.986141 -0.165792 0.00619689
vn 0.986115 -0.165657 0.0115794
vn -0.636662 -0.771061 0.0112637
vn -0.349517 0.936854 0.011933
vn -0.349535 0.936923 -3.60529e-005
vn -0.636694 -0.770881 0.0190894
vn 0.986018 -0.165508 0.0193692
vn 0.985995 -0.165357 0.0217094
vn -0.636781 -0.770745 0.0215046
vn -0.349475 0.936782 -0.0175292
vn -0.349431 0.936678 -0.0230516
vn -0.636827 -0.770586 0.0254751
vn 0.985924 -0.16521 0.0256727
vn 0.985899 -0.165108 0.0272446
vn -0.636879 -0.770488 0.0270807
vn -0.349338 0.936436 -0.0324248
vn -0.34929 0.936312 -0.0362739
vn -0.636934 -0.770316 0.0304691
vn 0.985827 -0.164943 0.0306364
vn 0.985791 -0.164815 0.0324256
vn -0.636992 -0.770194 0.032279
vn -0.349176 0.93601 -0.0442941
vn -0.349108 0.935829 -0.0484642
vn -0.637091 -0.769899 0.0370287
vn 0.985671 -0.164526 0.0372038
vn 0.985595 -0.164289 0.0401574
vn -0.63719 -0.769669 0.0399952
vn -0.348908 0.935296 -0.0590267
vn -0.348769 0.934923 -0.065418
vn -0.637483 -0.768845 0.0499306
vn 0.985273 -0.163469 0.0501545
vn 0.985 -0.162811 0.0571636
vn -0.637711 -0.768169 0.0569212
vn -0.348216 0.933446 -0.0861661
vn -0.347744 0.932187 -0.100511
vn -0.638794 -0.765394 0.0781938
vn 0.983978 -0.159973 0.078717
vn 0.983113 -0.157539 0.0931151
vn -0.639752 -0.762992 0.0925246
vn -0.345856 0.927159 -0.144086
vn -0.344203 0.922774 -0.173238
vn -0.6411 -0.75898 0.113754
vn 0.981468 -0.153599 0.114578
vn 0.980906 -0.151861 0.121499
vn -0.641834 -0.75728 0.120731
vn -0.341188 0.914754 -0.216371
vn -0.340042 0.911729 -0.230481
vn -0.642351 -0.755746 0.12741
vn 0.980288 -0.150383 0.12814
vn 0.980323 -0.150481 0.127759
vn -0.642307 -0.755826 0.127159
vn -0.338884 0.908657 -0.243926
vn -0.338951 0.908796 -0.243315
vn -0.641729 -0.757526 0.119741
vn 0.981056 -0.152227 0.119817
vn 0.981689 -0.153893 0.112263
vn -0.641047 -0.759205 0.112543
vn -0.340268 0.912275 -0.227972
vn -0.341493 0.915383 -0.213205
vn -0.640196 -0.761501 0.101313
vn 0.982599 -0.1562 0.100497
vn 0.982887 -0.156987 0.0963745
vn -0.639814 -0.762354 0.0972346
vn -0.343194 0.91983 -0.19008
vn -0.343793 0.921283 -0.181779
vn -0.639324 -0.763756 0.0891197
vn 0.983465 -0.158429 0.0877328
vn 0.983717 -0.159254 0.083301
vn -0.638912 -0.764568 0.0850115
vn -0.344845 0.9241 -0.164686
vn -0.345393 0.925413 -0.155928
vn -0.638285 -0.766514 0.0710491
vn 0.984596 -0.161287 0.0675063
vn 0.985045 -0.162838 0.0562964
vn -0.637487 -0.76804 0.0610385
vn -0.346892 0.92945 -0.125653
vn -0.347887 0.931735 -0.104138
vn -0.636987 -0.770253 0.0309519
vn 0.986092 -0.165116 0.0189753
vn 0.986144 -0.165738 -0.00711657
vn -0.636445 -0.771249 0.0106401
vn -0.34932 0.936304 -0.0361902
vn -0.349493 0.936882 0.0102771
vn -0.636047 -0.771591 -0.00952814
vn 0.985532 -0.166201 -0.033225
vn 0.98561 -0.165711 -0.0333623
vn -0.635786 -0.771805 -0.00965452
vn -0.348712 0.935514 0.0566867
vn -0.348947 0.935431 0.0566126
vn -0.879476 -0.466397 0.094844
vn -0.879368 -0.465978 0.0978644
vn -0.879476 -0.466397 0.0948433
vn -0.879464 -0.464985 0.101651
vn 0.712048 -0.695078 0.0992696
vn 0.71204 -0.694581 0.10274
vn 0.712048 -0.695078 0.0992704
vn 0.712335 -0.693882 0.105385
vn -0.879336 -0.461355 0.117985
vn -0.879741 -0.456521 0.132831
vn 0.713173 -0.690346 0.121682
vn 0.714583 -0.686864 0.132626
vn -0.879905 -0.444454 0.168011
vn -0.881378 -0.431085 0.193231
vn 0.718325 -0.675105 0.168058
vn 0.722525 -0.665861 0.185973
vn -0.882612 -0.400788 0.245693
vn -0.886133 -0.368609 0.280883
vn 0.733694 -0.63551 0.240458
vn 0.743478 -0.614787 0.263206
vn -0.887691 -0.318368 0.332636
vn -0.89141 -0.279215 0.35697
vn 0.761458 -0.566406 0.315223
vn 0.773215 -0.543025 0.327509
vn -0.887111 -0.303251 0.347956
vn -0.885695 -0.322233 0.334232
vn 0.764091 -0.557369 0.324814
vn 0.754591 -0.579497 0.307859
vn -0.870279 -0.400032 0.287384
vn 0.722375 -0.635718 0.272097
vn 0.740308 -0.671784 -0.0255159
vn 0.740475 -0.671709 -0.0224664
vn 0.740307 -0.671784 -0.025514
vn 0.74033 -0.671987 -0.0185625
vn 0.425248 0.904903 -0.0177488
vn 0.425471 0.90486 -0.0142504
vn 0.425249 0.904903 -0.0177483
vn 0.425245 0.905005 -0.0115125
vn 0.740131 -0.67246 -0.00183841
vn 0.738705 -0.67389 0.0136483
vn 0.42489 0.90523 0.00517958
vn 0.423348 0.905814 0.0166324
vn 0.734498 -0.676729 0.050493
vn 0.727576 -0.681602 0.0777938
vn 0.418181 0.90677 0.0537814
vn 0.411759 0.908341 0.0732826
vn 0.710274 -0.690834 0.135127
vn 0.688615 -0.703485 0.175835
vn 0.390694 0.910863 0.132988
vn 0.372771 0.914085 0.159654
vn 0.65287 -0.71964 0.236385
vn 0.622718 -0.735184 0.267819
vn 0.332327 0.916981 0.220692
vn 0.309252 0.920797 0.237689
vn 0.641722 -0.723519 0.254389
vn 0.656093 -0.716419 0.237249
vn 0.324991 0.916832 0.231948
vn 0.345249 0.914555 0.210693
vn 0.713645 -0.677905 0.176506
vn 0.400826 0.901427 0.163608
vn 0.510951 0.858533 0.0430057
vn 0.510997 0.858348 0.0460499
vn 0.51095 0.858534 0.0430035
vn 0.511495 0.857836 0.0498993
vn -0.970569 0.233906 0.0572981
vn -0.970394 0.233749 0.0607973
vn -0.970569 0.233906 0.0572999
vn -0.970354 0.2332 0.063493
vn 0.512842 0.855906 0.0664666
vn 0.515305 0.85311 0.0816341
vn -0.969662 0.230981 0.0800267
vn -0.969352 0.228109 0.0912311
vn 0.520773 0.845551 0.117638
vn 0.528283 0.836804 0.143792
vn -0.967396 0.218819 0.127529
vn -0.966686 0.210118 0.146178
vn 0.543619 0.815541 0.198422
vn 0.562321 0.792545 0.235941
vn -0.961998 0.182569 0.203046
vn -0.960282 0.161555 0.227503
vn 0.588225 0.754369 0.291408
vn 0.610963 0.724701 0.318644
vn -0.952083 0.114919 0.283429
vn -0.950424 0.0898286 0.297699
vn 0.595126 0.742324 0.307863
vn 0.584484 0.756761 0.292732
vn -0.949927 0.106574 0.293737
vn -0.952754 0.129078 0.274951
vn 0.532388 0.811691 0.240251
vn -0.953205 0.190973 0.234371
vn 0.727906 -0.683146 0.0588513
vn 0.720843 -0.691143 0.0520298
vn 0.723205 -0.686449 0.0759103
vn 0.708271 -0.703451 0.0592369
vn 0.924835 0.375732 -0.0592069
vn 0.928514 0.368659 -0.0441779
vn 0.927589 0.371164 -0.0426208
vn 0.934735 0.355123 -0.0125562
vn 0.697957 -0.715392 0.0327201
vn 0.674349 -0.734454 0.0763647
vn 0.939722 0.34107 -0.0243783
vn 0.94962 0.313337 0.00641877
vn 0.658875 -0.745755 0.0986607
vn 0.632563 -0.757472 0.161557
vn 0.955978 0.293437 -0.000872497
vn 0.962116 0.269267 0.042747
vn 0.621168 -0.756727 0.203752
vn 0.610053 -0.755143 0.239991
vn 0.961539 0.264746 0.0731561
vn 0.958474 0.262689 0.111008
vn 0.610211 -0.750646 0.253325
vn 0.591669 -0.759853 0.269353
vn 0.947916 0.274688 0.161251
vn 0.938206 0.268131 0.218806
vn 0.547793 -0.754535 0.361386
vn 0.51255 -0.738826 0.437526
vn 0.938526 0.250475 0.237553
vn 0.948158 0.229008 0.220344
vn 0.512494 -0.736499 0.441496
vn 0.484027 -0.745876 0.457589
vn 0.974946 0.190278 0.115211
vn 0.981187 0.1525 0.118385
vn 0.436948 -0.729521 0.526189
vn 0.370797 -0.693366 0.617862
vn 0.996479 0.0573599 0.061147
vn 0.995135 0.0219917 0.0960328
vn 0.365057 -0.649483 0.667012
vn 0.998142 -0.0608484 -0.00316546
vn 0.400449 0.914202 -0.0622547
vn 0.405926 0.91278 -0.0453446
vn 0.404025 0.913065 -0.0554683
vn 0.40142 0.914795 -0.0448485
vn -0.664165 0.745876 0.0505431
vn -0.659632 0.748957 0.0628406
vn -0.660944 0.748188 0.0580277
vn -0.663971 0.745573 0.0571335
vn 0.390774 0.917134 -0.078494
vn 0.403099 0.911355 -0.083329
vn -0.670252 0.740603 0.0476473
vn -0.658318 0.749685 0.06775
vn 0.419628 0.900683 -0.112615
vn 0.477595 0.877234 -0.0486122
vn -0.643407 0.763729 0.0523884
vn -0.598522 0.796421 0.0865168
vn 0.510355 0.854862 -0.0935298
vn 0.57834 0.813798 -0.0570591
vn -0.572199 0.817905 0.0601699
vn -0.497746 0.85454 0.148361
vn 0.611066 0.788588 -0.0687517
vn 0.625512 0.779803 -0.0253339
vn -0.455637 0.874413 0.166723
vn -0.434055 0.880994 0.188269
vn 0.609931 0.792092 -0.0239867
vn 0.553198 0.829691 -0.074737
vn -0.457328 0.876165 0.152269
vn -0.525108 0.84625 0.0901264
vn 0.519838 0.850198 -0.0832538
vn 0.431584 0.893864 -0.121419
vn -0.544516 0.827364 0.137735
vn -0.624665 0.770281 0.128298
vn 0.383517 0.914916 -0.125871
vn 0.326565 0.932656 -0.153323
vn -0.584439 0.746182 0.318815
vn -0.608639 0.71328 0.347549
vn 0.324598 0.932733 -0.156989
vn -0.466225 0.686124 0.558451
vn -0.976894 0.212242 0.0251169
vn -0.977153 0.212505 -0.00358649
vn -0.977055 0.211667 0.0236564
vn -0.974366 0.22479 -0.00893564
vn -0.597686 -0.801351 -0.0246523
vn -0.596776 -0.802284 -0.0140921
vn -0.597159 -0.801693 -0.0262349
vn -0.606293 -0.794884 0.023852
vn -0.970209 0.236843 -0.0509999
vn -0.962896 0.268622 -0.0259309
vn -0.616473 -0.787191 0.0170863
vn -0.641759 -0.766249 0.0317428
vn -0.957643 0.287767 -0.0104846
vn -0.955622 0.294041 0.0180782
vn -0.658322 -0.752368 -0.0235557
vn -0.662484 -0.746899 -0.0570714
vn -0.958646 0.274177 0.0763216
vn -0.964131 0.24503 0.10204
vn -0.650393 -0.753469 -0.0962986
vn -0.631657 -0.767956 -0.106078
vn -0.964524 0.232894 0.124312
vn -0.948964 0.267016 0.167839
vn -0.624368 -0.777039 -0.079845
vn -0.641099 -0.767405 -0.00898955
vn -0.887497 0.261378 0.379513
vn -0.846273 0.217963 0.486122
vn -0.68725 -0.72642 -0.0013373
vn -0.718089 -0.690372 -0.0879508
vn -0.822957 0.108038 0.557737
vn -0.861327 0.0603346 0.504455
vn -0.684238 -0.708076 -0.17449
vn -0.631558 -0.754608 -0.178047
vn -0.82331 0.0271177 0.566944
vn -0.815046 0.0285363 0.578693
vn -0.601376 -0.792243 -0.103435
vn -0.60312 -0.791397 -0.0996829
vn -0.812304 0.0256597 0.582669
vn -0.607305 -0.787514 -0.104887
vn -0.775865 -0.50885 0.372968
vn 0.77759 -0.53794 0.325536
vn 0.77759 -0.53794 0.325536
vn 0.77759 -0.53794 0.325536
vn 0.384576 0.861914 0.330463
vn 0.384575 0.861914 0.330463
vn 0.384575 0.861914 0.330463
vn -0.934134 -0.0723956 0.349504
vn -0.932238 -0.0713328 0.354744
vn -0.934132 -0.0724118 0.349505
vn -0.930309 -0.0703031 0.359975
vn -0.443948 -0.839094 0.314375
vn -0.439508 -0.836686 0.326787
vn -0.443987 -0.839066 0.314393
vn -0.434861 -0.834214 0.33909
vn -0.920787 -0.0652669 0.384567
vn -0.91277 -0.0616468 0.403795
vn -0.430566 -0.831832 0.350239
vn -0.430745 -0.832246 0.349034
vn -0.914488 -0.0624459 0.399765
vn -0.923838 -0.0688197 0.376548
vn -0.435188 -0.834446 0.338099
vn -0.439365 -0.836172 0.328291
vn -0.915117 -0.0622213 0.398358
vn -0.895004 -0.0518845 0.443031
vn -0.419208 -0.826088 0.376619
vn -0.392041 -0.811663 0.433022
vn -0.852526 -0.0283775 0.521915
vn -0.830447 -0.0181511 0.556802
vn -0.367135 -0.795894 0.481419
vn -0.371384 -0.79722 0.475936
vn -0.803223 -0.00508827 0.595656
vn -0.79796 -0.0109689 0.60261
vn -0.351073 -0.788933 0.504314
vn -0.331963 -0.772828 0.540867
vn -0.793369 -0.0126711 0.608609
vn -0.791197 -0.0237018 0.611102
vn -0.307963 -0.758815 0.573898
vn -0.316684 -0.751745 0.578439
vn 0.427437 -0.843691 0.324781
vn 0.425965 -0.842179 0.330587
vn 0.427442 -0.843689 0.324781
vn 0.424494 -0.840626 0.336383
vn 0.960938 -0.109013 0.25439
vn 0.95789 -0.105741 0.266956
vn 0.960924 -0.109079 0.254415
vn 0.9547 -0.102308 0.279428
vn 0.417364 -0.832868 0.363509
vn 0.411792 -0.826106 0.384677
vn 0.951417 -0.098891 0.291594
vn 0.951535 -0.0987229 0.291264
vn 0.410828 -0.825035 0.387992
vn 0.417243 -0.829953 0.370252
vn 0.953443 -0.101043 0.284141
vn 0.954885 -0.104991 0.277796
vn 0.40303 -0.817989 0.41044
vn 0.38306 -0.796856 0.46721
vn 0.937567 -0.0839304 0.337525
vn 0.913192 -0.0607385 0.402977
vn 0.330726 -0.744098 0.580463
vn 0.30048 -0.71034 0.636497
vn 0.879566 -0.0289947 0.474892
vn 0.874524 -0.0229053 0.48444
vn 0.268073 -0.673494 0.688871
vn 0.268923 -0.673154 0.688871
vn 0.86948 -0.0161253 0.493705
vn 0.869684 -0.0157278 0.493358
vn 0.749489 0.573931 0.329955
vn 0.748296 0.572255 0.335526
vn 0.749483 0.573938 0.329955
vn 0.747069 0.570568 0.341086
vn -0.0704701 0.963578 0.257976
vn -0.0731441 0.959973 0.270373
vn -0.0704096 0.963576 0.257999
vn -0.0759522 0.956204 0.282674
vn 0.740902 0.562373 0.367154
vn 0.735398 0.555904 0.387505
vn -0.0785297 0.952588 0.293954
vn -0.0785783 0.952914 0.292883
vn 0.735504 0.555932 0.387264
vn 0.73998 0.563882 0.366697
vn -0.0759449 0.956113 0.282984
vn -0.0724611 0.958891 0.274368
vn 0.732995 0.551317 0.398457
vn 0.718066 0.530996 0.449917
vn -0.0874771 0.940774 0.327555
vn -0.105119 0.915521 0.388293
vn 0.683329 0.481588 0.548757
vn 0.662388 0.453713 0.596143
vn -0.124033 0.885382 0.448012
vn -0.122102 0.884066 0.45113
vn 0.639442 0.42415 0.641257
vn 0.63968 0.423824 0.641236
vn -0.121323 0.882984 0.453453
vn -0.116781 0.882173 0.456216
vn -0.505881 -0.0958709 0.857259
vn -0.529551 -0.110966 0.840989
vn -0.438322 -0.235324 0.867466
vn -0.398445 -0.297518 0.867597
vn -0.268154 -0.494121 0.827005
vn -0.190098 -0.432985 0.881128
vn -0.575816 -0.116077 0.809297
vn -0.374044 -0.243087 0.894986
vn -0.138247 -0.349255 0.926773
vn -0.501402 -0.00710765 0.865185
vn -0.314326 -0.159197 0.935871
vn -0.226766 -0.372479 0.899909
vn -0.301763 0.099174 0.948211
vn -0.258106 -0.158115 0.95309
vn -0.193911 -0.396222 0.897445
vn -0.329633 0.0523682 0.942656
vn -0.203241 -0.13417 0.969893
vn 0.0734669 -0.262098 0.962241
vn -0.583136 -0.0862934 0.807778
vn -0.117604 0.289966 0.949784
vn 0.069475 -0.0192197 0.997399
vn 0.0394501 -0.184731 0.981997
vn 0.735746 0.398824 0.547373
vn 0.137986 0.145356 0.97971
vn 0.114804 -0.0530665 0.99197
vn 0.1261 -0.316576 0.940148
vn 0.281694 0.16854 0.944586
vn 0.324601 -0.106859 0.939795
vn 0.338919 -0.285868 0.896333
vn 0.343582 -0.0559751 0.937453
vn 0.469637 -0.551521 0.689395
vn 0.485995 -0.570255 0.662282
vn 0.584147 -0.447544 0.677109
vn 0.634126 -0.394729 0.664886
vn 0.768474 -0.205541 0.60597
vn 0.714 -0.160068 0.681603
vn 0.497921 -0.617304 0.609106
vn 0.593181 -0.398177 0.699708
vn 0.646639 -0.147624 0.748376
vn 0.401081 -0.587411 0.70291
vn 0.518884 -0.374356 0.768516
vn 0.68462 -0.229352 0.691876
vn 0.286529 -0.436874 0.852668
vn 0.517174 -0.329495 0.789914
vn 0.704527 -0.19939 0.681091
vn 0.342669 -0.470017 0.813426
vn 0.498763 -0.300676 0.812914
vn 0.560486 0.000165514 0.828164
vn 0.480875 -0.677101 0.55704
vn 0.0835164 -0.321466 0.943231
vn 0.352945 -0.0749504 0.932637
vn 0.502995 -0.0620386 0.86206
vn -0.318668 0.585176 0.745667
vn 0.186412 -0.049748 0.981211
vn 0.37615 -0.025591 0.926205
vn 0.599134 0.0517288 0.798976
vn 0.130757 0.0923034 0.987108
vn 0.37807 0.192357 0.905573
vn 0.527778 0.247469 0.812533
vn 0.327676 0.199955 0.923389
vn 0.425119 0.528062 0.735135
vn 0.441393 0.548308 0.710303
vn 0.302643 0.622366 0.721851
vn 0.241615 0.661797 0.709681
vn 0.0344801 0.763138 0.645315
vn -0.00435607 0.697227 0.716837
vn 0.486801 0.569593 0.66226
vn 0.249731 0.619054 0.744584
vn -0.00851925 0.624181 0.781233
vn 0.469166 0.462548 0.752285
vn 0.234971 0.536395 0.810598
vn 0.0660026 0.67673 0.733267
vn 0.33283 0.31309 0.889494
vn 0.18822 0.523295 0.831105
vn 0.0317063 0.689518 0.723574
vn 0.354593 0.373721 0.857086
vn 0.159948 0.49661 0.853109
vn -0.147613 0.50248 0.851894
vn 0.544808 0.559643 0.624487
vn 0.248112 0.0845044 0.965039
vn -0.0429159 0.305132 0.951343
vn -0.0792663 0.45428 0.887326
vn -0.553821 -0.460174 0.693918
vn -0.0413623 0.133113 0.990237
vn -0.0965197 0.318515 0.942991
vn -0.206357 0.531046 0.821832
vn -0.170778 0.052311 0.98392
vn -0.31006 0.281759 0.908006
vn -0.386821 0.424115 0.818838
vn -0.309087 0.22988 0.922833
vn -0.863289 0.478683 -0.159985
vn -0.86274 0.479283 -0.161142
vn -0.863281 0.478704 -0.159962
vn 0.146365 -0.910112 -0.38765
vn 0.142492 -0.914264 -0.379232
vn 0.138845 -0.918307 -0.370722
vn -0.862281 0.479634 -0.16255
vn 0.71182 0.426117 0.558334
vn 0.715209 0.429671 0.551234
vn 0.711806 0.426143 0.558332
vn 0.718494 0.433287 0.544086
vn 0.1464 -0.91011 -0.387643
vn -0.868406 0.473129 -0.148393
vn 0.136594 -0.920686 -0.365622
vn 0.138256 -0.919085 -0.369009
vn -0.874783 0.465908 -0.132982
vn 0.727224 0.442778 0.524493
vn 0.732367 0.448937 0.511951
vn -0.875618 0.464759 -0.131499
vn 0.135406 -0.922646 -0.361095
vn 0.130263 -0.927702 -0.349859
vn -0.870442 0.470064 -0.146188
vn 0.736549 0.453959 0.501415
vn 0.735006 0.454235 0.503425
vn -0.869295 0.471516 -0.148325
vn 0.113219 -0.946885 -0.300983
vn 0.101993 -0.959437 -0.262826
vn -0.874184 0.465822 -0.137156
vn 0.753727 0.472454 0.456819
vn 0.77054 0.49102 0.406408
vn -0.88644 0.453225 -0.0938727
vn 0.0954839 -0.96521 -0.243418
vn 0.101013 -0.959633 -0.262488
vn -0.8937 0.444237 -0.0628761
vn 0.788525 0.51045 0.343031
vn 0.790579 0.515276 0.330872
vn -0.893359 0.444158 -0.0680775
vn 0.0968579 -0.966345 -0.238318
vn 0.0878607 -0.97696 -0.1945
vn -0.886962 0.449462 -0.106217
vn 0.794591 0.520816 0.312051
vn 0.795045 0.524279 0.305015
vn -0.886838 0.450922 -0.100936
vn 0.0751001 -0.990124 -0.118382
vn 0.0722271 -0.993629 -0.0865189
vn -0.894006 0.444189 -0.0587277
vn 0.81194 0.538746 0.224736
vn 0.82186 0.549796 0.149237
vn -0.898929 0.438071 -0.00444722
vn 0.071539 -0.993391 -0.0897587
vn 0.0753611 -0.989265 -0.125201
vn -0.899604 0.436662 0.00622401
vn 0.826543 0.554161 0.0986486
vn 0.823654 0.55351 0.123371
vn -0.898346 0.438668 -0.0233491
vn 0.0737882 -0.992199 -0.100482
vn 0.0714682 -0.996628 -0.0403062
vn -0.896151 0.43908 -0.0642117
vn 0.823153 0.552975 0.128989
vn 0.824274 0.555501 0.109498
vn -0.896497 0.440212 -0.0500757
vn 0.0683748 -0.997599 0.0110328
vn 0.0695823 -0.997574 0.00192553
vn -0.898961 0.438012 0.0038818
vn 0.828344 0.558375 0.0454305
vn 0.828525 0.559951 -0.000979083
vn -0.898289 0.43733 0.0426618
vn 0.0697703 -0.997166 -0.0281587
vn 0.0697689 -0.996339 -0.0493976
vn -0.898785 0.437593 0.0264138
vn 0.828164 0.559679 -0.030069
vn 0.828167 0.560295 -0.0144438
vn -0.898331 0.439163 -0.0117313
vn 0.0693538 -0.993333 -0.0920807
vn 0.0712295 -0.990885 -0.114338
vn -0.896615 0.441573 -0.0330888
vn 0.8286 0.556105 0.0645628
vn 0.825297 0.550363 0.12643
vn -0.142618 -0.978511 -0.148919
vn -0.143095 -0.978348 -0.149531
vn -0.142641 -0.978511 -0.148893
vn 0.769372 0.465396 -0.437577
vn 0.776389 0.462906 -0.427712
vn 0.783187 0.46058 -0.417712
vn -0.143144 -0.978181 -0.15057
vn -0.618292 0.509916 0.598081
vn -0.625088 0.5124 0.588822
vn -0.618355 0.509838 0.598082
vn -0.63195 0.514628 0.579479
vn 0.769345 0.465458 -0.437558
vn -0.133587 -0.981676 -0.135894
vn 0.79022 0.458108 -0.40705
vn 0.790525 0.458149 -0.40641
vn -0.123527 -0.984995 -0.120523
vn -0.64997 0.520986 0.553274
vn -0.661532 0.524214 0.53626
vn -0.120488 -0.985774 -0.117187
vn 0.801351 0.4551 -0.388228
vn 0.812037 0.450686 -0.37078
vn -0.125992 -0.983403 -0.130553
vn -0.676005 0.528728 0.513287
vn -0.680851 0.528104 0.507492
vn -0.125947 -0.983634 -0.128846
vn 0.843149 0.440827 -0.307851
vn 0.861647 0.434768 -0.261804
vn -0.117076 -0.986347 -0.11581
vn -0.713904 0.541838 0.443569
vn -0.741549 0.550784 0.383069
vn -0.101264 -0.992427 -0.0695224
vn 0.874236 0.429588 -0.2262
vn 0.870317 0.431552 -0.237299
vn -0.091285 -0.995098 -0.0380431
vn -0.77114 0.561035 0.30097
vn -0.778828 0.561054 0.28044
vn -0.0902971 -0.995016 -0.0422917
vn 0.88017 0.430451 -0.20003
vn 0.891476 0.427191 -0.150926
vn -0.0950578 -0.992266 -0.0798274
vn -0.788174 0.563331 0.24787
vn -0.792361 0.56274 0.235559
vn -0.096552 -0.992548 -0.0743347
vn 0.903573 0.422359 -0.0719009
vn 0.905754 0.421673 -0.0424418
vn -0.0908977 -0.995346 -0.0320087
vn -0.806955 0.57066 0.15222
vn -0.815354 0.573469 0.07957
vn -0.0888044 -0.995978 -0.0118669
vn 0.905449 0.421157 -0.0528098
vn 0.902033 0.421547 -0.092922
vn -0.0897696 -0.995348 -0.0349687
vn -0.81902 0.573738 -0.0055814
vn -0.819914 0.572188 -0.0185062
vn -0.0912505 -0.993881 -0.0622461
vn 0.897262 0.420063 -0.135895
vn 0.895831 0.421831 -0.139806
vn -0.093416 -0.99349 -0.0651964
vn -0.817396 0.573987 0.049017
vn -0.809489 0.572699 0.129396
vn 0.988595 0.0401304 -0.145155
vn 0.988496 0.0394567 -0.14601
vn 0.988599 0.040108 -0.145129
vn -0.597253 0.672308 -0.437369
vn -0.596181 0.679212 -0.428064
vn -0.595238 0.685883 -0.418636
vn 0.988327 0.0391392 -0.147236
vn -0.389873 -0.704024 0.59359
vn -0.390932 -0.710414 0.585222
vn -0.389811 -0.704058 0.59359
vn -0.391771 -0.716822 0.576785
vn -0.597299 0.672276 -0.437355
vn 0.989894 0.0487923 -0.133152
vn -0.594298 0.692017 -0.409783
vn -0.594542 0.691464 -0.410363
vn 0.991242 0.0590587 -0.118113
vn -0.39434 -0.733794 0.553211
vn -0.39531 -0.744541 0.537948
vn 0.991356 0.0612816 -0.116007
vn -0.593722 0.700751 -0.395529
vn -0.591675 0.710901 -0.380184
vn 0.990008 0.0544706 -0.130067
vn -0.396662 -0.756704 0.519671
vn -0.395115 -0.75948 0.516793
vn 0.990002 0.0534656 -0.130527
vn -0.587779 0.742173 -0.322017
vn -0.585272 0.76148 -0.278578
vn 0.990971 0.0621217 -0.118815
vn -0.40188 -0.791995 0.459604
vn -0.405548 -0.820388 0.403106
vn 0.994047 0.0794178 -0.0745926
vn -0.582584 0.774211 -0.247374
vn -0.583869 0.769026 -0.260185
vn 0.994937 0.0905084 -0.0436952
vn -0.410081 -0.851293 0.327314
vn -0.408758 -0.858718 0.309062
vn 0.994649 0.0910698 -0.0487861
vn -0.584445 0.779572 -0.225148
vn -0.583063 0.793017 -0.176524
vn 0.992624 0.0846859 -0.0867554
vn -0.409275 -0.868581 0.279393
vn -0.407758 -0.872975 0.26767
vn 0.993182 0.0832167 -0.0816304
vn -0.580192 0.808847 -0.0956223
vn -0.579937 0.81216 -0.0637917
vn 0.995083 0.0908436 -0.0394587
vn -0.413476 -0.891988 0.182745
vn -0.415029 -0.903413 0.107684
vn 0.995285 0.0962525 0.0119627
vn -0.57932 0.812316 -0.0673188
vn -0.58052 0.80767 -0.103275
vn 0.995029 0.097578 0.0199186
vn -0.415993 -0.907329 0.0608641
vn -0.414348 -0.905787 0.0886853
vn 0.995371 0.0954761 -0.0110168
vn -0.580062 0.804556 -0.127354
vn -0.581323 0.805332 -0.116207
vn 0.994428 0.0927009 -0.0501902
vn -0.414614 -0.905895 0.0863054
vn -0.414624 -0.908284 0.0557378
vn 0.991106 0.0886646 -0.0992294
vn -0.581354 0.80564 -0.113892
vn -0.582949 0.803061 -0.123543
vn 0.990434 0.0859053 -0.107989
vn -0.413569 -0.905015 0.0995442
vn -0.409935 -0.895433 0.173644
vn -0.890074 0.44796 -0.0842609
vn 0.0767783 -0.983392 -0.164456
vn 0.0849352 -0.977482 -0.193173
vn -0.883383 0.455309 -0.111036
vn 0.809858 0.533234 0.244524
vn 0.79808 0.52208 0.300835
vn -0.86767 0.467728 -0.168463
vn 0.0988926 -0.963545 -0.248599
vn 0.111773 -0.95461 -0.276092
vn -0.856658 0.47803 -0.193969
vn 0.765775 0.493955 0.411822
vn 0.74504 0.476847 0.466404
vn -0.831567 0.496527 -0.248912
vn 0.134673 -0.934669 -0.329025
vn 0.152356 -0.922731 -0.354057
vn -0.816197 0.509748 -0.271991
vn 0.694562 0.436772 0.571677
vn 0.664617 0.413673 0.622221
vn -0.781586 0.534272 -0.32199
vn 0.1843 -0.896843 -0.402128
vn 0.206638 -0.882085 -0.423353
vn -0.762038 0.550226 -0.341394
vn 0.595872 0.361856 0.716936
vn 0.556882 0.333027 0.760904
vn -0.718229 0.580399 -0.383777
vn 0.247288 -0.850623 -0.463993
vn 0.273845 -0.833425 -0.480012
vn -0.694952 0.598719 -0.398218
vn 0.470712 0.270341 0.839849
vn 0.423369 0.236388 0.874573
vn -0.642825 0.633785 -0.430224
vn 0.322311 -0.79713 -0.510588
vn 0.352332 -0.778083 -0.520047
vn -0.616557 0.65391 -0.438474
vn 0.321725 0.164431 0.932446
vn 0.267298 0.126366 0.955292
vn -0.557615 0.692691 -0.457432
vn 0.407136 -0.738091 -0.538017
vn 0.439534 -0.71801 -0.539695
vn -0.52941 0.713855 -0.458407
vn 0.153342 0.0475889 0.987027
vn 0.0937377 0.00685388 0.995573
vn -0.497933 0.732861 -0.463656
vn 0.46759 -0.696439 -0.544365
vn 0.471044 -0.697412 -0.540124
vn -0.501237 0.733688 -0.458763
vn 0.0339569 -0.0337137 0.998855
vn 0.0339549 -0.0337033 0.998855
vn 0.818216 0.560107 -0.129629
vn 0.811436 0.558028 -0.173713
vn 0.728962 0.682027 -0.05877
vn 0.776808 0.62308 0.0913244
vn 0.901357 0.426837 -0.0732488
vn 0.763759 0.632644 0.128194
vn 0.859999 0.490407 0.141074
vn 0.887251 0.45871 0.0486859
vn -0.101519 -0.990009 -0.0978564
vn 0.888385 0.425855 -0.171523
vn 0.879514 0.431795 -0.200021
vn -0.111179 -0.98598 -0.12443
vn -0.783652 0.561793 0.265102
vn -0.768167 0.553924 0.321071
vn -0.129265 -0.974872 -0.181427
vn 0.860667 0.440691 -0.255037
vn 0.8473 0.449946 -0.28219
vn -0.143209 -0.967884 -0.20662
vn -0.728668 0.53212 0.431151
vn -0.704455 0.518038 0.48516
vn -0.170285 -0.95023 -0.260893
vn 0.819688 0.465009 -0.334481
vn 0.801838 0.477638 -0.359052
vn -0.188477 -0.940254 -0.283546
vn -0.647395 0.483621 0.589059
vn -0.614359 0.463143 0.638798
vn -0.224508 -0.915943 -0.332634
vn 0.765514 0.498947 -0.406252
vn 0.743428 0.514848 -0.426903
vn -0.246687 -0.9031 -0.351506
vn -0.539964 0.416035 0.731679
vn -0.498431 0.389275 0.774618
vn -0.291165 -0.872335 -0.392751
vn 0.698904 0.542171 -0.466459
vn 0.673111 0.561059 -0.481802
vn -0.316813 -0.856929 -0.406574
vn -0.407886 0.330031 0.851298
vn -0.358731 0.297435 0.884785
vn -0.368676 -0.820304 -0.437241
vn 0.621429 0.593805 -0.511098
vn 0.592769 0.615172 -0.519797
vn -0.396981 -0.802847 -0.444795
vn -0.254337 0.227361 0.94001
vn -0.198996 0.189796 0.961446
vn -0.454549 -0.76139 -0.462245
vn 0.535561 0.65232 -0.536333
vn 0.505205 0.675413 -0.537202
vn -0.484406 -0.742609 -0.462475
vn -0.0842204 0.111079 0.990237
vn -0.0247354 0.0698746 0.997249
vn -0.513483 -0.719935 -0.466936
vn 0.474963 0.693965 -0.54113
vn 0.474703 0.697469 -0.536838
vn -0.513 -0.723391 -0.4621
vn 0.0345641 0.0285174 0.998996
vn 0.0345743 0.0285238 0.998995
vn -0.817432 0.565703 -0.108562
vn -0.813739 0.560789 -0.152789
vn -0.898309 0.437681 -0.0384104
vn -0.858074 0.501147 0.112074
vn -0.721833 0.690131 -0.051725
vn -0.861781 0.484977 0.148763
vn -0.763151 0.62551 0.162287
vn -0.744697 0.663702 0.0701804
vn 0.986325 0.0761196 -0.146182
vn -0.586938 0.79351 -0.160764
vn -0.592516 0.783117 -0.188817
vn 0.982858 0.065335 -0.1724
vn -0.397855 -0.866137 0.30252
vn -0.390277 -0.848317 0.357829
vn 0.972523 0.0443514 -0.228543
vn -0.600445 0.761824 -0.243083
vn -0.608401 0.746444 -0.269573
vn 0.966988 0.0288524 -0.253182
vn -0.370796 -0.803234 0.466183
vn -0.358789 -0.77575 0.519117
vn 0.951976 -0.00209454 -0.306165
vn -0.620678 0.715477 -0.320704
vn -0.631015 0.695135 -0.344394
vn 0.944393 -0.0222564 -0.328066
vn -0.330388 -0.711252 0.620455
vn -0.3139 -0.674023 0.6687
vn 0.9247 -0.063098 -0.375431
vn -0.647609 0.654589 -0.390021
vn -0.660218 0.629573 -0.409573
vn 0.915198 -0.0876175 -0.393365
vn -0.276682 -0.590425 0.758186
vn -0.255859 -0.543871 0.799212
vn 0.891063 -0.137761 -0.432468
vn -0.680889 0.580036 -0.447156
vn -0.695515 0.550946 -0.461213
vn 0.879911 -0.166046 -0.44518
vn -0.210381 -0.442569 0.871707
vn -0.185656 -0.38766 0.902913
vn 0.851853 -0.224288 -0.47333
vn -0.719728 0.493614 -0.488197
vn -0.735956 0.461401 -0.495457
vn 0.839461 -0.25543 -0.479646
vn -0.133082 -0.271213 0.953275
vn -0.105174 -0.209571 0.972121
vn 0.808311 -0.319867 -0.494286
vn -0.7629 0.398114 -0.5094
vn -0.780144 0.364092 -0.508736
vn 0.795243 -0.352608 -0.49321
vn -0.0472126 -0.0819381 0.995518
vn -0.0171424 -0.0158859 0.999727
vn 0.778012 -0.38537 -0.496173
vn -0.79309 0.330936 -0.511361
vn -0.796276 0.330142 -0.506903
vn 0.781542 -0.384174 -0.49153
vn 0.0128579 0.0499056 0.998671
vn 0.0128501 0.049914 0.998671
vn -0.41322 -0.907934 -0.070039
vn -0.411146 -0.904351 -0.114494
vn -0.269531 -0.962976 -0.00541929
vn -0.33205 -0.931649 0.147559
vn -0.550048 -0.835093 -0.0081987
vn -0.313763 -0.931614 0.183434
vn -0.469005 -0.859599 0.202791
vn -0.514203 -0.850258 0.112496
vn -0.583886 0.325947 -0.743529
vn -0.481998 0.419056 -0.769461
vn -0.583893 0.325944 -0.743525
vn 0.0439129 -0.603363 -0.796257
vn 0.166917 -0.541498 -0.823965
vn 0.289027 -0.467363 -0.835485
vn -0.368231 0.505539 -0.78028
vn -0.74415 0.575396 0.339352
vn -0.647644 0.67689 0.349823
vn -0.74415 0.575396 0.339352
vn -0.536008 0.766686 0.353394
vn -0.215392 -0.199741 0.955882
vn -0.101114 -0.124314 0.987078
vn -0.215395 -0.199747 0.95588
vn 0.0175464 -0.0448212 0.998841
vn 0.271655 -0.928262 0.254033
vn 0.402313 -0.87732 0.261636
vn 0.271655 -0.928262 0.254033
vn 0.527447 -0.807505 0.264073
vn 0.043907 -0.603364 -0.796257
vn -0.208615 0.602615 -0.770282
vn 0.439208 -0.356335 -0.824695
vn 0.47459 -0.326429 -0.81744
vn -0.167295 0.62373 -0.763527
vn -0.373994 0.860015 0.347135
vn -0.331157 0.878772 0.343648
vn 0.171624 0.0601484 0.983325
vn 0.20946 0.0862363 0.974007
vn 0.674211 -0.6916 0.259094
vn 0.707439 -0.658621 0.256415
vn 0.041997 0.707611 -0.705353
vn 0.633704 -0.168271 -0.755052
vn 0.7399 -0.0298208 -0.672055
vn 0.214301 0.7482 -0.62791
vn -0.109054 0.942716 0.315269
vn 0.0801289 0.957036 0.278677
vn 0.389302 0.212135 0.89635
vn 0.522803 0.308082 0.794835
vn 0.848351 -0.474493 0.234856
vn 0.930563 -0.301827 0.207249
vn 0.372935 0.760893 -0.531
vn 0.816172 0.104788 -0.568228
vn 0.816172 0.104788 -0.568227
vn 0.372934 0.760893 -0.531
vn 0.259787 0.937004 0.233524
vn 0.259787 0.937004 0.233525
vn 0.633094 0.389742 0.6688
vn 0.633095 0.389743 0.668798
vn 0.976958 -0.124595 0.173289
vn 0.976958 -0.124594 0.173289
vn -0.107042 -0.650406 -0.752007
vn -0.230797 -0.588166 -0.775109
vn -0.107037 -0.650411 -0.752003
vn 0.535625 0.268921 -0.800492
vn 0.433473 0.362078 -0.825228
vn 0.320429 0.449766 -0.833688
vn -0.352378 -0.512699 -0.782924
vn -0.266217 -0.905792 0.329649
vn -0.395326 -0.852133 0.342909
vn -0.266216 -0.905793 0.329649
vn -0.519022 -0.780057 0.349467
vn 0.278069 -0.144299 0.949661
vn 0.167261 -0.0650373 0.983765
vn 0.278072 -0.144299 0.94966
vn 0.0507954 0.017158 0.998562
vn 0.773636 0.581713 0.251192
vn 0.679483 0.685386 0.261816
vn 0.773634 0.581715 0.251194
vn 0.569603 0.77723 0.267332
vn 0.535628 0.268915 -0.800492
vn -0.499922 -0.398526 -0.768931
vn 0.163239 0.550132 -0.818968
vn 0.122776 0.572365 -0.810756
vn -0.534306 -0.367595 -0.761177
vn -0.664172 -0.662053 0.347221
vn -0.697049 -0.628709 0.344744
vn -0.102529 0.123729 0.987005
vn -0.140554 0.149869 0.978664
vn 0.40884 0.8729 0.266261
vn 0.366129 0.892175 0.264526
vn -0.686547 -0.203049 -0.698158
vn -0.0808331 0.66343 -0.743859
vn -0.24681 0.711813 -0.657577
vn -0.784847 -0.0578543 -0.616983
vn -0.836567 -0.443752 0.321309
vn -0.918107 -0.271665 0.28858
vn -0.323574 0.273961 0.905674
vn -0.462428 0.365858 0.807656
vn 0.143498 0.958238 0.247362
vn -0.0475435 0.973682 0.222895
vn -0.851915 0.0842502 -0.516859
vn -0.398189 0.73331 -0.551091
vn -0.398188 0.73331 -0.551092
vn -0.851915 0.0842499 -0.516859
vn -0.964293 -0.0960559 0.246803
vn -0.964293 -0.0960561 0.246804
vn -0.580018 0.441567 0.684542
vn -0.580018 0.441567 0.684542
vn -0.230148 0.954146 0.191411
vn -0.230148 0.954145 0.191411
vn 0.622833 -0.00415666 -0.782344
vn 0.582951 -0.137546 -0.80078
vn 0.622836 -0.00415225 -0.782341
vn -0.398709 0.461553 -0.792465
vn -0.472941 0.343817 -0.811244
vn -0.539067 0.216695 -0.81391
vn 0.530402 -0.270855 -0.803313
vn 0.953506 -0.0919934 0.286991
vn 0.924737 -0.228339 0.304504
vn 0.953506 -0.0919935 0.286991
vn 0.876582 -0.362814 0.316181
vn 0.136322 0.319422 0.937756
vn 0.0800821 0.196905 0.977146
vn 0.136323 0.319417 0.937758
vn 0.0210698 0.0678988 0.99747
vn -0.69939 0.66153 0.270613
vn -0.783727 0.550521 0.287574
vn -0.699389 0.661532 0.270612
vn -0.853846 0.42606 0.299033
vn -0.398703 0.461557 -0.792466
vn 0.445548 -0.436194 -0.781807
vn -0.60858 0.0443673 -0.792251
vn -0.622725 0.000750314 -0.78244
vn 0.421739 -0.475406 -0.772092
vn 0.786766 -0.526832 0.321633
vn 0.75983 -0.565214 0.321234
vn -0.056475 -0.102291 0.99315
vn -0.075682 -0.144564 0.986597
vn -0.918844 0.250729 0.304731
vn -0.930146 0.20522 0.304488
vn 0.290562 -0.653392 -0.699037
vn -0.672254 -0.21446 -0.708577
vn -0.685735 -0.384579 -0.617954
vn 0.169506 -0.774469 -0.60948
vn 0.602221 -0.73618 0.308819
vn 0.446344 -0.848005 0.285769
vn -0.167974 -0.348411 0.922168
vn -0.237797 -0.503561 0.83059
vn -0.955642 -0.0259733 0.293382
vn -0.93746 -0.21715 0.272056
vn 0.0467365 -0.863874 -0.501535
vn -0.674487 -0.535081 -0.508681
vn -0.674486 -0.53508 -0.508682
vn 0.0467353 -0.863874 -0.501535
vn 0.280194 -0.925887 0.253427
vn 0.280196 -0.925885 0.253429
vn -0.29674 -0.635416 0.712876
vn -0.29674 -0.635417 0.712875
vn -0.886767 -0.393887 0.241863
vn -0.886767 -0.393887 0.241863
vn 0.010188 0.853277 -0.521358
vn -0.150572 0.839274 -0.522444
vn 0.0101778 0.85328 -0.521353
vn 0.766287 -0.265972 -0.584861
vn 0.693039 -0.409503 -0.5933
vn 0.59902 -0.54582 -0.585881
vn -0.3116 0.802134 -0.509399
vn 0.697057 0.438728 0.567124
vn 0.615792 0.376738 0.692003
vn 0.697056 0.438724 0.567128
vn 0.515629 0.30286 0.8015
vn 0.76628 -0.26598 -0.584868
vn -0.525159 0.71154 -0.466818
vn 0.437386 -0.713276 -0.54766
vn 0.380326 -0.758664 -0.528942
vn -0.587568 0.674072 -0.447651
vn 0.349239 0.183799 0.918831
vn 0.291692 0.1434 0.945702
vn -0.641173 0.636876 -0.42812
vn 0.326839 -0.79603 -0.509424
vn 0.33221 -0.792488 -0.511467
vn -0.635989 0.640697 -0.430146
vn 0.238193 0.106139 0.965401
vn 0.243547 0.10985 0.963648
vn -0.630777 0.644488 -0.432152
vn 0.337569 -0.78891 -0.513487
vn 0.337568 -0.78891 -0.513487
vn -0.630778 0.644488 -0.432151
vn 0.24889 0.11356 0.961851
vn 0.248889 0.113553 0.961852
vn -0.808404 -0.287609 -0.51358
vn -0.737891 -0.432721 -0.517947
vn -0.808402 -0.287639 -0.513567
vn -0.0344125 0.819569 -0.571946
vn 0.125679 0.802626 -0.583092
vn 0.286705 0.763461 -0.57873
vn -0.645459 -0.570014 -0.508396
vn -0.650237 0.485299 0.584531
vn -0.561363 0.429697 0.707271
vn -0.650194 0.48531 0.58457
vn -0.454884 0.360927 0.814133
vn -0.0344221 0.819573 -0.57194
vn -0.483891 -0.737681 -0.470826
vn 0.501431 0.671831 -0.54517
vn 0.564493 0.634497 -0.527978
vn -0.426306 -0.78285 -0.453221
vn -0.282455 0.24635 0.927109
vn -0.223749 0.206652 0.952487
vn -0.372117 -0.8199 -0.435078
vn 0.618802 0.597614 -0.509844
vn 0.613545 0.601396 -0.511747
vn -0.377568 -0.816396 -0.436966
vn -0.16954 0.169723 0.970799
vn -0.174952 0.173423 0.969183
vn -0.383001 -0.812856 -0.438834
vn 0.608259 0.605151 -0.513627
vn 0.608256 0.605156 -0.513625
vn -0.383 -0.812859 -0.43883
vn -0.180357 0.177114 0.967524
vn -0.180353 0.177115 0.967524
vn 0.404354 -0.754144 -0.517459
vn 0.533973 -0.658794 -0.529966
vn 0.404383 -0.754137 -0.517448
vn -0.825924 -0.193244 -0.529629
vn -0.838722 -0.0329936 -0.543559
vn -0.829129 0.132497 -0.543129
vn 0.652607 -0.542999 -0.528447
vn -0.331749 -0.714431 0.616062
vn -0.28738 -0.614456 0.734749
vn -0.33176 -0.714402 0.616088
vn -0.234008 -0.495126 0.836714
vn -0.825922 -0.193236 -0.529635
vn 0.789911 -0.35316 -0.501317
vn -0.776312 0.360857 -0.516838
vn -0.750214 0.429952 -0.502314
vn 0.824713 -0.288036 -0.486707
vn -0.147262 -0.302558 0.941686
vn -0.117668 -0.237149 0.964321
vn 0.852179 -0.2277 -0.47111
vn -0.722938 0.490372 -0.486719
vn -0.725794 0.48448 -0.488367
vn 0.849632 -0.23373 -0.472754
vn -0.0903149 -0.176807 0.980093
vn -0.0930477 -0.182825 0.978732
vn 0.847047 -0.239749 -0.474376
vn -0.728616 0.478566 -0.489993
vn -0.728617 0.478566 -0.489993
vn 0.847048 -0.239748 -0.474374
vn -0.0957758 -0.188836 0.977327
vn -0.0957779 -0.188829 0.977328
vn 0.409418 -0.0159471 -0.912207
vn 0.50725 0.0357215 -0.861058
vn 0.356454 0.163456 -0.919904
vn 0.437014 0.326822 -0.837977
vn 0.114372 0.477197 -0.871322
vn 0.30002 0.591635 -0.748302
vn 0.779166 0.177113 -0.601274
vn 0.702044 0.47596 -0.529713
vn 0.515169 0.717173 -0.469323
vn 0.938231 0.298524 -0.174945
vn 0.805015 0.578374 -0.13204
vn 0.56924 0.80891 -0.14707
vn 0.929158 0.363398 0.0678739
vn 0.739586 0.672418 0.0294323
vn 0.529974 0.847736 0.0217202
vn 0.918891 0.387274 -0.0752234
vn 0.525097 0.840744 0.131996
vn -0.145317 0.401932 -0.904065
vn -0.227748 0.474021 -0.85055
vn -0.294031 0.288432 -0.911237
vn -0.474136 0.303988 -0.826309
vn -0.499758 -0.0505483 -0.864689
vn -0.671106 0.080008 -0.737031
vn -0.453009 0.673398 -0.584225
vn -0.703431 0.493427 -0.51158
vn -0.86098 0.231756 -0.452773
vn -0.616737 0.771999 -0.153796
vn -0.829809 0.546882 -0.111072
vn -0.961062 0.244519 -0.128726
vn -0.670377 0.73662 0.0893562
vn -0.891789 0.449691 0.049895
vn -0.980715 0.191391 0.0395895
vn -0.691184 0.720681 -0.0537003
vn -0.970763 0.187654 0.149683
vn -0.411264 -0.234235 -0.880906
vn -0.464671 -0.32714 -0.822837
vn -0.273235 -0.360235 -0.891949
vn -0.251978 -0.538371 -0.804154
vn 0.0991428 -0.500628 -0.859966
vn 0.00785608 -0.68993 -0.723834
vn -0.607288 -0.578919 -0.544109
vn -0.381819 -0.79131 -0.477537
vn -0.0935146 -0.897963 -0.430021
vn -0.654275 -0.748605 -0.107305
vn -0.392611 -0.916776 -0.0733389
vn -0.0726877 -0.99186 -0.104545
vn -0.598359 -0.789875 0.1344
vn -0.278341 -0.956864 0.0832925
vn -0.00900626 -0.99809 0.0611217
vn -0.585689 -0.810486 -0.00901077
vn -0.00193886 -0.985311 0.170758
vn 0.023381 0.403328 -0.914757
vn 0.12503 0.425817 -0.896129
vn 0.0466381 0.401878 -0.914505
vn 0.223266 0.440175 -0.869711
vn -0.290798 0.951693 -0.0985802
vn -0.22421 0.972202 -0.0674769
vn -0.313417 0.94542 -0.089169
vn -0.154162 0.98736 -0.0368047
vn 0.381664 0.457005 -0.803417
vn 0.47895 0.441266 -0.758875
vn 0.0326469 0.999136 0.0257362
vn 0.104907 0.991821 0.0727016
vn 0.632561 0.406427 -0.659306
vn 0.71611 0.356955 -0.599808
vn 0.283314 0.943937 0.169461
vn 0.3448 0.90997 0.230365
vn 0.756598 0.335007 -0.561542
vn 0.749328 0.331764 -0.573098
vn 0.397003 0.878449 0.265925
vn 0.372082 0.891332 0.259002
vn 0.707176 0.360865 -0.608012
vn 0.341746 0.911028 0.230734
vn -0.398933 -0.108426 -0.910547
vn -0.455978 -0.0218314 -0.889723
vn -0.405889 -0.0861884 -0.909849
vn -0.504089 0.0643568 -0.86125
vn -0.786304 -0.610345 -0.095948
vn -0.828779 -0.555977 -0.0633598
vn -0.772219 -0.629366 -0.0870398
vn -0.8675 -0.496458 -0.0311815
vn -0.575402 0.205228 -0.791703
vn -0.594795 0.301016 -0.745391
vn -0.944305 -0.32719 0.0351296
vn -0.962583 -0.257819 0.0834439
vn -0.615642 0.45539 -0.643122
vn -0.598395 0.550186 -0.582425
vn -0.980151 -0.0755859 0.183277
vn -0.969477 -0.00695757 0.245082
vn -0.591785 0.595256 -0.543562
vn -0.586334 0.589804 -0.555287
vn -0.958156 0.0525148 0.281387
vn -0.961386 0.0247437 0.274088
vn -0.598978 0.540573 -0.590768
vn -0.969368 -0.0101941 0.245401
vn 0.135627 -0.392024 -0.909903
vn 0.0618439 -0.463258 -0.884063
vn 0.115072 -0.402847 -0.908005
vn -0.0127973 -0.525473 -0.850714
vn 0.737123 -0.665578 -0.116854
vn 0.69292 -0.716443 -0.0810625
vn 0.753686 -0.648119 -0.109085
vn 0.64296 -0.764549 -0.0454664
vn -0.135031 -0.619473 -0.773317
vn -0.223447 -0.654795 -0.722022
vn 0.493671 -0.869125 0.0301916
vn 0.4311 -0.898557 0.0821471
vn -0.366514 -0.700901 -0.611886
vn -0.459894 -0.699709 -0.546722
vn 0.259953 -0.946501 0.191209
vn 0.193518 -0.947042 0.256245
vn -0.503533 -0.700494 -0.505729
vn -0.499715 -0.6944 -0.517778
vn 0.134759 -0.945838 0.295348
vn 0.162282 -0.944174 0.286704
vn -0.45074 -0.698729 -0.555528
vn 0.196694 -0.946346 0.256399
vn 0.76132 -0.6463 -0.0518548
vn 0.817743 -0.575245 -0.0197317
vn 0.776363 -0.62926 -0.0359646
vn 0.86236 -0.506204 0.00967105
vn 0.460016 -0.121142 -0.879608
vn 0.468666 -0.07995 -0.87975
vn 0.433671 -0.130023 -0.891641
vn 0.487448 -0.034735 -0.872461
vn 0.934105 -0.352305 0.0577012
vn 0.964903 -0.236776 0.113578
vn 0.579036 0.140157 -0.803164
vn 0.602765 0.24928 -0.75798
vn 0.978085 -0.0385269 0.204609
vn 0.957205 0.0596511 0.283196
vn 0.623328 0.497736 -0.603093
vn 0.581344 0.608473 -0.540184
vn 0.941224 0.121453 0.315192
vn 0.941227 0.109589 0.319504
vn 0.546006 0.703828 -0.454427
vn 0.53761 0.687742 -0.487838
vn 0.956717 0.0709576 0.282236
vn 0.543572 0.673822 -0.500493
vn 0.330674 0.942787 -0.0425019
vn 0.244645 0.969574 -0.00865206
vn 0.309628 0.950498 -0.02617
vn 0.164675 0.986097 0.0222278
vn -0.0646621 0.486287 -0.871403
vn -0.106229 0.479643 -0.87101
vn -0.0471414 0.465051 -0.884028
vn -0.155054 0.480901 -0.862956
vn -0.00395049 0.997323 0.0730092
vn -0.121992 0.983916 0.130492
vn -0.35005 0.502822 -0.790339
vn -0.459744 0.485267 -0.743741
vn -0.310449 0.923942 0.223499
vn -0.393473 0.868137 0.302517
vn -0.696753 0.413258 -0.586305
vn -0.784201 0.333498 -0.523266
vn -0.444987 0.830627 0.334732
vn -0.433843 0.834806 0.338939
vn -0.85931 0.265093 -0.437392
vn -0.841797 0.263516 -0.471102
vn -0.403871 0.863654 0.301647
vn -0.831122 0.274254 -0.483758
vn -0.987948 0.154782 0.000842727
vn -0.997127 0.0660715 0.0370425
vn -0.990951 0.133041 0.0177968
vn -0.997458 -0.0148982 0.0696875
vn -0.507162 -0.169392 -0.845041
vn -0.493109 -0.209069 -0.844472
vn -0.490062 -0.148611 -0.858926
vn -0.485148 -0.257145 -0.835768
vn -0.975631 -0.181686 0.123024
vn -0.938424 -0.294154 0.1812
vn -0.468035 -0.451329 -0.759767
vn -0.428775 -0.555072 -0.712774
vn -0.841076 -0.466753 0.273373
vn -0.767528 -0.536704 0.3505
vn -0.307792 -0.771899 -0.556269
vn -0.210663 -0.842233 -0.496252
vn -0.719852 -0.579943 0.381418
vn -0.725772 -0.569646 0.385694
vn -0.125841 -0.901992 -0.413007
vn -0.129046 -0.885195 -0.446965
vn -0.761286 -0.546142 0.349532
vn -0.14212 -0.876893 -0.459195
vn 0.271833 -0.0872682 0.958379
vn 0.32198 -0.0318395 0.946211
vn 0.278482 -0.0763621 0.957401
vn 0.369875 0.0262911 0.92871
vn 0.70392 -0.589469 0.39626
vn 0.738432 -0.55671 0.380517
vn 0.691243 -0.606044 0.393565
vn 0.773181 -0.519351 0.363958
vn 0.439341 0.114226 0.891028
vn 0.469262 0.167116 0.867102
vn 0.860196 -0.398051 0.318776
vn 0.893679 -0.34483 0.287106
vn 0.517195 0.262013 0.814775
vn 0.533395 0.33711 0.775788
vn 0.952447 -0.211083 0.219747
vn 0.971408 -0.15005 0.183987
vn 0.53726 0.343524 0.770288
vn 0.471419 0.362039 0.804172
vn 0.992367 -0.0215084 0.121427
vn 0.994069 0.00797544 0.108461
vn 0.460328 0.17191 0.870945
vn 0.41645 0.0570484 0.907367
vn 0.982967 0.127748 0.13212
vn -0.665539 0.743484 0.0654908
vn 0.426435 -0.12766 0.895464
vn 0.37543 -0.0981032 0.921644
vn 0.943802 0.200963 0.262394
vn 0.885551 0.313819 0.342515
vn 0.758494 0.44795 0.473317
vn 0.566877 -0.648031 0.508632
vn 0.995507 -0.0321285 0.0890721
vn -0.00105427 0.27039 0.96275
vn -0.0709264 0.297581 0.952058
vn -0.0136309 0.272713 0.961999
vn -0.142595 0.321785 0.936013
vn 0.304942 0.862025 0.404874
vn 0.261776 0.882776 0.390102
vn 0.324909 0.856156 0.401785
vn 0.214217 0.902118 0.374559
vn -0.250098 0.355781 0.900484
vn -0.310527 0.365172 0.877623
vn 0.0691788 0.940678 0.332174
vn 0.00705287 0.953394 0.301647
vn -0.416938 0.376798 0.827155
vn -0.493313 0.365719 0.789235
vn -0.139703 0.961483 0.236715
vn -0.204335 0.957845 0.201942
vn -0.499341 0.367215 0.784736
vn -0.491482 0.299748 0.817677
vn -0.330787 0.932947 0.142089
vn -0.35843 0.924466 0.129967
vn -0.304755 0.354872 0.88385
vn -0.179311 0.353238 0.918189
vn -0.455953 0.875991 0.157311
vn -0.527189 -0.846577 0.0733467
vn -0.00811527 0.426103 0.904638
vn -0.0185649 0.368265 0.929536
vn -0.499236 0.816992 0.288597
vn -0.58823 0.719085 0.370003
vn -0.669371 0.549359 0.500146
vn 0.436302 0.737288 0.515798
vn -0.290916 0.950425 0.109819
vn -0.220037 -0.02939 0.975049
vn -0.234631 -0.103218 0.966589
vn -0.220083 -0.042195 0.974568
vn -0.24622 -0.178386 0.952656
vn -0.882854 0.153415 0.443883
vn -0.896139 0.106928 0.430698
vn -0.880841 0.174047 0.440258
vn -0.907283 0.0563516 0.416727
vn -0.261883 -0.290931 0.920205
vn -0.261285 -0.352498 0.898596
vn -0.920966 -0.0940332 0.378127
vn -0.923686 -0.157983 0.349063
vn -0.255912 -0.460217 0.850123
vn -0.233414 -0.533841 0.812731
vn -0.908306 -0.304679 0.28662
vn -0.894514 -0.368775 0.252685
vn -0.234661 -0.536896 0.810356
vn -0.171351 -0.514279 0.840331
vn -0.85251 -0.484531 0.196101
vn -0.840936 -0.508417 0.185305
vn -0.253926 -0.327418 0.91012
vn -0.270744 -0.196479 0.942387
vn -0.790865 -0.571515 0.218868
vn 0.84125 -0.534925 0.0784395
vn -0.368123 -0.03309 0.929188
vn -0.308618 -0.0363031 0.950493
vn -0.73116 -0.582419 0.355236
vn -0.605327 -0.664584 0.438072
vn -0.403569 -0.719018 0.565814
vn -0.748367 0.380447 0.54333
vn -0.913004 -0.373413 0.164278
vn 0.0854297 0.898315 0.430966
vn 0.109547 0.913324 0.392224
vn 0.111553 0.910299 0.398637
vn 0.133579 0.924429 0.357193
vn 0.459457 0.473193 0.751657
vn 0.458339 0.440346 0.772024
vn 0.45681 0.447901 0.768576
vn 0.447565 0.409941 0.794754
vn 0.15762 0.928633 0.335853
vn 0.189326 0.930892 0.312402
vn 0.468832 0.402963 0.786014
vn 0.46499 0.377664 0.800721
vn 0.282545 0.923786 0.258433
vn 0.32589 0.910328 0.255144
vn 0.539538 0.371034 0.755799
vn 0.546965 0.333786 0.767735
vn 0.551929 0.824969 0.121658
vn 0.569774 0.552549 0.608315
vn 0.572868 0.239844 0.783772
vn 0.934242 0.356611 -0.00452515
vn 0.809717 0.577919 -0.101822
vn 0.479437 0.781521 0.399205
vn 0.473378 0.474893 0.741883
vn 0.225083 0.213454 0.950671
vn 0.989679 0.108931 0.0931062
vn 0.184709 0.891847 0.412906
vn 0.0800507 0.234148 0.9689
vn 0.00503295 0.212783 0.977087
vn -0.0387672 0.968005 0.247919
vn -0.549376 0.54734 0.631351
vn -0.862847 -0.248043 0.44042
vn -0.886072 -0.230296 0.402294
vn -0.883865 -0.227443 0.40872
vn -0.905563 -0.211292 0.367847
vn -0.594621 0.248333 0.764694
vn -0.563246 0.258719 0.784741
vn -0.569807 0.254645 0.78133
vn -0.53066 0.259183 0.806985
vn -0.918401 -0.190027 0.347029
vn -0.932194 -0.160883 0.324239
vn -0.53187 0.281658 0.798613
vn -0.506644 0.286886 0.813024
vn -0.959729 -0.0703405 0.271979
vn -0.962646 -0.0250186 0.269606
vn -0.527717 0.359412 0.769635
vn -0.495303 0.379386 0.7815
vn -0.966232 0.214188 0.143244
vn -0.709501 0.32334 0.626147
vn -0.416208 0.434861 0.798541
vn -0.696226 0.716821 0.0379096
vn -0.838882 0.539789 -0.070035
vn -0.893344 0.158837 0.420366
vn -0.599107 0.254469 0.759155
vn -0.261161 0.11604 0.958295
vn -0.509468 0.848448 0.143453
vn -0.886509 -0.172829 0.429223
vn -0.226566 -0.0274226 0.97361
vn -0.180496 -0.086941 0.979726
vn -0.87445 -0.410308 0.258815
vn -0.283279 -0.72481 0.628016
vn 0.420317 -0.794712 0.437911
vn 0.405262 -0.821557 0.401007
vn 0.402381 -0.819752 0.407548
vn 0.388482 -0.844865 0.36781
vn -0.100491 -0.613338 0.783402
vn -0.115413 -0.583929 0.803559
vn -0.110389 -0.589722 0.800026
vn -0.120699 -0.551482 0.825409
vn 0.368894 -0.861767 0.348245
vn 0.34167 -0.881049 0.32713
vn -0.142955 -0.556871 0.818205
vn -0.151965 -0.532679 0.832562
vn 0.254442 -0.925853 0.279385
vn 0.210247 -0.936815 0.279595
vn -0.221332 -0.567256 0.793242
vn -0.24609 -0.53845 0.805922
vn -0.0294807 -0.985472 0.16726
vn -0.158767 -0.741516 0.65188
vn -0.311712 -0.468823 0.826463
vn -0.541726 -0.834008 0.10471
vn -0.380336 -0.924457 -0.0269091
vn 0.0266294 -0.896816 0.441602
vn -0.10254 -0.617603 0.779777
vn -0.0199942 -0.256755 0.96627
vn -0.67519 -0.700564 0.230931
vn 0.355875 -0.829752 0.429959
vn 0.114166 -0.197628 0.973606
vn 0.161295 -0.145246 0.97616
vn 0.580626 -0.774744 0.250288
vn 0.78792 -0.128335 0.602256
vn -0.933717 0.170251 0.31494
vn -0.933717 0.170251 0.31494
vn 0.492786 -0.799946 0.342415
vn 0.492786 -0.799946 0.342415
vn 0.492786 -0.799946 0.342415
vn 0.200411 -0.927927 0.314304
vn 0.200411 -0.927927 0.314304
vn 0.200411 -0.927927 0.314304
vn 0.638939 0.730946 0.239739
vn 0.86982 0.382519 0.311596
vn 0.86982 0.382519 0.311597
vn 0.86982 0.382519 0.311597
vn -0.854101 0.501214 0.138911
vn -0.854101 0.501214 0.138911
vn -0.747594 0.595597 0.293883
vn -0.745066 0.595048 0.301321
vn -0.747616 0.595572 0.293879
vn -0.74258 0.594354 0.308737
vn -0.916236 -0.298942 0.266729
vn -0.910392 -0.300345 0.284569
vn -0.916253 -0.298851 0.266773
vn -0.904182 -0.301861 0.302216
vn -0.734413 0.592463 0.331095
vn -0.728743 0.590966 0.345965
vn -0.897576 -0.30335 0.319901
vn -0.897479 -0.303513 0.320018
vn -0.727347 0.590717 0.349313
vn -0.732038 0.591609 0.337815
vn -0.899044 -0.303054 0.316036
vn -0.900661 -0.302569 0.311867
vn -0.728615 0.591104 0.346001
vn -0.720639 0.589087 0.36559
vn -0.892278 -0.304684 0.333177
vn -0.881557 -0.307363 0.35831
vn -0.706463 0.585776 0.397212
vn -0.700769 0.584253 0.409354
vn -0.872452 -0.309208 0.378442
vn -0.874666 -0.308768 0.373659
vn -0.696703 0.583241 0.417654
vn -0.699085 0.583022 0.413963
vn -0.872029 -0.309483 0.379192
vn -0.867132 -0.310347 0.389573
vn -0.682172 0.57991 0.44536
vn -0.662571 0.575032 0.479935
vn -0.844899 -0.316133 0.431516
vn -0.826636 -0.320088 0.462835
vn -0.628904 0.567268 0.531683
vn -0.616787 0.563414 0.549672
vn -0.802759 -0.325415 0.499683
vn -0.798414 -0.325199 0.506735
vn -0.583129 0.55573 0.592558
vn -0.563487 0.548262 0.617973
vn -0.765603 -0.334628 0.549432
vn -0.735893 -0.339054 0.586092
vn -0.486831 0.533101 0.691953
vn -0.430857 0.517411 0.739356
vn -0.658678 -0.359496 0.660989
vn -0.610244 -0.366245 0.702472
vn -0.309719 0.491257 0.814089
vn -0.249789 0.472315 0.845295
vn -0.506363 -0.393526 0.76729
vn -0.450132 -0.400658 0.798031
vn -0.18648 0.455649 0.870408
vn -0.189252 0.449873 0.87281
vn -0.392941 -0.413437 0.821382
vn -0.391409 -0.403924 0.826828
vn 0.0610348 -0.958978 0.276831
vn 0.0588197 -0.956759 0.284873
vn 0.0611369 -0.958972 0.276832
vn 0.0567938 -0.954449 0.292918
vn 0.821962 -0.461806 0.333336
vn 0.816676 -0.456433 0.353141
vn 0.82193 -0.46185 0.333356
vn 0.811154 -0.450672 0.372725
vn 0.0496269 -0.947163 0.316891
vn 0.0448474 -0.941938 0.33278
vn 0.80449 -0.44382 0.394739
vn 0.80379 -0.442804 0.397297
vn 0.043136 -0.940107 0.338139
vn 0.0471092 -0.94358 0.327777
vn 0.80331 -0.442313 0.398813
vn 0.803686 -0.442633 0.397698
vn 0.0427551 -0.939699 0.339321
vn 0.0355912 -0.931777 0.361282
vn 0.794016 -0.432492 0.427187
vn 0.783321 -0.421146 0.457214
vn 0.0209554 -0.916684 0.399062
vn 0.0150368 -0.909578 0.415261
vn 0.770484 -0.408032 0.48976
vn 0.769436 -0.406423 0.492736
vn 0.00648537 -0.900177 0.435475
vn 0.00787935 -0.897582 0.440777
vn 0.758975 -0.394576 0.517945
vn 0.749048 -0.384055 0.539842
vn -0.0183058 -0.872938 0.487488
vn -0.038338 -0.84688 0.530401
vn 0.714296 -0.346067 0.608292
vn 0.687171 -0.317774 0.653312
vn -0.09019 -0.793684 0.601607
vn -0.107151 -0.763375 0.637007
vn 0.633967 -0.259568 0.728499
vn 0.607495 -0.231224 0.759924
vn -0.178555 -0.690876 0.700577
vn -0.209267 -0.637206 0.741739
vn 0.525896 -0.136234 0.839567
vn 0.46384 -0.0708315 0.883083
vn -0.331964 -0.517869 0.788424
vn -0.402887 -0.439941 0.802579
vn 0.325107 0.0865759 0.941706
vn 0.243946 0.175803 0.953721
vn -0.479844 -0.364192 0.798194
vn -0.4795 -0.364039 0.798471
vn 0.162082 0.262906 0.95111
vn 0.162161 0.262935 0.951088
vn -0.264094 -0.912519 0.312352
vn -0.264231 -0.909635 0.32054
vn -0.264072 -0.912526 0.312349
vn -0.264219 -0.906721 0.328701
vn 0.627429 -0.738514 0.246842
vn 0.627297 -0.732366 0.264837
vn 0.627316 -0.738586 0.246911
vn 0.627135 -0.725824 0.282633
vn -0.264558 -0.897353 0.353223
vn -0.264649 -0.890749 0.369496
vn 0.626817 -0.718647 0.301076
vn 0.626901 -0.718257 0.30183
vn -0.264815 -0.887385 0.377387
vn -0.264414 -0.89099 0.369082
vn 0.626841 -0.71893 0.30035
vn 0.626493 -0.720123 0.298211
vn -0.265141 -0.882897 0.387547
vn -0.265411 -0.8707 0.41405
vn 0.626475 -0.707784 0.326451
vn 0.625691 -0.693734 0.356713
vn -0.266737 -0.842914 0.467278
vn -0.267207 -0.827402 0.493969
vn 0.624631 -0.674746 0.393135
vn 0.622958 -0.671751 0.400841
vn -0.268447 -0.796085 0.542389
vn -0.267035 -0.781021 0.564533
vn 0.623188 -0.648558 0.437046
vn 0.617724 -0.631383 0.468799
vn -0.273547 -0.705378 0.653921
vn -0.277145 -0.639546 0.717057
vn 0.618278 -0.558286 0.553217
vn 0.61424 -0.503439 0.607666
vn -0.280605 -0.568417 0.77341
vn -0.280142 -0.568526 0.773498
vn 0.61179 -0.4431 0.655268
vn 0.610877 -0.443399 0.655917
vn 0.917354 0.371841 0.142115
vn 0.917168 0.369916 0.148204
vn 0.917312 0.371942 0.142122
vn 0.916858 0.368176 0.154328
vn 0.215253 0.933783 0.285859
vn 0.21468 0.927662 0.305543
vn 0.215186 0.933803 0.285844
vn 0.213843 0.921192 0.325081
vn 0.916056 0.361178 0.174333
vn 0.915256 0.356194 0.188236
vn 0.212839 0.913464 0.346819
vn 0.212469 0.912675 0.349115
vn 0.915203 0.356104 0.188665
vn 0.915519 0.362021 0.175403
vn 0.212361 0.91215 0.350549
vn 0.211931 0.912612 0.349607
vn 0.91546 0.358981 0.181838
vn 0.914078 0.351654 0.201993
vn 0.210605 0.8997 0.382342
vn 0.20817 0.885472 0.415456
vn 0.9119 0.335421 0.236498
vn 0.909949 0.329506 0.251831
vn 0.205234 0.865313 0.457288
vn 0.202412 0.861145 0.466324
vn 0.908025 0.320345 0.269945
vn 0.903694 0.326123 0.277454
vn 0.198161 0.836991 0.510076
vn 0.1901 0.817342 0.543887
vn 0.900608 0.290924 0.322906
vn 0.888465 0.266653 0.373532
vn 0.178961 0.743662 0.644159
vn 0.160798 0.688511 0.707175
vn 0.876638 0.187858 0.442961
vn 0.866421 0.150712 0.476027
vn 0.137036 0.556519 0.819456
vn 0.117596 0.48251 0.86796
vn 0.860948 0.103247 0.498104
vn 0.859912 0.104471 0.499637
vn 0.106256 0.402986 0.909017
vn 0.104761 0.403502 0.908962
vn 0.941587 -0.0763768 0.327994
vn 0.938665 -0.0767526 0.336181
vn 0.941588 -0.0763746 0.327994
vn 0.935684 -0.0770049 0.344333
vn 0.6048 0.763605 0.226107
vn 0.598722 0.763021 0.243581
vn 0.604902 0.7635 0.226191
vn 0.59227 0.762348 0.260849
vn 0.926314 -0.0780849 0.368572
vn 0.919736 -0.0787192 0.384563
vn 0.58555 0.761487 0.277972
vn 0.585467 0.76157 0.27792
vn 0.916907 -0.0791535 0.391173
vn 0.920884 -0.078555 0.381839
vn 0.587173 0.761656 0.274059
vn 0.589037 0.76156 0.2703
vn 0.914706 -0.0795784 0.396206
vn 0.90407 -0.0808021 0.419676
vn 0.579072 0.76074 0.293172
vn 0.56684 0.759289 0.319643
vn 0.882308 -0.0835157 0.463204
vn 0.871308 -0.0850073 0.483318
vn 0.554267 0.757387 0.345185
vn 0.555117 0.756788 0.345133
vn 0.853445 -0.0871543 0.513844
vn 0.846908 -0.0876855 0.52446
vn 0.545188 0.755965 0.362336
vn 0.536749 0.752558 0.381518
vn 0.801567 -0.0947927 0.590343
vn 0.758953 -0.101652 0.643162
vn 0.494271 0.749106 0.441063
vn 0.463917 0.741267 0.485082
vn 0.665978 -0.11503 0.737049
vn 0.61581 -0.122971 0.77824
vn 0.403752 0.733635 0.546593
vn 0.381644 0.724674 0.573755
vn 0.563336 -0.129092 0.816081
vn 0.56321 -0.130572 0.815932
vn 0.355519 0.720482 0.59541
vn 0.359482 0.712688 0.60237
vn -0.5536 0.83268 0.0130862
vn -0.55259 0.833282 0.0168973
vn -0.553668 0.832635 0.0130934
vn -0.551746 0.833754 0.0207514
vn -0.970264 0.0541412 0.235915
vn -0.965346 0.0571229 0.254644
vn -0.970277 0.0539761 0.235901
vn -0.960063 0.059966 0.273284
vn -0.547315 0.83617 0.0355913
vn -0.543867 0.837876 0.0466137
vn -0.954073 0.0630655 0.292861
vn -0.95376 0.0630065 0.293893
vn -0.546052 0.836791 0.0401055
vn -0.552256 0.833364 0.0227455
vn -0.954353 0.0626629 0.292034
vn -0.955302 0.0614873 0.289166
vn -0.553107 0.83289 0.0191615
vn -0.548769 0.835312 0.0332738
vn -0.946245 0.0670579 0.316423
vn -0.935312 0.0723763 0.346342
vn -0.541489 0.839085 0.0522048
vn -0.539703 0.839896 0.0574004
vn -0.922127 0.078944 0.378748
vn -0.920975 0.077432 0.38185
vn -0.544365 0.837358 0.0499841
vn -0.554496 0.831237 0.0397335
vn -0.908632 0.0839013 0.409083
vn -0.896841 0.0846395 0.43418
vn -0.550082 0.833768 0.0473371
vn -0.542497 0.83702 0.0713785
vn -0.852639 0.109538 0.510889
vn -0.816883 0.117603 0.564687
vn -0.527123 0.844322 0.0962406
vn -0.531092 0.840036 0.110819
vn -0.738986 0.156077 0.655393
vn -0.694884 0.157552 0.701651
vn -0.529027 0.840416 0.117608
vn -0.535453 0.834673 0.12888
vn -0.649641 0.174998 0.739826
vn -0.646359 0.152964 0.747544
vn 0.00384224 0.265815 0.964016
vn 0.0391972 0.262017 0.964267
vn 0.0163537 0.26613 0.963798
vn -0.0246124 -0.0425455 0.998791
vn -0.106131 -0.337813 0.935211
vn -0.091671 -0.337818 0.936737
vn -0.112024 -0.337375 0.934681
vn -0.0222806 0.261364 0.964983
vn -0.0329346 0.277479 0.960167
vn -0.12313 -0.341629 0.931734
vn -0.0745955 -0.340891 0.937139
vn -0.105759 0.312912 0.943875
vn 0.0104359 0.346967 0.937819
vn -0.0444551 -0.326394 0.944188
vn 0.0474343 -0.300355 0.952647
vn -0.00700677 0.389121 0.92116
vn 0.129541 0.425866 0.895465
vn 0.0468599 -0.267779 0.96234
vn 0.228067 -0.237294 0.944287
vn 0.210863 0.445414 0.87014
vn 0.310259 0.121474 0.942859
vn 0.296394 -0.187189 0.936542
vn 0.416735 0.393852 0.819276
vn 0.322053 0.0826477 0.943107
vn 0.143365 -0.234549 0.961475
vn 0.470756 0.311405 0.825479
vn 0.351503 -0.0236564 0.935888
vn 0.167798 -0.359083 0.918098
vn 0.519183 0.190727 0.83311
vn 0.448005 -0.191046 0.87338
vn 0.0709326 -0.437944 0.896199
vn 0.557123 0.155956 0.815654
vn 0.653827 -0.427282 0.624452
vn -0.414852 -0.240415 0.877552
vn -0.38605 -0.268829 0.882438
vn -0.412696 -0.241824 0.878182
vn -0.391616 -0.278853 0.876857
vn 0.0151593 0.184115 0.982788
vn 0.0111188 0.189609 0.981797
vn 0.0175577 0.182594 0.983032
vn -0.0390101 0.220792 0.97454
vn -0.34498 -0.335225 0.876706
vn -0.389861 -0.332794 0.858636
vn -0.0458824 0.209904 0.976645
vn -0.0975853 0.215929 0.97152
vn -0.426945 -0.3214 0.845234
vn -0.288081 -0.0623307 0.955575
vn -0.0453276 0.126936 0.990875
vn -0.538766 -0.195093 0.819554
vn -0.298177 -0.0136782 0.954412
vn -0.025409 0.161866 0.986486
vn -0.540174 -0.142029 0.829482
vn -0.583639 -0.139537 0.799935
vn -0.100667 0.267668 0.958238
vn -0.204691 0.365642 0.907969
vn -0.604495 -0.149717 0.782414
vn -0.572836 0.322524 0.75355
vn -0.273851 0.335851 0.901227
vn -0.858666 0.458526 0.229013
vn -0.77962 0.334533 0.529415
vn -0.487909 0.34843 0.800338
vn -0.169471 0.468605 0.867
vn -0.73742 0.363534 0.569258
vn -0.742369 0.369935 0.558602
vn -0.216018 0.627098 0.748388
vn -0.220732 0.637095 0.738503
vn -0.743134 0.374222 0.554716
vn -0.223248 0.65539 0.721543
vn -0.129835 -0.514904 0.847359
vn -0.135062 -0.484133 0.864508
vn -0.133315 -0.504362 0.853139
vn 0.177568 -0.467355 0.866054
vn 0.472918 -0.423066 0.772893
vn 0.469482 -0.411593 0.781139
vn 0.473905 -0.427885 0.769629
vn -0.118807 -0.537557 0.834816
vn -0.132238 -0.549155 0.825192
vn 0.480414 -0.435053 0.761532
vn 0.468349 -0.397497 0.789079
vn -0.150251 -0.618701 0.771125
vn -0.213331 -0.527517 0.822324
vn 0.447868 -0.381552 0.808599
vn 0.401708 -0.318098 0.858746
vn -0.252849 -0.548376 0.79709
vn -0.325801 -0.426325 0.843861
vn 0.37178 -0.336114 0.865337
vn 0.298304 -0.189332 0.935504
vn -0.366575 -0.350034 0.862032
vn -0.0668946 -0.214663 0.974395
vn 0.232627 -0.144047 0.961839
vn -0.370417 -0.131115 0.919565
vn -0.0337422 -0.187404 0.981703
vn 0.312915 -0.263872 0.91239
vn -0.303411 -0.0564 0.951189
vn 0.0598169 -0.122635 0.990648
vn 0.420802 -0.184587 0.888174
vn -0.198788 0.02262 0.979782
vn 0.190525 0.0400066 0.980867
vn 0.514044 -0.234606 0.825057
vn -0.178537 0.0805433 0.980631
vn 0.34268 0.393762 0.852949
vn 0.766852 0.115497 0.631347
vn 0.770215 0.153906 0.618936
vn 0.766722 0.118125 0.631018
vn 0.778256 0.152551 0.609136
vn 0.254158 0.27748 0.926503
vn 0.252539 0.271189 0.928806
vn 0.253802 0.280213 0.925778
vn 0.259634 0.213006 0.941923
vn 0.78751 0.216169 0.577148
vn 0.806456 0.174171 0.56506
vn 0.272076 0.214022 0.938173
vn 0.298435 0.167182 0.939674
vn 0.816905 0.139412 0.559669
vn 0.599238 0.158779 0.784668
vn 0.332309 0.267286 0.904505
vn 0.795252 -0.00694859 0.606239
vn 0.574794 0.137298 0.806698
vn 0.294838 0.270616 0.916426
vn 0.765047 -0.0253201 0.643476
vn 0.781626 -0.0659633 0.62025
vn 0.263924 0.142204 0.954003
vn 0.25181 -0.0119043 0.967704
vn 0.795156 -0.0819511 0.600842
vn 0.4705 -0.318536 0.8229
vn 0.307483 -0.0541731 0.95001
vn 0.405571 -0.78985 0.460054
vn 0.523337 -0.559291 0.642894
vn 0.407786 -0.261524 0.874823
vn 0.134899 -0.0775404 0.987821
vn 0.482048 -0.543469 0.68722
vn 0.476896 -0.555046 0.681538
vn 0.0165936 -0.261995 0.964927
vn 0.00752643 -0.277454 0.96071
vn 0.468842 -0.565544 0.678489
vn -0.0165601 -0.306801 0.951629
vn 0.393472 0.00471652 0.919325
vn 0.361274 -0.00319649 0.932454
vn 0.382671 0.00032988 0.923885
vn 0.307291 0.303676 0.901861
vn 0.242606 0.582567 0.775731
vn 0.230518 0.578292 0.782586
vn 0.247624 0.583892 0.773145
vn 0.416916 0.0176802 0.908773
vn 0.431197 0.0051342 0.902243
vn 0.255105 0.590642 0.765548
vn 0.21586 0.576085 0.788372
vn 0.510846 -0.00794397 0.859635
vn 0.41945 -0.0785951 0.90437
vn 0.199748 0.555253 0.807338
vn 0.135713 0.505696 0.85197
vn 0.447582 -0.117489 0.886491
vn 0.325394 -0.202109 0.923726
vn 0.155166 0.47892 0.864037
vn 0.0111459 0.395102 0.91857
vn 0.248739 -0.250295 0.935672
vn 0.065425 0.0394716 0.997077
vn -0.034152 0.32523 0.945018
vn 0.0165908 -0.276201 0.960957
vn 0.0288113 0.0673726 0.997312
vn 0.0807349 0.410336 0.908354
vn -0.0732347 -0.215472 0.97376
vn -0.0432682 0.153985 0.987125
vn 0.00370079 0.506067 0.862486
vn -0.164262 -0.115522 0.979629
vn -0.20771 0.269754 0.94026
vn 0.0557106 0.59511 0.801711
vn -0.222254 -0.0985543 0.969995
vn -0.539619 0.387144 0.747617
vn -0.528827 0.799838 0.283903
vn -0.562564 0.779915 0.274327
vn -0.531043 0.798383 0.283863
vn -0.563865 0.783183 0.262071
vn -0.472599 0.429452 0.769559
vn -0.466594 0.431982 0.771804
vn -0.474756 0.427615 0.769254
vn -0.419689 0.47022 0.776372
vn -0.620113 0.74868 0.234387
vn -0.591306 0.778045 0.212138
vn -0.426243 0.47794 0.768043
vn -0.396143 0.5226 0.754957
vn -0.570888 0.796742 0.198215
vn -0.516123 0.701524 0.491408
vn -0.503699 0.482258 0.716739
vn -0.457753 0.8584 0.231541
vn -0.506178 0.692259 0.514355
vn -0.503762 0.447037 0.739176
vn -0.455304 0.847798 0.271913
vn -0.435673 0.868539 0.236281
vn -0.389125 0.501834 0.772492
vn -0.25493 0.583309 0.771208
vn -0.201594 0.957685 0.205427
vn -0.12618 0.849761 0.511844
vn -0.274725 0.625781 0.730017
vn 0.0236288 0.954251 0.298072
vn -0.183542 0.787203 0.588747
vn -0.193658 0.529623 0.82583
vn -0.00123252 0.935673 0.352866
vn 0.00586142 0.937234 0.348653
vn 0.0242816 0.556165 0.830717
vn 0.0397457 0.557999 0.828889
vn 0.00216708 0.937149 0.348921
vn 0.0737217 0.557889 0.826634
# 2699 normals
usemtl Stalk2
f  1/1/1 4/2/2 2/3/3
f  2/3/3 4/2/2 5/4/4
f  2/3/5 5/4/6 3/5/7
f  3/5/7 5/4/6 6/6/8
f  4/2/2 7/7/9 5/4/4
f  5/4/4 7/7/9 8/8/10
f  5/4/6 8/8/11 6/6/8
f  6/6/8 8/8/11 9/9/12
f  7/7/9 10/10/13 8/8/10
f  8/8/10 10/10/13 11/11/14
f  8/8/11 11/11/15 9/9/12
f  9/9/12 11/11/15 12/12/16
f  10/10/13 13/13/17 11/11/14
f  11/11/14 13/13/17 14/14/18
f  11/11/15 14/14/19 12/12/16
f  12/12/16 14/14/19 15/15/20
f  13/13/17 16/16/21 14/14/18
f  14/14/18 16/16/21 17/17/22
f  14/14/19 17/17/23 15/15/20
f  15/15/20 17/17/23 18/18/24
f  19/1/25 22/2/26 20/3/27
f  20/3/27 22/2/26 23/4/28
f  20/3/29 23/4/30 21/5/31
f  21/5/31 23/4/30 24/6/32
f  22/2/26 25/7/33 23/4/28
f  23/4/28 25/7/33 26/8/34
f  23/4/30 26/8/35 24/6/32
f  24/6/32 26/8/35 27/9/36
f  25/7/33 28/10/37 26/8/34
f  26/8/34 28/10/37 29/11/38
f  26/8/35 29/11/39 27/9/36
f  27/9/36 29/11/39 30/12/40
f  28/10/37 31/13/41 29/11/38
f  29/11/38 31/13/41 32/14/42
f  29/11/39 32/14/43 30/12/40
f  30/12/40 32/14/43 33/15/44
f  31/13/41 34/16/45 32/14/42
f  32/14/42 34/16/45 35/17/46
f  32/14/43 35/17/47 33/15/44
f  33/15/44 35/17/47 36/18/48
f  34/16/45 37/19/49 35/17/46
f  35/17/46 37/19/49 38/20/50
f  35/17/47 38/20/51 36/18/48
f  36/18/48 38/20/51 39/21/52
f  37/19/49 40/22/53 38/20/50
f  38/20/50 40/22/53 41/23/54
f  38/20/51 41/23/55 39/21/52
f  39/21/52 41/23/55 42/24/56
f  43/1/57 46/2/58 44/3/59
f  44/3/59 46/2/58 47/4/60
f  44/3/61 47/4/62 45/5/63
f  45/5/63 47/4/62 48/6/64
f  46/2/58 49/7/65 47/4/60
f  47/4/60 49/7/65 50/8/66
f  47/4/62 50/8/67 48/6/64
f  48/6/64 50/8/67 51/9/68
f  49/7/65 52/10/69 50/8/66
f  50/8/66 52/10/69 53/11/70
f  50/8/67 53/11/71 51/9/68
f  51/9/68 53/11/71 54/12/72
f  52/10/69 55/13/73 53/11/70
f  53/11/70 55/13/73 56/14/74
f  53/11/71 56/14/75 54/12/72
f  54/12/72 56/14/75 57/15/76
f  55/13/73 58/16/77 56/14/74
f  56/14/74 58/16/77 59/17/78
f  56/14/75 59/17/79 57/15/76
f  57/15/76 59/17/79 60/18/80
f  58/16/77 61/19/81 59/17/78
f  59/17/78 61/19/81 62/20/82
f  59/17/79 62/20/83 60/18/80
f  60/18/80 62/20/83 63/21/84
f  61/19/81 64/22/85 62/20/82
f  62/20/82 64/22/85 65/23/86
f  62/20/83 65/23/87 63/21/84
f  63/21/84 65/23/87 66/24/88
f  67/1/89 70/2/90 68/3/91
f  68/3/91 70/2/90 71/4/92
f  68/3/93 71/4/94 69/5/95
f  69/5/95 71/4/94 72/6/96
f  70/2/90 73/7/97 71/4/92
f  71/4/92 73/7/97 74/8/98
f  71/4/94 74/8/99 72/6/96
f  72/6/96 74/8/99 75/9/100
f  73/7/97 76/10/101 74/8/98
f  74/8/98 76/10/101 77/11/102
f  74/8/99 77/11/103 75/9/100
f  75/9/100 77/11/103 78/12/104
f  76/10/101 79/13/105 77/11/102
f  77/11/102 79/13/105 80/14/106
f  77/11/103 80/14/107 78/12/104
f  78/12/104 80/14/107 81/15/108
f  79/13/105 82/16/109 80/14/106
f  80/14/106 82/16/109 83/17/110
f  80/14/107 83/17/111 81/15/108
f  81/15/108 83/17/111 84/18/112
f  82/16/109 85/19/113 83/17/110
f  83/17/110 85/19/113 86/20/114
f  83/17/111 86/20/115 84/18/112
f  84/18/112 86/20/115 87/21/116
f  85/19/113 88/22/117 86/20/114
f  86/20/114 88/22/117 89/23/118
f  86/20/115 89/23/119 87/21/116
f  87/21/116 89/23/119 90/24/120
usemtl Leaf3
f  91/1/121 94/25/122 92/3/123
f  92/3/123 94/25/122 95/26/124
f  92/3/125 95/26/126 93/5/127
f  93/5/127 95/26/126 96/27/128
f  94/25/122 97/28/129 95/26/124
f  95/26/124 97/28/129 98/29/130
f  95/26/126 98/29/131 96/27/128
f  96/27/128 98/29/131 99/30/132
f  97/28/129 100/31/133 98/29/130
f  98/29/130 100/31/133 101/32/134
f  98/29/131 101/32/135 99/30/132
f  99/30/132 101/32/135 102/33/136
f  100/31/133 103/34/137 101/32/134
f  101/32/134 103/34/137 104/35/138
f  101/32/135 104/35/138 102/33/136
f  102/33/136 104/35/138 105/36/139
f  103/34/137 106/37/140 104/35/138
f  104/35/138 106/37/140 107/38/141
f  104/35/138 107/38/141 105/36/139
f  105/36/139 107/38/141 108/39/142
f  106/37/140 109/40/143 107/38/141
f  107/38/141 109/40/143 110/41/144
f  107/38/141 110/41/144 108/39/142
f  108/39/142 110/41/144 111/42/145
f  109/40/143 112/43/146 110/41/144
f  110/41/144 112/43/146 113/44/147
f  110/41/144 113/44/148 111/42/145
f  111/42/145 113/44/148 114/45/149
f  112/43/146 115/46/150 113/44/147
f  113/44/147 115/46/150 116/47/151
f  113/44/148 116/47/152 114/45/149
f  114/45/149 116/47/152 117/48/153
f  115/46/150 118/14/154 116/47/151
f  116/47/152 118/14/155 117/48/153
f  119/1/156 122/25/157 120/3/158
f  120/3/158 122/25/157 123/26/159
f  120/3/160 123/26/161 121/5/162
f  121/5/162 123/26/161 124/27/163
f  122/25/157 125/28/164 123/26/159
f  123/26/159 125/28/164 126/29/165
f  123/26/161 126/29/166 124/27/163
f  124/27/163 126/29/166 127/30/167
f  125/28/164 128/31/168 126/29/165
f  126/29/165 128/31/168 129/32/169
f  126/29/166 129/32/170 127/30/167
f  127/30/167 129/32/170 130/33/171
f  128/31/168 131/34/172 129/32/169
f  129/32/169 131/34/172 132/35/173
f  129/32/170 132/35/174 130/33/171
f  130/33/171 132/35/174 133/36/175
f  131/34/172 134/37/176 132/35/173
f  132/35/173 134/37/176 135/38/177
f  132/35/174 135/38/178 133/36/175
f  133/36/175 135/38/178 136/39/179
f  134/37/176 137/40/180 135/38/177
f  135/38/177 137/40/180 138/41/181
f  135/38/178 138/41/182 136/39/179
f  136/39/179 138/41/182 139/42/183
f  137/40/180 140/43/184 138/41/181
f  138/41/181 140/43/184 141/44/185
f  138/41/182 141/44/186 139/42/183
f  139/42/183 141/44/186 142/45/187
f  140/43/184 143/46/188 141/44/185
f  141/44/185 143/46/189 144/47/189
f  141/44/186 144/47/190 142/45/187
f  142/45/187 144/47/190 145/48/191
f  143/46/189 146/14/192 144/47/189
f  144/47/190 146/14/193 145/48/191
f  147/1/194 150/25/195 148/3/196
f  148/3/196 150/25/195 151/26/197
f  148/3/198 151/26/199 149/5/200
f  149/5/200 151/26/199 152/27/201
f  150/25/195 153/28/202 151/26/197
f  151/26/197 153/28/202 154/29/203
f  151/26/199 154/29/204 152/27/201
f  152/27/201 154/29/204 155/30/205
f  153/28/202 156/31/206 154/29/203
f  154/29/203 156/31/206 157/32/207
f  154/29/204 157/32/208 155/30/205
f  155/30/205 157/32/208 158/33/209
f  156/31/206 159/34/210 157/32/207
f  157/32/207 159/34/210 160/35/211
f  157/32/208 160/35/212 158/33/209
f  158/33/209 160/35/212 161/36/213
f  159/34/210 162/37/214 160/35/211
f  160/35/211 162/37/214 163/38/215
f  160/35/212 163/38/216 161/36/213
f  161/36/213 163/38/216 164/39/217
f  162/37/214 165/40/218 163/38/215
f  163/38/215 165/40/218 166/41/219
f  163/38/216 166/41/219 164/39/217
f  164/39/217 166/41/219 167/42/220
f  165/40/218 168/43/221 166/41/219
f  166/41/219 168/43/221 169/44/222
f  166/41/219 169/44/222 167/42/220
f  167/42/220 169/44/222 170/45/223
f  168/43/221 171/46/224 169/44/222
f  169/44/222 171/46/224 172/47/225
f  169/44/222 172/47/225 170/45/223
f  170/45/223 172/47/225 173/48/226
f  171/46/224 174/14/227 172/47/225
f  172/47/225 174/14/228 173/48/228
f  175/1/229 178/25/230 176/3/231
f  176/3/231 178/25/230 179/26/232
f  176/3/233 179/26/234 177/5/235
f  177/5/235 179/26/234 180/27/236
f  178/25/230 181/28/237 179/26/232
f  179/26/232 181/28/237 182/29/238
f  179/26/234 182/29/239 180/27/236
f  180/27/236 182/29/239 183/30/240
f  181/28/237 184/31/241 182/29/238
f  182/29/238 184/31/241 185/32/242
f  182/29/239 185/32/243 183/30/240
f  183/30/240 185/32/243 186/33/244
f  184/31/241 187/34/245 185/32/242
f  185/32/242 187/34/245 188/35/246
f  185/32/243 188/35/247 186/33/244
f  186/33/244 188/35/247 189/36/248
f  187/34/245 190/37/249 188/35/246
f  188/35/246 190/37/249 191/38/250
f  188/35/247 191/38/251 189/36/248
f  189/36/248 191/38/251 192/39/252
f  190/37/249 193/40/253 191/38/250
f  191/38/250 193/40/253 194/41/254
f  191/38/251 194/41/255 192/39/252
f  192/39/252 194/41/255 195/42/256
f  193/40/257 196/43/258 194/41/257
f  194/41/254 196/43/258 197/44/259
f  194/41/255 197/44/259 195/42/256
f  195/42/256 197/44/259 198/45/260
f  196/43/258 199/46/261 197/44/259
f  197/44/259 199/46/261 200/47/262
f  197/44/259 200/47/263 198/45/260
f  198/45/260 200/47/263 201/48/264
f  199/46/261 202/14/265 200/47/262
f  200/47/263 202/14/266 201/48/264
usemtl Stalk2
f  203/1/267 206/49/268 204/50/269
f  203/5/270 208/51/271 206/52/272
f  204/50/269 206/49/268 207/53/273
f  204/50/274 207/53/275 205/54/276
f  205/54/276 207/53/275 208/51/277
f  205/54/278 208/51/271 203/5/270
f  206/49/268 209/55/279 207/53/273
f  206/52/272 211/56/280 209/57/281
f  207/53/273 209/55/279 210/58/282
f  207/53/275 210/58/283 208/51/277
f  208/51/277 210/58/283 211/56/284
f  208/51/271 211/56/280 206/52/272
f  209/55/279 212/59/285 210/58/282
f  209/57/281 214/60/286 212/61/287
f  210/58/282 212/59/285 213/62/288
f  210/58/283 213/62/289 211/56/284
f  211/56/284 213/62/289 214/60/290
f  211/56/280 214/60/286 209/57/281
f  212/59/285 215/63/291 213/62/288
f  212/61/287 217/64/292 215/65/293
f  213/62/288 215/63/291 216/66/294
f  213/62/289 216/66/295 214/60/290
f  214/60/290 216/66/295 217/64/296
f  214/60/286 217/64/292 212/61/287
f  215/63/291 218/13/297 216/66/294
f  215/65/293 220/67/298 218/15/299
f  216/66/294 218/13/297 219/68/300
f  216/66/295 219/68/301 217/64/296
f  217/64/296 219/68/301 220/67/302
f  217/64/292 220/67/298 215/65/293
f  218/13/297 221/69/303 219/68/300
f  218/15/299 223/70/304 221/71/305
f  219/68/300 221/69/303 222/72/306
f  219/68/301 222/72/307 220/67/302
f  220/67/302 222/72/307 223/70/308
f  220/67/298 223/70/304 218/15/299
f  221/69/303 224/73/309 222/72/306
f  221/71/305 226/74/310 224/75/311
f  222/72/306 224/73/309 225/76/312
f  222/72/307 225/76/313 223/70/308
f  223/70/308 225/76/313 226/74/314
f  223/70/304 226/74/310 221/71/305
f  224/73/309 227/77/315 225/76/312
f  224/75/311 229/78/316 227/79/317
f  225/76/312 227/77/315 228/80/318
f  225/76/313 228/80/319 226/74/314
f  226/74/314 228/80/319 229/78/320
f  226/74/310 229/78/316 224/75/311
f  227/77/315 230/81/321 228/80/318
f  227/79/317 232/82/322 230/83/323
f  228/80/318 230/81/321 231/84/324
f  228/80/319 231/84/325 229/78/320
f  229/78/320 231/84/325 232/82/326
f  229/78/316 232/82/322 227/79/317
f  230/81/321 233/85/327 231/84/324
f  230/83/323 235/86/328 233/87/329
f  231/84/324 233/85/327 234/88/330
f  231/84/325 234/88/331 232/82/326
f  232/82/326 234/88/331 235/86/332
f  232/82/322 235/86/328 230/83/323
f  233/85/327 236/89/333 234/88/330
f  233/87/329 238/90/334 236/91/335
f  234/88/330 236/89/333 237/92/336
f  234/88/331 237/92/337 235/86/332
f  235/86/332 237/92/337 238/90/338
f  235/86/328 238/90/334 233/87/329
f  236/89/333 239/93/339 237/92/336
f  236/91/335 241/94/340 239/95/341
f  237/92/336 239/93/339 240/96/342
f  237/92/337 240/96/343 238/90/338
f  238/90/338 240/96/343 241/94/344
f  238/90/334 241/94/340 236/91/335
f  239/93/339 242/97/345 240/96/342
f  239/95/341 244/98/346 242/99/347
f  240/96/342 242/97/345 243/100/348
f  240/96/343 243/100/349 241/94/344
f  241/94/344 243/100/349 244/98/350
f  241/94/340 244/98/346 239/95/341
f  242/97/345 245/101/351 243/100/348
f  242/99/347 247/102/352 245/103/353
f  243/100/348 245/101/351 246/104/354
f  243/100/349 246/104/355 244/98/350
f  244/98/350 246/104/355 247/102/356
f  244/98/346 247/102/352 242/99/347
f  245/101/351 248/105/357 246/104/354
f  245/103/353 250/106/358 248/107/359
f  246/104/354 248/105/357 249/108/360
f  246/104/355 249/108/361 247/102/356
f  247/102/356 249/108/361 250/106/362
f  247/102/352 250/106/358 245/103/353
f  248/105/357 251/109/363 249/108/360
f  248/107/359 253/110/364 251/111/365
f  249/108/360 251/109/363 252/112/366
f  249/108/361 252/112/367 250/106/362
f  250/106/362 252/112/367 253/110/368
f  250/106/358 253/110/364 248/107/359
f  254/1/369 257/49/370 255/50/371
f  254/5/372 259/51/373 257/52/374
f  255/50/371 257/49/370 258/53/375
f  255/50/376 258/53/377 256/54/378
f  256/54/378 258/53/377 259/51/379
f  256/54/380 259/51/373 254/5/372
f  257/49/370 260/55/381 258/53/375
f  257/52/374 262/56/382 260/57/383
f  258/53/375 260/55/381 261/58/384
f  258/53/377 261/58/385 259/51/379
f  259/51/379 261/58/385 262/56/386
f  259/51/373 262/56/382 257/52/374
f  260/55/381 263/59/387 261/58/384
f  260/57/383 265/60/388 263/61/389
f  261/58/384 263/59/387 264/62/390
f  261/58/385 264/62/391 262/56/386
f  262/56/386 264/62/391 265/60/392
f  262/56/382 265/60/388 260/57/383
f  263/59/387 266/63/393 264/62/390
f  263/61/389 268/64/394 266/65/395
f  264/62/390 266/63/393 267/66/396
f  264/62/391 267/66/397 265/60/392
f  265/60/392 267/66/397 268/64/398
f  265/60/388 268/64/394 263/61/389
f  266/63/393 269/13/399 267/66/396
f  266/65/395 271/67/400 269/15/401
f  267/66/396 269/13/399 270/68/402
f  267/66/397 270/68/403 268/64/398
f  268/64/398 270/68/403 271/67/404
f  268/64/394 271/67/400 266/65/395
f  269/13/399 272/69/405 270/68/402
f  269/15/401 274/70/406 272/71/407
f  270/68/402 272/69/405 273/72/408
f  270/68/403 273/72/409 271/67/404
f  271/67/404 273/72/409 274/70/410
f  271/67/400 274/70/406 269/15/401
f  272/69/405 275/73/411 273/72/408
f  272/71/407 277/74/412 275/75/413
f  273/72/408 275/73/411 276/76/414
f  273/72/409 276/76/415 274/70/410
f  274/70/410 276/76/415 277/74/416
f  274/70/406 277/74/412 272/71/407
f  275/73/411 278/77/417 276/76/414
f  275/75/413 280/78/418 278/79/419
f  276/76/414 278/77/417 279/80/420
f  276/76/415 279/80/421 277/74/416
f  277/74/416 279/80/421 280/78/422
f  277/74/412 280/78/418 275/75/413
f  278/77/417 281/81/423 279/80/420
f  278/79/419 283/82/424 281/83/425
f  279/80/420 281/81/423 282/84/426
f  279/80/421 282/84/427 280/78/422
f  280/78/422 282/84/427 283/82/428
f  280/78/418 283/82/424 278/79/419
f  281/81/423 284/85/429 282/84/426
f  281/83/425 286/86/430 284/87/431
f  282/84/426 284/85/429 285/88/432
f  282/84/427 285/88/433 283/82/428
f  283/82/428 285/88/433 286/86/434
f  283/82/424 286/86/430 281/83/425
f  284/85/429 287/89/435 285/88/432
f  284/87/431 289/90/436 287/91/437
f  285/88/432 287/89/435 288/92/438
f  285/88/433 288/92/439 286/86/434
f  286/86/434 288/92/439 289/90/440
f  286/86/430 289/90/436 284/87/431
f  287/89/435 290/93/441 288/92/438
f  287/91/437 292/94/442 290/95/443
f  288/92/438 290/93/441 291/96/444
f  288/92/439 291/96/445 289/90/440
f  289/90/440 291/96/445 292/94/446
f  289/90/436 292/94/442 287/91/437
f  290/93/441 293/97/447 291/96/444
f  290/95/443 295/98/448 293/99/449
f  291/96/444 293/97/447 294/100/450
f  291/96/445 294/100/451 292/94/446
f  292/94/446 294/100/451 295/98/452
f  292/94/442 295/98/448 290/95/443
f  296/1/453 299/49/454 297/50/455
f  296/5/456 301/51/457 299/52/458
f  297/50/455 299/49/454 300/53/459
f  297/50/460 300/53/461 298/54/460
f  298/54/460 300/53/461 301/51/462
f  298/54/463 301/51/457 296/5/456
f  299/49/454 302/55/464 300/53/459
f  299/52/458 304/56/465 302/57/466
f  300/53/459 302/55/464 303/58/467
f  300/53/461 303/58/468 301/51/462
f  301/51/462 303/58/468 304/56/469
f  301/51/457 304/56/465 299/52/458
f  302/55/464 305/59/470 303/58/467
f  302/57/466 307/60/471 305/61/472
f  303/58/467 305/59/470 306/62/473
f  303/58/468 306/62/474 304/56/469
f  304/56/469 306/62/474 307/60/475
f  304/56/465 307/60/471 302/57/466
f  305/59/470 308/63/476 306/62/473
f  305/61/472 310/64/477 308/65/478
f  306/62/473 308/63/476 309/66/479
f  306/62/474 309/66/480 307/60/475
f  307/60/475 309/66/480 310/64/481
f  307/60/471 310/64/477 305/61/472
f  308/63/476 311/13/482 309/66/479
f  308/65/478 313/67/483 311/15/484
f  309/66/479 311/13/482 312/68/485
f  309/66/480 312/68/486 310/64/481
f  310/64/481 312/68/486 313/67/487
f  310/64/477 313/67/483 308/65/478
f  311/13/482 314/69/488 312/68/485
f  311/15/484 316/70/489 314/71/490
f  312/68/485 314/69/488 315/72/491
f  312/68/486 315/72/492 313/67/487
f  313/67/487 315/72/492 316/70/493
f  313/67/483 316/70/489 311/15/484
f  314/69/488 317/73/494 315/72/491
f  314/71/490 319/74/495 317/75/496
f  315/72/491 317/73/494 318/76/497
f  315/72/492 318/76/498 316/70/493
f  316/70/493 318/76/498 319/74/499
f  316/70/489 319/74/495 314/71/490
f  317/73/494 320/77/500 318/76/497
f  317/75/496 322/78/501 320/79/502
f  318/76/497 320/77/500 321/80/503
f  318/76/498 321/80/504 319/74/499
f  319/74/499 321/80/504 322/78/505
f  319/74/495 322/78/501 317/75/496
f  320/77/500 323/81/506 321/80/503
f  320/79/502 325/82/507 323/83/508
f  321/80/503 323/81/506 324/84/509
f  321/80/504 324/84/510 322/78/505
f  322/78/505 324/84/510 325/82/511
f  322/78/501 325/82/507 320/79/502
f  323/81/506 326/85/512 324/84/509
f  323/83/508 328/86/513 326/87/514
f  324/84/509 326/85/512 327/88/515
f  324/84/510 327/88/516 325/82/511
f  325/82/511 327/88/516 328/86/517
f  325/82/507 328/86/513 323/83/508
f  326/85/512 329/89/518 327/88/515
f  326/87/514 331/90/519 329/91/520
f  327/88/515 329/89/518 330/92/521
f  327/88/516 330/92/522 328/86/517
f  328/86/517 330/92/522 331/90/523
f  328/86/513 331/90/519 326/87/514
f  329/89/518 332/93/524 330/92/521
f  329/91/520 334/94/525 332/95/526
f  330/92/521 332/93/524 333/96/527
f  330/92/522 333/96/528 331/90/523
f  331/90/523 333/96/528 334/94/529
f  331/90/519 334/94/525 329/91/520
f  332/93/524 335/97/530 333/96/527
f  332/95/526 337/98/531 335/99/532
f  333/96/527 335/97/530 336/100/533
f  333/96/528 336/100/534 334/94/529
f  334/94/529 336/100/534 337/98/535
f  334/94/525 337/98/531 332/95/526
f  335/97/530 338/101/536 336/100/533
f  335/99/532 340/102/537 338/103/538
f  336/100/533 338/101/536 339/104/539
f  336/100/534 339/104/540 337/98/535
f  337/98/535 339/104/540 340/102/541
f  337/98/531 340/102/537 335/99/532
f  251/109/363 341/113/542 252/112/366
f  251/111/365 343/114/543 341/115/544
f  252/112/366 341/113/542 342/116/545
f  252/112/367 342/116/546 253/110/368
f  253/110/368 342/116/546 343/114/547
f  253/110/364 343/114/543 251/111/365
f  341/113/542 344/117/548 342/116/545
f  341/115/544 346/118/549 344/119/550
f  342/116/545 344/117/548 345/120/551
f  342/116/546 345/120/552 343/114/547
f  343/114/547 345/120/552 346/118/553
f  343/114/543 346/118/549 341/115/544
f  344/117/548 347/121/554 345/120/551
f  344/119/550 349/122/555 347/123/556
f  345/120/551 347/121/554 348/124/557
f  345/120/552 348/124/558 346/118/553
f  346/118/553 348/124/558 349/122/559
f  346/118/549 349/122/555 344/119/550
f  347/121/554 350/125/560 348/124/557
f  347/123/556 352/126/561 350/127/562
f  348/124/557 350/125/560 351/128/563
f  348/124/558 351/128/564 349/122/559
f  349/122/559 351/128/564 352/126/565
f  349/122/555 352/126/561 347/123/556
f  350/125/560 353/129/566 351/128/563
f  350/127/562 355/130/567 353/131/568
f  351/128/563 353/129/566 354/132/569
f  351/128/564 354/132/570 352/126/565
f  352/126/565 354/132/570 355/130/571
f  352/126/561 355/130/567 350/127/562
f  353/129/566 356/133/572 354/132/569
f  353/131/568 358/134/573 356/135/574
f  354/132/569 356/133/572 357/136/575
f  354/132/570 357/136/576 355/130/571
f  355/130/571 357/136/576 358/134/577
f  355/130/567 358/134/573 353/131/568
f  356/133/572 359/137/578 357/136/575
f  356/135/574 361/138/579 359/139/580
f  357/136/575 359/137/578 360/140/581
f  357/136/576 360/140/582 358/134/577
f  358/134/577 360/140/582 361/138/583
f  358/134/573 361/138/579 356/135/574
f  359/137/578 362/141/584 360/140/581
f  359/139/580 364/142/585 362/143/586
f  360/140/581 362/141/584 363/144/587
f  360/140/582 363/144/588 361/138/583
f  361/138/583 363/144/588 364/142/589
f  361/138/579 364/142/585 359/139/580
f  362/141/584 365/145/590 363/144/587
f  362/143/586 367/146/591 365/147/592
f  363/144/587 365/145/590 366/148/593
f  363/144/588 366/148/594 364/142/589
f  364/142/589 366/148/594 367/146/595
f  364/142/585 367/146/591 362/143/586
f  365/145/590 368/149/596 366/148/593
f  365/147/592 370/150/597 368/151/598
f  366/148/593 368/149/596 369/152/599
f  366/148/594 369/152/600 367/146/595
f  367/146/595 369/152/600 370/150/601
f  367/146/591 370/150/597 365/147/592
f  368/149/596 371/153/602 369/152/599
f  368/151/598 373/154/603 371/155/604
f  369/152/599 371/153/602 372/156/605
f  369/152/600 372/156/606 370/150/601
f  370/150/601 372/156/606 373/154/607
f  370/150/597 373/154/603 368/151/598
f  371/153/602 374/157/608 372/156/605
f  371/155/604 376/158/609 374/159/610
f  372/156/605 374/157/608 375/160/611
f  372/156/606 375/160/612 373/154/607
f  373/154/607 375/160/612 376/158/613
f  373/154/603 376/158/609 371/155/604
f  374/157/608 377/161/614 375/160/611
f  374/159/610 379/162/615 377/163/616
f  375/160/611 377/161/614 378/164/617
f  375/160/612 378/164/618 376/158/613
f  376/158/613 378/164/618 379/162/619
f  376/158/609 379/162/615 374/159/610
f  377/161/614 380/165/620 378/164/617
f  377/163/616 382/166/621 380/167/622
f  378/164/617 380/165/620 381/168/623
f  378/164/618 381/168/624 379/162/619
f  379/162/619 381/168/624 382/166/625
f  379/162/615 382/166/621 377/163/616
f  380/165/620 383/169/626 381/168/623
f  380/167/622 385/170/627 383/171/628
f  381/168/623 383/169/626 384/172/629
f  381/168/624 384/172/630 382/166/625
f  382/166/625 384/172/630 385/170/631
f  382/166/621 385/170/627 380/167/622
f  293/97/447 386/101/632 294/100/450
f  293/99/449 388/102/633 386/103/634
f  294/100/450 386/101/632 387/104/635
f  294/100/451 387/104/636 295/98/452
f  295/98/452 387/104/636 388/102/637
f  295/98/448 388/102/633 293/99/449
f  386/101/632 389/105/638 387/104/635
f  386/103/634 391/106/639 389/107/640
f  387/104/635 389/105/638 390/108/641
f  387/104/636 390/108/642 388/102/637
f  388/102/637 390/108/642 391/106/643
f  388/102/633 391/106/639 386/103/634
f  389/105/638 392/109/644 390/108/641
f  389/107/640 394/110/645 392/111/646
f  390/108/641 392/109/644 393/112/647
f  390/108/642 393/112/648 391/106/643
f  391/106/643 393/112/648 394/110/649
f  391/106/639 394/110/645 389/107/640
f  392/109/644 395/113/650 393/112/647
f  392/111/646 397/114/651 395/115/652
f  393/112/647 395/113/650 396/116/653
f  393/112/648 396/116/654 394/110/649
f  394/110/649 396/116/654 397/114/655
f  394/110/645 397/114/651 392/111/646
f  395/113/650 398/117/656 396/116/653
f  395/115/652 400/118/657 398/119/658
f  396/116/653 398/117/656 399/120/659
f  396/116/654 399/120/660 397/114/655
f  397/114/655 399/120/660 400/118/661
f  397/114/651 400/118/657 395/115/652
f  398/117/656 401/121/662 399/120/659
f  398/119/658 403/122/663 401/123/664
f  399/120/659 401/121/662 402/124/665
f  399/120/660 402/124/666 400/118/661
f  400/118/661 402/124/666 403/122/667
f  400/118/657 403/122/663 398/119/658
f  401/121/662 404/125/668 402/124/665
f  401/123/664 406/126/669 404/127/670
f  402/124/665 404/125/668 405/128/671
f  402/124/666 405/128/672 403/122/667
f  403/122/667 405/128/672 406/126/673
f  403/122/663 406/126/669 401/123/664
f  404/125/668 407/129/674 405/128/671
f  404/127/670 409/130/675 407/131/676
f  405/128/671 407/129/674 408/132/677
f  405/128/672 408/132/678 406/126/673
f  406/126/673 408/132/678 409/130/679
f  406/126/669 409/130/675 404/127/670
f  407/129/674 410/133/680 408/132/677
f  407/131/676 412/134/681 410/135/682
f  408/132/677 410/133/680 411/136/683
f  408/132/678 411/136/684 409/130/679
f  409/130/679 411/136/684 412/134/685
f  409/130/675 412/134/681 407/131/676
f  410/133/680 413/137/686 411/136/683
f  410/135/682 415/138/687 413/139/688
f  411/136/683 413/137/686 414/140/689
f  411/136/684 414/140/690 412/134/685
f  412/134/685 414/140/690 415/138/691
f  412/134/681 415/138/687 410/135/682
f  413/137/686 416/141/692 414/140/689
f  413/139/688 418/142/693 416/143/694
f  414/140/689 416/141/692 417/144/695
f  414/140/690 417/144/696 415/138/691
f  415/138/691 417/144/696 418/142/697
f  415/138/687 418/142/693 413/139/688
f  416/141/692 419/145/698 417/144/695
f  416/143/694 421/146/699 419/147/700
f  417/144/695 419/145/698 420/148/701
f  417/144/696 420/148/702 418/142/697
f  418/142/697 420/148/702 421/146/703
f  418/142/693 421/146/699 416/143/694
f  419/145/698 422/149/704 420/148/701
f  419/147/700 424/150/705 422/151/706
f  420/148/701 422/149/704 423/152/707
f  420/148/702 423/152/708 421/146/703
f  421/146/703 423/152/708 424/150/709
f  421/146/699 424/150/705 419/147/700
f  422/149/704 425/153/710 423/152/707
f  422/151/706 427/154/711 425/155/712
f  423/152/707 425/153/710 426/156/713
f  423/152/708 426/156/714 424/150/709
f  424/150/709 426/156/714 427/154/715
f  424/150/705 427/154/711 422/151/706
f  425/153/710 428/157/716 426/156/713
f  425/155/712 430/158/717 428/159/718
f  426/156/713 428/157/716 429/160/719
f  426/156/714 429/160/720 427/154/715
f  427/154/715 429/160/720 430/158/721
f  427/154/711 430/158/717 425/155/712
f  428/157/716 431/161/722 429/160/719
f  428/159/718 433/162/723 431/163/724
f  429/160/719 431/161/722 432/164/725
f  429/160/720 432/164/726 430/158/721
f  430/158/721 432/164/726 433/162/727
f  430/158/717 433/162/723 428/159/718
f  431/161/722 434/165/728 432/164/725
f  431/163/724 436/166/729 434/167/730
f  432/164/725 434/165/728 435/168/731
f  432/164/726 435/168/732 433/162/727
f  433/162/727 435/168/732 436/166/733
f  433/162/723 436/166/729 431/163/724
f  434/165/728 437/169/734 435/168/731
f  434/167/730 439/170/735 437/171/736
f  435/168/731 437/169/734 438/172/737
f  435/168/732 438/172/738 436/166/733
f  436/166/733 438/172/738 439/170/739
f  436/166/729 439/170/735 434/167/730
f  338/101/536 440/105/740 339/104/539
f  338/103/538 442/106/741 440/107/742
f  339/104/539 440/105/740 441/108/743
f  339/104/540 441/108/744 340/102/541
f  340/102/541 441/108/744 442/106/745
f  340/102/537 442/106/741 338/103/538
f  440/105/740 443/109/746 441/108/743
f  440/107/742 445/110/747 443/111/748
f  441/108/743 443/109/746 444/112/749
f  441/108/744 444/112/750 442/106/745
f  442/106/745 444/112/750 445/110/751
f  442/106/741 445/110/747 440/107/742
f  443/109/746 446/113/752 444/112/749
f  443/111/748 448/114/753 446/115/754
f  444/112/749 446/113/752 447/116/755
f  444/112/750 447/116/756 445/110/751
f  445/110/751 447/116/756 448/114/757
f  445/110/747 448/114/753 443/111/748
f  446/113/752 449/117/758 447/116/755
f  446/115/754 451/118/759 449/119/760
f  447/116/755 449/117/758 450/120/761
f  447/116/756 450/120/762 448/114/757
f  448/114/757 450/120/762 451/118/763
f  448/114/753 451/118/759 446/115/754
f  449/117/758 452/121/764 450/120/761
f  449/119/760 454/122/765 452/123/766
f  450/120/761 452/121/764 453/124/767
f  450/120/762 453/124/768 451/118/763
f  451/118/763 453/124/768 454/122/769
f  451/118/759 454/122/765 449/119/760
f  452/121/764 455/125/770 453/124/767
f  452/123/766 457/126/771 455/127/772
f  453/124/767 455/125/770 456/128/773
f  453/124/768 456/128/774 454/122/769
f  454/122/769 456/128/774 457/126/775
f  454/122/765 457/126/771 452/123/766
f  455/125/770 458/129/776 456/128/773
f  455/127/772 460/130/777 458/131/778
f  456/128/773 458/129/776 459/132/779
f  456/128/774 459/132/780 457/126/775
f  457/126/775 459/132/780 460/130/781
f  457/126/771 460/130/777 455/127/772
f  458/129/776 461/133/782 459/132/779
f  458/131/778 463/134/783 461/135/784
f  459/132/779 461/133/782 462/136/785
f  459/132/780 462/136/786 460/130/781
f  460/130/781 462/136/786 463/134/787
f  460/130/777 463/134/783 458/131/778
f  461/133/782 464/137/788 462/136/785
f  461/135/784 466/138/789 464/139/790
f  462/136/785 464/137/788 465/140/791
f  462/136/786 465/140/792 463/134/787
f  463/134/787 465/140/792 466/138/793
f  463/134/783 466/138/789 461/135/784
f  464/137/788 467/141/794 465/140/791
f  464/139/790 469/142/795 467/143/796
f  465/140/791 467/141/794 468/144/797
f  465/140/792 468/144/798 466/138/793
f  466/138/793 468/144/798 469/142/799
f  466/138/789 469/142/795 464/139/790
f  467/141/794 470/145/800 468/144/797
f  467/143/796 472/146/801 470/147/802
f  468/144/797 470/145/800 471/148/803
f  468/144/798 471/148/804 469/142/799
f  469/142/799 471/148/804 472/146/805
f  469/142/795 472/146/801 467/143/796
f  470/145/800 473/149/806 471/148/803
f  470/147/802 475/150/807 473/151/808
f  471/148/803 473/149/806 474/152/809
f  471/148/804 474/152/810 472/146/805
f  472/146/805 474/152/810 475/150/811
f  472/146/801 475/150/807 470/147/802
f  473/149/806 476/153/812 474/152/809
f  473/151/808 478/154/813 476/155/814
f  474/152/809 476/153/812 477/156/815
f  474/152/810 477/156/816 475/150/811
f  475/150/811 477/156/816 478/154/817
f  475/150/807 478/154/813 473/151/808
f  476/153/812 479/157/818 477/156/815
f  476/155/814 481/158/819 479/159/820
f  477/156/815 479/157/818 480/160/821
f  477/156/816 480/160/822 478/154/817
f  478/154/817 480/160/822 481/158/823
f  478/154/813 481/158/819 476/155/814
f  479/157/818 482/161/824 480/160/821
f  479/159/820 484/162/825 482/163/826
f  480/160/821 482/161/824 483/164/827
f  480/160/822 483/164/828 481/158/823
f  481/158/823 483/164/828 484/162/829
f  481/158/819 484/162/825 479/159/820
f  482/161/824 485/165/830 483/164/827
f  482/163/826 487/166/831 485/167/832
f  483/164/827 485/165/830 486/168/833
f  483/164/828 486/168/834 484/162/829
f  484/162/829 486/168/834 487/166/835
f  484/162/825 487/166/831 482/163/826
f  485/165/830 488/169/836 486/168/833
f  485/167/832 490/170/837 488/171/838
f  486/168/833 488/169/836 489/172/839
f  486/168/834 489/172/840 487/166/835
f  487/166/835 489/172/840 490/170/841
f  487/166/831 490/170/837 485/167/832
f  488/169/836 491/173/842 489/172/839
f  488/171/838 493/174/843 491/175/844
f  489/172/839 491/173/842 492/176/845
f  489/172/840 492/176/846 490/170/841
f  490/170/841 492/176/846 493/174/847
f  490/170/837 493/174/843 488/171/838
f  491/173/842 494/177/848 492/176/845
f  491/175/844 496/178/849 494/179/850
f  492/176/845 494/177/848 495/180/851
f  492/176/846 495/180/852 493/174/847
f  493/174/847 495/180/852 496/178/853
f  493/174/843 496/178/849 491/175/844
f  494/177/848 497/181/854 495/180/851
f  494/179/850 499/182/855 497/183/856
f  495/180/851 497/181/854 498/184/857
f  495/180/852 498/184/858 496/178/853
f  496/178/853 498/184/858 499/182/859
f  496/178/849 499/182/855 494/179/850
usemtl Leaf6
f  500/1/860 503/185/861 501/3/862
f  501/3/862 503/185/861 504/186/863
f  501/3/864 504/186/865 502/5/866
f  502/5/866 504/186/865 505/187/867
f  503/185/861 506/188/868 504/186/863
f  504/186/863 506/188/868 507/189/869
f  504/186/865 507/189/870 505/187/867
f  505/187/867 507/189/870 508/190/871
f  506/188/868 509/191/872 507/189/869
f  507/189/869 509/191/872 510/192/873
f  507/189/870 510/192/874 508/190/871
f  508/190/871 510/192/874 511/193/875
f  509/191/872 512/194/876 510/192/873
f  510/192/873 512/194/876 513/195/877
f  510/192/874 513/195/878 511/193/875
f  511/193/875 513/195/878 514/196/879
f  512/194/876 515/197/880 513/195/877
f  513/195/877 515/197/880 516/198/881
f  513/195/878 516/198/882 514/196/879
f  514/196/879 516/198/882 517/199/883
f  515/197/880 518/200/884 516/198/881
f  516/198/881 518/200/884 519/201/885
f  516/198/882 519/201/886 517/199/883
f  517/199/883 519/201/886 520/202/887
f  518/200/884 521/14/888 519/201/885
f  519/201/886 521/14/889 520/202/887
f  522/1/890 525/185/891 523/3/892
f  523/3/892 525/185/891 526/186/893
f  523/3/894 526/186/895 524/5/896
f  524/5/896 526/186/895 527/187/897
f  525/185/891 528/188/898 526/186/893
f  526/186/893 528/188/898 529/189/899
f  526/186/895 529/189/900 527/187/897
f  527/187/897 529/189/900 530/190/901
f  528/188/898 531/191/902 529/189/899
f  529/189/899 531/191/902 532/192/903
f  529/189/900 532/192/904 530/190/901
f  530/190/901 532/192/904 533/193/905
f  531/191/902 534/194/906 532/192/903
f  532/192/903 534/194/906 535/195/907
f  532/192/904 535/195/908 533/193/905
f  533/193/905 535/195/908 536/196/909
f  534/194/906 537/197/910 535/195/907
f  535/195/907 537/197/910 538/198/911
f  535/195/908 538/198/912 536/196/909
f  536/196/909 538/198/912 539/199/913
f  537/197/910 540/200/914 538/198/911
f  538/198/911 540/200/914 541/201/915
f  538/198/912 541/201/916 539/199/913
f  539/199/913 541/201/916 542/202/917
f  540/200/914 543/14/918 541/201/915
f  541/201/916 543/14/919 542/202/917
f  544/1/920 547/185/921 545/3/922
f  545/3/922 547/185/921 548/186/923
f  545/3/924 548/186/925 546/5/926
f  546/5/926 548/186/925 549/187/927
f  547/185/921 550/188/928 548/186/923
f  548/186/923 550/188/928 551/189/929
f  548/186/925 551/189/930 549/187/927
f  549/187/927 551/189/930 552/190/931
f  550/188/928 553/191/932 551/189/929
f  551/189/929 553/191/932 554/192/933
f  551/189/930 554/192/934 552/190/931
f  552/190/931 554/192/934 555/193/935
f  553/191/932 556/194/936 554/192/933
f  554/192/933 556/194/936 557/195/937
f  554/192/934 557/195/938 555/193/935
f  555/193/935 557/195/938 558/196/939
f  556/194/936 559/197/940 557/195/937
f  557/195/937 559/197/940 560/198/941
f  557/195/938 560/198/942 558/196/939
f  558/196/939 560/198/942 561/199/943
f  559/197/940 562/200/944 560/198/941
f  560/198/941 562/200/944 563/201/945
f  560/198/942 563/201/946 561/199/943
f  561/199/943 563/201/946 564/202/947
f  562/200/944 565/14/948 563/201/945
f  563/201/946 565/14/949 564/202/947
usemtl Leaf3
f  566/1/950 569/25/951 567/3/952
f  567/3/952 569/25/951 570/26/953
f  567/3/954 570/26/955 568/5/956
f  568/5/956 570/26/955 571/27/957
f  569/25/951 572/28/958 570/26/953
f  570/26/953 572/28/958 573/29/959
f  570/26/955 573/29/960 571/27/957
f  571/27/957 573/29/960 574/30/961
f  572/28/958 575/31/962 573/29/959
f  573/29/959 575/31/962 576/32/963
f  573/29/960 576/32/964 574/30/961
f  574/30/961 576/32/964 577/33/965
f  575/31/962 578/34/966 576/32/963
f  576/32/963 578/34/966 579/35/967
f  576/32/964 579/35/968 577/33/965
f  577/33/965 579/35/968 580/36/969
f  578/34/966 581/37/970 579/35/967
f  579/35/967 581/37/970 582/38/971
f  579/35/968 582/38/972 580/36/969
f  580/36/969 582/38/972 583/39/973
f  581/37/970 584/40/974 582/38/971
f  582/38/971 584/40/974 585/41/975
f  582/38/972 585/41/976 583/39/973
f  583/39/973 585/41/976 586/42/977
f  584/40/974 587/43/978 585/41/975
f  585/41/975 587/43/978 588/44/979
f  585/41/976 588/44/980 586/42/977
f  586/42/977 588/44/980 589/45/981
f  587/43/978 590/46/982 588/44/979
f  588/44/979 590/46/982 591/47/983
f  588/44/980 591/47/984 589/45/981
f  589/45/981 591/47/984 592/48/985
f  590/46/982 593/14/986 591/47/983
f  591/47/984 593/14/987 592/48/985
f  594/1/988 597/25/989 595/3/990
f  595/3/990 597/25/989 598/26/991
f  595/3/992 598/26/993 596/5/994
f  596/5/994 598/26/993 599/27/995
f  597/25/989 600/28/996 598/26/991
f  598/26/991 600/28/996 601/29/997
f  598/26/993 601/29/998 599/27/995
f  599/27/995 601/29/998 602/30/999
f  600/28/996 603/31/1000 601/29/997
f  601/29/997 603/31/1000 604/32/1001
f  601/29/998 604/32/1002 602/30/999
f  602/30/999 604/32/1002 605/33/1003
f  603/31/1000 606/34/1004 604/32/1001
f  604/32/1001 606/34/1004 607/35/1005
f  604/32/1002 607/35/1006 605/33/1003
f  605/33/1003 607/35/1006 608/36/1007
f  606/34/1004 609/37/1008 607/35/1005
f  607/35/1005 609/37/1008 610/38/1009
f  607/35/1006 610/38/1010 608/36/1007
f  608/36/1007 610/38/1010 611/39/1011
f  609/37/1008 612/40/1012 610/38/1009
f  610/38/1009 612/40/1012 613/41/1013
f  610/38/1010 613/41/1014 611/39/1011
f  611/39/1011 613/41/1014 614/42/1015
f  612/40/1012 615/43/1016 613/41/1013
f  613/41/1013 615/43/1016 616/44/1017
f  613/41/1014 616/44/1018 614/42/1015
f  614/42/1015 616/44/1018 617/45/1019
f  615/43/1016 618/46/1020 616/44/1017
f  616/44/1017 618/46/1020 619/47/1021
f  616/44/1018 619/47/1022 617/45/1019
f  617/45/1019 619/47/1022 620/48/1023
f  618/46/1020 621/14/1024 619/47/1021
f  619/47/1022 621/14/1025 620/48/1023
f  622/1/1026 625/25/1027 623/3/1028
f  623/3/1028 625/25/1027 626/26/1029
f  623/3/1030 626/26/1031 624/5/1032
f  624/5/1032 626/26/1031 627/27/1033
f  625/25/1027 628/28/1034 626/26/1029
f  626/26/1029 628/28/1034 629/29/1035
f  626/26/1031 629/29/1036 627/27/1033
f  627/27/1033 629/29/1036 630/30/1037
f  628/28/1034 631/31/1038 629/29/1035
f  629/29/1035 631/31/1038 632/32/1039
f  629/29/1036 632/32/1040 630/30/1037
f  630/30/1037 632/32/1040 633/33/1041
f  631/31/1038 634/34/1042 632/32/1039
f  632/32/1039 634/34/1042 635/35/1043
f  632/32/1040 635/35/1044 633/33/1041
f  633/33/1041 635/35/1044 636/36/1045
f  634/34/1042 637/37/1046 635/35/1043
f  635/35/1043 637/37/1046 638/38/1047
f  635/35/1044 638/38/1048 636/36/1045
f  636/36/1045 638/38/1048 639/39/1049
f  637/37/1046 640/40/1050 638/38/1047
f  638/38/1047 640/40/1050 641/41/1051
f  638/38/1048 641/41/1052 639/39/1049
f  639/39/1049 641/41/1052 642/42/1053
f  640/40/1050 643/43/1054 641/41/1051
f  641/41/1051 643/43/1054 644/44/1055
f  641/41/1052 644/44/1056 642/42/1053
f  642/42/1053 644/44/1056 645/45/1057
f  643/43/1054 646/46/1058 644/44/1055
f  644/44/1055 646/46/1058 647/47/1059
f  644/44/1056 647/47/1060 645/45/1057
f  645/45/1057 647/47/1060 648/48/1061
f  646/46/1058 649/14/1062 647/47/1059
f  647/47/1060 649/14/1063 648/48/1061
usemtl Leaf6
f  650/1/1064 652/13/1064 651/5/1064
f  651/5/1064 652/13/1064 653/15/1064
f  654/1/1065 656/13/1066 655/5/1066
f  655/5/1066 656/13/1066 657/15/1067
f  658/1/1068 660/13/1069 659/5/1069
f  659/5/1069 660/13/1069 661/15/1070
usemtl Stalk2
f  662/145/1071 665/203/1072 663/204/1073
f  663/204/1073 665/203/1072 666/205/1074
f  663/204/1075 666/205/1076 664/147/1077
f  664/147/1077 666/205/1076 667/206/1078
f  665/203/1072 668/207/1079 666/205/1074
f  666/205/1074 668/207/1079 669/208/1080
f  666/205/1076 669/208/1081 667/206/1078
f  667/206/1078 669/208/1081 670/209/1082
f  668/207/1079 671/210/1083 669/208/1080
f  669/208/1080 671/210/1083 672/211/1084
f  669/208/1081 672/211/1085 670/209/1082
f  670/209/1082 672/211/1085 673/212/1086
f  671/210/1083 674/165/1087 672/211/1084
f  672/211/1084 674/165/1087 675/213/1088
f  672/211/1085 675/213/1089 673/212/1086
f  673/212/1086 675/213/1089 676/167/1090
f  674/165/1087 677/214/1091 675/213/1088
f  675/213/1088 677/214/1091 678/215/1092
f  675/213/1089 678/215/1093 676/167/1090
f  676/167/1090 678/215/1093 679/216/1094
f  677/214/1091 680/217/1095 678/215/1092
f  678/215/1092 680/217/1095 681/218/1096
f  678/215/1093 681/218/1097 679/216/1094
f  679/216/1094 681/218/1097 682/219/1098
f  680/217/1095 683/220/1099 681/218/1096
f  681/218/1096 683/220/1099 684/221/1100
f  681/218/1097 684/221/1101 682/219/1098
f  682/219/1098 684/221/1101 685/222/1102
f  686/149/1103 689/223/1104 687/224/1105
f  687/224/1105 689/223/1104 690/225/1106
f  687/224/1107 690/225/1108 688/151/1109
f  688/151/1109 690/225/1108 691/226/1110
f  689/223/1104 692/227/1111 690/225/1106
f  690/225/1106 692/227/1111 693/228/1112
f  690/225/1108 693/228/1113 691/226/1110
f  691/226/1110 693/228/1113 694/229/1114
f  692/227/1111 695/230/1115 693/228/1112
f  693/228/1112 695/230/1115 696/231/1116
f  693/228/1113 696/231/1117 694/229/1114
f  694/229/1114 696/231/1117 697/232/1118
f  695/230/1115 698/169/1119 696/231/1116
f  696/231/1116 698/169/1119 699/233/1120
f  696/231/1117 699/233/1121 697/232/1118
f  697/232/1118 699/233/1121 700/171/1122
f  698/169/1119 701/234/1123 699/233/1120
f  699/233/1120 701/234/1123 702/235/1124
f  699/233/1121 702/235/1125 700/171/1122
f  700/171/1122 702/235/1125 703/236/1126
f  701/234/1123 704/237/1127 702/235/1124
f  702/235/1124 704/237/1127 705/238/1128
f  702/235/1125 705/238/1129 703/236/1126
f  703/236/1126 705/238/1129 706/239/1130
f  707/153/1131 710/240/1132 708/241/1133
f  708/241/1133 710/240/1132 711/242/1134
f  708/241/1135 711/242/1136 709/155/1137
f  709/155/1137 711/242/1136 712/243/1138
f  710/240/1132 713/244/1139 711/242/1134
f  711/242/1134 713/244/1139 714/245/1140
f  711/242/1136 714/245/1141 712/243/1138
f  712/243/1138 714/245/1141 715/246/1142
f  713/244/1139 716/247/1143 714/245/1140
f  714/245/1140 716/247/1143 717/248/1144
f  714/245/1141 717/248/1145 715/246/1142
f  715/246/1142 717/248/1145 718/249/1146
f  716/247/1143 719/173/1147 717/248/1144
f  717/248/1144 719/173/1147 720/250/1148
f  717/248/1145 720/250/1149 718/249/1146
f  718/249/1146 720/250/1149 721/175/1150
f  719/173/1147 722/251/1151 720/250/1148
f  720/250/1148 722/251/1151 723/252/1152
f  720/250/1149 723/252/1153 721/175/1150
f  721/175/1150 723/252/1153 724/253/1154
f  722/251/1151 725/254/1155 723/252/1152
f  723/252/1152 725/254/1155 726/255/1156
f  723/252/1153 726/255/1157 724/253/1154
f  724/253/1154 726/255/1157 727/256/1158
usemtl Leaf3
f  728/1/1159 731/25/1160 729/3/1161
f  729/3/1161 731/25/1160 732/26/1162
f  729/3/1161 732/26/1162 730/5/1163
f  730/5/1163 732/26/1162 733/27/1164
f  731/25/1160 734/28/1165 732/26/1162
f  732/26/1162 734/28/1165 735/29/1166
f  732/26/1162 735/29/1166 733/27/1164
f  733/27/1164 735/29/1166 736/30/1167
f  734/28/1165 737/31/1168 735/29/1166
f  735/29/1166 737/31/1168 738/32/1169
f  735/29/1166 738/32/1169 736/30/1167
f  736/30/1167 738/32/1169 739/33/1170
f  737/31/1168 740/34/1171 738/32/1169
f  738/32/1169 740/34/1171 741/35/1172
f  738/32/1169 741/35/1172 739/33/1170
f  739/33/1170 741/35/1172 742/36/1173
f  740/34/1171 743/37/1174 741/35/1172
f  741/35/1172 743/37/1174 744/38/1175
f  741/35/1172 744/38/1175 742/36/1173
f  742/36/1173 744/38/1175 745/39/1176
f  743/37/1174 746/40/1177 744/38/1175
f  744/38/1175 746/40/1178 747/41/1179
f  744/38/1175 747/41/1179 745/39/1176
f  745/39/1176 747/41/1179 748/42/1180
f  746/40/1181 749/43/1181 747/41/1181
f  747/41/1179 749/43/1182 750/44/1183
f  747/41/1179 750/44/1183 748/42/1180
f  748/42/1180 750/44/1183 751/45/1184
f  749/43/1182 752/46/1185 750/44/1183
f  750/44/1183 752/46/1185 753/47/1186
f  750/44/1183 753/47/1186 751/45/1184
f  751/45/1184 753/47/1186 754/48/1187
f  752/46/1185 755/14/1188 753/47/1186
f  753/47/1186 755/14/1188 754/48/1187
f  756/1/1189 759/25/1190 757/3/1191
f  757/3/1191 759/25/1190 760/26/1192
f  757/3/1191 760/26/1192 758/5/1193
f  758/5/1193 760/26/1192 761/27/1194
f  759/25/1190 762/28/1195 760/26/1192
f  760/26/1192 762/28/1195 763/29/1196
f  760/26/1192 763/29/1196 761/27/1194
f  761/27/1194 763/29/1196 764/30/1197
f  762/28/1195 765/31/1198 763/29/1196
f  763/29/1196 765/31/1198 766/32/1199
f  763/29/1196 766/32/1199 764/30/1197
f  764/30/1197 766/32/1199 767/33/1200
f  765/31/1198 768/34/1201 766/32/1199
f  766/32/1199 768/34/1201 769/35/1202
f  766/32/1199 769/35/1202 767/33/1200
f  767/33/1200 769/35/1202 770/36/1203
f  768/34/1201 771/37/1204 769/35/1202
f  769/35/1202 771/37/1204 772/38/1205
f  769/35/1202 772/38/1205 770/36/1203
f  770/36/1203 772/38/1205 773/39/1206
f  771/37/1204 774/40/1207 772/38/1205
f  772/38/1205 774/40/1208 775/41/1209
f  772/38/1205 775/41/1209 773/39/1206
f  773/39/1206 775/41/1209 776/42/1210
f  774/40/1211 777/43/1211 775/41/1211
f  775/41/1209 777/43/1212 778/44/1213
f  775/41/1209 778/44/1213 776/42/1210
f  776/42/1210 778/44/1213 779/45/1214
f  777/43/1212 780/46/1215 778/44/1213
f  778/44/1213 780/46/1215 781/47/1216
f  778/44/1213 781/47/1216 779/45/1214
f  779/45/1214 781/47/1216 782/48/1217
f  780/46/1215 783/14/1218 781/47/1216
f  781/47/1216 783/14/1218 782/48/1217
f  784/1/1219 787/25/1220 785/3/1221
f  785/3/1221 787/25/1220 788/26/1222
f  785/3/1221 788/26/1222 786/5/1223
f  786/5/1223 788/26/1222 789/27/1224
f  787/25/1220 790/28/1225 788/26/1222
f  788/26/1222 790/28/1225 791/29/1226
f  788/26/1222 791/29/1226 789/27/1224
f  789/27/1224 791/29/1226 792/30/1227
f  790/28/1225 793/31/1228 791/29/1226
f  791/29/1226 793/31/1228 794/32/1229
f  791/29/1226 794/32/1229 792/30/1227
f  792/30/1227 794/32/1229 795/33/1230
f  793/31/1228 796/34/1231 794/32/1229
f  794/32/1229 796/34/1231 797/35/1232
f  794/32/1229 797/35/1232 795/33/1230
f  795/33/1230 797/35/1232 798/36/1233
f  796/34/1231 799/37/1234 797/35/1232
f  797/35/1232 799/37/1234 800/38/1235
f  797/35/1232 800/38/1235 798/36/1233
f  798/36/1233 800/38/1235 801/39/1236
f  799/37/1234 802/40/1237 800/38/1235
f  800/38/1235 802/40/1238 803/41/1239
f  800/38/1235 803/41/1239 801/39/1236
f  801/39/1236 803/41/1239 804/42/1240
f  802/40/1241 805/43/1241 803/41/1241
f  803/41/1239 805/43/1242 806/44/1243
f  803/41/1239 806/44/1243 804/42/1240
f  804/42/1240 806/44/1243 807/45/1244
f  805/43/1242 808/46/1245 806/44/1243
f  806/44/1243 808/46/1245 809/47/1246
f  806/44/1243 809/47/1246 807/45/1244
f  807/45/1244 809/47/1246 810/48/1247
f  808/46/1245 811/14/1248 809/47/1246
f  809/47/1246 811/14/1248 810/48/1247
usemtl Stalk2
f  812/145/1249 815/203/1250 813/148/1251
f  812/147/1252 817/257/1253 815/206/1254
f  813/148/1251 815/203/1250 816/258/1255
f  813/148/1256 816/258/1257 814/146/1258
f  814/146/1258 816/258/1257 817/257/1259
f  814/146/1260 817/257/1253 812/147/1252
f  815/203/1250 818/207/1261 816/258/1255
f  815/206/1254 820/259/1262 818/209/1263
f  816/258/1255 818/207/1261 819/260/1264
f  816/258/1257 819/260/1265 817/257/1259
f  817/257/1259 819/260/1265 820/259/1266
f  817/257/1253 820/259/1262 815/206/1254
f  818/207/1261 821/210/1267 819/260/1264
f  818/209/1263 823/261/1268 821/212/1269
f  819/260/1264 821/210/1267 822/262/1270
f  819/260/1265 822/262/1271 820/259/1266
f  820/259/1266 822/262/1271 823/261/1272
f  820/259/1262 823/261/1268 818/209/1263
f  821/210/1267 824/165/1273 822/262/1270
f  821/212/1269 826/166/1274 824/167/1275
f  822/262/1270 824/165/1273 825/168/1276
f  822/262/1271 825/168/1277 823/261/1272
f  823/261/1272 825/168/1277 826/166/1278
f  823/261/1268 826/166/1274 821/212/1269
f  824/165/1273 827/214/1279 825/168/1276
f  824/167/1275 829/263/1280 827/216/1281
f  825/168/1276 827/214/1279 828/264/1282
f  825/168/1277 828/264/1283 826/166/1278
f  826/166/1278 828/264/1283 829/263/1284
f  826/166/1274 829/263/1280 824/167/1275
f  827/214/1279 830/217/1285 828/264/1282
f  827/216/1281 832/265/1286 830/219/1287
f  828/264/1282 830/217/1285 831/266/1288
f  828/264/1283 831/266/1289 829/263/1284
f  829/263/1284 831/266/1289 832/265/1290
f  829/263/1280 832/265/1286 827/216/1281
f  830/217/1285 833/220/1291 831/266/1288
f  830/219/1287 835/267/1292 833/222/1293
f  831/266/1288 833/220/1291 834/268/1294
f  831/266/1289 834/268/1295 832/265/1290
f  832/265/1290 834/268/1295 835/267/1296
f  832/265/1286 835/267/1292 830/219/1287
f  833/220/1291 836/269/1297 834/268/1294
f  833/222/1293 838/270/1298 836/271/1299
f  834/268/1294 836/269/1297 837/272/1300
f  834/268/1295 837/272/1301 835/267/1296
f  835/267/1296 837/272/1301 838/270/1302
f  835/267/1292 838/270/1298 833/222/1293
f  836/269/1297 839/273/1303 837/272/1300
f  836/271/1299 841/274/1304 839/275/1305
f  837/272/1300 839/273/1303 840/276/1306
f  837/272/1301 840/276/1307 838/270/1302
f  838/270/1302 840/276/1307 841/274/1308
f  838/270/1298 841/274/1304 836/271/1299
f  839/273/1303 842/277/1309 840/276/1306
f  839/275/1305 844/278/1310 842/279/1311
f  840/276/1306 842/277/1309 843/280/1312
f  840/276/1307 843/280/1313 841/274/1308
f  841/274/1308 843/280/1313 844/278/1314
f  841/274/1304 844/278/1310 839/275/1305
f  842/277/1309 845/281/1315 843/280/1312
f  842/279/1311 847/282/1316 845/283/1317
f  843/280/1312 845/281/1315 846/284/1318
f  843/280/1313 846/284/1319 844/278/1314
f  844/278/1314 846/284/1319 847/282/1320
f  844/278/1310 847/282/1316 842/279/1311
f  845/281/1315 848/285/1321 846/284/1318
f  845/283/1317 850/286/1322 848/287/1323
f  846/284/1318 848/285/1321 849/288/1324
f  846/284/1319 849/288/1325 847/282/1320
f  847/282/1320 849/288/1325 850/286/1326
f  847/282/1316 850/286/1322 845/283/1317
f  851/149/1327 854/223/1328 852/152/1329
f  851/151/1330 856/289/1331 854/226/1332
f  852/152/1329 854/223/1328 855/290/1333
f  852/152/1334 855/290/1335 853/150/1336
f  853/150/1336 855/290/1335 856/289/1337
f  853/150/1338 856/289/1331 851/151/1330
f  854/223/1328 857/227/1339 855/290/1333
f  854/226/1332 859/291/1340 857/229/1341
f  855/290/1333 857/227/1339 858/292/1342
f  855/290/1335 858/292/1343 856/289/1337
f  856/289/1337 858/292/1343 859/291/1344
f  856/289/1331 859/291/1340 854/226/1332
f  857/227/1339 860/230/1345 858/292/1342
f  857/229/1341 862/293/1346 860/232/1347
f  858/292/1342 860/230/1345 861/294/1348
f  858/292/1343 861/294/1349 859/291/1344
f  859/291/1344 861/294/1349 862/293/1350
f  859/291/1340 862/293/1346 857/229/1341
f  860/230/1345 863/169/1351 861/294/1348
f  860/232/1347 865/170/1352 863/171/1353
f  861/294/1348 863/169/1351 864/172/1354
f  861/294/1349 864/172/1355 862/293/1350
f  862/293/1350 864/172/1355 865/170/1356
f  862/293/1346 865/170/1352 860/232/1347
f  863/169/1351 866/234/1357 864/172/1354
f  863/171/1353 868/295/1358 866/236/1359
f  864/172/1354 866/234/1357 867/296/1360
f  864/172/1355 867/296/1361 865/170/1356
f  865/170/1356 867/296/1361 868/295/1362
f  865/170/1352 868/295/1358 863/171/1353
f  866/234/1357 869/237/1363 867/296/1360
f  866/236/1359 871/297/1364 869/239/1365
f  867/296/1360 869/237/1363 870/298/1366
f  867/296/1361 870/298/1367 868/295/1362
f  868/295/1362 870/298/1367 871/297/1368
f  868/295/1358 871/297/1364 866/236/1359
f  869/237/1363 872/299/1369 870/298/1366
f  869/239/1365 874/300/1370 872/301/1371
f  870/298/1366 872/299/1369 873/302/1372
f  870/298/1367 873/302/1373 871/297/1368
f  871/297/1368 873/302/1373 874/300/1374
f  871/297/1364 874/300/1370 869/239/1365
f  872/299/1369 875/303/1375 873/302/1372
f  872/301/1371 877/304/1376 875/305/1377
f  873/302/1372 875/303/1375 876/306/1378
f  873/302/1373 876/306/1379 874/300/1374
f  874/300/1374 876/306/1379 877/304/1380
f  874/300/1370 877/304/1376 872/301/1371
f  875/303/1375 878/307/1381 876/306/1378
f  875/305/1377 880/308/1382 878/309/1383
f  876/306/1378 878/307/1381 879/310/1384
f  876/306/1379 879/310/1385 877/304/1380
f  877/304/1380 879/310/1385 880/308/1386
f  877/304/1376 880/308/1382 875/305/1377
f  881/153/1387 884/240/1388 882/156/1389
f  881/155/1390 886/311/1391 884/243/1392
f  882/156/1389 884/240/1388 885/312/1393
f  882/156/1394 885/312/1395 883/154/1396
f  883/154/1396 885/312/1395 886/311/1397
f  883/154/1398 886/311/1391 881/155/1390
f  884/240/1388 887/244/1399 885/312/1393
f  884/243/1392 889/313/1400 887/246/1401
f  885/312/1393 887/244/1399 888/314/1402
f  885/312/1395 888/314/1403 886/311/1397
f  886/311/1397 888/314/1403 889/313/1404
f  886/311/1391 889/313/1400 884/243/1392
f  887/244/1399 890/247/1405 888/314/1402
f  887/246/1401 892/315/1406 890/249/1407
f  888/314/1402 890/247/1405 891/316/1408
f  888/314/1403 891/316/1409 889/313/1404
f  889/313/1404 891/316/1409 892/315/1410
f  889/313/1400 892/315/1406 887/246/1401
f  890/247/1405 893/173/1411 891/316/1408
f  890/249/1407 895/174/1412 893/175/1413
f  891/316/1408 893/173/1411 894/176/1414
f  891/316/1409 894/176/1415 892/315/1410
f  892/315/1410 894/176/1415 895/174/1416
f  892/315/1406 895/174/1412 890/249/1407
f  893/173/1411 896/251/1417 894/176/1414
f  893/175/1413 898/317/1418 896/253/1419
f  894/176/1414 896/251/1417 897/318/1420
f  894/176/1415 897/318/1421 895/174/1416
f  895/174/1416 897/318/1421 898/317/1422
f  895/174/1412 898/317/1418 893/175/1413
f  896/251/1417 899/254/1423 897/318/1420
f  896/253/1419 901/319/1424 899/256/1425
f  897/318/1420 899/254/1423 900/320/1426
f  897/318/1421 900/320/1427 898/317/1422
f  898/317/1422 900/320/1427 901/319/1428
f  898/317/1418 901/319/1424 896/253/1419
f  899/254/1423 902/321/1429 900/320/1426
f  899/256/1425 904/322/1430 902/323/1431
f  900/320/1426 902/321/1429 903/324/1432
f  900/320/1427 903/324/1433 901/319/1428
f  901/319/1428 903/324/1433 904/322/1434
f  901/319/1424 904/322/1430 899/256/1425
f  902/321/1429 905/325/1435 903/324/1432
f  902/323/1431 907/326/1436 905/327/1437
f  903/324/1432 905/325/1435 906/328/1438
f  903/324/1433 906/328/1439 904/322/1434
f  904/322/1434 906/328/1439 907/326/1440
f  904/322/1430 907/326/1436 902/323/1431
f  905/325/1435 908/329/1441 906/328/1438
f  905/327/1437 910/330/1442 908/331/1443
f  906/328/1438 908/329/1441 909/332/1444
f  906/328/1439 909/332/1445 907/326/1440
f  907/326/1440 909/332/1445 910/330/1446
f  907/326/1436 910/330/1442 905/327/1437
f  908/329/1441 911/333/1447 909/332/1444
f  908/331/1443 913/334/1448 911/335/1449
f  909/332/1444 911/333/1447 912/336/1450
f  909/332/1445 912/336/1451 910/330/1446
f  910/330/1446 912/336/1451 913/334/1452
f  910/330/1442 913/334/1448 908/331/1443
f  848/285/1321 914/337/1453 849/288/1324
f  848/287/1323 916/338/1454 914/339/1455
f  849/288/1324 914/337/1453 915/340/1456
f  849/288/1325 915/340/1457 850/286/1326
f  850/286/1326 915/340/1457 916/338/1458
f  850/286/1322 916/338/1454 848/287/1323
f  914/337/1453 917/341/1459 915/340/1456
f  914/339/1455 919/342/1460 917/343/1461
f  915/340/1456 917/341/1459 918/344/1462
f  915/340/1457 918/344/1463 916/338/1458
f  916/338/1458 918/344/1463 919/342/1464
f  916/338/1454 919/342/1460 914/339/1455
f  917/341/1459 920/345/1465 918/344/1462
f  917/343/1461 922/346/1466 920/347/1467
f  918/344/1462 920/345/1465 921/348/1468
f  918/344/1463 921/348/1469 919/342/1464
f  919/342/1464 921/348/1469 922/346/1470
f  919/342/1460 922/346/1466 917/343/1461
f  920/345/1465 923/349/1471 921/348/1468
f  920/347/1467 925/350/1472 923/351/1473
f  921/348/1468 923/349/1471 924/352/1474
f  921/348/1469 924/352/1475 922/346/1470
f  922/346/1470 924/352/1475 925/350/1476
f  922/346/1466 925/350/1472 920/347/1467
f  923/349/1471 926/353/1477 924/352/1474
f  923/351/1473 928/354/1478 926/355/1479
f  924/352/1474 926/353/1477 927/356/1480
f  924/352/1475 927/356/1481 925/350/1476
f  925/350/1476 927/356/1481 928/354/1482
f  925/350/1472 928/354/1478 923/351/1473
f  926/353/1477 929/357/1483 927/356/1480
f  926/355/1479 931/358/1484 929/359/1485
f  927/356/1480 929/357/1483 930/360/1486
f  927/356/1481 930/360/1487 928/354/1482
f  928/354/1482 930/360/1487 931/358/1488
f  928/354/1478 931/358/1484 926/355/1479
f  929/357/1483 932/361/1489 930/360/1486
f  929/359/1485 934/362/1490 932/363/1491
f  930/360/1486 932/361/1489 933/364/1492
f  930/360/1487 933/364/1493 931/358/1488
f  931/358/1488 933/364/1493 934/362/1494
f  931/358/1484 934/362/1490 929/359/1485
f  932/361/1489 935/365/1495 933/364/1492
f  932/363/1491 937/366/1496 935/367/1497
f  933/364/1492 935/365/1495 936/368/1498
f  933/364/1493 936/368/1499 934/362/1494
f  934/362/1494 936/368/1499 937/366/1500
f  934/362/1490 937/366/1496 932/363/1491
f  935/365/1501 938/369/1502 939/370/1503
f  935/365/1501 939/370/1503 936/368/1504
f  935/367/1501 942/371/1505 938/372/1502
f  936/368/1504 939/370/1503 940/373/1506
f  936/368/1504 940/373/1506 941/374/1507
f  936/368/1504 941/374/1507 937/366/1508
f  937/366/1508 941/374/1507 942/371/1505
f  937/366/1508 942/371/1505 935/367/1501
f  878/307/1381 943/375/1509 879/310/1384
f  878/309/1383 945/376/1510 943/377/1511
f  879/310/1384 943/375/1509 944/378/1512
f  879/310/1385 944/378/1513 880/308/1386
f  880/308/1386 944/378/1513 945/376/1514
f  880/308/1382 945/376/1510 878/309/1383
f  943/375/1509 946/379/1515 944/378/1512
f  943/377/1511 948/380/1516 946/381/1517
f  944/378/1512 946/379/1515 947/382/1518
f  944/378/1513 947/382/1519 945/376/1514
f  945/376/1514 947/382/1519 948/380/1520
f  945/376/1510 948/380/1516 943/377/1511
f  946/379/1515 949/383/1521 947/382/1518
f  946/381/1517 951/384/1522 949/385/1523
f  947/382/1518 949/383/1521 950/386/1524
f  947/382/1519 950/386/1525 948/380/1520
f  948/380/1520 950/386/1525 951/384/1526
f  948/380/1516 951/384/1522 946/381/1517
f  949/383/1521 952/387/1527 950/386/1524
f  949/385/1523 954/388/1528 952/389/1529
f  950/386/1524 952/387/1527 953/390/1530
f  950/386/1525 953/390/1531 951/384/1526
f  951/384/1526 953/390/1531 954/388/1532
f  951/384/1522 954/388/1528 949/385/1523
f  952/387/1527 955/391/1533 953/390/1530
f  952/389/1529 957/392/1534 955/393/1535
f  953/390/1530 955/391/1533 956/394/1536
f  953/390/1531 956/394/1537 954/388/1532
f  954/388/1532 956/394/1537 957/392/1538
f  954/388/1528 957/392/1534 952/389/1529
f  955/391/1533 958/395/1539 956/394/1536
f  955/393/1535 960/396/1540 958/397/1541
f  956/394/1536 958/395/1539 959/398/1542
f  956/394/1537 959/398/1543 957/392/1538
f  957/392/1538 959/398/1543 960/396/1544
f  957/392/1534 960/396/1540 955/393/1535
f  958/395/1539 961/399/1545 959/398/1542
f  958/397/1541 963/400/1546 961/401/1547
f  959/398/1542 961/399/1545 962/402/1548
f  959/398/1543 962/402/1549 960/396/1544
f  960/396/1544 962/402/1549 963/400/1550
f  960/396/1540 963/400/1546 958/397/1541
f  961/399/1545 964/403/1551 962/402/1548
f  961/401/1547 966/404/1552 964/405/1553
f  962/402/1548 964/403/1551 965/406/1554
f  962/402/1549 965/406/1555 963/400/1550
f  963/400/1550 965/406/1555 966/404/1556
f  963/400/1546 966/404/1552 961/401/1547
f  964/403/1557 967/369/1558 968/370/1559
f  964/403/1557 968/370/1559 965/406/1560
f  964/405/1557 971/371/1561 967/372/1558
f  965/406/1560 968/370/1559 969/373/1562
f  965/406/1560 969/373/1562 970/374/1563
f  965/406/1560 970/374/1563 966/404/1564
f  966/404/1564 970/374/1563 971/371/1561
f  966/404/1564 971/371/1561 964/405/1557
f  911/333/1447 972/407/1565 912/336/1450
f  911/335/1449 974/408/1566 972/409/1567
f  912/336/1450 972/407/1565 973/410/1568
f  912/336/1451 973/410/1569 913/334/1452
f  913/334/1452 973/410/1569 974/408/1570
f  913/334/1448 974/408/1566 911/335/1449
f  972/407/1565 975/411/1571 973/410/1568
f  972/409/1567 977/412/1572 975/413/1573
f  973/410/1568 975/411/1571 976/414/1574
f  973/410/1569 976/414/1575 974/408/1570
f  974/408/1570 976/414/1575 977/412/1576
f  974/408/1566 977/412/1572 972/409/1567
f  975/411/1571 978/415/1577 976/414/1574
f  975/413/1573 980/416/1578 978/417/1579
f  976/414/1574 978/415/1577 979/418/1580
f  976/414/1575 979/418/1581 977/412/1576
f  977/412/1576 979/418/1581 980/416/1582
f  977/412/1572 980/416/1578 975/413/1573
f  978/415/1577 981/419/1583 979/418/1580
f  978/417/1579 983/420/1584 981/421/1585
f  979/418/1580 981/419/1583 982/422/1586
f  979/418/1581 982/422/1587 980/416/1582
f  980/416/1582 982/422/1587 983/420/1588
f  980/416/1578 983/420/1584 978/417/1579
f  981/419/1583 984/423/1589 982/422/1586
f  981/421/1585 986/424/1590 984/425/1591
f  982/422/1586 984/423/1589 985/426/1592
f  982/422/1587 985/426/1593 983/420/1588
f  983/420/1588 985/426/1593 986/424/1594
f  983/420/1584 986/424/1590 981/421/1585
f  984/423/1589 987/427/1595 985/426/1592
f  984/425/1591 989/428/1596 987/429/1597
f  985/426/1592 987/427/1595 988/430/1598
f  985/426/1593 988/430/1599 986/424/1594
f  986/424/1594 988/430/1599 989/428/1600
f  986/424/1590 989/428/1596 984/425/1591
f  987/427/1595 990/431/1601 988/430/1598
f  987/429/1597 992/432/1602 990/433/1603
f  988/430/1598 990/431/1601 991/434/1604
f  988/430/1599 991/434/1605 989/428/1600
f  989/428/1600 991/434/1605 992/432/1606
f  989/428/1596 992/432/1602 987/429/1597
f  990/431/1601 993/435/1607 991/434/1604
f  990/433/1603 995/436/1608 993/437/1609
f  991/434/1604 993/435/1607 994/438/1610
f  991/434/1605 994/438/1611 992/432/1606
f  992/432/1606 994/438/1611 995/436/1612
f  992/432/1602 995/436/1608 990/433/1603
f  993/435/1613 996/369/1614 997/370/1615
f  993/435/1613 997/370/1615 994/438/1616
f  993/437/1613 1000/371/1617 996/372/1614
f  994/438/1616 997/370/1615 998/373/1618
f  994/438/1616 998/373/1618 999/374/1619
f  994/438/1616 999/374/1619 995/436/1620
f  995/436/1620 999/374/1619 1000/371/1617
f  995/436/1620 1000/371/1617 993/437/1613
usemtl Center
f  938/369/1621 1001/439/1622 939/370/1623
f  938/372/1624 1005/440/1625 1001/441/1626
f  939/370/1623 1001/439/1622 1002/442/1627
f  939/370/1628 1002/442/1629 940/373/1630
f  940/373/1630 1002/442/1629 1003/443/1631
f  940/373/1632 1003/443/1633 941/374/1634
f  941/374/1634 1003/443/1633 1004/444/1635
f  941/374/1636 1004/444/1637 942/371/1638
f  942/371/1638 1004/444/1637 1005/440/1639
f  942/371/1640 1005/440/1625 938/372/1624
f  1001/439/1622 1006/445/1641 1002/442/1627
f  1001/441/1626 1010/446/1642 1006/447/1643
f  1002/442/1627 1006/445/1641 1007/448/1644
f  1002/442/1629 1007/448/1645 1003/443/1631
f  1003/443/1631 1007/448/1645 1008/449/1646
f  1003/443/1633 1008/449/1647 1004/444/1635
f  1004/444/1635 1008/449/1647 1009/450/1648
f  1004/444/1637 1009/450/1649 1005/440/1639
f  1005/440/1639 1009/450/1649 1010/446/1650
f  1005/440/1625 1010/446/1642 1001/441/1626
f  1006/445/1641 1011/451/1651 1007/448/1644
f  1006/447/1643 1015/452/1652 1011/453/1653
f  1007/448/1644 1011/451/1651 1012/454/1654
f  1007/448/1645 1012/454/1655 1008/449/1646
f  1008/449/1646 1012/454/1655 1013/455/1656
f  1008/449/1647 1013/455/1657 1009/450/1648
f  1009/450/1648 1013/455/1657 1014/456/1658
f  1009/450/1649 1014/456/1659 1010/446/1650
f  1010/446/1650 1014/456/1659 1015/452/1660
f  1010/446/1642 1015/452/1652 1006/447/1643
f  1011/451/1651 1016/457/1661 1012/454/1654
f  1011/453/1653 1020/458/1662 1016/459/1663
f  1012/454/1654 1016/457/1661 1017/460/1664
f  1012/454/1655 1017/460/1665 1013/455/1656
f  1013/455/1656 1017/460/1665 1018/461/1666
f  1013/455/1657 1018/461/1667 1014/456/1658
f  1014/456/1658 1018/461/1667 1019/462/1668
f  1014/456/1659 1019/462/1669 1015/452/1660
f  1015/452/1660 1019/462/1669 1020/458/1670
f  1015/452/1652 1020/458/1662 1011/453/1653
f  967/369/1671 1021/439/1672 968/370/1673
f  967/372/1674 1025/440/1675 1021/441/1676
f  968/370/1673 1021/439/1672 1022/442/1677
f  968/370/1678 1022/442/1679 969/373/1680
f  969/373/1680 1022/442/1679 1023/443/1681
f  969/373/1682 1023/443/1683 970/374/1684
f  970/374/1684 1023/443/1683 1024/444/1685
f  970/374/1686 1024/444/1687 971/371/1688
f  971/371/1688 1024/444/1687 1025/440/1689
f  971/371/1690 1025/440/1675 967/372/1674
f  1021/439/1672 1026/445/1691 1022/442/1677
f  1021/441/1676 1030/446/1692 1026/447/1693
f  1022/442/1677 1026/445/1691 1027/448/1694
f  1022/442/1679 1027/448/1695 1023/443/1681
f  1023/443/1681 1027/448/1695 1028/449/1696
f  1023/443/1683 1028/449/1697 1024/444/1685
f  1024/444/1685 1028/449/1697 1029/450/1698
f  1024/444/1687 1029/450/1699 1025/440/1689
f  1025/440/1689 1029/450/1699 1030/446/1700
f  1025/440/1675 1030/446/1692 1021/441/1676
f  1026/445/1691 1031/451/1701 1027/448/1694
f  1026/447/1693 1035/452/1702 1031/453/1703
f  1027/448/1694 1031/451/1701 1032/454/1704
f  1027/448/1695 1032/454/1705 1028/449/1696
f  1028/449/1696 1032/454/1705 1033/455/1706
f  1028/449/1697 1033/455/1707 1029/450/1698
f  1029/450/1698 1033/455/1707 1034/456/1708
f  1029/450/1699 1034/456/1709 1030/446/1700
f  1030/446/1700 1034/456/1709 1035/452/1710
f  1030/446/1692 1035/452/1702 1026/447/1693
f  1031/451/1701 1036/457/1711 1032/454/1704
f  1031/453/1703 1040/458/1712 1036/459/1713
f  1032/454/1704 1036/457/1711 1037/460/1714
f  1032/454/1705 1037/460/1715 1033/455/1706
f  1033/455/1706 1037/460/1715 1038/461/1716
f  1033/455/1707 1038/461/1717 1034/456/1708
f  1034/456/1708 1038/461/1717 1039/462/1718
f  1034/456/1709 1039/462/1719 1035/452/1710
f  1035/452/1710 1039/462/1719 1040/458/1720
f  1035/452/1702 1040/458/1712 1031/453/1703
f  996/369/1721 1041/439/1722 997/370/1723
f  996/372/1724 1045/440/1725 1041/441/1726
f  997/370/1723 1041/439/1722 1042/442/1727
f  997/370/1728 1042/442/1729 998/373/1730
f  998/373/1730 1042/442/1729 1043/443/1731
f  998/373/1732 1043/443/1733 999/374/1734
f  999/374/1734 1043/443/1733 1044/444/1735
f  999/374/1736 1044/444/1737 1000/371/1738
f  1000/371/1738 1044/444/1737 1045/440/1739
f  1000/371/1740 1045/440/1725 996/372/1724
f  1041/439/1722 1046/445/1741 1042/442/1727
f  1041/441/1726 1050/446/1742 1046/447/1743
f  1042/442/1727 1046/445/1741 1047/448/1744
f  1042/442/1729 1047/448/1745 1043/443/1731
f  1043/443/1731 1047/448/1745 1048/449/1746
f  1043/443/1733 1048/449/1747 1044/444/1735
f  1044/444/1735 1048/449/1747 1049/450/1748
f  1044/444/1737 1049/450/1749 1045/440/1739
f  1045/440/1739 1049/450/1749 1050/446/1750
f  1045/440/1725 1050/446/1742 1041/441/1726
f  1046/445/1741 1051/451/1751 1047/448/1744
f  1046/447/1743 1055/452/1752 1051/453/1753
f  1047/448/1744 1051/451/1751 1052/454/1754
f  1047/448/1745 1052/454/1755 1048/449/1746
f  1048/449/1746 1052/454/1755 1053/455/1756
f  1048/449/1747 1053/455/1757 1049/450/1748
f  1049/450/1748 1053/455/1757 1054/456/1758
f  1049/450/1749 1054/456/1759 1050/446/1750
f  1050/446/1750 1054/456/1759 1055/452/1760
f  1050/446/1742 1055/452/1752 1046/447/1743
f  1051/451/1751 1056/457/1761 1052/454/1754
f  1051/453/1753 1060/458/1762 1056/459/1763
f  1052/454/1754 1056/457/1761 1057/460/1764
f  1052/454/1755 1057/460/1765 1053/455/1756
f  1053/455/1756 1057/460/1765 1058/461/1766
f  1053/455/1757 1058/461/1767 1054/456/1758
f  1054/456/1758 1058/461/1767 1059/462/1768
f  1054/456/1759 1059/462/1769 1055/452/1760
f  1055/452/1760 1059/462/1769 1060/458/1770
f  1055/452/1752 1060/458/1762 1051/453/1753
usemtl Stalk2
f  1061/463/1771 1064/464/1772 1062/465/1773
f  1061/466/1774 1066/467/1775 1064/468/1776
f  1062/465/1773 1064/464/1772 1065/469/1777
f  1062/465/1778 1065/469/1779 1063/470/1780
f  1063/470/1780 1065/469/1779 1066/467/1781
f  1063/470/1782 1066/467/1775 1061/466/1774
f  1064/464/1772 1067/471/1783 1065/469/1777
f  1064/468/1776 1069/472/1784 1067/473/1785
f  1065/469/1777 1067/471/1783 1068/474/1786
f  1065/469/1779 1068/474/1787 1066/467/1781
f  1066/467/1781 1068/474/1787 1069/472/1788
f  1066/467/1775 1069/472/1784 1064/468/1776
f  1067/471/1783 1070/475/1789 1068/474/1786
f  1067/473/1785 1072/476/1790 1070/477/1791
f  1068/474/1786 1070/475/1789 1071/478/1792
f  1068/474/1787 1071/478/1793 1069/472/1788
f  1069/472/1788 1071/478/1793 1072/476/1794
f  1069/472/1784 1072/476/1790 1067/473/1785
f  1070/475/1789 1073/479/1795 1071/478/1792
f  1070/477/1791 1075/480/1796 1073/481/1797
f  1071/478/1792 1073/479/1795 1074/482/1798
f  1071/478/1793 1074/482/1799 1072/476/1794
f  1072/476/1794 1074/482/1799 1075/480/1800
f  1072/476/1790 1075/480/1796 1070/477/1791
f  1076/483/1801 1079/484/1802 1077/485/1803
f  1076/486/1804 1081/487/1805 1079/488/1806
f  1077/485/1803 1079/484/1802 1080/489/1807
f  1077/485/1808 1080/489/1809 1078/490/1810
f  1078/490/1810 1080/489/1809 1081/487/1811
f  1078/490/1812 1081/487/1805 1076/486/1804
f  1079/484/1802 1082/491/1813 1080/489/1807
f  1079/488/1806 1084/492/1814 1082/493/1815
f  1080/489/1807 1082/491/1813 1083/494/1816
f  1080/489/1809 1083/494/1817 1081/487/1811
f  1081/487/1811 1083/494/1817 1084/492/1818
f  1081/487/1805 1084/492/1814 1079/488/1806
f  1082/491/1813 1085/495/1819 1083/494/1816
f  1082/493/1815 1087/496/1820 1085/497/1821
f  1083/494/1816 1085/495/1819 1086/498/1822
f  1083/494/1817 1086/498/1823 1084/492/1818
f  1084/492/1818 1086/498/1823 1087/496/1824
f  1084/492/1814 1087/496/1820 1082/493/1815
f  1085/495/1819 1088/499/1825 1086/498/1822
f  1085/497/1821 1090/500/1826 1088/501/1827
f  1086/498/1822 1088/499/1825 1089/502/1828
f  1086/498/1823 1089/502/1829 1087/496/1824
f  1087/496/1824 1089/502/1829 1090/500/1830
f  1087/496/1820 1090/500/1826 1085/497/1821
f  1091/503/1831 1094/504/1832 1092/505/1833
f  1091/506/1834 1096/507/1835 1094/508/1836
f  1092/505/1833 1094/504/1832 1095/509/1837
f  1092/505/1838 1095/509/1839 1093/510/1840
f  1093/510/1840 1095/509/1839 1096/507/1841
f  1093/510/1842 1096/507/1835 1091/506/1834
f  1094/504/1832 1097/511/1843 1095/509/1837
f  1094/508/1836 1099/512/1844 1097/513/1845
f  1095/509/1837 1097/511/1843 1098/514/1846
f  1095/509/1839 1098/514/1847 1096/507/1841
f  1096/507/1841 1098/514/1847 1099/512/1848
f  1096/507/1835 1099/512/1844 1094/508/1836
f  1097/511/1843 1100/515/1849 1098/514/1846
f  1097/513/1845 1102/516/1850 1100/517/1851
f  1098/514/1846 1100/515/1849 1101/518/1852
f  1098/514/1847 1101/518/1853 1099/512/1848
f  1099/512/1848 1101/518/1853 1102/516/1854
f  1099/512/1844 1102/516/1850 1097/513/1845
f  1100/515/1849 1103/519/1855 1101/518/1852
f  1100/517/1851 1105/520/1856 1103/521/1857
f  1101/518/1852 1103/519/1855 1104/522/1858
f  1101/518/1853 1104/522/1859 1102/516/1854
f  1102/516/1854 1104/522/1859 1105/520/1860
f  1102/516/1850 1105/520/1856 1100/517/1851
usemtl Petal
f  1106/1/1861 1109/49/1862 1107/3/1863
f  1107/3/1863 1109/49/1862 1110/523/1864
f  1107/3/1863 1110/523/1864 1108/5/1865
f  1108/5/1865 1110/523/1864 1111/52/1866
f  1109/49/1862 1112/55/1867 1110/523/1864
f  1110/523/1864 1112/55/1867 1113/524/1868
f  1110/523/1864 1113/524/1868 1111/52/1866
f  1111/52/1866 1113/524/1868 1114/57/1869
f  1112/55/1867 1115/59/1870 1113/524/1868
f  1113/524/1868 1115/59/1870 1116/525/1871
f  1113/524/1868 1116/525/1871 1114/57/1869
f  1114/57/1869 1116/525/1871 1117/61/1872
f  1115/59/1870 1118/63/1873 1116/525/1871
f  1116/525/1871 1118/63/1873 1119/526/1874
f  1116/525/1871 1119/526/1874 1117/61/1872
f  1117/61/1872 1119/526/1874 1120/65/1875
f  1118/63/1873 1121/14/1876 1119/526/1874
f  1119/526/1874 1121/14/1877 1120/65/1875
f  1122/1/1878 1125/49/1879 1123/3/1880
f  1123/3/1880 1125/49/1879 1126/523/1881
f  1123/3/1880 1126/523/1881 1124/5/1882
f  1124/5/1882 1126/523/1881 1127/52/1883
f  1125/49/1879 1128/55/1884 1126/523/1881
f  1126/523/1881 1128/55/1884 1129/524/1885
f  1126/523/1881 1129/524/1885 1127/52/1883
f  1127/52/1883 1129/524/1885 1130/57/1886
f  1128/55/1884 1131/59/1887 1129/524/1885
f  1129/524/1885 1131/59/1887 1132/525/1888
f  1129/524/1885 1132/525/1888 1130/57/1886
f  1130/57/1886 1132/525/1888 1133/61/1889
f  1131/59/1887 1134/63/1890 1132/525/1888
f  1132/525/1888 1134/63/1890 1135/526/1891
f  1132/525/1888 1135/526/1891 1133/61/1889
f  1133/61/1889 1135/526/1891 1136/65/1892
f  1134/63/1890 1137/14/1893 1135/526/1891
f  1135/526/1891 1137/14/1894 1136/65/1892
f  1138/1/1895 1141/49/1896 1139/3/1897
f  1139/3/1897 1141/49/1896 1142/523/1898
f  1139/3/1897 1142/523/1898 1140/5/1899
f  1140/5/1899 1142/523/1898 1143/52/1900
f  1141/49/1896 1144/55/1901 1142/523/1898
f  1142/523/1898 1144/55/1901 1145/524/1902
f  1142/523/1898 1145/524/1902 1143/52/1900
f  1143/52/1900 1145/524/1902 1146/57/1903
f  1144/55/1901 1147/59/1904 1145/524/1902
f  1145/524/1902 1147/59/1904 1148/525/1905
f  1145/524/1902 1148/525/1905 1146/57/1903
f  1146/57/1903 1148/525/1905 1149/61/1906
f  1147/59/1904 1150/63/1907 1148/525/1905
f  1148/525/1905 1150/63/1907 1151/526/1908
f  1148/525/1905 1151/526/1908 1149/61/1906
f  1149/61/1906 1151/526/1908 1152/65/1909
f  1150/63/1907 1153/14/1910 1151/526/1908
f  1151/526/1908 1153/14/1911 1152/65/1909
f  1154/1/1912 1157/49/1913 1155/3/1914
f  1155/3/1914 1157/49/1913 1158/523/1915
f  1155/3/1916 1158/523/1917 1156/5/1918
f  1156/5/1918 1158/523/1917 1159/52/1919
f  1157/49/1913 1160/55/1920 1158/523/1915
f  1158/523/1915 1160/55/1920 1161/524/1921
f  1158/523/1917 1161/524/1922 1159/52/1919
f  1159/52/1919 1161/524/1922 1162/57/1923
f  1160/55/1920 1163/59/1924 1161/524/1921
f  1161/524/1921 1163/59/1924 1164/525/1925
f  1161/524/1922 1164/525/1926 1162/57/1923
f  1162/57/1923 1164/525/1926 1165/61/1927
f  1163/59/1924 1166/63/1928 1164/525/1925
f  1164/525/1925 1166/63/1928 1167/526/1929
f  1164/525/1926 1167/526/1930 1165/61/1927
f  1165/61/1927 1167/526/1930 1168/65/1931
f  1166/63/1928 1169/14/1932 1167/526/1929
f  1167/526/1930 1169/14/1933 1168/65/1931
f  1170/1/1934 1173/49/1935 1171/3/1936
f  1171/3/1936 1173/49/1935 1174/523/1937
f  1171/3/1938 1174/523/1939 1172/5/1940
f  1172/5/1940 1174/523/1939 1175/52/1941
f  1173/49/1935 1176/55/1942 1174/523/1937
f  1174/523/1937 1176/55/1942 1177/524/1943
f  1174/523/1939 1177/524/1944 1175/52/1941
f  1175/52/1941 1177/524/1944 1178/57/1945
f  1176/55/1942 1179/59/1946 1177/524/1943
f  1177/524/1943 1179/59/1946 1180/525/1947
f  1177/524/1944 1180/525/1948 1178/57/1945
f  1178/57/1945 1180/525/1948 1181/61/1949
f  1179/59/1946 1182/63/1950 1180/525/1947
f  1180/525/1947 1182/63/1950 1183/526/1951
f  1180/525/1948 1183/526/1952 1181/61/1949
f  1181/61/1949 1183/526/1952 1184/65/1953
f  1182/63/1950 1185/14/1954 1183/526/1951
f  1183/526/1952 1185/14/1955 1184/65/1953
f  1186/1/1956 1189/49/1957 1187/3/1958
f  1187/3/1958 1189/49/1957 1190/523/1959
f  1187/3/1960 1190/523/1961 1188/5/1962
f  1188/5/1962 1190/523/1961 1191/52/1963
f  1189/49/1957 1192/55/1964 1190/523/1959
f  1190/523/1959 1192/55/1964 1193/524/1965
f  1190/523/1961 1193/524/1966 1191/52/1963
f  1191/52/1963 1193/524/1966 1194/57/1967
f  1192/55/1964 1195/59/1968 1193/524/1965
f  1193/524/1965 1195/59/1968 1196/525/1969
f  1193/524/1966 1196/525/1970 1194/57/1967
f  1194/57/1967 1196/525/1970 1197/61/1971
f  1195/59/1968 1198/63/1972 1196/525/1969
f  1196/525/1969 1198/63/1972 1199/526/1973
f  1196/525/1970 1199/526/1974 1197/61/1971
f  1197/61/1971 1199/526/1974 1200/65/1975
f  1198/63/1972 1201/14/1976 1199/526/1973
f  1199/526/1974 1201/14/1977 1200/65/1975
f  1202/1/1978 1205/49/1979 1203/3/1980
f  1203/3/1980 1205/49/1979 1206/523/1981
f  1203/3/1982 1206/523/1983 1204/5/1984
f  1204/5/1984 1206/523/1983 1207/52/1985
f  1205/49/1979 1208/55/1986 1206/523/1981
f  1206/523/1981 1208/55/1986 1209/524/1987
f  1206/523/1983 1209/524/1988 1207/52/1985
f  1207/52/1985 1209/524/1988 1210/57/1989
f  1208/55/1986 1211/59/1990 1209/524/1987
f  1209/524/1987 1211/59/1990 1212/525/1991
f  1209/524/1988 1212/525/1992 1210/57/1989
f  1210/57/1989 1212/525/1992 1213/61/1993
f  1211/59/1990 1214/63/1994 1212/525/1991
f  1212/525/1991 1214/63/1994 1215/526/1995
f  1212/525/1992 1215/526/1996 1213/61/1993
f  1213/61/1993 1215/526/1996 1216/65/1997
f  1214/63/1994 1217/14/1998 1215/526/1995
f  1215/526/1996 1217/14/1999 1216/65/1997
f  1218/1/2000 1221/49/2001 1219/3/2002
f  1219/3/2002 1221/49/2001 1222/523/2003
f  1219/3/2004 1222/523/2005 1220/5/2006
f  1220/5/2006 1222/523/2005 1223/52/2007
f  1221/49/2001 1224/55/2008 1222/523/2003
f  1222/523/2003 1224/55/2008 1225/524/2009
f  1222/523/2005 1225/524/2010 1223/52/2007
f  1223/52/2007 1225/524/2010 1226/57/2011
f  1224/55/2008 1227/59/2012 1225/524/2009
f  1225/524/2009 1227/59/2012 1228/525/2013
f  1225/524/2010 1228/525/2014 1226/57/2011
f  1226/57/2011 1228/525/2014 1229/61/2015
f  1227/59/2012 1230/63/2016 1228/525/2013
f  1228/525/2013 1230/63/2016 1231/526/2017
f  1228/525/2014 1231/526/2018 1229/61/2015
f  1229/61/2015 1231/526/2018 1232/65/2019
f  1230/63/2016 1233/14/2020 1231/526/2017
f  1231/526/2018 1233/14/2021 1232/65/2019
f  1234/1/2022 1237/49/2023 1235/3/2024
f  1235/3/2024 1237/49/2023 1238/523/2025
f  1235/3/2026 1238/523/2027 1236/5/2028
f  1236/5/2028 1238/523/2027 1239/52/2029
f  1237/49/2023 1240/55/2030 1238/523/2025
f  1238/523/2025 1240/55/2030 1241/524/2031
f  1238/523/2027 1241/524/2032 1239/52/2029
f  1239/52/2029 1241/524/2032 1242/57/2033
f  1240/55/2030 1243/59/2034 1241/524/2031
f  1241/524/2031 1243/59/2034 1244/525/2035
f  1241/524/2032 1244/525/2036 1242/57/2033
f  1242/57/2033 1244/525/2036 1245/61/2037
f  1243/59/2034 1246/63/2038 1244/525/2035
f  1244/525/2035 1246/63/2038 1247/526/2039
f  1244/525/2036 1247/526/2040 1245/61/2037
f  1245/61/2037 1247/526/2040 1248/65/2041
f  1246/63/2038 1249/14/2042 1247/526/2039
f  1247/526/2040 1249/14/2043 1248/65/2041
f  1250/1/2044 1253/185/2045 1251/3/2046
f  1251/3/2046 1253/185/2045 1254/186/2047
f  1251/3/2048 1254/186/2049 1252/5/2050
f  1252/5/2050 1254/186/2049 1255/187/2051
f  1253/185/2045 1256/188/2052 1254/186/2047
f  1254/186/2047 1256/188/2052 1257/189/2053
f  1254/186/2049 1257/189/2054 1255/187/2051
f  1255/187/2051 1257/189/2054 1258/190/2055
f  1256/188/2052 1259/191/2056 1257/189/2053
f  1257/189/2053 1259/191/2056 1260/192/2057
f  1257/189/2054 1260/192/2058 1258/190/2055
f  1258/190/2055 1260/192/2058 1261/193/2059
f  1259/191/2056 1262/194/2060 1260/192/2057
f  1260/192/2057 1262/194/2060 1263/195/2061
f  1260/192/2058 1263/195/2062 1261/193/2059
f  1261/193/2059 1263/195/2062 1264/196/2063
f  1262/194/2060 1265/197/2064 1263/195/2061
f  1263/195/2061 1265/197/2064 1266/198/2065
f  1263/195/2062 1266/198/2066 1264/196/2063
f  1264/196/2067 1266/198/2067 1267/199/2067
f  1265/197/2064 1268/200/2068 1266/198/2065
f  1266/198/2065 1268/200/2068 1269/201/2069
f  1266/198/2066 1269/201/2070 1267/199/2071
f  1267/199/2071 1269/201/2070 1270/202/2072
f  1268/200/2073 1271/14/2073 1269/201/2073
f  1269/201/2070 1271/14/2074 1270/202/2074
f  1272/1/2075 1275/185/2076 1273/3/2077
f  1273/3/2077 1275/185/2076 1276/186/2078
f  1273/3/2079 1276/186/2080 1274/5/2081
f  1274/5/2081 1276/186/2080 1277/187/2082
f  1275/185/2076 1278/188/2083 1276/186/2078
f  1276/186/2078 1278/188/2083 1279/189/2084
f  1276/186/2080 1279/189/2085 1277/187/2082
f  1277/187/2082 1279/189/2085 1280/190/2086
f  1278/188/2083 1281/191/2087 1279/189/2084
f  1279/189/2084 1281/191/2087 1282/192/2088
f  1279/189/2085 1282/192/2089 1280/190/2086
f  1280/190/2086 1282/192/2089 1283/193/2090
f  1281/191/2087 1284/194/2091 1282/192/2088
f  1282/192/2088 1284/194/2091 1285/195/2092
f  1282/192/2089 1285/195/2093 1283/193/2090
f  1283/193/2090 1285/195/2093 1286/196/2094
f  1284/194/2091 1287/197/2095 1285/195/2092
f  1285/195/2092 1287/197/2095 1288/198/2096
f  1285/195/2093 1288/198/2097 1286/196/2094
f  1286/196/2098 1288/198/2098 1289/199/2098
f  1287/197/2095 1290/200/2099 1288/198/2096
f  1288/198/2096 1290/200/2099 1291/201/2100
f  1288/198/2097 1291/201/2101 1289/199/2102
f  1289/199/2102 1291/201/2101 1292/202/2103
f  1290/200/2104 1293/14/2104 1291/201/2104
f  1291/201/2101 1293/14/2105 1292/202/2105
f  1294/1/2106 1297/185/2107 1295/3/2108
f  1295/3/2108 1297/185/2107 1298/186/2109
f  1295/3/2110 1298/186/2111 1296/5/2112
f  1296/5/2112 1298/186/2111 1299/187/2113
f  1297/185/2107 1300/188/2114 1298/186/2109
f  1298/186/2109 1300/188/2114 1301/189/2115
f  1298/186/2111 1301/189/2116 1299/187/2113
f  1299/187/2113 1301/189/2116 1302/190/2117
f  1300/188/2114 1303/191/2118 1301/189/2115
f  1301/189/2115 1303/191/2118 1304/192/2119
f  1301/189/2116 1304/192/2120 1302/190/2117
f  1302/190/2117 1304/192/2120 1305/193/2121
f  1303/191/2118 1306/194/2122 1304/192/2119
f  1304/192/2119 1306/194/2122 1307/195/2123
f  1304/192/2120 1307/195/2124 1305/193/2121
f  1305/193/2121 1307/195/2124 1308/196/2125
f  1306/194/2122 1309/197/2126 1307/195/2123
f  1307/195/2123 1309/197/2126 1310/198/2127
f  1307/195/2124 1310/198/2128 1308/196/2125
f  1308/196/2129 1310/198/2129 1311/199/2129
f  1309/197/2126 1312/200/2130 1310/198/2127
f  1310/198/2127 1312/200/2130 1313/201/2131
f  1310/198/2128 1313/201/2132 1311/199/2133
f  1311/199/2133 1313/201/2132 1314/202/2134
f  1312/200/2135 1315/14/2135 1313/201/2135
f  1313/201/2132 1315/14/2136 1314/202/2136
f  1316/1/2137 1319/185/2138 1317/3/2139
f  1317/3/2139 1319/185/2138 1320/186/2140
f  1317/3/2141 1320/186/2142 1318/5/2143
f  1318/5/2143 1320/186/2142 1321/187/2144
f  1319/185/2138 1322/188/2145 1320/186/2140
f  1320/186/2140 1322/188/2145 1323/189/2146
f  1320/186/2142 1323/189/2147 1321/187/2144
f  1321/187/2144 1323/189/2147 1324/190/2148
f  1322/188/2145 1325/191/2149 1323/189/2146
f  1323/189/2146 1325/191/2149 1326/192/2150
f  1323/189/2147 1326/192/2151 1324/190/2148
f  1324/190/2148 1326/192/2151 1327/193/2152
f  1325/191/2149 1328/194/2153 1326/192/2150
f  1326/192/2150 1328/194/2153 1329/195/2154
f  1326/192/2151 1329/195/2154 1327/193/2152
f  1327/193/2152 1329/195/2154 1330/196/2155
f  1328/194/2153 1331/197/2156 1329/195/2157
f  1329/195/2154 1331/197/2158 1332/198/2159
f  1329/195/2154 1332/198/2159 1330/196/2155
f  1330/196/2155 1332/198/2159 1333/199/2160
f  1331/197/2156 1334/200/2161 1332/198/2161
f  1332/198/2159 1334/200/2162 1335/201/2162
f  1332/198/2159 1335/201/2163 1333/199/2160
f  1333/199/2160 1335/201/2163 1336/202/2164
f  1334/200/2162 1337/14/2165 1335/201/2162
f  1335/201/2166 1337/14/2166 1336/202/2166
f  1338/1/2167 1341/185/2168 1339/3/2169
f  1339/3/2169 1341/185/2168 1342/186/2170
f  1339/3/2171 1342/186/2172 1340/5/2173
f  1340/5/2173 1342/186/2172 1343/187/2174
f  1341/185/2168 1344/188/2175 1342/186/2170
f  1342/186/2170 1344/188/2175 1345/189/2176
f  1342/186/2172 1345/189/2177 1343/187/2174
f  1343/187/2174 1345/189/2177 1346/190/2178
f  1344/188/2175 1347/191/2179 1345/189/2176
f  1345/189/2176 1347/191/2179 1348/192/2180
f  1345/189/2177 1348/192/2181 1346/190/2178
f  1346/190/2178 1348/192/2181 1349/193/2182
f  1347/191/2179 1350/194/2183 1348/192/2180
f  1348/192/2180 1350/194/2183 1351/195/2184
f  1348/192/2181 1351/195/2184 1349/193/2182
f  1349/193/2182 1351/195/2184 1352/196/2185
f  1350/194/2183 1353/197/2186 1351/195/2187
f  1351/195/2184 1353/197/2188 1354/198/2189
f  1351/195/2184 1354/198/2189 1352/196/2185
f  1352/196/2185 1354/198/2189 1355/199/2190
f  1353/197/2186 1356/200/2191 1354/198/2191
f  1354/198/2189 1356/200/2192 1357/201/2192
f  1354/198/2189 1357/201/2193 1355/199/2190
f  1355/199/2190 1357/201/2193 1358/202/2194
f  1356/200/2192 1359/14/2195 1357/201/2192
f  1357/201/2196 1359/14/2196 1358/202/2196
f  1360/1/2197 1363/185/2198 1361/3/2199
f  1361/3/2199 1363/185/2198 1364/186/2200
f  1361/3/2201 1364/186/2202 1362/5/2203
f  1362/5/2203 1364/186/2202 1365/187/2204
f  1363/185/2198 1366/188/2205 1364/186/2200
f  1364/186/2200 1366/188/2205 1367/189/2206
f  1364/186/2202 1367/189/2207 1365/187/2204
f  1365/187/2204 1367/189/2207 1368/190/2208
f  1366/188/2205 1369/191/2209 1367/189/2206
f  1367/189/2206 1369/191/2209 1370/192/2210
f  1367/189/2207 1370/192/2211 1368/190/2208
f  1368/190/2208 1370/192/2211 1371/193/2212
f  1369/191/2209 1372/194/2213 1370/192/2210
f  1370/192/2210 1372/194/2213 1373/195/2214
f  1370/192/2211 1373/195/2214 1371/193/2212
f  1371/193/2212 1373/195/2214 1374/196/2215
f  1372/194/2213 1375/197/2216 1373/195/2217
f  1373/195/2214 1375/197/2218 1376/198/2219
f  1373/195/2214 1376/198/2219 1374/196/2215
f  1374/196/2215 1376/198/2219 1377/199/2220
f  1375/197/2216 1378/200/2221 1376/198/2221
f  1376/198/2219 1378/200/2222 1379/201/2222
f  1376/198/2219 1379/201/2223 1377/199/2220
f  1377/199/2220 1379/201/2223 1380/202/2224
f  1378/200/2222 1381/14/2225 1379/201/2222
f  1379/201/2226 1381/14/2226 1380/202/2226
usemtl Leaf6
f  1382/1/2227 1384/13/2227 1383/5/2227
f  1383/5/2227 1384/13/2227 1385/15/2228
f  1386/1/2229 1388/13/2230 1387/5/2230
f  1387/5/2230 1388/13/2230 1389/15/2231
f  1390/1/2232 1392/13/2233 1391/5/2233
f  1391/5/2233 1392/13/2233 1393/15/2234
f  1394/1/2235 1396/13/2235 1395/5/2235
f  1395/5/2235 1396/13/2235 1397/15/2235
f  1398/1/2236 1400/13/2237 1399/5/2237
f  1399/5/2237 1400/13/2237 1401/15/2238
f  1402/1/2239 1404/13/2239 1403/5/2239
f  1403/5/2239 1404/13/2239 1405/15/2240
usemtl Stalk2
f  1406/89/2241 1409/527/2242 1407/528/2243
f  1407/528/2243 1409/527/2242 1410/529/2244
f  1407/528/2245 1410/529/2246 1408/91/2247
f  1408/91/2247 1410/529/2246 1411/530/2248
f  1409/527/2242 1412/531/2249 1410/529/2244
f  1410/529/2244 1412/531/2249 1413/532/2250
f  1410/529/2246 1413/532/2251 1411/530/2248
f  1411/530/2248 1413/532/2251 1414/533/2252
f  1412/531/2249 1415/534/2253 1413/532/2250
f  1413/532/2250 1415/534/2253 1416/535/2254
f  1413/532/2251 1416/535/2255 1414/533/2252
f  1414/533/2252 1416/535/2255 1417/536/2256
f  1415/534/2253 1418/109/2257 1416/535/2254
f  1416/535/2254 1418/109/2257 1419/537/2258
f  1416/535/2255 1419/537/2259 1417/536/2256
f  1417/536/2256 1419/537/2259 1420/111/2260
f  1418/109/2257 1421/538/2261 1419/537/2258
f  1419/537/2258 1421/538/2261 1422/539/2262
f  1419/537/2259 1422/539/2263 1420/111/2260
f  1420/111/2260 1422/539/2263 1423/540/2264
f  1421/538/2261 1424/541/2265 1422/539/2262
f  1422/539/2262 1424/541/2265 1425/542/2266
f  1422/539/2263 1425/542/2267 1423/540/2264
f  1423/540/2264 1425/542/2267 1426/543/2268
f  1424/541/2265 1427/544/2269 1425/542/2266
f  1425/542/2266 1427/544/2269 1428/545/2270
f  1425/542/2267 1428/545/2271 1426/543/2268
f  1426/543/2268 1428/545/2271 1429/546/2272
f  1427/544/2269 1430/129/2273 1428/545/2270
f  1428/545/2270 1430/129/2273 1431/547/2274
f  1428/545/2271 1431/547/2275 1429/546/2272
f  1429/546/2272 1431/547/2275 1432/131/2276
f  1430/129/2273 1433/548/2277 1431/547/2274
f  1431/547/2274 1433/548/2277 1434/549/2278
f  1431/547/2275 1434/549/2279 1432/131/2276
f  1432/131/2276 1434/549/2279 1435/550/2280
f  1433/548/2277 1436/551/2281 1434/549/2278
f  1434/549/2278 1436/551/2281 1437/552/2282
f  1434/549/2279 1437/552/2283 1435/550/2280
f  1435/550/2280 1437/552/2283 1438/553/2284
f  1436/551/2281 1439/554/2285 1437/552/2282
f  1437/552/2282 1439/554/2285 1440/555/2286
f  1437/552/2283 1440/555/2287 1438/553/2284
f  1438/553/2284 1440/555/2287 1441/556/2288
f  1439/554/2285 1442/149/2289 1440/555/2286
f  1440/555/2286 1442/149/2289 1443/224/2290
f  1440/555/2287 1443/224/2291 1441/556/2288
f  1441/556/2288 1443/224/2291 1444/151/2292
f  1445/69/2293 1448/557/2294 1446/558/2295
f  1446/558/2295 1448/557/2294 1449/559/2296
f  1446/558/2297 1449/559/2298 1447/71/2299
f  1447/71/2299 1449/559/2298 1450/560/2300
f  1448/557/2294 1451/561/2301 1449/559/2296
f  1449/559/2296 1451/561/2301 1452/562/2302
f  1449/559/2298 1452/562/2303 1450/560/2300
f  1450/560/2300 1452/562/2303 1453/563/2304
f  1451/561/2301 1454/564/2305 1452/562/2302
f  1452/562/2302 1454/564/2305 1455/565/2306
f  1452/562/2303 1455/565/2307 1453/563/2304
f  1453/563/2304 1455/565/2307 1456/566/2308
f  1454/564/2305 1457/89/2309 1455/565/2306
f  1455/565/2306 1457/89/2309 1458/528/2310
f  1455/565/2307 1458/528/2311 1456/566/2308
f  1456/566/2308 1458/528/2311 1459/91/2312
f  1457/89/2309 1460/527/2313 1458/528/2310
f  1458/528/2310 1460/527/2313 1461/529/2314
f  1458/528/2311 1461/529/2315 1459/91/2312
f  1459/91/2312 1461/529/2315 1462/530/2316
f  1460/527/2313 1463/531/2317 1461/529/2314
f  1461/529/2314 1463/531/2317 1464/532/2318
f  1461/529/2315 1464/532/2319 1462/530/2316
f  1462/530/2316 1464/532/2319 1465/533/2320
f  1463/531/2317 1466/534/2321 1464/532/2318
f  1464/532/2318 1466/534/2321 1467/535/2322
f  1464/532/2319 1467/535/2323 1465/533/2320
f  1465/533/2320 1467/535/2323 1468/536/2324
f  1466/534/2321 1469/109/2325 1467/535/2322
f  1467/535/2322 1469/109/2325 1470/537/2326
f  1467/535/2323 1470/537/2327 1468/536/2324
f  1468/536/2324 1470/537/2327 1471/111/2328
f  1469/109/2325 1472/538/2329 1470/537/2326
f  1470/537/2326 1472/538/2329 1473/539/2330
f  1470/537/2327 1473/539/2331 1471/111/2328
f  1471/111/2328 1473/539/2331 1474/540/2332
f  1472/538/2329 1475/541/2333 1473/539/2330
f  1473/539/2330 1475/541/2333 1476/542/2334
f  1473/539/2331 1476/542/2335 1474/540/2332
f  1474/540/2332 1476/542/2335 1477/543/2336
f  1475/541/2333 1478/544/2337 1476/542/2334
f  1476/542/2334 1478/544/2337 1479/545/2338
f  1476/542/2335 1479/545/2339 1477/543/2336
f  1477/543/2336 1479/545/2339 1480/546/2340
f  1481/89/2341 1484/527/2342 1482/528/2343
f  1482/528/2343 1484/527/2342 1485/529/2344
f  1482/528/2345 1485/529/2346 1483/91/2347
f  1483/91/2347 1485/529/2346 1486/530/2348
f  1484/527/2342 1487/531/2349 1485/529/2344
f  1485/529/2344 1487/531/2349 1488/532/2350
f  1485/529/2346 1488/532/2351 1486/530/2348
f  1486/530/2348 1488/532/2351 1489/533/2352
f  1487/531/2349 1490/534/2353 1488/532/2350
f  1488/532/2350 1490/534/2353 1491/535/2354
f  1488/532/2351 1491/535/2355 1489/533/2352
f  1489/533/2352 1491/535/2355 1492/536/2356
f  1490/534/2353 1493/109/2357 1491/535/2354
f  1491/535/2354 1493/109/2357 1494/537/2358
f  1491/535/2355 1494/537/2359 1492/536/2356
f  1492/536/2356 1494/537/2359 1495/111/2360
f  1493/109/2357 1496/538/2361 1494/537/2358
f  1494/537/2358 1496/538/2361 1497/539/2362
f  1494/537/2359 1497/539/2363 1495/111/2360
f  1495/111/2360 1497/539/2363 1498/540/2364
f  1496/538/2361 1499/541/2365 1497/539/2362
f  1497/539/2362 1499/541/2365 1500/542/2366
f  1497/539/2363 1500/542/2367 1498/540/2364
f  1498/540/2364 1500/542/2367 1501/543/2368
f  1499/541/2365 1502/544/2369 1500/542/2366
f  1500/542/2366 1502/544/2369 1503/545/2370
f  1500/542/2367 1503/545/2371 1501/543/2368
f  1501/543/2368 1503/545/2371 1504/546/2372
f  1502/544/2369 1505/129/2373 1503/545/2370
f  1503/545/2370 1505/129/2373 1506/547/2374
f  1503/545/2371 1506/547/2375 1504/546/2372
f  1504/546/2372 1506/547/2375 1507/131/2376
f  1508/69/2377 1511/557/2378 1509/558/2379
f  1509/558/2379 1511/557/2378 1512/559/2380
f  1509/558/2381 1512/559/2382 1510/71/2383
f  1510/71/2383 1512/559/2382 1513/560/2384
f  1511/557/2378 1514/561/2385 1512/559/2380
f  1512/559/2380 1514/561/2385 1515/562/2386
f  1512/559/2382 1515/562/2387 1513/560/2384
f  1513/560/2384 1515/562/2387 1516/563/2388
f  1514/561/2385 1517/564/2389 1515/562/2386
f  1515/562/2386 1517/564/2389 1518/565/2390
f  1515/562/2387 1518/565/2391 1516/563/2388
f  1516/563/2388 1518/565/2391 1519/566/2392
f  1517/564/2389 1520/89/2393 1518/565/2390
f  1518/565/2390 1520/89/2393 1521/528/2394
f  1518/565/2391 1521/528/2395 1519/566/2392
f  1519/566/2392 1521/528/2395 1522/91/2396
f  1520/89/2393 1523/527/2397 1521/528/2394
f  1521/528/2394 1523/527/2397 1524/529/2398
f  1521/528/2395 1524/529/2399 1522/91/2396
f  1522/91/2396 1524/529/2399 1525/530/2400
f  1523/527/2397 1526/531/2401 1524/529/2398
f  1524/529/2398 1526/531/2401 1527/532/2402
f  1524/529/2399 1527/532/2403 1525/530/2400
f  1525/530/2400 1527/532/2403 1528/533/2404
f  1526/531/2401 1529/534/2405 1527/532/2402
f  1527/532/2402 1529/534/2405 1530/535/2406
f  1527/532/2403 1530/535/2407 1528/533/2404
f  1528/533/2404 1530/535/2407 1531/536/2408
f  1529/534/2405 1532/109/2409 1530/535/2406
f  1530/535/2406 1532/109/2409 1533/537/2410
f  1530/535/2407 1533/537/2411 1531/536/2408
f  1531/536/2408 1533/537/2411 1534/111/2412
f  1532/109/2409 1535/538/2413 1533/537/2410
f  1533/537/2410 1535/538/2413 1536/539/2414
f  1533/537/2411 1536/539/2415 1534/111/2412
f  1534/111/2412 1536/539/2415 1537/540/2416
f  1538/89/2417 1541/527/2418 1539/528/2419
f  1539/528/2419 1541/527/2418 1542/529/2420
f  1539/528/2421 1542/529/2422 1540/91/2423
f  1540/91/2423 1542/529/2422 1543/530/2424
f  1541/527/2418 1544/531/2425 1542/529/2420
f  1542/529/2420 1544/531/2425 1545/532/2426
f  1542/529/2422 1545/532/2427 1543/530/2424
f  1543/530/2424 1545/532/2427 1546/533/2428
f  1544/531/2425 1547/534/2429 1545/532/2426
f  1545/532/2426 1547/534/2429 1548/535/2430
f  1545/532/2427 1548/535/2431 1546/533/2428
f  1546/533/2428 1548/535/2431 1549/536/2432
f  1547/534/2429 1550/109/2433 1548/535/2430
f  1548/535/2430 1550/109/2433 1551/537/2434
f  1548/535/2431 1551/537/2435 1549/536/2432
f  1549/536/2432 1551/537/2435 1552/111/2436
f  1550/109/2433 1553/538/2437 1551/537/2434
f  1551/537/2434 1553/538/2437 1554/539/2438
f  1551/537/2435 1554/539/2439 1552/111/2436
f  1552/111/2436 1554/539/2439 1555/540/2440
f  1553/538/2437 1556/541/2441 1554/539/2438
f  1554/539/2438 1556/541/2441 1557/542/2442
f  1554/539/2439 1557/542/2443 1555/540/2440
f  1555/540/2440 1557/542/2443 1558/543/2444
f  1556/541/2441 1559/544/2445 1557/542/2442
f  1557/542/2442 1559/544/2445 1560/545/2446
f  1557/542/2443 1560/545/2447 1558/543/2444
f  1558/543/2444 1560/545/2447 1561/546/2448
f  1559/544/2445 1562/129/2449 1560/545/2446
f  1560/545/2446 1562/129/2449 1563/547/2450
f  1560/545/2447 1563/547/2451 1561/546/2448
f  1561/546/2448 1563/547/2451 1564/131/2452
f  1562/129/2449 1565/548/2453 1563/547/2450
f  1563/547/2450 1565/548/2453 1566/549/2454
f  1563/547/2451 1566/549/2455 1564/131/2452
f  1564/131/2452 1566/549/2455 1567/550/2456
f  1568/69/2457 1571/557/2458 1569/558/2459
f  1569/558/2459 1571/557/2458 1572/559/2460
f  1569/558/2461 1572/559/2462 1570/71/2463
f  1570/71/2463 1572/559/2462 1573/560/2464
f  1571/557/2458 1574/561/2465 1572/559/2460
f  1572/559/2460 1574/561/2465 1575/562/2466
f  1572/559/2462 1575/562/2467 1573/560/2464
f  1573/560/2464 1575/562/2467 1576/563/2468
f  1574/561/2465 1577/564/2469 1575/562/2466
f  1575/562/2466 1577/564/2469 1578/565/2470
f  1575/562/2467 1578/565/2471 1576/563/2468
f  1576/563/2468 1578/565/2471 1579/566/2472
f  1577/564/2469 1580/89/2473 1578/565/2470
f  1578/565/2470 1580/89/2473 1581/528/2474
f  1578/565/2471 1581/528/2475 1579/566/2472
f  1579/566/2472 1581/528/2475 1582/91/2476
f  1580/89/2473 1583/527/2477 1581/528/2474
f  1581/528/2474 1583/527/2477 1584/529/2478
f  1581/528/2475 1584/529/2479 1582/91/2476
f  1582/91/2476 1584/529/2479 1585/530/2480
f  1583/527/2477 1586/531/2481 1584/529/2478
f  1584/529/2478 1586/531/2481 1587/532/2482
f  1584/529/2479 1587/532/2483 1585/530/2480
f  1585/530/2480 1587/532/2483 1588/533/2484
f  1586/531/2481 1589/534/2485 1587/532/2482
f  1587/532/2482 1589/534/2485 1590/535/2486
f  1587/532/2483 1590/535/2487 1588/533/2484
f  1588/533/2484 1590/535/2487 1591/536/2488
f  1589/534/2485 1592/109/2489 1590/535/2486
f  1590/535/2486 1592/109/2489 1593/537/2490
f  1590/535/2487 1593/537/2491 1591/536/2488
f  1591/536/2488 1593/537/2491 1594/111/2492
f  1592/109/2489 1595/538/2493 1593/537/2490
f  1593/537/2490 1595/538/2493 1596/539/2494
f  1593/537/2491 1596/539/2495 1594/111/2492
f  1594/111/2492 1596/539/2495 1597/540/2496
usemtl Leaf3
f  1598/1/2497 1601/25/2498 1599/3/2499
f  1599/3/2499 1601/25/2498 1602/26/2500
f  1599/3/2501 1602/26/2500 1600/5/2502
f  1600/5/2502 1602/26/2500 1603/27/2503
f  1601/25/2498 1604/28/2504 1602/26/2500
f  1602/26/2500 1604/28/2504 1605/29/2505
f  1602/26/2500 1605/29/2506 1603/27/2503
f  1603/27/2503 1605/29/2506 1606/30/2507
f  1604/28/2504 1607/31/2508 1605/29/2505
f  1605/29/2505 1607/31/2508 1608/32/2509
f  1605/29/2506 1608/32/2510 1606/30/2507
f  1606/30/2507 1608/32/2510 1609/33/2511
f  1607/31/2508 1610/34/2512 1608/32/2509
f  1608/32/2509 1610/34/2512 1611/35/2513
f  1608/32/2510 1611/35/2514 1609/33/2511
f  1609/33/2511 1611/35/2514 1612/36/2515
f  1610/34/2512 1613/37/2516 1611/35/2513
f  1611/35/2513 1613/37/2516 1614/38/2517
f  1611/35/2514 1614/38/2517 1612/36/2515
f  1612/36/2515 1614/38/2517 1615/39/2518
f  1613/37/2516 1616/40/2519 1614/38/2517
f  1614/38/2517 1616/40/2519 1617/41/2520
f  1614/38/2517 1617/41/2520 1615/39/2518
f  1615/39/2518 1617/41/2520 1618/42/2521
f  1616/40/2519 1619/43/2522 1617/41/2520
f  1617/41/2520 1619/43/2522 1620/44/2523
f  1617/41/2520 1620/44/2523 1618/42/2521
f  1618/42/2521 1620/44/2523 1621/45/2524
f  1619/43/2522 1622/46/2525 1620/44/2523
f  1620/44/2523 1622/46/2525 1623/47/2526
f  1620/44/2523 1623/47/2526 1621/45/2524
f  1621/45/2524 1623/47/2526 1624/48/2527
f  1622/46/2525 1625/14/2528 1623/47/2526
f  1623/47/2526 1625/14/2529 1624/48/2529
f  1626/1/2530 1629/25/2531 1627/3/2532
f  1627/3/2532 1629/25/2531 1630/26/2533
f  1627/3/2534 1630/26/2535 1628/5/2536
f  1628/5/2536 1630/26/2535 1631/27/2537
f  1629/25/2531 1632/28/2538 1630/26/2533
f  1630/26/2533 1632/28/2538 1633/29/2539
f  1630/26/2535 1633/29/2540 1631/27/2537
f  1631/27/2537 1633/29/2540 1634/30/2541
f  1632/28/2538 1635/31/2542 1633/29/2539
f  1633/29/2539 1635/31/2542 1636/32/2543
f  1633/29/2540 1636/32/2543 1634/30/2541
f  1634/30/2541 1636/32/2543 1637/33/2544
f  1635/31/2542 1638/34/2545 1636/32/2543
f  1636/32/2543 1638/34/2545 1639/35/2546
f  1636/32/2543 1639/35/2546 1637/33/2544
f  1637/33/2544 1639/35/2546 1640/36/2547
f  1638/34/2545 1641/37/2548 1639/35/2546
f  1639/35/2546 1641/37/2548 1642/38/2549
f  1639/35/2546 1642/38/2550 1640/36/2547
f  1640/36/2547 1642/38/2550 1643/39/2551
f  1641/37/2548 1644/40/2552 1642/38/2549
f  1642/38/2549 1644/40/2552 1645/41/2553
f  1642/38/2550 1645/41/2553 1643/39/2551
f  1643/39/2551 1645/41/2553 1646/42/2554
f  1644/40/2555 1647/43/2556 1645/41/2553
f  1645/41/2553 1647/43/2556 1648/44/2557
f  1645/41/2553 1648/44/2557 1646/42/2554
f  1646/42/2554 1648/44/2557 1649/45/2558
f  1647/43/2556 1650/46/2559 1648/44/2557
f  1648/44/2557 1650/46/2559 1651/47/2560
f  1648/44/2557 1651/47/2561 1649/45/2558
f  1649/45/2558 1651/47/2561 1652/48/2562
f  1650/46/2559 1653/14/2563 1651/47/2560
f  1651/47/2561 1653/14/2564 1652/48/2562
f  1654/1/2565 1657/25/2566 1655/3/2567
f  1655/3/2567 1657/25/2566 1658/26/2568
f  1655/3/2569 1658/26/2568 1656/5/2570
f  1656/5/2570 1658/26/2568 1659/27/2571
f  1657/25/2566 1660/28/2572 1658/26/2568
f  1658/26/2568 1660/28/2572 1661/29/2573
f  1658/26/2568 1661/29/2574 1659/27/2571
f  1659/27/2571 1661/29/2574 1662/30/2575
f  1660/28/2572 1663/31/2576 1661/29/2573
f  1661/29/2573 1663/31/2576 1664/32/2577
f  1661/29/2574 1664/32/2578 1662/30/2575
f  1662/30/2575 1664/32/2578 1665/33/2579
f  1663/31/2576 1666/34/2580 1664/32/2577
f  1664/32/2577 1666/34/2580 1667/35/2581
f  1664/32/2578 1667/35/2582 1665/33/2579
f  1665/33/2579 1667/35/2582 1668/36/2583
f  1666/34/2580 1669/37/2584 1667/35/2581
f  1667/35/2581 1669/37/2584 1670/38/2585
f  1667/35/2582 1670/38/2585 1668/36/2583
f  1668/36/2583 1670/38/2585 1671/39/2586
f  1669/37/2584 1672/40/2587 1670/38/2585
f  1670/38/2585 1672/40/2587 1673/41/2588
f  1670/38/2585 1673/41/2588 1671/39/2586
f  1671/39/2586 1673/41/2588 1674/42/2589
f  1672/40/2587 1675/43/2590 1673/41/2588
f  1673/41/2588 1675/43/2590 1676/44/2591
f  1673/41/2588 1676/44/2591 1674/42/2589
f  1674/42/2589 1676/44/2591 1677/45/2592
f  1675/43/2590 1678/46/2593 1676/44/2591
f  1676/44/2591 1678/46/2593 1679/47/2594
f  1676/44/2591 1679/47/2594 1677/45/2592
f  1677/45/2592 1679/47/2594 1680/48/2595
f  1678/46/2593 1681/14/2596 1679/47/2594
f  1679/47/2594 1681/14/2597 1680/48/2597
f  1682/1/2598 1685/25/2599 1683/3/2600
f  1683/3/2600 1685/25/2599 1686/26/2601
f  1683/3/2602 1686/26/2603 1684/5/2604
f  1684/5/2604 1686/26/2603 1687/27/2605
f  1685/25/2599 1688/28/2606 1686/26/2601
f  1686/26/2601 1688/28/2606 1689/29/2607
f  1686/26/2603 1689/29/2608 1687/27/2605
f  1687/27/2605 1689/29/2608 1690/30/2609
f  1688/28/2606 1691/31/2610 1689/29/2607
f  1689/29/2607 1691/31/2610 1692/32/2611
f  1689/29/2608 1692/32/2611 1690/30/2609
f  1690/30/2609 1692/32/2611 1693/33/2612
f  1691/31/2610 1694/34/2613 1692/32/2611
f  1692/32/2611 1694/34/2613 1695/35/2614
f  1692/32/2611 1695/35/2614 1693/33/2612
f  1693/33/2612 1695/35/2614 1696/36/2615
f  1694/34/2613 1697/37/2616 1695/35/2614
f  1695/35/2614 1697/37/2616 1698/38/2617
f  1695/35/2614 1698/38/2618 1696/36/2615
f  1696/36/2615 1698/38/2618 1699/39/2619
f  1697/37/2616 1700/40/2620 1698/38/2617
f  1698/38/2617 1700/40/2620 1701/41/2621
f  1698/38/2618 1701/41/2621 1699/39/2619
f  1699/39/2619 1701/41/2621 1702/42/2622
f  1700/40/2623 1703/43/2624 1701/41/2621
f  1701/41/2621 1703/43/2624 1704/44/2625
f  1701/41/2621 1704/44/2625 1702/42/2622
f  1702/42/2622 1704/44/2625 1705/45/2626
f  1703/43/2624 1706/46/2627 1704/44/2625
f  1704/44/2625 1706/46/2627 1707/47/2628
f  1704/44/2625 1707/47/2629 1705/45/2626
f  1705/45/2626 1707/47/2629 1708/48/2630
f  1706/46/2627 1709/14/2631 1707/47/2628
f  1707/47/2629 1709/14/2632 1708/48/2630
f  1710/1/2633 1713/25/2634 1711/3/2635
f  1711/3/2635 1713/25/2634 1714/26/2636
f  1711/3/2637 1714/26/2636 1712/5/2638
f  1712/5/2638 1714/26/2636 1715/27/2639
f  1713/25/2634 1716/28/2640 1714/26/2636
f  1714/26/2636 1716/28/2640 1717/29/2641
f  1714/26/2636 1717/29/2642 1715/27/2639
f  1715/27/2639 1717/29/2642 1718/30/2643
f  1716/28/2640 1719/31/2644 1717/29/2641
f  1717/29/2641 1719/31/2644 1720/32/2645
f  1717/29/2642 1720/32/2646 1718/30/2643
f  1718/30/2643 1720/32/2646 1721/33/2647
f  1719/31/2644 1722/34/2648 1720/32/2645
f  1720/32/2645 1722/34/2648 1723/35/2649
f  1720/32/2646 1723/35/2650 1721/33/2647
f  1721/33/2647 1723/35/2650 1724/36/2651
f  1722/34/2648 1725/37/2652 1723/35/2649
f  1723/35/2649 1725/37/2652 1726/38/2653
f  1723/35/2650 1726/38/2653 1724/36/2651
f  1724/36/2651 1726/38/2653 1727/39/2654
f  1725/37/2652 1728/40/2655 1726/38/2653
f  1726/38/2653 1728/40/2655 1729/41/2656
f  1726/38/2653 1729/41/2656 1727/39/2654
f  1727/39/2654 1729/41/2656 1730/42/2657
f  1728/40/2655 1731/43/2658 1729/41/2656
f  1729/41/2656 1731/43/2658 1732/44/2659
f  1729/41/2656 1732/44/2659 1730/42/2657
f  1730/42/2657 1732/44/2659 1733/45/2660
f  1731/43/2658 1734/46/2661 1732/44/2659
f  1732/44/2659 1734/46/2661 1735/47/2662
f  1732/44/2659 1735/47/2662 1733/45/2660
f  1733/45/2660 1735/47/2662 1736/48/2663
f  1734/46/2661 1737/14/2664 1735/47/2662
f  1735/47/2662 1737/14/2665 1736/48/2665
f  1738/1/2666 1741/25/2667 1739/3/2668
f  1739/3/2668 1741/25/2667 1742/26/2669
f  1739/3/2670 1742/26/2671 1740/5/2672
f  1740/5/2672 1742/26/2671 1743/27/2673
f  1741/25/2667 1744/28/2674 1742/26/2669
f  1742/26/2669 1744/28/2674 1745/29/2675
f  1742/26/2671 1745/29/2676 1743/27/2673
f  1743/27/2673 1745/29/2676 1746/30/2677
f  1744/28/2674 1747/31/2678 1745/29/2675
f  1745/29/2675 1747/31/2678 1748/32/2679
f  1745/29/2676 1748/32/2679 1746/30/2677
f  1746/30/2677 1748/32/2679 1749/33/2680
f  1747/31/2678 1750/34/2681 1748/32/2679
f  1748/32/2679 1750/34/2681 1751/35/2682
f  1748/32/2679 1751/35/2682 1749/33/2680
f  1749/33/2680 1751/35/2682 1752/36/2683
f  1750/34/2681 1753/37/2684 1751/35/2682
f  1751/35/2682 1753/37/2684 1754/38/2685
f  1751/35/2682 1754/38/2686 1752/36/2683
f  1752/36/2683 1754/38/2686 1755/39/2687
f  1753/37/2684 1756/40/2688 1754/38/2685
f  1754/38/2685 1756/40/2688 1757/41/2689
f  1754/38/2686 1757/41/2689 1755/39/2687
f  1755/39/2687 1757/41/2689 1758/42/2690
f  1756/40/2688 1759/43/2691 1757/41/2689
f  1757/41/2689 1759/43/2691 1760/44/2692
f  1757/41/2689 1760/44/2692 1758/42/2690
f  1758/42/2690 1760/44/2692 1761/45/2693
f  1759/43/2691 1762/46/2694 1760/44/2692
f  1760/44/2692 1762/46/2694 1763/47/2695
f  1760/44/2692 1763/47/2696 1761/45/2693
f  1761/45/2693 1763/47/2696 1764/48/2697
f  1762/46/2694 1765/14/2698 1763/47/2695
f  1763/47/2696 1765/14/2699 1764/48/2697
