# 
# Wavefront OBJ file
# Converted by the DEEP Exploration 3.5.9.1158
# Right Hemisphere, LTD
# http://www.righthemisphere.com/
# 
mtllib GC20_2.mtl
# object GC20_2
g GC20_2
v -0.00729686 0.00135578 0.0228356
v 0 0 0.0205409
v 0.00676927 0.00428256 0.0229569
v -0.00300134 -0.0146454 0.0418128
v 0.00288888 -0.0157067 0.0399172
v 0.00836667 -0.0122819 0.041913
v 0.00167058 -0.0308793 0.059949
v 0.00626158 -0.0316941 0.0584579
v 0.0105516 -0.0291265 0.0601315
v 0.0048578 -0.0475664 0.0773478
v 0.00858369 -0.0482381 0.076152
v 0.0120653 -0.0461728 0.0775295
v 0.00842337 -0.0633383 0.0952948
v 0.0115952 -0.0637942 0.0941423
v 0.0145766 -0.0619938 0.0952918
v 0.0129523 -0.0805413 0.110826
v 0.0157506 -0.0809636 0.109833
v 0.018402 -0.0795185 0.11098
v 0.0147812 -0.0978007 0.126287
v 0.01719 -0.0981847 0.125456
v 0.0194617 -0.0969102 0.126414
v 0.0153474 -0.0998485 0.128345
v 0.0176772 -0.100107 0.127429
v 0.0198862 -0.0988144 0.128323
v 0.00437567 -0.00545446 0.0143406
v 0 0 0.0111626
v -0.00672942 0.0034024 0.0145644
v 0.0245295 0.0206918 0.0294834
v 0.0208874 0.0250795 0.0268394
v 0.0154462 0.0279448 0.0296696
v 0.0440568 0.0473769 0.0423843
v 0.0411403 0.0508111 0.0402744
v 0.0369916 0.0532677 0.042612
v 0.0656401 0.072223 0.0531204
v 0.0632621 0.0750243 0.0514037
v 0.0599248 0.0770766 0.053335
v 0.0855485 0.0973673 0.0650031
v 0.0833389 0.0995689 0.0634479
v 0.0804457 0.101305 0.0650924
v 0.104756 0.123934 0.0706504
v 0.102797 0.125892 0.0692767
v 0.100414 0.127651 0.0707963
v 0.127297 0.146787 0.0760857
v 0.125585 0.148543 0.0748797
v 0.123469 0.150086 0.0762245
v 0.13832 0.161872 0.0799148
v 0.136633 0.163313 0.0787882
v 0.134667 0.164671 0.0800034
v -0.145971 -0.105551 0.163847
v 0.0175738 -0.099661 0.12704
v 0.170901 -0.0383615 0.156524
v -0.135276 -0.135546 0.19304
v 0.025334 -0.126005 0.150347
v 0.17689 -0.0610838 0.173268
v -0.123086 -0.176111 0.222174
v 0.036556 -0.156307 0.177206
v 0.184769 -0.0824139 0.198941
v -0.114539 -0.194096 0.255584
v 0.0457158 -0.191486 0.207778
v 0.201772 -0.134663 0.227564
v -0.107291 -0.208067 0.292609
v 0.0487146 -0.232838 0.23981
v 0.212521 -0.208681 0.257774
v -0.0810464 -0.267247 0.356914
v 0.0603446 -0.278724 0.270911
v 0.222271 -0.245992 0.25581
v -0.0553563 -0.360867 0.386301
v 0.0812278 -0.33111 0.291947
v 0.238581 -0.272188 0.277402
v -0.0368645 -0.434518 0.398239
v 0.10771 -0.384171 0.313203
v 0.264345 -0.305859 0.313739
v 0.0158829 -0.514404 0.386301
v 0.142439 -0.437913 0.324789
v 0.275023 -0.350463 0.345398
v 0.189489 -0.483853 0.316688
v 0.261821 0.0606397 0.122636
v 0.136269 0.16284 0.0787279
v 0.00511894 0.258322 0.12138
v 0.283094 0.0906883 0.126091
v 0.15782 0.191409 0.0828358
v 0.0264566 0.284388 0.125355
v 0.31033 0.135988 0.14092
v 0.180643 0.226434 0.0870623
v 0.0417256 0.313405 0.119275
v 0.327938 0.165672 0.1583
v 0.209233 0.263868 0.0931805
v 0.0761747 0.363126 0.113607
v 0.363754 0.209064 0.156682
v 0.240396 0.305454 0.0998425
v 0.1082 0.402495 0.128931
v 0.396211 0.236822 0.1481
v 0.280923 0.344969 0.0977742
v 0.171226 0.464453 0.132556
v 0.436583 0.277012 0.163972
v 0.328556 0.3793 0.0845324
v 0.23004 0.516187 0.0848679
v 0.475101 0.267847 0.125082
v 0.383146 0.404635 0.0659134
v 0.319534 0.56609 0.0894388
v 0.521859 0.299664 0.0854145
v 0.434844 0.422511 0.0307521
v 0.389989 0.575932 0.040806
v 0.48354 0.443943 -0.00873424
v -0.00464847 -0.00618166 0.0212666
v -0.00235148 0.00800133 0.0212113
v 0.00439374 -0.0065188 0.0654461
v 0.0080928 -0.00151443 0.0646169
v 0.00624415 0.00494417 0.0653833
v 0.0174052 -0.00677914 0.107801
v 0.0202434 -0.00286766 0.10702
v 0.0188912 0.00215168 0.1079
v 0.0332295 -0.0100664 0.148183
v 0.035512 -0.00688938 0.147505
v 0.0344542 -0.0028273 0.14832
v 0.0491616 -0.0121976 0.188071
v 0.0510413 -0.00946039 0.187315
v 0.0501336 -0.00597499 0.188007
v 0.0600152 -0.0130528 0.206392
v 0.0616756 -0.0104715 0.205506
v 0.060853 -0.00720704 0.206215
v 0.0711884 -0.0139405 0.224025
v 0.0728531 -0.0115343 0.223366
v 0.0721943 -0.00848886 0.224217
v 0.0921145 -0.0202864 0.259433
v 0.0935274 -0.0182141 0.258842
v 0.0929229 -0.01559 0.259514
v 0.0946677 -0.0204347 0.263911
v 0.0959621 -0.018397 0.263199
v 0.0953375 -0.0158292 0.263803
v 0.00741695 0.00144414 0.0125412
v -0.00386285 -0.00719192 0.0124999
v -0.00802288 0.0206077 0.0731919
v -0.0138446 0.0191016 0.0713624
v -0.0172397 0.0135228 0.0731448
v -0.0340607 0.0509753 0.122902
v -0.0384221 0.0494403 0.121065
v -0.0414517 0.0454962 0.123059
v -0.0628901 0.0931538 0.158296
v -0.0662815 0.0916682 0.156641
v -0.0689673 0.0887608 0.158489
v -0.0961031 0.136569 0.185532
v -0.0987298 0.13492 0.183942
v -0.101154 0.132563 0.185574
v -0.13405 0.181781 0.193831
v -0.136257 0.180142 0.192417
v -0.138625 0.178353 0.193925
v -0.149074 0.206421 0.195012
v -0.151284 0.205054 0.193688
v -0.153693 0.203637 0.195122
v -0.16438 0.231457 0.194292
v -0.166323 0.229984 0.193059
v -0.168439 0.228447 0.19441
v -0.186015 0.257513 0.194449
v -0.187668 0.256019 0.193341
v -0.18962 0.254653 0.194569
v 0.0314947 -0.18464 0.2932
v 0.0956303 -0.0183604 0.262701
v 0.08868 0.161437 0.280503
v 0.0527119 -0.184614 0.326039
v 0.115595 -0.0199118 0.292641
v 0.107932 0.158781 0.30701
v 0.0826775 -0.187232 0.364268
v 0.139263 -0.0203392 0.327357
v 0.125294 0.158775 0.339211
v 0.0951857 -0.185755 0.402061
v 0.165524 -0.0235407 0.366806
v 0.166871 0.156171 0.381143
v 0.101512 -0.183352 0.441524
v 0.194762 -0.0333946 0.40915
v 0.225542 0.142163 0.430667
v 0.141818 -0.17831 0.519409
v 0.230194 -0.0376948 0.45313
v 0.262949 0.137775 0.44248
v 0.222174 -0.186822 0.578183
v 0.276503 -0.0365084 0.49156
v 0.28455 0.144125 0.472689
v 0.288803 -0.195914 0.615321
v 0.324489 -0.0303747 0.531913
v 0.308652 0.157348 0.519942
v 0.382117 -0.173736 0.637575
v 0.378561 -0.0169288 0.565438
v 0.336564 0.150524 0.566167
v 0.437055 0.0105132 0.58011
v -0.0533295 0.369248 0.236065
v -0.187296 0.255554 0.193414
v -0.327663 0.150293 0.237116
v -0.0767852 0.396344 0.231615
v -0.20975 0.28345 0.189524
v -0.34824 0.178077 0.233264
v -0.111316 0.434084 0.232397
v -0.237322 0.314748 0.184451
v -0.372608 0.202154 0.222376
v -0.137647 0.463074 0.23956
v -0.266491 0.35196 0.179923
v -0.409018 0.244643 0.205865
v -0.16987 0.5065 0.226234
v -0.298945 0.39278 0.174873
v -0.44045 0.287559 0.208573
v -0.188644 0.542675 0.208238
v -0.326783 0.439839 0.160088
v -0.484001 0.360983 0.192338
v -0.219096 0.593413 0.211258
v -0.34742 0.490161 0.134307
v -0.514365 0.418375 0.129258
v -0.197892 0.621084 0.167065
v -0.358181 0.544137 0.103657
v -0.544279 0.514103 0.113617
v -0.216531 0.664992 0.116611
v -0.361465 0.591112 0.0588115
v -0.533267 0.574608 0.0547389
v -0.368853 0.635691 0.0103562
v 0.00136762 0.00738816 0.0250181
v 0.00596788 -0.00492537 0.0218152
v -0.0073355 -0.00246279 0.0218152
v -0.000584222 -0.00315608 0.0621721
v 0.0039008 -0.0153973 0.0596619
v -0.00915384 -0.0129807 0.0596619
v -0.0021532 -0.011632 0.0999691
v 0.0022245 -0.0237278 0.0980064
v -0.0105705 -0.0213593 0.0980064
v -0.00341249 -0.0184349 0.138191
v 0.000865866 -0.030348 0.136657
v -0.0116717 -0.0280271 0.136657
v -0.00442193 -0.0238882 0.176693
v -0.000233335 -0.0356086 0.175495
v -0.0125284 -0.0333327 0.175495
v -0.00522916 -0.028249 0.215383
v -0.00111805 -0.0397886 0.214448
v -0.0131985 -0.0375524 0.214448
v -0.00589036 -0.0318209 0.255345
v -0.00184278 -0.0432054 0.25462
v -0.0137449 -0.0410022 0.25462
v -0.00640971 -0.0346266 0.295396
v -0.00240965 -0.0458919 0.294837
v -0.0141772 -0.0437136 0.294837
v -0.00681521 -0.0368171 0.335508
v -0.00285191 -0.0479879 0.33508
v -0.0145145 -0.045829 0.33508
v -0.00713016 -0.0385185 0.375663
v -0.00319827 -0.0496062 0.375337
v -0.0147704 -0.0474641 0.375337
v -0.00737415 -0.0398366 0.415847
v -0.00347365 -0.0508391 0.415601
v -0.0149546 -0.0487138 0.415601
v -0.0075014 -0.040524 0.442885
v -0.00362463 -0.051461 0.442684
v -0.0150362 -0.0493486 0.442684
v -0.00750209 -0.0405278 0.44306
v -0.00362549 -0.0514642 0.442859
v -0.0150366 -0.0493519 0.442859
v -0.00753011 -0.0407055 0.448021
v -0.00364504 -0.0515567 0.449375
v -0.0150545 -0.0494355 0.44938
v -0.00588522 -0.000928401 0.0207241
v 0.00190817 0.00702158 0.0134896
v 0.00397704 -0.00609318 0.0134896
v 0.0175286 0.00276516 0.04972
v 0.0260674 0.0107341 0.0438272
v 0.028106 -0.00218817 0.0438272
v 0.037009 0.00583822 0.081794
v 0.04598 0.0137724 0.0770578
v 0.0479868 0.00105099 0.0770578
v 0.0530029 0.00836129 0.115971
v 0.0621952 0.0162264 0.112195
v 0.06417 0.00370789 0.112195
v 0.0660232 0.0104153 0.151559
v 0.0753023 0.0181923 0.148564
v 0.0772458 0.00587242 0.148564
v 0.0765627 0.0120779 0.18809
v 0.0858483 0.0197595 0.185721
v 0.087762 0.00762779 0.185721
v 0.085298 0.0134559 0.226304
v 0.0945451 0.0210413 0.224447
v 0.0964311 0.00908547 0.224447
v 0.0922671 0.0145553 0.264957
v 0.101458 0.0220543 0.263504
v 0.10332 0.0102497 0.263504
v 0.0977968 0.0154276 0.3039
v 0.106931 0.0228551 0.302767
v 0.108774 0.0111725 0.302767
v 0.10216 0.0161158 0.343037
v 0.111241 0.0234849 0.342157
v 0.113068 0.0119001 0.342157
v 0.105581 0.0166556 0.382303
v 0.114614 0.0239756 0.381623
v 0.116429 0.0124717 0.381623
v 0.107371 0.0169379 0.408701
v 0.116372 0.0242281 0.408135
v 0.118179 0.0127727 0.408135
v 0.108872 0.0171747 0.435129
v 0.117841 0.0244361 0.434659
v 0.119641 0.0130271 0.434659
v 0.110127 0.0173727 0.46158
v 0.119064 0.0246051 0.461192
v 0.120856 0.0132426 0.461192
v 0.111177 0.0175383 0.488049
v 0.120077 0.0247398 0.487728
v 0.121862 0.0134263 0.487728
v 0.112053 0.0176765 0.514531
v 0.120913 0.0248443 0.514268
v 0.122689 0.0135843 0.514268
v 0.112189 0.017698 0.519475
v 0.121041 0.024859 0.519222
v 0.122816 0.0136097 0.519222
v 0.112391 0.0177345 0.524474
v 0.121173 0.0248774 0.525717
v 0.122939 0.0136268 0.525722
v 0.00136878 -0.0036606 0.0152453
v -0.00692389 -0.000502791 0.00530753
v 0.00555511 0.00416339 0.00530753
v -0.00996987 0.0266629 0.0340529
v -0.0187735 0.0314501 0.0255555
v -0.00646696 0.0360518 0.0255555
v -0.0198778 0.0531603 0.0589647
v -0.0289941 0.0590576 0.0519124
v -0.0168674 0.0635921 0.0519124
v -0.0282808 0.0756329 0.0883358
v -0.037558 0.082238 0.0825974
v -0.0256134 0.0867043 0.0825974
v -0.035264 0.0943083 0.120826
v -0.0445973 0.101337 0.116216
v -0.0328322 0.105736 0.116216
v -0.0409886 0.109618 0.155442
v -0.0503121 0.116882 0.151768
v -0.0387188 0.121217 0.151768
v -0.0457734 0.122414 0.192537
v -0.0550481 0.129797 0.189642
v -0.0436183 0.134071 0.189642
v -0.049609 0.132672 0.23063
v -0.0588187 0.140101 0.228361
v -0.0475334 0.144321 0.228361
v -0.0526628 0.140839 0.269381
v -0.061807 0.148277 0.267608
v -0.0506422 0.152452 0.267608
v -0.055078 0.147298 0.308564
v -0.0641631 0.154726 0.307185
v -0.0530955 0.158865 0.307185
v -0.0569757 0.152373 0.348031
v -0.0660081 0.159782 0.346965
v -0.0550203 0.163891 0.346965
v -0.0579712 0.155035 0.374674
v -0.066971 0.162428 0.373785
v -0.05603 0.166519 0.373785
v -0.058806 0.157268 0.40138
v -0.0677743 0.164643 0.400641
v -0.0568767 0.168718 0.400641
v -0.0595041 0.159135 0.428133
v -0.068441 0.166489 0.427521
v -0.0575851 0.170549 0.427521
v -0.0600865 0.160692 0.454922
v -0.0689909 0.168024 0.454417
v -0.0581768 0.172067 0.454417
v -0.0605713 0.161989 0.481738
v -0.0694411 0.169294 0.481322
v -0.0586708 0.173322 0.481322
v -0.0609744 0.163067 0.508574
v -0.0698061 0.170343 0.508233
v -0.0590833 0.174352 0.508233
v -0.0610981 0.163398 0.518495
v -0.0699145 0.170662 0.518179
v -0.0592105 0.174664 0.518179
v -0.0611847 0.163616 0.523495
v -0.0699732 0.170825 0.524672
v -0.0592661 0.174819 0.524677
v -0.00719255 -0.0389278 0.464796
v -0.00355225 -0.0491194 0.465941
v -0.0142516 -0.0471303 0.465945
v -0.00688237 -0.0372938 0.481559
v -0.00349594 -0.0467901 0.482537
v -0.0134547 -0.0449387 0.482541
v -0.00661084 -0.0358643 0.49836
v -0.0034744 -0.0446776 0.499153
v -0.0127046 -0.0429617 0.499156
v -0.00638475 -0.0346759 0.515193
v -0.00347961 -0.0428572 0.515796
v -0.0120356 -0.0412666 0.515798
v -0.00621334 -0.0337783 0.532067
v -0.00350633 -0.0414188 0.532463
v -0.0114851 -0.0399356 0.532465
v -0.00612315 -0.033314 0.549005
v -0.00357839 -0.0405103 0.549142
v -0.0110841 -0.039115 0.549143
v -0.00616224 -0.03354 0.565927
v -0.00375916 -0.0403373 0.565854
v -0.0108477 -0.0390195 0.565855
v -0.00626612 -0.0341103 0.582767
v -0.00398806 -0.0405513 0.582602
v -0.0107069 -0.0393022 0.582602
v -0.00640952 -0.0348909 0.59958
v -0.0042428 -0.0410135 0.599352
v -0.0106319 -0.0398256 0.599353
v -0.00659083 -0.0358747 0.616387
v -0.00452423 -0.0417087 0.616091
v -0.0106162 -0.0405761 0.616092
v -0.00682702 -0.0371538 0.63321
v -0.00485113 -0.0427183 0.632795
v -0.0106709 -0.0416364 0.632796
v -0.00718451 -0.0390883 0.650105
v -0.00528815 -0.0443716 0.649376
v -0.0108532 -0.0433371 0.649378
v -0.00772848 -0.0420453 0.66487
v -0.00589783 -0.0470765 0.66391
v -0.0112456 -0.0460824 0.663912
v -0.00838031 -0.0455879 0.679368
v -0.00662044 -0.0504022 0.678376
v -0.0117535 -0.0494479 0.678377
v -0.00902114 -0.0490456 0.693757
v -0.00733979 -0.0536792 0.692919
v -0.0122556 -0.052765 0.692917
v -0.00953773 -0.051761 0.708257
v -0.00793851 -0.0562138 0.707641
v -0.0126293 -0.0553417 0.707637
v -0.0099617 -0.0539479 0.722889
v -0.00844657 -0.0581914 0.722432
v -0.0128993 -0.0573636 0.722425
v -0.010314 -0.0556736 0.737548
v -0.00888907 -0.0596895 0.737303
v -0.0130854 -0.0589093 0.737288
v -0.0103355 -0.0557445 0.739077
v -0.00892397 -0.0597362 0.739204
v -0.0130883 -0.0589627 0.739161
v 0.110304 0.0174157 0.54435
v 0.118582 0.0241381 0.545386
v 0.120244 0.0135535 0.54539
v 0.108474 0.017136 0.56424
v 0.11622 0.0234188 0.565091
v 0.117773 0.0135295 0.565094
v 0.106955 0.0169043 0.58417
v 0.114174 0.0227518 0.584826
v 0.115619 0.0135505 0.584828
v 0.105807 0.0167298 0.604148
v 0.112533 0.0221694 0.604589
v 0.113876 0.0136127 0.604591
v 0.105189 0.0166365 0.624141
v 0.111478 0.0217178 0.624399
v 0.112732 0.0137264 0.6244
v 0.104814 0.0165792 0.644097
v 0.11074 0.0213659 0.644245
v 0.111922 0.0138384 0.644246
v 0.104719 0.0165651 0.664077
v 0.110327 0.0210932 0.664091
v 0.111444 0.0139727 0.664092
v 0.105145 0.0166332 0.684122
v 0.110464 0.0209303 0.683907
v 0.111524 0.0141721 0.683908
v 0.106748 0.0168882 0.704392
v 0.111752 0.0209693 0.703537
v 0.112762 0.014535 0.703542
v 0.112324 0.0177857 0.730251
v 0.11698 0.0216177 0.729159
v 0.117931 0.0155632 0.729163
v 0.118597 0.0187875 0.755704
v 0.123003 0.0224067 0.754723
v 0.123899 0.016691 0.754725
v 0.123714 0.0195848 0.781341
v 0.127907 0.0230111 0.780572
v 0.128754 0.017608 0.780569
v 0.128108 0.0202525 0.807004
v 0.132109 0.0234942 0.806606
v 0.132908 0.0183919 0.80659
v 0.12918 0.020265 0.8328
v 0.13295 0.0233129 0.833091
v 0.133704 0.0185153 0.833044
v 0.125828 0.0193887 0.858659
v 0.129323 0.0222266 0.859167
v 0.130028 0.0177513 0.859118
v 0.122634 0.0186059 0.884762
v 0.125861 0.0212213 0.885148
v 0.126508 0.0171 0.885117
v 0.122546 0.0185856 0.885837
v 0.125766 0.0211938 0.886162
v 0.126411 0.0170874 0.886144
v -0.0605241 0.161822 0.542526
v -0.0688549 0.168665 0.543517
v -0.0587113 0.172449 0.543521
v -0.0599438 0.160245 0.561568
v -0.067795 0.166701 0.562393
v -0.05824 0.170266 0.562397
v -0.0594579 0.158924 0.580642
v -0.0668287 0.164992 0.581294
v -0.0578628 0.168337 0.581297
v -0.0590822 0.157901 0.599754
v -0.0659921 0.163597 0.600218
v -0.0575912 0.166731 0.60022
v -0.0588529 0.157276 0.618867
v -0.0653398 0.162627 0.619184
v -0.0574556 0.165568 0.619185
v -0.0586709 0.156783 0.637954
v -0.0647937 0.161835 0.638176
v -0.0573532 0.164611 0.638176
v -0.0585669 0.156501 0.657076
v -0.0643816 0.161301 0.657164
v -0.0573166 0.163936 0.657164
v -0.058631 0.156669 0.67627
v -0.0641673 0.161238 0.676126
v -0.0574401 0.163748 0.676127
v -0.0590746 0.157849 0.695711
v -0.0643421 0.162164 0.694922
v -0.0579195 0.16456 0.694926
v -0.0608075 0.162444 0.720549
v -0.0657619 0.166467 0.719466
v -0.0596972 0.16873 0.71947
v -0.0628633 0.167914 0.744964
v -0.0675563 0.171721 0.74391
v -0.0618091 0.173864 0.743913
v -0.0647127 0.172863 0.769436
v -0.0691758 0.176491 0.768501
v -0.0637159 0.178528 0.768501
v -0.06646 0.177556 0.793845
v -0.0707191 0.181045 0.793201
v -0.0655255 0.182981 0.793192
v -0.067281 0.180008 0.818361
v -0.0713439 0.183364 0.818393
v -0.0664066 0.185205 0.818356
v -0.0664177 0.178454 0.843125
v -0.0702638 0.18162 0.843521
v -0.0655829 0.183369 0.843473
v -0.0652663 0.17612 0.868009
v -0.0688916 0.1791 0.868463
v -0.0644747 0.18075 0.86842
v -0.0645748 0.174636 0.881182
v -0.0680753 0.177509 0.881692
v -0.0638056 0.179103 0.881652
v -0.063889 0.173138 0.894434
v -0.0672653 0.175913 0.894877
v -0.0631496 0.177449 0.894845
v -0.0633466 0.171928 0.907798
v -0.0665961 0.174607 0.908058
v -0.0626425 0.176081 0.908046
v -0.0633065 0.171819 0.911509
v -0.0665232 0.174474 0.911548
v -0.0626152 0.175932 0.911562
v -0.00694785 -0.061032 0.736096
v -0.0101923 -0.0550194 0.736252
v -0.0148355 -0.0597239 0.736051
v -0.00682804 -0.0612663 0.739565
v -0.0102073 -0.0550037 0.739727
v -0.0150436 -0.0599038 0.739518
v -0.0067757 -0.0612938 0.74398
v -0.0102111 -0.0549141 0.743642
v -0.0151368 -0.0599073 0.743945
v -0.00671736 -0.0608669 0.749199
v -0.0101612 -0.0545242 0.747858
v -0.0150907 -0.0594771 0.74919
v -0.00654569 -0.059692 0.754918
v -0.0100103 -0.0535838 0.752123
v -0.0148913 -0.058301 0.754948
v -0.00609396 -0.0575239 0.760628
v -0.009713 -0.05186 0.755949
v -0.0145867 -0.0560934 0.760707
v -0.00585924 -0.0538385 0.765168
v -0.00932401 -0.0496545 0.759165
v -0.0135869 -0.0525106 0.765286
v -0.00900262 -0.0477491 0.764787
v 0.12671 0.0235871 0.883285
v 0.122138 0.0185327 0.882781
v 0.128101 0.0157137 0.883257
v 0.126466 0.0237108 0.886753
v 0.121705 0.0184462 0.886229
v 0.127916 0.01551 0.886724
v 0.125936 0.0236841 0.891136
v 0.121145 0.0183375 0.890103
v 0.12741 0.0153378 0.89112
v 0.124881 0.0234972 0.896262
v 0.120249 0.0181741 0.894238
v 0.126353 0.0151377 0.896272
v 0.123028 0.0231598 0.901791
v 0.118799 0.0179229 0.898352
v 0.124484 0.0148254 0.901838
v 0.120153 0.022758 0.907184
v 0.116621 0.0175588 0.901933
v 0.121615 0.0142708 0.907278
v 0.116073 0.0216717 0.911236
v 0.114036 0.0171336 0.904848
v 0.117373 0.0139395 0.911364
v 0.111461 0.0166975 0.910188
v -0.0689791 0.174779 0.908624
v -0.0631038 0.171294 0.908426
v -0.0615431 0.177717 0.908634
v -0.0691342 0.174681 0.912099
v -0.0630145 0.171051 0.911892
v -0.061389 0.177741 0.912108
v -0.0691065 0.174376 0.916503
v -0.0628884 0.17071 0.915791
v -0.0612239 0.17749 0.916526
v -0.0688348 0.173625 0.921678
v -0.0626481 0.170063 0.919969
v -0.0609395 0.176741 0.921728
v -0.0682659 0.172142 0.927299
v -0.0622105 0.16889 0.924155
v -0.0603931 0.175239 0.927386
v -0.0674271 0.169666 0.932838
v -0.0615045 0.167002 0.927847
v -0.0594068 0.172802 0.932974
v -0.0656454 0.166084 0.937109
v -0.0606416 0.164696 0.930897
v -0.0583332 0.168912 0.937276
v -0.0598277 0.162518 0.936368
v -0.00524753 -0.0522085 0.736396
v -0.0107496 -0.0580524 0.736149
v -0.00769645 -0.0654769 0.735947
v -0.00527053 -0.052396 0.739952
v -0.010816 -0.0581155 0.73975
v -0.00789665 -0.0655303 0.739674
v -0.00511173 -0.0527843 0.744296
v -0.0108988 -0.0582917 0.743947
v -0.00826611 -0.0658376 0.74368
v -0.00486227 -0.0530613 0.748732
v -0.0110043 -0.0581982 0.748695
v -0.00886652 -0.0659118 0.748902
v -0.00524523 -0.053098 0.754369
v -0.0115156 -0.0580013 0.753906
v -0.00968628 -0.0657452 0.754415
v -0.0066923 -0.0530372 0.760903
v -0.0127321 -0.0579814 0.759437
v -0.0108602 -0.0656838 0.759929
v -0.00840433 -0.0534316 0.767528
v -0.0145857 -0.0580566 0.765163
v -0.0131607 -0.0659933 0.765573
v -0.00975854 -0.0519952 0.77237
v -0.0164545 -0.0568673 0.771061
v -0.0154007 -0.0648773 0.773301
v -0.0101688 -0.0514712 0.776714
v -0.01721 -0.0544859 0.777064
v -0.0175054 -0.0614917 0.780166
v -0.0172646 -0.0510722 0.782743
v 0.117854 0.0222641 0.882472
v 0.125173 0.0190131 0.88306
v 0.131135 0.0243554 0.883693
v 0.117666 0.0222337 0.886182
v 0.124917 0.0189608 0.886653
v 0.130878 0.0242249 0.887155
v 0.117405 0.0220277 0.890622
v 0.124762 0.0189013 0.890851
v 0.130642 0.0243115 0.891147
v 0.117179 0.0224168 0.894923
v 0.124304 0.0188222 0.895578
v 0.130493 0.0238517 0.896289
v 0.116649 0.0229409 0.899383
v 0.123184 0.0185637 0.90069
v 0.129694 0.0228124 0.902462
v 0.116523 0.0234117 0.905863
v 0.122595 0.0183126 0.906318
v 0.12969 0.0217393 0.907316
v 0.116178 0.022107 0.913187
v 0.122713 0.0174532 0.912274
v 0.129728 0.0214195 0.912768
v 0.115832 0.0213132 0.91926
v 0.123112 0.0172162 0.918556
v 0.129865 0.0221767 0.91828
v 0.117309 0.0195892 0.926557
v 0.124298 0.0168816 0.924941
v 0.12968 0.0222834 0.924137
v 0.127284 0.0157971 0.930756
v -0.0658971 0.16634 0.908286
v -0.0641865 0.174181 0.908542
v -0.0706242 0.178975 0.908794
v -0.0658793 0.166266 0.911854
v -0.0641917 0.174049 0.912142
v -0.0705872 0.178801 0.912307
v -0.0662073 0.166345 0.916406
v -0.0642112 0.174088 0.916343
v -0.0704381 0.179104 0.916267
v -0.0667612 0.166221 0.920598
v -0.0642921 0.173822 0.921085
v -0.0702073 0.179215 0.921294
v -0.0666834 0.165824 0.92565
v -0.064575 0.173486 0.926306
v -0.070694 0.178598 0.926304
v -0.0659925 0.164964 0.930677
v -0.0641206 0.172587 0.93188
v -0.0703461 0.17731 0.933297
v -0.0661127 0.163787 0.93611
v -0.0628252 0.17102 0.937545
v -0.0679411 0.176459 0.940616
v -0.0634697 0.160986 0.939424
v -0.0610758 0.168224 0.942912
v -0.0670132 0.172005 0.947466
v -0.060353 0.158568 0.944643
v -0.057986 0.165167 0.947749
v -0.0625932 0.167924 0.953222
v -0.0548054 0.161999 0.952621
v -0.00076681 -0.0525806 0.648765
v -0.0147838 -0.0319507 0.650475
v 0.0149023 -0.0458296 0.695763
v 0.000885291 -0.0251997 0.697473
v 0.127028 0.00941328 0.884978
v 0.122974 0.0285382 0.88504
v 0.135289 0.0110409 0.923161
v 0.131235 0.0301659 0.923223
v 0.119306 0.0287778 0.703191
v 0.101535 0.00615054 0.704456
v 0.104005 0.0437865 0.756654
v 0.0862335 0.0211593 0.75792
v -0.0561789 0.182676 0.868223
v -0.0762428 0.174637 0.868372
v -0.05975 0.192367 0.910201
v -0.079814 0.184328 0.91035
v -0.0737377 0.168118 0.694418
v -0.0471531 0.154931 0.695954
v -0.0860131 0.149802 0.749607
v -0.0594285 0.136615 0.751144
v -0.00748594 -0.0440562 0.649812
v -0.00777529 -0.0422657 0.64962
v -0.00944843 -0.0413209 0.650028
v -0.00342965 -0.0418212 0.66215
v -0.00364702 -0.040487 0.662002
v -0.00489092 -0.0397809 0.662317
v 0.000711898 -0.0392828 0.674073
v 0.000547312 -0.0382572 0.673966
v -0.000393089 -0.0377084 0.674247
v 0.00558151 -0.0374839 0.685522
v 0.00545169 -0.0366398 0.685449
v 0.00468432 -0.0361881 0.685692
v 0.00954003 -0.0357024 0.697123
v 0.00940855 -0.0349994 0.697007
v 0.00876403 -0.0346144 0.69722
v 0.0150138 -0.0322246 0.707336
v 0.014899 -0.0316502 0.707232
v 0.0144276 -0.0313072 0.707498
v 0.0173925 -0.0314966 0.710172
v 0.0172931 -0.0309656 0.710084
v 0.0168635 -0.0306493 0.710335
v 0.124744 0.0179625 0.885121
v 0.125001 0.0189758 0.885009
v 0.124295 0.0198544 0.885119
v 0.126512 0.0185101 0.893026
v 0.126716 0.0193136 0.892934
v 0.126156 0.0200105 0.893024
v 0.128378 0.0192031 0.900742
v 0.128539 0.0198389 0.900673
v 0.128101 0.020391 0.900761
v 0.130411 0.0194333 0.908287
v 0.130547 0.019965 0.908238
v 0.130181 0.0204263 0.90831
v 0.131881 0.0198411 0.915857
v 0.131993 0.0202983 0.915789
v 0.131674 0.0206957 0.915841
v 0.134164 0.0207305 0.923019
v 0.134262 0.0211305 0.922962
v 0.133994 0.0214798 0.92304
v 0.136631 0.0206482 0.930043
v 0.136715 0.0209913 0.929995
v 0.136485 0.0212907 0.930064
v 0.137952 0.0211524 0.934263
v 0.138015 0.0214532 0.934192
v 0.137811 0.0217183 0.934252
v 0.11255 0.0185554 0.70417
v 0.110421 0.0174642 0.703824
v 0.109882 0.0149717 0.70435
v 0.108044 0.0223625 0.718413
v 0.106328 0.0214787 0.718124
v 0.105888 0.0194701 0.718564
v 0.103079 0.0261056 0.732119
v 0.101702 0.0254009 0.731897
v 0.101332 0.0238109 0.732305
v 0.0987102 0.0308984 0.745293
v 0.0975424 0.0303118 0.745131
v 0.0972307 0.0289726 0.745478
v 0.0947943 0.0344896 0.758769
v 0.0938054 0.0339575 0.758555
v 0.0935407 0.0327885 0.758836
v 0.0888713 0.0387769 0.770846
v 0.0879984 0.0383049 0.770658
v 0.0877211 0.0373138 0.77101
v 0.0842102 0.044934 0.78232
v 0.0834427 0.0445154 0.782151
v 0.0831794 0.0436623 0.782501
v 0.0780094 0.0501071 0.793629
v 0.077415 0.049698 0.793399
v 0.0771514 0.0490051 0.793739
v 0.0761729 0.0517099 0.795187
v 0.0755945 0.0513263 0.794977
v 0.0753 0.0507034 0.795345
v -0.0649094 0.178561 0.868448
v -0.0662109 0.178656 0.868297
v -0.0671421 0.177603 0.868454
v -0.0659183 0.180669 0.877475
v -0.0669809 0.180746 0.877349
v -0.0677417 0.179887 0.87748
v -0.0671378 0.182863 0.886269
v -0.0679943 0.182926 0.886172
v -0.0686095 0.18224 0.886302
v -0.0678489 0.185347 0.894853
v -0.0685743 0.185404 0.894783
v -0.069094 0.184822 0.89489
v -0.0686519 0.187128 0.903491
v -0.0692792 0.187169 0.903398
v -0.0697297 0.186659 0.903475
v -0.070155 0.189715 0.911628
v -0.0707115 0.189752 0.911551
v -0.0711155 0.189314 0.911663
v -0.0705258 0.192624 0.91963
v -0.0710202 0.192658 0.919565
v -0.0713785 0.192268 0.919665
v -0.0718489 0.194917 0.927653
v -0.07227 0.194927 0.92755
v -0.0725823 0.194592 0.92764
v -0.0728378 0.197086 0.931275
v -0.0732224 0.1971 0.93119
v -0.0735137 0.196816 0.931311
v -0.062079 0.163549 0.695541
v -0.0604454 0.161524 0.695186
v -0.0576798 0.161506 0.695775
v -0.0650855 0.158258 0.710319
v -0.0637443 0.156602 0.710017
v -0.0614807 0.156581 0.710517
v -0.0679178 0.152499 0.724537
v -0.0668358 0.151156 0.724304
v -0.065021 0.151116 0.724771
v -0.0719424 0.147129 0.738191
v -0.071032 0.14598 0.738024
v -0.0694942 0.145946 0.738422
v -0.0748311 0.142501 0.75218
v -0.0740185 0.14153 0.751955
v -0.0726714 0.14151 0.752276
v -0.0779654 0.135757 0.764772
v -0.0772438 0.134893 0.764578
v -0.076081 0.134823 0.764974
v -0.0831863 0.13006 0.77683
v -0.082543 0.129287 0.776663
v -0.0815189 0.129207 0.777051
v -0.0869635 0.123265 0.788963
v -0.0863597 0.122652 0.78872
v -0.0854833 0.122542 0.789103
v -0.0910974 0.116161 0.795316
v -0.0905567 0.115633 0.795094
v -0.0898478 0.11544 0.795518
v 0.0393297 -0.0894045 0.710361
v 0.0171703 -0.0310133 0.709934
v -0.0224887 0.0136718 0.728132
v 0.0464863 -0.0861067 0.719473
v 0.0244191 -0.0281892 0.719079
v -0.0152356 0.016001 0.736864
v 0.054796 -0.0822599 0.733869
v 0.0326623 -0.0242879 0.729709
v -0.00738619 0.0209982 0.744312
v 0.0591761 -0.0806638 0.745587
v 0.042177 -0.0208673 0.741893
v 0.00628992 0.0277304 0.757014
v 0.0714247 -0.07622 0.757249
v 0.0525302 -0.017182 0.755466
v 0.015598 0.0296297 0.772505
v 0.0819845 -0.0739513 0.763516
v 0.0665583 -0.0142921 0.767767
v 0.0373291 0.0333314 0.79409
v 0.0895859 -0.0750743 0.779178
v 0.084114 -0.0125446 0.777321
v 0.0685964 0.0430946 0.801955
v 0.102219 -0.0776945 0.770259
v 0.10394 -0.0139954 0.784085
v 0.0990639 0.0369061 0.824545
v 0.121444 -0.0735573 0.773193
v 0.125575 -0.0151888 0.784693
v 0.131053 0.0315708 0.821295
v 0.147649 -0.0154763 0.784052
v 0.138529 -0.0269835 0.940446
v 0.137948 0.0214339 0.934051
v 0.117463 0.0656237 0.937669
v 0.142512 -0.0251726 0.949686
v 0.141884 0.022753 0.942473
v 0.121451 0.0666233 0.945151
v 0.148722 -0.0231909 0.960622
v 0.146435 0.0246642 0.952251
v 0.124474 0.0680234 0.954015
v 0.150137 -0.0220005 0.970705
v 0.151714 0.0261162 0.963356
v 0.133395 0.0711435 0.9663
v 0.14968 -0.0212059 0.980836
v 0.158218 0.0262173 0.975365
v 0.147368 0.0731048 0.981334
v 0.155711 -0.0168411 1.00247
v 0.16549 0.0282119 0.988058
v 0.156387 0.0755819 0.985525
v 0.173443 -0.0116931 1.02096
v 0.174871 0.0326154 0.999838
v 0.159407 0.078846 0.99391
v 0.188701 -0.00783252 1.0334
v 0.183915 0.0383362 1.01229
v 0.161425 0.0837792 1.00689
v 0.207794 0.0068073 1.04345
v 0.193781 0.0465086 1.02339
v 0.166078 0.0838644 1.01995
v 0.204013 0.0587904 1.02993
v 0.12969 0.0982426 0.801997
v 0.0757312 0.0511884 0.794852
v 0.0370991 -0.00582793 0.815671
v 0.121078 0.106131 0.809493
v 0.0675794 0.0593707 0.802463
v 0.0295883 0.00248548 0.82293
v 0.109934 0.115975 0.82243
v 0.0575127 0.0684395 0.811224
v 0.0194094 0.0101461 0.828052
v 0.103152 0.122232 0.834031
v 0.0470458 0.0793302 0.821446
v 0.00386701 0.0241949 0.837019
v 0.0903638 0.135897 0.842927
v 0.0355049 0.0912692 0.832805
v -0.00593259 0.0360259 0.851101
v 0.0817358 0.148094 0.846675
v 0.0236976 0.107229 0.841689
v -0.023951 0.0611904 0.867638
v 0.0742502 0.160983 0.861913
v 0.0123842 0.126799 0.84651
v -0.0474455 0.0903586 0.86456
v 0.0744425 0.175534 0.84895
v 0.00401081 0.149435 0.84815
v -0.0597994 0.127731 0.881311
v 0.0608272 0.195417 0.844609
v -0.00386608 0.172412 0.842363
v -0.0659095 0.161188 0.869641
v -0.0130042 0.194969 0.834947
v -0.0201584 0.205861 0.936034
v -0.0731936 0.197009 0.931046
v -0.11836 0.168752 0.939849
v -0.0225801 0.211339 0.945619
v -0.0750849 0.202384 0.939723
v -0.119927 0.174086 0.947478
v -0.0254946 0.219461 0.956715
v -0.0776936 0.208547 0.949815
v -0.121769 0.17855 0.956816
v -0.0268139 0.222354 0.967526
v -0.079883 0.215788 0.961225
v -0.126349 0.189772 0.969176
v -0.027414 0.22334 0.97867
v -0.0807468 0.224756 0.973341
v -0.130341 0.20722 0.983716
v -0.0326352 0.232909 1.00143
v -0.0837596 0.234511 0.986078
v -0.134401 0.217594 0.987205
v -0.0403136 0.254607 1.01842
v -0.0896751 0.246229 0.997419
v -0.138466 0.222435 0.996356
v -0.0460647 0.272781 1.02883
v -0.0968395 0.257773 1.00946
v -0.144185 0.227199 1.01086
v -0.0638102 0.293475 1.0361
v -0.10668 0.269907 1.01981
v -0.144952 0.235673 1.02446
v -0.121052 0.281253 1.02523
v -0.149231 0.160701 0.801202
v -0.0904396 0.115803 0.794976
v -0.0258773 0.0875871 0.818356
v -0.155783 0.150181 0.808373
v -0.0973863 0.105685 0.802259
v -0.0330712 0.0781018 0.825284
v -0.164027 0.136552 0.820999
v -0.104891 0.093418 0.810647
v -0.0389816 0.0660994 0.829996
v -0.169461 0.128113 0.832496
v -0.114222 0.0803363 0.820442
v -0.0504585 0.0472385 0.838273
v -0.181047 0.112223 0.840688
v -0.124462 0.0659231 0.831319
v -0.0611285 0.0344291 0.85206
v -0.191762 0.101006 0.843721
v -0.138635 0.0505168 0.839404
v -0.0837978 0.0105681 0.867462
v -0.203982 0.0904187 0.858575
v -0.156397 0.0350365 0.843092
v -0.108516 -0.0189279 0.862237
v -0.218148 0.0881513 0.844455
v -0.177706 0.0220438 0.843399
v -0.144615 -0.0393237 0.877251
v -0.235366 0.0705698 0.838627
v -0.199107 0.00971753 0.836061
v -0.176622 -0.0517011 0.863382
v -0.219764 -0.0037687 0.827089
v -0.0091367 -0.043097 0.648479
v -0.00812212 -0.0405232 0.650449
v -0.00606705 -0.0431768 0.64993
v -0.0142409 -0.0492919 0.659197
v -0.013269 -0.0468778 0.660928
v -0.0113878 -0.0493315 0.660472
v -0.0190642 -0.0548901 0.6702
v -0.0181018 -0.0525811 0.671616
v -0.016374 -0.0548427 0.671212
v -0.0228912 -0.0602137 0.681454
v -0.0219341 -0.057973 0.682614
v -0.0203266 -0.0601163 0.682289
v -0.0268697 -0.0646366 0.69289
v -0.0258732 -0.0624054 0.693688
v -0.0243802 -0.0644907 0.693514
v -0.0293114 -0.0671394 0.705103
v -0.0283204 -0.064941 0.70564
v -0.0268748 -0.066936 0.705456
v -0.0306138 -0.0700764 0.717086
v -0.0296471 -0.0679365 0.717498
v -0.0282578 -0.0698706 0.717386
v -0.0327555 -0.0713873 0.729135
v -0.0318005 -0.0693039 0.729294
v -0.0304733 -0.0711791 0.729297
v -0.0326861 -0.071463 0.738035
v -0.0317621 -0.0694415 0.738164
v -0.03047 -0.0712521 0.73807
v -0.0329211 -0.0717347 0.740021
v -0.0318069 -0.0692971 0.740176
v -0.0302488 -0.0714804 0.740062
v 0.12419 0.0188062 0.88424
v 0.125135 0.0199975 0.885473
v 0.125678 0.0181236 0.885314
v 0.118963 0.0167252 0.890247
v 0.119871 0.0178494 0.891374
v 0.120376 0.0160942 0.891229
v 0.113939 0.0148262 0.896396
v 0.114838 0.0158965 0.89738
v 0.115314 0.014261 0.89724
v 0.1094 0.0128081 0.902739
v 0.110294 0.0138364 0.903597
v 0.110737 0.0122937 0.903474
v 0.104985 0.0111405 0.909196
v 0.105922 0.0121536 0.909874
v 0.106317 0.0106694 0.909803
v 0.101624 0.0100182 0.916273
v 0.102579 0.011018 0.916801
v 0.102972 0.00959398 0.916712
v 0.0989199 0.0084571 0.923388
v 0.0998713 0.00943767 0.92382
v 0.100245 0.00805577 0.923758
v 0.0963113 0.00782303 0.930637
v 0.0972794 0.00878961 0.930892
v 0.0976262 0.00744179 0.930887
v 0.0952909 0.007447 0.93817
v 0.096239 0.00839269 0.938358
v 0.0965878 0.00708736 0.938302
v 0.0941058 0.0064372 0.945483
v 0.095029 0.00735558 0.945632
v 0.0953615 0.00608772 0.945622
v 0.0934843 0.0066008 0.949945
v 0.0943965 0.00750231 0.949989
v 0.0947201 0.00626069 0.950009
v 0.09295 0.00648516 0.951485
v 0.0944423 0.00796008 0.951557
v 0.0949717 0.00592872 0.951588
v 0.112086 0.0160769 0.70239
v 0.108314 0.0163251 0.704835
v 0.110861 0.0199906 0.704246
v 0.120253 0.0126394 0.71528
v 0.116663 0.0128915 0.71751
v 0.119068 0.0163348 0.716973
v 0.12779 0.00925001 0.728369
v 0.124326 0.00952491 0.730286
v 0.126575 0.0127559 0.729778
v 0.134913 0.00681473 0.741569
v 0.131568 0.00710109 0.743231
v 0.13371 0.0101434 0.742796
v 0.141439 0.00376355 0.754794
v 0.138095 0.00410431 0.756033
v 0.140215 0.00698103 0.755785
v 0.145583 0.00160754 0.768899
v 0.142277 0.00196133 0.769824
v 0.144296 0.00474584 0.769537
v 0.150014 0.00087366 0.782677
v 0.14678 0.00122403 0.783455
v 0.148754 0.0039172 0.783255
v 0.153068 -0.00143343 0.796583
v 0.14986 -0.00105896 0.796977
v 0.151811 0.00154464 0.796952
v 0.153857 -0.00166289 0.81071
v 0.150721 -0.00130092 0.811003
v 0.152603 0.00124561 0.810849
v 0.15624 -0.00165023 0.824357
v 0.153183 -0.00129772 0.824616
v 0.155026 0.00118034 0.824577
v 0.15663 -0.00316619 0.838286
v 0.153652 -0.00281785 0.838312
v 0.155443 -0.000412819 0.838348
v 0.156516 -0.00275819 0.845066
v 0.153587 -0.0024161 0.845174
v 0.155346 -4.90502e-005 0.84506
v 0.156672 -0.002763 0.847366
v 0.153602 -0.00240451 0.84748
v 0.155446 7.60804e-005 0.84736
v -0.0658232 0.177672 0.867362
v -0.0675007 0.178616 0.868871
v -0.0653087 0.179681 0.868659
v -0.0624774 0.172332 0.874405
v -0.0640736 0.173244 0.8758
v -0.0620035 0.174246 0.875605
v -0.0593726 0.167167 0.881585
v -0.060907 0.168077 0.882819
v -0.0589648 0.169025 0.882628
v -0.0562001 0.162549 0.888934
v -0.05768 0.163454 0.890027
v -0.0558412 0.164345 0.889857
v -0.0534239 0.157926 0.896357
v -0.0548936 0.158883 0.897235
v -0.0531139 0.1597 0.897133
v -0.0514545 0.154338 0.904461
v -0.0529112 0.155317 0.905161
v -0.0512056 0.156121 0.905035
v -0.0490554 0.15152 0.912559
v -0.0504872 0.152497 0.91315
v -0.0488283 0.153267 0.913057
v -0.047716 0.148539 0.920801
v -0.0491396 0.149546 0.921168
v -0.0475134 0.150274 0.921153
v -0.0469794 0.147305 0.929409
v -0.0483785 0.148296 0.929689
v -0.0468022 0.149022 0.929606
v -0.0454737 0.146006 0.937737
v -0.0468422 0.146978 0.937965
v -0.0452993 0.147678 0.937944
v -0.0454843 0.14463 0.946173
v -0.0468236 0.145591 0.946245
v -0.0453198 0.146269 0.946263
v -0.0452256 0.144854 0.954077
v -0.0465274 0.145786 0.954173
v -0.0450691 0.14645 0.954113
v -0.0449622 0.14443 0.955784
v -0.0468466 0.145778 0.955922
v -0.0447356 0.146739 0.955835
v -0.0593297 0.163594 0.693625
v -0.058775 0.159543 0.696305
v -0.0632315 0.161436 0.695629
v -0.0576453 0.172681 0.706945
v -0.0571304 0.16881 0.709408
v -0.0613372 0.170609 0.708787
v -0.0558679 0.181146 0.720461
v -0.0554006 0.177392 0.7226
v -0.0593623 0.179078 0.722009
v -0.0549613 0.189024 0.734064
v -0.0545301 0.185393 0.73594
v -0.0582737 0.18701 0.735429
v -0.0532777 0.196479 0.74768
v -0.0529028 0.192831 0.7491
v -0.0564663 0.194467 0.748797
v -0.051977 0.201375 0.762231
v -0.0516238 0.197758 0.763313
v -0.0550678 0.199306 0.762968
v -0.0521715 0.206284 0.776423
v -0.0518304 0.202742 0.777346
v -0.0551673 0.204264 0.777099
v -0.050455 0.210144 0.790774
v -0.0501462 0.206614 0.791267
v -0.0533833 0.208137 0.79122
v -0.0503602 0.21124 0.805409
v -0.0500534 0.207783 0.805781
v -0.0532181 0.209244 0.805593
v -0.0508582 0.213861 0.81952
v -0.0505582 0.210482 0.819846
v -0.0536471 0.211921 0.81979
v -0.0493792 0.214752 0.833967
v -0.0490917 0.211442 0.834021
v -0.0521017 0.212849 0.834055
v -0.050154 0.214457 0.848423
v -0.049873 0.211242 0.848531
v -0.0527984 0.212604 0.848429
v -0.0501693 0.214787 0.851711
v -0.0498891 0.211598 0.851842
v -0.0527927 0.212954 0.851871
v -0.0501003 0.214884 0.854086
v -0.0498214 0.211708 0.854216
v -0.0527125 0.213058 0.854245
v -0.0336186 -0.0726258 0.747531
v -0.0325161 -0.0702087 0.747918
v -0.0309581 -0.072392 0.747803
v -0.0350092 -0.0740014 0.754848
v -0.033943 -0.0716238 0.755494
v -0.032385 -0.0738071 0.75538
v -0.0371576 -0.0759004 0.761832
v -0.0361614 -0.0735877 0.762763
v -0.0346033 -0.075771 0.762649
v -0.0401092 -0.078346 0.768309
v -0.0392269 -0.0761304 0.769542
v -0.0376688 -0.0783136 0.769427
v -0.043878 -0.0813369 0.774062
v -0.043164 -0.0792574 0.775603
v -0.0416059 -0.0814407 0.775488
v -0.0484316 -0.0848369 0.778843
v -0.0479499 -0.0829387 0.780679
v -0.0463918 -0.085122 0.780565
v -0.0536743 -0.0887635 0.78238
v -0.0534959 -0.0870955 0.784476
v -0.0519379 -0.0892788 0.784362
v -0.0594301 -0.092977 0.784403
v -0.0596281 -0.0915876 0.786692
v -0.0580701 -0.0937709 0.786577
v -0.062388 -0.0947175 0.777331
v -0.0659152 -0.0867015 0.783875
v -0.0613561 -0.0881173 0.79371
v -0.0550112 -0.0970083 0.793245
v -0.055649 -0.101087 0.783121
v 0.0920729 0.00634667 0.957357
v 0.0935473 0.00781968 0.95761
v 0.0940767 0.00578833 0.957642
v 0.0905575 0.00603941 0.963075
v 0.0919902 0.00750468 0.963531
v 0.0925196 0.00547333 0.963562
v 0.0883476 0.00554715 0.968528
v 0.0897066 0.00699661 0.969206
v 0.090236 0.00496525 0.969237
v 0.0854065 0.00485816 0.973579
v 0.0866504 0.00628124 0.974492
v 0.0871798 0.00424989 0.974524
v 0.0817277 0.00396816 0.978059
v 0.0828059 0.00535172 0.979213
v 0.0833353 0.00332037 0.979244
v 0.077349 0.00288401 0.981774
v 0.0782022 0.00421248 0.983158
v 0.0787316 0.00218113 0.983189
v 0.0723675 0.0016278 0.984512
v 0.0729308 0.0028838 0.986097
v 0.0734602 0.000852444 0.986128
v 0.0669552 0.000241068 0.986062
v 0.0671627 0.00140664 0.987796
v 0.0676921 -0.000624718 0.987827
v 0.0644207 -0.000504563 0.980511
v 0.0639818 0.00660214 0.985243
v 0.0667597 0.0047162 0.993106
v 0.0689155 -0.00355608 0.993233
v 0.06747 -0.00678269 0.985449
v 0.157722 -0.00312359 0.856045
v 0.154673 -0.00276798 0.856426
v 0.156517 -0.000287394 0.856306
v 0.159553 -0.00407424 0.864522
v 0.156554 -0.00374139 0.865203
v 0.158397 -0.0012608 0.865083
v 0.162233 -0.00567368 0.872641
v 0.159324 -0.00539124 0.873652
v 0.161167 -0.00291065 0.873532
v 0.165809 -0.00796556 0.880199
v 0.16304 -0.00776995 0.881562
v 0.164883 -0.00528937 0.881442
v 0.170289 -0.0109682 0.886949
v 0.167721 -0.010905 0.888672
v 0.169565 -0.00842446 0.888552
v 0.175628 -0.0146617 0.892603
v 0.173334 -0.0147854 0.894674
v 0.175177 -0.0123048 0.894554
v 0.181707 -0.0189737 0.896845
v 0.179767 -0.0193453 0.899225
v 0.18161 -0.0168647 0.899105
v 0.188317 -0.023764 0.899357
v 0.186812 -0.0244471 0.901971
v 0.188655 -0.0219665 0.901851
v 0.191436 -0.0264713 0.891298
v 0.18375 -0.0331035 0.898752
v 0.183458 -0.0274896 0.910022
v 0.190964 -0.0173879 0.909534
v 0.195895 -0.0167586 0.897962
v -0.0443392 0.143648 0.962274
v -0.0462087 0.144981 0.962612
v -0.0440977 0.145942 0.962525
v -0.0434195 0.142198 0.968593
v -0.0452621 0.143493 0.969155
v -0.0431511 0.144454 0.969069
v -0.0421803 0.140021 0.974621
v -0.0439801 0.141244 0.975429
v -0.0418691 0.142205 0.975342
v -0.0406091 0.137075 0.980206
v -0.0423461 0.138183 0.981275
v -0.0402351 0.139144 0.981188
v -0.0387087 0.133348 0.985161
v -0.0403587 0.13429 0.986495
v -0.0382477 0.135251 0.986408
v -0.0365039 0.128878 0.989272
v -0.0380393 0.12959 0.99086
v -0.0359283 0.130551 0.990773
v -0.0340483 0.123758 0.992303
v -0.0354392 0.124174 0.994114
v -0.0333282 0.125135 0.994027
v -0.0314306 0.118165 0.994022
v -0.0326478 0.118214 0.995998
v -0.0305368 0.119175 0.995911
v -0.0304267 0.115407 0.987892
v -0.0378286 0.113704 0.993519
v -0.0358955 0.117282 1.00205
v -0.0272989 0.121197 1.0017
v -0.023919 0.120038 0.992947
v -0.0494429 0.216098 0.863007
v -0.0491498 0.212946 0.863412
v -0.0520409 0.214297 0.863441
v -0.0483631 0.218222 0.871688
v -0.0480397 0.215129 0.872401
v -0.0509309 0.216479 0.87243
v -0.0468252 0.221336 0.879964
v -0.04645 0.218346 0.881014
v -0.0493411 0.219696 0.881043
v -0.0448064 0.225492 0.887623
v -0.0443517 0.222665 0.889031
v -0.0472428 0.224015 0.88906
v -0.0423046 0.230702 0.894411
v -0.0417367 0.228109 0.896182
v -0.0446278 0.22946 0.896211
v -0.0393472 0.236913 0.90003
v -0.0386269 0.234638 0.90215
v -0.041518 0.235989 0.902179
v -0.0360017 0.243986 0.904161
v -0.0350861 0.242124 0.906585
v -0.0379772 0.243474 0.906614
v -0.0323848 0.25168 0.906483
v -0.0312309 0.250323 0.909131
v -0.034122 0.251673 0.90916
v -0.0307708 0.255319 0.89803
v -0.0220519 0.248985 0.905291
v -0.0269944 0.247634 0.917233
v -0.0387679 0.253133 0.917352
v -0.0411018 0.257882 0.905484
v -0.0653883 -0.097008 0.780183
v -0.0682728 -0.0904528 0.785535
v -0.0645445 -0.0916106 0.793578
v -0.0593558 -0.0988814 0.793197
v -0.0598774 -0.102217 0.784919
v -0.0780597 -0.106157 0.782211
v -0.0818515 -0.0975397 0.789246
v -0.0769504 -0.0990618 0.799819
v -0.0701297 -0.10862 0.799318
v -0.0708152 -0.113005 0.788436
v -0.0877414 -0.113041 0.781723
v -0.0929626 -0.101175 0.791411
v -0.0862139 -0.103271 0.80597
v -0.0768218 -0.116432 0.80528
v -0.0777658 -0.12247 0.790295
v -0.0956366 -0.118295 0.774478
v -0.104499 -0.0981552 0.790921
v -0.0930439 -0.101713 0.815632
v -0.0771024 -0.124051 0.814462
v -0.0787047 -0.1343 0.789028
v 0.0615447 -0.0012201 0.982726
v 0.0611857 0.00459153 0.986596
v 0.0634574 0.00304927 0.993026
v 0.0652204 -0.00371553 0.99313
v 0.0640383 -0.00635415 0.986764
v 0.0497033 -0.00428284 0.98424
v 0.0492314 0.00335687 0.989328
v 0.0522177 0.00132948 0.99778
v 0.0545352 -0.00756322 0.997917
v 0.0529812 -0.0110318 0.989549
v 0.0407177 -0.00663123 0.983804
v 0.0400679 0.00388859 0.990809
v 0.04418 0.00109689 1.00245
v 0.0473712 -0.0111483 1.00264
v 0.0452314 -0.0159245 0.991113
v 0.0335987 -0.00857415 0.97809
v 0.0324958 0.00928144 0.98998
v 0.0394754 0.00454302 1.00973
v 0.0448919 -0.0162411 1.01005
v 0.0412599 -0.0243479 0.990496
v 0.194944 -0.028914 0.894681
v 0.188658 -0.0343375 0.900776
v 0.188419 -0.0297466 0.909992
v 0.194557 -0.0214858 0.909593
v 0.19859 -0.0209712 0.90013
v 0.209413 -0.0395333 0.897416
v 0.201151 -0.0466628 0.905429
v 0.200837 -0.0406279 0.917544
v 0.208906 -0.0297686 0.91702
v 0.214206 -0.0290921 0.90458
v 0.220399 -0.0477087 0.897158
v 0.209022 -0.057526 0.908192
v 0.208589 -0.049216 0.924875
v 0.2197 -0.0342628 0.924152
v 0.226999 -0.0333313 0.907023
v 0.229124 -0.0545829 0.889055
v 0.209812 -0.0712461 0.907782
v 0.209078 -0.0571412 0.936099
v 0.227937 -0.0317608 0.934873
v 0.240326 -0.0301796 0.905798
v -0.0289866 0.112465 0.990343
v -0.0350396 0.111073 0.994945
v -0.0334587 0.113999 1.00192
v -0.0264287 0.1172 1.00163
v -0.0236647 0.116252 0.994477
v -0.0233258 0.100186 0.992031
v -0.0312828 0.0983555 0.99808
v -0.0292047 0.102202 1.00725
v -0.0199634 0.10641 1.00687
v -0.01633 0.105164 0.997465
v -0.0190864 0.0908332 0.99156
v -0.0300431 0.0883125 0.999889
v -0.0271816 0.0936096 1.01252
v -0.0144563 0.099404 1.012
v -0.00945323 0.0976881 0.999043
v -0.0159174 0.0833046 0.985255
v -0.0345146 0.0790261 0.999392
v -0.0296576 0.0880169 1.02083
v -0.00805868 0.0978519 1.01994
v 0.000433245 0.0949396 0.997956
v -0.0288312 0.259399 0.901379
v -0.0217012 0.25422 0.907317
v -0.025743 0.253115 0.917083
v -0.035371 0.257611 0.91718
v -0.0372796 0.261495 0.907475
v -0.0209419 0.276243 0.903607
v -0.0115691 0.269434 0.911413
v -0.0168822 0.267982 0.924251
v -0.0295388 0.273893 0.924379
v -0.0320478 0.278998 0.91162
v -0.0149754 0.289033 0.902887
v -0.00206911 0.279657 0.913636
v -0.00938529 0.277658 0.931314
v -0.0268133 0.285797 0.93149
v -0.0302681 0.292828 0.913921
v -0.0103164 0.299198 0.894157
v 0.0115898 0.283284 0.912401
v -0.000828174 0.279889 0.942406
v -0.0304091 0.293705 0.942705
v -0.0362732 0.305638 0.912885
v -0.0516963 -0.0870095 0.775842
v -0.0516047 -0.0864498 0.776488
v -0.0511061 -0.0871484 0.776451
v -0.0537894 -0.0884399 0.774634
v -0.0532581 -0.085192 0.778378
v -0.050365 -0.089246 0.778165
v -0.0569353 -0.0907277 0.77545
v -0.0561455 -0.0859 0.781016
v -0.0518453 -0.0919259 0.7807
v -0.060769 -0.0936534 0.779074
v -0.060066 -0.0893559 0.784028
v -0.0562381 -0.09472 0.783747
v -0.0644704 -0.0964628 0.782281
v -0.0638065 -0.0924047 0.786959
v -0.0601918 -0.0974699 0.786694
v 0.0744054 0.00208059 0.979407
v 0.0746185 0.00249077 0.979895
v 0.0747879 0.00184074 0.979905
v 0.0724964 0.00156839 0.97845
v 0.0737328 0.0039485 0.981279
v 0.0747158 0.000176568 0.981336
v 0.069547 0.000809288 0.979071
v 0.0713848 0.00434705 0.983276
v 0.0728459 -0.00125949 0.983362
v 0.0658727 -0.000105099 0.981885
v 0.0675087 0.0030441 0.985628
v 0.0688093 -0.00194665 0.985704
v 0.0623342 -0.000989101 0.984373
v 0.063879 0.00198467 0.987907
v 0.0651072 -0.00272807 0.98798
v 0.179235 -0.0175043 0.889246
v 0.178574 -0.0175949 0.889978
v 0.179164 -0.0168011 0.889939
v 0.181572 -0.0193052 0.887919
v 0.177738 -0.019831 0.892162
v 0.18116 -0.0152249 0.891939
v 0.185175 -0.0219322 0.888959
v 0.179476 -0.0227137 0.895266
v 0.184563 -0.0158672 0.894935
v 0.189656 -0.0250539 0.893257
v 0.184583 -0.0257496 0.89887
v 0.189111 -0.0196551 0.898576
v 0.193972 -0.0280767 0.89707
v 0.189182 -0.0287336 0.902371
v 0.193458 -0.0229787 0.902092
v -0.0351937 0.125764 0.98666
v -0.0356551 0.125931 0.987218
v -0.0349796 0.126239 0.98719
v -0.0343236 0.123758 0.985604
v -0.0370007 0.124726 0.988841
v -0.0330809 0.126511 0.988679
v -0.032905 0.120705 0.986294
v -0.0368842 0.122143 0.991105
v -0.0310579 0.124796 0.990865
v -0.0310657 0.116947 0.989408
v -0.0346078 0.118227 0.99369
v -0.0294214 0.120589 0.993477
v -0.0293022 0.113323 0.992162
v -0.032647 0.114531 0.996205
v -0.0277495 0.116761 0.996004
v -0.0374209 0.241115 0.896414
v -0.03715 0.240473 0.89716
v -0.0380751 0.240905 0.89717
v -0.0361642 0.243838 0.894947
v -0.0345922 0.240109 0.899275
v -0.0399606 0.242616 0.899329
v -0.0341961 0.248032 0.895873
v -0.0318595 0.242489 0.902306
v -0.039839 0.246215 0.902386
v -0.0317184 0.253245 0.900127
v -0.0296384 0.24831 0.905853
v -0.0367415 0.251628 0.905925
v -0.029335 0.258266 0.903887
v -0.0273709 0.253607 0.909294
v -0.0340783 0.256739 0.909362
v -0.0616406 -0.12941 0.79307
v -0.0800965 -0.107795 0.785738
v -0.0941134 -0.0839059 0.795453
v -0.0705951 -0.135687 0.792433
v -0.0865911 -0.11238 0.784784
v -0.102993 -0.0902885 0.794811
v -0.0811279 -0.143275 0.787593
v -0.0944256 -0.118526 0.779521
v -0.113753 -0.0981022 0.787508
v -0.0917125 -0.148871 0.772198
v -0.102346 -0.121816 0.769127
v -0.123173 -0.10322 0.777781
v -0.0935011 -0.150046 0.755457
v -0.105624 -0.123429 0.753985
v -0.130389 -0.108196 0.757476
v -0.113475 -0.121842 0.737759
v 0.0550229 -0.025358 0.993996
v 0.0477024 -0.00476212 0.986988
v 0.0439896 0.016979 0.993346
v 0.0460835 -0.0276444 0.9934
v 0.0410371 -0.00651183 0.986162
v 0.0350758 0.0145944 0.992752
v 0.0375828 -0.0305226 0.989013
v 0.033763 -0.00908615 0.982054
v 0.024251 0.0109399 0.987624
v 0.0264688 -0.0327405 0.977857
v 0.0271383 -0.0102777 0.973672
v 0.0177304 0.00994134 0.978694
v 0.0239309 -0.0323574 0.962813
v 0.0243295 -0.00946082 0.962638
v 0.012009 0.00949245 0.966302
v 0.0215011 -0.0136788 0.950087
v 0.228826 -0.0131646 0.910052
v 0.211849 -0.0411433 0.901545
v 0.190411 -0.0648644 0.91255
v 0.238893 -0.0207599 0.909598
v 0.219197 -0.0466465 0.900651
v 0.200567 -0.0723398 0.91209
v 0.251053 -0.0296693 0.904355
v 0.228831 -0.0531149 0.894845
v 0.213112 -0.0814474 0.90402
v 0.261294 -0.0394651 0.886922
v 0.235484 -0.0607504 0.88308
v 0.222285 -0.0900705 0.893083
v 0.263603 -0.0412046 0.867696
v 0.238764 -0.0639476 0.86573
v 0.230765 -0.0964521 0.869922
v 0.240183 -0.0733055 0.847156
v -0.000900697 0.110207 1.00155
v -0.0222812 0.0981664 0.99507
v -0.0448976 0.0901728 1.00336
v 0.0032542 0.100888 1.0009
v -0.0191543 0.0912175 0.994165
v -0.0406406 0.0809009 1.00271
v 0.00777227 0.092065 0.996033
v -0.0151853 0.0836794 0.9896
v -0.0348749 0.0696747 0.997012
v 0.0117164 0.0801014 0.983767
v -0.0130665 0.0764804 0.980384
v -0.0330144 0.0625388 0.9872
v 0.0109988 0.0768888 0.967218
v -0.0139957 0.0729911 0.968291
v -0.0320838 0.0560828 0.973582
v -0.00952267 0.0703941 0.954242
v -0.0508194 0.29054 0.918245
v -0.0195772 0.279075 0.907772
v 0.00943679 0.262398 0.917636
v -0.0452601 0.30228 0.917355
v -0.0155937 0.28763 0.906544
v 0.0148563 0.274203 0.916747
v -0.0390886 0.316364 0.91146
v -0.011397 0.298651 0.900207
v 0.020982 0.288691 0.907928
v -0.032343 0.32858 0.89295
v -0.00575726 0.306846 0.887653
v 0.0271468 0.299644 0.896177
v -0.0321949 0.331098 0.873049
v -0.00422814 0.310663 0.869601
v 0.0304737 0.309323 0.871964
v 0.00383038 0.31386 0.849916
v -0.0744279 -0.115064 0.786701
v -0.0824512 -0.101547 0.791941
v -0.0797767 -0.0974572 0.807773
v -0.0837855 -0.118968 0.787631
v -0.0895223 -0.104206 0.792368
v -0.0891219 -0.101402 0.808655
v -0.0969209 -0.121009 0.786035
v -0.0999365 -0.105504 0.790809
v -0.102248 -0.103475 0.807021
v -0.111524 -0.119309 0.780908
v -0.111626 -0.103736 0.786365
v -0.11685 -0.101774 0.801894
v -0.125431 -0.112631 0.771765
v -0.122771 -0.097808 0.778583
v -0.130768 -0.0950645 0.792789
v -0.137263 -0.0928032 0.770723
v 0.0497951 -0.0116024 0.988156
v 0.047631 0.000714115 0.991549
v 0.0504766 0.00362308 1.00385
v 0.0414835 -0.0118178 0.988761
v 0.041345 0.00074949 0.991788
v 0.0421635 0.00337239 1.00442
v 0.0312839 -0.00970563 0.987182
v 0.0333394 0.00264775 0.990294
v 0.0319626 0.00545703 1.00281
v 0.0210046 -0.00453083 0.982609
v 0.0251952 0.00708993 0.986339
v 0.0216833 0.0106318 0.99824
v 0.0130159 0.00366501 0.974978
v 0.018993 0.0140275 0.979879
v 0.0136958 0.0188552 0.990638
v 0.00981458 0.0217316 0.972804
v 0.217784 -0.0323414 0.902685
v 0.205692 -0.0458675 0.908617
v 0.199895 -0.0442015 0.926727
v 0.225357 -0.0412017 0.903999
v 0.211102 -0.0526692 0.909287
v 0.20751 -0.0530343 0.927986
v 0.232285 -0.0548929 0.902439
v 0.216251 -0.0636409 0.907706
v 0.214471 -0.066704 0.926382
v 0.235715 -0.0715604 0.896769
v 0.21856 -0.0771318 0.902768
v 0.217901 -0.0833716 0.920712
v 0.233537 -0.0892781 0.886369
v 0.216192 -0.0915396 0.8939
v 0.21569 -0.101111 0.910356
v 0.216025 -0.10929 0.88502
v -0.0151764 0.101767 0.995946
v -0.027988 0.0971677 1.00041
v -0.0310532 0.100025 1.01411
v -0.0133313 0.0927715 0.996732
v -0.0268197 0.0903211 1.00078
v -0.0291714 0.0910327 1.01486
v -0.0137734 0.0812249 0.995267
v -0.0274416 0.0812064 0.999357
v -0.0295848 0.0794892 1.01336
v -0.0176881 0.0689377 0.990667
v -0.0309327 0.0713984 0.995365
v -0.0334994 0.067202 1.00876
v -0.0254838 0.0584977 0.982822
v -0.037638 0.0631711 0.988715
v -0.0413239 0.0567589 1.00095
v -0.0446438 0.0515423 0.981476
v -0.0296189 0.283268 0.909485
v -0.0131222 0.27389 0.914758
v -0.0125414 0.267851 0.933495
v -0.022164 0.292764 0.910334
v -0.00733593 0.280769 0.915059
v -0.00512606 0.277383 0.934288
v -0.00986958 0.302579 0.907933
v 0.00258019 0.288224 0.912793
v 0.00713744 0.287225 0.931844
v 0.00590943 0.309435 0.901112
v 0.0154281 0.293296 0.906912
v 0.0229165 0.294081 0.925023
v 0.0236283 0.310794 0.889341
v 0.0299357 0.293795 0.896913
v 0.0406662 0.295413 0.913294
v 0.0473614 0.297209 0.886711
v -0.070255 -0.111252 0.808384
v -0.0744447 -0.113305 0.792485
v -0.0849107 -0.101974 0.786434
v -0.0774952 -0.119181 0.809825
v -0.0801085 -0.119817 0.793514
v -0.092117 -0.109925 0.787926
v -0.0849322 -0.130911 0.809801
v -0.0863638 -0.129999 0.793387
v -0.0995274 -0.121671 0.787941
v -0.0896564 -0.145587 0.806752
v -0.0899047 -0.142154 0.790614
v -0.104252 -0.136347 0.784892
v -0.0889599 -0.161449 0.799614
v -0.088731 -0.154639 0.784553
v -0.103582 -0.152193 0.777715
v -0.0908222 -0.171261 0.778923
v 0.0535649 -0.00906528 1.00508
v 0.050183 -0.0100696 0.992612
v 0.0458029 0.000854398 0.987191
v 0.0463297 -0.0133345 1.00582
v 0.0450499 -0.0134629 0.992957
v 0.0385858 -0.00343782 0.987974
v 0.0388211 -0.0207113 1.00496
v 0.0391609 -0.0195938 0.992113
v 0.0310912 -0.0108326 0.987149
v 0.0331124 -0.0311169 1.00167
v 0.0348637 -0.0281426 0.989237
v 0.0253825 -0.0212382 0.983856
v 0.0319719 -0.0432439 0.995465
v 0.0345523 -0.0376523 0.984098
v 0.024228 -0.0333472 0.977618
v 0.0317155 -0.049933 0.978519
v 0.211624 -0.0288665 0.927512
v 0.215728 -0.0329161 0.909315
v 0.207159 -0.0484761 0.902328
v 0.222847 -0.0339726 0.92945
v 0.224847 -0.0368021 0.910724
v 0.218392 -0.0535367 0.904324
v 0.238337 -0.0379639 0.929774
v 0.238225 -0.0400482 0.910879
v 0.23389 -0.0574925 0.904694
v 0.256165 -0.0379724 0.926619
v 0.252865 -0.0396506 0.907974
v 0.251718 -0.057501 0.901539
v 0.273467 -0.0316669 0.918679
v 0.266273 -0.0340072 0.901202
v 0.269012 -0.051231 0.893553
v 0.28536 -0.0304701 0.895064
v -0.0177721 0.105817 1.01471
v -0.0166857 0.102012 1.00094
v -0.0280201 0.0950412 0.995636
v -0.0117143 0.0987626 1.01541
v -0.0120009 0.0970713 1.00122
v -0.0219385 0.0880122 0.996374
v -0.00230679 0.0919581 1.01417
v -0.00425591 0.0917956 1.00004
v -0.0125125 0.0812272 0.995171
v 0.00992692 0.0876254 1.01005
v 0.00571128 0.0886596 0.996455
v -0.00027877 0.0768945 0.991047
v 0.0230139 0.0885202 1.00254
v 0.0158489 0.0899892 0.990258
v 0.0127897 0.0777697 0.983505
v 0.029458 0.0890814 0.983461
v -0.0303937 0.27655 0.935248
v -0.0282244 0.281369 0.916275
v -0.0111625 0.275854 0.908128
v -0.0274445 0.288967 0.936973
v -0.0261033 0.291402 0.917521
v -0.00825788 0.288272 0.909916
v -0.0265968 0.305452 0.937114
v -0.0255812 0.305598 0.917527
v -0.00744497 0.304759 0.910106
v -0.0304558 0.323448 0.933915
v -0.029177 0.320289 0.9146
v -0.011304 0.322754 0.906907
v -0.0408597 0.339565 0.92616
v -0.0380396 0.332616 0.907998
v -0.021673 0.33887 0.899104
v -0.0459124 0.351125 0.90194
v -0.0848976 -0.094464 0.804062
v -0.0743625 -0.110971 0.799721
v -0.0735532 -0.120656 0.782174
v -0.0894558 -0.098995 0.807114
v -0.077629 -0.114367 0.802133
v -0.0782122 -0.125224 0.785317
v -0.0933095 -0.104131 0.811855
v -0.0807454 -0.118663 0.806316
v -0.0827634 -0.13126 0.790923
v -0.09618 -0.111375 0.819134
v -0.082687 -0.124111 0.811839
v -0.0853204 -0.1376 0.797395
v -0.0972468 -0.117456 0.828598
v -0.0830968 -0.12915 0.81993
v -0.0859604 -0.144002 0.806391
v -0.0954422 -0.129463 0.844307
v -0.0818913 -0.133813 0.829673
v -0.0853992 -0.143272 0.811927
v -0.082679 -0.152301 0.845778
v -0.0779711 -0.143527 0.832466
v -0.0862537 -0.14161 0.818181
v -0.0754332 -0.155995 0.828877
v 0.0476324 0.00707516 1.0007
v 0.0507808 -0.00808409 0.998184
v 0.0489427 -0.0161171 0.984837
v 0.0430878 0.00524687 1.00307
v 0.0474066 -0.00951058 1.00011
v 0.0441124 -0.0180207 0.987386
v 0.0380979 0.00200629 1.00718
v 0.0438786 -0.0119625 1.00319
v 0.0397084 -0.0208535 0.991023
v 0.0340666 -0.00221346 1.0126
v 0.0408598 -0.015301 1.00753
v 0.0357888 -0.0248899 0.996331
v 0.0314034 -0.0062368 1.02001
v 0.0389845 -0.0187888 1.01393
v 0.0333955 -0.0292632 1.00339
v 0.0284722 -0.0180597 1.03267
v 0.0382771 -0.0235624 1.02134
v 0.0344649 -0.027799 1.00643
v 0.0302547 -0.0364979 1.03351
v 0.0380645 -0.0321464 1.02408
v 0.0346207 -0.0280566 1.01223
v 0.0363784 -0.0407625 1.0186
v 0.198516 -0.050919 0.922492
v 0.212974 -0.0335689 0.917604
v 0.223707 -0.0294524 0.897559
v 0.205026 -0.054272 0.926172
v 0.217796 -0.0359166 0.920504
v 0.230291 -0.0329021 0.901348
v 0.21191 -0.0566185 0.931798
v 0.223511 -0.0377596 0.925457
v 0.23839 -0.0356839 0.908
v 0.220695 -0.0571101 0.940368
v 0.230041 -0.0378904 0.931954
v 0.246093 -0.036162 0.915618
v 0.227491 -0.056006 0.951376
v 0.235495 -0.0364599 0.941338
v 0.253153 -0.0344915 0.926133
v 0.239267 -0.0492029 0.969717
v 0.239738 -0.0334026 0.952306
v 0.2523 -0.0343803 0.93245
v 0.258909 -0.0262947 0.97156
v 0.248431 -0.0256836 0.955542
v 0.250854 -0.036079 0.939642
v 0.260926 -0.0178312 0.951782
v -0.0344324 0.0961957 1.01087
v -0.0186694 0.102427 1.0072
v -0.0102755 0.101609 0.992044
v -0.0314564 0.0916514 1.01346
v -0.0163762 0.0990699 1.0093
v -0.00715417 0.0967725 0.994828
v -0.0267672 0.08693 1.01789
v -0.012879 0.0957689 1.01262
v -0.00304837 0.0926048 0.998754
v -0.0211251 0.0834735 1.0237
v -0.00844648 0.0932225 1.01727
v 0.00236399 0.0892344 1.00445
v -0.0157546 0.081498 1.03181
v -0.00398226 0.0920112 1.02414
v 0.00784785 0.0876581 1.01192
v -0.0012316 0.0812829 1.04522
v 0.00165334 0.0924245 1.03184
v 0.00590604 0.0883404 1.0152
v 0.0181206 0.0874488 1.04457
v 0.0110068 0.0941907 1.03406
v 0.00684361 0.0887333 1.02143
v 0.020412 0.0941443 1.02755
v -0.0057263 0.267804 0.928729
v -0.0265093 0.278795 0.924766
v -0.0340592 0.288613 0.904394
v -0.00347055 0.275111 0.93234
v -0.0249656 0.284181 0.927628
v -0.0317148 0.296015 0.908111
v -0.00219391 0.282601 0.938012
v -0.0239942 0.290385 0.932639
v -0.0301885 0.30484 0.914823
v -0.00300423 0.291661 0.946833
v -0.024826 0.297074 0.939343
v -0.0308455 0.312798 0.922666
v -0.00481431 0.298321 0.958124
v -0.0268537 0.302445 0.949209
v -0.0334181 0.31977 0.933751
v -0.0115967 0.309269 0.97691
v -0.0301702 0.306641 0.96152
v -0.0340465 0.318779 0.940872
v -0.0370942 0.327024 0.98165
v -0.0394954 0.314973 0.966176
v -0.0314647 0.316748 0.94821
v -0.048838 0.32712 0.9627
v -0.0820543 -0.104914 0.790631
v -0.0795264 -0.106354 0.794744
v -0.0763965 -0.110207 0.795605
v -0.092967 -0.102881 0.788977
v -0.0848188 -0.106477 0.80046
v -0.0769193 -0.118296 0.803477
v -0.102798 -0.10233 0.791499
v -0.089989 -0.106615 0.806277
v -0.0803538 -0.123454 0.811219
v -0.11143 -0.10238 0.798612
v -0.0949367 -0.106669 0.812869
v -0.0850606 -0.125622 0.818945
v -0.11739 -0.101791 0.809042
v -0.0989334 -0.106338 0.821589
v -0.0894927 -0.125949 0.828301
v -0.116096 -0.101267 0.813734
v -0.102308 -0.104521 0.832161
v -0.0989546 -0.122844 0.846063
v -0.112128 -0.104333 0.819005
v -0.108958 -0.0991131 0.839128
v -0.117264 -0.106351 0.85704
v -0.120968 -0.0942188 0.834881
v 0.0470007 -0.00190804 0.990653
v 0.048379 -0.00348882 0.993988
v 0.0495743 -0.00713393 0.994884
v 0.0394493 0.00241985 0.989154
v 0.0444381 -0.00196234 0.998377
v 0.0470815 -0.012632 1.00126
v 0.0333215 0.00591524 0.989741
v 0.0403498 2.29039e-005 1.00243
v 0.0417312 -0.014614 1.00781
v 0.0269116 0.00908222 0.994298
v 0.0363898 0.00209217 1.00707
v 0.0370115 -0.0139759 1.01366
v 0.0243269 0.0115122 0.997295
v 0.0323999 0.00588719 1.01214
v 0.0296876 -0.00830334 1.02256
v 0.0278322 0.0073951 0.998168
v 0.0286237 0.013014 1.01544
v 0.017432 0.0106033 1.02955
v 0.026588 0.0124885 1.00219
v 0.0250223 0.0216125 1.01578
v 0.0122666 0.0243865 1.02578
v 0.0177057 0.0283362 1.0118
v 0.209271 -0.0442538 0.907164
v 0.209859 -0.0409242 0.91188
v 0.212952 -0.0361176 0.912887
v 0.210949 -0.0569543 0.905421
v 0.211737 -0.0466142 0.918563
v 0.221819 -0.0337296 0.922111
v 0.213771 -0.0678946 0.908494
v 0.213584 -0.0521633 0.925359
v 0.22851 -0.0355738 0.931186
v 0.216719 -0.077254 0.916845
v 0.215243 -0.057489 0.933042
v 0.232373 -0.0398732 0.940211
v 0.217953 -0.0838793 0.92896
v 0.216084 -0.0618601 0.943105
v 0.234073 -0.044498 0.951069
v 0.217292 -0.0826893 0.934185
v 0.214952 -0.0658657 0.954885
v 0.232999 -0.0556097 0.9718
v 0.220085 -0.0776227 0.940194
v 0.210989 -0.074247 0.962391
v 0.21905 -0.0805054 0.984362
v 0.209176 -0.0892535 0.958072
v -0.0250622 0.0969544 0.999285
v -0.0234308 0.0988375 1.00286
v -0.0196456 0.100851 1.00363
v -0.0284139 0.087875 0.99799
v -0.0241143 0.094367 1.00785
v -0.0128587 0.0993345 1.0104
v -0.0310215 0.0805524 0.998931
v -0.0252863 0.0896399 1.0125
v -0.00934508 0.0940495 1.01761
v -0.0330096 0.0730849 1.00424
v -0.0265417 0.0850517 1.01781
v -0.00883611 0.0889376 1.02417
v -0.0350648 0.0697933 1.00781
v -0.0296548 0.0800928 1.0237
v -0.0130857 0.0802037 1.03434
v -0.0312718 0.0746426 1.00852
v -0.0365387 0.0745931 1.02792
v -0.0307609 0.0631733 1.04341
v -0.0362285 0.0724777 1.01342
v -0.0451664 0.0688114 1.02882
v -0.0449005 0.0544224 1.03994
v -0.0509888 0.059376 1.02468
v -0.0155755 0.277162 0.913367
v -0.0187797 0.277112 0.918425
v -0.02421 0.279255 0.919756
v -0.00320718 0.281463 0.910821
v -0.0130323 0.280245 0.924976
v -0.027909 0.287811 0.929425
v 0.00742842 0.286598 0.913341
v -0.00741434 0.283319 0.931651
v -0.0268931 0.295041 0.938685
v 0.0167562 0.291582 0.921391
v -0.00192846 0.286165 0.939252
v -0.0228163 0.299917 0.947739
v 0.0237539 0.294232 0.933254
v 0.00291632 0.288014 0.94938
v -0.0177061 0.302762 0.958875
v 0.0219836 0.292985 0.938126
v 0.00815556 0.287858 0.961488
v -0.00373878 0.304558 0.980006
v 0.0170701 0.29381 0.944964
v 0.0189138 0.285659 0.968521
v 0.0256724 0.297064 0.989711
v 0.0337022 0.287394 0.962087
v -0.0113244 -0.0648817 0.415225
v -0.00587714 -0.0280447 0.41614
v 0.0115655 -0.0700236 0.485932
v 0.0170128 -0.0331866 0.486847
v 0.01069 -0.0243092 0.215974
v -0.0237205 -0.0460841 0.213546
v -0.00823745 -0.00292303 0.2924
v -0.0426479 -0.0246979 0.289971
v 0.131545 0.0204598 0.380525
v 0.092871 0.0149421 0.383174
v 0.132996 0.0458396 0.454594
v 0.0943222 0.0403219 0.457242
v 0.0673973 0.0256422 0.189669
v 0.0993847 0.000667898 0.183353
v 0.0642406 0.00174152 0.268193
v 0.0962281 -0.0232328 0.261877
v -0.0658141 0.177284 0.345236
v -0.0528553 0.14008 0.349404
v -0.092198 0.176463 0.419943
v -0.0792392 0.139258 0.424111
v -0.0524586 0.0981775 0.157879
v -0.0342211 0.133634 0.148106
v -0.0318924 0.109293 0.236585
v -0.0136549 0.144749 0.226812
v -0.0116743 -0.0510834 0.416478
v -0.00860079 -0.0464632 0.415683
v -0.0104371 -0.0407904 0.416631
v -0.006111 -0.0513591 0.431775
v -0.00360726 -0.0475849 0.431108
v -0.00509941 -0.0429534 0.431904
v -2.32606e-005 -0.05122 0.446589
v 0.00197312 -0.0481923 0.446029
v 0.000804311 -0.0444851 0.446744
v 0.00597231 -0.0521167 0.46097
v 0.00762951 -0.0496295 0.460549
v 0.00667911 -0.0465825 0.461165
v 0.0114136 -0.0526309 0.475441
v 0.0127532 -0.050567 0.475011
v 0.0119594 -0.0480436 0.475501
v 0.0178946 -0.0530337 0.48913
v 0.0189857 -0.0513321 0.488752
v 0.0183783 -0.0492637 0.489259
v 0.0245341 -0.0544254 0.502376
v 0.025393 -0.0530603 0.502046
v 0.0249349 -0.0514099 0.502504
v 0.0318849 -0.0551524 0.515132
v 0.0324657 -0.0541265 0.514797
v 0.0321652 -0.0529042 0.515194
v 0.0357522 -0.0556279 0.519507
v 0.0362404 -0.054753 0.519216
v 0.0360273 -0.0537205 0.519605
v -0.000276937 -0.0344291 0.216252
v -0.00651524 -0.0351966 0.21476
v -0.0101692 -0.041079 0.215432
v -0.0062024 -0.0290166 0.235797
v -0.0114065 -0.02967 0.23451
v -0.0144663 -0.0345826 0.23509
v -0.0130589 -0.0234417 0.254524
v -0.0173103 -0.0239934 0.253423
v -0.0198421 -0.027993 0.253986
v -0.0188873 -0.017069 0.272703
v -0.0224586 -0.0175192 0.271817
v -0.0245865 -0.0208609 0.272313
v -0.0247207 -0.0116348 0.290927
v -0.0277032 -0.0120548 0.290059
v -0.029489 -0.0148948 0.290435
v -0.0315531 -0.00532961 0.307994
v -0.0340607 -0.00570706 0.307211
v -0.0356072 -0.00807394 0.307632
v -0.0376178 0.0018044 0.324594
v -0.0396966 0.00145838 0.323873
v -0.0410058 -0.000514229 0.324258
v -0.0451309 0.00889165 0.340578
v -0.0467416 0.00851965 0.339831
v -0.047825 0.00693165 0.34018
v -0.0543988 0.0183472 0.354341
v -0.055542 0.0179718 0.353674
v -0.0564226 0.0168351 0.354033
v -0.0582187 0.0225464 0.358502
v -0.0591854 0.0221825 0.357887
v -0.0599646 0.0212004 0.358211
v 0.1178 0.0159987 0.382467
v 0.112208 0.0177009 0.38185
v 0.107102 0.0141734 0.383097
v 0.117497 0.0217676 0.398682
v 0.112527 0.0232753 0.398118
v 0.107987 0.0201507 0.399257
v 0.116499 0.0279775 0.414395
v 0.112145 0.0292863 0.413876
v 0.108171 0.0265872 0.414973
v 0.116393 0.0344449 0.429562
v 0.112587 0.0356147 0.42917
v 0.109112 0.0332677 0.430163
v 0.116081 0.0401891 0.444884
v 0.112706 0.0411904 0.444446
v 0.109624 0.0390907 0.445279
v 0.11535 0.0467297 0.459449
v 0.11234 0.0476265 0.459071
v 0.109593 0.0458002 0.459923
v 0.115658 0.0532114 0.473728
v 0.112965 0.054024 0.473412
v 0.110508 0.0523946 0.474184
v 0.115238 0.0593496 0.488027
v 0.112828 0.0600368 0.487658
v 0.110627 0.0585842 0.48836
v 0.114831 0.0667027 0.501453
v 0.112678 0.06732 0.501132
v 0.110714 0.0660874 0.501881
v 0.115169 0.0742494 0.514893
v 0.113263 0.0747798 0.51458
v 0.111525 0.0737184 0.515289
v 0.114705 0.0826738 0.527979
v 0.113045 0.0830842 0.527632
v 0.11153 0.082226 0.528337
v 0.11458 0.092929 0.539729
v 0.113173 0.0932494 0.539405
v 0.111889 0.0926403 0.540125
v 0.114687 0.104554 0.5503
v 0.11355 0.104756 0.549991
v 0.11251 0.104378 0.550651
v 0.114591 0.109198 0.553001
v 0.11355 0.109354 0.552701
v 0.112599 0.109059 0.553331
v 0.0807089 0.0188066 0.188282
v 0.083391 0.013155 0.186511
v 0.0902501 0.0117627 0.186294
v 0.0802427 0.0118544 0.208438
v 0.0825734 0.00696447 0.206849
v 0.0885292 0.00575778 0.206655
v 0.0799588 0.00390775 0.22776
v 0.0819515 -0.000242023 0.226348
v 0.0870284 -0.00129578 0.226258
v 0.078636 -0.00342983 0.246646
v 0.0803456 -0.00701001 0.245472
v 0.0847077 -0.00791736 0.245399
v 0.0783268 -0.0103955 0.265471
v 0.0798233 -0.0134688 0.264319
v 0.0836304 -0.0142288 0.264171
v 0.0775913 -0.0184945 0.283289
v 0.0789062 -0.0211717 0.282247
v 0.082237 -0.0218672 0.282197
v 0.076117 -0.0258302 0.300966
v 0.0772731 -0.0281625 0.300013
v 0.0801973 -0.0287592 0.299939
v 0.0757367 -0.0339297 0.318358
v 0.0767585 -0.0358823 0.317357
v 0.0793152 -0.0363792 0.317246
v 0.074405 -0.0437348 0.334871
v 0.0753004 -0.0453416 0.333894
v 0.0774984 -0.0457853 0.333839
v 0.0727403 -0.0543655 0.351047
v 0.0735137 -0.0555809 0.35007
v 0.075356 -0.0559223 0.349997
v 0.0713895 -0.0677734 0.365332
v 0.072043 -0.0685237 0.364379
v 0.0735058 -0.068764 0.364316
v 0.0704219 -0.0747833 0.369973
v 0.0710116 -0.075357 0.369086
v 0.0722961 -0.0755723 0.369039
v -0.058734 0.164627 0.347744
v -0.0593347 0.158682 0.34732
v -0.054823 0.154315 0.348803
v -0.0645673 0.163835 0.364043
v -0.0651025 0.158502 0.363652
v -0.061068 0.154583 0.365017
v -0.0707013 0.162267 0.379863
v -0.0711648 0.157546 0.379495
v -0.0676345 0.154074 0.380812
v -0.0772605 0.16151 0.395093
v -0.0776981 0.157342 0.394837
v -0.0745988 0.154277 0.396038
v -0.0830752 0.160696 0.410497
v -0.083429 0.156982 0.410179
v -0.0806456 0.15425 0.411202
v -0.0895818 0.159313 0.425152
v -0.0899065 0.155975 0.424884
v -0.0874554 0.153515 0.425921
v -0.0962085 0.15898 0.439481
v -0.0965158 0.155969 0.439272
v -0.0943105 0.153752 0.440216
v -0.102322 0.158033 0.453886
v -0.102562 0.155318 0.453615
v -0.100575 0.153314 0.454477
v -0.109556 0.156892 0.467436
v -0.109784 0.15444 0.467215
v -0.108057 0.152627 0.468121
v -0.116998 0.156544 0.481031
v -0.117197 0.154344 0.480821
v -0.115673 0.152713 0.481677
v -0.124983 0.155356 0.494446
v -0.125122 0.153402 0.494197
v -0.12383 0.151943 0.49505
v -0.13462 0.154294 0.506757
v -0.134736 0.152583 0.50653
v -0.133722 0.151295 0.507415
v -0.145371 0.153425 0.518294
v -0.145436 0.151969 0.518063
v -0.144689 0.150857 0.518917
v -0.157935 0.151967 0.527927
v -0.15794 0.150784 0.527698
v -0.157496 0.149855 0.528488
v -0.162475 0.151518 0.529993
v -0.162469 0.150425 0.529776
v -0.162118 0.14956 0.530532
v -0.0484419 0.112319 0.154992
v -0.0433398 0.115906 0.152992
v -0.0433547 0.122881 0.151942
v -0.0424821 0.115641 0.175158
v -0.0380214 0.11878 0.173346
v -0.0380433 0.124897 0.172394
v -0.0355754 0.119337 0.194489
v -0.0317457 0.122039 0.19286
v -0.0317497 0.127328 0.192095
v -0.0290404 0.121951 0.213493
v -0.0257127 0.124295 0.21212
v -0.0257202 0.128872 0.211443
v -0.023111 0.125551 0.232299
v -0.0202289 0.12759 0.230954
v -0.0202705 0.131597 0.230251
v -0.0160008 0.128952 0.250188
v -0.0134672 0.13075 0.248967
v -0.0134854 0.134301 0.248404
v -0.00958654 0.131603 0.268041
v -0.00735412 0.13319 0.266924
v -0.00739388 0.136325 0.26636
v -0.00284175 0.135649 0.285502
v -0.000939017 0.137018 0.284341
v -0.00101401 0.139771 0.283749
v 0.00548746 0.139362 0.302401
v 0.00709673 0.140539 0.301269
v 0.00701787 0.142949 0.300735
v 0.0141701 0.143447 0.319248
v 0.0154526 0.144416 0.318099
v 0.0153147 0.146461 0.317528
v 0.0248655 0.149058 0.334713
v 0.0257477 0.149788 0.333526
v 0.0255348 0.151453 0.332947
v 0.0381282 0.155289 0.347937
v 0.03859 0.155776 0.346825
v 0.0383089 0.157045 0.346308
v 0.0414913 0.156925 0.349977
v 0.041875 0.157359 0.348905
v 0.041584 0.158537 0.348404
v 0.00977201 -0.118869 0.531497
v 0.0360395 -0.0547129 0.519
v 0.0311408 0.0134308 0.536164
v 0.0201093 -0.120011 0.542959
v 0.0457054 -0.056384 0.529421
v 0.0403601 0.0114931 0.545263
v 0.034079 -0.122443 0.555946
v 0.0571187 -0.057777 0.541525
v 0.0492831 0.0102164 0.556886
v 0.041491 -0.123008 0.569934
v 0.0698318 -0.060449 0.555214
v 0.0681298 0.00801651 0.570806
v 0.0469854 -0.123269 0.58512
v 0.08386 -0.0658982 0.569596
v 0.0941954 0.00122019 0.586341
v 0.0672556 -0.123728 0.612542
v 0.100394 -0.0692452 0.584491
v 0.110424 -0.000481374 0.589426
v 0.101112 -0.129565 0.630374
v 0.120811 -0.0703402 0.596896
v 0.122458 0.000333502 0.601239
v 0.127355 -0.135313 0.640689
v 0.141853 -0.0698643 0.610443
v 0.135426 0.00283589 0.619496
v 0.164392 -0.129413 0.64571
v 0.164904 -0.066607 0.621649
v 0.150273 -0.00253304 0.635943
v 0.189099 -0.0573501 0.62633
v 0.00421915 0.0536753 0.388542
v -0.0589987 0.0219776 0.357715
v -0.111864 -0.0335245 0.366453
v -0.00519909 0.0631707 0.396646
v -0.0679648 0.0316762 0.366153
v -0.12004 -0.0238062 0.37459
v -0.0184741 0.074498 0.410444
v -0.0791024 0.0426196 0.375665
v -0.130934 -0.0139102 0.380071
v -0.0279929 0.0815805 0.423196
v -0.0906631 0.0553839 0.387093
v -0.146648 0.00268312 0.38945
v -0.041678 0.0985683 0.434134
v -0.10356 0.0691764 0.399867
v -0.15739 0.0148877 0.404624
v -0.0512888 0.115414 0.440857
v -0.115709 0.0875195 0.410974
v -0.175253 0.0416337 0.424018
v -0.0630481 0.130141 0.45911
v -0.126344 0.110059 0.419024
v -0.195874 0.0760398 0.424
v -0.058792 0.152354 0.450992
v -0.133374 0.135745 0.425524
v -0.206738 0.112164 0.44895
v -0.0715997 0.180094 0.449234
v -0.139056 0.163454 0.424768
v -0.208813 0.151492 0.445183
v -0.146503 0.191196 0.422301
v 0.186684 0.103943 0.56296
v 0.11355 0.109073 0.552563
v 0.0474053 0.094377 0.582427
v 0.185781 0.118304 0.570553
v 0.113293 0.122537 0.55927
v 0.0474437 0.106992 0.587942
v 0.185271 0.136978 0.578194
v 0.112387 0.138221 0.567089
v 0.0470826 0.120174 0.596184
v 0.184809 0.149298 0.589303
v 0.112538 0.15605 0.575788
v 0.0450481 0.144135 0.603258
v 0.184715 0.16039 0.602278
v 0.115221 0.1761 0.58413
v 0.0458578 0.176775 0.6085
v 0.1817 0.190331 0.621761
v 0.115166 0.198326 0.592229
v 0.0432864 0.194431 0.605683
v 0.179913 0.230197 0.625524
v 0.111718 0.222846 0.596571
v 0.0399897 0.211494 0.612972
v 0.179979 0.259562 0.62444
v 0.106944 0.248187 0.601796
v 0.0354093 0.232128 0.626314
v 0.165688 0.294446 0.615943
v 0.0990203 0.274054 0.604188
v 0.0383608 0.255393 0.635347
v 0.0845162 0.297371 0.600769
v 0.0231406 -0.0407198 0.419499
v 0.071055 -0.07507 0.368932
v 0.145141 -0.0937454 0.35496
v 0.0215204 -0.054696 0.426564
v 0.0691427 -0.0888037 0.376465
v 0.142768 -0.106768 0.362401
v 0.0216178 -0.0737893 0.438517
v 0.0674518 -0.105178 0.384703
v 0.140797 -0.12173 0.366578
v 0.0233136 -0.087743 0.449875
v 0.0649502 -0.123101 0.394975
v 0.136478 -0.144283 0.374166
v 0.0181426 -0.11063 0.460324
v 0.0627408 -0.142925 0.406329
v 0.13541 -0.160565 0.387475
v 0.00999506 -0.130088 0.467794
v 0.0562593 -0.164387 0.416964
v 0.12751 -0.190589 0.405251
v 0.00821406 -0.152059 0.48507
v 0.0452759 -0.186709 0.425704
v 0.110421 -0.224482 0.405018
v -0.0156632 -0.162035 0.482931
v 0.0301515 -0.208093 0.434401
v 0.0959123 -0.255443 0.431418
v -0.032332 -0.190009 0.482384
v 0.0111575 -0.229183 0.436845
v 0.0662247 -0.278777 0.434044
v -0.0068259 -0.251966 0.43702
v -0.166726 0.22514 0.533328
v -0.162173 0.150448 0.529666
v -0.143098 0.0887379 0.567626
v -0.181809 0.223081 0.539593
v -0.176336 0.149071 0.535069
v -0.156316 0.0876606 0.571891
v -0.201205 0.22088 0.54542
v -0.192766 0.146861 0.541429
v -0.170407 0.0863414 0.57889
v -0.214502 0.219848 0.5553
v -0.211561 0.145527 0.548347
v -0.195114 0.0818935 0.583857
v -0.226714 0.219518 0.567111
v -0.232835 0.146478 0.554403
v -0.228787 0.0791637 0.585806
v -0.258017 0.214746 0.583752
v -0.255968 0.144516 0.560226
v -0.246463 0.07419 0.581532
v -0.297376 0.209086 0.583512
v -0.280651 0.138754 0.562344
v -0.264845 0.0694814 0.58736
v -0.325813 0.206372 0.579282
v -0.306207 0.13194 0.56537
v -0.287473 0.0638545 0.599007
v -0.357971 0.18847 0.568551
v -0.331802 0.121951 0.565799
v -0.312688 0.0653837 0.605196
v -0.35385 0.105279 0.561346
v 0.0235395 0.119612 0.414222
v 0.0416102 0.157232 0.348758
v 0.0316366 0.223296 0.30922
v 0.0362884 0.126101 0.42078
v 0.0542031 0.163531 0.355866
v 0.0437635 0.228891 0.316433
v 0.0526682 0.137753 0.431136
v 0.0690636 0.171298 0.363441
v 0.0576952 0.234429 0.320292
v 0.0639768 0.148705 0.440729
v 0.0854388 0.179708 0.373122
v 0.0786924 0.241915 0.327545
v 0.0864632 0.157509 0.451572
v 0.103246 0.189709 0.383574
v 0.0914523 0.25145 0.338952
v 0.1077 0.161902 0.460965
v 0.124179 0.197006 0.394697
v 0.11801 0.262961 0.355876
v 0.127112 0.176696 0.476747
v 0.147853 0.201062 0.405549
v 0.153418 0.263524 0.359066
v 0.148752 0.161692 0.483864
v 0.172501 0.20232 0.417873
v 0.181319 0.276191 0.385702
v 0.182445 0.162487 0.488038
v 0.199626 0.199099 0.425916
v 0.213469 0.266121 0.397431
v 0.228105 0.19755 0.431231
# 2346 verticies
vt 1 0
vt 1 0.25
vt 0.5 0
vt 0.5 0.25
vt 0 0
vt 0 0.25
vt 1 0.5
vt 0.5 0.5
vt 0 0.5
vt 1 0.75
vt 0.5 0.75
vt 0 0.75
vt 1 1
vt 0.5 1
vt 0 1
vt 1 1.25
vt 0.5 1.25
vt 0 1.25
vt 1 1.5
vt 0.5 1.5
vt 0 1.5
vt 1 1.75
vt 0.5 1.75
vt 0 1.75
vt 1 0.111111
vt 0.5 0.111111
vt 0 0.111111
vt 1 0.222222
vt 0.5 0.222222
vt 0 0.222222
vt 1 0.333333
vt 0.5 0.333333
vt 0 0.333333
vt 1 0.444444
vt 0.5 0.444444
vt 0 0.444444
vt 1 0.555556
vt 0.5 0.555556
vt 0 0.555556
vt 1 0.666667
vt 0.5 0.666667
vt 0 0.666667
vt 1 0.777778
vt 0.5 0.777778
vt 0 0.777778
vt 1 0.888889
vt 0.5 0.888889
vt 0 0.888889
vt 1 2
vt 0.5 2
vt 0 2
vt 1 0.2
vt 0.666667 0
vt 0.333333 0.2
vt 0 0.2
vt 0.666667 0.2
vt 0.333333 0
vt 1 0.4
vt 0.333333 0.4
vt 0 0.4
vt 0.666667 0.4
vt 1 0.6
vt 0.333333 0.6
vt 0 0.6
vt 0.666667 0.6
vt 1 0.8
vt 0.333333 0.8
vt 0 0.8
vt 0.666667 0.8
vt 0.333333 1
vt 0.666667 1
vt 1 1.2
vt 0.333333 1.2
vt 0 1.2
vt 0.666667 1.2
vt 1 1.4
vt 0.333333 1.4
vt 0 1.4
vt 0.666667 1.4
vt 1 1.6
vt 0.333333 1.6
vt 0 1.6
vt 0.666667 1.6
vt 1 1.8
vt 0.333333 1.8
vt 0 1.8
vt 0.666667 1.8
vt 0.333333 2
vt 0.666667 2
vt 1 2.2
vt 0.333333 2.2
vt 0 2.2
vt 0.666667 2.2
vt 1 2.4
vt 0.333333 2.4
vt 0 2.4
vt 0.666667 2.4
vt 1 2.6
vt 0.333333 2.6
vt 0 2.6
vt 0.666667 2.6
vt 1 2.8
vt 0.333333 2.8
vt 0 2.8
vt 0.666667 2.8
vt 1 3
vt 0.333333 3
vt 0 3
vt 0.666667 3
vt 1 3.2
vt 0.333333 3.2
vt 0 3.2
vt 0.666667 3.2
vt 1 3.4
vt 0.333333 3.4
vt 0 3.4
vt 0.666667 3.4
vt 1 3.6
vt 0.333333 3.6
vt 0 3.6
vt 0.666667 3.6
vt 1 3.8
vt 0.333333 3.8
vt 0 3.8
vt 0.666667 3.8
vt 1 4
vt 0.333333 4
vt 0 4
vt 0.666667 4
vt 1 4.2
vt 0.333333 4.2
vt 0 4.2
vt 0.666667 4.2
vt 1 4.4
vt 0.333333 4.4
vt 0 4.4
vt 0.666667 4.4
vt 1 4.6
vt 0.333333 4.6
vt 0 4.6
vt 0.666667 4.6
vt 1 4.8
vt 0.333333 4.8
vt 0 4.8
vt 0.666667 4.8
vt 1 5
vt 0.333333 5
vt 0 5
vt 0.666667 5
vt 1 5.2
vt 0.333333 5.2
vt 0 5.2
vt 0.666667 5.2
vt 1 5.4
vt 0.333333 5.4
vt 0 5.4
vt 0.666667 5.4
vt 1 5.6
vt 0.333333 5.6
vt 0 5.6
vt 0.666667 5.6
vt 1 5.8
vt 0.333333 5.8
vt 0 5.8
vt 0.666667 5.8
vt 1 6
vt 0.333333 6
vt 0 6
vt 0.666667 6
vt 1 6.2
vt 0.333333 6.2
vt 0 6.2
vt 0.666667 6.2
vt 1 6.4
vt 0.333333 6.4
vt 0 6.4
vt 0.666667 6.4
vt 1 6.6
vt 0.333333 6.6
vt 0 6.6
vt 0.666667 6.6
vt 1 6.8
vt 0.333333 6.8
vt 0 6.8
vt 0.666667 6.8
vt 1 7
vt 0.333333 7
vt 0 7
vt 0.666667 7
vt 1 7.2
vt 0.333333 7.2
vt 0 7.2
vt 0.666667 7.2
vt 1 7.4
vt 0.333333 7.4
vt 0 7.4
vt 0.666667 7.4
vt 1 7.6
vt 0.333333 7.6
vt 0 7.6
vt 0.666667 7.6
vt 1 0.142857
vt 0.5 0.142857
vt 0 0.142857
vt 1 0.285714
vt 0.5 0.285714
vt 0 0.285714
vt 1 0.428571
vt 0.5 0.428571
vt 0 0.428571
vt 1 0.571429
vt 0.5 0.571429
vt 0 0.571429
vt 1 0.714286
vt 0.5 0.714286
vt 0 0.714286
vt 1 0.857143
vt 0.5 0.857143
vt 0 0.857143
vt 1 5.45
vt 0.5 5.2
vt 0.5 5.45
vt 0 5.45
vt 1 5.7
vt 0.5 5.7
vt 0 5.7
vt 1 5.95
vt 0.5 5.95
vt 0 5.95
vt 0.5 6.2
vt 1 6.45
vt 0.5 6.45
vt 0 6.45
vt 1 6.7
vt 0.5 6.7
vt 0 6.7
vt 1 7.05
vt 0.5 6.8
vt 0.5 7.05
vt 0 7.05
vt 1 7.3
vt 0.5 7.3
vt 0 7.3
vt 1 7.55
vt 0.5 7.55
vt 0 7.55
vt 1 7.8
vt 0.5 7.8
vt 0 7.8
vt 1 8.05
vt 0.5 8.05
vt 0 8.05
vt 1 8.3
vt 0.5 8.3
vt 0 8.3
vt 1 8.55
vt 0.5 8.55
vt 0 8.55
vt 1 5.65
vt 0.5 5.4
vt 0.5 5.65
vt 0 5.65
vt 1 5.9
vt 0.5 5.9
vt 0 5.9
vt 1 6.15
vt 0.5 6.15
vt 0 6.15
vt 0.5 6.4
vt 1 6.65
vt 0.5 6.65
vt 0 6.65
vt 1 6.9
vt 0.5 6.9
vt 0 6.9
vt 1 7.15
vt 0.5 7.15
vt 0 7.15
vt 0.5 7.4
vt 1 7.25
vt 0.5 7
vt 0.5 7.25
vt 0 7.25
vt 1 7.5
vt 0.5 7.5
vt 0 7.5
vt 1 7.75
vt 0.5 7.75
vt 0 7.75
vt 1 8
vt 0.5 8
vt 0 8
vt 1 8.25
vt 0.5 8.25
vt 0 8.25
vt 1 8.5
vt 0.5 8.5
vt 0 8.5
vt 1 8.75
vt 0.5 8.75
vt 0 8.75
vt 1 9
vt 0.5 9
vt 0 9
vt 1 5.85
vt 0.5 5.6
vt 0.5 5.85
vt 0 5.85
vt 1 6.1
vt 0.5 6.1
vt 0 6.1
vt 1 6.35
vt 0.5 6.35
vt 0 6.35
vt 0.5 6.6
vt 1 6.85
vt 0.5 6.85
vt 0 6.85
vt 1 7.1
vt 0.5 7.1
vt 0 7.1
vt 1 7.35
vt 0.5 7.35
vt 0 7.35
vt 0.5 7.6
vt 0.333333 5.45
vt 0.666667 5.45
vt 0.333333 5.7
vt 0.666667 5.7
vt 0.333333 5.95
vt 0.666667 5.95
vt 0.333333 6.45
vt 0.666667 6.45
vt 0.333333 6.7
vt 0.666667 6.7
vt 1 6.95
vt 0.333333 6.95
vt 0 6.95
vt 0.666667 6.95
vt 1 7.45
vt 0.333333 7.45
vt 0 7.45
vt 0.666667 7.45
vt 0.333333 7.05
vt 0.666667 7.05
vt 0.333333 7.3
vt 0.666667 7.3
vt 0.333333 7.55
vt 0.666667 7.55
vt 0.333333 7.8
vt 0.666667 7.8
vt 0.333333 8.05
vt 0.666667 8.05
vt 0.333333 8.3
vt 0.666667 8.3
vt 0.333333 8.55
vt 0.666667 8.55
vt 1 8.8
vt 0.333333 8.8
vt 0 8.8
vt 0.666667 8.8
vt 1 9.05
vt 0.333333 9.05
vt 0 9.05
vt 0.666667 9.05
vt 1 9.3
vt 0.333333 9.3
vt 0 9.3
vt 0.666667 9.3
vt 1 9.55
vt 0.333333 9.55
vt 0 9.55
vt 0.666667 9.55
vt 0.333333 5.65
vt 0.666667 5.65
vt 0.333333 5.9
vt 0.666667 5.9
vt 0.333333 6.15
vt 0.666667 6.15
vt 0.333333 6.65
vt 0.666667 6.65
vt 0.333333 6.9
vt 0.666667 6.9
vt 0.333333 7.15
vt 0.666667 7.15
vt 1 7.65
vt 0.333333 7.65
vt 0 7.65
vt 0.666667 7.65
vt 1 7.9
vt 0.333333 7.9
vt 0 7.9
vt 0.666667 7.9
vt 1 8.15
vt 0.333333 8.15
vt 0 8.15
vt 0.666667 8.15
vt 1 8.4
vt 0.333333 8.4
vt 0 8.4
vt 0.666667 8.4
vt 0.333333 7.25
vt 0.666667 7.25
vt 0.333333 7.5
vt 0.666667 7.5
vt 0.333333 7.75
vt 0.666667 7.75
vt 0.333333 8
vt 0.666667 8
vt 0.333333 8.25
vt 0.666667 8.25
vt 0.333333 8.5
vt 0.666667 8.5
vt 0.333333 8.75
vt 0.666667 8.75
vt 0.333333 9
vt 0.666667 9
vt 1 9.25
vt 0.333333 9.25
vt 0 9.25
vt 0.666667 9.25
vt 1 9.5
vt 0.333333 9.5
vt 0 9.5
vt 0.666667 9.5
vt 1 9.75
vt 0.333333 9.75
vt 0 9.75
vt 0.666667 9.75
vt 1 10
vt 0.333333 10
vt 0 10
vt 0.666667 10
vt 0.333333 5.85
vt 0.666667 5.85
vt 0.333333 6.1
vt 0.666667 6.1
vt 0.333333 6.35
vt 0.666667 6.35
vt 0.333333 6.85
vt 0.666667 6.85
vt 0.333333 7.1
vt 0.666667 7.1
vt 0.333333 7.35
vt 0.666667 7.35
vt 1 7.85
vt 0.333333 7.85
vt 0 7.85
vt 0.666667 7.85
vt 1 8.1
vt 0.333333 8.1
vt 0 8.1
vt 0.666667 8.1
vt 1 8.35
vt 0.333333 8.35
vt 0 8.35
vt 0.666667 8.35
vt 1 8.6
vt 0.333333 8.6
vt 0 8.6
vt 0.666667 8.6
vt 1 8.85
vt 0.333333 8.85
vt 0 8.85
vt 0.666667 8.85
vt 1 7.7
vt 0.333333 7.7
vt 0 7.7
vt 0.666667 7.7
vt 1 7.95
vt 0.333333 7.95
vt 0 7.95
vt 0.666667 7.95
vt 1 8.2
vt 0.333333 8.2
vt 0 8.2
vt 0.666667 8.2
vt 1 8.45
vt 0.333333 8.45
vt 0 8.45
vt 0.666667 8.45
vt 1 8.7
vt 0.333333 8.7
vt 0 8.7
vt 0.666667 8.7
vt 1 8.95
vt 0.333333 8.95
vt 0 8.95
vt 0.666667 8.95
vt 1 9.2
vt 0.333333 9.2
vt 0 9.2
vt 0.666667 9.2
vt 1 9.45
vt 0.333333 9.45
vt 0 9.45
vt 0.666667 9.45
vt 1.03 0
vt 0.83 0
vt 0.23 0
vt 0.03 0
vt 0.63 0
vt 0.43 0
vt 1 9.8
vt 0.333333 9.8
vt 0 9.8
vt 0.666667 9.8
vt 1 10.05
vt 0.333333 10.05
vt 0 10.05
vt 0.666667 10.05
vt 1 10.3
vt 0.333333 10.3
vt 0 10.3
vt 0.666667 10.3
vt 1 10.55
vt 0.333333 10.55
vt 0 10.55
vt 0.666667 10.55
vt 1 10.8
vt 0.333333 10.8
vt 0 10.8
vt 0.666667 10.8
vt 1 11.05
vt 0.333333 11.05
vt 0 11.05
vt 0.666667 11.05
vt 1 11.3
vt 0.333333 11.3
vt 0 11.3
vt 0.666667 11.3
vt 1 11.55
vt 0.333333 11.55
vt 0 11.55
vt 0.666667 11.55
vt 1 8.65
vt 0.333333 8.65
vt 0 8.65
vt 0.666667 8.65
vt 1 8.9
vt 0.333333 8.9
vt 0 8.9
vt 0.666667 8.9
vt 1 9.15
vt 0.333333 9.15
vt 0 9.15
vt 0.666667 9.15
vt 1 9.4
vt 0.333333 9.4
vt 0 9.4
vt 0.666667 9.4
vt 1 9.65
vt 0.333333 9.65
vt 0 9.65
vt 0.666667 9.65
vt 1 9.9
vt 0.333333 9.9
vt 0 9.9
vt 0.666667 9.9
vt 1 10.15
vt 0.333333 10.15
vt 0 10.15
vt 0.666667 10.15
vt 1 10.4
vt 0.333333 10.4
vt 0 10.4
vt 0.666667 10.4
vt 1 10.25
vt 0.333333 10.25
vt 0 10.25
vt 0.666667 10.25
vt 1 10.5
vt 0.333333 10.5
vt 0 10.5
vt 0.666667 10.5
vt 1 10.75
vt 0.333333 10.75
vt 0 10.75
vt 0.666667 10.75
vt 1 11
vt 0.333333 11
vt 0 11
vt 0.666667 11
vt 1 11.25
vt 0.333333 11.25
vt 0 11.25
vt 0.666667 11.25
vt 1 11.5
vt 0.333333 11.5
vt 0 11.5
vt 0.666667 11.5
vt 1 11.75
vt 0.333333 11.75
vt 0 11.75
vt 0.666667 11.75
vt 1 12
vt 0.333333 12
vt 0 12
vt 0.666667 12
vt 1 9.1
vt 0.333333 9.1
vt 0 9.1
vt 0.666667 9.1
vt 1 9.35
vt 0.333333 9.35
vt 0 9.35
vt 0.666667 9.35
vt 1 9.6
vt 0.333333 9.6
vt 0 9.6
vt 0.666667 9.6
vt 1 9.85
vt 0.333333 9.85
vt 0 9.85
vt 0.666667 9.85
vt 1 10.1
vt 0.333333 10.1
vt 0 10.1
vt 0.666667 10.1
vt 1 10.35
vt 0.333333 10.35
vt 0 10.35
vt 0.666667 10.35
vt 1 10.6
vt 0.333333 10.6
vt 0 10.6
vt 0.666667 10.6
vt 1 10.85
vt 0.333333 10.85
vt 0 10.85
vt 0.666667 10.85
vt 1.03 0.2
vt 0.23 0.2
vt 0.03 0.2
vt 0.83 0.2
vt 0.63 0.2
vt 0.43 0.2
vt 1.03 0.4
vt 0.23 0.4
vt 0.03 0.4
vt 0.83 0.4
vt 0.63 0.4
vt 0.43 0.4
vt 1.03 0.6
vt 0.23 0.6
vt 0.03 0.6
vt 0.83 0.6
vt 0.63 0.6
vt 0.43 0.6
vt 1.03 0.8
vt 0.23 0.8
vt 0.03 0.8
vt 0.83 0.8
vt 0.63 0.8
vt 0.43 0.8
vt 1 9.7
vt 1 9.95
vt 0.666667 9.7
vt 0 9.7
vt 0.333333 9.95
vt 0 9.95
vt 0.666667 9.95
vt 0.333333 9.7
vt 1 10.2
vt 0.333333 10.2
vt 0 10.2
vt 0.666667 10.2
vt 1 10.45
vt 0.333333 10.45
vt 0 10.45
vt 0.666667 10.45
vt 1 10.7
vt 0.333333 10.7
vt 0 10.7
vt 0.666667 10.7
vt 1 11.8
vt 1 12.05
vt 0.666667 11.8
vt 0 11.8
vt 0.333333 12.05
vt 0 12.05
vt 0.666667 12.05
vt 0.333333 11.8
vt 1 12.3
vt 0.333333 12.3
vt 0 12.3
vt 0.666667 12.3
vt 1 12.55
vt 0.333333 12.55
vt 0 12.55
vt 0.666667 12.55
vt 1 12.8
vt 0.333333 12.8
vt 0 12.8
vt 0.666667 12.8
vt 1 10.65
vt 1 10.9
vt 0.666667 10.65
vt 0 10.65
vt 0.333333 10.9
vt 0 10.9
vt 0.666667 10.9
vt 0.333333 10.65
vt 1 11.15
vt 0.333333 11.15
vt 0 11.15
vt 0.666667 11.15
vt 1 11.4
vt 0.333333 11.4
vt 0 11.4
vt 0.666667 11.4
vt 1 11.65
vt 0.333333 11.65
vt 0 11.65
vt 0.666667 11.65
vt 1 12.25
vt 1 12.5
vt 0.666667 12.25
vt 0 12.25
vt 0.333333 12.5
vt 0 12.5
vt 0.666667 12.5
vt 0.333333 12.25
vt 1 12.75
vt 0.333333 12.75
vt 0 12.75
vt 0.666667 12.75
vt 1 13
vt 0.333333 13
vt 0 13
vt 0.666667 13
vt 1 13.25
vt 0.333333 13.25
vt 0 13.25
vt 0.666667 13.25
vt 1 11.1
vt 1 11.35
vt 0.666667 11.1
vt 0 11.1
vt 0.333333 11.35
vt 0 11.35
vt 0.666667 11.35
vt 0.333333 11.1
vt 1 11.6
vt 0.333333 11.6
vt 0 11.6
vt 0.666667 11.6
vt 1 11.85
vt 0.333333 11.85
vt 0 11.85
vt 0.666667 11.85
vt 1 12.1
vt 0.333333 12.1
vt 0 12.1
vt 0.666667 12.1
vt 0.5 0.2
vt 0.5 0.4
vt 0.5 0.6
vt 0.5 0.8
vt 1 2.45
vt 0.5 2.2
vt 0.5 2.45
vt 0 2.45
vt 1 2.7
vt 0.5 2.7
vt 0 2.7
vt 1 2.95
vt 0.5 2.95
vt 0 2.95
vt 0.5 3.2
vt 1 3.45
vt 0.5 3.45
vt 0 3.45
vt 1 3.7
vt 0.5 3.7
vt 0 3.7
vt 1 3.95
vt 0.5 3.95
vt 0 3.95
vt 0.5 4.2
vt 1 1.45
vt 0.5 1.2
vt 0.5 1.45
vt 0 1.45
vt 1 1.7
vt 0.5 1.7
vt 0 1.7
vt 1 1.95
vt 0.5 1.95
vt 0 1.95
vt 1 4.45
vt 0.5 4.45
vt 0 4.45
vt 1 4.7
vt 0.5 4.7
vt 0 4.7
vt 1 4.95
vt 0.5 4.95
vt 0 4.95
# 799 texture verticies
vn 0.319471 0.758846 0.567531
vn 0.320361 0.754317 0.57304
vn 0.319425 0.758862 0.567535
vn 0.321182 0.749763 0.57853
vn -0.728171 0.613983 0.304617
vn -0.574114 0.583364 0.574525
vn -0.575559 0.591152 0.565041
vn -0.57259 0.575482 0.583918
vn 0.324191 0.733998 0.59678
vn 0.326071 0.722679 0.609436
vn -0.570695 0.565504 0.59541
vn -0.57047 0.563463 0.597556
vn 0.326222 0.721538 0.610706
vn 0.323657 0.731995 0.599524
vn -0.570713 0.564579 0.596269
vn -0.571319 0.56767 0.592744
vn 0.326308 0.721604 0.610583
vn 0.330313 0.700487 0.632623
vn -0.566773 0.543029 0.619587
vn -0.561511 0.513944 0.648511
vn 0.336501 0.668236 0.663496
vn 0.337744 0.65793 0.673095
vn -0.557824 0.499354 0.662932
vn -0.561252 0.513986 0.648702
vn 0.33569 0.670006 0.662121
vn 0.329992 0.693169 0.640798
vn -0.563179 0.52539 0.637804
vn -0.563381 0.521987 0.640415
vn 0.325105 0.714968 0.618973
vn 0.322664 0.716604 0.618358
vn -0.56303 0.518667 0.643414
vn -0.563594 0.518792 0.642819
vn -0.594085 -0.00792704 0.804363
vn -0.586371 0.00156725 0.810041
vn -0.594005 -0.00807329 0.804421
vn -0.578452 0.0109283 0.815643
vn 0.12729 -0.853626 0.505094
vn 0.118867 -0.574558 0.809786
vn 0.106579 -0.589286 0.800864
vn 0.131069 -0.559533 0.818379
vn -0.55365 0.0412351 0.831728
vn -0.536065 0.0616318 0.841924
vn 0.148142 -0.538857 0.829269
vn 0.153082 -0.533434 0.831874
vn -0.529435 0.0691161 0.84553
vn -0.539552 0.0546202 0.840179
vn 0.156375 -0.529785 0.833592
vn 0.154744 -0.531611 0.832733
vn -0.522727 0.077559 0.848965
vn -0.493414 0.113153 0.862403
vn 0.191376 -0.488007 0.851601
vn 0.230181 -0.441408 0.867281
vn -0.449143 0.167404 0.877637
vn -0.433564 0.184359 0.882062
vn 0.253969 -0.409649 0.876177
vn 0.241245 -0.427025 0.871464
vn -0.438889 0.177874 0.88076
vn -0.457699 0.15199 0.87602
vn 0.234812 -0.434853 0.869348
vn 0.242811 -0.426851 0.871115
vn -0.476942 0.127172 0.869686
vn -0.475028 0.12482 0.871073
vn 0.250371 -0.41838 0.873083
vn 0.250568 -0.418549 0.872945
vn 0.12893 0.714863 0.687276
vn 0.150083 0.66869 0.728237
vn -0.0295793 0.670682 0.741155
vn -0.105366 0.616206 0.780505
vn -0.350463 0.527542 0.77387
vn -0.366902 0.56246 0.74096
vn 0.105551 0.737536 0.667008
vn -0.139653 0.691625 0.708627
vn -0.354433 0.533005 0.768299
vn 0.105502 0.849101 0.517587
vn -0.0562975 0.664315 0.74533
vn -0.240189 0.444625 0.862913
vn 0.254373 0.786213 0.563172
vn 0.0863002 0.597446 0.797252
vn -0.0775156 0.294437 0.952522
vn 0.433175 0.582904 0.687446
vn 0.235172 0.408843 0.881783
vn -0.0113386 0.321339 0.946896
vn 0.481924 0.375374 0.791735
vn 0.185914 0.438099 0.879492
vn -0.163161 0.512141 0.843262
vn 0.431125 0.308604 0.847877
vn 0.100991 0.367633 0.924471
vn -0.275647 0.413325 0.86786
vn 0.344432 0.23488 0.908955
vn 0.00912724 0.202507 0.979238
vn -0.42217 0.455323 0.783871
vn 0.163279 -0.00674986 0.986557
vn -0.0228925 -0.196313 0.980274
vn -0.269853 0.0807177 0.959512
vn -0.309007 0.025388 0.950721
vn -0.1403 -0.0312644 0.989615
vn -0.0957558 -0.107715 0.98956
vn 0.133844 -0.247336 0.959641
vn 0.185809 -0.137796 0.972876
vn -0.402617 -0.0608061 0.913347
vn -0.12276 -0.0605033 0.99059
vn 0.169564 -0.0523321 0.984129
vn -0.395891 0.0711116 0.91554
vn -0.129947 0.0221221 0.991274
vn 0.0466601 -0.170182 0.984307
vn -0.247109 0.263275 0.932536
vn -0.0888018 0.0258697 0.995713
vn 0.0752665 -0.204696 0.975928
vn -0.229701 0.226471 0.946545
vn -0.0287251 0.0852599 0.995945
vn 0.283006 0.0364736 0.958424
vn -0.270258 0.27868 0.921574
vn 0.189414 0.295277 0.936447
vn 0.23905 0.118038 0.963806
vn 0.514792 0.794274 0.322674
vn 0.321324 0.630692 0.706384
vn 0.267658 0.295988 0.916924
vn 0.388062 0.0220477 0.92137
vn 0.322547 0.56089 0.762474
vn 0.487134 0.302167 0.819388
vn 0.573676 0.114576 0.811029
vn 0.486551 0.360605 0.795759
vn -0.779062 0.605098 0.164068
vn -0.774167 0.604194 0.188719
vn -0.768803 0.602858 0.213317
vn -0.942795 -0.29074 0.163117
vn -0.936666 -0.291625 0.193937
vn -0.942974 -0.29005 0.163311
vn -0.929568 -0.292369 0.224551
vn -0.752406 0.60067 0.270337
vn -0.74179 0.598463 0.302637
vn -0.915509 -0.294978 0.273553
vn -0.9093 -0.296174 0.292327
vn -0.731213 0.596271 0.331343
vn -0.733043 0.595738 0.328244
vn -0.900239 -0.298211 0.317237
vn -0.897837 -0.298571 0.323641
vn -0.718564 0.594201 0.361375
vn -0.701807 0.591346 0.39721
vn -0.875363 -0.303048 0.3767
vn -0.852972 -0.30662 0.422402
vn -0.679074 0.58787 0.439622
vn -0.67456 0.58757 0.446912
vn -0.823586 -0.310132 0.474894
vn -0.818561 -0.311597 0.482562
vn -0.66323 0.585939 0.465619
vn -0.656442 0.584424 0.477003
vn -0.824993 -0.310029 0.472513
vn -0.835911 -0.308336 0.454073
vn -0.664499 0.585731 0.46407
vn -0.680102 0.587018 0.43917
vn -0.842997 -0.306827 0.44183
vn -0.839362 -0.308451 0.447582
vn -0.694369 0.588595 0.414014
vn -0.696148 0.586771 0.413615
vn -0.835763 -0.30938 0.453634
vn -0.835779 -0.309907 0.453246
vn 0.121669 -0.937133 0.327076
vn 0.103495 -0.910288 0.40083
vn 0.0847186 -0.876736 0.473452
vn 0.857221 -0.400155 0.324112
vn 0.834127 -0.371246 0.407932
vn 0.853558 -0.406237 0.326208
vn 0.80376 -0.338552 0.489237
vn 0.0131263 -0.790286 0.612597
vn -0.0260888 -0.732387 0.680389
vn 0.744044 -0.252315 0.618656
vn 0.709999 -0.209065 0.672453
vn -0.0901138 -0.645583 0.758355
vn -0.103048 -0.618674 0.77886
vn 0.652825 -0.124074 0.747279
vn 0.625319 -0.0906895 0.775082
vn -0.175054 -0.531115 0.829019
vn -0.224175 -0.462699 0.857704
vn 0.545502 0.0250118 0.837736
vn 0.485397 0.104583 0.868016
vn -0.308884 -0.352888 0.88321
vn -0.33811 -0.309925 0.88861
vn 0.419058 0.190489 0.887752
vn 0.415558 0.19708 0.887959
vn -0.379267 -0.251495 0.890453
vn -0.388928 -0.234811 0.890842
vn 0.401258 0.219392 0.889303
vn 0.39165 0.236073 0.889315
vn -0.381448 -0.243071 0.89186
vn -0.361797 -0.266482 0.893359
vn 0.374808 0.263729 0.8888
vn 0.367689 0.274728 0.888442
vn -0.342432 -0.290089 0.893638
vn -0.339837 -0.288312 0.895202
vn 0.359789 0.285375 0.88832
vn 0.359644 0.285278 0.88841
vn -0.773573 0.389992 0.49949
vn -0.747408 0.391923 0.53645
vn -0.807945 0.238988 0.538618
vn -0.806103 0.156463 0.570716
vn -0.820753 -0.0839906 0.565075
vn -0.838017 -0.0872697 0.538619
vn -0.797204 0.380575 0.468646
vn -0.85058 0.153833 0.502842
vn -0.81212 -0.0843487 0.577361
vn -0.856154 0.411127 0.313008
vn -0.820399 0.20821 0.532536
vn -0.73164 -0.0236841 0.681279
vn -0.785376 0.507134 0.354964
vn -0.741855 0.302562 0.598421
vn -0.586275 0.0649161 0.807507
vn -0.60203 0.596146 0.531197
vn -0.570578 0.368946 0.733703
vn -0.602401 0.128515 0.787779
vn -0.440707 0.572608 0.691301
vn -0.61925 0.335394 0.709958
vn -0.79563 0.0535109 0.603415
vn -0.425049 0.505375 0.750952
vn -0.617033 0.235469 0.750883
vn -0.78071 -0.0864971 0.618879
vn -0.420956 0.401512 0.813379
vn -0.542469 0.0963184 0.834536
vn -0.849719 -0.215205 0.481316
vn -0.311927 0.164593 0.935741
vn -0.216903 -0.0586385 0.97443
vn -0.25467 -0.0619478 0.965042
vn -0.223071 -0.0995122 0.96971
vn -0.130036 0.036401 0.990841
vn -0.0562557 0.0674209 0.996137
vn 0.127044 0.232171 0.964343
vn 0.0643991 0.286061 0.956045
vn -0.173514 -0.188977 0.96653
vn -0.0877064 0.0517812 0.9948
vn -0.00218088 0.296772 0.954946
vn -0.270597 -0.155314 0.950081
vn -0.157082 0.0718881 0.984966
vn 0.0579521 0.185097 0.98101
vn -0.39775 0.0142677 0.917383
vn -0.157834 0.116156 0.98061
vn 0.0853577 0.210575 0.973844
vn -0.362489 0.0207729 0.931757
vn -0.19993 0.183665 0.962442
vn -0.0900135 0.456868 0.884968
vn -0.416166 -0.0111282 0.909221
vn -0.33862 0.421797 0.841085
vn -0.168123 0.431299 0.886406
vn -0.669335 0.730375 0.136172
vn -0.59274 0.574787 0.564163
vn -0.316769 0.483227 0.816179
vn -0.0454453 0.541395 0.839539
vn -0.532511 0.559923 0.634759
vn -0.271493 0.670326 0.690619
vn -0.0851208 0.714806 0.694123
vn -0.32192 0.67179 0.667132
vn 0.938997 0.314738 0.138651
vn 0.939426 0.317354 0.129479
vn 0.93887 0.315133 0.138613
vn -0.763853 0.630328 0.138618
vn -0.763577 0.632613 0.129426
vn -0.763039 0.635042 0.120387
vn 0.939801 0.319849 0.120295
vn -0.175185 -0.946382 -0.271425
vn -0.176089 -0.951266 -0.253152
vn -0.175185 -0.946382 -0.271425
vn -0.17693 -0.95581 -0.234782
vn -0.764104 0.630074 0.138392
vn 0.94056 0.323382 0.103785
vn -0.76248 0.63864 0.103751
vn -0.762135 0.640194 0.0964511
vn 0.940798 0.324974 0.0963925
vn -0.178278 -0.963092 -0.201671
vn -0.178808 -0.965958 -0.186959
vn 0.941284 0.327226 0.083117
vn -0.761781 0.642484 0.0830946
vn -0.761559 0.64348 0.0772149
vn 0.941435 0.328244 0.0771773
vn -0.179658 -0.970547 -0.160506
vn -0.179992 -0.972352 -0.148779
vn 0.941747 0.329684 0.0664896
vn -0.761334 0.644943 0.066475
vn -0.761191 0.645584 0.0617217
vn 0.941844 0.330338 0.0616976
vn -0.180527 -0.975245 -0.127699
vn -0.180738 -0.976384 -0.118353
vn 0.942046 0.331264 0.0530387
vn -0.761048 0.646525 0.0530291
vn -0.760954 0.646941 0.049155
vn 0.942108 0.331689 0.0491394
vn -0.181077 -0.978214 -0.101534
vn -0.181211 -0.978935 -0.0940639
vn 0.94224 0.332292 0.0420133
vn -0.760862 0.647553 0.0420072
vn -0.7608 0.647827 0.0387737
vn 0.942281 0.33257 0.0387636
vn -0.181428 -0.98011 -0.0804267
vn -0.181515 -0.98058 -0.074261
vn 0.942367 0.332958 0.0329248
vn -0.760741 0.64822 0.0329209
vn -0.760702 0.648392 0.0303264
vn 0.942392 0.333133 0.03032
vn -0.181655 -0.981335 -0.0631099
vn -0.18171 -0.981633 -0.0581255
vn 0.942445 0.333374 0.0256564
vn -0.760666 0.648637 0.0256539
vn -0.760642 0.648743 0.023591
vn 0.942461 0.333483 0.023587
vn -0.181798 -0.982109 -0.0491137
vn -0.181833 -0.982295 -0.0450867
vn 0.942494 0.33363 0.0199049
vn -0.760619 0.648893 0.0199032
vn -0.760604 0.648958 0.0182876
vn 0.942503 0.333696 0.0182851
vn -0.181888 -0.982592 -0.0378191
vn -0.181909 -0.982707 -0.0345786
vn 0.942523 0.333785 0.01542
vn -0.760591 0.649048 0.0154191
vn -0.760583 0.649086 0.0141718
vn 0.942529 0.333824 0.0141701
vn -0.181943 -0.982889 -0.0287545
vn -0.181955 -0.982958 -0.026171
vn 0.94254 0.333871 0.01222
vn -0.760576 0.649134 0.0122153
vn -0.760573 0.64915 0.0115149
vn 0.942543 0.333887 0.0115143
vn -0.181973 -0.983055 -0.0221204
vn -0.181979 -0.983086 -0.0206533
vn 0.942534 0.333858 0.0129667
vn -0.760565 0.649195 0.00928358
vn -0.759008 0.65097 0.0120739
vn 0.942073 0.335196 0.0119001
vn -0.181989 -0.983143 -0.0176212
vn -0.182252 -0.983128 -0.0155907
vn 0.94243 0.334263 -0.0097058
vn -0.759345 0.650622 -0.00927107
vn -0.759416 0.649953 -0.0291161
vn 0.942281 0.33315 -0.0334414
vn -0.182371 -0.982458 0.0389616
vn -0.181971 -0.978992 0.091986
vn -0.517335 0.795122 0.316457
vn -0.531447 0.792651 0.298778
vn -0.518942 0.793857 0.317002
vn -0.24941 -0.915024 0.317058
vn -0.261821 -0.917775 0.298561
vn -0.275063 -0.919402 0.28114
vn -0.544971 0.790066 0.280719
vn 0.769191 0.121341 -0.627392
vn 0.795937 0.12556 -0.592216
vn 0.769191 0.121341 -0.627392
vn 0.821162 0.129539 -0.555799
vn -0.248303 -0.915905 0.31538
vn -0.565133 0.787416 0.246172
vn -0.295394 -0.923157 0.246014
vn -0.30429 -0.924258 0.230553
vn -0.574163 0.785694 0.230264
vn 0.862632 0.136082 -0.487184
vn 0.879445 0.138734 -0.455334
vn -0.587504 0.783942 0.200683
vn -0.317699 -0.926735 0.200574
vn -0.323566 -0.927463 0.187395
vn -0.59343 0.782813 0.187203
vn 0.906856 0.143057 -0.396418
vn 0.917862 0.144794 -0.369547
vn -0.602146 0.78167 0.162518
vn -0.332303 -0.929078 0.162445
vn -0.336136 -0.929554 0.151465
vn -0.606002 0.780934 0.151339
vn 0.935723 0.147612 -0.320364
vn 0.942857 0.148737 -0.298156
vn -0.611662 0.780194 0.131025
vn -0.341797 -0.930602 0.130975
vn -0.344298 -0.930909 0.121935
vn -0.614167 0.779712 0.121854
vn 0.954411 0.15056 -0.257743
vn 0.959015 0.151286 -0.239591
vn -0.617867 0.779231 0.105067
vn -0.34799 -0.931596 0.105035
vn -0.349645 -0.9318 0.0974554
vn -0.619522 0.778913 0.0974016
vn 0.966533 0.152472 -0.206315
vn 0.969558 0.152949 -0.191216
vn -0.62193 0.778602 0.0835566
vn -0.352045 -0.932248 0.0835356
vn -0.353108 -0.932378 0.0773651
vn -0.62299 0.778398 0.0773306
vn 0.974426 0.153717 -0.163905
vn 0.976352 0.154021 -0.151707
vn -0.624527 0.7782 0.0661082
vn -0.354638 -0.932665 0.0660946
vn -0.355315 -0.932748 0.0610959
vn -0.625202 0.77807 0.0610738
vn 0.979449 0.15451 -0.12964
vn 0.980673 0.154703 -0.119779
vn -0.626175 0.777945 0.0520171
vn -0.356283 -0.93293 0.0520083
vn -0.356711 -0.932982 0.0479802
vn -0.626601 0.777863 0.0479661
vn 0.982637 0.155013 -0.101957
vn 0.983411 0.155135 -0.0939997
vn -0.627211 0.777785 0.0406983
vn -0.357318 -0.933096 0.0406937
vn -0.357577 -0.933132 0.0374705
vn -0.62747 0.777739 0.0374615
vn 0.984647 0.15533 -0.0796463
vn 0.985131 0.155406 -0.0732518
vn -0.627807 0.777695 0.0323876
vn -0.357912 -0.933194 0.0323844
vn -0.358034 -0.933209 0.0305419
vn -0.627928 0.777672 0.0305372
vn 0.985811 0.155513 -0.063185
vn 0.986034 0.155548 -0.0595146
vn -0.628115 0.777647 0.0271289
vn -0.358221 -0.933243 0.0271265
vn -0.358307 -0.933254 0.0255653
vn -0.628202 0.777631 0.0255619
vn 0.986411 0.155608 -0.0527142
vn 0.98657 0.155632 -0.0495843
vn -0.628334 0.777613 0.0226822
vn -0.358439 -0.933278 0.0226805
vn -0.3585 -0.933285 0.0213653
vn -0.628395 0.777601 0.0213627
vn 0.986837 0.155675 -0.0437938
vn 0.986949 0.155692 -0.0411333
vn -0.628487 0.777589 0.0189448
vn -0.358592 -0.933302 0.0189435
vn -0.358635 -0.933307 0.017843
vn -0.62853 0.777581 0.0178411
vn 0.987137 0.155722 -0.0362179
vn 0.987215 0.155734 -0.0339631
vn -0.628594 0.777573 0.0158135
vn -0.358699 -0.933319 0.0158129
vn -0.358727 -0.933324 0.0148874
vn -0.628623 0.777568 0.014886
vn 0.987346 0.155755 -0.0298154
vn 0.9874 0.155763 -0.0279226
vn -0.628598 0.777569 0.0158449
vn -0.358793 -0.933335 0.0123859
vn -0.360884 -0.932492 0.0148945
vn -0.629668 0.776724 0.0147318
vn 0.987496 0.155779 -0.024178
vn 0.987589 0.155529 -0.0218686
vn -0.628961 0.777399 -0.00764999
vn -0.360483 -0.932738 -0.00722601
vn -0.35986 -0.932592 -0.027794
vn -0.627913 0.777629 -0.0319041
vn 0.987363 0.155252 0.0317923
vn 0.984437 0.154549 0.0836533
vn -0.723198 -0.538574 0.432345
vn -0.712652 -0.56536 0.415325
vn -0.720151 -0.540743 0.434718
vn 0.898167 0.0643027 0.434927
vn 0.908907 0.040376 0.415038
vn 0.91734 0.0149058 0.397825
vn -0.701888 -0.591327 0.397095
vn -0.178898 0.478435 -0.859706
vn -0.197967 0.529434 -0.824929
vn -0.178898 0.478435 -0.859706
vn -0.216285 0.578423 -0.786541
vn 0.900014 0.0657187 0.430877
vn -0.687811 -0.632212 0.356686
vn 0.933959 -0.0261526 0.356421
vn 0.940101 -0.0445454 0.337974
vn -0.680132 -0.650829 0.337406
vn -0.247401 0.661637 -0.707835
vn -0.260491 0.696646 -0.668452
vn -0.670291 -0.679384 0.298576
vn 0.951647 -0.0731044 0.298367
vn 0.955907 -0.0857981 0.280858
vn -0.665041 -0.692148 0.28045
vn -0.282279 0.754914 -0.591965
vn -0.291238 0.778872 -0.555462
vn -0.658394 -0.711428 0.245739
vn 0.96367 -0.10501 0.245587
vn 0.966535 -0.113527 0.230046
vn -0.654895 -0.719944 0.229767
vn -0.30596 0.818245 -0.486686
vn -0.311927 0.834202 -0.454762
vn -0.650499 -0.732698 0.200012
vn 0.971655 -0.126196 0.199905
vn 0.973544 -0.131834 0.186632
vn -0.648188 -0.738302 0.186447
vn -0.32166 0.86023 -0.395651
vn -0.32557 0.870687 -0.368657
vn -0.645293 -0.746718 0.161274
vn 0.976917 -0.140168 0.161202
vn 0.97818 -0.143924 0.149831
vn -0.643762 -0.750439 0.149707
vn -0.331982 0.887836 -0.318647
vn -0.334573 0.894767 -0.295725
vn -0.641874 -0.755935 0.128683
vn 0.980381 -0.149353 0.128635
vn 0.981193 -0.151767 0.11928
vn -0.640892 -0.758319 0.119201
vn -0.338749 0.905935 -0.254031
vn -0.340403 0.910359 -0.235315
vn -0.639689 -0.76183 0.102049
vn 0.982597 -0.155228 0.102018
vn 0.983115 -0.15677 0.0943851
vn -0.639063 -0.763348 0.0943342
vn -0.343063 0.917474 -0.20137
vn -0.344115 0.920286 -0.18617
vn -0.638301 -0.765573 0.0804316
vn 0.984005 -0.158961 0.0804118
vn 0.984332 -0.159937 0.0742327
vn -0.637905 -0.766532 0.0741998
vn -0.345801 0.924795 -0.158667
vn -0.346466 0.926572 -0.146378
vn -0.637428 -0.76793 0.0630066
vn 0.984891 -0.16131 0.0629966
vn 0.985099 -0.161901 0.0580302
vn -0.637196 -0.768515 0.0580099
vn -0.347527 0.929408 -0.124198
vn -0.347943 0.93052 -0.114316
vn -0.636929 -0.769288 0.0501691
vn 0.985406 -0.162662 0.0501612
vn 0.985501 -0.162941 0.0473096
vn -0.636817 -0.769563 0.0472992
vn -0.348527 0.932083 -0.0987423
vn -0.348718 0.932596 -0.0930589
vn -0.636666 -0.769995 0.0420102
vn 0.985671 -0.163367 0.0420048
vn 0.985738 -0.163565 0.0395796
vn -0.636586 -0.77019 0.039572
vn -0.349043 0.933465 -0.0825299
vn -0.34918 0.93383 -0.0776847
vn -0.636479 -0.770495 0.0350858
vn 0.985858 -0.163867 0.0350819
vn 0.985906 -0.164007 0.0330292
vn -0.636423 -0.770633 0.0330233
vn -0.34941 0.934446 -0.0687224
vn -0.349506 0.934704 -0.064606
vn -0.636349 -0.770847 0.0292366
vn 0.985991 -0.164219 0.029234
vn 0.986024 -0.164317 0.0275056
vn -0.636309 -0.770944 0.0275018
vn -0.349669 0.935137 -0.0570042
vn -0.349737 0.935318 -0.0535189
vn -0.636258 -0.771093 0.0243228
vn 0.986083 -0.164464 0.0243203
vn 0.986106 -0.164533 0.0228735
vn -0.63623 -0.771161 0.0228707
vn -0.34985 0.935622 -0.0470919
vn -0.349896 0.935747 -0.0441506
vn -0.636194 -0.771265 0.0202096
vn 0.986147 -0.164635 0.0202088
vn 0.986164 -0.164681 0.0189974
vn -0.636176 -0.77131 0.0189952
vn -0.349975 0.935957 -0.0387447
vn -0.350008 0.936044 -0.0362798
vn -0.636177 -0.771299 0.0194005
vn 0.986202 -0.164775 0.0159805
vn 0.985796 -0.166957 0.018235
vn -0.635147 -0.772179 0.0180673
vn -0.350065 0.936197 -0.0314629
vn -0.349849 0.936368 -0.0286509
vn -0.635908 -0.771751 -0.00465099
vn 0.986009 -0.166638 -0.00422138
vn 0.985783 -0.166168 -0.0248967
vn -0.636295 -0.770902 -0.0289789
vn -0.34966 0.936542 0.0250606
vn -0.348521 0.934175 0.0764872
vn 0.942271 0.330704 -0.0525329
vn -0.760495 0.647273 -0.0518235
vn -0.760497 0.647379 -0.0504378
vn 0.942313 0.330811 -0.0510822
vn -0.180877 -0.973221 0.141863
vn -0.180937 -0.973539 0.139581
vn 0.942368 0.331176 -0.0475966
vn -0.760415 0.647738 -0.0469466
vn -0.7604 0.647902 -0.0448957
vn 0.942414 0.331342 -0.0454855
vn -0.181106 -0.974435 0.132955
vn -0.181212 -0.974998 0.128611
vn 0.942475 0.331757 -0.0409738
vn -0.760305 0.64831 -0.0403873
vn -0.760297 0.648464 -0.0379819
vn 0.942525 0.331909 -0.0385012
vn -0.181446 -0.976239 0.11847
vn -0.181572 -0.976902 0.112672
vn 0.942585 0.332318 -0.033137
vn -0.760203 0.648867 -0.0326144
vn -0.760201 0.649009 -0.0297116
vn 0.942637 0.332455 -0.0301642
vn -0.181836 -0.978298 0.0993366
vn -0.181972 -0.979009 0.0917979
vn 0.942697 0.332865 -0.0228745
vn -0.760105 0.649414 -0.0224169
vn -0.7601 0.649554 -0.0180893
vn 0.942747 0.332998 -0.0184731
vn -0.182251 -0.980483 0.0737396
vn -0.182388 -0.981192 0.0632169
vn 0.94279 0.33331 -0.00719854
vn -0.760022 0.649862 -0.00680801
vn -0.760048 0.649867 6.50392e-005
vn 0.942821 0.3333 -0.00022975
vn -0.182629 -0.982453 0.0378667
vn -0.182718 -0.982895 0.0230357
vn 0.942772 0.333284 0.0101593
vn -0.760002 0.649837 0.0104376
vn -0.760068 0.649695 0.0138626
vn 0.942785 0.333122 0.0136615
vn -0.182772 -0.983155 0.000449287
vn -0.182772 -0.983128 -0.00730258
vn 0.942739 0.332976 0.0192428
vn -0.760075 0.649544 0.0194529
vn -0.760112 0.649434 0.0215569
vn 0.942735 0.332856 0.0213836
vn -0.182743 -0.982957 -0.020002
vn -0.182725 -0.982848 -0.0249484
vn 0.942692 0.332685 0.0255473
vn -0.760132 0.649259 0.025726
vn -0.760169 0.649133 0.027756
vn 0.942681 0.332552 0.0276015
vn -0.182674 -0.982566 -0.034552
vn -0.182643 -0.982397 -0.0392087
vn 0.942618 0.332279 0.0325858
vn -0.760208 0.648854 0.0327581
vn -0.76026 0.648637 0.0356954
vn 0.94259 0.332056 0.0355432
vn -0.182554 -0.981913 -0.0502042
vn -0.182493 -0.98158 -0.056542
vn 0.942442 0.331339 0.0449087
vn -0.760379 0.647912 0.0450923
vn -0.760463 0.647335 0.0515226
vn 0.942315 0.330766 0.051337
vn -0.182258 -0.980307 -0.0760331
vn -0.182061 -0.979235 -0.089178
vn 0.941884 0.328199 0.071695
vn -0.760981 0.644753 0.0721245
vn -0.761439 0.642484 0.0861682
vn 0.941511 0.325911 0.0856685
vn -0.181229 -0.974712 -0.130735
vn -0.180483 -0.970628 -0.159079
vn 0.940677 0.32216 0.106485
vn -0.761993 0.638651 0.107199
vn -0.762373 0.637006 0.11406
vn 0.940449 0.320465 0.113396
vn -0.179091 -0.963041 -0.201192
vn -0.178565 -0.960134 -0.215074
vn 0.940139 0.319079 0.1197
vn -0.76257 0.635627 0.120271
vn -0.762525 0.635819 0.119542
vn 0.940147 0.319269 0.119131
vn -0.178057 -0.95736 -0.227503
vn -0.178098 -0.957685 -0.2261
vn 0.940563 0.321148 0.110478
vn -0.762245 0.637839 0.110201
vn -0.761905 0.639668 0.101614
vn 0.940834 0.323043 0.102351
vn -0.178822 -0.961675 -0.207855
vn -0.179373 -0.965067 -0.190972
vn 0.941345 0.3257 0.0882564
vn -0.761468 0.642378 0.0867078
vn -0.761278 0.643411 0.0804856
vn 0.941483 0.326877 0.0822248
vn -0.180293 -0.970261 -0.161521
vn -0.180574 -0.972208 -0.149012
vn 0.941818 0.328474 0.0713076
vn -0.761015 0.645084 0.068723
vn -0.760805 0.645888 0.0632757
vn 0.941859 0.329397 0.0663262
vn -0.181166 -0.975396 -0.125625
vn -0.181333 -0.976698 -0.114799
vn 0.942279 0.331001 0.0504899
vn -0.760595 0.647713 0.0443048
vn -0.760166 0.648961 0.0315746
vn 0.942343 0.332426 0.0384998
vn -0.182018 -0.980156 -0.078511
vn -0.182227 -0.981811 -0.0532874
vn 0.942413 0.333354 0.0270844
vn -0.759792 0.649906 0.0184252
vn -0.759509 0.650204 0.0195181
vn 0.942228 0.334002 0.0254932
vn -0.18244 -0.982821 -0.0278949
vn -0.18226 -0.982843 -0.028296
vn -0.625736 0.778366 -0.0509919
vn -0.357175 -0.932684 -0.050267
vn -0.357356 -0.932727 -0.0481432
vn -0.625929 0.778351 -0.0488146
vn 0.979404 0.153779 0.130846
vn 0.979899 0.153855 0.126991
vn -0.626389 0.778267 -0.0440205
vn -0.357816 -0.932784 -0.0433726
vn -0.358012 -0.932827 -0.0407615
vn -0.626595 0.778248 -0.0413518
vn 0.981022 0.154029 0.117774
vn 0.981636 0.154123 0.112412
vn -0.627059 0.77816 -0.0355493
vn -0.358479 -0.932882 -0.0349918
vn -0.358657 -0.932925 -0.0318713
vn -0.627245 0.778149 -0.0323612
vn 0.982934 0.154322 0.100131
vn 0.983598 0.154422 0.093212
vn -0.627701 0.778062 -0.0247371
vn -0.359117 -0.932976 -0.0242936
vn -0.359279 -0.933018 -0.0198827
vn -0.627867 0.778057 -0.0202354
vn 0.985026 0.15464 0.0762277
vn 0.985737 0.154744 0.0661604
vn -0.628122 0.777994 -0.0137028
vn -0.359543 -0.933032 -0.0134371
vn -0.359547 -0.933057 -0.0114434
vn -0.628127 0.778024 -0.0116139
vn 0.98664 0.15488 0.0505334
vn 0.986903 0.154914 0.0449812
vn -0.628219 0.778003 -0.0071833
vn -0.359648 -0.933061 -0.00706555
vn -0.359658 -0.933072 -0.00471466
vn -0.628226 0.778016 -0.00479567
vn 0.987338 0.154977 0.0338587
vn 0.987509 0.154999 0.0282918
vn -0.628256 0.778004 0.00195695
vn -0.359693 -0.933068 0.0020463
vn -0.359652 -0.933064 0.00643277
vn -0.628213 0.778015 0.00635101
vn 0.987818 0.155045 0.0132946
vn 0.987898 0.155056 0.00386524
vn -0.627845 0.778071 0.0204224
vn -0.359286 -0.933002 0.0204981
vn -0.359133 -0.932796 0.0302645
vn -0.627602 0.777954 0.0300602
vn 0.987588 0.155005 -0.0253825
vn 0.986899 0.154878 -0.045193
vn -0.624319 0.778715 0.0618737
vn -0.355771 -0.932473 0.0626146
vn -0.352366 -0.93198 0.0851544
vn -0.620951 0.779335 0.0840015
vn 0.981849 0.154033 -0.110658
vn 0.975797 0.153042 -0.156198
vn -0.616085 0.779828 0.11094
vn -0.347543 -0.930916 0.112292
vn -0.346328 -0.930795 0.11695
vn -0.614886 0.780074 0.115759
vn 0.96563 0.151416 -0.211263
vn 0.963456 0.151085 -0.221192
vn -0.615388 0.780019 0.113436
vn -0.346925 -0.930928 0.114086
vn -0.348554 -0.931221 0.106478
vn -0.617019 0.779736 0.106299
vn 0.964459 0.151248 -0.216661
vn 0.967512 0.151789 -0.202191
vn -0.619317 0.779398 0.0947913
vn -0.350929 -0.931671 0.0940086
vn -0.352164 -0.931664 0.0893421
vn -0.620559 0.778933 0.0903879
vn 0.972035 0.152547 -0.17854
vn 0.973612 0.152903 -0.16941
vn -0.623847 0.77876 0.0659349
vn -0.355709 -0.932572 0.061486
vn -0.358656 -0.932675 0.0385133
vn -0.626775 0.77786 0.0456858
vn 0.9811 0.154001 -0.117161
vn 0.985185 0.154796 -0.073816
vn -0.628016 0.7782 -0.00120564
vn -0.359556 -0.932993 -0.0156197
vn -0.357747 -0.932657 -0.046569
vn -0.626954 0.778555 -0.0279387
vn 0.987583 0.154707 0.0272944
vn 0.98442 0.153898 0.0850476
vn -0.624881 0.778846 -0.0540632
vn -0.355451 -0.93164 -0.0755093
vn -0.355341 -0.931842 -0.0735054
vn -0.62477 0.77897 -0.0535569
vn 0.978297 0.152425 0.140363
vn 0.978566 0.152538 0.138352
vn -0.625428 0.778832 -0.0475457
vn -0.356534 -0.932174 -0.0627312
vn -0.357276 -0.932407 -0.0545006
vn -0.626048 0.778636 -0.0423087
vn 0.980552 0.153001 0.122917
vn 0.982118 0.153491 0.109014
vn -0.626608 0.778461 -0.036893
vn -0.358046 -0.93257 -0.0460089
vn -0.357785 -0.932631 -0.0467893
vn -0.626661 0.778394 -0.0373988
vn 0.983484 0.153864 0.0953198
vn 0.983521 0.154042 0.0946489
vn -0.637399 -0.769017 -0.0483238
vn 0.985369 -0.163656 -0.0475905
vn 0.985438 -0.163807 -0.0456022
vn -0.637351 -0.769183 -0.0462855
vn -0.346887 0.929738 0.123517
vn -0.347042 0.930153 0.119909
vn -0.637198 -0.769562 -0.0418788
vn 0.985567 -0.164191 -0.0412211
vn 0.985637 -0.164348 -0.0388617
vn -0.637147 -0.769732 -0.0394644
vn -0.34738 0.931066 0.111553
vn -0.347559 0.931555 0.106805
vn -0.636993 -0.770107 -0.0342804
vn 0.985762 -0.164731 -0.0337113
vn 0.985829 -0.164872 -0.0309562
vn -0.636953 -0.770261 -0.0314615
vn -0.347935 0.932579 0.0961163
vn -0.348125 0.933101 0.0901754
vn -0.636802 -0.770623 -0.0249786
vn 0.985948 -0.165244 -0.0245226
vn 0.98601 -0.165375 -0.020885
vn -0.636769 -0.770762 -0.0212568
vn -0.348531 0.934202 0.0761037
vn -0.34873 0.934755 0.0679733
vn -0.636677 -0.770958 -0.016325
vn 0.986065 -0.165585 -0.0160383
vn 0.986084 -0.165582 -0.0148638
vn -0.636702 -0.770963 -0.0150649
vn -0.34898 0.935441 0.0562377
vn -0.349042 0.935627 0.0526388
vn -0.636667 -0.771048 -0.01186
vn 0.986111 -0.165675 -0.0117118
vn 0.986128 -0.165701 -0.00976165
vn -0.636669 -0.771074 -0.00987546
vn -0.349185 0.93602 0.0440068
vn -0.349254 0.936217 0.0389765
vn -0.636632 -0.771159 -0.00372908
vn 0.986154 -0.165792 -0.00361031
vn 0.986159 -0.1658 0.000569443
vn -0.636634 -0.771166 0.000460706
vn -0.349408 0.936638 0.0249778
vn -0.349469 0.936811 0.0160098
vn -0.636696 -0.770991 0.0138392
vn 0.98609 -0.165628 0.0139332
vn 0.985918 -0.165616 0.0231953
vn -0.636594 -0.770857 0.0229831
vn -0.349486 0.936868 -0.0117578
vn -0.349338 0.936498 -0.0305555
vn -0.637755 -0.76837 0.0536341
vn 0.985136 -0.162971 0.0542892
vn 0.984149 -0.1602 0.076072
vn -0.638854 -0.765653 0.0751033
vn -0.347936 0.932839 -0.0935493
vn -0.346116 0.928037 -0.137664
vn -0.640234 -0.761239 0.103032
vn 0.982257 -0.155941 0.10418
vn 0.981802 -0.154444 0.110507
vn -0.640871 -0.759799 0.1095
vn -0.342723 0.919022 -0.19478
vn -0.341766 0.916454 -0.208105
vn -0.641053 -0.759218 0.112428
vn 0.981578 -0.15393 0.113184
vn 0.981896 -0.154633 0.109407
vn -0.640806 -0.759938 0.108917
vn -0.341283 0.915164 -0.214479
vn -0.341833 0.916552 -0.207566
vn -0.640437 -0.760963 0.103807
vn 0.982334 -0.155688 0.103829
vn 0.982415 -0.156299 0.102136
vn -0.640053 -0.761505 0.102189
vn -0.34259 0.918508 -0.19742
vn -0.342865 0.91909 -0.194208
vn -0.639257 -0.764217 0.0855725
vn 0.983732 -0.159176 0.083272
vn 0.984508 -0.16229 0.0663826
vn -0.637712 -0.76705 0.0704105
vn -0.345053 0.925019 -0.158992
vn -0.346844 0.929306 -0.126841
vn -0.637109 -0.770259 0.0281687
vn 0.986081 -0.165283 0.0180534
vn 0.986138 -0.165402 -0.0131917
vn -0.636852 -0.770985 0.000948267
vn -0.349186 0.93634 -0.0365673
vn -0.349284 0.936766 0.021699
vn -0.637068 -0.770157 -0.0316497
vn 0.985137 -0.164335 -0.0499818
vn 0.985003 -0.163384 -0.0554562
vn -0.637387 -0.769649 -0.0371284
vn -0.347576 0.933236 0.0908904
vn -0.347217 0.93222 0.102009
vn -0.637779 -0.768838 -0.0461048
vn 0.984611 -0.162667 -0.0638816
vn 0.984457 -0.162378 -0.0669096
vn -0.638002 -0.76844 -0.0495434
vn -0.346341 0.930431 0.119775
vn -0.345945 0.9297 0.126415
vn -0.638197 -0.768029 -0.0532576
vn 0.984306 -0.162112 -0.069719
vn 0.984314 -0.162159 -0.0694962
vn -0.638248 -0.76797 -0.0534984
vn -0.345547 0.928893 0.133251
vn -0.345508 0.928876 0.133466
vn -0.638112 -0.768291 -0.0504179
vn 0.984568 -0.162703 -0.0644518
vn 0.984786 -0.163223 -0.0596224
vn -0.637887 -0.768688 -0.0471105
vn -0.345913 0.929801 0.125757
vn -0.346387 0.930665 0.117809
vn -0.637443 -0.769727 -0.0344402
vn 0.985489 -0.164605 -0.0414403
vn 0.985851 -0.165213 -0.0283468
vn -0.63705 -0.770411 -0.0252037
vn -0.347669 0.933517 0.0875874
vn -0.348565 0.935025 0.0650431
vn -0.636697 -0.77095 -0.0158824
vn 0.986025 -0.165912 -0.0151156
vn 0.986081 -0.165537 -0.0155246
vn -0.63661 -0.77102 -0.0160215
vn -0.349126 0.936107 0.042602
vn -0.349362 0.936032 0.0423056
vn -0.880069 -0.474842 -0.00167398
vn -0.880037 -0.474904 0.00137708
vn -0.880069 -0.474842 -0.00167385
vn -0.880229 -0.474519 0.0052688
vn 0.711576 -0.702581 0.00626076
vn 0.711482 -0.702637 0.00976465
vn 0.711576 -0.702581 0.00626092
vn 0.711708 -0.702364 0.0124931
vn -0.880516 -0.473507 0.0219681
vn -0.881303 -0.471071 0.0373753
vn 0.712133 -0.701439 0.0291592
vn 0.713261 -0.699725 0.0405462
vn -0.882373 -0.464694 0.0740023
vn -0.88451 -0.455465 0.100968
vn 0.716091 -0.693695 0.0774679
vn 0.719819 -0.687392 0.0967136
vn -0.887133 -0.433808 0.157498
vn -0.891623 -0.407571 0.197218
vn 0.729544 -0.666008 0.155561
vn 0.738698 -0.649133 0.181525
vn -0.894617 -0.366104 0.256181
vn -0.899059 -0.331269 0.286276
vn 0.755236 -0.609562 0.240941
vn 0.766612 -0.588417 0.257045
vn -0.894462 -0.35359 0.273699
vn -0.892648 -0.370175 0.257197
vn 0.757601 -0.602153 0.251897
vn 0.748591 -0.621326 0.231441
vn -0.875835 -0.439635 0.199083
vn 0.717446 -0.67119 0.186481
vn 0.735748 -0.673017 0.0756498
vn 0.735423 -0.673025 0.078684
vn 0.735748 -0.673017 0.07565
vn 0.734652 -0.673409 0.0825032
vn 0.421227 0.903795 0.0756424
vn 0.420883 0.903657 0.0791265
vn 0.421227 0.903796 0.0756407
vn 0.420219 0.903729 0.0817956
vn 0.731764 -0.674336 0.0989573
vn 0.727865 -0.676183 0.113969
vn 0.417181 0.903501 0.0982138
vn 0.413815 0.903778 0.109281
vn 0.717786 -0.68001 0.149565
vn 0.706566 -0.685603 0.175253
vn 0.402734 0.903739 0.145125
vn 0.393254 0.904799 0.163375
vn 0.680274 -0.696339 0.228779
vn 0.652365 -0.710027 0.265108
vn 0.36285 0.905758 0.218957
vn 0.340865 0.908306 0.242468
vn 0.607364 -0.727717 0.31865
vn 0.572565 -0.744022 0.344385
vn 0.291118 0.90966 0.296257
vn 0.265603 0.913081 0.309417
vn 0.593464 -0.732053 0.334513
vn 0.610394 -0.724533 0.32011
vn 0.282065 0.909228 0.306177
vn 0.305483 0.907471 0.288404
vn 0.676919 -0.684552 0.270498
vn 0.367932 0.895464 0.250539
vn 0.510722 0.858459 0.0470217
vn 0.510723 0.858286 0.0500697
vn 0.510723 0.858459 0.0470231
vn 0.511162 0.857791 0.0539281
vn -0.971197 0.234643 0.0414488
vn -0.971076 0.234501 0.0449485
vn -0.971197 0.234643 0.0414484
vn -0.971077 0.233964 0.0476468
vn 0.512256 0.855933 0.0705207
vn 0.514485 0.853202 0.0857373
vn -0.970638 0.231817 0.0642004
vn -0.970502 0.228994 0.0754209
vn 0.519399 0.845799 0.121855
vn 0.526503 0.837164 0.148158
vn -0.969105 0.219864 0.111784
vn -0.968685 0.211243 0.13048
vn 0.540991 0.816135 0.203108
vn 0.559106 0.793294 0.24101
vn -0.964881 0.183943 0.187535
vn -0.963551 0.163035 0.212107
vn 0.584141 0.755348 0.297034
vn 0.606442 0.72579 0.324742
vn -0.956233 0.116642 0.268354
vn -0.954807 0.0916141 0.282757
vn 0.590781 0.743375 0.313642
vn 0.580377 0.757751 0.298287
vn -0.954239 0.108342 0.278731
vn -0.956766 0.130764 0.259808
vn 0.529123 0.812472 0.24478
vn -0.956562 0.192481 0.218953
vn 0.728389 -0.684446 -0.0313666
vn 0.721522 -0.691265 -0.039487
vn 0.723279 -0.69039 -0.0151644
vn 0.708815 -0.704544 -0.0346229
vn 0.924822 0.37966 0.0237078
vn 0.928151 0.370307 0.0375213
vn 0.92718 0.372536 0.0394299
vn 0.933641 0.351921 0.0668247
vn 0.699216 -0.71214 -0.0628854
vn 0.674592 -0.737808 -0.0237448
vn 0.938951 0.339898 0.0532857
vn 0.948197 0.307433 0.080046
vn 0.658595 -0.752479 -0.00528176
vn 0.630825 -0.774145 0.0525184
vn 0.954758 0.288815 0.0708745
vn 0.959812 0.257627 0.111303
vn 0.618551 -0.780599 0.0897819
vn 0.606916 -0.785294 0.122336
vn 0.958239 0.247763 0.142797
vn 0.953909 0.239269 0.181131
vn 0.608025 -0.783244 0.129745
vn 0.59032 -0.795195 0.138519
vn 0.941062 0.241774 0.236532
vn 0.929075 0.223774 0.294524
vn 0.545924 -0.809096 0.217558
vn 0.51093 -0.810116 0.287511
vn 0.926911 0.203458 0.315343
vn 0.936306 0.18705 0.297228
vn 0.515764 -0.808826 0.282468
vn 0.489412 -0.823202 0.287774
vn 0.965332 0.176024 0.192743
vn 0.971545 0.139432 0.191468
vn 0.441744 -0.828877 0.343257
vn 0.372933 -0.82073 0.432808
vn 0.990888 0.0645672 0.118205
vn 0.989274 0.0222047 0.144375
vn 0.364966 -0.796373 0.482276
vn 0.999172 -0.0299129 0.0275899
vn 0.403902 0.914374 0.0279963
vn 0.406586 0.912477 0.0455495
vn 0.40634 0.913042 0.0352355
vn 0.402055 0.914491 0.0453687
vn -0.664736 0.746177 -0.036674
vn -0.662247 0.74891 -0.0237292
vn -0.662766 0.748276 -0.0287085
vn -0.665594 0.745706 -0.0301177
vn 0.396997 0.917761 0.0104153
vn 0.409933 0.912083 0.00772478
vn -0.670234 0.741023 -0.0408828
vn -0.661834 0.749399 -0.0194188
vn 0.431164 0.902087 -0.0183493
vn 0.477746 0.876752 0.0553503
vn -0.644478 0.763906 -0.0330994
vn -0.606255 0.795239 0.00701027
vn 0.517805 0.855277 0.0194797
vn 0.57825 0.812838 0.0701445
vn -0.575726 0.817478 -0.0163951
vn -0.519135 0.850894 0.080483
vn 0.611392 0.787992 0.0725884
vn 0.616851 0.777337 0.123459
vn -0.481758 0.87014 0.103756
vn -0.463987 0.876543 0.128016
vn 0.60068 0.787866 0.135833
vn 0.556618 0.826759 0.0815165
vn -0.478886 0.873745 0.0850729
vn -0.529149 0.848493 0.00781152
vn 0.526074 0.846549 0.0812451
vn 0.449626 0.892735 0.0293429
vn -0.559625 0.827787 0.039867
vn -0.633151 0.774001 0.00649491
vn 0.405748 0.913634 0.0253192
vn 0.358399 0.933465 -0.0139256
vn -0.646503 0.739559 0.187314
vn -0.677742 0.705873 0.205937
vn 0.359133 0.933229 -0.0103574
vn -0.60469 0.667184 0.434989
vn -0.977043 0.212839 0.00927082
vn -0.976864 0.212976 -0.0194353
vn -0.977182 0.212258 0.00781178
vn -0.973988 0.225237 -0.0247968
vn -0.597698 -0.801151 -0.0302512
vn -0.596949 -0.802038 -0.0196742
vn -0.597147 -0.801501 -0.0318248
vn -0.607042 -0.794464 0.0180945
vn -0.969179 0.237101 -0.0668939
vn -0.962232 0.268987 -0.0419013
vn -0.617111 -0.786797 0.0111251
vn -0.642621 -0.765766 0.0253118
vn -0.957196 0.288206 -0.0267131
vn -0.955614 0.294618 0.00164239
vn -0.658318 -0.752125 -0.0304136
vn -0.66192 -0.746825 -0.0641413
vn -0.959592 0.275075 0.0593025
vn -0.965546 0.246086 0.0846315
vn -0.649197 -0.753555 -0.103433
vn -0.630274 -0.768099 -0.113041
vn -0.966407 0.234209 0.105848
vn -0.951682 0.268633 0.148786
vn -0.623454 -0.777002 -0.0870238
vn -0.641582 -0.766873 -0.0167108
vn -0.89459 0.264393 0.360284
vn -0.855913 0.221771 0.46715
vn -0.687923 -0.725702 -0.0108676
vn -0.716888 -0.690135 -0.0989217
vn -0.835023 0.112925 0.538502
vn -0.8727 0.0653429 0.483864
vn -0.681443 -0.707992 -0.185424
vn -0.628941 -0.754401 -0.187916
vn -0.836983 0.0332557 0.546218
vn -0.829214 0.0349096 0.55784
vn -0.600907 -0.791316 -0.112827
vn -0.60282 -0.790357 -0.109285
vn -0.827103 0.0326167 0.561104
vn -0.607117 -0.786251 -0.114971
vn -0.766437 -0.548464 0.334308
vn -0.766437 -0.548464 0.334308
vn -0.766437 -0.548465 0.334308
vn -0.95517 -0.2032 0.215314
vn -0.95517 -0.203201 0.215314
vn -0.95517 -0.203201 0.215314
vn 0.740707 -0.561088 0.369504
vn 0.740707 -0.561088 0.369504
vn 0.740708 -0.561088 0.369504
vn 0.362682 -0.900794 0.238814
vn 0.362682 -0.900794 0.238814
vn 0.362682 -0.900794 0.238814
vn 0.39617 0.841479 0.367374
vn 0.39617 0.841478 0.367374
vn 0.39617 0.841478 0.367374
vn -0.937126 -0.116103 0.329112
vn -0.935077 -0.115106 0.335234
vn -0.937125 -0.116115 0.329112
vn -0.932987 -0.114108 0.341342
vn -0.424006 -0.8658 0.265726
vn -0.419744 -0.863816 0.278633
vn -0.424073 -0.865757 0.265756
vn -0.415255 -0.86176 0.291431
vn -0.924035 -0.110053 0.366124
vn -0.916789 -0.107337 0.384678
vn -0.411494 -0.859923 0.302001
vn -0.412065 -0.860445 0.299728
vn -0.918218 -0.107858 0.381106
vn -0.926481 -0.113029 0.358968
vn -0.416674 -0.862323 0.287717
vn -0.421327 -0.863198 0.27816
vn -0.914867 -0.105404 0.389754
vn -0.89201 -0.0949605 0.441928
vn -0.399734 -0.854514 0.331691
vn -0.372328 -0.840411 0.393805
vn -0.834926 -0.0665356 0.546326
vn -0.799603 -0.0514021 0.598325
vn -0.337712 -0.821397 0.459628
vn -0.332945 -0.819942 0.465664
vn -0.76126 -0.0350879 0.647497
vn -0.761213 -0.0359853 0.647503
vn -0.328182 -0.818392 0.471732
vn -0.327905 -0.81866 0.47146
vn -0.945726 0.261087 0.193482
vn -0.944911 0.261284 0.197164
vn -0.945729 0.261076 0.193482
vn -0.944082 0.261477 0.200845
vn -0.753757 -0.629119 0.189894
vn -0.751664 -0.628645 0.199516
vn -0.753766 -0.629107 0.189898
vn -0.749447 -0.628177 0.209101
vn -0.940149 0.262292 0.217539
vn -0.936959 0.262615 0.230523
vn -0.747933 -0.627789 0.215586
vn -0.748586 -0.628075 0.212461
vn -0.939747 0.262274 0.21929
vn -0.945587 0.260467 0.194993
vn -0.7522 -0.628735 0.197198
vn -0.754785 -0.629362 0.184944
vn -0.943903 0.261621 0.201499
vn -0.936378 0.263112 0.232312
vn -0.747849 -0.627762 0.215955
vn -0.736012 -0.625616 0.258632
vn -0.921483 0.266385 0.28268
vn -0.915035 0.266877 0.302468
vn -0.729365 -0.62299 0.282683
vn -0.734721 -0.624792 0.264234
vn -0.915535 0.266507 0.30128
vn -0.923309 0.262176 0.28065
vn -0.735355 -0.625128 0.261663
vn -0.729999 -0.624644 0.277345
vn -0.930183 0.259424 0.259728
vn -0.931213 0.255236 0.260185
vn -0.724497 -0.623911 0.292984
vn -0.724703 -0.623641 0.293049
vn 0.381682 -0.855686 0.349458
vn 0.379748 -0.853939 0.35578
vn 0.381699 -0.855678 0.349459
vn 0.377803 -0.852149 0.362086
vn 0.941204 -0.138353 0.308212
vn 0.93725 -0.134665 0.321602
vn 0.941184 -0.138425 0.308241
vn 0.933149 -0.130772 0.334862
vn 0.370125 -0.844838 0.386337
vn 0.36468 -0.83884 0.404174
vn 0.92967 -0.127619 0.345582
vn 0.930562 -0.128095 0.342996
vn 0.367539 -0.84195 0.395013
vn 0.377256 -0.849903 0.36789
vn 0.935479 -0.133037 0.327383
vn 0.939432 -0.137071 0.314132
vn 0.371851 -0.846669 0.380628
vn 0.358413 -0.833591 0.420317
vn 0.926823 -0.124788 0.354157
vn 0.90775 -0.106211 0.405845
vn 0.330677 -0.807942 0.487732
vn 0.318715 -0.795067 0.516032
vn 0.891769 -0.0938691 0.442647
vn 0.89776 -0.099621 0.429073
vn 0.307912 -0.783623 0.53956
vn 0.315674 -0.782543 0.536635
vn 0.892046 -0.0926007 0.442357
vn 0.878027 -0.0847632 0.471046
vn 0.258024 -0.737912 0.623626
vn 0.194471 -0.679733 0.707209
vn 0.817119 -0.0203357 0.576111
vn 0.760194 0.0316484 0.648925
vn 0.123308 -0.615717 0.778259
vn 0.124274 -0.615287 0.778446
vn 0.696698 0.0877885 0.711973
vn 0.698109 0.089592 0.710364
vn -0.096233 -0.971611 0.216127
vn -0.0966207 -0.97067 0.220144
vn -0.096217 -0.971613 0.216126
vn -0.0970189 -0.969712 0.224158
vn 0.747925 -0.629999 0.209071
vn 0.746976 -0.62767 0.21922
vn 0.747901 -0.630023 0.20908
vn 0.746021 -0.625192 0.229319
vn -0.0987085 -0.965299 0.241773
vn -0.099687 -0.9617 0.255336
vn 0.745287 -0.623468 0.236292
vn 0.745716 -0.624142 0.233138
vn -0.0987661 -0.964836 0.243589
vn -0.095721 -0.971204 0.218173
vn 0.747147 -0.628188 0.217144
vn 0.748368 -0.631084 0.204155
vn -0.0970205 -0.969926 0.223227
vn -0.0999389 -0.962106 0.253702
vn 0.745487 -0.623994 0.234264
vn 0.741169 -0.61165 0.276682
vn -0.105577 -0.947745 0.301053
vn -0.106847 -0.941988 0.318187
vn 0.73777 -0.60618 0.297054
vn 0.741031 -0.612548 0.275061
vn -0.105673 -0.944933 0.309733
vn -0.0985507 -0.953588 0.28453
vn 0.742136 -0.615627 0.265023
vn 0.740732 -0.612091 0.276879
vn -0.109763 -0.935802 0.335003
vn -0.12223 -0.903953 0.409791
vn 0.730164 -0.581615 0.358588
vn 0.718089 -0.550239 0.426129
vn -0.138185 -0.865909 0.480736
vn -0.136756 -0.865989 0.481
vn 0.701846 -0.515987 0.491091
vn 0.704228 -0.513798 0.489974
vn 0.75786 0.54991 0.351066
vn 0.7565 0.547678 0.357432
vn 0.757851 0.549923 0.351066
vn 0.755095 0.54543 0.363782
vn -0.058174 0.95129 0.302761
vn -0.0610602 0.94674 0.316157
vn -0.0580987 0.951285 0.302791
vn -0.0641183 0.942003 0.329422
vn 0.749329 0.536544 0.388107
vn 0.744431 0.530108 0.405965
vn -0.0665201 0.938075 0.339987
vn -0.0661757 0.939091 0.337236
vn 0.74714 0.53371 0.39615
vn 0.753336 0.54483 0.368301
vn -0.0620394 0.945104 0.320826
vn -0.0587477 0.949927 0.306901
vn 0.751672 0.53991 0.378796
vn 0.741883 0.525108 0.416979
vn -0.0678007 0.936255 0.344717
vn -0.0820199 0.915062 0.394886
vn 0.723781 0.496326 0.479376
vn 0.714902 0.484503 0.504154
vn -0.0893822 0.900043 0.426537
vn -0.0841963 0.908719 0.408829
vn 0.709697 0.477484 0.518016
vn 0.710234 0.487055 0.508276
vn -0.0861323 0.906819 0.412625
vn -0.0900364 0.895753 0.435339
vn 0.684584 0.436398 0.583868
vn 0.646082 0.375469 0.664531
vn -0.131947 0.837493 0.530278
vn -0.164521 0.782584 0.600413
vn 0.603977 0.30668 0.735636
vn 0.6028 0.307971 0.736061
vn -0.199656 0.721511 0.662992
vn -0.20002 0.7216 0.662786
vn -0.709615 -0.264519 0.653051
vn -0.739406 -0.277076 0.613602
vn -0.6488 -0.406999 0.64297
vn -0.626925 -0.476496 0.616374
vn -0.478224 -0.660939 0.578327
vn -0.435212 -0.628374 0.644776
vn -0.804942 -0.281334 0.522418
vn -0.641684 -0.446551 0.623565
vn -0.430649 -0.580486 0.69107
vn -0.77614 -0.211753 0.593942
vn -0.625986 -0.396035 0.671787
vn -0.535167 -0.598993 0.595654
vn -0.63618 -0.165044 0.753681
vn -0.601451 -0.415722 0.682226
vn -0.522972 -0.630625 0.573422
vn -0.683717 -0.206682 0.699866
vn -0.573114 -0.409297 0.709941
vn -0.313411 -0.568273 0.760815
vn -0.876802 -0.255733 0.40721
vn -0.47675 -0.0156182 0.8789
vn -0.320498 -0.349983 0.880223
vn -0.335605 -0.488908 0.805194
vn 0.585474 0.0752073 0.807195
vn -0.217978 -0.201383 0.954951
vn -0.245995 -0.386005 0.889093
vn -0.223533 -0.616534 0.754929
vn -0.0386208 -0.198248 0.979391
vn -0.0156395 -0.460998 0.887263
vn -0.00380539 -0.61611 0.787651
vn 0.0209461 -0.417647 0.908368
vn -0.920433 0.0403098 0.388817
vn -0.901248 0.050902 0.430303
vn -0.898738 -0.108093 0.424954
vn -0.869709 -0.181716 0.458895
vn -0.794527 -0.401545 0.455508
vn -0.806564 -0.410512 0.425364
vn -0.935631 0.0231193 0.352222
vn -0.902489 -0.199361 0.381798
vn -0.788378 -0.399261 0.468028
vn -0.984163 0.0327927 0.174205
vn -0.901141 -0.139401 0.410503
vn -0.749739 -0.316244 0.581275
vn -0.964101 0.148004 0.220463
vn -0.875108 -0.0238989 0.483337
vn -0.665468 -0.183746 0.723457
vn -0.855471 0.294318 0.426082
vn -0.765094 0.096849 0.636593
vn -0.715544 -0.133789 0.685636
vn -0.725333 0.325886 0.606375
vn -0.805043 0.0443843 0.591554
vn -0.849919 -0.274922 0.449506
vn -0.70229 0.26359 0.661293
vn -0.780275 -0.0540248 0.623099
vn -0.793393 -0.408392 0.45138
vn -0.679408 0.16059 0.715972
vn -0.684881 -0.164233 0.709905
vn -0.7828 -0.554485 0.282435
vn -0.521423 -0.0196401 0.853072
vn -0.362291 -0.184451 0.913632
vn 0.29707 -0.467104 0.832804
vn 0.327411 -0.496166 0.804127
vn 0.412074 -0.362864 0.835778
vn 0.475882 -0.32244 0.818272
vn 0.609701 -0.126511 0.782471
vn 0.550147 -0.0880222 0.830416
vn 0.37236 -0.567633 0.734262
vn 0.449849 -0.344392 0.824032
vn 0.492282 -0.09274 0.865481
vn 0.28052 -0.553288 0.784335
vn 0.384957 -0.33835 0.858678
vn 0.561779 -0.193981 0.804224
vn 0.151677 -0.413639 0.897718
vn 0.386555 -0.301255 0.871677
vn 0.58581 -0.167566 0.792937
vn 0.203249 -0.428018 0.880619
vn 0.350912 -0.255446 0.900893
vn 0.400748 0.0465312 0.915006
vn 0.370468 -0.611454 0.699198
vn -0.0817309 -0.282699 0.95572
vn 0.166381 -0.0113661 0.985996
vn 0.319307 0.0163614 0.94751
vn -0.485141 0.585242 0.649715
vn -0.0296201 0.0493486 0.998342
vn 0.166145 0.0814207 0.982734
vn 0.404452 0.171159 0.898401
vn -0.102396 0.212312 0.971822
vn 0.1502 0.324657 0.93383
vn 0.312123 0.385239 0.868429
vn 0.0916441 0.344332 0.934364
vn 0.0943617 -0.853846 0.511901
vn 0.0819026 -0.830631 0.550767
vn 0.238904 -0.807458 0.539386
vn 0.308344 -0.764276 0.566397
vn 0.515528 -0.661317 0.544877
vn 0.525515 -0.676075 0.516486
vn 0.112893 -0.871675 0.476905
vn 0.328997 -0.804746 0.49411
vn 0.51275 -0.653718 0.556543
vn 0.106547 -0.945117 0.308873
vn 0.269523 -0.806387 0.526401
vn 0.427226 -0.609766 0.66758
vn -0.0106038 -0.931909 0.362537
vn 0.152144 -0.781768 0.604723
vn 0.2893 -0.522661 0.801954
vn -0.168153 -0.807348 0.565609
vn 0.0205625 -0.659802 0.751158
vn 0.239782 -0.570891 0.785231
vn -0.217269 -0.642129 0.735163
vn 0.0695919 -0.685244 0.724981
vn 0.38199 -0.711896 0.589311
vn -0.163312 -0.58789 0.792284
vn 0.15825 -0.633697 0.757222
vn 0.497291 -0.636166 0.589911
vn -0.0683067 -0.532218 0.843847
vn 0.251795 -0.503172 0.82669
vn 0.62874 -0.643617 0.436397
vn 0.095845 -0.327422 0.940005
vn 0.24643 -0.145359 0.958198
vn 0.364799 0.35852 0.859293
vn 0.388519 0.394769 0.832593
vn 0.23999 0.45084 0.859737
vn 0.188602 0.506021 0.841649
vn -0.0281193 0.600005 0.799502
vn -0.0561106 0.532806 0.844375
vn 0.452693 0.45489 0.766905
vn 0.214995 0.484655 0.847872
vn -0.0416094 0.476058 0.878429
vn 0.454278 0.360196 0.814795
vn 0.219996 0.418351 0.88124
vn 0.0461537 0.56485 0.823902
vn 0.336945 0.202195 0.919557
vn 0.181931 0.411179 0.893215
vn 0.0153373 0.58259 0.812622
vn 0.341195 0.254963 0.904754
vn 0.142118 0.365596 0.91986
vn -0.164477 0.355728 0.920003
vn 0.496671 0.459675 0.736218
vn 0.249481 -0.0559066 0.966765
vn -0.0658799 0.134503 0.988721
vn -0.120661 0.280503 0.952239
vn -0.509536 -0.608007 0.608852
vn -0.0882856 -0.0698798 0.993641
vn -0.156577 0.11662 0.980757
vn -0.286395 0.336031 0.897252
vn -0.231976 -0.171119 0.957552
vn -0.388891 0.056458 0.919552
vn -0.47642 0.20582 0.854788
vn -0.396046 -0.00426916 0.918221
vn -0.874935 0.460202 -0.150678
vn -0.875061 0.460062 -0.150371
vn -0.874931 0.460213 -0.150664
vn 0.178737 -0.886314 -0.4272
vn 0.173104 -0.89324 -0.414919
vn 0.167696 -0.899937 -0.402481
vn -0.875382 0.459347 -0.150685
vn 0.68914 0.417954 0.591947
vn 0.695242 0.42527 0.579469
vn 0.689044 0.418122 0.59194
vn 0.700977 0.432826 0.566827
vn 0.17887 -0.886303 -0.427169
vn -0.882573 0.4508 -0.133584
vn 0.160873 -0.908388 -0.385941
vn 0.159534 -0.910331 -0.381899
vn -0.889292 0.442188 -0.116744
vn 0.716185 0.451368 0.532302
vn 0.724616 0.463362 0.510125
vn -0.891835 0.438523 -0.111031
vn 0.151552 -0.921574 -0.357397
vn 0.143571 -0.930524 -0.336916
vn -0.888461 0.441981 -0.123651
vn 0.736333 0.47865 0.478233
vn 0.73852 0.484745 0.468626
vn -0.889002 0.441694 -0.12076
vn 0.125286 -0.954371 -0.271071
vn 0.11496 -0.967477 -0.225329
vn -0.893932 0.435246 -0.106987
vn 0.761549 0.509741 0.400258
vn 0.777373 0.529716 0.339254
vn -0.903464 0.424326 -0.0608258
vn 0.107744 -0.975001 -0.19433
vn 0.111401 -0.971416 -0.209622
vn -0.908347 0.417144 -0.0299484
vn 0.79354 0.549424 0.261587
vn 0.79511 0.554471 0.245687
vn -0.908165 0.417012 -0.0365546
vn 0.108443 -0.977575 -0.18052
vn 0.102907 -0.985395 -0.135669
vn -0.90412 0.420537 -0.0755991
vn 0.798136 0.55942 0.223672
vn 0.798086 0.562048 0.217166
vn -0.903598 0.422165 -0.0727197
vn 0.0955156 -0.993417 -0.0632429
vn 0.0944344 -0.994877 -0.0360797
vn -0.907809 0.418198 -0.0315239
vn 0.808411 0.570977 0.143029
vn 0.813261 0.577196 0.0738287
vn -0.909079 0.416511 -0.00973475
vn 0.0941942 -0.994435 -0.0471807
vn 0.0956901 -0.991712 -0.0857335
vn -0.908354 0.417123 -0.0300133
vn 0.814576 0.580039 -0.0045647
vn 0.81355 0.581321 -0.0142579
vn -0.907475 0.417682 -0.045066
vn 0.0958737 -0.98832 -0.118458
vn 0.0965832 -0.988857 -0.113282
vn -0.90752 0.418139 -0.0395866
vn 0.814361 0.579508 0.0314243
vn 0.813068 0.575696 0.086568
vn -0.603483 0.752215 -0.264538
vn -0.604068 0.751996 -0.263826
vn -0.60348 0.752221 -0.26453
vn -0.115833 -0.903033 -0.41366
vn -0.122181 -0.905574 -0.406211
vn -0.128394 -0.908063 -0.398669
vn -0.604817 0.751521 -0.263463
vn 0.710756 0.14755 0.687789
vn 0.717799 0.150307 0.679833
vn 0.71075 0.147602 0.687785
vn 0.724743 0.153141 0.671785
vn -0.115759 -0.903056 -0.413629
vn -0.616265 0.747117 -0.249066
vn -0.1353 -0.910798 -0.390052
vn -0.136113 -0.911107 -0.389048
vn -0.626945 0.742675 -0.235317
vn 0.743955 0.160811 0.648591
vn 0.755948 0.166038 0.633224
vn -0.633798 0.739623 -0.226403
vn -0.1455 -0.915316 -0.375536
vn -0.15521 -0.918642 -0.363328
vn -0.630745 0.740394 -0.23233
vn 0.773336 0.173324 0.609845
vn 0.77879 0.176563 0.601923
vn -0.635932 0.738767 -0.223191
vn -0.182469 -0.930211 -0.318455
vn -0.199984 -0.937258 -0.285578
vn -0.645367 0.734515 -0.209736
vn 0.814316 0.189681 0.548553
vn 0.841765 0.200716 0.501144
vn -0.666764 0.726681 -0.16541
vn -0.212042 -0.941356 -0.262465
vn -0.207506 -0.939434 -0.272774
vn -0.679408 0.721071 -0.135876
vn 0.875532 0.214021 0.433173
vn 0.883782 0.218786 0.413596
vn -0.682886 0.719022 -0.129127
vn -0.216726 -0.944669 -0.246233
vn -0.23055 -0.950368 -0.208919
vn -0.676271 0.72039 -0.153935
vn 0.897036 0.224794 0.380517
vn 0.901878 0.228153 0.366826
vn -0.6794 0.72055 -0.138648
vn -0.249805 -0.95785 -0.141851
vn -0.255412 -0.960265 -0.112497
vn -0.690272 0.716663 -0.0995916
vn 0.928569 0.236853 0.285763
vn 0.945447 0.243632 0.216274
vn -0.700466 0.712274 -0.044855
vn -0.256373 -0.959999 -0.112583
vn -0.250888 -0.957509 -0.142236
vn -0.702593 0.710937 -0.0305188
vn 0.955388 0.247021 0.161909
vn 0.952521 0.2475 0.177335
vn -0.700324 0.711966 -0.0514873
vn -0.254686 -0.960137 -0.115204
vn -0.260791 -0.963631 -0.0583406
vn -0.696979 0.711709 -0.0876991
vn 0.953348 0.247862 0.172314
vn 0.956335 0.250007 0.15139
vn -0.69049 0.708831 -0.14416
vn -0.263284 -0.963183 -0.0543993
vn -0.258712 -0.959958 -0.107464
vn -0.68923 0.705457 -0.165202
vn 0.966211 0.2521 0.05368
vn 0.967489 0.251767 -0.0240714
vn -0.690925 0.706571 -0.152907
vn -0.25716 -0.957971 -0.127126
vn -0.258983 -0.961269 -0.0942841
vn -0.694419 0.70951 -0.119911
vn 0.967584 0.251878 -0.0183938
vn 0.965393 0.252583 0.0649444
vn -0.164785 -0.974021 -0.155337
vn -0.165104 -0.973897 -0.155777
vn -0.164809 -0.974021 -0.15531
vn 0.807083 0.439616 -0.39415
vn 0.813407 0.436954 -0.383979
vn 0.819502 0.434468 -0.373704
vn -0.165037 -0.973774 -0.156613
vn -0.634502 0.530923 0.561719
vn -0.640552 0.533557 0.552277
vn -0.634554 0.530868 0.561712
vn -0.64665 0.535981 0.542742
vn 0.80705 0.439689 -0.394136
vn -0.156007 -0.977681 -0.140716
vn 0.825135 0.432088 -0.36394
vn 0.824712 0.432448 -0.36447
vn -0.146655 -0.981352 -0.12426
vn -0.662205 0.542484 0.516909
vn -0.671967 0.545925 0.500427
vn -0.144118 -0.982149 -0.120886
vn 0.832098 0.429919 -0.350402
vn 0.839989 0.426213 -0.3358
vn -0.149905 -0.979448 -0.134947
vn -0.682328 0.549778 0.481843
vn -0.684456 0.548986 0.479722
vn -0.150911 -0.979214 -0.135519
vn 0.864525 0.416562 -0.281199
vn 0.879471 0.410552 -0.240784
vn -0.144077 -0.981837 -0.123441
vn -0.709719 0.561265 0.42577
vn -0.73224 0.570499 0.371961
vn -0.129589 -0.988387 -0.0793575
vn 0.886832 0.406505 -0.219733
vn 0.880203 0.409739 -0.239493
vn -0.11992 -0.991594 -0.0485762
vn -0.754875 0.5801 0.306019
vn -0.759347 0.580196 0.294559
vn -0.120537 -0.991151 -0.0555929
vn 0.88647 0.408485 -0.217509
vn 0.89755 0.404542 -0.175355
vn -0.127286 -0.987284 -0.0952259
vn -0.764032 0.581368 0.279761
vn -0.766237 0.580289 0.275944
vn -0.129115 -0.987276 -0.0928226
vn 0.911512 0.398077 -0.103341
vn 0.914876 0.396912 -0.073904
vn -0.121565 -0.991224 -0.051934
vn -0.781993 0.589518 0.202374
vn -0.793662 0.594184 0.130562
vn -0.115159 -0.993347 0.000325966
vn 0.914371 0.396445 -0.0821978
vn 0.909165 0.398673 -0.120327
vn -0.113723 -0.993458 0.0104049
vn -0.797801 0.596608 0.0870244
vn -0.796015 0.594275 0.11488
vn -0.11626 -0.992998 -0.0209458
vn 0.911908 0.398093 -0.0997265
vn 0.916664 0.397531 -0.0411899
vn -0.117486 -0.991068 -0.0631023
vn -0.794662 0.593736 0.126451
vn -0.797135 0.593747 0.109724
vn -0.118515 -0.991653 -0.0507781
vn 0.918652 0.394968 0.00893349
vn 0.918201 0.396116 0.000263756
vn -0.115538 -0.993298 0.0030386
vn -0.801124 0.596569 0.048012
vn -0.802669 0.596421 0.00218299
vn -0.115022 -0.99255 0.0401769
vn 0.917766 0.39627 -0.0259685
vn 0.917145 0.396151 -0.0437048
vn -0.115127 -0.993088 0.0228541
vn -0.802343 0.596205 -0.0280004
vn -0.802907 0.595962 -0.0130167
vn -0.116183 -0.993214 -0.00518435
vn 0.915659 0.395449 -0.072029
vn 0.9146 0.395769 -0.0829036
vn -0.117269 -0.992974 -0.0158029
vn -0.801025 0.597195 0.0414348
vn -0.798207 0.596987 0.0804505
vn -0.636263 -0.729531 -0.250907
vn -0.636176 -0.729694 -0.250651
vn -0.636276 -0.729525 -0.250888
vn 0.911736 0.0310153 -0.409605
vn 0.915122 0.0256127 -0.402362
vn 0.918444 0.0203633 -0.395027
vn -0.635845 -0.729964 -0.250707
vn -0.27104 0.691192 0.669918
vn -0.274487 0.696801 0.662665
vn -0.271073 0.691183 0.669915
vn -0.277998 0.702317 0.655338
vn 0.911743 0.0310745 -0.409584
vn -0.629936 -0.739623 -0.236935
vn 0.921616 0.0152572 -0.387803
vn 0.921555 0.0153999 -0.387943
vn -0.623937 -0.748887 -0.223317
vn -0.287586 0.717574 0.634336
vn -0.293951 0.727044 0.620484
vn -0.620611 -0.753695 -0.216302
vn 0.926267 0.00856503 -0.376771
vn 0.930746 0.000619381 -0.365666
vn -0.622677 -0.749782 -0.22383
vn -0.302132 0.73954 0.601496
vn -0.305065 0.742439 0.596422
vn -0.621112 -0.752909 -0.217596
vn 0.946225 -0.0230312 -0.322688
vn 0.956095 -0.0386032 -0.290505
vn -0.61577 -0.760714 -0.205285
vn -0.322481 0.772033 0.547697
vn -0.337658 0.796114 0.502185
vn -0.604506 -0.779766 -0.162901
vn 0.961452 -0.0484508 -0.270671
vn 0.958022 -0.0430473 -0.283443
vn -0.596693 -0.7912 -0.134014
vn -0.355569 0.824976 0.439301
vn -0.361011 0.831184 0.422854
vn -0.594772 -0.793266 -0.130291
vn 0.964246 -0.0505365 -0.260147
vn 0.972613 -0.0634442 -0.223602
vn -0.59809 -0.785799 -0.157509
vn -0.368096 0.841253 0.395979
vn -0.371858 0.844549 0.385303
vn -0.597915 -0.788377 -0.144777
vn 0.98415 -0.0822587 -0.157106
vn 0.987932 -0.087908 -0.127528
vn -0.591638 -0.799199 -0.106043
vn -0.385577 0.869974 0.307368
vn -0.396254 0.886822 0.237759
vn -0.58475 -0.809596 -0.0511971
vn 0.987745 -0.08883 -0.12833
vn 0.98379 -0.0830715 -0.158922
vn -0.582821 -0.811777 -0.0365785
vn -0.401981 0.897017 0.183771
vn -0.401778 0.893691 0.199726
vn -0.58454 -0.809276 -0.0581814
vn 0.987492 -0.0869216 -0.131542
vn 0.992918 -0.0935454 -0.0732382
vn -0.585076 -0.805363 -0.0952701
vn -0.402352 0.894553 0.194646
vn -0.405332 0.897624 0.173138
vn -0.586038 -0.806881 -0.0741839
vn 0.994816 -0.0997535 -0.0197403
vn 0.994869 -0.0981005 -0.0247413
vn -0.582905 -0.812372 -0.0165076
vn -0.409688 0.906831 0.0990617
vn -0.412392 0.909858 0.0457246
vn -0.58283 -0.812546 -0.00879252
vn 0.992309 -0.0960689 -0.0780611
vn 0.987502 -0.0940789 -0.126446
vn -0.583742 -0.809748 -0.0596195
vn -0.414042 0.909799 -0.0288852
vn -0.415603 0.908142 -0.0505166
vn -0.583895 -0.807121 -0.0873087
vn 0.984053 -0.0931807 -0.151512
vn 0.987277 -0.0932627 -0.128788
vn -0.584381 -0.808937 -0.06418
vn -0.414384 0.910102 0.00077235
vn -0.410764 0.908748 0.0738298
vn 0.988068 0.0362701 -0.149689
vn 0.987985 0.0357814 -0.150351
vn 0.988073 0.0362465 -0.149661
vn -0.592478 0.698371 -0.401557
vn -0.591248 0.704968 -0.391722
vn -0.590153 0.711307 -0.381788
vn 0.987832 0.0356354 -0.151389
vn -0.39388 -0.726419 0.563183
vn -0.395098 -0.732547 0.554322
vn -0.393823 -0.726454 0.563177
vn -0.396118 -0.738685 0.545376
vn -0.592531 0.698332 -0.401546
vn 0.989673 0.0450899 -0.136067
vn -0.589111 0.71687 -0.372887
vn -0.589445 0.716051 -0.373933
vn 0.991256 0.0549595 -0.119961
vn -0.399006 -0.754472 0.52112
vn -0.400237 -0.764291 0.505638
vn 0.991432 0.0571076 -0.117475
vn -0.588598 0.723331 -0.361033
vn -0.586727 0.731636 -0.347074
vn 0.989967 0.0503354 -0.132033
vn -0.401606 -0.774152 0.489287
vn -0.400271 -0.775414 0.488381
vn 0.98981 0.0487212 -0.133797
vn -0.58243 0.757984 -0.29366
vn -0.579678 0.774325 -0.253759
vn 0.990907 0.0558135 -0.122426
vn -0.406798 -0.802309 0.436825
vn -0.411083 -0.826678 0.384206
vn 0.994253 0.0717399 -0.0794642
vn -0.577286 0.782442 -0.233506
vn -0.57915 0.774788 -0.253553
vn 0.995397 0.0823035 -0.0491041
vn -0.415704 -0.851287 0.320159
vn -0.414859 -0.855663 0.309407
vn 0.995071 0.0812294 -0.0568821
vn -0.579181 0.78147 -0.232065
vn -0.577556 0.793906 -0.190112
vn 0.992606 0.0729892 -0.0969814
vn -0.414987 -0.860369 0.295891
vn -0.41336 -0.862271 0.292612
vn 0.992907 0.0710184 -0.0953504
vn -0.573958 0.810404 -0.117548
vn -0.573465 0.814556 -0.0873835
vn 0.995285 0.0799589 -0.0549106
vn -0.419336 -0.880941 0.219319
vn -0.42164 -0.894756 0.147077
vn 0.996155 0.0875687 -0.00262349
vn -0.572854 0.814208 -0.0943648
vn -0.574043 0.808129 -0.131921
vn 0.995985 0.0891822 0.00780511
vn -0.423258 -0.900237 0.102106
vn -0.421238 -0.897732 0.12898
vn 0.996003 0.0862519 -0.0232005
vn -0.574052 0.811372 -0.11018
vn -0.574386 0.816991 -0.0510553
vn 0.994295 0.0842228 -0.0654564
vn -0.420998 -0.896351 0.138979
vn -0.420505 -0.899103 0.121612
vn 0.995095 0.0833501 -0.0532774
vn -0.572141 0.820155 0.000871856
vn -0.573197 0.819391 -0.00659753
vn 0.996205 0.0870334 0.000563611
vn -0.422663 -0.904431 0.0579682
vn -0.422435 -0.906326 0.0110554
vn 0.995523 0.0877012 0.0352589
vn -0.573204 0.818594 -0.0366173
vn -0.573609 0.816913 -0.0602179
vn 0.996028 0.0877061 0.0153783
vn -0.423237 -0.905985 0.00789467
vn -0.422245 -0.905074 0.050497
vn 0.996132 0.0867949 -0.0136851
vn -0.573525 0.81691 -0.0610473
vn -0.574066 0.817869 -0.0392389
vn 0.995982 0.0865201 -0.0231077
vn -0.421955 -0.903051 0.0803287
vn -0.421668 -0.904292 0.0667281
vn 0.995105 0.0853522 -0.0498016
vn -0.573954 0.818194 -0.03368
vn -0.574844 0.816673 -0.0509811
vn 0.994232 0.0838608 -0.0668531
vn -0.420865 -0.902995 0.0864408
vn -0.419176 -0.900085 0.118902
vn -0.905603 0.420768 -0.0532683
vn 0.0989812 -0.986994 -0.126672
vn 0.102345 -0.984048 -0.145515
vn -0.902728 0.424227 -0.0715095
vn 0.805283 0.565313 0.178719
vn 0.800091 0.559659 0.215954
vn -0.89557 0.430771 -0.111316
vn 0.108794 -0.97677 -0.184618
vn 0.114828 -0.97196 -0.205201
vn -0.890242 0.436202 -0.13114
vn 0.785202 0.544943 0.294101
vn 0.775183 0.535655 0.334911
vn -0.877523 0.446711 -0.174363
vn 0.126547 -0.960575 -0.247552
vn 0.136031 -0.953404 -0.269288
vn -0.869041 0.454613 -0.19518
vn 0.749232 0.512713 0.419259
vn 0.732925 0.49881 0.462612
vn -0.849197 0.470101 -0.24056
vn 0.154511 -0.93689 -0.313629
vn 0.168242 -0.926869 -0.335572
vn -0.836856 0.480963 -0.26143
vn 0.692919 0.46567 0.550467
vn 0.668811 0.446149 0.594679
vn -0.808301 0.502418 -0.306963
vn 0.194937 -0.904241 -0.37993
vn 0.213638 -0.890962 -0.40068
vn -0.791491 0.516644 -0.326529
vn 0.611824 0.400905 0.68187
vn 0.578509 0.374897 0.724417
vn -0.752821 0.544864 -0.3693
vn 0.249842 -0.861419 -0.442194
vn 0.27402 -0.844668 -0.459836
vn -0.73117 0.562671 -0.385736
vn 0.502061 0.316129 0.804982
vn 0.458504 0.283086 0.842399
vn -0.681475 0.598051 -0.421813
vn 0.320497 -0.80781 -0.494696
vn 0.350213 -0.787708 -0.50682
vn -0.655036 0.61933 -0.432849
vn 0.36123 0.210199 0.908476
vn 0.307133 0.170135 0.936335
vn -0.626615 0.637808 -0.447833
vn 0.375562 -0.766437 -0.521082
vn 0.37958 -0.766919 -0.517449
vn -0.628457 0.639602 -0.442664
vn 0.251703 0.129389 0.959116
vn 0.2517 0.129399 0.959116
vn 0.738299 0.547507 -0.393891
vn 0.722221 0.53816 -0.43449
vn 0.66 0.677551 -0.324538
vn 0.742512 0.644722 -0.181685
vn 0.83893 0.426822 -0.337669
vn 0.737284 0.659893 -0.144758
vn 0.841717 0.523548 -0.131949
vn 0.849937 0.477799 -0.222071
vn -0.694166 0.711971 -0.105972
vn -0.257718 -0.962907 -0.0799521
vn -0.253145 -0.962374 -0.0987628
vn -0.689877 0.713189 -0.124223
vn 0.950337 0.250493 0.184695
vn 0.942716 0.249077 0.221916
vn -0.680051 0.714593 -0.163973
vn -0.243736 -0.959992 -0.137869
vn -0.235967 -0.958765 -0.158394
vn -0.672735 0.716692 -0.183796
vn 0.921976 0.24487 0.299999
vn 0.908477 0.24198 0.340757
vn -0.65623 0.719634 -0.226914
vn -0.220093 -0.954605 -0.200721
vn -0.208238 -0.952464 -0.222372
vn -0.645065 0.722861 -0.247716
vn 0.87434 0.234376 0.424967
vn 0.853268 0.229546 0.468233
vn -0.620084 0.727794 -0.292937
vn -0.184194 -0.946028 -0.266654
vn -0.167346 -0.942752 -0.288469
vn -0.604257 0.732407 -0.313773
vn 0.802294 0.217602 0.555854
vn 0.771914 0.210362 0.599913
vn -0.569005 0.7398 -0.359066
vn -0.133428 -0.933543 -0.332709
vn -0.110796 -0.928933 -0.353281
vn -0.54783 0.746033 -0.378573
vn 0.700772 0.193159 0.686738
vn 0.659508 0.183061 0.729066
vn -0.500776 0.756285 -0.421019
vn -0.0656007 -0.916499 -0.394622
vn -0.0366849 -0.910428 -0.412039
vn -0.473864 0.764303 -0.437373
vn 0.565496 0.159789 0.809124
vn 0.512261 0.146486 0.846245
vn -0.414089 0.777675 -0.473024
vn 0.0205915 -0.894466 -0.446662
vn 0.0557667 -0.886941 -0.458503
vn -0.381574 0.787519 -0.483959
vn 0.394048 0.116682 0.911653
vn 0.328652 0.100071 0.939135
vn -0.348129 0.793832 -0.498635
vn 0.0873255 -0.876888 -0.472696
vn 0.0908279 -0.87857 -0.468898
vn -0.349311 0.796436 -0.493631
vn 0.261869 0.0830147 0.961527
vn 0.26187 0.083029 0.961525
vn 0.893002 0.22676 -0.38875
vn 0.875471 0.221567 -0.429485
vn 0.864961 0.379699 -0.328132
vn 0.927387 0.327432 -0.180947
vn 0.942703 0.0813968 -0.323553
vn 0.927179 0.345445 -0.144934
vn 0.975712 0.181767 -0.122257
vn 0.96886 0.131288 -0.209936
vn -0.120628 -0.991648 -0.0456414
vn 0.911026 0.396734 -0.1124
vn 0.907568 0.398837 -0.131339
vn -0.124436 -0.990163 -0.063979
vn -0.789094 0.593909 0.156856
vn -0.782865 0.591089 0.194256
vn -0.132061 -0.985771 -0.103994
vn 0.899448 0.402332 -0.170649
vn 0.893431 0.406385 -0.191397
vn -0.138468 -0.982575 -0.123984
vn -0.765857 0.58225 0.272853
vn -0.754764 0.575989 0.313957
vn -0.151509 -0.974149 -0.167564
vn 0.879844 0.413605 -0.234105
vn 0.870542 0.420198 -0.256104
vn -0.161219 -0.968723 -0.188637
vn -0.726658 0.559212 0.399061
vn -0.709284 0.54842 0.442889
vn -0.181145 -0.955073 -0.234569
vn 0.850042 0.432239 -0.300995
vn 0.836726 0.441995 -0.32331
vn -0.194854 -0.946887 -0.255804
vn -0.667209 0.521462 0.531892
vn -0.642114 0.504983 0.576786
vn -0.223132 -0.926787 -0.302122
vn 0.807878 0.459985 -0.368439
vn 0.789909 0.473481 -0.389691
vn -0.241444 -0.915373 -0.322177
vn -0.583307 0.465571 0.665579
vn -0.549172 0.442314 0.709061
vn -0.279325 -0.887706 -0.365999
vn 0.751506 0.498403 -0.432242
vn 0.72849 0.516065 -0.450532
vn -0.302594 -0.872756 -0.383058
vn -0.471359 0.388505 0.791761
vn -0.427276 0.357622 0.830387
vn -0.35081 -0.836737 -0.420481
vn 0.679831 0.548584 -0.486708
vn 0.651811 0.570544 -0.499623
vn -0.378962 -0.818246 -0.432276
vn -0.329357 0.28818 0.899153
vn -0.275167 0.249326 0.928504
vn -0.40498 -0.797048 -0.448002
vn 0.624065 0.587967 -0.514625
vn 0.623215 0.591971 -0.511052
vn -0.406223 -0.799299 -0.442836
vn -0.219809 0.209368 0.952811
vn -0.219809 0.209368 0.952811
vn -0.740029 0.529853 -0.414262
vn -0.725374 0.517022 -0.454445
vn -0.841049 0.416031 -0.345767
vn -0.838074 0.506087 -0.203733
vn -0.657308 0.663314 -0.357715
vn -0.851641 0.496817 -0.166976
vn -0.754319 0.638277 -0.153641
vn -0.711514 0.659265 -0.243138
vn -0.58627 -0.807877 -0.0601836
vn 0.988024 -0.0910599 -0.124567
vn 0.985828 -0.0870714 -0.143391
vn -0.589064 -0.804274 -0.0784093
vn -0.401113 0.897456 0.183524
vn -0.396661 0.891032 0.220729
vn -0.594005 -0.795734 -0.118175
vn 0.980027 -0.0790932 -0.182458
vn 0.976518 -0.0721158 -0.203005
vn -0.598261 -0.789334 -0.137969
vn -0.385284 0.873087 0.29879
vn -0.378195 0.861208 0.339541
vn -0.606023 -0.774554 -0.181116
vn 0.967704 -0.0581522 -0.24529
vn 0.962542 -0.047328 -0.26697
vn -0.612099 -0.764577 -0.201883
vn -0.360877 0.830791 0.423738
vn -0.350466 0.811841 0.466999
vn -0.623377 -0.741835 -0.247146
vn 0.949993 -0.0257379 -0.311207
vn 0.942847 -0.0101967 -0.333069
vn -0.631617 -0.727505 -0.267946
vn -0.325836 0.765654 0.554622
vn -0.311413 0.737962 0.598693
vn -0.647081 -0.69507 -0.31331
vn 0.925873 0.0206312 -0.377271
vn 0.916479 0.0416669 -0.397906
vn -0.657772 -0.675718 -0.332777
vn -0.278161 0.672794 0.685547
vn -0.259129 0.634838 0.727896
vn -0.677949 -0.632081 -0.375312
vn 0.894531 0.0831285 -0.439208
vn 0.882768 0.110181 -0.456706
vn -0.691233 -0.607312 -0.391625
vn -0.216302 0.548024 0.808012
vn -0.192321 0.498696 0.845172
vn -0.716338 -0.551526 -0.42741
vn 0.855589 0.163086 -0.491295
vn 0.841581 0.196179 -0.503244
vn -0.732125 -0.521429 -0.438298
vn -0.139606 0.388826 0.910673
vn -0.110727 0.327874 0.93821
vn -0.744776 -0.489898 -0.453109
vn 0.825597 0.225226 -0.517362
vn 0.826828 0.229049 -0.513704
vn -0.746904 -0.491396 -0.447956
vn -0.0814095 0.265517 0.960663
vn -0.081409 0.265517 0.960663
vn -0.394893 0.832068 -0.389515
vn -0.388687 0.814768 -0.430204
vn -0.537714 0.779673 -0.320894
vn -0.490083 0.853428 -0.177424
vn -0.257324 0.907348 -0.332421
vn -0.506076 0.850959 -0.140555
vn -0.35229 0.927258 -0.126823
vn -0.305567 0.927155 -0.216824
vn 0.991478 0.0797406 -0.103021
vn -0.576816 0.812246 -0.0868298
vn -0.57926 0.808271 -0.105627
vn 0.989742 0.0755504 -0.121252
vn -0.414002 -0.890521 0.188612
vn -0.41036 -0.883525 0.225805
vn 0.984693 0.066848 -0.160968
vn -0.583293 0.79927 -0.144693
vn -0.587234 0.792381 -0.16519
vn 0.98171 0.0597559 -0.18076
vn -0.400642 -0.864399 0.303811
vn -0.394398 -0.851914 0.344517
vn 0.973595 0.0449113 -0.22382
vn -0.594011 0.777249 -0.207448
vn -0.599854 0.766622 -0.229055
vn 0.969031 0.0341254 -0.24457
vn -0.378763 -0.820274 0.428589
vn -0.369188 -0.800708 0.47177
vn 0.957052 0.0114642 -0.28969
vn -0.610087 0.743732 -0.273233
vn -0.618232 0.728541 -0.294988
vn 0.95058 -0.00379241 -0.310457
vn -0.346172 -0.753308 0.559188
vn -0.332527 -0.725024 0.60313
vn 0.93394 -0.0359226 -0.355621
vn -0.632617 0.696286 -0.339089
vn -0.64343 0.675796 -0.35958
vn 0.925297 -0.0563201 -0.375039
vn -0.300696 -0.65874 0.689669
vn -0.282302 -0.620266 0.731831
vn 0.903322 -0.0993541 -0.417298
vn -0.662548 0.632808 -0.400729
vn -0.676263 0.606561 -0.418033
vn 0.892384 -0.125291 -0.433536
vn -0.240525 -0.532542 0.811509
vn -0.216928 -0.48284 0.848415
vn 0.864668 -0.180064 -0.468962
vn -0.70039 0.552064 -0.452414
vn -0.716994 0.520104 -0.464124
vn 0.851545 -0.211448 -0.479751
vn -0.164681 -0.372409 0.913341
vn -0.135858 -0.311283 0.940556
vn 0.835124 -0.241319 -0.494301
vn -0.729337 0.489301 -0.478176
vn -0.732879 0.4877 -0.474381
vn 0.837873 -0.242042 -0.489269
vn -0.106475 -0.248837 0.962675
vn -0.106489 -0.248824 0.962677
vn -0.393726 -0.834669 -0.385108
vn -0.3864 -0.8181 -0.42592
vn -0.258271 -0.910276 -0.323565
vn -0.338856 -0.92412 -0.176573
vn -0.5376 -0.779815 -0.32074
vn -0.324978 -0.935235 -0.140447
vn -0.482062 -0.868057 -0.118717
vn -0.51626 -0.831105 -0.206739
vn -0.748638 0.189308 -0.635377
vn -0.660112 0.278943 -0.697455
vn -0.748638 0.189308 -0.635377
vn -0.097052 -0.72375 -0.683204
vn 0.0133817 -0.664813 -0.74689
vn 0.12579 -0.591161 -0.796684
vn -0.556364 0.364729 -0.746614
vn -0.683142 0.608212 0.404221
vn -0.592416 0.711928 0.377097
vn -0.683144 0.60821 0.404222
vn -0.487799 0.803279 0.341754
vn 0.00891982 -0.0459616 0.998903
vn 0.122919 0.0357706 0.991772
vn 0.00892384 -0.0459545 0.998904
vn 0.236733 0.118432 0.964329
vn 0.371151 -0.869151 0.326838
vn 0.497324 -0.815103 0.297111
vn 0.371151 -0.869151 0.326838
vn 0.615951 -0.743384 0.260738
vn -0.097053 -0.72375 -0.683203
vn -0.404 0.465244 -0.787611
vn 0.26837 -0.476937 -0.836964
vn 0.302777 -0.445565 -0.842495
vn -0.36343 0.487981 -0.793595
vn -0.336418 0.897505 0.285146
vn -0.296466 0.91628 0.269328
vn 0.377721 0.222477 0.898794
vn 0.411127 0.24744 0.877353
vn 0.751501 -0.626978 0.205293
vn 0.781481 -0.594229 0.190208
vn -0.151449 0.584279 -0.797296
vn 0.46268 -0.276288 -0.842373
vn 0.576579 -0.124139 -0.807556
vn 0.0310681 0.640277 -0.767516
vn -0.0897184 0.979097 0.182534
vn 0.0858995 0.990982 0.102839
vn 0.56256 0.362543 0.743027
vn 0.665299 0.443314 0.600708
vn 0.903962 -0.413329 0.1096
vn 0.968556 -0.245869 0.0380534
vn 0.20603 0.67165 -0.711645
vn 0.666059 0.0270198 -0.74541
vn 0.666058 0.0270194 -0.74541
vn 0.206032 0.671649 -0.711644
vn 0.252269 0.9674 0.0223247
vn 0.252269 0.9674 0.0223247
vn 0.740876 0.505551 0.442178
vn 0.740876 0.505549 0.44218
vn 0.996612 -0.0756355 -0.0323084
vn 0.996612 -0.0756356 -0.0323084
vn -0.618551 0.408685 -0.671097
vn -0.5026 0.45745 -0.733575
vn -0.618549 0.408685 -0.671099
vn -0.335446 -0.677633 -0.654439
vn -0.209982 -0.665391 -0.716354
vn -0.0776957 -0.639372 -0.764962
vn -0.374076 0.497907 -0.782404
vn -0.428712 0.832414 0.351132
vn -0.306383 0.895424 0.323026
vn -0.428712 0.832413 0.351132
vn -0.175337 0.941509 0.28778
vn -0.0282854 0.00796218 0.999568
vn 0.107503 0.0432469 0.993264
vn -0.0282933 0.00795558 0.999568
vn 0.243871 0.0783735 0.966636
vn 0.029354 -0.925303 0.378091
vn 0.167088 -0.921388 0.350892
vn 0.0293569 -0.925302 0.378092
vn 0.304224 -0.898659 0.316006
vn -0.335441 -0.677634 -0.65444
vn -0.195059 0.535246 -0.821866
vn 0.0970724 -0.585727 -0.804674
vn 0.140526 -0.569004 -0.810239
vn -0.14893 0.541699 -0.827274
vn 0.000830272 0.972484 0.232969
vn 0.0451638 0.974927 0.217892
vn 0.414029 0.121728 0.902088
vn 0.454575 0.131972 0.880877
vn 0.473514 -0.841293 0.260789
vn 0.513516 -0.822224 0.245457
vn 0.0834978 0.555901 -0.827044
vn 0.350326 -0.467974 -0.81134
vn 0.510347 -0.364675 -0.778818
vn 0.27333 0.544802 -0.792768
vn 0.262417 0.955263 0.136417
vn 0.432259 0.899543 0.0630454
vn 0.639824 0.178208 0.747574
vn 0.767501 0.209312 0.605913
vn 0.694157 -0.701398 0.161827
vn 0.815759 -0.57202 0.0856156
vn 0.446782 0.514828 -0.731668
vn 0.64666 -0.252132 -0.719903
vn 0.646658 -0.252133 -0.719904
vn 0.44678 0.514829 -0.731669
vn 0.580807 0.813981 -0.00996207
vn 0.580807 0.813981 -0.00996197
vn 0.863516 0.23191 0.447837
vn 0.863516 0.23191 0.447837
vn 0.904212 -0.426987 0.00907177
vn 0.904212 -0.426988 0.00907176
vn 0.0629873 -0.776966 -0.626384
vn -0.0482647 -0.720967 -0.691287
vn 0.0629858 -0.776964 -0.626386
vn 0.732101 0.123544 -0.6699
vn 0.643345 0.209816 -0.736263
vn 0.539705 0.293577 -0.789006
vn -0.160796 -0.649171 -0.743452
vn -0.376573 -0.833068 0.405205
vn -0.502607 -0.778956 0.374984
vn -0.376577 -0.833067 0.405202
vn -0.620981 -0.707907 0.336527
vn 0.0208645 0.0327734 0.999245
vn -0.0917882 0.115994 0.989
vn 0.0208787 0.0327705 0.999245
vn -0.204876 0.198549 0.958438
vn 0.706082 0.623988 0.334794
vn 0.616448 0.72709 0.30221
vn 0.70608 0.62399 0.334795
vn 0.51246 0.817503 0.262818
vn 0.7321 0.123546 -0.6699
vn -0.30246 -0.535577 -0.788464
vn 0.387994 0.393653 -0.833366
vn 0.347675 0.416675 -0.839943
vn -0.33645 -0.504041 -0.795452
vn -0.756045 -0.593469 0.276027
vn -0.785877 -0.5614 0.259281
vn -0.345914 0.29999 0.889016
vn -0.379507 0.323869 0.866651
vn 0.361139 0.910065 0.203374
vn 0.321066 0.928352 0.187294
vn -0.493195 -0.332049 -0.804053
vn 0.137451 0.516691 -0.845066
vn -0.0430248 0.578566 -0.8145
vn -0.603211 -0.175346 -0.778069
vn -0.907488 -0.384923 0.168227
vn -0.971213 -0.222312 0.085578
vn -0.532884 0.431141 0.728115
vn -0.638464 0.502574 0.58291
vn 0.112922 0.988368 0.101867
vn -0.0648131 0.997542 0.0266319
vn -0.688002 -0.0179812 -0.725486
vn -0.215596 0.617791 -0.756209
vn -0.215597 0.617792 -0.756209
vn -0.688002 -0.0179799 -0.725486
vn -0.998336 -0.0575889 0.00282513
vn -0.998336 -0.0575886 0.00282477
vn -0.71773 0.553706 0.422224
vn -0.717731 0.553706 0.422222
vn -0.23397 0.971113 -0.046884
vn -0.233971 0.971113 -0.046884
vn -0.327435 -0.694335 -0.640848
vn -0.398287 -0.589871 -0.702438
vn -0.327436 -0.694333 -0.640849
vn 0.693639 -0.229383 -0.682824
vn 0.657117 -0.10929 -0.745824
vn 0.606491 0.0154636 -0.79494
vn -0.462482 -0.471291 -0.750997
vn -0.728893 -0.556645 0.398575
vn -0.813239 -0.447557 0.371936
vn -0.728892 -0.556646 0.398576
vn -0.882765 -0.32715 0.337192
vn 0.0440711 -0.00661031 0.999007
vn -0.0142868 0.120971 0.992553
vn 0.044073 -0.00661195 0.999006
vn -0.0735397 0.248688 0.965788
vn 0.923247 0.195652 0.330661
vn 0.894446 0.330033 0.301737
vn 0.923247 0.19565 0.33066
vn 0.846872 0.460438 0.26609
vn 0.69364 -0.229373 -0.682827
vn -0.531845 -0.302227 -0.791075
vn 0.521797 0.177547 -0.834389
vn 0.49761 0.217365 -0.839724
vn -0.546377 -0.258013 -0.796807
vn -0.946099 -0.160156 0.281508
vn -0.956832 -0.117246 0.265944
vn -0.148477 0.407423 0.901089
vn -0.16652 0.445131 0.879846
vn 0.758732 0.616137 0.211426
vn 0.732372 0.651933 0.196504
vn -0.600285 -0.0314934 -0.799166
vn 0.36209 0.406726 -0.838728
vn 0.234478 0.547424 -0.803335
vn -0.620372 0.158166 -0.768194
vn -0.978652 0.0982719 0.180505
vn -0.956465 0.273435 0.102019
vn -0.250125 0.616687 0.746415
vn -0.309336 0.733928 0.604699
vn 0.5785 0.807321 0.116493
vn 0.426707 0.903262 0.0451588
vn -0.617809 0.335525 -0.71115
vn 0.103086 0.663786 -0.740785
vn 0.103087 0.663783 -0.740787
vn -0.617808 0.33553 -0.71115
vn -0.901236 0.432733 0.0227006
vn -0.901236 0.432733 0.0227001
vn -0.355513 0.821067 0.446609
vn -0.355511 0.821066 0.446612
vn 0.265192 0.963865 -0.0252494
vn 0.265191 0.963865 -0.0252494
vn 0.711648 0.211584 -0.669918
vn 0.675446 0.0908108 -0.731797
vn 0.711646 0.211582 -0.66992
vn -0.305564 0.686671 -0.659631
vn -0.375965 0.581872 -0.721162
vn -0.440152 0.463111 -0.769282
vn 0.624776 -0.0342624 -0.780052
vn 0.913297 -0.19877 0.3555
vn 0.883876 -0.333339 0.328097
vn 0.913297 -0.198772 0.355498
vn 0.835886 -0.463865 0.293468
vn 0.0207107 0.0226964 0.999528
vn -0.0387195 -0.104417 0.99378
vn 0.0207107 0.0227024 0.999528
vn -0.0985695 -0.231999 0.967709
vn -0.732585 0.569938 0.372142
vn -0.817343 0.461213 0.345302
vn -0.732587 0.569936 0.372143
vn -0.887204 0.340901 0.310894
vn -0.305563 0.686672 -0.659631
vn 0.539461 -0.196175 -0.818839
vn -0.510195 0.294065 -0.808224
vn -0.525016 0.249901 -0.813577
vn 0.51502 -0.235847 -0.824094
vn 0.747543 -0.619615 0.239286
vn 0.721194 -0.655404 0.224332
vn -0.173511 -0.391077 0.903854
vn -0.191417 -0.428963 0.882808
vn -0.950836 0.17361 0.256459
vn -0.961618 0.13055 0.241347
vn 0.37768 -0.423891 -0.82321
vn -0.581053 0.0238832 -0.813515
vn -0.603704 -0.165044 -0.779937
vn 0.247911 -0.562789 -0.788549
vn 0.567736 -0.81065 0.143255
vn 0.41673 -0.906336 0.069932
vn -0.273532 -0.601909 0.750257
vn -0.330543 -0.720916 0.609115
vn -0.983523 -0.0861371 0.158941
vn -0.961206 -0.262772 0.0838663
vn 0.113963 -0.676871 -0.727226
vn -0.604203 -0.341453 -0.719964
vn -0.604203 -0.341451 -0.719965
vn 0.113962 -0.676871 -0.727226
vn 0.256328 -0.966584 -0.00327022
vn 0.256327 -0.966585 -0.00327075
vn -0.373847 -0.81022 0.451423
vn -0.373847 -0.81022 0.451423
vn -0.905684 -0.423868 0.00848095
vn -0.905684 -0.423868 0.00848094
vn -0.150573 0.757294 -0.635479
vn -0.30663 0.740122 -0.598496
vn -0.150526 0.757274 -0.635514
vn 0.634279 -0.342429 -0.693132
vn 0.568973 -0.486827 -0.662774
vn 0.486466 -0.621943 -0.613626
vn -0.458643 0.702441 -0.544264
vn 0.778408 0.538569 0.322527
vn 0.729777 0.496145 0.470389
vn 0.778405 0.538586 0.322506
vn 0.660048 0.439109 0.609524
vn 0.634296 -0.342413 -0.693125
vn -0.652509 0.615809 -0.441601
vn 0.346502 -0.784085 -0.514924
vn 0.297473 -0.826936 -0.477165
vn -0.707094 0.580742 -0.403432
vn 0.529972 0.337459 0.777978
vn 0.481959 0.300838 0.822929
vn -0.753034 0.546174 -0.366926
vn 0.251653 -0.861675 -0.440667
vn 0.256247 -0.858409 -0.444377
vn -0.748634 0.549715 -0.370621
vn 0.436161 0.266233 0.859583
vn 0.440794 0.26972 0.856126
vn -0.744201 0.553231 -0.3743
vn 0.26083 -0.855104 -0.448067
vn 0.26083 -0.855105 -0.448067
vn -0.744201 0.553231 -0.3743
vn 0.445407 0.273196 0.852629
vn 0.445407 0.273199 0.852628
vn 0.142905 0.725722 -0.672983
vn -0.0097223 0.767266 -0.641255
vn 0.142922 0.725706 -0.672997
vn 0.483869 -0.582683 -0.652956
vn 0.370684 -0.692515 -0.618883
vn 0.244397 -0.786548 -0.567109
vn -0.166235 0.78915 -0.591276
vn 0.912779 0.242866 0.328406
vn 0.849219 0.228593 0.475996
vn 0.912784 0.242889 0.328375
vn 0.760914 0.207725 0.614703
vn 0.483839 -0.582697 -0.652965
vn -0.38029 0.782869 -0.492438
vn 0.0537585 -0.88268 -0.46689
vn -0.00809769 -0.903169 -0.429208
vn -0.444565 0.771641 -0.454898
vn 0.599726 0.168291 0.782309
vn 0.540907 0.153652 0.826928
vn -0.500556 0.757712 -0.418707
vn -0.0640343 -0.9173 -0.393014
vn -0.0584995 -0.916089 -0.396684
vn -0.495108 0.75925 -0.422383
vn 0.485036 0.139651 0.863272
vn 0.490676 0.141071 0.859847
vn -0.489637 0.760753 -0.42604
vn -0.0529646 -0.914837 -0.400335
vn -0.0529655 -0.914837 -0.400336
vn -0.489636 0.760753 -0.426043
vn 0.496291 0.142482 0.856385
vn 0.496292 0.142486 0.856383
vn -0.661311 -0.382818 -0.645072
vn -0.597717 -0.525644 -0.605337
vn -0.661308 -0.382783 -0.645096
vn 0.144543 0.70183 -0.697526
vn 0.301404 0.684459 -0.663831
vn 0.454351 0.648052 -0.611223
vn -0.5162 -0.658119 -0.548102
vn -0.758285 0.578031 0.301469
vn -0.705929 0.546333 0.450759
vn -0.758293 0.578027 0.301457
vn -0.633019 0.498966 0.591878
vn 0.144501 0.701851 -0.697513
vn -0.376215 -0.814847 -0.441007
vn 0.649672 0.565811 -0.507724
vn 0.704757 0.532743 -0.468511
vn -0.326829 -0.855595 -0.401422
vn -0.499701 0.408218 0.763974
vn -0.451006 0.37427 0.810256
vn -0.280545 -0.88829 -0.363641
vn 0.751165 0.500215 -0.430739
vn 0.74672 0.503542 -0.434574
vn -0.285193 -0.885231 -0.367465
vn -0.404732 0.341723 0.848185
vn -0.409404 0.34502 0.8446
vn -0.289828 -0.882132 -0.371271
vn 0.742241 0.506847 -0.438389
vn 0.742242 0.506846 -0.438389
vn -0.289828 -0.88213 -0.371275
vn -0.414058 0.348302 0.840977
vn -0.414066 0.3483 0.840973
vn -0.770311 0.00151547 -0.637666
vn -0.783489 -0.155236 -0.601704
vn -0.770313 0.00151277 -0.637664
vn 0.459461 0.561478 -0.688214
vn 0.588594 0.46953 -0.658102
vn 0.70527 0.362366 -0.609332
vn -0.775782 -0.312029 -0.548452
vn -0.380422 0.865013 0.327158
vn -0.348489 0.808186 0.474753
vn -0.380429 0.865013 0.327149
vn -0.306237 0.72791 0.613486
vn 0.459466 0.561471 -0.688217
vn -0.728166 -0.519566 -0.44702
vn 0.83734 0.193287 -0.511372
vn 0.869905 0.13671 -0.473894
vn -0.704305 -0.580109 -0.40918
vn -0.231844 0.579673 0.781171
vn -0.205222 0.525243 0.825835
vn -0.679275 -0.632058 -0.372945
vn 0.895125 0.084846 -0.437667
vn 0.892809 0.0900068 -0.441351
vn -0.681899 -0.627036 -0.376616
vn -0.18013 0.473425 0.862219
vn -0.182652 0.478659 0.858792
vn -0.684491 -0.621986 -0.38027
vn 0.890453 0.0951637 -0.445014
vn 0.890453 0.0951623 -0.445014
vn -0.684491 -0.621986 -0.38027
vn -0.185168 0.483872 0.855325
vn -0.185167 0.483871 0.855326
vn 0.469965 -0.577056 -0.667937
vn 0.599263 -0.485827 -0.636283
vn 0.469975 -0.577055 -0.667931
vn -0.755152 -0.00488145 -0.655532
vn -0.767642 0.152563 -0.622455
vn -0.759652 0.31015 -0.571607
vn 0.715808 -0.378954 -0.586526
vn -0.396371 -0.855919 0.332103
vn -0.367356 -0.796951 0.479498
vn -0.396379 -0.855909 0.332119
vn -0.327588 -0.714782 0.617878
vn -0.755156 -0.0048977 -0.655527
vn 0.847181 -0.209515 -0.48825
vn -0.712406 0.518883 -0.472481
vn -0.688848 0.579817 -0.435087
vn 0.879403 -0.152634 -0.450947
vn -0.255707 -0.564492 0.784833
vn -0.229613 -0.50958 0.82922
vn 0.904269 -0.100417 -0.414987
vn -0.664171 0.63212 -0.399126
vn -0.666754 0.627066 -0.402776
vn 0.901991 -0.105615 -0.418638
vn -0.20488 -0.457407 0.865334
vn -0.207378 -0.462675 0.861932
vn 0.899672 -0.110808 -0.42227
vn -0.669308 0.621982 -0.406407
vn -0.669305 0.621984 -0.406407
vn 0.899673 -0.110808 -0.422269
vn -0.209866 -0.467924 0.858489
vn -0.209868 -0.467919 0.858491
vn 0.18703 -0.168606 -0.967777
vn 0.286788 -0.1086 -0.951819
vn 0.117129 0.00421717 -0.993108
vn 0.201085 0.179693 -0.962951
vn -0.124348 0.319174 -0.939503
vn 0.0709382 0.451957 -0.889214
vn 0.592388 0.0776106 -0.801906
vn 0.513378 0.381047 -0.768925
vn 0.335447 0.627836 -0.702352
vn 0.840103 0.270605 -0.470106
vn 0.709494 0.551834 -0.43829
vn 0.470723 0.773606 -0.42421
vn 0.894943 0.37215 -0.246133
vn 0.688654 0.668592 -0.280609
vn 0.478744 0.838187 -0.261239
vn 0.85098 0.366792 -0.375893
vn 0.500869 0.850764 -0.159156
vn 0.13406 -0.276149 -0.951719
vn 0.277831 -0.245707 -0.928676
vn 0.127136 -0.0922468 -0.987586
vn 0.283976 0.0577164 -0.957093
vn 0.0141582 0.290813 -0.956675
vn 0.212275 0.353063 -0.9112
vn 0.585252 -0.14942 -0.796965
vn 0.59293 0.145339 -0.792029
vn 0.561257 0.451524 -0.693625
vn 0.857402 -0.101331 -0.504573
vn 0.88378 0.208935 -0.418664
vn 0.782091 0.497139 -0.375747
vn 0.97717 -0.0326717 -0.209934
vn 0.902985 0.319749 -0.287017
vn 0.748646 0.556349 -0.360561
vn 0.976695 -0.0186382 -0.213823
vn 0.750479 0.556696 -0.356189
vn 0.122333 0.220015 -0.967795
vn 0.0342389 0.296616 -0.954383
vn -0.0200644 0.100056 -0.994779
vn -0.213428 0.126217 -0.968771
vn -0.24648 -0.226094 -0.942406
vn -0.43388 -0.0806719 -0.897352
vn -0.239925 0.531554 -0.812334
vn -0.504943 0.363306 -0.78297
vn -0.686317 0.118726 -0.717547
vn -0.506395 0.711178 -0.487637
vn -0.734392 0.500664 -0.458263
vn -0.872197 0.20537 -0.443954
vn -0.624371 0.734364 -0.266216
vn -0.842225 0.446493 -0.302161
vn -0.93938 0.194774 -0.282186
vn -0.60314 0.692871 -0.395162
vn -0.960203 0.212988 -0.180681
vn 0.203888 0.157745 -0.966202
vn 0.150312 0.294672 -0.943703
vn 0.022432 0.118672 -0.99268
vn -0.150647 0.248209 -0.956921
vn -0.333626 -0.057404 -0.940956
vn -0.426785 0.128126 -0.895231
vn 0.0089386 0.584001 -0.811704
vn -0.282192 0.541288 -0.79207
vn -0.573403 0.459973 -0.677963
vn -0.0713864 0.850468 -0.521161
vn -0.377177 0.825354 -0.420153
vn -0.641274 0.676892 -0.361366
vn -0.145661 0.963368 -0.225178
vn -0.483321 0.828306 -0.283391
vn -0.693073 0.634171 -0.342749
vn -0.159571 0.960414 -0.228346
vn -0.693523 0.636017 -0.338391
vn -0.294838 0.0673307 -0.953172
vn -0.351366 -0.0341869 -0.935614
vn -0.150541 -0.0484332 -0.987417
vn -0.135943 -0.24289 -0.960481
vn 0.216773 -0.204578 -0.954546
vn 0.114615 -0.416873 -0.90171
vn -0.518184 -0.348539 -0.781029
vn -0.298896 -0.574283 -0.762142
vn -0.0196366 -0.702493 -0.71142
vn -0.622029 -0.642676 -0.447267
vn -0.368812 -0.823696 -0.430701
vn -0.0515852 -0.899528 -0.433807
vn -0.608473 -0.760949 -0.225207
vn -0.285346 -0.917136 -0.278279
vn -0.0185543 -0.961805 -0.273106
vn -0.579487 -0.732986 -0.356268
vn -0.0264161 -0.984955 -0.170779
vn -0.198372 0.249685 -0.94779
vn -0.0959842 0.277091 -0.956038
vn -0.174816 0.249066 -0.952578
vn 0.00509191 0.297529 -0.954699
vn -0.355788 0.917663 -0.176942
vn -0.28589 0.943983 -0.16481
vn -0.376225 0.912314 -0.161671
vn -0.212311 0.965127 -0.153147
vn 0.172438 0.32781 -0.928874
vn 0.278208 0.321377 -0.905161
vn -0.0168443 0.990505 -0.136439
vn 0.063787 0.992293 -0.106236
vn 0.451084 0.306133 -0.838335
vn 0.548214 0.268588 -0.792037
vn 0.261409 0.964153 -0.0455529
vn 0.336007 0.941849 0.00448862
vn 0.594577 0.255078 -0.762504
vn 0.584033 0.25036 -0.772156
vn 0.394099 0.918564 0.0304424
vn 0.366342 0.9301 0.0265951
vn 0.52992 0.274051 -0.802547
vn 0.32598 0.945376 0.000924473
vn -0.0767635 0.252316 -0.964595
vn 0.0279141 0.240988 -0.970127
vn -0.0561748 0.243059 -0.968383
vn 0.129472 0.224186 -0.965908
vn -0.00322796 0.973325 -0.229408
vn 0.0728076 0.973644 -0.216142
vn -0.0232348 0.976342 -0.214982
vn 0.149675 0.967718 -0.202778
vn 0.296851 0.194263 -0.934955
vn 0.39264 0.151998 -0.907045
vn 0.340679 0.922832 -0.179776
vn 0.416089 0.897424 -0.146627
vn 0.547367 0.0798499 -0.833074
vn 0.623893 0.0126001 -0.781408
vn 0.589565 0.804025 -0.0771856
vn 0.650425 0.759211 -0.0233557
vn 0.664789 -0.0179057 -0.746816
vn 0.655023 -0.0206059 -0.755328
vn 0.698688 0.715377 0.00847146
vn 0.678371 0.734707 0.00431299
vn 0.61829 0.0149963 -0.785807
vn 0.651564 0.758343 -0.0194912
vn -0.157434 -0.275212 -0.948405
vn -0.214835 -0.18633 -0.958711
vn -0.163993 -0.252666 -0.953555
vn -0.265397 -0.0964465 -0.959303
vn -0.759965 -0.622795 -0.185957
vn -0.80675 -0.564274 -0.175357
vn -0.748897 -0.640436 -0.17028
vn -0.849732 -0.500663 -0.165202
vn -0.346202 0.0537085 -0.936621
vn -0.373098 0.156558 -0.914488
vn -0.93434 -0.322343 -0.152002
vn -0.961451 -0.245876 -0.123114
vn -0.41312 0.326397 -0.850174
vn -0.408213 0.430833 -0.804826
vn -0.996694 -0.0485835 -0.0651274
vn -0.99943 0.0297625 -0.0159237
vn -0.410217 0.479401 -0.77582
vn -0.402289 0.470724 -0.785227
vn -0.995671 0.0924618 0.00947556
vn -0.99803 0.0624636 0.00588422
vn -0.407569 0.411639 -0.815133
vn -0.99963 0.0191004 -0.019385
vn -0.280486 -0.140577 -0.949508
vn -0.287589 -0.0356508 -0.95709
vn -0.275093 -0.118799 -0.954049
vn -0.288313 0.0673551 -0.955164
vn -0.967993 -0.174759 -0.180138
vn -0.980749 -0.0996163 -0.167955
vn -0.966844 -0.194655 -0.165296
vn -0.987499 -0.0225849 -0.156
vn -0.28618 0.238044 -0.928136
vn -0.259739 0.340255 -0.903749
vn -0.975072 0.173752 -0.138
vn -0.961471 0.253126 -0.107244
vn -0.211852 0.506673 -0.835704
vn -0.156395 0.594716 -0.788577
vn -0.896109 0.441541 -0.0450564
vn -0.859938 0.510368 0.0055833
vn -0.131777 0.640996 -0.756148
vn -0.127842 0.631645 -0.764644
vn -0.823601 0.566121 0.0344784
vn -0.839327 0.542709 0.0315858
vn -0.157995 0.588688 -0.79277
vn -0.859098 0.511725 0.00938281
vn 0.246656 -0.107566 -0.963115
vn 0.170617 -0.181673 -0.968444
vn 0.225618 -0.118549 -0.966976
vn 0.0927885 -0.249195 -0.963998
vn 0.750683 -0.621663 -0.223632
vn 0.703413 -0.67911 -0.209809
vn 0.766615 -0.607152 -0.208966
vn 0.650378 -0.733855 -0.196126
vn -0.0366082 -0.358193 -0.93293
vn -0.13056 -0.404917 -0.904984
vn 0.493651 -0.852297 -0.172912
vn 0.425931 -0.893899 -0.139742
vn -0.285004 -0.47753 -0.831106
vn -0.385552 -0.493208 -0.779805
vn 0.243318 -0.967375 -0.070586
vn 0.17004 -0.985291 -0.0169593
vn -0.431002 -0.504628 -0.748056
vn -0.424639 -0.495209 -0.757924
vn 0.109409 -0.993924 0.0120198
vn 0.139018 -0.990267 0.00670016
vn -0.367496 -0.488829 -0.791198
vn 0.180311 -0.983385 -0.0210287
vn 0.725138 -0.680833 -0.10316
vn 0.772079 -0.626993 -0.103794
vn 0.734577 -0.671368 -0.0982921
vn 0.813002 -0.572959 -0.103664
vn 0.194663 -0.316076 -0.928549
vn 0.219942 -0.271628 -0.936933
vn 0.180201 -0.320521 -0.929943
vn 0.248066 -0.2251 -0.942228
vn 0.887004 -0.449424 -0.106028
vn 0.928594 -0.359592 -0.0916927
vn 0.336631 -0.0893877 -0.937384
vn 0.368526 -0.0102819 -0.92956
vn 0.983644 -0.170101 -0.0592421
vn 0.99872 -0.0496112 -0.00990477
vn 0.438638 0.191783 -0.877961
vn 0.442577 0.294665 -0.846935
vn 0.999997 0.00145562 0.00191755
vn 0.999761 -0.0211038 0.00564895
vn 0.452989 0.349498 -0.820154
vn 0.43928 0.313306 -0.841946
vn 0.992972 -0.112771 -0.0358979
vn 0.438304 0.238366 -0.866643
vn 0.501984 -0.862301 -0.0666984
vn 0.588109 -0.806629 -0.0589685
vn 0.525558 -0.848879 -0.0565041
vn 0.66182 -0.747978 -0.0502429
vn 0.187049 -0.375428 -0.907781
vn 0.225086 -0.326291 -0.91808
vn 0.155731 -0.376051 -0.913419
vn 0.270624 -0.275568 -0.922402
vn 0.775325 -0.630232 -0.040985
vn 0.838578 -0.544598 -0.0141229
vn 0.410126 -0.144586 -0.900495
vn 0.456022 -0.0694495 -0.887254
vn 0.930902 -0.363621 0.0346665
vn 0.965188 -0.243301 0.0960061
vn 0.567814 0.124387 -0.813704
vn 0.587822 0.228491 -0.776052
vn 0.977083 -0.176522 0.118945
vn 0.973218 -0.191941 0.126514
vn 0.608409 0.297795 -0.735634
vn 0.590372 0.271795 -0.759992
vn 0.960842 -0.262399 0.0890431
vn 0.582875 0.220637 -0.782033
vn 0.426688 0.898432 -0.103722
vn 0.361042 0.92651 -0.105962
vn 0.414683 0.904548 -0.099156
vn 0.297049 0.948809 -0.107345
vn 0.259485 0.273077 -0.926335
vn 0.209588 0.283366 -0.935829
vn 0.268187 0.260678 -0.927428
vn 0.15678 0.295746 -0.942313
vn 0.156813 0.981159 -0.112861
vn 0.0582746 0.993216 -0.100627
vn 0.00033828 0.33827 -0.941049
vn -0.0848801 0.344337 -0.935001
vn -0.139575 0.987584 -0.0720926
vn -0.259826 0.965333 -0.0249367
vn -0.299711 0.349358 -0.887763
vn -0.39942 0.321746 -0.858454
vn -0.309037 0.950948 -0.0139552
vn -0.287579 0.957706 -0.0098595
vn -0.455325 0.315043 -0.832723
vn -0.416239 0.312921 -0.853713
vn -0.197452 0.979046 -0.0498198
vn -0.344151 0.334813 -0.877189
vn 0.759096 0.640365 -0.117075
vn 0.689878 0.715858 -0.107782
vn 0.742317 0.661522 -0.106555
vn 0.619908 0.778635 -0.097168
vn 0.294545 0.227901 -0.928065
vn 0.239172 0.256732 -0.936422
vn 0.300276 0.197027 -0.933282
vn 0.181231 0.292814 -0.938837
vn 0.484977 0.87052 -0.083619
vn 0.391107 0.918795 -0.053389
vn 0.0294033 0.408328 -0.912361
vn -0.0517932 0.440989 -0.896017
vn 0.199457 0.979902 0.00311589
vn 0.0780568 0.994493 0.0699314
vn -0.258275 0.519634 -0.814417
vn -0.362379 0.5224 -0.771868
vn 0.0113826 0.995314 0.0960256
vn 0.027575 0.994313 0.102864
vn -0.432211 0.531747 -0.728313
vn -0.404675 0.517875 -0.753686
vn 0.0972694 0.99332 0.0620794
vn -0.354087 0.518738 -0.778161
vn -0.97008 0.237451 -0.0506137
vn -0.984531 0.1675 -0.0514149
vn -0.973399 0.224506 -0.0457367
vn -0.993611 0.10033 -0.0516893
vn -0.371834 0.191446 -0.908344
vn -0.372444 0.140427 -0.917369
vn -0.361506 0.202446 -0.910126
vn -0.374351 0.0861586 -0.923276
vn -0.997495 -0.0435846 -0.0557221
vn -0.988866 -0.142433 -0.0430878
vn -0.384559 -0.0756117 -0.919999
vn -0.373093 -0.16027 -0.913846
vn -0.942127 -0.3349 -0.0154747
vn -0.893605 -0.447851 0.0299872
vn -0.332308 -0.37134 -0.866994
vn -0.283673 -0.463249 -0.839601
vn -0.869058 -0.493092 0.0399851
vn -0.87973 -0.473384 0.044523
vn -0.264459 -0.516455 -0.814454
vn -0.271404 -0.477922 -0.835423
vn -0.920921 -0.389701 0.00610872
vn -0.308584 -0.41188 -0.857398
vn 0.493008 0.0869655 0.865667
vn 0.54246 0.145283 0.827424
vn 0.501287 0.101311 0.85933
vn 0.587012 0.203643 0.783547
vn 0.786273 -0.524895 0.325975
vn 0.814133 -0.498232 0.298249
vn 0.775728 -0.538974 0.328258
vn 0.841996 -0.467347 0.269499
vn 0.646948 0.284366 0.707527
vn 0.671282 0.333581 0.661895
vn 0.910202 -0.369252 0.187575
vn 0.934189 -0.327886 0.140647
vn 0.709921 0.426164 0.560711
vn 0.719354 0.499638 0.482588
vn 0.971665 -0.231856 0.0459266
vn 0.980307 -0.197431 0.00442391
vn 0.722075 0.566802 0.396665
vn 0.671553 0.649558 0.3565
vn 0.989873 -0.119335 -0.0768813
vn 0.985289 -0.147941 -0.0855573
vn 0.679568 0.60934 0.408525
vn 0.681206 0.561604 0.469638
vn 0.982641 -0.00532904 -0.185443
vn 0.978664 0.0205953 -0.204433
vn 0.803088 0.327417 0.497843
vn 0.838907 0.268312 0.473544
vn 0.87622 0.28709 -0.387063
vn -0.480925 -0.861433 0.163234
vn 0.922361 0.078871 0.378193
vn 0.842098 0.300386 -0.447928
vn 0.477136 -0.046566 0.877595
vn 0.53709 -0.0154859 0.843383
vn 0.490657 -0.0361977 0.870601
vn 0.590953 0.0151511 0.806563
vn 0.535814 -0.753987 0.38001
vn 0.583004 -0.735277 0.345651
vn 0.521455 -0.762804 0.382379
vn 0.628038 -0.713685 0.310197
vn 0.673123 0.0650868 0.736661
vn 0.717204 0.105128 0.688888
vn 0.731052 -0.643916 0.225689
vn 0.765012 -0.617146 0.184084
vn 0.79103 0.180149 0.584651
vn 0.826828 0.243532 0.506999
vn 0.834874 -0.542555 0.0928421
vn 0.857094 -0.512734 0.049926
vn 0.848537 0.287964 0.443917
vn 0.821772 0.372853 0.430896
vn 0.899683 -0.434298 -0.0442313
vn 0.906927 -0.415812 -0.0676958
vn 0.806617 0.307026 0.505078
vn 0.764518 0.278907 0.581139
vn 0.956928 -0.226171 -0.182033
vn -0.894055 0.435518 0.104835
vn 0.791487 -0.0467696 0.609394
vn 0.708085 0.198732 0.677584
vn 0.966371 -0.0517325 -0.251896
vn 0.970612 -0.0946542 -0.221254
vn -0.751782 -0.659349 -0.00907993
vn 0.781689 -0.436215 0.445734
vn 0.959424 -0.00866607 -0.281833
vn -0.251803 0.451052 0.85624
vn -0.321726 0.479758 0.816287
vn -0.267871 0.454448 0.849542
vn -0.390067 0.503733 0.770779
vn 0.250902 0.912945 0.321838
vn 0.217525 0.930961 0.29325
vn 0.267493 0.90727 0.324513
vn 0.180153 0.947668 0.263572
vn -0.483784 0.535137 0.692518
vn -0.537185 0.542678 0.645703
vn 0.0674975 0.98153 0.179003
vn 0.0217052 0.991141 0.131031
vn -0.635349 0.549904 0.54216
vn -0.706579 0.535546 0.462533
vn -0.079355 0.996263 0.0341039
vn -0.113606 0.993494 -0.00799588
vn -0.773474 0.515148 0.369271
vn -0.8349 0.444574 0.324494
vn -0.190204 0.977383 -0.0924385
vn -0.115638 0.990261 -0.0775269
vn -0.809972 0.460935 0.362606
vn -0.771331 0.486826 0.409937
vn -0.252479 0.948096 -0.19331
vn 0.0634601 0.997944 -0.00899231
vn -0.61068 0.665977 0.428421
vn -0.567674 0.720207 0.398809
vn -0.550104 0.706902 -0.444608
vn -0.533612 0.758081 -0.374928
vn 0.981345 -0.0536079 0.184631
vn -0.434634 0.843171 0.316475
vn -0.562334 0.650246 -0.510843
vn 0.00512472 0.497814 0.867268
vn -0.0373666 0.550777 0.833815
vn -0.00772836 0.5092 0.860613
vn -0.0785067 0.597761 0.797821
vn 0.667725 0.66528 0.333985
vn 0.639588 0.707787 0.299942
vn 0.678983 0.652695 0.336113
vn 0.608935 0.747652 0.26498
vn -0.145079 0.668577 0.729354
vn -0.194331 0.704065 0.683029
vn 0.51854 0.835331 0.182588
vn 0.484339 0.863302 0.141861
vn -0.285642 0.761491 0.581842
vn -0.358226 0.783968 0.507019
vn 0.39443 0.917376 0.0533426
vn 0.359416 0.933104 0.0116744
vn -0.410578 0.796549 0.443774
vn -0.49109 0.75462 0.435177
vn 0.26743 0.960102 -0.0817595
vn 0.245537 0.963616 -0.105624
vn -0.425932 0.755234 0.4982
vn -0.385964 0.729155 0.565124
vn 0.0276596 0.97414 -0.224247
vn 0.105854 -0.959101 0.262525
vn -0.0845467 0.820857 0.564841
vn -0.287068 0.706238 0.647163
vn -0.169392 0.940199 -0.29552
vn -0.117769 0.957013 -0.265058
vn 0.894432 -0.434155 -0.107245
vn 0.269984 0.883128 0.383657
vn -0.220358 0.919741 -0.324837
vn -0.341973 -0.32937 0.880097
vn -0.358331 -0.403969 0.84167
vn -0.34246 -0.345849 0.873561
vn -0.370696 -0.47612 0.79743
vn -0.924835 0.0660726 0.374585
vn -0.937404 0.0295187 0.346991
vn -0.922453 0.0834863 0.376975
vn -0.947956 -0.0106998 0.318221
vn -0.387125 -0.574865 0.720878
vn -0.386496 -0.629063 0.674463
vn -0.963342 -0.128505 0.235496
vn -0.966319 -0.175632 0.188097
vn -0.379897 -0.727406 0.571453
vn -0.356429 -0.794788 0.491192
vn -0.956719 -0.276203 0.091661
vn -0.949394 -0.310205 0.0492438
vn -0.331986 -0.850785 0.407369
vn -0.252035 -0.896789 0.363659
vn -0.924983 -0.378785 -0.0304686
vn -0.897143 -0.434394 -0.080221
vn -0.276857 -0.858433 0.43179
vn -0.283968 -0.812169 0.509651
vn -0.825744 -0.53887 -0.166634
vn -0.781738 -0.590536 -0.20038
vn -0.508188 -0.644275 0.571537
vn -0.567501 -0.604615 0.558912
vn -0.698793 -0.644474 -0.310389
vn 0.213479 0.958275 0.190096
vn -0.759939 -0.450385 0.468665
vn -0.683297 -0.63077 -0.367741
vn 0.140734 0.958178 0.249175
vn 0.141804 0.965564 0.218124
vn 0.156835 0.963916 0.215102
vn 0.144282 0.971777 0.186635
vn 0.58241 0.596703 0.552037
vn 0.595185 0.565692 0.570744
vn 0.58487 0.571204 0.575893
vn 0.599675 0.540187 0.590413
vn 0.130966 0.974467 0.182377
vn 0.143877 0.978468 0.147986
vn 0.629345 0.537444 0.561318
vn 0.643568 0.525315 0.556655
vn 0.162041 0.979867 0.116631
vn 0.18528 0.979494 0.079137
vn 0.709556 0.526713 0.468085
vn 0.743057 0.516238 0.425869
vn 0.258153 0.965678 -0.028686
vn 0.29361 0.953325 -0.0704615
vn 0.808647 0.502147 0.306495
vn 0.82308 0.472455 0.315158
vn 0.336388 0.932262 -0.133154
vn 0.359547 0.916 -0.17796
vn 0.829808 0.455471 0.322436
vn 0.783324 0.447389 0.431563
vn -0.801383 -0.00893784 0.598085
vn 0.425537 0.857409 -0.289427
vn 0.759781 0.455781 0.463678
vn 0.722464 0.456342 0.51942
vn 0.447339 0.84607 -0.28992
vn 0.198531 0.873273 0.444949
vn 0.45096 0.864171 0.223255
vn 0.481516 0.86034 0.167208
vn 0.471674 0.862568 0.183029
vn 0.503516 0.854404 0.128316
vn 0.75016 0.379238 0.5417
vn 0.743208 0.353357 0.568138
vn 0.744612 0.359918 0.56215
vn 0.723583 0.32927 0.606638
vn 0.50817 0.852882 0.119817
vn 0.51705 0.850238 0.0987599
vn 0.741132 0.308316 0.596377
vn 0.748672 0.284838 0.598629
vn 0.562329 0.825806 0.042781
vn 0.608351 0.79348 -0.0172908
vn 0.798902 0.260066 0.542329
vn 0.808861 0.244595 0.534713
vn 0.644995 0.761673 -0.0619318
vn 0.742499 0.65541 -0.138322
vn 0.832506 0.224396 0.506538
vn 0.800042 0.229591 0.554275
vn -0.767295 -0.614172 0.184529
vn 0.877344 0.44303 -0.184371
vn 0.888421 0.424503 -0.174658
vn 0.770617 0.246431 0.587726
vn 0.697301 0.314921 0.643891
vn 0.865811 0.452516 -0.213542
vn 0.830491 0.502034 -0.241345
vn 0.631766 0.505723 0.587466
vn 0.566942 0.609658 0.55398
vn 0.729721 0.603628 -0.321155
vn 0.487489 0.772165 0.407574
vn -0.959818 -0.158559 0.231535
vn -0.966549 -0.160131 0.200355
vn -0.969544 -0.145352 0.197121
vn -0.972589 -0.160004 0.168727
vn -0.757914 0.375996 0.533098
vn -0.732716 0.397892 0.552095
vn -0.734891 0.386431 0.557321
vn -0.710227 0.410217 0.5721
vn -0.970973 -0.173527 0.164619
vn -0.978064 -0.162806 0.129942
vn -0.716166 0.439014 0.542561
vn -0.708912 0.456246 0.537851
vn -0.984314 -0.146406 0.0984473
vn -0.990361 -0.124654 0.0603832
vn -0.728787 0.517813 0.448039
vn -0.728357 0.552571 0.405169
vn -0.997158 -0.0737115 -0.0155802
vn -0.997103 -0.0422583 -0.0632416
vn -0.73264 0.619578 0.281712
vn -0.711252 0.643759 0.282303
vn -0.993589 -0.0093424 -0.112664
vn -0.968141 0.0358545 -0.247824
vn -0.697979 0.660364 0.277027
vn -0.683911 0.632614 0.363408
vn 0.0406853 -0.773126 0.632946
vn -0.905814 0.154179 -0.394626
vn -0.686728 0.616816 0.384633
vn -0.684241 0.595672 0.4207
vn -0.889873 0.222201 -0.398438
vn -0.937512 0.0132027 0.347701
vn -0.91733 0.301528 0.259975
vn -0.921457 0.330975 0.203401
vn -0.921206 0.321297 0.219425
vn -0.921239 0.352761 0.163948
vn -0.476608 0.686345 0.549341
vn -0.448689 0.684512 0.574562
vn -0.455672 0.684644 0.568881
vn -0.41981 0.67018 0.61206
vn -0.920964 0.357335 0.155361
vn -0.920898 0.366018 0.134081
vn -0.402721 0.690795 0.600515
vn -0.380841 0.702285 0.601461
vn -0.907271 0.413582 0.0762174
vn -0.88624 0.46301 0.0141421
vn -0.367803 0.754609 0.543402
vn -0.354725 0.766969 0.534723
vn -0.863351 0.503554 -0.0325234
vn -0.781209 0.614694 -0.108923
vn -0.340874 0.792462 0.505776
vn -0.338234 0.75851 0.55701
vn 0.769601 -0.622634 0.141566
vn -0.596578 0.786443 -0.160003
vn -0.584989 0.796967 -0.150435
vn -0.351756 0.722894 0.59472
vn -0.407871 0.632436 0.658533
vn -0.615035 0.76532 -0.189781
vn -0.665179 0.714805 -0.21585
vn -0.592616 0.524983 0.6109
vn -0.685774 0.436841 0.582137
vn -0.750095 0.592237 -0.294299
vn -0.837853 0.323856 0.439455
vn 0.360415 -0.906633 0.219358
vn 0.361494 -0.913204 0.188096
vn 0.347481 -0.919109 0.185731
vn 0.360757 -0.919432 0.156521
vn -0.185671 -0.813067 0.551768
vn -0.211047 -0.792597 0.572057
vn -0.199103 -0.792386 0.576613
vn -0.226463 -0.772831 0.59283
vn 0.373378 -0.915204 0.151627
vn 0.36231 -0.924607 0.117618
vn -0.255135 -0.784646 0.565011
vn -0.273716 -0.780994 0.561363
vn 0.345419 -0.934428 0.0867749
vn 0.32297 -0.945078 0.0501787
vn -0.33506 -0.81353 0.475294
vn -0.371446 -0.820025 0.435415
vn 0.251313 -0.966762 -0.0470387
vn 0.213925 -0.972656 -0.0904269
vn -0.442479 -0.837924 0.319523
vn -0.468823 -0.818166 0.332881
vn 0.166251 -0.974788 -0.148824
vn 0.110355 -0.970276 -0.215374
vn -0.480657 -0.806836 0.343488
vn -0.434429 -0.780095 0.450248
vn 0.792503 0.294945 0.533804
vn -0.00433461 -0.945119 -0.326697
vn -0.405948 -0.777998 0.479505
vn -0.369224 -0.764073 0.529024
vn -0.0303939 -0.94532 -0.324726
vn 0.271886 -0.8809 0.38742
vn -0.940323 0.13125 0.313954
vn -0.940323 0.13125 0.313954
vn 0.484405 -0.80397 0.344941
vn 0.155209 -0.93547 0.317499
vn 0.155209 -0.93547 0.317499
vn 0.155209 -0.93547 0.317499
vn 0.626045 0.73863 0.249987
vn 0.626045 0.73863 0.249987
vn 0.626045 0.73863 0.249987
vn 0.884376 0.343447 0.316108
vn 0.884376 0.343447 0.316108
vn 0.884376 0.343447 0.316108
vn -0.860174 0.48549 0.156203
vn -0.860174 0.48549 0.156203
vn -0.772655 0.564116 0.291165
vn -0.770555 0.56378 0.297317
vn -0.772667 0.564101 0.291162
vn -0.768496 0.563321 0.303452
vn -0.902658 -0.336955 0.267713
vn -0.897177 -0.337963 0.284348
vn -0.902669 -0.3369 0.267744
vn -0.891376 -0.339069 0.3008
vn -0.761595 0.562084 0.322544
vn -0.756771 0.561047 0.335445
vn -0.885948 -0.339987 0.315443
vn -0.886564 -0.340018 0.313677
vn -0.756854 0.561186 0.335026
vn -0.762074 0.561924 0.32169
vn -0.8894 -0.339399 0.306228
vn -0.891559 -0.338885 0.300464
vn -0.759322 0.561758 0.328417
vn -0.751555 0.560154 0.348413
vn -0.883919 -0.340353 0.320699
vn -0.873398 -0.342331 0.346388
vn -0.735499 0.557354 0.385224
vn -0.727722 0.555637 0.402104
vn -0.862326 -0.344023 0.371541
vn -0.862493 -0.343742 0.371413
vn -0.715876 0.553355 0.425817
vn -0.713419 0.55087 0.433099
vn -0.852596 -0.346002 0.391616
vn -0.842529 -0.346404 0.41249
vn -0.677312 0.546476 0.492557
vn -0.642388 0.540398 0.543422
vn -0.801321 -0.355336 0.481271
vn -0.768303 -0.36088 0.528655
vn -0.603851 0.534131 0.591665
vn -0.604111 0.533766 0.59173
vn -0.732452 -0.366793 0.573565
vn -0.732425 -0.367142 0.573377
vn 0.0507785 -0.958423 0.280798
vn 0.0490107 -0.956588 0.287295
vn 0.0508308 -0.95842 0.280797
vn 0.0473825 -0.954695 0.293789
vn 0.817339 -0.469592 0.333827
vn 0.812682 -0.464651 0.351635
vn 0.817316 -0.469621 0.333843
vn 0.807857 -0.459375 0.369245
vn 0.0417114 -0.948617 0.313666
vn 0.0379273 -0.944258 0.327013
vn 0.802939 -0.454117 0.386093
vn 0.803227 -0.454181 0.385418
vn 0.037953 -0.94441 0.326572
vn 0.0424174 -0.94886 0.312835
vn 0.804839 -0.456047 0.379809
vn 0.806307 -0.457619 0.374772
vn 0.0403987 -0.947157 0.318218
vn 0.0348041 -0.940721 0.337392
vn 0.799749 -0.450565 0.396727
vn 0.791331 -0.441172 0.423277
vn 0.0235015 -0.928484 0.370629
vn 0.0189676 -0.922752 0.384926
vn 0.782113 -0.431413 0.449647
vn 0.782219 -0.431111 0.449752
vn 0.0125903 -0.91536 0.402439
vn 0.0146094 -0.913441 0.406709
vn 0.774535 -0.421951 0.471225
vn 0.766238 -0.412893 0.492339
vn -0.0089223 -0.890538 0.454821
vn -0.0266516 -0.865564 0.500089
vn 0.735616 -0.377728 0.562309
vn 0.71069 -0.350852 0.609773
vn -0.075954 -0.812892 0.577441
vn -0.099377 -0.784146 0.612568
vn 0.660482 -0.293166 0.691243
vn 0.635379 -0.263112 0.725993
vn -0.127193 -0.754294 0.644098
vn -0.126258 -0.754137 0.644466
vn 0.608735 -0.23229 0.758606
vn 0.608535 -0.232469 0.758712
vn -0.308037 -0.898136 0.31379
vn -0.308059 -0.895903 0.320091
vn -0.308027 -0.898141 0.313788
vn -0.307956 -0.893672 0.326364
vn 0.590939 -0.766638 0.251111
vn 0.59104 -0.760992 0.267513
vn 0.590878 -0.766672 0.251154
vn 0.591148 -0.755014 0.28372
vn -0.307902 -0.88642 0.345625
vn -0.307698 -0.881347 0.358537
vn 0.591115 -0.749594 0.297812
vn 0.59124 -0.750319 0.295729
vn -0.307866 -0.881847 0.35716
vn -0.307805 -0.887547 0.342806
vn 0.591102 -0.753925 0.286697
vn 0.591009 -0.756655 0.279611
vn -0.30801 -0.886763 0.344645
vn -0.307837 -0.880384 0.360778
vn 0.591096 -0.750995 0.294301
vn 0.591332 -0.742041 0.315756
vn -0.307763 -0.870458 0.384168
vn -0.307602 -0.867248 0.391487
vn 0.591118 -0.737271 0.327125
vn 0.591239 -0.741581 0.317007
vn -0.307724 -0.868567 0.388456
vn -0.307431 -0.873242 0.378068
vn 0.5911 -0.744306 0.310821
vn 0.591048 -0.742715 0.314701
vn -0.307814 -0.865398 0.395394
vn -0.307664 -0.852393 0.42281
vn 0.591367 -0.730211 0.342164
vn 0.591457 -0.718753 0.365477
vn -0.307631 -0.834481 0.45717
vn -0.307458 -0.830492 0.464492
vn 0.591111 -0.709927 0.382872
vn 0.590694 -0.713197 0.3774
vn -0.307434 -0.819444 0.483732
vn -0.306747 -0.812547 0.495654
vn 0.591183 -0.70331 0.394788
vn 0.590439 -0.690351 0.418088
vn -0.307585 -0.778225 0.547501
vn -0.307506 -0.749363 0.586425
vn 0.591243 -0.656283 0.468747
vn 0.589533 -0.636296 0.497572
vn -0.308012 -0.692896 0.651938
vn -0.307122 -0.666487 0.679316
vn 0.590024 -0.595769 0.544914
vn 0.58621 -0.578172 0.567517
vn -0.308444 -0.58939 0.746647
vn -0.308772 -0.537281 0.78485
vn 0.589311 -0.511 0.625773
vn 0.588569 -0.461946 0.66347
vn -0.30858 -0.482921 0.819491
vn -0.308599 -0.482915 0.819488
vn 0.589752 -0.409852 0.695855
vn 0.588809 -0.409958 0.696591
vn 0.910494 0.383975 0.153503
vn 0.910315 0.382275 0.158718
vn 0.910473 0.384025 0.153503
vn 0.91005 0.380699 0.163944
vn 0.199087 0.935258 0.292672
vn 0.198492 0.92967 0.310347
vn 0.199059 0.935266 0.292664
vn 0.197661 0.92381 0.327881
vn 0.909244 0.374671 0.181375
vn 0.908475 0.370408 0.193574
vn 0.196849 0.918054 0.344134
vn 0.196754 0.918526 0.342925
vn 0.908775 0.371796 0.189461
vn 0.909492 0.377933 0.173181
vn 0.197206 0.921199 0.335414
vn 0.197369 0.923467 0.32902
vn 0.909637 0.377885 0.172521
vn 0.90883 0.372285 0.188234
vn 0.196701 0.916935 0.347187
vn 0.195198 0.907699 0.371457
vn 0.907505 0.363426 0.210609
vn 0.906969 0.360758 0.217396
vn 0.194282 0.900705 0.388568
vn 0.194316 0.903695 0.381545
vn 0.907167 0.362449 0.213727
vn 0.907199 0.368143 0.203618
vn 0.19413 0.902548 0.384345
vn 0.19296 0.898613 0.394031
vn 0.906669 0.360316 0.219372
vn 0.904394 0.348766 0.245834
vn 0.190344 0.879372 0.436432
vn 0.18717 0.8634 0.468516
vn 0.901235 0.329439 0.281506
vn 0.898725 0.326517 0.29271
vn 0.182982 0.838311 0.513568
vn 0.178947 0.830951 0.526781
vn 0.895795 0.30922 0.31927
vn 0.889605 0.304436 0.340474
vn 0.171862 0.792245 0.585501
vn 0.161479 0.760311 0.629167
vn 0.883525 0.257044 0.391552
vn 0.876025 0.223609 0.427293
vn 0.14591 0.670881 0.727069
vn 0.133213 0.6129 0.778851
vn 0.870534 0.182873 0.456867
vn 0.86932 0.184623 0.458473
vn 0.124399 0.550341 0.825621
vn 0.122786 0.55087 0.825509
vn 0.936724 -0.118167 0.329524
vn 0.934419 -0.118397 0.335922
vn 0.936725 -0.118161 0.329522
vn 0.932092 -0.11851 0.342288
vn 0.63584 0.735923 0.232649
vn 0.630154 0.735525 0.248816
vn 0.635891 0.735861 0.232702
vn 0.624143 0.735075 0.264781
vn 0.924641 -0.119145 0.361723
vn 0.919419 -0.119438 0.374705
vn 0.61881 0.734533 0.278453
vn 0.619599 0.734725 0.276182
vn 0.919866 -0.119577 0.373561
vn 0.925584 -0.118994 0.359354
vn 0.623441 0.734947 0.266785
vn 0.626318 0.735104 0.259514
vn 0.924799 -0.119265 0.361279
vn 0.918312 -0.119689 0.37733
vn 0.620785 0.734698 0.273577
vn 0.611833 0.734083 0.294587
vn 0.908403 -0.120556 0.400337
vn 0.905265 -0.120689 0.407345
vn 0.607487 0.73346 0.304954
vn 0.612091 0.734008 0.294238
vn 0.907062 -0.120673 0.403333
vn 0.912002 -0.120008 0.392237
vn 0.615619 0.73417 0.28637
vn 0.614493 0.734026 0.289145
vn 0.905168 -0.120948 0.407483
vn 0.892848 -0.121964 0.433528
vn 0.603314 0.733277 0.313556
vn 0.5928 0.732401 0.334928
vn 0.877091 -0.123462 0.464185
vn 0.874422 -0.123669 0.46914
vn 0.586716 0.731474 0.347435
vn 0.591544 0.731612 0.338851
vn 0.867012 -0.124368 0.482516
vn 0.862256 -0.124574 0.490913
vn 0.585987 0.731343 0.348938
vn 0.575989 0.72994 0.368
vn 0.835112 -0.127629 0.53507
vn 0.81126 -0.13029 0.569985
vn 0.550269 0.728038 0.408858
vn 0.535811 0.72554 0.431855
vn 0.767868 -0.134752 0.626275
vn 0.749055 -0.136892 0.64821
vn 0.509566 0.723067 0.466386
vn 0.500875 0.719401 0.481235
vn 0.692556 -0.142986 0.707051
vn 0.653284 -0.147951 0.742516
vn 0.456601 0.717039 0.52666
vn 0.424878 0.709149 0.56266
vn 0.551978 -0.160099 0.818345
vn 0.488137 -0.167957 0.856454
vn 0.345143 0.703031 0.621791
vn 0.301171 0.69698 0.65078
vn 0.422027 -0.174062 0.889716
vn 0.422028 -0.174061 0.889717
vn 0.253996 0.693702 0.673991
vn 0.254089 0.693029 0.674648
vn -0.566451 0.823484 0.0317459
vn -0.565362 0.824073 0.0356362
vn -0.56649 0.823457 0.031747
vn -0.564389 0.824561 0.0395453
vn -0.96812 0.0352666 0.247992
vn -0.963455 0.0378484 0.265183
vn -0.968127 0.0351824 0.247977
vn -0.958486 0.0402815 0.282281
vn -0.559948 0.826745 0.0543215
vn -0.556615 0.828208 0.0652074
vn -0.953744 0.0425115 0.297597
vn -0.954295 0.0421139 0.295885
vn -0.558764 0.827284 0.0581668
vn -0.564573 0.824399 0.0402941
vn -0.957008 0.0408666 0.287169
vn -0.959149 0.0395751 0.280119
vn -0.565618 0.823875 0.0361502
vn -0.561389 0.826041 0.0499744
vn -0.954048 0.0424542 0.29663
vn -0.946292 0.0460305 0.320019
vn -0.55536 0.828859 0.0675818
vn -0.554004 0.829443 0.0714439
vn -0.941218 0.0484372 0.334308
vn -0.944441 0.0465683 0.325364
vn -0.558246 0.827502 0.0600237
vn -0.564522 0.82419 0.044997
vn -0.945308 0.0462172 0.322888
vn -0.94304 0.0466683 0.32939
vn -0.562661 0.82525 0.0487256
vn -0.555479 0.828755 0.06788
vn -0.930182 0.0533902 0.363196
vn -0.918855 0.0581208 0.390291
vn -0.548145 0.83204 0.0851218
vn -0.55006 0.830888 0.0840221
vn -0.904385 0.0645696 0.421805
vn -0.902126 0.0629104 0.426861
vn -0.551881 0.829851 0.0823039
vn -0.555664 0.827113 0.0843823
vn -0.882112 0.0725708 0.465416
vn -0.862994 0.0764373 0.499398
vn -0.546326 0.83164 0.0995146
vn -0.540509 0.832772 0.119749
vn -0.811666 0.101112 0.575303
vn -0.777557 0.106109 0.619796
vn -0.522693 0.840352 0.143529
vn -0.517804 0.841492 0.15418
vn -0.693978 0.143811 0.705488
vn -0.642603 0.162235 0.748826
vn -0.508784 0.84589 0.160028
vn -0.509045 0.845673 0.160347
vn -0.588811 0.189012 0.78586
vn -0.588847 0.188372 0.785987
vn -0.662251 0.39515 0.636616
vn -0.631492 0.393903 0.667876
vn -0.651273 0.396327 0.647123
vn -0.708299 0.0920086 0.699891
vn -0.732959 -0.215233 0.645327
vn -0.720939 -0.214057 0.65911
vn -0.740066 -0.215121 0.637202
vn -0.690747 0.388778 0.609688
vn -0.698147 0.403413 0.59148
vn -0.748564 -0.220382 0.625366
vn -0.710762 -0.215532 0.6696
vn -0.765497 0.430903 0.477847
vn -0.670551 0.478496 0.566923
vn -0.692841 -0.197045 0.693646
vn -0.626398 -0.163319 0.762203
vn -0.684105 0.520216 0.511249
vn -0.547098 0.566167 0.616554
vn -0.652916 -0.125272 0.746999
vn -0.479154 -0.0850001 0.873605
vn -0.481891 0.592109 0.645901
vn -0.457154 0.2909 0.840469
vn -0.483521 -0.0191646 0.875123
vn -0.308058 0.554457 0.773096
vn -0.502602 0.25973 0.824579
vn -0.687561 -0.0709313 0.722654
vn -0.298684 0.482866 0.823182
vn -0.510282 0.157642 0.845435
vn -0.675097 -0.203908 0.708989
vn -0.316772 0.37342 0.871902
vn -0.436029 -0.00488406 0.899919
vn -0.754549 -0.302243 0.582498
vn -0.30325 0.343062 0.889015
vn -0.0961055 -0.237582 0.966601
vn -0.0297358 -0.665782 0.745554
vn -0.00078651 -0.695333 0.718687
vn -0.0273594 -0.66751 0.744098
vn -0.00925108 -0.702229 0.711891
vn 0.457433 -0.304147 0.835613
vn 0.454407 -0.299552 0.838918
vn 0.459887 -0.305809 0.833658
vn 0.4016 -0.26473 0.876718
vn 0.0393757 -0.758635 0.650325
vn -0.0123232 -0.749247 0.662176
vn 0.395153 -0.276158 0.876122
vn 0.340758 -0.266148 0.901693
vn -0.0526734 -0.733943 0.677165
vn 0.139779 -0.534086 0.833795
vn 0.404823 -0.369764 0.836297
vn -0.158825 -0.608976 0.777125
vn 0.152713 -0.50915 0.847021
vn 0.442883 -0.355875 0.822927
vn -0.113501 -0.616479 0.779148
vn -0.156482 -0.615988 0.772057
vn 0.380714 -0.262135 0.886759
vn 0.281673 -0.157631 0.946474
vn -0.171626 -0.636848 0.751644
vn -0.0117952 -0.231606 0.972738
vn 0.213483 -0.207679 0.954618
vn -0.577986 0.375533 0.724505
vn -0.39976 -0.0022508 0.916617
vn -0.00739171 -0.173638 0.984782
vn 0.324984 -0.0859001 0.94181
vn -0.325722 -0.0436034 0.94446
vn -0.335427 -0.0248323 0.941739
vn 0.265003 0.114038 0.95748
vn 0.258021 0.129379 0.957437
vn -0.339325 -0.00741664 0.94064
vn 0.253326 0.15296 0.955212
vn -0.156478 -0.469306 0.86906
vn -0.161305 -0.430112 0.888248
vn -0.159806 -0.455926 0.875553
vn 0.151613 -0.419931 0.894803
vn 0.449498 -0.391413 0.802961
vn 0.446126 -0.375939 0.812183
vn 0.450672 -0.400571 0.797771
vn -0.144675 -0.503008 0.852087
vn -0.158089 -0.51901 0.840022
vn 0.457144 -0.410931 0.788768
vn 0.445737 -0.362476 0.818492
vn -0.174908 -0.623321 0.762153
vn -0.239607 -0.514254 0.823487
vn 0.424858 -0.340319 0.838856
vn 0.380063 -0.262597 0.886902
vn -0.279968 -0.550712 0.786342
vn -0.352332 -0.396634 0.84767
vn 0.349719 -0.295173 0.88914
vn 0.27637 -0.103601 0.955451
vn -0.392202 -0.324122 0.860885
vn -0.0930557 -0.163998 0.982062
vn 0.212257 -0.103212 0.971748
vn -0.392151 -0.0941085 0.915075
vn -0.0554664 -0.184284 0.981307
vn 0.296988 -0.313453 0.901967
vn -0.32282 -0.0345973 0.945828
vn 0.043856 -0.150636 0.987616
vn 0.414669 -0.272894 0.868089
vn -0.209895 0.000834125 0.977724
vn 0.18561 -0.0246383 0.982315
vn 0.51186 -0.366579 0.776929
vn -0.182603 0.0304899 0.982714
vn 0.343923 0.34214 0.874447
vn 0.776928 0.209969 0.593546
vn 0.781641 0.252851 0.570179
vn 0.776923 0.213059 0.592449
vn 0.789554 0.249964 0.560466
vn 0.271346 0.433515 0.859323
vn 0.269704 0.428189 0.862504
vn 0.271117 0.436706 0.857778
vn 0.274343 0.360006 0.891701
vn 0.798874 0.32578 0.505636
vn 0.817548 0.275878 0.505477
vn 0.286799 0.36028 0.887662
vn 0.310231 0.303667 0.900857
vn 0.827339 0.234902 0.510226
vn 0.611769 0.279402 0.74005
vn 0.350168 0.423987 0.835235
vn 0.800294 0.0782407 0.594481
vn 0.589942 0.282506 0.756412
vn 0.317005 0.454741 0.832297
vn 0.783763 0.12001 0.609354
vn 0.802946 0.0874618 0.5896
vn 0.28624 0.340597 0.895578
vn 0.266282 0.188422 0.945299
vn 0.821402 0.0883796 0.563461
vn 0.479847 -0.0144394 0.877233
vn 0.340393 0.166858 0.92536
vn 0.260965 -0.753895 0.602943
vn 0.498179 -0.430258 0.752792
vn 0.442652 -0.032215 0.896114
vn 0.185586 0.192458 0.963596
vn 0.500915 -0.353405 0.790056
vn 0.493209 -0.368509 0.788001
vn 0.0608009 0.0162096 0.998018
vn 0.0522663 0.00164389 0.998632
vn 0.485733 -0.377346 0.788463
vn 0.0337468 -0.0189544 0.999251
vn 0.386041 -0.0216828 0.922227
vn 0.345741 -0.0297104 0.93786
vn 0.3725 -0.0260867 0.927665
vn 0.29895 0.278894 0.912605
vn 0.246583 0.561927 0.789579
vn 0.230683 0.557451 0.797517
vn 0.255954 0.563752 0.785284
vn 0.420777 -0.00719052 0.907136
vn 0.439377 -0.0195216 0.898091
vn 0.266463 0.570671 0.776744
vn 0.21711 0.556099 0.802258
vn 0.555024 -0.0300251 0.831293
vn 0.446512 -0.102563 0.88888
vn 0.195645 0.53448 0.822225
vn 0.119464 0.485227 0.866189
vn 0.491128 -0.141748 0.859477
vn 0.336349 -0.227149 0.913932
vn 0.154471 0.459368 0.874711
vn -0.0295582 0.371895 0.927804
vn 0.26491 -0.273791 0.924587
vn 0.0619742 0.015404 0.997959
vn -0.0289794 0.308266 0.950859
vn 0.0235885 -0.29543 0.955073
vn 0.0719729 0.0525887 0.996019
vn 0.172671 0.405064 0.897835
vn -0.0500846 -0.23026 0.971839
vn 0.0296618 0.147845 0.988566
vn 0.13018 0.51263 0.848684
vn -0.0983001 -0.117878 0.988151
vn -0.103487 0.276863 0.955321
vn 0.223972 0.606823 0.762629
vn -0.129878 -0.0919383 0.987258
vn -0.460639 0.397176 0.793765
vn -0.549993 0.780655 0.296791
vn -0.588719 0.760031 0.275251
vn -0.55272 0.779065 0.295902
vn -0.588158 0.764692 0.26328
vn -0.586888 0.348723 0.730722
vn -0.581682 0.350483 0.734035
vn -0.589576 0.346751 0.729496
vn -0.523195 0.391526 0.756951
vn -0.655214 0.724914 0.212589
vn -0.617237 0.76005 0.203327
vn -0.52811 0.400566 0.748763
vn -0.48506 0.448554 0.750678
vn -0.58811 0.783715 0.199793
vn -0.569266 0.659103 0.491446
vn -0.611359 0.407717 0.678238
vn -0.456856 0.846592 0.273065
vn -0.577607 0.639326 0.507575
vn -0.635254 0.360333 0.683091
vn -0.502016 0.814728 0.290169
vn -0.483732 0.835983 0.259107
vn -0.528381 0.405033 0.746165
vn -0.386723 0.476306 0.789669
vn -0.494983 0.839155 0.225411
vn -0.303533 0.714982 0.629816
vn -0.417891 0.529898 0.737953
vn 0.428842 0.809094 0.401821
vn 0.0295173 0.883668 0.467184
vn -0.305991 0.697664 0.647792
vn -0.393652 0.408293 0.823611
vn -0.0576721 0.864713 0.498945
vn -0.04531 0.866057 0.497888
vn -0.184269 0.413837 0.891507
vn -0.16941 0.414916 0.893949
vn -0.0458006 0.866096 0.497775
vn -0.145448 0.412273 0.899375
# 3599 normals
usemtl Stalk2
f  1/1/1 4/2/2 2/3/3
f  2/3/3 4/2/2 5/4/4
f  2/3/5 5/4/6 3/5/7
f  3/5/7 5/4/6 6/6/8
f  4/2/2 7/7/9 5/4/4
f  5/4/4 7/7/9 8/8/10
f  5/4/6 8/8/11 6/6/8
f  6/6/8 8/8/11 9/9/12
f  7/7/9 10/10/13 8/8/10
f  8/8/10 10/10/13 11/11/14
f  8/8/11 11/11/15 9/9/12
f  9/9/12 11/11/15 12/12/16
f  10/10/13 13/13/17 11/11/14
f  11/11/14 13/13/17 14/14/18
f  11/11/15 14/14/19 12/12/16
f  12/12/16 14/14/19 15/15/20
f  13/13/17 16/16/21 14/14/18
f  14/14/18 16/16/21 17/17/22
f  14/14/19 17/17/23 15/15/20
f  15/15/20 17/17/23 18/18/24
f  16/16/21 19/19/25 17/17/22
f  17/17/22 19/19/25 20/20/26
f  17/17/23 20/20/27 18/18/24
f  18/18/24 20/20/27 21/21/28
f  19/19/25 22/22/29 20/20/26
f  20/20/26 22/22/29 23/23/30
f  20/20/27 23/23/31 21/21/28
f  21/21/28 23/23/31 24/24/32
f  25/1/33 28/2/34 26/3/35
f  26/3/35 28/2/34 29/4/36
f  26/3/37 29/4/38 27/5/39
f  27/5/39 29/4/38 30/6/40
f  28/2/34 31/7/41 29/4/36
f  29/4/36 31/7/41 32/8/42
f  29/4/38 32/8/43 30/6/40
f  30/6/40 32/8/43 33/9/44
f  31/7/41 34/10/45 32/8/42
f  32/8/42 34/10/45 35/11/46
f  32/8/43 35/11/47 33/9/44
f  33/9/44 35/11/47 36/12/48
f  34/10/45 37/13/49 35/11/46
f  35/11/46 37/13/49 38/14/50
f  35/11/47 38/14/51 36/12/48
f  36/12/48 38/14/51 39/15/52
f  37/13/49 40/16/53 38/14/50
f  38/14/50 40/16/53 41/17/54
f  38/14/51 41/17/55 39/15/52
f  39/15/52 41/17/55 42/18/56
f  40/16/53 43/19/57 41/17/54
f  41/17/54 43/19/57 44/20/58
f  41/17/55 44/20/59 42/18/56
f  42/18/56 44/20/59 45/21/60
f  43/19/57 46/22/61 44/20/58
f  44/20/58 46/22/61 47/23/62
f  44/20/59 47/23/63 45/21/60
f  45/21/60 47/23/63 48/24/64
usemtl Leaf3
f  49/1/65 52/25/66 50/3/67
f  50/3/67 52/25/66 53/26/68
f  50/3/67 53/26/68 51/5/69
f  51/5/69 53/26/68 54/27/70
f  52/25/66 55/28/71 53/26/68
f  53/26/68 55/28/71 56/29/72
f  53/26/68 56/29/72 54/27/70
f  54/27/70 56/29/72 57/30/73
f  55/28/71 58/31/74 56/29/72
f  56/29/72 58/31/74 59/32/75
f  56/29/72 59/32/75 57/30/73
f  57/30/73 59/32/75 60/33/76
f  58/31/74 61/34/77 59/32/75
f  59/32/75 61/34/77 62/35/78
f  59/32/75 62/35/78 60/33/76
f  60/33/76 62/35/78 63/36/79
f  61/34/77 64/37/80 62/35/78
f  62/35/78 64/37/80 65/38/81
f  62/35/78 65/38/81 63/36/79
f  63/36/79 65/38/81 66/39/82
f  64/37/80 67/40/83 65/38/81
f  65/38/81 67/40/83 68/41/84
f  65/38/81 68/41/84 66/39/82
f  66/39/82 68/41/84 69/42/85
f  67/40/83 70/43/86 68/41/84
f  68/41/84 70/43/86 71/44/87
f  68/41/84 71/44/87 69/42/85
f  69/42/85 71/44/87 72/45/88
f  70/43/86 73/46/89 71/44/87
f  71/44/87 73/46/89 74/47/90
f  71/44/87 74/47/90 72/45/88
f  72/45/88 74/47/90 75/48/91
f  73/46/89 76/14/92 74/47/90
f  74/47/90 76/14/92 75/48/93
f  77/1/94 80/25/95 78/3/96
f  78/3/96 80/25/95 81/26/97
f  78/3/96 81/26/97 79/5/98
f  79/5/98 81/26/97 82/27/99
f  80/25/95 83/28/100 81/26/97
f  81/26/97 83/28/100 84/29/101
f  81/26/97 84/29/101 82/27/99
f  82/27/99 84/29/101 85/30/102
f  83/28/100 86/31/103 84/29/101
f  84/29/101 86/31/103 87/32/104
f  84/29/101 87/32/104 85/30/102
f  85/30/102 87/32/104 88/33/105
f  86/31/103 89/34/106 87/32/104
f  87/32/104 89/34/106 90/35/107
f  87/32/104 90/35/107 88/33/105
f  88/33/105 90/35/107 91/36/108
f  89/34/106 92/37/109 90/35/107
f  90/35/107 92/37/109 93/38/110
f  90/35/107 93/38/110 91/36/108
f  91/36/108 93/38/110 94/39/111
f  92/37/109 95/40/112 93/38/110
f  93/38/110 95/40/112 96/41/113
f  93/38/110 96/41/113 94/39/111
f  94/39/111 96/41/113 97/42/114
f  95/40/115 98/43/116 96/41/115
f  96/41/113 98/43/116 99/44/117
f  96/41/113 99/44/117 97/42/114
f  97/42/114 99/44/117 100/45/118
f  98/43/116 101/46/119 99/44/117
f  99/44/117 101/46/119 102/47/120
f  99/44/117 102/47/120 100/45/118
f  100/45/118 102/47/120 103/48/121
f  101/46/119 104/14/122 102/47/120
f  102/47/120 104/14/122 103/48/121
usemtl Stalk2
f  105/1/123 107/2/124 2/3/5
f  2/3/5 107/2/124 108/4/125
f  2/3/126 108/4/127 106/5/128
f  106/5/128 108/4/127 109/6/129
f  107/2/124 110/7/130 108/4/125
f  108/4/125 110/7/130 111/8/131
f  108/4/127 111/8/132 109/6/129
f  109/6/129 111/8/132 112/9/133
f  110/7/130 113/10/134 111/8/131
f  111/8/131 113/10/134 114/11/135
f  111/8/132 114/11/136 112/9/133
f  112/9/133 114/11/136 115/12/137
f  113/10/134 116/13/138 114/11/135
f  114/11/135 116/13/138 117/14/139
f  114/11/136 117/14/140 115/12/137
f  115/12/137 117/14/140 118/15/141
f  116/13/138 119/16/142 117/14/139
f  117/14/139 119/16/142 120/17/143
f  117/14/140 120/17/144 118/15/141
f  118/15/141 120/17/144 121/18/145
f  119/16/142 122/19/146 120/17/143
f  120/17/143 122/19/146 123/20/147
f  120/17/144 123/20/148 121/18/145
f  121/18/145 123/20/148 124/21/149
f  122/19/146 125/22/150 123/20/147
f  123/20/147 125/22/150 126/23/151
f  123/20/148 126/23/152 124/21/149
f  124/21/149 126/23/152 127/24/153
f  125/22/150 128/49/154 126/23/151
f  126/23/151 128/49/154 129/50/155
f  126/23/152 129/50/156 127/24/153
f  127/24/153 129/50/156 130/51/157
f  131/1/158 133/2/159 26/3/37
f  26/3/37 133/2/159 134/4/160
f  26/3/161 134/4/162 132/5/163
f  132/5/163 134/4/162 135/6/164
f  133/2/159 136/7/165 134/4/160
f  134/4/160 136/7/165 137/8/166
f  134/4/162 137/8/167 135/6/164
f  135/6/164 137/8/167 138/9/168
f  136/7/165 139/10/169 137/8/166
f  137/8/166 139/10/169 140/11/170
f  137/8/167 140/11/171 138/9/168
f  138/9/168 140/11/171 141/12/172
f  139/10/169 142/13/173 140/11/170
f  140/11/170 142/13/173 143/14/174
f  140/11/171 143/14/175 141/12/172
f  141/12/172 143/14/175 144/15/176
f  142/13/173 145/16/177 143/14/174
f  143/14/174 145/16/177 146/17/178
f  143/14/175 146/17/179 144/15/176
f  144/15/176 146/17/179 147/18/180
f  145/16/177 148/19/181 146/17/178
f  146/17/178 148/19/181 149/20/182
f  146/17/179 149/20/183 147/18/180
f  147/18/180 149/20/183 150/21/184
f  148/19/181 151/22/185 149/20/182
f  149/20/182 151/22/185 152/23/186
f  149/20/183 152/23/187 150/21/184
f  150/21/184 152/23/187 153/24/188
f  151/22/185 154/49/189 152/23/186
f  152/23/186 154/49/189 155/50/190
f  152/23/187 155/50/191 153/24/188
f  153/24/188 155/50/191 156/51/192
usemtl Leaf3
f  157/1/193 160/25/194 158/3/195
f  158/3/195 160/25/194 161/26/196
f  158/3/195 161/26/196 159/5/197
f  159/5/197 161/26/196 162/27/198
f  160/25/194 163/28/199 161/26/196
f  161/26/196 163/28/199 164/29/200
f  161/26/196 164/29/200 162/27/198
f  162/27/198 164/29/200 165/30/201
f  163/28/199 166/31/202 164/29/200
f  164/29/200 166/31/202 167/32/203
f  164/29/200 167/32/203 165/30/201
f  165/30/201 167/32/203 168/33/204
f  166/31/202 169/34/205 167/32/203
f  167/32/203 169/34/205 170/35/206
f  167/32/203 170/35/206 168/33/204
f  168/33/204 170/35/206 171/36/207
f  169/34/205 172/37/208 170/35/206
f  170/35/206 172/37/208 173/38/209
f  170/35/206 173/38/209 171/36/207
f  171/36/207 173/38/209 174/39/210
f  172/37/208 175/40/211 173/38/209
f  173/38/209 175/40/211 176/41/212
f  173/38/209 176/41/212 174/39/210
f  174/39/210 176/41/212 177/42/213
f  175/40/211 178/43/214 176/41/212
f  176/41/212 178/43/214 179/44/215
f  176/41/212 179/44/215 177/42/213
f  177/42/213 179/44/215 180/45/216
f  178/43/214 181/46/217 179/44/215
f  179/44/215 181/46/217 182/47/218
f  179/44/215 182/47/218 180/45/216
f  180/45/216 182/47/218 183/48/219
f  181/46/217 184/14/220 182/47/218
f  182/47/218 184/14/220 183/48/221
f  185/1/222 188/25/223 186/3/224
f  186/3/224 188/25/223 189/26/225
f  186/3/224 189/26/225 187/5/226
f  187/5/226 189/26/225 190/27/227
f  188/25/223 191/28/228 189/26/225
f  189/26/225 191/28/228 192/29/229
f  189/26/225 192/29/229 190/27/227
f  190/27/227 192/29/229 193/30/230
f  191/28/228 194/31/231 192/29/229
f  192/29/229 194/31/231 195/32/232
f  192/29/229 195/32/232 193/30/230
f  193/30/230 195/32/232 196/33/233
f  194/31/231 197/34/234 195/32/232
f  195/32/232 197/34/234 198/35/235
f  195/32/232 198/35/235 196/33/233
f  196/33/233 198/35/235 199/36/236
f  197/34/234 200/37/237 198/35/235
f  198/35/235 200/37/237 201/38/238
f  198/35/235 201/38/238 199/36/236
f  199/36/236 201/38/238 202/39/239
f  200/37/237 203/40/240 201/38/238
f  201/38/238 203/40/240 204/41/241
f  201/38/238 204/41/241 202/39/239
f  202/39/239 204/41/241 205/42/242
f  203/40/243 206/43/244 204/41/243
f  204/41/241 206/43/244 207/44/245
f  204/41/241 207/44/245 205/42/242
f  205/42/242 207/44/245 208/45/246
f  206/43/244 209/46/247 207/44/245
f  207/44/245 209/46/247 210/47/248
f  207/44/245 210/47/248 208/45/246
f  208/45/246 210/47/248 211/48/249
f  209/46/247 212/14/250 210/47/248
f  210/47/248 212/14/250 211/48/249
usemtl Stalk2
f  213/1/251 216/52/252 214/53/253
f  213/5/254 218/54/255 216/55/256
f  214/53/253 216/52/252 217/56/257
f  214/53/258 217/56/259 215/57/260
f  215/57/260 217/56/259 218/54/261
f  215/57/262 218/54/255 213/5/254
f  216/52/252 219/58/263 217/56/257
f  216/55/256 221/59/264 219/60/265
f  217/56/257 219/58/263 220/61/266
f  217/56/259 220/61/267 218/54/261
f  218/54/261 220/61/267 221/59/268
f  218/54/255 221/59/264 216/55/256
f  219/58/263 222/62/269 220/61/266
f  219/60/265 224/63/270 222/64/271
f  220/61/266 222/62/269 223/65/272
f  220/61/267 223/65/273 221/59/268
f  221/59/268 223/65/273 224/63/274
f  221/59/264 224/63/270 219/60/265
f  222/62/269 225/66/275 223/65/272
f  222/64/271 227/67/276 225/68/277
f  223/65/272 225/66/275 226/69/278
f  223/65/273 226/69/279 224/63/274
f  224/63/274 226/69/279 227/67/280
f  224/63/270 227/67/276 222/64/271
f  225/66/275 228/13/281 226/69/278
f  225/68/277 230/70/282 228/15/283
f  226/69/278 228/13/281 229/71/284
f  226/69/279 229/71/285 227/67/280
f  227/67/280 229/71/285 230/70/286
f  227/67/276 230/70/282 225/68/277
f  228/13/281 231/72/287 229/71/284
f  228/15/283 233/73/288 231/74/289
f  229/71/284 231/72/287 232/75/290
f  229/71/285 232/75/291 230/70/286
f  230/70/286 232/75/291 233/73/292
f  230/70/282 233/73/288 228/15/283
f  231/72/287 234/76/293 232/75/290
f  231/74/289 236/77/294 234/78/295
f  232/75/290 234/76/293 235/79/296
f  232/75/291 235/79/297 233/73/292
f  233/73/292 235/79/297 236/77/298
f  233/73/288 236/77/294 231/74/289
f  234/76/293 237/80/299 235/79/296
f  234/78/295 239/81/300 237/82/301
f  235/79/296 237/80/299 238/83/302
f  235/79/297 238/83/303 236/77/298
f  236/77/298 238/83/303 239/81/304
f  236/77/294 239/81/300 234/78/295
f  237/80/299 240/84/305 238/83/302
f  237/82/301 242/85/306 240/86/307
f  238/83/302 240/84/305 241/87/308
f  238/83/303 241/87/309 239/81/304
f  239/81/304 241/87/309 242/85/310
f  239/81/300 242/85/306 237/82/301
f  240/84/305 243/49/311 241/87/308
f  240/86/307 245/88/312 243/51/313
f  241/87/308 243/49/311 244/89/314
f  241/87/309 244/89/315 242/85/310
f  242/85/310 244/89/315 245/88/316
f  242/85/306 245/88/312 240/86/307
f  243/49/311 246/90/317 244/89/314
f  243/51/313 248/91/318 246/92/319
f  244/89/314 246/90/317 247/93/320
f  244/89/315 247/93/321 245/88/316
f  245/88/316 247/93/321 248/91/322
f  245/88/312 248/91/318 243/51/313
f  246/90/317 249/94/323 247/93/320
f  246/92/319 251/95/324 249/96/325
f  247/93/320 249/94/323 250/97/326
f  247/93/321 250/97/327 248/91/322
f  248/91/322 250/97/327 251/95/328
f  248/91/318 251/95/324 246/92/319
f  249/94/323 252/98/329 250/97/326
f  249/96/325 254/99/330 252/100/331
f  250/97/326 252/98/329 253/101/332
f  250/97/327 253/101/333 251/95/328
f  251/95/328 253/101/333 254/99/334
f  251/95/324 254/99/330 249/96/325
f  255/1/335 258/52/336 256/53/337
f  255/5/338 260/54/339 258/55/340
f  256/53/337 258/52/336 259/56/341
f  256/53/342 259/56/343 257/57/344
f  257/57/344 259/56/343 260/54/345
f  257/57/346 260/54/339 255/5/338
f  258/52/336 261/58/347 259/56/341
f  258/55/340 263/59/348 261/60/349
f  259/56/341 261/58/347 262/61/350
f  259/56/343 262/61/351 260/54/345
f  260/54/345 262/61/351 263/59/352
f  260/54/339 263/59/348 258/55/340
f  261/58/347 264/62/353 262/61/350
f  261/60/349 266/63/354 264/64/355
f  262/61/350 264/62/353 265/65/356
f  262/61/351 265/65/357 263/59/352
f  263/59/352 265/65/357 266/63/358
f  263/59/348 266/63/354 261/60/349
f  264/62/353 267/66/359 265/65/356
f  264/64/355 269/67/360 267/68/361
f  265/65/356 267/66/359 268/69/362
f  265/65/357 268/69/363 266/63/358
f  266/63/358 268/69/363 269/67/364
f  266/63/354 269/67/360 264/64/355
f  267/66/359 270/13/365 268/69/362
f  267/68/361 272/70/366 270/15/367
f  268/69/362 270/13/365 271/71/368
f  268/69/363 271/71/369 269/67/364
f  269/67/364 271/71/369 272/70/370
f  269/67/360 272/70/366 267/68/361
f  270/13/365 273/72/371 271/71/368
f  270/15/367 275/73/372 273/74/373
f  271/71/368 273/72/371 274/75/374
f  271/71/369 274/75/375 272/70/370
f  272/70/370 274/75/375 275/73/376
f  272/70/366 275/73/372 270/15/367
f  273/72/371 276/76/377 274/75/374
f  273/74/373 278/77/378 276/78/379
f  274/75/374 276/76/377 277/79/380
f  274/75/375 277/79/381 275/73/376
f  275/73/376 277/79/381 278/77/382
f  275/73/372 278/77/378 273/74/373
f  276/76/377 279/80/383 277/79/380
f  276/78/379 281/81/384 279/82/385
f  277/79/380 279/80/383 280/83/386
f  277/79/381 280/83/387 278/77/382
f  278/77/382 280/83/387 281/81/388
f  278/77/378 281/81/384 276/78/379
f  279/80/383 282/84/389 280/83/386
f  279/82/385 284/85/390 282/86/391
f  280/83/386 282/84/389 283/87/392
f  280/83/387 283/87/393 281/81/388
f  281/81/388 283/87/393 284/85/394
f  281/81/384 284/85/390 279/82/385
f  282/84/389 285/49/395 283/87/392
f  282/86/391 287/88/396 285/51/397
f  283/87/392 285/49/395 286/89/398
f  283/87/393 286/89/399 284/85/394
f  284/85/394 286/89/399 287/88/400
f  284/85/390 287/88/396 282/86/391
f  285/49/395 288/90/401 286/89/398
f  285/51/397 290/91/402 288/92/403
f  286/89/398 288/90/401 289/93/404
f  286/89/399 289/93/405 287/88/400
f  287/88/400 289/93/405 290/91/406
f  287/88/396 290/91/402 285/51/397
f  288/90/401 291/94/407 289/93/404
f  288/92/403 293/95/408 291/96/409
f  289/93/404 291/94/407 292/97/410
f  289/93/405 292/97/411 290/91/406
f  290/91/406 292/97/411 293/95/412
f  290/91/402 293/95/408 288/92/403
f  291/94/407 294/98/413 292/97/410
f  291/96/409 296/99/414 294/100/415
f  292/97/410 294/98/413 295/101/416
f  292/97/411 295/101/417 293/95/412
f  293/95/412 295/101/417 296/99/418
f  293/95/408 296/99/414 291/96/409
f  294/98/413 297/102/419 295/101/416
f  294/100/415 299/103/420 297/104/421
f  295/101/416 297/102/419 298/105/422
f  295/101/417 298/105/423 296/99/418
f  296/99/418 298/105/423 299/103/424
f  296/99/414 299/103/420 294/100/415
f  297/102/419 300/106/425 298/105/422
f  297/104/421 302/107/426 300/108/427
f  298/105/422 300/106/425 301/109/428
f  298/105/423 301/109/429 299/103/424
f  299/103/424 301/109/429 302/107/430
f  299/103/420 302/107/426 297/104/421
f  300/106/425 303/110/431 301/109/428
f  300/108/427 305/111/432 303/112/433
f  301/109/428 303/110/431 304/113/434
f  301/109/429 304/113/435 302/107/430
f  302/107/430 304/113/435 305/111/436
f  302/107/426 305/111/432 300/108/427
f  303/110/431 306/114/437 304/113/434
f  303/112/433 308/115/438 306/116/439
f  304/113/434 306/114/437 307/117/440
f  304/113/435 307/117/441 305/111/436
f  305/111/436 307/117/441 308/115/442
f  305/111/432 308/115/438 303/112/433
f  309/1/443 312/52/444 310/53/445
f  309/5/446 314/54/447 312/55/448
f  310/53/445 312/52/444 313/56/449
f  310/53/450 313/56/451 311/57/452
f  311/57/452 313/56/451 314/54/453
f  311/57/454 314/54/447 309/5/446
f  312/52/444 315/58/455 313/56/449
f  312/55/448 317/59/456 315/60/457
f  313/56/449 315/58/455 316/61/458
f  313/56/451 316/61/459 314/54/453
f  314/54/453 316/61/459 317/59/460
f  314/54/447 317/59/456 312/55/448
f  315/58/455 318/62/461 316/61/458
f  315/60/457 320/63/462 318/64/463
f  316/61/458 318/62/461 319/65/464
f  316/61/459 319/65/465 317/59/460
f  317/59/460 319/65/465 320/63/466
f  317/59/456 320/63/462 315/60/457
f  318/62/461 321/66/467 319/65/464
f  318/64/463 323/67/468 321/68/469
f  319/65/464 321/66/467 322/69/470
f  319/65/465 322/69/471 320/63/466
f  320/63/466 322/69/471 323/67/472
f  320/63/462 323/67/468 318/64/463
f  321/66/467 324/13/473 322/69/470
f  321/68/469 326/70/474 324/15/475
f  322/69/470 324/13/473 325/71/476
f  322/69/471 325/71/477 323/67/472
f  323/67/472 325/71/477 326/70/478
f  323/67/468 326/70/474 321/68/469
f  324/13/473 327/72/479 325/71/476
f  324/15/475 329/73/480 327/74/481
f  325/71/476 327/72/479 328/75/482
f  325/71/477 328/75/483 326/70/478
f  326/70/478 328/75/483 329/73/484
f  326/70/474 329/73/480 324/15/475
f  327/72/479 330/76/485 328/75/482
f  327/74/481 332/77/486 330/78/487
f  328/75/482 330/76/485 331/79/488
f  328/75/483 331/79/489 329/73/484
f  329/73/484 331/79/489 332/77/490
f  329/73/480 332/77/486 327/74/481
f  330/76/485 333/80/491 331/79/488
f  330/78/487 335/81/492 333/82/493
f  331/79/488 333/80/491 334/83/494
f  331/79/489 334/83/495 332/77/490
f  332/77/490 334/83/495 335/81/496
f  332/77/486 335/81/492 330/78/487
f  333/80/491 336/84/497 334/83/494
f  333/82/493 338/85/498 336/86/499
f  334/83/494 336/84/497 337/87/500
f  334/83/495 337/87/501 335/81/496
f  335/81/496 337/87/501 338/85/502
f  335/81/492 338/85/498 333/82/493
f  336/84/497 339/49/503 337/87/500
f  336/86/499 341/88/504 339/51/505
f  337/87/500 339/49/503 340/89/506
f  337/87/501 340/89/507 338/85/502
f  338/85/502 340/89/507 341/88/508
f  338/85/498 341/88/504 336/86/499
f  339/49/503 342/90/509 340/89/506
f  339/51/505 344/91/510 342/92/511
f  340/89/506 342/90/509 343/93/512
f  340/89/507 343/93/513 341/88/508
f  341/88/508 343/93/513 344/91/514
f  341/88/504 344/91/510 339/51/505
f  342/90/509 345/94/515 343/93/512
f  342/92/511 347/95/516 345/96/517
f  343/93/512 345/94/515 346/97/518
f  343/93/513 346/97/519 344/91/514
f  344/91/514 346/97/519 347/95/520
f  344/91/510 347/95/516 342/92/511
f  345/94/515 348/98/521 346/97/518
f  345/96/517 350/99/522 348/100/523
f  346/97/518 348/98/521 349/101/524
f  346/97/519 349/101/525 347/95/520
f  347/95/520 349/101/525 350/99/526
f  347/95/516 350/99/522 345/96/517
f  348/98/521 351/102/527 349/101/524
f  348/100/523 353/103/528 351/104/529
f  349/101/524 351/102/527 352/105/530
f  349/101/525 352/105/531 350/99/526
f  350/99/526 352/105/531 353/103/532
f  350/99/522 353/103/528 348/100/523
f  351/102/527 354/106/533 352/105/530
f  351/104/529 356/107/534 354/108/535
f  352/105/530 354/106/533 355/109/536
f  352/105/531 355/109/537 353/103/532
f  353/103/532 355/109/537 356/107/538
f  353/103/528 356/107/534 351/104/529
f  354/106/533 357/110/539 355/109/536
f  354/108/535 359/111/540 357/112/541
f  355/109/536 357/110/539 358/113/542
f  355/109/537 358/113/543 356/107/538
f  356/107/538 358/113/543 359/111/544
f  356/107/534 359/111/540 354/108/535
f  357/110/539 360/114/545 358/113/542
f  357/112/541 362/115/546 360/116/547
f  358/113/542 360/114/545 361/117/548
f  358/113/543 361/117/549 359/111/544
f  359/111/544 361/117/549 362/115/550
f  359/111/540 362/115/546 357/112/541
f  360/114/545 363/118/551 361/117/548
f  360/116/547 365/119/552 363/120/553
f  361/117/548 363/118/551 364/121/554
f  361/117/549 364/121/555 362/115/550
f  362/115/550 364/121/555 365/119/556
f  362/115/546 365/119/552 360/116/547
f  252/98/329 366/102/557 253/101/332
f  252/100/331 368/103/558 366/104/559
f  253/101/332 366/102/557 367/105/560
f  253/101/333 367/105/561 254/99/334
f  254/99/334 367/105/561 368/103/562
f  254/99/330 368/103/558 252/100/331
f  366/102/557 369/106/563 367/105/560
f  366/104/559 371/107/564 369/108/565
f  367/105/560 369/106/563 370/109/566
f  367/105/561 370/109/567 368/103/562
f  368/103/562 370/109/567 371/107/568
f  368/103/558 371/107/564 366/104/559
f  369/106/563 372/110/569 370/109/566
f  369/108/565 374/111/570 372/112/571
f  370/109/566 372/110/569 373/113/572
f  370/109/567 373/113/573 371/107/568
f  371/107/568 373/113/573 374/111/574
f  371/107/564 374/111/570 369/108/565
f  372/110/569 375/114/575 373/113/572
f  372/112/571 377/115/576 375/116/577
f  373/113/572 375/114/575 376/117/578
f  373/113/573 376/117/579 374/111/574
f  374/111/574 376/117/579 377/115/580
f  374/111/570 377/115/576 372/112/571
f  375/114/575 378/118/581 376/117/578
f  375/116/577 380/119/582 378/120/583
f  376/117/578 378/118/581 379/121/584
f  376/117/579 379/121/585 377/115/580
f  377/115/580 379/121/585 380/119/586
f  377/115/576 380/119/582 375/116/577
f  378/118/581 381/122/587 379/121/584
f  378/120/583 383/123/588 381/124/589
f  379/121/584 381/122/587 382/125/590
f  379/121/585 382/125/591 380/119/586
f  380/119/586 382/125/591 383/123/592
f  380/119/582 383/123/588 378/120/583
f  381/122/587 384/126/593 382/125/590
f  381/124/589 386/127/594 384/128/595
f  382/125/590 384/126/593 385/129/596
f  382/125/591 385/129/597 383/123/592
f  383/123/592 385/129/597 386/127/598
f  383/123/588 386/127/594 381/124/589
f  384/126/593 387/130/599 385/129/596
f  384/128/595 389/131/600 387/132/601
f  385/129/596 387/130/599 388/133/602
f  385/129/597 388/133/603 386/127/598
f  386/127/598 388/133/603 389/131/604
f  386/127/594 389/131/600 384/128/595
f  387/130/599 390/134/605 388/133/602
f  387/132/601 392/135/606 390/136/607
f  388/133/602 390/134/605 391/137/608
f  388/133/603 391/137/609 389/131/604
f  389/131/604 391/137/609 392/135/610
f  389/131/600 392/135/606 387/132/601
f  390/134/605 393/138/611 391/137/608
f  390/136/607 395/139/612 393/140/613
f  391/137/608 393/138/611 394/141/614
f  391/137/609 394/141/615 392/135/610
f  392/135/610 394/141/615 395/139/616
f  392/135/606 395/139/612 390/136/607
f  393/138/611 396/142/617 394/141/614
f  393/140/613 398/143/618 396/144/619
f  394/141/614 396/142/617 397/145/620
f  394/141/615 397/145/621 395/139/616
f  395/139/616 397/145/621 398/143/622
f  395/139/612 398/143/618 393/140/613
f  396/142/617 399/146/623 397/145/620
f  396/144/619 401/147/624 399/148/625
f  397/145/620 399/146/623 400/149/626
f  397/145/621 400/149/627 398/143/622
f  398/143/622 400/149/627 401/147/628
f  398/143/618 401/147/624 396/144/619
f  399/146/623 402/150/629 400/149/626
f  399/148/625 404/151/630 402/152/631
f  400/149/626 402/150/629 403/153/632
f  400/149/627 403/153/633 401/147/628
f  401/147/628 403/153/633 404/151/634
f  401/147/624 404/151/630 399/148/625
f  402/150/629 405/154/635 403/153/632
f  402/152/631 407/155/636 405/156/637
f  403/153/632 405/154/635 406/157/638
f  403/153/633 406/157/639 404/151/634
f  404/151/634 406/157/639 407/155/640
f  404/151/630 407/155/636 402/152/631
f  405/154/635 408/158/641 406/157/638
f  405/156/637 410/159/642 408/160/643
f  406/157/638 408/158/641 409/161/644
f  406/157/639 409/161/645 407/155/640
f  407/155/640 409/161/645 410/159/646
f  407/155/636 410/159/642 405/156/637
f  408/158/641 411/162/647 409/161/644
f  408/160/643 413/163/648 411/164/649
f  409/161/644 411/162/647 412/165/650
f  409/161/645 412/165/651 410/159/646
f  410/159/646 412/165/651 413/163/652
f  410/159/642 413/163/648 408/160/643
f  411/162/647 414/166/653 412/165/650
f  411/164/649 416/167/654 414/168/655
f  412/165/650 414/166/653 415/169/656
f  412/165/651 415/169/657 413/163/652
f  413/163/652 415/169/657 416/167/658
f  413/163/648 416/167/654 411/164/649
f  414/166/653 417/170/659 415/169/656
f  414/168/655 419/171/660 417/172/661
f  415/169/656 417/170/659 418/173/662
f  415/169/657 418/173/663 416/167/658
f  416/167/658 418/173/663 419/171/664
f  416/167/654 419/171/660 414/168/655
f  417/170/659 420/174/665 418/173/662
f  417/172/661 422/175/666 420/176/667
f  418/173/662 420/174/665 421/177/668
f  418/173/663 421/177/669 419/171/664
f  419/171/664 421/177/669 422/175/670
f  419/171/660 422/175/666 417/172/661
f  306/114/437 423/118/671 307/117/440
f  306/116/439 425/119/672 423/120/673
f  307/117/440 423/118/671 424/121/674
f  307/117/441 424/121/675 308/115/442
f  308/115/442 424/121/675 425/119/676
f  308/115/438 425/119/672 306/116/439
f  423/118/671 426/122/677 424/121/674
f  423/120/673 428/123/678 426/124/679
f  424/121/674 426/122/677 427/125/680
f  424/121/675 427/125/681 425/119/676
f  425/119/676 427/125/681 428/123/682
f  425/119/672 428/123/678 423/120/673
f  426/122/677 429/126/683 427/125/680
f  426/124/679 431/127/684 429/128/685
f  427/125/680 429/126/683 430/129/686
f  427/125/681 430/129/687 428/123/682
f  428/123/682 430/129/687 431/127/688
f  428/123/678 431/127/684 426/124/679
f  429/126/683 432/130/689 430/129/686
f  429/128/685 434/131/690 432/132/691
f  430/129/686 432/130/689 433/133/692
f  430/129/687 433/133/693 431/127/688
f  431/127/688 433/133/693 434/131/694
f  431/127/684 434/131/690 429/128/685
f  432/130/689 435/134/695 433/133/692
f  432/132/691 437/135/696 435/136/697
f  433/133/692 435/134/695 436/137/698
f  433/133/693 436/137/699 434/131/694
f  434/131/694 436/137/699 437/135/700
f  434/131/690 437/135/696 432/132/691
f  435/134/695 438/138/701 436/137/698
f  435/136/697 440/139/702 438/140/703
f  436/137/698 438/138/701 439/141/704
f  436/137/699 439/141/705 437/135/700
f  437/135/700 439/141/705 440/139/706
f  437/135/696 440/139/702 435/136/697
f  438/138/701 441/142/707 439/141/704
f  438/140/703 443/143/708 441/144/709
f  439/141/704 441/142/707 442/145/710
f  439/141/705 442/145/711 440/139/706
f  440/139/706 442/145/711 443/143/712
f  440/139/702 443/143/708 438/140/703
f  441/142/707 444/146/713 442/145/710
f  441/144/709 446/147/714 444/148/715
f  442/145/710 444/146/713 445/149/716
f  442/145/711 445/149/717 443/143/712
f  443/143/712 445/149/717 446/147/718
f  443/143/708 446/147/714 441/144/709
f  444/146/713 447/150/719 445/149/716
f  444/148/715 449/151/720 447/152/721
f  445/149/716 447/150/719 448/153/722
f  445/149/717 448/153/723 446/147/718
f  446/147/718 448/153/723 449/151/724
f  446/147/714 449/151/720 444/148/715
f  447/150/719 450/154/725 448/153/722
f  447/152/721 452/155/726 450/156/727
f  448/153/722 450/154/725 451/157/728
f  448/153/723 451/157/729 449/151/724
f  449/151/724 451/157/729 452/155/730
f  449/151/720 452/155/726 447/152/721
f  450/154/725 453/158/731 451/157/728
f  450/156/727 455/159/732 453/160/733
f  451/157/728 453/158/731 454/161/734
f  451/157/729 454/161/735 452/155/730
f  452/155/730 454/161/735 455/159/736
f  452/155/726 455/159/732 450/156/727
f  453/158/731 456/162/737 454/161/734
f  453/160/733 458/163/738 456/164/739
f  454/161/734 456/162/737 457/165/740
f  454/161/735 457/165/741 455/159/736
f  455/159/736 457/165/741 458/163/742
f  455/159/732 458/163/738 453/160/733
f  456/162/737 459/166/743 457/165/740
f  456/164/739 461/167/744 459/168/745
f  457/165/740 459/166/743 460/169/746
f  457/165/741 460/169/747 458/163/742
f  458/163/742 460/169/747 461/167/748
f  458/163/738 461/167/744 456/164/739
f  459/166/743 462/170/749 460/169/746
f  459/168/745 464/171/750 462/172/751
f  460/169/746 462/170/749 463/173/752
f  460/169/747 463/173/753 461/167/748
f  461/167/748 463/173/753 464/171/754
f  461/167/744 464/171/750 459/168/745
f  462/170/749 465/174/755 463/173/752
f  462/172/751 467/175/756 465/176/757
f  463/173/752 465/174/755 466/177/758
f  463/173/753 466/177/759 464/171/754
f  464/171/754 466/177/759 467/175/760
f  464/171/750 467/175/756 462/172/751
f  465/174/755 468/178/761 466/177/758
f  465/176/757 470/179/762 468/180/763
f  466/177/758 468/178/761 469/181/764
f  466/177/759 469/181/765 467/175/760
f  467/175/760 469/181/765 470/179/766
f  467/175/756 470/179/762 465/176/757
f  468/178/761 471/182/767 469/181/764
f  468/180/763 473/183/768 471/184/769
f  469/181/764 471/182/767 472/185/770
f  469/181/765 472/185/771 470/179/766
f  470/179/766 472/185/771 473/183/772
f  470/179/762 473/183/768 468/180/763
f  363/118/551 474/122/773 364/121/554
f  363/120/553 476/123/774 474/124/775
f  364/121/554 474/122/773 475/125/776
f  364/121/555 475/125/777 365/119/556
f  365/119/556 475/125/777 476/123/778
f  365/119/552 476/123/774 363/120/553
f  474/122/773 477/126/779 475/125/776
f  474/124/775 479/127/780 477/128/781
f  475/125/776 477/126/779 478/129/782
f  475/125/777 478/129/783 476/123/778
f  476/123/778 478/129/783 479/127/784
f  476/123/774 479/127/780 474/124/775
f  477/126/779 480/130/785 478/129/782
f  477/128/781 482/131/786 480/132/787
f  478/129/782 480/130/785 481/133/788
f  478/129/783 481/133/789 479/127/784
f  479/127/784 481/133/789 482/131/790
f  479/127/780 482/131/786 477/128/781
f  480/130/785 483/134/791 481/133/788
f  480/132/787 485/135/792 483/136/793
f  481/133/788 483/134/791 484/137/794
f  481/133/789 484/137/795 482/131/790
f  482/131/790 484/137/795 485/135/796
f  482/131/786 485/135/792 480/132/787
f  483/134/791 486/138/797 484/137/794
f  483/136/793 488/139/798 486/140/799
f  484/137/794 486/138/797 487/141/800
f  484/137/795 487/141/801 485/135/796
f  485/135/796 487/141/801 488/139/802
f  485/135/792 488/139/798 483/136/793
f  486/138/797 489/142/803 487/141/800
f  486/140/799 491/143/804 489/144/805
f  487/141/800 489/142/803 490/145/806
f  487/141/801 490/145/807 488/139/802
f  488/139/802 490/145/807 491/143/808
f  488/139/798 491/143/804 486/140/799
f  489/142/803 492/146/809 490/145/806
f  489/144/805 494/147/810 492/148/811
f  490/145/806 492/146/809 493/149/812
f  490/145/807 493/149/813 491/143/808
f  491/143/808 493/149/813 494/147/814
f  491/143/804 494/147/810 489/144/805
f  492/146/809 495/150/815 493/149/812
f  492/148/811 497/151/816 495/152/817
f  493/149/812 495/150/815 496/153/818
f  493/149/813 496/153/819 494/147/814
f  494/147/814 496/153/819 497/151/820
f  494/147/810 497/151/816 492/148/811
f  495/150/815 498/154/821 496/153/818
f  495/152/817 500/155/822 498/156/823
f  496/153/818 498/154/821 499/157/824
f  496/153/819 499/157/825 497/151/820
f  497/151/820 499/157/825 500/155/826
f  497/151/816 500/155/822 495/152/817
f  498/154/821 501/158/827 499/157/824
f  498/156/823 503/159/828 501/160/829
f  499/157/824 501/158/827 502/161/830
f  499/157/825 502/161/831 500/155/826
f  500/155/826 502/161/831 503/159/832
f  500/155/822 503/159/828 498/156/823
f  501/158/827 504/162/833 502/161/830
f  501/160/829 506/163/834 504/164/835
f  502/161/830 504/162/833 505/165/836
f  502/161/831 505/165/837 503/159/832
f  503/159/832 505/165/837 506/163/838
f  503/159/828 506/163/834 501/160/829
f  504/162/833 507/166/839 505/165/836
f  504/164/835 509/167/840 507/168/841
f  505/165/836 507/166/839 508/169/842
f  505/165/837 508/169/843 506/163/838
f  506/163/838 508/169/843 509/167/844
f  506/163/834 509/167/840 504/164/835
f  507/166/839 510/170/845 508/169/842
f  507/168/841 512/171/846 510/172/847
f  508/169/842 510/170/845 511/173/848
f  508/169/843 511/173/849 509/167/844
f  509/167/844 511/173/849 512/171/850
f  509/167/840 512/171/846 507/168/841
f  510/170/845 513/174/851 511/173/848
f  510/172/847 515/175/852 513/176/853
f  511/173/848 513/174/851 514/177/854
f  511/173/849 514/177/855 512/171/850
f  512/171/850 514/177/855 515/175/856
f  512/171/846 515/175/852 510/172/847
f  513/174/851 516/178/857 514/177/854
f  513/176/853 518/179/858 516/180/859
f  514/177/854 516/178/857 517/181/860
f  514/177/855 517/181/861 515/175/856
f  515/175/856 517/181/861 518/179/862
f  515/175/852 518/179/858 513/176/853
f  516/178/857 519/182/863 517/181/860
f  516/180/859 521/183/864 519/184/865
f  517/181/860 519/182/863 520/185/866
f  517/181/861 520/185/867 518/179/862
f  518/179/862 520/185/867 521/183/868
f  518/179/858 521/183/864 516/180/859
f  519/182/863 522/186/869 520/185/866
f  519/184/865 524/187/870 522/188/871
f  520/185/866 522/186/869 523/189/872
f  520/185/867 523/189/873 521/183/868
f  521/183/868 523/189/873 524/187/874
f  521/183/864 524/187/870 519/184/865
f  522/186/869 525/190/875 523/189/872
f  522/188/871 527/191/876 525/192/877
f  523/189/872 525/190/875 526/193/878
f  523/189/873 526/193/879 524/187/874
f  524/187/874 526/193/879 527/191/880
f  524/187/870 527/191/876 522/188/871
f  525/190/875 528/194/881 526/193/878
f  525/192/877 530/195/882 528/196/883
f  526/193/878 528/194/881 529/197/884
f  526/193/879 529/197/885 527/191/880
f  527/191/880 529/197/885 530/195/886
f  527/191/876 530/195/882 525/192/877
f  528/194/881 531/198/887 529/197/884
f  528/196/883 533/199/888 531/200/889
f  529/197/884 531/198/887 532/201/890
f  529/197/885 532/201/891 530/195/886
f  530/195/886 532/201/891 533/199/892
f  530/195/882 533/199/888 528/196/883
usemtl Leaf6
f  534/1/893 537/202/894 535/3/895
f  535/3/895 537/202/894 538/203/896
f  535/3/897 538/203/898 536/5/899
f  536/5/899 538/203/898 539/204/900
f  537/202/894 540/205/901 538/203/896
f  538/203/896 540/205/901 541/206/902
f  538/203/898 541/206/903 539/204/900
f  539/204/900 541/206/903 542/207/904
f  540/205/901 543/208/905 541/206/902
f  541/206/902 543/208/905 544/209/906
f  541/206/903 544/209/907 542/207/904
f  542/207/904 544/209/907 545/210/908
f  543/208/905 546/211/909 544/209/906
f  544/209/906 546/211/909 547/212/910
f  544/209/907 547/212/911 545/210/908
f  545/210/908 547/212/911 548/213/912
f  546/211/909 549/214/913 547/212/910
f  547/212/910 549/214/913 550/215/914
f  547/212/911 550/215/915 548/213/912
f  548/213/912 550/215/915 551/216/916
f  549/214/913 552/217/917 550/215/914
f  550/215/914 552/217/917 553/218/918
f  550/215/915 553/218/919 551/216/916
f  551/216/916 553/218/919 554/219/920
f  552/217/917 555/14/921 553/218/918
f  553/218/919 555/14/922 554/219/920
f  556/1/923 559/202/924 557/3/925
f  557/3/925 559/202/924 560/203/926
f  557/3/927 560/203/928 558/5/929
f  558/5/929 560/203/928 561/204/930
f  559/202/924 562/205/931 560/203/926
f  560/203/926 562/205/931 563/206/932
f  560/203/928 563/206/933 561/204/930
f  561/204/930 563/206/933 564/207/934
f  562/205/931 565/208/935 563/206/932
f  563/206/932 565/208/935 566/209/936
f  563/206/933 566/209/937 564/207/934
f  564/207/934 566/209/937 567/210/938
f  565/208/935 568/211/939 566/209/936
f  566/209/936 568/211/939 569/212/940
f  566/209/937 569/212/941 567/210/938
f  567/210/938 569/212/941 570/213/942
f  568/211/939 571/214/943 569/212/940
f  569/212/940 571/214/943 572/215/944
f  569/212/941 572/215/945 570/213/942
f  570/213/942 572/215/945 573/216/946
f  571/214/943 574/217/947 572/215/944
f  572/215/944 574/217/947 575/218/948
f  572/215/945 575/218/949 573/216/946
f  573/216/946 575/218/949 576/219/950
f  574/217/947 577/14/951 575/218/948
f  575/218/949 577/14/952 576/219/950
f  578/1/953 581/202/954 579/3/955
f  579/3/955 581/202/954 582/203/956
f  579/3/957 582/203/958 580/5/959
f  580/5/959 582/203/958 583/204/960
f  581/202/954 584/205/961 582/203/956
f  582/203/956 584/205/961 585/206/962
f  582/203/958 585/206/963 583/204/960
f  583/204/960 585/206/963 586/207/964
f  584/205/961 587/208/965 585/206/962
f  585/206/962 587/208/965 588/209/966
f  585/206/963 588/209/967 586/207/964
f  586/207/964 588/209/967 589/210/968
f  587/208/965 590/211/969 588/209/966
f  588/209/966 590/211/969 591/212/970
f  588/209/967 591/212/971 589/210/968
f  589/210/968 591/212/971 592/213/972
f  590/211/969 593/214/973 591/212/970
f  591/212/970 593/214/973 594/215/974
f  591/212/971 594/215/975 592/213/972
f  592/213/972 594/215/975 595/216/976
f  593/214/973 596/217/977 594/215/974
f  594/215/974 596/217/977 597/218/978
f  594/215/975 597/218/979 595/216/976
f  595/216/976 597/218/979 598/219/980
f  596/217/977 599/14/981 597/218/978
f  597/218/979 599/14/982 598/219/980
usemtl Leaf3
f  600/1/983 603/25/984 601/3/985
f  601/3/985 603/25/984 604/26/986
f  601/3/987 604/26/988 602/5/989
f  602/5/989 604/26/988 605/27/990
f  603/25/984 606/28/991 604/26/986
f  604/26/986 606/28/991 607/29/992
f  604/26/988 607/29/993 605/27/990
f  605/27/990 607/29/993 608/30/994
f  606/28/991 609/31/995 607/29/992
f  607/29/992 609/31/995 610/32/996
f  607/29/993 610/32/997 608/30/994
f  608/30/994 610/32/997 611/33/998
f  609/31/995 612/34/999 610/32/996
f  610/32/996 612/34/999 613/35/1000
f  610/32/997 613/35/1001 611/33/998
f  611/33/998 613/35/1001 614/36/1002
f  612/34/999 615/37/1003 613/35/1000
f  613/35/1000 615/37/1003 616/38/1004
f  613/35/1001 616/38/1005 614/36/1002
f  614/36/1002 616/38/1005 617/39/1006
f  615/37/1003 618/40/1007 616/38/1004
f  616/38/1004 618/40/1007 619/41/1008
f  616/38/1005 619/41/1009 617/39/1006
f  617/39/1006 619/41/1009 620/42/1010
f  618/40/1007 621/43/1011 619/41/1008
f  619/41/1008 621/43/1011 622/44/1012
f  619/41/1009 622/44/1013 620/42/1010
f  620/42/1010 622/44/1013 623/45/1014
f  621/43/1011 624/46/1015 622/44/1012
f  622/44/1012 624/46/1015 625/47/1016
f  622/44/1013 625/47/1017 623/45/1014
f  623/45/1014 625/47/1017 626/48/1018
f  624/46/1015 627/14/1019 625/47/1016
f  625/47/1017 627/14/1020 626/48/1018
f  628/1/1021 631/25/1022 629/3/1023
f  629/3/1023 631/25/1022 632/26/1024
f  629/3/1025 632/26/1026 630/5/1027
f  630/5/1027 632/26/1026 633/27/1028
f  631/25/1022 634/28/1029 632/26/1024
f  632/26/1024 634/28/1029 635/29/1030
f  632/26/1026 635/29/1031 633/27/1028
f  633/27/1028 635/29/1031 636/30/1032
f  634/28/1029 637/31/1033 635/29/1030
f  635/29/1030 637/31/1033 638/32/1034
f  635/29/1031 638/32/1035 636/30/1032
f  636/30/1032 638/32/1035 639/33/1036
f  637/31/1033 640/34/1037 638/32/1034
f  638/32/1034 640/34/1037 641/35/1038
f  638/32/1035 641/35/1039 639/33/1036
f  639/33/1036 641/35/1039 642/36/1040
f  640/34/1037 643/37/1041 641/35/1038
f  641/35/1038 643/37/1041 644/38/1042
f  641/35/1039 644/38/1043 642/36/1040
f  642/36/1040 644/38/1043 645/39/1044
f  643/37/1041 646/40/1045 644/38/1042
f  644/38/1042 646/40/1045 647/41/1046
f  644/38/1043 647/41/1047 645/39/1044
f  645/39/1044 647/41/1047 648/42/1048
f  646/40/1045 649/43/1049 647/41/1046
f  647/41/1046 649/43/1049 650/44/1050
f  647/41/1047 650/44/1051 648/42/1048
f  648/42/1048 650/44/1051 651/45/1052
f  649/43/1049 652/46/1053 650/44/1050
f  650/44/1050 652/46/1053 653/47/1054
f  650/44/1051 653/47/1055 651/45/1052
f  651/45/1052 653/47/1055 654/48/1056
f  652/46/1053 655/14/1057 653/47/1054
f  653/47/1055 655/14/1058 654/48/1056
f  656/1/1059 659/25/1060 657/3/1061
f  657/3/1061 659/25/1060 660/26/1062
f  657/3/1063 660/26/1064 658/5/1065
f  658/5/1065 660/26/1064 661/27/1066
f  659/25/1060 662/28/1067 660/26/1062
f  660/26/1062 662/28/1067 663/29/1068
f  660/26/1064 663/29/1069 661/27/1066
f  661/27/1066 663/29/1069 664/30/1070
f  662/28/1067 665/31/1071 663/29/1068
f  663/29/1068 665/31/1071 666/32/1072
f  663/29/1069 666/32/1073 664/30/1070
f  664/30/1070 666/32/1073 667/33/1074
f  665/31/1071 668/34/1075 666/32/1072
f  666/32/1072 668/34/1075 669/35/1076
f  666/32/1073 669/35/1077 667/33/1074
f  667/33/1074 669/35/1077 670/36/1078
f  668/34/1075 671/37/1079 669/35/1076
f  669/35/1076 671/37/1079 672/38/1080
f  669/35/1077 672/38/1081 670/36/1078
f  670/36/1078 672/38/1081 673/39/1082
f  671/37/1079 674/40/1083 672/38/1080
f  672/38/1080 674/40/1083 675/41/1084
f  672/38/1081 675/41/1085 673/39/1082
f  673/39/1082 675/41/1085 676/42/1086
f  674/40/1083 677/43/1087 675/41/1084
f  675/41/1084 677/43/1087 678/44/1088
f  675/41/1085 678/44/1089 676/42/1086
f  676/42/1086 678/44/1089 679/45/1090
f  677/43/1087 680/46/1091 678/44/1088
f  678/44/1088 680/46/1091 681/47/1092
f  678/44/1089 681/47/1093 679/45/1090
f  679/45/1090 681/47/1093 682/48/1094
f  680/46/1091 683/14/1095 681/47/1092
f  681/47/1093 683/14/1096 682/48/1094
usemtl Leaf6
f  684/1/1097 686/13/1098 685/5/1098
f  685/5/1098 686/13/1098 687/15/1099
f  688/1/1100 690/13/1101 689/5/1101
f  689/5/1101 690/13/1101 691/15/1102
f  692/1/1103 694/13/1104 693/5/1104
f  693/5/1104 694/13/1104 695/15/1105
f  696/1/1106 698/13/1107 697/5/1107
f  697/5/1107 698/13/1107 699/15/1108
f  700/1/1109 702/13/1110 701/5/1110
f  701/5/1110 702/13/1110 703/15/1111
usemtl Stalk2
f  704/150/1112 707/220/1113 705/221/1114
f  705/221/1114 707/220/1113 708/222/1115
f  705/221/1116 708/222/1117 706/152/1118
f  706/152/1118 708/222/1117 709/223/1119
f  707/220/1113 710/224/1120 708/222/1115
f  708/222/1115 710/224/1120 711/225/1121
f  708/222/1117 711/225/1122 709/223/1119
f  709/223/1119 711/225/1122 712/226/1123
f  710/224/1120 713/227/1124 711/225/1121
f  711/225/1121 713/227/1124 714/228/1125
f  711/225/1122 714/228/1126 712/226/1123
f  712/226/1123 714/228/1126 715/229/1127
f  713/227/1124 716/170/1128 714/228/1125
f  714/228/1125 716/170/1128 717/230/1129
f  714/228/1126 717/230/1130 715/229/1127
f  715/229/1127 717/230/1130 718/172/1131
f  716/170/1128 719/231/1132 717/230/1129
f  717/230/1129 719/231/1132 720/232/1133
f  717/230/1130 720/232/1134 718/172/1131
f  718/172/1131 720/232/1134 721/233/1135
f  719/231/1132 722/234/1136 720/232/1133
f  720/232/1133 722/234/1136 723/235/1137
f  720/232/1134 723/235/1138 721/233/1135
f  721/233/1135 723/235/1138 724/236/1139
f  725/182/1140 728/237/1141 726/238/1142
f  726/238/1142 728/237/1141 729/239/1143
f  726/238/1144 729/239/1145 727/184/1146
f  727/184/1146 729/239/1145 730/240/1147
f  728/237/1141 731/241/1148 729/239/1143
f  729/239/1143 731/241/1148 732/242/1149
f  729/239/1145 732/242/1150 730/240/1147
f  730/240/1147 732/242/1150 733/243/1151
f  731/241/1148 734/244/1152 732/242/1149
f  732/242/1149 734/244/1152 735/245/1153
f  732/242/1150 735/245/1154 733/243/1151
f  733/243/1151 735/245/1154 736/246/1155
f  734/244/1152 737/247/1156 735/245/1153
f  735/245/1153 737/247/1156 738/248/1157
f  735/245/1154 738/248/1158 736/246/1155
f  736/246/1155 738/248/1158 739/249/1159
f  737/247/1156 740/250/1160 738/248/1157
f  738/248/1157 740/250/1160 741/251/1161
f  738/248/1158 741/251/1162 739/249/1159
f  739/249/1159 741/251/1162 742/252/1163
f  740/250/1160 743/253/1164 741/251/1161
f  741/251/1161 743/253/1164 744/254/1165
f  741/251/1162 744/254/1166 742/252/1163
f  742/252/1163 744/254/1166 745/255/1167
f  743/253/1164 746/256/1168 744/254/1165
f  744/254/1165 746/256/1168 747/257/1169
f  744/254/1166 747/257/1170 745/255/1167
f  745/255/1167 747/257/1170 748/258/1171
f  749/154/1172 752/259/1173 750/260/1174
f  750/260/1174 752/259/1173 753/261/1175
f  750/260/1176 753/261/1177 751/156/1178
f  751/156/1178 753/261/1177 754/262/1179
f  752/259/1173 755/263/1180 753/261/1175
f  753/261/1175 755/263/1180 756/264/1181
f  753/261/1177 756/264/1182 754/262/1179
f  754/262/1179 756/264/1182 757/265/1183
f  755/263/1180 758/266/1184 756/264/1181
f  756/264/1181 758/266/1184 759/267/1185
f  756/264/1182 759/267/1186 757/265/1183
f  757/265/1183 759/267/1186 760/268/1187
f  758/266/1184 761/174/1188 759/267/1185
f  759/267/1185 761/174/1188 762/269/1189
f  759/267/1186 762/269/1190 760/268/1187
f  760/268/1187 762/269/1190 763/176/1191
f  761/174/1188 764/270/1192 762/269/1189
f  762/269/1189 764/270/1192 765/271/1193
f  762/269/1190 765/271/1194 763/176/1191
f  763/176/1191 765/271/1194 766/272/1195
f  764/270/1192 767/273/1196 765/271/1193
f  765/271/1193 767/273/1196 768/274/1197
f  765/271/1194 768/274/1198 766/272/1195
f  766/272/1195 768/274/1198 769/275/1199
f  767/273/1196 770/276/1200 768/274/1197
f  768/274/1197 770/276/1200 771/277/1201
f  768/274/1198 771/277/1202 769/275/1199
f  769/275/1199 771/277/1202 772/278/1203
f  770/276/1200 773/194/1204 771/277/1201
f  771/277/1201 773/194/1204 774/279/1205
f  771/277/1202 774/279/1206 772/278/1203
f  772/278/1203 774/279/1206 775/196/1207
f  776/186/1208 779/280/1209 777/281/1210
f  777/281/1210 779/280/1209 780/282/1211
f  777/281/1212 780/282/1213 778/188/1214
f  778/188/1214 780/282/1213 781/283/1215
f  779/280/1209 782/284/1216 780/282/1211
f  780/282/1211 782/284/1216 783/285/1217
f  780/282/1213 783/285/1218 781/283/1215
f  781/283/1215 783/285/1218 784/286/1219
f  782/284/1216 785/287/1220 783/285/1217
f  783/285/1217 785/287/1220 786/288/1221
f  783/285/1218 786/288/1222 784/286/1219
f  784/286/1219 786/288/1222 787/289/1223
f  785/287/1220 788/290/1224 786/288/1221
f  786/288/1221 788/290/1224 789/291/1225
f  786/288/1222 789/291/1226 787/289/1223
f  787/289/1223 789/291/1226 790/292/1227
f  788/290/1224 791/293/1228 789/291/1225
f  789/291/1225 791/293/1228 792/294/1229
f  789/291/1226 792/294/1230 790/292/1227
f  790/292/1227 792/294/1230 793/295/1231
f  791/293/1228 794/296/1232 792/294/1229
f  792/294/1229 794/296/1232 795/297/1233
f  792/294/1230 795/297/1234 793/295/1231
f  793/295/1231 795/297/1234 796/298/1235
f  794/296/1232 797/299/1236 795/297/1233
f  795/297/1233 797/299/1236 798/300/1237
f  795/297/1234 798/300/1238 796/298/1235
f  796/298/1235 798/300/1238 799/301/1239
f  797/299/1236 800/302/1240 798/300/1237
f  798/300/1237 800/302/1240 801/303/1241
f  798/300/1238 801/303/1242 799/301/1239
f  799/301/1239 801/303/1242 802/304/1243
f  803/158/1244 806/305/1245 804/306/1246
f  804/306/1246 806/305/1245 807/307/1247
f  804/306/1248 807/307/1249 805/160/1250
f  805/160/1250 807/307/1249 808/308/1251
f  806/305/1245 809/309/1252 807/307/1247
f  807/307/1247 809/309/1252 810/310/1253
f  807/307/1249 810/310/1254 808/308/1251
f  808/308/1251 810/310/1254 811/311/1255
f  809/309/1252 812/312/1256 810/310/1253
f  810/310/1253 812/312/1256 813/313/1257
f  810/310/1254 813/313/1258 811/311/1255
f  811/311/1255 813/313/1258 814/314/1259
f  812/312/1256 815/178/1260 813/313/1257
f  813/313/1257 815/178/1260 816/315/1261
f  813/313/1258 816/315/1262 814/314/1259
f  814/314/1259 816/315/1262 817/180/1263
f  815/178/1260 818/316/1264 816/315/1261
f  816/315/1261 818/316/1264 819/317/1265
f  816/315/1262 819/317/1266 817/180/1263
f  817/180/1263 819/317/1266 820/318/1267
f  818/316/1264 821/319/1268 819/317/1265
f  819/317/1265 821/319/1268 822/320/1269
f  819/317/1266 822/320/1270 820/318/1267
f  820/318/1267 822/320/1270 823/321/1271
f  821/319/1268 824/322/1272 822/320/1269
f  822/320/1269 824/322/1272 825/323/1273
f  822/320/1270 825/323/1274 823/321/1271
f  823/321/1271 825/323/1274 826/324/1275
f  824/322/1272 827/198/1276 825/323/1273
f  825/323/1273 827/198/1276 828/325/1277
f  825/323/1274 828/325/1278 826/324/1275
f  826/324/1275 828/325/1278 829/200/1279
usemtl Leaf3
f  830/1/1280 833/25/1281 831/3/1282
f  831/3/1282 833/25/1281 834/26/1283
f  831/3/1282 834/26/1283 832/5/1284
f  832/5/1284 834/26/1283 835/27/1285
f  833/25/1281 836/28/1286 834/26/1283
f  834/26/1283 836/28/1286 837/29/1287
f  834/26/1283 837/29/1287 835/27/1285
f  835/27/1285 837/29/1287 838/30/1288
f  836/28/1286 839/31/1289 837/29/1287
f  837/29/1287 839/31/1289 840/32/1290
f  837/29/1287 840/32/1290 838/30/1288
f  838/30/1288 840/32/1290 841/33/1291
f  839/31/1289 842/34/1292 840/32/1290
f  840/32/1290 842/34/1292 843/35/1293
f  840/32/1290 843/35/1293 841/33/1291
f  841/33/1291 843/35/1293 844/36/1294
f  842/34/1292 845/37/1295 843/35/1293
f  843/35/1293 845/37/1295 846/38/1296
f  843/35/1293 846/38/1296 844/36/1294
f  844/36/1294 846/38/1296 847/39/1297
f  845/37/1295 848/40/1298 846/38/1296
f  846/38/1296 848/40/1299 849/41/1300
f  846/38/1296 849/41/1300 847/39/1297
f  847/39/1297 849/41/1300 850/42/1301
f  848/40/1302 851/43/1302 849/41/1302
f  849/41/1300 851/43/1303 852/44/1304
f  849/41/1300 852/44/1304 850/42/1301
f  850/42/1301 852/44/1304 853/45/1305
f  851/43/1303 854/46/1306 852/44/1304
f  852/44/1304 854/46/1306 855/47/1307
f  852/44/1304 855/47/1307 853/45/1305
f  853/45/1305 855/47/1307 856/48/1308
f  854/46/1306 857/14/1309 855/47/1307
f  855/47/1307 857/14/1309 856/48/1308
f  858/1/1310 861/25/1311 859/3/1312
f  859/3/1312 861/25/1311 862/26/1313
f  859/3/1312 862/26/1313 860/5/1314
f  860/5/1314 862/26/1313 863/27/1315
f  861/25/1311 864/28/1316 862/26/1313
f  862/26/1313 864/28/1316 865/29/1317
f  862/26/1313 865/29/1317 863/27/1315
f  863/27/1315 865/29/1317 866/30/1318
f  864/28/1316 867/31/1319 865/29/1317
f  865/29/1317 867/31/1319 868/32/1320
f  865/29/1317 868/32/1320 866/30/1318
f  866/30/1318 868/32/1320 869/33/1321
f  867/31/1319 870/34/1322 868/32/1320
f  868/32/1320 870/34/1322 871/35/1323
f  868/32/1320 871/35/1323 869/33/1321
f  869/33/1321 871/35/1323 872/36/1324
f  870/34/1322 873/37/1325 871/35/1323
f  871/35/1323 873/37/1325 874/38/1326
f  871/35/1323 874/38/1326 872/36/1324
f  872/36/1324 874/38/1326 875/39/1327
f  873/37/1325 876/40/1328 874/38/1326
f  874/38/1326 876/40/1328 877/41/1329
f  874/38/1326 877/41/1329 875/39/1327
f  875/39/1327 877/41/1329 878/42/1330
f  876/40/1328 879/43/1331 877/41/1329
f  877/41/1329 879/43/1331 880/44/1332
f  877/41/1329 880/44/1332 878/42/1330
f  878/42/1330 880/44/1332 881/45/1333
f  879/43/1331 882/46/1334 880/44/1332
f  880/44/1332 882/46/1334 883/47/1335
f  880/44/1332 883/47/1335 881/45/1333
f  881/45/1333 883/47/1335 884/48/1336
f  882/46/1334 885/14/1337 883/47/1335
f  883/47/1335 885/14/1337 884/48/1338
f  886/1/1339 889/25/1340 887/3/1341
f  887/3/1341 889/25/1340 890/26/1342
f  887/3/1341 890/26/1342 888/5/1343
f  888/5/1343 890/26/1342 891/27/1344
f  889/25/1340 892/28/1345 890/26/1342
f  890/26/1342 892/28/1345 893/29/1346
f  890/26/1342 893/29/1346 891/27/1344
f  891/27/1344 893/29/1346 894/30/1347
f  892/28/1345 895/31/1348 893/29/1346
f  893/29/1346 895/31/1348 896/32/1349
f  893/29/1346 896/32/1349 894/30/1347
f  894/30/1347 896/32/1349 897/33/1350
f  895/31/1348 898/34/1351 896/32/1349
f  896/32/1349 898/34/1351 899/35/1352
f  896/32/1349 899/35/1352 897/33/1350
f  897/33/1350 899/35/1352 900/36/1353
f  898/34/1351 901/37/1354 899/35/1352
f  899/35/1352 901/37/1354 902/38/1355
f  899/35/1352 902/38/1355 900/36/1353
f  900/36/1353 902/38/1355 903/39/1356
f  901/37/1354 904/40/1357 902/38/1355
f  902/38/1355 904/40/1358 905/41/1359
f  902/38/1355 905/41/1359 903/39/1356
f  903/39/1356 905/41/1359 906/42/1360
f  904/40/1361 907/43/1361 905/41/1361
f  905/41/1359 907/43/1362 908/44/1363
f  905/41/1359 908/44/1363 906/42/1360
f  906/42/1360 908/44/1363 909/45/1364
f  907/43/1362 910/46/1365 908/44/1363
f  908/44/1363 910/46/1365 911/47/1366
f  908/44/1363 911/47/1366 909/45/1364
f  909/45/1364 911/47/1366 912/48/1367
f  910/46/1365 913/14/1368 911/47/1366
f  911/47/1366 913/14/1368 912/48/1367
f  914/1/1369 917/25/1370 915/3/1371
f  915/3/1371 917/25/1370 918/26/1372
f  915/3/1371 918/26/1372 916/5/1373
f  916/5/1373 918/26/1372 919/27/1374
f  917/25/1370 920/28/1375 918/26/1372
f  918/26/1372 920/28/1375 921/29/1376
f  918/26/1372 921/29/1376 919/27/1374
f  919/27/1374 921/29/1376 922/30/1377
f  920/28/1375 923/31/1378 921/29/1376
f  921/29/1376 923/31/1378 924/32/1379
f  921/29/1376 924/32/1379 922/30/1377
f  922/30/1377 924/32/1379 925/33/1380
f  923/31/1378 926/34/1381 924/32/1379
f  924/32/1379 926/34/1381 927/35/1382
f  924/32/1379 927/35/1382 925/33/1380
f  925/33/1380 927/35/1382 928/36/1383
f  926/34/1381 929/37/1384 927/35/1382
f  927/35/1382 929/37/1384 930/38/1385
f  927/35/1382 930/38/1385 928/36/1383
f  928/36/1383 930/38/1385 931/39/1386
f  929/37/1384 932/40/1387 930/38/1385
f  930/38/1385 932/40/1387 933/41/1388
f  930/38/1385 933/41/1388 931/39/1386
f  931/39/1386 933/41/1388 934/42/1389
f  932/40/1387 935/43/1390 933/41/1388
f  933/41/1388 935/43/1390 936/44/1391
f  933/41/1388 936/44/1391 934/42/1389
f  934/42/1389 936/44/1391 937/45/1392
f  935/43/1390 938/46/1393 936/44/1391
f  936/44/1391 938/46/1393 939/47/1394
f  936/44/1391 939/47/1394 937/45/1392
f  937/45/1392 939/47/1394 940/48/1395
f  938/46/1393 941/14/1396 939/47/1394
f  939/47/1394 941/14/1396 940/48/1397
f  942/1/1398 945/25/1399 943/3/1400
f  943/3/1400 945/25/1399 946/26/1401
f  943/3/1400 946/26/1401 944/5/1402
f  944/5/1402 946/26/1401 947/27/1403
f  945/25/1399 948/28/1404 946/26/1401
f  946/26/1401 948/28/1404 949/29/1405
f  946/26/1401 949/29/1405 947/27/1403
f  947/27/1403 949/29/1405 950/30/1406
f  948/28/1404 951/31/1407 949/29/1405
f  949/29/1405 951/31/1407 952/32/1408
f  949/29/1405 952/32/1408 950/30/1406
f  950/30/1406 952/32/1408 953/33/1409
f  951/31/1407 954/34/1410 952/32/1408
f  952/32/1408 954/34/1410 955/35/1411
f  952/32/1408 955/35/1411 953/33/1409
f  953/33/1409 955/35/1411 956/36/1412
f  954/34/1410 957/37/1413 955/35/1411
f  955/35/1411 957/37/1413 958/38/1414
f  955/35/1411 958/38/1414 956/36/1412
f  956/36/1412 958/38/1414 959/39/1415
f  957/37/1413 960/40/1416 958/38/1414
f  958/38/1414 960/40/1417 961/41/1418
f  958/38/1414 961/41/1418 959/39/1415
f  959/39/1415 961/41/1418 962/42/1419
f  960/40/1420 963/43/1420 961/41/1420
f  961/41/1418 963/43/1421 964/44/1422
f  961/41/1418 964/44/1422 962/42/1419
f  962/42/1419 964/44/1422 965/45/1423
f  963/43/1421 966/46/1424 964/44/1422
f  964/44/1422 966/46/1424 967/47/1425
f  964/44/1422 967/47/1425 965/45/1423
f  965/45/1423 967/47/1425 968/48/1426
f  966/46/1424 969/14/1427 967/47/1425
f  967/47/1425 969/14/1427 968/48/1426
usemtl Stalk2
f  970/150/1428 973/220/1429 971/153/1430
f  970/152/1431 975/326/1432 973/223/1433
f  971/153/1430 973/220/1429 974/327/1434
f  971/153/1435 974/327/1436 972/151/1437
f  972/151/1437 974/327/1436 975/326/1438
f  972/151/1439 975/326/1432 970/152/1431
f  973/220/1429 976/224/1440 974/327/1434
f  973/223/1433 978/328/1441 976/226/1442
f  974/327/1434 976/224/1440 977/329/1443
f  974/327/1436 977/329/1444 975/326/1438
f  975/326/1438 977/329/1444 978/328/1445
f  975/326/1432 978/328/1441 973/223/1433
f  976/224/1440 979/227/1446 977/329/1443
f  976/226/1442 981/330/1447 979/229/1448
f  977/329/1443 979/227/1446 980/331/1449
f  977/329/1444 980/331/1450 978/328/1445
f  978/328/1445 980/331/1450 981/330/1451
f  978/328/1441 981/330/1447 976/226/1442
f  979/227/1446 982/170/1452 980/331/1449
f  979/229/1448 984/171/1453 982/172/1454
f  980/331/1449 982/170/1452 983/173/1455
f  980/331/1450 983/173/1456 981/330/1451
f  981/330/1451 983/173/1456 984/171/1457
f  981/330/1447 984/171/1453 979/229/1448
f  982/170/1452 985/231/1458 983/173/1455
f  982/172/1454 987/332/1459 985/233/1460
f  983/173/1455 985/231/1458 986/333/1461
f  983/173/1456 986/333/1462 984/171/1457
f  984/171/1457 986/333/1462 987/332/1463
f  984/171/1453 987/332/1459 982/172/1454
f  985/231/1458 988/234/1464 986/333/1461
f  985/233/1460 990/334/1465 988/236/1466
f  986/333/1461 988/234/1464 989/335/1467
f  986/333/1462 989/335/1468 987/332/1463
f  987/332/1463 989/335/1468 990/334/1469
f  987/332/1459 990/334/1465 985/233/1460
f  988/234/1464 991/336/1470 989/335/1467
f  988/236/1466 993/337/1471 991/338/1472
f  989/335/1467 991/336/1470 992/339/1473
f  989/335/1468 992/339/1474 990/334/1469
f  990/334/1469 992/339/1474 993/337/1475
f  990/334/1465 993/337/1471 988/236/1466
f  991/336/1470 994/190/1476 992/339/1473
f  991/338/1472 996/191/1477 994/192/1478
f  992/339/1473 994/190/1476 995/193/1479
f  992/339/1474 995/193/1480 993/337/1475
f  993/337/1475 995/193/1480 996/191/1481
f  993/337/1471 996/191/1477 991/338/1472
f  994/190/1476 997/340/1482 995/193/1479
f  994/192/1478 999/341/1483 997/342/1484
f  995/193/1479 997/340/1482 998/343/1485
f  995/193/1480 998/343/1486 996/191/1481
f  996/191/1481 998/343/1486 999/341/1487
f  996/191/1477 999/341/1483 994/192/1478
f  1000/182/1488 1003/237/1489 1001/185/1490
f  1000/184/1491 1005/344/1492 1003/240/1493
f  1001/185/1490 1003/237/1489 1004/345/1494
f  1001/185/1495 1004/345/1496 1002/183/1497
f  1002/183/1497 1004/345/1496 1005/344/1498
f  1002/183/1499 1005/344/1492 1000/184/1491
f  1003/237/1489 1006/241/1500 1004/345/1494
f  1003/240/1493 1008/346/1501 1006/243/1502
f  1004/345/1494 1006/241/1500 1007/347/1503
f  1004/345/1496 1007/347/1504 1005/344/1498
f  1005/344/1498 1007/347/1504 1008/346/1505
f  1005/344/1492 1008/346/1501 1003/240/1493
f  1006/241/1500 1009/244/1506 1007/347/1503
f  1006/243/1502 1011/348/1507 1009/246/1508
f  1007/347/1503 1009/244/1506 1010/349/1509
f  1007/347/1504 1010/349/1510 1008/346/1505
f  1008/346/1505 1010/349/1510 1011/348/1511
f  1008/346/1501 1011/348/1507 1006/243/1502
f  1009/244/1506 1012/247/1512 1010/349/1509
f  1009/246/1508 1014/350/1513 1012/249/1514
f  1010/349/1509 1012/247/1512 1013/351/1515
f  1010/349/1510 1013/351/1516 1011/348/1511
f  1011/348/1511 1013/351/1516 1014/350/1517
f  1011/348/1507 1014/350/1513 1009/246/1508
f  1012/247/1512 1015/250/1518 1013/351/1515
f  1012/249/1514 1017/352/1519 1015/252/1520
f  1013/351/1515 1015/250/1518 1016/353/1521
f  1013/351/1516 1016/353/1522 1014/350/1517
f  1014/350/1517 1016/353/1522 1017/352/1523
f  1014/350/1513 1017/352/1519 1012/249/1514
f  1015/250/1518 1018/253/1524 1016/353/1521
f  1015/252/1520 1020/354/1525 1018/255/1526
f  1016/353/1521 1018/253/1524 1019/355/1527
f  1016/353/1522 1019/355/1528 1017/352/1523
f  1017/352/1523 1019/355/1528 1020/354/1529
f  1017/352/1519 1020/354/1525 1015/252/1520
f  1018/253/1524 1021/256/1530 1019/355/1527
f  1018/255/1526 1023/356/1531 1021/258/1532
f  1019/355/1527 1021/256/1530 1022/357/1533
f  1019/355/1528 1022/357/1534 1020/354/1529
f  1020/354/1529 1022/357/1534 1023/356/1535
f  1020/354/1525 1023/356/1531 1018/255/1526
f  1021/256/1530 1024/358/1536 1022/357/1533
f  1021/258/1532 1026/359/1537 1024/360/1538
f  1022/357/1533 1024/358/1536 1025/361/1539
f  1022/357/1534 1025/361/1540 1023/356/1535
f  1023/356/1535 1025/361/1540 1026/359/1541
f  1023/356/1531 1026/359/1537 1021/258/1532
f  1024/358/1536 1027/362/1542 1025/361/1539
f  1024/360/1538 1029/363/1543 1027/364/1544
f  1025/361/1539 1027/362/1542 1028/365/1545
f  1025/361/1540 1028/365/1546 1026/359/1541
f  1026/359/1541 1028/365/1546 1029/363/1547
f  1026/359/1537 1029/363/1543 1024/360/1538
f  1027/362/1542 1030/366/1548 1028/365/1545
f  1027/364/1544 1032/367/1549 1030/368/1550
f  1028/365/1545 1030/366/1548 1031/369/1551
f  1028/365/1546 1031/369/1552 1029/363/1547
f  1029/363/1547 1031/369/1552 1032/367/1553
f  1029/363/1543 1032/367/1549 1027/364/1544
f  1030/366/1548 1033/370/1554 1031/369/1551
f  1030/368/1550 1035/371/1555 1033/372/1556
f  1031/369/1551 1033/370/1554 1034/373/1557
f  1031/369/1552 1034/373/1558 1032/367/1553
f  1032/367/1553 1034/373/1558 1035/371/1559
f  1032/367/1549 1035/371/1555 1030/368/1550
f  1036/154/1560 1039/259/1561 1037/157/1562
f  1036/156/1563 1041/374/1564 1039/262/1565
f  1037/157/1562 1039/259/1561 1040/375/1566
f  1037/157/1567 1040/375/1568 1038/155/1569
f  1038/155/1569 1040/375/1568 1041/374/1570
f  1038/155/1571 1041/374/1564 1036/156/1563
f  1039/259/1561 1042/263/1572 1040/375/1566
f  1039/262/1565 1044/376/1573 1042/265/1574
f  1040/375/1566 1042/263/1572 1043/377/1575
f  1040/375/1568 1043/377/1576 1041/374/1570
f  1041/374/1570 1043/377/1576 1044/376/1577
f  1041/374/1564 1044/376/1573 1039/262/1565
f  1042/263/1572 1045/266/1578 1043/377/1575
f  1042/265/1574 1047/378/1579 1045/268/1580
f  1043/377/1575 1045/266/1578 1046/379/1581
f  1043/377/1576 1046/379/1582 1044/376/1577
f  1044/376/1577 1046/379/1582 1047/378/1583
f  1044/376/1573 1047/378/1579 1042/265/1574
f  1045/266/1578 1048/174/1584 1046/379/1581
f  1045/268/1580 1050/175/1585 1048/176/1586
f  1046/379/1581 1048/174/1584 1049/177/1587
f  1046/379/1582 1049/177/1588 1047/378/1583
f  1047/378/1583 1049/177/1588 1050/175/1589
f  1047/378/1579 1050/175/1585 1045/268/1580
f  1048/174/1584 1051/270/1590 1049/177/1587
f  1048/176/1586 1053/380/1591 1051/272/1592
f  1049/177/1587 1051/270/1590 1052/381/1593
f  1049/177/1588 1052/381/1594 1050/175/1589
f  1050/175/1589 1052/381/1594 1053/380/1595
f  1050/175/1585 1053/380/1591 1048/176/1586
f  1051/270/1590 1054/273/1596 1052/381/1593
f  1051/272/1592 1056/382/1597 1054/275/1598
f  1052/381/1593 1054/273/1596 1055/383/1599
f  1052/381/1594 1055/383/1600 1053/380/1595
f  1053/380/1595 1055/383/1600 1056/382/1601
f  1053/380/1591 1056/382/1597 1051/272/1592
f  1054/273/1596 1057/276/1602 1055/383/1599
f  1054/275/1598 1059/384/1603 1057/278/1604
f  1055/383/1599 1057/276/1602 1058/385/1605
f  1055/383/1600 1058/385/1606 1056/382/1601
f  1056/382/1601 1058/385/1606 1059/384/1607
f  1056/382/1597 1059/384/1603 1054/275/1598
f  1057/276/1602 1060/194/1608 1058/385/1605
f  1057/278/1604 1062/195/1609 1060/196/1610
f  1058/385/1605 1060/194/1608 1061/197/1611
f  1058/385/1606 1061/197/1612 1059/384/1607
f  1059/384/1607 1061/197/1612 1062/195/1613
f  1059/384/1603 1062/195/1609 1057/278/1604
f  1060/194/1608 1063/386/1614 1061/197/1611
f  1060/196/1610 1065/387/1615 1063/388/1616
f  1061/197/1611 1063/386/1614 1064/389/1617
f  1061/197/1612 1064/389/1618 1062/195/1613
f  1062/195/1613 1064/389/1618 1065/387/1619
f  1062/195/1609 1065/387/1615 1060/196/1610
f  1063/386/1614 1066/390/1620 1064/389/1617
f  1063/388/1616 1068/391/1621 1066/392/1622
f  1064/389/1617 1066/390/1620 1067/393/1623
f  1064/389/1618 1067/393/1624 1065/387/1619
f  1065/387/1619 1067/393/1624 1068/391/1625
f  1065/387/1615 1068/391/1621 1063/388/1616
f  1066/390/1620 1069/394/1626 1067/393/1623
f  1066/392/1622 1071/395/1627 1069/396/1628
f  1067/393/1623 1069/394/1626 1070/397/1629
f  1067/393/1624 1070/397/1630 1068/391/1625
f  1068/391/1625 1070/397/1630 1071/395/1631
f  1068/391/1621 1071/395/1627 1066/392/1622
f  1069/394/1626 1072/398/1632 1070/397/1629
f  1069/396/1628 1074/399/1633 1072/400/1634
f  1070/397/1629 1072/398/1632 1073/401/1635
f  1070/397/1630 1073/401/1636 1071/395/1631
f  1071/395/1631 1073/401/1636 1074/399/1637
f  1071/395/1627 1074/399/1633 1069/396/1628
f  1075/186/1638 1078/280/1639 1076/189/1640
f  1075/188/1641 1080/402/1642 1078/283/1643
f  1076/189/1640 1078/280/1639 1079/403/1644
f  1076/189/1645 1079/403/1646 1077/187/1647
f  1077/187/1647 1079/403/1646 1080/402/1648
f  1077/187/1649 1080/402/1642 1075/188/1641
f  1078/280/1639 1081/284/1650 1079/403/1644
f  1078/283/1643 1083/404/1651 1081/286/1652
f  1079/403/1644 1081/284/1650 1082/405/1653
f  1079/403/1646 1082/405/1654 1080/402/1648
f  1080/402/1648 1082/405/1654 1083/404/1655
f  1080/402/1642 1083/404/1651 1078/283/1643
f  1081/284/1650 1084/287/1656 1082/405/1653
f  1081/286/1652 1086/406/1657 1084/289/1658
f  1082/405/1653 1084/287/1656 1085/407/1659
f  1082/405/1654 1085/407/1660 1083/404/1655
f  1083/404/1655 1085/407/1660 1086/406/1661
f  1083/404/1651 1086/406/1657 1081/286/1652
f  1084/287/1656 1087/290/1662 1085/407/1659
f  1084/289/1658 1089/408/1663 1087/292/1664
f  1085/407/1659 1087/290/1662 1088/409/1665
f  1085/407/1660 1088/409/1666 1086/406/1661
f  1086/406/1661 1088/409/1666 1089/408/1667
f  1086/406/1657 1089/408/1663 1084/289/1658
f  1087/290/1662 1090/293/1668 1088/409/1665
f  1087/292/1664 1092/410/1669 1090/295/1670
f  1088/409/1665 1090/293/1668 1091/411/1671
f  1088/409/1666 1091/411/1672 1089/408/1667
f  1089/408/1667 1091/411/1672 1092/410/1673
f  1089/408/1663 1092/410/1669 1087/292/1664
f  1090/293/1668 1093/296/1674 1091/411/1671
f  1090/295/1670 1095/412/1675 1093/298/1676
f  1091/411/1671 1093/296/1674 1094/413/1677
f  1091/411/1672 1094/413/1678 1092/410/1673
f  1092/410/1673 1094/413/1678 1095/412/1679
f  1092/410/1669 1095/412/1675 1090/295/1670
f  1093/296/1674 1096/299/1680 1094/413/1677
f  1093/298/1676 1098/414/1681 1096/301/1682
f  1094/413/1677 1096/299/1680 1097/415/1683
f  1094/413/1678 1097/415/1684 1095/412/1679
f  1095/412/1679 1097/415/1684 1098/414/1685
f  1095/412/1675 1098/414/1681 1093/298/1676
f  1096/299/1680 1099/302/1686 1097/415/1683
f  1096/301/1682 1101/416/1687 1099/304/1688
f  1097/415/1683 1099/302/1686 1100/417/1689
f  1097/415/1684 1100/417/1690 1098/414/1685
f  1098/414/1685 1100/417/1690 1101/416/1691
f  1098/414/1681 1101/416/1687 1096/301/1682
f  1099/302/1686 1102/418/1692 1100/417/1689
f  1099/304/1688 1104/419/1693 1102/420/1694
f  1100/417/1689 1102/418/1692 1103/421/1695
f  1100/417/1690 1103/421/1696 1101/416/1691
f  1101/416/1691 1103/421/1696 1104/419/1697
f  1101/416/1687 1104/419/1693 1099/304/1688
f  1102/418/1692 1105/422/1698 1103/421/1695
f  1102/420/1694 1107/423/1699 1105/424/1700
f  1103/421/1695 1105/422/1698 1106/425/1701
f  1103/421/1696 1106/425/1702 1104/419/1697
f  1104/419/1697 1106/425/1702 1107/423/1703
f  1104/419/1693 1107/423/1699 1102/420/1694
f  1105/422/1698 1108/426/1704 1106/425/1701
f  1105/424/1700 1110/427/1705 1108/428/1706
f  1106/425/1701 1108/426/1704 1109/429/1707
f  1106/425/1702 1109/429/1708 1107/423/1703
f  1107/423/1703 1109/429/1708 1110/427/1709
f  1107/423/1699 1110/427/1705 1105/424/1700
f  1108/426/1704 1111/430/1710 1109/429/1707
f  1108/428/1706 1113/431/1711 1111/432/1712
f  1109/429/1707 1111/430/1710 1112/433/1713
f  1109/429/1708 1112/433/1714 1110/427/1709
f  1110/427/1709 1112/433/1714 1113/431/1715
f  1110/427/1705 1113/431/1711 1108/428/1706
f  1114/158/1716 1117/305/1717 1115/161/1718
f  1114/160/1719 1119/434/1720 1117/308/1721
f  1115/161/1718 1117/305/1717 1118/435/1722
f  1115/161/1723 1118/435/1724 1116/159/1725
f  1116/159/1725 1118/435/1724 1119/434/1726
f  1116/159/1727 1119/434/1720 1114/160/1719
f  1117/305/1717 1120/309/1728 1118/435/1722
f  1117/308/1721 1122/436/1729 1120/311/1730
f  1118/435/1722 1120/309/1728 1121/437/1731
f  1118/435/1724 1121/437/1732 1119/434/1726
f  1119/434/1726 1121/437/1732 1122/436/1733
f  1119/434/1720 1122/436/1729 1117/308/1721
f  1120/309/1728 1123/312/1734 1121/437/1731
f  1120/311/1730 1125/438/1735 1123/314/1736
f  1121/437/1731 1123/312/1734 1124/439/1737
f  1121/437/1732 1124/439/1738 1122/436/1733
f  1122/436/1733 1124/439/1738 1125/438/1739
f  1122/436/1729 1125/438/1735 1120/311/1730
f  1123/312/1734 1126/178/1740 1124/439/1737
f  1123/314/1736 1128/179/1741 1126/180/1742
f  1124/439/1737 1126/178/1740 1127/181/1743
f  1124/439/1738 1127/181/1744 1125/438/1739
f  1125/438/1739 1127/181/1744 1128/179/1745
f  1125/438/1735 1128/179/1741 1123/314/1736
f  1126/178/1740 1129/316/1746 1127/181/1743
f  1126/180/1742 1131/440/1747 1129/318/1748
f  1127/181/1743 1129/316/1746 1130/441/1749
f  1127/181/1744 1130/441/1750 1128/179/1745
f  1128/179/1745 1130/441/1750 1131/440/1751
f  1128/179/1741 1131/440/1747 1126/180/1742
f  1129/316/1746 1132/319/1752 1130/441/1749
f  1129/318/1748 1134/442/1753 1132/321/1754
f  1130/441/1749 1132/319/1752 1133/443/1755
f  1130/441/1750 1133/443/1756 1131/440/1751
f  1131/440/1751 1133/443/1756 1134/442/1757
f  1131/440/1747 1134/442/1753 1129/318/1748
f  1132/319/1752 1135/322/1758 1133/443/1755
f  1132/321/1754 1137/444/1759 1135/324/1760
f  1133/443/1755 1135/322/1758 1136/445/1761
f  1133/443/1756 1136/445/1762 1134/442/1757
f  1134/442/1757 1136/445/1762 1137/444/1763
f  1134/442/1753 1137/444/1759 1132/321/1754
f  1135/322/1758 1138/198/1764 1136/445/1761
f  1135/324/1760 1140/199/1765 1138/200/1766
f  1136/445/1761 1138/198/1764 1139/201/1767
f  1136/445/1762 1139/201/1768 1137/444/1763
f  1137/444/1763 1139/201/1768 1140/199/1769
f  1137/444/1759 1140/199/1765 1135/324/1760
f  1138/198/1764 1141/446/1770 1139/201/1767
f  1138/200/1766 1143/447/1771 1141/448/1772
f  1139/201/1767 1141/446/1770 1142/449/1773
f  1139/201/1768 1142/449/1774 1140/199/1769
f  1140/199/1769 1142/449/1774 1143/447/1775
f  1140/199/1765 1143/447/1771 1138/200/1766
f  1141/446/1770 1144/450/1776 1142/449/1773
f  1141/448/1772 1146/451/1777 1144/452/1778
f  1142/449/1773 1144/450/1776 1145/453/1779
f  1142/449/1774 1145/453/1780 1143/447/1775
f  1143/447/1775 1145/453/1780 1146/451/1781
f  1143/447/1771 1146/451/1777 1141/448/1772
f  1144/450/1776 1147/454/1782 1145/453/1779
f  1144/452/1778 1149/455/1783 1147/456/1784
f  1145/453/1779 1147/454/1782 1148/457/1785
f  1145/453/1780 1148/457/1786 1146/451/1781
f  1146/451/1781 1148/457/1786 1149/455/1787
f  1146/451/1777 1149/455/1783 1144/452/1778
f  1147/454/1782 1150/458/1788 1148/457/1785
f  1147/456/1784 1152/459/1789 1150/460/1790
f  1148/457/1785 1150/458/1788 1151/461/1791
f  1148/457/1786 1151/461/1792 1149/455/1787
f  1149/455/1787 1151/461/1792 1152/459/1793
f  1149/455/1783 1152/459/1789 1147/456/1784
f  1150/458/1788 1153/462/1794 1151/461/1791
f  1150/460/1790 1155/463/1795 1153/464/1796
f  1151/461/1791 1153/462/1794 1154/465/1797
f  1151/461/1792 1154/465/1798 1152/459/1793
f  1152/459/1793 1154/465/1798 1155/463/1799
f  1152/459/1789 1155/463/1795 1150/460/1790
f  997/340/1482 1156/466/1800 998/343/1485
f  997/342/1484 1158/467/1801 1156/468/1802
f  998/343/1485 1156/466/1800 1157/469/1803
f  998/343/1486 1157/469/1804 999/341/1487
f  999/341/1487 1157/469/1804 1158/467/1805
f  999/341/1483 1158/467/1801 997/342/1484
f  1156/466/1800 1159/470/1806 1157/469/1803
f  1156/468/1802 1161/471/1807 1159/472/1808
f  1157/469/1803 1159/470/1806 1160/473/1809
f  1157/469/1804 1160/473/1810 1158/467/1805
f  1158/467/1805 1160/473/1810 1161/471/1811
f  1158/467/1801 1161/471/1807 1156/468/1802
f  1159/470/1806 1162/474/1812 1160/473/1809
f  1159/472/1808 1164/475/1813 1162/476/1814
f  1160/473/1809 1162/474/1812 1163/477/1815
f  1160/473/1810 1163/477/1816 1161/471/1811
f  1161/471/1811 1163/477/1816 1164/475/1817
f  1161/471/1807 1164/475/1813 1159/472/1808
f  1162/474/1812 1165/478/1818 1163/477/1815
f  1162/476/1814 1167/479/1819 1165/480/1820
f  1163/477/1815 1165/478/1818 1166/481/1821
f  1163/477/1816 1166/481/1822 1164/475/1817
f  1164/475/1817 1166/481/1822 1167/479/1823
f  1164/475/1813 1167/479/1819 1162/476/1814
f  1165/478/1818 1168/482/1824 1166/481/1821
f  1165/480/1820 1170/483/1825 1168/484/1826
f  1166/481/1821 1168/482/1824 1169/485/1827
f  1166/481/1822 1169/485/1828 1167/479/1823
f  1167/479/1823 1169/485/1828 1170/483/1829
f  1167/479/1819 1170/483/1825 1165/480/1820
f  1168/482/1824 1171/486/1830 1169/485/1827
f  1168/484/1826 1173/487/1831 1171/488/1832
f  1169/485/1827 1171/486/1830 1172/489/1833
f  1169/485/1828 1172/489/1834 1170/483/1829
f  1170/483/1829 1172/489/1834 1173/487/1835
f  1170/483/1825 1173/487/1831 1168/484/1826
f  1171/486/1830 1174/490/1836 1172/489/1833
f  1171/488/1832 1176/491/1837 1174/492/1838
f  1172/489/1833 1174/490/1836 1175/493/1839
f  1172/489/1834 1175/493/1840 1173/487/1835
f  1173/487/1835 1175/493/1840 1176/491/1841
f  1173/487/1831 1176/491/1837 1171/488/1832
f  1174/490/1836 1177/494/1842 1175/493/1839
f  1174/492/1838 1179/495/1843 1177/496/1844
f  1175/493/1839 1177/494/1842 1178/497/1845
f  1175/493/1840 1178/497/1846 1176/491/1841
f  1176/491/1841 1178/497/1846 1179/495/1847
f  1176/491/1837 1179/495/1843 1174/492/1838
f  1177/494/1848 1180/498/1849 1181/499/1850
f  1177/494/1848 1181/499/1850 1178/497/1851
f  1177/496/1848 1184/500/1852 1180/501/1849
f  1178/497/1851 1181/499/1850 1182/502/1853
f  1178/497/1851 1182/502/1853 1183/503/1854
f  1178/497/1851 1183/503/1854 1179/495/1855
f  1179/495/1855 1183/503/1854 1184/500/1852
f  1179/495/1855 1184/500/1852 1177/496/1848
f  1033/370/1554 1185/504/1856 1034/373/1557
f  1033/372/1556 1187/505/1857 1185/506/1858
f  1034/373/1557 1185/504/1856 1186/507/1859
f  1034/373/1558 1186/507/1860 1035/371/1559
f  1035/371/1559 1186/507/1860 1187/505/1861
f  1035/371/1555 1187/505/1857 1033/372/1556
f  1185/504/1856 1188/508/1862 1186/507/1859
f  1185/506/1858 1190/509/1863 1188/510/1864
f  1186/507/1859 1188/508/1862 1189/511/1865
f  1186/507/1860 1189/511/1866 1187/505/1861
f  1187/505/1861 1189/511/1866 1190/509/1867
f  1187/505/1857 1190/509/1863 1185/506/1858
f  1188/508/1862 1191/512/1868 1189/511/1865
f  1188/510/1864 1193/513/1869 1191/514/1870
f  1189/511/1865 1191/512/1868 1192/515/1871
f  1189/511/1866 1192/515/1872 1190/509/1867
f  1190/509/1867 1192/515/1872 1193/513/1873
f  1190/509/1863 1193/513/1869 1188/510/1864
f  1191/512/1868 1194/516/1874 1192/515/1871
f  1191/514/1870 1196/517/1875 1194/518/1876
f  1192/515/1871 1194/516/1874 1195/519/1877
f  1192/515/1872 1195/519/1878 1193/513/1873
f  1193/513/1873 1195/519/1878 1196/517/1879
f  1193/513/1869 1196/517/1875 1191/514/1870
f  1194/516/1874 1197/520/1880 1195/519/1877
f  1194/518/1876 1199/521/1881 1197/522/1882
f  1195/519/1877 1197/520/1880 1198/523/1883
f  1195/519/1878 1198/523/1884 1196/517/1879
f  1196/517/1879 1198/523/1884 1199/521/1885
f  1196/517/1875 1199/521/1881 1194/518/1876
f  1197/520/1880 1200/524/1886 1198/523/1883
f  1197/522/1882 1202/525/1887 1200/526/1888
f  1198/523/1883 1200/524/1886 1201/527/1889
f  1198/523/1884 1201/527/1890 1199/521/1885
f  1199/521/1885 1201/527/1890 1202/525/1891
f  1199/521/1881 1202/525/1887 1197/522/1882
f  1200/524/1886 1203/528/1892 1201/527/1889
f  1200/526/1888 1205/529/1893 1203/530/1894
f  1201/527/1889 1203/528/1892 1204/531/1895
f  1201/527/1890 1204/531/1896 1202/525/1891
f  1202/525/1891 1204/531/1896 1205/529/1897
f  1202/525/1887 1205/529/1893 1200/526/1888
f  1203/528/1892 1206/532/1898 1204/531/1895
f  1203/530/1894 1208/533/1899 1206/534/1900
f  1204/531/1895 1206/532/1898 1207/535/1901
f  1204/531/1896 1207/535/1902 1205/529/1897
f  1205/529/1897 1207/535/1902 1208/533/1903
f  1205/529/1893 1208/533/1899 1203/530/1894
f  1206/532/1904 1209/498/1905 1210/499/1906
f  1206/532/1904 1210/499/1906 1207/535/1907
f  1206/534/1904 1213/500/1908 1209/501/1905
f  1207/535/1907 1210/499/1906 1211/502/1909
f  1207/535/1907 1211/502/1909 1212/503/1910
f  1207/535/1907 1212/503/1910 1208/533/1911
f  1208/533/1911 1212/503/1910 1213/500/1908
f  1208/533/1911 1213/500/1908 1206/534/1904
f  1072/398/1632 1214/536/1912 1073/401/1635
f  1072/400/1634 1216/537/1913 1214/538/1914
f  1073/401/1635 1214/536/1912 1215/539/1915
f  1073/401/1636 1215/539/1916 1074/399/1637
f  1074/399/1637 1215/539/1916 1216/537/1917
f  1074/399/1633 1216/537/1913 1072/400/1634
f  1214/536/1912 1217/540/1918 1215/539/1915
f  1214/538/1914 1219/541/1919 1217/542/1920
f  1215/539/1915 1217/540/1918 1218/543/1921
f  1215/539/1916 1218/543/1922 1216/537/1917
f  1216/537/1917 1218/543/1922 1219/541/1923
f  1216/537/1913 1219/541/1919 1214/538/1914
f  1217/540/1918 1220/544/1924 1218/543/1921
f  1217/542/1920 1222/545/1925 1220/546/1926
f  1218/543/1921 1220/544/1924 1221/547/1927
f  1218/543/1922 1221/547/1928 1219/541/1923
f  1219/541/1923 1221/547/1928 1222/545/1929
f  1219/541/1919 1222/545/1925 1217/542/1920
f  1220/544/1924 1223/548/1930 1221/547/1927
f  1220/546/1926 1225/549/1931 1223/550/1932
f  1221/547/1927 1223/548/1930 1224/551/1933
f  1221/547/1928 1224/551/1934 1222/545/1929
f  1222/545/1929 1224/551/1934 1225/549/1935
f  1222/545/1925 1225/549/1931 1220/546/1926
f  1223/548/1930 1226/552/1936 1224/551/1933
f  1223/550/1932 1228/553/1937 1226/554/1938
f  1224/551/1933 1226/552/1936 1227/555/1939
f  1224/551/1934 1227/555/1940 1225/549/1935
f  1225/549/1935 1227/555/1940 1228/553/1941
f  1225/549/1931 1228/553/1937 1223/550/1932
f  1226/552/1936 1229/556/1942 1227/555/1939
f  1226/554/1938 1231/557/1943 1229/558/1944
f  1227/555/1939 1229/556/1942 1230/559/1945
f  1227/555/1940 1230/559/1946 1228/553/1941
f  1228/553/1941 1230/559/1946 1231/557/1947
f  1228/553/1937 1231/557/1943 1226/554/1938
f  1229/556/1942 1232/560/1948 1230/559/1945
f  1229/558/1944 1234/561/1949 1232/562/1950
f  1230/559/1945 1232/560/1948 1233/563/1951
f  1230/559/1946 1233/563/1952 1231/557/1947
f  1231/557/1947 1233/563/1952 1234/561/1953
f  1231/557/1943 1234/561/1949 1229/558/1944
f  1232/560/1948 1235/564/1954 1233/563/1951
f  1232/562/1950 1237/565/1955 1235/566/1956
f  1233/563/1951 1235/564/1954 1236/567/1957
f  1233/563/1952 1236/567/1958 1234/561/1953
f  1234/561/1953 1236/567/1958 1237/565/1959
f  1234/561/1949 1237/565/1955 1232/562/1950
f  1235/564/1960 1238/498/1961 1239/499/1962
f  1235/564/1960 1239/499/1962 1236/567/1963
f  1235/566/1960 1242/500/1964 1238/501/1961
f  1236/567/1963 1239/499/1962 1240/502/1965
f  1236/567/1963 1240/502/1965 1241/503/1966
f  1236/567/1963 1241/503/1966 1237/565/1967
f  1237/565/1967 1241/503/1966 1242/500/1964
f  1237/565/1967 1242/500/1964 1235/566/1960
f  1111/430/1710 1243/568/1968 1112/433/1713
f  1111/432/1712 1245/569/1969 1243/570/1970
f  1112/433/1713 1243/568/1968 1244/571/1971
f  1112/433/1714 1244/571/1972 1113/431/1715
f  1113/431/1715 1244/571/1972 1245/569/1973
f  1113/431/1711 1245/569/1969 1111/432/1712
f  1243/568/1968 1246/572/1974 1244/571/1971
f  1243/570/1970 1248/573/1975 1246/574/1976
f  1244/571/1971 1246/572/1974 1247/575/1977
f  1244/571/1972 1247/575/1978 1245/569/1973
f  1245/569/1973 1247/575/1978 1248/573/1979
f  1245/569/1969 1248/573/1975 1243/570/1970
f  1246/572/1974 1249/576/1980 1247/575/1977
f  1246/574/1976 1251/577/1981 1249/578/1982
f  1247/575/1977 1249/576/1980 1250/579/1983
f  1247/575/1978 1250/579/1984 1248/573/1979
f  1248/573/1979 1250/579/1984 1251/577/1985
f  1248/573/1975 1251/577/1981 1246/574/1976
f  1249/576/1980 1252/580/1986 1250/579/1983
f  1249/578/1982 1254/581/1987 1252/582/1988
f  1250/579/1983 1252/580/1986 1253/583/1989
f  1250/579/1984 1253/583/1990 1251/577/1985
f  1251/577/1985 1253/583/1990 1254/581/1991
f  1251/577/1981 1254/581/1987 1249/578/1982
f  1252/580/1986 1255/584/1992 1253/583/1989
f  1252/582/1988 1257/585/1993 1255/586/1994
f  1253/583/1989 1255/584/1992 1256/587/1995
f  1253/583/1990 1256/587/1996 1254/581/1991
f  1254/581/1991 1256/587/1996 1257/585/1997
f  1254/581/1987 1257/585/1993 1252/582/1988
f  1255/584/1992 1258/588/1998 1256/587/1995
f  1255/586/1994 1260/589/1999 1258/590/2000
f  1256/587/1995 1258/588/1998 1259/591/2001
f  1256/587/1996 1259/591/2002 1257/585/1997
f  1257/585/1997 1259/591/2002 1260/589/2003
f  1257/585/1993 1260/589/1999 1255/586/1994
f  1258/588/1998 1261/592/2004 1259/591/2001
f  1258/590/2000 1263/593/2005 1261/594/2006
f  1259/591/2001 1261/592/2004 1262/595/2007
f  1259/591/2002 1262/595/2008 1260/589/2003
f  1260/589/2003 1262/595/2008 1263/593/2009
f  1260/589/1999 1263/593/2005 1258/590/2000
f  1261/592/2004 1264/596/2010 1262/595/2007
f  1261/594/2006 1266/597/2011 1264/598/2012
f  1262/595/2007 1264/596/2010 1265/599/2013
f  1262/595/2008 1265/599/2014 1263/593/2009
f  1263/593/2009 1265/599/2014 1266/597/2015
f  1263/593/2005 1266/597/2011 1261/594/2006
f  1264/596/2016 1267/498/2017 1268/499/2018
f  1264/596/2016 1268/499/2018 1265/599/2019
f  1264/598/2016 1271/500/2020 1267/501/2017
f  1265/599/2019 1268/499/2018 1269/502/2021
f  1265/599/2019 1269/502/2021 1270/503/2022
f  1265/599/2019 1270/503/2022 1266/597/2023
f  1266/597/2023 1270/503/2022 1271/500/2020
f  1266/597/2023 1271/500/2020 1264/598/2016
f  1153/462/1794 1272/600/2024 1154/465/1797
f  1153/464/1796 1274/601/2025 1272/602/2026
f  1154/465/1797 1272/600/2024 1273/603/2027
f  1154/465/1798 1273/603/2028 1155/463/1799
f  1155/463/1799 1273/603/2028 1274/601/2029
f  1155/463/1795 1274/601/2025 1153/464/1796
f  1272/600/2024 1275/604/2030 1273/603/2027
f  1272/602/2026 1277/605/2031 1275/606/2032
f  1273/603/2027 1275/604/2030 1276/607/2033
f  1273/603/2028 1276/607/2034 1274/601/2029
f  1274/601/2029 1276/607/2034 1277/605/2035
f  1274/601/2025 1277/605/2031 1272/602/2026
f  1275/604/2030 1278/608/2036 1276/607/2033
f  1275/606/2032 1280/609/2037 1278/610/2038
f  1276/607/2033 1278/608/2036 1279/611/2039
f  1276/607/2034 1279/611/2040 1277/605/2035
f  1277/605/2035 1279/611/2040 1280/609/2041
f  1277/605/2031 1280/609/2037 1275/606/2032
f  1278/608/2036 1281/612/2042 1279/611/2039
f  1278/610/2038 1283/613/2043 1281/614/2044
f  1279/611/2039 1281/612/2042 1282/615/2045
f  1279/611/2040 1282/615/2046 1280/609/2041
f  1280/609/2041 1282/615/2046 1283/613/2047
f  1280/609/2037 1283/613/2043 1278/610/2038
f  1281/612/2042 1284/616/2048 1282/615/2045
f  1281/614/2044 1286/617/2049 1284/618/2050
f  1282/615/2045 1284/616/2048 1285/619/2051
f  1282/615/2046 1285/619/2052 1283/613/2047
f  1283/613/2047 1285/619/2052 1286/617/2053
f  1283/613/2043 1286/617/2049 1281/614/2044
f  1284/616/2048 1287/620/2054 1285/619/2051
f  1284/618/2050 1289/621/2055 1287/622/2056
f  1285/619/2051 1287/620/2054 1288/623/2057
f  1285/619/2052 1288/623/2058 1286/617/2053
f  1286/617/2053 1288/623/2058 1289/621/2059
f  1286/617/2049 1289/621/2055 1284/618/2050
f  1287/620/2054 1290/624/2060 1288/623/2057
f  1287/622/2056 1292/625/2061 1290/626/2062
f  1288/623/2057 1290/624/2060 1291/627/2063
f  1288/623/2058 1291/627/2064 1289/621/2059
f  1289/621/2059 1291/627/2064 1292/625/2065
f  1289/621/2055 1292/625/2061 1287/622/2056
f  1290/624/2060 1293/628/2066 1291/627/2063
f  1290/626/2062 1295/629/2067 1293/630/2068
f  1291/627/2063 1293/628/2066 1294/631/2069
f  1291/627/2064 1294/631/2070 1292/625/2065
f  1292/625/2065 1294/631/2070 1295/629/2071
f  1292/625/2061 1295/629/2067 1290/626/2062
f  1293/628/2072 1296/498/2073 1297/499/2074
f  1293/628/2072 1297/499/2074 1294/631/2075
f  1293/630/2072 1300/500/2076 1296/501/2073
f  1294/631/2075 1297/499/2074 1298/502/2077
f  1294/631/2075 1298/502/2077 1299/503/2078
f  1294/631/2075 1299/503/2078 1295/629/2079
f  1295/629/2079 1299/503/2078 1300/500/2076
f  1295/629/2079 1300/500/2076 1293/630/2072
usemtl Center
f  1180/498/2080 1301/632/2081 1181/499/2082
f  1180/501/2083 1305/633/2084 1301/634/2085
f  1181/499/2082 1301/632/2081 1302/635/2086
f  1181/499/2087 1302/635/2088 1182/502/2089
f  1182/502/2089 1302/635/2088 1303/636/2090
f  1182/502/2091 1303/636/2092 1183/503/2093
f  1183/503/2093 1303/636/2092 1304/637/2094
f  1183/503/2095 1304/637/2096 1184/500/2097
f  1184/500/2097 1304/637/2096 1305/633/2098
f  1184/500/2099 1305/633/2084 1180/501/2083
f  1301/632/2081 1306/638/2100 1302/635/2086
f  1301/634/2085 1310/639/2101 1306/640/2102
f  1302/635/2086 1306/638/2100 1307/641/2103
f  1302/635/2088 1307/641/2104 1303/636/2090
f  1303/636/2090 1307/641/2104 1308/642/2105
f  1303/636/2092 1308/642/2106 1304/637/2094
f  1304/637/2094 1308/642/2106 1309/643/2107
f  1304/637/2096 1309/643/2108 1305/633/2098
f  1305/633/2098 1309/643/2108 1310/639/2109
f  1305/633/2084 1310/639/2101 1301/634/2085
f  1306/638/2100 1311/644/2110 1307/641/2103
f  1306/640/2102 1315/645/2111 1311/646/2112
f  1307/641/2103 1311/644/2110 1312/647/2113
f  1307/641/2104 1312/647/2114 1308/642/2105
f  1308/642/2105 1312/647/2114 1313/648/2115
f  1308/642/2106 1313/648/2116 1309/643/2107
f  1309/643/2107 1313/648/2116 1314/649/2117
f  1309/643/2108 1314/649/2118 1310/639/2109
f  1310/639/2109 1314/649/2118 1315/645/2119
f  1310/639/2101 1315/645/2111 1306/640/2102
f  1311/644/2110 1316/650/2120 1312/647/2113
f  1311/646/2112 1320/651/2121 1316/652/2122
f  1312/647/2113 1316/650/2120 1317/653/2123
f  1312/647/2114 1317/653/2124 1313/648/2115
f  1313/648/2115 1317/653/2124 1318/654/2125
f  1313/648/2116 1318/654/2126 1314/649/2117
f  1314/649/2117 1318/654/2126 1319/655/2127
f  1314/649/2118 1319/655/2128 1315/645/2119
f  1315/645/2119 1319/655/2128 1320/651/2129
f  1315/645/2111 1320/651/2121 1311/646/2112
f  1209/498/2130 1321/632/2131 1210/499/2132
f  1209/501/2133 1325/633/2134 1321/634/2135
f  1210/499/2132 1321/632/2131 1322/635/2136
f  1210/499/2137 1322/635/2138 1211/502/2139
f  1211/502/2139 1322/635/2138 1323/636/2140
f  1211/502/2141 1323/636/2142 1212/503/2143
f  1212/503/2143 1323/636/2142 1324/637/2144
f  1212/503/2145 1324/637/2146 1213/500/2147
f  1213/500/2147 1324/637/2146 1325/633/2148
f  1213/500/2149 1325/633/2134 1209/501/2133
f  1321/632/2131 1326/638/2150 1322/635/2136
f  1321/634/2135 1330/639/2151 1326/640/2152
f  1322/635/2136 1326/638/2150 1327/641/2153
f  1322/635/2138 1327/641/2154 1323/636/2140
f  1323/636/2140 1327/641/2154 1328/642/2155
f  1323/636/2142 1328/642/2156 1324/637/2144
f  1324/637/2144 1328/642/2156 1329/643/2157
f  1324/637/2146 1329/643/2158 1325/633/2148
f  1325/633/2148 1329/643/2158 1330/639/2159
f  1325/633/2134 1330/639/2151 1321/634/2135
f  1326/638/2150 1331/644/2160 1327/641/2153
f  1326/640/2152 1335/645/2161 1331/646/2162
f  1327/641/2153 1331/644/2160 1332/647/2163
f  1327/641/2154 1332/647/2164 1328/642/2155
f  1328/642/2155 1332/647/2164 1333/648/2165
f  1328/642/2156 1333/648/2166 1329/643/2157
f  1329/643/2157 1333/648/2166 1334/649/2167
f  1329/643/2158 1334/649/2168 1330/639/2159
f  1330/639/2159 1334/649/2168 1335/645/2169
f  1330/639/2151 1335/645/2161 1326/640/2152
f  1331/644/2160 1336/650/2170 1332/647/2163
f  1331/646/2162 1340/651/2171 1336/652/2172
f  1332/647/2163 1336/650/2170 1337/653/2173
f  1332/647/2164 1337/653/2174 1333/648/2165
f  1333/648/2165 1337/653/2174 1338/654/2175
f  1333/648/2166 1338/654/2176 1334/649/2167
f  1334/649/2167 1338/654/2176 1339/655/2177
f  1334/649/2168 1339/655/2178 1335/645/2169
f  1335/645/2169 1339/655/2178 1340/651/2179
f  1335/645/2161 1340/651/2171 1331/646/2162
f  1238/498/2180 1341/632/2181 1239/499/2182
f  1238/501/2183 1345/633/2184 1341/634/2185
f  1239/499/2182 1341/632/2181 1342/635/2186
f  1239/499/2187 1342/635/2188 1240/502/2189
f  1240/502/2189 1342/635/2188 1343/636/2190
f  1240/502/2191 1343/636/2192 1241/503/2193
f  1241/503/2193 1343/636/2192 1344/637/2194
f  1241/503/2195 1344/637/2196 1242/500/2197
f  1242/500/2197 1344/637/2196 1345/633/2198
f  1242/500/2199 1345/633/2184 1238/501/2183
f  1341/632/2181 1346/638/2200 1342/635/2186
f  1341/634/2185 1350/639/2201 1346/640/2202
f  1342/635/2186 1346/638/2200 1347/641/2203
f  1342/635/2188 1347/641/2204 1343/636/2190
f  1343/636/2190 1347/641/2204 1348/642/2205
f  1343/636/2192 1348/642/2206 1344/637/2194
f  1344/637/2194 1348/642/2206 1349/643/2207
f  1344/637/2196 1349/643/2208 1345/633/2198
f  1345/633/2198 1349/643/2208 1350/639/2209
f  1345/633/2184 1350/639/2201 1341/634/2185
f  1346/638/2200 1351/644/2210 1347/641/2203
f  1346/640/2202 1355/645/2211 1351/646/2212
f  1347/641/2203 1351/644/2210 1352/647/2213
f  1347/641/2204 1352/647/2214 1348/642/2205
f  1348/642/2205 1352/647/2214 1353/648/2215
f  1348/642/2206 1353/648/2216 1349/643/2207
f  1349/643/2207 1353/648/2216 1354/649/2217
f  1349/643/2208 1354/649/2218 1350/639/2209
f  1350/639/2209 1354/649/2218 1355/645/2219
f  1350/639/2201 1355/645/2211 1346/640/2202
f  1351/644/2210 1356/650/2220 1352/647/2213
f  1351/646/2212 1360/651/2221 1356/652/2222
f  1352/647/2213 1356/650/2220 1357/653/2223
f  1352/647/2214 1357/653/2224 1353/648/2215
f  1353/648/2215 1357/653/2224 1358/654/2225
f  1353/648/2216 1358/654/2226 1354/649/2217
f  1354/649/2217 1358/654/2226 1359/655/2227
f  1354/649/2218 1359/655/2228 1355/645/2219
f  1355/645/2219 1359/655/2228 1360/651/2229
f  1355/645/2211 1360/651/2221 1351/646/2212
f  1267/498/2230 1361/632/2231 1268/499/2232
f  1267/501/2233 1365/633/2234 1361/634/2235
f  1268/499/2232 1361/632/2231 1362/635/2236
f  1268/499/2237 1362/635/2238 1269/502/2239
f  1269/502/2239 1362/635/2238 1363/636/2240
f  1269/502/2241 1363/636/2242 1270/503/2243
f  1270/503/2243 1363/636/2242 1364/637/2244
f  1270/503/2245 1364/637/2246 1271/500/2247
f  1271/500/2247 1364/637/2246 1365/633/2248
f  1271/500/2249 1365/633/2234 1267/501/2233
f  1361/632/2231 1366/638/2250 1362/635/2236
f  1361/634/2235 1370/639/2251 1366/640/2252
f  1362/635/2236 1366/638/2250 1367/641/2253
f  1362/635/2238 1367/641/2254 1363/636/2240
f  1363/636/2240 1367/641/2254 1368/642/2255
f  1363/636/2242 1368/642/2256 1364/637/2244
f  1364/637/2244 1368/642/2256 1369/643/2257
f  1364/637/2246 1369/643/2258 1365/633/2248
f  1365/633/2248 1369/643/2258 1370/639/2259
f  1365/633/2234 1370/639/2251 1361/634/2235
f  1366/638/2250 1371/644/2260 1367/641/2253
f  1366/640/2252 1375/645/2261 1371/646/2262
f  1367/641/2253 1371/644/2260 1372/647/2263
f  1367/641/2254 1372/647/2264 1368/642/2255
f  1368/642/2255 1372/647/2264 1373/648/2265
f  1368/642/2256 1373/648/2266 1369/643/2257
f  1369/643/2257 1373/648/2266 1374/649/2267
f  1369/643/2258 1374/649/2268 1370/639/2259
f  1370/639/2259 1374/649/2268 1375/645/2269
f  1370/639/2251 1375/645/2261 1366/640/2252
f  1371/644/2260 1376/650/2270 1372/647/2263
f  1371/646/2262 1380/651/2271 1376/652/2272
f  1372/647/2263 1376/650/2270 1377/653/2273
f  1372/647/2264 1377/653/2274 1373/648/2265
f  1373/648/2265 1377/653/2274 1378/654/2275
f  1373/648/2266 1378/654/2276 1374/649/2267
f  1374/649/2267 1378/654/2276 1379/655/2277
f  1374/649/2268 1379/655/2278 1375/645/2269
f  1375/645/2269 1379/655/2278 1380/651/2279
f  1375/645/2261 1380/651/2271 1371/646/2262
f  1296/498/2280 1381/632/2281 1297/499/2282
f  1296/501/2283 1385/633/2284 1381/634/2285
f  1297/499/2282 1381/632/2281 1382/635/2286
f  1297/499/2287 1382/635/2288 1298/502/2289
f  1298/502/2289 1382/635/2288 1383/636/2290
f  1298/502/2291 1383/636/2292 1299/503/2293
f  1299/503/2293 1383/636/2292 1384/637/2294
f  1299/503/2295 1384/637/2296 1300/500/2297
f  1300/500/2297 1384/637/2296 1385/633/2298
f  1300/500/2299 1385/633/2284 1296/501/2283
f  1381/632/2281 1386/638/2300 1382/635/2286
f  1381/634/2285 1390/639/2301 1386/640/2302
f  1382/635/2286 1386/638/2300 1387/641/2303
f  1382/635/2288 1387/641/2304 1383/636/2290
f  1383/636/2290 1387/641/2304 1388/642/2305
f  1383/636/2292 1388/642/2306 1384/637/2294
f  1384/637/2294 1388/642/2306 1389/643/2307
f  1384/637/2296 1389/643/2308 1385/633/2298
f  1385/633/2298 1389/643/2308 1390/639/2309
f  1385/633/2284 1390/639/2301 1381/634/2285
f  1386/638/2300 1391/644/2310 1387/641/2303
f  1386/640/2302 1395/645/2311 1391/646/2312
f  1387/641/2303 1391/644/2310 1392/647/2313
f  1387/641/2304 1392/647/2314 1388/642/2305
f  1388/642/2305 1392/647/2314 1393/648/2315
f  1388/642/2306 1393/648/2316 1389/643/2307
f  1389/643/2307 1393/648/2316 1394/649/2317
f  1389/643/2308 1394/649/2318 1390/639/2309
f  1390/639/2309 1394/649/2318 1395/645/2319
f  1390/639/2301 1395/645/2311 1386/640/2302
f  1391/644/2310 1396/650/2320 1392/647/2313
f  1391/646/2312 1400/651/2321 1396/652/2322
f  1392/647/2313 1396/650/2320 1397/653/2323
f  1392/647/2314 1397/653/2324 1393/648/2315
f  1393/648/2315 1397/653/2324 1398/654/2325
f  1393/648/2316 1398/654/2326 1394/649/2317
f  1394/649/2317 1398/654/2326 1399/655/2327
f  1394/649/2318 1399/655/2328 1395/645/2319
f  1395/645/2319 1399/655/2328 1400/651/2329
f  1395/645/2311 1400/651/2321 1391/646/2312
usemtl Stalk2
f  1401/656/2330 1404/657/2331 1402/658/2332
f  1401/659/2333 1406/660/2334 1404/661/2335
f  1402/658/2332 1404/657/2331 1405/662/2336
f  1402/658/2337 1405/662/2338 1403/663/2339
f  1403/663/2339 1405/662/2338 1406/660/2340
f  1403/663/2341 1406/660/2334 1401/659/2333
f  1404/657/2331 1407/664/2342 1405/662/2336
f  1404/661/2335 1409/665/2343 1407/666/2344
f  1405/662/2336 1407/664/2342 1408/667/2345
f  1405/662/2338 1408/667/2346 1406/660/2340
f  1406/660/2340 1408/667/2346 1409/665/2347
f  1406/660/2334 1409/665/2343 1404/661/2335
f  1407/664/2342 1410/668/2348 1408/667/2345
f  1407/666/2344 1412/669/2349 1410/670/2350
f  1408/667/2345 1410/668/2348 1411/671/2351
f  1408/667/2346 1411/671/2352 1409/665/2347
f  1409/665/2347 1411/671/2352 1412/669/2353
f  1409/665/2343 1412/669/2349 1407/666/2344
f  1410/668/2348 1413/672/2354 1411/671/2351
f  1410/670/2350 1415/673/2355 1413/674/2356
f  1411/671/2351 1413/672/2354 1414/675/2357
f  1411/671/2352 1414/675/2358 1412/669/2353
f  1412/669/2353 1414/675/2358 1415/673/2359
f  1412/669/2349 1415/673/2355 1410/670/2350
f  1416/676/2360 1419/677/2361 1417/678/2362
f  1416/679/2363 1421/680/2364 1419/681/2365
f  1417/678/2362 1419/677/2361 1420/682/2366
f  1417/678/2367 1420/682/2368 1418/683/2369
f  1418/683/2369 1420/682/2368 1421/680/2370
f  1418/683/2371 1421/680/2364 1416/679/2363
f  1419/677/2361 1422/684/2372 1420/682/2366
f  1419/681/2365 1424/685/2373 1422/686/2374
f  1420/682/2366 1422/684/2372 1423/687/2375
f  1420/682/2368 1423/687/2376 1421/680/2370
f  1421/680/2370 1423/687/2376 1424/685/2377
f  1421/680/2364 1424/685/2373 1419/681/2365
f  1422/684/2372 1425/688/2378 1423/687/2375
f  1422/686/2374 1427/689/2379 1425/690/2380
f  1423/687/2375 1425/688/2378 1426/691/2381
f  1423/687/2376 1426/691/2382 1424/685/2377
f  1424/685/2377 1426/691/2382 1427/689/2383
f  1424/685/2373 1427/689/2379 1422/686/2374
f  1425/688/2378 1428/692/2384 1426/691/2381
f  1425/690/2380 1430/693/2385 1428/694/2386
f  1426/691/2381 1428/692/2384 1429/695/2387
f  1426/691/2382 1429/695/2388 1427/689/2383
f  1427/689/2383 1429/695/2388 1430/693/2389
f  1427/689/2379 1430/693/2385 1425/690/2380
f  1431/696/2390 1434/697/2391 1432/698/2392
f  1431/699/2393 1436/700/2394 1434/701/2395
f  1432/698/2392 1434/697/2391 1435/702/2396
f  1432/698/2397 1435/702/2398 1433/703/2399
f  1433/703/2399 1435/702/2398 1436/700/2400
f  1433/703/2401 1436/700/2394 1431/699/2393
f  1434/697/2391 1437/704/2402 1435/702/2396
f  1434/701/2395 1439/705/2403 1437/706/2404
f  1435/702/2396 1437/704/2402 1438/707/2405
f  1435/702/2398 1438/707/2406 1436/700/2400
f  1436/700/2400 1438/707/2406 1439/705/2407
f  1436/700/2394 1439/705/2403 1434/701/2395
f  1437/704/2402 1440/708/2408 1438/707/2405
f  1437/706/2404 1442/709/2409 1440/710/2410
f  1438/707/2405 1440/708/2408 1441/711/2411
f  1438/707/2406 1441/711/2412 1439/705/2407
f  1439/705/2407 1441/711/2412 1442/709/2413
f  1439/705/2403 1442/709/2409 1437/706/2404
f  1440/708/2408 1443/712/2414 1441/711/2411
f  1440/710/2410 1445/713/2415 1443/714/2416
f  1441/711/2411 1443/712/2414 1444/715/2417
f  1441/711/2412 1444/715/2418 1442/709/2413
f  1442/709/2413 1444/715/2418 1445/713/2419
f  1442/709/2409 1445/713/2415 1440/710/2410
f  1446/716/2420 1449/717/2421 1447/718/2422
f  1446/719/2423 1451/720/2424 1449/721/2425
f  1447/718/2422 1449/717/2421 1450/722/2426
f  1447/718/2427 1450/722/2428 1448/723/2429
f  1448/723/2429 1450/722/2428 1451/720/2430
f  1448/723/2431 1451/720/2424 1446/719/2423
f  1449/717/2421 1452/724/2432 1450/722/2426
f  1449/721/2425 1454/725/2433 1452/726/2434
f  1450/722/2426 1452/724/2432 1453/727/2435
f  1450/722/2428 1453/727/2436 1451/720/2430
f  1451/720/2430 1453/727/2436 1454/725/2437
f  1451/720/2424 1454/725/2433 1449/721/2425
f  1452/724/2432 1455/728/2438 1453/727/2435
f  1452/726/2434 1457/729/2439 1455/730/2440
f  1453/727/2435 1455/728/2438 1456/731/2441
f  1453/727/2436 1456/731/2442 1454/725/2437
f  1454/725/2437 1456/731/2442 1457/729/2443
f  1454/725/2433 1457/729/2439 1452/726/2434
f  1455/728/2438 1458/732/2444 1456/731/2441
f  1455/730/2440 1460/733/2445 1458/734/2446
f  1456/731/2441 1458/732/2444 1459/735/2447
f  1456/731/2442 1459/735/2448 1457/729/2443
f  1457/729/2443 1459/735/2448 1460/733/2449
f  1457/729/2439 1460/733/2445 1455/730/2440
f  1461/736/2450 1464/737/2451 1462/738/2452
f  1461/739/2453 1466/740/2454 1464/741/2455
f  1462/738/2452 1464/737/2451 1465/742/2456
f  1462/738/2457 1465/742/2458 1463/743/2459
f  1463/743/2459 1465/742/2458 1466/740/2460
f  1463/743/2461 1466/740/2454 1461/739/2453
f  1464/737/2451 1467/744/2462 1465/742/2456
f  1464/741/2455 1469/745/2463 1467/746/2464
f  1465/742/2456 1467/744/2462 1468/747/2465
f  1465/742/2458 1468/747/2466 1466/740/2460
f  1466/740/2460 1468/747/2466 1469/745/2467
f  1466/740/2454 1469/745/2463 1464/741/2455
f  1467/744/2462 1470/748/2468 1468/747/2465
f  1467/746/2464 1472/749/2469 1470/750/2470
f  1468/747/2465 1470/748/2468 1471/751/2471
f  1468/747/2466 1471/751/2472 1469/745/2467
f  1469/745/2467 1471/751/2472 1472/749/2473
f  1469/745/2463 1472/749/2469 1467/746/2464
f  1470/748/2468 1473/752/2474 1471/751/2471
f  1470/750/2470 1475/753/2475 1473/754/2476
f  1471/751/2471 1473/752/2474 1474/755/2477
f  1471/751/2472 1474/755/2478 1472/749/2473
f  1472/749/2473 1474/755/2478 1475/753/2479
f  1472/749/2469 1475/753/2475 1470/750/2470
usemtl Petal
f  1476/1/2480 1479/52/2481 1477/3/2482
f  1477/3/2482 1479/52/2481 1480/756/2483
f  1477/3/2482 1480/756/2483 1478/5/2484
f  1478/5/2484 1480/756/2483 1481/55/2485
f  1479/52/2481 1482/58/2486 1480/756/2483
f  1480/756/2483 1482/58/2486 1483/757/2487
f  1480/756/2483 1483/757/2487 1481/55/2485
f  1481/55/2485 1483/757/2487 1484/60/2488
f  1482/58/2486 1485/62/2489 1483/757/2487
f  1483/757/2487 1485/62/2489 1486/758/2490
f  1483/757/2487 1486/758/2490 1484/60/2488
f  1484/60/2488 1486/758/2490 1487/64/2491
f  1485/62/2489 1488/66/2492 1486/758/2490
f  1486/758/2490 1488/66/2492 1489/759/2493
f  1486/758/2490 1489/759/2493 1487/64/2491
f  1487/64/2491 1489/759/2493 1490/68/2494
f  1488/66/2492 1491/14/2495 1489/759/2493
f  1489/759/2493 1491/14/2496 1490/68/2494
f  1492/1/2497 1495/52/2498 1493/3/2499
f  1493/3/2499 1495/52/2498 1496/756/2500
f  1493/3/2499 1496/756/2500 1494/5/2501
f  1494/5/2501 1496/756/2500 1497/55/2502
f  1495/52/2498 1498/58/2503 1496/756/2500
f  1496/756/2500 1498/58/2503 1499/757/2504
f  1496/756/2500 1499/757/2504 1497/55/2502
f  1497/55/2502 1499/757/2504 1500/60/2505
f  1498/58/2503 1501/62/2506 1499/757/2504
f  1499/757/2504 1501/62/2506 1502/758/2507
f  1499/757/2504 1502/758/2507 1500/60/2505
f  1500/60/2505 1502/758/2507 1503/64/2508
f  1501/62/2506 1504/66/2509 1502/758/2507
f  1502/758/2507 1504/66/2509 1505/759/2510
f  1502/758/2507 1505/759/2510 1503/64/2508
f  1503/64/2508 1505/759/2510 1506/68/2511
f  1504/66/2509 1507/14/2512 1505/759/2510
f  1505/759/2510 1507/14/2513 1506/68/2511
f  1508/1/2514 1511/52/2515 1509/3/2516
f  1509/3/2516 1511/52/2515 1512/756/2517
f  1509/3/2516 1512/756/2517 1510/5/2518
f  1510/5/2518 1512/756/2517 1513/55/2519
f  1511/52/2515 1514/58/2520 1512/756/2517
f  1512/756/2517 1514/58/2520 1515/757/2521
f  1512/756/2517 1515/757/2521 1513/55/2519
f  1513/55/2519 1515/757/2521 1516/60/2522
f  1514/58/2520 1517/62/2523 1515/757/2521
f  1515/757/2521 1517/62/2523 1518/758/2524
f  1515/757/2521 1518/758/2524 1516/60/2522
f  1516/60/2522 1518/758/2524 1519/64/2525
f  1517/62/2523 1520/66/2526 1518/758/2524
f  1518/758/2524 1520/66/2526 1521/759/2527
f  1518/758/2524 1521/759/2527 1519/64/2525
f  1519/64/2525 1521/759/2527 1522/68/2528
f  1520/66/2526 1523/14/2529 1521/759/2527
f  1521/759/2527 1523/14/2530 1522/68/2528
f  1524/1/2531 1527/52/2532 1525/3/2533
f  1525/3/2533 1527/52/2532 1528/756/2534
f  1525/3/2533 1528/756/2534 1526/5/2535
f  1526/5/2535 1528/756/2534 1529/55/2536
f  1527/52/2532 1530/58/2537 1528/756/2534
f  1528/756/2534 1530/58/2537 1531/757/2538
f  1528/756/2534 1531/757/2538 1529/55/2536
f  1529/55/2536 1531/757/2538 1532/60/2539
f  1530/58/2537 1533/62/2540 1531/757/2538
f  1531/757/2538 1533/62/2540 1534/758/2541
f  1531/757/2538 1534/758/2541 1532/60/2539
f  1532/60/2539 1534/758/2541 1535/64/2542
f  1533/62/2540 1536/66/2543 1534/758/2541
f  1534/758/2541 1536/66/2543 1537/759/2544
f  1534/758/2541 1537/759/2544 1535/64/2542
f  1535/64/2542 1537/759/2544 1538/68/2545
f  1536/66/2543 1539/14/2546 1537/759/2544
f  1537/759/2544 1539/14/2547 1538/68/2545
f  1540/1/2548 1543/52/2549 1541/3/2550
f  1541/3/2550 1543/52/2549 1544/756/2551
f  1541/3/2550 1544/756/2551 1542/5/2552
f  1542/5/2552 1544/756/2551 1545/55/2553
f  1543/52/2549 1546/58/2554 1544/756/2551
f  1544/756/2551 1546/58/2554 1547/757/2555
f  1544/756/2551 1547/757/2555 1545/55/2553
f  1545/55/2553 1547/757/2555 1548/60/2556
f  1546/58/2554 1549/62/2557 1547/757/2555
f  1547/757/2555 1549/62/2557 1550/758/2558
f  1547/757/2555 1550/758/2558 1548/60/2556
f  1548/60/2556 1550/758/2558 1551/64/2559
f  1549/62/2557 1552/66/2560 1550/758/2558
f  1550/758/2558 1552/66/2560 1553/759/2561
f  1550/758/2558 1553/759/2561 1551/64/2559
f  1551/64/2559 1553/759/2561 1554/68/2562
f  1552/66/2560 1555/14/2563 1553/759/2561
f  1553/759/2561 1555/14/2564 1554/68/2562
f  1556/1/2565 1559/52/2566 1557/3/2567
f  1557/3/2567 1559/52/2566 1560/756/2568
f  1557/3/2569 1560/756/2570 1558/5/2571
f  1558/5/2571 1560/756/2570 1561/55/2572
f  1559/52/2566 1562/58/2573 1560/756/2568
f  1560/756/2568 1562/58/2573 1563/757/2574
f  1560/756/2570 1563/757/2575 1561/55/2572
f  1561/55/2572 1563/757/2575 1564/60/2576
f  1562/58/2573 1565/62/2577 1563/757/2574
f  1563/757/2574 1565/62/2577 1566/758/2578
f  1563/757/2575 1566/758/2579 1564/60/2576
f  1564/60/2576 1566/758/2579 1567/64/2580
f  1565/62/2577 1568/66/2581 1566/758/2578
f  1566/758/2578 1568/66/2581 1569/759/2582
f  1566/758/2579 1569/759/2583 1567/64/2580
f  1567/64/2580 1569/759/2583 1570/68/2584
f  1568/66/2581 1571/14/2585 1569/759/2582
f  1569/759/2583 1571/14/2586 1570/68/2584
f  1572/1/2587 1575/52/2588 1573/3/2589
f  1573/3/2589 1575/52/2588 1576/756/2590
f  1573/3/2591 1576/756/2592 1574/5/2593
f  1574/5/2593 1576/756/2592 1577/55/2594
f  1575/52/2588 1578/58/2595 1576/756/2590
f  1576/756/2590 1578/58/2595 1579/757/2596
f  1576/756/2592 1579/757/2597 1577/55/2594
f  1577/55/2594 1579/757/2597 1580/60/2598
f  1578/58/2595 1581/62/2599 1579/757/2596
f  1579/757/2596 1581/62/2599 1582/758/2600
f  1579/757/2597 1582/758/2601 1580/60/2598
f  1580/60/2598 1582/758/2601 1583/64/2602
f  1581/62/2599 1584/66/2603 1582/758/2600
f  1582/758/2600 1584/66/2603 1585/759/2604
f  1582/758/2601 1585/759/2605 1583/64/2602
f  1583/64/2602 1585/759/2605 1586/68/2606
f  1584/66/2603 1587/14/2607 1585/759/2604
f  1585/759/2605 1587/14/2608 1586/68/2606
f  1588/1/2609 1591/52/2610 1589/3/2611
f  1589/3/2611 1591/52/2610 1592/756/2612
f  1589/3/2613 1592/756/2614 1590/5/2615
f  1590/5/2615 1592/756/2614 1593/55/2616
f  1591/52/2610 1594/58/2617 1592/756/2612
f  1592/756/2612 1594/58/2617 1595/757/2618
f  1592/756/2614 1595/757/2619 1593/55/2616
f  1593/55/2616 1595/757/2619 1596/60/2620
f  1594/58/2617 1597/62/2621 1595/757/2618
f  1595/757/2618 1597/62/2621 1598/758/2622
f  1595/757/2619 1598/758/2623 1596/60/2620
f  1596/60/2620 1598/758/2623 1599/64/2624
f  1597/62/2621 1600/66/2625 1598/758/2622
f  1598/758/2622 1600/66/2625 1601/759/2626
f  1598/758/2623 1601/759/2627 1599/64/2624
f  1599/64/2624 1601/759/2627 1602/68/2628
f  1600/66/2625 1603/14/2629 1601/759/2626
f  1601/759/2627 1603/14/2630 1602/68/2628
f  1604/1/2631 1607/52/2632 1605/3/2633
f  1605/3/2633 1607/52/2632 1608/756/2634
f  1605/3/2635 1608/756/2636 1606/5/2637
f  1606/5/2637 1608/756/2636 1609/55/2638
f  1607/52/2632 1610/58/2639 1608/756/2634
f  1608/756/2634 1610/58/2639 1611/757/2640
f  1608/756/2636 1611/757/2641 1609/55/2638
f  1609/55/2638 1611/757/2641 1612/60/2642
f  1610/58/2639 1613/62/2643 1611/757/2640
f  1611/757/2640 1613/62/2643 1614/758/2644
f  1611/757/2641 1614/758/2645 1612/60/2642
f  1612/60/2642 1614/758/2645 1615/64/2646
f  1613/62/2643 1616/66/2647 1614/758/2644
f  1614/758/2644 1616/66/2647 1617/759/2648
f  1614/758/2645 1617/759/2649 1615/64/2646
f  1615/64/2646 1617/759/2649 1618/68/2650
f  1616/66/2647 1619/14/2651 1617/759/2648
f  1617/759/2649 1619/14/2652 1618/68/2650
f  1620/1/2653 1623/52/2654 1621/3/2655
f  1621/3/2655 1623/52/2654 1624/756/2656
f  1621/3/2657 1624/756/2658 1622/5/2659
f  1622/5/2659 1624/756/2658 1625/55/2660
f  1623/52/2654 1626/58/2661 1624/756/2656
f  1624/756/2656 1626/58/2661 1627/757/2662
f  1624/756/2658 1627/757/2663 1625/55/2660
f  1625/55/2660 1627/757/2663 1628/60/2664
f  1626/58/2661 1629/62/2665 1627/757/2662
f  1627/757/2662 1629/62/2665 1630/758/2666
f  1627/757/2663 1630/758/2667 1628/60/2664
f  1628/60/2664 1630/758/2667 1631/64/2668
f  1629/62/2665 1632/66/2669 1630/758/2666
f  1630/758/2666 1632/66/2669 1633/759/2670
f  1630/758/2667 1633/759/2671 1631/64/2668
f  1631/64/2668 1633/759/2671 1634/68/2672
f  1632/66/2669 1635/14/2673 1633/759/2670
f  1633/759/2671 1635/14/2674 1634/68/2672
f  1636/1/2675 1639/52/2676 1637/3/2677
f  1637/3/2677 1639/52/2676 1640/756/2678
f  1637/3/2679 1640/756/2680 1638/5/2681
f  1638/5/2681 1640/756/2680 1641/55/2682
f  1639/52/2676 1642/58/2683 1640/756/2678
f  1640/756/2678 1642/58/2683 1643/757/2684
f  1640/756/2680 1643/757/2685 1641/55/2682
f  1641/55/2682 1643/757/2685 1644/60/2686
f  1642/58/2683 1645/62/2687 1643/757/2684
f  1643/757/2684 1645/62/2687 1646/758/2688
f  1643/757/2685 1646/758/2689 1644/60/2686
f  1644/60/2686 1646/758/2689 1647/64/2690
f  1645/62/2687 1648/66/2691 1646/758/2688
f  1646/758/2688 1648/66/2691 1649/759/2692
f  1646/758/2689 1649/759/2693 1647/64/2690
f  1647/64/2690 1649/759/2693 1650/68/2694
f  1648/66/2691 1651/14/2695 1649/759/2692
f  1649/759/2693 1651/14/2696 1650/68/2694
f  1652/1/2697 1655/52/2698 1653/3/2699
f  1653/3/2699 1655/52/2698 1656/756/2700
f  1653/3/2701 1656/756/2702 1654/5/2703
f  1654/5/2703 1656/756/2702 1657/55/2704
f  1655/52/2698 1658/58/2705 1656/756/2700
f  1656/756/2700 1658/58/2705 1659/757/2706
f  1656/756/2702 1659/757/2707 1657/55/2704
f  1657/55/2704 1659/757/2707 1660/60/2708
f  1658/58/2705 1661/62/2709 1659/757/2706
f  1659/757/2706 1661/62/2709 1662/758/2710
f  1659/757/2707 1662/758/2711 1660/60/2708
f  1660/60/2708 1662/758/2711 1663/64/2712
f  1661/62/2709 1664/66/2713 1662/758/2710
f  1662/758/2710 1664/66/2713 1665/759/2714
f  1662/758/2711 1665/759/2715 1663/64/2712
f  1663/64/2712 1665/759/2715 1666/68/2716
f  1664/66/2713 1667/14/2717 1665/759/2714
f  1665/759/2715 1667/14/2718 1666/68/2716
f  1668/1/2719 1671/52/2720 1669/3/2721
f  1669/3/2721 1671/52/2720 1672/756/2722
f  1669/3/2723 1672/756/2724 1670/5/2725
f  1670/5/2725 1672/756/2724 1673/55/2726
f  1671/52/2720 1674/58/2727 1672/756/2722
f  1672/756/2722 1674/58/2727 1675/757/2728
f  1672/756/2724 1675/757/2729 1673/55/2726
f  1673/55/2726 1675/757/2729 1676/60/2730
f  1674/58/2727 1677/62/2731 1675/757/2728
f  1675/757/2728 1677/62/2731 1678/758/2732
f  1675/757/2729 1678/758/2733 1676/60/2730
f  1676/60/2730 1678/758/2733 1679/64/2734
f  1677/62/2731 1680/66/2735 1678/758/2732
f  1678/758/2732 1680/66/2735 1681/759/2736
f  1678/758/2733 1681/759/2737 1679/64/2734
f  1679/64/2734 1681/759/2737 1682/68/2738
f  1680/66/2735 1683/14/2739 1681/759/2736
f  1681/759/2737 1683/14/2740 1682/68/2738
f  1684/1/2741 1687/52/2742 1685/3/2743
f  1685/3/2743 1687/52/2742 1688/756/2744
f  1685/3/2745 1688/756/2746 1686/5/2747
f  1686/5/2747 1688/756/2746 1689/55/2748
f  1687/52/2742 1690/58/2749 1688/756/2744
f  1688/756/2744 1690/58/2749 1691/757/2750
f  1688/756/2746 1691/757/2751 1689/55/2748
f  1689/55/2748 1691/757/2751 1692/60/2752
f  1690/58/2749 1693/62/2753 1691/757/2750
f  1691/757/2750 1693/62/2753 1694/758/2754
f  1691/757/2751 1694/758/2755 1692/60/2752
f  1692/60/2752 1694/758/2755 1695/64/2756
f  1693/62/2753 1696/66/2757 1694/758/2754
f  1694/758/2754 1696/66/2757 1697/759/2758
f  1694/758/2755 1697/759/2759 1695/64/2756
f  1695/64/2756 1697/759/2759 1698/68/2760
f  1696/66/2757 1699/14/2761 1697/759/2758
f  1697/759/2759 1699/14/2762 1698/68/2760
f  1700/1/2763 1703/52/2764 1701/3/2765
f  1701/3/2765 1703/52/2764 1704/756/2766
f  1701/3/2767 1704/756/2768 1702/5/2769
f  1702/5/2769 1704/756/2768 1705/55/2770
f  1703/52/2764 1706/58/2771 1704/756/2766
f  1704/756/2766 1706/58/2771 1707/757/2772
f  1704/756/2768 1707/757/2773 1705/55/2770
f  1705/55/2770 1707/757/2773 1708/60/2774
f  1706/58/2771 1709/62/2775 1707/757/2772
f  1707/757/2772 1709/62/2775 1710/758/2776
f  1707/757/2773 1710/758/2777 1708/60/2774
f  1708/60/2774 1710/758/2777 1711/64/2778
f  1709/62/2775 1712/66/2779 1710/758/2776
f  1710/758/2776 1712/66/2779 1713/759/2780
f  1710/758/2777 1713/759/2781 1711/64/2778
f  1711/64/2778 1713/759/2781 1714/68/2782
f  1712/66/2779 1715/14/2783 1713/759/2780
f  1713/759/2781 1715/14/2784 1714/68/2782
f  1716/1/2785 1719/202/2786 1717/3/2787
f  1717/3/2787 1719/202/2786 1720/203/2788
f  1717/3/2789 1720/203/2790 1718/5/2791
f  1718/5/2791 1720/203/2790 1721/204/2792
f  1719/202/2786 1722/205/2793 1720/203/2788
f  1720/203/2788 1722/205/2793 1723/206/2794
f  1720/203/2790 1723/206/2795 1721/204/2792
f  1721/204/2792 1723/206/2795 1724/207/2796
f  1722/205/2793 1725/208/2797 1723/206/2794
f  1723/206/2794 1725/208/2797 1726/209/2798
f  1723/206/2795 1726/209/2799 1724/207/2796
f  1724/207/2796 1726/209/2799 1727/210/2800
f  1725/208/2797 1728/211/2801 1726/209/2798
f  1726/209/2798 1728/211/2801 1729/212/2802
f  1726/209/2799 1729/212/2803 1727/210/2800
f  1727/210/2800 1729/212/2803 1730/213/2804
f  1728/211/2801 1731/214/2805 1729/212/2802
f  1729/212/2802 1731/214/2805 1732/215/2806
f  1729/212/2803 1732/215/2807 1730/213/2804
f  1730/213/2804 1732/215/2807 1733/216/2808
f  1731/214/2805 1734/217/2809 1732/215/2806
f  1732/215/2806 1734/217/2809 1735/218/2810
f  1732/215/2807 1735/218/2811 1733/216/2808
f  1733/216/2812 1735/218/2812 1736/219/2812
f  1734/217/2809 1737/14/2813 1735/218/2810
f  1735/218/2811 1737/14/2814 1736/219/2814
f  1738/1/2815 1741/202/2816 1739/3/2817
f  1739/3/2817 1741/202/2816 1742/203/2818
f  1739/3/2819 1742/203/2820 1740/5/2821
f  1740/5/2821 1742/203/2820 1743/204/2822
f  1741/202/2816 1744/205/2823 1742/203/2818
f  1742/203/2818 1744/205/2823 1745/206/2824
f  1742/203/2820 1745/206/2825 1743/204/2822
f  1743/204/2822 1745/206/2825 1746/207/2826
f  1744/205/2823 1747/208/2827 1745/206/2824
f  1745/206/2824 1747/208/2827 1748/209/2828
f  1745/206/2825 1748/209/2829 1746/207/2826
f  1746/207/2826 1748/209/2829 1749/210/2830
f  1747/208/2827 1750/211/2831 1748/209/2828
f  1748/209/2828 1750/211/2831 1751/212/2832
f  1748/209/2829 1751/212/2833 1749/210/2830
f  1749/210/2830 1751/212/2833 1752/213/2834
f  1750/211/2831 1753/214/2835 1751/212/2832
f  1751/212/2832 1753/214/2835 1754/215/2836
f  1751/212/2833 1754/215/2837 1752/213/2834
f  1752/213/2838 1754/215/2838 1755/216/2838
f  1753/214/2835 1756/217/2839 1754/215/2836
f  1754/215/2836 1756/217/2839 1757/218/2840
f  1754/215/2837 1757/218/2841 1755/216/2842
f  1755/216/2843 1757/218/2843 1758/219/2843
f  1756/217/2839 1759/14/2844 1757/218/2844
f  1757/218/2841 1759/14/2845 1758/219/2845
f  1760/1/2846 1763/202/2847 1761/3/2848
f  1761/3/2848 1763/202/2847 1764/203/2849
f  1761/3/2850 1764/203/2851 1762/5/2852
f  1762/5/2852 1764/203/2851 1765/204/2853
f  1763/202/2847 1766/205/2854 1764/203/2849
f  1764/203/2849 1766/205/2854 1767/206/2855
f  1764/203/2851 1767/206/2856 1765/204/2853
f  1765/204/2853 1767/206/2856 1768/207/2857
f  1766/205/2854 1769/208/2858 1767/206/2855
f  1767/206/2855 1769/208/2858 1770/209/2859
f  1767/206/2856 1770/209/2860 1768/207/2857
f  1768/207/2857 1770/209/2860 1771/210/2861
f  1769/208/2858 1772/211/2862 1770/209/2859
f  1770/209/2859 1772/211/2862 1773/212/2863
f  1770/209/2860 1773/212/2864 1771/210/2861
f  1771/210/2861 1773/212/2864 1774/213/2865
f  1772/211/2862 1775/214/2866 1773/212/2863
f  1773/212/2863 1775/214/2866 1776/215/2867
f  1773/212/2864 1776/215/2868 1774/213/2865
f  1774/213/2865 1776/215/2868 1777/216/2869
f  1775/214/2866 1778/217/2870 1776/215/2867
f  1776/215/2867 1778/217/2870 1779/218/2871
f  1776/215/2868 1779/218/2872 1777/216/2873
f  1777/216/2874 1779/218/2874 1780/219/2874
f  1778/217/2870 1781/14/2875 1779/218/2871
f  1779/218/2872 1781/14/2876 1780/219/2876
f  1782/1/2877 1785/202/2878 1783/3/2879
f  1783/3/2879 1785/202/2878 1786/203/2880
f  1783/3/2881 1786/203/2882 1784/5/2883
f  1784/5/2883 1786/203/2882 1787/204/2884
f  1785/202/2878 1788/205/2885 1786/203/2880
f  1786/203/2880 1788/205/2885 1789/206/2886
f  1786/203/2882 1789/206/2887 1787/204/2884
f  1787/204/2884 1789/206/2887 1790/207/2888
f  1788/205/2885 1791/208/2889 1789/206/2886
f  1789/206/2886 1791/208/2889 1792/209/2890
f  1789/206/2887 1792/209/2891 1790/207/2888
f  1790/207/2888 1792/209/2891 1793/210/2892
f  1791/208/2889 1794/211/2893 1792/209/2890
f  1792/209/2890 1794/211/2893 1795/212/2894
f  1792/209/2891 1795/212/2895 1793/210/2892
f  1793/210/2892 1795/212/2895 1796/213/2896
f  1794/211/2893 1797/214/2897 1795/212/2894
f  1795/212/2894 1797/214/2897 1798/215/2898
f  1795/212/2895 1798/215/2899 1796/213/2896
f  1796/213/2900 1798/215/2900 1799/216/2900
f  1797/214/2897 1800/217/2901 1798/215/2898
f  1798/215/2898 1800/217/2901 1801/218/2902
f  1798/215/2899 1801/218/2903 1799/216/2904
f  1799/216/2905 1801/218/2905 1802/219/2905
f  1800/217/2901 1803/14/2906 1801/218/2906
f  1801/218/2903 1803/14/2907 1802/219/2907
f  1804/1/2908 1807/202/2909 1805/3/2910
f  1805/3/2910 1807/202/2909 1808/203/2911
f  1805/3/2912 1808/203/2913 1806/5/2914
f  1806/5/2914 1808/203/2913 1809/204/2915
f  1807/202/2909 1810/205/2916 1808/203/2911
f  1808/203/2911 1810/205/2916 1811/206/2917
f  1808/203/2913 1811/206/2918 1809/204/2915
f  1809/204/2915 1811/206/2918 1812/207/2919
f  1810/205/2916 1813/208/2920 1811/206/2917
f  1811/206/2917 1813/208/2920 1814/209/2921
f  1811/206/2918 1814/209/2922 1812/207/2919
f  1812/207/2919 1814/209/2922 1815/210/2923
f  1813/208/2920 1816/211/2924 1814/209/2921
f  1814/209/2921 1816/211/2924 1817/212/2925
f  1814/209/2922 1817/212/2926 1815/210/2923
f  1815/210/2923 1817/212/2926 1818/213/2927
f  1816/211/2924 1819/214/2928 1817/212/2925
f  1817/212/2925 1819/214/2928 1820/215/2929
f  1817/212/2926 1820/215/2930 1818/213/2927
f  1818/213/2927 1820/215/2930 1821/216/2931
f  1819/214/2928 1822/217/2932 1820/215/2929
f  1820/215/2929 1822/217/2932 1823/218/2933
f  1820/215/2930 1823/218/2934 1821/216/2931
f  1821/216/2935 1823/218/2935 1824/219/2935
f  1822/217/2932 1825/14/2936 1823/218/2933
f  1823/218/2934 1825/14/2937 1824/219/2937
f  1826/1/2938 1829/202/2939 1827/3/2940
f  1827/3/2940 1829/202/2939 1830/203/2941
f  1827/3/2942 1830/203/2943 1828/5/2944
f  1828/5/2944 1830/203/2943 1831/204/2945
f  1829/202/2939 1832/205/2946 1830/203/2941
f  1830/203/2941 1832/205/2946 1833/206/2947
f  1830/203/2943 1833/206/2948 1831/204/2945
f  1831/204/2945 1833/206/2948 1834/207/2949
f  1832/205/2946 1835/208/2950 1833/206/2947
f  1833/206/2947 1835/208/2950 1836/209/2951
f  1833/206/2948 1836/209/2952 1834/207/2949
f  1834/207/2949 1836/209/2952 1837/210/2953
f  1835/208/2950 1838/211/2954 1836/209/2951
f  1836/209/2951 1838/211/2954 1839/212/2955
f  1836/209/2952 1839/212/2956 1837/210/2953
f  1837/210/2953 1839/212/2956 1840/213/2957
f  1838/211/2954 1841/214/2958 1839/212/2955
f  1839/212/2955 1841/214/2958 1842/215/2959
f  1839/212/2956 1842/215/2960 1840/213/2957
f  1840/213/2957 1842/215/2960 1843/216/2961
f  1841/214/2962 1844/217/2962 1842/215/2962
f  1842/215/2959 1844/217/2963 1845/218/2963
f  1842/215/2960 1845/218/2964 1843/216/2961
f  1843/216/2961 1845/218/2964 1846/219/2965
f  1844/217/2963 1847/14/2966 1845/218/2963
f  1845/218/2967 1847/14/2967 1846/219/2967
f  1848/1/2968 1851/202/2969 1849/3/2970
f  1849/3/2970 1851/202/2969 1852/203/2971
f  1849/3/2972 1852/203/2973 1850/5/2974
f  1850/5/2974 1852/203/2973 1853/204/2975
f  1851/202/2969 1854/205/2976 1852/203/2971
f  1852/203/2971 1854/205/2976 1855/206/2977
f  1852/203/2973 1855/206/2978 1853/204/2975
f  1853/204/2975 1855/206/2978 1856/207/2979
f  1854/205/2976 1857/208/2980 1855/206/2977
f  1855/206/2977 1857/208/2980 1858/209/2981
f  1855/206/2978 1858/209/2982 1856/207/2979
f  1856/207/2979 1858/209/2982 1859/210/2983
f  1857/208/2980 1860/211/2984 1858/209/2981
f  1858/209/2981 1860/211/2984 1861/212/2985
f  1858/209/2982 1861/212/2986 1859/210/2983
f  1859/210/2983 1861/212/2986 1862/213/2987
f  1860/211/2988 1863/214/2988 1861/212/2988
f  1861/212/2985 1863/214/2989 1864/215/2990
f  1861/212/2986 1864/215/2991 1862/213/2987
f  1862/213/2987 1864/215/2991 1865/216/2992
f  1863/214/2989 1866/217/2993 1864/215/2990
f  1864/215/2990 1866/217/2993 1867/218/2994
f  1864/215/2991 1867/218/2995 1865/216/2992
f  1865/216/2992 1867/218/2995 1868/219/2996
f  1866/217/2993 1869/14/2997 1867/218/2994
f  1867/218/2995 1869/14/2998 1868/219/2996
f  1870/1/2999 1873/202/3000 1871/3/3001
f  1871/3/3001 1873/202/3000 1874/203/3002
f  1871/3/3003 1874/203/3004 1872/5/3005
f  1872/5/3005 1874/203/3004 1875/204/3006
f  1873/202/3000 1876/205/3007 1874/203/3002
f  1874/203/3002 1876/205/3007 1877/206/3008
f  1874/203/3004 1877/206/3009 1875/204/3006
f  1875/204/3006 1877/206/3009 1878/207/3010
f  1876/205/3007 1879/208/3011 1877/206/3008
f  1877/206/3008 1879/208/3011 1880/209/3012
f  1877/206/3009 1880/209/3013 1878/207/3010
f  1878/207/3010 1880/209/3013 1881/210/3014
f  1879/208/3011 1882/211/3015 1880/209/3012
f  1880/209/3012 1882/211/3015 1883/212/3016
f  1880/209/3013 1883/212/3017 1881/210/3014
f  1881/210/3014 1883/212/3017 1884/213/3018
f  1882/211/3015 1885/214/3019 1883/212/3016
f  1883/212/3016 1885/214/3019 1886/215/3020
f  1883/212/3017 1886/215/3021 1884/213/3018
f  1884/213/3018 1886/215/3021 1887/216/3022
f  1885/214/3023 1888/217/3023 1886/215/3023
f  1886/215/3020 1888/217/3024 1889/218/3024
f  1886/215/3021 1889/218/3025 1887/216/3022
f  1887/216/3022 1889/218/3025 1890/219/3026
f  1888/217/3024 1891/14/3027 1889/218/3024
f  1889/218/3028 1891/14/3028 1890/219/3028
f  1892/1/3029 1895/202/3030 1893/3/3031
f  1893/3/3031 1895/202/3030 1896/203/3032
f  1893/3/3033 1896/203/3034 1894/5/3035
f  1894/5/3035 1896/203/3034 1897/204/3036
f  1895/202/3030 1898/205/3037 1896/203/3032
f  1896/203/3032 1898/205/3037 1899/206/3038
f  1896/203/3034 1899/206/3039 1897/204/3036
f  1897/204/3036 1899/206/3039 1900/207/3040
f  1898/205/3037 1901/208/3041 1899/206/3038
f  1899/206/3038 1901/208/3041 1902/209/3042
f  1899/206/3039 1902/209/3043 1900/207/3040
f  1900/207/3040 1902/209/3043 1903/210/3044
f  1901/208/3041 1904/211/3045 1902/209/3042
f  1902/209/3042 1904/211/3045 1905/212/3046
f  1902/209/3043 1905/212/3047 1903/210/3044
f  1903/210/3044 1905/212/3047 1906/213/3048
f  1904/211/3049 1907/214/3049 1905/212/3049
f  1905/212/3046 1907/214/3050 1908/215/3051
f  1905/212/3047 1908/215/3052 1906/213/3048
f  1906/213/3048 1908/215/3052 1909/216/3053
f  1907/214/3050 1910/217/3054 1908/215/3051
f  1908/215/3051 1910/217/3054 1911/218/3055
f  1908/215/3052 1911/218/3056 1909/216/3053
f  1909/216/3053 1911/218/3056 1912/219/3057
f  1910/217/3054 1913/14/3058 1911/218/3055
f  1911/218/3056 1913/14/3059 1912/219/3057
f  1914/1/3060 1917/202/3061 1915/3/3062
f  1915/3/3062 1917/202/3061 1918/203/3063
f  1915/3/3064 1918/203/3065 1916/5/3066
f  1916/5/3066 1918/203/3065 1919/204/3067
f  1917/202/3061 1920/205/3068 1918/203/3063
f  1918/203/3063 1920/205/3068 1921/206/3069
f  1918/203/3065 1921/206/3070 1919/204/3067
f  1919/204/3067 1921/206/3070 1922/207/3071
f  1920/205/3068 1923/208/3072 1921/206/3069
f  1921/206/3069 1923/208/3072 1924/209/3073
f  1921/206/3070 1924/209/3074 1922/207/3071
f  1922/207/3071 1924/209/3074 1925/210/3075
f  1923/208/3072 1926/211/3076 1924/209/3073
f  1924/209/3073 1926/211/3076 1927/212/3077
f  1924/209/3074 1927/212/3078 1925/210/3075
f  1925/210/3075 1927/212/3078 1928/213/3079
f  1926/211/3076 1929/214/3080 1927/212/3077
f  1927/212/3077 1929/214/3080 1930/215/3081
f  1927/212/3078 1930/215/3082 1928/213/3079
f  1928/213/3079 1930/215/3082 1931/216/3083
f  1929/214/3084 1932/217/3084 1930/215/3084
f  1930/215/3081 1932/217/3085 1933/218/3085
f  1930/215/3082 1933/218/3086 1931/216/3083
f  1931/216/3083 1933/218/3086 1934/219/3087
f  1932/217/3085 1935/14/3088 1933/218/3085
f  1933/218/3089 1935/14/3089 1934/219/3089
usemtl Leaf6
f  1936/1/3090 1938/13/3090 1937/5/3090
f  1937/5/3090 1938/13/3090 1939/15/3091
f  1940/1/3092 1942/13/3092 1941/5/3092
f  1941/5/3092 1942/13/3092 1943/15/3092
f  1944/1/3093 1946/13/3094 1945/5/3094
f  1945/5/3094 1946/13/3094 1947/15/3095
f  1948/1/3096 1950/13/3097 1949/5/3097
f  1949/5/3097 1950/13/3097 1951/15/3098
f  1952/1/3099 1954/13/3100 1953/5/3100
f  1953/5/3100 1954/13/3100 1955/15/3101
f  1956/1/3102 1958/13/3103 1957/5/3103
f  1957/5/3103 1958/13/3103 1959/15/3103
usemtl Stalk2
f  1960/90/3104 1963/760/3105 1961/761/3106
f  1961/761/3106 1963/760/3105 1964/762/3107
f  1961/761/3108 1964/762/3109 1962/92/3110
f  1962/92/3110 1964/762/3109 1965/763/3111
f  1963/760/3105 1966/764/3112 1964/762/3107
f  1964/762/3107 1966/764/3112 1967/765/3113
f  1964/762/3109 1967/765/3114 1965/763/3111
f  1965/763/3111 1967/765/3114 1968/766/3115
f  1966/764/3112 1969/767/3116 1967/765/3113
f  1967/765/3113 1969/767/3116 1970/768/3117
f  1967/765/3114 1970/768/3118 1968/766/3115
f  1968/766/3115 1970/768/3118 1971/769/3119
f  1969/767/3116 1972/110/3120 1970/768/3117
f  1970/768/3117 1972/110/3120 1973/770/3121
f  1970/768/3118 1973/770/3122 1971/769/3119
f  1971/769/3119 1973/770/3122 1974/112/3123
f  1972/110/3120 1975/771/3124 1973/770/3121
f  1973/770/3121 1975/771/3124 1976/772/3125
f  1973/770/3122 1976/772/3126 1974/112/3123
f  1974/112/3123 1976/772/3126 1977/773/3127
f  1975/771/3124 1978/774/3128 1976/772/3125
f  1976/772/3125 1978/774/3128 1979/775/3129
f  1976/772/3126 1979/775/3130 1977/773/3127
f  1977/773/3127 1979/775/3130 1980/776/3131
f  1978/774/3128 1981/777/3132 1979/775/3129
f  1979/775/3129 1981/777/3132 1982/778/3133
f  1979/775/3130 1982/778/3134 1980/776/3131
f  1980/776/3131 1982/778/3134 1983/779/3135
f  1981/777/3132 1984/130/3136 1982/778/3133
f  1982/778/3133 1984/130/3136 1985/780/3137
f  1982/778/3134 1985/780/3138 1983/779/3135
f  1983/779/3135 1985/780/3138 1986/132/3139
f  1987/72/3140 1990/781/3141 1988/782/3142
f  1988/782/3142 1990/781/3141 1991/783/3143
f  1988/782/3144 1991/783/3145 1989/74/3146
f  1989/74/3146 1991/783/3145 1992/784/3147
f  1990/781/3141 1993/785/3148 1991/783/3143
f  1991/783/3143 1993/785/3148 1994/786/3149
f  1991/783/3145 1994/786/3150 1992/784/3147
f  1992/784/3147 1994/786/3150 1995/787/3151
f  1993/785/3148 1996/788/3152 1994/786/3149
f  1994/786/3149 1996/788/3152 1997/789/3153
f  1994/786/3150 1997/789/3154 1995/787/3151
f  1995/787/3151 1997/789/3154 1998/790/3155
f  1996/788/3152 1999/90/3156 1997/789/3153
f  1997/789/3153 1999/90/3156 2000/761/3157
f  1997/789/3154 2000/761/3158 1998/790/3155
f  1998/790/3155 2000/761/3158 2001/92/3159
f  1999/90/3156 2002/760/3160 2000/761/3157
f  2000/761/3157 2002/760/3160 2003/762/3161
f  2000/761/3158 2003/762/3162 2001/92/3159
f  2001/92/3159 2003/762/3162 2004/763/3163
f  2002/760/3160 2005/764/3164 2003/762/3161
f  2003/762/3161 2005/764/3164 2006/765/3165
f  2003/762/3162 2006/765/3166 2004/763/3163
f  2004/763/3163 2006/765/3166 2007/766/3167
f  2005/764/3164 2008/767/3168 2006/765/3165
f  2006/765/3165 2008/767/3168 2009/768/3169
f  2006/765/3166 2009/768/3170 2007/766/3167
f  2007/766/3167 2009/768/3170 2010/769/3171
f  2008/767/3168 2011/110/3172 2009/768/3169
f  2009/768/3169 2011/110/3172 2012/770/3173
f  2009/768/3170 2012/770/3174 2010/769/3171
f  2010/769/3171 2012/770/3174 2013/112/3175
f  2011/110/3172 2014/771/3176 2012/770/3173
f  2012/770/3173 2014/771/3176 2015/772/3177
f  2012/770/3174 2015/772/3178 2013/112/3175
f  2013/112/3175 2015/772/3178 2016/773/3179
f  2017/90/3180 2020/760/3181 2018/761/3182
f  2018/761/3182 2020/760/3181 2021/762/3183
f  2018/761/3184 2021/762/3185 2019/92/3186
f  2019/92/3186 2021/762/3185 2022/763/3187
f  2020/760/3181 2023/764/3188 2021/762/3183
f  2021/762/3183 2023/764/3188 2024/765/3189
f  2021/762/3185 2024/765/3190 2022/763/3187
f  2022/763/3187 2024/765/3190 2025/766/3191
f  2023/764/3188 2026/767/3192 2024/765/3189
f  2024/765/3189 2026/767/3192 2027/768/3193
f  2024/765/3190 2027/768/3194 2025/766/3191
f  2025/766/3191 2027/768/3194 2028/769/3195
f  2026/767/3192 2029/110/3196 2027/768/3193
f  2027/768/3193 2029/110/3196 2030/770/3197
f  2027/768/3194 2030/770/3198 2028/769/3195
f  2028/769/3195 2030/770/3198 2031/112/3199
f  2029/110/3196 2032/771/3200 2030/770/3197
f  2030/770/3197 2032/771/3200 2033/772/3201
f  2030/770/3198 2033/772/3202 2031/112/3199
f  2031/112/3199 2033/772/3202 2034/773/3203
f  2032/771/3200 2035/774/3204 2033/772/3201
f  2033/772/3201 2035/774/3204 2036/775/3205
f  2033/772/3202 2036/775/3206 2034/773/3203
f  2034/773/3203 2036/775/3206 2037/776/3207
f  2035/774/3204 2038/777/3208 2036/775/3205
f  2036/775/3205 2038/777/3208 2039/778/3209
f  2036/775/3206 2039/778/3210 2037/776/3207
f  2037/776/3207 2039/778/3210 2040/779/3211
f  2038/777/3208 2041/130/3212 2039/778/3209
f  2039/778/3209 2041/130/3212 2042/780/3213
f  2039/778/3210 2042/780/3214 2040/779/3211
f  2040/779/3211 2042/780/3214 2043/132/3215
f  2041/130/3212 2044/791/3216 2042/780/3213
f  2042/780/3213 2044/791/3216 2045/792/3217
f  2042/780/3214 2045/792/3218 2043/132/3215
f  2043/132/3215 2045/792/3218 2046/793/3219
f  2044/791/3216 2047/794/3220 2045/792/3217
f  2045/792/3217 2047/794/3220 2048/795/3221
f  2045/792/3218 2048/795/3222 2046/793/3219
f  2046/793/3219 2048/795/3222 2049/796/3223
f  2047/794/3220 2050/797/3224 2048/795/3221
f  2048/795/3221 2050/797/3224 2051/798/3225
f  2048/795/3222 2051/798/3226 2049/796/3223
f  2049/796/3223 2051/798/3226 2052/799/3227
f  2050/797/3224 2053/150/3228 2051/798/3225
f  2051/798/3225 2053/150/3228 2054/221/3229
f  2051/798/3226 2054/221/3230 2052/799/3227
f  2052/799/3227 2054/221/3230 2055/152/3231
f  2053/150/3228 2056/220/3232 2054/221/3229
f  2054/221/3229 2056/220/3232 2057/222/3233
f  2054/221/3230 2057/222/3234 2055/152/3231
f  2055/152/3231 2057/222/3234 2058/223/3235
f  2059/72/3236 2062/781/3237 2060/782/3238
f  2060/782/3238 2062/781/3237 2063/783/3239
f  2060/782/3240 2063/783/3241 2061/74/3242
f  2061/74/3242 2063/783/3241 2064/784/3243
f  2062/781/3237 2065/785/3244 2063/783/3239
f  2063/783/3239 2065/785/3244 2066/786/3245
f  2063/783/3241 2066/786/3246 2064/784/3243
f  2064/784/3243 2066/786/3246 2067/787/3247
f  2065/785/3244 2068/788/3248 2066/786/3245
f  2066/786/3245 2068/788/3248 2069/789/3249
f  2066/786/3246 2069/789/3250 2067/787/3247
f  2067/787/3247 2069/789/3250 2070/790/3251
f  2068/788/3248 2071/90/3252 2069/789/3249
f  2069/789/3249 2071/90/3252 2072/761/3253
f  2069/789/3250 2072/761/3254 2070/790/3251
f  2070/790/3251 2072/761/3254 2073/92/3255
f  2071/90/3252 2074/760/3256 2072/761/3253
f  2072/761/3253 2074/760/3256 2075/762/3257
f  2072/761/3254 2075/762/3258 2073/92/3255
f  2073/92/3255 2075/762/3258 2076/763/3259
f  2074/760/3256 2077/764/3260 2075/762/3257
f  2075/762/3257 2077/764/3260 2078/765/3261
f  2075/762/3258 2078/765/3262 2076/763/3259
f  2076/763/3259 2078/765/3262 2079/766/3263
f  2077/764/3260 2080/767/3264 2078/765/3261
f  2078/765/3261 2080/767/3264 2081/768/3265
f  2078/765/3262 2081/768/3266 2079/766/3263
f  2079/766/3263 2081/768/3266 2082/769/3267
f  2080/767/3264 2083/110/3268 2081/768/3265
f  2081/768/3265 2083/110/3268 2084/770/3269
f  2081/768/3266 2084/770/3270 2082/769/3267
f  2082/769/3267 2084/770/3270 2085/112/3271
f  2083/110/3268 2086/771/3272 2084/770/3269
f  2084/770/3269 2086/771/3272 2087/772/3273
f  2084/770/3270 2087/772/3274 2085/112/3271
f  2085/112/3271 2087/772/3274 2088/773/3275
f  2086/771/3272 2089/774/3276 2087/772/3273
f  2087/772/3273 2089/774/3276 2090/775/3277
f  2087/772/3274 2090/775/3278 2088/773/3275
f  2088/773/3275 2090/775/3278 2091/776/3279
f  2089/774/3276 2092/777/3280 2090/775/3277
f  2090/775/3277 2092/777/3280 2093/778/3281
f  2090/775/3278 2093/778/3282 2091/776/3279
f  2091/776/3279 2093/778/3282 2094/779/3283
f  2095/90/3284 2098/760/3285 2096/761/3286
f  2096/761/3286 2098/760/3285 2099/762/3287
f  2096/761/3288 2099/762/3289 2097/92/3290
f  2097/92/3290 2099/762/3289 2100/763/3291
f  2098/760/3285 2101/764/3292 2099/762/3287
f  2099/762/3287 2101/764/3292 2102/765/3293
f  2099/762/3289 2102/765/3294 2100/763/3291
f  2100/763/3291 2102/765/3294 2103/766/3295
f  2101/764/3292 2104/767/3296 2102/765/3293
f  2102/765/3293 2104/767/3296 2105/768/3297
f  2102/765/3294 2105/768/3298 2103/766/3295
f  2103/766/3295 2105/768/3298 2106/769/3299
f  2104/767/3296 2107/110/3300 2105/768/3297
f  2105/768/3297 2107/110/3300 2108/770/3301
f  2105/768/3298 2108/770/3302 2106/769/3299
f  2106/769/3299 2108/770/3302 2109/112/3303
f  2107/110/3300 2110/771/3304 2108/770/3301
f  2108/770/3301 2110/771/3304 2111/772/3305
f  2108/770/3302 2111/772/3306 2109/112/3303
f  2109/112/3303 2111/772/3306 2112/773/3307
f  2110/771/3304 2113/774/3308 2111/772/3305
f  2111/772/3305 2113/774/3308 2114/775/3309
f  2111/772/3306 2114/775/3310 2112/773/3307
f  2112/773/3307 2114/775/3310 2115/776/3311
f  2113/774/3308 2116/777/3312 2114/775/3309
f  2114/775/3309 2116/777/3312 2117/778/3313
f  2114/775/3310 2117/778/3314 2115/776/3311
f  2115/776/3311 2117/778/3314 2118/779/3315
f  2116/777/3312 2119/130/3316 2117/778/3313
f  2117/778/3313 2119/130/3316 2120/780/3317
f  2117/778/3314 2120/780/3318 2118/779/3315
f  2118/779/3315 2120/780/3318 2121/132/3319
f  2119/130/3316 2122/791/3320 2120/780/3317
f  2120/780/3317 2122/791/3320 2123/792/3321
f  2120/780/3318 2123/792/3322 2121/132/3319
f  2121/132/3319 2123/792/3322 2124/793/3323
f  2122/791/3320 2125/794/3324 2123/792/3321
f  2123/792/3321 2125/794/3324 2126/795/3325
f  2123/792/3322 2126/795/3326 2124/793/3323
f  2124/793/3323 2126/795/3326 2127/796/3327
f  2125/794/3324 2128/797/3328 2126/795/3325
f  2126/795/3325 2128/797/3328 2129/798/3329
f  2126/795/3326 2129/798/3330 2127/796/3327
f  2127/796/3327 2129/798/3330 2130/799/3331
f  2128/797/3328 2131/150/3332 2129/798/3329
f  2129/798/3329 2131/150/3332 2132/221/3333
f  2129/798/3330 2132/221/3334 2130/799/3331
f  2130/799/3331 2132/221/3334 2133/152/3335
f  2131/150/3332 2134/220/3336 2132/221/3333
f  2132/221/3333 2134/220/3336 2135/222/3337
f  2132/221/3334 2135/222/3338 2133/152/3335
f  2133/152/3335 2135/222/3338 2136/223/3339
f  2134/220/3336 2137/224/3340 2135/222/3337
f  2135/222/3337 2137/224/3340 2138/225/3341
f  2135/222/3338 2138/225/3342 2136/223/3339
f  2136/223/3339 2138/225/3342 2139/226/3343
f  2140/72/3344 2143/781/3345 2141/782/3346
f  2141/782/3346 2143/781/3345 2144/783/3347
f  2141/782/3348 2144/783/3349 2142/74/3350
f  2142/74/3350 2144/783/3349 2145/784/3351
f  2143/781/3345 2146/785/3352 2144/783/3347
f  2144/783/3347 2146/785/3352 2147/786/3353
f  2144/783/3349 2147/786/3354 2145/784/3351
f  2145/784/3351 2147/786/3354 2148/787/3355
f  2146/785/3352 2149/788/3356 2147/786/3353
f  2147/786/3353 2149/788/3356 2150/789/3357
f  2147/786/3354 2150/789/3358 2148/787/3355
f  2148/787/3355 2150/789/3358 2151/790/3359
f  2149/788/3356 2152/90/3360 2150/789/3357
f  2150/789/3357 2152/90/3360 2153/761/3361
f  2150/789/3358 2153/761/3362 2151/790/3359
f  2151/790/3359 2153/761/3362 2154/92/3363
f  2152/90/3360 2155/760/3364 2153/761/3361
f  2153/761/3361 2155/760/3364 2156/762/3365
f  2153/761/3362 2156/762/3366 2154/92/3363
f  2154/92/3363 2156/762/3366 2157/763/3367
f  2155/760/3364 2158/764/3368 2156/762/3365
f  2156/762/3365 2158/764/3368 2159/765/3369
f  2156/762/3366 2159/765/3370 2157/763/3367
f  2157/763/3367 2159/765/3370 2160/766/3371
f  2158/764/3368 2161/767/3372 2159/765/3369
f  2159/765/3369 2161/767/3372 2162/768/3373
f  2159/765/3370 2162/768/3374 2160/766/3371
f  2160/766/3371 2162/768/3374 2163/769/3375
f  2161/767/3372 2164/110/3376 2162/768/3373
f  2162/768/3373 2164/110/3376 2165/770/3377
f  2162/768/3374 2165/770/3378 2163/769/3375
f  2163/769/3375 2165/770/3378 2166/112/3379
f  2164/110/3376 2167/771/3380 2165/770/3377
f  2165/770/3377 2167/771/3380 2168/772/3381
f  2165/770/3378 2168/772/3382 2166/112/3379
f  2166/112/3379 2168/772/3382 2169/773/3383
f  2167/771/3380 2170/774/3384 2168/772/3381
f  2168/772/3381 2170/774/3384 2171/775/3385
f  2168/772/3382 2171/775/3386 2169/773/3383
f  2169/773/3383 2171/775/3386 2172/776/3387
f  2170/774/3384 2173/777/3388 2171/775/3385
f  2171/775/3385 2173/777/3388 2174/778/3389
f  2171/775/3386 2174/778/3390 2172/776/3387
f  2172/776/3387 2174/778/3390 2175/779/3391
f  2173/777/3388 2176/130/3392 2174/778/3389
f  2174/778/3389 2176/130/3392 2177/780/3393
f  2174/778/3390 2177/780/3394 2175/779/3391
f  2175/779/3391 2177/780/3394 2178/132/3395
usemtl Leaf3
f  2179/1/3396 2182/25/3397 2180/3/3398
f  2180/3/3398 2182/25/3397 2183/26/3399
f  2180/3/3400 2183/26/3399 2181/5/3401
f  2181/5/3401 2183/26/3399 2184/27/3402
f  2182/25/3397 2185/28/3403 2183/26/3399
f  2183/26/3399 2185/28/3403 2186/29/3404
f  2183/26/3399 2186/29/3405 2184/27/3402
f  2184/27/3402 2186/29/3405 2187/30/3406
f  2185/28/3403 2188/31/3407 2186/29/3404
f  2186/29/3404 2188/31/3407 2189/32/3408
f  2186/29/3405 2189/32/3409 2187/30/3406
f  2187/30/3406 2189/32/3409 2190/33/3410
f  2188/31/3407 2191/34/3411 2189/32/3408
f  2189/32/3408 2191/34/3411 2192/35/3412
f  2189/32/3409 2192/35/3413 2190/33/3410
f  2190/33/3410 2192/35/3413 2193/36/3414
f  2191/34/3411 2194/37/3415 2192/35/3412
f  2192/35/3412 2194/37/3415 2195/38/3416
f  2192/35/3413 2195/38/3416 2193/36/3414
f  2193/36/3414 2195/38/3416 2196/39/3417
f  2194/37/3415 2197/40/3418 2195/38/3416
f  2195/38/3416 2197/40/3418 2198/41/3419
f  2195/38/3416 2198/41/3419 2196/39/3417
f  2196/39/3417 2198/41/3419 2199/42/3420
f  2197/40/3418 2200/43/3421 2198/41/3419
f  2198/41/3419 2200/43/3421 2201/44/3422
f  2198/41/3419 2201/44/3422 2199/42/3420
f  2199/42/3420 2201/44/3422 2202/45/3423
f  2200/43/3421 2203/46/3424 2201/44/3422
f  2201/44/3422 2203/46/3424 2204/47/3425
f  2201/44/3422 2204/47/3425 2202/45/3423
f  2202/45/3423 2204/47/3425 2205/48/3426
f  2203/46/3424 2206/14/3427 2204/47/3425
f  2204/47/3425 2206/14/3428 2205/48/3428
f  2207/1/3429 2210/25/3430 2208/3/3431
f  2208/3/3431 2210/25/3430 2211/26/3432
f  2208/3/3433 2211/26/3434 2209/5/3435
f  2209/5/3435 2211/26/3434 2212/27/3436
f  2210/25/3430 2213/28/3437 2211/26/3432
f  2211/26/3432 2213/28/3437 2214/29/3438
f  2211/26/3434 2214/29/3439 2212/27/3436
f  2212/27/3436 2214/29/3439 2215/30/3440
f  2213/28/3437 2216/31/3441 2214/29/3438
f  2214/29/3438 2216/31/3441 2217/32/3442
f  2214/29/3439 2217/32/3442 2215/30/3440
f  2215/30/3440 2217/32/3442 2218/33/3443
f  2216/31/3441 2219/34/3444 2217/32/3442
f  2217/32/3442 2219/34/3444 2220/35/3445
f  2217/32/3442 2220/35/3445 2218/33/3443
f  2218/33/3443 2220/35/3445 2221/36/3446
f  2219/34/3444 2222/37/3447 2220/35/3445
f  2220/35/3445 2222/37/3447 2223/38/3448
f  2220/35/3445 2223/38/3449 2221/36/3446
f  2221/36/3446 2223/38/3449 2224/39/3450
f  2222/37/3447 2225/40/3451 2223/38/3448
f  2223/38/3448 2225/40/3451 2226/41/3452
f  2223/38/3449 2226/41/3452 2224/39/3450
f  2224/39/3450 2226/41/3452 2227/42/3453
f  2225/40/3454 2228/43/3455 2226/41/3454
f  2226/41/3452 2228/43/3455 2229/44/3456
f  2226/41/3452 2229/44/3456 2227/42/3453
f  2227/42/3453 2229/44/3456 2230/45/3457
f  2228/43/3455 2231/46/3458 2229/44/3456
f  2229/44/3456 2231/46/3458 2232/47/3459
f  2229/44/3456 2232/47/3460 2230/45/3457
f  2230/45/3457 2232/47/3460 2233/48/3461
f  2231/46/3458 2234/14/3462 2232/47/3459
f  2232/47/3460 2234/14/3463 2233/48/3461
f  2235/1/3464 2238/25/3465 2236/3/3466
f  2236/3/3466 2238/25/3465 2239/26/3467
f  2236/3/3468 2239/26/3467 2237/5/3469
f  2237/5/3469 2239/26/3467 2240/27/3470
f  2238/25/3465 2241/28/3471 2239/26/3467
f  2239/26/3467 2241/28/3471 2242/29/3472
f  2239/26/3467 2242/29/3473 2240/27/3470
f  2240/27/3470 2242/29/3473 2243/30/3474
f  2241/28/3471 2244/31/3475 2242/29/3472
f  2242/29/3472 2244/31/3475 2245/32/3476
f  2242/29/3473 2245/32/3477 2243/30/3474
f  2243/30/3474 2245/32/3477 2246/33/3478
f  2244/31/3475 2247/34/3479 2245/32/3476
f  2245/32/3476 2247/34/3479 2248/35/3480
f  2245/32/3477 2248/35/3481 2246/33/3478
f  2246/33/3478 2248/35/3481 2249/36/3482
f  2247/34/3479 2250/37/3483 2248/35/3480
f  2248/35/3480 2250/37/3483 2251/38/3484
f  2248/35/3481 2251/38/3484 2249/36/3482
f  2249/36/3482 2251/38/3484 2252/39/3485
f  2250/37/3483 2253/40/3486 2251/38/3484
f  2251/38/3484 2253/40/3486 2254/41/3487
f  2251/38/3484 2254/41/3487 2252/39/3485
f  2252/39/3485 2254/41/3487 2255/42/3488
f  2253/40/3486 2256/43/3489 2254/41/3487
f  2254/41/3487 2256/43/3489 2257/44/3490
f  2254/41/3487 2257/44/3490 2255/42/3488
f  2255/42/3488 2257/44/3490 2258/45/3491
f  2256/43/3489 2259/46/3492 2257/44/3490
f  2257/44/3490 2259/46/3492 2260/47/3493
f  2257/44/3490 2260/47/3493 2258/45/3491
f  2258/45/3491 2260/47/3493 2261/48/3494
f  2259/46/3492 2262/14/3495 2260/47/3493
f  2260/47/3493 2262/14/3496 2261/48/3496
f  2263/1/3497 2266/25/3498 2264/3/3499
f  2264/3/3499 2266/25/3498 2267/26/3500
f  2264/3/3501 2267/26/3502 2265/5/3503
f  2265/5/3503 2267/26/3502 2268/27/3504
f  2266/25/3498 2269/28/3505 2267/26/3500
f  2267/26/3500 2269/28/3505 2270/29/3506
f  2267/26/3502 2270/29/3507 2268/27/3504
f  2268/27/3504 2270/29/3507 2271/30/3508
f  2269/28/3505 2272/31/3509 2270/29/3506
f  2270/29/3506 2272/31/3509 2273/32/3510
f  2270/29/3507 2273/32/3510 2271/30/3508
f  2271/30/3508 2273/32/3510 2274/33/3511
f  2272/31/3509 2275/34/3512 2273/32/3510
f  2273/32/3510 2275/34/3512 2276/35/3513
f  2273/32/3510 2276/35/3513 2274/33/3511
f  2274/33/3511 2276/35/3513 2277/36/3514
f  2275/34/3512 2278/37/3515 2276/35/3513
f  2276/35/3513 2278/37/3515 2279/38/3516
f  2276/35/3513 2279/38/3517 2277/36/3514
f  2277/36/3514 2279/38/3517 2280/39/3518
f  2278/37/3515 2281/40/3519 2279/38/3516
f  2279/38/3516 2281/40/3519 2282/41/3520
f  2279/38/3517 2282/41/3520 2280/39/3518
f  2280/39/3518 2282/41/3520 2283/42/3521
f  2281/40/3522 2284/43/3523 2282/41/3522
f  2282/41/3520 2284/43/3523 2285/44/3524
f  2282/41/3520 2285/44/3524 2283/42/3521
f  2283/42/3521 2285/44/3524 2286/45/3525
f  2284/43/3523 2287/46/3526 2285/44/3524
f  2285/44/3524 2287/46/3526 2288/47/3527
f  2285/44/3524 2288/47/3528 2286/45/3525
f  2286/45/3525 2288/47/3528 2289/48/3529
f  2287/46/3526 2290/14/3530 2288/47/3527
f  2288/47/3528 2290/14/3531 2289/48/3529
f  2291/1/3532 2294/25/3533 2292/3/3534
f  2292/3/3534 2294/25/3533 2295/26/3535
f  2292/3/3536 2295/26/3535 2293/5/3537
f  2293/5/3537 2295/26/3535 2296/27/3538
f  2294/25/3533 2297/28/3539 2295/26/3535
f  2295/26/3535 2297/28/3539 2298/29/3540
f  2295/26/3535 2298/29/3541 2296/27/3538
f  2296/27/3538 2298/29/3541 2299/30/3542
f  2297/28/3539 2300/31/3543 2298/29/3540
f  2298/29/3540 2300/31/3543 2301/32/3544
f  2298/29/3541 2301/32/3545 2299/30/3542
f  2299/30/3542 2301/32/3545 2302/33/3546
f  2300/31/3543 2303/34/3547 2301/32/3544
f  2301/32/3544 2303/34/3547 2304/35/3548
f  2301/32/3545 2304/35/3549 2302/33/3546
f  2302/33/3546 2304/35/3549 2305/36/3550
f  2303/34/3547 2306/37/3551 2304/35/3548
f  2304/35/3548 2306/37/3551 2307/38/3552
f  2304/35/3549 2307/38/3552 2305/36/3550
f  2305/36/3550 2307/38/3552 2308/39/3553
f  2306/37/3551 2309/40/3554 2307/38/3552
f  2307/38/3552 2309/40/3554 2310/41/3555
f  2307/38/3552 2310/41/3555 2308/39/3553
f  2308/39/3553 2310/41/3555 2311/42/3556
f  2309/40/3554 2312/43/3557 2310/41/3555
f  2310/41/3555 2312/43/3557 2313/44/3558
f  2310/41/3555 2313/44/3558 2311/42/3556
f  2311/42/3556 2313/44/3558 2314/45/3559
f  2312/43/3557 2315/46/3560 2313/44/3558
f  2313/44/3558 2315/46/3560 2316/47/3561
f  2313/44/3558 2316/47/3561 2314/45/3559
f  2314/45/3559 2316/47/3561 2317/48/3562
f  2315/46/3560 2318/14/3563 2316/47/3561
f  2316/47/3561 2318/14/3564 2317/48/3564
f  2319/1/3565 2322/25/3566 2320/3/3567
f  2320/3/3567 2322/25/3566 2323/26/3568
f  2320/3/3569 2323/26/3570 2321/5/3571
f  2321/5/3571 2323/26/3570 2324/27/3572
f  2322/25/3566 2325/28/3573 2323/26/3568
f  2323/26/3568 2325/28/3573 2326/29/3574
f  2323/26/3570 2326/29/3575 2324/27/3572
f  2324/27/3572 2326/29/3575 2327/30/3576
f  2325/28/3573 2328/31/3577 2326/29/3574
f  2326/29/3574 2328/31/3577 2329/32/3578
f  2326/29/3575 2329/32/3578 2327/30/3576
f  2327/30/3576 2329/32/3578 2330/33/3579
f  2328/31/3577 2331/34/3580 2329/32/3578
f  2329/32/3578 2331/34/3580 2332/35/3581
f  2329/32/3578 2332/35/3581 2330/33/3579
f  2330/33/3579 2332/35/3581 2333/36/3582
f  2331/34/3580 2334/37/3583 2332/35/3581
f  2332/35/3581 2334/37/3583 2335/38/3584
f  2332/35/3581 2335/38/3585 2333/36/3582
f  2333/36/3582 2335/38/3585 2336/39/3586
f  2334/37/3583 2337/40/3587 2335/38/3584
f  2335/38/3584 2337/40/3587 2338/41/3588
f  2335/38/3585 2338/41/3588 2336/39/3586
f  2336/39/3586 2338/41/3588 2339/42/3589
f  2337/40/3590 2340/43/3591 2338/41/3590
f  2338/41/3588 2340/43/3591 2341/44/3592
f  2338/41/3588 2341/44/3592 2339/42/3589
f  2339/42/3589 2341/44/3592 2342/45/3593
f  2340/43/3591 2343/46/3594 2341/44/3592
f  2341/44/3592 2343/46/3594 2344/47/3595
f  2341/44/3592 2344/47/3596 2342/45/3593
f  2342/45/3593 2344/47/3596 2345/48/3597
f  2343/46/3594 2346/14/3598 2344/47/3595
f  2344/47/3596 2346/14/3599 2345/48/3597
