# 
# Wavefront OBJ file
# Converted by the DEEP Exploration 3.5.9.1158
# Right Hemisphere, LTD
# http://www.righthemisphere.com/
# 
mtllib GC20_1.mtl
# object GC20_1
g GC20_1
v -0.00740792 0.00195964 0.0218178
v 0 0 0.0205409
v 0.00665435 0.00490738 0.0218206
v -0.00465015 -0.00567969 0.0418732
v 0.00133075 -0.00723519 0.040767
v 0.00671437 -0.00329742 0.0418756
v -0.00150427 -0.0139052 0.0612908
v 0.00315403 -0.0150851 0.0603567
v 0.00736777 -0.0121038 0.061431
v 0.000428285 -0.0232262 0.07991
v 0.00420318 -0.0241595 0.0791083
v 0.00762775 -0.0217901 0.0800795
v 0.00273013 -0.0324083 0.0984288
v 0.0059434 -0.0330917 0.0975318
v 0.00888432 -0.0310693 0.0983759
v 0.0060709 -0.0438782 0.114797
v 0.00890245 -0.0444812 0.114014
v 0.011515 -0.0428254 0.114945
v 0.00714471 -0.0557076 0.130775
v 0.00958178 -0.0562461 0.130134
v 0.0118207 -0.0547924 0.130894
v 0.00756552 -0.0570726 0.132897
v 0.0099277 -0.0575065 0.132144
v 0.0121062 -0.0560484 0.132834
v 0.00347162 -0.00653995 0.0132057
v 0 0 0.0111626
v -0.00767938 0.00226178 0.0132471
v 0.0140329 0.00808993 0.0386896
v 0.011125 0.0133578 0.0368726
v 0.00490889 0.015294 0.0387266
v 0.0250683 0.0244162 0.0621059
v 0.0226686 0.0284717 0.0605102
v 0.0179416 0.0302331 0.0623168
v 0.0395124 0.0410178 0.0823006
v 0.0374562 0.0442113 0.0808785
v 0.0337562 0.045821 0.0825513
v 0.053801 0.0592405 0.100645
v 0.0517907 0.0616787 0.0991743
v 0.0486911 0.0631702 0.100677
v 0.0692991 0.0809318 0.111052
v 0.0674524 0.0830243 0.109723
v 0.0649464 0.0846357 0.111209
v 0.0880857 0.0999266 0.119164
v 0.0864575 0.101784 0.117995
v 0.0842502 0.103216 0.119315
v 0.0972504 0.112543 0.124156
v 0.0956448 0.114084 0.123042
v 0.0935935 0.115338 0.124228
v -0.168234 -0.0586235 0.162965
v 0.00984109 -0.0571518 0.131668
v 0.175399 0.0122518 0.153263
v -0.160053 -0.0821109 0.196433
v 0.0156562 -0.078261 0.160269
v 0.180137 -0.00919215 0.179554
v -0.150522 -0.117087 0.233427
v 0.0242661 -0.104188 0.192194
v 0.187153 -0.0297554 0.210772
v -0.142971 -0.136211 0.270745
v 0.0318771 -0.135829 0.226792
v 0.201038 -0.0766119 0.246331
v -0.136588 -0.151612 0.309812
v 0.0348253 -0.174765 0.261724
v 0.210801 -0.145879 0.282435
v -0.113383 -0.207773 0.376629
v 0.045448 -0.21915 0.29527
v 0.220416 -0.183881 0.284386
v -0.0899531 -0.29911 0.410332
v 0.0648725 -0.270774 0.319362
v 0.235886 -0.210145 0.308059
v -0.0739035 -0.371595 0.425784
v 0.0893754 -0.323139 0.344385
v 0.259913 -0.242265 0.347521
v -0.0214402 -0.452581 0.420294
v 0.121974 -0.376868 0.361093
v 0.26642 -0.284976 0.383364
v 0.167657 -0.424816 0.359144
v 0.228316 -0.000746832 0.166688
v 0.0952872 0.113619 0.122915
v -0.0495172 0.213736 0.164155
v 0.250591 0.0305416 0.174877
v 0.116576 0.141515 0.131045
v -0.0260758 0.242157 0.172494
v 0.280011 0.0748206 0.189303
v 0.140314 0.175665 0.137028
v -0.00598771 0.274919 0.17112
v 0.302837 0.108772 0.203683
v 0.169457 0.212907 0.14148
v 0.0287846 0.323079 0.165507
v 0.339452 0.153131 0.197324
v 0.201425 0.25438 0.143214
v 0.0629675 0.364134 0.175067
v 0.371624 0.181663 0.18297
v 0.241178 0.293561 0.133586
v 0.124878 0.425288 0.166723
v 0.413153 0.223124 0.190624
v 0.286339 0.327038 0.112077
v 0.176758 0.472057 0.108795
v 0.446942 0.211266 0.147935
v 0.337712 0.351992 0.085493
v 0.263494 0.524915 0.10043
v 0.487653 0.24231 0.101728
v 0.385072 0.36868 0.0441756
v 0.328572 0.531811 0.0451516
v 0.429418 0.388789 -0.000756582
v 0.00732679 0.00206481 0.0169473
v 0 0 0.0159011
v -0.003069 -0.00762452 0.0168659
v -0.00303146 0.0119321 0.0652306
v -0.00901986 0.0101937 0.0641987
v -0.0115792 0.0039582 0.0651506
v -0.0164034 0.0232149 0.111496
v -0.0211008 0.021759 0.110447
v -0.0232173 0.0168855 0.111495
v -0.0317083 0.0399339 0.154025
v -0.0355535 0.0387542 0.153216
v -0.0374152 0.0349542 0.154489
v -0.0448422 0.0606027 0.194462
v -0.0481579 0.0595968 0.193819
v -0.0497935 0.0564075 0.195067
v -0.0517485 0.0700964 0.214578
v -0.0548517 0.0691268 0.213945
v -0.0563383 0.0660612 0.215003
v -0.0592377 0.0804261 0.234409
v -0.0620505 0.0793756 0.233537
v -0.0633738 0.0763854 0.234341
v -0.0798388 0.097183 0.272144
v -0.0821336 0.0960699 0.271049
v -0.083253 0.0933754 0.271699
v -0.0995401 0.110205 0.293784
v -0.101451 0.109054 0.292679
v -0.102526 0.106717 0.293435
v 0.0387717 0.212298 0.357391
v -0.101069 0.108763 0.292321
v -0.192145 -0.0499628 0.324263
v 0.0117622 0.231163 0.381305
v -0.123935 0.125949 0.314212
v -0.214717 -0.0311987 0.346596
v -0.0267208 0.253951 0.417752
v -0.15316 0.145697 0.337047
v -0.244792 -0.013216 0.360902
v -0.0556047 0.269649 0.448791
v -0.18545 0.170444 0.361564
v -0.289877 0.0186753 0.38083
v -0.0987617 0.306403 0.469803
v -0.222485 0.19809 0.386242
v -0.322739 0.0455538 0.412769
v -0.131241 0.343628 0.478124
v -0.260414 0.236554 0.403274
v -0.381661 0.105363 0.446177
v -0.171511 0.378979 0.511762
v -0.296281 0.284437 0.40988
v -0.445237 0.173039 0.426859
v -0.168129 0.428731 0.483057
v -0.325039 0.340477 0.410917
v -0.492988 0.26011 0.465212
v -0.209805 0.484533 0.461159
v -0.349543 0.398309 0.394079
v -0.513686 0.345515 0.435681
v -0.377655 0.454296 0.372515
v -0.00709082 -0.00048418 0.0236307
v 0.00308819 0.0069381 0.0189961
v 0.00400263 -0.00645392 0.0189961
v 0.010108 0.000690197 0.0628959
v 0.0204951 0.00801945 0.059308
v 0.021395 -0.00515909 0.059308
v 0.0237174 0.00161948 0.103722
v 0.0341515 0.00883999 0.100961
v 0.0350361 -0.00411569 0.100961
v 0.0344304 0.00235099 0.145536
v 0.0448169 0.00945569 0.143416
v 0.0456862 -0.00327591 0.143416
v 0.0428391 0.00292516 0.187973
v 0.0531278 0.00991412 0.186348
v 0.0539823 -0.00260037 0.186348
v 0.0494252 0.00337488 0.230805
v 0.0595953 0.0102543 0.229561
v 0.060436 -0.00205825 0.229561
v 0.05457 0.00372618 0.27389
v 0.0646211 0.0105077 0.272938
v 0.0654496 -0.00162619 0.272938
v 0.0585713 0.0039994 0.317137
v 0.0685174 0.0106998 0.316411
v 0.0693359 -0.00128679 0.316411
v 0.0616656 0.00421069 0.360491
v 0.0715256 0.0108468 0.359939
v 0.0723361 -0.00102354 0.359939
v 0.0637165 0.00435073 0.397911
v 0.0735142 0.0109416 0.397478
v 0.0743192 -0.000847138 0.397478
v 0.0653385 0.00446148 0.435368
v 0.0750813 0.0110133 0.43503
v 0.0758814 -0.000705135 0.43503
v 0.0666165 0.00454875 0.47285
v 0.0763076 0.0110645 0.472589
v 0.0771034 -0.000589201 0.472589
v 0.0676212 0.00461735 0.510352
v 0.07726 0.011097 0.51015
v 0.0780513 -0.000491992 0.51015
v 0.0684117 0.00467132 0.547866
v 0.0779928 0.0111118 0.547712
v 0.0787793 -0.000406985 0.547712
v 0.0686663 0.00468871 0.56321
v 0.0782213 0.0111115 0.563073
v 0.0790057 -0.000375631 0.563073
v 0.0688127 0.00470348 0.568189
v 0.078276 0.0111128 0.569581
v 0.0790514 -0.00037489 0.569585
v 0.00162245 -0.00437415 0.0172413
v -0.00703309 -0.000120724 0.00812318
v 0.00541065 0.00449487 0.00812318
v -0.00999625 0.0269501 0.0425808
v -0.019093 0.032642 0.0350684
v -0.00681159 0.0371974 0.0350684
v -0.0197706 0.0533021 0.0740895
v -0.029106 0.0598966 0.0680682
v -0.0169937 0.0643893 0.0680682
v -0.0277672 0.0748609 0.109798
v -0.0372001 0.0819816 0.105053
v -0.0252594 0.0864106 0.105053
v -0.0341949 0.0921902 0.148261
v -0.0436354 0.0995921 0.14456
v -0.0318648 0.103958 0.14456
v -0.0393052 0.105968 0.188493
v -0.0487006 0.1135 0.185624
v -0.0370942 0.117805 0.185624
v -0.0433392 0.116843 0.229853
v -0.0526625 0.124417 0.227637
v -0.0412101 0.128665 0.227637
v -0.046507 0.125384 0.271928
v -0.0557485 0.132951 0.270222
v -0.0444358 0.137148 0.270222
v -0.0489829 0.132059 0.314459
v -0.0581446 0.139597 0.313149
v -0.0469531 0.143748 0.313149
v -0.0506406 0.136528 0.35133
v -0.0597412 0.144036 0.350293
v -0.0486372 0.148155 0.350293
v -0.0519652 0.140099 0.388348
v -0.061012 0.147575 0.387529
v -0.0499818 0.151666 0.387529
v -0.0530192 0.142941 0.425464
v -0.0620184 0.150385 0.424821
v -0.0510515 0.154453 0.424821
v -0.0538544 0.145193 0.46265
v -0.0628107 0.152607 0.462146
v -0.0518993 0.156654 0.462146
v -0.0545135 0.14697 0.499884
v -0.0634298 0.154354 0.499491
v -0.0525692 0.158382 0.499491
v -0.0550318 0.148367 0.537151
v -0.063909 0.155721 0.536846
v -0.0530973 0.159731 0.536846
v -0.0554382 0.149463 0.574441
v -0.0642752 0.156784 0.574206
v -0.0535133 0.160776 0.574206
v -0.0557567 0.150321 0.611749
v -0.06455 0.157607 0.611568
v -0.0538418 0.161579 0.611568
v -0.0559033 0.150716 0.633664
v -0.0646684 0.15798 0.633511
v -0.0539947 0.161939 0.633511
v -0.055961 0.150858 0.638671
v -0.0646897 0.158044 0.640005
v -0.0540129 0.161995 0.64001
v 0.0681159 0.00465954 0.575681
v 0.0771105 0.0107463 0.576941
v 0.0778468 -0.000162274 0.576945
v 0.0674475 0.00461739 0.583156
v 0.0759481 0.010367 0.584311
v 0.0766436 6.32311e-005 0.584315
v 0.0668242 0.00457816 0.590656
v 0.0748319 0.00998943 0.591679
v 0.0754864 0.000292951 0.591682
v 0.0662582 0.00454266 0.598175
v 0.0737915 0.00962718 0.59905
v 0.0744064 0.000517344 0.599053
v 0.0657632 0.00451176 0.605716
v 0.0728592 0.00929406 0.606427
v 0.0734375 0.00072704 0.606429
v 0.0653673 0.00448736 0.613297
v 0.0720829 0.00900488 0.613804
v 0.0726291 0.000913703 0.613807
v 0.0651549 0.00447503 0.620906
v 0.0715499 0.00876987 0.621192
v 0.0720691 0.00107874 0.621194
v 0.0651187 0.00447407 0.628468
v 0.0712193 0.00856866 0.628618
v 0.0717142 0.00123651 0.628619
v 0.0651747 0.00447903 0.636001
v 0.0710064 0.00839229 0.636061
v 0.0714794 0.00138497 0.636062
v 0.065317 0.00448971 0.643533
v 0.0709037 0.00823836 0.643507
v 0.0713568 0.00152579 0.643508
v 0.0655672 0.00450767 0.651077
v 0.0709287 0.00810612 0.650945
v 0.0713636 0.00166231 0.650946
v 0.065988 0.00453734 0.658664
v 0.0711367 0.00799741 0.658355
v 0.071555 0.00180045 0.658357
v 0.0667839 0.00459295 0.666379
v 0.0717021 0.00792229 0.665668
v 0.072105 0.00195437 0.66567
v 0.0682143 0.00469329 0.673625
v 0.0729071 0.00790344 0.672616
v 0.0732961 0.00214208 0.67262
v 0.0700026 0.00481843 0.680666
v 0.0745029 0.00791625 0.679549
v 0.0748785 0.00235241 0.679551
v 0.0718351 0.00494487 0.687561
v 0.0761903 0.0079366 0.686527
v 0.0765526 0.00256485 0.686527
v 0.0734342 0.00505067 0.69447
v 0.0776569 0.00793847 0.693576
v 0.0780066 0.00275701 0.693575
v 0.0749479 0.00515026 0.701427
v 0.0790266 0.00793195 0.700631
v 0.0793631 0.00294252 0.700628
v 0.0763386 0.00523682 0.708359
v 0.0802795 0.00791036 0.707735
v 0.0806022 0.0031183 0.707726
v 0.0773434 0.00528199 0.715242
v 0.0811498 0.00784264 0.714962
v 0.0814576 0.00325697 0.714931
v 0.0774801 0.00520289 0.722053
v 0.081107 0.00763799 0.72232
v 0.0814029 0.00327191 0.722249
v 0.0769294 0.00505644 0.727307
v 0.0804079 0.00739132 0.727639
v 0.0806884 0.00319842 0.727589
v -0.0556345 0.149964 0.648317
v -0.0638971 0.156773 0.649504
v -0.0537947 0.160511 0.649509
v -0.0553335 0.14914 0.657966
v -0.0631085 0.155552 0.659014
v -0.0536059 0.159068 0.659017
v -0.0550656 0.148406 0.667643
v -0.0623541 0.154424 0.668527
v -0.0534508 0.157718 0.668531
v -0.0548402 0.147787 0.677355
v -0.0616644 0.153431 0.678047
v -0.0533339 0.156514 0.67805
v -0.0546795 0.147346 0.687068
v -0.0610809 0.152646 0.687597
v -0.0532706 0.155537 0.687599
v -0.0545358 0.146953 0.696753
v -0.0605771 0.151959 0.697172
v -0.0532084 0.154686 0.697173
v -0.0544254 0.146652 0.706472
v -0.0601601 0.151408 0.706742
v -0.0531681 0.153995 0.706743
v -0.0543989 0.146576 0.716274
v -0.0598579 0.151107 0.716289
v -0.0532043 0.153569 0.71629
v -0.0545752 0.147046 0.726365
v -0.0597704 0.151333 0.725689
v -0.0534214 0.153682 0.725692
v -0.0554183 0.149299 0.739127
v -0.060299 0.153286 0.738082
v -0.0543076 0.155503 0.738086
v -0.0564668 0.15211 0.751537
v -0.0610827 0.155869 0.750458
v -0.0554086 0.157968 0.750461
v -0.0574479 0.154758 0.763904
v -0.0618318 0.158331 0.762904
v -0.0564454 0.160324 0.762903
v -0.0584105 0.157368 0.776152
v -0.0625893 0.160799 0.775415
v -0.0574709 0.162691 0.775405
v -0.0589123 0.15887 0.788317
v -0.062897 0.162179 0.788269
v -0.0580385 0.163975 0.788227
v -0.0585605 0.158348 0.800737
v -0.0623247 0.161468 0.801077
v -0.057729 0.163169 0.801022
v -0.058068 0.157446 0.813341
v -0.0616048 0.160374 0.813735
v -0.0572827 0.161974 0.813686
v -0.0577901 0.156894 0.82004
v -0.0611987 0.159715 0.820463
v -0.057031 0.161257 0.82042
v -0.0575103 0.156324 0.826787
v -0.0607875 0.159037 0.827163
v -0.0567819 0.160519 0.827128
v -0.0573656 0.156026 0.831165
v -0.0605588 0.158675 0.831399
v -0.0566614 0.160116 0.831381
v 0.081621 0.00971473 0.724885
v 0.0766377 0.00509408 0.724166
v 0.0823138 0.00175058 0.724744
v 0.0812931 0.00980138 0.728348
v 0.0761025 0.00498863 0.727599
v 0.0820147 0.00150612 0.7282
v 0.0806412 0.00974835 0.732714
v 0.0754277 0.00486507 0.731454
v 0.0813738 0.00130581 0.732577
v 0.0794316 0.00956976 0.737806
v 0.0744067 0.00471245 0.735561
v 0.0801602 0.00111387 0.737695
v 0.0774025 0.00930532 0.743277
v 0.0728265 0.00452174 0.73963
v 0.0781173 0.000875111 0.743203
v 0.0743549 0.00906939 0.748584
v 0.0705262 0.00429203 0.743144
v 0.0750607 0.00048567 0.748554
v 0.0700842 0.00828093 0.752507
v 0.0678342 0.00404857 0.745982
v 0.0706943 0.000462943 0.752521
v 0.0650834 0.00375282 0.751244
v -0.0630933 0.159116 0.828553
v -0.0572368 0.155629 0.828057
v -0.0556489 0.162033 0.82851
v -0.0631639 0.158865 0.832022
v -0.057064 0.155233 0.831506
v -0.0554101 0.161903 0.831977
v -0.0630301 0.158365 0.836407
v -0.0568441 0.154719 0.835381
v -0.0551383 0.161456 0.836374
v -0.0626349 0.157385 0.841536
v -0.0565044 0.153887 0.839519
v -0.0547298 0.160476 0.841529
v -0.0619345 0.155653 0.84707
v -0.0559691 0.152529 0.843638
v -0.054051 0.158725 0.847101
v -0.0609697 0.152933 0.852472
v -0.05518 0.150478 0.847225
v -0.0529375 0.15604 0.852549
v -0.0590972 0.149161 0.856535
v -0.0542512 0.148038 0.850148
v -0.0517732 0.151961 0.856648
v -0.0533119 0.145617 0.855495
v 0.0727091 0.00919485 0.723816
v 0.0796943 0.00529911 0.724533
v 0.0860837 0.0100812 0.725424
v 0.0724157 0.00911917 0.727518
v 0.0793342 0.00520969 0.728116
v 0.0857202 0.00991599 0.728876
v 0.0720148 0.00886273 0.731944
v 0.079058 0.00509384 0.732307
v 0.0853818 0.00995622 0.732863
v 0.0717038 0.00919781 0.73624
v 0.0784626 0.00497574 0.737018
v 0.0850474 0.00942441 0.737999
v 0.0710941 0.00968892 0.740686
v 0.0771758 0.00472774 0.742091
v 0.083975 0.00835051 0.744146
v 0.0708094 0.0100473 0.747161
v 0.0763917 0.00442346 0.747692
v 0.0837198 0.00718843 0.749006
v 0.0700968 0.00862701 0.754422
v 0.0762261 0.00343197 0.753627
v 0.0835388 0.0067436 0.754491
v 0.0694406 0.00772404 0.760431
v 0.076354 0.0030103 0.759911
v 0.0835253 0.00734989 0.760076
v 0.0704249 0.00567922 0.767703
v 0.0772165 0.00239739 0.766327
v 0.0830931 0.00730914 0.765967
v 0.0797969 0.000869974 0.772235
v -0.0600502 0.150693 0.827767
v -0.0583062 0.158511 0.828327
v -0.0647189 0.163304 0.828948
v -0.0599457 0.150461 0.831326
v -0.0582241 0.15822 0.831916
v -0.0645969 0.162975 0.832447
v -0.0601625 0.15034 0.835882
v -0.0581411 0.158073 0.836115
v -0.0643502 0.163103 0.836416
v -0.0606137 0.150031 0.840066
v -0.0581064 0.157596 0.84084
v -0.0639954 0.162986 0.841451
v -0.0604076 0.149403 0.845067
v -0.0582571 0.157018 0.846045
v -0.0643571 0.162135 0.846467
v -0.059586 0.1483 0.849988
v -0.0576524 0.155842 0.851553
v -0.0638156 0.160489 0.853421
v -0.0595557 0.146838 0.855312
v -0.0561896 0.153961 0.85708
v -0.0611732 0.159208 0.86066
v -0.0568291 0.143856 0.858315
v -0.0542686 0.150831 0.862199
v -0.0600095 0.154302 0.867227
v -0.0535497 0.1411 0.863206
v -0.0510118 0.14744 0.866691
v -0.0553718 0.149801 0.87254
v -0.0476565 0.143906 0.87118
v 0.0791733 0.0146039 0.665115
v 0.0612207 -0.00495754 0.666696
v 0.0674726 0.0293625 0.714865
v 0.04952 0.00980105 0.716446
v -0.049143 0.163903 0.813497
v -0.0688273 0.155959 0.813678
v -0.0526904 0.173629 0.854671
v -0.0723747 0.165685 0.854851
v -0.0691315 0.157312 0.725433
v -0.0427131 0.144062 0.726398
v -0.080883 0.137861 0.780034
v -0.0544646 0.124611 0.781
v 0.072077 0.00560444 0.666152
v 0.070197 0.0048232 0.665906
v 0.0695887 0.00274976 0.666362
v 0.068966 0.0088189 0.677524
v 0.0675118 0.00821014 0.677323
v 0.067035 0.00660931 0.677697
v 0.0654752 0.0121117 0.688455
v 0.0643379 0.0116355 0.688298
v 0.0639478 0.010405 0.688652
v 0.0623865 0.0163896 0.69884
v 0.0614389 0.0159981 0.698721
v 0.0611083 0.0149861 0.699041
v 0.0593804 0.0200142 0.709327
v 0.0585899 0.0196515 0.709159
v 0.0583006 0.0187872 0.709442
v 0.054574 0.0245951 0.718356
v 0.0538969 0.0242759 0.718203
v 0.0536007 0.023588 0.718544
v 0.050613 0.0309201 0.726402
v 0.050059 0.0306504 0.726267
v 0.049787 0.0301187 0.726591
v 0.0500445 0.0315493 0.727172
v 0.0495269 0.0312578 0.727012
v 0.0492694 0.0307291 0.727317
v -0.0577356 0.159844 0.813732
v -0.0589852 0.159931 0.813587
v -0.0598766 0.158918 0.813743
v -0.0586251 0.161661 0.821328
v -0.0596415 0.161731 0.821205
v -0.0603675 0.160908 0.821337
v -0.0596951 0.163576 0.828722
v -0.0605121 0.163632 0.828624
v -0.0610981 0.162978 0.828757
v -0.0603544 0.165801 0.835916
v -0.061045 0.165851 0.835842
v -0.0615399 0.165299 0.835957
v -0.0611144 0.167539 0.843148
v -0.0617101 0.167572 0.843047
v -0.0621391 0.16709 0.843137
v -0.0625017 0.170042 0.849879
v -0.063029 0.170071 0.849792
v -0.0634146 0.169661 0.849917
v -0.0629775 0.172926 0.856447
v -0.0634444 0.172952 0.856371
v -0.0637857 0.17259 0.856485
v -0.0642843 0.175385 0.863013
v -0.0646777 0.175385 0.862905
v -0.0649736 0.175077 0.863009
v -0.0649808 0.176956 0.86518
v -0.0653482 0.176962 0.86509
v -0.0656301 0.176698 0.865218
v -0.0575167 0.152674 0.726326
v -0.0559223 0.150687 0.725915
v -0.0531989 0.150646 0.726467
v -0.0599642 0.147782 0.73897
v -0.0586559 0.146163 0.738617
v -0.0564323 0.14612 0.739091
v -0.0623139 0.142414 0.751079
v -0.0612566 0.141108 0.750792
v -0.0594803 0.141041 0.751252
v -0.0658161 0.137213 0.7626
v -0.0649235 0.1361 0.762372
v -0.0634251 0.136035 0.762785
v -0.0685239 0.132343 0.774308
v -0.0677211 0.131419 0.774017
v -0.0664141 0.131363 0.77437
v -0.0715801 0.125417 0.784402
v -0.0708614 0.124605 0.784134
v -0.0697451 0.124481 0.784566
v -0.0765747 0.119106 0.793774
v -0.0759284 0.118389 0.793527
v -0.0749532 0.118249 0.793951
v -0.0804105 0.111545 0.802873
v -0.0797975 0.111005 0.802572
v -0.078968 0.110837 0.802976
v -0.0838602 0.105124 0.806534
v -0.0833065 0.104656 0.806263
v -0.0826252 0.104414 0.806678
v 0.102043 0.0716585 0.732038
v 0.0496386 0.0311295 0.726884
v 0.0124779 -0.0204727 0.746163
v 0.0949145 0.0790612 0.739698
v 0.0429837 0.03873 0.734702
v 0.00645639 -0.0127834 0.753689
v 0.0862267 0.0874369 0.753691
v 0.0346675 0.0471791 0.74373
v -0.00298331 -0.00524154 0.758316
v 0.081267 0.0921766 0.765915
v 0.026184 0.0572611 0.754224
v -0.0167474 0.00848217 0.767162
v 0.0706537 0.105345 0.775034
v 0.0168394 0.0682812 0.765906
v -0.0239861 0.0188965 0.781636
v 0.0638017 0.116818 0.779163
v 0.00745662 0.0831904 0.775558
v -0.038081 0.0423384 0.799559
v 0.058676 0.127729 0.795105
v -0.00134669 0.10166 0.78164
v -0.0583342 0.0712717 0.798744
v 0.0596455 0.141413 0.783207
v -0.00721235 0.122976 0.784858
v -0.0659537 0.106035 0.817646
v 0.0486275 0.160718 0.781068
v -0.0128471 0.145026 0.781132
v -0.0695295 0.138325 0.808837
v -0.0197061 0.166887 0.775922
v -0.0133484 0.185956 0.870342
v -0.065317 0.176864 0.864955
v -0.10983 0.149658 0.874488
v -0.0158987 0.191656 0.879539
v -0.0673522 0.182686 0.873073
v -0.111701 0.155596 0.881383
v -0.0190485 0.200779 0.889536
v -0.0701291 0.189371 0.882509
v -0.113428 0.160215 0.890507
v -0.0205136 0.20351 0.900473
v -0.0725054 0.197209 0.89317
v -0.118659 0.172709 0.90128
v -0.0214972 0.20438 0.912026
v -0.0735454 0.206809 0.904424
v -0.123127 0.191661 0.913638
v -0.0276448 0.215164 0.93428
v -0.0767935 0.217305 0.916098
v -0.127093 0.202467 0.915335
v -0.0355561 0.238449 0.948978
v -0.0828765 0.229772 0.925986
v -0.131303 0.207575 0.923705
v -0.0413997 0.257581 0.957292
v -0.0903144 0.242157 0.936438
v -0.137494 0.213197 0.93737
v -0.0589404 0.27902 0.961431
v -0.100364 0.255047 0.944898
v -0.138801 0.222488 0.950048
v -0.114666 0.266733 0.948149
v -0.143014 0.146928 0.816542
v -0.0831889 0.104844 0.806179
v -0.0193981 0.0744995 0.827802
v -0.149624 0.135314 0.821491
v -0.0901744 0.0936223 0.811373
v -0.0266368 0.0639971 0.832822
v -0.157595 0.119953 0.832627
v -0.0976984 0.0800962 0.81728
v -0.0323007 0.0508182 0.833943
v -0.162746 0.109789 0.843568
v -0.107087 0.0655233 0.824366
v -0.0436801 0.0303054 0.837226
v -0.174765 0.092205 0.848074
v -0.117344 0.0494038 0.832218
v -0.0542719 0.0157657 0.848675
v -0.185775 0.0801617 0.848371
v -0.131418 0.032709 0.836904
v -0.0766652 -0.0102911 0.859065
v -0.198574 0.0660503 0.861388
v -0.148821 0.0165756 0.837015
v -0.0995956 -0.0381955 0.846718
v -0.213044 0.0659213 0.845689
v -0.169589 0.00324461 0.834203
v -0.134598 -0.0614346 0.857458
v -0.229837 0.0486905 0.835724
v -0.19004 -0.00834984 0.823971
v -0.164691 -0.07197 0.840866
v -0.209464 -0.0211489 0.812084
v 0.0714813 0.00354421 0.664651
v 0.0683644 0.00399602 0.66681
v 0.0707453 0.00692938 0.666257
v 0.0772318 0.000684222 0.673584
v 0.0743451 0.00109802 0.675611
v 0.0765564 0.00382796 0.675092
v 0.0827518 -0.00222099 0.682467
v 0.0800766 -0.00183849 0.684352
v 0.0821006 0.000707982 0.683828
v 0.0884644 -0.00465935 0.691091
v 0.0859869 -0.00431929 0.692922
v 0.0878825 -0.00191944 0.692418
v 0.0942915 -0.00778012 0.69934
v 0.0918449 -0.0074119 0.700959
v 0.0937181 -0.00515624 0.700577
v 0.0991001 -0.0104953 0.708266
v 0.0966599 -0.0101037 0.709676
v 0.0984281 -0.00791411 0.709257
v 0.104323 -0.0122783 0.716933
v 0.101898 -0.0118731 0.718171
v 0.103642 -0.00976899 0.717838
v 0.108413 -0.0150587 0.725957
v 0.105911 -0.014583 0.72676
v 0.107668 -0.0125784 0.726605
v 0.110661 -0.0160973 0.735748
v 0.108184 -0.0156247 0.73632
v 0.109857 -0.013666 0.736105
v 0.113135 -0.0166871 0.743972
v 0.110716 -0.0162203 0.744417
v 0.112358 -0.0143335 0.744323
v 0.113631 -0.0170173 0.746025
v 0.110871 -0.0164846 0.746532
v 0.112745 -0.0143316 0.746425
v -0.0586103 0.158983 0.812694
v -0.0602234 0.159892 0.814138
v -0.0581218 0.160919 0.81393
v -0.0561025 0.155032 0.818
v -0.0576182 0.155882 0.819371
v -0.0556378 0.15685 0.819174
v -0.0537121 0.151109 0.823278
v -0.0551339 0.151904 0.824569
v -0.053283 0.152828 0.824365
v -0.0511317 0.147373 0.828441
v -0.052458 0.148098 0.829694
v -0.0507134 0.148976 0.829494
v -0.0486376 0.14331 0.833339
v -0.0499266 0.144036 0.834495
v -0.0482385 0.144844 0.834345
v -0.046488 0.139572 0.838577
v -0.0477472 0.140297 0.839655
v -0.0461389 0.141105 0.839471
v -0.0438272 0.136131 0.843626
v -0.0450563 0.136846 0.844651
v -0.0434912 0.137619 0.844489
v -0.041802 0.132328 0.848748
v -0.0430621 0.133133 0.849569
v -0.0415139 0.133842 0.849479
v -0.0401765 0.129696 0.854593
v -0.0414422 0.130527 0.855279
v -0.0399524 0.131251 0.855137
v -0.0381116 0.127277 0.860246
v -0.0393718 0.128128 0.860805
v -0.0379032 0.128808 0.860732
v -0.037324 0.125002 0.866284
v -0.0385851 0.125891 0.866605
v -0.0371486 0.126539 0.866585
v -0.0367226 0.124429 0.871034
v -0.0379594 0.125298 0.871325
v -0.0365668 0.125947 0.871233
v -0.036327 0.123805 0.872622
v -0.0381586 0.125092 0.873053
v -0.0360963 0.126054 0.872917
v -0.054833 0.152752 0.724418
v -0.0542776 0.148709 0.726953
v -0.0586564 0.1506 0.726375
v -0.0534338 0.159432 0.734766
v -0.0529056 0.155632 0.737185
v -0.0570402 0.157413 0.736634
v -0.051912 0.165874 0.745051
v -0.051414 0.162305 0.747335
v -0.0553116 0.163943 0.746759
v -0.0509738 0.172373 0.755035
v -0.0504888 0.169066 0.757293
v -0.054177 0.170599 0.756727
v -0.0493173 0.179284 0.764551
v -0.0488708 0.176042 0.766598
v -0.0523814 0.17759 0.766176
v -0.0477388 0.185102 0.77466
v -0.0473167 0.181927 0.776553
v -0.0507167 0.183349 0.77604
v -0.0472769 0.191433 0.784221
v -0.0468654 0.188353 0.786052
v -0.0501575 0.189756 0.785601
v -0.0452815 0.197401 0.793914
v -0.0449331 0.194194 0.795299
v -0.0481122 0.195663 0.795051
v -0.0444856 0.201287 0.80458
v -0.0441493 0.198073 0.805715
v -0.047267 0.199444 0.805355
v -0.0443361 0.205807 0.814733
v -0.0440182 0.20261 0.81566
v -0.0470524 0.204 0.815465
v -0.042742 0.208582 0.825581
v -0.0424578 0.205371 0.826054
v -0.0454071 0.206754 0.825995
v -0.0430009 0.20983 0.836713
v -0.0427184 0.206702 0.837093
v -0.0455886 0.208022 0.836926
v -0.0429827 0.210111 0.83818
v -0.0427004 0.206999 0.838572
v -0.0455548 0.20833 0.838541
v -0.0428592 0.210431 0.84052
v -0.0425745 0.207293 0.840916
v -0.0454525 0.208634 0.840885
v 0.116134 -0.0188361 0.753293
v 0.1135 -0.0183875 0.7543
v 0.115373 -0.0162345 0.754193
v 0.119732 -0.0216485 0.759731
v 0.117302 -0.0213549 0.761203
v 0.119176 -0.019202 0.761096
v 0.12427 -0.0253359 0.765026
v 0.122118 -0.0252642 0.766903
v 0.123992 -0.0231113 0.766796
v 0.129541 -0.0297314 0.768904
v 0.12773 -0.0299407 0.771103
v 0.129604 -0.0277877 0.770996
v 0.135291 -0.0346246 0.771152
v 0.13387 -0.0351624 0.773571
v 0.135744 -0.0330095 0.773464
v 0.14123 -0.0397697 0.771631
v 0.140229 -0.0406688 0.774151
v 0.142103 -0.0385159 0.774044
v 0.147044 -0.0448967 0.770293
v 0.146474 -0.0461719 0.772785
v 0.148348 -0.0440189 0.772678
v 0.152414 -0.0497245 0.767187
v 0.152261 -0.0513704 0.769516
v 0.154134 -0.0492175 0.769409
v 0.150761 -0.0486892 0.759053
v 0.146754 -0.0573561 0.765696
v 0.152617 -0.0571933 0.77574
v 0.160248 -0.0484258 0.775305
v 0.159101 -0.04317 0.764993
v -0.0349728 0.121719 0.878415
v -0.0367322 0.122908 0.879244
v -0.0346699 0.123869 0.879108
v -0.0331559 0.118548 0.883546
v -0.034809 0.119561 0.884746
v -0.0327466 0.120522 0.88461
v -0.0309558 0.114426 0.887766
v -0.0324714 0.115189 0.889288
v -0.030409 0.116151 0.889152
v -0.0284737 0.109539 0.890855
v -0.0298264 0.10999 0.892634
v -0.0277641 0.110951 0.892498
v -0.0258302 0.104123 0.892644
v -0.0270014 0.104209 0.894598
v -0.0249391 0.10517 0.894462
v -0.0231595 0.0984487 0.893024
v -0.0241393 0.0981355 0.895058
v -0.0220769 0.0990971 0.894922
v -0.0206031 0.0928151 0.891954
v -0.0213913 0.0920879 0.893965
v -0.019329 0.0930495 0.89383
v -0.0183026 0.0875311 0.889475
v -0.0189098 0.0863972 0.891357
v -0.0168474 0.0873588 0.891221
v -0.0193045 0.0887634 0.882991
v -0.024927 0.0837903 0.888453
v -0.0204354 0.0820801 0.896395
v -0.0120369 0.0859962 0.895842
v -0.011338 0.0901267 0.887558
v -0.0416432 0.21323 0.848755
v -0.0413042 0.210222 0.849714
v -0.0441821 0.211563 0.849683
v -0.0397082 0.217552 0.856144
v -0.0392638 0.214782 0.857632
v -0.0421418 0.216124 0.857601
v -0.0371354 0.223214 0.862327
v -0.0365371 0.220785 0.864283
v -0.0394151 0.222127 0.864252
v -0.0340408 0.22996 0.866988
v -0.0332455 0.227962 0.869325
v -0.0361235 0.229304 0.869294
v -0.0305722 0.237467 0.869873
v -0.0295448 0.235973 0.87248
v -0.0324227 0.237315 0.872449
v -0.0269035 0.245357 0.870808
v -0.0256193 0.244418 0.873556
v -0.0284972 0.24576 0.873525
v -0.023227 0.253217 0.869718
v -0.021674 0.252855 0.872464
v -0.0245519 0.254196 0.872433
v -0.019744 0.260617 0.866635
v -0.0179244 0.260822 0.869229
v -0.0208023 0.262164 0.869198
v -0.0203907 0.259017 0.857498
v -0.00985692 0.257019 0.864728
v -0.0117761 0.262627 0.876221
v -0.023496 0.268091 0.876095
v -0.02882 0.26586 0.864523
v 0.154552 -0.0519971 0.75888
v 0.151274 -0.0590846 0.764312
v 0.15607 -0.0589514 0.772526
v 0.16231 -0.0517816 0.77217
v 0.161372 -0.0474836 0.763737
v 0.165097 -0.0616119 0.750077
v 0.160789 -0.0709288 0.757217
v 0.167092 -0.0707538 0.768015
v 0.175296 -0.0613287 0.767547
v 0.174062 -0.0556787 0.756461
v 0.172043 -0.068073 0.74171
v 0.166111 -0.0809023 0.751542
v 0.174791 -0.0806613 0.76641
v 0.186087 -0.067683 0.765767
v 0.184389 -0.059903 0.750501
v 0.173975 -0.0703655 0.729371
v 0.163906 -0.0921411 0.74606
v 0.178638 -0.091732 0.771296
v 0.197812 -0.0697036 0.770204
v 0.194929 -0.0564984 0.744293
v -0.0176153 0.085121 0.882851
v -0.0222132 0.0810542 0.887318
v -0.0185401 0.0796556 0.893813
v -0.0116721 0.082858 0.89336
v -0.0111005 0.0862358 0.886586
v -0.0131849 0.074627 0.875828
v -0.0192291 0.069281 0.8817
v -0.0144006 0.0674425 0.890237
v -0.00537228 0.0716522 0.889642
v -0.00462091 0.0760925 0.880737
v -0.0103494 0.0676029 0.869154
v -0.0186722 0.0602414 0.877239
v -0.0120235 0.0577098 0.888996
v 0.000408521 0.0635066 0.888177
v 0.00144315 0.0696209 0.875914
v -0.00988477 0.0652162 0.859316
v -0.0240113 0.0527214 0.873039
v -0.0127262 0.0484244 0.892994
v 0.00837495 0.0582635 0.891603
v 0.0101311 0.0686414 0.87079
v -0.0180266 0.26409 0.857563
v -0.00941241 0.262456 0.863476
v -0.0109819 0.267042 0.872874
v -0.020566 0.27151 0.872771
v -0.0249198 0.269686 0.863308
v -0.0110602 0.278821 0.84851
v 0.000263538 0.276673 0.856283
v -0.00179958 0.282702 0.868638
v -0.0143984 0.288576 0.868502
v -0.0201218 0.286177 0.856062
v -0.00635102 0.288718 0.839698
v 0.00924174 0.28576 0.8504
v 0.00640085 0.294061 0.867413
v -0.0109477 0.302149 0.867225
v -0.0188288 0.298847 0.850096
v -0.00457328 0.292216 0.826137
v 0.0218928 0.287195 0.844303
v 0.0170708 0.301285 0.873179
v -0.0123753 0.315014 0.872861
v -0.0257521 0.309408 0.843787
v 0.141985 -0.0406732 0.766661
v 0.141773 -0.0410553 0.767464
v 0.142372 -0.0403663 0.767429
v 0.142885 -0.0415905 0.763963
v 0.141655 -0.0438074 0.768622
v 0.145135 -0.0398097 0.768424
v 0.145674 -0.0441138 0.76203
v 0.143846 -0.047409 0.768954
v 0.149018 -0.0414668 0.76866
v 0.150506 -0.0483312 0.761791
v 0.148879 -0.0512644 0.767955
v 0.153483 -0.0459749 0.767693
v 0.155011 -0.0522761 0.761326
v 0.153475 -0.055046 0.767146
v 0.157823 -0.0500511 0.766899
v -0.0229826 0.0975093 0.88906
v -0.0232479 0.0973052 0.889709
v -0.0225879 0.0976129 0.889665
v -0.0226673 0.0965291 0.886909
v -0.0242066 0.0953446 0.89067
v -0.0203771 0.0971303 0.890418
v -0.0214828 0.0937708 0.885367
v -0.0237707 0.0920103 0.890957
v -0.0180787 0.0946644 0.890582
v -0.0193302 0.089127 0.885174
v -0.0213668 0.0875599 0.890151
v -0.0162999 0.0899225 0.889817
v -0.0173306 0.0847859 0.884801
v -0.0192538 0.0833061 0.8895
v -0.0144691 0.0855371 0.889185
v -0.0262016 0.246736 0.865344
v -0.0257233 0.24658 0.866226
v -0.0266442 0.247009 0.866217
v -0.0255158 0.248139 0.862411
v -0.0227401 0.247234 0.867534
v -0.0280841 0.249725 0.867476
v -0.0236919 0.252005 0.860456
v -0.0195662 0.25066 0.86807
v -0.0275093 0.254363 0.867984
v -0.0206775 0.258472 0.860519
v -0.017005 0.257275 0.867297
v -0.0240757 0.260571 0.867221
v -0.0178551 0.264521 0.860308
v -0.0143871 0.26339 0.866709
v -0.021064 0.266503 0.866637
v 0.191059 -0.0442879 0.758822
v 0.168537 -0.0645486 0.75124
v 0.152003 -0.0891596 0.761046
v 0.197308 -0.0502077 0.750965
v 0.172855 -0.0686106 0.745123
v 0.158342 -0.0949753 0.753184
v 0.202854 -0.0552991 0.73828
v 0.176549 -0.071357 0.734115
v 0.162696 -0.0989093 0.738136
v 0.200857 -0.0558411 0.717619
v 0.174819 -0.072674 0.720043
v 0.163335 -0.101431 0.722935
v 0.193105 -0.0489745 0.702875
v 0.168603 -0.0680287 0.70557
v 0.158131 -0.0969113 0.700389
v 0.158994 -0.0678001 0.689143
v 0.0115021 0.078905 0.882268
v -0.0116091 0.0713784 0.876754
v -0.0314808 0.0588628 0.8851
v 0.0142156 0.0719992 0.875504
v -0.0096727 0.0664658 0.871377
v -0.0286676 0.0520035 0.87833
v 0.0161529 0.0679327 0.865637
v -0.00803538 0.0632351 0.862649
v -0.0260276 0.0465049 0.866176
v 0.015177 0.065462 0.848565
v -0.00937654 0.062904 0.851142
v -0.0278505 0.046621 0.854247
v 0.00944119 0.0727124 0.834768
v -0.0140679 0.0670805 0.840591
v -0.0314199 0.049278 0.840058
v -0.0141822 0.0737547 0.82769
v -0.037513 0.300657 0.859561
v -0.0089764 0.283326 0.850034
v 0.0224686 0.272692 0.86021
v -0.0331637 0.309611 0.851267
v -0.00600601 0.289547 0.84354
v 0.0266788 0.281711 0.851915
v -0.0295127 0.317849 0.837564
v -0.00427831 0.294985 0.831565
v 0.0294466 0.28846 0.835506
v -0.0284453 0.317111 0.814515
v -0.00242508 0.294381 0.815855
v 0.0318495 0.290819 0.818694
v -0.0334819 0.307603 0.797619
v -0.00556046 0.287178 0.799373
v 0.0284871 0.285214 0.793312
v -0.00294444 0.277834 0.78057
v 0.175406 -0.0575477 0.752256
v 0.16593 -0.0714414 0.757542
v 0.169746 -0.0774182 0.773682
v 0.180378 -0.0655068 0.746236
v 0.169312 -0.0774771 0.752838
v 0.174731 -0.0853312 0.767612
v 0.182551 -0.0764221 0.736724
v 0.170601 -0.0861593 0.745126
v 0.176915 -0.0962106 0.758062
v 0.179415 -0.0883293 0.724853
v 0.167521 -0.0957397 0.735428
v 0.173779 -0.108118 0.746191
v 0.169596 -0.0990429 0.712286
v 0.158872 -0.104314 0.725191
v 0.163949 -0.118867 0.733662
v 0.151058 -0.115677 0.712589
v -0.00431506 0.0742637 0.87739
v -0.0156409 0.0672425 0.881904
v -0.0145329 0.0617627 0.894815
v -0.00335937 0.0667453 0.872594
v -0.0152 0.0616518 0.878152
v -0.0135535 0.0542734 0.889979
v -0.00541411 0.0582301 0.86531
v -0.0171464 0.0550644 0.872285
v -0.0155897 0.0457807 0.882663
v -0.011586 0.0506816 0.856275
v -0.0224883 0.0492103 0.864953
v -0.0217617 0.0382322 0.873628
v -0.022211 0.0460544 0.846696
v -0.0315291 0.0457804 0.85719
v -0.0324051 0.0335825 0.864081
v -0.0410228 0.0399361 0.847431
v -0.0185655 0.288436 0.851492
v -0.000771523 0.282296 0.856951
v 0.00453621 0.28725 0.875155
v -0.0116329 0.296548 0.845184
v 0.00460465 0.288041 0.85199
v 0.0114151 0.295364 0.868793
v -0.00070174 0.302793 0.834868
v 0.0134341 0.292548 0.843596
v 0.0223046 0.301611 0.858434
v 0.0129107 0.303821 0.82163
v 0.0245572 0.29279 0.83275
v 0.035917 0.302639 0.845196
v 0.0273037 0.297394 0.807215
v 0.0363191 0.286814 0.820967
v 0.0503518 0.29621 0.830823
v 0.0507873 0.282729 0.806638
v 0.182272 -0.0647107 0.773934
v 0.176627 -0.0607204 0.757717
v 0.163784 -0.0710673 0.75149
v 0.190712 -0.0684997 0.768009
v 0.182856 -0.0630516 0.753247
v 0.172267 -0.0748416 0.745617
v 0.201795 -0.0716604 0.759611
v 0.192745 -0.0638543 0.746751
v 0.183329 -0.074666 0.736619
v 0.213206 -0.065419 0.749562
v 0.201055 -0.0593204 0.738453
v 0.195567 -0.0707954 0.726353
v 0.21909 -0.0496844 0.740623
v 0.206064 -0.0495448 0.728807
v 0.207831 -0.0610094 0.715587
v 0.215929 -0.0376322 0.718982
v -0.00127758 0.06697 0.894699
v -0.00436435 0.0715936 0.881775
v -0.0171829 0.0681676 0.877096
v 0.00355417 0.0613383 0.889913
v -0.000618359 0.0677172 0.878127
v -0.0123143 0.0625332 0.87235
v 0.0109374 0.0569843 0.882917
v 0.00548022 0.0646063 0.872503
v -0.00482886 0.0583886 0.865335
v 0.0205998 0.0557888 0.874154
v 0.0135032 0.0637682 0.865083
v 0.00479178 0.0568253 0.856585
v 0.0314406 0.0606885 0.864691
v 0.0220186 0.0677681 0.857067
v 0.015879 0.0603987 0.846818
v 0.0333642 0.0698709 0.847154
v -0.0128965 0.296679 0.876037
v -0.015519 0.290391 0.85766
v -0.000547007 0.280251 0.850101
v -0.0114867 0.3072 0.869995
v -0.014976 0.298018 0.853087
v 0.000834152 0.29081 0.844119
v -0.0115779 0.320493 0.861355
v -0.0172064 0.309199 0.846465
v -0.00281791 0.303088 0.834778
v -0.0218234 0.331337 0.850803
v -0.0246617 0.317158 0.837693
v -0.0107873 0.315558 0.824059
v -0.0404994 0.333296 0.841059
v -0.0367067 0.320061 0.827175
v -0.0250866 0.326263 0.812723
v -0.0525325 0.327497 0.816721
v 0.165484 -0.0813472 0.769012
v 0.178021 -0.0646361 0.764657
v 0.178341 -0.0529651 0.746793
v 0.171916 -0.0855498 0.767116
v 0.182695 -0.0675409 0.76346
v 0.184304 -0.0569177 0.745064
v 0.180235 -0.0896196 0.766481
v 0.18921 -0.0706042 0.76327
v 0.192618 -0.0608925 0.744655
v 0.191363 -0.0927695 0.767634
v 0.197407 -0.0727158 0.764278
v 0.201928 -0.0635496 0.745691
v 0.204518 -0.0946734 0.772063
v 0.207904 -0.0737914 0.767712
v 0.211246 -0.0647851 0.748368
v 0.225827 -0.0944759 0.77321
v 0.222882 -0.0730884 0.770849
v 0.214744 -0.0627077 0.753595
v 0.241416 -0.0874597 0.766071
v 0.236681 -0.070419 0.766118
v 0.224808 -0.0625302 0.755649
v 0.243607 -0.0688084 0.753981
v -0.0189901 0.0602462 0.891192
v -0.00450375 0.0683359 0.887347
v -0.000779117 0.0766146 0.872936
v -0.0159831 0.0553191 0.88984
v -0.00214854 0.0646103 0.886467
v 0.00236632 0.0713831 0.871539
v -0.010675 0.0493149 0.889353
v 0.00176028 0.0604095 0.886118
v 0.00669708 0.0662481 0.870962
v -0.00573639 0.0442793 0.890515
v 0.00643493 0.0556494 0.887486
v 0.0135958 0.0593401 0.872597
v 0.00432869 0.0372182 0.893862
v 0.0136165 0.0512956 0.890301
v 0.0188836 0.056734 0.874816
v 0.0192943 0.0303782 0.895431
v 0.0245539 0.0467088 0.892964
v 0.0223478 0.0564643 0.878808
v 0.0337988 0.0303426 0.889608
v 0.0353724 0.0443592 0.889057
v 0.0288438 0.053393 0.880396
v 0.0414335 0.0399502 0.880672
v 0.010018 0.284191 0.869762
v -0.0117232 0.292673 0.865487
v -0.0243985 0.290478 0.845551
v 0.0125131 0.292458 0.868079
v -0.0100682 0.298624 0.864464
v -0.0220248 0.298159 0.844023
v 0.0142924 0.302622 0.867906
v -0.00880489 0.306528 0.864667
v -0.0203435 0.308276 0.844099
v 0.0142358 0.315392 0.869872
v -0.00906858 0.315862 0.86629
v -0.0203672 0.318964 0.845823
v 0.0122435 0.329734 0.875582
v -0.0111317 0.327171 0.870726
v -0.0219013 0.329138 0.849355
v 0.00538609 0.3526 0.877997
v -0.0164866 0.342792 0.875097
v -0.0250874 0.331635 0.855487
v -0.00715539 0.367452 0.87056
v -0.0237559 0.356914 0.870426
v -0.0283805 0.342048 0.858416
v -0.0277796 0.364116 0.857141
v 0.168409 -0.069439 0.755352
v 0.17161 -0.0685395 0.759556
v 0.175415 -0.0648732 0.760453
v 0.16706 -0.0797028 0.748795
v 0.175324 -0.0761091 0.761358
v 0.18712 -0.0663602 0.76356
v 0.1682 -0.0898126 0.745622
v 0.178793 -0.0839279 0.76314
v 0.196567 -0.0725226 0.765916
v 0.169566 -0.0989417 0.745227
v 0.181203 -0.0927718 0.764857
v 0.203001 -0.0843215 0.768355
v 0.169719 -0.106079 0.746909
v 0.182126 -0.104254 0.767644
v 0.205742 -0.101352 0.772234
v 0.167717 -0.110683 0.752076
v 0.181622 -0.12043 0.770053
v 0.206084 -0.123152 0.772452
v 0.168206 -0.124919 0.753787
v 0.182567 -0.136291 0.766632
v 0.204921 -0.137141 0.767
v 0.184719 -0.144123 0.753991
v -0.0132202 0.0678832 0.880101
v -0.0105263 0.0675314 0.883405
v -0.00654902 0.0689777 0.884027
v -0.0180593 0.0612746 0.874988
v -0.010515 0.0607808 0.88474
v 0.00143099 0.0635557 0.886101
v -0.0204618 0.0529193 0.872608
v -0.0104045 0.0539787 0.886273
v 0.00630718 0.0566116 0.887941
v -0.0222616 0.0454419 0.87258
v -0.0112802 0.0467647 0.887864
v 0.00745404 0.0463227 0.890047
v -0.0238558 0.0375221 0.87552
v -0.0126387 0.038012 0.891267
v 0.00639861 0.0356246 0.893696
v -0.0261984 0.0314559 0.881987
v -0.0137727 0.025266 0.896016
v 0.00573163 0.0222473 0.896015
v -0.0275251 0.0252935 0.883782
v -0.0183029 0.0132145 0.893156
v -0.00144543 0.00745437 0.891941
v -0.0200764 0.00738386 0.882824
v -0.0036878 0.284453 0.854644
v -0.00560927 0.28734 0.859489
v -0.0106927 0.290216 0.86067
v 0.00765139 0.286564 0.847393
v 0.00134298 0.293526 0.861788
v -0.0126926 0.302974 0.864822
v 0.0180764 0.291081 0.844044
v 0.00863597 0.299528 0.864052
v -0.00900404 0.314812 0.868058
v 0.0274029 0.295369 0.843782
v 0.0173512 0.304719 0.866193
v 0.00163698 0.325164 0.871267
v 0.0347879 0.297556 0.84571
v 0.0292878 0.309036 0.869454
v 0.0192144 0.333167 0.875936
v 0.0396087 0.296399 0.851573
v 0.0466193 0.313038 0.872306
v 0.0432131 0.340038 0.87622
v 0.0544446 0.300467 0.853898
v 0.0634278 0.318312 0.868716
v 0.0590433 0.342767 0.869903
v 0.0713806 0.322947 0.854777
v 0.0553718 0.019681 0.360765
v 0.0816464 -0.0103251 0.35948
v 0.0379755 0.00120628 0.436433
v 0.0642501 -0.0287998 0.435147
v -0.0628474 0.121672 0.315082
v -0.0398731 0.155265 0.31209
v -0.0421562 0.114522 0.393706
v -0.0191819 0.148115 0.390715
v 0.0668771 0.0104556 0.361308
v 0.0685091 0.00467798 0.360123
v 0.0745562 0.00215416 0.360832
v 0.0631986 0.00550492 0.378128
v 0.0646131 0.00054051 0.377069
v 0.0698149 -0.00163911 0.377703
v 0.0594854 -0.000317607 0.394315
v 0.0606968 -0.00449544 0.393364
v 0.0650671 -0.00636462 0.394
v 0.0549222 -0.00550891 0.409977
v 0.0559497 -0.00908495 0.40919
v 0.0596711 -0.0106932 0.409773
v 0.0510278 -0.0106487 0.425669
v 0.0519536 -0.0137018 0.424861
v 0.0551844 -0.0150829 0.425329
v 0.046479 -0.0167955 0.440366
v 0.0472997 -0.019433 0.439623
v 0.0500706 -0.0206741 0.440146
v 0.0411382 -0.0223346 0.454676
v 0.0418668 -0.0246108 0.45399
v 0.0442644 -0.0257011 0.454473
v 0.0361932 -0.0287922 0.468609
v 0.0368822 -0.0306882 0.467878
v 0.0389392 -0.0316433 0.468323
v 0.0297724 -0.0365225 0.481168
v 0.0303999 -0.0380784 0.480479
v 0.0320809 -0.0389478 0.480963
v 0.022247 -0.0447023 0.492958
v 0.0228244 -0.0458888 0.492311
v 0.0241499 -0.0466324 0.492753
v 0.0148987 -0.0537552 0.501544
v 0.0154313 -0.0545807 0.500967
v 0.0164133 -0.0552067 0.501353
v -0.0567072 0.135438 0.314869
v -0.0513602 0.138468 0.313586
v -0.050433 0.14516 0.313885
v -0.0514445 0.134178 0.332392
v -0.0467213 0.136865 0.331214
v -0.0458973 0.142791 0.331488
v -0.0452958 0.133129 0.349287
v -0.0411961 0.135481 0.348199
v -0.0404507 0.14064 0.348532
v -0.0395128 0.131149 0.365704
v -0.0359273 0.133196 0.364789
v -0.0352696 0.137692 0.365102
v -0.0340092 0.129915 0.382137
v -0.030885 0.131742 0.381186
v -0.0303254 0.135727 0.381396
v -0.0274039 0.128349 0.397668
v -0.0246391 0.129981 0.396786
v -0.0241031 0.133514 0.39708
v -0.0213471 0.125997 0.41296
v -0.0188909 0.127457 0.412146
v -0.0184153 0.130611 0.412401
v -0.0147383 0.124507 0.428019
v -0.0126156 0.125833 0.427141
v -0.0121983 0.128651 0.427354
v -0.00680561 0.122128 0.442225
v -0.00495713 0.123322 0.441381
v -0.004542 0.12581 0.44166
v 0.00134596 0.119237 0.456371
v 0.00290153 0.120311 0.455524
v 0.00326955 0.122496 0.455777
v 0.0112643 0.116565 0.469618
v 0.0124784 0.117534 0.468738
v 0.0128172 0.119411 0.468989
v 0.0229623 0.112792 0.481104
v 0.0238476 0.113648 0.480269
v 0.0241832 0.115191 0.480536
v 0.0362591 0.108522 0.49048
v 0.0367972 0.109254 0.489744
v 0.0370972 0.110452 0.489985
v -0.026887 0.000914768 0.529681
v 0.0156226 -0.0543634 0.500833
v 0.0751983 -0.0988777 0.513645
v -0.0379276 -0.0125106 0.537664
v 0.00428782 -0.067397 0.509136
v 0.0637714 -0.111131 0.521688
v -0.0511312 -0.030855 0.551004
v -0.00832796 -0.0833378 0.518438
v 0.052557 -0.126497 0.527235
v -0.0612644 -0.0452918 0.564449
v -0.0233522 -0.100237 0.529724
v 0.0345432 -0.147895 0.535962
v -0.080603 -0.0654694 0.574849
v -0.0396815 -0.119076 0.542195
v 0.0189373 -0.164866 0.551231
v -0.101195 -0.0814275 0.580366
v -0.0615206 -0.137653 0.551475
v -0.0117259 -0.190995 0.567136
v -0.122748 -0.100177 0.595523
v -0.0882698 -0.154758 0.555657
v -0.0474541 -0.218499 0.560979
v -0.150101 -0.100734 0.58415
v -0.119124 -0.167805 0.556777
v -0.0912093 -0.238506 0.577497
v -0.181267 -0.118471 0.573592
v -0.150824 -0.178577 0.548049
v -0.133825 -0.246799 0.563819
v -0.181626 -0.191311 0.536571
v 0.00124516 0.0531417 0.529029
v 0.0365091 0.109351 0.489626
v 0.0601272 0.182755 0.492761
v 0.0187428 0.0478161 0.535964
v 0.053767 0.103646 0.496956
v 0.0766412 0.176675 0.499941
v 0.0423449 0.042582 0.547809
v 0.0743551 0.0977788 0.50498
v 0.0957161 0.171593 0.504127
v 0.0614209 0.0389494 0.560196
v 0.0969114 0.0901471 0.515024
v 0.122982 0.162435 0.511014
v 0.0892111 0.0280991 0.569363
v 0.121959 0.0821624 0.526047
v 0.145622 0.155033 0.524836
v 0.11332 0.014045 0.574164
v 0.148477 0.0687257 0.534174
v 0.182197 0.137029 0.53895
v 0.14176 0.00133777 0.588114
v 0.175075 0.0499324 0.537622
v 0.219599 0.113136 0.531018
v 0.152645 -0.0265371 0.578162
v 0.199475 0.0258866 0.538788
v 0.256234 0.0823775 0.547656
v 0.181347 -0.0506712 0.566455
v 0.221465 -0.00051231 0.53034
v 0.279122 0.0450653 0.535629
v 0.245025 -0.0252013 0.518721
# 1379 verticies
vt 1 0
vt 1 0.25
vt 0.5 0
vt 0.5 0.25
vt 0 0
vt 0 0.25
vt 1 0.5
vt 0.5 0.5
vt 0 0.5
vt 1 0.75
vt 0.5 0.75
vt 0 0.75
vt 1 1
vt 0.5 1
vt 0 1
vt 1 1.25
vt 0.5 1.25
vt 0 1.25
vt 1 1.5
vt 0.5 1.5
vt 0 1.5
vt 1 1.75
vt 0.5 1.75
vt 0 1.75
vt 1 0.111111
vt 0.5 0.111111
vt 0 0.111111
vt 1 0.222222
vt 0.5 0.222222
vt 0 0.222222
vt 1 0.333333
vt 0.5 0.333333
vt 0 0.333333
vt 1 0.444444
vt 0.5 0.444444
vt 0 0.444444
vt 1 0.555556
vt 0.5 0.555556
vt 0 0.555556
vt 1 0.666667
vt 0.5 0.666667
vt 0 0.666667
vt 1 0.777778
vt 0.5 0.777778
vt 0 0.777778
vt 1 0.888889
vt 0.5 0.888889
vt 0 0.888889
vt 1 2
vt 0.5 2
vt 0 2
vt 1 0.2
vt 0.666667 0
vt 0.333333 0.2
vt 0 0.2
vt 0.666667 0.2
vt 0.333333 0
vt 1 0.4
vt 0.333333 0.4
vt 0 0.4
vt 0.666667 0.4
vt 1 0.6
vt 0.333333 0.6
vt 0 0.6
vt 0.666667 0.6
vt 1 0.8
vt 0.333333 0.8
vt 0 0.8
vt 0.666667 0.8
vt 0.333333 1
vt 0.666667 1
vt 1 1.2
vt 0.333333 1.2
vt 0 1.2
vt 0.666667 1.2
vt 1 1.4
vt 0.333333 1.4
vt 0 1.4
vt 0.666667 1.4
vt 1 1.6
vt 0.333333 1.6
vt 0 1.6
vt 0.666667 1.6
vt 1 1.8
vt 0.333333 1.8
vt 0 1.8
vt 0.666667 1.8
vt 0.333333 2
vt 0.666667 2
vt 1 2.2
vt 0.333333 2.2
vt 0 2.2
vt 0.666667 2.2
vt 1 2.4
vt 0.333333 2.4
vt 0 2.4
vt 0.666667 2.4
vt 1 2.6
vt 0.333333 2.6
vt 0 2.6
vt 0.666667 2.6
vt 1 2.8
vt 0.333333 2.8
vt 0 2.8
vt 0.666667 2.8
vt 1 3
vt 0.333333 3
vt 0 3
vt 0.666667 3
vt 1 3.2
vt 0.333333 3.2
vt 0 3.2
vt 0.666667 3.2
vt 1 3.4
vt 0.333333 3.4
vt 0 3.4
vt 0.666667 3.4
vt 1 3.6
vt 0.333333 3.6
vt 0 3.6
vt 0.666667 3.6
vt 1 3.8
vt 0.333333 3.8
vt 0 3.8
vt 0.666667 3.8
vt 1 4
vt 0.333333 4
vt 0 4
vt 0.666667 4
vt 1 4.2
vt 0.333333 4.2
vt 0 4.2
vt 0.666667 4.2
vt 1 4.4
vt 0.333333 4.4
vt 0 4.4
vt 0.666667 4.4
vt 1 4.6
vt 0.333333 4.6
vt 0 4.6
vt 0.666667 4.6
vt 1 4.8
vt 0.333333 4.8
vt 0 4.8
vt 0.666667 4.8
vt 1 5
vt 0.333333 5
vt 0 5
vt 0.666667 5
vt 1 5.2
vt 0.333333 5.2
vt 0 5.2
vt 0.666667 5.2
vt 1 5.4
vt 0.333333 5.4
vt 0 5.4
vt 0.666667 5.4
vt 1 5.6
vt 0.333333 5.6
vt 0 5.6
vt 0.666667 5.6
vt 1 5.8
vt 0.333333 5.8
vt 0 5.8
vt 0.666667 5.8
vt 1 6
vt 0.333333 6
vt 0 6
vt 0.666667 6
vt 1 6.2
vt 0.333333 6.2
vt 0 6.2
vt 0.666667 6.2
vt 1 6.4
vt 0.333333 6.4
vt 0 6.4
vt 0.666667 6.4
vt 1 6.6
vt 0.333333 6.6
vt 0 6.6
vt 0.666667 6.6
vt 1 6.8
vt 0.333333 6.8
vt 0 6.8
vt 0.666667 6.8
vt 1 7
vt 0.333333 7
vt 0 7
vt 0.666667 7
vt 1 7.2
vt 0.333333 7.2
vt 0 7.2
vt 0.666667 7.2
vt 1 7.4
vt 0.333333 7.4
vt 0 7.4
vt 0.666667 7.4
vt 1 0.142857
vt 0.5 0.142857
vt 0 0.142857
vt 1 0.285714
vt 0.5 0.285714
vt 0 0.285714
vt 1 0.428571
vt 0.5 0.428571
vt 0 0.428571
vt 1 0.571429
vt 0.5 0.571429
vt 0 0.571429
vt 1 0.714286
vt 0.5 0.714286
vt 0 0.714286
vt 1 0.857143
vt 0.5 0.857143
vt 0 0.857143
vt 1 6.05
vt 0.5 5.8
vt 0.5 6.05
vt 0 6.05
vt 1 6.3
vt 0.5 6.3
vt 0 6.3
vt 1 6.55
vt 0.5 6.55
vt 0 6.55
vt 0.5 6.8
vt 1 7.05
vt 0.5 7.05
vt 0 7.05
vt 1 7.3
vt 0.5 7.3
vt 0 7.3
vt 1 7.55
vt 0.5 7.55
vt 0 7.55
vt 1 7.25
vt 0.5 7
vt 0.5 7.25
vt 0 7.25
vt 1 7.5
vt 0.5 7.5
vt 0 7.5
vt 1 7.75
vt 0.5 7.75
vt 0 7.75
vt 1 8
vt 0.5 8
vt 0 8
vt 1 8.25
vt 0.5 8.25
vt 0 8.25
vt 1 8.5
vt 0.5 8.5
vt 0 8.5
vt 1 8.75
vt 0.5 8.75
vt 0 8.75
vt 1 9
vt 0.5 9
vt 0 9
vt 1 5.85
vt 0.5 5.6
vt 0.5 5.85
vt 0 5.85
vt 1 6.1
vt 0.5 6.1
vt 0 6.1
vt 1 6.35
vt 0.5 6.35
vt 0 6.35
vt 0.5 6.6
vt 1 6.85
vt 0.5 6.85
vt 0 6.85
vt 1 7.1
vt 0.5 7.1
vt 0 7.1
vt 1 7.35
vt 0.5 7.35
vt 0 7.35
vt 1 7.6
vt 0.5 7.6
vt 0 7.6
vt 0.333333 6.05
vt 0.666667 6.05
vt 0.333333 6.3
vt 0.666667 6.3
vt 0.333333 6.55
vt 0.666667 6.55
vt 0.333333 7.05
vt 0.666667 7.05
vt 0.333333 7.3
vt 0.666667 7.3
vt 0.333333 7.55
vt 0.666667 7.55
vt 1 7.8
vt 0.333333 7.8
vt 0 7.8
vt 0.666667 7.8
vt 1 8.05
vt 0.333333 8.05
vt 0 8.05
vt 0.666667 8.05
vt 1 8.3
vt 0.333333 8.3
vt 0 8.3
vt 0.666667 8.3
vt 0.333333 7.25
vt 0.666667 7.25
vt 0.333333 7.5
vt 0.666667 7.5
vt 0.333333 7.75
vt 0.666667 7.75
vt 0.333333 8
vt 0.666667 8
vt 0.333333 8.25
vt 0.666667 8.25
vt 0.333333 8.5
vt 0.666667 8.5
vt 0.333333 8.75
vt 0.666667 8.75
vt 0.333333 9
vt 0.666667 9
vt 1 9.25
vt 0.333333 9.25
vt 0 9.25
vt 0.666667 9.25
vt 1 9.5
vt 0.333333 9.5
vt 0 9.5
vt 0.666667 9.5
vt 1 9.75
vt 0.333333 9.75
vt 0 9.75
vt 0.666667 9.75
vt 1 10
vt 0.333333 10
vt 0 10
vt 0.666667 10
vt 0.333333 5.85
vt 0.666667 5.85
vt 0.333333 6.1
vt 0.666667 6.1
vt 0.333333 6.35
vt 0.666667 6.35
vt 0.333333 6.85
vt 0.666667 6.85
vt 0.333333 7.1
vt 0.666667 7.1
vt 0.333333 7.35
vt 0.666667 7.35
vt 0.333333 7.6
vt 0.666667 7.6
vt 1 7.85
vt 0.333333 7.85
vt 0 7.85
vt 0.666667 7.85
vt 1 8.1
vt 0.333333 8.1
vt 0 8.1
vt 0.666667 8.1
vt 1 8.35
vt 0.333333 8.35
vt 0 8.35
vt 0.666667 8.35
vt 1 8.6
vt 0.333333 8.6
vt 0 8.6
vt 0.666667 8.6
vt 1 8.85
vt 0.333333 8.85
vt 0 8.85
vt 0.666667 8.85
vt 1 8.55
vt 0.333333 8.55
vt 0 8.55
vt 0.666667 8.55
vt 1 8.8
vt 0.333333 8.8
vt 0 8.8
vt 0.666667 8.8
vt 1 9.05
vt 0.333333 9.05
vt 0 9.05
vt 0.666667 9.05
vt 1 9.3
vt 0.333333 9.3
vt 0 9.3
vt 0.666667 9.3
vt 1 9.55
vt 0.333333 9.55
vt 0 9.55
vt 0.666667 9.55
vt 1 9.8
vt 0.333333 9.8
vt 0 9.8
vt 0.666667 9.8
vt 1 10.05
vt 0.333333 10.05
vt 0 10.05
vt 0.666667 10.05
vt 1 10.3
vt 0.333333 10.3
vt 0 10.3
vt 0.666667 10.3
vt 1.03 0
vt 0.83 0
vt 0.23 0
vt 0.03 0
vt 0.63 0
vt 0.43 0
vt 1 10.25
vt 0.333333 10.25
vt 0 10.25
vt 0.666667 10.25
vt 1 10.5
vt 0.333333 10.5
vt 0 10.5
vt 0.666667 10.5
vt 1 10.75
vt 0.333333 10.75
vt 0 10.75
vt 0.666667 10.75
vt 1 11
vt 0.333333 11
vt 0 11
vt 0.666667 11
vt 1 11.25
vt 0.333333 11.25
vt 0 11.25
vt 0.666667 11.25
vt 1 11.5
vt 0.333333 11.5
vt 0 11.5
vt 0.666667 11.5
vt 1 11.75
vt 0.333333 11.75
vt 0 11.75
vt 0.666667 11.75
vt 1 12
vt 0.333333 12
vt 0 12
vt 0.666667 12
vt 1 9.1
vt 0.333333 9.1
vt 0 9.1
vt 0.666667 9.1
vt 1 9.35
vt 0.333333 9.35
vt 0 9.35
vt 0.666667 9.35
vt 1 9.6
vt 0.333333 9.6
vt 0 9.6
vt 0.666667 9.6
vt 1 9.85
vt 0.333333 9.85
vt 0 9.85
vt 0.666667 9.85
vt 1 10.1
vt 0.333333 10.1
vt 0 10.1
vt 0.666667 10.1
vt 1 10.35
vt 0.333333 10.35
vt 0 10.35
vt 0.666667 10.35
vt 1 10.6
vt 0.333333 10.6
vt 0 10.6
vt 0.666667 10.6
vt 1 10.85
vt 0.333333 10.85
vt 0 10.85
vt 0.666667 10.85
vt 1.03 0.2
vt 0.23 0.2
vt 0.03 0.2
vt 0.83 0.2
vt 0.63 0.2
vt 0.43 0.2
vt 1.03 0.4
vt 0.23 0.4
vt 0.03 0.4
vt 0.83 0.4
vt 0.63 0.4
vt 0.43 0.4
vt 1.03 0.6
vt 0.23 0.6
vt 0.03 0.6
vt 0.83 0.6
vt 0.63 0.6
vt 0.43 0.6
vt 1.03 0.8
vt 0.23 0.8
vt 0.03 0.8
vt 0.83 0.8
vt 0.63 0.8
vt 0.43 0.8
vt 1 10.55
vt 1 10.8
vt 0.666667 10.55
vt 0 10.55
vt 0.333333 10.8
vt 0 10.8
vt 0.666667 10.8
vt 0.333333 10.55
vt 1 11.05
vt 0.333333 11.05
vt 0 11.05
vt 0.666667 11.05
vt 1 11.3
vt 0.333333 11.3
vt 0 11.3
vt 0.666667 11.3
vt 1 11.55
vt 0.333333 11.55
vt 0 11.55
vt 0.666667 11.55
vt 1 12.25
vt 1 12.5
vt 0.666667 12.25
vt 0 12.25
vt 0.333333 12.5
vt 0 12.5
vt 0.666667 12.5
vt 0.333333 12.25
vt 1 12.75
vt 0.333333 12.75
vt 0 12.75
vt 0.666667 12.75
vt 1 13
vt 0.333333 13
vt 0 13
vt 0.666667 13
vt 1 13.25
vt 0.333333 13.25
vt 0 13.25
vt 0.666667 13.25
vt 1 11.1
vt 1 11.35
vt 0.666667 11.1
vt 0 11.1
vt 0.333333 11.35
vt 0 11.35
vt 0.666667 11.35
vt 0.333333 11.1
vt 1 11.6
vt 0.333333 11.6
vt 0 11.6
vt 0.666667 11.6
vt 1 11.85
vt 0.333333 11.85
vt 0 11.85
vt 0.666667 11.85
vt 1 12.1
vt 0.333333 12.1
vt 0 12.1
vt 0.666667 12.1
vt 0.5 0.2
vt 0.5 0.4
vt 0.5 0.6
vt 0.5 0.8
vt 1 2.05
vt 0.5 1.8
vt 0.5 2.05
vt 0 2.05
vt 1 2.3
vt 0.5 2.3
vt 0 2.3
vt 1 2.55
vt 0.5 2.55
vt 0 2.55
vt 0.5 2.8
vt 1 3.05
vt 0.5 3.05
vt 0 3.05
vt 1 3.3
vt 0.5 3.3
vt 0 3.3
vt 1 3.55
vt 0.5 3.55
vt 0 3.55
vt 0.5 3.8
vt 1 4.05
vt 0.5 4.05
vt 0 4.05
vt 1 4.3
vt 0.5 4.3
vt 0 4.3
vt 1 4.55
vt 0.5 4.55
vt 0 4.55
vt 0.5 4.8
# 594 texture verticies
vn 0.29234 0.906359 0.305043
vn 0.293013 0.903069 0.314023
vn 0.292247 0.906392 0.305032
vn 0.293441 0.899767 0.322974
vn -0.602636 0.737992 0.303641
vn -0.601603 0.732939 0.317606
vn -0.602532 0.73805 0.303707
vn -0.60043 0.727729 0.331503
vn 0.296144 0.886517 0.355508
vn 0.29776 0.876232 0.378888
vn -0.598611 0.717768 0.35563
vn -0.597811 0.713201 0.366014
vn 0.299215 0.866613 0.399315
vn 0.297672 0.868351 0.396683
vn -0.59666 0.705403 0.382626
vn -0.595872 0.702508 0.389125
vn 0.302325 0.850353 0.430696
vn 0.306387 0.829605 0.46678
vn -0.591261 0.67452 0.442078
vn -0.586132 0.647308 0.487279
vn 0.31318 0.795787 0.518306
vn 0.314504 0.784401 0.534605
vn -0.581061 0.626962 0.518929
vn -0.58338 0.635035 0.506358
vn 0.313372 0.791511 0.524698
vn 0.308423 0.81084 0.497406
vn -0.584573 0.641767 0.496397
vn -0.585064 0.640018 0.498073
vn 0.304306 0.828572 0.469965
vn 0.30188 0.830187 0.468678
vn -0.585004 0.63842 0.50019
vn -0.585569 0.638476 0.499457
vn -0.81987 -0.279024 0.499959
vn -0.812431 -0.26981 0.516873
vn -0.819697 -0.279459 0.499999
vn -0.8042 -0.261422 0.533779
vn -0.118044 -0.859357 0.497565
vn -0.107894 -0.846666 0.521072
vn -0.118508 -0.859139 0.497831
vn -0.0979671 -0.83313 0.544332
vn -0.775859 -0.225611 0.589188
vn -0.752934 -0.200054 0.626952
vn -0.0738981 -0.804752 0.588993
vn -0.061584 -0.788902 0.611425
vn -0.721212 -0.163367 0.673175
vn -0.711254 -0.158455 0.684843
vn -0.0327351 -0.756819 0.652804
vn -0.0200545 -0.738502 0.673953
vn -0.664537 -0.0949048 0.741204
vn -0.620062 -0.0410518 0.783478
vn 0.0478401 -0.661849 0.748109
vn 0.100872 -0.596242 0.796443
vn -0.547284 0.0501142 0.835445
vn -0.518641 0.0822256 0.851029
vn 0.155038 -0.526747 0.835763
vn 0.15654 -0.527408 0.835067
vn -0.506269 0.0963371 0.856978
vn -0.520989 0.0752994 0.850235
vn 0.168067 -0.515335 0.840347
vn 0.17949 -0.503507 0.845141
vn -0.536152 0.0554377 0.842299
vn -0.53443 0.0529937 0.84355
vn 0.190506 -0.491216 0.849949
vn 0.190771 -0.491431 0.849766
vn 0.0910778 0.825477 0.557038
vn 0.104526 0.792309 0.6011
vn -0.0625497 0.80245 0.593432
vn -0.135317 0.756222 0.64017
vn -0.368921 0.698553 0.613123
vn -0.372708 0.696504 0.613165
vn 0.0831804 0.810237 0.58017
vn -0.144514 0.771146 0.62004
vn -0.350945 0.63744 0.685935
vn 0.0970776 0.866966 0.488822
vn -0.0732473 0.724933 0.684914
vn -0.253171 0.532461 0.807706
vn 0.216558 0.805301 0.551899
vn 0.0490315 0.642933 0.764352
vn -0.107924 0.365874 0.924385
vn 0.373207 0.61237 0.696936
vn 0.181974 0.450328 0.874123
vn -0.0486533 0.373828 0.926221
vn 0.420312 0.39923 0.814833
vn 0.138259 0.468636 0.872505
vn -0.188576 0.553803 0.811013
vn 0.370075 0.332492 0.867464
vn 0.0523815 0.410043 0.910561
vn -0.305597 0.479183 0.822797
vn 0.279855 0.268125 0.921841
vn -0.0451192 0.266001 0.962916
vn -0.449596 0.533013 0.716771
vn 0.0988179 0.0537575 0.993652
vn -0.0791079 -0.115621 0.990138
vn -0.324986 -0.016101 0.945582
vn -0.337573 -0.0351751 0.940642
vn -0.206066 -0.12179 0.970929
vn -0.136634 -0.15741 0.978035
vn 0.0508247 -0.317258 0.946976
vn 0.113837 -0.212401 0.970529
vn -0.363947 -0.0388958 0.930607
vn -0.116036 -0.0720383 0.990629
vn 0.148279 -0.0892459 0.98491
vn -0.318986 0.114506 0.940817
vn -0.0751869 0.0511571 0.995856
vn 0.09292 -0.120483 0.988357
vn -0.158677 0.310065 0.93738
vn -0.0021371 0.102259 0.994755
vn 0.153427 -0.104413 0.982628
vn -0.126227 0.297771 0.946255
vn 0.0706301 0.179653 0.981191
vn 0.368513 0.144924 0.918257
vn -0.162321 0.350596 0.922353
vn 0.280195 0.383431 0.880041
vn 0.328704 0.218647 0.918775
vn 0.542396 0.815265 0.202854
vn 0.384134 0.682009 0.622339
vn 0.346252 0.378308 0.858483
vn 0.46629 0.127789 0.875354
vn 0.378317 0.615088 0.691768
vn 0.544604 0.384975 0.745118
vn 0.631959 0.214419 0.74475
vn 0.53556 0.435571 0.723501
vn 0.230994 -0.942344 0.242134
vn 0.227723 -0.938812 0.258406
vn 0.231385 -0.942248 0.242135
vn 0.225196 -0.934788 0.274697
vn 0.910515 -0.336006 0.240961
vn 0.905592 -0.330879 0.265374
vn 0.910344 -0.336383 0.241082
vn 0.89998 -0.325754 0.289691
vn 0.209387 -0.919279 0.333292
vn 0.197778 -0.905574 0.37526
vn 0.885845 -0.309873 0.345335
vn 0.876598 -0.299509 0.376656
vn 0.176301 -0.879948 0.441145
vn 0.170074 -0.868317 0.465941
vn 0.865814 -0.287174 0.409754
vn 0.865599 -0.285033 0.411697
vn 0.165532 -0.859905 0.48287
vn 0.170621 -0.862926 0.475655
vn 0.864685 -0.281943 0.415725
vn 0.865129 -0.278958 0.416814
vn 0.169941 -0.860627 0.480043
vn 0.166227 -0.854716 0.491761
vn 0.861572 -0.271369 0.429013
vn 0.858777 -0.264377 0.438869
vn 0.165761 -0.853088 0.494736
vn 0.173651 -0.855817 0.48726
vn 0.843296 -0.245331 0.478188
vn 0.831546 -0.229534 0.505812
vn 0.157259 -0.842399 0.515396
vn 0.143751 -0.819541 0.554697
vn 0.783938 -0.185237 0.592561
vn 0.748879 -0.14664 0.64628
vn 0.122096 -0.798279 0.589783
vn 0.133235 -0.792716 0.594853
vn 0.707356 -0.112736 0.697809
vn 0.712149 -0.10271 0.694474
vn 0.165181 -0.675025 0.719066
vn 0.185241 -0.687693 0.701971
vn 0.169232 -0.676834 0.716419
vn 0.167977 -0.688298 0.705712
vn 0.601346 -0.188818 0.776357
vn 0.584939 -0.175188 0.791931
vn 0.603547 -0.189783 0.774411
vn 0.516374 -0.141367 0.844614
vn 0.194249 -0.713419 0.673276
vn 0.132493 -0.706929 0.694764
vn 0.483004 -0.133351 0.865404
vn 0.412383 -0.122011 0.902803
vn 0.0616062 -0.681815 0.728926
vn -0.010509 -0.635329 0.77217
vn 0.430589 -0.157873 0.888633
vn 0.452075 -0.181897 0.873236
vn -0.102045 -0.547815 0.830352
vn -0.102509 -0.515702 0.850614
vn 0.457677 -0.167362 0.873225
vn 0.450579 -0.13374 0.882662
vn -0.0875302 -0.516611 0.851734
vn -0.135966 -0.519106 0.843826
vn 0.347178 -0.0309051 0.93729
vn 0.215999 0.0686404 0.973978
vn -0.153643 -0.536278 0.82994
vn -0.354022 -0.293389 0.888027
vn 0.10202 0.108202 0.98888
vn 0.143865 0.0222119 0.989348
vn -0.739867 0.373236 0.559725
vn -0.528916 0.0781941 0.845064
vn -0.107708 0.0146074 0.994075
vn 0.22469 0.171388 0.95924
vn -0.457869 0.0629437 0.886789
vn -0.470518 0.0788051 0.878864
vn 0.122294 0.361623 0.924269
vn 0.112066 0.376294 0.919698
vn -0.478306 0.0960465 0.872925
vn 0.101535 0.401546 0.910193
vn -0.515756 0.832823 0.201
vn -0.521889 0.832286 0.186899
vn -0.516591 0.832291 0.201058
vn -0.398679 -0.894777 0.201071
vn -0.403961 -0.895501 0.186797
vn -0.409683 -0.895693 0.172899
vn -0.527692 0.831693 0.172707
vn 0.915659 0.0625235 -0.397063
vn 0.927245 0.0633147 -0.369063
vn 0.915659 0.0625235 -0.397063
vn 0.937989 0.0640482 -0.340697
vn -0.397994 -0.895217 0.200466
vn -0.53589 0.831374 0.147105
vn -0.41793 -0.896501 0.14704
vn -0.421453 -0.896619 0.135841
vn -0.539447 0.831009 0.135723
vn 0.954946 0.0652061 -0.289528
vn 0.961503 0.0656537 -0.266838
vn -0.544458 0.830816 0.11537
vn -0.426482 -0.897113 0.115329
vn -0.428639 -0.897185 0.106435
vn -0.546629 0.830592 0.106362
vn 0.97182 0.0663583 -0.22619
vn 0.975796 0.0666298 -0.208286
vn -0.549685 0.830477 0.0903085
vn -0.4317 -0.897488 0.0902833
vn -0.43302 -0.897531 0.0832585
vn -0.55101 0.830339 0.0832142
vn 0.982047 0.0670567 -0.176315
vn 0.984454 0.0672211 -0.162273
vn -0.552876 0.83027 0.0705702
vn -0.434887 -0.897717 0.0705545
vn -0.435697 -0.897743 0.0650061
vn -0.553688 0.830185 0.064979
vn 0.988239 0.0674796 -0.137224
vn 0.989697 0.0675793 -0.126228
vn -0.55483 0.830144 0.0549948
vn -0.436839 -0.897858 0.0549851
vn -0.437338 -0.897873 0.0505872
vn -0.555329 0.830092 0.0505705
vn 0.991991 0.0677361 -0.106607
vn 0.992876 0.0677963 -0.0979877
vn -0.556029 0.830067 0.0426662
vn -0.438037 -0.897944 0.0426601
vn -0.438343 -0.897954 0.0391743
vn -0.556335 0.830035 0.039164
vn 0.994269 0.0678912 -0.0825822
vn 0.994807 0.0679277 -0.075799
vn -0.556761 0.83002 0.032923
vn -0.438768 -0.897997 0.0329195
vn -0.438951 -0.898004 0.0301755
vn -0.556944 0.830002 0.0301692
vn 0.995653 0.0679855 -0.0636602
vn 0.99598 0.0680078 -0.0583056
vn -0.55719 0.829993 0.0255084
vn -0.439197 -0.898029 0.0255061
vn -0.439297 -0.898032 0.023595
vn -0.557291 0.829982 0.0235914
vn 0.996468 0.0680411 -0.0492091
vn 0.996645 0.0680533 -0.045468
vn -0.557434 0.829977 0.0201448
vn -0.43944 -0.898046 0.0201434
vn -0.439503 -0.898048 0.0186111
vn -0.557497 0.82997 0.0186088
vn 0.996929 0.0680728 -0.038702
vn 0.997042 0.0680806 -0.0356774
vn -0.557587 0.829967 0.0158578
vn -0.439593 -0.898057 0.0158568
vn -0.439633 -0.898058 0.0146401
vn -0.557627 0.829963 0.0146386
vn 0.997221 0.0680928 -0.030217
vn 0.997292 0.0680978 -0.0277814
vn -0.557682 0.829961 0.0124664
vn -0.439688 -0.898064 0.0124658
vn -0.439713 -0.898065 0.0115116
vn -0.557707 0.829958 0.0115106
vn 0.997404 0.0681055 -0.0233928
vn 0.997448 0.0681087 -0.0214399
vn -0.557741 0.829957 0.00980895
vn -0.439747 -0.898068 0.00980851
vn -0.439761 -0.898069 0.00906172
vn -0.557755 0.829956 0.00906097
vn 0.997516 0.0681134 -0.0179373
vn 0.997543 0.0681154 -0.016388
vn -0.55774 0.829953 0.0101887
vn -0.439797 -0.898073 0.0066062
vn -0.441884 -0.897026 0.00909182
vn -0.558896 0.82919 0.00893301
vn 0.997596 0.0681193 -0.0126934
vn 0.997644 0.0678602 -0.010085
vn -0.558313 0.829577 -0.00943952
vn -0.441725 -0.897105 -0.00898329
vn -0.441379 -0.896961 -0.0254113
vn -0.557503 0.829646 -0.0296222
vn 0.996556 0.0675482 0.0481074
vn 0.992298 0.0670205 0.104177
vn -0.706888 -0.584465 0.398384
vn -0.697363 -0.608767 0.37827
vn -0.703874 -0.586714 0.400409
vn 0.916154 0.0140897 0.400579
vn 0.925781 -0.00717286 0.377991
vn 0.933344 -0.0302078 0.357709
vn -0.687756 -0.632086 0.357013
vn -0.212481 0.572855 -0.791637
vn -0.229622 0.619067 -0.751019
vn -0.212481 0.572855 -0.791637
vn -0.245891 0.662929 -0.707151
vn 0.917742 0.0160091 0.396855
vn -0.675812 -0.66734 0.312948
vn 0.947589 -0.0654388 0.31272
vn 0.952699 -0.0808895 0.292955
vn -0.669441 -0.682872 0.292464
vn -0.272604 0.734946 -0.62092
vn -0.283419 0.764104 -0.579498
vn -0.661655 -0.705833 0.253005
vn 0.961929 -0.103744 0.252842
vn 0.965236 -0.113705 0.23535
vn -0.657581 -0.715786 0.235027
vn -0.300867 0.811143 -0.501525
vn -0.307788 0.829804 -0.465502
vn -0.652652 -0.730321 0.201684
vn 0.971057 -0.128122 0.201575
vn 0.973145 -0.134398 0.186885
vn -0.6501 -0.73656 0.18668
vn -0.318841 0.859601 -0.399283
vn -0.323173 0.871282 -0.369361
vn -0.647029 -0.745617 0.159401
vn 0.976762 -0.143355 0.15933
vn 0.978062 -0.147261 0.147343
vn -0.645447 -0.749484 0.147215
vn -0.330053 0.889828 -0.315074
vn -0.332732 0.89705 -0.290845
vn -0.643552 -0.75508 0.125281
vn 0.980292 -0.152783 0.125236
vn 0.981096 -0.1552 0.115602
vn -0.642576 -0.757463 0.115522
vn -0.336972 0.908484 -0.247199
vn -0.338617 0.912921 -0.227848
vn -0.641411 -0.760907 0.0980376
vn 0.982468 -0.158591 0.0980094
vn 0.982963 -0.160081 0.0903214
vn -0.64081 -0.762373 0.0902727
vn -0.341218 0.919933 -0.193117
vn -0.342225 0.922648 -0.177768
vn -0.640096 -0.764488 0.076389
vn 0.983805 -0.162159 0.0763725
vn 0.984111 -0.163061 0.0702604
vn -0.639738 -0.765378 0.0702304
vn -0.343816 0.926936 -0.150267
vn -0.344431 0.928594 -0.138129
vn -0.639318 -0.766615 0.0597865
vn 0.984601 -0.164277 0.0597758
vn 0.984769 -0.164778 0.0554862
vn -0.639117 -0.767107 0.0554691
vn -0.345356 0.931089 -0.117481
vn -0.345693 0.931998 -0.108982
vn -0.638869 -0.767837 0.0476755
vn 0.985058 -0.165496 0.0476685
vn 0.985166 -0.16582 0.0441864
vn -0.638739 -0.768155 0.0441751
vn -0.346238 0.933467 -0.0935832
vn -0.346455 0.934053 -0.0866869
vn -0.638579 -0.768624 0.0378654
vn 0.985351 -0.166281 0.0378609
vn 0.98542 -0.166489 0.035046
vn -0.638496 -0.768827 0.0350387
vn -0.346806 0.934996 -0.074211
vn -0.346945 0.935371 -0.0686328
vn -0.638394 -0.769126 0.0299522
vn 0.985539 -0.166782 0.0299491
vn 0.985583 -0.166914 0.0276851
vn -0.638341 -0.769256 0.0276803
vn -0.347168 0.935973 -0.0585578
vn -0.347257 0.936211 -0.0540619
vn -0.638278 -0.769444 0.0236021
vn 0.985658 -0.167099 0.0236001
vn 0.985685 -0.167183 0.0217904
vn -0.638244 -0.769526 0.0217875
vn -0.347398 0.936591 -0.0459573
vn -0.347453 0.936741 -0.0423489
vn -0.638205 -0.769644 0.0185388
vn 0.985732 -0.167298 0.0185375
vn 0.985749 -0.16735 0.0171013
vn -0.638184 -0.769694 0.0170993
vn -0.347541 0.936979 -0.0358569
vn -0.347576 0.937072 -0.0329734
vn -0.638159 -0.769767 0.0145317
vn 0.985778 -0.167421 0.0145307
vn 0.985789 -0.167454 0.0134009
vn -0.638146 -0.769799 0.0133998
vn -0.34763 0.93722 -0.0277963
vn -0.347652 0.937277 -0.0255026
vn -0.638131 -0.769843 0.0113843
vn 0.985807 -0.167497 0.0113837
vn 0.985813 -0.167516 0.010499
vn -0.638124 -0.769862 0.0104981
vn -0.347685 0.937367 -0.0213967
vn -0.347698 0.937402 -0.0195847
vn -0.638124 -0.769852 0.0112323
vn 0.985831 -0.167559 0.00781212
vn 0.985431 -0.169781 0.0100341
vn -0.637099 -0.770719 0.00988086
vn -0.347725 0.937472 -0.0153223
vn -0.347494 0.9376 -0.0124139
vn -0.637735 -0.770193 -0.00982085
vn 0.985489 -0.169479 -0.00938216
vn 0.985236 -0.169054 -0.0270428
vn -0.638104 -0.769322 -0.0310943
vn -0.346954 0.936825 0.0445226
vn -0.345366 0.933228 0.0990366
vn -0.555446 0.830272 -0.0461254
vn -0.438834 -0.897421 -0.0453902
vn -0.43884 -0.897445 -0.0448557
vn -0.555469 0.830292 -0.0454871
vn 0.985014 0.0665515 0.159119
vn 0.985041 0.0665536 0.158949
vn -0.555638 0.830264 -0.0439076
vn -0.439023 -0.897438 -0.04317
vn -0.439078 -0.897459 -0.0421662
vn -0.555709 0.830274 -0.0427942
vn 0.985386 0.0665765 0.156787
vn 0.9857 0.0665968 0.154793
vn -0.555933 0.830241 -0.0404826
vn -0.439314 -0.897453 -0.0397627
vn -0.439351 -0.897489 -0.0385285
vn -0.555991 0.830269 -0.0390901
vn 0.986525 0.0666501 0.149422
vn 0.987028 0.0666822 0.146044
vn -0.556233 0.830235 -0.0362513
vn -0.439611 -0.897484 -0.0355553
vn -0.439632 -0.897533 -0.0340396
vn -0.556279 0.830278 -0.0345404
vn 0.988207 0.0667588 0.137804
vn 0.98887 0.066801 0.132943
vn -0.556553 0.830241 -0.0307848
vn -0.439926 -0.897529 -0.0301143
vn -0.439942 -0.89759 -0.0279806
vn -0.556594 0.830299 -0.0284143
vn 0.990388 0.0668989 0.121061
vn 0.991218 0.0669503 0.114038
vn -0.556951 0.830248 -0.0222125
vn -0.440318 -0.897582 -0.0215874
vn -0.440364 -0.897646 -0.0176561
vn -0.557017 0.830306 -0.0179996
vn 0.99312 0.0670718 0.0959896
vn 0.99412 0.0671323 0.0849608
vn -0.557296 0.830252 -0.0101811
vn -0.440659 -0.897622 -0.00969905
vn -0.44061 -0.897678 -0.00598771
vn -0.55726 0.830315 -0.00621617
vn 0.995639 0.0672274 0.0646854
vn 0.996194 0.0672582 0.0554483
vn -0.557352 0.830276 -0.000426416
vn -0.440716 -0.897647 -7.34827e-005
vn -0.440639 -0.897682 0.00188149
vn -0.557279 0.830324 0.00167536
vn 0.996897 0.0673002 0.0408412
vn 0.997101 0.0673094 0.0354799
vn -0.557278 0.830307 0.00556293
vn -0.440643 -0.897663 0.00586257
vn -0.440569 -0.897685 0.00772704
vn -0.557206 0.83034 0.00752354
vn 0.997414 0.0673277 0.0251303
vn 0.997527 0.0673332 0.020146
vn -0.557151 0.830328 0.0117743
vn -0.440517 -0.897663 0.0120641
vn -0.440407 -0.897683 0.014403
vn -0.557043 0.830362 0.0142011
vn 0.997686 0.0673421 0.00938983
vn 0.997723 0.0673439 0.00361895
vn -0.55687 0.830353 0.0202493
vn -0.440234 -0.897647 0.0205706
vn -0.440016 -0.897662 0.0242446
vn -0.556652 0.830399 0.0240207
vn 0.997675 0.067339 -0.0104411
vn 0.997555 0.0673296 -0.01873
vn -0.55601 0.830414 0.0355676
vn -0.439372 -0.897586 0.0359498
vn -0.438758 -0.897537 0.0438088
vn -0.555386 0.830454 0.0435005
vn 0.996789 0.0672733 -0.0434316
vn 0.995943 0.0672131 -0.0598392
vn -0.552786 0.830667 0.0664899
vn -0.436105 -0.897379 0.0672537
vn -0.433689 -0.89728 0.0824786
vn -0.550349 0.830917 0.0818105
vn 0.991928 0.0669271 -0.107697
vn 0.988035 0.0666474 -0.139088
vn -0.54608 0.831046 0.105638
vn -0.429386 -0.896798 0.106681
vn -0.42724 -0.896762 0.115256
vn -0.543891 0.831314 0.114453
vn 0.979894 0.0660709 -0.188259
vn 0.976306 0.0658091 -0.206146
vn -0.541478 0.831394 0.124842
vn -0.424826 -0.896498 0.125756
vn -0.42434 -0.896501 0.12736
vn -0.54097 0.831453 0.126635
vn 0.971562 0.0654725 -0.227552
vn 0.970717 0.065423 -0.231146
vn -0.541789 0.83142 0.123314
vn -0.425229 -0.896603 0.123627
vn -0.426524 -0.89672 0.118194
vn -0.543113 0.831299 0.118195
vn 0.972321 0.0655447 -0.224268
vn 0.974659 0.0657599 -0.21381
vn -0.544799 0.831183 0.111035
vn -0.428243 -0.896879 0.110527
vn -0.428734 -0.896908 0.108367
vn -0.545377 0.831088 0.108884
vn 0.977792 0.066013 -0.198911
vn 0.978664 0.0661204 -0.194536
vn -0.546334 0.831042 0.104343
vn -0.429782 -0.897008 0.103269
vn -0.430452 -0.897006 0.100459
vn -0.54703 0.830903 0.101776
vn 0.980605 0.066254 -0.184454
vn 0.981643 0.0663699 -0.178809
vn -0.548978 0.830844 0.0912236
vn -0.432633 -0.89726 0.0880547
vn -0.434421 -0.897259 0.0787672
vn -0.550821 0.830499 0.0828671
vn 0.985658 0.0666426 -0.155039
vn 0.988311 0.0669426 -0.136968
vn -0.554016 0.830568 0.0567732
vn -0.438136 -0.897745 0.0457289
vn -0.440105 -0.897672 0.022198
vn -0.556239 0.830137 0.0383455
vn 0.994783 0.0671735 -0.0767771
vn 0.997125 0.0673574 -0.0347026
vn -0.557061 0.830469 0.0018671
vn -0.440555 -0.897387 -0.0246539
vn -0.439229 -0.897103 -0.0477983
vn -0.5563 0.830817 -0.0165324
vn 0.996559 0.066541 0.0494153
vn 0.993646 0.0657598 0.0913399
vn -0.555016 0.831116 -0.0347002
vn -0.437702 -0.896322 -0.0708805
vn -0.437723 -0.896313 -0.0708648
vn -0.554734 0.831318 -0.0343594
vn 0.988986 0.0647145 0.133109
vn 0.988981 0.0645766 0.133214
vn -0.63926 -0.767481 -0.0481572
vn 0.984902 -0.166497 -0.0474056
vn 0.984949 -0.166563 -0.0461852
vn -0.639248 -0.767573 -0.046839
vn -0.343116 0.927086 0.15094
vn -0.343205 0.927329 0.149236
vn -0.639122 -0.76785 -0.043929
vn 0.985033 -0.166863 -0.0432004
vn 0.985089 -0.166947 -0.0415663
vn -0.639104 -0.767963 -0.0421771
vn -0.343464 0.928035 0.144164
vn -0.343631 0.92849 0.140797
vn -0.63896 -0.768282 -0.0383734
vn 0.985187 -0.167293 -0.037688
vn 0.985252 -0.167364 -0.0356016
vn -0.63896 -0.768391 -0.0361273
vn -0.344034 0.929589 0.132302
vn -0.344264 0.93022 0.127174
vn -0.638791 -0.768764 -0.030791
vn 0.985364 -0.167766 -0.0302017
vn 0.985438 -0.167867 -0.0270728
vn -0.63878 -0.768898 -0.0274705
vn -0.344815 0.931727 0.113964
vn -0.345118 0.932568 0.105882
vn -0.638677 -0.769118 -0.0234186
vn 0.9855 -0.168109 -0.0230089
vn 0.985529 -0.168044 -0.0222368
vn -0.638745 -0.76909 -0.0224802
vn -0.345539 0.933723 0.0936163
vn -0.345664 0.934086 0.0894457
vn -0.638705 -0.769192 -0.0199699
vn 0.985563 -0.168158 -0.0196883
vn 0.985595 -0.16816 -0.0180453
vn -0.638733 -0.769213 -0.0182295
vn -0.345941 0.934853 0.0798432
vn -0.346081 0.935249 0.0744181
vn -0.638648 -0.769399 -0.0124331
vn 0.98565 -0.168362 -0.012164
vn 0.985688 -0.168385 -0.0080533
vn -0.638663 -0.769442 -0.00822652
vn -0.346426 0.936189 0.0594883
vn -0.346605 0.936679 0.0499839
vn -0.638606 -0.769514 0.00548443
vn 0.985689 -0.16848 0.00567652
vn 0.985578 -0.16853 0.0152957
vn -0.638506 -0.76947 0.0150259
vn -0.346961 0.937654 0.0205581
vn -0.347027 0.937855 0.000628587
vn -0.639518 -0.767332 0.0471115
vn 0.984919 -0.166238 0.047956
vn 0.983997 -0.163527 0.0707794
vn -0.640626 -0.764677 0.0697681
vn -0.346227 0.935791 -0.066502
vn -0.344721 0.931798 -0.113667
vn -0.642014 -0.760063 0.100612
vn 0.981998 -0.159099 0.101818
vn 0.981445 -0.157153 0.10986
vn -0.642862 -0.758198 0.108928
vn -0.3414 0.92292 -0.177946
vn -0.340249 0.919815 -0.195372
vn -0.643254 -0.756945 0.115143
vn 0.980934 -0.155974 0.115932
vn 0.981148 -0.15631 0.113646
vn -0.643166 -0.757313 0.113197
vn -0.339252 0.917137 -0.209209
vn -0.339541 0.917823 -0.205702
vn -0.642995 -0.757764 0.11113
vn 0.981368 -0.156812 0.111029
vn 0.981347 -0.157112 0.110783
vn -0.64273 -0.758016 0.110952
vn -0.339832 0.918527 -0.202043
vn -0.339893 0.918532 -0.20192
vn -0.64196 -0.760628 0.0966008
vn 0.982654 -0.160026 0.0937163
vn 0.983505 -0.163491 0.0773895
vn -0.640288 -0.763746 0.0819978
vn -0.341909 0.924077 -0.170823
vn -0.343765 0.928598 -0.139754
vn -0.639444 -0.767778 0.0403541
vn 0.985453 -0.167458 0.0289989
vn 0.985732 -0.168303 -0.00273148
vn -0.638962 -0.76913 0.0129049
vn -0.346423 0.936743 -0.0500461
vn -0.346701 0.937935 0.00872191
vn -0.639022 -0.768942 -0.0194883
vn 0.984982 -0.167966 -0.0399656
vn 0.984882 -0.167205 -0.0452818
vn -0.639277 -0.768579 -0.0247377
vn -0.345199 0.935255 0.0783324
vn -0.344858 0.934399 0.0892782
vn -0.639577 -0.768052 -0.0322101
vn 0.984632 -0.166778 -0.0518084
vn 0.984574 -0.166691 -0.0531716
vn -0.639667 -0.767881 -0.0344232
vn -0.344181 0.933101 0.104221
vn -0.343992 0.93272 0.10818
vn -0.639773 -0.767663 -0.0371981
vn 0.984514 -0.166568 -0.0546529
vn 0.984512 -0.166545 -0.05477
vn -0.639785 -0.767625 -0.037771
vn -0.343763 0.932209 0.113196
vn -0.34374 0.93209 0.114241
vn -0.639709 -0.767777 -0.0359415
vn 0.984653 -0.166847 -0.0511822
vn 0.984795 -0.167091 -0.0475391
vn -0.639591 -0.767982 -0.03357
vn -0.343965 0.932553 0.109693
vn -0.344302 0.93308 0.104007
vn -0.639473 -0.768181 -0.0311921
vn 0.984916 -0.167379 -0.0438603
vn 0.98493 -0.16728 -0.0439444
vn -0.639457 -0.768193 -0.0312145
vn -0.344579 0.93359 0.0983615
vn -0.344685 0.933562 0.098256
vn 0.671238 -0.736692 0.0820041
vn 0.670828 -0.736723 0.0850301
vn 0.671237 -0.736693 0.0820052
vn 0.66992 -0.737101 0.0888217
vn 0.496914 0.861554 0.10393
vn 0.496463 0.861388 0.107403
vn 0.496914 0.861554 0.10393
vn 0.495734 0.861473 0.110055
vn 0.666504 -0.738045 0.105174
vn 0.662044 -0.73979 0.120039
vn 0.492232 0.861241 0.126378
vn 0.488598 0.86163 0.137356
vn 0.650682 -0.743305 0.155278
vn 0.638305 -0.74831 0.180551
vn 0.476566 0.861971 0.172891
vn 0.466713 0.863559 0.190904
vn 0.609692 -0.757571 0.233158
vn 0.579687 -0.76934 0.268476
vn 0.43498 0.866276 0.245679
vn 0.412659 0.870368 0.26865
vn 0.531834 -0.783868 0.320474
vn 0.495035 -0.797456 0.344971
vn 0.361748 0.875221 0.321133
vn 0.336276 0.880667 0.333683
vn 0.517173 -0.787221 0.33588
vn 0.535093 -0.78099 0.322072
vn 0.352419 0.875426 0.330803
vn 0.376076 0.871899 0.313621
vn 0.606232 -0.746232 0.274994
vn 0.438255 0.855046 0.277181
vn 0.514747 0.854282 0.0723771
vn 0.514819 0.853976 0.0754063
vn 0.514746 0.854283 0.0723742
vn 0.515351 0.85331 0.0792255
vn -0.969064 0.234959 0.0755542
vn -0.968858 0.234662 0.0790401
vn -0.969064 0.234959 0.075554
vn -0.968795 0.234006 0.0817111
vn 0.516843 0.850716 0.0956879
vn 0.519432 0.84731 0.110709
vn -0.967961 0.231129 0.098136
vn -0.967561 0.227812 0.109214
vn 0.525197 0.838305 0.146331
vn 0.532911 0.828496 0.172048
vn -0.965311 0.217078 0.145094
vn -0.964466 0.207637 0.163376
vn 0.548663 0.805018 0.225645
vn 0.567613 0.78048 0.262043
vn -0.95937 0.177829 0.219055
vn -0.957516 0.155852 0.24264
vn 0.59387 0.740034 0.315703
vn 0.616734 0.709224 0.341526
vn -0.948992 0.107 0.296588
vn -0.947303 0.0813571 0.309835
vn 0.600872 0.727318 0.331606
vn 0.590148 0.742384 0.31716
vn -0.946775 0.0982447 0.306538
vn -0.949683 0.121488 0.28869
vn 0.537799 0.799546 0.267393
vn -0.950257 0.184949 0.25061
vn 0.481918 0.874421 0.0560585
vn 0.483935 0.872 0.0736393
vn 0.484028 0.872758 0.0633324
vn 0.479607 0.87441 0.073378
vn -0.595169 0.802615 -0.0397929
vn -0.59281 0.804899 -0.0267375
vn -0.593244 0.804397 -0.0317404
vn -0.596245 0.802113 -0.033263
vn 0.475831 0.878698 0.0384107
vn 0.488282 0.871942 0.0360333
vn -0.600974 0.798043 -0.0442433
vn -0.592499 0.805257 -0.0224843
vn 0.509264 0.860544 0.0106808
vn 0.551286 0.829922 0.0855189
vn -0.573537 0.818412 -0.0354547
vn -0.533949 0.845495 0.00609187
vn 0.590212 0.805608 0.051438
vn 0.645025 0.757076 0.103819
vn -0.500968 0.865319 -0.0159216
vn -0.444902 0.891743 0.0828056
vn 0.675429 0.729346 0.10886
vn 0.678079 0.717139 0.161001
vn -0.406973 0.907033 0.108001
vn -0.389417 0.911359 0.133335
vn 0.662162 0.72832 0.176331
vn 0.623731 0.771869 0.1232
vn -0.402937 0.91072 0.0907253
vn -0.451809 0.892037 0.0117936
vn 0.594959 0.793787 0.1262
vn 0.525092 0.847789 0.0743748
vn -0.485371 0.873297 0.0420385
vn -0.561397 0.827533 0.00476334
vn 0.483684 0.872208 0.0728187
vn 0.440247 0.897273 0.0329161
vn -0.586319 0.78916 0.18291
vn -0.621231 0.75786 0.199298
vn 0.441163 0.896575 0.0391055
vn -0.563779 0.705929 0.428739
vn -0.975769 0.214615 0.0425944
vn -0.976289 0.216023 0.0139159
vn -0.975946 0.2141 0.0411154
vn -0.973502 0.228501 0.0090336
vn -0.601083 -0.79756 -0.0509576
vn -0.600081 -0.798916 -0.04045
vn -0.600573 -0.797841 -0.0525559
vn -0.609216 -0.793001 -0.00217075
vn -0.969674 0.242216 -0.0326029
vn -0.96201 0.272943 -0.0062847
vn -0.619433 -0.785003 -0.00860273
vn -0.64447 -0.764598 0.0069672
vn -0.956552 0.291378 0.0103048
vn -0.954227 0.296473 0.0394343
vn -0.661501 -0.748411 -0.0479307
vn -0.666016 -0.741484 -0.0813883
vn -0.956785 0.273893 0.0976975
vn -0.962115 0.243524 0.122597
vn -0.654292 -0.74636 -0.121857
vn -0.635709 -0.760376 -0.133047
vn -0.962238 0.230464 0.144858
vn -0.946019 0.262183 0.19055
vn -0.628266 -0.770306 -0.109131
vn -0.64408 -0.763957 -0.0391196
vn -0.881893 0.244109 0.40333
vn -0.838835 0.194599 0.508416
vn -0.690592 -0.72258 -0.0309774
vn -0.722873 -0.681158 -0.116097
vn -0.814498 0.0796184 0.574677
vn -0.854036 0.0348959 0.519043
vn -0.690806 -0.693092 -0.205939
vn -0.63884 -0.738929 -0.214168
vn -0.814884 -0.00296142 0.579616
vn -0.806254 -0.00246514 0.591564
vn -0.609267 -0.779642 -0.144746
vn -0.611351 -0.77861 -0.141479
vn -0.8032 -0.00594951 0.595679
vn -0.616763 -0.773165 -0.147712
vn 0.704303 -0.618171 0.34903
vn 0.704303 -0.618171 0.34903
vn 0.364881 -0.898593 0.243704
vn 0.364882 -0.898593 0.243704
vn 0.364882 -0.898593 0.243704
vn 0.402938 0.831301 0.382858
vn 0.402937 0.831302 0.382857
vn 0.402936 0.831302 0.382857
vn 0.32303 -0.883897 0.338198
vn 0.320755 -0.881276 0.347086
vn 0.323066 -0.883884 0.338197
vn 0.318508 -0.878552 0.355948
vn 0.935396 -0.21211 0.282921
vn 0.931598 -0.207619 0.298362
vn 0.93534 -0.212265 0.282987
vn 0.927597 -0.202926 0.313665
vn 0.30939 -0.867576 0.389345
vn 0.302694 -0.858639 0.413662
vn 0.922566 -0.19697 0.331774
vn 0.921801 -0.195704 0.334639
vn 0.300419 -0.855631 0.421479
vn 0.306905 -0.861156 0.405241
vn 0.922379 -0.196482 0.332583
vn 0.923403 -0.199401 0.327973
vn 0.293438 -0.848074 0.441209
vn 0.275099 -0.825732 0.49243
vn 0.905677 -0.175802 0.385803
vn 0.882316 -0.148432 0.446639
vn 0.233643 -0.777618 0.583713
vn 0.213186 -0.751444 0.624407
vn 0.855374 -0.119867 0.503951
vn 0.854652 -0.122022 0.504659
vn 0.184633 -0.715054 0.674247
vn 0.180052 -0.705985 0.684958
vn 0.836948 -0.096305 0.538742
vn 0.817204 -0.0697594 0.57211
vn 0.174199 -0.696964 0.695626
vn 0.177443 -0.696527 0.695244
vn 0.79699 -0.0406997 0.60262
vn 0.797241 -0.0405242 0.6023
vn -0.0938289 -0.970699 0.221222
vn -0.0943474 -0.969463 0.226362
vn -0.0938145 -0.970701 0.221222
vn -0.0948301 -0.968203 0.231497
vn 0.749447 -0.626976 0.212676
vn 0.74839 -0.624338 0.223861
vn 0.749415 -0.627009 0.21269
vn 0.747308 -0.621539 0.234988
vn -0.0969789 -0.962583 0.253041
vn -0.0983382 -0.957997 0.269392
vn 0.746171 -0.618705 0.245832
vn 0.746346 -0.618615 0.245527
vn -0.0979333 -0.959265 0.264989
vn -0.0948917 -0.965066 0.244218
vn 0.747229 -0.621104 0.236387
vn 0.748078 -0.623414 0.227453
vn -0.0974139 -0.961151 0.258262
vn -0.101285 -0.950741 0.292973
vn 0.744144 -0.612845 0.265839
vn 0.738598 -0.597445 0.312301
vn -0.109158 -0.930689 0.349146
vn -0.111504 -0.92193 0.370961
vn 0.733379 -0.587581 0.341913
vn 0.7363 -0.593252 0.325444
vn -0.111325 -0.92156 0.371932
vn -0.104086 -0.930285 0.351762
vn 0.736643 -0.593403 0.324391
vn 0.734316 -0.587688 0.339709
vn -0.117645 -0.906198 0.406158
vn -0.132594 -0.867568 0.479317
vn 0.720971 -0.548736 0.42319
vn 0.706796 -0.511563 0.488614
vn -0.150896 -0.822818 0.547906
vn -0.14961 -0.822901 0.548135
vn 0.68856 -0.471463 0.551006
vn 0.690965 -0.469505 0.549665
vn 0.763331 0.538883 0.356273
vn 0.761561 0.535706 0.364753
vn 0.763296 0.538933 0.356273
vn 0.75968 0.532541 0.37321
vn -0.051591 0.944218 0.325255
vn -0.0548185 0.938536 0.340801
vn -0.0514555 0.944206 0.325312
vn -0.0582048 0.932601 0.356185
vn 0.752285 0.519771 0.404852
vn 0.746057 0.510246 0.42784
vn -0.0623616 0.925344 0.373964
vn -0.0633221 0.924296 0.376388
vn 0.744995 0.508687 0.431532
vn 0.749018 0.518496 0.412472
vn -0.0623727 0.925878 0.372638
vn -0.0602854 0.928466 0.366492
vn 0.74301 0.504559 0.439724
vn 0.729463 0.481902 0.485442
vn -0.0751441 0.904648 0.419482
vn -0.0929882 0.874221 0.476541
vn 0.703245 0.435523 0.561931
vn 0.689539 0.41481 0.593691
vn -0.1076 0.844766 0.524206
vn -0.104933 0.849371 0.51726
vn 0.676395 0.394622 0.621903
vn 0.673447 0.401136 0.620934
vn -0.115012 0.835503 0.537314
vn -0.123808 0.815354 0.56557
vn 0.639779 0.330837 0.693708
vn 0.595802 0.254678 0.761682
vn -0.177122 0.732853 0.656928
vn -0.21606 0.663046 0.71672
vn 0.54922 0.171579 0.817874
vn 0.547867 0.172932 0.818496
vn -0.256397 0.587892 0.767231
vn -0.257686 0.588371 0.766432
vn 0.31998 -0.514872 0.795311
vn 0.361267 -0.559073 0.746273
vn 0.443072 -0.419264 0.792405
vn 0.514029 -0.391749 0.763091
vn 0.652451 -0.194396 0.732473
vn 0.575514 -0.140131 0.805696
vn 0.403223 -0.649888 0.644249
vn 0.468865 -0.415438 0.779472
vn 0.495098 -0.144618 0.856717
vn 0.285907 -0.629547 0.722446
vn 0.389853 -0.410258 0.824441
vn 0.576907 -0.280601 0.767099
vn 0.153028 -0.467816 0.870477
vn 0.406592 -0.38241 0.829726
vn 0.618267 -0.264532 0.740114
vn 0.220149 -0.500147 0.837489
vn 0.382346 -0.341695 0.85852
vn 0.44808 -0.0352865 0.893297
vn 0.380262 -0.701728 0.602477
vn -0.0632207 -0.339231 0.938576
vn 0.209353 -0.084493 0.974183
vn 0.359957 -0.0693897 0.930385
vn -0.416816 0.613074 0.671122
vn 0.0282082 -0.0127445 0.999521
vn 0.222955 0.00283803 0.974824
vn 0.46535 0.0776707 0.881712
vn -0.0327056 0.160036 0.986569
vn 0.226054 0.253796 0.940472
vn 0.389021 0.304346 0.869503
vn 0.169499 0.278494 0.945363
vn 0.0898636 -0.83518 0.542585
vn 0.0659741 -0.792051 0.606879
vn 0.228012 -0.776671 0.58719
vn 0.290747 -0.718515 0.631825
vn 0.497678 -0.613802 0.612832
vn 0.513659 -0.643703 0.567274
vn 0.107312 -0.845259 0.523471
vn 0.323405 -0.781378 0.53372
vn 0.500213 -0.614592 0.60997
vn 0.102357 -0.941189 0.322004
vn 0.24558 -0.774296 0.583229
vn 0.387868 -0.547137 0.741754
vn -0.0423718 -0.919242 0.391407
vn 0.104281 -0.740698 0.663696
vn 0.226693 -0.441698 0.868051
vn -0.226442 -0.763866 0.604345
vn -0.0482592 -0.594705 0.802494
vn 0.172522 -0.508165 0.843804
vn -0.28344 -0.572845 0.769097
vn 0.00675351 -0.631612 0.775256
vn 0.33257 -0.683349 0.649947
vn -0.228374 -0.512621 0.827686
vn 0.0977849 -0.573347 0.813456
vn 0.451444 -0.599672 0.660751
vn -0.132791 -0.451545 0.882311
vn 0.189963 -0.432004 0.881638
vn 0.593272 -0.618938 0.514728
vn 0.0268432 -0.237331 0.971058
vn 0.178312 -0.0551107 0.98243
vn 0.312408 0.216329 0.924988
vn 0.348572 0.278273 0.89502
vn 0.187318 0.309057 0.932414
vn 0.144623 0.376316 0.915134
vn -0.0786264 0.466067 0.881249
vn -0.117269 0.361985 0.924778
vn 0.434126 0.364213 0.823943
vn 0.177297 0.334304 0.925638
vn -0.0968003 0.273728 0.956923
vn 0.437893 0.228121 0.869604
vn 0.18822 0.246033 0.950811
vn 0.018242 0.403481 0.914806
vn 0.302952 0.0237997 0.952708
vn 0.153088 0.247939 0.956604
vn -0.009752 0.439311 0.898282
vn 0.305374 0.0890462 0.94806
vn 0.108604 0.196208 0.97453
vn -0.203826 0.171862 0.963804
vn 0.464927 0.334489 0.819732
vn 0.226385 -0.237679 0.944594
vn -0.0999823 -0.0619696 0.993058
vn -0.153581 0.0891942 0.984102
vn -0.498762 -0.730992 0.465712
vn -0.116142 -0.256369 0.959576
vn -0.185551 -0.0720862 0.979987
vn 0.0466952 0.360234 0.931692
vn -0.251056 -0.353498 0.901116
vn -0.41699 -0.129483 0.899641
vn -0.482778 0.047397 0.874459
vn -0.510553 0.02482 0.859488
vn -0.419326 -0.188443 0.888063
vn -0.243037 -0.958294 -0.150353
vn -0.244732 -0.957436 -0.153043
vn -0.24301 -0.958295 -0.15039
vn 0.829201 0.376327 -0.413284
vn 0.832227 0.374741 -0.408616
vn 0.835189 0.373243 -0.403916
vn -0.246448 -0.956568 -0.155697
vn -0.575153 0.576293 0.58059
vn -0.576554 0.577028 0.578468
vn -0.575152 0.576295 0.58059
vn -0.577931 0.577775 0.576343
vn 0.829203 0.376321 -0.413285
vn -0.240652 -0.959434 -0.146879
vn 0.831064 0.375364 -0.410408
vn 0.823767 0.379135 -0.421503
vn -0.232865 -0.963 -0.135664
vn -0.58034 0.579018 0.572663
vn -0.581424 0.579469 0.571106
vn -0.236881 -0.961189 -0.141434
vn 0.81643 0.382697 -0.432418
vn 0.816524 0.3826 -0.432327
vn -0.248244 -0.95558 -0.158879
vn -0.571638 0.574681 0.585638
vn -0.561126 0.568688 0.601442
vn -0.255851 -0.951713 -0.169653
vn 0.83324 0.374156 -0.407085
vn 0.848553 0.366842 -0.381294
vn -0.251048 -0.953922 -0.164339
vn -0.571221 0.57465 0.586075
vn -0.592333 0.584952 0.554051
vn -0.232167 -0.963673 -0.132036
vn 0.851276 0.36477 -0.377189
vn 0.838537 0.371238 -0.398796
vn -0.217179 -0.970398 -0.105647
vn -0.614648 0.596087 0.516612
vn -0.618474 0.596263 0.51182
vn -0.218956 -0.969244 -0.112354
vn 0.848787 0.367668 -0.379974
vn 0.870398 0.357217 -0.338825
vn -0.232014 -0.961286 -0.148658
vn -0.62549 0.598875 0.500112
vn -0.631661 0.598577 0.492656
vn -0.232508 -0.962229 -0.141619
vn 0.904461 0.340165 -0.257368
vn 0.916868 0.334696 -0.217557
vn -0.215676 -0.97119 -0.101357
vn -0.669439 0.621177 0.407419
vn -0.700071 0.635777 0.325098
vn -0.198273 -0.979204 -0.0429813
vn 0.921762 0.331444 -0.201243
vn 0.914783 0.335278 -0.2253
vn -0.194131 -0.980572 -0.0281264
vn -0.720731 0.645983 0.251501
vn -0.72039 0.642551 0.261088
vn -0.196622 -0.979494 -0.0439511
vn 0.915348 0.335167 -0.223161
vn 0.921897 0.333534 -0.197134
vn -0.202262 -0.976452 -0.0750443
vn -0.728264 0.646734 0.226642
vn -0.737295 0.650732 0.181504
vn -0.210337 -0.969428 -0.12636
vn 0.923628 0.333007 -0.189784
vn 0.917924 0.337503 -0.208586
vn -0.216132 -0.965675 -0.14408
vn -0.730322 0.646589 0.220348
vn -0.711237 0.634095 0.303423
vn -0.633848 -0.733183 -0.246333
vn -0.634864 -0.731562 -0.248527
vn -0.63383 -0.733189 -0.246359
vn 0.91227 0.0305269 -0.40845
vn 0.913854 0.0279451 -0.405079
vn 0.915426 0.0254161 -0.401684
vn -0.635892 -0.729928 -0.250693
vn -0.272647 0.693321 0.66706
vn -0.273172 0.694217 0.665913
vn -0.272628 0.693326 0.667063
vn -0.273697 0.69511 0.664764
vn 0.91227 0.0305295 -0.408449
vn -0.632953 -0.734527 -0.244622
vn 0.913218 0.0289863 -0.406439
vn 0.909362 0.0351991 -0.414515
vn -0.628763 -0.740734 -0.23658
vn -0.274547 0.696486 0.662972
vn -0.274912 0.696956 0.662326
vn -0.631239 -0.737095 -0.241306
vn 0.905029 0.041922 -0.423279
vn 0.904668 0.042534 -0.423989
vn -0.637576 -0.727189 -0.254347
vn -0.268876 0.687589 0.674482
vn -0.262808 0.677428 0.68704
vn -0.642137 -0.719945 -0.263322
vn 0.912208 0.0304614 -0.408593
vn 0.91977 0.0186142 -0.392015
vn -0.640127 -0.72297 -0.259909
vn -0.266236 0.683548 0.679618
vn -0.276349 0.699322 0.659227
vn -0.629805 -0.739578 -0.237422
vn 0.917755 0.0212969 -0.396576
vn 0.908014 0.0367396 -0.417326
vn -0.620854 -0.752843 -0.218558
vn -0.285041 0.713387 0.64018
vn -0.284743 0.711954 0.641906
vn -0.623296 -0.748995 -0.224742
vn 0.909316 0.0350952 -0.414623
vn 0.920189 0.0181795 -0.391052
vn -0.632629 -0.732316 -0.251979
vn -0.283411 0.709461 0.645247
vn -0.284182 0.707904 0.646617
vn -0.632156 -0.735041 -0.245139
vn 0.940334 -0.0139245 -0.339968
vn 0.949566 -0.0277253 -0.312339
vn -0.61948 -0.755319 -0.213864
vn -0.306092 0.745974 0.591464
vn -0.328697 0.780981 0.531062
vn -0.602527 -0.781553 -0.161667
vn 0.951484 -0.0321555 -0.306012
vn 0.944564 -0.0227321 -0.32754
vn -0.596897 -0.789397 -0.143414
vn -0.346985 0.810298 0.472249
vn -0.348304 0.807676 0.475756
vn -0.598116 -0.78673 -0.152688
vn 0.957141 -0.0377733 -0.287149
vn 0.972809 -0.060644 -0.223528
vn -0.600735 -0.778205 -0.183071
vn -0.356858 0.820728 0.446159
vn -0.367029 0.834106 0.411772
vn -0.598621 -0.786758 -0.150545
vn 0.985006 -0.0836421 -0.150887
vn 0.986194 -0.0837361 -0.142866
vn -0.588471 -0.803574 -0.0892744
vn -0.386641 0.869082 0.308554
vn -0.398046 0.886092 0.237487
vn -0.585149 -0.807801 -0.0711229
vn 0.980826 -0.0781544 -0.178527
vn 0.972468 -0.0706937 -0.222056
vn -0.589255 -0.799414 -0.117114
vn -0.410488 0.902445 0.13074
vn -0.415536 0.904592 0.0950938
vn -0.592262 -0.790236 -0.157329
vn 0.963765 -0.0649963 -0.258713
vn 0.96554 -0.0625702 -0.252623
vn -0.594355 -0.790105 -0.149921
vn -0.407248 0.897386 0.169842
vn -0.390632 0.877199 0.279158
vn 0.986863 0.0369451 -0.15728
vn 0.986476 0.0351696 -0.160087
vn 0.986856 0.036971 -0.157315
vn -0.593564 0.710346 -0.378272
vn -0.592817 0.713584 -0.373318
vn -0.592131 0.716732 -0.368341
vn 0.986085 0.0333677 -0.162857
vn -0.39101 -0.737113 0.551158
vn -0.391332 -0.738493 0.549079
vn -0.391013 -0.737111 0.551159
vn -0.391668 -0.739856 0.547001
vn -0.593553 0.710355 -0.378273
vn 0.987359 0.0395351 -0.153488
vn -0.593069 0.712531 -0.374924
vn -0.594776 0.704934 -0.386406
vn 0.98876 0.0477728 -0.141672
vn -0.392157 -0.742009 0.543724
vn -0.392231 -0.742852 0.542518
vn 0.988043 0.0433595 -0.147957
vn -0.596435 0.69656 -0.398835
vn -0.596673 0.695782 -0.399835
vn 0.985547 0.0310756 -0.166525
vn -0.389919 -0.731238 0.559691
vn -0.386747 -0.718807 0.577706
vn 0.983472 0.0217302 -0.179751
vn -0.593415 0.710361 -0.378478
vn -0.590524 0.724415 -0.355675
vn 0.984191 0.0253253 -0.175288
vn -0.388705 -0.725177 0.568354
vn -0.392575 -0.744199 0.54042
vn 0.988292 0.0438521 -0.146135
vn -0.590954 0.720435 -0.362969
vn -0.595361 0.700949 -0.392702
vn 0.990764 0.0592954 -0.121949
vn -0.395929 -0.758734 0.517265
vn -0.39463 -0.75588 0.522411
vn 0.98961 0.0523426 -0.133912
vn -0.595434 0.700772 -0.392908
vn -0.592012 0.719396 -0.363305
vn 0.984451 0.0323024 -0.172666
vn -0.392771 -0.748242 0.534663
vn -0.389955 -0.744938 0.541296
vn 0.984526 0.0292818 -0.172773
vn -0.584509 0.752928 -0.302406
vn -0.582244 0.766436 -0.271236
vn 0.989291 0.0494609 -0.13732
vn -0.399737 -0.778982 0.483113
vn -0.406661 -0.814201 0.414372
vn 0.993804 0.0731916 -0.0836499
vn -0.580954 0.768625 -0.267781
vn -0.583202 0.756592 -0.295708
vn 0.994514 0.0793679 -0.0681436
vn -0.41197 -0.838237 0.357265
vn -0.408349 -0.834499 0.36995
vn 0.993402 0.0740199 -0.0875949
vn -0.582443 0.770944 -0.257693
vn -0.579319 0.792528 -0.190498
vn 0.989938 0.0664818 -0.124915
vn -0.409601 -0.841285 0.352798
vn -0.410402 -0.853257 0.321751
vn 0.992249 0.0686358 -0.103591
vn -0.573344 0.811005 -0.116395
vn -0.574358 0.811142 -0.110278
vn 0.995567 0.0817676 -0.046479
vn -0.418143 -0.879398 0.227631
vn -0.420417 -0.892602 0.162824
vn 0.996002 0.0893288 -0.00112335
vn -0.57459 0.810101 -0.116548
vn -0.575804 0.807033 -0.130948
vn 0.995987 0.0881725 -0.015332
vn -0.421821 -0.897777 0.126745
vn -0.419537 -0.894681 0.153414
vn 0.99554 0.0850881 -0.0407323
vn -0.575914 0.808187 -0.123112
vn -0.576083 0.810895 -0.102842
vn 0.995117 0.0836832 -0.0523297
vn -0.419059 -0.892695 0.165786
vn -0.419135 -0.895527 0.149522
vn 0.992089 0.0775641 -0.0987035
vn -0.576454 0.809064 -0.114527
vn -0.579824 0.801113 -0.148401
vn 0.988846 0.0699431 -0.1315
vn -0.415432 -0.886295 0.204688
vn -0.40886 -0.87059 0.273692
vn -0.233418 -0.952396 -0.196109
vn 0.900257 0.349599 -0.259458
vn 0.885119 0.363345 -0.290767
vn -0.249956 -0.941707 -0.22519
vn -0.663017 0.599317 0.448583
vn -0.635424 0.578422 0.511531
vn -0.280371 -0.91594 -0.287135
vn 0.853408 0.385767 -0.35054
vn 0.833358 0.404091 -0.377127
vn -0.301543 -0.901069 -0.311685
vn -0.570373 0.527655 0.629488
vn -0.53282 0.49769 0.684403
vn -0.341694 -0.866291 -0.364397
vn 0.79218 0.435132 -0.427914
vn 0.768029 0.457405 -0.448233
vn -0.366714 -0.847849 -0.382978
vn -0.449214 0.429813 0.783242
vn -0.40308 0.391822 0.827044
vn -0.415015 -0.805291 -0.423401
vn 0.718934 0.495855 -0.487095
vn 0.691778 0.521193 -0.499801
vn -0.442842 -0.78413 -0.434777
vn -0.304213 0.309432 0.900948
vn -0.251425 0.26497 0.930901
vn -0.497143 -0.73553 -0.460265
vn 0.636851 0.565368 -0.524195
vn 0.608037 0.592644 -0.528265
vn -0.526497 -0.712714 -0.463508
vn -0.141671 0.171622 0.974923
vn -0.0846638 0.122702 0.988826
vn -0.584153 -0.660266 -0.472032
vn 0.549837 0.640399 -0.536254
vn 0.520914 0.668302 -0.531056
vn -0.613579 -0.637036 -0.466589
vn 0.0306829 0.0228322 0.999268
vn 0.0890274 -0.0281303 0.995632
vn -0.671549 -0.583329 -0.456891
vn 0.462383 0.717148 -0.521442
vn 0.435031 0.744227 -0.506827
vn -0.699474 -0.561058 -0.442663
vn 0.203921 -0.129391 0.970399
vn 0.260448 -0.179672 0.948622
vn -0.72681 -0.533495 -0.432586
vn 0.405624 0.76728 -0.496741
vn 0.407753 0.769658 -0.491288
vn -0.725694 -0.538517 -0.428215
vn 0.315033 -0.228539 0.921154
vn 0.315041 -0.228535 0.921152
vn -0.718821 0.639204 0.27334
vn -0.728369 0.645373 0.230159
vn -0.795598 0.50459 0.335281
vn -0.705891 0.524372 0.476186
vn -0.593325 0.736982 0.323763
vn -0.701679 0.499789 0.507797
vn -0.582886 0.623821 0.520664
vn -0.585154 0.682475 0.437975
vn -0.603957 -0.777149 -0.176846
vn 0.959165 -0.0486495 -0.27863
vn 0.950278 -0.0302233 -0.309932
vn -0.615319 -0.760926 -0.20585
vn -0.353271 0.821005 0.448497
vn -0.335262 0.79127 0.511362
vn -0.633904 -0.725585 -0.267753
vn 0.929193 0.00260674 -0.369586
vn 0.917773 0.0272567 -0.396169
vn -0.647709 -0.703618 -0.292223
vn -0.294043 0.719519 0.629151
vn -0.270781 0.677381 0.683983
vn -0.671349 -0.656003 -0.344891
vn 0.891722 0.071892 -0.446837
vn 0.878288 0.101875 -0.467153
vn -0.687103 -0.629155 -0.363392
vn -0.219939 0.58229 0.782666
vn -0.192317 0.529232 0.826394
vn -0.714776 -0.571011 -0.403785
vn 0.848254 0.156604 -0.505905
vn 0.833469 0.190671 -0.518627
vn -0.731837 -0.540471 -0.415098
vn -0.133933 0.414447 0.900164
vn -0.103144 0.352639 0.930058
vn -0.762232 -0.474231 -0.440576
vn 0.800721 0.253127 -0.54293
vn 0.785386 0.289718 -0.547021
vn -0.779851 -0.441486 -0.44376
vn -0.039871 0.223148 0.973969
vn -0.00737548 0.155415 0.987822
vn -0.811405 -0.370218 -0.452283
vn 0.75144 0.356928 -0.554923
vn 0.736452 0.394222 -0.549752
vn -0.828747 -0.336991 -0.446783
vn 0.0576636 0.0173968 0.998185
vn 0.0902024 -0.0529046 0.994517
vn -0.859706 -0.26428 -0.437107
vn 0.703003 0.462717 -0.540073
vn 0.689309 0.498703 -0.525498
vn -0.875886 -0.232456 -0.422834
vn 0.153549 -0.192331 0.969243
vn 0.184334 -0.261433 0.947456
vn -0.889464 -0.196075 -0.412806
vn 0.672008 0.531804 -0.515354
vn 0.675033 0.533163 -0.509969
vn -0.890394 -0.201076 -0.40837
vn 0.213799 -0.328506 0.919986
vn 0.213799 -0.328506 0.919986
vn -0.391629 0.878543 0.273474
vn -0.398727 0.88767 0.230344
vn -0.515168 0.787297 0.33877
vn -0.422309 0.770197 0.477967
vn -0.236247 0.917353 0.320391
vn -0.427796 0.746311 0.509912
vn -0.268647 0.811492 0.51895
vn -0.248588 0.86526 0.435351
vn 0.978675 0.0504403 -0.199123
vn -0.586884 0.780643 -0.214858
vn -0.596069 0.763981 -0.247051
vn 0.972829 0.0331642 -0.229137
vn -0.389552 -0.826076 0.407243
vn -0.376773 -0.797175 0.471756
vn 0.95616 0.000152472 -0.292845
vn -0.609153 0.730536 -0.308625
vn -0.621347 0.707642 -0.336408
vn 0.947605 -0.0229672 -0.318619
vn -0.345371 -0.726997 0.593459
vn -0.326684 -0.685601 0.650561
vn 0.925029 -0.0683094 -0.373705
vn -0.640037 0.662248 -0.38959
vn -0.654855 0.633991 -0.411363
vn 0.914144 -0.0964306 -0.393755
vn -0.284099 -0.591859 0.754315
vn -0.260144 -0.539412 0.800849
vn 0.88642 -0.152404 -0.437073
vn -0.678406 0.578309 -0.453126
vn -0.695291 0.545913 -0.467493
vn 0.873738 -0.184357 -0.450105
vn -0.20798 -0.425678 0.880649
vn -0.179732 -0.364307 0.913771
vn 0.841953 -0.248561 -0.478887
vn -0.722639 0.482278 -0.495178
vn -0.740882 0.447293 -0.501022
vn 0.82815 -0.282874 -0.48389
vn -0.120229 -0.235488 0.964412
vn -0.0889532 -0.167985 0.981768
vn 0.793696 -0.352265 -0.49594
vn -0.77068 0.378652 -0.512518
vn -0.789445 0.342896 -0.509115
vn 0.779567 -0.38722 -0.492276
vn -0.0249111 -0.0302163 0.999233
vn 0.00785961 0.0400718 0.999166
vn 0.74409 -0.458232 -0.486163
vn -0.820095 0.272699 -0.503071
vn -0.838448 0.238175 -0.490182
vn 0.730508 -0.491953 -0.473646
vn 0.0731565 0.179705 0.980997
vn 0.105676 0.249029 0.962713
vn 0.711658 -0.526353 -0.46529
vn -0.852388 0.203037 -0.481882
vn -0.855233 0.204129 -0.476349
vn 0.716194 -0.524126 -0.460823
vn 0.137347 0.316399 0.938631
vn 0.137348 0.316398 0.938631
vn -0.413371 -0.881316 0.228927
vn -0.416891 -0.88988 0.185244
vn -0.262408 -0.920977 0.288
vn -0.305501 -0.847917 0.43325
vn -0.541825 -0.790705 0.284975
vn -0.282875 -0.838751 0.465272
vn -0.434903 -0.759844 0.483215
vn -0.491088 -0.773858 0.399971
vn -0.410097 -0.427729 -0.805523
vn -0.524362 -0.35182 -0.775414
vn -0.410099 -0.427727 -0.805524
vn 0.326501 0.418554 -0.847473
vn 0.237002 0.522915 -0.818774
vn 0.140865 0.618765 -0.772844
vn -0.630288 -0.267218 -0.728925
vn -0.299364 -0.935047 0.189919
vn -0.409904 -0.876195 0.253496
vn -0.299363 -0.935047 0.189919
vn -0.514357 -0.798332 0.313212
vn 0.505677 -0.402303 0.76318
vn 0.422196 -0.32554 0.846034
vn 0.505672 -0.402302 0.763183
vn 0.328439 -0.240597 0.913368
vn 0.892478 0.43427 0.122039
vn 0.822008 0.539158 0.183333
vn 0.892478 0.434269 0.122038
vn 0.733392 0.635217 0.242146
vn 0.326501 0.418555 -0.847472
vn -0.748846 -0.148729 -0.64584
vn 0.0112467 0.724551 -0.68913
vn -0.0214384 0.747188 -0.664267
vn -0.774565 -0.118088 -0.621373
vn -0.634577 -0.672224 0.38135
vn -0.661341 -0.636785 0.3964
vn 0.196137 -0.122489 0.972896
vn 0.161762 -0.0920886 0.982524
vn 0.595278 0.740766 0.311302
vn 0.557241 0.763254 0.326994
vn -0.876242 0.0369238 -0.480455
vn -0.18199 0.834555 -0.519997
vn -0.307995 0.872812 -0.378601
vn -0.924678 0.1643 -0.343477
vn -0.771868 -0.441227 0.457753
vn -0.831968 -0.260426 0.489906
vn -0.0131126 0.0608901 0.998058
vn -0.15799 0.185591 0.969843
vn 0.351451 0.849367 0.393774
vn 0.165844 0.885969 0.433076
vn -0.9387 0.28136 -0.199196
vn -0.418652 0.878848 -0.228816
vn -0.418652 0.878848 -0.228816
vn -0.9387 0.281361 -0.199196
vn -0.860518 -0.0768095 0.503597
vn -0.860518 -0.0768076 0.503596
vn -0.292155 0.299318 0.908325
vn -0.292155 0.299318 0.908325
vn -0.0190652 0.889944 0.455672
vn -0.0190635 0.889944 0.455671
vn -0.564767 -0.231463 -0.792126
vn -0.637726 -0.115413 -0.761568
vn -0.564767 -0.231462 -0.792126
vn 0.450976 0.242161 -0.859057
vn 0.412165 0.374133 -0.830749
vn 0.364187 0.501183 -0.784973
vn -0.699203 0.00534227 -0.714904
vn -0.649296 -0.731031 0.209784
vn -0.725098 -0.631777 0.274028
vn -0.649295 -0.731031 0.209784
vn -0.787699 -0.517658 0.334006
vn 0.314207 -0.566156 0.762064
vn 0.270791 -0.461354 0.844881
vn 0.314202 -0.566152 0.762069
vn 0.22099 -0.345043 0.9122
vn 0.99421 0.0353123 0.101491
vn 0.973663 0.160332 0.162093
vn 0.99421 0.0353121 0.101491
vn 0.932902 0.284634 0.220631
vn 0.450976 0.24216 -0.859057
vn -0.757715 0.16252 -0.632025
vn 0.290424 0.651253 -0.701088
vn 0.27026 0.685438 -0.676117
vn -0.768272 0.201185 -0.607687
vn -0.844944 -0.352975 0.401842
vn -0.854702 -0.309584 0.416704
vn 0.14928 -0.182838 0.971744
vn 0.130412 -0.141009 0.981381
vn 0.850982 0.437809 0.290093
vn 0.82568 0.473951 0.305978
vn -0.795356 0.385396 -0.467844
vn 0.161989 0.831792 -0.530925
vn 0.0652802 0.919213 -0.388311
vn -0.785101 0.522694 -0.332276
vn -0.87503 -0.0854432 0.476467
vn -0.855872 0.104462 0.506527
vn 0.0330729 0.0699549 0.997002
vn -0.0492314 0.242498 0.968902
vn 0.673989 0.63684 0.374397
vn 0.520074 0.746044 0.415861
vn -0.747442 0.636651 -0.189752
vn -0.0303162 0.971035 -0.237006
vn -0.0303163 0.971035 -0.237005
vn -0.747443 0.63665 -0.189752
vn -0.807123 0.283957 0.51761
vn -0.807123 0.283957 0.51761
vn -0.126885 0.400364 0.907529
vn -0.126884 0.400363 0.90753
vn 0.35321 0.825002 0.441151
vn 0.353209 0.825002 0.441152
vn 0.520181 -0.23192 -0.821964
vn 0.479091 -0.364181 -0.798651
vn 0.520181 -0.23192 -0.821964
vn -0.497341 0.242474 -0.832981
vn -0.572642 0.126163 -0.810039
vn -0.637832 0.00492211 -0.77016
vn 0.427425 -0.491726 -0.758626
vn 0.982425 -0.0382313 0.182702
vn 0.956875 -0.16398 0.239792
vn 0.982425 -0.0382312 0.182702
vn 0.91135 -0.288952 0.293167
vn 0.250583 0.555869 0.792602
vn 0.200426 0.450097 0.870197
vn 0.250582 0.555873 0.792599
vn 0.145174 0.33302 0.931677
vn -0.663967 0.729359 0.164874
vn -0.74487 0.629416 0.221366
vn -0.663967 0.729359 0.164875
vn -0.812274 0.514645 0.274504
vn -0.49734 0.242475 -0.832982
vn 0.346905 -0.642732 -0.683046
vn -0.703075 -0.153205 -0.694416
vn -0.715627 -0.19216 -0.67153
vn 0.32473 -0.6772 -0.660265
vn 0.823889 -0.442866 0.353662
vn 0.797342 -0.479166 0.36694
vn 0.0686994 0.170184 0.983015
vn 0.0490748 0.128267 0.990525
vn -0.875016 0.349205 0.335266
vn -0.885991 0.305644 0.348714
vn 0.204762 -0.825219 -0.52639
vn -0.754266 -0.378095 -0.536774
vn -0.755311 -0.517128 -0.402597
vn 0.0965637 -0.914294 -0.393373
vn 0.640429 -0.642665 0.420514
vn 0.483556 -0.752136 0.447734
vn -0.0493418 -0.0827131 0.995351
vn -0.129147 -0.254747 0.958345
vn -0.911311 0.0807943 0.403714
vn -0.894809 -0.109508 0.43281
vn -0.0112217 -0.967884 -0.251148
vn -0.729606 -0.632955 -0.258926
vn -0.729606 -0.632955 -0.258927
vn -0.0112222 -0.967884 -0.251148
vn 0.315129 -0.831136 0.458156
vn 0.315131 -0.831134 0.458158
vn -0.201562 -0.411687 0.888756
vn -0.201562 -0.411689 0.888755
vn -0.847246 -0.289206 0.445571
vn -0.847247 -0.289205 0.44557
vn -0.953413 -0.0815121 -0.290447
vn -0.909959 -0.225975 -0.347722
vn -0.953413 -0.0815139 -0.290447
vn -0.0662573 0.937733 -0.340979
vn 0.0798585 0.911223 -0.404098
vn 0.22777 0.859292 -0.457971
vn -0.840656 -0.368228 -0.397122
vn -0.379667 0.37251 0.846811
vn -0.269894 0.280592 0.9211
vn -0.379719 0.372513 0.846787
vn -0.149795 0.178575 0.972457
vn -0.0662533 0.937731 -0.340985
vn -0.702641 -0.552495 -0.44838
vn 0.426705 0.745026 -0.512698
vn 0.485578 0.699557 -0.524246
vn -0.650047 -0.605175 -0.459568
vn 0.027611 0.0254936 0.999294
vn 0.0842681 -0.0239687 0.996155
vn -0.599282 -0.649887 -0.467449
vn 0.536479 0.654997 -0.532136
vn 0.531544 0.659549 -0.531466
vn -0.604442 -0.645585 -0.466765
vn 0.135122 -0.068607 0.988451
vn 0.130104 -0.0641927 0.98942
vn -0.609573 -0.641256 -0.46606
vn 0.526583 0.664074 -0.530769
vn 0.526582 0.664077 -0.530766
vn -0.609573 -0.641256 -0.46606
vn 0.125078 -0.0597755 0.990345
vn 0.125065 -0.0597756 0.990346
vn -0.910069 0.310273 -0.274783
vn -0.930202 0.160079 -0.330301
vn -0.910079 0.310248 -0.274778
vn 0.313256 0.880673 -0.355367
vn 0.434709 0.796516 -0.420227
vn 0.547669 0.68848 -0.475452
vn -0.925653 0.00149112 -0.378371
vn -0.178613 0.502364 0.846007
vn -0.113961 0.374374 0.920248
vn -0.178531 0.502324 0.846048
vn -0.0445275 0.232789 0.971507
vn 0.313252 0.880679 -0.355357
vn -0.875421 -0.223401 -0.428638
vn 0.681914 0.502756 -0.531254
vn 0.717005 0.437193 -0.542923
vn -0.848987 -0.293003 -0.439739
vn 0.0559403 0.0210888 0.998211
vn 0.0875444 -0.0471468 0.995044
vn -0.820922 -0.354554 -0.447636
vn 0.745258 0.375732 -0.550832
vn 0.74261 0.381906 -0.550162
vn -0.823876 -0.348525 -0.446944
vn 0.115721 -0.108666 0.98732
vn 0.112957 -0.102591 0.988289
vn -0.826792 -0.342478 -0.446233
vn 0.739928 0.388062 -0.549467
vn 0.739928 0.38806 -0.549469
vn -0.826792 -0.34248 -0.446232
vn 0.110185 -0.0965106 0.989214
vn 0.110192 -0.0965139 0.989213
vn 0.340979 -0.876582 -0.339615
vn 0.467436 -0.7918 -0.393137
vn 0.340997 -0.876576 -0.339611
vn -0.884489 -0.305209 -0.352883
vn -0.899871 -0.154318 -0.407943
vn -0.891277 0.00484435 -0.453433
vn 0.584634 -0.683255 -0.437454
vn -0.247957 -0.512774 0.821937
vn -0.189681 -0.38588 0.902839
vn -0.24796 -0.512764 0.821942
vn -0.124681 -0.245088 0.96145
vn -0.884487 -0.305201 -0.352894
vn 0.72313 -0.497058 -0.4796
vn -0.836938 0.230281 -0.496494
vn -0.809638 0.299975 -0.504481
vn 0.7591 -0.431411 -0.487496
vn -0.0266274 -0.0338969 0.999071
vn 0.00517967 0.0343225 0.999397
vn 0.787942 -0.369901 -0.49226
vn -0.780982 0.361574 -0.509245
vn -0.783987 0.355539 -0.508878
vn 0.785245 -0.376077 -0.49189
vn 0.0339368 0.0958822 0.994814
vn 0.0310934 0.0897939 0.995475
vn 0.782514 -0.382234 -0.491496
vn -0.786955 0.349488 -0.508487
vn -0.786955 0.349488 -0.508487
vn 0.782518 -0.382231 -0.491493
vn 0.0282471 0.0837079 0.99609
vn 0.0282446 0.0837165 0.996089
vn -0.315865 0.61992 -0.718282
vn -0.367836 0.680571 -0.633656
vn -0.475111 0.520102 -0.709763
vn -0.621954 0.529414 -0.576969
vn -0.710711 0.198131 -0.675007
vn -0.820156 0.309271 -0.481347
vn -0.484124 0.828687 -0.280893
vn -0.731364 0.658655 -0.176864
vn -0.905084 0.405316 -0.128611
vn -0.513332 0.835123 0.197636
vn -0.736995 0.625049 0.2572
vn -0.911588 0.348439 0.218171
vn -0.497979 0.740901 0.450647
vn -0.760657 0.493111 0.422187
vn -0.887513 0.252674 0.385326
vn -0.55508 0.761235 0.335273
vn -0.841438 0.216263 0.495189
vn -0.0515596 0.688365 -0.72353
vn -0.0821758 0.786382 -0.61225
vn -0.236515 0.659192 -0.713811
vn -0.3788 0.736366 -0.560603
vn -0.582128 0.461637 -0.669342
vn -0.639002 0.584406 -0.500147
vn -0.150339 0.941477 -0.301693
vn -0.426232 0.876774 -0.222697
vn -0.681432 0.72638 -0.0895689
vn -0.110886 0.987208 0.114567
vn -0.375832 0.884985 0.274867
vn -0.62956 0.713431 0.307684
vn -0.085016 0.88948 0.448997
vn -0.439914 0.793197 0.421087
vn -0.683248 0.656382 0.319899
vn -0.0982264 0.883531 0.457958
vn -0.677895 0.650487 0.342528
vn -0.512035 -0.436474 -0.739805
vn -0.555433 -0.507655 -0.65862
vn -0.37194 -0.562045 -0.73876
vn -0.339444 -0.712586 -0.614002
vn 0.00291225 -0.700705 -0.713445
vn -0.0724592 -0.846834 -0.526898
vn -0.663553 -0.679086 -0.313911
vn -0.431073 -0.874713 -0.221477
vn -0.139244 -0.973749 -0.180066
vn -0.658989 -0.734428 0.162325
vn -0.394821 -0.893969 0.211981
vn -0.0808731 -0.982734 0.166412
vn -0.571316 -0.707093 0.416674
vn -0.260583 -0.888914 0.376733
vn 0.00538858 -0.942022 0.335507
vn -0.575663 -0.76135 0.298259
vn 0.0282079 -0.893594 0.447989
vn -0.648075 0.158592 -0.744881
vn -0.683133 0.241423 -0.689235
vn -0.651075 0.180418 -0.737259
vn -0.707654 0.321198 -0.629331
vn -0.865708 -0.500171 0.0194573
vn -0.888609 -0.452572 0.0745192
vn -0.852783 -0.52191 0.0192493
vn -0.907275 -0.400209 0.129171
vn -0.734392 0.44516 -0.512349
vn -0.725252 0.527335 -0.442636
vn -0.935777 -0.247607 0.251023
vn -0.929063 -0.191494 0.316498
vn -0.692969 0.651924 -0.307877
vn -0.645236 0.726524 -0.236293
vn -0.890087 -0.0396998 0.454059
vn -0.852281 0.00992918 0.52299
vn -0.621267 0.759586 -0.192501
vn -0.620191 0.756858 -0.206223
vn -0.822353 0.0571405 0.566101
vn -0.831694 0.0324837 0.554283
vn -0.649578 0.719418 -0.245938
vn -0.852584 0.00672165 0.522547
vn -0.542885 0.4015 -0.737613
vn -0.540143 0.491795 -0.682922
vn -0.53659 0.422542 -0.730432
vn -0.528891 0.575479 -0.623778
vn -0.993592 -0.105529 0.0404851
vn -0.994098 -0.0516547 0.0954016
vn -0.990628 -0.130437 0.0405324
vn -0.988751 0.00439934 0.149505
vn -0.50057 0.700729 -0.508338
vn -0.457259 0.772929 -0.439882
vn -0.950169 0.156775 0.269443
vn -0.91999 0.205594 0.33369
vn -0.374501 0.8746 -0.307935
vn -0.298951 0.924076 -0.238142
vn -0.819715 0.329829 0.468273
vn -0.763803 0.360182 0.535607
vn -0.263585 0.944489 -0.19612
vn -0.264226 0.941315 -0.210026
vn -0.717047 0.391245 0.576863
vn -0.736323 0.37211 0.565122
vn -0.308295 0.917917 -0.249766
vn -0.76737 0.356264 0.533123
vn 0.0231516 -0.625927 -0.779538
vn -0.0464041 -0.685483 -0.726609
vn 0.00305756 -0.635259 -0.772293
vn -0.115923 -0.734311 -0.668841
vn 0.72065 -0.692964 -0.0215458
vn 0.681569 -0.731064 0.0317756
vn 0.737951 -0.674531 -0.0208649
vn 0.636735 -0.766398 0.0848656
vn -0.226967 -0.800556 -0.554613
vn -0.308069 -0.818278 -0.485298
vn 0.498692 -0.84253 0.203591
vn 0.44328 -0.855133 0.268794
vn -0.435976 -0.829022 -0.350211
vn -0.520486 -0.80772 -0.276916
vn 0.287392 -0.867144 0.406776
vn 0.229612 -0.848305 0.477134
vn -0.558654 -0.796224 -0.232234
vn -0.556407 -0.793704 -0.245854
vn 0.176195 -0.834976 0.521316
vn 0.202411 -0.836474 0.509255
vn -0.512509 -0.809403 -0.286708
vn 0.232778 -0.847683 0.476705
vn 0.445991 0.892716 0.064414
vn 0.411364 0.905293 0.105939
vn 0.431753 0.89772 0.0876813
vn 0.362438 0.910783 0.197772
vn -0.229216 0.694799 -0.6817
vn -0.262387 0.688899 -0.6757
vn -0.219361 0.676105 -0.703393
vn -0.32049 0.724889 -0.609771
vn 0.224733 0.912239 0.342514
vn 0.0973502 0.886535 0.452304
vn -0.466246 0.764957 -0.44436
vn -0.537179 0.757073 -0.371859
vn -0.135534 0.789887 0.598087
vn -0.29001 0.750122 0.594316
vn -0.721403 0.655739 -0.222677
vn -0.773814 0.550012 -0.314163
vn -0.428853 0.691535 0.581261
vn -0.442829 0.746266 0.49698
vn -0.853182 0.419241 -0.310352
vn -0.803213 0.39268 -0.447941
vn -0.432761 0.759268 0.486035
vn -0.838629 0.351001 -0.416533
vn 0.775067 0.630582 0.0404737
vn 0.72259 0.68324 0.105109
vn 0.765344 0.640577 0.0625286
vn 0.665902 0.72613 0.171203
vn 0.0627642 0.715494 -0.695794
vn 0.0118949 0.74446 -0.667561
vn 0.0634653 0.695361 -0.715853
vn -0.0393555 0.777525 -0.627619
vn 0.560211 0.783987 0.267446
vn 0.495777 0.803013 0.330719
vn -0.149738 0.847154 -0.509812
vn -0.205772 0.858383 -0.469932
vn 0.345653 0.822987 0.450796
vn 0.24882 0.819444 0.516333
vn -0.356238 0.875025 -0.327758
vn -0.438488 0.85015 -0.291503
vn 0.185684 0.819926 0.541519
vn 0.203468 0.830035 0.519271
vn -0.49569 0.830918 -0.25272
vn -0.477162 0.823664 -0.306421
vn 0.254323 0.845036 0.470356
vn -0.444348 0.832027 -0.332093
vn -0.980992 0.177057 0.0794093
vn -0.983247 0.138137 0.118927
vn -0.981723 0.16077 0.101844
vn -0.97445 0.0847768 0.207993
vn -0.607795 -0.376051 -0.699408
vn -0.592897 -0.406556 -0.695115
vn -0.592685 -0.360258 -0.720374
vn -0.611005 -0.475788 -0.632692
vn -0.936874 -0.0554594 0.345241
vn -0.876259 -0.176401 0.44839
vn -0.608182 -0.63555 -0.475596
vn -0.580543 -0.705286 -0.406868
vn -0.718037 -0.380818 0.582581
vn -0.63703 -0.517797 0.571033
vn -0.431287 -0.861905 -0.266668
vn -0.315683 -0.878007 -0.359789
vn -0.542324 -0.634067 0.551221
vn -0.591502 -0.658144 0.465803
vn -0.168016 -0.918115 -0.358936
vn -0.157111 -0.855474 -0.493437
vn -0.606845 -0.651504 0.455282
vn -0.107075 -0.879578 -0.46355
vn 0.297798 0.0252916 0.954294
vn 0.234015 0.0601948 0.970368
vn 0.282995 0.0301251 0.958648
vn 0.163856 0.0937145 0.982023
vn 0.550253 0.694486 0.463585
vn 0.507352 0.724033 0.467301
vn 0.56567 0.688305 0.454152
vn 0.456331 0.753561 0.473189
vn 0.0579662 0.145022 0.987729
vn -0.0110328 0.167064 0.985884
vn 0.316664 0.814878 0.485488
vn 0.252774 0.839975 0.480153
vn -0.133921 0.205852 0.969376
vn -0.211388 0.222707 0.951692
vn 0.103031 0.879861 0.463928
vn 0.0479641 0.894522 0.444443
vn -0.205428 0.231651 0.950861
vn -0.181982 0.178026 0.967052
vn -0.0589588 0.906145 0.418837
vn -0.0639 0.90888 0.412132
vn 0.0317488 0.151929 0.987881
vn 0.157183 0.107958 0.981651
vn -0.0587633 0.886826 0.458352
vn -0.848819 0.167844 0.501332
vn 0.332043 0.117046 0.935974
vn 0.308732 0.0831482 0.947508
vn 0.0623482 0.848435 0.525615
vn -0.0737549 0.786329 0.61339
vn -0.155325 0.696238 0.700804
vn 0.831848 0.229729 0.505226
vn 0.325896 0.894939 0.304755
vn 0.297051 -0.0796861 0.951531
vn 0.251569 -0.0175349 0.96768
vn 0.284268 -0.0674862 0.956367
vn 0.21191 0.037584 0.976566
vn 0.802543 0.403645 0.439313
vn 0.768968 0.458764 0.445224
vn 0.812555 0.392771 0.43068
vn 0.737422 0.507179 0.44607
vn 0.130854 0.140281 0.981427
vn 0.0661411 0.202397 0.977067
vn 0.650721 0.608327 0.454423
vn 0.621304 0.642515 0.448503
vn -0.0200456 0.28443 0.958487
vn -0.0822371 0.314109 0.945819
vn 0.507585 0.745989 0.431112
vn 0.407318 0.813299 0.415496
vn -0.076352 0.305402 0.949158
vn -0.101769 0.2596 0.960339
vn 0.299961 0.868408 0.39483
vn 0.267751 0.876963 0.399055
vn 0.0779163 0.156664 0.984574
vn 0.192571 0.0740931 0.978482
vn 0.311446 0.838142 0.447795
vn -0.558526 0.63979 0.527937
vn 0.519246 -0.015905 0.854477
vn 0.589927 -0.0345344 0.806717
vn 0.443181 0.77545 0.449742
vn 0.27711 0.776875 0.565398
vn 0.200106 0.749548 0.63098
vn 0.792156 -0.0650906 0.606838
vn 0.718358 0.67613 0.163739
vn -0.10157 0.227759 0.968406
vn -0.117332 0.156038 0.980757
vn -0.102086 0.21198 0.971927
vn -0.130024 0.0788236 0.988373
vn -0.817225 0.310702 0.485394
vn -0.8337 0.261166 0.486556
vn -0.815612 0.327713 0.476845
vn -0.847895 0.203725 0.489459
vn -0.149937 -0.0372713 0.987993
vn -0.152004 -0.109468 0.982299
vn -0.868022 0.0521137 0.493783
vn -0.874457 -0.015823 0.484845
vn -0.155307 -0.237352 0.958928
vn -0.150168 -0.31547 0.936978
vn -0.871367 -0.169713 0.460345
vn -0.870365 -0.225412 0.437784
vn -0.160775 -0.310464 0.93689
vn -0.113316 -0.27322 0.955254
vn -0.85214 -0.329736 0.406363
vn -0.853538 -0.334679 0.399328
vn -0.148799 -0.0570665 0.987219
vn -0.14013 0.07884 0.986989
vn -0.832592 -0.326345 0.447537
vn 0.149562 -0.886153 0.438593
vn -0.199946 0.249981 0.947381
vn -0.157585 0.236066 0.958874
vn -0.822183 -0.208024 0.52985
vn -0.718047 -0.325675 0.615097
vn -0.593089 -0.38624 0.706445
vn -0.458542 0.715661 0.526849
vn -0.949309 0.0438317 0.311273
vn -0.727243 -0.299071 0.617797
vn -0.757731 -0.270601 0.593817
vn -0.752806 -0.271257 0.599752
vn -0.781008 -0.246382 0.573866
vn -0.300241 0.0790321 0.950584
vn -0.269987 0.086919 0.958933
vn -0.273356 0.0794608 0.958625
vn -0.235917 0.0840689 0.96813
vn -0.797695 -0.214639 0.563572
vn -0.820165 -0.166055 0.547499
vn -0.230752 0.098991 0.967964
vn -0.207589 0.0970414 0.973391
vn -0.848555 -0.0587583 0.525835
vn -0.858872 0.0087997 0.512115
vn -0.219922 0.144214 0.964799
vn -0.212806 0.164397 0.963165
vn -0.86431 0.0751522 0.497314
vn -0.809368 0.0875608 0.580738
vn -0.216767 0.182378 0.959036
vn -0.171575 0.11514 0.97842
vn -0.663212 0.66771 0.338102
vn -0.765518 0.0843563 0.63786
vn -0.760775 -0.00550928 0.648992
vn -0.142524 -0.0193259 0.989603
vn -0.0826531 -0.191955 0.977917
vn -0.792638 -0.269896 0.5467
vn -0.766793 -0.425073 0.48098
vn -0.0743583 -0.289604 0.954254
vn -0.0290757 -0.360866 0.932164
vn -0.732731 -0.627271 0.263885
vn -0.0410003 -0.852461 0.52118
vn -0.769245 0.0720717 0.634876
vn -0.780433 0.0813326 0.619926
vn -0.776076 0.095853 0.623312
vn -0.792164 0.0967526 0.60259
vn -0.218436 0.188944 0.957385
vn -0.175375 0.186778 0.966622
vn -0.183172 0.172786 0.967777
vn -0.144008 0.180886 0.972904
vn -0.798181 0.120342 0.590275
vn -0.80175 0.176223 0.571089
vn -0.138906 0.205038 0.968847
vn -0.122113 0.19603 0.972965
vn -0.793266 0.254381 0.55319
vn -0.784506 0.301048 0.542144
vn -0.113837 0.26436 0.957682
vn -0.0959522 0.297799 0.949794
vn -0.731978 0.460534 0.502112
vn -0.410124 0.430149 0.80422
vn -0.0425965 0.285465 0.957442
vn -0.638097 0.455222 0.620971
vn -0.646016 0.245308 0.722833
vn -0.0282133 0.104735 0.9941
vn -0.00875346 -0.104153 0.994523
vn -0.649931 0.207755 0.731045
vn -0.662845 0.0723121 0.745257
vn -0.0260271 -0.238027 0.97091
vn -0.0182481 -0.257228 0.966178
vn -0.855082 -0.374797 0.358276
vn -0.245489 -0.825611 0.508036
vn 0.492357 -0.647791 0.581335
vn 0.473303 -0.68366 0.555511
vn 0.472622 -0.679055 0.561705
vn 0.456361 -0.711639 0.534139
vn 0.0125675 -0.360671 0.932608
vn -0.00336261 -0.334283 0.942467
vn 0.00474568 -0.33542 0.942057
vn -0.0100221 -0.301276 0.953484
vn 0.430362 -0.735932 0.522678
vn 0.389777 -0.770106 0.504986
vn -0.0258206 -0.300448 0.953449
vn -0.0303485 -0.277952 0.960115
vn 0.293522 -0.82634 0.480631
vn 0.230989 -0.854281 0.465668
vn -0.072602 -0.302584 0.950354
vn -0.0938144 -0.300763 0.949073
vn 0.168005 -0.877202 0.449768
vn -0.0143182 -0.552626 0.833306
vn -0.0585213 -0.246106 0.967475
vn -0.522507 -0.808754 0.270006
vn 0.103614 -0.792516 0.600985
vn 0.18794 -0.766617 0.613985
vn 0.0606484 -0.18311 0.98122
vn 0.214753 -0.077195 0.973613
vn 0.440103 -0.734372 0.516727
vn 0.58593 -0.671575 0.453513
vn 0.305215 -0.0445699 0.95124
vn 0.367459 0.0207467 0.929808
vn 0.770106 -0.589706 0.243275
vn 0.8431 0.125777 0.522841
vn 0.720382 0.617243 0.316324
vn 0.720382 0.617243 0.316324
vn 0.720382 0.617243 0.316324
vn -0.786621 0.56094 0.25802
vn -0.786621 0.56094 0.25802
vn -0.78662 0.56094 0.25802
vn 0.940212 0.210662 0.267625
vn 0.938634 0.208809 0.274527
vn 0.940202 0.210713 0.26762
vn 0.936969 0.20711 0.281415
vn 0.338143 0.893377 0.295866
vn 0.33407 0.888727 0.313946
vn 0.338189 0.893351 0.295891
vn 0.329689 0.883853 0.331827
vn 0.931523 0.200898 0.303158
vn 0.927496 0.196622 0.317948
vn 0.32494 0.878438 0.350372
vn 0.324574 0.878279 0.351109
vn 0.926624 0.1956 0.321104
vn 0.92972 0.199558 0.309512
vn 0.325218 0.878923 0.348896
vn 0.326038 0.879821 0.345854
vn 0.927344 0.196338 0.318567
vn 0.921359 0.189913 0.339162
vn 0.319075 0.872094 0.371003
vn 0.310645 0.862846 0.398744
vn 0.910494 0.177642 0.373423
vn 0.905655 0.172717 0.387245
vn 0.3024 0.853228 0.424918
vn 0.302612 0.853783 0.423652
vn 0.901018 0.1678 0.400012
vn 0.900917 0.169828 0.399383
vn 0.297401 0.848393 0.43793
vn 0.291952 0.842154 0.453366
vn 0.887095 0.152524 0.43566
vn 0.870812 0.135854 0.472472
vn 0.270276 0.818802 0.506473
vn 0.253882 0.800114 0.543472
vn 0.84171 0.102986 0.530017
vn 0.828264 0.0921375 0.552711
vn 0.227024 0.770434 0.595728
vn 0.218102 0.759905 0.612353
vn 0.796202 0.0557284 0.602459
vn 0.773982 0.0378116 0.632077
vn 0.177956 0.719021 0.671819
vn 0.1481 0.684864 0.713462
vn 0.752106 0.0155185 0.658859
vn 0.749438 0.0215681 0.661723
vn 0.116264 0.649262 0.751626
vn 0.117982 0.648119 0.752344
vn -0.447165 0.872477 0.197046
vn -0.445467 0.87198 0.203004
vn -0.447208 0.872456 0.197041
vn -0.443896 0.871375 0.208953
vn -0.95722 0.120887 0.262899
vn -0.95236 0.119408 0.280629
vn -0.957217 0.120901 0.262905
vn -0.94722 0.117697 0.298198
vn -0.437932 0.869477 0.22853
vn -0.433706 0.867917 0.242113
vn -0.941814 0.115954 0.315501
vn -0.941907 0.1158 0.315281
vn -0.433773 0.868002 0.241687
vn -0.43863 0.869349 0.227676
vn -0.943406 0.116359 0.310556
vn -0.944867 0.116749 0.305934
vn -0.437008 0.869099 0.231713
vn -0.431091 0.867054 0.249757
vn -0.937772 0.114529 0.327821
vn -0.928612 0.11133 0.353957
vn -0.420924 0.863692 0.277234
vn -0.417369 0.862304 0.286765
vn -0.920738 0.108934 0.374665
vn -0.922835 0.109286 0.369366
vn -0.416952 0.862094 0.288001
vn -0.421237 0.862685 0.279883
vn -0.921035 0.108626 0.374024
vn -0.917178 0.107108 0.383813
vn -0.411819 0.860318 0.300429
vn -0.399175 0.855767 0.329123
vn -0.899851 0.101302 0.424271
vn -0.885577 0.0963435 0.454392
vn -0.379858 0.849224 0.366779
vn -0.375797 0.846746 0.37656
vn -0.86773 0.0904368 0.488738
vn -0.865283 0.0889252 0.493333
vn -0.36212 0.842086 0.399701
vn -0.356369 0.837399 0.414445
vn -0.843493 0.0807864 0.53103
vn -0.82308 0.0731791 0.563191
vn -0.319703 0.826562 0.463233
vn -0.294509 0.814704 0.499522
vn -0.771589 0.0549647 0.633742
vn -0.739939 0.0432917 0.67128
vn -0.236223 0.79555 0.557942
vn -0.213784 0.780784 0.587089
vn -0.670306 0.0179698 0.741867
vn -0.632704 0.00255377 0.774389
vn -0.185607 0.769057 0.611638
vn -0.192979 0.762632 0.617374
vn -0.5932 -0.0118132 0.804969
vn -0.593597 -0.0131432 0.804655
vn 0.574277 0.01446 0.818533
vn 0.597551 0.0428328 0.800686
vn 0.575432 0.0166897 0.817679
vn 0.606047 0.0354923 0.794637
vn 0.140095 0.442448 0.885784
vn 0.13533 0.438321 0.888572
vn 0.14119 0.444726 0.884468
vn 0.112318 0.389763 0.91404
vn 0.651302 0.078672 0.754729
vn 0.65086 0.0304284 0.758587
vn 0.124424 0.384789 0.91458
vn 0.125994 0.336336 0.933276
vn 0.642396 -0.00849981 0.766326
vn 0.412988 0.161814 0.896246
vn 0.207751 0.393759 0.895429
vn 0.535391 -0.12074 0.83593
vn 0.370492 0.153738 0.916024
vn 0.1725 0.411026 0.895154
vn 0.490764 -0.117621 0.863317
vn 0.483361 -0.171471 0.858463
vn 0.0777044 0.33178 0.940151
vn -0.0134784 0.218763 0.975685
vn 0.489054 -0.199154 0.849214
vn 0.0766038 -0.0748167 0.994251
vn 0.0115713 0.139908 0.990097
vn -0.272004 -0.673708 0.687118
vn -0.0638594 -0.479186 0.875387
vn -0.0235913 -0.100378 0.99467
vn -0.154225 0.217958 0.963696
vn -0.106922 -0.429065 0.896923
vn -0.121954 -0.439884 0.889736
vn -0.341871 0.134128 0.930126
vn -0.35754 0.124853 0.925514
vn -0.143713 -0.447828 0.882495
vn -0.388158 0.114662 0.914432
vn -0.119248 0.618996 0.776289
vn -0.155386 0.629814 0.761045
vn -0.121812 0.619271 0.775671
vn -0.151997 0.639566 0.75356
vn -0.367567 0.0786853 0.926662
vn -0.361814 0.0758289 0.929161
vn -0.370206 0.0788411 0.925598
vn -0.305759 0.072555 0.94934
vn -0.210839 0.66377 0.717604
vn -0.165375 0.679408 0.714882
vn -0.305012 0.0855654 0.948497
vn -0.257517 0.104728 0.960582
vn -0.126379 0.68531 0.717202
vn -0.195536 0.427671 0.882532
vn -0.343983 0.158408 0.925518
vn 0.0186847 0.630597 0.775886
vn -0.173059 0.393373 0.902944
vn -0.348376 0.11927 0.929736
vn 0.0345095 0.589278 0.807193
vn 0.0845399 0.6012 0.794614
vn -0.233448 0.0613653 0.970431
vn -0.0894105 0.019379 0.995806
vn 0.107397 0.614747 0.781378
vn 0.151141 0.20809 0.966362
vn -0.026698 0.0695949 0.997218
vn 0.788755 0.0909459 0.607943
vn 0.555329 0.222556 0.801298
vn 0.208126 0.129042 0.969552
vn -0.037212 -0.114336 0.992745
vn 0.528937 0.168889 0.831686
vn 0.542434 0.159967 0.824728
vn 0.114149 -0.261379 0.958463
vn 0.128258 -0.272884 0.953459
vn 0.555681 0.144998 0.818654
vn 0.150515 -0.299719 0.942079
# 2164 normals
usemtl Stalk2
f  1/1/1 4/2/2 2/3/3
f  2/3/3 4/2/2 5/4/4
f  2/3/5 5/4/6 3/5/7
f  3/5/7 5/4/6 6/6/8
f  4/2/2 7/7/9 5/4/4
f  5/4/4 7/7/9 8/8/10
f  5/4/6 8/8/11 6/6/8
f  6/6/8 8/8/11 9/9/12
f  7/7/9 10/10/13 8/8/10
f  8/8/10 10/10/13 11/11/14
f  8/8/11 11/11/15 9/9/12
f  9/9/12 11/11/15 12/12/16
f  10/10/13 13/13/17 11/11/14
f  11/11/14 13/13/17 14/14/18
f  11/11/15 14/14/19 12/12/16
f  12/12/16 14/14/19 15/15/20
f  13/13/17 16/16/21 14/14/18
f  14/14/18 16/16/21 17/17/22
f  14/14/19 17/17/23 15/15/20
f  15/15/20 17/17/23 18/18/24
f  16/16/21 19/19/25 17/17/22
f  17/17/22 19/19/25 20/20/26
f  17/17/23 20/20/27 18/18/24
f  18/18/24 20/20/27 21/21/28
f  19/19/25 22/22/29 20/20/26
f  20/20/26 22/22/29 23/23/30
f  20/20/27 23/23/31 21/21/28
f  21/21/28 23/23/31 24/24/32
f  25/1/33 28/2/34 26/3/35
f  26/3/35 28/2/34 29/4/36
f  26/3/37 29/4/38 27/5/39
f  27/5/39 29/4/38 30/6/40
f  28/2/34 31/7/41 29/4/36
f  29/4/36 31/7/41 32/8/42
f  29/4/38 32/8/43 30/6/40
f  30/6/40 32/8/43 33/9/44
f  31/7/41 34/10/45 32/8/42
f  32/8/42 34/10/45 35/11/46
f  32/8/43 35/11/47 33/9/44
f  33/9/44 35/11/47 36/12/48
f  34/10/45 37/13/49 35/11/46
f  35/11/46 37/13/49 38/14/50
f  35/11/47 38/14/51 36/12/48
f  36/12/48 38/14/51 39/15/52
f  37/13/49 40/16/53 38/14/50
f  38/14/50 40/16/53 41/17/54
f  38/14/51 41/17/55 39/15/52
f  39/15/52 41/17/55 42/18/56
f  40/16/53 43/19/57 41/17/54
f  41/17/54 43/19/57 44/20/58
f  41/17/55 44/20/59 42/18/56
f  42/18/56 44/20/59 45/21/60
f  43/19/57 46/22/61 44/20/58
f  44/20/58 46/22/61 47/23/62
f  44/20/59 47/23/63 45/21/60
f  45/21/60 47/23/63 48/24/64
usemtl Leaf3
f  49/1/65 52/25/66 50/3/67
f  50/3/67 52/25/66 53/26/68
f  50/3/67 53/26/68 51/5/69
f  51/5/69 53/26/68 54/27/70
f  52/25/66 55/28/71 53/26/68
f  53/26/68 55/28/71 56/29/72
f  53/26/68 56/29/72 54/27/70
f  54/27/70 56/29/72 57/30/73
f  55/28/71 58/31/74 56/29/72
f  56/29/72 58/31/74 59/32/75
f  56/29/72 59/32/75 57/30/73
f  57/30/73 59/32/75 60/33/76
f  58/31/74 61/34/77 59/32/75
f  59/32/75 61/34/77 62/35/78
f  59/32/75 62/35/78 60/33/76
f  60/33/76 62/35/78 63/36/79
f  61/34/77 64/37/80 62/35/78
f  62/35/78 64/37/80 65/38/81
f  62/35/78 65/38/81 63/36/79
f  63/36/79 65/38/81 66/39/82
f  64/37/80 67/40/83 65/38/81
f  65/38/81 67/40/83 68/41/84
f  65/38/81 68/41/84 66/39/82
f  66/39/82 68/41/84 69/42/85
f  67/40/83 70/43/86 68/41/84
f  68/41/84 70/43/86 71/44/87
f  68/41/84 71/44/87 69/42/85
f  69/42/85 71/44/87 72/45/88
f  70/43/86 73/46/89 71/44/87
f  71/44/87 73/46/89 74/47/90
f  71/44/87 74/47/90 72/45/88
f  72/45/88 74/47/90 75/48/91
f  73/46/89 76/14/92 74/47/90
f  74/47/90 76/14/92 75/48/93
f  77/1/94 80/25/95 78/3/96
f  78/3/96 80/25/95 81/26/97
f  78/3/96 81/26/97 79/5/98
f  79/5/98 81/26/97 82/27/99
f  80/25/95 83/28/100 81/26/97
f  81/26/97 83/28/100 84/29/101
f  81/26/97 84/29/101 82/27/99
f  82/27/99 84/29/101 85/30/102
f  83/28/100 86/31/103 84/29/101
f  84/29/101 86/31/103 87/32/104
f  84/29/101 87/32/104 85/30/102
f  85/30/102 87/32/104 88/33/105
f  86/31/103 89/34/106 87/32/104
f  87/32/104 89/34/106 90/35/107
f  87/32/104 90/35/107 88/33/105
f  88/33/105 90/35/107 91/36/108
f  89/34/106 92/37/109 90/35/107
f  90/35/107 92/37/109 93/38/110
f  90/35/107 93/38/110 91/36/108
f  91/36/108 93/38/110 94/39/111
f  92/37/109 95/40/112 93/38/110
f  93/38/110 95/40/112 96/41/113
f  93/38/110 96/41/113 94/39/111
f  94/39/111 96/41/113 97/42/114
f  95/40/115 98/43/116 96/41/115
f  96/41/113 98/43/116 99/44/117
f  96/41/113 99/44/117 97/42/114
f  97/42/114 99/44/117 100/45/118
f  98/43/116 101/46/119 99/44/117
f  99/44/117 101/46/119 102/47/120
f  99/44/117 102/47/120 100/45/118
f  100/45/118 102/47/120 103/48/121
f  101/46/119 104/14/122 102/47/120
f  102/47/120 104/14/122 103/48/121
usemtl Stalk2
f  105/1/123 108/2/124 106/3/125
f  106/3/125 108/2/124 109/4/126
f  106/3/127 109/4/128 107/5/129
f  107/5/129 109/4/128 110/6/130
f  108/2/124 111/7/131 109/4/126
f  109/4/126 111/7/131 112/8/132
f  109/4/128 112/8/133 110/6/130
f  110/6/130 112/8/133 113/9/134
f  111/7/131 114/10/135 112/8/132
f  112/8/132 114/10/135 115/11/136
f  112/8/133 115/11/137 113/9/134
f  113/9/134 115/11/137 116/12/138
f  114/10/135 117/13/139 115/11/136
f  115/11/136 117/13/139 118/14/140
f  115/11/137 118/14/141 116/12/138
f  116/12/138 118/14/141 119/15/142
f  117/13/139 120/16/143 118/14/140
f  118/14/140 120/16/143 121/17/144
f  118/14/141 121/17/145 119/15/142
f  119/15/142 121/17/145 122/18/146
f  120/16/143 123/19/147 121/17/144
f  121/17/144 123/19/147 124/20/148
f  121/17/145 124/20/149 122/18/146
f  122/18/146 124/20/149 125/21/150
f  123/19/147 126/22/151 124/20/148
f  124/20/148 126/22/151 127/23/152
f  124/20/149 127/23/153 125/21/150
f  125/21/150 127/23/153 128/24/154
f  126/22/151 129/49/155 127/23/152
f  127/23/152 129/49/155 130/50/156
f  127/23/153 130/50/157 128/24/154
f  128/24/154 130/50/157 131/51/158
usemtl Leaf3
f  132/1/159 135/25/160 133/3/161
f  133/3/161 135/25/160 136/26/162
f  133/3/163 136/26/164 134/5/165
f  134/5/165 136/26/164 137/27/166
f  135/25/160 138/28/167 136/26/162
f  136/26/162 138/28/167 139/29/168
f  136/26/164 139/29/169 137/27/166
f  137/27/166 139/29/169 140/30/170
f  138/28/167 141/31/171 139/29/168
f  139/29/168 141/31/171 142/32/172
f  139/29/169 142/32/173 140/30/170
f  140/30/170 142/32/173 143/33/174
f  141/31/171 144/34/175 142/32/172
f  142/32/172 144/34/175 145/35/176
f  142/32/173 145/35/177 143/33/174
f  143/33/174 145/35/177 146/36/178
f  144/34/175 147/37/179 145/35/176
f  145/35/176 147/37/179 148/38/180
f  145/35/177 148/38/181 146/36/178
f  146/36/178 148/38/181 149/39/182
f  147/37/179 150/40/183 148/38/180
f  148/38/180 150/40/183 151/41/184
f  148/38/181 151/41/185 149/39/182
f  149/39/182 151/41/185 152/42/186
f  150/40/187 153/43/188 151/41/187
f  151/41/184 153/43/188 154/44/189
f  151/41/185 154/44/189 152/42/186
f  152/42/186 154/44/189 155/45/190
f  153/43/188 156/46/191 154/44/189
f  154/44/189 156/46/191 157/47/192
f  154/44/189 157/47/193 155/45/190
f  155/45/190 157/47/193 158/48/194
f  156/46/191 159/14/195 157/47/192
f  157/47/193 159/14/196 158/48/194
usemtl Stalk2
f  160/1/197 163/52/198 161/53/199
f  160/5/200 165/54/201 163/55/202
f  161/53/199 163/52/198 164/56/203
f  161/53/204 164/56/205 162/57/206
f  162/57/206 164/56/205 165/54/207
f  162/57/208 165/54/201 160/5/200
f  163/52/198 166/58/209 164/56/203
f  163/55/202 168/59/210 166/60/211
f  164/56/203 166/58/209 167/61/212
f  164/56/205 167/61/213 165/54/207
f  165/54/207 167/61/213 168/59/214
f  165/54/201 168/59/210 163/55/202
f  166/58/209 169/62/215 167/61/212
f  166/60/211 171/63/216 169/64/217
f  167/61/212 169/62/215 170/65/218
f  167/61/213 170/65/219 168/59/214
f  168/59/214 170/65/219 171/63/220
f  168/59/210 171/63/216 166/60/211
f  169/62/215 172/66/221 170/65/218
f  169/64/217 174/67/222 172/68/223
f  170/65/218 172/66/221 173/69/224
f  170/65/219 173/69/225 171/63/220
f  171/63/220 173/69/225 174/67/226
f  171/63/216 174/67/222 169/64/217
f  172/66/221 175/13/227 173/69/224
f  172/68/223 177/70/228 175/15/229
f  173/69/224 175/13/227 176/71/230
f  173/69/225 176/71/231 174/67/226
f  174/67/226 176/71/231 177/70/232
f  174/67/222 177/70/228 172/68/223
f  175/13/227 178/72/233 176/71/230
f  175/15/229 180/73/234 178/74/235
f  176/71/230 178/72/233 179/75/236
f  176/71/231 179/75/237 177/70/232
f  177/70/232 179/75/237 180/73/238
f  177/70/228 180/73/234 175/15/229
f  178/72/233 181/76/239 179/75/236
f  178/74/235 183/77/240 181/78/241
f  179/75/236 181/76/239 182/79/242
f  179/75/237 182/79/243 180/73/238
f  180/73/238 182/79/243 183/77/244
f  180/73/234 183/77/240 178/74/235
f  181/76/239 184/80/245 182/79/242
f  181/78/241 186/81/246 184/82/247
f  182/79/242 184/80/245 185/83/248
f  182/79/243 185/83/249 183/77/244
f  183/77/244 185/83/249 186/81/250
f  183/77/240 186/81/246 181/78/241
f  184/80/245 187/84/251 185/83/248
f  184/82/247 189/85/252 187/86/253
f  185/83/248 187/84/251 188/87/254
f  185/83/249 188/87/255 186/81/250
f  186/81/250 188/87/255 189/85/256
f  186/81/246 189/85/252 184/82/247
f  187/84/251 190/49/257 188/87/254
f  187/86/253 192/88/258 190/51/259
f  188/87/254 190/49/257 191/89/260
f  188/87/255 191/89/261 189/85/256
f  189/85/256 191/89/261 192/88/262
f  189/85/252 192/88/258 187/86/253
f  190/49/257 193/90/263 191/89/260
f  190/51/259 195/91/264 193/92/265
f  191/89/260 193/90/263 194/93/266
f  191/89/261 194/93/267 192/88/262
f  192/88/262 194/93/267 195/91/268
f  192/88/258 195/91/264 190/51/259
f  193/90/263 196/94/269 194/93/266
f  193/92/265 198/95/270 196/96/271
f  194/93/266 196/94/269 197/97/272
f  194/93/267 197/97/273 195/91/268
f  195/91/268 197/97/273 198/95/274
f  195/91/264 198/95/270 193/92/265
f  196/94/269 199/98/275 197/97/272
f  196/96/271 201/99/276 199/100/277
f  197/97/272 199/98/275 200/101/278
f  197/97/273 200/101/279 198/95/274
f  198/95/274 200/101/279 201/99/280
f  198/95/270 201/99/276 196/96/271
f  199/98/275 202/102/281 200/101/278
f  199/100/277 204/103/282 202/104/283
f  200/101/278 202/102/281 203/105/284
f  200/101/279 203/105/285 201/99/280
f  201/99/280 203/105/285 204/103/286
f  201/99/276 204/103/282 199/100/277
f  202/102/281 205/106/287 203/105/284
f  202/104/283 207/107/288 205/108/289
f  203/105/284 205/106/287 206/109/290
f  203/105/285 206/109/291 204/103/286
f  204/103/286 206/109/291 207/107/292
f  204/103/282 207/107/288 202/104/283
f  208/1/293 211/52/294 209/53/295
f  208/5/296 213/54/297 211/55/298
f  209/53/295 211/52/294 212/56/299
f  209/53/300 212/56/301 210/57/302
f  210/57/302 212/56/301 213/54/303
f  210/57/304 213/54/297 208/5/296
f  211/52/294 214/58/305 212/56/299
f  211/55/298 216/59/306 214/60/307
f  212/56/299 214/58/305 215/61/308
f  212/56/301 215/61/309 213/54/303
f  213/54/303 215/61/309 216/59/310
f  213/54/297 216/59/306 211/55/298
f  214/58/305 217/62/311 215/61/308
f  214/60/307 219/63/312 217/64/313
f  215/61/308 217/62/311 218/65/314
f  215/61/309 218/65/315 216/59/310
f  216/59/310 218/65/315 219/63/316
f  216/59/306 219/63/312 214/60/307
f  217/62/311 220/66/317 218/65/314
f  217/64/313 222/67/318 220/68/319
f  218/65/314 220/66/317 221/69/320
f  218/65/315 221/69/321 219/63/316
f  219/63/316 221/69/321 222/67/322
f  219/63/312 222/67/318 217/64/313
f  220/66/317 223/13/323 221/69/320
f  220/68/319 225/70/324 223/15/325
f  221/69/320 223/13/323 224/71/326
f  221/69/321 224/71/327 222/67/322
f  222/67/322 224/71/327 225/70/328
f  222/67/318 225/70/324 220/68/319
f  223/13/323 226/72/329 224/71/326
f  223/15/325 228/73/330 226/74/331
f  224/71/326 226/72/329 227/75/332
f  224/71/327 227/75/333 225/70/328
f  225/70/328 227/75/333 228/73/334
f  225/70/324 228/73/330 223/15/325
f  226/72/329 229/76/335 227/75/332
f  226/74/331 231/77/336 229/78/337
f  227/75/332 229/76/335 230/79/338
f  227/75/333 230/79/339 228/73/334
f  228/73/334 230/79/339 231/77/340
f  228/73/330 231/77/336 226/74/331
f  229/76/335 232/80/341 230/79/338
f  229/78/337 234/81/342 232/82/343
f  230/79/338 232/80/341 233/83/344
f  230/79/339 233/83/345 231/77/340
f  231/77/340 233/83/345 234/81/346
f  231/77/336 234/81/342 229/78/337
f  232/80/341 235/84/347 233/83/344
f  232/82/343 237/85/348 235/86/349
f  233/83/344 235/84/347 236/87/350
f  233/83/345 236/87/351 234/81/346
f  234/81/346 236/87/351 237/85/352
f  234/81/342 237/85/348 232/82/343
f  235/84/347 238/49/353 236/87/350
f  235/86/349 240/88/354 238/51/355
f  236/87/350 238/49/353 239/89/356
f  236/87/351 239/89/357 237/85/352
f  237/85/352 239/89/357 240/88/358
f  237/85/348 240/88/354 235/86/349
f  238/49/353 241/90/359 239/89/356
f  238/51/355 243/91/360 241/92/361
f  239/89/356 241/90/359 242/93/362
f  239/89/357 242/93/363 240/88/358
f  240/88/358 242/93/363 243/91/364
f  240/88/354 243/91/360 238/51/355
f  241/90/359 244/94/365 242/93/362
f  241/92/361 246/95/366 244/96/367
f  242/93/362 244/94/365 245/97/368
f  242/93/363 245/97/369 243/91/364
f  243/91/364 245/97/369 246/95/370
f  243/91/360 246/95/366 241/92/361
f  244/94/365 247/98/371 245/97/368
f  244/96/367 249/99/372 247/100/373
f  245/97/368 247/98/371 248/101/374
f  245/97/369 248/101/375 246/95/370
f  246/95/370 248/101/375 249/99/376
f  246/95/366 249/99/372 244/96/367
f  247/98/371 250/102/377 248/101/374
f  247/100/373 252/103/378 250/104/379
f  248/101/374 250/102/377 251/105/380
f  248/101/375 251/105/381 249/99/376
f  249/99/376 251/105/381 252/103/382
f  249/99/372 252/103/378 247/100/373
f  250/102/377 253/106/383 251/105/380
f  250/104/379 255/107/384 253/108/385
f  251/105/380 253/106/383 254/109/386
f  251/105/381 254/109/387 252/103/382
f  252/103/382 254/109/387 255/107/388
f  252/103/378 255/107/384 250/104/379
f  253/106/383 256/110/389 254/109/386
f  253/108/385 258/111/390 256/112/391
f  254/109/386 256/110/389 257/113/392
f  254/109/387 257/113/393 255/107/388
f  255/107/388 257/113/393 258/111/394
f  255/107/384 258/111/390 253/108/385
f  256/110/389 259/114/395 257/113/392
f  256/112/391 261/115/396 259/116/397
f  257/113/392 259/114/395 260/117/398
f  257/113/393 260/117/399 258/111/394
f  258/111/394 260/117/399 261/115/400
f  258/111/390 261/115/396 256/112/391
f  259/114/395 262/118/401 260/117/398
f  259/116/397 264/119/402 262/120/403
f  260/117/398 262/118/401 263/121/404
f  260/117/399 263/121/405 261/115/400
f  261/115/400 263/121/405 264/119/406
f  261/115/396 264/119/402 259/116/397
f  205/106/287 265/110/407 206/109/290
f  205/108/289 267/111/408 265/112/409
f  206/109/290 265/110/407 266/113/410
f  206/109/291 266/113/411 207/107/292
f  207/107/292 266/113/411 267/111/412
f  207/107/288 267/111/408 205/108/289
f  265/110/407 268/114/413 266/113/410
f  265/112/409 270/115/414 268/116/415
f  266/113/410 268/114/413 269/117/416
f  266/113/411 269/117/417 267/111/412
f  267/111/412 269/117/417 270/115/418
f  267/111/408 270/115/414 265/112/409
f  268/114/413 271/118/419 269/117/416
f  268/116/415 273/119/420 271/120/421
f  269/117/416 271/118/419 272/121/422
f  269/117/417 272/121/423 270/115/418
f  270/115/418 272/121/423 273/119/424
f  270/115/414 273/119/420 268/116/415
f  271/118/419 274/122/425 272/121/422
f  271/120/421 276/123/426 274/124/427
f  272/121/422 274/122/425 275/125/428
f  272/121/423 275/125/429 273/119/424
f  273/119/424 275/125/429 276/123/430
f  273/119/420 276/123/426 271/120/421
f  274/122/425 277/126/431 275/125/428
f  274/124/427 279/127/432 277/128/433
f  275/125/428 277/126/431 278/129/434
f  275/125/429 278/129/435 276/123/430
f  276/123/430 278/129/435 279/127/436
f  276/123/426 279/127/432 274/124/427
f  277/126/431 280/130/437 278/129/434
f  277/128/433 282/131/438 280/132/439
f  278/129/434 280/130/437 281/133/440
f  278/129/435 281/133/441 279/127/436
f  279/127/436 281/133/441 282/131/442
f  279/127/432 282/131/438 277/128/433
f  280/130/437 283/134/443 281/133/440
f  280/132/439 285/135/444 283/136/445
f  281/133/440 283/134/443 284/137/446
f  281/133/441 284/137/447 282/131/442
f  282/131/442 284/137/447 285/135/448
f  282/131/438 285/135/444 280/132/439
f  283/134/443 286/138/449 284/137/446
f  283/136/445 288/139/450 286/140/451
f  284/137/446 286/138/449 287/141/452
f  284/137/447 287/141/453 285/135/448
f  285/135/448 287/141/453 288/139/454
f  285/135/444 288/139/450 283/136/445
f  286/138/449 289/142/455 287/141/452
f  286/140/451 291/143/456 289/144/457
f  287/141/452 289/142/455 290/145/458
f  287/141/453 290/145/459 288/139/454
f  288/139/454 290/145/459 291/143/460
f  288/139/450 291/143/456 286/140/451
f  289/142/455 292/146/461 290/145/458
f  289/144/457 294/147/462 292/148/463
f  290/145/458 292/146/461 293/149/464
f  290/145/459 293/149/465 291/143/460
f  291/143/460 293/149/465 294/147/466
f  291/143/456 294/147/462 289/144/457
f  292/146/461 295/150/467 293/149/464
f  292/148/463 297/151/468 295/152/469
f  293/149/464 295/150/467 296/153/470
f  293/149/465 296/153/471 294/147/466
f  294/147/466 296/153/471 297/151/472
f  294/147/462 297/151/468 292/148/463
f  295/150/467 298/154/473 296/153/470
f  295/152/469 300/155/474 298/156/475
f  296/153/470 298/154/473 299/157/476
f  296/153/471 299/157/477 297/151/472
f  297/151/472 299/157/477 300/155/478
f  297/151/468 300/155/474 295/152/469
f  298/154/473 301/158/479 299/157/476
f  298/156/475 303/159/480 301/160/481
f  299/157/476 301/158/479 302/161/482
f  299/157/477 302/161/483 300/155/478
f  300/155/478 302/161/483 303/159/484
f  300/155/474 303/159/480 298/156/475
f  301/158/479 304/162/485 302/161/482
f  301/160/481 306/163/486 304/164/487
f  302/161/482 304/162/485 305/165/488
f  302/161/483 305/165/489 303/159/484
f  303/159/484 305/165/489 306/163/490
f  303/159/480 306/163/486 301/160/481
f  304/162/485 307/166/491 305/165/488
f  304/164/487 309/167/492 307/168/493
f  305/165/488 307/166/491 308/169/494
f  305/165/489 308/169/495 306/163/490
f  306/163/490 308/169/495 309/167/496
f  306/163/486 309/167/492 304/164/487
f  307/166/491 310/170/497 308/169/494
f  307/168/493 312/171/498 310/172/499
f  308/169/494 310/170/497 311/173/500
f  308/169/495 311/173/501 309/167/496
f  309/167/496 311/173/501 312/171/502
f  309/167/492 312/171/498 307/168/493
f  310/170/497 313/174/503 311/173/500
f  310/172/499 315/175/504 313/176/505
f  311/173/500 313/174/503 314/177/506
f  311/173/501 314/177/507 312/171/502
f  312/171/502 314/177/507 315/175/508
f  312/171/498 315/175/504 310/172/499
f  313/174/503 316/178/509 314/177/506
f  313/176/505 318/179/510 316/180/511
f  314/177/506 316/178/509 317/181/512
f  314/177/507 317/181/513 315/175/508
f  315/175/508 317/181/513 318/179/514
f  315/175/504 318/179/510 313/176/505
f  316/178/509 319/182/515 317/181/512
f  316/180/511 321/183/516 319/184/517
f  317/181/512 319/182/515 320/185/518
f  317/181/513 320/185/519 318/179/514
f  318/179/514 320/185/519 321/183/520
f  318/179/510 321/183/516 316/180/511
f  319/182/515 322/186/521 320/185/518
f  319/184/517 324/187/522 322/188/523
f  320/185/518 322/186/521 323/189/524
f  320/185/519 323/189/525 321/183/520
f  321/183/520 323/189/525 324/187/526
f  321/183/516 324/187/522 319/184/517
f  322/186/521 325/190/527 323/189/524
f  322/188/523 327/191/528 325/192/529
f  323/189/524 325/190/527 326/193/530
f  323/189/525 326/193/531 324/187/526
f  324/187/526 326/193/531 327/191/532
f  324/187/522 327/191/528 322/188/523
f  325/190/527 328/194/533 326/193/530
f  325/192/529 330/195/534 328/196/535
f  326/193/530 328/194/533 329/197/536
f  326/193/531 329/197/537 327/191/532
f  327/191/532 329/197/537 330/195/538
f  327/191/528 330/195/534 325/192/529
f  262/118/401 331/122/539 263/121/404
f  262/120/403 333/123/540 331/124/541
f  263/121/404 331/122/539 332/125/542
f  263/121/405 332/125/543 264/119/406
f  264/119/406 332/125/543 333/123/544
f  264/119/402 333/123/540 262/120/403
f  331/122/539 334/126/545 332/125/542
f  331/124/541 336/127/546 334/128/547
f  332/125/542 334/126/545 335/129/548
f  332/125/543 335/129/549 333/123/544
f  333/123/544 335/129/549 336/127/550
f  333/123/540 336/127/546 331/124/541
f  334/126/545 337/130/551 335/129/548
f  334/128/547 339/131/552 337/132/553
f  335/129/548 337/130/551 338/133/554
f  335/129/549 338/133/555 336/127/550
f  336/127/550 338/133/555 339/131/556
f  336/127/546 339/131/552 334/128/547
f  337/130/551 340/134/557 338/133/554
f  337/132/553 342/135/558 340/136/559
f  338/133/554 340/134/557 341/137/560
f  338/133/555 341/137/561 339/131/556
f  339/131/556 341/137/561 342/135/562
f  339/131/552 342/135/558 337/132/553
f  340/134/557 343/138/563 341/137/560
f  340/136/559 345/139/564 343/140/565
f  341/137/560 343/138/563 344/141/566
f  341/137/561 344/141/567 342/135/562
f  342/135/562 344/141/567 345/139/568
f  342/135/558 345/139/564 340/136/559
f  343/138/563 346/142/569 344/141/566
f  343/140/565 348/143/570 346/144/571
f  344/141/566 346/142/569 347/145/572
f  344/141/567 347/145/573 345/139/568
f  345/139/568 347/145/573 348/143/574
f  345/139/564 348/143/570 343/140/565
f  346/142/569 349/146/575 347/145/572
f  346/144/571 351/147/576 349/148/577
f  347/145/572 349/146/575 350/149/578
f  347/145/573 350/149/579 348/143/574
f  348/143/574 350/149/579 351/147/580
f  348/143/570 351/147/576 346/144/571
f  349/146/575 352/150/581 350/149/578
f  349/148/577 354/151/582 352/152/583
f  350/149/578 352/150/581 353/153/584
f  350/149/579 353/153/585 351/147/580
f  351/147/580 353/153/585 354/151/586
f  351/147/576 354/151/582 349/148/577
f  352/150/581 355/154/587 353/153/584
f  352/152/583 357/155/588 355/156/589
f  353/153/584 355/154/587 356/157/590
f  353/153/585 356/157/591 354/151/586
f  354/151/586 356/157/591 357/155/592
f  354/151/582 357/155/588 352/152/583
f  355/154/587 358/158/593 356/157/590
f  355/156/589 360/159/594 358/160/595
f  356/157/590 358/158/593 359/161/596
f  356/157/591 359/161/597 357/155/592
f  357/155/592 359/161/597 360/159/598
f  357/155/588 360/159/594 355/156/589
f  358/158/593 361/162/599 359/161/596
f  358/160/595 363/163/600 361/164/601
f  359/161/596 361/162/599 362/165/602
f  359/161/597 362/165/603 360/159/598
f  360/159/598 362/165/603 363/163/604
f  360/159/594 363/163/600 358/160/595
f  361/162/599 364/166/605 362/165/602
f  361/164/601 366/167/606 364/168/607
f  362/165/602 364/166/605 365/169/608
f  362/165/603 365/169/609 363/163/604
f  363/163/604 365/169/609 366/167/610
f  363/163/600 366/167/606 361/164/601
f  364/166/605 367/170/611 365/169/608
f  364/168/607 369/171/612 367/172/613
f  365/169/608 367/170/611 368/173/614
f  365/169/609 368/173/615 366/167/610
f  366/167/610 368/173/615 369/171/616
f  366/167/606 369/171/612 364/168/607
f  367/170/611 370/174/617 368/173/614
f  367/172/613 372/175/618 370/176/619
f  368/173/614 370/174/617 371/177/620
f  368/173/615 371/177/621 369/171/616
f  369/171/616 371/177/621 372/175/622
f  369/171/612 372/175/618 367/172/613
f  370/174/617 373/178/623 371/177/620
f  370/176/619 375/179/624 373/180/625
f  371/177/620 373/178/623 374/181/626
f  371/177/621 374/181/627 372/175/622
f  372/175/622 374/181/627 375/179/628
f  372/175/618 375/179/624 370/176/619
f  373/178/623 376/182/629 374/181/626
f  373/180/625 378/183/630 376/184/631
f  374/181/626 376/182/629 377/185/632
f  374/181/627 377/185/633 375/179/628
f  375/179/628 377/185/633 378/183/634
f  375/179/624 378/183/630 373/180/625
f  376/182/629 379/186/635 377/185/632
f  376/184/631 381/187/636 379/188/637
f  377/185/632 379/186/635 380/189/638
f  377/185/633 380/189/639 378/183/634
f  378/183/634 380/189/639 381/187/640
f  378/183/630 381/187/636 376/184/631
f  379/186/635 382/190/641 380/189/638
f  379/188/637 384/191/642 382/192/643
f  380/189/638 382/190/641 383/193/644
f  380/189/639 383/193/645 381/187/640
f  381/187/640 383/193/645 384/191/646
f  381/187/636 384/191/642 379/188/637
f  382/190/641 385/194/647 383/193/644
f  382/192/643 387/195/648 385/196/649
f  383/193/644 385/194/647 386/197/650
f  383/193/645 386/197/651 384/191/646
f  384/191/646 386/197/651 387/195/652
f  384/191/642 387/195/648 382/192/643
usemtl Leaf6
f  388/1/653 391/198/654 389/3/655
f  389/3/655 391/198/654 392/199/656
f  389/3/657 392/199/658 390/5/659
f  390/5/659 392/199/658 393/200/660
f  391/198/654 394/201/661 392/199/656
f  392/199/656 394/201/661 395/202/662
f  392/199/658 395/202/663 393/200/660
f  393/200/660 395/202/663 396/203/664
f  394/201/661 397/204/665 395/202/662
f  395/202/662 397/204/665 398/205/666
f  395/202/663 398/205/667 396/203/664
f  396/203/664 398/205/667 399/206/668
f  397/204/665 400/207/669 398/205/666
f  398/205/666 400/207/669 401/208/670
f  398/205/667 401/208/671 399/206/668
f  399/206/668 401/208/671 402/209/672
f  400/207/669 403/210/673 401/208/670
f  401/208/670 403/210/673 404/211/674
f  401/208/671 404/211/675 402/209/672
f  402/209/672 404/211/675 405/212/676
f  403/210/673 406/213/677 404/211/674
f  404/211/674 406/213/677 407/214/678
f  404/211/675 407/214/679 405/212/676
f  405/212/676 407/214/679 408/215/680
f  406/213/677 409/14/681 407/214/678
f  407/214/679 409/14/682 408/215/680
f  410/1/683 413/198/684 411/3/685
f  411/3/685 413/198/684 414/199/686
f  411/3/687 414/199/688 412/5/689
f  412/5/689 414/199/688 415/200/690
f  413/198/684 416/201/691 414/199/686
f  414/199/686 416/201/691 417/202/692
f  414/199/688 417/202/693 415/200/690
f  415/200/690 417/202/693 418/203/694
f  416/201/691 419/204/695 417/202/692
f  417/202/692 419/204/695 420/205/696
f  417/202/693 420/205/697 418/203/694
f  418/203/694 420/205/697 421/206/698
f  419/204/695 422/207/699 420/205/696
f  420/205/696 422/207/699 423/208/700
f  420/205/697 423/208/701 421/206/698
f  421/206/698 423/208/701 424/209/702
f  422/207/699 425/210/703 423/208/700
f  423/208/700 425/210/703 426/211/704
f  423/208/701 426/211/705 424/209/702
f  424/209/702 426/211/705 427/212/706
f  425/210/703 428/213/707 426/211/704
f  426/211/704 428/213/707 429/214/708
f  426/211/705 429/214/709 427/212/706
f  427/212/706 429/214/709 430/215/710
f  428/213/707 431/14/711 429/214/708
f  429/214/709 431/14/712 430/215/710
usemtl Leaf3
f  432/1/713 435/25/714 433/3/715
f  433/3/715 435/25/714 436/26/716
f  433/3/717 436/26/718 434/5/719
f  434/5/719 436/26/718 437/27/720
f  435/25/714 438/28/721 436/26/716
f  436/26/716 438/28/721 439/29/722
f  436/26/718 439/29/723 437/27/720
f  437/27/720 439/29/723 440/30/724
f  438/28/721 441/31/725 439/29/722
f  439/29/722 441/31/725 442/32/726
f  439/29/723 442/32/727 440/30/724
f  440/30/724 442/32/727 443/33/728
f  441/31/725 444/34/729 442/32/726
f  442/32/726 444/34/729 445/35/730
f  442/32/727 445/35/731 443/33/728
f  443/33/728 445/35/731 446/36/732
f  444/34/729 447/37/733 445/35/730
f  445/35/730 447/37/733 448/38/734
f  445/35/731 448/38/735 446/36/732
f  446/36/732 448/38/735 449/39/736
f  447/37/733 450/40/737 448/38/734
f  448/38/734 450/40/737 451/41/738
f  448/38/735 451/41/739 449/39/736
f  449/39/736 451/41/739 452/42/740
f  450/40/737 453/43/741 451/41/738
f  451/41/738 453/43/741 454/44/742
f  451/41/739 454/44/743 452/42/740
f  452/42/740 454/44/743 455/45/744
f  453/43/741 456/46/745 454/44/742
f  454/44/742 456/46/745 457/47/746
f  454/44/743 457/47/747 455/45/744
f  455/45/744 457/47/747 458/48/748
f  456/46/745 459/14/749 457/47/746
f  457/47/747 459/14/750 458/48/748
f  460/1/751 463/25/752 461/3/753
f  461/3/753 463/25/752 464/26/754
f  461/3/755 464/26/756 462/5/757
f  462/5/757 464/26/756 465/27/758
f  463/25/752 466/28/759 464/26/754
f  464/26/754 466/28/759 467/29/760
f  464/26/756 467/29/761 465/27/758
f  465/27/758 467/29/761 468/30/762
f  466/28/759 469/31/763 467/29/760
f  467/29/760 469/31/763 470/32/764
f  467/29/761 470/32/765 468/30/762
f  468/30/762 470/32/765 471/33/766
f  469/31/763 472/34/767 470/32/764
f  470/32/764 472/34/767 473/35/768
f  470/32/765 473/35/769 471/33/766
f  471/33/766 473/35/769 474/36/770
f  472/34/767 475/37/771 473/35/768
f  473/35/768 475/37/771 476/38/772
f  473/35/769 476/38/773 474/36/770
f  474/36/770 476/38/773 477/39/774
f  475/37/771 478/40/775 476/38/772
f  476/38/772 478/40/775 479/41/776
f  476/38/773 479/41/777 477/39/774
f  477/39/774 479/41/777 480/42/778
f  478/40/775 481/43/779 479/41/776
f  479/41/776 481/43/779 482/44/780
f  479/41/777 482/44/781 480/42/778
f  480/42/778 482/44/781 483/45/782
f  481/43/779 484/46/783 482/44/780
f  482/44/780 484/46/783 485/47/784
f  482/44/781 485/47/785 483/45/782
f  483/45/782 485/47/785 486/48/786
f  484/46/783 487/14/787 485/47/784
f  485/47/785 487/14/788 486/48/786
usemtl Leaf6
f  488/1/789 490/13/790 489/5/790
f  489/5/790 490/13/790 491/15/790
f  492/1/791 494/13/792 493/5/792
f  493/5/792 494/13/792 495/15/793
f  496/1/794 498/13/795 497/5/795
f  497/5/795 498/13/795 499/15/796
usemtl Stalk2
f  500/162/797 503/216/798 501/217/799
f  501/217/799 503/216/798 504/218/800
f  501/217/801 504/218/802 502/164/803
f  502/164/803 504/218/802 505/219/804
f  503/216/798 506/220/805 504/218/800
f  504/218/800 506/220/805 507/221/806
f  504/218/802 507/221/807 505/219/804
f  505/219/804 507/221/807 508/222/808
f  506/220/805 509/223/809 507/221/806
f  507/221/806 509/223/809 510/224/810
f  507/221/807 510/224/811 508/222/808
f  508/222/808 510/224/811 511/225/812
f  509/223/809 512/182/813 510/224/810
f  510/224/810 512/182/813 513/226/814
f  510/224/811 513/226/815 511/225/812
f  511/225/812 513/226/815 514/184/816
f  512/182/813 515/227/817 513/226/814
f  513/226/814 515/227/817 516/228/818
f  513/226/815 516/228/819 514/184/816
f  514/184/816 516/228/819 517/229/820
f  515/227/817 518/230/821 516/228/818
f  516/228/818 518/230/821 519/231/822
f  516/228/819 519/231/823 517/229/820
f  517/229/820 519/231/823 520/232/824
f  518/230/821 521/233/825 519/231/822
f  519/231/822 521/233/825 522/234/826
f  519/231/823 522/234/827 520/232/824
f  520/232/824 522/234/827 523/235/828
f  524/186/829 527/236/830 525/237/831
f  525/237/831 527/236/830 528/238/832
f  525/237/833 528/238/834 526/188/835
f  526/188/835 528/238/834 529/239/836
f  527/236/830 530/240/837 528/238/832
f  528/238/832 530/240/837 531/241/838
f  528/238/834 531/241/839 529/239/836
f  529/239/836 531/241/839 532/242/840
f  530/240/837 533/243/841 531/241/838
f  531/241/838 533/243/841 534/244/842
f  531/241/839 534/244/843 532/242/840
f  532/242/840 534/244/843 535/245/844
f  533/243/841 536/246/845 534/244/842
f  534/244/842 536/246/845 537/247/846
f  534/244/843 537/247/847 535/245/844
f  535/245/844 537/247/847 538/248/848
f  536/246/845 539/249/849 537/247/846
f  537/247/846 539/249/849 540/250/850
f  537/247/847 540/250/851 538/248/848
f  538/248/848 540/250/851 541/251/852
f  539/249/849 542/252/853 540/250/850
f  540/250/850 542/252/853 543/253/854
f  540/250/851 543/253/855 541/251/852
f  541/251/852 543/253/855 544/254/856
f  542/252/853 545/255/857 543/253/854
f  543/253/854 545/255/857 546/256/858
f  543/253/855 546/256/859 544/254/856
f  544/254/856 546/256/859 547/257/860
f  545/255/857 548/258/861 546/256/858
f  546/256/858 548/258/861 549/259/862
f  546/256/859 549/259/863 547/257/860
f  547/257/860 549/259/863 550/260/864
f  551/158/865 554/261/866 552/262/867
f  552/262/867 554/261/866 555/263/868
f  552/262/869 555/263/870 553/160/871
f  553/160/871 555/263/870 556/264/872
f  554/261/866 557/265/873 555/263/868
f  555/263/868 557/265/873 558/266/874
f  555/263/870 558/266/875 556/264/872
f  556/264/872 558/266/875 559/267/876
f  557/265/873 560/268/877 558/266/874
f  558/266/874 560/268/877 561/269/878
f  558/266/875 561/269/879 559/267/876
f  559/267/876 561/269/879 562/270/880
f  560/268/877 563/178/881 561/269/878
f  561/269/878 563/178/881 564/271/882
f  561/269/879 564/271/883 562/270/880
f  562/270/880 564/271/883 565/180/884
f  563/178/881 566/272/885 564/271/882
f  564/271/882 566/272/885 567/273/886
f  564/271/883 567/273/887 565/180/884
f  565/180/884 567/273/887 568/274/888
f  566/272/885 569/275/889 567/273/886
f  567/273/886 569/275/889 570/276/890
f  567/273/887 570/276/891 568/274/888
f  568/274/888 570/276/891 571/277/892
f  569/275/889 572/278/893 570/276/890
f  570/276/890 572/278/893 573/279/894
f  570/276/891 573/279/895 571/277/892
f  571/277/892 573/279/895 574/280/896
f  572/278/893 575/281/897 573/279/894
f  573/279/894 575/281/897 576/282/898
f  573/279/895 576/282/899 574/280/896
f  574/280/896 576/282/899 577/283/900
usemtl Leaf3
f  578/1/901 581/25/902 579/3/903
f  579/3/903 581/25/902 582/26/904
f  579/3/903 582/26/904 580/5/905
f  580/5/905 582/26/904 583/27/906
f  581/25/902 584/28/907 582/26/904
f  582/26/904 584/28/907 585/29/908
f  582/26/904 585/29/908 583/27/906
f  583/27/906 585/29/908 586/30/909
f  584/28/907 587/31/910 585/29/908
f  585/29/908 587/31/910 588/32/911
f  585/29/908 588/32/911 586/30/909
f  586/30/909 588/32/911 589/33/912
f  587/31/910 590/34/913 588/32/911
f  588/32/911 590/34/913 591/35/914
f  588/32/911 591/35/914 589/33/912
f  589/33/912 591/35/914 592/36/915
f  590/34/913 593/37/916 591/35/914
f  591/35/914 593/37/916 594/38/917
f  591/35/914 594/38/917 592/36/915
f  592/36/915 594/38/917 595/39/918
f  593/37/916 596/40/919 594/38/917
f  594/38/917 596/40/920 597/41/921
f  594/38/917 597/41/921 595/39/918
f  595/39/918 597/41/921 598/42/922
f  596/40/923 599/43/923 597/41/923
f  597/41/921 599/43/924 600/44/925
f  597/41/921 600/44/925 598/42/922
f  598/42/922 600/44/925 601/45/926
f  599/43/924 602/46/927 600/44/925
f  600/44/925 602/46/927 603/47/928
f  600/44/925 603/47/928 601/45/926
f  601/45/926 603/47/928 604/48/929
f  602/46/927 605/14/930 603/47/928
f  603/47/928 605/14/930 604/48/929
f  606/1/931 609/25/932 607/3/933
f  607/3/933 609/25/932 610/26/934
f  607/3/933 610/26/934 608/5/935
f  608/5/935 610/26/934 611/27/936
f  609/25/932 612/28/937 610/26/934
f  610/26/934 612/28/937 613/29/938
f  610/26/934 613/29/938 611/27/936
f  611/27/936 613/29/938 614/30/939
f  612/28/937 615/31/940 613/29/938
f  613/29/938 615/31/940 616/32/941
f  613/29/938 616/32/941 614/30/939
f  614/30/939 616/32/941 617/33/942
f  615/31/940 618/34/943 616/32/941
f  616/32/941 618/34/943 619/35/944
f  616/32/941 619/35/944 617/33/942
f  617/33/942 619/35/944 620/36/945
f  618/34/943 621/37/946 619/35/944
f  619/35/944 621/37/946 622/38/947
f  619/35/944 622/38/947 620/36/945
f  620/36/945 622/38/947 623/39/948
f  621/37/946 624/40/949 622/38/947
f  622/38/947 624/40/949 625/41/950
f  622/38/947 625/41/950 623/39/948
f  623/39/948 625/41/950 626/42/951
f  624/40/949 627/43/952 625/41/950
f  625/41/950 627/43/952 628/44/953
f  625/41/950 628/44/953 626/42/951
f  626/42/951 628/44/953 629/45/954
f  627/43/952 630/46/955 628/44/953
f  628/44/953 630/46/955 631/47/956
f  628/44/953 631/47/956 629/45/954
f  629/45/954 631/47/956 632/48/957
f  630/46/955 633/14/958 631/47/956
f  631/47/956 633/14/958 632/48/959
f  634/1/960 637/25/961 635/3/962
f  635/3/962 637/25/961 638/26/963
f  635/3/962 638/26/963 636/5/964
f  636/5/964 638/26/963 639/27/965
f  637/25/961 640/28/966 638/26/963
f  638/26/963 640/28/966 641/29/967
f  638/26/963 641/29/967 639/27/965
f  639/27/965 641/29/967 642/30/968
f  640/28/966 643/31/969 641/29/967
f  641/29/967 643/31/969 644/32/970
f  641/29/967 644/32/970 642/30/968
f  642/30/968 644/32/970 645/33/971
f  643/31/969 646/34/972 644/32/970
f  644/32/970 646/34/972 647/35/973
f  644/32/970 647/35/973 645/33/971
f  645/33/971 647/35/973 648/36/974
f  646/34/972 649/37/975 647/35/973
f  647/35/973 649/37/975 650/38/976
f  647/35/973 650/38/976 648/36/974
f  648/36/974 650/38/976 651/39/977
f  649/37/975 652/40/978 650/38/976
f  650/38/976 652/40/979 653/41/980
f  650/38/976 653/41/980 651/39/977
f  651/39/977 653/41/980 654/42/981
f  652/40/982 655/43/982 653/41/982
f  653/41/980 655/43/983 656/44/984
f  653/41/980 656/44/984 654/42/981
f  654/42/981 656/44/984 657/45/985
f  655/43/983 658/46/986 656/44/984
f  656/44/984 658/46/986 659/47/987
f  656/44/984 659/47/987 657/45/988
f  657/45/988 659/47/987 660/48/989
f  658/46/986 661/14/990 659/47/987
f  659/47/987 661/14/990 660/48/989
usemtl Stalk2
f  662/162/991 665/216/992 663/165/993
f  662/164/994 667/284/995 665/219/996
f  663/165/993 665/216/992 666/285/997
f  663/165/998 666/285/999 664/163/1000
f  664/163/1000 666/285/999 667/284/1001
f  664/163/1002 667/284/995 662/164/994
f  665/216/992 668/220/1003 666/285/997
f  665/219/996 670/286/1004 668/222/1005
f  666/285/997 668/220/1003 669/287/1006
f  666/285/999 669/287/1007 667/284/1001
f  667/284/1001 669/287/1007 670/286/1008
f  667/284/995 670/286/1004 665/219/996
f  668/220/1003 671/223/1009 669/287/1006
f  668/222/1005 673/288/1010 671/225/1011
f  669/287/1006 671/223/1009 672/289/1012
f  669/287/1007 672/289/1013 670/286/1008
f  670/286/1008 672/289/1013 673/288/1014
f  670/286/1004 673/288/1010 668/222/1005
f  671/223/1009 674/182/1015 672/289/1012
f  671/225/1011 676/183/1016 674/184/1017
f  672/289/1012 674/182/1015 675/185/1018
f  672/289/1013 675/185/1019 673/288/1014
f  673/288/1014 675/185/1019 676/183/1020
f  673/288/1010 676/183/1016 671/225/1011
f  674/182/1015 677/227/1021 675/185/1018
f  674/184/1017 679/290/1022 677/229/1023
f  675/185/1018 677/227/1021 678/291/1024
f  675/185/1019 678/291/1025 676/183/1020
f  676/183/1020 678/291/1025 679/290/1026
f  676/183/1016 679/290/1022 674/184/1017
f  677/227/1021 680/230/1027 678/291/1024
f  677/229/1023 682/292/1028 680/232/1029
f  678/291/1024 680/230/1027 681/293/1030
f  678/291/1025 681/293/1031 679/290/1026
f  679/290/1026 681/293/1031 682/292/1032
f  679/290/1022 682/292/1028 677/229/1023
f  680/230/1027 683/233/1033 681/293/1030
f  680/232/1029 685/294/1034 683/235/1035
f  681/293/1030 683/233/1033 684/295/1036
f  681/293/1031 684/295/1037 682/292/1032
f  682/292/1032 684/295/1037 685/294/1038
f  682/292/1028 685/294/1034 680/232/1029
f  683/233/1033 686/296/1039 684/295/1036
f  683/235/1035 688/297/1040 686/298/1041
f  684/295/1036 686/296/1039 687/299/1042
f  684/295/1037 687/299/1043 685/294/1038
f  685/294/1038 687/299/1043 688/297/1044
f  685/294/1034 688/297/1040 683/235/1035
f  686/296/1039 689/300/1045 687/299/1042
f  686/298/1041 691/301/1046 689/302/1047
f  687/299/1042 689/300/1045 690/303/1048
f  687/299/1043 690/303/1049 688/297/1044
f  688/297/1044 690/303/1049 691/301/1050
f  688/297/1040 691/301/1046 686/298/1041
f  689/300/1045 692/304/1051 690/303/1048
f  689/302/1047 694/305/1052 692/306/1053
f  690/303/1048 692/304/1051 693/307/1054
f  690/303/1049 693/307/1055 691/301/1050
f  691/301/1050 693/307/1055 694/305/1056
f  691/301/1046 694/305/1052 689/302/1047
f  695/186/1057 698/236/1058 696/189/1059
f  695/188/1060 700/308/1061 698/239/1062
f  696/189/1059 698/236/1058 699/309/1063
f  696/189/1064 699/309/1065 697/187/1066
f  697/187/1066 699/309/1065 700/308/1067
f  697/187/1068 700/308/1061 695/188/1060
f  698/236/1058 701/240/1069 699/309/1063
f  698/239/1062 703/310/1070 701/242/1071
f  699/309/1063 701/240/1069 702/311/1072
f  699/309/1065 702/311/1073 700/308/1067
f  700/308/1067 702/311/1073 703/310/1074
f  700/308/1061 703/310/1070 698/239/1062
f  701/240/1069 704/243/1075 702/311/1072
f  701/242/1071 706/312/1076 704/245/1077
f  702/311/1072 704/243/1075 705/313/1078
f  702/311/1073 705/313/1079 703/310/1074
f  703/310/1074 705/313/1079 706/312/1080
f  703/310/1070 706/312/1076 701/242/1071
f  704/243/1075 707/246/1081 705/313/1078
f  704/245/1077 709/314/1082 707/248/1083
f  705/313/1078 707/246/1081 708/315/1084
f  705/313/1079 708/315/1085 706/312/1080
f  706/312/1080 708/315/1085 709/314/1086
f  706/312/1076 709/314/1082 704/245/1077
f  707/246/1081 710/249/1087 708/315/1084
f  707/248/1083 712/316/1088 710/251/1089
f  708/315/1084 710/249/1087 711/317/1090
f  708/315/1085 711/317/1091 709/314/1086
f  709/314/1086 711/317/1091 712/316/1092
f  709/314/1082 712/316/1088 707/248/1083
f  710/249/1087 713/252/1093 711/317/1090
f  710/251/1089 715/318/1094 713/254/1095
f  711/317/1090 713/252/1093 714/319/1096
f  711/317/1091 714/319/1097 712/316/1092
f  712/316/1092 714/319/1097 715/318/1098
f  712/316/1088 715/318/1094 710/251/1089
f  713/252/1093 716/255/1099 714/319/1096
f  713/254/1095 718/320/1100 716/257/1101
f  714/319/1096 716/255/1099 717/321/1102
f  714/319/1097 717/321/1103 715/318/1098
f  715/318/1098 717/321/1103 718/320/1104
f  715/318/1094 718/320/1100 713/254/1095
f  716/255/1099 719/258/1105 717/321/1102
f  716/257/1101 721/322/1106 719/260/1107
f  717/321/1102 719/258/1105 720/323/1108
f  717/321/1103 720/323/1109 718/320/1104
f  718/320/1104 720/323/1109 721/322/1110
f  718/320/1100 721/322/1106 716/257/1101
f  719/258/1105 722/324/1111 720/323/1108
f  719/260/1107 724/325/1112 722/326/1113
f  720/323/1108 722/324/1111 723/327/1114
f  720/323/1109 723/327/1115 721/322/1110
f  721/322/1110 723/327/1115 724/325/1116
f  721/322/1106 724/325/1112 719/260/1107
f  722/324/1111 725/328/1117 723/327/1114
f  722/326/1113 727/329/1118 725/330/1119
f  723/327/1114 725/328/1117 726/331/1120
f  723/327/1115 726/331/1121 724/325/1116
f  724/325/1116 726/331/1121 727/329/1122
f  724/325/1112 727/329/1118 722/326/1113
f  725/328/1117 728/332/1123 726/331/1120
f  725/330/1119 730/333/1124 728/334/1125
f  726/331/1120 728/332/1123 729/335/1126
f  726/331/1121 729/335/1127 727/329/1122
f  727/329/1122 729/335/1127 730/333/1128
f  727/329/1118 730/333/1124 725/330/1119
f  728/332/1123 731/336/1129 729/335/1126
f  728/334/1125 733/337/1130 731/338/1131
f  729/335/1126 731/336/1129 732/339/1132
f  729/335/1127 732/339/1133 730/333/1128
f  730/333/1128 732/339/1133 733/337/1134
f  730/333/1124 733/337/1130 728/334/1125
f  734/158/1135 737/261/1136 735/161/1137
f  734/160/1138 739/340/1139 737/264/1140
f  735/161/1137 737/261/1136 738/341/1141
f  735/161/1142 738/341/1143 736/159/1144
f  736/159/1144 738/341/1143 739/340/1145
f  736/159/1146 739/340/1139 734/160/1138
f  737/261/1136 740/265/1147 738/341/1141
f  737/264/1140 742/342/1148 740/267/1149
f  738/341/1141 740/265/1147 741/343/1150
f  738/341/1143 741/343/1151 739/340/1145
f  739/340/1145 741/343/1151 742/342/1152
f  739/340/1139 742/342/1148 737/264/1140
f  740/265/1147 743/268/1153 741/343/1150
f  740/267/1149 745/344/1154 743/270/1155
f  741/343/1150 743/268/1153 744/345/1156
f  741/343/1151 744/345/1157 742/342/1152
f  742/342/1152 744/345/1157 745/344/1158
f  742/342/1148 745/344/1154 740/267/1149
f  743/268/1153 746/178/1159 744/345/1156
f  743/270/1155 748/179/1160 746/180/1161
f  744/345/1156 746/178/1159 747/181/1162
f  744/345/1157 747/181/1163 745/344/1158
f  745/344/1158 747/181/1163 748/179/1164
f  745/344/1154 748/179/1160 743/270/1155
f  746/178/1159 749/272/1165 747/181/1162
f  746/180/1161 751/346/1166 749/274/1167
f  747/181/1162 749/272/1165 750/347/1168
f  747/181/1163 750/347/1169 748/179/1164
f  748/179/1164 750/347/1169 751/346/1170
f  748/179/1160 751/346/1166 746/180/1161
f  749/272/1165 752/275/1171 750/347/1168
f  749/274/1167 754/348/1172 752/277/1173
f  750/347/1168 752/275/1171 753/349/1174
f  750/347/1169 753/349/1175 751/346/1170
f  751/346/1170 753/349/1175 754/348/1176
f  751/346/1166 754/348/1172 749/274/1167
f  752/275/1171 755/278/1177 753/349/1174
f  752/277/1173 757/350/1178 755/280/1179
f  753/349/1174 755/278/1177 756/351/1180
f  753/349/1175 756/351/1181 754/348/1176
f  754/348/1176 756/351/1181 757/350/1182
f  754/348/1172 757/350/1178 752/277/1173
f  755/278/1177 758/281/1183 756/351/1180
f  755/280/1179 760/352/1184 758/283/1185
f  756/351/1180 758/281/1183 759/353/1186
f  756/351/1181 759/353/1187 757/350/1182
f  757/350/1182 759/353/1187 760/352/1188
f  757/350/1178 760/352/1184 755/280/1179
f  758/281/1183 761/354/1189 759/353/1186
f  758/283/1185 763/355/1190 761/356/1191
f  759/353/1186 761/354/1189 762/357/1192
f  759/353/1187 762/357/1193 760/352/1188
f  760/352/1188 762/357/1193 763/355/1194
f  760/352/1184 763/355/1190 758/283/1185
f  761/354/1189 764/358/1195 762/357/1192
f  761/356/1191 766/359/1196 764/360/1197
f  762/357/1192 764/358/1195 765/361/1198
f  762/357/1193 765/361/1199 763/355/1194
f  763/355/1194 765/361/1199 766/359/1200
f  763/355/1190 766/359/1196 761/356/1191
f  764/358/1195 767/362/1201 765/361/1198
f  764/360/1197 769/363/1202 767/364/1203
f  765/361/1198 767/362/1201 768/365/1204
f  765/361/1199 768/365/1205 766/359/1200
f  766/359/1200 768/365/1205 769/363/1206
f  766/359/1196 769/363/1202 764/360/1197
f  767/362/1201 770/366/1207 768/365/1204
f  767/364/1203 772/367/1208 770/368/1209
f  768/365/1204 770/366/1207 771/369/1210
f  768/365/1205 771/369/1211 769/363/1206
f  769/363/1206 771/369/1211 772/367/1212
f  769/363/1202 772/367/1208 767/364/1203
f  770/366/1207 773/370/1213 771/369/1210
f  770/368/1209 775/371/1214 773/372/1215
f  771/369/1210 773/370/1213 774/373/1216
f  771/369/1211 774/373/1217 772/367/1212
f  772/367/1212 774/373/1217 775/371/1218
f  772/367/1208 775/371/1214 770/368/1209
f  692/304/1051 776/374/1219 693/307/1054
f  692/306/1053 778/375/1220 776/376/1221
f  693/307/1054 776/374/1219 777/377/1222
f  693/307/1055 777/377/1223 694/305/1056
f  694/305/1056 777/377/1223 778/375/1224
f  694/305/1052 778/375/1220 692/306/1053
f  776/374/1219 779/378/1225 777/377/1222
f  776/376/1221 781/379/1226 779/380/1227
f  777/377/1222 779/378/1225 780/381/1228
f  777/377/1223 780/381/1229 778/375/1224
f  778/375/1224 780/381/1229 781/379/1230
f  778/375/1220 781/379/1226 776/376/1221
f  779/378/1225 782/382/1231 780/381/1228
f  779/380/1227 784/383/1232 782/384/1233
f  780/381/1228 782/382/1231 783/385/1234
f  780/381/1229 783/385/1235 781/379/1230
f  781/379/1230 783/385/1235 784/383/1236
f  781/379/1226 784/383/1232 779/380/1227
f  782/382/1231 785/386/1237 783/385/1234
f  782/384/1233 787/387/1238 785/388/1239
f  783/385/1234 785/386/1237 786/389/1240
f  783/385/1235 786/389/1241 784/383/1236
f  784/383/1236 786/389/1241 787/387/1242
f  784/383/1232 787/387/1238 782/384/1233
f  785/386/1237 788/390/1243 786/389/1240
f  785/388/1239 790/391/1244 788/392/1245
f  786/389/1240 788/390/1243 789/393/1246
f  786/389/1241 789/393/1247 787/387/1242
f  787/387/1242 789/393/1247 790/391/1248
f  787/387/1238 790/391/1244 785/388/1239
f  788/390/1243 791/394/1249 789/393/1246
f  788/392/1245 793/395/1250 791/396/1251
f  789/393/1246 791/394/1249 792/397/1252
f  789/393/1247 792/397/1253 790/391/1248
f  790/391/1248 792/397/1253 793/395/1254
f  790/391/1244 793/395/1250 788/392/1245
f  791/394/1249 794/398/1255 792/397/1252
f  791/396/1251 796/399/1256 794/400/1257
f  792/397/1252 794/398/1255 795/401/1258
f  792/397/1253 795/401/1259 793/395/1254
f  793/395/1254 795/401/1259 796/399/1260
f  793/395/1250 796/399/1256 791/396/1251
f  794/398/1255 797/402/1261 795/401/1258
f  794/400/1257 799/403/1262 797/404/1263
f  795/401/1258 797/402/1261 798/405/1264
f  795/401/1259 798/405/1265 796/399/1260
f  796/399/1260 798/405/1265 799/403/1266
f  796/399/1256 799/403/1262 794/400/1257
f  797/402/1267 800/406/1268 801/407/1269
f  797/402/1267 801/407/1269 798/405/1270
f  797/404/1267 804/408/1271 800/409/1268
f  798/405/1270 801/407/1269 802/410/1272
f  798/405/1270 802/410/1272 803/411/1273
f  798/405/1270 803/411/1273 799/403/1274
f  799/403/1274 803/411/1273 804/408/1271
f  799/403/1274 804/408/1271 797/404/1267
f  731/336/1129 805/412/1275 732/339/1132
f  731/338/1131 807/413/1276 805/414/1277
f  732/339/1132 805/412/1275 806/415/1278
f  732/339/1133 806/415/1279 733/337/1134
f  733/337/1134 806/415/1279 807/413/1280
f  733/337/1130 807/413/1276 731/338/1131
f  805/412/1275 808/416/1281 806/415/1278
f  805/414/1277 810/417/1282 808/418/1283
f  806/415/1278 808/416/1281 809/419/1284
f  806/415/1279 809/419/1285 807/413/1280
f  807/413/1280 809/419/1285 810/417/1286
f  807/413/1276 810/417/1282 805/414/1277
f  808/416/1281 811/420/1287 809/419/1284
f  808/418/1283 813/421/1288 811/422/1289
f  809/419/1284 811/420/1287 812/423/1290
f  809/419/1285 812/423/1291 810/417/1286
f  810/417/1286 812/423/1291 813/421/1292
f  810/417/1282 813/421/1288 808/418/1283
f  811/420/1287 814/424/1293 812/423/1290
f  811/422/1289 816/425/1294 814/426/1295
f  812/423/1290 814/424/1293 815/427/1296
f  812/423/1291 815/427/1297 813/421/1292
f  813/421/1292 815/427/1297 816/425/1298
f  813/421/1288 816/425/1294 811/422/1289
f  814/424/1293 817/428/1299 815/427/1296
f  814/426/1295 819/429/1300 817/430/1301
f  815/427/1296 817/428/1299 818/431/1302
f  815/427/1297 818/431/1303 816/425/1298
f  816/425/1298 818/431/1303 819/429/1304
f  816/425/1294 819/429/1300 814/426/1295
f  817/428/1299 820/432/1305 818/431/1302
f  817/430/1301 822/433/1306 820/434/1307
f  818/431/1302 820/432/1305 821/435/1308
f  818/431/1303 821/435/1309 819/429/1304
f  819/429/1304 821/435/1309 822/433/1310
f  819/429/1300 822/433/1306 817/430/1301
f  820/432/1305 823/436/1311 821/435/1308
f  820/434/1307 825/437/1312 823/438/1313
f  821/435/1308 823/436/1311 824/439/1314
f  821/435/1309 824/439/1315 822/433/1310
f  822/433/1310 824/439/1315 825/437/1316
f  822/433/1306 825/437/1312 820/434/1307
f  823/436/1311 826/440/1317 824/439/1314
f  823/438/1313 828/441/1318 826/442/1319
f  824/439/1314 826/440/1317 827/443/1320
f  824/439/1315 827/443/1321 825/437/1316
f  825/437/1316 827/443/1321 828/441/1322
f  825/437/1312 828/441/1318 823/438/1313
f  826/440/1323 829/406/1324 830/407/1325
f  826/440/1323 830/407/1325 827/443/1326
f  826/442/1323 833/408/1327 829/409/1324
f  827/443/1326 830/407/1325 831/410/1328
f  827/443/1326 831/410/1328 832/411/1329
f  827/443/1326 832/411/1329 828/441/1330
f  828/441/1330 832/411/1329 833/408/1327
f  828/441/1330 833/408/1327 826/442/1323
f  773/370/1213 834/444/1331 774/373/1216
f  773/372/1215 836/445/1332 834/446/1333
f  774/373/1216 834/444/1331 835/447/1334
f  774/373/1217 835/447/1335 775/371/1218
f  775/371/1218 835/447/1335 836/445/1336
f  775/371/1214 836/445/1332 773/372/1215
f  834/444/1331 837/448/1337 835/447/1334
f  834/446/1333 839/449/1338 837/450/1339
f  835/447/1334 837/448/1337 838/451/1340
f  835/447/1335 838/451/1341 836/445/1336
f  836/445/1336 838/451/1341 839/449/1342
f  836/445/1332 839/449/1338 834/446/1333
f  837/448/1337 840/452/1343 838/451/1340
f  837/450/1339 842/453/1344 840/454/1345
f  838/451/1340 840/452/1343 841/455/1346
f  838/451/1341 841/455/1347 839/449/1342
f  839/449/1342 841/455/1347 842/453/1348
f  839/449/1338 842/453/1344 837/450/1339
f  840/452/1343 843/456/1349 841/455/1346
f  840/454/1345 845/457/1350 843/458/1351
f  841/455/1346 843/456/1349 844/459/1352
f  841/455/1347 844/459/1353 842/453/1348
f  842/453/1348 844/459/1353 845/457/1354
f  842/453/1344 845/457/1350 840/454/1345
f  843/456/1349 846/460/1355 844/459/1352
f  843/458/1351 848/461/1356 846/462/1357
f  844/459/1352 846/460/1355 847/463/1358
f  844/459/1353 847/463/1359 845/457/1354
f  845/457/1354 847/463/1359 848/461/1360
f  845/457/1350 848/461/1356 843/458/1351
f  846/460/1355 849/464/1361 847/463/1358
f  846/462/1357 851/465/1362 849/466/1363
f  847/463/1358 849/464/1361 850/467/1364
f  847/463/1359 850/467/1365 848/461/1360
f  848/461/1360 850/467/1365 851/465/1366
f  848/461/1356 851/465/1362 846/462/1357
f  849/464/1361 852/468/1367 850/467/1364
f  849/466/1363 854/469/1368 852/470/1369
f  850/467/1364 852/468/1367 853/471/1370
f  850/467/1365 853/471/1371 851/465/1366
f  851/465/1366 853/471/1371 854/469/1372
f  851/465/1362 854/469/1368 849/466/1363
f  852/468/1367 855/472/1373 853/471/1370
f  852/470/1369 857/473/1374 855/474/1375
f  853/471/1370 855/472/1373 856/475/1376
f  853/471/1371 856/475/1377 854/469/1372
f  854/469/1372 856/475/1377 857/473/1378
f  854/469/1368 857/473/1374 852/470/1369
f  855/472/1379 858/406/1380 859/407/1381
f  855/472/1379 859/407/1381 856/475/1382
f  855/474/1379 862/408/1383 858/409/1380
f  856/475/1382 859/407/1381 860/410/1384
f  856/475/1382 860/410/1384 861/411/1385
f  856/475/1382 861/411/1385 857/473/1386
f  857/473/1386 861/411/1385 862/408/1383
f  857/473/1386 862/408/1383 855/474/1379
usemtl Center
f  800/406/1387 863/476/1388 801/407/1389
f  800/409/1390 867/477/1391 863/478/1392
f  801/407/1389 863/476/1388 864/479/1393
f  801/407/1394 864/479/1395 802/410/1396
f  802/410/1396 864/479/1395 865/480/1397
f  802/410/1398 865/480/1399 803/411/1400
f  803/411/1400 865/480/1399 866/481/1401
f  803/411/1402 866/481/1403 804/408/1404
f  804/408/1404 866/481/1403 867/477/1405
f  804/408/1406 867/477/1391 800/409/1390
f  863/476/1388 868/482/1407 864/479/1393
f  863/478/1392 872/483/1408 868/484/1409
f  864/479/1393 868/482/1407 869/485/1410
f  864/479/1395 869/485/1411 865/480/1397
f  865/480/1397 869/485/1411 870/486/1412
f  865/480/1399 870/486/1413 866/481/1401
f  866/481/1401 870/486/1413 871/487/1414
f  866/481/1403 871/487/1415 867/477/1405
f  867/477/1405 871/487/1415 872/483/1416
f  867/477/1391 872/483/1408 863/478/1392
f  868/482/1407 873/488/1417 869/485/1410
f  868/484/1409 877/489/1418 873/490/1419
f  869/485/1410 873/488/1417 874/491/1420
f  869/485/1411 874/491/1421 870/486/1412
f  870/486/1412 874/491/1421 875/492/1422
f  870/486/1413 875/492/1423 871/487/1414
f  871/487/1414 875/492/1423 876/493/1424
f  871/487/1415 876/493/1425 872/483/1416
f  872/483/1416 876/493/1425 877/489/1426
f  872/483/1408 877/489/1418 868/484/1409
f  873/488/1417 878/494/1427 874/491/1420
f  873/490/1419 882/495/1428 878/496/1429
f  874/491/1420 878/494/1427 879/497/1430
f  874/491/1421 879/497/1431 875/492/1422
f  875/492/1422 879/497/1431 880/498/1432
f  875/492/1423 880/498/1433 876/493/1424
f  876/493/1424 880/498/1433 881/499/1434
f  876/493/1425 881/499/1435 877/489/1426
f  877/489/1426 881/499/1435 882/495/1436
f  877/489/1418 882/495/1428 873/490/1419
f  829/406/1437 883/476/1438 830/407/1439
f  829/409/1440 887/477/1441 883/478/1442
f  830/407/1439 883/476/1438 884/479/1443
f  830/407/1444 884/479/1445 831/410/1446
f  831/410/1446 884/479/1445 885/480/1447
f  831/410/1448 885/480/1449 832/411/1450
f  832/411/1450 885/480/1449 886/481/1451
f  832/411/1452 886/481/1453 833/408/1454
f  833/408/1454 886/481/1453 887/477/1455
f  833/408/1456 887/477/1441 829/409/1440
f  883/476/1438 888/482/1457 884/479/1443
f  883/478/1442 892/483/1458 888/484/1459
f  884/479/1443 888/482/1457 889/485/1460
f  884/479/1445 889/485/1461 885/480/1447
f  885/480/1447 889/485/1461 890/486/1462
f  885/480/1449 890/486/1463 886/481/1451
f  886/481/1451 890/486/1463 891/487/1464
f  886/481/1453 891/487/1465 887/477/1455
f  887/477/1455 891/487/1465 892/483/1466
f  887/477/1441 892/483/1458 883/478/1442
f  888/482/1457 893/488/1467 889/485/1460
f  888/484/1459 897/489/1468 893/490/1469
f  889/485/1460 893/488/1467 894/491/1470
f  889/485/1461 894/491/1471 890/486/1462
f  890/486/1462 894/491/1471 895/492/1472
f  890/486/1463 895/492/1473 891/487/1464
f  891/487/1464 895/492/1473 896/493/1474
f  891/487/1465 896/493/1475 892/483/1466
f  892/483/1466 896/493/1475 897/489/1476
f  892/483/1458 897/489/1468 888/484/1459
f  893/488/1467 898/494/1477 894/491/1470
f  893/490/1469 902/495/1478 898/496/1479
f  894/491/1470 898/494/1477 899/497/1480
f  894/491/1471 899/497/1481 895/492/1472
f  895/492/1472 899/497/1481 900/498/1482
f  895/492/1473 900/498/1483 896/493/1474
f  896/493/1474 900/498/1483 901/499/1484
f  896/493/1475 901/499/1485 897/489/1476
f  897/489/1476 901/499/1485 902/495/1486
f  897/489/1468 902/495/1478 893/490/1469
f  858/406/1487 903/476/1488 859/407/1489
f  858/409/1490 907/477/1491 903/478/1492
f  859/407/1489 903/476/1488 904/479/1493
f  859/407/1494 904/479/1495 860/410/1496
f  860/410/1496 904/479/1495 905/480/1497
f  860/410/1498 905/480/1499 861/411/1500
f  861/411/1500 905/480/1499 906/481/1501
f  861/411/1502 906/481/1503 862/408/1504
f  862/408/1504 906/481/1503 907/477/1505
f  862/408/1506 907/477/1491 858/409/1490
f  903/476/1488 908/482/1507 904/479/1493
f  903/478/1492 912/483/1508 908/484/1509
f  904/479/1493 908/482/1507 909/485/1510
f  904/479/1495 909/485/1511 905/480/1497
f  905/480/1497 909/485/1511 910/486/1512
f  905/480/1499 910/486/1513 906/481/1501
f  906/481/1501 910/486/1513 911/487/1514
f  906/481/1503 911/487/1515 907/477/1505
f  907/477/1505 911/487/1515 912/483/1516
f  907/477/1491 912/483/1508 903/478/1492
f  908/482/1507 913/488/1517 909/485/1510
f  908/484/1509 917/489/1518 913/490/1519
f  909/485/1510 913/488/1517 914/491/1520
f  909/485/1511 914/491/1521 910/486/1512
f  910/486/1512 914/491/1521 915/492/1522
f  910/486/1513 915/492/1523 911/487/1514
f  911/487/1514 915/492/1523 916/493/1524
f  911/487/1515 916/493/1525 912/483/1516
f  912/483/1516 916/493/1525 917/489/1526
f  912/483/1508 917/489/1518 908/484/1509
f  913/488/1517 918/494/1527 914/491/1520
f  913/490/1519 922/495/1528 918/496/1529
f  914/491/1520 918/494/1527 919/497/1530
f  914/491/1521 919/497/1531 915/492/1522
f  915/492/1522 919/497/1531 920/498/1532
f  915/492/1523 920/498/1533 916/493/1524
f  916/493/1524 920/498/1533 921/499/1534
f  916/493/1525 921/499/1535 917/489/1526
f  917/489/1526 921/499/1535 922/495/1536
f  917/489/1518 922/495/1528 913/490/1519
usemtl Stalk2
f  923/500/1537 926/501/1538 924/502/1539
f  923/503/1540 928/504/1541 926/505/1542
f  924/502/1539 926/501/1538 927/506/1543
f  924/502/1544 927/506/1545 925/507/1546
f  925/507/1546 927/506/1545 928/504/1547
f  925/507/1548 928/504/1541 923/503/1540
f  926/501/1538 929/508/1549 927/506/1543
f  926/505/1542 931/509/1550 929/510/1551
f  927/506/1543 929/508/1549 930/511/1552
f  927/506/1545 930/511/1553 928/504/1547
f  928/504/1547 930/511/1553 931/509/1554
f  928/504/1541 931/509/1550 926/505/1542
f  929/508/1549 932/512/1555 930/511/1552
f  929/510/1551 934/513/1556 932/514/1557
f  930/511/1552 932/512/1555 933/515/1558
f  930/511/1553 933/515/1559 931/509/1554
f  931/509/1554 933/515/1559 934/513/1560
f  931/509/1550 934/513/1556 929/510/1551
f  932/512/1555 935/516/1561 933/515/1558
f  932/514/1557 937/517/1562 935/518/1563
f  933/515/1558 935/516/1561 936/519/1564
f  933/515/1559 936/519/1565 934/513/1560
f  934/513/1560 936/519/1565 937/517/1566
f  934/513/1556 937/517/1562 932/514/1557
f  938/520/1567 941/521/1568 939/522/1569
f  938/523/1570 943/524/1571 941/525/1572
f  939/522/1569 941/521/1568 942/526/1573
f  939/522/1574 942/526/1575 940/527/1576
f  940/527/1576 942/526/1575 943/524/1577
f  940/527/1578 943/524/1571 938/523/1570
f  941/521/1568 944/528/1579 942/526/1573
f  941/525/1572 946/529/1580 944/530/1581
f  942/526/1573 944/528/1579 945/531/1582
f  942/526/1575 945/531/1583 943/524/1577
f  943/524/1577 945/531/1583 946/529/1584
f  943/524/1571 946/529/1580 941/525/1572
f  944/528/1579 947/532/1585 945/531/1582
f  944/530/1581 949/533/1586 947/534/1587
f  945/531/1582 947/532/1585 948/535/1588
f  945/531/1583 948/535/1589 946/529/1584
f  946/529/1584 948/535/1589 949/533/1590
f  946/529/1580 949/533/1586 944/530/1581
f  947/532/1585 950/536/1591 948/535/1588
f  947/534/1587 952/537/1592 950/538/1593
f  948/535/1588 950/536/1591 951/539/1594
f  948/535/1589 951/539/1595 949/533/1590
f  949/533/1590 951/539/1595 952/537/1596
f  949/533/1586 952/537/1592 947/534/1587
f  953/540/1597 956/541/1598 954/542/1599
f  953/543/1600 958/544/1601 956/545/1602
f  954/542/1599 956/541/1598 957/546/1603
f  954/542/1604 957/546/1605 955/547/1606
f  955/547/1606 957/546/1605 958/544/1607
f  955/547/1608 958/544/1601 953/543/1600
f  956/541/1598 959/548/1609 957/546/1603
f  956/545/1602 961/549/1610 959/550/1611
f  957/546/1603 959/548/1609 960/551/1612
f  957/546/1605 960/551/1613 958/544/1607
f  958/544/1607 960/551/1613 961/549/1614
f  958/544/1601 961/549/1610 956/545/1602
f  959/548/1609 962/552/1615 960/551/1612
f  959/550/1611 964/553/1616 962/554/1617
f  960/551/1612 962/552/1615 963/555/1618
f  960/551/1613 963/555/1619 961/549/1614
f  961/549/1614 963/555/1619 964/553/1620
f  961/549/1610 964/553/1616 959/550/1611
f  962/552/1615 965/556/1621 963/555/1618
f  962/554/1617 967/557/1622 965/558/1623
f  963/555/1618 965/556/1621 966/559/1624
f  963/555/1619 966/559/1625 964/553/1620
f  964/553/1620 966/559/1625 967/557/1626
f  964/553/1616 967/557/1622 962/554/1617
usemtl Petal
f  968/1/1627 971/52/1628 969/3/1629
f  969/3/1629 971/52/1628 972/560/1630
f  969/3/1629 972/560/1630 970/5/1631
f  970/5/1631 972/560/1630 973/55/1632
f  971/52/1628 974/58/1633 972/560/1630
f  972/560/1630 974/58/1633 975/561/1634
f  972/560/1630 975/561/1634 973/55/1632
f  973/55/1632 975/561/1634 976/60/1635
f  974/58/1633 977/62/1636 975/561/1634
f  975/561/1634 977/62/1636 978/562/1637
f  975/561/1634 978/562/1637 976/60/1635
f  976/60/1635 978/562/1637 979/64/1638
f  977/62/1636 980/66/1639 978/562/1637
f  978/562/1637 980/66/1639 981/563/1640
f  978/562/1637 981/563/1640 979/64/1638
f  979/64/1638 981/563/1640 982/68/1641
f  980/66/1639 983/14/1642 981/563/1640
f  981/563/1640 983/14/1643 982/68/1641
f  984/1/1644 987/52/1645 985/3/1646
f  985/3/1646 987/52/1645 988/560/1647
f  985/3/1646 988/560/1647 986/5/1648
f  986/5/1648 988/560/1647 989/55/1649
f  987/52/1645 990/58/1650 988/560/1647
f  988/560/1647 990/58/1650 991/561/1651
f  988/560/1647 991/561/1651 989/55/1649
f  989/55/1649 991/561/1651 992/60/1652
f  990/58/1650 993/62/1653 991/561/1651
f  991/561/1651 993/62/1653 994/562/1654
f  991/561/1651 994/562/1654 992/60/1652
f  992/60/1652 994/562/1654 995/64/1655
f  993/62/1653 996/66/1656 994/562/1654
f  994/562/1654 996/66/1656 997/563/1657
f  994/562/1654 997/563/1657 995/64/1655
f  995/64/1655 997/563/1657 998/68/1658
f  996/66/1656 999/14/1659 997/563/1657
f  997/563/1657 999/14/1660 998/68/1658
f  1000/1/1661 1003/52/1662 1001/3/1663
f  1001/3/1663 1003/52/1662 1004/560/1664
f  1001/3/1663 1004/560/1664 1002/5/1665
f  1002/5/1665 1004/560/1664 1005/55/1666
f  1003/52/1662 1006/58/1667 1004/560/1664
f  1004/560/1664 1006/58/1667 1007/561/1668
f  1004/560/1664 1007/561/1668 1005/55/1666
f  1005/55/1666 1007/561/1668 1008/60/1669
f  1006/58/1667 1009/62/1670 1007/561/1668
f  1007/561/1668 1009/62/1670 1010/562/1671
f  1007/561/1668 1010/562/1671 1008/60/1669
f  1008/60/1669 1010/562/1671 1011/64/1672
f  1009/62/1670 1012/66/1673 1010/562/1671
f  1010/562/1671 1012/66/1673 1013/563/1674
f  1010/562/1671 1013/563/1674 1011/64/1672
f  1011/64/1672 1013/563/1674 1014/68/1675
f  1012/66/1673 1015/14/1676 1013/563/1674
f  1013/563/1674 1015/14/1677 1014/68/1675
f  1016/1/1678 1019/52/1679 1017/3/1680
f  1017/3/1680 1019/52/1679 1020/560/1681
f  1017/3/1682 1020/560/1683 1018/5/1684
f  1018/5/1684 1020/560/1683 1021/55/1685
f  1019/52/1679 1022/58/1686 1020/560/1681
f  1020/560/1681 1022/58/1686 1023/561/1687
f  1020/560/1683 1023/561/1688 1021/55/1685
f  1021/55/1685 1023/561/1688 1024/60/1689
f  1022/58/1686 1025/62/1690 1023/561/1687
f  1023/561/1687 1025/62/1690 1026/562/1691
f  1023/561/1688 1026/562/1692 1024/60/1689
f  1024/60/1689 1026/562/1692 1027/64/1693
f  1025/62/1690 1028/66/1694 1026/562/1691
f  1026/562/1691 1028/66/1694 1029/563/1695
f  1026/562/1692 1029/563/1696 1027/64/1693
f  1027/64/1693 1029/563/1696 1030/68/1697
f  1028/66/1694 1031/14/1698 1029/563/1695
f  1029/563/1696 1031/14/1699 1030/68/1697
f  1032/1/1700 1035/52/1701 1033/3/1702
f  1033/3/1702 1035/52/1701 1036/560/1703
f  1033/3/1704 1036/560/1705 1034/5/1706
f  1034/5/1706 1036/560/1705 1037/55/1707
f  1035/52/1701 1038/58/1708 1036/560/1703
f  1036/560/1703 1038/58/1708 1039/561/1709
f  1036/560/1705 1039/561/1710 1037/55/1707
f  1037/55/1707 1039/561/1710 1040/60/1711
f  1038/58/1708 1041/62/1712 1039/561/1709
f  1039/561/1709 1041/62/1712 1042/562/1713
f  1039/561/1710 1042/562/1714 1040/60/1711
f  1040/60/1711 1042/562/1714 1043/64/1715
f  1041/62/1712 1044/66/1716 1042/562/1713
f  1042/562/1713 1044/66/1716 1045/563/1717
f  1042/562/1714 1045/563/1718 1043/64/1715
f  1043/64/1715 1045/563/1718 1046/68/1719
f  1044/66/1716 1047/14/1720 1045/563/1717
f  1045/563/1718 1047/14/1721 1046/68/1719
f  1048/1/1722 1051/52/1723 1049/3/1724
f  1049/3/1724 1051/52/1723 1052/560/1725
f  1049/3/1726 1052/560/1727 1050/5/1728
f  1050/5/1728 1052/560/1727 1053/55/1729
f  1051/52/1723 1054/58/1730 1052/560/1725
f  1052/560/1725 1054/58/1730 1055/561/1731
f  1052/560/1727 1055/561/1732 1053/55/1729
f  1053/55/1729 1055/561/1732 1056/60/1733
f  1054/58/1730 1057/62/1734 1055/561/1731
f  1055/561/1731 1057/62/1734 1058/562/1735
f  1055/561/1732 1058/562/1736 1056/60/1733
f  1056/60/1733 1058/562/1736 1059/64/1737
f  1057/62/1734 1060/66/1738 1058/562/1735
f  1058/562/1735 1060/66/1738 1061/563/1739
f  1058/562/1736 1061/563/1740 1059/64/1737
f  1059/64/1737 1061/563/1740 1062/68/1741
f  1060/66/1738 1063/14/1742 1061/563/1739
f  1061/563/1740 1063/14/1743 1062/68/1741
f  1064/1/1744 1067/52/1745 1065/3/1746
f  1065/3/1746 1067/52/1745 1068/560/1747
f  1065/3/1748 1068/560/1749 1066/5/1750
f  1066/5/1750 1068/560/1749 1069/55/1751
f  1067/52/1745 1070/58/1752 1068/560/1747
f  1068/560/1747 1070/58/1752 1071/561/1753
f  1068/560/1749 1071/561/1754 1069/55/1751
f  1069/55/1751 1071/561/1754 1072/60/1755
f  1070/58/1752 1073/62/1756 1071/561/1753
f  1071/561/1753 1073/62/1756 1074/562/1757
f  1071/561/1754 1074/562/1758 1072/60/1755
f  1072/60/1755 1074/562/1758 1075/64/1759
f  1073/62/1756 1076/66/1760 1074/562/1757
f  1074/562/1757 1076/66/1760 1077/563/1761
f  1074/562/1758 1077/563/1762 1075/64/1759
f  1075/64/1759 1077/563/1762 1078/68/1763
f  1076/66/1760 1079/14/1764 1077/563/1761
f  1077/563/1762 1079/14/1765 1078/68/1763
f  1080/1/1766 1083/52/1767 1081/3/1768
f  1081/3/1768 1083/52/1767 1084/560/1769
f  1081/3/1770 1084/560/1771 1082/5/1772
f  1082/5/1772 1084/560/1771 1085/55/1773
f  1083/52/1767 1086/58/1774 1084/560/1769
f  1084/560/1769 1086/58/1774 1087/561/1775
f  1084/560/1771 1087/561/1776 1085/55/1773
f  1085/55/1773 1087/561/1776 1088/60/1777
f  1086/58/1774 1089/62/1778 1087/561/1775
f  1087/561/1775 1089/62/1778 1090/562/1779
f  1087/561/1776 1090/562/1780 1088/60/1777
f  1088/60/1777 1090/562/1780 1091/64/1781
f  1089/62/1778 1092/66/1782 1090/562/1779
f  1090/562/1779 1092/66/1782 1093/563/1783
f  1090/562/1780 1093/563/1784 1091/64/1781
f  1091/64/1781 1093/563/1784 1094/68/1785
f  1092/66/1782 1095/14/1786 1093/563/1783
f  1093/563/1784 1095/14/1787 1094/68/1785
f  1096/1/1788 1099/52/1789 1097/3/1790
f  1097/3/1790 1099/52/1789 1100/560/1791
f  1097/3/1792 1100/560/1793 1098/5/1794
f  1098/5/1794 1100/560/1793 1101/55/1795
f  1099/52/1789 1102/58/1796 1100/560/1791
f  1100/560/1791 1102/58/1796 1103/561/1797
f  1100/560/1793 1103/561/1798 1101/55/1795
f  1101/55/1795 1103/561/1798 1104/60/1799
f  1102/58/1796 1105/62/1800 1103/561/1797
f  1103/561/1797 1105/62/1800 1106/562/1801
f  1103/561/1798 1106/562/1802 1104/60/1799
f  1104/60/1799 1106/562/1802 1107/64/1803
f  1105/62/1800 1108/66/1804 1106/562/1801
f  1106/562/1801 1108/66/1804 1109/563/1805
f  1106/562/1802 1109/563/1806 1107/64/1803
f  1107/64/1803 1109/563/1806 1110/68/1807
f  1108/66/1804 1111/14/1808 1109/563/1805
f  1109/563/1806 1111/14/1809 1110/68/1807
f  1112/1/1810 1115/198/1811 1113/3/1812
f  1113/3/1812 1115/198/1811 1116/199/1813
f  1113/3/1814 1116/199/1815 1114/5/1816
f  1114/5/1816 1116/199/1815 1117/200/1817
f  1115/198/1811 1118/201/1818 1116/199/1813
f  1116/199/1813 1118/201/1818 1119/202/1819
f  1116/199/1815 1119/202/1820 1117/200/1817
f  1117/200/1817 1119/202/1820 1120/203/1821
f  1118/201/1818 1121/204/1822 1119/202/1819
f  1119/202/1819 1121/204/1822 1122/205/1823
f  1119/202/1820 1122/205/1824 1120/203/1821
f  1120/203/1821 1122/205/1824 1123/206/1825
f  1121/204/1822 1124/207/1826 1122/205/1823
f  1122/205/1823 1124/207/1826 1125/208/1827
f  1122/205/1824 1125/208/1828 1123/206/1825
f  1123/206/1825 1125/208/1828 1126/209/1829
f  1124/207/1826 1127/210/1830 1125/208/1827
f  1125/208/1827 1127/210/1830 1128/211/1831
f  1125/208/1828 1128/211/1832 1126/209/1829
f  1126/209/1833 1128/211/1833 1129/212/1833
f  1127/210/1830 1130/213/1834 1128/211/1831
f  1128/211/1831 1130/213/1834 1131/214/1835
f  1128/211/1832 1131/214/1836 1129/212/1837
f  1129/212/1837 1131/214/1836 1132/215/1838
f  1130/213/1839 1133/14/1839 1131/214/1839
f  1131/214/1836 1133/14/1840 1132/215/1840
f  1134/1/1841 1137/198/1842 1135/3/1843
f  1135/3/1843 1137/198/1842 1138/199/1844
f  1135/3/1845 1138/199/1846 1136/5/1847
f  1136/5/1847 1138/199/1846 1139/200/1848
f  1137/198/1842 1140/201/1849 1138/199/1844
f  1138/199/1844 1140/201/1849 1141/202/1850
f  1138/199/1846 1141/202/1851 1139/200/1848
f  1139/200/1848 1141/202/1851 1142/203/1852
f  1140/201/1849 1143/204/1853 1141/202/1850
f  1141/202/1850 1143/204/1853 1144/205/1854
f  1141/202/1851 1144/205/1855 1142/203/1852
f  1142/203/1852 1144/205/1855 1145/206/1856
f  1143/204/1853 1146/207/1857 1144/205/1854
f  1144/205/1854 1146/207/1857 1147/208/1858
f  1144/205/1855 1147/208/1859 1145/206/1856
f  1145/206/1856 1147/208/1859 1148/209/1860
f  1146/207/1857 1149/210/1861 1147/208/1858
f  1147/208/1858 1149/210/1861 1150/211/1862
f  1147/208/1859 1150/211/1863 1148/209/1860
f  1148/209/1864 1150/211/1864 1151/212/1864
f  1149/210/1861 1152/213/1865 1150/211/1862
f  1150/211/1862 1152/213/1865 1153/214/1866
f  1150/211/1863 1153/214/1867 1151/212/1868
f  1151/212/1868 1153/214/1867 1154/215/1869
f  1152/213/1865 1155/14/1870 1153/214/1866
f  1153/214/1867 1155/14/1871 1154/215/1871
f  1156/1/1872 1159/198/1873 1157/3/1874
f  1157/3/1874 1159/198/1873 1160/199/1875
f  1157/3/1876 1160/199/1877 1158/5/1878
f  1158/5/1878 1160/199/1877 1161/200/1879
f  1159/198/1873 1162/201/1880 1160/199/1875
f  1160/199/1875 1162/201/1880 1163/202/1881
f  1160/199/1877 1163/202/1882 1161/200/1879
f  1161/200/1879 1163/202/1882 1164/203/1883
f  1162/201/1880 1165/204/1884 1163/202/1881
f  1163/202/1881 1165/204/1884 1166/205/1885
f  1163/202/1882 1166/205/1886 1164/203/1883
f  1164/203/1883 1166/205/1886 1167/206/1887
f  1165/204/1884 1168/207/1888 1166/205/1885
f  1166/205/1885 1168/207/1888 1169/208/1889
f  1166/205/1886 1169/208/1890 1167/206/1887
f  1167/206/1887 1169/208/1890 1170/209/1891
f  1168/207/1888 1171/210/1892 1169/208/1889
f  1169/208/1889 1171/210/1892 1172/211/1893
f  1169/208/1890 1172/211/1894 1170/209/1891
f  1170/209/1895 1172/211/1895 1173/212/1895
f  1171/210/1892 1174/213/1896 1172/211/1893
f  1172/211/1893 1174/213/1896 1175/214/1897
f  1172/211/1894 1175/214/1898 1173/212/1899
f  1173/212/1899 1175/214/1898 1176/215/1900
f  1174/213/1901 1177/14/1901 1175/214/1901
f  1175/214/1898 1177/14/1902 1176/215/1902
f  1178/1/1903 1181/198/1904 1179/3/1905
f  1179/3/1905 1181/198/1904 1182/199/1906
f  1179/3/1907 1182/199/1908 1180/5/1909
f  1180/5/1909 1182/199/1908 1183/200/1910
f  1181/198/1904 1184/201/1911 1182/199/1906
f  1182/199/1906 1184/201/1911 1185/202/1912
f  1182/199/1908 1185/202/1913 1183/200/1910
f  1183/200/1910 1185/202/1913 1186/203/1914
f  1184/201/1911 1187/204/1915 1185/202/1912
f  1185/202/1912 1187/204/1915 1188/205/1916
f  1185/202/1913 1188/205/1917 1186/203/1914
f  1186/203/1914 1188/205/1917 1189/206/1918
f  1187/204/1915 1190/207/1919 1188/205/1916
f  1188/205/1916 1190/207/1919 1191/208/1920
f  1188/205/1917 1191/208/1921 1189/206/1918
f  1189/206/1918 1191/208/1921 1192/209/1922
f  1190/207/1923 1193/210/1923 1191/208/1923
f  1191/208/1920 1193/210/1924 1194/211/1925
f  1191/208/1921 1194/211/1926 1192/209/1922
f  1192/209/1922 1194/211/1926 1195/212/1927
f  1193/210/1924 1196/213/1928 1194/211/1925
f  1194/211/1925 1196/213/1928 1197/214/1929
f  1194/211/1926 1197/214/1930 1195/212/1927
f  1195/212/1927 1197/214/1930 1198/215/1931
f  1196/213/1928 1199/14/1932 1197/214/1929
f  1197/214/1933 1199/14/1933 1198/215/1933
f  1200/1/1934 1203/198/1935 1201/3/1936
f  1201/3/1936 1203/198/1935 1204/199/1937
f  1201/3/1938 1204/199/1939 1202/5/1940
f  1202/5/1940 1204/199/1939 1205/200/1941
f  1203/198/1935 1206/201/1942 1204/199/1937
f  1204/199/1937 1206/201/1942 1207/202/1943
f  1204/199/1939 1207/202/1944 1205/200/1941
f  1205/200/1941 1207/202/1944 1208/203/1945
f  1206/201/1942 1209/204/1946 1207/202/1943
f  1207/202/1943 1209/204/1946 1210/205/1947
f  1207/202/1944 1210/205/1948 1208/203/1945
f  1208/203/1945 1210/205/1948 1211/206/1949
f  1209/204/1946 1212/207/1950 1210/205/1947
f  1210/205/1947 1212/207/1950 1213/208/1951
f  1210/205/1948 1213/208/1951 1211/206/1949
f  1211/206/1949 1213/208/1951 1214/209/1952
f  1212/207/1950 1215/210/1953 1213/208/1951
f  1213/208/1951 1215/210/1953 1216/211/1954
f  1213/208/1951 1216/211/1955 1214/209/1952
f  1214/209/1952 1216/211/1955 1217/212/1956
f  1215/210/1953 1218/213/1957 1216/211/1954
f  1216/211/1954 1218/213/1957 1219/214/1958
f  1216/211/1955 1219/214/1959 1217/212/1956
f  1217/212/1956 1219/214/1959 1220/215/1960
f  1218/213/1961 1221/14/1961 1219/214/1961
f  1219/214/1962 1221/14/1962 1220/215/1962
f  1222/1/1963 1225/198/1964 1223/3/1965
f  1223/3/1965 1225/198/1964 1226/199/1966
f  1223/3/1967 1226/199/1968 1224/5/1969
f  1224/5/1969 1226/199/1968 1227/200/1970
f  1225/198/1964 1228/201/1971 1226/199/1966
f  1226/199/1966 1228/201/1971 1229/202/1972
f  1226/199/1968 1229/202/1973 1227/200/1970
f  1227/200/1970 1229/202/1973 1230/203/1974
f  1228/201/1971 1231/204/1975 1229/202/1972
f  1229/202/1972 1231/204/1975 1232/205/1976
f  1229/202/1973 1232/205/1977 1230/203/1974
f  1230/203/1974 1232/205/1977 1233/206/1978
f  1231/204/1975 1234/207/1979 1232/205/1976
f  1232/205/1976 1234/207/1979 1235/208/1980
f  1232/205/1977 1235/208/1980 1233/206/1978
f  1233/206/1978 1235/208/1980 1236/209/1981
f  1234/207/1982 1237/210/1982 1235/208/1982
f  1235/208/1980 1237/210/1983 1238/211/1984
f  1235/208/1980 1238/211/1985 1236/209/1981
f  1236/209/1981 1238/211/1985 1239/212/1986
f  1237/210/1983 1240/213/1987 1238/211/1984
f  1238/211/1984 1240/213/1987 1241/214/1988
f  1238/211/1985 1241/214/1989 1239/212/1986
f  1239/212/1986 1241/214/1989 1242/215/1990
f  1240/213/1987 1243/14/1991 1241/214/1988
f  1241/214/1992 1243/14/1992 1242/215/1992
usemtl Leaf6
f  1244/1/1993 1246/13/1994 1245/5/1994
f  1245/5/1994 1246/13/1994 1247/15/1995
f  1248/1/1996 1250/13/1997 1249/5/1997
f  1249/5/1997 1250/13/1997 1251/15/1998
usemtl Stalk2
f  1252/84/1999 1255/564/2000 1253/565/2001
f  1253/565/2001 1255/564/2000 1256/566/2002
f  1253/565/2003 1256/566/2004 1254/86/2005
f  1254/86/2005 1256/566/2004 1257/567/2006
f  1255/564/2000 1258/568/2007 1256/566/2002
f  1256/566/2002 1258/568/2007 1259/569/2008
f  1256/566/2004 1259/569/2009 1257/567/2006
f  1257/567/2006 1259/569/2009 1260/570/2010
f  1258/568/2007 1261/571/2011 1259/569/2008
f  1259/569/2008 1261/571/2011 1262/572/2012
f  1259/569/2009 1262/572/2013 1260/570/2010
f  1260/570/2010 1262/572/2013 1263/573/2014
f  1261/571/2011 1264/102/2015 1262/572/2012
f  1262/572/2012 1264/102/2015 1265/574/2016
f  1262/572/2013 1265/574/2017 1263/573/2014
f  1263/573/2014 1265/574/2017 1266/104/2018
f  1264/102/2015 1267/575/2019 1265/574/2016
f  1265/574/2016 1267/575/2019 1268/576/2020
f  1265/574/2017 1268/576/2021 1266/104/2018
f  1266/104/2018 1268/576/2021 1269/577/2022
f  1267/575/2019 1270/578/2023 1268/576/2020
f  1268/576/2020 1270/578/2023 1271/579/2024
f  1268/576/2021 1271/579/2025 1269/577/2022
f  1269/577/2022 1271/579/2025 1272/580/2026
f  1270/578/2023 1273/581/2027 1271/579/2024
f  1271/579/2024 1273/581/2027 1274/582/2028
f  1271/579/2025 1274/582/2029 1272/580/2026
f  1272/580/2026 1274/582/2029 1275/583/2030
f  1273/581/2027 1276/122/2031 1274/582/2028
f  1274/582/2028 1276/122/2031 1277/584/2032
f  1274/582/2029 1277/584/2033 1275/583/2030
f  1275/583/2030 1277/584/2033 1278/124/2034
f  1276/122/2031 1279/585/2035 1277/584/2032
f  1277/584/2032 1279/585/2035 1280/586/2036
f  1277/584/2033 1280/586/2037 1278/124/2034
f  1278/124/2034 1280/586/2037 1281/587/2038
f  1279/585/2035 1282/588/2039 1280/586/2036
f  1280/586/2036 1282/588/2039 1283/589/2040
f  1280/586/2037 1283/589/2041 1281/587/2038
f  1281/587/2038 1283/589/2041 1284/590/2042
f  1285/84/2043 1288/564/2044 1286/565/2045
f  1286/565/2045 1288/564/2044 1289/566/2046
f  1286/565/2047 1289/566/2048 1287/86/2049
f  1287/86/2049 1289/566/2048 1290/567/2050
f  1288/564/2044 1291/568/2051 1289/566/2046
f  1289/566/2046 1291/568/2051 1292/569/2052
f  1289/566/2048 1292/569/2053 1290/567/2050
f  1290/567/2050 1292/569/2053 1293/570/2054
f  1291/568/2051 1294/571/2055 1292/569/2052
f  1292/569/2052 1294/571/2055 1295/572/2056
f  1292/569/2053 1295/572/2057 1293/570/2054
f  1293/570/2054 1295/572/2057 1296/573/2058
f  1294/571/2055 1297/102/2059 1295/572/2056
f  1295/572/2056 1297/102/2059 1298/574/2060
f  1295/572/2057 1298/574/2061 1296/573/2058
f  1296/573/2058 1298/574/2061 1299/104/2062
f  1297/102/2059 1300/575/2063 1298/574/2060
f  1298/574/2060 1300/575/2063 1301/576/2064
f  1298/574/2061 1301/576/2065 1299/104/2062
f  1299/104/2062 1301/576/2065 1302/577/2066
f  1300/575/2063 1303/578/2067 1301/576/2064
f  1301/576/2064 1303/578/2067 1304/579/2068
f  1301/576/2065 1304/579/2069 1302/577/2066
f  1302/577/2066 1304/579/2069 1305/580/2070
f  1303/578/2067 1306/581/2071 1304/579/2068
f  1304/579/2068 1306/581/2071 1307/582/2072
f  1304/579/2069 1307/582/2073 1305/580/2070
f  1305/580/2070 1307/582/2073 1308/583/2074
f  1306/581/2071 1309/122/2075 1307/582/2072
f  1307/582/2072 1309/122/2075 1310/584/2076
f  1307/582/2073 1310/584/2077 1308/583/2074
f  1308/583/2074 1310/584/2077 1311/124/2078
f  1309/122/2075 1312/585/2079 1310/584/2076
f  1310/584/2076 1312/585/2079 1313/586/2080
f  1310/584/2077 1313/586/2081 1311/124/2078
f  1311/124/2078 1313/586/2081 1314/587/2082
f  1312/585/2079 1315/588/2083 1313/586/2080
f  1313/586/2080 1315/588/2083 1316/589/2084
f  1313/586/2081 1316/589/2085 1314/587/2082
f  1314/587/2082 1316/589/2085 1317/590/2086
f  1315/588/2083 1318/591/2087 1316/589/2084
f  1316/589/2084 1318/591/2087 1319/592/2088
f  1316/589/2085 1319/592/2089 1317/590/2086
f  1317/590/2086 1319/592/2089 1320/593/2090
f  1318/591/2087 1321/142/2091 1319/592/2088
f  1319/592/2088 1321/142/2091 1322/594/2092
f  1319/592/2089 1322/594/2093 1320/593/2090
f  1320/593/2090 1322/594/2093 1323/144/2094
usemtl Leaf3
f  1324/1/2095 1327/25/2096 1325/3/2097
f  1325/3/2097 1327/25/2096 1328/26/2098
f  1325/3/2099 1328/26/2100 1326/5/2101
f  1326/5/2101 1328/26/2100 1329/27/2102
f  1327/25/2096 1330/28/2103 1328/26/2098
f  1328/26/2098 1330/28/2103 1331/29/2104
f  1328/26/2100 1331/29/2105 1329/27/2102
f  1329/27/2102 1331/29/2105 1332/30/2106
f  1330/28/2103 1333/31/2107 1331/29/2104
f  1331/29/2104 1333/31/2107 1334/32/2108
f  1331/29/2105 1334/32/2108 1332/30/2106
f  1332/30/2106 1334/32/2108 1335/33/2109
f  1333/31/2107 1336/34/2110 1334/32/2108
f  1334/32/2108 1336/34/2110 1337/35/2111
f  1334/32/2108 1337/35/2111 1335/33/2109
f  1335/33/2109 1337/35/2111 1338/36/2112
f  1336/34/2110 1339/37/2113 1337/35/2111
f  1337/35/2111 1339/37/2113 1340/38/2114
f  1337/35/2111 1340/38/2115 1338/36/2112
f  1338/36/2112 1340/38/2115 1341/39/2116
f  1339/37/2113 1342/40/2117 1340/38/2114
f  1340/38/2114 1342/40/2117 1343/41/2118
f  1340/38/2115 1343/41/2118 1341/39/2116
f  1341/39/2116 1343/41/2118 1344/42/2119
f  1342/40/2120 1345/43/2121 1343/41/2120
f  1343/41/2118 1345/43/2121 1346/44/2122
f  1343/41/2118 1346/44/2122 1344/42/2119
f  1344/42/2119 1346/44/2122 1347/45/2123
f  1345/43/2121 1348/46/2124 1346/44/2122
f  1346/44/2122 1348/46/2124 1349/47/2125
f  1346/44/2122 1349/47/2126 1347/45/2123
f  1347/45/2123 1349/47/2126 1350/48/2127
f  1348/46/2124 1351/14/2128 1349/47/2125
f  1349/47/2126 1351/14/2129 1350/48/2127
f  1352/1/2130 1355/25/2131 1353/3/2132
f  1353/3/2132 1355/25/2131 1356/26/2133
f  1353/3/2134 1356/26/2135 1354/5/2136
f  1354/5/2136 1356/26/2135 1357/27/2137
f  1355/25/2131 1358/28/2138 1356/26/2133
f  1356/26/2133 1358/28/2138 1359/29/2139
f  1356/26/2135 1359/29/2140 1357/27/2137
f  1357/27/2137 1359/29/2140 1360/30/2141
f  1358/28/2138 1361/31/2142 1359/29/2139
f  1359/29/2139 1361/31/2142 1362/32/2143
f  1359/29/2140 1362/32/2143 1360/30/2141
f  1360/30/2141 1362/32/2143 1363/33/2144
f  1361/31/2142 1364/34/2145 1362/32/2143
f  1362/32/2143 1364/34/2145 1365/35/2146
f  1362/32/2143 1365/35/2146 1363/33/2144
f  1363/33/2144 1365/35/2146 1366/36/2147
f  1364/34/2145 1367/37/2148 1365/35/2146
f  1365/35/2146 1367/37/2148 1368/38/2149
f  1365/35/2146 1368/38/2150 1366/36/2147
f  1366/36/2147 1368/38/2150 1369/39/2151
f  1367/37/2148 1370/40/2152 1368/38/2149
f  1368/38/2149 1370/40/2152 1371/41/2153
f  1368/38/2150 1371/41/2153 1369/39/2151
f  1369/39/2151 1371/41/2153 1372/42/2154
f  1370/40/2155 1373/43/2156 1371/41/2155
f  1371/41/2153 1373/43/2156 1374/44/2157
f  1371/41/2153 1374/44/2157 1372/42/2154
f  1372/42/2154 1374/44/2157 1375/45/2158
f  1373/43/2156 1376/46/2159 1374/44/2157
f  1374/44/2157 1376/46/2159 1377/47/2160
f  1374/44/2157 1377/47/2161 1375/45/2158
f  1375/45/2158 1377/47/2161 1378/48/2162
f  1376/46/2159 1379/14/2163 1377/47/2160
f  1377/47/2161 1379/14/2164 1378/48/2162
