# Blender 4.4.0
# www.blender.org
mtllib x_forward.mtl
o aai_field_north_farm
v 161.307724 53.467758 0.125808
v 25.934675 64.586685 -0.037784
v 2.779594 63.469799 0.046778
v 33.451912 47.917297 -0.109857
v -71.893448 32.945156 -0.004946
v 55.615017 -18.821068 0.112437
v 134.820984 -28.038727 0.126167
v 169.222900 66.539848 -0.014316
v 122.761711 16.051893 -0.014630
v 103.641113 -26.347824 0.041086
v -63.251179 46.255390 -0.030584
v 38.596695 7.006579 0.227227
v 46.232174 36.425625 0.047333
v 150.120651 -63.422989 -0.041555
v 171.965897 9.599091 -0.020683
v 111.877342 -47.786900 0.052231
v 169.688049 55.109062 0.142745
v 75.237175 -3.554969 0.002183
v 10.054936 -12.615729 -0.099808
v 46.504986 84.242149 0.027720
v -5.866378 2.614882 0.021934
v -25.798481 71.317223 -0.076822
v 164.654999 32.441582 -0.029277
v 167.806427 75.321701 -0.049232
v 184.680328 38.172821 -0.017137
v -41.663914 63.502007 -0.049841
v -60.916561 30.300285 0.084985
v 3.736378 37.521328 -0.030048
v 14.745020 -2.072591 0.114648
v 36.102859 30.061420 -0.013965
v 178.432983 61.386650 -0.112972
v 121.289978 -69.699173 0.027001
v 35.002350 29.480333 -0.054084
v 14.074307 27.900812 -0.139983
v 175.023026 74.388451 -0.004619
v 63.752472 -24.487804 -0.086125
v 41.243153 -31.500134 0.051462
v -42.679298 -1.144258 0.123450
v 2.305351 71.574150 0.174961
v 42.821369 73.173012 0.126035
v 53.986599 71.261574 -0.051897
v 163.742752 36.216309 0.207966
v 45.421867 81.997635 -0.065771
v 110.108971 10.645236 0.026518
v 110.571457 36.886295 -0.027331
v 93.291809 -34.648029 -0.149665
v 29.296364 72.218613 0.019990
v 14.071709 67.253448 0.241075
v 59.849968 -33.424057 -0.083234
v 135.851120 43.071701 -0.050946
v 152.906738 -23.905218 -0.050140
v 62.807362 -48.943459 0.009306
v 72.565514 64.973442 -0.046608
v 66.033379 66.687927 0.015657
v -4.082417 84.457710 -0.094391
v 7.637384 11.645911 -0.086589
v 34.956924 7.190832 0.096017
v 26.284155 -34.330391 -0.101516
v -61.252144 39.183823 -0.076480
v 133.112427 57.217422 0.131911
v 32.009911 37.839363 0.150603
v -5.201022 42.295547 0.021348
v 109.016884 12.442430 0.121550
v 42.783398 77.231415 -0.146467
v -24.087555 -7.958851 -0.052341
v 15.399857 43.299976 -0.200252
v 125.902222 26.073637 0.070845
v 57.531830 -33.345512 -0.094732
v -64.904510 45.662014 -0.031672
v 153.463089 -16.028814 -0.007234
v 83.808807 -0.402496 0.152607
v 125.211006 -54.347122 -0.069469
v -57.389717 36.314671 0.205424
v 27.174610 -38.430695 -0.155395
v 8.981311 68.055893 0.004468
v 138.900528 -20.537716 -0.079280
v 125.098373 -33.739113 0.050683
v -12.691168 60.113441 -0.060812
v -35.970924 38.126534 -0.061674
v 123.801353 25.805199 0.015863
v -42.425690 39.277683 0.200057
v 76.942734 -43.768780 -0.015766
v 76.844261 66.387878 -0.049874
v 104.195717 -33.563202 0.137242
v 121.279114 61.059803 0.028385
v 87.846466 40.719181 0.115165
v -69.834801 4.835532 -0.027656
v 142.056335 79.933319 0.080533
v -8.000821 -4.821296 0.147235
v 155.326172 73.416473 0.111902
v 2.258285 26.904036 -0.217878
v 153.465607 23.188168 0.178628
v 156.728271 12.359922 0.024288
v 122.070602 -59.922989 0.047595
v 103.182320 -44.613785 0.017813
v -19.883570 -24.069929 -0.079095
v 65.058319 -5.225521 -0.046428
v 64.084175 29.004999 -0.057931
v 0.707444 42.532555 0.031816
v 48.415569 -33.250259 0.016154
v -63.559582 -1.537551 -0.038271
v 51.998295 34.542961 0.007292
v -48.341541 12.276900 0.118701
v 9.920431 47.495449 0.146582
v 25.956064 73.374565 -0.136688
v 9.747728 49.293938 0.045990
v 46.880081 58.483692 0.017987
v 62.017281 -22.294495 -0.069792
v 153.704483 24.992678 0.043986
v 147.365906 3.523565 0.012671
v 96.206985 -7.536465 0.038621
v 60.112934 42.550098 -0.115648
v 167.726883 33.117088 -0.112769
v 167.402740 42.186447 -0.157466
v 70.941658 -26.619329 0.022597
v 162.263031 13.366807 0.165629
v 40.304089 38.507950 -0.001340
v 33.811928 31.556000 0.054733
v -5.465744 -23.453041 -0.086443
v 72.311974 33.770317 -0.091674
v 9.905797 33.573051 0.065628
v -70.068329 14.101094 0.082556
v 135.476318 71.838959 -0.004510
v 122.904861 -6.545660 -0.111480
v 153.910156 -4.530934 0.067839
v 4.449374 77.754890 -0.084958
v 128.331757 30.529053 0.084731
v 176.637650 10.094131 -0.142090
v 139.154617 36.917126 0.153954
v 17.174505 13.785532 -0.021139
v 2.379678 5.576774 -0.178356
v 112.660187 -74.195351 -0.005495
v 59.286057 -45.411510 -0.003568
v 20.460676 -9.637309 -0.069464
v -3.103394 -7.042340 0.136722
v 99.487411 -15.758560 0.176657
v 33.821568 -37.712753 0.095463
v -1.314001 87.935921 0.003225
v 67.724365 -9.928674 0.034220
v -29.125904 46.242821 -0.106746
v 111.931229 23.664179 -0.008037
v 91.470924 -64.776642 -0.083271
v -60.529221 16.184048 -0.022356
v 88.651016 -24.265804 -0.055627
v 0.478224 82.434166 0.118054
v -0.694813 1.570582 -0.071810
v 137.025726 -31.483891 0.096472
v -73.035164 32.974884 0.110344
v 133.137848 -37.411507 0.054336
v 45.253841 -23.517237 -0.126653
v 154.800430 52.874168 -0.255942
v 17.224535 -12.024812 -0.027083
v 81.520668 -50.780849 0.055034
v 0.583472 54.634155 -0.031626
v 33.141792 -6.187751 -0.033319
v -31.046623 -10.816164 0.060399
v -50.216137 45.948757 0.029054
v -16.005487 65.213600 0.089207
v 126.941605 -18.215313 -0.053467
v 149.713715 2.190651 -0.179858
v -72.405724 34.029072 0.025907
v 91.081818 54.125240 -0.221450
v 24.140478 -14.508188 -0.152650
v 78.843361 -51.978172 -0.010869
v 133.884888 60.172386 0.020612
v 21.056280 22.491945 0.009303
v -54.279556 -4.505059 -0.032650
v 182.123779 34.251110 -0.235936
v -1.130952 45.957478 -0.138643
v 99.503197 -35.803783 0.157766
v 179.129608 43.122898 -0.008708
v 151.498611 48.052330 0.091086
v 72.769981 56.812153 0.065793
v -42.700031 -14.861314 -0.003844
v -43.227997 54.001541 0.117948
v 69.441414 67.308365 -0.001811
v 54.334774 79.129501 -0.070214
v -27.314785 43.960754 -0.121444
v -7.023235 51.479221 -0.122070
v 23.839378 -23.157980 -0.048668
v 1.413091 81.582268 -0.057548
v 110.143173 53.214157 -0.222078
v 154.349564 2.960073 -0.008830
v 18.146667 37.270527 0.208760
v -10.396609 13.774805 -0.013556
v 111.202026 -54.115108 -0.119479
v -55.744984 80.188744 -0.084015
v -55.574623 42.448303 0.137555
v 133.286179 5.128257 -0.040308
v 145.532501 -65.135620 -0.006164
v 15.484747 4.353479 0.038033
v 3.460688 -32.773289 0.045074
v 75.704521 24.780319 -0.192613
v 108.928062 -3.359900 0.042886
v 0.621765 -14.043946 0.047535
v -29.618265 56.734585 -0.101416
v 107.410049 -68.972694 -0.031166
v 116.189667 17.764423 0.086898
v 118.301208 -72.678177 -0.156559
v 124.454109 37.729752 -0.096076
v -36.252464 44.665539 0.108953
v 101.670700 53.501011 0.008905
v 80.691330 77.836678 -0.104658
v -32.263020 52.613884 -0.139415
v 117.988121 26.113560 0.011406
v -41.789455 64.920700 0.050472
v 107.730499 7.108662 -0.120249
v -43.492031 18.131733 -0.053995
v 36.883797 32.881176 0.062511
v 57.154392 71.379677 -0.103992
v 38.830437 -23.961384 -0.143237
v 121.008652 81.259514 -0.051492
v -47.528667 49.636894 0.106463
v 146.005264 13.186107 0.133938
v -37.594925 17.310495 0.059195
v -9.399052 2.176194 -0.128921
v 79.566368 -52.632561 -0.044442
v 94.247215 48.721592 -0.036967
v -39.636917 0.582883 0.166583
v 20.602003 -35.023312 0.150384
v -42.868420 86.986221 0.177222
v -27.967861 -20.824718 0.089236
v -55.449379 8.539652 -0.120141
v -38.757538 39.676704 -0.113974
v 170.669510 24.978655 0.017480
v 37.648064 33.977127 -0.073205
v -43.874157 42.874222 0.114028
v -2.892057 80.662453 0.018873
v -73.786568 15.064700 -0.131531
v 161.011780 24.096121 -0.037931
v 195.260101 78.912437 -0.088713
v 87.770897 -35.538395 -0.046605
v 81.445053 -49.949196 0.056777
v 10.656229 82.255226 -0.047342
v 95.657898 -47.529476 0.063277
v -37.260292 29.691717 0.112535
v 103.318993 59.341335 0.125384
v 81.671799 84.022400 -0.106799
v -28.125071 45.790184 0.246118
v 91.166702 32.463356 0.237560
v 150.832901 24.506769 -0.161845
v 22.857788 -12.290890 -0.040736
v 80.425079 -16.505543 -0.174647
v -25.941561 78.000473 -0.059726
v 96.437576 59.159512 0.146926
v -55.801922 53.192028 -0.012744
v 29.482361 20.424360 -0.162390
v 93.636765 -49.560989 0.220519
v 124.863251 43.985374 -0.065678
v 171.722977 29.656162 -0.104690
v 12.984647 85.117447 -0.035617
v 162.794281 40.900089 0.141236
v 90.070618 24.930218 0.099102
v -65.653427 30.171396 0.061984
v -35.403076 87.454399 0.000674
v -0.731528 62.317314 0.169454
v 187.357086 81.040947 0.005626
v -29.849983 10.311349 -0.115351
v -0.227509 -30.510864 0.052547
v 5.169713 6.102131 -0.005843
v 184.342514 59.828640 0.074302
v 117.191498 39.126232 0.020193
v 5.254493 -5.634447 0.079964
v 127.425842 37.935799 0.115333
v -18.501856 -22.569988 0.068846
v 90.746391 47.147346 -0.039702
v 29.105732 -36.020947 -0.093081
v 125.771362 -71.485062 -0.211364
v 14.110410 35.381107 -0.034172
v 146.383713 -65.817329 -0.067283
v -22.367447 -4.405183 -0.134483
v -10.092293 -10.485350 0.087899
v 16.303663 13.494688 0.218553
v 151.963913 -0.440489 0.039886
v 155.918839 58.637257 0.052330
v 138.395706 11.329488 0.124906
v 176.332199 20.540766 -0.062818
v 152.520248 -40.952412 -0.018687
v 101.836082 -66.364578 0.138406
v 48.788864 -36.697010 -0.047473
v 73.287201 24.966103 -0.066829
v 151.824799 -4.305691 0.006938
v 85.264267 0.544168 0.024140
v 22.889875 -4.661953 -0.046393
v 178.239487 61.253113 -0.050590
v -57.622665 -2.482212 0.047712
v 137.586487 40.459976 -0.157062
v 115.612640 -27.604652 -0.237300
v -47.743992 71.803047 0.015799
v 82.213020 -43.052567 -0.042635
v 142.103806 52.557590 -0.155417
v 140.171890 10.977143 0.086133
v 54.827034 -2.938172 -0.025246
v 105.568825 -58.626026 0.022229
v 75.762756 80.950249 -0.022773
v 99.719460 54.012310 -0.117278
v 107.391586 -46.541317 -0.007744
v 174.507904 58.361862 -0.006591
v 138.455658 -77.574043 -0.089803
v 30.839270 -12.283171 0.141299
v 25.338728 -12.641503 0.025699
v 32.033485 -28.404341 0.008291
v 27.606762 41.032700 0.020700
v 20.392122 -35.289986 -0.092975
v 21.735415 -32.905155 0.010783
v 138.068909 -20.739950 0.095465
v 129.877304 70.282204 -0.059925
v 135.655487 -9.926503 -0.069480
v 49.717979 20.124031 -0.185106
v 28.376812 -24.307436 0.120204
v 97.065170 -19.002365 -0.024022
v 145.343750 -43.453270 0.025698
v 83.622398 24.305607 0.020105
v 49.254108 33.690960 0.080293
v 29.561638 42.017181 -0.031291
v 13.401297 -35.156025 0.012115
v -61.657776 27.249178 0.150902
v 93.666100 -59.564903 -0.007183
v 102.062553 -21.747463 -0.143105
v 33.705643 -36.758583 0.024612
v 4.425585 46.134102 0.034076
v 44.645100 55.389904 0.012653
v 12.030155 81.766586 0.179149
v 106.244995 -71.681870 -0.134200
v -51.288410 63.726551 0.015973
v 83.938522 59.236309 0.024563
v 160.108566 -23.445629 0.059464
v 155.767822 -31.557003 -0.067967
v -53.303806 21.806728 0.097275
v -2.366981 33.724800 -0.053379
v 150.668686 39.188667 0.033474
v 10.036371 38.866650 0.010588
v 151.712555 49.361172 -0.098174
v 84.054863 16.620262 -0.101159
v 137.854935 -68.190979 -0.075346
v 1.411677 -29.652988 -0.201909
v 70.948067 82.157265 -0.045484
v 188.239319 81.533043 -0.117392
v 52.457062 83.848694 0.105077
v 28.330866 12.690104 0.150487
v 90.060036 48.061111 -0.018487
v 2.233525 54.239624 0.061736
v 71.763908 -24.637114 -0.116085
v 91.328423 -53.074905 -0.074547
v 51.676952 -16.267960 0.150842
v 85.367905 74.719528 0.123235
v -41.179409 4.180398 0.194294
v 123.467422 -34.403584 -0.046787
v 50.397606 10.893239 -0.094235
v 71.381210 47.616512 0.045029
v 142.921204 -62.178089 -0.024455
v -37.180355 -7.998910 -0.151952
v 157.564133 12.254494 -0.055731
v -13.725000 59.832718 0.022973
v 42.710167 -37.576523 -0.036915
v 2.281566 56.658993 -0.084928
v -62.222637 14.141194 0.092381
v 156.329056 -50.325027 -0.194020
v -15.159731 87.800514 0.095252
v 3.958339 78.467560 0.009644
v 1.345249 50.356647 0.203226
v 58.746277 -48.038811 0.067537
v 101.127045 74.775322 -0.025342
v -38.712166 33.442223 -0.146139
v 14.811936 3.364954 0.123784
v 155.173004 30.079910 0.086208
v -64.638474 48.309700 0.084619
v -70.233109 21.043453 0.163540
v -27.078516 15.025357 -0.093586
v 133.053436 19.759741 0.038486
v 86.172386 -10.951516 0.183221
v 63.368332 47.405075 -0.028315
v 109.039597 -68.859978 -0.062411
v 164.302139 -23.736988 -0.004225
v -19.923487 24.118942 -0.038765
v 43.636513 65.134888 0.274466
v -10.121675 46.533150 0.046207
v 40.710876 -34.587997 0.034939
v 138.923706 -7.924811 -0.077997
v -61.221954 58.482384 0.084621
v 3.873072 6.088041 -0.050869
v 163.566330 65.697258 0.054893
v 132.886734 -45.962067 0.014738
v 165.798157 -24.151031 -0.142424
v 165.723145 67.317268 0.081248
v 52.831135 3.579651 0.083745
v 92.616753 -33.795727 -0.056059
v 96.569260 -47.235218 0.074965
v 112.715904 81.261452 0.005197
v 83.378120 -57.115982 -0.059638
v 106.067093 58.170292 -0.133662
v 40.945580 24.826435 -0.241846
v 117.725319 0.343866 0.021489
v 13.262865 22.555313 0.044725
v 75.812515 -24.462172 -0.071505
v -60.510818 -4.609398 -0.084461
v 117.642471 69.370293 -0.007449
v -29.314440 -10.667096 -0.034034
v 134.703903 37.331387 0.119744
v 72.916466 68.283287 0.039237
v 48.216232 -47.771259 -0.160514
v 64.376060 75.656441 -0.033384
v 143.535568 -24.495565 0.058837
v -69.799339 44.124149 -0.027181
v -0.787117 45.960163 -0.112454
v 164.072876 -27.359064 0.021608
v 122.408035 82.026794 -0.078459
v -9.816772 60.621857 -0.196146
v 156.084930 -31.516781 -0.093528
v -52.666691 71.864250 -0.003729
v 92.822159 -33.065651 -0.061369
v 129.590195 -39.227009 -0.088809
v 64.007805 47.262146 0.150809
v 149.964172 -24.636944 0.187476
v 106.059227 -4.164423 0.151089
v -43.594189 57.570591 -0.129157
v -21.230631 42.474556 -0.128449
v 71.082199 42.549225 0.058663
v 90.629341 -18.249802 0.100138
v 94.008499 -67.280388 -0.242707
v 137.828461 7.849193 0.037540
v 112.730354 -6.524283 0.085304
v 34.857693 0.234039 -0.138323
v 133.589981 72.669823 -0.079642
v 64.108292 51.333824 0.275468
v -40.485477 53.673824 0.016915
v -14.266574 55.523289 -0.048046
v 96.645889 8.667558 0.064967
v 113.235741 -50.942791 -0.124349
v 132.094345 -1.140192 0.138246
v -2.568827 -28.502539 0.009578
v 11.943604 63.759403 0.048314
v 160.555618 33.558144 0.017522
v 98.068718 63.769539 0.099848
v 136.837494 17.305754 0.023173
v 83.655006 74.110298 -0.072479
v -37.788002 55.254410 -0.082548
v 111.469559 -72.671333 0.181817
v -54.904167 69.348259 0.066424
v 139.647202 -1.302665 0.077529
v 181.106049 74.752708 0.095301
v 103.341827 -46.599873 0.073515
v 16.869852 -25.484648 -0.038856
v 145.063522 -69.380630 -0.115422
v 153.248230 17.021196 -0.102240
v -65.290977 32.653076 0.024798
v 70.453194 62.464539 0.054057
v 96.127251 -61.580128 -0.095803
v -41.286179 24.924139 0.071086
v -60.081871 52.171349 -0.019268
v 176.821930 15.237217 0.041772
v 104.418938 46.999107 -0.052891
v 108.062447 -45.617729 -0.100651
v -4.985804 -29.636822 -0.132667
v 0.572735 -26.037210 -0.218146
v 152.322998 -18.402081 -0.012579
v 45.830013 75.589996 -0.076877
v 81.256760 34.445164 0.120876
v 46.069935 -33.773144 -0.103158
v 81.170349 40.725941 0.173520
v -68.014168 0.034484 0.103167
v 145.891632 -65.245514 -0.077017
v 129.908188 -14.120881 0.059498
v 152.294662 -45.244225 -0.095731
v 48.622921 -17.661186 0.072158
v 169.891068 57.975697 -0.027506
v -47.975754 20.069435 -0.035737
v 97.014183 84.470581 0.062598
v -62.732578 19.960670 -0.133301
v 136.752975 -66.119736 0.095923
v 99.789703 36.454742 0.228299
v 89.102669 32.227219 0.098248
v 153.844604 61.709587 -0.061526
v 52.708408 -46.443363 -0.129621
v 170.908066 75.203758 -0.021758
v 39.830956 -41.652794 0.043028
v -2.074872 10.189000 -0.120842
v 65.241745 39.497307 -0.018554
v 182.190842 48.456604 -0.095524
v -14.183510 54.503563 0.096960
v 131.346161 -67.551979 0.025404
v 140.286621 -60.262875 0.207905
v 73.554100 42.263508 0.160229
v 132.766922 -78.319374 0.018342
v -54.928371 68.108521 -0.025559
v 150.304245 69.548607 -0.130855
v 65.842682 6.727345 0.035900
v -27.736849 61.882481 0.153518
v 82.340828 -15.779883 -0.119288
v 76.242035 2.899489 -0.070132
v 5.855908 65.477951 -0.069504
v 41.531662 45.833553 0.019196
v 120.469894 84.337189 -0.141068
v -5.059834 -5.930672 0.157559
v 87.635452 -26.572598 -0.071312
v 88.122192 -36.871284 0.229523
v 167.574722 77.506439 0.066691
v 44.683067 -29.746113 -0.121297
v 134.192383 -32.277576 0.073819
v -56.844105 30.537128 0.017381
v 153.423203 28.778767 0.228978
v 9.518249 69.499367 -0.080959
v 40.195221 33.982998 0.138644
v 39.800285 -32.531616 0.133793
v 129.650360 61.938530 0.138086
v 182.513870 67.602455 -0.050761
v 90.666557 -53.204659 0.046928
v -7.982283 -6.730412 -0.089155
v 185.156616 67.099548 -0.030586
v 140.378860 63.571865 -0.083021
v 0.587005 46.729279 -0.003432
v 51.864090 82.626633 0.173987
v 100.603294 31.536886 0.019985
v 116.182564 78.860664 0.092187
v 147.248535 64.282433 -0.077981
v 149.928024 54.475235 -0.037528
v 103.340446 -27.382460 -0.075039
v 60.950542 77.207619 0.035680
v -65.389488 -2.377670 0.177111
v -35.347366 77.456886 -0.047196
v -17.979174 35.921730 -0.134941
v 48.767975 60.129375 -0.217124
v 152.459152 -5.252963 -0.012398
v -23.631668 68.326180 -0.106063
v 182.193771 64.288895 -0.129678
v 103.924850 -19.363291 -0.068621
v 160.275925 59.414265 -0.010617
v 96.815384 -1.041138 -0.205741
v 77.276077 -48.094707 -0.040841
v 148.951157 -32.751545 0.029936
v 43.775997 65.463776 -0.120572
v 182.439590 29.223207 0.235197
v 151.948883 -48.824688 0.081803
v 110.293739 48.548874 -0.075012
v 29.041002 -0.437509 -0.008501
v -44.313919 68.496880 -0.070742
v 85.587021 36.824776 -0.258037
v -27.174458 54.757645 -0.018610
v 99.364258 26.556330 0.167887
v 4.667517 83.182014 -0.166061
v 75.463371 -3.733654 0.119543
v 45.665428 -0.081877 0.071634
v 106.796211 25.335400 -0.033728
v 74.650993 50.378616 0.006180
v -9.957231 -27.184614 0.184885
v -4.719036 21.947020 0.005584
v 134.547501 40.113983 -0.045959
v 51.172180 -5.890100 0.068182
v 113.597992 -46.963341 0.066863
v -19.939478 68.174438 -0.117733
v 104.886139 -57.095955 0.146356
v 135.325272 -45.276299 -0.065389
v 128.309540 -15.966117 0.096681
v -18.595013 12.990852 -0.081026
v 64.999512 -29.549303 -0.026916
v 50.688053 -24.242924 0.018556
v 110.199371 -20.594410 0.014696
v -62.258129 29.733969 0.073916
v 116.479546 -17.475063 -0.099414
v 17.359926 5.999843 -0.179867
v -30.028690 85.860405 0.093756
v 110.781578 0.994663 0.034744
v 116.128990 42.960686 0.009583
v 97.397369 64.826912 0.177419
v 70.185081 38.969524 -0.054598
v -32.409142 31.379904 0.101356
v 71.538704 18.000317 0.102355
v 121.896141 0.878384 0.068887
v 131.373993 79.489037 -0.004765
v 111.587402 47.158260 0.003752
v -1.815108 81.369652 0.089222
v 31.676201 30.706827 0.024368
v 121.834053 12.777761 -0.023997
v -52.739498 33.046555 0.030650
v -43.976925 21.197725 0.070292
v 136.897324 53.261356 0.219347
v 100.324310 -38.430298 0.042816
v 172.959946 44.079910 0.035279
v 67.864586 -33.450245 0.165826
v 100.209633 66.948181 -0.258241
v 176.005127 45.732025 0.088803
v 58.547855 43.969852 0.124961
v 133.799179 5.536447 -0.229604
v 110.340805 14.462101 -0.060045
v 178.216568 51.524776 -0.099850
v 52.714520 -19.085754 -0.045695
v -58.108803 1.969484 0.107640
v 82.161041 -47.209808 0.076244
v -16.168175 51.883076 0.186106
v 175.674957 53.631218 0.020997
v 104.609146 62.448845 0.106664
v -5.027432 -6.942716 0.161692
v 85.723366 0.866104 -0.010034
v 98.348595 76.272133 0.077709
v 156.952682 20.079248 -0.101630
v 117.555641 4.922685 0.030338
v 84.179741 19.966646 -0.032754
v 6.361231 62.189053 -0.016437
v -52.344788 4.003382 -0.173372
v 147.584564 64.011749 0.009177
v 113.907478 -65.375854 0.035859
v 88.736771 -45.627716 -0.108059
v 28.014845 17.755463 0.027588
v 71.069397 40.032871 0.065635
v 147.734940 17.940424 0.050620
v -29.487467 56.023834 -0.171409
v 46.310829 -39.718796 -0.014791
v -47.234875 36.785549 0.015511
v 124.825470 -14.604367 -0.083777
v 71.890831 -10.769027 -0.119775
v 37.833466 56.687897 0.021119
v 70.694130 15.533948 -0.117540
v 129.708389 6.126909 0.128308
v 126.435791 -29.247169 0.153418
v 109.563148 11.038708 -0.095677
v 25.121677 48.614849 0.056747
v 53.584831 -13.430688 0.038540
v -59.317486 8.844449 0.030093
v 11.599799 48.027000 0.150435
v 124.562462 -40.668217 -0.067787
v 12.455297 -12.305340 0.118515
v 88.045273 26.971247 0.034815
v 26.319378 13.789615 0.030027
v 132.964935 55.075977 0.198329
v 30.343639 -23.256397 0.099241
v 55.202747 41.973896 -0.046217
v 149.167297 67.128029 -0.085772
v 101.714546 51.345135 0.155987
v 38.132248 0.448984 -0.093726
v 128.692566 81.565567 -0.106766
v 173.778244 46.800095 0.016679
v 144.109055 -70.745865 0.174940
v 33.376755 87.223892 -0.061702
v 34.008366 15.573975 -0.009441
v 75.153130 -28.920576 0.008035
v 136.907379 61.500229 -0.002337
v -65.326347 49.559872 0.141457
v 140.993668 -60.189583 -0.019442
v -64.277802 38.858055 -0.006431
v 54.092064 27.391451 0.018724
v -31.814859 6.936997 -0.025996
v -53.390270 26.576408 -0.228954
v 78.012665 79.410034 0.021664
v 164.319992 72.762917 0.020321
v 90.839890 71.409370 0.037158
v 124.983917 -0.242593 0.066036
v -18.833046 24.566313 0.065046
v -45.242001 41.197918 -0.106399
v 4.169474 44.704254 0.086884
v -33.377308 -7.872644 -0.080237
v 132.800079 -45.421955 -0.098198
v 148.642075 41.221680 -0.099150
v -20.216171 8.701981 -0.028818
v -62.909920 61.267612 -0.091557
v 73.428421 66.499710 0.032204
v 109.376495 39.047009 0.129567
v 144.329590 -5.140323 0.155767
v -23.077253 79.048637 0.002941
v 112.914703 64.056694 0.034508
v 131.965073 -66.168251 -0.227486
v 151.467377 51.885868 -0.045667
v -10.551041 2.398098 -0.037943
v 53.169788 77.781319 -0.091621
v 59.481285 24.988108 -0.085573
v 173.676987 28.970640 0.035039
v 93.074188 -60.728447 0.122638
v 181.769363 42.392307 0.255715
v 44.510391 3.883855 -0.019747
v 160.828934 66.537766 -0.169460
v 163.326462 42.513447 0.085446
v 146.468063 -11.750957 0.013879
v 40.220230 60.487350 -0.035694
v 121.551559 63.315697 -0.099234
v -52.776554 15.128245 -0.026063
v 5.498248 15.366037 0.099148
v -61.088810 31.178804 0.031197
v 13.524311 55.730785 0.015128
v 73.048729 -38.955494 0.273635
v 92.858200 -29.034939 -0.053859
v -6.616476 32.140873 0.075648
v -42.317844 64.081009 -0.071902
v 153.565857 33.826397 0.024185
v 78.615364 -59.949974 -0.104618
v 13.353078 -6.285145 -0.175650
v -45.429153 9.867147 0.070287
v 13.121367 -15.134432 0.019312
v -15.190952 50.251499 -0.103228
v 84.537514 0.056225 0.120619
v 140.304855 38.686687 0.116896
v 159.564896 16.451981 -0.066438
v 106.885963 66.025826 0.037953
v 2.525961 84.590897 -0.042925
v 140.060226 13.589520 0.025984
v 53.913086 76.618958 0.015606
v 73.877281 -12.349637 -0.113007
v 64.700012 35.551392 0.074624
v -9.013439 20.574364 0.001137
v 138.651245 -73.056786 0.051077
v -71.846260 26.177839 0.031295
v -3.320559 -20.117506 0.083863
vn 0.5238 0.2038 0.8271
vn -0.0595 -0.0108 0.9982
vn 0.0545 0.0557 0.9970
vn 0.0143 -0.0318 0.9994
vn -0.0056 -0.0063 1.0000
vn -0.0048 -0.0000 1.0000
vn -0.0140 0.0010 0.9999
vn 0.1031 0.0044 0.9947
vn -0.0002 -0.0016 1.0000
vn -0.0057 -0.0526 0.9986
vn 0.0063 0.1367 0.9906
vn -0.0062 0.0104 0.9999
vn 0.0030 -0.0076 1.0000
vn 0.0034 -0.0003 1.0000
vn -0.0132 -0.0156 0.9998
vn -0.0169 0.0110 0.9998
vn -0.0012 0.0227 0.9997
vn -0.0058 0.0057 1.0000
vn -0.5617 0.1311 0.8169
vn 0.0096 0.0076 0.9999
vn -0.0257 0.1364 0.9903
vn 0.0121 0.0070 0.9999
vn 0.0002 -0.0254 0.9997
vn 0.0037 -0.0430 0.9991
vn 0.0174 -0.0796 0.9967
vn -0.0024 0.0019 1.0000
vn -0.0151 -0.0075 0.9999
vn 0.0006 -0.0153 0.9999
vn 0.0137 0.0080 0.9999
vn -0.0155 -0.0227 0.9996
vn -0.0204 -0.0303 0.9993
vn -0.0254 -0.0071 0.9997
vn 0.0235 -0.0032 0.9997
vn -0.0427 -0.0544 0.9976
vn 0.0077 -0.0082 0.9999
vn 0.0048 -0.0058 1.0000
vn -0.0088 -0.0119 0.9999
vn -0.0046 -0.0127 0.9999
vn -0.0158 0.0006 0.9999
vn -0.0082 0.0225 0.9997
vn -0.0116 0.0124 0.9999
vn -0.0111 0.0062 0.9999
vn -0.0163 0.0067 0.9998
vn -0.0042 -0.0217 0.9998
vn 0.0069 -0.0029 1.0000
vn -0.0019 -0.0071 1.0000
vn -0.0153 0.1710 0.9851
vn -0.0499 0.0495 0.9975
vn 0.0472 -0.0053 0.9989
vn 0.0372 0.0151 0.9992
vn 0.0005 -0.0031 1.0000
vn 0.0184 -0.0065 0.9998
vn 0.1576 0.1162 0.9806
vn 0.0124 -0.0063 0.9999
vn 0.1492 -0.0052 0.9888
vn 0.0200 -0.0056 0.9998
vn 0.0189 -0.0226 0.9996
vn -0.0192 0.0070 0.9998
vn -0.0337 -0.0781 0.9964
vn 0.0012 0.0119 0.9999
vn -0.0029 0.0195 0.9998
vn -0.0014 0.0124 0.9999
vn -0.0039 -0.0135 0.9999
vn -0.0032 0.0079 1.0000
vn -0.0044 -0.0041 1.0000
vn -0.0053 0.0213 0.9998
vn -0.0201 0.0075 0.9998
vn 0.0059 0.0094 0.9999
vn 0.0002 0.0104 0.9999
vn -0.0122 -0.0152 0.9998
vn -0.0010 0.0002 1.0000
vn -0.0009 0.0063 1.0000
vn 0.0033 0.0011 1.0000
vn -0.0113 -0.0177 0.9998
vn 0.0119 -0.0060 0.9999
vn 0.0139 0.0111 0.9998
vn 0.0398 -0.0034 0.9992
vn -0.0063 0.0156 0.9999
vn 0.0085 0.0143 0.9999
vn 0.0170 0.0149 0.9997
vn 0.0192 0.0057 0.9998
vn 0.0056 -0.0080 1.0000
vn -0.0260 -0.0053 0.9996
vn 0.0083 0.0015 1.0000
vn 0.0135 0.0483 0.9987
vn -0.0045 -0.0183 0.9998
vn -0.0010 -0.0049 1.0000
vn -0.0123 0.0098 0.9999
vn -0.0002 0.0181 0.9998
vn 0.0046 -0.0127 0.9999
vn -0.0010 0.0132 0.9999
vn -0.0036 0.0033 1.0000
vn -0.0694 -0.0062 0.9976
vn 0.0358 0.1653 0.9856
vn 0.0069 -0.0115 0.9999
vn -0.0116 0.0011 0.9999
vn -0.0024 0.0064 1.0000
vn 0.0127 0.0171 0.9998
vn 0.0092 -0.0051 0.9999
vn 0.0075 0.0221 0.9997
vn 0.0011 -0.0017 1.0000
vn 0.0352 -0.0203 0.9992
vn -0.0055 -0.0245 0.9997
vn 0.0083 0.0096 0.9999
vn 0.0072 -0.0214 0.9997
vn 0.0002 -0.0109 0.9999
vn 0.0121 -0.0003 0.9999
vn -0.0082 -0.0159 0.9998
vn 0.0022 -0.0058 1.0000
vn 0.0015 0.0002 1.0000
vn -0.0164 -0.0011 0.9999
vn -0.0024 -0.0083 1.0000
vn -0.0225 -0.0099 0.9997
vn 0.0678 0.0459 0.9966
vn 0.0836 0.0069 0.9965
vn 0.1439 -0.0526 0.9882
vn 0.0435 0.1463 0.9883
vn -0.0069 0.0144 0.9999
vn 0.0172 0.0060 0.9998
vn -0.0067 0.0094 0.9999
vn -0.0164 0.0262 0.9995
vn 0.0704 -0.0248 0.9972
vn 0.0083 -0.0143 0.9999
vn -0.0046 -0.0114 0.9999
vn -0.0223 0.0237 0.9995
vn 0.1135 -0.0235 0.9933
vn -0.0025 -0.0021 1.0000
vn 0.0016 0.0110 0.9999
vn 0.0665 -0.0183 0.9976
vn -0.0134 0.0022 0.9999
vn 0.0025 -0.0062 1.0000
vn -0.0308 -0.0196 0.9993
vn -0.0038 0.0020 1.0000
vn 0.0066 -0.0001 1.0000
vn -0.0259 0.0213 0.9994
vn 0.0043 -0.0140 0.9999
vn 0.0037 -0.0013 1.0000
vn 0.0021 -0.0061 1.0000
vn 0.0040 -0.0017 1.0000
vn 0.0132 0.0072 0.9999
vn 0.0210 -0.0073 0.9998
vn 0.0125 0.0318 0.9994
vn 0.0036 -0.0069 1.0000
vn -0.0067 0.0206 0.9998
vn -0.0064 0.0092 0.9999
vn 0.0359 -0.0217 0.9991
vn 0.0603 0.0170 0.9980
vn -0.0032 -0.0284 0.9996
vn 0.0218 -0.0083 0.9997
vn 0.0009 -0.0064 1.0000
vn -0.0387 -0.0307 0.9988
vn 0.0130 0.0031 0.9999
vn 0.0062 0.0021 1.0000
vn 0.0076 -0.0073 0.9999
vn 0.0077 0.0122 0.9999
vn 0.0065 0.0328 0.9994
vn 0.0542 -0.0170 0.9984
vn 0.0255 0.0194 0.9995
vn -0.0005 0.0187 0.9998
vn -0.0042 0.0269 0.9996
vn -0.0342 0.0239 0.9991
vn -0.0261 0.0039 0.9997
vn 0.0019 0.0152 0.9999
vn -0.0013 -0.0120 0.9999
vn 0.0094 -0.0002 1.0000
vn -0.0057 0.0034 1.0000
vn -0.0116 0.0250 0.9996
vn -0.0140 -0.0052 0.9999
vn -0.0063 0.0011 1.0000
vn -0.0080 0.0012 1.0000
vn -0.0178 0.0030 0.9998
vn -0.0250 0.0057 0.9997
vn 0.0024 0.0064 1.0000
vn -0.0030 -0.0005 1.0000
vn -0.0371 0.0127 0.9992
vn 0.0136 -0.0211 0.9997
vn -0.0452 0.0080 0.9989
vn -0.0094 0.0016 1.0000
vn 0.0317 -0.0226 0.9992
vn -0.0198 0.0007 0.9998
vn -0.0111 0.0055 0.9999
vn 0.0140 0.0027 0.9999
vn 0.0102 0.0071 0.9999
vn 0.0002 0.0273 0.9996
vn 0.0091 -0.0090 0.9999
vn 0.0072 -0.0070 0.9999
vn 0.0585 -0.0022 0.9983
vn 0.0189 0.0046 0.9998
vn -0.3688 0.3483 0.8618
vn 0.1187 0.0502 0.9917
vn 0.0016 0.0062 1.0000
vn -0.0105 -0.0144 0.9998
vn 0.0368 0.1221 0.9918
vn 0.0092 0.0485 0.9988
vn -0.0075 -0.0101 0.9999
vn -0.0152 -0.0088 0.9998
vn -0.0053 0.0031 1.0000
vn -0.0199 -0.0240 0.9995
vn 0.0093 -0.0078 0.9999
vn 0.0011 0.0011 1.0000
vn 0.0111 -0.0091 0.9999
vn 0.0015 -0.0047 1.0000
vn 0.0198 -0.0268 0.9994
vn 0.0025 -0.0238 0.9997
vn 0.0262 -0.0330 0.9991
vn -0.0039 -0.0104 0.9999
vn -0.0059 -0.0197 0.9998
vn -0.0052 -0.0114 0.9999
vn -0.0011 -0.0138 0.9999
vn -0.0019 -0.0031 1.0000
vn -0.0087 -0.0008 1.0000
vn 0.0078 0.0006 1.0000
vn -0.0118 0.0179 0.9998
vn 0.0011 -0.0037 1.0000
vn -0.0115 -0.0406 0.9991
vn 0.0170 0.0056 0.9998
vn 0.0049 0.0054 1.0000
vn 0.0072 0.0021 1.0000
vn 0.0413 -0.0055 0.9991
vn 0.0561 -0.0046 0.9984
vn 0.0065 -0.0181 0.9998
vn 0.0480 -0.0469 0.9977
vn 0.0599 -0.0047 0.9982
vn -0.0013 0.0080 1.0000
vn 0.0504 -0.0095 0.9987
vn -0.0200 -0.0598 0.9980
vn 0.0039 0.0053 1.0000
vn -0.0277 0.0040 0.9996
vn -0.0014 0.0093 1.0000
vn -0.0160 -0.0027 0.9999
vn -0.1160 -0.0078 0.9932
vn 0.0123 -0.0069 0.9999
vn -0.0017 0.0093 1.0000
vn -0.0250 0.0286 0.9993
vn 0.0032 -0.0014 1.0000
vn 0.0258 0.0114 0.9996
vn -0.0016 -0.0083 1.0000
vn 0.0078 0.0023 1.0000
vn -0.0338 0.0561 0.9979
vn -0.0165 0.0450 0.9989
vn -0.0145 0.0239 0.9996
vn 0.0329 -0.0116 0.9994
vn -0.0062 0.0283 0.9996
vn -0.0036 0.0420 0.9991
vn -0.0067 0.0229 0.9997
vn -0.0018 -0.0028 1.0000
vn 0.0029 -0.0056 1.0000
vn 0.0049 0.0057 1.0000
vn -0.0011 -0.0010 1.0000
vn 0.0126 0.0039 0.9999
vn 0.0087 -0.0218 0.9997
vn 0.0116 -0.0051 0.9999
vn -0.0038 0.0048 1.0000
vn 0.0025 0.0024 1.0000
vn 0.0031 -0.0155 0.9999
vn -0.0096 -0.0049 0.9999
vn 0.0119 0.0003 0.9999
vn -0.0054 -0.0015 1.0000
vn -0.0027 0.0066 1.0000
vn 0.0215 0.0221 0.9995
vn -0.0055 0.0117 0.9999
vn -0.0150 -0.0037 0.9999
vn -0.2069 -0.5086 0.8358
vn 0.0011 -0.0055 1.0000
vn 0.0029 -0.0242 0.9997
vn 0.0185 0.0012 0.9998
vn 0.0142 -0.0126 0.9998
vn -0.0022 -0.0123 0.9999
vn 0.0071 -0.0102 0.9999
vn 0.0009 0.0038 1.0000
vn 0.0028 0.0129 0.9999
vn -0.0048 0.0132 0.9999
vn 0.0131 0.0008 0.9999
vn -0.0294 0.0005 0.9996
vn -0.0521 0.0048 0.9986
vn 0.0093 0.0026 1.0000
vn -0.0030 0.0054 1.0000
vn -0.0269 0.0207 0.9994
vn -0.0131 -0.0013 0.9999
vn 0.0015 -0.0021 1.0000
vn -0.0045 -0.0250 0.9997
vn -0.0012 0.0153 0.9999
vn 0.0001 -0.0111 0.9999
vn -0.0047 0.0096 0.9999
vn 0.0064 0.0039 1.0000
vn 0.0121 -0.0182 0.9998
vn 0.0087 0.0058 0.9999
vn 0.0109 -0.0078 0.9999
vn -0.0006 0.0164 0.9999
vn -0.0150 0.0366 0.9992
vn 0.0103 -0.0086 0.9999
vn -0.0317 0.0070 0.9995
vn -0.1030 0.0062 0.9947
vn -0.1024 -0.0024 0.9947
vn -0.0122 -0.0089 0.9999
vn -0.0289 -0.0014 0.9996
vn -0.0172 -0.0000 0.9999
vn 0.0144 -0.0061 0.9999
vn -0.0144 0.0188 0.9997
vn 0.0076 -0.0148 0.9999
vn -0.0005 0.0019 1.0000
vn -0.0031 0.0173 0.9998
vn 0.0090 -0.0017 1.0000
vn 0.0096 0.0085 0.9999
vn -0.0030 -0.0011 1.0000
vn 0.0640 0.0299 0.9975
vn 0.0081 0.0075 0.9999
vn 0.0341 -0.0258 0.9991
vn 0.0093 -0.0296 0.9995
vn -0.1421 -0.1391 0.9800
vn -0.0088 0.0076 0.9999
vn -0.0176 -0.0040 0.9998
vn -0.0003 -0.0085 1.0000
vn -0.0052 -0.0191 0.9998
vn 0.0022 -0.0093 1.0000
vn 0.0002 0.0167 0.9999
vn 0.0002 -0.0038 1.0000
vn -0.0111 -0.0310 0.9995
vn 0.0066 0.0105 0.9999
vn 0.0544 0.1256 0.9906
vn 0.0295 -0.0024 0.9996
vn 0.1039 0.1578 0.9820
vn 0.0179 -0.0151 0.9997
vn 0.0014 -0.0443 0.9990
vn -0.0047 -0.0074 1.0000
vn -0.0002 0.0074 1.0000
vn 0.0018 0.0139 0.9999
vn 0.0044 0.0164 0.9999
vn 0.0039 -0.0007 1.0000
vn -0.0314 -0.0113 0.9994
vn 0.0095 -0.0027 1.0000
vn 0.0216 -0.0061 0.9997
vn 0.0430 -0.0062 0.9991
vn 0.0092 -0.0313 0.9995
vn 0.0005 0.0035 1.0000
vn -0.0035 -0.0002 1.0000
vn 0.0003 -0.0002 1.0000
vn -0.0018 -0.0002 1.0000
vn 0.0170 -0.0161 0.9997
vn 0.0312 -0.0264 0.9992
vn -0.0295 0.0480 0.9984
vn 0.0132 0.0003 0.9999
vn 0.0010 0.0032 1.0000
vn 0.0212 0.0126 0.9997
vn -0.0085 0.0477 0.9988
vn -0.0088 0.0083 0.9999
vn 0.0130 -0.0113 0.9999
vn 0.0209 0.0070 0.9998
vn 0.0126 0.0840 0.9964
vn -0.0015 0.0005 1.0000
vn -0.0104 -0.0192 0.9998
vn -0.0029 0.0977 0.9952
vn 0.0090 0.0188 0.9998
vn -0.0022 0.0221 0.9998
vn 0.0111 0.0090 0.9999
vn 0.0218 0.0109 0.9997
vn 0.0097 -0.0028 0.9999
vn -0.0935 -0.0483 0.9944
vn 0.0053 0.0140 0.9999
vn -0.0025 -0.0136 0.9999
vn -0.0046 0.0007 1.0000
vn -0.0072 -0.0105 0.9999
vn 0.0041 0.0003 1.0000
vn -0.0033 0.0196 0.9998
vn 0.0929 0.0897 0.9916
vn -0.0291 -0.0022 0.9996
vn -0.0004 -0.0101 0.9999
vn -0.0001 -0.0126 0.9999
vn -0.0191 -0.0159 0.9997
vn 0.0355 0.0030 0.9994
vn -0.0028 -0.0017 1.0000
vn -0.0154 -0.0272 0.9995
vn -0.0185 0.0213 0.9996
vn -0.0316 0.0746 0.9967
vn 0.0577 0.0195 0.9981
vn 0.0379 -0.0073 0.9993
vn 0.0504 -0.0067 0.9987
vn -0.0096 -0.0118 0.9999
vn -0.0043 -0.0122 0.9999
vn -0.0167 -0.0117 0.9998
vn 0.0098 0.0071 0.9999
vn 0.0133 0.0180 0.9997
vn -0.2146 0.0576 0.9750
vn -0.1804 0.0555 0.9820
vn -0.0029 -0.0124 0.9999
vn 0.0547 0.0729 0.9958
vn 0.0083 0.0313 0.9995
vn -0.0027 -0.0116 0.9999
vn 0.0104 -0.0106 0.9999
vn 0.0095 -0.0014 1.0000
vn 0.0069 -0.0088 0.9999
vn -0.0142 0.0098 0.9999
vn 0.0077 -0.0422 0.9991
vn -0.0098 -0.0074 0.9999
vn -0.0022 0.0021 1.0000
vn -0.0063 -0.0117 0.9999
vn -0.0026 0.0118 0.9999
vn 0.0075 -0.0377 0.9993
vn -0.0104 -0.0060 0.9999
vn -0.0255 -0.0141 0.9996
vn 0.0288 -0.0132 0.9995
vn 0.0184 0.0258 0.9995
vn -0.0246 -0.0223 0.9994
vn 0.0053 0.0068 1.0000
vn -0.0011 0.0141 0.9999
vn 0.0133 0.0064 0.9999
vn 0.0027 0.0008 1.0000
vn 0.0002 -0.0056 1.0000
vn 0.2646 0.3346 0.9045
vn 0.2187 0.2892 0.9320
vn 0.0187 0.0144 0.9997
vn -0.0699 0.0757 0.9947
vn -0.0342 -0.0337 0.9988
vn -0.0147 -0.0515 0.9986
vn 0.0050 0.0028 1.0000
vn -0.0174 0.0059 0.9998
vn -0.0131 0.0002 0.9999
vn -0.0198 0.0143 0.9997
vn 0.0254 -0.0297 0.9992
vn 0.0424 -0.0324 0.9986
vn 0.0064 -0.0015 1.0000
vn -0.0208 0.0019 0.9998
vn 0.0069 -0.0191 0.9998
vn -0.0087 0.0038 1.0000
vn -0.0099 -0.0104 0.9999
vn 0.0211 -0.0246 0.9995
vn 0.0021 0.0050 1.0000
vn -0.0004 -0.0043 1.0000
vn -0.0052 0.0007 1.0000
vn 0.0013 0.0011 1.0000
vn -0.0120 -0.0135 0.9998
vn 0.0052 -0.0185 0.9998
vn 0.0026 0.0221 0.9998
vn -0.0108 0.0074 0.9999
vn -0.0158 0.0026 0.9999
vn 0.0027 -0.0116 0.9999
vn -0.0097 -0.0369 0.9993
vn -0.0010 -0.0089 1.0000
vn -0.0059 0.0001 1.0000
vn 0.0008 0.0127 0.9999
vn 0.0082 0.0248 0.9997
vn 0.0009 -0.0104 0.9999
vn 0.0020 -0.0047 1.0000
vn 0.0046 0.0114 0.9999
vn 0.0032 -0.0021 1.0000
vn -0.0007 0.0050 1.0000
vn 0.0118 0.0047 0.9999
vn -0.0236 0.0060 0.9997
vn -0.0220 -0.0006 0.9998
vn 0.1307 0.0152 0.9913
vn -0.0006 0.0231 0.9997
vn -0.0083 -0.0129 0.9999
vn -0.0127 0.0112 0.9999
vn -0.0125 -0.0128 0.9998
vn 0.0007 -0.0063 1.0000
vn -0.0001 -0.0020 1.0000
vn -0.0076 0.0184 0.9998
vn -0.0076 0.0199 0.9998
vn -0.0199 -0.0022 0.9998
vn -0.0227 -0.0057 0.9997
vn -0.0046 -0.0139 0.9999
vn -0.0050 -0.0029 1.0000
vn 0.0147 0.0044 0.9999
vn -0.0136 0.0334 0.9993
vn -0.0004 0.0203 0.9998
vn 0.0361 0.0170 0.9992
vn 0.0479 0.1705 0.9842
vn 0.0229 0.0289 0.9993
vn -0.0026 0.0032 1.0000
vn 0.0330 -0.0033 0.9995
vn 0.0217 -0.0148 0.9997
vn 0.0160 -0.0288 0.9995
vn -0.0145 0.0016 0.9999
vn -0.0006 -0.0019 1.0000
vn -0.0144 0.0004 0.9999
vn 0.0106 -0.0123 0.9999
vn 0.0722 0.0491 0.9962
vn 0.0153 -0.0020 0.9999
vn 0.0159 0.0303 0.9994
vn -0.0127 0.0324 0.9994
vn 0.0020 0.0343 0.9994
vn -0.0247 -0.0020 0.9997
vn -0.0138 0.0040 0.9999
vn 0.0275 -0.0170 0.9995
vn 0.0194 0.0008 0.9998
vn -0.0876 0.0368 0.9955
vn 0.0290 -0.0033 0.9996
vn -0.0194 0.0243 0.9995
vn -0.0232 0.0320 0.9992
vn -0.0017 -0.0148 0.9999
vn -0.0308 -0.0037 0.9995
vn 0.0127 0.0012 0.9999
vn -0.0200 -0.0080 0.9998
vn -0.0124 -0.0133 0.9998
vn 0.0001 0.0260 0.9997
vn -0.0048 -0.0082 1.0000
vn -0.0015 -0.0052 1.0000
vn 0.0017 0.0031 1.0000
vn -0.0186 0.0022 0.9998
vn 0.0008 -0.0050 1.0000
vn 0.0027 0.0039 1.0000
vn 0.0173 0.0100 0.9998
vn -0.0173 -0.0404 0.9990
vn 0.0582 0.1587 0.9856
vn -0.0009 0.0054 1.0000
vn -0.0519 0.0708 0.9961
vn 0.0956 -0.0726 0.9928
vn -0.0075 -0.0087 0.9999
vn 0.0043 -0.0259 0.9997
vn 0.0487 0.0625 0.9969
vn -0.0024 0.0039 1.0000
vn 0.0082 -0.0022 1.0000
vn 0.0220 0.0143 0.9997
vn 0.0037 0.0252 0.9997
vn 0.0053 -0.0249 0.9997
vn -0.0246 -0.0298 0.9993
vn -0.0098 -0.0118 0.9999
vn -0.0401 0.0724 0.9966
vn 0.0584 -0.0079 0.9983
vn -0.0069 0.0079 0.9999
vn 0.0191 -0.0151 0.9997
vn -0.0468 -0.0106 0.9988
vn 0.0082 -0.0198 0.9998
vn -0.0005 0.0123 0.9999
vn 0.0540 -0.0430 0.9976
vn 0.0136 0.0420 0.9990
vn 0.0051 0.0039 1.0000
vn -0.0395 -0.0018 0.9992
vn -0.0053 0.0049 1.0000
vn 0.0003 -0.0010 1.0000
vn -0.0602 -0.0357 0.9975
vn 0.0140 0.0149 0.9998
vn -0.0515 -0.0333 0.9981
vn 0.0237 -0.0347 0.9991
vn 0.0787 0.1042 0.9914
vn 0.0303 0.0318 0.9990
vn 0.0165 0.0092 0.9998
vn -0.0162 -0.0112 0.9998
vn 0.1197 0.2034 0.9717
vn 0.0050 -0.0226 0.9997
vn -0.0029 -0.0031 1.0000
vn -0.0043 -0.0002 1.0000
vn -0.0039 0.0080 1.0000
vn -0.0007 -0.0198 0.9998
vn 0.0317 0.0112 0.9994
vn -0.0036 0.0174 0.9998
vn -0.0031 0.0096 0.9999
vn -0.0102 -0.0005 0.9999
vn 0.0115 0.0009 0.9999
vn 0.0128 0.0162 0.9998
vn 0.0083 -0.0074 0.9999
vn -0.0645 -0.2030 0.9770
vn -0.0130 -0.0022 0.9999
vn -0.0061 0.0106 0.9999
vn 0.0050 0.0161 0.9999
vn 0.0424 0.0228 0.9988
vn 0.0144 -0.0266 0.9995
vn -0.0050 -0.0102 0.9999
vn 0.0009 -0.0150 0.9999
vn 0.0177 0.0189 0.9997
vn -0.0438 -0.0241 0.9987
vn -0.0115 0.0030 0.9999
vn -0.0106 0.0108 0.9999
vn 0.0326 0.0120 0.9994
vn -0.0073 -0.0044 1.0000
vn -0.0125 -0.0138 0.9998
vn -0.0019 -0.0116 0.9999
vn -0.0178 -0.0107 0.9998
vn -0.0099 -0.0029 0.9999
vn -0.0234 0.0144 0.9996
vn -0.0040 -0.0114 0.9999
vn 0.0096 0.0040 0.9999
vn -0.0003 0.0129 0.9999
vn 0.0046 0.0040 1.0000
vn 0.0240 -0.0135 0.9996
vn 0.0367 0.0173 0.9992
vn -0.0207 0.0037 0.9998
vn -0.0183 0.0382 0.9991
vn 0.0230 0.0211 0.9995
vn -0.0126 -0.0252 0.9996
vn -0.0224 0.0184 0.9996
vn -0.0439 0.0094 0.9990
vn 0.1090 0.0142 0.9939
vn 0.0628 -0.0045 0.9980
vn 0.0141 0.0109 0.9998
vn 0.0131 0.0050 0.9999
vn -0.0761 -0.0135 0.9970
vn -0.0407 0.0157 0.9990
vn 0.0096 -0.0002 1.0000
vn -0.0129 0.0014 0.9999
vn 0.0185 -0.0019 0.9998
vn 0.0198 0.0092 0.9998
vn 0.0078 -0.0017 1.0000
vn -0.0365 0.0598 0.9975
vn 0.0047 0.0045 1.0000
vn -0.0078 0.0237 0.9997
vn 0.0185 0.0386 0.9991
vn -0.0289 0.0087 0.9995
vn -0.0095 0.0259 0.9996
vn -0.0277 -0.0081 0.9996
vn 0.0321 0.0079 0.9995
vn 0.0055 -0.0027 1.0000
vn -0.0303 -0.0140 0.9994
vn 0.0125 -0.0247 0.9996
vn 0.0206 0.0394 0.9990
vn 0.0648 0.0235 0.9976
vn -0.0026 0.0067 1.0000
vn -0.0306 -0.0763 0.9966
vn -0.0012 0.0024 1.0000
vn 0.0080 0.0204 0.9998
vn 0.0077 -0.0022 1.0000
vn 0.0009 0.0311 0.9995
vn -0.0011 -0.0027 1.0000
vn 0.0663 -0.0214 0.9976
vn -0.0341 -0.0902 0.9953
vn -0.0061 0.0819 0.9966
vn 0.0070 0.0006 1.0000
vn 0.0800 -0.0454 0.9958
vn -0.0130 -0.0259 0.9996
vn 0.0018 0.0020 1.0000
vn 0.0170 0.0219 0.9996
vn 0.0155 0.0038 0.9999
vn 0.0347 0.0663 0.9972
vn -0.0029 0.0083 1.0000
vn 0.0351 0.0140 0.9993
vn 0.0126 0.0317 0.9994
vn 0.0041 -0.0389 0.9992
vn 0.0094 0.0067 0.9999
vn 0.0038 0.0075 1.0000
vn -0.0049 -0.0114 0.9999
vn -0.0777 0.0020 0.9970
vn 0.0013 0.0127 0.9999
vn -0.0244 -0.0231 0.9994
vn 0.0039 -0.0090 1.0000
vn -0.0113 0.0104 0.9999
vn -0.0519 -0.3652 0.9295
vn -0.0666 -0.2372 0.9692
vn 0.0074 0.0150 0.9999
vn 0.0153 -0.0101 0.9998
vn 0.0247 -0.0035 0.9997
vn 0.0030 -0.0042 1.0000
vn 0.0459 0.0232 0.9987
vn 0.0522 0.0224 0.9984
vn 0.0039 -0.0044 1.0000
vn -0.0304 -0.0715 0.9970
vn 0.0044 -0.0171 0.9998
vn -0.0225 -0.0029 0.9997
vn -0.0091 0.0178 0.9998
vn 0.0065 0.0010 1.0000
vn -0.0286 0.0112 0.9995
vn -0.0389 0.0995 0.9943
vn 0.0137 0.0131 0.9998
vn 0.0068 0.0136 0.9999
vn 0.0084 0.0142 0.9999
vn -0.0134 -0.0677 0.9976
vn 0.0091 0.0412 0.9991
vn -0.0210 0.0179 0.9996
vn 0.0017 -0.0011 1.0000
vn 0.0080 0.0044 1.0000
vn -0.2426 -0.1560 0.9575
vn -0.0275 -0.0818 0.9963
vn 0.0224 0.0403 0.9989
vn -0.0024 0.0022 1.0000
vn 0.0031 -0.0049 1.0000
vn 0.0106 -0.0142 0.9998
vn -0.0028 0.0016 1.0000
vn -0.0057 -0.0005 1.0000
vn 0.0211 -0.0650 0.9977
vn 0.0038 -0.0038 1.0000
vn -0.0048 0.0080 1.0000
vn 0.0188 -0.0072 0.9998
vn -0.0080 0.0071 0.9999
vn 0.0090 -0.0016 1.0000
vn 0.0033 0.0023 1.0000
vn 0.0079 -0.0035 1.0000
vn -0.0002 -0.0273 0.9996
vn 0.0086 0.0205 0.9998
vn -0.0146 -0.0241 0.9996
vn -0.0549 0.1346 0.9894
vn -0.0154 0.0176 0.9997
vn -0.0152 0.0079 0.9999
vn 0.0082 0.0089 0.9999
vn 0.0015 -0.0302 0.9995
vn -0.0024 -0.0431 0.9991
vn -0.0239 0.0076 0.9997
vn 0.0069 0.0180 0.9998
vn -0.0081 0.0027 1.0000
vn -0.0164 0.0771 0.9969
vn 0.0053 0.0138 0.9999
vn -0.0137 -0.0055 0.9999
vn -0.0380 0.0076 0.9992
vn 0.0124 0.0074 0.9999
vn -0.0120 0.0108 0.9999
vn -0.0192 -0.0374 0.9991
vn 0.0083 0.0038 1.0000
vn -0.0079 -0.0096 0.9999
vn -0.0135 -0.0255 0.9996
vn -0.0027 0.0019 1.0000
vn -0.0037 0.0014 1.0000
vt 34.455479 15.004314
vt 34.433220 10.927207
vt 34.433220 16.918413
vt 32.597336 45.402939
vt 30.857346 44.933956
vt 33.564758 43.330982
vt 22.923595 -46.387146
vt 18.467443 -46.986488
vt 16.027689 -48.255760
vt -17.384510 -14.345982
vt -21.976643 4.390284
vt -23.992237 10.166191
vt -9.240378 -38.274872
vt -11.765934 -32.858288
vt -9.199667 -40.508747
vt -26.698471 22.552780
vt -26.231937 23.821428
vt -27.685564 27.827082
vt -25.132099 46.313107
vt -16.943924 49.046101
vt -33.696682 48.166298
vt 29.322805 46.729874
vt 33.161057 37.155785
vt 31.809229 39.850803
vt 31.669622 37.933167
vt 34.416023 35.194778
vt 30.914764 34.607967
vt -0.532886 14.688935
vt 4.855783 19.143387
vt -2.268564 18.024763
vt -16.847343 -9.140484
vt -17.830486 -8.998875
vt 26.335190 -43.655243
vt 22.842541 -44.858391
vt -17.861185 -6.768214
vt -18.886276 6.913624
vt -8.123880 -43.289131
vt -5.407501 -39.285137
vt -6.745329 -35.776482
vt -7.488113 -34.814171
vt -10.529087 -27.338278
vt -3.733513 -32.313992
vt -23.907288 25.483639
vt -23.818453 26.300343
vt -20.552147 46.863270
vt -26.805305 33.653179
vt -29.832598 37.815479
vt -29.543659 41.020706
vt -33.554951 44.907295
vt 34.510536 7.342468
vt 34.433220 10.910025
vt 34.433220 -8.894630
vt 20.093517 48.917141
vt 20.050236 47.072311
vt 25.817207 48.133411
vt 26.210072 45.248035
vt 25.686319 44.276436
vt 29.104202 44.046135
vt 27.018375 46.745667
vt 27.176468 47.001427
vt 29.352880 30.627611
vt 32.824142 33.177322
vt 33.980129 34.559067
vt 8.524520 20.375500
vt 11.065796 20.925539
vt 8.599514 24.263632
vt 4.114943 23.542826
vt -11.828046 -28.247063
vt -13.482667 -27.613457
vt -14.718930 -9.569799
vt -11.192019 -14.091707
vt -14.461651 -8.214723
vt -14.131456 -21.841249
vt -5.890592 -19.668007
vt -4.622472 -21.600332
vt -3.029985 -18.101732
vt -7.887706 -14.451164
vt -7.474219 -19.279610
vt -5.811417 -22.187916
vt -2.030475 -22.485405
vt 15.901669 -47.818356
vt 16.205133 -45.113655
vt 20.903748 -41.484230
vt 21.883669 -41.881996
vt 23.546919 -40.141033
vt 19.733709 -42.775696
vt 20.224392 -45.755989
vt 16.834942 -43.243912
vt -18.396866 -6.689878
vt -16.829500 -5.408785
vt -19.508263 4.761703
vt -18.170895 16.135712
vt -24.661335 16.518526
vt -20.802889 12.895092
vt 6.071183 25.437534
vt 3.763864 27.539108
vt 2.485044 24.021242
vt -33.848045 45.183338
vt -27.638687 37.149269
vt -27.992821 45.747948
vt -22.553501 24.360062
vt -25.658003 19.669847
vt -20.735456 19.820728
vt -26.117863 20.109308
vt 18.803627 43.916451
vt 27.019814 46.595989
vt 28.449707 43.378300
vt 27.860966 37.053974
vt 13.795486 23.160944
vt 14.631510 25.280640
vt 1.844621 32.012093
vt 4.833142 30.982964
vt 4.319014 33.792747
vt 14.212008 38.064014
vt 15.679715 35.023148
vt 15.898293 38.334991
vt 11.426978 33.888504
vt 11.047968 38.420319
vt 9.009006 49.367176
vt 10.435503 49.097446
vt 34.232529 32.454826
vt -7.166889 -21.310381
vt -7.700816 -24.270275
vt -11.229507 -15.499991
vt -7.779963 -21.279964
vt -10.307253 -24.198971
vt -2.081174 -27.559174
vt -3.818137 -24.310873
vt -1.056841 -22.887112
vt 15.551411 -48.143372
vt 11.401991 -48.367176
vt 15.218547 -45.274406
vt 4.059180 -47.811237
vt -3.992248 -47.364422
vt -1.720925 -12.839091
vt -3.475845 5.444241
vt -3.081837 3.502386
vt -1.517305 3.771131
vt -16.177097 -5.689307
vt -16.894926 -2.663765
vt -19.978142 0.539790
vt -16.717508 -1.175566
vt -14.943038 2.956425
vt -2.698503 20.995613
vt -4.310104 17.896538
vt -17.718382 13.487893
vt -18.147762 18.663353
vt -18.015020 22.202122
vt -13.694460 18.914299
vt -15.201900 15.584297
vt -16.253061 13.056696
vt -14.305154 12.991360
vt -21.037474 11.659305
vt -18.286613 9.391006
vt -18.448761 6.336032
vt -10.566604 4.280444
vt -14.695230 4.676881
vt -13.643149 3.221160
vt -24.166033 18.124546
vt -26.762665 19.094971
vt 1.933492 23.390112
vt 1.006822 23.650265
vt -22.080053 37.218098
vt -22.689878 41.044689
vt -24.863224 37.712708
vt -24.853367 36.571457
vt -22.178711 34.498245
vt -24.731581 32.210140
vt -25.863735 39.760750
vt -30.413700 43.288330
vt 1.663346 41.258663
vt 2.983555 42.490170
vt 0.084262 41.756165
vt -2.681080 23.147827
vt -4.821885 43.511475
vt -9.240009 47.994652
vt -10.245250 45.309174
vt -8.748329 41.745560
vt -5.669677 42.115162
vt -12.357632 42.126171
vt -7.680112 37.828384
vt -8.210127 38.861099
vt -9.614936 38.298843
vt -17.778847 43.882111
vt -18.910887 43.865875
vt -16.390980 41.998207
vt -18.197136 47.432495
vt -18.904987 22.034321
vt 16.990200 46.342587
vt 14.303296 44.000053
vt 13.029524 46.446579
vt 12.976102 46.562237
vt 28.689243 46.928352
vt 34.532810 19.308195
vt 34.433216 19.855507
vt 34.433216 16.935612
vt 25.799202 44.016586
vt 20.701307 40.328876
vt 17.975924 38.551762
vt 21.060368 39.386868
vt 29.644232 41.496067
vt 4.778572 29.674845
vt 17.748932 26.023073
vt 19.637585 22.238770
vt 21.410398 25.577858
vt 14.344649 27.812912
vt 16.357332 30.713003
vt 12.404012 29.824085
vt 15.255929 39.316143
vt 33.062969 32.571678
vt 31.610958 27.395294
vt 28.853590 30.184177
vt 3.348279 13.402531
vt 15.807507 20.094669
vt 13.570353 17.523321
vt 30.041201 19.672871
vt 28.957312 20.417433
vt 28.754063 18.610249
vt 29.295689 5.836635
vt 31.081436 9.076390
vt 27.849422 6.414799
vt 30.809937 3.607018
vt 28.914732 4.210794
vt 32.126308 7.529160
vt 30.816780 13.214496
vt -10.518993 -24.471268
vt -11.396397 -25.813032
vt -12.395693 -24.768822
vt -11.607662 -26.270725
vt -1.542271 -28.590240
vt -3.081610 -30.463037
vt -1.311259 -28.949314
vt 2.031863 -34.480644
vt 3.661406 -35.125175
vt 2.234798 -33.449455
vt 1.056865 -25.398058
vt 0.476909 -22.083179
vt 5.704977 -33.166855
vt 7.161455 -35.685112
vt 11.747492 -32.626804
vt 12.972439 -34.267109
vt 17.717316 -32.905113
vt -13.181379 -9.067248
vt -7.443165 1.648067
vt -6.905401 4.858736
vt -12.743393 -21.800917
vt -1.105384 -22.212671
vt -0.129880 -18.762575
vt -4.678356 -23.115328
vt 15.962978 -43.770893
vt 15.586433 -43.329231
vt 15.273325 -43.500347
vt -0.404865 -34.520088
vt -1.768157 -43.315609
vt -1.199336 -45.193508
vt -0.924423 -41.614601
vt 12.738910 -45.635723
vt 10.228911 -46.692192
vt 7.175449 -45.642590
vt 10.327917 -42.760490
vt 6.272843 -44.139046
vt 9.804586 -46.135334
vt 20.372492 -38.411377
vt 23.197504 -38.634571
vt 20.922533 -36.383217
vt 17.917519 -37.181461
vt 17.898205 -39.414970
vt 11.721941 -35.269878
vt 9.612293 -34.791656
vt 31.810287 -11.280973
vt 31.520086 -7.217151
vt 27.816935 -15.379885
vt 29.598053 -13.188519
vt 25.034941 -14.612368
vt 0.128776 -17.906446
vt 1.467910 -15.893959
vt -6.317431 -8.979828
vt 0.861254 -10.982869
vt 0.532741 -18.480642
vt 3.797576 -17.398766
vt 2.446336 -22.494984
vt 12.703677 -26.648642
vt 8.356152 -22.917599
vt 8.286134 -27.689949
vt 3.428617 -14.125034
vt 7.478730 -14.545519
vt 8.694247 -11.241957
vt 5.368007 8.456363
vt 9.501596 12.084060
vt -14.223841 -3.405280
vt -13.508974 0.532862
vt -8.348219 5.768985
vt -8.218997 20.326920
vt -10.644381 17.486712
vt -6.080945 16.995899
vt -11.970521 15.936377
vt -11.939849 19.532629
vt -11.748067 11.561765
vt -12.744040 14.857488
vt -5.883919 2.099605
vt -5.861317 1.839425
vt -6.264889 11.944795
vt -3.527170 14.199385
vt -5.132702 6.328224
vt -5.464492 9.407180
vt -15.824823 -5.267065
vt -13.797959 -4.594777
vt -14.154628 1.753229
vt -20.098581 2.514454
vt -9.189045 23.286945
vt -10.518272 22.422028
vt -11.958139 25.617640
vt -16.574099 12.674425
vt -16.537867 15.700778
vt -15.087449 16.769371
vt -14.326887 3.365476
vt 2.401181 23.766514
vt -21.260761 35.655937
vt -19.944593 38.325375
vt -18.936382 35.924114
vt -27.866060 44.683273
vt -18.958735 33.880123
vt -19.355766 25.277353
vt -25.738209 38.337406
vt -29.358538 39.359043
vt -23.391899 42.752563
vt -24.939337 43.822742
vt -21.734709 43.764984
vt 1.793774 33.491699
vt 0.710101 39.034729
vt 0.934201 40.087170
vt 4.367405 38.923031
vt -2.797833 37.355560
vt -4.812420 37.440975
vt -2.236088 35.048035
vt -1.256866 35.404663
vt 0.213551 34.890419
vt -1.177119 34.687370
vt -3.834069 41.859764
vt -3.773599 41.529465
vt -7.541690 21.040863
vt -4.340288 25.154734
vt 0.264501 28.220062
vt -1.091182 28.178766
vt -0.951464 25.475536
vt -4.557227 47.651539
vt -5.307221 49.367176
vt -12.123851 45.971821
vt -13.273735 49.271069
vt -21.239994 44.984104
vt -18.772877 44.840511
vt -15.347909 40.401791
vt -16.707050 35.249428
vt -13.239207 36.000141
vt -13.682238 41.325535
vt 18.648144 46.773060
vt 21.255175 39.484753
vt 25.364532 37.576630
vt 19.092468 37.422077
vt 29.044003 41.564827
vt 25.051018 28.334955
vt 26.107002 25.837925
vt 24.315527 28.035471
vt 7.948764 25.256969
vt 8.693853 27.082369
vt 17.319626 26.012882
vt 19.994629 27.091446
vt 23.955582 32.275826
vt 3.472338 36.682240
vt 6.075646 37.203796
vt 7.229333 36.202686
vt 9.514368 34.523293
vt 10.871100 38.711998
vt 10.407798 34.137768
vt 7.478247 30.951057
vt 3.148781 41.670677
vt 3.432430 42.025661
vt 10.466104 44.439110
vt 7.406304 43.703182
vt 32.742336 30.139988
vt 27.343454 25.003357
vt 26.328432 25.527016
vt 31.141228 26.217724
vt 31.654543 26.132751
vt 29.085220 24.312984
vt 31.448059 22.013943
vt 2.061697 13.047498
vt 0.480006 12.313854
vt 1.251940 9.248117
vt 9.133884 15.931349
vt 12.075027 12.478533
vt 12.115719 12.585973
vt 15.580398 13.019569
vt 9.584250 15.578156
vt 9.846202 15.356430
vt 20.235895 6.858600
vt 20.785706 9.709101
vt 15.400513 10.390399
vt 25.789776 15.904727
vt 29.898233 11.451663
vt 15.319403 22.630686
vt 18.331417 20.066519
vt 19.330101 19.958069
vt 16.372030 16.007460
vt 19.950174 15.211747
vt 21.718302 23.078644
vt 30.961475 11.562557
vt -10.927340 -27.014114
vt -12.673470 -25.752022
vt 4.247599 -38.377037
vt 8.758816 -38.365757
vt 3.322569 -37.542149
vt 3.140799 -40.026966
vt 9.951218 -37.382805
vt 11.476601 -38.910461
vt 13.039499 -22.437248
vt -10.225085 -7.790732
vt -10.366833 -7.777287
vt -12.435754 2.720273
vt -12.763820 -22.381752
vt 0.654808 -40.006893
vt 1.777524 -34.615833
vt -4.223028 -34.918301
vt 12.251216 -44.525211
vt 12.876892 -42.712479
vt 4.914496 -46.834850
vt 0.499793 -45.601185
vt 0.025803 -45.741096
vt 1.727064 -43.691036
vt 8.798533 -47.321301
vt 13.559413 -40.552406
vt 15.268241 -35.223450
vt 18.114534 -35.244675
vt 15.006626 -41.810268
vt 30.556015 -30.975527
vt 27.284554 -29.703522
vt 25.341297 -32.617455
vt 23.137630 -32.687943
vt 24.547798 -36.909283
vt -8.048219 -8.529878
vt 4.295445 -8.194621
vt 0.252050 -10.358462
vt 2.285034 -20.330191
vt 4.632016 -15.431488
vt 5.824751 -16.811699
vt 4.329254 8.480641
vt 3.124220 3.058598
vt 6.146749 -0.066251
vt 9.572536 1.302221
vt 9.765144 -5.488353
vt 5.415017 -3.965174
vt 1.044269 4.324486
vt 18.431831 5.438841
vt 12.944050 -0.091765
vt 12.058871 3.106549
vt 22.822504 -16.869968
vt 23.016062 -17.613049
vt 23.357677 -11.199716
vt 12.684650 -11.965724
vt 9.607512 -14.210927
vt 13.273186 -16.296652
vt 11.543818 -7.298842
vt 12.836494 -4.119645
vt 16.446650 -5.450094
vt -12.831024 8.232714
vt -11.567037 20.191448
vt -10.075497 13.414476
vt -1.064844 13.673856
vt -4.943963 5.354584
vt -1.756052 6.877751
vt -4.513337 11.554645
vt -19.783934 3.554626
vt -12.784439 15.660419
vt -21.576193 41.312325
vt -16.024961 40.409966
vt -25.013350 43.880203
vt -17.978231 27.160700
vt -17.146782 27.362213
vt -16.930225 29.074699
vt -12.932518 29.902712
vt -29.030310 38.166290
vt -5.276978 28.166746
vt -3.737921 31.643467
vt -7.262163 28.554052
vt -6.733789 40.686306
vt 1.576969 33.637535
vt -5.126238 39.646488
vt -11.651849 29.763100
vt -12.148832 30.876242
vt -10.613325 30.157207
vt -9.531912 26.214560
vt -4.922297 27.400743
vt -7.283663 48.818619
vt -12.983779 43.212181
vt -15.146261 48.546349
vt -18.159966 34.776482
vt -13.767964 34.985546
vt -11.801964 32.122456
vt -12.288855 40.434193
vt 17.996073 34.515408
vt 26.961288 32.225574
vt 15.761436 24.859760
vt 22.309662 26.205769
vt 24.110060 30.010578
vt 24.475464 31.721060
vt 6.622117 40.530693
vt 8.445225 43.555412
vt 10.309404 32.650108
vt 5.483321 28.154301
vt 9.425277 47.120399
vt 11.098061 43.409004
vt 34.031784 27.275801
vt 34.477070 -8.911819
vt 34.433216 -48.367176
vt 34.547913 -12.278266
vt 26.438231 22.668386
vt 23.184866 21.381687
vt 28.956310 24.548872
vt 29.264231 20.546192
vt 30.202896 20.026310
vt 9.311433 15.795622
vt 13.934057 8.811683
vt 14.295465 4.648879
vt 15.218708 12.074650
vt 20.503586 13.694390
vt 27.150387 17.963293
vt 15.865877 16.648130
vt 21.173512 22.709862
vt 22.720644 21.087887
vt 21.475632 22.719625
vt 6.628669 -40.567780
vt 9.358415 -36.036961
vt 9.560295 -38.683903
vt 6.187250 -29.713577
vt 3.308941 -25.980526
vt 2.505742 -28.353977
vt 0.391380 -28.636789
vt 9.278647 -18.915503
vt 13.004823 -27.009184
vt 17.073507 -25.165966
vt 15.789562 -22.145014
vt 0.130830 -40.225231
vt -3.347098 -33.735207
vt 0.513447 -40.325016
vt 9.190844 -46.909557
vt 28.541420 -41.098553
vt 28.002100 -40.504261
vt 27.940527 -42.386002
vt 16.096220 -40.021500
vt 17.007835 -35.797691
vt 28.802654 -38.976326
vt 27.646996 -38.134727
vt 28.013550 -36.621117
vt 24.971363 -19.111515
vt 24.137396 -24.507126
vt 22.567585 -18.998032
vt 20.131073 -20.835375
vt 25.694607 -24.733324
vt 26.779169 -28.273621
vt 21.487906 -34.986732
vt 26.013903 -38.854877
vt 31.394203 -12.954530
vt 31.634382 -14.867717
vt 29.342388 -15.793837
vt 31.300528 -17.051704
vt 22.635397 -17.747082
vt 19.485252 -19.081366
vt 19.260067 -16.990664
vt -8.940268 -5.238842
vt -3.624975 1.186362
vt -2.815464 -0.610115
vt 2.859180 0.721738
vt 8.466454 -7.791527
vt 1.946438 -21.935017
vt 3.526629 -21.384497
vt 1.710913 -20.404846
vt 1.472087 8.307235
vt 22.888683 5.638554
vt 23.266529 3.486375
vt 20.636127 4.062232
vt 26.584620 5.858402
vt 27.065430 5.029993
vt 19.739408 5.055134
vt 12.468738 -2.714441
vt 15.856729 3.615145
vt 18.138416 -3.200264
vt 9.297854 7.672106
vt 28.019609 3.091656
vt 26.782265 2.922526
vt 30.035566 0.849681
vt 29.686939 0.690869
vt 20.076836 -20.370949
vt 14.429482 -15.036386
vt 16.832809 -15.307284
vt 17.368006 -16.304256
vt 12.469396 -11.669802
vt 15.405510 -10.662929
vt -9.320917 11.902868
vt -9.056257 12.273570
vt -3.986256 5.652368
vt -3.189192 13.443491
vt -3.088310 10.195435
vt -26.568472 44.960171
vt -17.289013 31.137707
vt -20.062052 28.087601
vt -21.266764 29.157534
vt -22.300571 31.842655
vt -3.260578 33.376492
vt -10.991220 31.898216
vt -7.495713 38.987366
vt -9.967628 27.318981
vt -12.149320 45.146881
vt -18.157251 46.341564
vt -10.319802 38.807240
vt 20.244808 35.684978
vt 17.547422 35.055218
vt 25.511265 32.616795
vt 24.541687 29.866743
vt 9.031607 48.748917
vt 11.817532 40.949242
vt 33.097759 20.545036
vt 21.410421 10.632237
vt 21.723587 15.497423
vt 26.244356 19.879757
vt 4.452927 -39.458561
vt 8.353323 -41.145378
vt 2.003307 -28.921539
vt 6.354291 -32.204193
vt 0.768867 -28.482582
vt 12.001409 -20.970551
vt 23.290779 -18.761370
vt 30.574751 -20.853521
vt 31.050097 -24.660336
vt 27.352352 -26.393709
vt 20.963867 -29.461136
vt 30.871078 -12.434853
vt 30.912680 -14.085738
vt -8.087873 -5.758273
vt 9.657087 -8.028156
vt 4.361442 -6.783234
vt 0.393565 -0.933998
vt 4.327322 -23.601097
vt 5.066500 -19.630838
vt 2.403960 -22.364655
vt 25.702034 4.018661
vt 20.685326 5.788300
vt 15.491882 -3.320630
vt 20.731491 -3.342060
vt 30.730175 -4.544655
vt 30.603607 -4.496978
vt 31.107822 -1.589692
vt 29.656887 -2.421207
vt 27.347744 2.498320
vt 26.713604 -0.949319
vt 16.256634 -11.177447
vt 16.713177 -11.314210
vt 16.151215 -18.551632
vt 16.994116 -15.798288
vt 18.787390 -10.685639
vt 29.959904 -1.145731
vt 25.596659 -2.831538
vt 24.960728 -2.210593
vt 11.367956 -8.195414
vt -17.230118 35.173294
vt -19.193968 27.098810
vt -23.675060 32.069260
vt -11.550098 37.745945
vt 33.385609 26.010435
vt 21.355686 13.620358
vt 23.183710 11.714855
vt 25.524370 9.333866
vt 27.830284 20.360018
vt 5.756597 -32.732117
vt 31.310886 -21.198141
vt 27.617329 -27.033974
vt 18.898180 -25.266138
vt 17.320782 -28.634235
vt 24.319094 -31.669136
vt -6.643482 -6.235420
vt -2.637783 -6.269086
vt -3.976217 0.420901
vt -2.457781 -9.589859
vt 0.293455 -5.854462
vt 7.243185 -21.493378
vt 14.312034 0.824103
vt 24.207865 1.099018
vt 18.791685 -7.279315
vt 21.282291 -13.863461
vt 20.555496 -10.707891
vt 29.662422 -4.321063
vt 22.382650 -5.619863
vt -22.363010 31.682415
vt 24.321400 13.272713
vt 25.275398 10.224164
vt 19.445347 -29.120367
vt 3.715903 -7.485222
vt 4.008275 -6.434950
vt 2.025946 -5.351595
vt 2.842896 -6.477355
vt 1.545078 -8.925679
vt 2.334532 -6.318762
vt 0.371704 -3.351452
vt 15.016359 -2.102212
vt 22.951036 -10.324956
vt 22.270823 -8.546478
vt 25.705624 -4.693929
vt 21.529228 -5.389063
vt 1.047365 -1.874264
vt 23.945927 -9.731597
vt 21.694397 -6.373944
vt 27.427969 -7.062379
vt 20.974392 -7.603960
s 1
usemtl material_0
f 87/1/1 229/2/2 461/3/3
f 299/4/4 698/5/5 484/6/6
f 229/7/2 699/8/7 148/9/8
f 633/10/9 238/11/10 468/12/11
f 561/13/12 359/14/13 255/15/14
f 630/16/15 569/17/16 88/18/17
f 261/19/18 25/20/19 231/21/20
f 632/22/21 698/5/5 299/4/4
f 199/23/22 268/24/23 32/25/24
f 268/24/23 199/23/22 484/6/6
f 199/23/22 132/26/25 484/6/6
f 601/27/26 199/23/22 32/25/24
f 253/28/27 428/29/28 539/30/29
f 633/10/9 43/31/30 20/32/31
f 87/33/1 122/34/32 229/7/2
f 43/31/30 512/35/33 20/32/31
f 238/11/10 346/36/34 468/12/11
f 221/37/35 520/38/36 255/15/14
f 520/38/36 561/13/12 255/15/14
f 561/13/12 520/38/36 244/39/37
f 561/13/12 658/40/38 359/14/13
f 658/40/38 561/13/12 244/39/37
f 228/41/39 658/40/38 550/42/40
f 658/40/38 228/41/39 359/14/13
f 88/18/17 424/43/41 123/44/42
f 569/17/16 424/43/41 88/18/17
f 261/19/18 479/45/43 25/20/19
f 90/46/44 497/47/45 88/18/17
f 35/48/46 257/49/47 497/47/45
f 25/50/19 532/51/48 231/52/20
f 358/53/49 533/54/50 14/55/51
f 533/54/50 351/56/52 14/55/51
f 351/56/52 533/54/50 638/57/53
f 632/22/21 335/58/54 698/5/5
f 462/59/55 270/60/56 14/55/51
f 601/27/26 294/61/57 373/62/58
f 199/23/22 438/63/59 132/26/25
f 601/27/26 438/63/59 199/23/22
f 438/63/59 601/27/26 373/62/58
f 528/64/60 111/65/61 415/66/62
f 207/67/63 528/64/60 415/66/62
f 528/64/60 207/67/63 428/29/28
f 359/14/13 55/68/64 138/69/65
f 228/41/39 55/68/64 359/14/13
f 64/70/66 43/31/30 633/10/9
f 47/71/67 64/70/66 633/10/9
f 43/31/30 64/70/66 457/72/68
f 251/73/69 633/10/9 138/69/65
f 432/74/70 598/75/71 677/76/72
f 432/74/70 2/77/73 48/78/74
f 2/77/73 432/74/70 677/76/72
f 432/74/70 491/79/75 598/75/71
f 598/75/71 356/80/76 677/76/72
f 699/8/7 5/81/77 148/9/8
f 254/82/78 5/81/77 699/8/7
f 143/83/79 357/84/80 618/85/81
f 357/84/80 87/33/1 618/85/81
f 357/84/80 122/34/32 87/33/1
f 469/86/82 357/84/80 143/83/79
f 357/84/80 469/86/82 122/34/32
f 469/86/82 368/87/83 122/34/32
f 368/87/83 699/8/7 229/7/2
f 122/34/32 368/87/83 229/7/2
f 368/87/83 469/86/82 317/88/84
f 254/82/78 368/87/83 317/88/84
f 368/87/83 254/82/78 699/8/7
f 512/35/33 339/89/85 20/32/31
f 177/90/86 339/89/85 512/35/33
f 339/89/85 633/10/9 20/32/31
f 339/89/85 238/11/10 633/10/9
f 203/91/87 346/36/34 238/11/10
f 691/92/88 389/93/89 363/94/90
f 363/94/90 389/93/89 468/12/11
f 562/95/91 207/67/63 415/66/62
f 207/67/63 562/95/91 596/96/92
f 44/97/93 207/67/63 596/96/92
f 497/47/45 338/98/94 88/18/17
f 257/49/47 338/98/94 497/47/45
f 338/98/94 257/49/47 231/21/20
f 90/46/44 644/99/95 497/47/45
f 509/100/96 261/19/18 231/21/20
f 257/49/47 509/100/96 231/21/20
f 307/101/97 424/43/41 569/17/16
f 424/43/41 307/101/97 123/44/42
f 307/101/97 212/102/98 397/103/99
f 307/101/97 569/17/16 630/16/15
f 407/104/100 307/101/97 630/16/15
f 307/101/97 407/104/100 212/102/98
f 533/54/50 312/105/101 638/57/53
f 190/106/102 462/59/55 14/55/51
f 351/56/52 190/106/102 14/55/51
f 335/58/54 190/106/102 351/56/52
f 190/106/102 270/60/56 462/59/55
f 470/107/103 335/58/54 351/56/52
f 94/108/104 601/27/26 32/25/24
f 111/65/61 136/109/105 415/66/62
f 136/109/105 526/110/106 415/66/62
f 613/111/107 646/112/108 430/113/109
f 7/114/110 614/115/111 499/116/112
f 7/114/110 159/117/113 614/115/111
f 159/117/113 7/114/110 306/118/114
f 384/119/115 406/120/116 358/53/49
f 324/121/117 438/63/59 373/62/58
f 438/63/59 324/121/117 132/26/25
f 491/79/75 75/122/118 39/123/119
f 75/122/118 432/74/70 48/78/74
f 432/74/70 75/122/118 491/79/75
f 105/124/120 47/71/67 633/10/9
f 251/73/69 105/124/120 633/10/9
f 2/77/73 105/124/120 48/78/74
f 105/124/120 2/77/73 47/71/67
f 502/125/121 75/122/118 48/78/74
f 502/125/121 126/126/122 39/123/119
f 75/122/118 502/125/121 39/123/119
f 408/127/123 256/128/124 39/123/119
f 154/129/125 256/128/124 408/127/123
f 256/128/124 154/129/125 356/80/76
f 161/130/126 404/131/127 148/9/8
f 5/81/77 161/130/126 148/9/8
f 446/132/128 5/81/77 254/82/78
f 446/132/128 161/130/126 5/81/77
f 404/131/127 654/133/129 187/134/130
f 616/135/131 2/77/73 677/76/72
f 565/136/132 478/137/133 696/138/134
f 663/139/135 177/90/86 512/35/33
f 663/139/135 43/31/30 457/72/68
f 663/139/135 512/35/33 43/31/30
f 518/140/136 339/89/85 177/90/86
f 337/141/137 518/140/136 402/142/138
f 400/143/139 337/141/137 402/142/138
f 339/89/85 337/141/137 238/11/10
f 518/140/136 337/141/137 339/89/85
f 543/144/140 513/145/141 539/30/29
f 580/146/142 691/92/88 363/94/90
f 691/92/88 659/147/143 397/103/99
f 85/148/144 659/147/143 182/149/145
f 237/150/146 434/151/147 245/152/148
f 594/153/149 363/94/90 468/12/11
f 346/36/34 594/153/149 468/12/11
f 645/154/150 594/153/149 346/36/34
f 594/153/149 580/146/142 363/94/90
f 580/146/142 594/153/149 645/154/150
f 436/155/151 645/154/150 346/36/34
f 203/91/87 436/155/151 346/36/34
f 173/156/152 83/157/153 53/158/154
f 400/143/139 83/157/153 203/91/87
f 83/157/153 436/155/151 203/91/87
f 212/102/98 514/159/155 397/103/99
f 514/159/155 691/92/88 397/103/99
f 514/159/155 389/93/89 691/92/88
f 407/104/100 493/160/156 212/102/98
f 493/160/156 514/159/155 212/102/98
f 514/159/155 493/160/156 389/93/89
f 389/93/89 493/160/156 468/12/11
f 493/160/156 633/10/9 468/12/11
f 493/160/156 407/104/100 630/16/15
f 493/160/156 630/16/15 88/18/17
f 338/98/94 493/160/156 88/18/17
f 63/161/157 44/97/93 584/162/158
f 428/29/28 63/161/157 539/30/29
f 207/67/63 63/161/157 428/29/28
f 63/161/157 543/144/140 539/30/29
f 543/144/140 63/161/157 584/162/158
f 527/163/159 466/164/160 382/165/161
f 669/166/162 644/99/95 90/46/44
f 669/166/162 527/163/159 382/165/161
f 527/163/159 669/166/162 473/167/163
f 486/168/164 88/18/17 123/44/42
f 486/168/164 90/46/44 88/18/17
f 486/168/164 669/166/162 90/46/44
f 669/166/162 486/168/164 473/167/163
f 466/164/160 8/169/165 382/165/161
f 35/48/46 441/170/166 257/49/47
f 441/170/166 509/100/96 257/49/47
f 274/171/167 125/172/168 183/173/169
f 141/174/170 543/144/140 584/162/158
f 116/175/171 277/176/172 225/177/173
f 230/178/174 116/175/171 225/177/173
f 116/175/171 230/178/174 690/179/175
f 23/180/176 230/178/174 225/177/173
f 241/181/177 109/182/178 501/183/179
f 578/184/180 631/185/181 114/186/182
f 479/45/43 667/187/183 25/20/19
f 673/188/184 307/101/97 397/103/99
f 659/147/143 673/188/184 397/103/99
f 673/188/184 659/147/143 85/148/144
f 312/105/101 278/189/185 530/190/186
f 278/189/185 328/191/187 530/190/186
f 328/191/187 278/189/185 409/192/188
f 406/120/116 278/189/185 358/53/49
f 278/189/185 406/120/116 409/192/188
f 444/193/189 335/58/54 632/22/21
f 444/193/189 190/106/102 335/58/54
f 190/106/102 444/193/189 270/60/56
f 444/194/189 632/195/21 14/196/51
f 270/60/56 444/193/189 14/55/51
f 482/197/190 351/56/52 638/57/53
f 482/197/190 470/107/103 351/56/52
f 312/105/101 552/198/191 638/57/53
f 552/198/191 482/197/190 638/57/53
f 149/199/192 552/198/191 312/105/101
f 552/198/191 149/199/192 651/200/193
f 470/107/103 481/201/194 335/58/54
f 268/24/23 481/201/194 32/25/24
f 481/201/194 94/108/104 32/25/24
f 335/58/54 481/201/194 698/5/5
f 481/201/194 268/24/23 484/6/6
f 698/5/5 481/201/194 484/6/6
f 568/202/195 646/112/108 613/111/107
f 517/203/196 679/204/197 170/205/198
f 557/206/199 288/207/200 559/208/201
f 159/117/113 288/207/200 614/115/111
f 288/207/200 159/117/113 559/208/201
f 147/209/202 7/114/110 499/116/112
f 147/209/202 312/105/101 530/190/186
f 149/199/192 147/209/202 499/116/112
f 147/209/202 149/199/192 312/105/101
f 294/61/57 197/210/203 373/62/58
f 197/210/203 324/121/117 373/62/58
f 448/211/204 294/61/57 551/212/205
f 334/213/206 428/29/28 253/28/27
f 419/214/207 136/109/105 111/65/61
f 371/215/208 419/214/207 111/65/61
f 164/216/209 233/217/210 529/218/211
f 607/219/212 474/220/213 280/221/214
f 476/222/215 607/219/212 355/223/216
f 607/219/212 401/224/217 474/220/213
f 476/222/215 401/224/217 607/219/212
f 52/225/218 164/216/209 529/218/211
f 360/226/219 228/41/39 39/123/119
f 126/126/122 360/226/219 39/123/119
f 181/227/220 360/226/219 540/228/221
f 55/68/64 145/229/222 138/69/65
f 78/230/223 158/231/224 354/232/225
f 158/231/224 78/230/223 408/127/123
f 158/231/224 228/41/39 550/42/40
f 228/41/39 158/231/224 39/123/119
f 158/231/224 408/127/123 39/123/119
f 606/233/226 204/234/227 538/235/228
f 154/129/125 179/236/229 361/237/230
f 179/236/229 154/129/125 408/127/123
f 204/234/227 140/238/231 538/235/228
f 140/238/231 204/234/227 201/239/232
f 566/240/233 236/241/234 215/242/235
f 40/243/236 64/70/66 47/71/67
f 64/70/66 40/243/236 457/72/68
f 173/156/152 425/244/237 350/245/238
f 105/124/120 323/246/239 48/78/74
f 323/246/239 105/124/120 251/73/69
f 323/246/239 502/125/121 48/78/74
f 502/125/121 323/246/239 126/126/122
f 342/247/240 154/129/125 361/237/230
f 154/129/125 342/247/240 356/80/76
f 106/248/241 342/247/240 361/237/230
f 356/80/76 342/247/240 677/76/72
f 342/247/240 106/248/241 677/76/72
f 3/249/242 356/80/76 598/75/71
f 3/249/242 256/128/124 356/80/76
f 491/79/75 3/249/242 598/75/71
f 3/249/242 491/79/75 39/123/119
f 256/128/124 3/249/242 39/123/119
f 558/250/243 27/251/244 676/252/245
f 558/250/243 446/132/128 254/82/78
f 446/132/128 558/250/243 676/252/245
f 558/250/243 254/82/78 317/88/84
f 27/251/244 558/250/243 317/88/84
f 488/253/246 158/231/224 550/42/40
f 354/232/225 488/253/246 538/235/228
f 158/231/224 488/253/246 354/232/225
f 289/254/247 221/37/35 187/134/130
f 410/255/248 289/254/247 187/134/130
f 289/254/247 520/38/36 221/37/35
f 289/254/247 536/256/249 520/38/36
f 161/130/126 639/257/250 404/131/127
f 446/132/128 639/257/250 161/130/126
f 639/257/250 69/258/251 404/131/127
f 450/259/252 188/260/253 246/261/254
f 188/260/253 450/259/252 11/262/255
f 674/263/256 223/264/257 103/265/258
f 223/264/257 143/83/79 618/85/81
f 223/264/257 674/263/256 143/83/79
f 467/266/259 674/263/256 103/265/258
f 329/267/260 469/86/82 143/83/79
f 674/263/256 329/267/260 143/83/79
f 467/266/259 329/267/260 674/263/256
f 469/86/82 329/267/260 317/88/84
f 364/268/261 566/240/233 79/269/262
f 566/240/233 364/268/261 236/241/234
f 192/270/263 401/224/217 316/271/264
f 700/272/265 455/273/266 195/274/267
f 106/248/241 619/275/268 677/76/72
f 619/275/268 616/135/131 677/76/72
f 616/135/131 619/275/268 66/276/269
f 616/135/131 611/277/270 2/77/73
f 303/278/271 616/135/131 66/276/269
f 104/279/272 619/275/268 106/248/241
f 104/279/272 332/280/273 66/276/269
f 619/275/268 104/279/272 66/276/269
f 179/236/229 169/281/274 361/237/230
f 647/282/275 680/283/276 521/284/277
f 184/285/278 303/278/271 66/276/269
f 184/285/278 34/286/279 166/287/280
f 334/213/206 612/288/281 490/289/282
f 210/290/283 54/291/284 402/142/138
f 518/140/136 210/290/283 402/142/138
f 544/292/285 173/156/152 350/245/238
f 656/293/286 452/294/287 471/295/288
f 628/296/289 452/294/287 182/149/145
f 452/294/287 534/297/290 182/149/145
f 162/298/291 296/299/292 245/152/148
f 296/299/292 237/150/146 245/152/148
f 425/244/237 413/300/293 350/245/238
f 413/300/293 425/244/237 372/301/294
f 86/302/295 240/303/296 471/295/288
f 240/303/296 513/145/141 471/295/288
f 240/303/296 253/28/27 539/30/29
f 513/145/141 240/303/296 539/30/29
f 483/304/297 544/292/285 350/245/238
f 483/304/297 460/305/298 544/292/285
f 663/139/135 694/306/299 177/90/86
f 694/306/299 518/140/136 177/90/86
f 694/306/299 210/290/283 518/140/136
f 210/290/283 694/306/299 41/307/300
f 41/307/300 694/306/299 457/72/68
f 694/306/299 663/139/135 457/72/68
f 54/291/284 176/308/301 402/142/138
f 176/308/301 400/143/139 402/142/138
f 337/141/137 295/309/302 238/11/10
f 295/309/302 337/141/137 400/143/139
f 262/310/303 563/311/304 656/293/286
f 563/311/304 262/310/303 249/312/305
f 580/146/142 564/313/306 434/151/147
f 564/313/306 580/146/142 645/154/150
f 434/151/147 564/313/306 245/152/148
f 591/314/307 580/146/142 434/151/147
f 237/150/146 591/314/307 434/151/147
f 580/146/142 591/314/307 691/92/88
f 591/314/307 659/147/143 691/92/88
f 391/315/308 591/314/307 237/150/146
f 659/147/143 391/315/308 182/149/145
f 591/314/307 391/315/308 659/147/143
f 83/157/153 655/316/309 53/158/154
f 655/316/309 83/157/153 400/143/139
f 655/316/309 176/308/301 53/158/154
f 176/308/301 655/316/309 400/143/139
f 44/97/93 615/317/310 207/67/63
f 615/317/310 63/161/157 207/67/63
f 63/161/157 615/317/310 44/97/93
f 275/318/311 527/163/159 473/167/163
f 527/163/159 1/319/312 466/164/160
f 1/319/312 275/318/311 151/320/313
f 275/318/311 1/319/312 527/163/159
f 506/321/314 441/170/166 35/48/46
f 441/170/166 506/321/314 509/100/96
f 8/169/165 506/321/314 35/48/46
f 275/318/311 516/322/315 151/320/313
f 516/322/315 275/318/311 473/167/163
f 505/323/316 673/188/184 85/148/144
f 673/188/184 505/323/316 307/101/97
f 8/169/165 385/324/317 382/165/161
f 385/324/317 8/169/165 644/99/95
f 385/324/317 669/166/162 382/165/161
f 669/166/162 385/324/317 644/99/95
f 475/325/318 8/169/165 35/48/46
f 475/325/318 35/48/46 497/47/45
f 298/326/319 8/169/165 466/164/160
f 8/169/165 298/326/319 285/327/320
f 285/327/320 298/326/319 590/328/321
f 189/329/322 613/111/107 430/113/109
f 110/330/323 160/331/324 183/173/169
f 160/331/324 274/171/167 183/173/169
f 657/332/325 160/331/324 110/330/323
f 160/331/324 657/332/325 274/171/167
f 214/333/326 605/334/327 693/335/328
f 292/336/329 421/337/330 110/330/323
f 214/333/326 292/336/329 110/330/323
f 292/336/329 276/338/331 421/337/330
f 292/336/329 214/333/326 693/335/328
f 276/338/331 292/336/329 693/335/328
f 116/175/171 353/339/332 183/173/169
f 353/339/332 116/175/171 690/179/175
f 93/340/333 110/330/323 183/173/169
f 93/340/333 214/333/326 110/330/323
f 353/339/332 93/340/333 183/173/169
f 93/340/333 353/339/332 690/179/175
f 45/341/334 141/174/170 205/342/335
f 45/341/334 262/310/303 656/293/286
f 262/310/303 45/341/334 205/342/335
f 141/174/170 45/341/334 543/144/140
f 45/341/334 513/145/141 543/144/140
f 45/341/334 656/293/286 471/295/288
f 513/145/141 45/341/334 471/295/288
f 573/343/336 44/97/93 596/96/92
f 9/344/337 573/343/336 613/111/107
f 568/202/195 573/343/336 596/96/92
f 573/343/336 568/202/195 613/111/107
f 141/174/170 198/345/338 205/342/335
f 198/345/338 9/344/337 205/342/335
f 198/345/338 141/174/170 584/162/158
f 198/345/338 573/343/336 9/344/337
f 44/97/93 198/345/338 584/162/158
f 573/343/336 198/345/338 44/97/93
f 15/346/339 116/175/171 183/173/169
f 125/172/168 15/346/339 183/173/169
f 15/346/339 384/119/115 128/347/340
f 15/346/339 125/172/168 384/119/115
f 277/176/172 665/348/341 225/177/173
f 665/348/341 277/176/172 532/349/48
f 631/185/181 585/350/342 590/328/321
f 585/350/342 479/45/43 261/19/18
f 585/350/342 285/327/320 590/328/321
f 285/327/320 585/350/342 261/19/18
f 581/351/343 631/185/181 578/184/180
f 585/350/342 581/351/343 479/45/43
f 581/351/343 585/350/342 631/185/181
f 252/352/344 172/353/345 331/354/346
f 252/352/344 42/355/347 114/186/182
f 464/356/348 312/105/101 533/54/50
f 464/356/348 278/189/185 312/105/101
f 464/356/348 533/54/50 358/53/49
f 278/189/185 464/356/348 358/53/49
f 482/197/190 383/357/349 72/358/350
f 383/357/349 552/198/191 651/200/193
f 552/198/191 383/357/349 482/197/190
f 149/199/192 412/359/351 651/200/193
f 482/197/190 660/360/352 470/107/103
f 660/360/352 481/201/194 470/107/103
f 660/360/352 482/197/190 72/358/350
f 94/108/104 660/360/352 72/358/350
f 481/201/194 660/360/352 94/108/104
f 442/361/353 388/362/354 551/212/205
f 442/361/353 95/363/355 388/362/354
f 194/364/356 562/95/91 415/66/62
f 422/365/357 557/206/199 559/208/201
f 194/364/356 422/365/357 562/95/91
f 422/365/357 194/364/356 415/66/62
f 526/110/106 422/365/357 415/66/62
f 557/206/199 422/365/357 526/110/106
f 10/366/358 557/206/199 526/110/106
f 10/366/358 288/207/200 557/206/199
f 288/207/200 10/366/358 517/203/196
f 84/367/359 517/203/196 170/205/198
f 84/367/359 288/207/200 517/203/196
f 288/207/200 84/367/359 549/368/360
f 421/337/330 440/369/361 110/330/323
f 440/369/361 657/332/325 110/330/323
f 440/369/361 189/329/322 430/113/109
f 379/370/362 440/369/361 430/113/109
f 657/332/325 440/369/361 379/370/362
f 308/371/363 463/372/364 306/118/114
f 76/373/365 308/371/363 306/118/114
f 308/371/363 379/370/362 430/113/109
f 553/374/366 159/117/113 306/118/114
f 463/372/364 553/374/366 306/118/114
f 646/112/108 124/375/367 430/113/109
f 124/375/367 308/371/363 430/113/109
f 308/371/363 124/375/367 463/372/364
f 568/202/195 124/375/367 646/112/108
f 124/375/367 422/365/357 559/208/201
f 657/332/325 282/376/368 274/171/167
f 523/377/369 282/376/368 657/332/325
f 274/171/167 282/376/368 125/172/168
f 282/376/368 523/377/369 125/172/168
f 51/378/370 328/191/187 409/192/188
f 523/377/369 70/379/371 125/172/168
f 197/210/203 279/380/372 324/121/117
f 279/380/372 197/210/203 294/61/57
f 448/211/204 279/380/372 294/61/57
f 388/362/354 248/381/373 551/212/205
f 248/381/373 388/362/354 235/382/374
f 448/211/204 318/383/375 666/384/376
f 318/383/375 507/385/377 666/384/376
f 318/383/375 448/211/204 551/212/205
f 248/381/373 318/383/375 551/212/205
f 507/385/377 390/386/378 666/384/376
f 597/387/379 313/388/380 193/389/381
f 313/388/380 597/387/379 253/28/27
f 597/387/379 334/213/206 253/28/27
f 593/390/382 334/213/206 490/289/282
f 334/213/206 593/390/382 428/29/28
f 593/390/382 528/64/60 428/29/28
f 528/64/60 593/390/382 111/65/61
f 593/390/382 371/215/208 111/65/61
f 18/391/383 541/392/384 490/289/282
f 541/392/384 695/393/385 371/215/208
f 688/394/386 71/395/387 371/215/208
f 71/395/387 541/392/384 371/215/208
f 71/395/387 688/394/386 490/289/282
f 541/392/384 71/395/387 490/289/282
f 6/396/388 108/397/389 139/398/390
f 108/397/389 695/393/385 139/398/390
f 678/399/391 133/400/392 52/225/218
f 419/214/207 311/401/393 136/109/105
f 679/204/197 144/402/394 495/403/395
f 311/401/393 144/402/394 679/204/197
f 144/402/394 311/401/393 419/214/207
f 243/404/396 695/393/385 395/405/397
f 243/404/396 395/405/397 495/403/395
f 144/402/394 243/404/396 495/403/395
f 388/362/354 46/406/398 235/382/374
f 362/407/399 133/400/392 474/220/213
f 133/400/392 362/407/399 52/225/218
f 401/224/217 362/407/399 474/220/213
f 360/226/219 571/408/400 228/41/39
f 571/408/400 360/226/219 181/227/220
f 145/229/222 571/408/400 181/227/220
f 571/408/400 55/68/64 228/41/39
f 571/408/400 145/229/222 55/68/64
f 145/229/222 692/409/401 138/69/65
f 692/409/401 251/73/69 138/69/65
f 251/73/69 692/409/401 540/228/221
f 692/409/401 181/227/220 540/228/221
f 692/409/401 145/229/222 181/227/220
f 426/410/402 227/411/403 201/239/232
f 426/410/402 204/234/227 437/412/404
f 204/234/227 426/410/402 201/239/232
f 416/413/405 426/410/402 437/412/404
f 364/268/261 81/414/406 608/415/407
f 697/416/408 680/283/276 647/282/275
f 376/417/409 531/418/410 47/71/67
f 531/418/410 40/243/236 47/71/67
f 531/418/410 41/307/300 457/72/68
f 40/243/236 531/418/410 457/72/68
f 425/244/237 447/419/411 54/291/284
f 447/419/411 425/244/237 173/156/152
f 447/419/411 173/156/152 53/158/154
f 176/308/301 447/419/411 53/158/154
f 447/419/411 176/308/301 54/291/284
f 234/420/412 251/73/69 540/228/221
f 234/420/412 323/246/239 251/73/69
f 323/246/239 234/420/412 126/126/122
f 360/226/219 234/420/412 540/228/221
f 234/420/412 360/226/219 126/126/122
f 488/253/246 26/421/413 437/412/404
f 26/421/413 416/413/405 437/412/404
f 196/422/414 488/253/246 437/412/404
f 204/234/227 196/422/414 437/412/404
f 196/422/414 204/234/227 606/233/226
f 196/422/414 606/233/226 538/235/228
f 488/253/246 196/422/414 538/235/228
f 520/38/36 22/423/415 244/39/37
f 658/40/38 22/423/415 550/42/40
f 22/423/415 658/40/38 244/39/37
f 59/424/416 188/260/253 11/262/255
f 69/258/251 59/424/416 11/262/255
f 59/424/416 69/258/251 639/257/250
f 188/260/253 59/424/416 73/425/417
f 59/424/416 676/252/245 73/425/417
f 59/424/416 446/132/128 676/252/245
f 59/424/416 639/257/250 446/132/128
f 380/426/418 485/427/419 654/133/129
f 380/426/418 450/259/252 246/261/254
f 654/133/129 439/428/420 187/134/130
f 485/427/419 439/428/420 654/133/129
f 439/428/420 410/255/248 187/134/130
f 439/428/420 485/427/419 410/255/248
f 289/254/247 325/429/421 536/256/249
f 416/413/405 325/429/421 246/261/254
f 325/429/421 289/254/247 410/255/248
f 485/427/419 325/429/421 410/255/248
f 325/429/421 380/426/418 246/261/254
f 380/426/418 325/429/421 485/427/419
f 380/426/418 637/430/422 450/259/252
f 69/258/251 637/430/422 404/131/127
f 637/430/422 654/133/129 404/131/127
f 637/430/422 380/426/418 654/133/129
f 574/431/423 188/260/253 73/425/417
f 188/260/253 574/431/423 608/415/407
f 236/241/234 449/432/424 215/242/235
f 574/431/423 449/432/424 608/415/407
f 364/268/261 449/432/424 236/241/234
f 449/432/424 364/268/261 608/415/407
f 208/433/425 467/266/259 103/265/258
f 500/434/426 27/251/244 317/88/84
f 27/251/244 500/434/426 676/252/245
f 676/252/245 500/434/426 73/425/417
f 500/434/426 574/431/423 73/425/417
f 174/435/427 352/436/428 38/437/362
f 347/438/429 599/439/430 38/437/362
f 223/264/257 599/439/430 103/265/258
f 611/277/270 672/440/431 2/77/73
f 2/77/73 672/440/431 47/71/67
f 672/440/431 376/417/409 47/71/67
f 572/441/432 184/285/278 166/287/280
f 184/285/278 572/441/432 303/278/271
f 303/278/271 315/442/433 616/135/131
f 104/279/272 649/443/434 332/280/273
f 332/280/273 269/444/435 66/276/269
f 269/444/435 184/285/278 66/276/269
f 269/444/435 34/286/279 184/285/278
f 121/445/436 269/444/435 332/280/273
f 269/444/435 121/445/436 34/286/279
f 567/446/437 612/288/281 334/213/206
f 567/446/437 597/387/379 193/389/381
f 597/387/379 567/446/437 334/213/206
f 567/446/437 664/447/438 612/288/281
f 664/447/438 309/448/439 349/449/440
f 634/450/441 309/448/439 392/451/442
f 309/448/439 634/450/441 349/449/440
f 567/446/437 98/452/443 664/447/438
f 617/453/444 6/396/388 139/398/390
f 668/454/445 386/455/446 349/449/440
f 135/456/447 592/457/448 195/274/267
f 455/273/266 19/458/449 195/274/267
f 273/459/450 394/460/451 675/461/452
f 34/286/279 394/460/451 166/287/280
f 634/450/441 340/462/453 57/463/454
f 340/462/453 535/464/455 57/463/454
f 544/292/285 326/465/456 173/156/152
f 326/465/456 83/157/153 173/156/152
f 326/465/456 162/298/291 245/152/148
f 436/155/151 326/465/456 645/154/150
f 83/157/153 326/465/456 436/155/151
f 564/313/306 326/465/456 245/152/148
f 326/465/456 564/313/306 645/154/150
f 563/311/304 570/466/457 656/293/286
f 570/466/457 452/294/287 656/293/286
f 452/294/287 570/466/457 534/297/290
f 534/297/290 570/466/457 182/149/145
f 570/466/457 85/148/144 182/149/145
f 85/148/144 570/466/457 249/312/305
f 570/466/457 563/311/304 249/312/305
f 218/467/458 452/294/287 628/296/289
f 452/294/287 218/467/458 471/295/288
f 218/467/458 296/299/292 162/298/291
f 296/299/292 218/467/458 628/296/289
f 622/468/459 313/388/380 253/28/27
f 240/303/296 622/468/459 253/28/27
f 418/469/460 483/304/297 350/245/238
f 418/469/460 478/137/133 565/136/132
f 413/300/293 418/469/460 350/245/238
f 418/469/460 413/300/293 478/137/133
f 120/470/461 565/136/132 696/138/134
f 98/452/443 120/470/461 696/138/134
f 537/471/462 240/303/296 86/302/295
f 460/305/298 537/471/462 86/302/295
f 643/472/463 203/91/87 238/11/10
f 295/309/302 643/472/463 238/11/10
f 643/472/463 400/143/139 203/91/87
f 643/472/463 295/309/302 400/143/139
f 296/299/292 202/473/464 237/150/146
f 202/473/464 391/315/308 237/150/146
f 202/473/464 296/299/292 628/296/289
f 202/473/464 628/296/289 182/149/145
f 391/315/308 202/473/464 182/149/145
f 1/319/312 17/474/465 466/164/160
f 17/474/465 631/185/181 590/328/321
f 631/185/181 17/474/465 114/186/182
f 17/474/465 1/319/312 114/186/182
f 298/326/319 17/474/465 590/328/321
f 17/474/465 298/326/319 466/164/160
f 670/475/466 252/352/344 114/186/182
f 1/319/312 670/475/466 114/186/182
f 670/475/466 1/319/312 151/320/313
f 172/353/345 670/475/466 151/320/313
f 670/475/466 172/353/345 252/352/344
f 31/476/467 8/169/165 285/327/320
f 31/476/467 506/321/314 8/169/165
f 31/476/467 285/327/320 261/19/18
f 60/477/468 624/478/469 576/479/470
f 50/480/471 624/478/469 249/312/305
f 624/478/469 50/480/471 576/479/470
f 624/478/469 85/148/144 249/312/305
f 624/478/469 505/323/316 85/148/144
f 624/478/469 60/477/468 505/323/316
f 8/169/165 24/481/472 644/99/95
f 475/325/318 24/481/472 8/169/165
f 644/99/95 24/481/472 497/47/45
f 24/481/472 475/325/318 497/47/45
f 67/482/473 370/483/474 127/484/475
f 370/483/474 67/482/473 9/344/337
f 370/483/474 9/344/337 613/111/107
f 230/178/174 595/485/476 690/179/175
f 109/182/178 595/485/476 230/178/174
f 276/338/331 583/486/477 421/337/330
f 583/486/477 440/369/361 421/337/330
f 440/369/361 583/486/477 189/329/322
f 189/329/322 583/486/477 613/111/107
f 583/486/477 276/338/331 613/111/107
f 445/487/478 605/334/327 214/333/326
f 93/340/333 445/487/478 214/333/326
f 445/487/478 93/340/333 690/179/175
f 595/485/476 445/487/478 690/179/175
f 50/480/471 547/488/479 287/489/480
f 547/488/479 399/490/481 287/489/480
f 547/488/479 50/480/471 249/312/305
f 262/310/303 200/491/482 249/312/305
f 200/491/482 262/310/303 205/342/335
f 9/344/337 80/492/483 205/342/335
f 67/482/473 80/492/483 9/344/337
f 80/492/483 67/482/473 127/484/475
f 80/492/483 200/491/482 205/342/335
f 200/491/482 80/492/483 127/484/475
f 116/175/171 451/493/484 277/176/172
f 15/346/339 451/493/484 116/175/171
f 451/493/484 15/346/339 128/347/340
f 532/349/48 451/493/484 128/347/340
f 277/176/172 451/493/484 532/349/48
f 113/494/485 578/184/180 114/186/182
f 42/355/347 113/494/485 114/186/182
f 113/494/485 42/355/347 23/180/176
f 667/187/183 168/495/486 25/20/19
f 168/495/486 532/349/48 25/20/19
f 168/495/486 665/348/341 532/349/48
f 516/322/315 661/496/487 151/320/313
f 331/354/346 652/497/488 689/498/489
f 172/353/345 652/497/488 331/354/346
f 42/355/347 433/499/490 23/180/176
f 23/180/176 433/499/490 230/178/174
f 433/499/490 42/355/347 252/352/344
f 348/500/491 288/207/200 549/368/360
f 288/207/200 348/500/491 614/115/111
f 294/61/57 186/501/492 551/212/205
f 186/501/492 294/61/57 601/27/26
f 94/108/104 186/501/492 601/27/26
f 517/203/196 319/502/493 679/204/197
f 10/366/358 319/502/493 517/203/196
f 319/502/493 311/401/393 679/204/197
f 319/502/493 10/366/358 526/110/106
f 136/109/105 319/502/493 526/110/106
f 311/401/393 319/502/493 136/109/105
f 577/503/494 84/367/359 170/205/198
f 84/367/359 577/503/494 95/363/355
f 95/363/355 577/503/494 388/362/354
f 46/406/398 577/503/494 170/205/198
f 577/503/494 46/406/398 388/362/354
f 84/367/359 453/504/495 549/368/360
f 453/504/495 84/367/359 95/363/355
f 453/504/495 16/505/496 549/368/360
f 671/506/497 657/332/325 379/370/362
f 308/371/363 671/506/497 379/370/362
f 671/506/497 308/371/363 76/373/365
f 70/379/371 671/506/497 456/507/498
f 671/506/497 523/377/369 657/332/325
f 671/506/497 70/379/371 523/377/369
f 159/117/113 609/508/499 559/208/201
f 553/374/366 609/508/499 159/117/113
f 609/508/499 124/375/367 559/208/201
f 609/508/499 553/374/366 463/372/364
f 124/375/367 609/508/499 463/372/364
f 393/509/500 124/375/367 568/202/195
f 124/375/367 393/509/500 422/365/357
f 422/365/357 393/509/500 562/95/91
f 562/95/91 393/509/500 596/96/92
f 393/509/500 568/202/195 596/96/92
f 406/120/116 327/510/501 409/192/188
f 327/510/501 51/378/370 409/192/188
f 51/378/370 327/510/501 456/507/498
f 327/510/501 70/379/371 456/507/498
f 328/191/187 414/511/502 530/190/186
f 51/378/370 414/511/502 328/191/187
f 414/511/502 51/378/370 456/507/498
f 279/380/372 420/512/503 324/121/117
f 420/512/503 279/380/372 448/211/204
f 192/270/263 420/512/503 401/224/217
f 324/121/117 420/512/503 132/26/25
f 454/513/504 420/514/503 192/515/263
f 248/381/373 602/516/505 507/385/377
f 602/516/505 248/381/373 235/382/374
f 46/406/398 602/516/505 235/382/374
f 602/516/505 46/406/398 496/517/506
f 344/518/507 248/381/373 507/385/377
f 318/383/375 344/518/507 507/385/377
f 344/518/507 318/383/375 248/381/373
f 153/519/508 390/386/378 507/385/377
f 153/519/508 602/516/505 233/217/210
f 602/516/505 153/519/508 507/385/377
f 390/386/378 153/519/508 217/520/509
f 153/519/508 164/216/209 217/520/509
f 164/216/209 153/519/508 233/217/210
f 688/394/386 283/521/510 490/289/282
f 283/521/510 593/390/382 490/289/282
f 283/521/510 688/394/386 371/215/208
f 593/390/382 283/521/510 371/215/208
f 18/391/383 97/522/511 139/398/390
f 97/522/511 617/453/444 139/398/390
f 617/453/444 97/522/511 293/523/512
f 18/391/383 610/524/513 541/392/384
f 610/524/513 695/393/385 541/392/384
f 610/524/513 18/391/383 139/398/390
f 695/393/385 610/524/513 139/398/390
f 695/393/385 343/525/514 395/405/397
f 108/397/389 343/525/514 695/393/385
f 82/526/515 52/225/218 529/218/211
f 82/526/515 678/399/391 52/225/218
f 489/527/516 419/214/207 371/215/208
f 695/393/385 489/527/516 371/215/208
f 243/404/396 489/527/516 695/393/385
f 489/527/516 144/402/394 419/214/207
f 489/527/516 243/404/396 144/402/394
f 679/204/197 411/528/517 170/205/198
f 411/528/517 46/406/398 170/205/198
f 411/528/517 679/204/197 495/403/395
f 232/529/518 411/528/517 495/403/395
f 46/406/398 387/530/519 496/517/506
f 387/530/519 232/529/518 496/517/506
f 411/528/517 387/530/519 46/406/398
f 387/530/519 411/528/517 232/529/518
f 213/531/520 416/413/405 246/261/254
f 426/410/402 213/531/520 227/411/403
f 224/532/521 364/268/261 79/269/262
f 224/532/521 81/414/406 364/268/261
f 201/239/232 224/532/521 79/269/262
f 227/411/403 224/532/521 201/239/232
f 81/414/406 224/532/521 227/411/403
f 81/414/406 648/533/522 608/415/407
f 648/533/522 81/414/406 227/411/403
f 417/534/523 566/240/233 521/284/277
f 377/535/524 417/534/523 521/284/277
f 417/534/523 377/535/524 687/536/525
f 377/535/524 169/281/274 179/236/229
f 687/536/525 377/535/524 179/236/229
f 427/537/526 354/232/225 538/235/228
f 427/537/526 78/230/223 354/232/225
f 78/230/223 427/537/526 408/127/123
f 427/537/526 179/236/229 408/127/123
f 394/460/451 91/538/527 675/461/452
f 121/445/436 91/538/527 34/286/279
f 91/538/527 394/460/451 34/286/279
f 566/240/233 375/539/528 521/284/277
f 375/539/528 647/282/275 521/284/277
f 554/540/529 697/416/408 647/282/275
f 554/540/529 185/541/530 697/416/408
f 375/539/528 554/540/529 647/282/275
f 536/256/249 206/542/531 520/38/36
f 206/542/531 22/423/415 520/38/36
f 206/542/531 26/421/413 488/253/246
f 22/423/415 206/542/531 488/253/246
f 524/543/532 488/253/246 550/42/40
f 22/423/415 524/543/532 550/42/40
f 524/543/532 22/423/415 488/253/246
f 26/421/413 681/544/533 416/413/405
f 681/544/533 325/429/421 416/413/405
f 206/542/531 681/544/533 26/421/413
f 325/429/421 681/544/533 536/256/249
f 681/544/533 206/542/531 536/256/249
f 450/259/252 367/545/534 11/262/255
f 637/430/422 367/545/534 450/259/252
f 367/545/534 69/258/251 11/262/255
f 367/545/534 637/430/422 69/258/251
f 519/546/535 101/547/536 461/548/3
f 101/547/536 87/33/1 461/548/3
f 87/33/1 101/547/536 618/85/81
f 642/549/537 449/432/424 574/431/423
f 642/549/537 329/267/260 467/266/259
f 500/434/426 642/549/537 574/431/423
f 329/267/260 642/549/537 317/88/84
f 642/549/537 500/434/426 317/88/84
f 208/433/425 575/550/538 467/266/259
f 575/550/538 642/549/537 467/266/259
f 642/549/537 575/550/538 449/432/424
f 449/432/424 575/550/538 215/242/235
f 575/550/538 208/433/425 215/242/235
f 174/435/427 396/551/539 519/546/535
f 396/551/539 101/547/536 519/546/535
f 101/547/536 396/551/539 286/552/540
f 167/553/541 174/435/427 38/437/362
f 599/439/430 167/553/541 38/437/362
f 167/553/541 599/439/430 286/552/540
f 396/551/539 167/553/541 286/552/540
f 167/553/541 396/551/539 174/435/427
f 272/554/542 700/272/265 195/274/267
f 592/457/448 272/554/542 195/274/267
f 271/555/543 89/556/544 662/557/545
f 271/555/543 272/554/542 89/556/544
f 272/554/542 271/555/543 65/558/546
f 271/555/543 650/559/547 65/558/546
f 599/439/430 685/560/548 103/265/258
f 685/560/548 599/439/430 347/438/429
f 685/560/548 347/438/429 215/242/235
f 208/433/425 685/560/548 215/242/235
f 685/560/548 208/433/425 103/265/258
f 599/439/430 587/561/549 286/552/540
f 101/547/536 587/561/549 618/85/81
f 587/561/549 101/547/536 286/552/540
f 587/561/549 223/264/257 618/85/81
f 587/561/549 599/439/430 223/264/257
f 259/562/550 454/563/504 192/270/263
f 700/272/265 119/564/551 455/273/266
f 454/563/504 119/564/551 545/565/552
f 272/554/542 119/564/551 700/272/265
f 494/566/553 21/567/554 89/556/544
f 21/567/554 494/566/553 146/568/555
f 494/566/553 135/456/447 146/568/555
f 135/456/447 494/566/553 592/457/448
f 531/418/410 522/569/556 41/307/300
f 522/569/556 531/418/410 376/417/409
f 522/569/556 210/290/283 41/307/300
f 522/569/556 425/244/237 54/291/284
f 210/290/283 522/569/556 54/291/284
f 112/570/557 413/300/293 372/301/294
f 413/300/293 112/570/557 478/137/133
f 478/137/133 112/570/557 696/138/134
f 112/570/557 626/571/558 696/138/134
f 309/448/439 640/572/559 392/451/442
f 640/572/559 309/448/439 664/447/438
f 98/452/443 640/572/559 664/447/438
f 247/573/560 572/441/432 166/287/280
f 247/573/560 634/450/441 392/451/442
f 169/281/274 511/574/561 361/237/230
f 511/574/561 99/575/562 649/443/434
f 321/576/563 104/279/272 106/248/241
f 321/576/563 649/443/434 104/279/272
f 321/576/563 106/248/241 361/237/230
f 511/574/561 321/576/563 361/237/230
f 321/576/563 511/574/561 649/443/434
f 281/577/564 567/446/437 193/389/381
f 281/577/564 98/452/443 567/446/437
f 120/470/461 281/577/564 193/389/381
f 281/577/564 120/470/461 98/452/443
f 556/578/565 108/397/389 6/396/388
f 150/579/566 556/578/565 465/580/567
f 100/581/568 459/582/569 280/221/214
f 459/582/569 607/219/212 280/221/214
f 607/219/212 459/582/569 355/223/216
f 345/583/570 617/453/444 465/580/567
f 617/453/444 345/583/570 6/396/388
f 12/584/571 668/454/445 349/449/440
f 12/584/571 634/450/441 57/463/454
f 634/450/441 12/584/571 349/449/440
f 548/585/572 617/453/444 293/523/512
f 617/453/444 548/585/572 465/580/567
f 548/585/572 155/586/573 465/580/567
f 386/455/446 487/587/574 349/449/440
f 487/587/574 664/447/438 349/449/440
f 664/447/438 487/587/574 612/288/281
f 612/288/281 487/587/574 490/289/282
f 487/587/574 386/455/446 293/523/512
f 97/522/511 487/587/574 293/523/512
f 487/587/574 18/391/383 490/289/282
f 487/587/574 97/522/511 18/391/383
f 459/582/569 378/588/575 355/223/216
f 378/588/575 459/582/569 37/589/576
f 137/590/577 378/588/575 320/591/578
f 378/588/575 476/222/215 355/223/216
f 378/588/575 137/590/577 476/222/215
f 89/556/544 216/592/579 662/557/545
f 21/567/554 216/592/579 89/556/544
f 216/592/579 185/541/530 662/557/545
f 216/592/579 21/567/554 185/541/530
f 56/593/580 273/459/450 675/461/452
f 260/594/581 131/595/582 146/568/555
f 394/460/451 130/596/583 166/287/280
f 130/596/583 394/460/451 273/459/450
f 340/462/453 560/597/584 535/464/455
f 560/597/584 130/596/583 273/459/450
f 341/598/585 218/467/458 162/298/291
f 341/598/585 460/305/298 86/302/295
f 460/305/298 341/598/585 544/292/285
f 326/465/456 341/598/585 162/298/291
f 341/598/585 326/465/456 544/292/285
f 266/599/586 86/302/295 471/295/288
f 218/467/458 266/599/586 471/295/288
f 266/599/586 341/598/585 86/302/295
f 341/598/585 266/599/586 218/467/458
f 120/470/461 604/600/587 565/136/132
f 604/600/587 120/470/461 483/304/297
f 604/600/587 418/469/460 565/136/132
f 418/469/460 604/600/587 483/304/297
f 472/601/588 622/468/459 240/303/296
f 537/471/462 472/601/588 240/303/296
f 458/602/589 537/471/462 460/305/298
f 458/602/589 460/305/298 483/304/297
f 120/470/461 458/602/589 483/304/297
f 458/602/589 120/470/461 193/389/381
f 313/388/380 458/602/589 193/389/381
f 458/602/589 472/601/588 537/471/462
f 622/468/459 458/602/589 313/388/380
f 472/601/588 458/602/589 622/468/459
f 525/603/590 31/476/467 261/19/18
f 31/476/467 525/603/590 506/321/314
f 509/100/96 525/603/590 261/19/18
f 506/321/314 525/603/590 509/100/96
f 291/604/591 652/497/488 172/353/345
f 291/604/591 661/496/487 516/322/315
f 50/480/471 291/604/591 576/479/470
f 291/604/591 50/480/471 287/489/480
f 291/604/591 287/489/480 689/498/489
f 652/497/488 291/604/591 689/498/489
f 636/605/592 60/477/468 576/479/470
f 291/604/591 636/605/592 576/479/470
f 636/605/592 291/604/591 510/606/593
f 636/605/592 510/606/593 123/44/42
f 307/101/97 636/605/592 123/44/42
f 505/323/316 636/605/592 307/101/97
f 600/607/594 516/322/315 473/167/163
f 600/607/594 291/604/591 516/322/315
f 291/604/591 600/607/594 510/606/593
f 435/608/595 605/334/327 241/181/177
f 605/334/327 435/608/595 693/335/328
f 435/608/595 276/338/331 693/335/328
f 276/338/331 435/608/595 613/111/107
f 435/608/595 370/483/474 613/111/107
f 129/609/596 241/181/177 501/183/179
f 129/609/596 435/608/595 241/181/177
f 435/608/595 129/609/596 370/483/474
f 129/609/596 331/354/346 689/498/489
f 287/489/480 129/609/596 689/498/489
f 399/490/481 129/609/596 287/489/480
f 129/609/596 399/490/481 127/484/475
f 370/483/474 129/609/596 127/484/475
f 605/334/327 92/610/597 241/181/177
f 445/487/478 92/610/597 605/334/327
f 92/610/597 109/182/178 241/181/177
f 92/610/597 595/485/476 109/182/178
f 92/610/597 445/487/478 595/485/476
f 547/488/479 264/611/598 399/490/481
f 399/490/481 264/611/598 127/484/475
f 264/611/598 200/491/482 127/484/475
f 264/611/598 547/488/479 249/312/305
f 200/491/482 264/611/598 249/312/305
f 113/494/485 250/612/599 578/184/180
f 250/612/599 168/495/486 578/184/180
f 168/495/486 250/612/599 665/348/341
f 665/348/341 250/612/599 225/177/173
f 250/612/599 23/180/176 225/177/173
f 250/612/599 113/494/485 23/180/176
f 168/495/486 171/613/600 578/184/180
f 171/613/600 168/495/486 667/187/183
f 171/613/600 581/351/343 578/184/180
f 171/613/600 667/187/183 479/45/43
f 581/351/343 171/613/600 479/45/43
f 433/499/490 366/614/601 230/178/174
f 109/182/178 366/614/601 501/183/179
f 366/614/601 109/182/178 230/178/174
f 620/615/602 348/500/491 549/368/360
f 620/615/602 549/368/360 72/358/350
f 412/359/351 620/615/602 651/200/193
f 383/357/349 620/615/602 72/358/350
f 620/615/602 383/357/349 651/200/193
f 348/500/491 77/616/603 614/115/111
f 614/115/111 77/616/603 499/116/112
f 77/616/603 620/615/602 412/359/351
f 620/615/602 77/616/603 348/500/491
f 77/616/603 149/199/192 499/116/112
f 77/616/603 412/359/351 149/199/192
f 16/505/496 429/617/604 549/368/360
f 429/617/604 16/505/496 186/501/492
f 549/368/360 429/617/604 72/358/350
f 429/617/604 94/108/104 72/358/350
f 429/617/604 186/501/492 94/108/104
f 442/361/353 297/618/605 95/363/355
f 297/618/605 453/504/495 95/363/355
f 297/618/605 442/361/353 551/212/205
f 186/501/492 297/618/605 551/212/205
f 16/505/496 297/618/605 186/501/492
f 453/504/495 297/618/605 16/505/496
f 374/619/606 406/120/116 384/119/115
f 374/619/606 327/510/501 406/120/116
f 327/510/501 374/619/606 70/379/371
f 125/172/168 374/619/606 384/119/115
f 70/379/371 374/619/606 125/172/168
f 403/620/607 414/511/502 456/507/498
f 671/506/497 403/620/607 456/507/498
f 403/620/607 671/506/497 76/373/365
f 147/209/202 403/620/607 7/114/110
f 403/620/607 147/209/202 530/190/186
f 414/511/502 403/620/607 530/190/186
f 7/114/110 403/620/607 306/118/114
f 403/620/607 76/373/365 306/118/114
f 683/621/608 390/386/378 217/520/509
f 420/512/503 683/621/608 401/224/217
f 164/216/209 683/621/608 217/520/509
f 52/225/218 683/621/608 164/216/209
f 683/621/608 362/407/399 401/224/217
f 362/407/399 683/621/608 52/225/218
f 36/622/609 343/525/514 108/397/389
f 343/525/514 635/623/610 395/405/397
f 232/529/518 635/623/610 678/399/391
f 395/405/397 635/623/610 495/403/395
f 635/623/610 232/529/518 495/403/395
f 290/624/611 602/516/505 496/517/506
f 232/529/518 290/624/611 496/517/506
f 290/624/611 232/529/518 678/399/391
f 82/526/515 290/624/611 678/399/391
f 175/625/612 426/410/402 416/413/405
f 213/531/520 175/625/612 416/413/405
f 175/625/612 213/531/520 426/410/402
f 188/260/253 157/626/613 246/261/254
f 157/626/613 213/531/520 246/261/254
f 157/626/613 188/260/253 608/415/407
f 648/533/522 157/626/613 608/415/407
f 213/531/520 157/626/613 227/411/403
f 157/626/613 648/533/522 227/411/403
f 589/627/614 417/534/523 687/536/525
f 589/627/614 427/537/526 538/235/228
f 566/240/233 178/628/615 79/269/262
f 417/534/523 178/628/615 566/240/233
f 178/628/615 201/239/232 79/269/262
f 178/628/615 140/238/231 201/239/232
f 480/629/616 687/536/525 179/236/229
f 427/537/526 480/629/616 179/236/229
f 480/629/616 589/627/614 687/536/525
f 589/627/614 480/629/616 427/537/526
f 697/416/408 546/630/617 680/283/276
f 546/630/617 91/538/527 680/283/276
f 91/538/527 546/630/617 675/461/452
f 185/541/530 546/630/617 697/416/408
f 272/554/542 508/631/618 89/556/544
f 508/631/618 272/554/542 592/457/448
f 508/631/618 494/566/553 89/556/544
f 494/566/553 508/631/618 592/457/448
f 265/632/619 272/554/542 65/558/546
f 222/633/620 265/632/619 65/558/546
f 119/564/551 265/632/619 545/565/552
f 265/632/619 119/564/551 272/554/542
f 650/559/547 398/634/621 65/558/546
f 398/634/621 222/633/620 65/558/546
f 347/438/429 641/635/622 215/242/235
f 271/555/543 641/635/622 650/559/547
f 336/636/623 259/562/550 192/270/263
f 259/562/550 431/637/624 454/563/504
f 119/564/551 431/637/624 455/273/266
f 431/637/624 119/564/551 454/563/504
f 431/637/624 336/636/623 455/273/266
f 336/636/623 431/637/624 259/562/550
f 672/440/431 107/638/625 376/417/409
f 107/638/625 522/569/556 376/417/409
f 603/639/626 247/573/560 166/287/280
f 603/639/626 340/462/453 634/450/441
f 247/573/560 603/639/626 634/450/441
f 33/640/627 247/573/560 392/451/442
f 247/573/560 33/640/627 572/441/432
f 626/571/558 102/641/628 696/138/134
f 102/641/628 98/452/443 696/138/134
f 102/641/628 640/572/559 98/452/443
f 377/535/524 62/642/629 169/281/274
f 62/642/629 99/575/562 169/281/274
f 680/283/276 62/642/629 521/284/277
f 62/642/629 377/535/524 521/284/277
f 28/643/630 121/445/436 332/280/273
f 649/443/434 28/643/630 332/280/273
f 99/575/562 28/643/630 649/443/434
f 28/643/630 91/538/527 121/445/436
f 99/575/562 405/644/631 169/281/274
f 405/644/631 511/574/561 169/281/274
f 511/574/561 405/644/631 99/575/562
f 498/645/632 459/582/569 100/581/568
f 556/578/565 498/645/632 100/581/568
f 498/645/632 556/578/565 150/579/566
f 459/582/569 498/645/632 37/589/576
f 586/646/633 556/578/565 6/396/388
f 345/583/570 586/646/633 6/396/388
f 556/578/565 586/646/633 465/580/567
f 586/646/633 345/583/570 465/580/567
f 535/464/455 423/647/634 57/463/454
f 155/586/573 423/647/634 535/464/455
f 155/586/573 300/648/635 465/580/567
f 304/649/636 220/650/637 316/271/264
f 220/650/637 74/651/638 58/652/639
f 74/651/638 220/650/637 304/649/636
f 137/590/577 74/651/638 476/222/215
f 74/651/638 304/649/636 316/271/264
f 401/224/217 74/651/638 316/271/264
f 74/651/638 401/224/217 476/222/215
f 504/653/640 378/588/575 37/589/576
f 378/588/575 504/653/640 320/591/578
f 504/653/640 302/654/641 320/591/578
f 191/655/642 260/594/581 365/656/643
f 191/655/642 56/593/580 260/594/581
f 56/593/580 191/655/642 273/459/450
f 191/655/642 560/597/584 273/459/450
f 21/567/554 477/657/644 185/541/530
f 477/657/644 21/567/554 146/568/555
f 131/595/582 477/657/644 146/568/555
f 546/630/617 477/657/644 675/461/452
f 477/657/644 546/630/617 185/541/530
f 477/657/644 56/593/580 675/461/452
f 56/593/580 381/658/645 260/594/581
f 381/658/645 131/595/582 260/594/581
f 477/657/644 381/658/645 56/593/580
f 381/658/645 477/657/644 131/595/582
f 260/594/581 29/659/646 365/656/643
f 29/659/646 191/655/642 365/656/643
f 267/660/647 302/654/641 58/652/639
f 302/654/641 267/660/647 320/591/578
f 74/651/638 267/660/647 58/652/639
f 267/660/647 137/590/577 320/591/578
f 267/660/647 74/651/638 137/590/577
f 302/654/641 310/661/648 58/652/639
f 310/661/648 302/654/641 625/662/649
f 623/663/650 560/597/584 340/462/453
f 560/597/584 623/663/650 130/596/583
f 603/639/626 623/663/650 340/462/453
f 130/596/583 623/663/650 166/287/280
f 623/663/650 603/639/626 166/287/280
f 333/664/651 291/604/591 172/353/345
f 291/604/591 333/664/651 661/496/487
f 333/664/651 172/353/345 151/320/313
f 661/496/487 333/664/651 151/320/313
f 60/477/468 165/665/652 505/323/316
f 165/665/652 636/605/592 505/323/316
f 636/605/592 165/665/652 60/477/468
f 486/168/164 627/666/653 473/167/163
f 627/666/653 600/607/594 473/167/163
f 627/666/653 486/168/164 123/44/42
f 510/606/593 627/666/653 123/44/42
f 682/667/654 366/614/601 433/499/490
f 682/667/654 252/352/344 331/354/346
f 682/667/654 433/499/490 252/352/344
f 366/614/601 682/667/654 501/183/179
f 682/667/654 129/609/596 501/183/179
f 129/609/596 682/667/654 331/354/346
f 683/621/608 142/668/655 390/386/378
f 142/668/655 683/621/608 420/512/503
f 390/386/378 142/668/655 666/384/376
f 142/668/655 448/211/204 666/384/376
f 142/668/655 420/512/503 448/211/204
f 115/669/656 36/622/609 555/670/657
f 36/622/609 115/669/656 343/525/514
f 115/669/656 635/623/610 343/525/514
f 556/578/565 68/671/658 108/397/389
f 68/671/658 36/622/609 108/397/389
f 68/671/658 556/578/565 100/581/568
f 68/671/658 100/581/568 280/221/214
f 474/220/213 68/671/658 280/221/214
f 133/400/392 68/671/658 474/220/213
f 602/516/505 588/672/659 233/217/210
f 290/624/611 588/672/659 602/516/505
f 233/217/210 588/672/659 529/218/211
f 588/672/659 82/526/515 529/218/211
f 588/672/659 290/624/611 82/526/515
f 140/238/231 239/673/660 538/235/228
f 178/628/615 239/673/660 140/238/231
f 239/673/660 178/628/615 417/534/523
f 239/673/660 589/627/614 538/235/228
f 589/627/614 239/673/660 417/534/523
f 265/632/619 96/674/661 545/565/552
f 96/674/661 265/632/619 222/633/620
f 96/674/661 454/563/504 545/565/552
f 96/674/661 420/512/503 454/563/504
f 156/675/662 650/559/547 352/436/428
f 156/675/662 398/634/621 650/559/547
f 174/435/427 156/675/662 352/436/428
f 222/633/620 156/675/662 174/435/427
f 398/634/621 156/675/662 222/633/620
f 653/676/663 641/635/622 271/555/543
f 653/676/663 271/555/543 662/557/545
f 185/541/530 653/676/663 662/557/545
f 554/540/529 653/676/663 185/541/530
f 369/677/664 554/540/529 375/539/528
f 369/677/664 653/676/663 554/540/529
f 369/677/664 566/240/233 215/242/235
f 369/677/664 375/539/528 566/240/233
f 219/678/665 641/635/622 347/438/429
f 641/635/622 219/678/665 650/559/547
f 219/678/665 347/438/429 38/437/362
f 352/436/428 219/678/665 38/437/362
f 650/559/547 219/678/665 352/436/428
f 322/679/666 672/440/431 611/277/270
f 322/679/666 107/638/625 672/440/431
f 492/680/667 322/679/666 611/277/270
f 322/679/666 492/680/667 626/571/558
f 522/569/556 582/681/668 425/244/237
f 107/638/625 582/681/668 522/569/556
f 425/244/237 582/681/668 372/301/294
f 582/681/668 322/679/666 626/571/558
f 322/679/666 582/681/668 107/638/625
f 582/681/668 112/570/557 372/301/294
f 112/570/557 582/681/668 626/571/558
f 4/682/669 492/680/667 611/277/270
f 4/682/669 611/277/270 616/135/131
f 315/442/433 4/682/669 616/135/131
f 4/682/669 117/683/670 492/680/667
f 91/538/527 330/684/671 680/283/276
f 28/643/630 330/684/671 91/538/527
f 330/684/671 62/642/629 680/283/276
f 62/642/629 330/684/671 99/575/562
f 330/684/671 28/643/630 99/575/562
f 548/585/572 542/685/672 155/586/573
f 542/685/672 386/455/446 668/454/445
f 386/455/446 542/685/672 293/523/512
f 542/685/672 548/585/572 293/523/512
f 211/686/673 150/579/566 465/580/567
f 300/648/635 211/686/673 465/580/567
f 211/686/673 300/648/635 625/662/649
f 302/654/641 211/686/673 625/662/649
f 498/645/632 211/686/673 37/589/576
f 211/686/673 498/645/632 150/579/566
f 211/686/673 504/653/640 37/589/576
f 504/653/640 211/686/673 302/654/641
f 284/687/674 155/586/573 535/464/455
f 560/597/584 284/687/674 535/464/455
f 191/655/642 284/687/674 560/597/584
f 29/659/646 284/687/674 191/655/642
f 263/688/675 29/659/646 260/594/581
f 29/659/646 263/688/675 684/689/676
f 263/688/675 260/594/581 146/568/555
f 135/456/447 263/688/675 146/568/555
f 684/689/676 263/688/675 19/458/449
f 263/688/675 135/456/447 195/274/267
f 19/458/449 263/688/675 195/274/267
f 305/690/677 220/650/637 58/652/639
f 310/661/648 305/690/677 58/652/639
f 220/650/637 305/690/677 316/271/264
f 300/648/635 163/691/678 625/662/649
f 600/607/594 515/692/679 510/606/593
f 515/692/679 627/666/653 510/606/593
f 627/666/653 515/692/679 600/607/594
f 579/693/680 115/669/656 555/670/657
f 115/669/656 579/693/680 635/623/610
f 635/623/610 579/693/680 678/399/391
f 678/399/391 579/693/680 133/400/392
f 36/622/609 49/694/681 555/670/657
f 68/671/658 49/694/681 36/622/609
f 49/694/681 579/693/680 555/670/657
f 49/694/681 68/671/658 133/400/392
f 579/693/680 49/694/681 133/400/392
f 653/676/663 258/695/682 641/635/622
f 369/677/664 258/695/682 653/676/663
f 641/635/622 258/695/682 215/242/235
f 258/695/682 369/677/664 215/242/235
f 33/640/627 118/696/683 572/441/432
f 30/697/684 33/640/627 392/451/442
f 503/698/685 30/697/684 392/451/442
f 209/699/686 30/697/684 503/698/685
f 30/697/684 118/696/683 33/640/627
f 118/696/683 30/697/684 209/699/686
f 61/700/687 118/696/683 209/699/686
f 61/700/687 4/682/669 315/442/433
f 61/700/687 117/683/670 4/682/669
f 61/700/687 315/442/433 303/278/271
f 572/441/432 61/700/687 303/278/271
f 118/696/683 61/700/687 572/441/432
f 226/701/688 209/699/686 503/698/685
f 117/683/670 226/701/688 503/698/685
f 226/701/688 61/700/687 209/699/686
f 61/700/687 226/701/688 117/683/670
f 13/702/689 117/683/670 503/698/685
f 13/702/689 102/641/628 626/571/558
f 492/680/667 13/702/689 626/571/558
f 117/683/670 13/702/689 492/680/667
f 629/703/690 423/647/634 155/586/573
f 542/685/672 629/703/690 155/586/573
f 629/703/690 542/685/672 668/454/445
f 12/584/571 629/703/690 668/454/445
f 629/703/690 12/584/571 57/463/454
f 423/647/634 629/703/690 57/463/454
f 621/704/691 684/689/676 19/458/449
f 621/704/691 152/705/692 684/689/676
f 180/706/693 310/661/648 625/662/649
f 163/691/678 180/706/693 625/662/649
f 180/706/693 305/690/677 310/661/648
f 301/707/694 163/691/678 300/648/635
f 301/707/694 300/648/635 155/586/573
f 284/687/674 301/707/694 155/586/573
f 314/708/695 503/698/685 392/451/442
f 314/708/695 13/702/689 503/698/685
f 640/572/559 314/708/695 392/451/442
f 102/641/628 314/708/695 640/572/559
f 13/702/689 314/708/695 102/641/628
f 686/709/696 163/691/678 152/705/692
f 686/709/696 180/706/693 163/691/678
f 621/704/691 686/709/696 152/705/692
f 686/709/696 621/704/691 19/458/449
f 686/709/696 19/458/449 455/273/266
f 242/710/697 301/707/694 284/687/674
f 163/691/678 242/710/697 152/705/692
f 301/707/694 242/710/697 163/691/678
f 686/709/696 443/711/698 180/706/693
f 305/690/677 443/711/698 316/271/264
f 180/706/693 443/711/698 305/690/677
f 443/711/698 686/709/696 455/273/266
f 336/636/623 443/711/698 455/273/266
f 443/711/698 192/270/263 316/271/264
f 443/711/698 336/636/623 192/270/263
f 134/712/699 242/710/697 284/687/674
f 242/710/697 134/712/699 152/705/692
f 152/705/692 134/712/699 684/689/676
f 134/712/699 29/659/646 684/689/676
f 134/712/699 284/687/674 29/659/646
